2026-03-26 12:22:12,539 - INFO - Results will be saved to: results/aws_p4de_A100_80gb/tp8-pp2-2x_p4de_24xlarge-20260326_122212
2026-03-26 12:22:12,540 - INFO - 📋 Copied benchmark_client.py to roofline_benchmarks/
2026-03-26 12:22:12,540 - INFO - 📋 Copied prometheus_parser.py to roofline_benchmarks/
2026-03-26 12:22:12,540 - INFO - 🚀 Launching rf-qwen3-235b-a22b-tp8pp2-A100-80gb...
2026-03-26 12:22:12,540 - INFO - YAML to run: roofline_benchmarks/rf-qwen3-235b-a22b-tp8pp2-A100-80gb.yaml
2026-03-26 12:22:12,540 - INFO - Running on cluster: rf-qwen3-235b-a22b-tp8pp2-A100-80gb
2026-03-26 12:22:13,420 - INFO - YAML to run: roofline_benchmarks/rf-qwen3-235b-a22b-tp8pp2-A100-80gb.yaml
2026-03-26 12:22:13,515 - INFO - Running on cluster: rf-qwen3-235b-a22b-tp8pp2-A100-80gb
2026-03-26 12:22:14,528 - INFO - [33mLaunching a spot job that does not automatically recover from preemptions. To get automatic recovery, use managed job instead: [0m[1msky jobs launch[0m [33mor[0m [1msky.jobs.launch()[0m.
2026-03-26 12:22:14,528 - INFO - Considered resources (2 nodes):
2026-03-26 12:22:14,629 - INFO - ---------------------------------------------------------------------------------------------------
2026-03-26 12:22:14,629 - INFO -  INFRA                   INSTANCE              vCPUs   Mem(GB)   GPUS          COST ($)   CHOSEN
2026-03-26 12:22:14,629 - INFO - ---------------------------------------------------------------------------------------------------
2026-03-26 12:22:14,629 - INFO -  AWS (ap-northeast-1a)   p4de.24xlarge[Spot]   96      1152      A100-80GB:8   24.02      [32m   ✔[0m
2026-03-26 12:22:14,629 - INFO - ---------------------------------------------------------------------------------------------------
2026-03-26 12:22:14,629 - INFO - sky.exceptions.ResourcesUnavailableError: [33mFound no quota for p4de.24xlarge spot instances in region ap-northeast-1 in AWS. [0mTo request quotas, check the instruction: https://docs.skypilot.co/en/latest/cloud-setup/quota.html.
2026-03-26 12:22:14,732 - INFO - 
2026-03-26 12:22:14,732 - INFO - [0m[33m↺[0m Trying other potential resources.
2026-03-26 12:22:14,732 - INFO - Considered resources (2 nodes):
2026-03-26 12:22:15,334 - INFO - ---------------------------------------------------------------------------------------------------
2026-03-26 12:22:15,335 - INFO -  INFRA                   INSTANCE              vCPUs   Mem(GB)   GPUS          COST ($)   CHOSEN
2026-03-26 12:22:15,335 - INFO - ---------------------------------------------------------------------------------------------------
2026-03-26 12:22:15,335 - INFO -  AWS (ap-northeast-1c)   p4de.24xlarge[Spot]   96      1152      A100-80GB:8   28.71      [32m   ✔[0m
2026-03-26 12:22:15,335 - INFO - ---------------------------------------------------------------------------------------------------
2026-03-26 12:22:15,335 - INFO - sky.exceptions.ResourcesUnavailableError: [33mFound no quota for p4de.24xlarge spot instances in region ap-northeast-1 in AWS. [0mTo request quotas, check the instruction: https://docs.skypilot.co/en/latest/cloud-setup/quota.html.
2026-03-26 12:22:15,437 - INFO - 
2026-03-26 12:22:15,437 - INFO - [0m[33m↺[0m Trying other potential resources.
2026-03-26 12:22:15,437 - INFO - Considered resources (2 nodes):
2026-03-26 12:22:16,041 - INFO - -------------------------------------------------------------------------------------------------
2026-03-26 12:22:16,041 - INFO -  INFRA                 INSTANCE              vCPUs   Mem(GB)   GPUS          COST ($)   CHOSEN
2026-03-26 12:22:16,041 - INFO - -------------------------------------------------------------------------------------------------
2026-03-26 12:22:16,041 - INFO -  AWS (eu-central-1c)   p4de.24xlarge[Spot]   96      1152      A100-80GB:8   29.85      [32m   ✔[0m
2026-03-26 12:22:16,041 - INFO - -------------------------------------------------------------------------------------------------
2026-03-26 12:22:16,041 - INFO - sky.exceptions.ResourcesUnavailableError: [33mFound no quota for p4de.24xlarge spot instances in region eu-central-1 in AWS. [0mTo request quotas, check the instruction: https://docs.skypilot.co/en/latest/cloud-setup/quota.html.
2026-03-26 12:22:16,243 - INFO - 
2026-03-26 12:22:16,243 - INFO - [0m[33m↺[0m Trying other potential resources.
2026-03-26 12:22:16,243 - INFO - Considered resources (2 nodes):
2026-03-26 12:22:17,150 - INFO - ----------------------------------------------------------------------------------------------
2026-03-26 12:22:17,150 - INFO -  INFRA              INSTANCE              vCPUs   Mem(GB)   GPUS          COST ($)   CHOSEN
2026-03-26 12:22:17,150 - INFO - ----------------------------------------------------------------------------------------------
2026-03-26 12:22:17,150 - INFO -  AWS (us-west-2c)   p4de.24xlarge[Spot]   96      1152      A100-80GB:8   32.16      [32m   ✔[0m
2026-03-26 12:22:17,150 - INFO - ----------------------------------------------------------------------------------------------
2026-03-26 12:22:17,150 - INFO - [33mInstance type p4de.24xlarge supports up to 4 EFA interfaces, but `use_internal_ips` is not enabled.
2026-03-26 12:22:18,765 - INFO - Launching with the current configuration will use only 1 EFA interface.
2026-03-26 12:22:18,765 - INFO - To use all 4 EFA interfaces, enable internal IPs by adding one of the following configurations to SkyPilot config:
2026-03-26 12:22:18,765 - INFO - Option 1 (with SSM):
2026-03-26 12:22:18,765 - INFO -   aws:
2026-03-26 12:22:18,765 - INFO -     use_internal_ips: true
2026-03-26 12:22:18,765 - INFO -     use_ssm: true
2026-03-26 12:22:18,765 - INFO - Option 2 (with SSH proxy):
2026-03-26 12:22:18,765 - INFO -   aws:
2026-03-26 12:22:18,765 - INFO -     use_internal_ips: true
2026-03-26 12:22:18,765 - INFO -     ssh_proxy_command: ssh -W %h:%p -i <ssh key path> -o StrictHostKeyChecking=no <user>@<jump server public ip>
2026-03-26 12:22:18,765 - INFO - Refer to https://docs.skypilot.co/en/latest/reference/config.html#aws-use-internal-ips for more details.[0m
2026-03-26 12:22:18,765 - INFO - [0m⚙︎ Launching on AWS us-west-2[0m (us-west-2c).
2026-03-26 12:22:39,435 - INFO - [2mW 03-26 12:22:39.335 PID=743527 instance.py:288] create_instances: Attempt failed with An error occurred (InsufficientInstanceCapacity) when calling the RunInstances operation (reached max retries: 0): We currently do not have sufficient p4de.24xlarge capacity in the Availability Zone you requested (us-west-2c). Our system will be working on provisioning additional capacity. You can currently get p4de.24xlarge capacity by not specifying an Availability Zone in your request or choosing us-west-2a, us-west-2b.[0m
2026-03-26 12:22:43,458 - INFO - AWS handler error: Failed to launch instances. Max attempts exceeded.
2026-03-26 12:22:43,658 - INFO - sky.exceptions.ResourcesUnavailableError: Failed to acquire resources in us-west-2c for {AWS(p4de.24xlarge[Spot], mem=64.0+, {'A100-80GB': 8}, network_tier=best, disk_size=1000)}.
2026-03-26 12:22:43,658 - INFO - 
2026-03-26 12:22:43,658 - INFO - [0m[33m↺[0m Trying other potential resources.
2026-03-26 12:22:43,658 - INFO - Considered resources (2 nodes):
2026-03-26 12:22:44,261 - INFO - -------------------------------------------------------------------------------------------------
2026-03-26 12:22:44,261 - INFO -  INFRA                 INSTANCE              vCPUs   Mem(GB)   GPUS          COST ($)   CHOSEN
2026-03-26 12:22:44,262 - INFO - -------------------------------------------------------------------------------------------------
2026-03-26 12:22:44,262 - INFO -  AWS (eu-central-1a)   p4de.24xlarge[Spot]   96      1152      A100-80GB:8   32.33      [32m   ✔[0m
2026-03-26 12:22:44,262 - INFO - -------------------------------------------------------------------------------------------------
2026-03-26 12:22:44,262 - INFO - sky.exceptions.ResourcesUnavailableError: [33mFound no quota for p4de.24xlarge spot instances in region eu-central-1 in AWS. [0mTo request quotas, check the instruction: https://docs.skypilot.co/en/latest/cloud-setup/quota.html.
2026-03-26 12:22:44,463 - INFO - 
2026-03-26 12:22:44,463 - INFO - [0m[33m↺[0m Trying other potential resources.
2026-03-26 12:22:44,464 - INFO - Considered resources (2 nodes):
2026-03-26 12:22:45,373 - INFO - ----------------------------------------------------------------------------------------------
2026-03-26 12:22:45,373 - INFO -  INFRA              INSTANCE              vCPUs   Mem(GB)   GPUS          COST ($)   CHOSEN
2026-03-26 12:22:45,373 - INFO - ----------------------------------------------------------------------------------------------
2026-03-26 12:22:45,373 - INFO -  AWS (us-west-2b)   p4de.24xlarge[Spot]   96      1152      A100-80GB:8   34.35      [32m   ✔[0m
2026-03-26 12:22:45,373 - INFO - ----------------------------------------------------------------------------------------------
2026-03-26 12:22:45,373 - INFO - [33mInstance type p4de.24xlarge supports up to 4 EFA interfaces, but `use_internal_ips` is not enabled.
2026-03-26 12:22:45,474 - INFO - Launching with the current configuration will use only 1 EFA interface.
2026-03-26 12:22:45,474 - INFO - To use all 4 EFA interfaces, enable internal IPs by adding one of the following configurations to SkyPilot config:
2026-03-26 12:22:45,474 - INFO - Option 1 (with SSM):
2026-03-26 12:22:45,474 - INFO -   aws:
2026-03-26 12:22:45,474 - INFO -     use_internal_ips: true
2026-03-26 12:22:45,474 - INFO -     use_ssm: true
2026-03-26 12:22:45,474 - INFO - Option 2 (with SSH proxy):
2026-03-26 12:22:45,474 - INFO -   aws:
2026-03-26 12:22:45,474 - INFO -     use_internal_ips: true
2026-03-26 12:22:45,474 - INFO -     ssh_proxy_command: ssh -W %h:%p -i <ssh key path> -o StrictHostKeyChecking=no <user>@<jump server public ip>
2026-03-26 12:22:45,474 - INFO - Refer to https://docs.skypilot.co/en/latest/reference/config.html#aws-use-internal-ips for more details.[0m
2026-03-26 12:22:45,474 - INFO - [0m⚙︎ Launching on AWS us-west-2[0m (us-west-2b).
2026-03-26 12:23:05,358 - INFO - [2mW 03-26 12:23:05.314 PID=743527 instance.py:288] create_instances: Attempt failed with An error occurred (InsufficientInstanceCapacity) when calling the RunInstances operation (reached max retries: 0): We currently do not have sufficient p4de.24xlarge capacity in the Availability Zone you requested (us-west-2b). Our system will be working on provisioning additional capacity. You can currently get p4de.24xlarge capacity by not specifying an Availability Zone in your request or choosing us-west-2a, us-west-2c.[0m
2026-03-26 12:23:08,485 - INFO - AWS handler error: Failed to launch instances. Max attempts exceeded.
2026-03-26 12:23:08,586 - INFO - sky.exceptions.ResourcesUnavailableError: Failed to acquire resources in us-west-2b for {AWS(p4de.24xlarge[Spot], mem=64.0+, {'A100-80GB': 8}, network_tier=best, disk_size=1000)}.
2026-03-26 12:23:08,586 - INFO - 
2026-03-26 12:23:08,688 - INFO - [0m[33m↺[0m Trying other potential resources.
2026-03-26 12:23:08,688 - INFO - Considered resources (2 nodes):
2026-03-26 12:23:09,492 - INFO - ----------------------------------------------------------------------------------------------
2026-03-26 12:23:09,492 - INFO -  INFRA              INSTANCE              vCPUs   Mem(GB)   GPUS          COST ($)   CHOSEN
2026-03-26 12:23:09,492 - INFO - ----------------------------------------------------------------------------------------------
2026-03-26 12:23:09,492 - INFO -  AWS (us-east-1a)   p4de.24xlarge[Spot]   96      1152      A100-80GB:8   36.92      [32m   ✔[0m
2026-03-26 12:23:09,492 - INFO - ----------------------------------------------------------------------------------------------
2026-03-26 12:23:09,493 - INFO - [33mInstance type p4de.24xlarge supports up to 4 EFA interfaces, but `use_internal_ips` is not enabled.
2026-03-26 12:23:10,601 - INFO - Launching with the current configuration will use only 1 EFA interface.
2026-03-26 12:23:10,601 - INFO - To use all 4 EFA interfaces, enable internal IPs by adding one of the following configurations to SkyPilot config:
2026-03-26 12:23:10,601 - INFO - Option 1 (with SSM):
2026-03-26 12:23:10,601 - INFO -   aws:
2026-03-26 12:23:10,601 - INFO -     use_internal_ips: true
2026-03-26 12:23:10,601 - INFO -     use_ssm: true
2026-03-26 12:23:10,601 - INFO - Option 2 (with SSH proxy):
2026-03-26 12:23:10,601 - INFO -   aws:
2026-03-26 12:23:10,601 - INFO -     use_internal_ips: true
2026-03-26 12:23:10,601 - INFO -     ssh_proxy_command: ssh -W %h:%p -i <ssh key path> -o StrictHostKeyChecking=no <user>@<jump server public ip>
2026-03-26 12:23:10,601 - INFO - Refer to https://docs.skypilot.co/en/latest/reference/config.html#aws-use-internal-ips for more details.[0m
2026-03-26 12:23:10,601 - INFO - [0m⚙︎ Launching on AWS us-east-1[0m (us-east-1a).
2026-03-26 12:23:50,367 - INFO - [33mInstance type p4de.24xlarge supports up to 4 EFA interfaces, but `use_internal_ips` is not enabled.
2026-03-26 12:24:58,396 - INFO - Launching with the current configuration will use only 1 EFA interface.
2026-03-26 12:24:58,396 - INFO - To use all 4 EFA interfaces, enable internal IPs by adding one of the following configurations to SkyPilot config:
2026-03-26 12:24:58,396 - INFO - Option 1 (with SSM):
2026-03-26 12:24:58,396 - INFO -   aws:
2026-03-26 12:24:58,396 - INFO -     use_internal_ips: true
2026-03-26 12:24:58,396 - INFO -     use_ssm: true
2026-03-26 12:24:58,396 - INFO - Option 2 (with SSH proxy):
2026-03-26 12:24:58,396 - INFO -   aws:
2026-03-26 12:24:58,396 - INFO -     use_internal_ips: true
2026-03-26 12:24:58,396 - INFO -     ssh_proxy_command: ssh -W %h:%p -i <ssh key path> -o StrictHostKeyChecking=no <user>@<jump server public ip>
2026-03-26 12:24:58,396 - INFO - Refer to https://docs.skypilot.co/en/latest/reference/config.html#aws-use-internal-ips for more details.[0m
2026-03-26 12:24:58,396 - INFO - [2m└── [0m[2mInstances are up.[0m
2026-03-26 12:25:45,196 - INFO - [0m[32m✓ Cluster launched: rf-qwen3-235b-a22b-tp8pp2-A100-80gb.[0m[0m  [2mView logs: [1msky logs --provision rf-qwen3-235b-a22b-tp8pp2-A100-80gb[0m[0m
2026-03-26 12:25:45,298 - INFO - [0m⚙︎ Syncing files.
2026-03-26 12:26:01,508 - INFO -   [33mThe size of workdir '/home/orange/Desktop/tandemn/tandemn-profiling/roofline/vllm' is 514 MB. Try to keep workdir small or use .skyignore to exclude large files, as large sizes will slow down rsync.[0m
2026-03-26 12:26:01,508 - INFO -   [2mSyncing workdir (to 2 nodes): /home/orange/Desktop/tandemn/tandemn-profiling/roofline/vllm -> ~/sky_workdir[0m
2026-03-26 12:26:01,508 - INFO - [0m[32m✓ Synced workdir.[0m[0m  [2mView logs: sky api logs -l sky-2026-03-26-12-22-13-583194/workdir_sync.log[0m
2026-03-26 12:26:06,237 - INFO - [0m[32m✓ Setup detached.[0m[0m
2026-03-26 12:26:10,666 - INFO - [0m⚙︎ Job submitted, ID: 1
2026-03-26 12:26:23,756 - INFO - [2m├── [0m[2mWaiting for task resources on 2 nodes.[0m
2026-03-26 12:26:23,959 - INFO - [2m└── [0mJob started. Streaming logs... [2m(Ctrl-C to exit log streaming; job will not be killed)[0m
2026-03-26 12:26:23,959 - INFO - [36m(setup pid=7141)[0m + GPU_TYPE=A100_80gb
2026-03-26 12:26:23,959 - INFO - [36m(setup pid=7141)[0m + IS_A100=true
2026-03-26 12:26:23,959 - INFO - [36m(setup pid=7141)[0m + echo 'GPU Type: A100_80gb, Is A100: true'
2026-03-26 12:26:23,959 - INFO - [36m(setup pid=7141)[0m GPU Type: A100_80gb, Is A100: true
2026-03-26 12:26:23,959 - INFO - [36m(setup pid=7141)[0m + echo '=== Initial System Diagnostics ==='
2026-03-26 12:26:23,959 - INFO - [36m(setup pid=7141)[0m === Initial System Diagnostics ===
2026-03-26 12:26:23,959 - INFO - [36m(setup pid=7141)[0m + echo 'Checking for NVIDIA driver...'
2026-03-26 12:26:23,959 - INFO - [36m(setup pid=7141)[0m Checking for NVIDIA driver...
2026-03-26 12:26:23,959 - INFO - [36m(setup pid=7141)[0m + nvidia-smi
2026-03-26 12:26:23,959 - INFO - [36m(setup pid=7141)[0m Thu Mar 26 06:56:15 2026
2026-03-26 12:26:23,959 - INFO - [36m(setup pid=7141)[0m +-----------------------------------------------------------------------------------------+
2026-03-26 12:26:23,959 - INFO - [36m(setup pid=7141)[0m | NVIDIA-SMI 570.172.08             Driver Version: 570.172.08     CUDA Version: 12.8     |
2026-03-26 12:26:23,959 - INFO - [36m(setup pid=7141)[0m |-----------------------------------------+------------------------+----------------------+
2026-03-26 12:26:23,959 - INFO - [36m(setup pid=7141)[0m | GPU  Name                 Persistence-M | Bus-Id          Disp.A | Volatile Uncorr. ECC |
2026-03-26 12:26:23,959 - INFO - [36m(setup pid=7141)[0m | Fan  Temp   Perf          Pwr:Usage/Cap |           Memory-Usage | GPU-Util  Compute M. |
2026-03-26 12:26:23,959 - INFO - [36m(setup pid=7141)[0m |                                         |                        |               MIG M. |
2026-03-26 12:26:23,959 - INFO - [36m(setup pid=7141)[0m |=========================================+========================+======================|
2026-03-26 12:26:23,959 - INFO - [36m(setup pid=7141)[0m |   0  NVIDIA A100-SXM4-80GB          On  |   00000000:10:1C.0 Off |                    0 |
2026-03-26 12:26:23,959 - INFO - [36m(setup pid=7141)[0m | N/A   24C    P0             63W /  400W |       0MiB /  81920MiB |      0%      Default |
2026-03-26 12:26:23,959 - INFO - [36m(setup pid=7141)[0m |                                         |                        |             Disabled |
2026-03-26 12:26:23,959 - INFO - [36m(setup pid=7141)[0m +-----------------------------------------+------------------------+----------------------+
2026-03-26 12:26:23,959 - INFO - [36m(setup pid=7141)[0m |   1  NVIDIA A100-SXM4-80GB          On  |   00000000:10:1D.0 Off |                    0 |
2026-03-26 12:26:23,959 - INFO - [36m(setup pid=7141)[0m | N/A   23C    P0             61W /  400W |       0MiB /  81920MiB |      0%      Default |
2026-03-26 12:26:23,959 - INFO - [36m(setup pid=7141)[0m |                                         |                        |             Disabled |
2026-03-26 12:26:23,959 - INFO - [36m(setup pid=7141)[0m +-----------------------------------------+------------------------+----------------------+
2026-03-26 12:26:23,959 - INFO - [36m(setup pid=7141)[0m |   2  NVIDIA A100-SXM4-80GB          On  |   00000000:20:1C.0 Off |                    0 |
2026-03-26 12:26:23,959 - INFO - [36m(setup pid=7141)[0m | N/A   25C    P0             59W /  400W |       0MiB /  81920MiB |      0%      Default |
2026-03-26 12:26:23,959 - INFO - [36m(setup pid=7141)[0m |                                         |                        |             Disabled |
2026-03-26 12:26:23,959 - INFO - [36m(setup pid=7141)[0m +-----------------------------------------+------------------------+----------------------+
2026-03-26 12:26:23,959 - INFO - [36m(setup pid=7141)[0m |   3  NVIDIA A100-SXM4-80GB          On  |   00000000:20:1D.0 Off |                    0 |
2026-03-26 12:26:23,959 - INFO - [36m(setup pid=7141)[0m | N/A   24C    P0             62W /  400W |       0MiB /  81920MiB |      0%      Default |
2026-03-26 12:26:23,959 - INFO - [36m(setup pid=7141)[0m |                                         |                        |             Disabled |
2026-03-26 12:26:23,959 - INFO - [36m(setup pid=7141)[0m +-----------------------------------------+------------------------+----------------------+
2026-03-26 12:26:23,960 - INFO - [36m(setup pid=7141)[0m |   4  NVIDIA A100-SXM4-80GB          On  |   00000000:90:1C.0 Off |                    0 |
2026-03-26 12:26:23,960 - INFO - [36m(setup pid=7141)[0m | N/A   24C    P0             60W /  400W |       0MiB /  81920MiB |      0%      Default |
2026-03-26 12:26:23,960 - INFO - [36m(setup pid=7141)[0m |                                         |                        |             Disabled |
2026-03-26 12:26:23,960 - INFO - [36m(setup pid=7141)[0m +-----------------------------------------+------------------------+----------------------+
2026-03-26 12:26:23,960 - INFO - [36m(setup pid=7141)[0m |   5  NVIDIA A100-SXM4-80GB          On  |   00000000:90:1D.0 Off |                    0 |
2026-03-26 12:26:23,960 - INFO - [36m(setup pid=7141)[0m | N/A   24C    P0             60W /  400W |       0MiB /  81920MiB |      0%      Default |
2026-03-26 12:26:23,960 - INFO - [36m(setup pid=7141)[0m |                                         |                        |             Disabled |
2026-03-26 12:26:23,960 - INFO - [36m(setup pid=7141)[0m +-----------------------------------------+------------------------+----------------------+
2026-03-26 12:26:23,960 - INFO - [36m(setup pid=7141)[0m |   6  NVIDIA A100-SXM4-80GB          On  |   00000000:A0:1C.0 Off |                    0 |
2026-03-26 12:26:23,960 - INFO - [36m(setup pid=7141)[0m | N/A   24C    P0             62W /  400W |       0MiB /  81920MiB |      0%      Default |
2026-03-26 12:26:23,960 - INFO - [36m(setup pid=7141)[0m |                                         |                        |             Disabled |
2026-03-26 12:26:23,960 - INFO - [36m(setup pid=7141)[0m +-----------------------------------------+------------------------+----------------------+
2026-03-26 12:26:23,960 - INFO - [36m(setup pid=7141)[0m |   7  NVIDIA A100-SXM4-80GB          On  |   00000000:A0:1D.0 Off |                    0 |
2026-03-26 12:26:23,960 - INFO - [36m(setup pid=7141)[0m | N/A   24C    P0             56W /  400W |       0MiB /  81920MiB |      0%      Default |
2026-03-26 12:26:23,960 - INFO - [36m(setup pid=7141)[0m |                                         |                        |             Disabled |
2026-03-26 12:26:23,960 - INFO - [36m(setup pid=7141)[0m +-----------------------------------------+------------------------+----------------------+
2026-03-26 12:26:23,960 - INFO - [36m(setup pid=7141)[0m
2026-03-26 12:26:23,960 - INFO - [36m(setup pid=7141)[0m +-----------------------------------------------------------------------------------------+
2026-03-26 12:26:23,960 - INFO - [36m(setup pid=7141)[0m | Processes:                                                                              |
2026-03-26 12:26:23,960 - INFO - [36m(setup pid=7141)[0m |  GPU   GI   CI              PID   Type   Process name                        GPU Memory |
2026-03-26 12:26:23,960 - INFO - [36m(setup pid=7141)[0m |        ID   ID                                                               Usage      |
2026-03-26 12:26:23,960 - INFO - [36m(setup pid=7141)[0m |=========================================================================================|
2026-03-26 12:26:23,960 - INFO - [36m(setup pid=7141)[0m |  No running processes found                                                             |
2026-03-26 12:26:23,960 - INFO - [36m(setup pid=7141)[0m +-----------------------------------------------------------------------------------------+
2026-03-26 12:26:23,960 - INFO - [36m(setup pid=4368, ip=172.31.47.227)[0m + GPU_TYPE=A100_80gb
2026-03-26 12:26:23,960 - INFO - [36m(setup pid=4368, ip=172.31.47.227)[0m + IS_A100=true
2026-03-26 12:26:23,960 - INFO - [36m(setup pid=4368, ip=172.31.47.227)[0m + echo 'GPU Type: A100_80gb, Is A100: true'
2026-03-26 12:26:23,960 - INFO - [36m(setup pid=4368, ip=172.31.47.227)[0m GPU Type: A100_80gb, Is A100: true
2026-03-26 12:26:23,960 - INFO - [36m(setup pid=4368, ip=172.31.47.227)[0m + echo '=== Initial System Diagnostics ==='
2026-03-26 12:26:23,960 - INFO - [36m(setup pid=4368, ip=172.31.47.227)[0m === Initial System Diagnostics ===
2026-03-26 12:26:23,960 - INFO - [36m(setup pid=4368, ip=172.31.47.227)[0m + echo 'Checking for NVIDIA driver...'
2026-03-26 12:26:23,960 - INFO - [36m(setup pid=4368, ip=172.31.47.227)[0m Checking for NVIDIA driver...
2026-03-26 12:26:23,960 - INFO - [36m(setup pid=4368, ip=172.31.47.227)[0m + nvidia-smi
2026-03-26 12:26:23,960 - INFO - [36m(setup pid=4368, ip=172.31.47.227)[0m Thu Mar 26 06:56:15 2026
2026-03-26 12:26:23,960 - INFO - [36m(setup pid=4368, ip=172.31.47.227)[0m +-----------------------------------------------------------------------------------------+
2026-03-26 12:26:23,960 - INFO - [36m(setup pid=4368, ip=172.31.47.227)[0m | NVIDIA-SMI 570.172.08             Driver Version: 570.172.08     CUDA Version: 12.8     |
2026-03-26 12:26:23,960 - INFO - [36m(setup pid=4368, ip=172.31.47.227)[0m |-----------------------------------------+------------------------+----------------------+
2026-03-26 12:26:23,960 - INFO - [36m(setup pid=4368, ip=172.31.47.227)[0m | GPU  Name                 Persistence-M | Bus-Id          Disp.A | Volatile Uncorr. ECC |
2026-03-26 12:26:23,960 - INFO - [36m(setup pid=4368, ip=172.31.47.227)[0m | Fan  Temp   Perf          Pwr:Usage/Cap |           Memory-Usage | GPU-Util  Compute M. |
2026-03-26 12:26:23,960 - INFO - [36m(setup pid=4368, ip=172.31.47.227)[0m |                                         |                        |               MIG M. |
2026-03-26 12:26:23,960 - INFO - [36m(setup pid=4368, ip=172.31.47.227)[0m |=========================================+========================+======================|
2026-03-26 12:26:23,960 - INFO - [36m(setup pid=4368, ip=172.31.47.227)[0m |   0  NVIDIA A100-SXM4-80GB          On  |   00000000:10:1C.0 Off |                    0 |
2026-03-26 12:26:23,960 - INFO - [36m(setup pid=4368, ip=172.31.47.227)[0m | N/A   26C    P0             65W /  400W |       0MiB /  81920MiB |      0%      Default |
2026-03-26 12:26:23,960 - INFO - [36m(setup pid=4368, ip=172.31.47.227)[0m |                                         |                        |             Disabled |
2026-03-26 12:26:23,960 - INFO - [36m(setup pid=4368, ip=172.31.47.227)[0m +-----------------------------------------+------------------------+----------------------+
2026-03-26 12:26:23,960 - INFO - [36m(setup pid=4368, ip=172.31.47.227)[0m |   1  NVIDIA A100-SXM4-80GB          On  |   00000000:10:1D.0 Off |                    0 |
2026-03-26 12:26:23,960 - INFO - [36m(setup pid=4368, ip=172.31.47.227)[0m | N/A   24C    P0             61W /  400W |       0MiB /  81920MiB |      0%      Default |
2026-03-26 12:26:23,960 - INFO - [36m(setup pid=4368, ip=172.31.47.227)[0m |                                         |                        |             Disabled |
2026-03-26 12:26:23,960 - INFO - [36m(setup pid=4368, ip=172.31.47.227)[0m +-----------------------------------------+------------------------+----------------------+
2026-03-26 12:26:23,960 - INFO - [36m(setup pid=4368, ip=172.31.47.227)[0m |   2  NVIDIA A100-SXM4-80GB          On  |   00000000:20:1C.0 Off |                    0 |
2026-03-26 12:26:23,960 - INFO - [36m(setup pid=4368, ip=172.31.47.227)[0m | N/A   27C    P0             64W /  400W |       0MiB /  81920MiB |      0%      Default |
2026-03-26 12:26:23,960 - INFO - [36m(setup pid=4368, ip=172.31.47.227)[0m |                                         |                        |             Disabled |
2026-03-26 12:26:23,960 - INFO - [36m(setup pid=4368, ip=172.31.47.227)[0m +-----------------------------------------+------------------------+----------------------+
2026-03-26 12:26:23,960 - INFO - [36m(setup pid=4368, ip=172.31.47.227)[0m |   3  NVIDIA A100-SXM4-80GB          On  |   00000000:20:1D.0 Off |                    0 |
2026-03-26 12:26:23,960 - INFO - [36m(setup pid=4368, ip=172.31.47.227)[0m | N/A   24C    P0             62W /  400W |       0MiB /  81920MiB |      0%      Default |
2026-03-26 12:26:23,960 - INFO - [36m(setup pid=4368, ip=172.31.47.227)[0m |                                         |                        |             Disabled |
2026-03-26 12:26:23,960 - INFO - [36m(setup pid=4368, ip=172.31.47.227)[0m +-----------------------------------------+------------------------+----------------------+
2026-03-26 12:26:23,960 - INFO - [36m(setup pid=4368, ip=172.31.47.227)[0m |   4  NVIDIA A100-SXM4-80GB          On  |   00000000:90:1C.0 Off |                    0 |
2026-03-26 12:26:23,960 - INFO - [36m(setup pid=4368, ip=172.31.47.227)[0m | N/A   25C    P0             59W /  400W |       0MiB /  81920MiB |      0%      Default |
2026-03-26 12:26:23,960 - INFO - [36m(setup pid=4368, ip=172.31.47.227)[0m |                                         |                        |             Disabled |
2026-03-26 12:26:23,960 - INFO - [36m(setup pid=4368, ip=172.31.47.227)[0m +-----------------------------------------+------------------------+----------------------+
2026-03-26 12:26:23,960 - INFO - [36m(setup pid=4368, ip=172.31.47.227)[0m |   5  NVIDIA A100-SXM4-80GB          On  |   00000000:90:1D.0 Off |                    0 |
2026-03-26 12:26:23,960 - INFO - [36m(setup pid=4368, ip=172.31.47.227)[0m | N/A   24C    P0             61W /  400W |       0MiB /  81920MiB |      0%      Default |
2026-03-26 12:26:23,960 - INFO - [36m(setup pid=4368, ip=172.31.47.227)[0m |                                         |                        |             Disabled |
2026-03-26 12:26:23,960 - INFO - [36m(setup pid=4368, ip=172.31.47.227)[0m +-----------------------------------------+------------------------+----------------------+
2026-03-26 12:26:23,960 - INFO - [36m(setup pid=4368, ip=172.31.47.227)[0m |   6  NVIDIA A100-SXM4-80GB          On  |   00000000:A0:1C.0 Off |                    0 |
2026-03-26 12:26:23,960 - INFO - [36m(setup pid=4368, ip=172.31.47.227)[0m | N/A   24C    P0             60W /  400W |       0MiB /  81920MiB |      0%      Default |
2026-03-26 12:26:23,960 - INFO - [36m(setup pid=4368, ip=172.31.47.227)[0m |                                         |                        |             Disabled |
2026-03-26 12:26:23,960 - INFO - [36m(setup pid=4368, ip=172.31.47.227)[0m +-----------------------------------------+------------------------+----------------------+
2026-03-26 12:26:23,960 - INFO - [36m(setup pid=4368, ip=172.31.47.227)[0m |   7  NVIDIA A100-SXM4-80GB          On  |   00000000:A0:1D.0 Off |                    0 |
2026-03-26 12:26:23,960 - INFO - [36m(setup pid=4368, ip=172.31.47.227)[0m | N/A   24C    P0             59W /  400W |       0MiB /  81920MiB |      0%      Default |
2026-03-26 12:26:23,960 - INFO - [36m(setup pid=4368, ip=172.31.47.227)[0m |                                         |                        |             Disabled |
2026-03-26 12:26:23,960 - INFO - [36m(setup pid=4368, ip=172.31.47.227)[0m +-----------------------------------------+------------------------+----------------------+
2026-03-26 12:26:23,960 - INFO - [36m(setup pid=4368, ip=172.31.47.227)[0m
2026-03-26 12:26:23,960 - INFO - [36m(setup pid=4368, ip=172.31.47.227)[0m +-----------------------------------------------------------------------------------------+
2026-03-26 12:26:23,960 - INFO - [36m(setup pid=4368, ip=172.31.47.227)[0m | Processes:                                                                              |
2026-03-26 12:26:23,960 - INFO - [36m(setup pid=4368, ip=172.31.47.227)[0m |  GPU   GI   CI              PID   Type   Process name                        GPU Memory |
2026-03-26 12:26:23,960 - INFO - [36m(setup pid=4368, ip=172.31.47.227)[0m |        ID   ID                                                               Usage      |
2026-03-26 12:26:23,960 - INFO - [36m(setup pid=4368, ip=172.31.47.227)[0m |=========================================================================================|
2026-03-26 12:26:23,960 - INFO - [36m(setup pid=4368, ip=172.31.47.227)[0m |  No running processes found                                                             |
2026-03-26 12:26:23,960 - INFO - [36m(setup pid=4368, ip=172.31.47.227)[0m +-----------------------------------------------------------------------------------------+
2026-03-26 12:26:23,960 - INFO - [36m(setup pid=7141)[0m + echo 'Checking CUDA libraries...'
2026-03-26 12:26:23,960 - INFO - [36m(setup pid=7141)[0m Checking CUDA libraries...
2026-03-26 12:26:23,960 - INFO - [36m(setup pid=7141)[0m + ldconfig -p
2026-03-26 12:26:23,960 - INFO - [36m(setup pid=7141)[0m + grep --color=auto cuda
2026-03-26 12:26:23,960 - INFO - [36m(setup pid=7141)[0m 	libnvrtc.so.12 (libc6,x86-64) => /usr/local/cuda-12.4/targets/x86_64-linux/lib/libnvrtc.so.12
2026-03-26 12:26:23,960 - INFO - [36m(setup pid=7141)[0m 	libnvrtc.so.12 (libc6,x86-64) => /usr/local/cuda-12.5/targets/x86_64-linux/lib/libnvrtc.so.12
2026-03-26 12:26:23,960 - INFO - [36m(setup pid=7141)[0m 	libnvrtc.so.12 (libc6,x86-64) => /usr/local/cuda-12.6/targets/x86_64-linux/lib/libnvrtc.so.12
2026-03-26 12:26:23,960 - INFO - [36m(setup pid=7141)[0m 	libnvrtc.so.12 (libc6,x86-64) => /usr/local/cuda-12.8/targets/x86_64-linux/lib/libnvrtc.so.12
2026-03-26 12:26:23,960 - INFO - [36m(setup pid=7141)[0m 	libnvrtc.so (libc6,x86-64) => /usr/local/cuda-12.4/targets/x86_64-linux/lib/libnvrtc.so
2026-03-26 12:26:23,960 - INFO - [36m(setup pid=7141)[0m 	libnvrtc.so (libc6,x86-64) => /usr/local/cuda-12.5/targets/x86_64-linux/lib/libnvrtc.so
2026-03-26 12:26:23,960 - INFO - [36m(setup pid=7141)[0m 	libnvrtc.so (libc6,x86-64) => /usr/local/cuda-12.6/targets/x86_64-linux/lib/libnvrtc.so
2026-03-26 12:26:23,960 - INFO - [36m(setup pid=7141)[0m 	libnvrtc.so (libc6,x86-64) => /usr/local/cuda-12.8/targets/x86_64-linux/lib/libnvrtc.so
2026-03-26 12:26:23,960 - INFO - [36m(setup pid=7141)[0m 	libnvrtc.alt.so.12 (libc6,x86-64) => /usr/local/cuda-12.8/targets/x86_64-linux/lib/libnvrtc.alt.so.12
2026-03-26 12:26:23,961 - INFO - [36m(setup pid=7141)[0m 	libnvrtc.alt.so (libc6,x86-64) => /usr/local/cuda-12.8/targets/x86_64-linux/lib/libnvrtc.alt.so
2026-03-26 12:26:23,961 - INFO - [36m(setup pid=7141)[0m 	libnvrtc-builtins.so.12.8 (libc6,x86-64) => /usr/local/cuda-12.8/targets/x86_64-linux/lib/libnvrtc-builtins.so.12.8
2026-03-26 12:26:23,961 - INFO - [36m(setup pid=7141)[0m 	libnvrtc-builtins.so.12.6 (libc6,x86-64) => /usr/local/cuda-12.6/targets/x86_64-linux/lib/libnvrtc-builtins.so.12.6
2026-03-26 12:26:23,961 - INFO - [36m(setup pid=7141)[0m 	libnvrtc-builtins.so.12.5 (libc6,x86-64) => /usr/local/cuda-12.5/targets/x86_64-linux/lib/libnvrtc-builtins.so.12.5
2026-03-26 12:26:23,961 - INFO - [36m(setup pid=7141)[0m 	libnvrtc-builtins.so.12.4 (libc6,x86-64) => /usr/local/cuda-12.4/targets/x86_64-linux/lib/libnvrtc-builtins.so.12.4
2026-03-26 12:26:23,961 - INFO - [36m(setup pid=7141)[0m 	libnvrtc-builtins.so (libc6,x86-64) => /usr/local/cuda-12.4/targets/x86_64-linux/lib/libnvrtc-builtins.so
2026-03-26 12:26:23,961 - INFO - [36m(setup pid=7141)[0m 	libnvrtc-builtins.so (libc6,x86-64) => /usr/local/cuda-12.5/targets/x86_64-linux/lib/libnvrtc-builtins.so
2026-03-26 12:26:23,961 - INFO - [36m(setup pid=7141)[0m 	libnvrtc-builtins.so (libc6,x86-64) => /usr/local/cuda-12.6/targets/x86_64-linux/lib/libnvrtc-builtins.so
2026-03-26 12:26:23,961 - INFO - [36m(setup pid=7141)[0m 	libnvrtc-builtins.so (libc6,x86-64) => /usr/local/cuda-12.8/targets/x86_64-linux/lib/libnvrtc-builtins.so
2026-03-26 12:26:23,961 - INFO - [36m(setup pid=7141)[0m 	libnvrtc-builtins.alt.so.12.8 (libc6,x86-64) => /usr/local/cuda-12.8/targets/x86_64-linux/lib/libnvrtc-builtins.alt.so.12.8
2026-03-26 12:26:23,961 - INFO - [36m(setup pid=7141)[0m 	libnvrtc-builtins.alt.so (libc6,x86-64) => /usr/local/cuda-12.8/targets/x86_64-linux/lib/libnvrtc-builtins.alt.so
2026-03-26 12:26:23,961 - INFO - [36m(setup pid=7141)[0m 	libnvjpeg.so.12 (libc6,x86-64) => /usr/local/cuda-12.4/targets/x86_64-linux/lib/libnvjpeg.so.12
2026-03-26 12:26:23,961 - INFO - [36m(setup pid=7141)[0m 	libnvjpeg.so.12 (libc6,x86-64) => /usr/local/cuda-12.5/targets/x86_64-linux/lib/libnvjpeg.so.12
2026-03-26 12:26:23,961 - INFO - [36m(setup pid=7141)[0m 	libnvjpeg.so.12 (libc6,x86-64) => /usr/local/cuda-12.6/targets/x86_64-linux/lib/libnvjpeg.so.12
2026-03-26 12:26:23,961 - INFO - [36m(setup pid=7141)[0m 	libnvjpeg.so.12 (libc6,x86-64) => /usr/local/cuda-12.8/targets/x86_64-linux/lib/libnvjpeg.so.12
2026-03-26 12:26:23,961 - INFO - [36m(setup pid=7141)[0m 	libnvjpeg.so (libc6,x86-64) => /usr/local/cuda-12.4/targets/x86_64-linux/lib/libnvjpeg.so
2026-03-26 12:26:23,961 - INFO - [36m(setup pid=7141)[0m 	libnvjpeg.so (libc6,x86-64) => /usr/local/cuda-12.5/targets/x86_64-linux/lib/libnvjpeg.so
2026-03-26 12:26:23,961 - INFO - [36m(setup pid=7141)[0m 	libnvjpeg.so (libc6,x86-64) => /usr/local/cuda-12.6/targets/x86_64-linux/lib/libnvjpeg.so
2026-03-26 12:26:23,961 - INFO - [36m(setup pid=7141)[0m 	libnvjpeg.so (libc6,x86-64) => /usr/local/cuda-12.8/targets/x86_64-linux/lib/libnvjpeg.so
2026-03-26 12:26:23,961 - INFO - [36m(setup pid=7141)[0m 	libnvfatbin.so.12 (libc6,x86-64) => /usr/local/cuda-12.4/targets/x86_64-linux/lib/libnvfatbin.so.12
2026-03-26 12:26:23,961 - INFO - [36m(setup pid=7141)[0m 	libnvfatbin.so.12 (libc6,x86-64) => /usr/local/cuda-12.5/targets/x86_64-linux/lib/libnvfatbin.so.12
2026-03-26 12:26:23,961 - INFO - [36m(setup pid=7141)[0m 	libnvfatbin.so.12 (libc6,x86-64) => /usr/local/cuda-12.6/targets/x86_64-linux/lib/libnvfatbin.so.12
2026-03-26 12:26:23,961 - INFO - [36m(setup pid=7141)[0m 	libnvfatbin.so.12 (libc6,x86-64) => /usr/local/cuda-12.8/targets/x86_64-linux/lib/libnvfatbin.so.12
2026-03-26 12:26:23,961 - INFO - [36m(setup pid=7141)[0m 	libnvfatbin.so (libc6,x86-64) => /usr/local/cuda-12.4/targets/x86_64-linux/lib/libnvfatbin.so
2026-03-26 12:26:23,961 - INFO - [36m(setup pid=7141)[0m 	libnvfatbin.so (libc6,x86-64) => /usr/local/cuda-12.5/targets/x86_64-linux/lib/libnvfatbin.so
2026-03-26 12:26:23,961 - INFO - [36m(setup pid=7141)[0m 	libnvfatbin.so (libc6,x86-64) => /usr/local/cuda-12.6/targets/x86_64-linux/lib/libnvfatbin.so
2026-03-26 12:26:23,961 - INFO - [36m(setup pid=7141)[0m 	libnvfatbin.so (libc6,x86-64) => /usr/local/cuda-12.8/targets/x86_64-linux/lib/libnvfatbin.so
2026-03-26 12:26:23,961 - INFO - [36m(setup pid=7141)[0m 	libnvblas.so.12 (libc6,x86-64) => /usr/local/cuda-12.4/targets/x86_64-linux/lib/libnvblas.so.12
2026-03-26 12:26:23,961 - INFO - [36m(setup pid=7141)[0m 	libnvblas.so.12 (libc6,x86-64) => /usr/local/cuda-12.5/targets/x86_64-linux/lib/libnvblas.so.12
2026-03-26 12:26:23,961 - INFO - [36m(setup pid=7141)[0m 	libnvblas.so.12 (libc6,x86-64) => /usr/local/cuda-12.6/targets/x86_64-linux/lib/libnvblas.so.12
2026-03-26 12:26:23,961 - INFO - [36m(setup pid=7141)[0m 	libnvblas.so.12 (libc6,x86-64) => /usr/local/cuda-12.8/targets/x86_64-linux/lib/libnvblas.so.12
2026-03-26 12:26:23,961 - INFO - [36m(setup pid=7141)[0m 	libnvblas.so (libc6,x86-64) => /usr/local/cuda-12.4/targets/x86_64-linux/lib/libnvblas.so
2026-03-26 12:26:23,961 - INFO - [36m(setup pid=7141)[0m 	libnvblas.so (libc6,x86-64) => /usr/local/cuda-12.5/targets/x86_64-linux/lib/libnvblas.so
2026-03-26 12:26:23,961 - INFO - [36m(setup pid=7141)[0m 	libnvblas.so (libc6,x86-64) => /usr/local/cuda-12.6/targets/x86_64-linux/lib/libnvblas.so
2026-03-26 12:26:23,961 - INFO - [36m(setup pid=7141)[0m 	libnvblas.so (libc6,x86-64) => /usr/local/cuda-12.8/targets/x86_64-linux/lib/libnvblas.so
2026-03-26 12:26:23,961 - INFO - [36m(setup pid=7141)[0m 	libnvToolsExt.so.1 (libc6,x86-64) => /usr/local/cuda-12.4/targets/x86_64-linux/lib/libnvToolsExt.so.1
2026-03-26 12:26:23,961 - INFO - [36m(setup pid=7141)[0m 	libnvToolsExt.so.1 (libc6,x86-64) => /usr/local/cuda-12.5/targets/x86_64-linux/lib/libnvToolsExt.so.1
2026-03-26 12:26:23,961 - INFO - [36m(setup pid=7141)[0m 	libnvToolsExt.so.1 (libc6,x86-64) => /usr/local/cuda-12.6/targets/x86_64-linux/lib/libnvToolsExt.so.1
2026-03-26 12:26:23,961 - INFO - [36m(setup pid=7141)[0m 	libnvToolsExt.so.1 (libc6,x86-64) => /usr/local/cuda-12.8/targets/x86_64-linux/lib/libnvToolsExt.so.1
2026-03-26 12:26:23,961 - INFO - [36m(setup pid=7141)[0m 	libnvToolsExt.so (libc6,x86-64) => /usr/local/cuda-12.4/targets/x86_64-linux/lib/libnvToolsExt.so
2026-03-26 12:26:23,961 - INFO - [36m(setup pid=7141)[0m 	libnvToolsExt.so (libc6,x86-64) => /usr/local/cuda-12.5/targets/x86_64-linux/lib/libnvToolsExt.so
2026-03-26 12:26:23,961 - INFO - [36m(setup pid=7141)[0m 	libnvToolsExt.so (libc6,x86-64) => /usr/local/cuda-12.6/targets/x86_64-linux/lib/libnvToolsExt.so
2026-03-26 12:26:23,961 - INFO - [36m(setup pid=7141)[0m 	libnvToolsExt.so (libc6,x86-64) => /usr/local/cuda-12.8/targets/x86_64-linux/lib/libnvToolsExt.so
2026-03-26 12:26:23,961 - INFO - [36m(setup pid=7141)[0m 	libnvJitLink.so.12 (libc6,x86-64) => /usr/local/cuda-12.4/targets/x86_64-linux/lib/libnvJitLink.so.12
2026-03-26 12:26:23,961 - INFO - [36m(setup pid=7141)[0m 	libnvJitLink.so.12 (libc6,x86-64) => /usr/local/cuda-12.5/targets/x86_64-linux/lib/libnvJitLink.so.12
2026-03-26 12:26:23,961 - INFO - [36m(setup pid=7141)[0m 	libnvJitLink.so.12 (libc6,x86-64) => /usr/local/cuda-12.6/targets/x86_64-linux/lib/libnvJitLink.so.12
2026-03-26 12:26:23,961 - INFO - [36m(setup pid=7141)[0m 	libnvJitLink.so.12 (libc6,x86-64) => /usr/local/cuda-12.8/targets/x86_64-linux/lib/libnvJitLink.so.12
2026-03-26 12:26:23,961 - INFO - [36m(setup pid=7141)[0m 	libnvJitLink.so (libc6,x86-64) => /usr/local/cuda-12.4/targets/x86_64-linux/lib/libnvJitLink.so
2026-03-26 12:26:23,961 - INFO - [36m(setup pid=7141)[0m 	libnvJitLink.so (libc6,x86-64) => /usr/local/cuda-12.5/targets/x86_64-linux/lib/libnvJitLink.so
2026-03-26 12:26:23,961 - INFO - [36m(setup pid=7141)[0m 	libnvJitLink.so (libc6,x86-64) => /usr/local/cuda-12.6/targets/x86_64-linux/lib/libnvJitLink.so
2026-03-26 12:26:23,961 - INFO - [36m(setup pid=7141)[0m 	libnvJitLink.so (libc6,x86-64) => /usr/local/cuda-12.8/targets/x86_64-linux/lib/libnvJitLink.so
2026-03-26 12:26:23,961 - INFO - [36m(setup pid=7141)[0m 	libnpps.so.12 (libc6,x86-64) => /usr/local/cuda-12.4/targets/x86_64-linux/lib/libnpps.so.12
2026-03-26 12:26:23,961 - INFO - [36m(setup pid=7141)[0m 	libnpps.so.12 (libc6,x86-64) => /usr/local/cuda-12.5/targets/x86_64-linux/lib/libnpps.so.12
2026-03-26 12:26:23,961 - INFO - [36m(setup pid=7141)[0m 	libnpps.so.12 (libc6,x86-64) => /usr/local/cuda-12.6/targets/x86_64-linux/lib/libnpps.so.12
2026-03-26 12:26:23,961 - INFO - [36m(setup pid=7141)[0m 	libnpps.so.12 (libc6,x86-64) => /usr/local/cuda-12.8/targets/x86_64-linux/lib/libnpps.so.12
2026-03-26 12:26:23,961 - INFO - [36m(setup pid=7141)[0m 	libnpps.so (libc6,x86-64) => /usr/local/cuda-12.4/targets/x86_64-linux/lib/libnpps.so
2026-03-26 12:26:23,961 - INFO - [36m(setup pid=7141)[0m 	libnpps.so (libc6,x86-64) => /usr/local/cuda-12.5/targets/x86_64-linux/lib/libnpps.so
2026-03-26 12:26:23,961 - INFO - [36m(setup pid=7141)[0m 	libnpps.so (libc6,x86-64) => /usr/local/cuda-12.6/targets/x86_64-linux/lib/libnpps.so
2026-03-26 12:26:23,961 - INFO - [36m(setup pid=7141)[0m 	libnpps.so (libc6,x86-64) => /usr/local/cuda-12.8/targets/x86_64-linux/lib/libnpps.so
2026-03-26 12:26:23,961 - INFO - [36m(setup pid=7141)[0m 	libnppitc.so.12 (libc6,x86-64) => /usr/local/cuda-12.4/targets/x86_64-linux/lib/libnppitc.so.12
2026-03-26 12:26:23,961 - INFO - [36m(setup pid=7141)[0m 	libnppitc.so.12 (libc6,x86-64) => /usr/local/cuda-12.5/targets/x86_64-linux/lib/libnppitc.so.12
2026-03-26 12:26:23,961 - INFO - [36m(setup pid=7141)[0m 	libnppitc.so.12 (libc6,x86-64) => /usr/local/cuda-12.6/targets/x86_64-linux/lib/libnppitc.so.12
2026-03-26 12:26:23,961 - INFO - [36m(setup pid=7141)[0m 	libnppitc.so.12 (libc6,x86-64) => /usr/local/cuda-12.8/targets/x86_64-linux/lib/libnppitc.so.12
2026-03-26 12:26:23,961 - INFO - [36m(setup pid=7141)[0m 	libnppitc.so (libc6,x86-64) => /usr/local/cuda-12.4/targets/x86_64-linux/lib/libnppitc.so
2026-03-26 12:26:23,961 - INFO - [36m(setup pid=7141)[0m 	libnppitc.so (libc6,x86-64) => /usr/local/cuda-12.5/targets/x86_64-linux/lib/libnppitc.so
2026-03-26 12:26:23,961 - INFO - [36m(setup pid=7141)[0m 	libnppitc.so (libc6,x86-64) => /usr/local/cuda-12.6/targets/x86_64-linux/lib/libnppitc.so
2026-03-26 12:26:23,961 - INFO - [36m(setup pid=7141)[0m 	libnppitc.so (libc6,x86-64) => /usr/local/cuda-12.8/targets/x86_64-linux/lib/libnppitc.so
2026-03-26 12:26:23,961 - INFO - [36m(setup pid=7141)[0m 	libnppisu.so.12 (libc6,x86-64) => /usr/local/cuda-12.4/targets/x86_64-linux/lib/libnppisu.so.12
2026-03-26 12:26:23,961 - INFO - [36m(setup pid=7141)[0m 	libnppisu.so.12 (libc6,x86-64) => /usr/local/cuda-12.5/targets/x86_64-linux/lib/libnppisu.so.12
2026-03-26 12:26:23,961 - INFO - [36m(setup pid=7141)[0m 	libnppisu.so.12 (libc6,x86-64) => /usr/local/cuda-12.6/targets/x86_64-linux/lib/libnppisu.so.12
2026-03-26 12:26:23,961 - INFO - [36m(setup pid=7141)[0m 	libnppisu.so.12 (libc6,x86-64) => /usr/local/cuda-12.8/targets/x86_64-linux/lib/libnppisu.so.12
2026-03-26 12:26:23,961 - INFO - [36m(setup pid=7141)[0m 	libnppisu.so (libc6,x86-64) => /usr/local/cuda-12.4/targets/x86_64-linux/lib/libnppisu.so
2026-03-26 12:26:23,961 - INFO - [36m(setup pid=7141)[0m 	libnppisu.so (libc6,x86-64) => /usr/local/cuda-12.5/targets/x86_64-linux/lib/libnppisu.so
2026-03-26 12:26:23,961 - INFO - [36m(setup pid=7141)[0m 	libnppisu.so (libc6,x86-64) => /usr/local/cuda-12.6/targets/x86_64-linux/lib/libnppisu.so
2026-03-26 12:26:23,961 - INFO - [36m(setup pid=7141)[0m 	libnppisu.so (libc6,x86-64) => /usr/local/cuda-12.8/targets/x86_64-linux/lib/libnppisu.so
2026-03-26 12:26:23,961 - INFO - [36m(setup pid=7141)[0m 	libnppist.so.12 (libc6,x86-64) => /usr/local/cuda-12.4/targets/x86_64-linux/lib/libnppist.so.12
2026-03-26 12:26:23,961 - INFO - [36m(setup pid=7141)[0m 	libnppist.so.12 (libc6,x86-64) => /usr/local/cuda-12.5/targets/x86_64-linux/lib/libnppist.so.12
2026-03-26 12:26:23,961 - INFO - [36m(setup pid=7141)[0m 	libnppist.so.12 (libc6,x86-64) => /usr/local/cuda-12.6/targets/x86_64-linux/lib/libnppist.so.12
2026-03-26 12:26:23,961 - INFO - [36m(setup pid=7141)[0m 	libnppist.so.12 (libc6,x86-64) => /usr/local/cuda-12.8/targets/x86_64-linux/lib/libnppist.so.12
2026-03-26 12:26:23,961 - INFO - [36m(setup pid=7141)[0m 	libnppist.so (libc6,x86-64) => /usr/local/cuda-12.4/targets/x86_64-linux/lib/libnppist.so
2026-03-26 12:26:23,961 - INFO - [36m(setup pid=7141)[0m 	libnppist.so (libc6,x86-64) => /usr/local/cuda-12.5/targets/x86_64-linux/lib/libnppist.so
2026-03-26 12:26:23,961 - INFO - [36m(setup pid=7141)[0m 	libnppist.so (libc6,x86-64) => /usr/local/cuda-12.6/targets/x86_64-linux/lib/libnppist.so
2026-03-26 12:26:23,961 - INFO - [36m(setup pid=7141)[0m 	libnppist.so (libc6,x86-64) => /usr/local/cuda-12.8/targets/x86_64-linux/lib/libnppist.so
2026-03-26 12:26:23,961 - INFO - [36m(setup pid=7141)[0m 	libnppim.so.12 (libc6,x86-64) => /usr/local/cuda-12.4/targets/x86_64-linux/lib/libnppim.so.12
2026-03-26 12:26:23,961 - INFO - [36m(setup pid=7141)[0m 	libnppim.so.12 (libc6,x86-64) => /usr/local/cuda-12.5/targets/x86_64-linux/lib/libnppim.so.12
2026-03-26 12:26:23,961 - INFO - [36m(setup pid=7141)[0m 	libnppim.so.12 (libc6,x86-64) => /usr/local/cuda-12.6/targets/x86_64-linux/lib/libnppim.so.12
2026-03-26 12:26:23,961 - INFO - [36m(setup pid=7141)[0m 	libnppim.so.12 (libc6,x86-64) => /usr/local/cuda-12.8/targets/x86_64-linux/lib/libnppim.so.12
2026-03-26 12:26:23,961 - INFO - [36m(setup pid=7141)[0m 	libnppim.so (libc6,x86-64) => /usr/local/cuda-12.4/targets/x86_64-linux/lib/libnppim.so
2026-03-26 12:26:23,961 - INFO - [36m(setup pid=7141)[0m 	libnppim.so (libc6,x86-64) => /usr/local/cuda-12.5/targets/x86_64-linux/lib/libnppim.so
2026-03-26 12:26:23,961 - INFO - [36m(setup pid=7141)[0m 	libnppim.so (libc6,x86-64) => /usr/local/cuda-12.6/targets/x86_64-linux/lib/libnppim.so
2026-03-26 12:26:23,961 - INFO - [36m(setup pid=7141)[0m 	libnppim.so (libc6,x86-64) => /usr/local/cuda-12.8/targets/x86_64-linux/lib/libnppim.so
2026-03-26 12:26:23,961 - INFO - [36m(setup pid=7141)[0m 	libnppig.so.12 (libc6,x86-64) => /usr/local/cuda-12.4/targets/x86_64-linux/lib/libnppig.so.12
2026-03-26 12:26:23,961 - INFO - [36m(setup pid=7141)[0m 	libnppig.so.12 (libc6,x86-64) => /usr/local/cuda-12.5/targets/x86_64-linux/lib/libnppig.so.12
2026-03-26 12:26:23,961 - INFO - [36m(setup pid=7141)[0m 	libnppig.so.12 (libc6,x86-64) => /usr/local/cuda-12.6/targets/x86_64-linux/lib/libnppig.so.12
2026-03-26 12:26:23,961 - INFO - [36m(setup pid=7141)[0m 	libnppig.so.12 (libc6,x86-64) => /usr/local/cuda-12.8/targets/x86_64-linux/lib/libnppig.so.12
2026-03-26 12:26:23,961 - INFO - [36m(setup pid=7141)[0m 	libnppig.so (libc6,x86-64) => /usr/local/cuda-12.4/targets/x86_64-linux/lib/libnppig.so
2026-03-26 12:26:23,961 - INFO - [36m(setup pid=7141)[0m 	libnppig.so (libc6,x86-64) => /usr/local/cuda-12.5/targets/x86_64-linux/lib/libnppig.so
2026-03-26 12:26:23,961 - INFO - [36m(setup pid=7141)[0m 	libnppig.so (libc6,x86-64) => /usr/local/cuda-12.6/targets/x86_64-linux/lib/libnppig.so
2026-03-26 12:26:23,961 - INFO - [36m(setup pid=7141)[0m 	libnppig.so (libc6,x86-64) => /usr/local/cuda-12.8/targets/x86_64-linux/lib/libnppig.so
2026-03-26 12:26:23,961 - INFO - [36m(setup pid=7141)[0m 	libnppif.so.12 (libc6,x86-64) => /usr/local/cuda-12.4/targets/x86_64-linux/lib/libnppif.so.12
2026-03-26 12:26:23,961 - INFO - [36m(setup pid=7141)[0m 	libnppif.so.12 (libc6,x86-64) => /usr/local/cuda-12.5/targets/x86_64-linux/lib/libnppif.so.12
2026-03-26 12:26:23,961 - INFO - [36m(setup pid=7141)[0m 	libnppif.so.12 (libc6,x86-64) => /usr/local/cuda-12.6/targets/x86_64-linux/lib/libnppif.so.12
2026-03-26 12:26:23,961 - INFO - [36m(setup pid=7141)[0m 	libnppif.so.12 (libc6,x86-64) => /usr/local/cuda-12.8/targets/x86_64-linux/lib/libnppif.so.12
2026-03-26 12:26:23,961 - INFO - [36m(setup pid=7141)[0m 	libnppif.so (libc6,x86-64) => /usr/local/cuda-12.4/targets/x86_64-linux/lib/libnppif.so
2026-03-26 12:26:23,962 - INFO - [36m(setup pid=7141)[0m 	libnppif.so (libc6,x86-64) => /usr/local/cuda-12.5/targets/x86_64-linux/lib/libnppif.so
2026-03-26 12:26:23,962 - INFO - [36m(setup pid=7141)[0m 	libnppif.so (libc6,x86-64) => /usr/local/cuda-12.6/targets/x86_64-linux/lib/libnppif.so
2026-03-26 12:26:23,962 - INFO - [36m(setup pid=7141)[0m 	libnppif.so (libc6,x86-64) => /usr/local/cuda-12.8/targets/x86_64-linux/lib/libnppif.so
2026-03-26 12:26:23,962 - INFO - [36m(setup pid=7141)[0m 	libnppidei.so.12 (libc6,x86-64) => /usr/local/cuda-12.4/targets/x86_64-linux/lib/libnppidei.so.12
2026-03-26 12:26:23,962 - INFO - [36m(setup pid=7141)[0m 	libnppidei.so.12 (libc6,x86-64) => /usr/local/cuda-12.5/targets/x86_64-linux/lib/libnppidei.so.12
2026-03-26 12:26:23,962 - INFO - [36m(setup pid=7141)[0m 	libnppidei.so.12 (libc6,x86-64) => /usr/local/cuda-12.6/targets/x86_64-linux/lib/libnppidei.so.12
2026-03-26 12:26:23,962 - INFO - [36m(setup pid=7141)[0m 	libnppidei.so.12 (libc6,x86-64) => /usr/local/cuda-12.8/targets/x86_64-linux/lib/libnppidei.so.12
2026-03-26 12:26:23,962 - INFO - [36m(setup pid=7141)[0m 	libnppidei.so (libc6,x86-64) => /usr/local/cuda-12.4/targets/x86_64-linux/lib/libnppidei.so
2026-03-26 12:26:23,962 - INFO - [36m(setup pid=7141)[0m 	libnppidei.so (libc6,x86-64) => /usr/local/cuda-12.5/targets/x86_64-linux/lib/libnppidei.so
2026-03-26 12:26:23,962 - INFO - [36m(setup pid=7141)[0m 	libnppidei.so (libc6,x86-64) => /usr/local/cuda-12.6/targets/x86_64-linux/lib/libnppidei.so
2026-03-26 12:26:24,262 - INFO - [36m(setup pid=7141)[0m 	libnppidei.so (libc6,x86-64) => /usr/local/cuda-12.8/targets/x86_64-linux/lib/libnppidei.so
2026-03-26 12:26:24,262 - INFO - [36m(setup pid=7141)[0m 	libnppicc.so.12 (libc6,x86-64) => /usr/local/cuda-12.4/targets/x86_64-linux/lib/libnppicc.so.12
2026-03-26 12:26:24,262 - INFO - [36m(setup pid=7141)[0m 	libnppicc.so.12 (libc6,x86-64) => /usr/local/cuda-12.5/targets/x86_64-linux/lib/libnppicc.so.12
2026-03-26 12:26:24,262 - INFO - [36m(setup pid=7141)[0m 	libnppicc.so.12 (libc6,x86-64) => /usr/local/cuda-12.6/targets/x86_64-linux/lib/libnppicc.so.12
2026-03-26 12:26:24,262 - INFO - [36m(setup pid=7141)[0m 	libnppicc.so.12 (libc6,x86-64) => /usr/local/cuda-12.8/targets/x86_64-linux/lib/libnppicc.so.12
2026-03-26 12:26:24,262 - INFO - [36m(setup pid=7141)[0m 	libnppicc.so (libc6,x86-64) => /usr/local/cuda-12.4/targets/x86_64-linux/lib/libnppicc.so
2026-03-26 12:26:24,262 - INFO - [36m(setup pid=7141)[0m 	libnppicc.so (libc6,x86-64) => /usr/local/cuda-12.5/targets/x86_64-linux/lib/libnppicc.so
2026-03-26 12:26:24,262 - INFO - [36m(setup pid=7141)[0m 	libnppicc.so (libc6,x86-64) => /usr/local/cuda-12.6/targets/x86_64-linux/lib/libnppicc.so
2026-03-26 12:26:24,262 - INFO - [36m(setup pid=7141)[0m 	libnppicc.so (libc6,x86-64) => /usr/local/cuda-12.8/targets/x86_64-linux/lib/libnppicc.so
2026-03-26 12:26:24,263 - INFO - [36m(setup pid=7141)[0m 	libnppial.so.12 (libc6,x86-64) => /usr/local/cuda-12.4/targets/x86_64-linux/lib/libnppial.so.12
2026-03-26 12:26:24,263 - INFO - [36m(setup pid=7141)[0m 	libnppial.so.12 (libc6,x86-64) => /usr/local/cuda-12.5/targets/x86_64-linux/lib/libnppial.so.12
2026-03-26 12:26:24,263 - INFO - [36m(setup pid=7141)[0m 	libnppial.so.12 (libc6,x86-64) => /usr/local/cuda-12.6/targets/x86_64-linux/lib/libnppial.so.12
2026-03-26 12:26:24,263 - INFO - [36m(setup pid=7141)[0m 	libnppial.so.12 (libc6,x86-64) => /usr/local/cuda-12.8/targets/x86_64-linux/lib/libnppial.so.12
2026-03-26 12:26:24,263 - INFO - [36m(setup pid=7141)[0m 	libnppial.so (libc6,x86-64) => /usr/local/cuda-12.4/targets/x86_64-linux/lib/libnppial.so
2026-03-26 12:26:24,263 - INFO - [36m(setup pid=7141)[0m 	libnppial.so (libc6,x86-64) => /usr/local/cuda-12.5/targets/x86_64-linux/lib/libnppial.so
2026-03-26 12:26:24,263 - INFO - [36m(setup pid=7141)[0m 	libnppial.so (libc6,x86-64) => /usr/local/cuda-12.6/targets/x86_64-linux/lib/libnppial.so
2026-03-26 12:26:24,263 - INFO - [36m(setup pid=7141)[0m 	libnppial.so (libc6,x86-64) => /usr/local/cuda-12.8/targets/x86_64-linux/lib/libnppial.so
2026-03-26 12:26:24,263 - INFO - [36m(setup pid=7141)[0m 	libnppc.so.12 (libc6,x86-64) => /usr/local/cuda-12.4/targets/x86_64-linux/lib/libnppc.so.12
2026-03-26 12:26:24,263 - INFO - [36m(setup pid=7141)[0m 	libnppc.so.12 (libc6,x86-64) => /usr/local/cuda-12.5/targets/x86_64-linux/lib/libnppc.so.12
2026-03-26 12:26:24,263 - INFO - [36m(setup pid=7141)[0m 	libnppc.so.12 (libc6,x86-64) => /usr/local/cuda-12.6/targets/x86_64-linux/lib/libnppc.so.12
2026-03-26 12:26:24,263 - INFO - [36m(setup pid=7141)[0m 	libnppc.so.12 (libc6,x86-64) => /usr/local/cuda-12.8/targets/x86_64-linux/lib/libnppc.so.12
2026-03-26 12:26:24,263 - INFO - [36m(setup pid=7141)[0m 	libnppc.so (libc6,x86-64) => /usr/local/cuda-12.4/targets/x86_64-linux/lib/libnppc.so
2026-03-26 12:26:24,263 - INFO - [36m(setup pid=7141)[0m 	libnppc.so (libc6,x86-64) => /usr/local/cuda-12.5/targets/x86_64-linux/lib/libnppc.so
2026-03-26 12:26:24,263 - INFO - [36m(setup pid=7141)[0m 	libnppc.so (libc6,x86-64) => /usr/local/cuda-12.6/targets/x86_64-linux/lib/libnppc.so
2026-03-26 12:26:24,263 - INFO - [36m(setup pid=7141)[0m 	libnppc.so (libc6,x86-64) => /usr/local/cuda-12.8/targets/x86_64-linux/lib/libnppc.so
2026-03-26 12:26:24,263 - INFO - [36m(setup pid=7141)[0m 	libicudata.so.70 (libc6,x86-64) => /lib/x86_64-linux-gnu/libicudata.so.70
2026-03-26 12:26:24,263 - INFO - [36m(setup pid=7141)[0m 	libcusparse.so.12 (libc6,x86-64) => /usr/local/cuda-12.4/targets/x86_64-linux/lib/libcusparse.so.12
2026-03-26 12:26:24,263 - INFO - [36m(setup pid=7141)[0m 	libcusparse.so.12 (libc6,x86-64) => /usr/local/cuda-12.5/targets/x86_64-linux/lib/libcusparse.so.12
2026-03-26 12:26:24,263 - INFO - [36m(setup pid=7141)[0m 	libcusparse.so.12 (libc6,x86-64) => /usr/local/cuda-12.6/targets/x86_64-linux/lib/libcusparse.so.12
2026-03-26 12:26:24,263 - INFO - [36m(setup pid=7141)[0m 	libcusparse.so.12 (libc6,x86-64) => /usr/local/cuda-12.8/targets/x86_64-linux/lib/libcusparse.so.12
2026-03-26 12:26:24,263 - INFO - [36m(setup pid=7141)[0m 	libcusparse.so (libc6,x86-64) => /usr/local/cuda-12.4/targets/x86_64-linux/lib/libcusparse.so
2026-03-26 12:26:24,263 - INFO - [36m(setup pid=7141)[0m 	libcusparse.so (libc6,x86-64) => /usr/local/cuda-12.5/targets/x86_64-linux/lib/libcusparse.so
2026-03-26 12:26:24,263 - INFO - [36m(setup pid=7141)[0m 	libcusparse.so (libc6,x86-64) => /usr/local/cuda-12.6/targets/x86_64-linux/lib/libcusparse.so
2026-03-26 12:26:24,263 - INFO - [36m(setup pid=7141)[0m 	libcusparse.so (libc6,x86-64) => /usr/local/cuda-12.8/targets/x86_64-linux/lib/libcusparse.so
2026-03-26 12:26:24,263 - INFO - [36m(setup pid=7141)[0m 	libcusolverMg.so.11 (libc6,x86-64) => /usr/local/cuda-12.4/targets/x86_64-linux/lib/libcusolverMg.so.11
2026-03-26 12:26:24,263 - INFO - [36m(setup pid=7141)[0m 	libcusolverMg.so.11 (libc6,x86-64) => /usr/local/cuda-12.5/targets/x86_64-linux/lib/libcusolverMg.so.11
2026-03-26 12:26:24,263 - INFO - [36m(setup pid=7141)[0m 	libcusolverMg.so.11 (libc6,x86-64) => /usr/local/cuda-12.6/targets/x86_64-linux/lib/libcusolverMg.so.11
2026-03-26 12:26:24,263 - INFO - [36m(setup pid=7141)[0m 	libcusolverMg.so.11 (libc6,x86-64) => /usr/local/cuda-12.8/targets/x86_64-linux/lib/libcusolverMg.so.11
2026-03-26 12:26:24,263 - INFO - [36m(setup pid=7141)[0m 	libcusolverMg.so (libc6,x86-64) => /usr/local/cuda-12.4/targets/x86_64-linux/lib/libcusolverMg.so
2026-03-26 12:26:24,263 - INFO - [36m(setup pid=7141)[0m 	libcusolverMg.so (libc6,x86-64) => /usr/local/cuda-12.5/targets/x86_64-linux/lib/libcusolverMg.so
2026-03-26 12:26:24,263 - INFO - [36m(setup pid=7141)[0m 	libcusolverMg.so (libc6,x86-64) => /usr/local/cuda-12.6/targets/x86_64-linux/lib/libcusolverMg.so
2026-03-26 12:26:24,263 - INFO - [36m(setup pid=7141)[0m 	libcusolverMg.so (libc6,x86-64) => /usr/local/cuda-12.8/targets/x86_64-linux/lib/libcusolverMg.so
2026-03-26 12:26:24,263 - INFO - [36m(setup pid=7141)[0m 	libcusolver.so.11 (libc6,x86-64) => /usr/local/cuda-12.4/targets/x86_64-linux/lib/libcusolver.so.11
2026-03-26 12:26:24,263 - INFO - [36m(setup pid=7141)[0m 	libcusolver.so.11 (libc6,x86-64) => /usr/local/cuda-12.5/targets/x86_64-linux/lib/libcusolver.so.11
2026-03-26 12:26:24,263 - INFO - [36m(setup pid=7141)[0m 	libcusolver.so.11 (libc6,x86-64) => /usr/local/cuda-12.6/targets/x86_64-linux/lib/libcusolver.so.11
2026-03-26 12:26:24,263 - INFO - [36m(setup pid=7141)[0m 	libcusolver.so.11 (libc6,x86-64) => /usr/local/cuda-12.8/targets/x86_64-linux/lib/libcusolver.so.11
2026-03-26 12:26:24,263 - INFO - [36m(setup pid=7141)[0m 	libcusolver.so (libc6,x86-64) => /usr/local/cuda-12.4/targets/x86_64-linux/lib/libcusolver.so
2026-03-26 12:26:24,263 - INFO - [36m(setup pid=7141)[0m 	libcusolver.so (libc6,x86-64) => /usr/local/cuda-12.5/targets/x86_64-linux/lib/libcusolver.so
2026-03-26 12:26:24,263 - INFO - [36m(setup pid=7141)[0m 	libcusolver.so (libc6,x86-64) => /usr/local/cuda-12.6/targets/x86_64-linux/lib/libcusolver.so
2026-03-26 12:26:24,263 - INFO - [36m(setup pid=7141)[0m 	libcusolver.so (libc6,x86-64) => /usr/local/cuda-12.8/targets/x86_64-linux/lib/libcusolver.so
2026-03-26 12:26:24,263 - INFO - [36m(setup pid=7141)[0m 	libcurand.so.10 (libc6,x86-64) => /usr/local/cuda-12.4/targets/x86_64-linux/lib/libcurand.so.10
2026-03-26 12:26:24,263 - INFO - [36m(setup pid=7141)[0m 	libcurand.so.10 (libc6,x86-64) => /usr/local/cuda-12.5/targets/x86_64-linux/lib/libcurand.so.10
2026-03-26 12:26:24,263 - INFO - [36m(setup pid=7141)[0m 	libcurand.so.10 (libc6,x86-64) => /usr/local/cuda-12.6/targets/x86_64-linux/lib/libcurand.so.10
2026-03-26 12:26:24,263 - INFO - [36m(setup pid=7141)[0m 	libcurand.so.10 (libc6,x86-64) => /usr/local/cuda-12.8/targets/x86_64-linux/lib/libcurand.so.10
2026-03-26 12:26:24,263 - INFO - [36m(setup pid=7141)[0m 	libcurand.so (libc6,x86-64) => /usr/local/cuda-12.4/targets/x86_64-linux/lib/libcurand.so
2026-03-26 12:26:24,263 - INFO - [36m(setup pid=7141)[0m 	libcurand.so (libc6,x86-64) => /usr/local/cuda-12.5/targets/x86_64-linux/lib/libcurand.so
2026-03-26 12:26:24,263 - INFO - [36m(setup pid=7141)[0m 	libcurand.so (libc6,x86-64) => /usr/local/cuda-12.6/targets/x86_64-linux/lib/libcurand.so
2026-03-26 12:26:24,264 - INFO - [36m(setup pid=7141)[0m 	libcurand.so (libc6,x86-64) => /usr/local/cuda-12.8/targets/x86_64-linux/lib/libcurand.so
2026-03-26 12:26:24,264 - INFO - [36m(setup pid=7141)[0m 	libcuinj64.so.12.8 (libc6,x86-64) => /usr/local/cuda-12.8/targets/x86_64-linux/lib/libcuinj64.so.12.8
2026-03-26 12:26:24,264 - INFO - [36m(setup pid=7141)[0m 	libcuinj64.so.12.6 (libc6,x86-64) => /usr/local/cuda-12.6/targets/x86_64-linux/lib/libcuinj64.so.12.6
2026-03-26 12:26:24,264 - INFO - [36m(setup pid=7141)[0m 	libcuinj64.so.12.5 (libc6,x86-64) => /usr/local/cuda-12.5/targets/x86_64-linux/lib/libcuinj64.so.12.5
2026-03-26 12:26:24,264 - INFO - [36m(setup pid=7141)[0m 	libcuinj64.so.12.4 (libc6,x86-64) => /usr/local/cuda-12.4/targets/x86_64-linux/lib/libcuinj64.so.12.4
2026-03-26 12:26:24,264 - INFO - [36m(setup pid=7141)[0m 	libcuinj64.so (libc6,x86-64) => /usr/local/cuda-12.4/targets/x86_64-linux/lib/libcuinj64.so
2026-03-26 12:26:24,264 - INFO - [36m(setup pid=7141)[0m 	libcuinj64.so (libc6,x86-64) => /usr/local/cuda-12.5/targets/x86_64-linux/lib/libcuinj64.so
2026-03-26 12:26:24,264 - INFO - [36m(setup pid=7141)[0m 	libcuinj64.so (libc6,x86-64) => /usr/local/cuda-12.6/targets/x86_64-linux/lib/libcuinj64.so
2026-03-26 12:26:24,264 - INFO - [36m(setup pid=7141)[0m 	libcuinj64.so (libc6,x86-64) => /usr/local/cuda-12.8/targets/x86_64-linux/lib/libcuinj64.so
2026-03-26 12:26:24,264 - INFO - [36m(setup pid=7141)[0m 	libcufile_rdma.so.1 (libc6,x86-64) => /usr/local/cuda-12.4/targets/x86_64-linux/lib/libcufile_rdma.so.1
2026-03-26 12:26:24,264 - INFO - [36m(setup pid=7141)[0m 	libcufile_rdma.so.1 (libc6,x86-64) => /usr/local/cuda-12.5/targets/x86_64-linux/lib/libcufile_rdma.so.1
2026-03-26 12:26:24,264 - INFO - [36m(setup pid=7141)[0m 	libcufile_rdma.so.1 (libc6,x86-64) => /usr/local/cuda-12.6/targets/x86_64-linux/lib/libcufile_rdma.so.1
2026-03-26 12:26:24,264 - INFO - [36m(setup pid=7141)[0m 	libcufile_rdma.so.1 (libc6,x86-64) => /usr/local/cuda-12.8/targets/x86_64-linux/lib/libcufile_rdma.so.1
2026-03-26 12:26:24,264 - INFO - [36m(setup pid=7141)[0m 	libcufile_rdma.so (libc6,x86-64) => /usr/local/cuda-12.4/targets/x86_64-linux/lib/libcufile_rdma.so
2026-03-26 12:26:24,264 - INFO - [36m(setup pid=7141)[0m 	libcufile_rdma.so (libc6,x86-64) => /usr/local/cuda-12.5/targets/x86_64-linux/lib/libcufile_rdma.so
2026-03-26 12:26:24,264 - INFO - [36m(setup pid=7141)[0m 	libcufile_rdma.so (libc6,x86-64) => /usr/local/cuda-12.6/targets/x86_64-linux/lib/libcufile_rdma.so
2026-03-26 12:26:24,264 - INFO - [36m(setup pid=7141)[0m 	libcufile_rdma.so (libc6,x86-64) => /usr/local/cuda-12.8/targets/x86_64-linux/lib/libcufile_rdma.so
2026-03-26 12:26:24,264 - INFO - [36m(setup pid=7141)[0m 	libcufile.so.0 (libc6,x86-64) => /usr/local/cuda-12.4/targets/x86_64-linux/lib/libcufile.so.0
2026-03-26 12:26:24,264 - INFO - [36m(setup pid=7141)[0m 	libcufile.so.0 (libc6,x86-64) => /usr/local/cuda-12.5/targets/x86_64-linux/lib/libcufile.so.0
2026-03-26 12:26:24,264 - INFO - [36m(setup pid=7141)[0m 	libcufile.so.0 (libc6,x86-64) => /usr/local/cuda-12.6/targets/x86_64-linux/lib/libcufile.so.0
2026-03-26 12:26:24,264 - INFO - [36m(setup pid=7141)[0m 	libcufile.so.0 (libc6,x86-64) => /usr/local/cuda-12.8/targets/x86_64-linux/lib/libcufile.so.0
2026-03-26 12:26:24,264 - INFO - [36m(setup pid=7141)[0m 	libcufile.so (libc6,x86-64) => /usr/local/cuda-12.4/targets/x86_64-linux/lib/libcufile.so
2026-03-26 12:26:24,264 - INFO - [36m(setup pid=7141)[0m 	libcufile.so (libc6,x86-64) => /usr/local/cuda-12.5/targets/x86_64-linux/lib/libcufile.so
2026-03-26 12:26:24,264 - INFO - [36m(setup pid=7141)[0m 	libcufile.so (libc6,x86-64) => /usr/local/cuda-12.6/targets/x86_64-linux/lib/libcufile.so
2026-03-26 12:26:24,264 - INFO - [36m(setup pid=7141)[0m 	libcufile.so (libc6,x86-64) => /usr/local/cuda-12.8/targets/x86_64-linux/lib/libcufile.so
2026-03-26 12:26:24,264 - INFO - [36m(setup pid=7141)[0m 	libcufftw.so.11 (libc6,x86-64) => /usr/local/cuda-12.4/targets/x86_64-linux/lib/libcufftw.so.11
2026-03-26 12:26:24,264 - INFO - [36m(setup pid=7141)[0m 	libcufftw.so.11 (libc6,x86-64) => /usr/local/cuda-12.5/targets/x86_64-linux/lib/libcufftw.so.11
2026-03-26 12:26:24,264 - INFO - [36m(setup pid=7141)[0m 	libcufftw.so.11 (libc6,x86-64) => /usr/local/cuda-12.6/targets/x86_64-linux/lib/libcufftw.so.11
2026-03-26 12:26:24,264 - INFO - [36m(setup pid=7141)[0m 	libcufftw.so.11 (libc6,x86-64) => /usr/local/cuda-12.8/targets/x86_64-linux/lib/libcufftw.so.11
2026-03-26 12:26:24,264 - INFO - [36m(setup pid=7141)[0m 	libcufftw.so (libc6,x86-64) => /usr/local/cuda-12.4/targets/x86_64-linux/lib/libcufftw.so
2026-03-26 12:26:24,264 - INFO - [36m(setup pid=7141)[0m 	libcufftw.so (libc6,x86-64) => /usr/local/cuda-12.5/targets/x86_64-linux/lib/libcufftw.so
2026-03-26 12:26:24,264 - INFO - [36m(setup pid=7141)[0m 	libcufftw.so (libc6,x86-64) => /usr/local/cuda-12.6/targets/x86_64-linux/lib/libcufftw.so
2026-03-26 12:26:24,264 - INFO - [36m(setup pid=7141)[0m 	libcufftw.so (libc6,x86-64) => /usr/local/cuda-12.8/targets/x86_64-linux/lib/libcufftw.so
2026-03-26 12:26:24,264 - INFO - [36m(setup pid=7141)[0m 	libcufft.so.11 (libc6,x86-64) => /usr/local/cuda-12.4/targets/x86_64-linux/lib/libcufft.so.11
2026-03-26 12:26:24,264 - INFO - [36m(setup pid=7141)[0m 	libcufft.so.11 (libc6,x86-64) => /usr/local/cuda-12.5/targets/x86_64-linux/lib/libcufft.so.11
2026-03-26 12:26:24,264 - INFO - [36m(setup pid=7141)[0m 	libcufft.so.11 (libc6,x86-64) => /usr/local/cuda-12.6/targets/x86_64-linux/lib/libcufft.so.11
2026-03-26 12:26:24,264 - INFO - [36m(setup pid=7141)[0m 	libcufft.so.11 (libc6,x86-64) => /usr/local/cuda-12.8/targets/x86_64-linux/lib/libcufft.so.11
2026-03-26 12:26:24,264 - INFO - [36m(setup pid=7141)[0m 	libcufft.so (libc6,x86-64) => /usr/local/cuda-12.4/targets/x86_64-linux/lib/libcufft.so
2026-03-26 12:26:24,264 - INFO - [36m(setup pid=7141)[0m 	libcufft.so (libc6,x86-64) => /usr/local/cuda-12.5/targets/x86_64-linux/lib/libcufft.so
2026-03-26 12:26:24,264 - INFO - [36m(setup pid=7141)[0m 	libcufft.so (libc6,x86-64) => /usr/local/cuda-12.6/targets/x86_64-linux/lib/libcufft.so
2026-03-26 12:26:24,264 - INFO - [36m(setup pid=7141)[0m 	libcufft.so (libc6,x86-64) => /usr/local/cuda-12.8/targets/x86_64-linux/lib/libcufft.so
2026-03-26 12:26:24,264 - INFO - [36m(setup pid=7141)[0m 	libcudart.so.12 (libc6,x86-64) => /usr/local/cuda-12.4/targets/x86_64-linux/lib/libcudart.so.12
2026-03-26 12:26:24,264 - INFO - [36m(setup pid=7141)[0m 	libcudart.so.12 (libc6,x86-64) => /usr/local/cuda-12.5/targets/x86_64-linux/lib/libcudart.so.12
2026-03-26 12:26:24,264 - INFO - [36m(setup pid=7141)[0m 	libcudart.so.12 (libc6,x86-64) => /usr/local/cuda-12.6/targets/x86_64-linux/lib/libcudart.so.12
2026-03-26 12:26:24,264 - INFO - [36m(setup pid=7141)[0m 	libcudart.so.12 (libc6,x86-64) => /usr/local/cuda-12.8/targets/x86_64-linux/lib/libcudart.so.12
2026-03-26 12:26:24,264 - INFO - [36m(setup pid=7141)[0m 	libcudart.so (libc6,x86-64) => /usr/local/cuda-12.4/targets/x86_64-linux/lib/libcudart.so
2026-03-26 12:26:24,264 - INFO - [36m(setup pid=7141)[0m 	libcudart.so (libc6,x86-64) => /usr/local/cuda-12.5/targets/x86_64-linux/lib/libcudart.so
2026-03-26 12:26:24,264 - INFO - [36m(setup pid=7141)[0m 	libcudart.so (libc6,x86-64) => /usr/local/cuda-12.6/targets/x86_64-linux/lib/libcudart.so
2026-03-26 12:26:24,264 - INFO - [36m(setup pid=7141)[0m 	libcudart.so (libc6,x86-64) => /usr/local/cuda-12.8/targets/x86_64-linux/lib/libcudart.so
2026-03-26 12:26:24,264 - INFO - [36m(setup pid=7141)[0m 	libcudadebugger.so.1 (libc6,x86-64) => /lib/x86_64-linux-gnu/libcudadebugger.so.1
2026-03-26 12:26:24,264 - INFO - [36m(setup pid=7141)[0m 	libcuda.so.1 (libc6,x86-64) => /lib/x86_64-linux-gnu/libcuda.so.1
2026-03-26 12:26:24,264 - INFO - [36m(setup pid=7141)[0m 	libcuda.so (libc6,x86-64) => /lib/x86_64-linux-gnu/libcuda.so
2026-03-26 12:26:24,264 - INFO - [36m(setup pid=7141)[0m 	libcublasLt.so.12 (libc6,x86-64) => /usr/local/cuda-12.4/targets/x86_64-linux/lib/libcublasLt.so.12
2026-03-26 12:26:24,264 - INFO - [36m(setup pid=7141)[0m 	libcublasLt.so.12 (libc6,x86-64) => /usr/local/cuda-12.5/targets/x86_64-linux/lib/libcublasLt.so.12
2026-03-26 12:26:24,264 - INFO - [36m(setup pid=7141)[0m 	libcublasLt.so.12 (libc6,x86-64) => /usr/local/cuda-12.6/targets/x86_64-linux/lib/libcublasLt.so.12
2026-03-26 12:26:24,264 - INFO - [36m(setup pid=7141)[0m 	libcublasLt.so.12 (libc6,x86-64) => /usr/local/cuda-12.8/targets/x86_64-linux/lib/libcublasLt.so.12
2026-03-26 12:26:24,264 - INFO - [36m(setup pid=7141)[0m 	libcublasLt.so (libc6,x86-64) => /usr/local/cuda-12.4/targets/x86_64-linux/lib/libcublasLt.so
2026-03-26 12:26:24,264 - INFO - [36m(setup pid=7141)[0m 	libcublasLt.so (libc6,x86-64) => /usr/local/cuda-12.5/targets/x86_64-linux/lib/libcublasLt.so
2026-03-26 12:26:24,264 - INFO - [36m(setup pid=7141)[0m 	libcublasLt.so (libc6,x86-64) => /usr/local/cuda-12.6/targets/x86_64-linux/lib/libcublasLt.so
2026-03-26 12:26:24,264 - INFO - [36m(setup pid=7141)[0m 	libcublasLt.so (libc6,x86-64) => /usr/local/cuda-12.8/targets/x86_64-linux/lib/libcublasLt.so
2026-03-26 12:26:24,264 - INFO - [36m(setup pid=7141)[0m 	libcublas.so.12 (libc6,x86-64) => /usr/local/cuda-12.4/targets/x86_64-linux/lib/libcublas.so.12
2026-03-26 12:26:24,264 - INFO - [36m(setup pid=7141)[0m 	libcublas.so.12 (libc6,x86-64) => /usr/local/cuda-12.5/targets/x86_64-linux/lib/libcublas.so.12
2026-03-26 12:26:24,264 - INFO - [36m(setup pid=7141)[0m 	libcublas.so.12 (libc6,x86-64) => /usr/local/cuda-12.6/targets/x86_64-linux/lib/libcublas.so.12
2026-03-26 12:26:24,264 - INFO - [36m(setup pid=7141)[0m 	libcublas.so.12 (libc6,x86-64) => /usr/local/cuda-12.8/targets/x86_64-linux/lib/libcublas.so.12
2026-03-26 12:26:24,264 - INFO - [36m(setup pid=7141)[0m 	libcublas.so (libc6,x86-64) => /usr/local/cuda-12.4/targets/x86_64-linux/lib/libcublas.so
2026-03-26 12:26:24,264 - INFO - [36m(setup pid=7141)[0m 	libcublas.so (libc6,x86-64) => /usr/local/cuda-12.5/targets/x86_64-linux/lib/libcublas.so
2026-03-26 12:26:24,264 - INFO - [36m(setup pid=7141)[0m 	libcublas.so (libc6,x86-64) => /usr/local/cuda-12.6/targets/x86_64-linux/lib/libcublas.so
2026-03-26 12:26:24,264 - INFO - [36m(setup pid=7141)[0m 	libcublas.so (libc6,x86-64) => /usr/local/cuda-12.8/targets/x86_64-linux/lib/libcublas.so
2026-03-26 12:26:24,264 - INFO - [36m(setup pid=7141)[0m 	libaccinj64.so.12.8 (libc6,x86-64) => /usr/local/cuda-12.8/targets/x86_64-linux/lib/libaccinj64.so.12.8
2026-03-26 12:26:24,264 - INFO - [36m(setup pid=7141)[0m 	libaccinj64.so.12.6 (libc6,x86-64) => /usr/local/cuda-12.6/targets/x86_64-linux/lib/libaccinj64.so.12.6
2026-03-26 12:26:24,264 - INFO - [36m(setup pid=7141)[0m 	libaccinj64.so.12.5 (libc6,x86-64) => /usr/local/cuda-12.5/targets/x86_64-linux/lib/libaccinj64.so.12.5
2026-03-26 12:26:24,264 - INFO - [36m(setup pid=7141)[0m 	libaccinj64.so.12.4 (libc6,x86-64) => /usr/local/cuda-12.4/targets/x86_64-linux/lib/libaccinj64.so.12.4
2026-03-26 12:26:24,264 - INFO - [36m(setup pid=7141)[0m 	libaccinj64.so (libc6,x86-64) => /usr/local/cuda-12.4/targets/x86_64-linux/lib/libaccinj64.so
2026-03-26 12:26:24,264 - INFO - [36m(setup pid=7141)[0m 	libaccinj64.so (libc6,x86-64) => /usr/local/cuda-12.5/targets/x86_64-linux/lib/libaccinj64.so
2026-03-26 12:26:24,264 - INFO - [36m(setup pid=7141)[0m 	libaccinj64.so (libc6,x86-64) => /usr/local/cuda-12.6/targets/x86_64-linux/lib/libaccinj64.so
2026-03-26 12:26:24,264 - INFO - [36m(setup pid=7141)[0m 	libaccinj64.so (libc6,x86-64) => /usr/local/cuda-12.8/targets/x86_64-linux/lib/libaccinj64.so
2026-03-26 12:26:24,265 - INFO - [36m(setup pid=7141)[0m 	libOpenCL.so.1 (libc6,x86-64) => /usr/local/cuda-12.4/targets/x86_64-linux/lib/libOpenCL.so.1
2026-03-26 12:26:24,265 - INFO - [36m(setup pid=7141)[0m 	libOpenCL.so.1 (libc6,x86-64) => /usr/local/cuda-12.5/targets/x86_64-linux/lib/libOpenCL.so.1
2026-03-26 12:26:24,265 - INFO - [36m(setup pid=7141)[0m 	libOpenCL.so.1 (libc6,x86-64) => /usr/local/cuda-12.6/targets/x86_64-linux/lib/libOpenCL.so.1
2026-03-26 12:26:24,265 - INFO - [36m(setup pid=7141)[0m 	libOpenCL.so.1 (libc6,x86-64) => /usr/local/cuda-12.8/targets/x86_64-linux/lib/libOpenCL.so.1
2026-03-26 12:26:24,265 - INFO - [36m(setup pid=7141)[0m 	libOpenCL.so (libc6,x86-64) => /usr/local/cuda-12.4/targets/x86_64-linux/lib/libOpenCL.so
2026-03-26 12:26:24,265 - INFO - [36m(setup pid=7141)[0m 	libOpenCL.so (libc6,x86-64) => /usr/local/cuda-12.5/targets/x86_64-linux/lib/libOpenCL.so
2026-03-26 12:26:24,265 - INFO - [36m(setup pid=7141)[0m 	libOpenCL.so (libc6,x86-64) => /usr/local/cuda-12.6/targets/x86_64-linux/lib/libOpenCL.so
2026-03-26 12:26:24,265 - INFO - [36m(setup pid=7141)[0m 	libOpenCL.so (libc6,x86-64) => /usr/local/cuda-12.8/targets/x86_64-linux/lib/libOpenCL.so
2026-03-26 12:26:24,265 - INFO - [36m(setup pid=7141)[0m + echo 'CUDA toolkit path:'
2026-03-26 12:26:24,265 - INFO - [36m(setup pid=7141)[0m CUDA toolkit path:
2026-03-26 12:26:24,265 - INFO - [36m(setup pid=7141)[0m + ls --color=auto -la /usr/local/cuda /usr/local/cuda-12.4 /usr/local/cuda-12.5 /usr/local/cuda-12.6 /usr/local/cuda-12.8
2026-03-26 12:26:24,265 - INFO - [36m(setup pid=4368, ip=172.31.47.227)[0m + echo 'Checking CUDA libraries...'
2026-03-26 12:26:24,265 - INFO - [36m(setup pid=4368, ip=172.31.47.227)[0m Checking CUDA libraries...
2026-03-26 12:26:24,265 - INFO - [36m(setup pid=4368, ip=172.31.47.227)[0m + ldconfig -p
2026-03-26 12:26:24,265 - INFO - [36m(setup pid=4368, ip=172.31.47.227)[0m + grep --color=auto cuda
2026-03-26 12:26:24,265 - INFO - [36m(setup pid=4368, ip=172.31.47.227)[0m 	libnvrtc.so.12 (libc6,x86-64) => /usr/local/cuda-12.4/targets/x86_64-linux/lib/libnvrtc.so.12
2026-03-26 12:26:24,265 - INFO - [36m(setup pid=4368, ip=172.31.47.227)[0m 	libnvrtc.so.12 (libc6,x86-64) => /usr/local/cuda-12.5/targets/x86_64-linux/lib/libnvrtc.so.12
2026-03-26 12:26:24,265 - INFO - [36m(setup pid=4368, ip=172.31.47.227)[0m 	libnvrtc.so.12 (libc6,x86-64) => /usr/local/cuda-12.6/targets/x86_64-linux/lib/libnvrtc.so.12
2026-03-26 12:26:24,265 - INFO - [36m(setup pid=4368, ip=172.31.47.227)[0m 	libnvrtc.so.12 (libc6,x86-64) => /usr/local/cuda-12.8/targets/x86_64-linux/lib/libnvrtc.so.12
2026-03-26 12:26:24,265 - INFO - [36m(setup pid=4368, ip=172.31.47.227)[0m 	libnvrtc.so (libc6,x86-64) => /usr/local/cuda-12.4/targets/x86_64-linux/lib/libnvrtc.so
2026-03-26 12:26:24,265 - INFO - [36m(setup pid=4368, ip=172.31.47.227)[0m 	libnvrtc.so (libc6,x86-64) => /usr/local/cuda-12.5/targets/x86_64-linux/lib/libnvrtc.so
2026-03-26 12:26:24,265 - INFO - [36m(setup pid=4368, ip=172.31.47.227)[0m 	libnvrtc.so (libc6,x86-64) => /usr/local/cuda-12.6/targets/x86_64-linux/lib/libnvrtc.so
2026-03-26 12:26:24,265 - INFO - [36m(setup pid=4368, ip=172.31.47.227)[0m 	libnvrtc.so (libc6,x86-64) => /usr/local/cuda-12.8/targets/x86_64-linux/lib/libnvrtc.so
2026-03-26 12:26:24,265 - INFO - [36m(setup pid=4368, ip=172.31.47.227)[0m 	libnvrtc.alt.so.12 (libc6,x86-64) => /usr/local/cuda-12.8/targets/x86_64-linux/lib/libnvrtc.alt.so.12
2026-03-26 12:26:24,265 - INFO - [36m(setup pid=4368, ip=172.31.47.227)[0m 	libnvrtc.alt.so (libc6,x86-64) => /usr/local/cuda-12.8/targets/x86_64-linux/lib/libnvrtc.alt.so
2026-03-26 12:26:24,265 - INFO - [36m(setup pid=4368, ip=172.31.47.227)[0m 	libnvrtc-builtins.so.12.8 (libc6,x86-64) => /usr/local/cuda-12.8/targets/x86_64-linux/lib/libnvrtc-builtins.so.12.8
2026-03-26 12:26:24,265 - INFO - [36m(setup pid=4368, ip=172.31.47.227)[0m 	libnvrtc-builtins.so.12.6 (libc6,x86-64) => /usr/local/cuda-12.6/targets/x86_64-linux/lib/libnvrtc-builtins.so.12.6
2026-03-26 12:26:24,265 - INFO - [36m(setup pid=4368, ip=172.31.47.227)[0m 	libnvrtc-builtins.so.12.5 (libc6,x86-64) => /usr/local/cuda-12.5/targets/x86_64-linux/lib/libnvrtc-builtins.so.12.5
2026-03-26 12:26:24,265 - INFO - [36m(setup pid=4368, ip=172.31.47.227)[0m 	libnvrtc-builtins.so.12.4 (libc6,x86-64) => /usr/local/cuda-12.4/targets/x86_64-linux/lib/libnvrtc-builtins.so.12.4
2026-03-26 12:26:24,265 - INFO - [36m(setup pid=4368, ip=172.31.47.227)[0m 	libnvrtc-builtins.so (libc6,x86-64) => /usr/local/cuda-12.4/targets/x86_64-linux/lib/libnvrtc-builtins.so
2026-03-26 12:26:24,265 - INFO - [36m(setup pid=4368, ip=172.31.47.227)[0m 	libnvrtc-builtins.so (libc6,x86-64) => /usr/local/cuda-12.5/targets/x86_64-linux/lib/libnvrtc-builtins.so
2026-03-26 12:26:24,265 - INFO - [36m(setup pid=4368, ip=172.31.47.227)[0m 	libnvrtc-builtins.so (libc6,x86-64) => /usr/local/cuda-12.6/targets/x86_64-linux/lib/libnvrtc-builtins.so
2026-03-26 12:26:24,265 - INFO - [36m(setup pid=4368, ip=172.31.47.227)[0m 	libnvrtc-builtins.so (libc6,x86-64) => /usr/local/cuda-12.8/targets/x86_64-linux/lib/libnvrtc-builtins.so
2026-03-26 12:26:24,265 - INFO - [36m(setup pid=4368, ip=172.31.47.227)[0m 	libnvrtc-builtins.alt.so.12.8 (libc6,x86-64) => /usr/local/cuda-12.8/targets/x86_64-linux/lib/libnvrtc-builtins.alt.so.12.8
2026-03-26 12:26:24,265 - INFO - [36m(setup pid=4368, ip=172.31.47.227)[0m 	libnvrtc-builtins.alt.so (libc6,x86-64) => /usr/local/cuda-12.8/targets/x86_64-linux/lib/libnvrtc-builtins.alt.so
2026-03-26 12:26:24,265 - INFO - [36m(setup pid=4368, ip=172.31.47.227)[0m 	libnvjpeg.so.12 (libc6,x86-64) => /usr/local/cuda-12.4/targets/x86_64-linux/lib/libnvjpeg.so.12
2026-03-26 12:26:24,265 - INFO - [36m(setup pid=4368, ip=172.31.47.227)[0m 	libnvjpeg.so.12 (libc6,x86-64) => /usr/local/cuda-12.5/targets/x86_64-linux/lib/libnvjpeg.so.12
2026-03-26 12:26:24,265 - INFO - [36m(setup pid=4368, ip=172.31.47.227)[0m 	libnvjpeg.so.12 (libc6,x86-64) => /usr/local/cuda-12.6/targets/x86_64-linux/lib/libnvjpeg.so.12
2026-03-26 12:26:24,265 - INFO - [36m(setup pid=4368, ip=172.31.47.227)[0m 	libnvjpeg.so.12 (libc6,x86-64) => /usr/local/cuda-12.8/targets/x86_64-linux/lib/libnvjpeg.so.12
2026-03-26 12:26:24,265 - INFO - [36m(setup pid=4368, ip=172.31.47.227)[0m 	libnvjpeg.so (libc6,x86-64) => /usr/local/cuda-12.4/targets/x86_64-linux/lib/libnvjpeg.so
2026-03-26 12:26:24,265 - INFO - [36m(setup pid=4368, ip=172.31.47.227)[0m 	libnvjpeg.so (libc6,x86-64) => /usr/local/cuda-12.5/targets/x86_64-linux/lib/libnvjpeg.so
2026-03-26 12:26:24,265 - INFO - [36m(setup pid=4368, ip=172.31.47.227)[0m 	libnvjpeg.so (libc6,x86-64) => /usr/local/cuda-12.6/targets/x86_64-linux/lib/libnvjpeg.so
2026-03-26 12:26:24,265 - INFO - [36m(setup pid=4368, ip=172.31.47.227)[0m 	libnvjpeg.so (libc6,x86-64) => /usr/local/cuda-12.8/targets/x86_64-linux/lib/libnvjpeg.so
2026-03-26 12:26:24,265 - INFO - [36m(setup pid=4368, ip=172.31.47.227)[0m 	libnvfatbin.so.12 (libc6,x86-64) => /usr/local/cuda-12.4/targets/x86_64-linux/lib/libnvfatbin.so.12
2026-03-26 12:26:24,265 - INFO - [36m(setup pid=4368, ip=172.31.47.227)[0m 	libnvfatbin.so.12 (libc6,x86-64) => /usr/local/cuda-12.5/targets/x86_64-linux/lib/libnvfatbin.so.12
2026-03-26 12:26:24,265 - INFO - [36m(setup pid=4368, ip=172.31.47.227)[0m 	libnvfatbin.so.12 (libc6,x86-64) => /usr/local/cuda-12.6/targets/x86_64-linux/lib/libnvfatbin.so.12
2026-03-26 12:26:24,265 - INFO - [36m(setup pid=4368, ip=172.31.47.227)[0m 	libnvfatbin.so.12 (libc6,x86-64) => /usr/local/cuda-12.8/targets/x86_64-linux/lib/libnvfatbin.so.12
2026-03-26 12:26:24,265 - INFO - [36m(setup pid=4368, ip=172.31.47.227)[0m 	libnvfatbin.so (libc6,x86-64) => /usr/local/cuda-12.4/targets/x86_64-linux/lib/libnvfatbin.so
2026-03-26 12:26:24,265 - INFO - [36m(setup pid=4368, ip=172.31.47.227)[0m 	libnvfatbin.so (libc6,x86-64) => /usr/local/cuda-12.5/targets/x86_64-linux/lib/libnvfatbin.so
2026-03-26 12:26:24,265 - INFO - [36m(setup pid=4368, ip=172.31.47.227)[0m 	libnvfatbin.so (libc6,x86-64) => /usr/local/cuda-12.6/targets/x86_64-linux/lib/libnvfatbin.so
2026-03-26 12:26:24,265 - INFO - [36m(setup pid=4368, ip=172.31.47.227)[0m 	libnvfatbin.so (libc6,x86-64) => /usr/local/cuda-12.8/targets/x86_64-linux/lib/libnvfatbin.so
2026-03-26 12:26:24,265 - INFO - [36m(setup pid=4368, ip=172.31.47.227)[0m 	libnvblas.so.12 (libc6,x86-64) => /usr/local/cuda-12.4/targets/x86_64-linux/lib/libnvblas.so.12
2026-03-26 12:26:24,265 - INFO - [36m(setup pid=4368, ip=172.31.47.227)[0m 	libnvblas.so.12 (libc6,x86-64) => /usr/local/cuda-12.5/targets/x86_64-linux/lib/libnvblas.so.12
2026-03-26 12:26:24,265 - INFO - [36m(setup pid=4368, ip=172.31.47.227)[0m 	libnvblas.so.12 (libc6,x86-64) => /usr/local/cuda-12.6/targets/x86_64-linux/lib/libnvblas.so.12
2026-03-26 12:26:24,265 - INFO - [36m(setup pid=4368, ip=172.31.47.227)[0m 	libnvblas.so.12 (libc6,x86-64) => /usr/local/cuda-12.8/targets/x86_64-linux/lib/libnvblas.so.12
2026-03-26 12:26:24,265 - INFO - [36m(setup pid=4368, ip=172.31.47.227)[0m 	libnvblas.so (libc6,x86-64) => /usr/local/cuda-12.4/targets/x86_64-linux/lib/libnvblas.so
2026-03-26 12:26:24,265 - INFO - [36m(setup pid=4368, ip=172.31.47.227)[0m 	libnvblas.so (libc6,x86-64) => /usr/local/cuda-12.5/targets/x86_64-linux/lib/libnvblas.so
2026-03-26 12:26:24,265 - INFO - [36m(setup pid=4368, ip=172.31.47.227)[0m 	libnvblas.so (libc6,x86-64) => /usr/local/cuda-12.6/targets/x86_64-linux/lib/libnvblas.so
2026-03-26 12:26:24,265 - INFO - [36m(setup pid=4368, ip=172.31.47.227)[0m 	libnvblas.so (libc6,x86-64) => /usr/local/cuda-12.8/targets/x86_64-linux/lib/libnvblas.so
2026-03-26 12:26:24,265 - INFO - [36m(setup pid=4368, ip=172.31.47.227)[0m 	libnvToolsExt.so.1 (libc6,x86-64) => /usr/local/cuda-12.4/targets/x86_64-linux/lib/libnvToolsExt.so.1
2026-03-26 12:26:24,265 - INFO - [36m(setup pid=4368, ip=172.31.47.227)[0m 	libnvToolsExt.so.1 (libc6,x86-64) => /usr/local/cuda-12.5/targets/x86_64-linux/lib/libnvToolsExt.so.1
2026-03-26 12:26:24,265 - INFO - [36m(setup pid=4368, ip=172.31.47.227)[0m 	libnvToolsExt.so.1 (libc6,x86-64) => /usr/local/cuda-12.6/targets/x86_64-linux/lib/libnvToolsExt.so.1
2026-03-26 12:26:24,265 - INFO - [36m(setup pid=4368, ip=172.31.47.227)[0m 	libnvToolsExt.so.1 (libc6,x86-64) => /usr/local/cuda-12.8/targets/x86_64-linux/lib/libnvToolsExt.so.1
2026-03-26 12:26:24,265 - INFO - [36m(setup pid=4368, ip=172.31.47.227)[0m 	libnvToolsExt.so (libc6,x86-64) => /usr/local/cuda-12.4/targets/x86_64-linux/lib/libnvToolsExt.so
2026-03-26 12:26:24,265 - INFO - [36m(setup pid=4368, ip=172.31.47.227)[0m 	libnvToolsExt.so (libc6,x86-64) => /usr/local/cuda-12.5/targets/x86_64-linux/lib/libnvToolsExt.so
2026-03-26 12:26:24,265 - INFO - [36m(setup pid=4368, ip=172.31.47.227)[0m 	libnvToolsExt.so (libc6,x86-64) => /usr/local/cuda-12.6/targets/x86_64-linux/lib/libnvToolsExt.so
2026-03-26 12:26:24,265 - INFO - [36m(setup pid=4368, ip=172.31.47.227)[0m 	libnvToolsExt.so (libc6,x86-64) => /usr/local/cuda-12.8/targets/x86_64-linux/lib/libnvToolsExt.so
2026-03-26 12:26:24,265 - INFO - [36m(setup pid=4368, ip=172.31.47.227)[0m 	libnvJitLink.so.12 (libc6,x86-64) => /usr/local/cuda-12.4/targets/x86_64-linux/lib/libnvJitLink.so.12
2026-03-26 12:26:24,265 - INFO - [36m(setup pid=4368, ip=172.31.47.227)[0m 	libnvJitLink.so.12 (libc6,x86-64) => /usr/local/cuda-12.5/targets/x86_64-linux/lib/libnvJitLink.so.12
2026-03-26 12:26:24,265 - INFO - [36m(setup pid=4368, ip=172.31.47.227)[0m 	libnvJitLink.so.12 (libc6,x86-64) => /usr/local/cuda-12.6/targets/x86_64-linux/lib/libnvJitLink.so.12
2026-03-26 12:26:24,265 - INFO - [36m(setup pid=4368, ip=172.31.47.227)[0m 	libnvJitLink.so.12 (libc6,x86-64) => /usr/local/cuda-12.8/targets/x86_64-linux/lib/libnvJitLink.so.12
2026-03-26 12:26:24,265 - INFO - [36m(setup pid=4368, ip=172.31.47.227)[0m 	libnvJitLink.so (libc6,x86-64) => /usr/local/cuda-12.4/targets/x86_64-linux/lib/libnvJitLink.so
2026-03-26 12:26:24,265 - INFO - [36m(setup pid=4368, ip=172.31.47.227)[0m 	libnvJitLink.so (libc6,x86-64) => /usr/local/cuda-12.5/targets/x86_64-linux/lib/libnvJitLink.so
2026-03-26 12:26:24,265 - INFO - [36m(setup pid=4368, ip=172.31.47.227)[0m 	libnvJitLink.so (libc6,x86-64) => /usr/local/cuda-12.6/targets/x86_64-linux/lib/libnvJitLink.so
2026-03-26 12:26:24,265 - INFO - [36m(setup pid=4368, ip=172.31.47.227)[0m 	libnvJitLink.so (libc6,x86-64) => /usr/local/cuda-12.8/targets/x86_64-linux/lib/libnvJitLink.so
2026-03-26 12:26:24,265 - INFO - [36m(setup pid=4368, ip=172.31.47.227)[0m 	libnpps.so.12 (libc6,x86-64) => /usr/local/cuda-12.4/targets/x86_64-linux/lib/libnpps.so.12
2026-03-26 12:26:24,265 - INFO - [36m(setup pid=4368, ip=172.31.47.227)[0m 	libnpps.so.12 (libc6,x86-64) => /usr/local/cuda-12.5/targets/x86_64-linux/lib/libnpps.so.12
2026-03-26 12:26:24,265 - INFO - [36m(setup pid=4368, ip=172.31.47.227)[0m 	libnpps.so.12 (libc6,x86-64) => /usr/local/cuda-12.6/targets/x86_64-linux/lib/libnpps.so.12
2026-03-26 12:26:24,265 - INFO - [36m(setup pid=4368, ip=172.31.47.227)[0m 	libnpps.so.12 (libc6,x86-64) => /usr/local/cuda-12.8/targets/x86_64-linux/lib/libnpps.so.12
2026-03-26 12:26:24,265 - INFO - [36m(setup pid=4368, ip=172.31.47.227)[0m 	libnpps.so (libc6,x86-64) => /usr/local/cuda-12.4/targets/x86_64-linux/lib/libnpps.so
2026-03-26 12:26:24,265 - INFO - [36m(setup pid=4368, ip=172.31.47.227)[0m 	libnpps.so (libc6,x86-64) => /usr/local/cuda-12.5/targets/x86_64-linux/lib/libnpps.so
2026-03-26 12:26:24,265 - INFO - [36m(setup pid=4368, ip=172.31.47.227)[0m 	libnpps.so (libc6,x86-64) => /usr/local/cuda-12.6/targets/x86_64-linux/lib/libnpps.so
2026-03-26 12:26:24,265 - INFO - [36m(setup pid=4368, ip=172.31.47.227)[0m 	libnpps.so (libc6,x86-64) => /usr/local/cuda-12.8/targets/x86_64-linux/lib/libnpps.so
2026-03-26 12:26:24,265 - INFO - [36m(setup pid=4368, ip=172.31.47.227)[0m 	libnppitc.so.12 (libc6,x86-64) => /usr/local/cuda-12.4/targets/x86_64-linux/lib/libnppitc.so.12
2026-03-26 12:26:24,265 - INFO - [36m(setup pid=4368, ip=172.31.47.227)[0m 	libnppitc.so.12 (libc6,x86-64) => /usr/local/cuda-12.5/targets/x86_64-linux/lib/libnppitc.so.12
2026-03-26 12:26:24,265 - INFO - [36m(setup pid=4368, ip=172.31.47.227)[0m 	libnppitc.so.12 (libc6,x86-64) => /usr/local/cuda-12.6/targets/x86_64-linux/lib/libnppitc.so.12
2026-03-26 12:26:24,265 - INFO - [36m(setup pid=4368, ip=172.31.47.227)[0m 	libnppitc.so.12 (libc6,x86-64) => /usr/local/cuda-12.8/targets/x86_64-linux/lib/libnppitc.so.12
2026-03-26 12:26:24,265 - INFO - [36m(setup pid=4368, ip=172.31.47.227)[0m 	libnppitc.so (libc6,x86-64) => /usr/local/cuda-12.4/targets/x86_64-linux/lib/libnppitc.so
2026-03-26 12:26:24,265 - INFO - [36m(setup pid=4368, ip=172.31.47.227)[0m 	libnppitc.so (libc6,x86-64) => /usr/local/cuda-12.5/targets/x86_64-linux/lib/libnppitc.so
2026-03-26 12:26:24,265 - INFO - [36m(setup pid=4368, ip=172.31.47.227)[0m 	libnppitc.so (libc6,x86-64) => /usr/local/cuda-12.6/targets/x86_64-linux/lib/libnppitc.so
2026-03-26 12:26:24,265 - INFO - [36m(setup pid=4368, ip=172.31.47.227)[0m 	libnppitc.so (libc6,x86-64) => /usr/local/cuda-12.8/targets/x86_64-linux/lib/libnppitc.so
2026-03-26 12:26:24,265 - INFO - [36m(setup pid=4368, ip=172.31.47.227)[0m 	libnppisu.so.12 (libc6,x86-64) => /usr/local/cuda-12.4/targets/x86_64-linux/lib/libnppisu.so.12
2026-03-26 12:26:24,265 - INFO - [36m(setup pid=4368, ip=172.31.47.227)[0m 	libnppisu.so.12 (libc6,x86-64) => /usr/local/cuda-12.5/targets/x86_64-linux/lib/libnppisu.so.12
2026-03-26 12:26:24,265 - INFO - [36m(setup pid=4368, ip=172.31.47.227)[0m 	libnppisu.so.12 (libc6,x86-64) => /usr/local/cuda-12.6/targets/x86_64-linux/lib/libnppisu.so.12
2026-03-26 12:26:24,265 - INFO - [36m(setup pid=4368, ip=172.31.47.227)[0m 	libnppisu.so.12 (libc6,x86-64) => /usr/local/cuda-12.8/targets/x86_64-linux/lib/libnppisu.so.12
2026-03-26 12:26:24,265 - INFO - [36m(setup pid=4368, ip=172.31.47.227)[0m 	libnppisu.so (libc6,x86-64) => /usr/local/cuda-12.4/targets/x86_64-linux/lib/libnppisu.so
2026-03-26 12:26:24,265 - INFO - [36m(setup pid=4368, ip=172.31.47.227)[0m 	libnppisu.so (libc6,x86-64) => /usr/local/cuda-12.5/targets/x86_64-linux/lib/libnppisu.so
2026-03-26 12:26:24,265 - INFO - [36m(setup pid=4368, ip=172.31.47.227)[0m 	libnppisu.so (libc6,x86-64) => /usr/local/cuda-12.6/targets/x86_64-linux/lib/libnppisu.so
2026-03-26 12:26:24,265 - INFO - [36m(setup pid=4368, ip=172.31.47.227)[0m 	libnppisu.so (libc6,x86-64) => /usr/local/cuda-12.8/targets/x86_64-linux/lib/libnppisu.so
2026-03-26 12:26:24,265 - INFO - [36m(setup pid=4368, ip=172.31.47.227)[0m 	libnppist.so.12 (libc6,x86-64) => /usr/local/cuda-12.4/targets/x86_64-linux/lib/libnppist.so.12
2026-03-26 12:26:24,265 - INFO - [36m(setup pid=4368, ip=172.31.47.227)[0m 	libnppist.so.12 (libc6,x86-64) => /usr/local/cuda-12.5/targets/x86_64-linux/lib/libnppist.so.12
2026-03-26 12:26:24,265 - INFO - [36m(setup pid=4368, ip=172.31.47.227)[0m 	libnppist.so.12 (libc6,x86-64) => /usr/local/cuda-12.6/targets/x86_64-linux/lib/libnppist.so.12
2026-03-26 12:26:24,265 - INFO - [36m(setup pid=4368, ip=172.31.47.227)[0m 	libnppist.so.12 (libc6,x86-64) => /usr/local/cuda-12.8/targets/x86_64-linux/lib/libnppist.so.12
2026-03-26 12:26:24,265 - INFO - [36m(setup pid=4368, ip=172.31.47.227)[0m 	libnppist.so (libc6,x86-64) => /usr/local/cuda-12.4/targets/x86_64-linux/lib/libnppist.so
2026-03-26 12:26:24,265 - INFO - [36m(setup pid=4368, ip=172.31.47.227)[0m 	libnppist.so (libc6,x86-64) => /usr/local/cuda-12.5/targets/x86_64-linux/lib/libnppist.so
2026-03-26 12:26:24,265 - INFO - [36m(setup pid=4368, ip=172.31.47.227)[0m 	libnppist.so (libc6,x86-64) => /usr/local/cuda-12.6/targets/x86_64-linux/lib/libnppist.so
2026-03-26 12:26:24,265 - INFO - [36m(setup pid=4368, ip=172.31.47.227)[0m 	libnppist.so (libc6,x86-64) => /usr/local/cuda-12.8/targets/x86_64-linux/lib/libnppist.so
2026-03-26 12:26:24,265 - INFO - [36m(setup pid=4368, ip=172.31.47.227)[0m 	libnppim.so.12 (libc6,x86-64) => /usr/local/cuda-12.4/targets/x86_64-linux/lib/libnppim.so.12
2026-03-26 12:26:24,265 - INFO - [36m(setup pid=4368, ip=172.31.47.227)[0m 	libnppim.so.12 (libc6,x86-64) => /usr/local/cuda-12.5/targets/x86_64-linux/lib/libnppim.so.12
2026-03-26 12:26:24,265 - INFO - [36m(setup pid=4368, ip=172.31.47.227)[0m 	libnppim.so.12 (libc6,x86-64) => /usr/local/cuda-12.6/targets/x86_64-linux/lib/libnppim.so.12
2026-03-26 12:26:24,265 - INFO - [36m(setup pid=4368, ip=172.31.47.227)[0m 	libnppim.so.12 (libc6,x86-64) => /usr/local/cuda-12.8/targets/x86_64-linux/lib/libnppim.so.12
2026-03-26 12:26:24,265 - INFO - [36m(setup pid=4368, ip=172.31.47.227)[0m 	libnppim.so (libc6,x86-64) => /usr/local/cuda-12.4/targets/x86_64-linux/lib/libnppim.so
2026-03-26 12:26:24,265 - INFO - [36m(setup pid=4368, ip=172.31.47.227)[0m 	libnppim.so (libc6,x86-64) => /usr/local/cuda-12.5/targets/x86_64-linux/lib/libnppim.so
2026-03-26 12:26:24,265 - INFO - [36m(setup pid=4368, ip=172.31.47.227)[0m 	libnppim.so (libc6,x86-64) => /usr/local/cuda-12.6/targets/x86_64-linux/lib/libnppim.so
2026-03-26 12:26:24,265 - INFO - [36m(setup pid=4368, ip=172.31.47.227)[0m 	libnppim.so (libc6,x86-64) => /usr/local/cuda-12.8/targets/x86_64-linux/lib/libnppim.so
2026-03-26 12:26:24,265 - INFO - [36m(setup pid=4368, ip=172.31.47.227)[0m 	libnppig.so.12 (libc6,x86-64) => /usr/local/cuda-12.4/targets/x86_64-linux/lib/libnppig.so.12
2026-03-26 12:26:24,265 - INFO - [36m(setup pid=4368, ip=172.31.47.227)[0m 	libnppig.so.12 (libc6,x86-64) => /usr/local/cuda-12.5/targets/x86_64-linux/lib/libnppig.so.12
2026-03-26 12:26:24,265 - INFO - [36m(setup pid=4368, ip=172.31.47.227)[0m 	libnppig.so.12 (libc6,x86-64) => /usr/local/cuda-12.6/targets/x86_64-linux/lib/libnppig.so.12
2026-03-26 12:26:24,265 - INFO - [36m(setup pid=4368, ip=172.31.47.227)[0m 	libnppig.so.12 (libc6,x86-64) => /usr/local/cuda-12.8/targets/x86_64-linux/lib/libnppig.so.12
2026-03-26 12:26:24,265 - INFO - [36m(setup pid=4368, ip=172.31.47.227)[0m 	libnppig.so (libc6,x86-64) => /usr/local/cuda-12.4/targets/x86_64-linux/lib/libnppig.so
2026-03-26 12:26:24,265 - INFO - [36m(setup pid=4368, ip=172.31.47.227)[0m 	libnppig.so (libc6,x86-64) => /usr/local/cuda-12.5/targets/x86_64-linux/lib/libnppig.so
2026-03-26 12:26:24,265 - INFO - [36m(setup pid=4368, ip=172.31.47.227)[0m 	libnppig.so (libc6,x86-64) => /usr/local/cuda-12.6/targets/x86_64-linux/lib/libnppig.so
2026-03-26 12:26:24,265 - INFO - [36m(setup pid=4368, ip=172.31.47.227)[0m 	libnppig.so (libc6,x86-64) => /usr/local/cuda-12.8/targets/x86_64-linux/lib/libnppig.so
2026-03-26 12:26:24,265 - INFO - [36m(setup pid=4368, ip=172.31.47.227)[0m 	libnppif.so.12 (libc6,x86-64) => /usr/local/cuda-12.4/targets/x86_64-linux/lib/libnppif.so.12
2026-03-26 12:26:24,265 - INFO - [36m(setup pid=4368, ip=172.31.47.227)[0m 	libnppif.so.12 (libc6,x86-64) => /usr/local/cuda-12.5/targets/x86_64-linux/lib/libnppif.so.12
2026-03-26 12:26:24,266 - INFO - [36m(setup pid=4368, ip=172.31.47.227)[0m 	libnppif.so.12 (libc6,x86-64) => /usr/local/cuda-12.6/targets/x86_64-linux/lib/libnppif.so.12
2026-03-26 12:26:24,266 - INFO - [36m(setup pid=4368, ip=172.31.47.227)[0m 	libnppif.so.12 (libc6,x86-64) => /usr/local/cuda-12.8/targets/x86_64-linux/lib/libnppif.so.12
2026-03-26 12:26:24,266 - INFO - [36m(setup pid=4368, ip=172.31.47.227)[0m 	libnppif.so (libc6,x86-64) => /usr/local/cuda-12.4/targets/x86_64-linux/lib/libnppif.so
2026-03-26 12:26:24,266 - INFO - [36m(setup pid=4368, ip=172.31.47.227)[0m 	libnppif.so (libc6,x86-64) => /usr/local/cuda-12.5/targets/x86_64-linux/lib/libnppif.so
2026-03-26 12:26:24,266 - INFO - [36m(setup pid=4368, ip=172.31.47.227)[0m 	libnppif.so (libc6,x86-64) => /usr/local/cuda-12.6/targets/x86_64-linux/lib/libnppif.so
2026-03-26 12:26:24,266 - INFO - [36m(setup pid=4368, ip=172.31.47.227)[0m 	libnppif.so (libc6,x86-64) => /usr/local/cuda-12.8/targets/x86_64-linux/lib/libnppif.so
2026-03-26 12:26:24,266 - INFO - [36m(setup pid=4368, ip=172.31.47.227)[0m 	libnppidei.so.12 (libc6,x86-64) => /usr/local/cuda-12.4/targets/x86_64-linux/lib/libnppidei.so.12
2026-03-26 12:26:24,266 - INFO - [36m(setup pid=4368, ip=172.31.47.227)[0m 	libnppidei.so.12 (libc6,x86-64) => /usr/local/cuda-12.5/targets/x86_64-linux/lib/libnppidei.so.12
2026-03-26 12:26:24,266 - INFO - [36m(setup pid=4368, ip=172.31.47.227)[0m 	libnppidei.so.12 (libc6,x86-64) => /usr/local/cuda-12.6/targets/x86_64-linux/lib/libnppidei.so.12
2026-03-26 12:26:24,266 - INFO - [36m(setup pid=4368, ip=172.31.47.227)[0m 	libnppidei.so.12 (libc6,x86-64) => /usr/local/cuda-12.8/targets/x86_64-linux/lib/libnppidei.so.12
2026-03-26 12:26:24,266 - INFO - [36m(setup pid=4368, ip=172.31.47.227)[0m 	libnppidei.so (libc6,x86-64) => /usr/local/cuda-12.4/targets/x86_64-linux/lib/libnppidei.so
2026-03-26 12:26:24,266 - INFO - [36m(setup pid=4368, ip=172.31.47.227)[0m 	libnppidei.so (libc6,x86-64) => /usr/local/cuda-12.5/targets/x86_64-linux/lib/libnppidei.so
2026-03-26 12:26:24,266 - INFO - [36m(setup pid=4368, ip=172.31.47.227)[0m 	libnppidei.so (libc6,x86-64) => /usr/local/cuda-12.6/targets/x86_64-linux/lib/libnppidei.so
2026-03-26 12:26:24,266 - INFO - [36m(setup pid=4368, ip=172.31.47.227)[0m 	libnppidei.so (libc6,x86-64) => /usr/local/cuda-12.8/targets/x86_64-linux/lib/libnppidei.so
2026-03-26 12:26:24,266 - INFO - [36m(setup pid=4368, ip=172.31.47.227)[0m 	libnppicc.so.12 (libc6,x86-64) => /usr/local/cuda-12.4/targets/x86_64-linux/lib/libnppicc.so.12
2026-03-26 12:26:24,266 - INFO - [36m(setup pid=4368, ip=172.31.47.227)[0m 	libnppicc.so.12 (libc6,x86-64) => /usr/local/cuda-12.5/targets/x86_64-linux/lib/libnppicc.so.12
2026-03-26 12:26:24,266 - INFO - [36m(setup pid=4368, ip=172.31.47.227)[0m 	libnppicc.so.12 (libc6,x86-64) => /usr/local/cuda-12.6/targets/x86_64-linux/lib/libnppicc.so.12
2026-03-26 12:26:24,266 - INFO - [36m(setup pid=4368, ip=172.31.47.227)[0m 	libnppicc.so.12 (libc6,x86-64) => /usr/local/cuda-12.8/targets/x86_64-linux/lib/libnppicc.so.12
2026-03-26 12:26:24,266 - INFO - [36m(setup pid=4368, ip=172.31.47.227)[0m 	libnppicc.so (libc6,x86-64) => /usr/local/cuda-12.4/targets/x86_64-linux/lib/libnppicc.so
2026-03-26 12:26:24,266 - INFO - [36m(setup pid=4368, ip=172.31.47.227)[0m 	libnppicc.so (libc6,x86-64) => /usr/local/cuda-12.5/targets/x86_64-linux/lib/libnppicc.so
2026-03-26 12:26:24,266 - INFO - [36m(setup pid=4368, ip=172.31.47.227)[0m 	libnppicc.so (libc6,x86-64) => /usr/local/cuda-12.6/targets/x86_64-linux/lib/libnppicc.so
2026-03-26 12:26:24,266 - INFO - [36m(setup pid=4368, ip=172.31.47.227)[0m 	libnppicc.so (libc6,x86-64) => /usr/local/cuda-12.8/targets/x86_64-linux/lib/libnppicc.so
2026-03-26 12:26:24,266 - INFO - [36m(setup pid=4368, ip=172.31.47.227)[0m 	libnppial.so.12 (libc6,x86-64) => /usr/local/cuda-12.4/targets/x86_64-linux/lib/libnppial.so.12
2026-03-26 12:26:24,266 - INFO - [36m(setup pid=4368, ip=172.31.47.227)[0m 	libnppial.so.12 (libc6,x86-64) => /usr/local/cuda-12.5/targets/x86_64-linux/lib/libnppial.so.12
2026-03-26 12:26:24,266 - INFO - [36m(setup pid=4368, ip=172.31.47.227)[0m 	libnppial.so.12 (libc6,x86-64) => /usr/local/cuda-12.6/targets/x86_64-linux/lib/libnppial.so.12
2026-03-26 12:26:24,266 - INFO - [36m(setup pid=4368, ip=172.31.47.227)[0m 	libnppial.so.12 (libc6,x86-64) => /usr/local/cuda-12.8/targets/x86_64-linux/lib/libnppial.so.12
2026-03-26 12:26:24,266 - INFO - [36m(setup pid=4368, ip=172.31.47.227)[0m 	libnppial.so (libc6,x86-64) => /usr/local/cuda-12.4/targets/x86_64-linux/lib/libnppial.so
2026-03-26 12:26:24,266 - INFO - [36m(setup pid=4368, ip=172.31.47.227)[0m 	libnppial.so (libc6,x86-64) => /usr/local/cuda-12.5/targets/x86_64-linux/lib/libnppial.so
2026-03-26 12:26:24,266 - INFO - [36m(setup pid=4368, ip=172.31.47.227)[0m 	libnppial.so (libc6,x86-64) => /usr/local/cuda-12.6/targets/x86_64-linux/lib/libnppial.so
2026-03-26 12:26:24,266 - INFO - [36m(setup pid=4368, ip=172.31.47.227)[0m 	libnppial.so (libc6,x86-64) => /usr/local/cuda-12.8/targets/x86_64-linux/lib/libnppial.so
2026-03-26 12:26:24,266 - INFO - [36m(setup pid=4368, ip=172.31.47.227)[0m 	libnppc.so.12 (libc6,x86-64) => /usr/local/cuda-12.4/targets/x86_64-linux/lib/libnppc.so.12
2026-03-26 12:26:24,266 - INFO - [36m(setup pid=4368, ip=172.31.47.227)[0m 	libnppc.so.12 (libc6,x86-64) => /usr/local/cuda-12.5/targets/x86_64-linux/lib/libnppc.so.12
2026-03-26 12:26:24,266 - INFO - [36m(setup pid=4368, ip=172.31.47.227)[0m 	libnppc.so.12 (libc6,x86-64) => /usr/local/cuda-12.6/targets/x86_64-linux/lib/libnppc.so.12
2026-03-26 12:26:24,266 - INFO - [36m(setup pid=4368, ip=172.31.47.227)[0m 	libnppc.so.12 (libc6,x86-64) => /usr/local/cuda-12.8/targets/x86_64-linux/lib/libnppc.so.12
2026-03-26 12:26:24,266 - INFO - [36m(setup pid=4368, ip=172.31.47.227)[0m 	libnppc.so (libc6,x86-64) => /usr/local/cuda-12.4/targets/x86_64-linux/lib/libnppc.so
2026-03-26 12:26:24,266 - INFO - [36m(setup pid=4368, ip=172.31.47.227)[0m 	libnppc.so (libc6,x86-64) => /usr/local/cuda-12.5/targets/x86_64-linux/lib/libnppc.so
2026-03-26 12:26:24,266 - INFO - [36m(setup pid=4368, ip=172.31.47.227)[0m 	libnppc.so (libc6,x86-64) => /usr/local/cuda-12.6/targets/x86_64-linux/lib/libnppc.so
2026-03-26 12:26:24,266 - INFO - [36m(setup pid=4368, ip=172.31.47.227)[0m 	libnppc.so (libc6,x86-64) => /usr/local/cuda-12.8/targets/x86_64-linux/lib/libnppc.so
2026-03-26 12:26:24,266 - INFO - [36m(setup pid=4368, ip=172.31.47.227)[0m 	libicudata.so.70 (libc6,x86-64) => /lib/x86_64-linux-gnu/libicudata.so.70
2026-03-26 12:26:24,266 - INFO - [36m(setup pid=4368, ip=172.31.47.227)[0m 	libcusparse.so.12 (libc6,x86-64) => /usr/local/cuda-12.4/targets/x86_64-linux/lib/libcusparse.so.12
2026-03-26 12:26:24,266 - INFO - [36m(setup pid=4368, ip=172.31.47.227)[0m 	libcusparse.so.12 (libc6,x86-64) => /usr/local/cuda-12.5/targets/x86_64-linux/lib/libcusparse.so.12
2026-03-26 12:26:24,266 - INFO - [36m(setup pid=4368, ip=172.31.47.227)[0m 	libcusparse.so.12 (libc6,x86-64) => /usr/local/cuda-12.6/targets/x86_64-linux/lib/libcusparse.so.12
2026-03-26 12:26:24,266 - INFO - [36m(setup pid=4368, ip=172.31.47.227)[0m 	libcusparse.so.12 (libc6,x86-64) => /usr/local/cuda-12.8/targets/x86_64-linux/lib/libcusparse.so.12
2026-03-26 12:26:24,266 - INFO - [36m(setup pid=4368, ip=172.31.47.227)[0m 	libcusparse.so (libc6,x86-64) => /usr/local/cuda-12.4/targets/x86_64-linux/lib/libcusparse.so
2026-03-26 12:26:24,266 - INFO - [36m(setup pid=4368, ip=172.31.47.227)[0m 	libcusparse.so (libc6,x86-64) => /usr/local/cuda-12.5/targets/x86_64-linux/lib/libcusparse.so
2026-03-26 12:26:24,266 - INFO - [36m(setup pid=4368, ip=172.31.47.227)[0m 	libcusparse.so (libc6,x86-64) => /usr/local/cuda-12.6/targets/x86_64-linux/lib/libcusparse.so
2026-03-26 12:26:24,266 - INFO - [36m(setup pid=4368, ip=172.31.47.227)[0m 	libcusparse.so (libc6,x86-64) => /usr/local/cuda-12.8/targets/x86_64-linux/lib/libcusparse.so
2026-03-26 12:26:24,266 - INFO - [36m(setup pid=4368, ip=172.31.47.227)[0m 	libcusolverMg.so.11 (libc6,x86-64) => /usr/local/cuda-12.4/targets/x86_64-linux/lib/libcusolverMg.so.11
2026-03-26 12:26:24,266 - INFO - [36m(setup pid=4368, ip=172.31.47.227)[0m 	libcusolverMg.so.11 (libc6,x86-64) => /usr/local/cuda-12.5/targets/x86_64-linux/lib/libcusolverMg.so.11
2026-03-26 12:26:24,266 - INFO - [36m(setup pid=4368, ip=172.31.47.227)[0m 	libcusolverMg.so.11 (libc6,x86-64) => /usr/local/cuda-12.6/targets/x86_64-linux/lib/libcusolverMg.so.11
2026-03-26 12:26:24,266 - INFO - [36m(setup pid=4368, ip=172.31.47.227)[0m 	libcusolverMg.so.11 (libc6,x86-64) => /usr/local/cuda-12.8/targets/x86_64-linux/lib/libcusolverMg.so.11
2026-03-26 12:26:24,266 - INFO - [36m(setup pid=4368, ip=172.31.47.227)[0m 	libcusolverMg.so (libc6,x86-64) => /usr/local/cuda-12.4/targets/x86_64-linux/lib/libcusolverMg.so
2026-03-26 12:26:24,266 - INFO - [36m(setup pid=4368, ip=172.31.47.227)[0m 	libcusolverMg.so (libc6,x86-64) => /usr/local/cuda-12.5/targets/x86_64-linux/lib/libcusolverMg.so
2026-03-26 12:26:24,266 - INFO - [36m(setup pid=4368, ip=172.31.47.227)[0m 	libcusolverMg.so (libc6,x86-64) => /usr/local/cuda-12.6/targets/x86_64-linux/lib/libcusolverMg.so
2026-03-26 12:26:24,266 - INFO - [36m(setup pid=4368, ip=172.31.47.227)[0m 	libcusolverMg.so (libc6,x86-64) => /usr/local/cuda-12.8/targets/x86_64-linux/lib/libcusolverMg.so
2026-03-26 12:26:24,266 - INFO - [36m(setup pid=4368, ip=172.31.47.227)[0m 	libcusolver.so.11 (libc6,x86-64) => /usr/local/cuda-12.4/targets/x86_64-linux/lib/libcusolver.so.11
2026-03-26 12:26:24,266 - INFO - [36m(setup pid=4368, ip=172.31.47.227)[0m 	libcusolver.so.11 (libc6,x86-64) => /usr/local/cuda-12.5/targets/x86_64-linux/lib/libcusolver.so.11
2026-03-26 12:26:24,266 - INFO - [36m(setup pid=4368, ip=172.31.47.227)[0m 	libcusolver.so.11 (libc6,x86-64) => /usr/local/cuda-12.6/targets/x86_64-linux/lib/libcusolver.so.11
2026-03-26 12:26:24,266 - INFO - [36m(setup pid=4368, ip=172.31.47.227)[0m 	libcusolver.so.11 (libc6,x86-64) => /usr/local/cuda-12.8/targets/x86_64-linux/lib/libcusolver.so.11
2026-03-26 12:26:24,266 - INFO - [36m(setup pid=4368, ip=172.31.47.227)[0m 	libcusolver.so (libc6,x86-64) => /usr/local/cuda-12.4/targets/x86_64-linux/lib/libcusolver.so
2026-03-26 12:26:24,266 - INFO - [36m(setup pid=4368, ip=172.31.47.227)[0m 	libcusolver.so (libc6,x86-64) => /usr/local/cuda-12.5/targets/x86_64-linux/lib/libcusolver.so
2026-03-26 12:26:24,266 - INFO - [36m(setup pid=4368, ip=172.31.47.227)[0m 	libcusolver.so (libc6,x86-64) => /usr/local/cuda-12.6/targets/x86_64-linux/lib/libcusolver.so
2026-03-26 12:26:24,266 - INFO - [36m(setup pid=4368, ip=172.31.47.227)[0m 	libcusolver.so (libc6,x86-64) => /usr/local/cuda-12.8/targets/x86_64-linux/lib/libcusolver.so
2026-03-26 12:26:24,266 - INFO - [36m(setup pid=4368, ip=172.31.47.227)[0m 	libcurand.so.10 (libc6,x86-64) => /usr/local/cuda-12.4/targets/x86_64-linux/lib/libcurand.so.10
2026-03-26 12:26:24,266 - INFO - [36m(setup pid=4368, ip=172.31.47.227)[0m 	libcurand.so.10 (libc6,x86-64) => /usr/local/cuda-12.5/targets/x86_64-linux/lib/libcurand.so.10
2026-03-26 12:26:24,266 - INFO - [36m(setup pid=4368, ip=172.31.47.227)[0m 	libcurand.so.10 (libc6,x86-64) => /usr/local/cuda-12.6/targets/x86_64-linux/lib/libcurand.so.10
2026-03-26 12:26:24,266 - INFO - [36m(setup pid=4368, ip=172.31.47.227)[0m 	libcurand.so.10 (libc6,x86-64) => /usr/local/cuda-12.8/targets/x86_64-linux/lib/libcurand.so.10
2026-03-26 12:26:24,266 - INFO - [36m(setup pid=4368, ip=172.31.47.227)[0m 	libcurand.so (libc6,x86-64) => /usr/local/cuda-12.4/targets/x86_64-linux/lib/libcurand.so
2026-03-26 12:26:24,266 - INFO - [36m(setup pid=4368, ip=172.31.47.227)[0m 	libcurand.so (libc6,x86-64) => /usr/local/cuda-12.5/targets/x86_64-linux/lib/libcurand.so
2026-03-26 12:26:24,266 - INFO - [36m(setup pid=4368, ip=172.31.47.227)[0m 	libcurand.so (libc6,x86-64) => /usr/local/cuda-12.6/targets/x86_64-linux/lib/libcurand.so
2026-03-26 12:26:24,266 - INFO - [36m(setup pid=4368, ip=172.31.47.227)[0m 	libcurand.so (libc6,x86-64) => /usr/local/cuda-12.8/targets/x86_64-linux/lib/libcurand.so
2026-03-26 12:26:24,266 - INFO - [36m(setup pid=4368, ip=172.31.47.227)[0m 	libcuinj64.so.12.8 (libc6,x86-64) => /usr/local/cuda-12.8/targets/x86_64-linux/lib/libcuinj64.so.12.8
2026-03-26 12:26:24,266 - INFO - [36m(setup pid=4368, ip=172.31.47.227)[0m 	libcuinj64.so.12.6 (libc6,x86-64) => /usr/local/cuda-12.6/targets/x86_64-linux/lib/libcuinj64.so.12.6
2026-03-26 12:26:24,463 - INFO - [36m(setup pid=4368, ip=172.31.47.227)[0m 	libcuinj64.so.12.5 (libc6,x86-64) => /usr/local/cuda-12.5/targets/x86_64-linux/lib/libcuinj64.so.12.5
2026-03-26 12:26:24,463 - INFO - [36m(setup pid=4368, ip=172.31.47.227)[0m 	libcuinj64.so.12.4 (libc6,x86-64) => /usr/local/cuda-12.4/targets/x86_64-linux/lib/libcuinj64.so.12.4
2026-03-26 12:26:24,463 - INFO - [36m(setup pid=4368, ip=172.31.47.227)[0m 	libcuinj64.so (libc6,x86-64) => /usr/local/cuda-12.4/targets/x86_64-linux/lib/libcuinj64.so
2026-03-26 12:26:24,463 - INFO - [36m(setup pid=4368, ip=172.31.47.227)[0m 	libcuinj64.so (libc6,x86-64) => /usr/local/cuda-12.5/targets/x86_64-linux/lib/libcuinj64.so
2026-03-26 12:26:24,463 - INFO - [36m(setup pid=4368, ip=172.31.47.227)[0m 	libcuinj64.so (libc6,x86-64) => /usr/local/cuda-12.6/targets/x86_64-linux/lib/libcuinj64.so
2026-03-26 12:26:24,463 - INFO - [36m(setup pid=4368, ip=172.31.47.227)[0m 	libcuinj64.so (libc6,x86-64) => /usr/local/cuda-12.8/targets/x86_64-linux/lib/libcuinj64.so
2026-03-26 12:26:24,463 - INFO - [36m(setup pid=4368, ip=172.31.47.227)[0m 	libcufile_rdma.so.1 (libc6,x86-64) => /usr/local/cuda-12.4/targets/x86_64-linux/lib/libcufile_rdma.so.1
2026-03-26 12:26:24,463 - INFO - [36m(setup pid=4368, ip=172.31.47.227)[0m 	libcufile_rdma.so.1 (libc6,x86-64) => /usr/local/cuda-12.5/targets/x86_64-linux/lib/libcufile_rdma.so.1
2026-03-26 12:26:24,463 - INFO - [36m(setup pid=4368, ip=172.31.47.227)[0m 	libcufile_rdma.so.1 (libc6,x86-64) => /usr/local/cuda-12.6/targets/x86_64-linux/lib/libcufile_rdma.so.1
2026-03-26 12:26:24,463 - INFO - [36m(setup pid=4368, ip=172.31.47.227)[0m 	libcufile_rdma.so.1 (libc6,x86-64) => /usr/local/cuda-12.8/targets/x86_64-linux/lib/libcufile_rdma.so.1
2026-03-26 12:26:24,463 - INFO - [36m(setup pid=4368, ip=172.31.47.227)[0m 	libcufile_rdma.so (libc6,x86-64) => /usr/local/cuda-12.4/targets/x86_64-linux/lib/libcufile_rdma.so
2026-03-26 12:26:24,463 - INFO - [36m(setup pid=4368, ip=172.31.47.227)[0m 	libcufile_rdma.so (libc6,x86-64) => /usr/local/cuda-12.5/targets/x86_64-linux/lib/libcufile_rdma.so
2026-03-26 12:26:24,463 - INFO - [36m(setup pid=4368, ip=172.31.47.227)[0m 	libcufile_rdma.so (libc6,x86-64) => /usr/local/cuda-12.6/targets/x86_64-linux/lib/libcufile_rdma.so
2026-03-26 12:26:24,463 - INFO - [36m(setup pid=4368, ip=172.31.47.227)[0m 	libcufile_rdma.so (libc6,x86-64) => /usr/local/cuda-12.8/targets/x86_64-linux/lib/libcufile_rdma.so
2026-03-26 12:26:24,463 - INFO - [36m(setup pid=4368, ip=172.31.47.227)[0m 	libcufile.so.0 (libc6,x86-64) => /usr/local/cuda-12.4/targets/x86_64-linux/lib/libcufile.so.0
2026-03-26 12:26:24,463 - INFO - [36m(setup pid=4368, ip=172.31.47.227)[0m 	libcufile.so.0 (libc6,x86-64) => /usr/local/cuda-12.5/targets/x86_64-linux/lib/libcufile.so.0
2026-03-26 12:26:24,463 - INFO - [36m(setup pid=4368, ip=172.31.47.227)[0m 	libcufile.so.0 (libc6,x86-64) => /usr/local/cuda-12.6/targets/x86_64-linux/lib/libcufile.so.0
2026-03-26 12:26:24,463 - INFO - [36m(setup pid=4368, ip=172.31.47.227)[0m 	libcufile.so.0 (libc6,x86-64) => /usr/local/cuda-12.8/targets/x86_64-linux/lib/libcufile.so.0
2026-03-26 12:26:24,463 - INFO - [36m(setup pid=4368, ip=172.31.47.227)[0m 	libcufile.so (libc6,x86-64) => /usr/local/cuda-12.4/targets/x86_64-linux/lib/libcufile.so
2026-03-26 12:26:24,463 - INFO - [36m(setup pid=4368, ip=172.31.47.227)[0m 	libcufile.so (libc6,x86-64) => /usr/local/cuda-12.5/targets/x86_64-linux/lib/libcufile.so
2026-03-26 12:26:24,463 - INFO - [36m(setup pid=4368, ip=172.31.47.227)[0m 	libcufile.so (libc6,x86-64) => /usr/local/cuda-12.6/targets/x86_64-linux/lib/libcufile.so
2026-03-26 12:26:24,463 - INFO - [36m(setup pid=4368, ip=172.31.47.227)[0m 	libcufile.so (libc6,x86-64) => /usr/local/cuda-12.8/targets/x86_64-linux/lib/libcufile.so
2026-03-26 12:26:24,463 - INFO - [36m(setup pid=4368, ip=172.31.47.227)[0m 	libcufftw.so.11 (libc6,x86-64) => /usr/local/cuda-12.4/targets/x86_64-linux/lib/libcufftw.so.11
2026-03-26 12:26:24,463 - INFO - [36m(setup pid=4368, ip=172.31.47.227)[0m 	libcufftw.so.11 (libc6,x86-64) => /usr/local/cuda-12.5/targets/x86_64-linux/lib/libcufftw.so.11
2026-03-26 12:26:24,463 - INFO - [36m(setup pid=4368, ip=172.31.47.227)[0m 	libcufftw.so.11 (libc6,x86-64) => /usr/local/cuda-12.6/targets/x86_64-linux/lib/libcufftw.so.11
2026-03-26 12:26:24,463 - INFO - [36m(setup pid=4368, ip=172.31.47.227)[0m 	libcufftw.so.11 (libc6,x86-64) => /usr/local/cuda-12.8/targets/x86_64-linux/lib/libcufftw.so.11
2026-03-26 12:26:24,463 - INFO - [36m(setup pid=4368, ip=172.31.47.227)[0m 	libcufftw.so (libc6,x86-64) => /usr/local/cuda-12.4/targets/x86_64-linux/lib/libcufftw.so
2026-03-26 12:26:24,463 - INFO - [36m(setup pid=4368, ip=172.31.47.227)[0m 	libcufftw.so (libc6,x86-64) => /usr/local/cuda-12.5/targets/x86_64-linux/lib/libcufftw.so
2026-03-26 12:26:24,463 - INFO - [36m(setup pid=4368, ip=172.31.47.227)[0m 	libcufftw.so (libc6,x86-64) => /usr/local/cuda-12.6/targets/x86_64-linux/lib/libcufftw.so
2026-03-26 12:26:24,463 - INFO - [36m(setup pid=4368, ip=172.31.47.227)[0m 	libcufftw.so (libc6,x86-64) => /usr/local/cuda-12.8/targets/x86_64-linux/lib/libcufftw.so
2026-03-26 12:26:24,463 - INFO - [36m(setup pid=4368, ip=172.31.47.227)[0m 	libcufft.so.11 (libc6,x86-64) => /usr/local/cuda-12.4/targets/x86_64-linux/lib/libcufft.so.11
2026-03-26 12:26:24,463 - INFO - [36m(setup pid=4368, ip=172.31.47.227)[0m 	libcufft.so.11 (libc6,x86-64) => /usr/local/cuda-12.5/targets/x86_64-linux/lib/libcufft.so.11
2026-03-26 12:26:24,463 - INFO - [36m(setup pid=4368, ip=172.31.47.227)[0m 	libcufft.so.11 (libc6,x86-64) => /usr/local/cuda-12.6/targets/x86_64-linux/lib/libcufft.so.11
2026-03-26 12:26:24,463 - INFO - [36m(setup pid=4368, ip=172.31.47.227)[0m 	libcufft.so.11 (libc6,x86-64) => /usr/local/cuda-12.8/targets/x86_64-linux/lib/libcufft.so.11
2026-03-26 12:26:24,463 - INFO - [36m(setup pid=4368, ip=172.31.47.227)[0m 	libcufft.so (libc6,x86-64) => /usr/local/cuda-12.4/targets/x86_64-linux/lib/libcufft.so
2026-03-26 12:26:24,463 - INFO - [36m(setup pid=4368, ip=172.31.47.227)[0m 	libcufft.so (libc6,x86-64) => /usr/local/cuda-12.5/targets/x86_64-linux/lib/libcufft.so
2026-03-26 12:26:24,463 - INFO - [36m(setup pid=4368, ip=172.31.47.227)[0m 	libcufft.so (libc6,x86-64) => /usr/local/cuda-12.6/targets/x86_64-linux/lib/libcufft.so
2026-03-26 12:26:24,463 - INFO - [36m(setup pid=4368, ip=172.31.47.227)[0m 	libcufft.so (libc6,x86-64) => /usr/local/cuda-12.8/targets/x86_64-linux/lib/libcufft.so
2026-03-26 12:26:24,463 - INFO - [36m(setup pid=4368, ip=172.31.47.227)[0m 	libcudart.so.12 (libc6,x86-64) => /usr/local/cuda-12.4/targets/x86_64-linux/lib/libcudart.so.12
2026-03-26 12:26:24,463 - INFO - [36m(setup pid=4368, ip=172.31.47.227)[0m 	libcudart.so.12 (libc6,x86-64) => /usr/local/cuda-12.5/targets/x86_64-linux/lib/libcudart.so.12
2026-03-26 12:26:24,463 - INFO - [36m(setup pid=4368, ip=172.31.47.227)[0m 	libcudart.so.12 (libc6,x86-64) => /usr/local/cuda-12.6/targets/x86_64-linux/lib/libcudart.so.12
2026-03-26 12:26:24,463 - INFO - [36m(setup pid=4368, ip=172.31.47.227)[0m 	libcudart.so.12 (libc6,x86-64) => /usr/local/cuda-12.8/targets/x86_64-linux/lib/libcudart.so.12
2026-03-26 12:26:24,463 - INFO - [36m(setup pid=4368, ip=172.31.47.227)[0m 	libcudart.so (libc6,x86-64) => /usr/local/cuda-12.4/targets/x86_64-linux/lib/libcudart.so
2026-03-26 12:26:24,463 - INFO - [36m(setup pid=4368, ip=172.31.47.227)[0m 	libcudart.so (libc6,x86-64) => /usr/local/cuda-12.5/targets/x86_64-linux/lib/libcudart.so
2026-03-26 12:26:24,463 - INFO - [36m(setup pid=4368, ip=172.31.47.227)[0m 	libcudart.so (libc6,x86-64) => /usr/local/cuda-12.6/targets/x86_64-linux/lib/libcudart.so
2026-03-26 12:26:24,463 - INFO - [36m(setup pid=4368, ip=172.31.47.227)[0m 	libcudart.so (libc6,x86-64) => /usr/local/cuda-12.8/targets/x86_64-linux/lib/libcudart.so
2026-03-26 12:26:24,463 - INFO - [36m(setup pid=4368, ip=172.31.47.227)[0m 	libcudadebugger.so.1 (libc6,x86-64) => /lib/x86_64-linux-gnu/libcudadebugger.so.1
2026-03-26 12:26:24,463 - INFO - [36m(setup pid=4368, ip=172.31.47.227)[0m 	libcuda.so.1 (libc6,x86-64) => /lib/x86_64-linux-gnu/libcuda.so.1
2026-03-26 12:26:24,463 - INFO - [36m(setup pid=4368, ip=172.31.47.227)[0m 	libcuda.so (libc6,x86-64) => /lib/x86_64-linux-gnu/libcuda.so
2026-03-26 12:26:24,463 - INFO - [36m(setup pid=4368, ip=172.31.47.227)[0m 	libcublasLt.so.12 (libc6,x86-64) => /usr/local/cuda-12.4/targets/x86_64-linux/lib/libcublasLt.so.12
2026-03-26 12:26:24,463 - INFO - [36m(setup pid=4368, ip=172.31.47.227)[0m 	libcublasLt.so.12 (libc6,x86-64) => /usr/local/cuda-12.5/targets/x86_64-linux/lib/libcublasLt.so.12
2026-03-26 12:26:24,463 - INFO - [36m(setup pid=4368, ip=172.31.47.227)[0m 	libcublasLt.so.12 (libc6,x86-64) => /usr/local/cuda-12.6/targets/x86_64-linux/lib/libcublasLt.so.12
2026-03-26 12:26:24,463 - INFO - [36m(setup pid=4368, ip=172.31.47.227)[0m 	libcublasLt.so.12 (libc6,x86-64) => /usr/local/cuda-12.8/targets/x86_64-linux/lib/libcublasLt.so.12
2026-03-26 12:26:24,463 - INFO - [36m(setup pid=4368, ip=172.31.47.227)[0m 	libcublasLt.so (libc6,x86-64) => /usr/local/cuda-12.4/targets/x86_64-linux/lib/libcublasLt.so
2026-03-26 12:26:24,463 - INFO - [36m(setup pid=4368, ip=172.31.47.227)[0m 	libcublasLt.so (libc6,x86-64) => /usr/local/cuda-12.5/targets/x86_64-linux/lib/libcublasLt.so
2026-03-26 12:26:24,463 - INFO - [36m(setup pid=4368, ip=172.31.47.227)[0m 	libcublasLt.so (libc6,x86-64) => /usr/local/cuda-12.6/targets/x86_64-linux/lib/libcublasLt.so
2026-03-26 12:26:24,463 - INFO - [36m(setup pid=4368, ip=172.31.47.227)[0m 	libcublasLt.so (libc6,x86-64) => /usr/local/cuda-12.8/targets/x86_64-linux/lib/libcublasLt.so
2026-03-26 12:26:24,463 - INFO - [36m(setup pid=4368, ip=172.31.47.227)[0m 	libcublas.so.12 (libc6,x86-64) => /usr/local/cuda-12.4/targets/x86_64-linux/lib/libcublas.so.12
2026-03-26 12:26:24,463 - INFO - [36m(setup pid=4368, ip=172.31.47.227)[0m 	libcublas.so.12 (libc6,x86-64) => /usr/local/cuda-12.5/targets/x86_64-linux/lib/libcublas.so.12
2026-03-26 12:26:24,463 - INFO - [36m(setup pid=4368, ip=172.31.47.227)[0m 	libcublas.so.12 (libc6,x86-64) => /usr/local/cuda-12.6/targets/x86_64-linux/lib/libcublas.so.12
2026-03-26 12:26:24,463 - INFO - [36m(setup pid=4368, ip=172.31.47.227)[0m 	libcublas.so.12 (libc6,x86-64) => /usr/local/cuda-12.8/targets/x86_64-linux/lib/libcublas.so.12
2026-03-26 12:26:24,463 - INFO - [36m(setup pid=4368, ip=172.31.47.227)[0m 	libcublas.so (libc6,x86-64) => /usr/local/cuda-12.4/targets/x86_64-linux/lib/libcublas.so
2026-03-26 12:26:24,463 - INFO - [36m(setup pid=4368, ip=172.31.47.227)[0m 	libcublas.so (libc6,x86-64) => /usr/local/cuda-12.5/targets/x86_64-linux/lib/libcublas.so
2026-03-26 12:26:24,463 - INFO - [36m(setup pid=4368, ip=172.31.47.227)[0m 	libcublas.so (libc6,x86-64) => /usr/local/cuda-12.6/targets/x86_64-linux/lib/libcublas.so
2026-03-26 12:26:24,464 - INFO - [36m(setup pid=4368, ip=172.31.47.227)[0m 	libcublas.so (libc6,x86-64) => /usr/local/cuda-12.8/targets/x86_64-linux/lib/libcublas.so
2026-03-26 12:26:24,464 - INFO - [36m(setup pid=4368, ip=172.31.47.227)[0m 	libaccinj64.so.12.8 (libc6,x86-64) => /usr/local/cuda-12.8/targets/x86_64-linux/lib/libaccinj64.so.12.8
2026-03-26 12:26:24,464 - INFO - [36m(setup pid=4368, ip=172.31.47.227)[0m 	libaccinj64.so.12.6 (libc6,x86-64) => /usr/local/cuda-12.6/targets/x86_64-linux/lib/libaccinj64.so.12.6
2026-03-26 12:26:24,464 - INFO - [36m(setup pid=4368, ip=172.31.47.227)[0m 	libaccinj64.so.12.5 (libc6,x86-64) => /usr/local/cuda-12.5/targets/x86_64-linux/lib/libaccinj64.so.12.5
2026-03-26 12:26:24,464 - INFO - [36m(setup pid=4368, ip=172.31.47.227)[0m 	libaccinj64.so.12.4 (libc6,x86-64) => /usr/local/cuda-12.4/targets/x86_64-linux/lib/libaccinj64.so.12.4
2026-03-26 12:26:24,464 - INFO - [36m(setup pid=4368, ip=172.31.47.227)[0m 	libaccinj64.so (libc6,x86-64) => /usr/local/cuda-12.4/targets/x86_64-linux/lib/libaccinj64.so
2026-03-26 12:26:24,464 - INFO - [36m(setup pid=4368, ip=172.31.47.227)[0m 	libaccinj64.so (libc6,x86-64) => /usr/local/cuda-12.5/targets/x86_64-linux/lib/libaccinj64.so
2026-03-26 12:26:24,464 - INFO - [36m(setup pid=4368, ip=172.31.47.227)[0m 	libaccinj64.so (libc6,x86-64) => /usr/local/cuda-12.6/targets/x86_64-linux/lib/libaccinj64.so
2026-03-26 12:26:24,464 - INFO - [36m(setup pid=4368, ip=172.31.47.227)[0m 	libaccinj64.so (libc6,x86-64) => /usr/local/cuda-12.8/targets/x86_64-linux/lib/libaccinj64.so
2026-03-26 12:26:24,464 - INFO - [36m(setup pid=4368, ip=172.31.47.227)[0m 	libOpenCL.so.1 (libc6,x86-64) => /usr/local/cuda-12.4/targets/x86_64-linux/lib/libOpenCL.so.1
2026-03-26 12:26:24,464 - INFO - [36m(setup pid=4368, ip=172.31.47.227)[0m 	libOpenCL.so.1 (libc6,x86-64) => /usr/local/cuda-12.5/targets/x86_64-linux/lib/libOpenCL.so.1
2026-03-26 12:26:24,464 - INFO - [36m(setup pid=4368, ip=172.31.47.227)[0m 	libOpenCL.so.1 (libc6,x86-64) => /usr/local/cuda-12.6/targets/x86_64-linux/lib/libOpenCL.so.1
2026-03-26 12:26:24,464 - INFO - [36m(setup pid=4368, ip=172.31.47.227)[0m 	libOpenCL.so.1 (libc6,x86-64) => /usr/local/cuda-12.8/targets/x86_64-linux/lib/libOpenCL.so.1
2026-03-26 12:26:24,464 - INFO - [36m(setup pid=4368, ip=172.31.47.227)[0m 	libOpenCL.so (libc6,x86-64) => /usr/local/cuda-12.4/targets/x86_64-linux/lib/libOpenCL.so
2026-03-26 12:26:24,464 - INFO - [36m(setup pid=4368, ip=172.31.47.227)[0m 	libOpenCL.so (libc6,x86-64) => /usr/local/cuda-12.5/targets/x86_64-linux/lib/libOpenCL.so
2026-03-26 12:26:24,464 - INFO - [36m(setup pid=4368, ip=172.31.47.227)[0m 	libOpenCL.so (libc6,x86-64) => /usr/local/cuda-12.6/targets/x86_64-linux/lib/libOpenCL.so
2026-03-26 12:26:24,464 - INFO - [36m(setup pid=4368, ip=172.31.47.227)[0m 	libOpenCL.so (libc6,x86-64) => /usr/local/cuda-12.8/targets/x86_64-linux/lib/libOpenCL.so
2026-03-26 12:26:24,464 - INFO - [36m(setup pid=4368, ip=172.31.47.227)[0m + echo 'CUDA toolkit path:'
2026-03-26 12:26:24,464 - INFO - [36m(setup pid=4368, ip=172.31.47.227)[0m CUDA toolkit path:
2026-03-26 12:26:24,464 - INFO - [36m(setup pid=4368, ip=172.31.47.227)[0m + ls --color=auto -la /usr/local/cuda /usr/local/cuda-12.4 /usr/local/cuda-12.5 /usr/local/cuda-12.6 /usr/local/cuda-12.8
2026-03-26 12:26:24,464 - INFO - [36m(setup pid=7141)[0m lrwxrwxrwx  1 root root   21 Aug  8  2025 /usr/local/cuda -> /usr/local/cuda-12.8/
2026-03-26 12:26:24,464 - INFO - [36m(setup pid=7141)[0m
2026-03-26 12:26:24,464 - INFO - [36m(setup pid=7141)[0m /usr/local/cuda-12.4:
2026-03-26 12:26:24,464 - INFO - [36m(setup pid=7141)[0m total 188
2026-03-26 12:26:24,464 - INFO - [36m(setup pid=7141)[0m drwxr-xr-x 19 root   root    4096 Aug  8  2025 .
2026-03-26 12:26:24,464 - INFO - [36m(setup pid=7141)[0m drwxr-xr-x 15 root   root    4096 Aug  8  2025 ..
2026-03-26 12:26:24,464 - INFO - [36m(setup pid=7141)[0m -rw-r--r--  1 root   root     160 Aug  8  2025 DOCS
2026-03-26 12:26:24,464 - INFO - [36m(setup pid=7141)[0m -rw-r--r--  1 root   root   63021 Aug  8  2025 EULA.txt
2026-03-26 12:26:24,464 - INFO - [36m(setup pid=7141)[0m -rw-r--r--  1 ubuntu ubuntu 29662 Nov 30  2023 LICENSE
2026-03-26 12:26:24,464 - INFO - [36m(setup pid=7141)[0m -rw-r--r--  1 root   root    1895 Jun 11  2024 LICENSE.txt
2026-03-26 12:26:24,464 - INFO - [36m(setup pid=7141)[0m -rw-r--r--  1 root   root     524 Aug  8  2025 README
2026-03-26 12:26:24,464 - INFO - [36m(setup pid=7141)[0m drwxr-xr-x  3 root   root    4096 Aug  8  2025 bin
2026-03-26 12:26:24,464 - INFO - [36m(setup pid=7141)[0m drwxr-xr-x  5 root   root    4096 Aug  8  2025 compute-sanitizer
2026-03-26 12:26:24,464 - INFO - [36m(setup pid=7141)[0m drwxr-xr-x  3 root   root    4096 Aug  8  2025 efa
2026-03-26 12:26:24,464 - INFO - [36m(setup pid=7141)[0m drwxr-xr-x  5 root   root    4096 Aug  8  2025 extras
2026-03-26 12:26:24,464 - INFO - [36m(setup pid=7141)[0m drwxr-xr-x  5 root   root    4096 Aug  8  2025 gds
2026-03-26 12:26:24,464 - INFO - [36m(setup pid=7141)[0m drwxr-xr-x  2 root   root    4096 Aug  8  2025 gds-12.4
2026-03-26 12:26:24,464 - INFO - [36m(setup pid=7141)[0m lrwxrwxrwx  1 root   root      28 Aug  8  2025 include -> targets/x86_64-linux/include
2026-03-26 12:26:24,464 - INFO - [36m(setup pid=7141)[0m drwxrwxr-x  3 root   root    4096 Aug  8  2025 lib
2026-03-26 12:26:24,464 - INFO - [36m(setup pid=7141)[0m lrwxrwxrwx  1 root   root      24 Aug  8  2025 lib64 -> targets/x86_64-linux/lib
2026-03-26 12:26:24,464 - INFO - [36m(setup pid=7141)[0m drwxr-xr-x  7 root   root    4096 Aug  8  2025 libnvvp
2026-03-26 12:26:24,464 - INFO - [36m(setup pid=7141)[0m drwxr-xr-x  7 root   root    4096 Aug  8  2025 nsight-compute-2024.1.1
2026-03-26 12:26:24,464 - INFO - [36m(setup pid=7141)[0m drwxr-xr-x  6 root   root    4096 Aug  8  2025 nsight-systems-2023.4.4
2026-03-26 12:26:24,464 - INFO - [36m(setup pid=7141)[0m drwxr-xr-x  2 root   root    4096 Aug  8  2025 nsightee_plugins
2026-03-26 12:26:24,464 - INFO - [36m(setup pid=7141)[0m drwxr-xr-x  3 root   root    4096 Aug  8  2025 nvml
2026-03-26 12:26:24,464 - INFO - [36m(setup pid=7141)[0m drwxr-xr-x  6 root   root    4096 Aug  8  2025 nvvm
2026-03-26 12:26:24,464 - INFO - [36m(setup pid=7141)[0m drwxr-xr-x  3 root   root    4096 Aug  8  2025 share
2026-03-26 12:26:24,464 - INFO - [36m(setup pid=7141)[0m drwxr-xr-x  2 root   root    4096 Aug  8  2025 src
2026-03-26 12:26:24,464 - INFO - [36m(setup pid=7141)[0m drwxr-xr-x  3 root   root    4096 Aug  8  2025 targets
2026-03-26 12:26:24,464 - INFO - [36m(setup pid=7141)[0m drwxr-xr-x  2 root   root    4096 Aug  8  2025 tools
2026-03-26 12:26:24,464 - INFO - [36m(setup pid=7141)[0m -rw-r--r--  1 root   root    2957 Aug  8  2025 version.json
2026-03-26 12:26:24,464 - INFO - [36m(setup pid=7141)[0m
2026-03-26 12:26:24,464 - INFO - [36m(setup pid=7141)[0m /usr/local/cuda-12.5:
2026-03-26 12:26:24,464 - INFO - [36m(setup pid=7141)[0m total 188
2026-03-26 12:26:24,464 - INFO - [36m(setup pid=7141)[0m drwxr-xr-x 19 root   root    4096 Aug  8  2025 .
2026-03-26 12:26:24,464 - INFO - [36m(setup pid=7141)[0m drwxr-xr-x 15 root   root    4096 Aug  8  2025 ..
2026-03-26 12:26:24,464 - INFO - [36m(setup pid=7141)[0m -rw-r--r--  1 root   root     160 Aug  8  2025 DOCS
2026-03-26 12:26:24,464 - INFO - [36m(setup pid=7141)[0m -rw-r--r--  1 root   root   63021 Aug  8  2025 EULA.txt
2026-03-26 12:26:24,464 - INFO - [36m(setup pid=7141)[0m -rw-r--r--  1 ubuntu ubuntu 29574 Oct 21  2024 LICENSE
2026-03-26 12:26:24,464 - INFO - [36m(setup pid=7141)[0m -rw-r--r--  1 root   root    1895 Nov  6  2024 LICENSE.txt
2026-03-26 12:26:24,464 - INFO - [36m(setup pid=7141)[0m -rw-r--r--  1 root   root     524 Aug  8  2025 README
2026-03-26 12:26:24,464 - INFO - [36m(setup pid=7141)[0m drwxr-xr-x  3 root   root    4096 Aug  8  2025 bin
2026-03-26 12:26:24,464 - INFO - [36m(setup pid=7141)[0m drwxr-xr-x  5 root   root    4096 Aug  8  2025 compute-sanitizer
2026-03-26 12:26:24,464 - INFO - [36m(setup pid=7141)[0m drwxr-xr-x  3 root   root    4096 Aug  8  2025 efa
2026-03-26 12:26:24,464 - INFO - [36m(setup pid=7141)[0m drwxr-xr-x  5 root   root    4096 Aug  8  2025 extras
2026-03-26 12:26:24,464 - INFO - [36m(setup pid=7141)[0m drwxr-xr-x  5 root   root    4096 Aug  8  2025 gds
2026-03-26 12:26:24,464 - INFO - [36m(setup pid=7141)[0m drwxr-xr-x  2 root   root    4096 Aug  8  2025 gds-12.5
2026-03-26 12:26:24,464 - INFO - [36m(setup pid=7141)[0m lrwxrwxrwx  1 root   root      28 Aug  8  2025 include -> targets/x86_64-linux/include
2026-03-26 12:26:24,464 - INFO - [36m(setup pid=7141)[0m drwxr-xr-x  3 root   root    4096 Aug  8  2025 lib
2026-03-26 12:26:24,464 - INFO - [36m(setup pid=7141)[0m lrwxrwxrwx  1 root   root      24 Aug  8  2025 lib64 -> targets/x86_64-linux/lib
2026-03-26 12:26:24,464 - INFO - [36m(setup pid=7141)[0m drwxr-xr-x  7 root   root    4096 Aug  8  2025 libnvvp
2026-03-26 12:26:24,464 - INFO - [36m(setup pid=7141)[0m drwxr-xr-x  7 root   root    4096 Aug  8  2025 nsight-compute-2024.2.0
2026-03-26 12:26:24,464 - INFO - [36m(setup pid=7141)[0m drwxr-xr-x  6 root   root    4096 Aug  8  2025 nsight-systems-2024.2.3
2026-03-26 12:26:24,464 - INFO - [36m(setup pid=7141)[0m drwxr-xr-x  2 root   root    4096 Aug  8  2025 nsightee_plugins
2026-03-26 12:26:24,464 - INFO - [36m(setup pid=7141)[0m drwxr-xr-x  3 root   root    4096 Aug  8  2025 nvml
2026-03-26 12:26:24,464 - INFO - [36m(setup pid=7141)[0m drwxr-xr-x  6 root   root    4096 Aug  8  2025 nvvm
2026-03-26 12:26:24,464 - INFO - [36m(setup pid=7141)[0m drwxr-xr-x  3 root   root    4096 Aug  8  2025 share
2026-03-26 12:26:24,464 - INFO - [36m(setup pid=7141)[0m drwxr-xr-x  2 root   root    4096 Aug  8  2025 src
2026-03-26 12:26:24,464 - INFO - [36m(setup pid=7141)[0m drwxr-xr-x  3 root   root    4096 Aug  8  2025 targets
2026-03-26 12:26:24,464 - INFO - [36m(setup pid=7141)[0m drwxr-xr-x  2 root   root    4096 Aug  8  2025 tools
2026-03-26 12:26:24,464 - INFO - [36m(setup pid=7141)[0m -rw-r--r--  1 root   root    2940 Aug  8  2025 version.json
2026-03-26 12:26:24,464 - INFO - [36m(setup pid=7141)[0m
2026-03-26 12:26:24,464 - INFO - [36m(setup pid=7141)[0m /usr/local/cuda-12.6:
2026-03-26 12:26:24,464 - INFO - [36m(setup pid=7141)[0m total 188
2026-03-26 12:26:24,464 - INFO - [36m(setup pid=7141)[0m drwxr-xr-x 19 root   root    4096 Aug  8  2025 .
2026-03-26 12:26:24,464 - INFO - [36m(setup pid=7141)[0m drwxr-xr-x 15 root   root    4096 Aug  8  2025 ..
2026-03-26 12:26:24,464 - INFO - [36m(setup pid=7141)[0m -rw-r--r--  1 root   root     160 Aug  8  2025 DOCS
2026-03-26 12:26:24,464 - INFO - [36m(setup pid=7141)[0m -rw-r--r--  1 root   root   63021 Aug  8  2025 EULA.txt
2026-03-26 12:26:24,464 - INFO - [36m(setup pid=7141)[0m -rw-r--r--  1 ubuntu ubuntu 29574 Dec 30  2024 LICENSE
2026-03-26 12:26:24,464 - INFO - [36m(setup pid=7141)[0m -rw-r--r--  1 root   root    1895 Dec  7  2024 LICENSE.txt
2026-03-26 12:26:24,464 - INFO - [36m(setup pid=7141)[0m -rw-r--r--  1 root   root     524 Aug  8  2025 README
2026-03-26 12:26:24,464 - INFO - [36m(setup pid=7141)[0m drwxrwxr-x  3 root   root    4096 Dec  7  2024 bin
2026-03-26 12:26:24,464 - INFO - [36m(setup pid=7141)[0m drwxr-xr-x  5 root   root    4096 Aug  8  2025 compute-sanitizer
2026-03-26 12:26:24,464 - INFO - [36m(setup pid=7141)[0m drwxr-xr-x  3 root   root    4096 Aug  8  2025 efa
2026-03-26 12:26:24,464 - INFO - [36m(setup pid=7141)[0m drwxr-xr-x  5 root   root    4096 Aug  8  2025 extras
2026-03-26 12:26:24,464 - INFO - [36m(setup pid=7141)[0m drwxr-xr-x  5 root   root    4096 Aug  8  2025 gds
2026-03-26 12:26:24,464 - INFO - [36m(setup pid=7141)[0m drwxr-xr-x  2 root   root    4096 Aug  8  2025 gds-12.6
2026-03-26 12:26:24,464 - INFO - [36m(setup pid=7141)[0m lrwxrwxrwx  1 root   root      28 Aug  8  2025 include -> targets/x86_64-linux/include
2026-03-26 12:26:24,464 - INFO - [36m(setup pid=7141)[0m drwxrwxr-x  3 root   root    4096 Aug  8  2025 lib
2026-03-26 12:26:24,464 - INFO - [36m(setup pid=7141)[0m lrwxrwxrwx  1 root   root      24 Aug  8  2025 lib64 -> targets/x86_64-linux/lib
2026-03-26 12:26:24,464 - INFO - [36m(setup pid=7141)[0m drwxr-xr-x  7 root   root    4096 Aug  8  2025 libnvvp
2026-03-26 12:26:24,464 - INFO - [36m(setup pid=7141)[0m drwxr-xr-x  7 root   root    4096 Aug  8  2025 nsight-compute-2024.3.2
2026-03-26 12:26:24,464 - INFO - [36m(setup pid=7141)[0m drwxr-xr-x  6 root   root    4096 Aug  8  2025 nsight-systems-2024.5.1
2026-03-26 12:26:24,464 - INFO - [36m(setup pid=7141)[0m drwxr-xr-x  2 root   root    4096 Aug  8  2025 nsightee_plugins
2026-03-26 12:26:24,464 - INFO - [36m(setup pid=7141)[0m drwxr-xr-x  3 root   root    4096 Aug  8  2025 nvml
2026-03-26 12:26:24,464 - INFO - [36m(setup pid=7141)[0m drwxr-xr-x  6 root   root    4096 Aug  8  2025 nvvm
2026-03-26 12:26:24,464 - INFO - [36m(setup pid=7141)[0m drwxr-xr-x  3 root   root    4096 Aug  8  2025 share
2026-03-26 12:26:24,464 - INFO - [36m(setup pid=7141)[0m drwxr-xr-x  2 root   root    4096 Aug  8  2025 src
2026-03-26 12:26:24,464 - INFO - [36m(setup pid=7141)[0m drwxr-xr-x  3 root   root    4096 Aug  8  2025 targets
2026-03-26 12:26:24,464 - INFO - [36m(setup pid=7141)[0m drwxr-xr-x  2 root   root    4096 Aug  8  2025 tools
2026-03-26 12:26:24,464 - INFO - [36m(setup pid=7141)[0m -rw-r--r--  1 root   root    2935 Aug  8  2025 version.json
2026-03-26 12:26:24,464 - INFO - [36m(setup pid=7141)[0m
2026-03-26 12:26:24,464 - INFO - [36m(setup pid=7141)[0m /usr/local/cuda-12.8:
2026-03-26 12:26:24,464 - INFO - [36m(setup pid=7141)[0m total 188
2026-03-26 12:26:24,464 - INFO - [36m(setup pid=7141)[0m drwxr-xr-x 19 root   root    4096 Aug  8  2025 .
2026-03-26 12:26:24,465 - INFO - [36m(setup pid=7141)[0m drwxr-xr-x 15 root   root    4096 Aug  8  2025 ..
2026-03-26 12:26:24,465 - INFO - [36m(setup pid=7141)[0m -rw-r--r--  1 root   root     160 Aug  8  2025 DOCS
2026-03-26 12:26:24,465 - INFO - [36m(setup pid=7141)[0m -rw-r--r--  1 root   root   63021 Aug  8  2025 EULA.txt
2026-03-26 12:26:24,465 - INFO - [36m(setup pid=7141)[0m -rw-r--r--  1 ubuntu ubuntu 29574 May 31  2025 LICENSE
2026-03-26 12:26:24,465 - INFO - [36m(setup pid=7141)[0m -rw-r--r--  1 root   root    1895 May 15  2025 LICENSE.txt
2026-03-26 12:26:24,465 - INFO - [36m(setup pid=7141)[0m -rw-r--r--  1 root   root     524 Aug  8  2025 README
2026-03-26 12:26:24,465 - INFO - [36m(setup pid=7141)[0m drwxr-xr-x  3 root   root    4096 May 15  2025 bin
2026-03-26 12:26:24,465 - INFO - [36m(setup pid=7141)[0m drwxr-xr-x  5 root   root    4096 Aug  8  2025 compute-sanitizer
2026-03-26 12:26:24,465 - INFO - [36m(setup pid=7141)[0m lrwxrwxrwx  1 root   root      20 Aug  8  2025 cuda-12.8 -> /usr/local/cuda-12.8
2026-03-26 12:26:24,465 - INFO - [36m(setup pid=7141)[0m drwxr-xr-x  3 root   root    4096 Aug  8  2025 efa
2026-03-26 12:26:24,465 - INFO - [36m(setup pid=7141)[0m drwxr-xr-x  5 root   root    4096 Aug  8  2025 extras
2026-03-26 12:26:24,465 - INFO - [36m(setup pid=7141)[0m drwxr-xr-x  5 root   root    4096 Aug  8  2025 gds
2026-03-26 12:26:24,465 - INFO - [36m(setup pid=7141)[0m drwxr-xr-x  2 root   root    4096 Aug  8  2025 gds-12.8
2026-03-26 12:26:24,465 - INFO - [36m(setup pid=7141)[0m lrwxrwxrwx  1 root   root      28 Aug  8  2025 include -> targets/x86_64-linux/include
2026-03-26 12:26:24,465 - INFO - [36m(setup pid=7141)[0m drwxr-xr-x  3 root   root    4096 Aug  8  2025 lib
2026-03-26 12:26:24,465 - INFO - [36m(setup pid=7141)[0m lrwxrwxrwx  1 root   root      24 Aug  8  2025 lib64 -> targets/x86_64-linux/lib
2026-03-26 12:26:24,465 - INFO - [36m(setup pid=7141)[0m drwxr-xr-x  7 root   root    4096 Aug  8  2025 libnvvp
2026-03-26 12:26:24,465 - INFO - [36m(setup pid=7141)[0m drwxr-xr-x  7 root   root    4096 Aug  8  2025 nsight-compute-2025.1.1
2026-03-26 12:26:24,465 - INFO - [36m(setup pid=7141)[0m drwxr-xr-x  6 root   root    4096 Aug  8  2025 nsight-systems-2024.6.2
2026-03-26 12:26:24,465 - INFO - [36m(setup pid=7141)[0m drwxr-xr-x  2 root   root    4096 Aug  8  2025 nsightee_plugins
2026-03-26 12:26:24,465 - INFO - [36m(setup pid=7141)[0m drwxr-xr-x  3 root   root    4096 Aug  8  2025 nvml
2026-03-26 12:26:24,465 - INFO - [36m(setup pid=7141)[0m drwxr-xr-x  6 root   root    4096 Aug  8  2025 nvvm
2026-03-26 12:26:24,465 - INFO - [36m(setup pid=7141)[0m drwxr-xr-x  3 root   root    4096 Aug  8  2025 share
2026-03-26 12:26:24,465 - INFO - [36m(setup pid=7141)[0m drwxr-xr-x  2 root   root    4096 Aug  8  2025 src
2026-03-26 12:26:24,465 - INFO - [36m(setup pid=7141)[0m drwxr-xr-x  3 root   root    4096 Aug  8  2025 targets
2026-03-26 12:26:24,465 - INFO - [36m(setup pid=7141)[0m drwxr-xr-x  2 root   root    4096 Aug  8  2025 tools
2026-03-26 12:26:24,465 - INFO - [36m(setup pid=7141)[0m -rw-r--r--  1 root   root    2940 Aug  8  2025 version.json
2026-03-26 12:26:24,465 - INFO - [36m(setup pid=7141)[0m + echo ===================================
2026-03-26 12:26:24,465 - INFO - [36m(setup pid=7141)[0m ===================================
2026-03-26 12:26:24,465 - INFO - [36m(setup pid=7141)[0m + command -v nvidia-smi
2026-03-26 12:26:24,465 - INFO - [36m(setup pid=7141)[0m + '[' true = true ']'
2026-03-26 12:26:24,465 - INFO - [36m(setup pid=7141)[0m + echo '=== Fabric Manager for NVSwitch ==='
2026-03-26 12:26:24,465 - INFO - [36m(setup pid=7141)[0m === Fabric Manager for NVSwitch ===
2026-03-26 12:26:24,465 - INFO - [36m(setup pid=7141)[0m + systemctl is-active --quiet nvidia-fabricmanager
2026-03-26 12:26:24,465 - INFO - [36m(setup pid=7141)[0m + echo 'Fabric Manager already running'
2026-03-26 12:26:24,465 - INFO - [36m(setup pid=7141)[0m Fabric Manager already running
2026-03-26 12:26:24,465 - INFO - [36m(setup pid=7141)[0m + awk 'NR<=15'
2026-03-26 12:26:24,465 - INFO - [36m(setup pid=7141)[0m + nvidia-smi topo -m
2026-03-26 12:26:24,465 - INFO - [36m(setup pid=4368, ip=172.31.47.227)[0m lrwxrwxrwx  1 root root   21 Aug  8  2025 /usr/local/cuda -> /usr/local/cuda-12.8/
2026-03-26 12:26:24,465 - INFO - [36m(setup pid=4368, ip=172.31.47.227)[0m
2026-03-26 12:26:24,465 - INFO - [36m(setup pid=4368, ip=172.31.47.227)[0m /usr/local/cuda-12.4:
2026-03-26 12:26:24,465 - INFO - [36m(setup pid=4368, ip=172.31.47.227)[0m total 188
2026-03-26 12:26:24,465 - INFO - [36m(setup pid=4368, ip=172.31.47.227)[0m drwxr-xr-x 19 root   root    4096 Aug  8  2025 .
2026-03-26 12:26:24,465 - INFO - [36m(setup pid=4368, ip=172.31.47.227)[0m drwxr-xr-x 15 root   root    4096 Aug  8  2025 ..
2026-03-26 12:26:24,465 - INFO - [36m(setup pid=4368, ip=172.31.47.227)[0m -rw-r--r--  1 root   root     160 Aug  8  2025 DOCS
2026-03-26 12:26:24,465 - INFO - [36m(setup pid=4368, ip=172.31.47.227)[0m -rw-r--r--  1 root   root   63021 Aug  8  2025 EULA.txt
2026-03-26 12:26:24,465 - INFO - [36m(setup pid=4368, ip=172.31.47.227)[0m -rw-r--r--  1 ubuntu ubuntu 29662 Nov 30  2023 LICENSE
2026-03-26 12:26:24,465 - INFO - [36m(setup pid=4368, ip=172.31.47.227)[0m -rw-r--r--  1 root   root    1895 Jun 11  2024 LICENSE.txt
2026-03-26 12:26:24,465 - INFO - [36m(setup pid=4368, ip=172.31.47.227)[0m -rw-r--r--  1 root   root     524 Aug  8  2025 README
2026-03-26 12:26:24,465 - INFO - [36m(setup pid=4368, ip=172.31.47.227)[0m drwxr-xr-x  3 root   root    4096 Aug  8  2025 bin
2026-03-26 12:26:24,465 - INFO - [36m(setup pid=4368, ip=172.31.47.227)[0m drwxr-xr-x  5 root   root    4096 Aug  8  2025 compute-sanitizer
2026-03-26 12:26:24,465 - INFO - [36m(setup pid=4368, ip=172.31.47.227)[0m drwxr-xr-x  3 root   root    4096 Aug  8  2025 efa
2026-03-26 12:26:24,465 - INFO - [36m(setup pid=4368, ip=172.31.47.227)[0m drwxr-xr-x  5 root   root    4096 Aug  8  2025 extras
2026-03-26 12:26:24,465 - INFO - [36m(setup pid=4368, ip=172.31.47.227)[0m drwxr-xr-x  5 root   root    4096 Aug  8  2025 gds
2026-03-26 12:26:24,465 - INFO - [36m(setup pid=4368, ip=172.31.47.227)[0m drwxr-xr-x  2 root   root    4096 Aug  8  2025 gds-12.4
2026-03-26 12:26:24,465 - INFO - [36m(setup pid=4368, ip=172.31.47.227)[0m lrwxrwxrwx  1 root   root      28 Aug  8  2025 include -> targets/x86_64-linux/include
2026-03-26 12:26:24,465 - INFO - [36m(setup pid=4368, ip=172.31.47.227)[0m drwxrwxr-x  3 root   root    4096 Aug  8  2025 lib
2026-03-26 12:26:24,465 - INFO - [36m(setup pid=4368, ip=172.31.47.227)[0m lrwxrwxrwx  1 root   root      24 Aug  8  2025 lib64 -> targets/x86_64-linux/lib
2026-03-26 12:26:24,465 - INFO - [36m(setup pid=4368, ip=172.31.47.227)[0m drwxr-xr-x  7 root   root    4096 Aug  8  2025 libnvvp
2026-03-26 12:26:24,465 - INFO - [36m(setup pid=4368, ip=172.31.47.227)[0m drwxr-xr-x  7 root   root    4096 Aug  8  2025 nsight-compute-2024.1.1
2026-03-26 12:26:24,465 - INFO - [36m(setup pid=4368, ip=172.31.47.227)[0m drwxr-xr-x  6 root   root    4096 Aug  8  2025 nsight-systems-2023.4.4
2026-03-26 12:26:24,465 - INFO - [36m(setup pid=4368, ip=172.31.47.227)[0m drwxr-xr-x  2 root   root    4096 Aug  8  2025 nsightee_plugins
2026-03-26 12:26:24,465 - INFO - [36m(setup pid=4368, ip=172.31.47.227)[0m drwxr-xr-x  3 root   root    4096 Aug  8  2025 nvml
2026-03-26 12:26:24,465 - INFO - [36m(setup pid=4368, ip=172.31.47.227)[0m drwxr-xr-x  6 root   root    4096 Aug  8  2025 nvvm
2026-03-26 12:26:24,465 - INFO - [36m(setup pid=4368, ip=172.31.47.227)[0m drwxr-xr-x  3 root   root    4096 Aug  8  2025 share
2026-03-26 12:26:24,465 - INFO - [36m(setup pid=4368, ip=172.31.47.227)[0m drwxr-xr-x  2 root   root    4096 Aug  8  2025 src
2026-03-26 12:26:24,465 - INFO - [36m(setup pid=4368, ip=172.31.47.227)[0m drwxr-xr-x  3 root   root    4096 Aug  8  2025 targets
2026-03-26 12:26:24,465 - INFO - [36m(setup pid=4368, ip=172.31.47.227)[0m drwxr-xr-x  2 root   root    4096 Aug  8  2025 tools
2026-03-26 12:26:24,465 - INFO - [36m(setup pid=4368, ip=172.31.47.227)[0m -rw-r--r--  1 root   root    2957 Aug  8  2025 version.json
2026-03-26 12:26:24,465 - INFO - [36m(setup pid=4368, ip=172.31.47.227)[0m
2026-03-26 12:26:24,465 - INFO - [36m(setup pid=4368, ip=172.31.47.227)[0m /usr/local/cuda-12.5:
2026-03-26 12:26:24,465 - INFO - [36m(setup pid=4368, ip=172.31.47.227)[0m total 188
2026-03-26 12:26:24,465 - INFO - [36m(setup pid=4368, ip=172.31.47.227)[0m drwxr-xr-x 19 root   root    4096 Aug  8  2025 .
2026-03-26 12:26:24,465 - INFO - [36m(setup pid=4368, ip=172.31.47.227)[0m drwxr-xr-x 15 root   root    4096 Aug  8  2025 ..
2026-03-26 12:26:24,465 - INFO - [36m(setup pid=4368, ip=172.31.47.227)[0m -rw-r--r--  1 root   root     160 Aug  8  2025 DOCS
2026-03-26 12:26:24,465 - INFO - [36m(setup pid=4368, ip=172.31.47.227)[0m -rw-r--r--  1 root   root   63021 Aug  8  2025 EULA.txt
2026-03-26 12:26:24,465 - INFO - [36m(setup pid=4368, ip=172.31.47.227)[0m -rw-r--r--  1 ubuntu ubuntu 29574 Oct 21  2024 LICENSE
2026-03-26 12:26:24,465 - INFO - [36m(setup pid=4368, ip=172.31.47.227)[0m -rw-r--r--  1 root   root    1895 Nov  6  2024 LICENSE.txt
2026-03-26 12:26:24,465 - INFO - [36m(setup pid=4368, ip=172.31.47.227)[0m -rw-r--r--  1 root   root     524 Aug  8  2025 README
2026-03-26 12:26:24,465 - INFO - [36m(setup pid=4368, ip=172.31.47.227)[0m drwxr-xr-x  3 root   root    4096 Aug  8  2025 bin
2026-03-26 12:26:24,465 - INFO - [36m(setup pid=4368, ip=172.31.47.227)[0m drwxr-xr-x  5 root   root    4096 Aug  8  2025 compute-sanitizer
2026-03-26 12:26:24,465 - INFO - [36m(setup pid=4368, ip=172.31.47.227)[0m drwxr-xr-x  3 root   root    4096 Aug  8  2025 efa
2026-03-26 12:26:24,465 - INFO - [36m(setup pid=4368, ip=172.31.47.227)[0m drwxr-xr-x  5 root   root    4096 Aug  8  2025 extras
2026-03-26 12:26:24,465 - INFO - [36m(setup pid=4368, ip=172.31.47.227)[0m drwxr-xr-x  5 root   root    4096 Aug  8  2025 gds
2026-03-26 12:26:24,465 - INFO - [36m(setup pid=4368, ip=172.31.47.227)[0m drwxr-xr-x  2 root   root    4096 Aug  8  2025 gds-12.5
2026-03-26 12:26:24,465 - INFO - [36m(setup pid=4368, ip=172.31.47.227)[0m lrwxrwxrwx  1 root   root      28 Aug  8  2025 include -> targets/x86_64-linux/include
2026-03-26 12:26:24,465 - INFO - [36m(setup pid=4368, ip=172.31.47.227)[0m drwxr-xr-x  3 root   root    4096 Aug  8  2025 lib
2026-03-26 12:26:24,465 - INFO - [36m(setup pid=4368, ip=172.31.47.227)[0m lrwxrwxrwx  1 root   root      24 Aug  8  2025 lib64 -> targets/x86_64-linux/lib
2026-03-26 12:26:24,465 - INFO - [36m(setup pid=4368, ip=172.31.47.227)[0m drwxr-xr-x  7 root   root    4096 Aug  8  2025 libnvvp
2026-03-26 12:26:24,465 - INFO - [36m(setup pid=4368, ip=172.31.47.227)[0m drwxr-xr-x  7 root   root    4096 Aug  8  2025 nsight-compute-2024.2.0
2026-03-26 12:26:24,465 - INFO - [36m(setup pid=4368, ip=172.31.47.227)[0m drwxr-xr-x  6 root   root    4096 Aug  8  2025 nsight-systems-2024.2.3
2026-03-26 12:26:24,465 - INFO - [36m(setup pid=4368, ip=172.31.47.227)[0m drwxr-xr-x  2 root   root    4096 Aug  8  2025 nsightee_plugins
2026-03-26 12:26:24,465 - INFO - [36m(setup pid=4368, ip=172.31.47.227)[0m drwxr-xr-x  3 root   root    4096 Aug  8  2025 nvml
2026-03-26 12:26:24,465 - INFO - [36m(setup pid=4368, ip=172.31.47.227)[0m drwxr-xr-x  6 root   root    4096 Aug  8  2025 nvvm
2026-03-26 12:26:24,465 - INFO - [36m(setup pid=4368, ip=172.31.47.227)[0m drwxr-xr-x  3 root   root    4096 Aug  8  2025 share
2026-03-26 12:26:24,465 - INFO - [36m(setup pid=4368, ip=172.31.47.227)[0m drwxr-xr-x  2 root   root    4096 Aug  8  2025 src
2026-03-26 12:26:24,465 - INFO - [36m(setup pid=4368, ip=172.31.47.227)[0m drwxr-xr-x  3 root   root    4096 Aug  8  2025 targets
2026-03-26 12:26:24,465 - INFO - [36m(setup pid=4368, ip=172.31.47.227)[0m drwxr-xr-x  2 root   root    4096 Aug  8  2025 tools
2026-03-26 12:26:24,465 - INFO - [36m(setup pid=4368, ip=172.31.47.227)[0m -rw-r--r--  1 root   root    2940 Aug  8  2025 version.json
2026-03-26 12:26:24,465 - INFO - [36m(setup pid=4368, ip=172.31.47.227)[0m
2026-03-26 12:26:24,465 - INFO - [36m(setup pid=4368, ip=172.31.47.227)[0m /usr/local/cuda-12.6:
2026-03-26 12:26:24,465 - INFO - [36m(setup pid=4368, ip=172.31.47.227)[0m total 188
2026-03-26 12:26:24,465 - INFO - [36m(setup pid=4368, ip=172.31.47.227)[0m drwxr-xr-x 19 root   root    4096 Aug  8  2025 .
2026-03-26 12:26:24,465 - INFO - [36m(setup pid=4368, ip=172.31.47.227)[0m drwxr-xr-x 15 root   root    4096 Aug  8  2025 ..
2026-03-26 12:26:24,465 - INFO - [36m(setup pid=4368, ip=172.31.47.227)[0m -rw-r--r--  1 root   root     160 Aug  8  2025 DOCS
2026-03-26 12:26:24,465 - INFO - [36m(setup pid=4368, ip=172.31.47.227)[0m -rw-r--r--  1 root   root   63021 Aug  8  2025 EULA.txt
2026-03-26 12:26:24,465 - INFO - [36m(setup pid=4368, ip=172.31.47.227)[0m -rw-r--r--  1 ubuntu ubuntu 29574 Dec 30  2024 LICENSE
2026-03-26 12:26:24,465 - INFO - [36m(setup pid=4368, ip=172.31.47.227)[0m -rw-r--r--  1 root   root    1895 Dec  7  2024 LICENSE.txt
2026-03-26 12:26:24,465 - INFO - [36m(setup pid=4368, ip=172.31.47.227)[0m -rw-r--r--  1 root   root     524 Aug  8  2025 README
2026-03-26 12:26:24,465 - INFO - [36m(setup pid=4368, ip=172.31.47.227)[0m drwxrwxr-x  3 root   root    4096 Dec  7  2024 bin
2026-03-26 12:26:24,465 - INFO - [36m(setup pid=4368, ip=172.31.47.227)[0m drwxr-xr-x  5 root   root    4096 Aug  8  2025 compute-sanitizer
2026-03-26 12:26:24,465 - INFO - [36m(setup pid=4368, ip=172.31.47.227)[0m drwxr-xr-x  3 root   root    4096 Aug  8  2025 efa
2026-03-26 12:26:24,465 - INFO - [36m(setup pid=4368, ip=172.31.47.227)[0m drwxr-xr-x  5 root   root    4096 Aug  8  2025 extras
2026-03-26 12:26:24,465 - INFO - [36m(setup pid=4368, ip=172.31.47.227)[0m drwxr-xr-x  5 root   root    4096 Aug  8  2025 gds
2026-03-26 12:26:24,465 - INFO - [36m(setup pid=4368, ip=172.31.47.227)[0m drwxr-xr-x  2 root   root    4096 Aug  8  2025 gds-12.6
2026-03-26 12:26:24,465 - INFO - [36m(setup pid=4368, ip=172.31.47.227)[0m lrwxrwxrwx  1 root   root      28 Aug  8  2025 include -> targets/x86_64-linux/include
2026-03-26 12:26:24,465 - INFO - [36m(setup pid=4368, ip=172.31.47.227)[0m drwxrwxr-x  3 root   root    4096 Aug  8  2025 lib
2026-03-26 12:26:24,465 - INFO - [36m(setup pid=4368, ip=172.31.47.227)[0m lrwxrwxrwx  1 root   root      24 Aug  8  2025 lib64 -> targets/x86_64-linux/lib
2026-03-26 12:26:24,465 - INFO - [36m(setup pid=4368, ip=172.31.47.227)[0m drwxr-xr-x  7 root   root    4096 Aug  8  2025 libnvvp
2026-03-26 12:26:24,465 - INFO - [36m(setup pid=4368, ip=172.31.47.227)[0m drwxr-xr-x  7 root   root    4096 Aug  8  2025 nsight-compute-2024.3.2
2026-03-26 12:26:24,465 - INFO - [36m(setup pid=4368, ip=172.31.47.227)[0m drwxr-xr-x  6 root   root    4096 Aug  8  2025 nsight-systems-2024.5.1
2026-03-26 12:26:24,465 - INFO - [36m(setup pid=4368, ip=172.31.47.227)[0m drwxr-xr-x  2 root   root    4096 Aug  8  2025 nsightee_plugins
2026-03-26 12:26:24,465 - INFO - [36m(setup pid=4368, ip=172.31.47.227)[0m drwxr-xr-x  3 root   root    4096 Aug  8  2025 nvml
2026-03-26 12:26:24,465 - INFO - [36m(setup pid=4368, ip=172.31.47.227)[0m drwxr-xr-x  6 root   root    4096 Aug  8  2025 nvvm
2026-03-26 12:26:24,465 - INFO - [36m(setup pid=4368, ip=172.31.47.227)[0m drwxr-xr-x  3 root   root    4096 Aug  8  2025 share
2026-03-26 12:26:24,465 - INFO - [36m(setup pid=4368, ip=172.31.47.227)[0m drwxr-xr-x  2 root   root    4096 Aug  8  2025 src
2026-03-26 12:26:24,968 - INFO - [36m(setup pid=4368, ip=172.31.47.227)[0m drwxr-xr-x  3 root   root    4096 Aug  8  2025 targets
2026-03-26 12:26:24,968 - INFO - [36m(setup pid=4368, ip=172.31.47.227)[0m drwxr-xr-x  2 root   root    4096 Aug  8  2025 tools
2026-03-26 12:26:24,968 - INFO - [36m(setup pid=4368, ip=172.31.47.227)[0m -rw-r--r--  1 root   root    2935 Aug  8  2025 version.json
2026-03-26 12:26:24,968 - INFO - [36m(setup pid=4368, ip=172.31.47.227)[0m
2026-03-26 12:26:24,968 - INFO - [36m(setup pid=4368, ip=172.31.47.227)[0m /usr/local/cuda-12.8:
2026-03-26 12:26:24,968 - INFO - [36m(setup pid=4368, ip=172.31.47.227)[0m total 188
2026-03-26 12:26:24,968 - INFO - [36m(setup pid=4368, ip=172.31.47.227)[0m drwxr-xr-x 19 root   root    4096 Aug  8  2025 .
2026-03-26 12:26:24,968 - INFO - [36m(setup pid=4368, ip=172.31.47.227)[0m drwxr-xr-x 15 root   root    4096 Aug  8  2025 ..
2026-03-26 12:26:24,968 - INFO - [36m(setup pid=4368, ip=172.31.47.227)[0m -rw-r--r--  1 root   root     160 Aug  8  2025 DOCS
2026-03-26 12:26:24,968 - INFO - [36m(setup pid=4368, ip=172.31.47.227)[0m -rw-r--r--  1 root   root   63021 Aug  8  2025 EULA.txt
2026-03-26 12:26:24,968 - INFO - [36m(setup pid=4368, ip=172.31.47.227)[0m -rw-r--r--  1 ubuntu ubuntu 29574 May 31  2025 LICENSE
2026-03-26 12:26:24,968 - INFO - [36m(setup pid=4368, ip=172.31.47.227)[0m -rw-r--r--  1 root   root    1895 May 15  2025 LICENSE.txt
2026-03-26 12:26:24,968 - INFO - [36m(setup pid=4368, ip=172.31.47.227)[0m -rw-r--r--  1 root   root     524 Aug  8  2025 README
2026-03-26 12:26:24,968 - INFO - [36m(setup pid=4368, ip=172.31.47.227)[0m drwxr-xr-x  3 root   root    4096 May 15  2025 bin
2026-03-26 12:26:24,968 - INFO - [36m(setup pid=4368, ip=172.31.47.227)[0m drwxr-xr-x  5 root   root    4096 Aug  8  2025 compute-sanitizer
2026-03-26 12:26:24,968 - INFO - [36m(setup pid=4368, ip=172.31.47.227)[0m lrwxrwxrwx  1 root   root      20 Aug  8  2025 cuda-12.8 -> /usr/local/cuda-12.8
2026-03-26 12:26:24,968 - INFO - [36m(setup pid=4368, ip=172.31.47.227)[0m drwxr-xr-x  3 root   root    4096 Aug  8  2025 efa
2026-03-26 12:26:24,968 - INFO - [36m(setup pid=4368, ip=172.31.47.227)[0m drwxr-xr-x  5 root   root    4096 Aug  8  2025 extras
2026-03-26 12:26:24,968 - INFO - [36m(setup pid=4368, ip=172.31.47.227)[0m drwxr-xr-x  5 root   root    4096 Aug  8  2025 gds
2026-03-26 12:26:24,968 - INFO - [36m(setup pid=4368, ip=172.31.47.227)[0m drwxr-xr-x  2 root   root    4096 Aug  8  2025 gds-12.8
2026-03-26 12:26:24,968 - INFO - [36m(setup pid=4368, ip=172.31.47.227)[0m lrwxrwxrwx  1 root   root      28 Aug  8  2025 include -> targets/x86_64-linux/include
2026-03-26 12:26:24,968 - INFO - [36m(setup pid=4368, ip=172.31.47.227)[0m drwxr-xr-x  3 root   root    4096 Aug  8  2025 lib
2026-03-26 12:26:24,968 - INFO - [36m(setup pid=4368, ip=172.31.47.227)[0m lrwxrwxrwx  1 root   root      24 Aug  8  2025 lib64 -> targets/x86_64-linux/lib
2026-03-26 12:26:24,968 - INFO - [36m(setup pid=4368, ip=172.31.47.227)[0m drwxr-xr-x  7 root   root    4096 Aug  8  2025 libnvvp
2026-03-26 12:26:24,968 - INFO - [36m(setup pid=4368, ip=172.31.47.227)[0m drwxr-xr-x  7 root   root    4096 Aug  8  2025 nsight-compute-2025.1.1
2026-03-26 12:26:24,968 - INFO - [36m(setup pid=4368, ip=172.31.47.227)[0m drwxr-xr-x  6 root   root    4096 Aug  8  2025 nsight-systems-2024.6.2
2026-03-26 12:26:24,968 - INFO - [36m(setup pid=4368, ip=172.31.47.227)[0m drwxr-xr-x  2 root   root    4096 Aug  8  2025 nsightee_plugins
2026-03-26 12:26:24,968 - INFO - [36m(setup pid=4368, ip=172.31.47.227)[0m drwxr-xr-x  3 root   root    4096 Aug  8  2025 nvml
2026-03-26 12:26:24,968 - INFO - [36m(setup pid=4368, ip=172.31.47.227)[0m drwxr-xr-x  6 root   root    4096 Aug  8  2025 nvvm
2026-03-26 12:26:24,968 - INFO - [36m(setup pid=4368, ip=172.31.47.227)[0m drwxr-xr-x  3 root   root    4096 Aug  8  2025 share
2026-03-26 12:26:24,968 - INFO - [36m(setup pid=4368, ip=172.31.47.227)[0m drwxr-xr-x  2 root   root    4096 Aug  8  2025 src
2026-03-26 12:26:24,968 - INFO - [36m(setup pid=4368, ip=172.31.47.227)[0m drwxr-xr-x  3 root   root    4096 Aug  8  2025 targets
2026-03-26 12:26:24,968 - INFO - [36m(setup pid=4368, ip=172.31.47.227)[0m drwxr-xr-x  2 root   root    4096 Aug  8  2025 tools
2026-03-26 12:26:24,968 - INFO - [36m(setup pid=4368, ip=172.31.47.227)[0m -rw-r--r--  1 root   root    2940 Aug  8  2025 version.json
2026-03-26 12:26:24,968 - INFO - [36m(setup pid=4368, ip=172.31.47.227)[0m + echo ===================================
2026-03-26 12:26:24,968 - INFO - [36m(setup pid=4368, ip=172.31.47.227)[0m ===================================
2026-03-26 12:26:24,968 - INFO - [36m(setup pid=4368, ip=172.31.47.227)[0m + command -v nvidia-smi
2026-03-26 12:26:24,968 - INFO - [36m(setup pid=4368, ip=172.31.47.227)[0m + '[' true = true ']'
2026-03-26 12:26:24,968 - INFO - [36m(setup pid=4368, ip=172.31.47.227)[0m + echo '=== Fabric Manager for NVSwitch ==='
2026-03-26 12:26:24,968 - INFO - [36m(setup pid=4368, ip=172.31.47.227)[0m === Fabric Manager for NVSwitch ===
2026-03-26 12:26:24,969 - INFO - [36m(setup pid=4368, ip=172.31.47.227)[0m + systemctl is-active --quiet nvidia-fabricmanager
2026-03-26 12:26:24,969 - INFO - [36m(setup pid=4368, ip=172.31.47.227)[0m + echo 'Fabric Manager already running'
2026-03-26 12:26:24,969 - INFO - [36m(setup pid=4368, ip=172.31.47.227)[0m Fabric Manager already running
2026-03-26 12:26:24,969 - INFO - [36m(setup pid=4368, ip=172.31.47.227)[0m + awk 'NR<=15'
2026-03-26 12:26:24,969 - INFO - [36m(setup pid=4368, ip=172.31.47.227)[0m + nvidia-smi topo -m
2026-03-26 12:26:24,969 - INFO - [36m(setup pid=7141)[0m 	[4mGPU0	GPU1	GPU2	GPU3	GPU4	GPU5	GPU6	GPU7	CPU Affinity	NUMA Affinity	GPU NUMA ID[0m
2026-03-26 12:26:24,969 - INFO - [36m(setup pid=7141)[0m GPU0	 X 	NV12	NV12	NV12	NV12	NV12	NV12	NV12	0-23,48-71	0		N/A
2026-03-26 12:26:24,969 - INFO - [36m(setup pid=7141)[0m GPU1	NV12	 X 	NV12	NV12	NV12	NV12	NV12	NV12	0-23,48-71	0		N/A
2026-03-26 12:26:24,969 - INFO - [36m(setup pid=7141)[0m GPU2	NV12	NV12	 X 	NV12	NV12	NV12	NV12	NV12	0-23,48-71	0		N/A
2026-03-26 12:26:24,969 - INFO - [36m(setup pid=7141)[0m GPU3	NV12	NV12	NV12	 X 	NV12	NV12	NV12	NV12	0-23,48-71	0		N/A
2026-03-26 12:26:24,969 - INFO - [36m(setup pid=7141)[0m GPU4	NV12	NV12	NV12	NV12	 X 	NV12	NV12	NV12	24-47,72-95	1		N/A
2026-03-26 12:26:24,969 - INFO - [36m(setup pid=7141)[0m GPU5	NV12	NV12	NV12	NV12	NV12	 X 	NV12	NV12	24-47,72-95	1		N/A
2026-03-26 12:26:24,969 - INFO - [36m(setup pid=7141)[0m GPU6	NV12	NV12	NV12	NV12	NV12	NV12	 X 	NV12	24-47,72-95	1		N/A
2026-03-26 12:26:24,969 - INFO - [36m(setup pid=7141)[0m GPU7	NV12	NV12	NV12	NV12	NV12	NV12	NV12	 X 	24-47,72-95	1		N/A
2026-03-26 12:26:24,969 - INFO - [36m(setup pid=7141)[0m
2026-03-26 12:26:24,969 - INFO - [36m(setup pid=7141)[0m Legend:
2026-03-26 12:26:24,969 - INFO - [36m(setup pid=7141)[0m
2026-03-26 12:26:24,969 - INFO - [36m(setup pid=7141)[0m   X    = Self
2026-03-26 12:26:24,969 - INFO - [36m(setup pid=7141)[0m   SYS  = Connection traversing PCIe as well as the SMP interconnect between NUMA nodes (e.g., QPI/UPI)
2026-03-26 12:26:24,969 - INFO - [36m(setup pid=7141)[0m   NODE = Connection traversing PCIe as well as the interconnect between PCIe Host Bridges within a NUMA node
2026-03-26 12:26:24,969 - INFO - [36m(setup pid=7141)[0m + sudo apt-get install -y numactl
2026-03-26 12:26:24,969 - INFO - [36m(setup pid=7141)[0m Reading package lists...
2026-03-26 12:26:24,969 - INFO - [36m(setup pid=4368, ip=172.31.47.227)[0m 	[4mGPU0	GPU1	GPU2	GPU3	GPU4	GPU5	GPU6	GPU7	CPU Affinity	NUMA Affinity	GPU NUMA ID[0m
2026-03-26 12:26:24,969 - INFO - [36m(setup pid=4368, ip=172.31.47.227)[0m GPU0	 X 	NV12	NV12	NV12	NV12	NV12	NV12	NV12	0-23,48-71	0		N/A
2026-03-26 12:26:24,969 - INFO - [36m(setup pid=4368, ip=172.31.47.227)[0m GPU1	NV12	 X 	NV12	NV12	NV12	NV12	NV12	NV12	0-23,48-71	0		N/A
2026-03-26 12:26:24,969 - INFO - [36m(setup pid=4368, ip=172.31.47.227)[0m GPU2	NV12	NV12	 X 	NV12	NV12	NV12	NV12	NV12	0-23,48-71	0		N/A
2026-03-26 12:26:24,969 - INFO - [36m(setup pid=4368, ip=172.31.47.227)[0m GPU3	NV12	NV12	NV12	 X 	NV12	NV12	NV12	NV12	0-23,48-71	0		N/A
2026-03-26 12:26:24,969 - INFO - [36m(setup pid=4368, ip=172.31.47.227)[0m GPU4	NV12	NV12	NV12	NV12	 X 	NV12	NV12	NV12	24-47,72-95	1		N/A
2026-03-26 12:26:24,969 - INFO - [36m(setup pid=4368, ip=172.31.47.227)[0m GPU5	NV12	NV12	NV12	NV12	NV12	 X 	NV12	NV12	24-47,72-95	1		N/A
2026-03-26 12:26:24,969 - INFO - [36m(setup pid=4368, ip=172.31.47.227)[0m GPU6	NV12	NV12	NV12	NV12	NV12	NV12	 X 	NV12	24-47,72-95	1		N/A
2026-03-26 12:26:24,969 - INFO - [36m(setup pid=4368, ip=172.31.47.227)[0m GPU7	NV12	NV12	NV12	NV12	NV12	NV12	NV12	 X 	24-47,72-95	1		N/A
2026-03-26 12:26:24,969 - INFO - [36m(setup pid=4368, ip=172.31.47.227)[0m
2026-03-26 12:26:24,969 - INFO - [36m(setup pid=4368, ip=172.31.47.227)[0m Legend:
2026-03-26 12:26:24,969 - INFO - [36m(setup pid=4368, ip=172.31.47.227)[0m
2026-03-26 12:26:24,969 - INFO - [36m(setup pid=4368, ip=172.31.47.227)[0m   X    = Self
2026-03-26 12:26:24,969 - INFO - [36m(setup pid=4368, ip=172.31.47.227)[0m   SYS  = Connection traversing PCIe as well as the SMP interconnect between NUMA nodes (e.g., QPI/UPI)
2026-03-26 12:26:24,969 - INFO - [36m(setup pid=4368, ip=172.31.47.227)[0m   NODE = Connection traversing PCIe as well as the interconnect between PCIe Host Bridges within a NUMA node
2026-03-26 12:26:24,969 - INFO - [36m(setup pid=4368, ip=172.31.47.227)[0m + sudo apt-get install -y numactl
2026-03-26 12:26:24,969 - INFO - [36m(setup pid=4368, ip=172.31.47.227)[0m Reading package lists...
2026-03-26 12:26:24,969 - INFO - [36m(setup pid=7141)[0m Building dependency tree...
2026-03-26 12:26:24,969 - INFO - [36m(setup pid=7141)[0m Reading state information...
2026-03-26 12:26:24,969 - INFO - [36m(setup pid=4368, ip=172.31.47.227)[0m Building dependency tree...
2026-03-26 12:26:24,969 - INFO - [36m(setup pid=4368, ip=172.31.47.227)[0m Reading state information...
2026-03-26 12:26:24,969 - INFO - [36m(setup pid=7141)[0m The following NEW packages will be installed:
2026-03-26 12:26:24,969 - INFO - [36m(setup pid=7141)[0m   numactl
2026-03-26 12:26:25,069 - INFO - [36m(setup pid=4368, ip=172.31.47.227)[0m The following NEW packages will be installed:
2026-03-26 12:26:25,069 - INFO - [36m(setup pid=4368, ip=172.31.47.227)[0m   numactl
2026-03-26 12:26:25,069 - INFO - [36m(setup pid=7141)[0m 0 upgraded, 1 newly installed, 0 to remove and 0 not upgraded.
2026-03-26 12:26:25,069 - INFO - [36m(setup pid=7141)[0m Need to get 36.8 kB of archives.
2026-03-26 12:26:25,069 - INFO - [36m(setup pid=7141)[0m After this operation, 140 kB of additional disk space will be used.
2026-03-26 12:26:25,069 - INFO - [36m(setup pid=7141)[0m Get:1 http://us-east-1.ec2.archive.ubuntu.com/ubuntu jammy/main amd64 numactl amd64 2.0.14-3ubuntu2 [36.8 kB]
2026-03-26 12:26:25,069 - INFO - [36m(setup pid=4368, ip=172.31.47.227)[0m 0 upgraded, 1 newly installed, 0 to remove and 0 not upgraded.
2026-03-26 12:26:25,069 - INFO - [36m(setup pid=4368, ip=172.31.47.227)[0m Need to get 36.8 kB of archives.
2026-03-26 12:26:25,069 - INFO - [36m(setup pid=4368, ip=172.31.47.227)[0m After this operation, 140 kB of additional disk space will be used.
2026-03-26 12:26:25,069 - INFO - [36m(setup pid=4368, ip=172.31.47.227)[0m Get:1 http://us-east-1.ec2.archive.ubuntu.com/ubuntu jammy/main amd64 numactl amd64 2.0.14-3ubuntu2 [36.8 kB]
2026-03-26 12:26:25,069 - INFO - [36m(setup pid=7141)[0m Fetched 36.8 kB in 0s (1287 kB/s)
2026-03-26 12:26:25,069 - INFO - [36m(setup pid=4368, ip=172.31.47.227)[0m Fetched 36.8 kB in 0s (2503 kB/s)
2026-03-26 12:26:25,069 - INFO - [36m(setup pid=4368, ip=172.31.47.227)[0m Selecting previously unselected package numactl.
2026-03-26 12:26:25,069 - INFO - [36m(setup pid=7141)[0m Selecting previously unselected package numactl.
2026-03-26 12:26:25,069 - INFO - [36m(setup pid=7141)[0m (Reading database ...
2026-03-26 12:26:26,679 - INFO - (Reading database ... 5%
2026-03-26 12:26:26,679 - INFO - (Reading database ... 10%
2026-03-26 12:26:26,679 - INFO - (Reading database ... 15%
2026-03-26 12:26:26,679 - INFO - (Reading database ... 20%
2026-03-26 12:26:26,679 - INFO - (Reading database ... 25%
2026-03-26 12:26:26,679 - INFO - (Reading database ... 30%
2026-03-26 12:26:26,679 - INFO - (Reading database ... 35%
2026-03-26 12:26:26,679 - INFO - (Reading database ... 40%
2026-03-26 12:26:26,679 - INFO - (Reading database ... 45%
2026-03-26 12:26:26,679 - INFO - [36m(setup pid=4368, ip=172.31.47.227)[0m (Reading database ...
2026-03-26 12:26:26,679 - INFO - (Reading database ... 5%
2026-03-26 12:26:26,679 - INFO - (Reading database ... 10%
2026-03-26 12:26:26,679 - INFO - (Reading database ... 15%
2026-03-26 12:26:26,679 - INFO - (Reading database ... 20%
2026-03-26 12:26:26,679 - INFO - (Reading database ... 25%
2026-03-26 12:26:26,679 - INFO - (Reading database ... 30%
2026-03-26 12:26:26,679 - INFO - (Reading database ... 35%
2026-03-26 12:26:26,679 - INFO - (Reading database ... 40%
2026-03-26 12:26:26,679 - INFO - (Reading database ... 45%
2026-03-26 12:26:26,679 - INFO - [36m(setup pid=7141)[0m (Reading database ... 50%
2026-03-26 12:26:26,679 - INFO - [36m(setup pid=4368, ip=172.31.47.227)[0m (Reading database ... 50%
2026-03-26 12:26:26,679 - INFO - [36m(setup pid=4368, ip=172.31.47.227)[0m (Reading database ... 55%
2026-03-26 12:26:26,679 - INFO - [36m(setup pid=7141)[0m (Reading database ... 55%
2026-03-26 12:26:26,679 - INFO - [36m(setup pid=4368, ip=172.31.47.227)[0m (Reading database ... 60%
2026-03-26 12:26:26,679 - INFO - [36m(setup pid=4368, ip=172.31.47.227)[0m (Reading database ... 65%
2026-03-26 12:26:26,679 - INFO - [36m(setup pid=7141)[0m (Reading database ... 60%
2026-03-26 12:26:26,679 - INFO - [36m(setup pid=4368, ip=172.31.47.227)[0m (Reading database ... 70%
2026-03-26 12:26:26,679 - INFO - [36m(setup pid=7141)[0m (Reading database ... 65%
2026-03-26 12:26:26,679 - INFO - [36m(setup pid=4368, ip=172.31.47.227)[0m (Reading database ... 75%
2026-03-26 12:26:26,679 - INFO - [36m(setup pid=7141)[0m (Reading database ... 70%
2026-03-26 12:26:26,679 - INFO - [36m(setup pid=7141)[0m (Reading database ... 75%
2026-03-26 12:26:29,295 - INFO - [36m(setup pid=7141)[0m (Reading database ... 80%
2026-03-26 12:26:29,296 - INFO - [36m(setup pid=4368, ip=172.31.47.227)[0m (Reading database ... 80%
2026-03-26 12:26:29,999 - INFO - [36m(setup pid=4368, ip=172.31.47.227)[0m (Reading database ... 85%
2026-03-26 12:26:31,508 - INFO - [36m(setup pid=7141)[0m (Reading database ... 85%
2026-03-26 12:26:34,328 - INFO - [36m(setup pid=7141)[0m (Reading database ... 90%
2026-03-26 12:26:34,328 - INFO - [36m(setup pid=4368, ip=172.31.47.227)[0m (Reading database ... 90%
2026-03-26 12:26:35,034 - INFO - [36m(setup pid=4368, ip=172.31.47.227)[0m (Reading database ... 95%
2026-03-26 12:26:35,034 - INFO - (Reading database ... 100%
2026-03-26 12:26:35,034 - INFO - (Reading database ... 96613 files and directories currently installed.)
2026-03-26 12:26:35,035 - INFO - [36m(setup pid=4368, ip=172.31.47.227)[0m Preparing to unpack .../numactl_2.0.14-3ubuntu2_amd64.deb ...
2026-03-26 12:26:35,035 - INFO - [36m(setup pid=4368, ip=172.31.47.227)[0m Unpacking numactl (2.0.14-3ubuntu2) ...
2026-03-26 12:26:35,035 - INFO - [36m(setup pid=7141)[0m (Reading database ... 95%
2026-03-26 12:26:35,035 - INFO - (Reading database ... 100%
2026-03-26 12:26:35,035 - INFO - (Reading database ... 96613 files and directories currently installed.)
2026-03-26 12:26:35,035 - INFO - [36m(setup pid=7141)[0m Preparing to unpack .../numactl_2.0.14-3ubuntu2_amd64.deb ...
2026-03-26 12:26:35,035 - INFO - [36m(setup pid=7141)[0m Unpacking numactl (2.0.14-3ubuntu2) ...
2026-03-26 12:26:35,035 - INFO - [36m(setup pid=4368, ip=172.31.47.227)[0m Setting up numactl (2.0.14-3ubuntu2) ...
2026-03-26 12:26:48,239 - INFO - [36m(setup pid=7141)[0m Setting up numactl (2.0.14-3ubuntu2) ...
2026-03-26 12:26:48,239 - INFO - [36m(setup pid=7141)[0m Processing triggers for man-db (2.10.2-1) ...
2026-03-26 12:26:48,239 - INFO - [36m(setup pid=4368, ip=172.31.47.227)[0m Processing triggers for man-db (2.10.2-1) ...
2026-03-26 12:26:48,239 - INFO - [36m(setup pid=4368, ip=172.31.47.227)[0m
2026-03-26 12:26:48,842 - INFO - [36m(setup pid=4368, ip=172.31.47.227)[0m Running kernel seems to be up-to-date.
2026-03-26 12:26:48,842 - INFO - [36m(setup pid=4368, ip=172.31.47.227)[0m
2026-03-26 12:26:48,842 - INFO - [36m(setup pid=4368, ip=172.31.47.227)[0m No services need to be restarted.
2026-03-26 12:26:48,842 - INFO - [36m(setup pid=4368, ip=172.31.47.227)[0m
2026-03-26 12:26:48,842 - INFO - [36m(setup pid=4368, ip=172.31.47.227)[0m No containers need to be restarted.
2026-03-26 12:26:48,842 - INFO - [36m(setup pid=4368, ip=172.31.47.227)[0m
2026-03-26 12:26:48,842 - INFO - [36m(setup pid=4368, ip=172.31.47.227)[0m No user sessions are running outdated binaries.
2026-03-26 12:26:48,842 - INFO - [36m(setup pid=4368, ip=172.31.47.227)[0m
2026-03-26 12:26:48,842 - INFO - [36m(setup pid=4368, ip=172.31.47.227)[0m No VM guests are running outdated hypervisor (qemu) binaries on this host.
2026-03-26 12:26:48,842 - INFO - [36m(setup pid=7141)[0m
2026-03-26 12:26:49,748 - INFO - [36m(setup pid=7141)[0m Running kernel seems to be up-to-date.
2026-03-26 12:26:49,748 - INFO - [36m(setup pid=7141)[0m
2026-03-26 12:26:49,748 - INFO - [36m(setup pid=7141)[0m No services need to be restarted.
2026-03-26 12:26:49,748 - INFO - [36m(setup pid=7141)[0m
2026-03-26 12:26:49,748 - INFO - [36m(setup pid=7141)[0m No containers need to be restarted.
2026-03-26 12:26:49,748 - INFO - [36m(setup pid=7141)[0m
2026-03-26 12:26:49,748 - INFO - [36m(setup pid=7141)[0m No user sessions are running outdated binaries.
2026-03-26 12:26:49,748 - INFO - [36m(setup pid=7141)[0m
2026-03-26 12:26:49,748 - INFO - [36m(setup pid=7141)[0m No VM guests are running outdated hypervisor (qemu) binaries on this host.
2026-03-26 12:26:49,748 - INFO - [36m(setup pid=4368, ip=172.31.47.227)[0m + command -v uv
2026-03-26 12:26:50,551 - INFO - [36m(setup pid=4368, ip=172.31.47.227)[0m + export PATH=/home/ubuntu/.local/bin:/home/ubuntu/.local/bin:/home/ubuntu/.local/bin:/home/ubuntu/miniconda3/bin:/home/ubuntu/miniconda3/condabin:/opt/amazon/openmpi/bin:/opt/amazon/efa/bin:/usr/local/cuda-12.8/bin:/usr/local/cuda-12.8/include:/usr/local/cuda-12.8/bin:/usr/local/cuda-12.8/include:/usr/local/sbin:/usr/local/bin:/usr/sbin:/usr/bin:/sbin:/bin:/usr/games:/usr/local/games:/snap/bin
2026-03-26 12:26:50,551 - INFO - [36m(setup pid=4368, ip=172.31.47.227)[0m + PATH=/home/ubuntu/.local/bin:/home/ubuntu/.local/bin:/home/ubuntu/.local/bin:/home/ubuntu/miniconda3/bin:/home/ubuntu/miniconda3/condabin:/opt/amazon/openmpi/bin:/opt/amazon/efa/bin:/usr/local/cuda-12.8/bin:/usr/local/cuda-12.8/include:/usr/local/cuda-12.8/bin:/usr/local/cuda-12.8/include:/usr/local/sbin:/usr/local/bin:/usr/sbin:/usr/bin:/sbin:/bin:/usr/games:/usr/local/games:/snap/bin
2026-03-26 12:26:50,551 - INFO - [36m(setup pid=4368, ip=172.31.47.227)[0m + uv venv --python 3.12 --seed --allow-existing
2026-03-26 12:26:50,551 - INFO - [36m(setup pid=7141)[0m + command -v uv
2026-03-26 12:26:50,551 - INFO - [36m(setup pid=7141)[0m + export PATH=/home/ubuntu/.local/bin:/home/ubuntu/.local/bin:/home/ubuntu/.local/bin:/home/ubuntu/miniconda3/bin:/home/ubuntu/miniconda3/condabin:/opt/amazon/openmpi/bin:/opt/amazon/efa/bin:/usr/local/cuda-12.8/bin:/usr/local/cuda-12.8/include:/usr/local/cuda-12.8/bin:/usr/local/cuda-12.8/include:/usr/local/sbin:/usr/local/bin:/usr/sbin:/usr/bin:/sbin:/bin:/usr/games:/usr/local/games:/snap/bin
2026-03-26 12:26:50,551 - INFO - [36m(setup pid=7141)[0m + PATH=/home/ubuntu/.local/bin:/home/ubuntu/.local/bin:/home/ubuntu/.local/bin:/home/ubuntu/miniconda3/bin:/home/ubuntu/miniconda3/condabin:/opt/amazon/openmpi/bin:/opt/amazon/efa/bin:/usr/local/cuda-12.8/bin:/usr/local/cuda-12.8/include:/usr/local/cuda-12.8/bin:/usr/local/cuda-12.8/include:/usr/local/sbin:/usr/local/bin:/usr/sbin:/usr/bin:/sbin:/bin:/usr/games:/usr/local/games:/snap/bin
2026-03-26 12:26:50,551 - INFO - [36m(setup pid=7141)[0m + uv venv --python 3.12 --seed --allow-existing
2026-03-26 12:26:50,551 - INFO - [36m(setup pid=4368, ip=172.31.47.227)[0m Downloading cpython-3.12.13-linux-x86_64-gnu (download) (32.3MiB)
2026-03-26 12:26:51,153 - INFO - [36m(setup pid=7141)[0m Downloading cpython-3.12.13-linux-x86_64-gnu (download) (32.3MiB)
2026-03-26 12:26:51,153 - INFO - [36m(setup pid=4368, ip=172.31.47.227)[0m  Downloaded cpython-3.12.13-linux-x86_64-gnu (download)
2026-03-26 12:26:51,153 - INFO - [36m(setup pid=7141)[0m  Downloaded cpython-3.12.13-linux-x86_64-gnu (download)
2026-03-26 12:26:51,755 - INFO - [36m(setup pid=4368, ip=172.31.47.227)[0m Using CPython 3.12.13
2026-03-26 12:26:51,755 - INFO - [36m(setup pid=4368, ip=172.31.47.227)[0m Creating virtual environment with seed packages at: .venv
2026-03-26 12:26:51,755 - INFO - [36m(setup pid=4368, ip=172.31.47.227)[0m  + pip==26.0.1
2026-03-26 12:26:51,755 - INFO - [36m(setup pid=4368, ip=172.31.47.227)[0m Activate with: source .venv/bin/activate
2026-03-26 12:26:51,755 - INFO - [36m(setup pid=4368, ip=172.31.47.227)[0m + source .venv/bin/activate
2026-03-26 12:26:51,756 - INFO - [36m(setup pid=4368, ip=172.31.47.227)[0m ++ '[' -z '' ']'
2026-03-26 12:26:51,756 - INFO - [36m(setup pid=4368, ip=172.31.47.227)[0m ++ '[' -n x ']'
2026-03-26 12:26:51,756 - INFO - [36m(setup pid=4368, ip=172.31.47.227)[0m ++ SCRIPT_PATH=.venv/bin/activate
2026-03-26 12:26:51,756 - INFO - [36m(setup pid=4368, ip=172.31.47.227)[0m ++ '[' .venv/bin/activate = /tmp/sky_setup_sky-2026-03-26-12-22-13-583194 ']'
2026-03-26 12:26:51,756 - INFO - [36m(setup pid=4368, ip=172.31.47.227)[0m ++ deactivate nondestructive
2026-03-26 12:26:51,756 - INFO - [36m(setup pid=4368, ip=172.31.47.227)[0m ++ unset -f pydoc
2026-03-26 12:26:51,756 - INFO - [36m(setup pid=4368, ip=172.31.47.227)[0m ++ '[' -z '' ']'
2026-03-26 12:26:51,756 - INFO - [36m(setup pid=4368, ip=172.31.47.227)[0m ++ '[' -z '' ']'
2026-03-26 12:26:51,756 - INFO - [36m(setup pid=4368, ip=172.31.47.227)[0m ++ hash -r
2026-03-26 12:26:51,756 - INFO - [36m(setup pid=4368, ip=172.31.47.227)[0m ++ '[' -z '' ']'
2026-03-26 12:26:51,756 - INFO - [36m(setup pid=4368, ip=172.31.47.227)[0m ++ unset VIRTUAL_ENV
2026-03-26 12:26:51,756 - INFO - [36m(setup pid=4368, ip=172.31.47.227)[0m ++ unset VIRTUAL_ENV_PROMPT
2026-03-26 12:26:51,756 - INFO - [36m(setup pid=4368, ip=172.31.47.227)[0m ++ '[' '!' nondestructive = nondestructive ']'
2026-03-26 12:26:51,756 - INFO - [36m(setup pid=4368, ip=172.31.47.227)[0m ++ VIRTUAL_ENV=/home/ubuntu/sky_workdir/.venv
2026-03-26 12:26:51,756 - INFO - [36m(setup pid=4368, ip=172.31.47.227)[0m ++ '[' linux-gnu = cygwin ']'
2026-03-26 12:26:51,756 - INFO - [36m(setup pid=4368, ip=172.31.47.227)[0m ++ '[' linux-gnu = msys ']'
2026-03-26 12:26:51,756 - INFO - [36m(setup pid=4368, ip=172.31.47.227)[0m ++ export VIRTUAL_ENV
2026-03-26 12:26:51,756 - INFO - [36m(setup pid=4368, ip=172.31.47.227)[0m ++ '[' -z '' ']'
2026-03-26 12:26:51,756 - INFO - [36m(setup pid=4368, ip=172.31.47.227)[0m ++ unset SCRIPT_PATH
2026-03-26 12:26:51,756 - INFO - [36m(setup pid=4368, ip=172.31.47.227)[0m ++ _OLD_VIRTUAL_PATH=/home/ubuntu/.local/bin:/home/ubuntu/.local/bin:/home/ubuntu/.local/bin:/home/ubuntu/miniconda3/bin:/home/ubuntu/miniconda3/condabin:/opt/amazon/openmpi/bin:/opt/amazon/efa/bin:/usr/local/cuda-12.8/bin:/usr/local/cuda-12.8/include:/usr/local/cuda-12.8/bin:/usr/local/cuda-12.8/include:/usr/local/sbin:/usr/local/bin:/usr/sbin:/usr/bin:/sbin:/bin:/usr/games:/usr/local/games:/snap/bin
2026-03-26 12:26:51,756 - INFO - [36m(setup pid=4368, ip=172.31.47.227)[0m ++ PATH=/home/ubuntu/sky_workdir/.venv/bin:/home/ubuntu/.local/bin:/home/ubuntu/.local/bin:/home/ubuntu/.local/bin:/home/ubuntu/miniconda3/bin:/home/ubuntu/miniconda3/condabin:/opt/amazon/openmpi/bin:/opt/amazon/efa/bin:/usr/local/cuda-12.8/bin:/usr/local/cuda-12.8/include:/usr/local/cuda-12.8/bin:/usr/local/cuda-12.8/include:/usr/local/sbin:/usr/local/bin:/usr/sbin:/usr/bin:/sbin:/bin:/usr/games:/usr/local/games:/snap/bin
2026-03-26 12:26:51,756 - INFO - [36m(setup pid=4368, ip=172.31.47.227)[0m ++ export PATH
2026-03-26 12:26:51,756 - INFO - [36m(setup pid=4368, ip=172.31.47.227)[0m ++ '[' xsky_workdir '!=' x ']'
2026-03-26 12:26:51,756 - INFO - [36m(setup pid=4368, ip=172.31.47.227)[0m ++ VIRTUAL_ENV_PROMPT=sky_workdir
2026-03-26 12:26:51,756 - INFO - [36m(setup pid=4368, ip=172.31.47.227)[0m ++ export VIRTUAL_ENV_PROMPT
2026-03-26 12:26:51,756 - INFO - [36m(setup pid=4368, ip=172.31.47.227)[0m ++ '[' -z '' ']'
2026-03-26 12:26:51,756 - INFO - [36m(setup pid=4368, ip=172.31.47.227)[0m ++ '[' -z '' ']'
2026-03-26 12:26:51,756 - INFO - [36m(setup pid=4368, ip=172.31.47.227)[0m ++ _OLD_VIRTUAL_PS1='(base) ${debian_chroot:+($debian_chroot)}\u@\h:\w\$ '
2026-03-26 12:26:51,756 - INFO - [36m(setup pid=4368, ip=172.31.47.227)[0m ++ PS1='(sky_workdir) (base) ${debian_chroot:+($debian_chroot)}\u@\h:\w\$ '
2026-03-26 12:26:51,756 - INFO - [36m(setup pid=4368, ip=172.31.47.227)[0m ++ export PS1
2026-03-26 12:26:51,756 - INFO - [36m(setup pid=4368, ip=172.31.47.227)[0m ++ alias pydoc
2026-03-26 12:26:51,756 - INFO - [36m(setup pid=4368, ip=172.31.47.227)[0m ++ true
2026-03-26 12:26:51,756 - INFO - [36m(setup pid=4368, ip=172.31.47.227)[0m ++ hash -r
2026-03-26 12:26:51,756 - INFO - [36m(setup pid=4368, ip=172.31.47.227)[0m + uv pip install datasets requests pynvml aiohttp
2026-03-26 12:26:51,756 - INFO - [36m(setup pid=7141)[0m Using CPython 3.12.13
2026-03-26 12:26:51,756 - INFO - [36m(setup pid=7141)[0m Creating virtual environment with seed packages at: .venv
2026-03-26 12:26:51,756 - INFO - [36m(setup pid=7141)[0m  + pip==26.0.1
2026-03-26 12:26:51,756 - INFO - [36m(setup pid=7141)[0m Activate with: source .venv/bin/activate
2026-03-26 12:26:51,756 - INFO - [36m(setup pid=7141)[0m + source .venv/bin/activate
2026-03-26 12:26:51,756 - INFO - [36m(setup pid=7141)[0m ++ '[' -z '' ']'
2026-03-26 12:26:51,756 - INFO - [36m(setup pid=7141)[0m ++ '[' -n x ']'
2026-03-26 12:26:51,756 - INFO - [36m(setup pid=7141)[0m ++ SCRIPT_PATH=.venv/bin/activate
2026-03-26 12:26:51,756 - INFO - [36m(setup pid=7141)[0m ++ '[' .venv/bin/activate = /tmp/sky_setup_sky-2026-03-26-12-22-13-583194 ']'
2026-03-26 12:26:51,756 - INFO - [36m(setup pid=7141)[0m ++ deactivate nondestructive
2026-03-26 12:26:51,756 - INFO - [36m(setup pid=7141)[0m ++ unset -f pydoc
2026-03-26 12:26:51,756 - INFO - [36m(setup pid=7141)[0m ++ '[' -z '' ']'
2026-03-26 12:26:51,756 - INFO - [36m(setup pid=7141)[0m ++ '[' -z '' ']'
2026-03-26 12:26:51,756 - INFO - [36m(setup pid=7141)[0m ++ hash -r
2026-03-26 12:26:51,756 - INFO - [36m(setup pid=7141)[0m ++ '[' -z '' ']'
2026-03-26 12:26:51,756 - INFO - [36m(setup pid=7141)[0m ++ unset VIRTUAL_ENV
2026-03-26 12:26:51,756 - INFO - [36m(setup pid=7141)[0m ++ unset VIRTUAL_ENV_PROMPT
2026-03-26 12:26:51,756 - INFO - [36m(setup pid=7141)[0m ++ '[' '!' nondestructive = nondestructive ']'
2026-03-26 12:26:51,756 - INFO - [36m(setup pid=7141)[0m ++ VIRTUAL_ENV=/home/ubuntu/sky_workdir/.venv
2026-03-26 12:26:51,756 - INFO - [36m(setup pid=7141)[0m ++ '[' linux-gnu = cygwin ']'
2026-03-26 12:26:51,756 - INFO - [36m(setup pid=7141)[0m ++ '[' linux-gnu = msys ']'
2026-03-26 12:26:51,756 - INFO - [36m(setup pid=7141)[0m ++ export VIRTUAL_ENV
2026-03-26 12:26:51,756 - INFO - [36m(setup pid=7141)[0m ++ '[' -z '' ']'
2026-03-26 12:26:51,756 - INFO - [36m(setup pid=7141)[0m ++ unset SCRIPT_PATH
2026-03-26 12:26:51,756 - INFO - [36m(setup pid=7141)[0m ++ _OLD_VIRTUAL_PATH=/home/ubuntu/.local/bin:/home/ubuntu/.local/bin:/home/ubuntu/.local/bin:/home/ubuntu/miniconda3/bin:/home/ubuntu/miniconda3/condabin:/opt/amazon/openmpi/bin:/opt/amazon/efa/bin:/usr/local/cuda-12.8/bin:/usr/local/cuda-12.8/include:/usr/local/cuda-12.8/bin:/usr/local/cuda-12.8/include:/usr/local/sbin:/usr/local/bin:/usr/sbin:/usr/bin:/sbin:/bin:/usr/games:/usr/local/games:/snap/bin
2026-03-26 12:26:51,756 - INFO - [36m(setup pid=7141)[0m ++ PATH=/home/ubuntu/sky_workdir/.venv/bin:/home/ubuntu/.local/bin:/home/ubuntu/.local/bin:/home/ubuntu/.local/bin:/home/ubuntu/miniconda3/bin:/home/ubuntu/miniconda3/condabin:/opt/amazon/openmpi/bin:/opt/amazon/efa/bin:/usr/local/cuda-12.8/bin:/usr/local/cuda-12.8/include:/usr/local/cuda-12.8/bin:/usr/local/cuda-12.8/include:/usr/local/sbin:/usr/local/bin:/usr/sbin:/usr/bin:/sbin:/bin:/usr/games:/usr/local/games:/snap/bin
2026-03-26 12:26:51,756 - INFO - [36m(setup pid=7141)[0m ++ export PATH
2026-03-26 12:26:51,756 - INFO - [36m(setup pid=7141)[0m ++ '[' xsky_workdir '!=' x ']'
2026-03-26 12:26:51,756 - INFO - [36m(setup pid=7141)[0m ++ VIRTUAL_ENV_PROMPT=sky_workdir
2026-03-26 12:26:51,756 - INFO - [36m(setup pid=7141)[0m ++ export VIRTUAL_ENV_PROMPT
2026-03-26 12:26:51,756 - INFO - [36m(setup pid=7141)[0m ++ '[' -z '' ']'
2026-03-26 12:26:51,756 - INFO - [36m(setup pid=7141)[0m ++ '[' -z '' ']'
2026-03-26 12:26:51,756 - INFO - [36m(setup pid=7141)[0m ++ _OLD_VIRTUAL_PS1='(base) ${debian_chroot:+($debian_chroot)}\u@\h:\w\$ '
2026-03-26 12:26:51,756 - INFO - [36m(setup pid=7141)[0m ++ PS1='(sky_workdir) (base) ${debian_chroot:+($debian_chroot)}\u@\h:\w\$ '
2026-03-26 12:26:51,756 - INFO - [36m(setup pid=7141)[0m ++ export PS1
2026-03-26 12:26:51,756 - INFO - [36m(setup pid=7141)[0m ++ alias pydoc
2026-03-26 12:26:51,756 - INFO - [36m(setup pid=7141)[0m ++ true
2026-03-26 12:26:51,756 - INFO - [36m(setup pid=7141)[0m ++ hash -r
2026-03-26 12:26:51,756 - INFO - [36m(setup pid=7141)[0m + uv pip install datasets requests pynvml aiohttp
2026-03-26 12:26:51,756 - INFO - [36m(setup pid=4368, ip=172.31.47.227)[0m Resolved 44 packages in 118ms
2026-03-26 12:26:51,756 - INFO - [36m(setup pid=4368, ip=172.31.47.227)[0m Downloading aiohttp (1.7MiB)
2026-03-26 12:26:51,756 - INFO - [36m(setup pid=4368, ip=172.31.47.227)[0m Downloading hf-xet (4.0MiB)
2026-03-26 12:26:51,756 - INFO - [36m(setup pid=4368, ip=172.31.47.227)[0m Downloading numpy (15.9MiB)
2026-03-26 12:26:51,756 - INFO - [36m(setup pid=4368, ip=172.31.47.227)[0m Downloading pandas (10.4MiB)
2026-03-26 12:26:51,756 - INFO - [36m(setup pid=4368, ip=172.31.47.227)[0m Downloading pyarrow (45.4MiB)
2026-03-26 12:26:51,756 - INFO - [36m(setup pid=7141)[0m Resolved 44 packages in 117ms
2026-03-26 12:26:51,756 - INFO - [36m(setup pid=7141)[0m Downloading aiohttp (1.7MiB)
2026-03-26 12:26:51,756 - INFO - [36m(setup pid=7141)[0m Downloading hf-xet (4.0MiB)
2026-03-26 12:26:51,756 - INFO - [36m(setup pid=7141)[0m Downloading numpy (15.9MiB)
2026-03-26 12:26:51,756 - INFO - [36m(setup pid=7141)[0m Downloading pandas (10.4MiB)
2026-03-26 12:26:51,756 - INFO - [36m(setup pid=7141)[0m Downloading pyarrow (45.4MiB)
2026-03-26 12:26:51,756 - INFO - [36m(setup pid=4368, ip=172.31.47.227)[0m  Downloaded hf-xet
2026-03-26 12:26:52,360 - INFO - [36m(setup pid=4368, ip=172.31.47.227)[0m  Downloaded aiohttp
2026-03-26 12:26:52,361 - INFO - [36m(setup pid=7141)[0m  Downloaded hf-xet
2026-03-26 12:26:52,361 - INFO - [36m(setup pid=7141)[0m  Downloaded aiohttp
2026-03-26 12:26:52,361 - INFO - [36m(setup pid=4368, ip=172.31.47.227)[0m  Downloaded pyarrow
2026-03-26 12:26:52,361 - INFO - [36m(setup pid=4368, ip=172.31.47.227)[0m  Downloaded numpy
2026-03-26 12:26:52,965 - INFO - [36m(setup pid=7141)[0m  Downloaded pyarrow
2026-03-26 12:26:52,965 - INFO - [36m(setup pid=4368, ip=172.31.47.227)[0m  Downloaded pandas
2026-03-26 12:26:52,965 - INFO - [36m(setup pid=4368, ip=172.31.47.227)[0m Prepared 21 packages in 902ms
2026-03-26 12:26:52,965 - INFO - [36m(setup pid=4368, ip=172.31.47.227)[0m Installed 44 packages in 67ms
2026-03-26 12:26:52,965 - INFO - [36m(setup pid=4368, ip=172.31.47.227)[0m  + aiohappyeyeballs==2.6.1
2026-03-26 12:26:52,965 - INFO - [36m(setup pid=4368, ip=172.31.47.227)[0m  + aiohttp==3.13.3
2026-03-26 12:26:52,965 - INFO - [36m(setup pid=4368, ip=172.31.47.227)[0m  + aiosignal==1.4.0
2026-03-26 12:26:52,965 - INFO - [36m(setup pid=4368, ip=172.31.47.227)[0m  + annotated-doc==0.0.4
2026-03-26 12:26:52,965 - INFO - [36m(setup pid=4368, ip=172.31.47.227)[0m  + anyio==4.13.0
2026-03-26 12:26:52,965 - INFO - [36m(setup pid=4368, ip=172.31.47.227)[0m  + attrs==26.1.0
2026-03-26 12:26:52,965 - INFO - [36m(setup pid=4368, ip=172.31.47.227)[0m  + certifi==2026.2.25
2026-03-26 12:26:52,965 - INFO - [36m(setup pid=4368, ip=172.31.47.227)[0m  + charset-normalizer==3.4.6
2026-03-26 12:26:52,965 - INFO - [36m(setup pid=4368, ip=172.31.47.227)[0m  + click==8.3.1
2026-03-26 12:26:52,965 - INFO - [36m(setup pid=4368, ip=172.31.47.227)[0m  + datasets==4.8.4
2026-03-26 12:26:52,965 - INFO - [36m(setup pid=4368, ip=172.31.47.227)[0m  + dill==0.4.1
2026-03-26 12:26:52,965 - INFO - [36m(setup pid=4368, ip=172.31.47.227)[0m  + filelock==3.25.2
2026-03-26 12:26:52,965 - INFO - [36m(setup pid=4368, ip=172.31.47.227)[0m  + frozenlist==1.8.0
2026-03-26 12:26:52,965 - INFO - [36m(setup pid=4368, ip=172.31.47.227)[0m  + fsspec==2026.2.0
2026-03-26 12:26:52,965 - INFO - [36m(setup pid=4368, ip=172.31.47.227)[0m  + h11==0.16.0
2026-03-26 12:26:52,965 - INFO - [36m(setup pid=4368, ip=172.31.47.227)[0m  + hf-xet==1.4.2
2026-03-26 12:26:52,965 - INFO - [36m(setup pid=4368, ip=172.31.47.227)[0m  + httpcore==1.0.9
2026-03-26 12:26:52,965 - INFO - [36m(setup pid=4368, ip=172.31.47.227)[0m  + httpx==0.28.1
2026-03-26 12:26:52,965 - INFO - [36m(setup pid=4368, ip=172.31.47.227)[0m  + huggingface-hub==1.8.0
2026-03-26 12:26:52,965 - INFO - [36m(setup pid=4368, ip=172.31.47.227)[0m  + idna==3.11
2026-03-26 12:26:52,965 - INFO - [36m(setup pid=4368, ip=172.31.47.227)[0m  + markdown-it-py==4.0.0
2026-03-26 12:26:52,965 - INFO - [36m(setup pid=4368, ip=172.31.47.227)[0m  + mdurl==0.1.2
2026-03-26 12:26:52,965 - INFO - [36m(setup pid=4368, ip=172.31.47.227)[0m  + multidict==6.7.1
2026-03-26 12:26:52,965 - INFO - [36m(setup pid=4368, ip=172.31.47.227)[0m  + multiprocess==0.70.19
2026-03-26 12:26:52,965 - INFO - [36m(setup pid=4368, ip=172.31.47.227)[0m  + numpy==2.4.3
2026-03-26 12:26:52,965 - INFO - [36m(setup pid=4368, ip=172.31.47.227)[0m  + nvidia-ml-py==13.595.45
2026-03-26 12:26:52,965 - INFO - [36m(setup pid=4368, ip=172.31.47.227)[0m  + packaging==26.0
2026-03-26 12:26:52,965 - INFO - [36m(setup pid=4368, ip=172.31.47.227)[0m  + pandas==3.0.1
2026-03-26 12:26:52,965 - INFO - [36m(setup pid=4368, ip=172.31.47.227)[0m  + propcache==0.4.1
2026-03-26 12:26:52,965 - INFO - [36m(setup pid=4368, ip=172.31.47.227)[0m  + pyarrow==23.0.1
2026-03-26 12:26:52,965 - INFO - [36m(setup pid=4368, ip=172.31.47.227)[0m  + pygments==2.19.2
2026-03-26 12:26:52,965 - INFO - [36m(setup pid=4368, ip=172.31.47.227)[0m  + pynvml==13.0.1
2026-03-26 12:26:52,965 - INFO - [36m(setup pid=4368, ip=172.31.47.227)[0m  + python-dateutil==2.9.0.post0
2026-03-26 12:26:52,965 - INFO - [36m(setup pid=4368, ip=172.31.47.227)[0m  + pyyaml==6.0.3
2026-03-26 12:26:52,965 - INFO - [36m(setup pid=4368, ip=172.31.47.227)[0m  + requests==2.33.0
2026-03-26 12:26:52,965 - INFO - [36m(setup pid=4368, ip=172.31.47.227)[0m  + rich==14.3.3
2026-03-26 12:26:52,965 - INFO - [36m(setup pid=4368, ip=172.31.47.227)[0m  + shellingham==1.5.4
2026-03-26 12:26:52,965 - INFO - [36m(setup pid=4368, ip=172.31.47.227)[0m  + six==1.17.0
2026-03-26 12:26:52,965 - INFO - [36m(setup pid=4368, ip=172.31.47.227)[0m  + tqdm==4.67.3
2026-03-26 12:26:52,965 - INFO - [36m(setup pid=4368, ip=172.31.47.227)[0m  + typer==0.24.1
2026-03-26 12:26:52,965 - INFO - [36m(setup pid=4368, ip=172.31.47.227)[0m  + typing-extensions==4.15.0
2026-03-26 12:26:52,965 - INFO - [36m(setup pid=4368, ip=172.31.47.227)[0m  + urllib3==2.6.3
2026-03-26 12:26:52,965 - INFO - [36m(setup pid=4368, ip=172.31.47.227)[0m  + xxhash==3.6.0
2026-03-26 12:26:52,965 - INFO - [36m(setup pid=4368, ip=172.31.47.227)[0m  + yarl==1.23.0
2026-03-26 12:26:52,965 - INFO - [36m(setup pid=4368, ip=172.31.47.227)[0m + echo '=== Installing vLLM 0.10.0 ==='
2026-03-26 12:26:52,965 - INFO - [36m(setup pid=4368, ip=172.31.47.227)[0m === Installing vLLM 0.10.0 ===
2026-03-26 12:26:52,965 - INFO - [36m(setup pid=4368, ip=172.31.47.227)[0m + uv pip install vllm==0.10.0 'ray[cgraph]'
2026-03-26 12:26:52,965 - INFO - [36m(setup pid=7141)[0m  Downloaded numpy
2026-03-26 12:26:52,965 - INFO - [36m(setup pid=7141)[0m  Downloaded pandas
2026-03-26 12:26:52,965 - INFO - [36m(setup pid=7141)[0m Prepared 21 packages in 939ms
2026-03-26 12:26:52,965 - INFO - [36m(setup pid=7141)[0m Installed 44 packages in 63ms
2026-03-26 12:26:52,965 - INFO - [36m(setup pid=7141)[0m  + aiohappyeyeballs==2.6.1
2026-03-26 12:26:52,965 - INFO - [36m(setup pid=7141)[0m  + aiohttp==3.13.3
2026-03-26 12:26:52,965 - INFO - [36m(setup pid=7141)[0m  + aiosignal==1.4.0
2026-03-26 12:26:52,965 - INFO - [36m(setup pid=7141)[0m  + annotated-doc==0.0.4
2026-03-26 12:26:52,965 - INFO - [36m(setup pid=7141)[0m  + anyio==4.13.0
2026-03-26 12:26:52,965 - INFO - [36m(setup pid=7141)[0m  + attrs==26.1.0
2026-03-26 12:26:52,965 - INFO - [36m(setup pid=7141)[0m  + certifi==2026.2.25
2026-03-26 12:26:52,965 - INFO - [36m(setup pid=7141)[0m  + charset-normalizer==3.4.6
2026-03-26 12:26:52,965 - INFO - [36m(setup pid=7141)[0m  + click==8.3.1
2026-03-26 12:26:52,965 - INFO - [36m(setup pid=7141)[0m  + datasets==4.8.4
2026-03-26 12:26:52,965 - INFO - [36m(setup pid=7141)[0m  + dill==0.4.1
2026-03-26 12:26:52,965 - INFO - [36m(setup pid=7141)[0m  + filelock==3.25.2
2026-03-26 12:26:52,965 - INFO - [36m(setup pid=7141)[0m  + frozenlist==1.8.0
2026-03-26 12:26:52,965 - INFO - [36m(setup pid=7141)[0m  + fsspec==2026.2.0
2026-03-26 12:26:52,965 - INFO - [36m(setup pid=7141)[0m  + h11==0.16.0
2026-03-26 12:26:52,965 - INFO - [36m(setup pid=7141)[0m  + hf-xet==1.4.2
2026-03-26 12:26:52,965 - INFO - [36m(setup pid=7141)[0m  + httpcore==1.0.9
2026-03-26 12:26:52,965 - INFO - [36m(setup pid=7141)[0m  + httpx==0.28.1
2026-03-26 12:26:52,966 - INFO - [36m(setup pid=7141)[0m  + huggingface-hub==1.8.0
2026-03-26 12:26:52,966 - INFO - [36m(setup pid=7141)[0m  + idna==3.11
2026-03-26 12:26:52,966 - INFO - [36m(setup pid=7141)[0m  + markdown-it-py==4.0.0
2026-03-26 12:26:52,966 - INFO - [36m(setup pid=7141)[0m  + mdurl==0.1.2
2026-03-26 12:26:52,966 - INFO - [36m(setup pid=7141)[0m  + multidict==6.7.1
2026-03-26 12:26:52,966 - INFO - [36m(setup pid=7141)[0m  + multiprocess==0.70.19
2026-03-26 12:26:52,966 - INFO - [36m(setup pid=7141)[0m  + numpy==2.4.3
2026-03-26 12:26:52,966 - INFO - [36m(setup pid=7141)[0m  + nvidia-ml-py==13.595.45
2026-03-26 12:26:52,966 - INFO - [36m(setup pid=7141)[0m  + packaging==26.0
2026-03-26 12:26:52,966 - INFO - [36m(setup pid=7141)[0m  + pandas==3.0.1
2026-03-26 12:26:52,966 - INFO - [36m(setup pid=7141)[0m  + propcache==0.4.1
2026-03-26 12:26:52,966 - INFO - [36m(setup pid=7141)[0m  + pyarrow==23.0.1
2026-03-26 12:26:52,966 - INFO - [36m(setup pid=7141)[0m  + pygments==2.19.2
2026-03-26 12:26:52,966 - INFO - [36m(setup pid=7141)[0m  + pynvml==13.0.1
2026-03-26 12:26:52,966 - INFO - [36m(setup pid=7141)[0m  + python-dateutil==2.9.0.post0
2026-03-26 12:26:52,966 - INFO - [36m(setup pid=7141)[0m  + pyyaml==6.0.3
2026-03-26 12:26:52,966 - INFO - [36m(setup pid=7141)[0m  + requests==2.33.0
2026-03-26 12:26:52,966 - INFO - [36m(setup pid=7141)[0m  + rich==14.3.3
2026-03-26 12:26:52,966 - INFO - [36m(setup pid=7141)[0m  + shellingham==1.5.4
2026-03-26 12:26:52,966 - INFO - [36m(setup pid=7141)[0m  + six==1.17.0
2026-03-26 12:26:52,966 - INFO - [36m(setup pid=7141)[0m  + tqdm==4.67.3
2026-03-26 12:26:52,966 - INFO - [36m(setup pid=7141)[0m  + typer==0.24.1
2026-03-26 12:26:52,966 - INFO - [36m(setup pid=7141)[0m  + typing-extensions==4.15.0
2026-03-26 12:26:52,966 - INFO - [36m(setup pid=7141)[0m  + urllib3==2.6.3
2026-03-26 12:26:52,966 - INFO - [36m(setup pid=7141)[0m  + xxhash==3.6.0
2026-03-26 12:26:52,966 - INFO - [36m(setup pid=7141)[0m  + yarl==1.23.0
2026-03-26 12:26:52,966 - INFO - [36m(setup pid=7141)[0m + echo '=== Installing vLLM 0.10.0 ==='
2026-03-26 12:26:52,966 - INFO - [36m(setup pid=7141)[0m === Installing vLLM 0.10.0 ===
2026-03-26 12:26:52,966 - INFO - [36m(setup pid=7141)[0m + uv pip install vllm==0.10.0 'ray[cgraph]'
2026-03-26 12:26:52,966 - INFO - [36m(setup pid=4368, ip=172.31.47.227)[0m Resolved 141 packages in 351ms
2026-03-26 12:26:52,966 - INFO - [36m(setup pid=4368, ip=172.31.47.227)[0m Downloading tokenizers (3.1MiB)
2026-03-26 12:26:52,966 - INFO - [36m(setup pid=4368, ip=172.31.47.227)[0m Downloading pydantic-core (2.0MiB)
2026-03-26 12:26:52,966 - INFO - [36m(setup pid=4368, ip=172.31.47.227)[0m Downloading networkx (2.0MiB)
2026-03-26 12:26:52,966 - INFO - [36m(setup pid=4368, ip=172.31.47.227)[0m Downloading setuptools (1.2MiB)
2026-03-26 12:26:52,966 - INFO - [36m(setup pid=4368, ip=172.31.47.227)[0m Downloading tiktoken (1.1MiB)
2026-03-26 12:26:52,966 - INFO - [36m(setup pid=4368, ip=172.31.47.227)[0m Downloading sympy (6.0MiB)
2026-03-26 12:26:52,966 - INFO - [36m(setup pid=4368, ip=172.31.47.227)[0m Downloading numba (3.7MiB)
2026-03-26 12:26:52,966 - INFO - [36m(setup pid=4368, ip=172.31.47.227)[0m Downloading nvidia-curand-cu12 (53.7MiB)
2026-03-26 12:26:52,966 - INFO - [36m(setup pid=4368, ip=172.31.47.227)[0m Downloading nvidia-cufile-cu12 (1.1MiB)
2026-03-26 12:26:52,966 - INFO - [36m(setup pid=4368, ip=172.31.47.227)[0m Downloading sentencepiece (1.3MiB)
2026-03-26 12:26:52,966 - INFO - [36m(setup pid=4368, ip=172.31.47.227)[0m Downloading pycountry (7.7MiB)
2026-03-26 12:26:52,966 - INFO - [36m(setup pid=4368, ip=172.31.47.227)[0m Downloading pillow (6.7MiB)
2026-03-26 12:26:52,966 - INFO - [36m(setup pid=4368, ip=172.31.47.227)[0m Downloading cupy-cuda12x (128.4MiB)
2026-03-26 12:26:52,966 - INFO - [36m(setup pid=4368, ip=172.31.47.227)[0m Downloading uvloop (4.2MiB)
2026-03-26 12:26:52,966 - INFO - [36m(setup pid=4368, ip=172.31.47.227)[0m Downloading opencv-python-headless (57.6MiB)
2026-03-26 12:26:52,966 - INFO - [36m(setup pid=4368, ip=172.31.47.227)[0m Downloading transformers (10.2MiB)
2026-03-26 12:26:52,966 - INFO - [36m(setup pid=4368, ip=172.31.47.227)[0m Downloading llguidance (14.3MiB)
2026-03-26 12:26:52,966 - INFO - [36m(setup pid=4368, ip=172.31.47.227)[0m Downloading numpy (15.8MiB)
2026-03-26 12:26:52,966 - INFO - [36m(setup pid=4368, ip=172.31.47.227)[0m Downloading nvidia-cusolver-cu12 (150.9MiB)
2026-03-26 12:26:52,966 - INFO - [36m(setup pid=4368, ip=172.31.47.227)[0m Downloading nvidia-cuda-nvrtc-cu12 (22.6MiB)
2026-03-26 12:26:53,571 - INFO - [36m(setup pid=4368, ip=172.31.47.227)[0m Downloading nvidia-cufft-cu12 (190.9MiB)
2026-03-26 12:26:53,571 - INFO - [36m(setup pid=4368, ip=172.31.47.227)[0m Downloading scipy (33.6MiB)
2026-03-26 12:26:53,571 - INFO - [36m(setup pid=4368, ip=172.31.47.227)[0m Downloading llvmlite (40.4MiB)
2026-03-26 12:26:53,571 - INFO - [36m(setup pid=4368, ip=172.31.47.227)[0m Downloading nvidia-cusparselt-cu12 (149.5MiB)
2026-03-26 12:26:53,571 - INFO - [36m(setup pid=4368, ip=172.31.47.227)[0m Downloading nvidia-cudnn-cu12 (544.5MiB)
2026-03-26 12:26:53,571 - INFO - [36m(setup pid=4368, ip=172.31.47.227)[0m Downloading nvidia-nccl-cu12 (192.0MiB)
2026-03-26 12:26:53,571 - INFO - [36m(setup pid=4368, ip=172.31.47.227)[0m Downloading soundfile (1.3MiB)
2026-03-26 12:26:53,571 - INFO - [36m(setup pid=4368, ip=172.31.47.227)[0m Downloading xformers (111.6MiB)
2026-03-26 12:26:53,571 - INFO - [36m(setup pid=4368, ip=172.31.47.227)[0m Downloading nvidia-cuda-cupti-cu12 (8.5MiB)
2026-03-26 12:26:53,571 - INFO - [36m(setup pid=4368, ip=172.31.47.227)[0m Downloading nvidia-nvjitlink-cu12 (18.8MiB)
2026-03-26 12:26:53,571 - INFO - [36m(setup pid=4368, ip=172.31.47.227)[0m Downloading triton (148.5MiB)
2026-03-26 12:26:53,571 - INFO - [36m(setup pid=4368, ip=172.31.47.227)[0m Downloading vllm (368.7MiB)
2026-03-26 12:26:53,571 - INFO - [36m(setup pid=4368, ip=172.31.47.227)[0m Downloading torchaudio (3.3MiB)
2026-03-26 12:26:53,571 - INFO - [36m(setup pid=4368, ip=172.31.47.227)[0m Downloading nvidia-cublas-cu12 (374.9MiB)
2026-03-26 12:26:53,571 - INFO - [36m(setup pid=4368, ip=172.31.47.227)[0m Downloading outlines-core (2.2MiB)
2026-03-26 12:26:53,571 - INFO - [36m(setup pid=4368, ip=172.31.47.227)[0m Downloading xgrammar (11.3MiB)
2026-03-26 12:26:53,571 - INFO - [36m(setup pid=4368, ip=172.31.47.227)[0m Downloading mistral-common (6.2MiB)
2026-03-26 12:26:53,571 - INFO - [36m(setup pid=4368, ip=172.31.47.227)[0m Downloading torchvision (7.1MiB)
2026-03-26 12:26:53,571 - INFO - [36m(setup pid=4368, ip=172.31.47.227)[0m Downloading torch (783.0MiB)
2026-03-26 12:26:53,571 - INFO - [36m(setup pid=4368, ip=172.31.47.227)[0m Downloading ray (69.3MiB)
2026-03-26 12:26:53,571 - INFO - [36m(setup pid=4368, ip=172.31.47.227)[0m Downloading nvidia-cusparse-cu12 (206.5MiB)
2026-03-26 12:26:53,571 - INFO - [36m(setup pid=7141)[0m Resolved 141 packages in 351ms
2026-03-26 12:26:53,571 - INFO - [36m(setup pid=7141)[0m Downloading nvidia-cufile-cu12 (1.1MiB)
2026-03-26 12:26:53,571 - INFO - [36m(setup pid=7141)[0m Downloading networkx (2.0MiB)
2026-03-26 12:26:53,571 - INFO - [36m(setup pid=7141)[0m Downloading tiktoken (1.1MiB)
2026-03-26 12:26:53,571 - INFO - [36m(setup pid=7141)[0m Downloading soundfile (1.3MiB)
2026-03-26 12:26:53,571 - INFO - [36m(setup pid=7141)[0m Downloading numpy (15.8MiB)
2026-03-26 12:26:53,571 - INFO - [36m(setup pid=7141)[0m Downloading opencv-python-headless (57.6MiB)
2026-03-26 12:26:53,571 - INFO - [36m(setup pid=7141)[0m Downloading pydantic-core (2.0MiB)
2026-03-26 12:26:53,571 - INFO - [36m(setup pid=7141)[0m Downloading mistral-common (6.2MiB)
2026-03-26 12:26:53,571 - INFO - [36m(setup pid=7141)[0m Downloading sentencepiece (1.3MiB)
2026-03-26 12:26:53,571 - INFO - [36m(setup pid=7141)[0m Downloading tokenizers (3.1MiB)
2026-03-26 12:26:53,571 - INFO - [36m(setup pid=7141)[0m Downloading numba (3.7MiB)
2026-03-26 12:26:53,571 - INFO - [36m(setup pid=7141)[0m Downloading transformers (10.2MiB)
2026-03-26 12:26:53,571 - INFO - [36m(setup pid=7141)[0m Downloading setuptools (1.2MiB)
2026-03-26 12:26:53,571 - INFO - [36m(setup pid=7141)[0m Downloading sympy (6.0MiB)
2026-03-26 12:26:53,571 - INFO - [36m(setup pid=7141)[0m Downloading pillow (6.7MiB)
2026-03-26 12:26:53,571 - INFO - [36m(setup pid=7141)[0m Downloading uvloop (4.2MiB)
2026-03-26 12:26:53,571 - INFO - [36m(setup pid=7141)[0m Downloading llvmlite (40.4MiB)
2026-03-26 12:26:53,571 - INFO - [36m(setup pid=7141)[0m Downloading nvidia-cuda-nvrtc-cu12 (22.6MiB)
2026-03-26 12:26:53,571 - INFO - [36m(setup pid=7141)[0m Downloading nvidia-cuda-cupti-cu12 (8.5MiB)
2026-03-26 12:26:53,571 - INFO - [36m(setup pid=7141)[0m Downloading scipy (33.6MiB)
2026-03-26 12:26:53,571 - INFO - [36m(setup pid=7141)[0m Downloading pycountry (7.7MiB)
2026-03-26 12:26:53,571 - INFO - [36m(setup pid=7141)[0m Downloading nvidia-curand-cu12 (53.7MiB)
2026-03-26 12:26:53,571 - INFO - [36m(setup pid=7141)[0m Downloading nvidia-cudnn-cu12 (544.5MiB)
2026-03-26 12:26:53,571 - INFO - [36m(setup pid=7141)[0m Downloading nvidia-cublas-cu12 (374.9MiB)
2026-03-26 12:26:53,571 - INFO - [36m(setup pid=7141)[0m Downloading ray (69.3MiB)
2026-03-26 12:26:53,571 - INFO - [36m(setup pid=7141)[0m Downloading nvidia-cusparse-cu12 (206.5MiB)
2026-03-26 12:26:53,571 - INFO - [36m(setup pid=7141)[0m Downloading nvidia-nvjitlink-cu12 (18.8MiB)
2026-03-26 12:26:53,571 - INFO - [36m(setup pid=7141)[0m Downloading nvidia-cusolver-cu12 (150.9MiB)
2026-03-26 12:26:53,571 - INFO - [36m(setup pid=7141)[0m Downloading xgrammar (11.3MiB)
2026-03-26 12:26:53,571 - INFO - [36m(setup pid=7141)[0m Downloading triton (148.5MiB)
2026-03-26 12:26:53,571 - INFO - [36m(setup pid=7141)[0m Downloading nvidia-cusparselt-cu12 (149.5MiB)
2026-03-26 12:26:53,571 - INFO - [36m(setup pid=7141)[0m Downloading nvidia-cufft-cu12 (190.9MiB)
2026-03-26 12:26:53,571 - INFO - [36m(setup pid=7141)[0m Downloading xformers (111.6MiB)
2026-03-26 12:26:53,571 - INFO - [36m(setup pid=7141)[0m Downloading cupy-cuda12x (128.4MiB)
2026-03-26 12:26:53,571 - INFO - [36m(setup pid=7141)[0m Downloading nvidia-nccl-cu12 (192.0MiB)
2026-03-26 12:26:53,571 - INFO - [36m(setup pid=7141)[0m Downloading torchaudio (3.3MiB)
2026-03-26 12:26:53,571 - INFO - [36m(setup pid=7141)[0m Downloading llguidance (14.3MiB)
2026-03-26 12:26:53,571 - INFO - [36m(setup pid=7141)[0m Downloading torchvision (7.1MiB)
2026-03-26 12:26:53,571 - INFO - [36m(setup pid=7141)[0m Downloading outlines-core (2.2MiB)
2026-03-26 12:26:53,571 - INFO - [36m(setup pid=7141)[0m Downloading vllm (368.7MiB)
2026-03-26 12:26:53,571 - INFO - [36m(setup pid=7141)[0m Downloading torch (783.0MiB)
2026-03-26 12:26:53,571 - INFO - [36m(setup pid=4368, ip=172.31.47.227)[0m  Downloaded tiktoken
2026-03-26 12:26:53,571 - INFO - [36m(setup pid=4368, ip=172.31.47.227)[0m  Downloaded nvidia-cufile-cu12
2026-03-26 12:26:53,571 - INFO - [36m(setup pid=4368, ip=172.31.47.227)[0m  Downloaded soundfile
2026-03-26 12:26:53,571 - INFO - [36m(setup pid=4368, ip=172.31.47.227)[0m  Downloaded sentencepiece
2026-03-26 12:26:53,571 - INFO - [36m(setup pid=7141)[0m  Downloaded nvidia-cufile-cu12
2026-03-26 12:26:54,173 - INFO - [36m(setup pid=7141)[0m  Downloaded tiktoken
2026-03-26 12:26:54,173 - INFO - [36m(setup pid=7141)[0m  Downloaded sentencepiece
2026-03-26 12:26:54,173 - INFO - [36m(setup pid=7141)[0m  Downloaded soundfile
2026-03-26 12:26:54,173 - INFO - [36m(setup pid=4368, ip=172.31.47.227)[0m  Downloaded pydantic-core
2026-03-26 12:26:54,173 - INFO - [36m(setup pid=4368, ip=172.31.47.227)[0m  Downloaded outlines-core
2026-03-26 12:26:54,173 - INFO - [36m(setup pid=7141)[0m  Downloaded pydantic-core
2026-03-26 12:26:54,173 - INFO - [36m(setup pid=7141)[0m  Downloaded outlines-core
2026-03-26 12:26:54,173 - INFO - [36m(setup pid=4368, ip=172.31.47.227)[0m  Downloaded setuptools
2026-03-26 12:26:54,173 - INFO - [36m(setup pid=4368, ip=172.31.47.227)[0m  Downloaded tokenizers
2026-03-26 12:26:54,777 - INFO - [36m(setup pid=7141)[0m  Downloaded setuptools
2026-03-26 12:26:54,777 - INFO - [36m(setup pid=4368, ip=172.31.47.227)[0m  Downloaded networkx
2026-03-26 12:26:54,777 - INFO - [36m(setup pid=4368, ip=172.31.47.227)[0m  Downloaded torchaudio
2026-03-26 12:26:54,777 - INFO - [36m(setup pid=7141)[0m  Downloaded tokenizers
2026-03-26 12:26:54,777 - INFO - [36m(setup pid=7141)[0m  Downloaded networkx
2026-03-26 12:26:54,777 - INFO - [36m(setup pid=7141)[0m  Downloaded torchaudio
2026-03-26 12:26:54,777 - INFO - [36m(setup pid=4368, ip=172.31.47.227)[0m  Downloaded uvloop
2026-03-26 12:26:54,777 - INFO - [36m(setup pid=4368, ip=172.31.47.227)[0m  Downloaded numba
2026-03-26 12:26:54,777 - INFO - [36m(setup pid=7141)[0m  Downloaded uvloop
2026-03-26 12:26:54,777 - INFO - [36m(setup pid=7141)[0m  Downloaded numba
2026-03-26 12:26:55,479 - INFO - [36m(setup pid=4368, ip=172.31.47.227)[0m  Downloaded mistral-common
2026-03-26 12:26:55,479 - INFO - [36m(setup pid=7141)[0m  Downloaded mistral-common
2026-03-26 12:26:55,479 - INFO - [36m(setup pid=4368, ip=172.31.47.227)[0m  Downloaded pillow
2026-03-26 12:26:55,479 - INFO - [36m(setup pid=4368, ip=172.31.47.227)[0m  Downloaded torchvision
2026-03-26 12:26:55,479 - INFO - [36m(setup pid=7141)[0m  Downloaded torchvision
2026-03-26 12:26:55,479 - INFO - [36m(setup pid=7141)[0m  Downloaded pillow
2026-03-26 12:26:55,479 - INFO - [36m(setup pid=4368, ip=172.31.47.227)[0m  Downloaded pycountry
2026-03-26 12:26:55,980 - INFO - [36m(setup pid=7141)[0m  Downloaded pycountry
2026-03-26 12:26:55,980 - INFO - [36m(setup pid=4368, ip=172.31.47.227)[0m  Downloaded nvidia-cuda-cupti-cu12
2026-03-26 12:26:55,980 - INFO - [36m(setup pid=7141)[0m  Downloaded nvidia-cuda-cupti-cu12
2026-03-26 12:26:55,980 - INFO - [36m(setup pid=4368, ip=172.31.47.227)[0m  Downloaded sympy
2026-03-26 12:26:56,789 - INFO - [36m(setup pid=4368, ip=172.31.47.227)[0m  Downloaded xgrammar
2026-03-26 12:26:56,789 - INFO - [36m(setup pid=7141)[0m  Downloaded sympy
2026-03-26 12:26:56,789 - INFO - [36m(setup pid=7141)[0m  Downloaded xgrammar
2026-03-26 12:26:56,789 - INFO - [36m(setup pid=4368, ip=172.31.47.227)[0m  Downloaded llguidance
2026-03-26 12:26:56,789 - INFO - [36m(setup pid=7141)[0m  Downloaded llguidance
2026-03-26 12:26:57,694 - INFO - [36m(setup pid=4368, ip=172.31.47.227)[0m  Downloaded numpy
2026-03-26 12:26:57,695 - INFO - [36m(setup pid=7141)[0m  Downloaded numpy
2026-03-26 12:26:57,695 - INFO - [36m(setup pid=4368, ip=172.31.47.227)[0m  Downloaded transformers
2026-03-26 12:26:57,695 - INFO - [36m(setup pid=4368, ip=172.31.47.227)[0m  Downloaded nvidia-nvjitlink-cu12
2026-03-26 12:26:57,695 - INFO - [36m(setup pid=7141)[0m  Downloaded transformers
2026-03-26 12:26:57,695 - INFO - [36m(setup pid=7141)[0m  Downloaded nvidia-nvjitlink-cu12
2026-03-26 12:26:57,695 - INFO - [36m(setup pid=4368, ip=172.31.47.227)[0m  Downloaded nvidia-cuda-nvrtc-cu12
2026-03-26 12:26:58,599 - INFO - [36m(setup pid=7141)[0m  Downloaded nvidia-cuda-nvrtc-cu12
2026-03-26 12:26:58,600 - INFO - [36m(setup pid=4368, ip=172.31.47.227)[0m  Downloaded scipy
2026-03-26 12:26:59,305 - INFO - [36m(setup pid=7141)[0m  Downloaded scipy
2026-03-26 12:26:59,908 - INFO - [36m(setup pid=4368, ip=172.31.47.227)[0m  Downloaded llvmlite
2026-03-26 12:27:00,614 - INFO - [36m(setup pid=7141)[0m  Downloaded llvmlite
2026-03-26 12:27:00,614 - INFO - [36m(setup pid=4368, ip=172.31.47.227)[0m  Downloaded nvidia-curand-cu12
2026-03-26 12:27:01,219 - INFO - [36m(setup pid=7141)[0m  Downloaded nvidia-curand-cu12
2026-03-26 12:27:01,219 - INFO - [36m(setup pid=4368, ip=172.31.47.227)[0m  Downloaded opencv-python-headless
2026-03-26 12:27:05,442 - INFO - [36m(setup pid=7141)[0m  Downloaded opencv-python-headless
2026-03-26 12:27:05,442 - INFO - [36m(setup pid=4368, ip=172.31.47.227)[0m  Downloaded xformers
2026-03-26 12:27:06,851 - INFO - [36m(setup pid=7141)[0m  Downloaded xformers
2026-03-26 12:27:06,851 - INFO - [36m(setup pid=4368, ip=172.31.47.227)[0m  Downloaded ray
2026-03-26 12:27:07,457 - INFO - [36m(setup pid=7141)[0m  Downloaded ray
2026-03-26 12:27:08,060 - INFO - [36m(setup pid=7141)[0m  Downloaded nvidia-cusparselt-cu12
2026-03-26 12:27:08,665 - INFO - [36m(setup pid=4368, ip=172.31.47.227)[0m  Downloaded nvidia-cusparselt-cu12
2026-03-26 12:27:08,665 - INFO - [36m(setup pid=7141)[0m  Downloaded nvidia-cusolver-cu12
2026-03-26 12:27:08,665 - INFO - [36m(setup pid=4368, ip=172.31.47.227)[0m  Downloaded nvidia-cusolver-cu12
2026-03-26 12:27:08,665 - INFO - [36m(setup pid=4368, ip=172.31.47.227)[0m  Downloaded triton
2026-03-26 12:27:08,665 - INFO - [36m(setup pid=7141)[0m  Downloaded triton
2026-03-26 12:27:09,371 - INFO - [36m(setup pid=4368, ip=172.31.47.227)[0m  Downloaded cupy-cuda12x
2026-03-26 12:27:10,305 - INFO - [36m(setup pid=7141)[0m  Downloaded cupy-cuda12x
2026-03-26 12:27:10,305 - INFO - [36m(setup pid=7141)[0m  Downloaded nvidia-cufft-cu12
2026-03-26 12:27:10,305 - INFO - [36m(setup pid=7141)[0m  Downloaded nvidia-nccl-cu12
2026-03-26 12:27:10,305 - INFO - [36m(setup pid=4368, ip=172.31.47.227)[0m  Downloaded nvidia-cufft-cu12
2026-03-26 12:27:10,305 - INFO - [36m(setup pid=4368, ip=172.31.47.227)[0m  Downloaded nvidia-nccl-cu12
2026-03-26 12:27:10,305 - INFO - [36m(setup pid=7141)[0m  Downloaded nvidia-cusparse-cu12
2026-03-26 12:27:12,013 - INFO - [36m(setup pid=4368, ip=172.31.47.227)[0m  Downloaded nvidia-cusparse-cu12
2026-03-26 12:27:12,013 - INFO - [36m(setup pid=7141)[0m  Downloaded nvidia-cublas-cu12
2026-03-26 12:27:12,717 - INFO - [36m(setup pid=4368, ip=172.31.47.227)[0m  Downloaded nvidia-cublas-cu12
2026-03-26 12:27:13,829 - INFO - [36m(setup pid=7141)[0m  Downloaded nvidia-cudnn-cu12
2026-03-26 12:27:14,631 - INFO - [36m(setup pid=7141)[0m  Downloaded vllm
2026-03-26 12:27:20,272 - INFO - [36m(setup pid=4368, ip=172.31.47.227)[0m  Downloaded vllm
2026-03-26 12:27:20,272 - INFO - [36m(setup pid=4368, ip=172.31.47.227)[0m  Downloaded nvidia-cudnn-cu12
2026-03-26 12:27:20,272 - INFO - [36m(setup pid=7141)[0m  Downloaded torch
2026-03-26 12:27:21,076 - INFO - [36m(setup pid=7141)[0m Prepared 92 packages in 27.70s
2026-03-26 12:27:21,077 - INFO - [36m(setup pid=7141)[0m Uninstalled 1 package in 10ms
2026-03-26 12:27:21,077 - INFO - [36m(setup pid=4368, ip=172.31.47.227)[0m  Downloaded torch
2026-03-26 12:27:21,279 - INFO - [36m(setup pid=4368, ip=172.31.47.227)[0m Prepared 92 packages in 28.07s
2026-03-26 12:27:21,279 - INFO - [36m(setup pid=4368, ip=172.31.47.227)[0m Uninstalled 1 package in 10ms
2026-03-26 12:27:21,279 - INFO - [36m(setup pid=7141)[0m Installed 106 packages in 303ms
2026-03-26 12:27:21,279 - INFO - [36m(setup pid=7141)[0m  + annotated-types==0.7.0
2026-03-26 12:27:21,279 - INFO - [36m(setup pid=7141)[0m  + astor==0.8.1
2026-03-26 12:27:21,279 - INFO - [36m(setup pid=7141)[0m  + blake3==1.0.8
2026-03-26 12:27:21,279 - INFO - [36m(setup pid=7141)[0m  + cachetools==7.0.5
2026-03-26 12:27:21,279 - INFO - [36m(setup pid=7141)[0m  + cbor2==5.9.0
2026-03-26 12:27:21,279 - INFO - [36m(setup pid=7141)[0m  + cffi==2.0.0
2026-03-26 12:27:21,279 - INFO - [36m(setup pid=7141)[0m  + cloudpickle==3.1.2
2026-03-26 12:27:21,279 - INFO - [36m(setup pid=7141)[0m  + compressed-tensors==0.10.2
2026-03-26 12:27:21,279 - INFO - [36m(setup pid=7141)[0m  + cuda-pathfinder==1.5.0
2026-03-26 12:27:21,279 - INFO - [36m(setup pid=7141)[0m  + cupy-cuda12x==14.0.1
2026-03-26 12:27:21,279 - INFO - [36m(setup pid=7141)[0m  + depyf==0.19.0
2026-03-26 12:27:21,279 - INFO - [36m(setup pid=7141)[0m  + diskcache==5.6.3
2026-03-26 12:27:21,279 - INFO - [36m(setup pid=7141)[0m  + distro==1.9.0
2026-03-26 12:27:21,279 - INFO - [36m(setup pid=7141)[0m  + dnspython==2.8.0
2026-03-26 12:27:21,279 - INFO - [36m(setup pid=7141)[0m  + einops==0.8.2
2026-03-26 12:27:21,279 - INFO - [36m(setup pid=7141)[0m  + email-validator==2.3.0
2026-03-26 12:27:21,279 - INFO - [36m(setup pid=7141)[0m  + fastapi==0.135.2
2026-03-26 12:27:21,279 - INFO - [36m(setup pid=7141)[0m  + fastapi-cli==0.0.24
2026-03-26 12:27:21,279 - INFO - [36m(setup pid=7141)[0m  + fastapi-cloud-cli==0.15.0
2026-03-26 12:27:21,279 - INFO - [36m(setup pid=7141)[0m  + fastar==0.9.0
2026-03-26 12:27:21,279 - INFO - [36m(setup pid=7141)[0m  + gguf==0.18.0
2026-03-26 12:27:21,279 - INFO - [36m(setup pid=7141)[0m  + httptools==0.7.1
2026-03-26 12:27:21,279 - INFO - [36m(setup pid=7141)[0m  + interegular==0.3.3
2026-03-26 12:27:21,279 - INFO - [36m(setup pid=7141)[0m  + jinja2==3.1.6
2026-03-26 12:27:21,279 - INFO - [36m(setup pid=7141)[0m  + jiter==0.13.0
2026-03-26 12:27:21,279 - INFO - [36m(setup pid=7141)[0m  + jsonschema==4.26.0
2026-03-26 12:27:21,279 - INFO - [36m(setup pid=7141)[0m  + jsonschema-specifications==2025.9.1
2026-03-26 12:27:21,279 - INFO - [36m(setup pid=7141)[0m  + lark==1.2.2
2026-03-26 12:27:21,279 - INFO - [36m(setup pid=7141)[0m  + llguidance==0.7.30
2026-03-26 12:27:21,279 - INFO - [36m(setup pid=7141)[0m  + llvmlite==0.44.0
2026-03-26 12:27:21,279 - INFO - [36m(setup pid=7141)[0m  + lm-format-enforcer==0.10.12
2026-03-26 12:27:21,279 - INFO - [36m(setup pid=7141)[0m  + markupsafe==3.0.3
2026-03-26 12:27:21,279 - INFO - [36m(setup pid=7141)[0m  + mistral-common==1.10.0
2026-03-26 12:27:21,279 - INFO - [36m(setup pid=7141)[0m  + mpmath==1.3.0
2026-03-26 12:27:21,279 - INFO - [36m(setup pid=7141)[0m  + msgpack==1.1.2
2026-03-26 12:27:21,279 - INFO - [36m(setup pid=7141)[0m  + msgspec==0.20.0
2026-03-26 12:27:21,279 - INFO - [36m(setup pid=7141)[0m  + networkx==3.6.1
2026-03-26 12:27:21,279 - INFO - [36m(setup pid=7141)[0m  + ninja==1.13.0
2026-03-26 12:27:21,279 - INFO - [36m(setup pid=7141)[0m  + numba==0.61.2
2026-03-26 12:27:21,279 - INFO - [36m(setup pid=7141)[0m  - numpy==2.4.3
2026-03-26 12:27:21,279 - INFO - [36m(setup pid=7141)[0m  + numpy==2.2.6
2026-03-26 12:27:21,279 - INFO - [36m(setup pid=7141)[0m  + nvidia-cublas-cu12==12.6.4.1
2026-03-26 12:27:21,279 - INFO - [36m(setup pid=7141)[0m  + nvidia-cuda-cupti-cu12==12.6.80
2026-03-26 12:27:21,279 - INFO - [36m(setup pid=7141)[0m  + nvidia-cuda-nvrtc-cu12==12.6.77
2026-03-26 12:27:21,279 - INFO - [36m(setup pid=7141)[0m  + nvidia-cuda-runtime-cu12==12.6.77
2026-03-26 12:27:21,279 - INFO - [36m(setup pid=7141)[0m  + nvidia-cudnn-cu12==9.5.1.17
2026-03-26 12:27:21,279 - INFO - [36m(setup pid=7141)[0m  + nvidia-cufft-cu12==11.3.0.4
2026-03-26 12:27:21,279 - INFO - [36m(setup pid=7141)[0m  + nvidia-cufile-cu12==1.11.1.6
2026-03-26 12:27:21,279 - INFO - [36m(setup pid=7141)[0m  + nvidia-curand-cu12==10.3.7.77
2026-03-26 12:27:21,279 - INFO - [36m(setup pid=7141)[0m  + nvidia-cusolver-cu12==11.7.1.2
2026-03-26 12:27:21,279 - INFO - [36m(setup pid=7141)[0m  + nvidia-cusparse-cu12==12.5.4.2
2026-03-26 12:27:21,279 - INFO - [36m(setup pid=7141)[0m  + nvidia-cusparselt-cu12==0.6.3
2026-03-26 12:27:21,279 - INFO - [36m(setup pid=7141)[0m  + nvidia-nccl-cu12==2.26.2
2026-03-26 12:27:21,279 - INFO - [36m(setup pid=7141)[0m  + nvidia-nvjitlink-cu12==12.6.85
2026-03-26 12:27:21,279 - INFO - [36m(setup pid=7141)[0m  + nvidia-nvtx-cu12==12.6.77
2026-03-26 12:27:21,279 - INFO - [36m(setup pid=7141)[0m  + openai==1.90.0
2026-03-26 12:27:21,279 - INFO - [36m(setup pid=7141)[0m  + opencv-python-headless==4.13.0.92
2026-03-26 12:27:21,279 - INFO - [36m(setup pid=7141)[0m  + outlines-core==0.2.10
2026-03-26 12:27:21,279 - INFO - [36m(setup pid=7141)[0m  + partial-json-parser==0.2.1.1.post7
2026-03-26 12:27:21,279 - INFO - [36m(setup pid=7141)[0m  + pillow==12.1.1
2026-03-26 12:27:21,280 - INFO - [36m(setup pid=7141)[0m  + prometheus-client==0.24.1
2026-03-26 12:27:21,280 - INFO - [36m(setup pid=7141)[0m  + prometheus-fastapi-instrumentator==7.1.0
2026-03-26 12:27:21,280 - INFO - [36m(setup pid=7141)[0m  + protobuf==7.34.1
2026-03-26 12:27:21,280 - INFO - [36m(setup pid=7141)[0m  + psutil==7.2.2
2026-03-26 12:27:21,280 - INFO - [36m(setup pid=7141)[0m  + py-cpuinfo==9.0.0
2026-03-26 12:27:21,280 - INFO - [36m(setup pid=7141)[0m  + pybase64==1.4.3
2026-03-26 12:27:21,280 - INFO - [36m(setup pid=7141)[0m  + pycountry==26.2.16
2026-03-26 12:27:21,280 - INFO - [36m(setup pid=7141)[0m  + pycparser==3.0
2026-03-26 12:27:21,280 - INFO - [36m(setup pid=7141)[0m  + pydantic==2.12.5
2026-03-26 12:27:21,280 - INFO - [36m(setup pid=7141)[0m  + pydantic-core==2.41.5
2026-03-26 12:27:21,280 - INFO - [36m(setup pid=7141)[0m  + pydantic-extra-types==2.11.1
2026-03-26 12:27:21,280 - INFO - [36m(setup pid=7141)[0m  + pydantic-settings==2.13.1
2026-03-26 12:27:21,280 - INFO - [36m(setup pid=7141)[0m  + python-dotenv==1.2.2
2026-03-26 12:27:21,280 - INFO - [36m(setup pid=7141)[0m  + python-json-logger==4.0.0
2026-03-26 12:27:21,280 - INFO - [36m(setup pid=7141)[0m  + python-multipart==0.0.22
2026-03-26 12:27:21,280 - INFO - [36m(setup pid=7141)[0m  + pyzmq==27.1.0
2026-03-26 12:27:21,280 - INFO - [36m(setup pid=7141)[0m  + ray==2.54.1
2026-03-26 12:27:21,280 - INFO - [36m(setup pid=7141)[0m  + referencing==0.37.0
2026-03-26 12:27:21,280 - INFO - [36m(setup pid=7141)[0m  + regex==2026.2.28
2026-03-26 12:27:21,280 - INFO - [36m(setup pid=7141)[0m  + rich-toolkit==0.19.7
2026-03-26 12:27:21,280 - INFO - [36m(setup pid=7141)[0m  + rignore==0.7.6
2026-03-26 12:27:21,280 - INFO - [36m(setup pid=7141)[0m  + rpds-py==0.30.0
2026-03-26 12:27:21,280 - INFO - [36m(setup pid=7141)[0m  + safetensors==0.7.0
2026-03-26 12:27:21,280 - INFO - [36m(setup pid=7141)[0m  + scipy==1.17.1
2026-03-26 12:27:21,280 - INFO - [36m(setup pid=7141)[0m  + sentencepiece==0.2.1
2026-03-26 12:27:21,280 - INFO - [36m(setup pid=7141)[0m  + sentry-sdk==2.56.0
2026-03-26 12:27:21,280 - INFO - [36m(setup pid=7141)[0m  + setuptools==79.0.1
2026-03-26 12:27:21,280 - INFO - [36m(setup pid=7141)[0m  + sniffio==1.3.1
2026-03-26 12:27:21,280 - INFO - [36m(setup pid=7141)[0m  + soundfile==0.13.1
2026-03-26 12:27:21,280 - INFO - [36m(setup pid=7141)[0m  + soxr==1.0.0
2026-03-26 12:27:21,280 - INFO - [36m(setup pid=7141)[0m  + starlette==0.52.1
2026-03-26 12:27:21,280 - INFO - [36m(setup pid=7141)[0m  + sympy==1.14.0
2026-03-26 12:27:21,280 - INFO - [36m(setup pid=7141)[0m  + tiktoken==0.12.0
2026-03-26 12:27:21,280 - INFO - [36m(setup pid=7141)[0m  + tokenizers==0.22.2
2026-03-26 12:27:21,280 - INFO - [36m(setup pid=7141)[0m  + torch==2.7.1
2026-03-26 12:27:21,280 - INFO - [36m(setup pid=7141)[0m  + torchaudio==2.7.1
2026-03-26 12:27:21,280 - INFO - [36m(setup pid=7141)[0m  + torchvision==0.22.1
2026-03-26 12:27:21,280 - INFO - [36m(setup pid=7141)[0m  + transformers==5.3.0
2026-03-26 12:27:21,280 - INFO - [36m(setup pid=7141)[0m  + triton==3.3.1
2026-03-26 12:27:21,280 - INFO - [36m(setup pid=7141)[0m  + typing-inspection==0.4.2
2026-03-26 12:27:21,280 - INFO - [36m(setup pid=7141)[0m  + uvicorn==0.42.0
2026-03-26 12:27:21,280 - INFO - [36m(setup pid=7141)[0m  + uvloop==0.22.1
2026-03-26 12:27:21,280 - INFO - [36m(setup pid=7141)[0m  + vllm==0.10.0
2026-03-26 12:27:21,280 - INFO - [36m(setup pid=7141)[0m  + watchfiles==1.1.1
2026-03-26 12:27:21,280 - INFO - [36m(setup pid=7141)[0m  + websockets==16.0
2026-03-26 12:27:21,280 - INFO - [36m(setup pid=7141)[0m  + xformers==0.0.31
2026-03-26 12:27:21,280 - INFO - [36m(setup pid=7141)[0m  + xgrammar==0.1.21
2026-03-26 12:27:21,280 - INFO - [36m(setup pid=7141)[0m + echo '=== Pinning transformers==4.57.3 (avoid 5.x breaking changes) ==='
2026-03-26 12:27:21,280 - INFO - [36m(setup pid=7141)[0m === Pinning transformers==4.57.3 (avoid 5.x breaking changes) ===
2026-03-26 12:27:21,280 - INFO - [36m(setup pid=7141)[0m + uv pip install transformers==4.57.3
2026-03-26 12:27:21,280 - INFO - [36m(setup pid=7141)[0m Resolved 18 packages in 59ms
2026-03-26 12:27:21,280 - INFO - [36m(setup pid=7141)[0m Downloading transformers (11.4MiB)
2026-03-26 12:27:21,280 - INFO - [36m(setup pid=7141)[0m  Downloaded transformers
2026-03-26 12:27:21,280 - INFO - [36m(setup pid=7141)[0m Prepared 2 packages in 367ms
2026-03-26 12:27:21,280 - INFO - [36m(setup pid=7141)[0m Uninstalled 2 packages in 54ms
2026-03-26 12:27:21,581 - INFO - [36m(setup pid=7141)[0m Installed 2 packages in 71ms
2026-03-26 12:27:21,581 - INFO - [36m(setup pid=7141)[0m  - huggingface-hub==1.8.0
2026-03-26 12:27:21,581 - INFO - [36m(setup pid=7141)[0m  + huggingface-hub==0.36.2
2026-03-26 12:27:21,581 - INFO - [36m(setup pid=7141)[0m  - transformers==5.3.0
2026-03-26 12:27:21,581 - INFO - [36m(setup pid=7141)[0m  + transformers==4.57.3
2026-03-26 12:27:21,581 - INFO - [36m(setup pid=7141)[0m + echo '=== PyTorch CUDA Check ==='
2026-03-26 12:27:21,581 - INFO - [36m(setup pid=7141)[0m === PyTorch CUDA Check ===
2026-03-26 12:27:21,581 - INFO - [36m(setup pid=7141)[0m + python3 -c 'import torch; print('\''torch.cuda.is_available():'\'', torch.cuda.is_available()); print('\''torch.version.cuda:'\'', torch.version.cuda); print('\''torch.__version__:'\'', torch.__version__); print('\''torch.cuda.device_count():'\'', torch.cuda.device_count() if torch.cuda.is_available() else '\''N/A'\'')'
2026-03-26 12:27:21,581 - INFO - [36m(setup pid=4368, ip=172.31.47.227)[0m Installed 106 packages in 695ms
2026-03-26 12:27:21,581 - INFO - [36m(setup pid=4368, ip=172.31.47.227)[0m  + annotated-types==0.7.0
2026-03-26 12:27:21,581 - INFO - [36m(setup pid=4368, ip=172.31.47.227)[0m  + astor==0.8.1
2026-03-26 12:27:21,581 - INFO - [36m(setup pid=4368, ip=172.31.47.227)[0m  + blake3==1.0.8
2026-03-26 12:27:21,581 - INFO - [36m(setup pid=4368, ip=172.31.47.227)[0m  + cachetools==7.0.5
2026-03-26 12:27:21,581 - INFO - [36m(setup pid=4368, ip=172.31.47.227)[0m  + cbor2==5.9.0
2026-03-26 12:27:21,581 - INFO - [36m(setup pid=4368, ip=172.31.47.227)[0m  + cffi==2.0.0
2026-03-26 12:27:21,581 - INFO - [36m(setup pid=4368, ip=172.31.47.227)[0m  + cloudpickle==3.1.2
2026-03-26 12:27:21,581 - INFO - [36m(setup pid=4368, ip=172.31.47.227)[0m  + compressed-tensors==0.10.2
2026-03-26 12:27:21,581 - INFO - [36m(setup pid=4368, ip=172.31.47.227)[0m  + cuda-pathfinder==1.5.0
2026-03-26 12:27:21,581 - INFO - [36m(setup pid=4368, ip=172.31.47.227)[0m  + cupy-cuda12x==14.0.1
2026-03-26 12:27:21,581 - INFO - [36m(setup pid=4368, ip=172.31.47.227)[0m  + depyf==0.19.0
2026-03-26 12:27:21,582 - INFO - [36m(setup pid=4368, ip=172.31.47.227)[0m  + diskcache==5.6.3
2026-03-26 12:27:21,582 - INFO - [36m(setup pid=4368, ip=172.31.47.227)[0m  + distro==1.9.0
2026-03-26 12:27:21,582 - INFO - [36m(setup pid=4368, ip=172.31.47.227)[0m  + dnspython==2.8.0
2026-03-26 12:27:21,582 - INFO - [36m(setup pid=4368, ip=172.31.47.227)[0m  + einops==0.8.2
2026-03-26 12:27:21,582 - INFO - [36m(setup pid=4368, ip=172.31.47.227)[0m  + email-validator==2.3.0
2026-03-26 12:27:21,582 - INFO - [36m(setup pid=4368, ip=172.31.47.227)[0m  + fastapi==0.135.2
2026-03-26 12:27:21,582 - INFO - [36m(setup pid=4368, ip=172.31.47.227)[0m  + fastapi-cli==0.0.24
2026-03-26 12:27:21,582 - INFO - [36m(setup pid=4368, ip=172.31.47.227)[0m  + fastapi-cloud-cli==0.15.0
2026-03-26 12:27:21,582 - INFO - [36m(setup pid=4368, ip=172.31.47.227)[0m  + fastar==0.9.0
2026-03-26 12:27:21,582 - INFO - [36m(setup pid=4368, ip=172.31.47.227)[0m  + gguf==0.18.0
2026-03-26 12:27:21,582 - INFO - [36m(setup pid=4368, ip=172.31.47.227)[0m  + httptools==0.7.1
2026-03-26 12:27:21,582 - INFO - [36m(setup pid=4368, ip=172.31.47.227)[0m  + interegular==0.3.3
2026-03-26 12:27:21,582 - INFO - [36m(setup pid=4368, ip=172.31.47.227)[0m  + jinja2==3.1.6
2026-03-26 12:27:21,582 - INFO - [36m(setup pid=4368, ip=172.31.47.227)[0m  + jiter==0.13.0
2026-03-26 12:27:21,582 - INFO - [36m(setup pid=4368, ip=172.31.47.227)[0m  + jsonschema==4.26.0
2026-03-26 12:27:21,582 - INFO - [36m(setup pid=4368, ip=172.31.47.227)[0m  + jsonschema-specifications==2025.9.1
2026-03-26 12:27:21,582 - INFO - [36m(setup pid=4368, ip=172.31.47.227)[0m  + lark==1.2.2
2026-03-26 12:27:21,582 - INFO - [36m(setup pid=4368, ip=172.31.47.227)[0m  + llguidance==0.7.30
2026-03-26 12:27:21,582 - INFO - [36m(setup pid=4368, ip=172.31.47.227)[0m  + llvmlite==0.44.0
2026-03-26 12:27:21,582 - INFO - [36m(setup pid=4368, ip=172.31.47.227)[0m  + lm-format-enforcer==0.10.12
2026-03-26 12:27:21,582 - INFO - [36m(setup pid=4368, ip=172.31.47.227)[0m  + markupsafe==3.0.3
2026-03-26 12:27:21,582 - INFO - [36m(setup pid=4368, ip=172.31.47.227)[0m  + mistral-common==1.10.0
2026-03-26 12:27:21,582 - INFO - [36m(setup pid=4368, ip=172.31.47.227)[0m  + mpmath==1.3.0
2026-03-26 12:27:21,582 - INFO - [36m(setup pid=4368, ip=172.31.47.227)[0m  + msgpack==1.1.2
2026-03-26 12:27:21,582 - INFO - [36m(setup pid=4368, ip=172.31.47.227)[0m  + msgspec==0.20.0
2026-03-26 12:27:21,582 - INFO - [36m(setup pid=4368, ip=172.31.47.227)[0m  + networkx==3.6.1
2026-03-26 12:27:21,582 - INFO - [36m(setup pid=4368, ip=172.31.47.227)[0m  + ninja==1.13.0
2026-03-26 12:27:21,582 - INFO - [36m(setup pid=4368, ip=172.31.47.227)[0m  + numba==0.61.2
2026-03-26 12:27:21,582 - INFO - [36m(setup pid=4368, ip=172.31.47.227)[0m  - numpy==2.4.3
2026-03-26 12:27:21,582 - INFO - [36m(setup pid=4368, ip=172.31.47.227)[0m  + numpy==2.2.6
2026-03-26 12:27:21,582 - INFO - [36m(setup pid=4368, ip=172.31.47.227)[0m  + nvidia-cublas-cu12==12.6.4.1
2026-03-26 12:27:21,582 - INFO - [36m(setup pid=4368, ip=172.31.47.227)[0m  + nvidia-cuda-cupti-cu12==12.6.80
2026-03-26 12:27:21,582 - INFO - [36m(setup pid=4368, ip=172.31.47.227)[0m  + nvidia-cuda-nvrtc-cu12==12.6.77
2026-03-26 12:27:21,582 - INFO - [36m(setup pid=4368, ip=172.31.47.227)[0m  + nvidia-cuda-runtime-cu12==12.6.77
2026-03-26 12:27:21,582 - INFO - [36m(setup pid=4368, ip=172.31.47.227)[0m  + nvidia-cudnn-cu12==9.5.1.17
2026-03-26 12:27:21,582 - INFO - [36m(setup pid=4368, ip=172.31.47.227)[0m  + nvidia-cufft-cu12==11.3.0.4
2026-03-26 12:27:21,582 - INFO - [36m(setup pid=4368, ip=172.31.47.227)[0m  + nvidia-cufile-cu12==1.11.1.6
2026-03-26 12:27:21,582 - INFO - [36m(setup pid=4368, ip=172.31.47.227)[0m  + nvidia-curand-cu12==10.3.7.77
2026-03-26 12:27:21,582 - INFO - [36m(setup pid=4368, ip=172.31.47.227)[0m  + nvidia-cusolver-cu12==11.7.1.2
2026-03-26 12:27:21,582 - INFO - [36m(setup pid=4368, ip=172.31.47.227)[0m  + nvidia-cusparse-cu12==12.5.4.2
2026-03-26 12:27:21,582 - INFO - [36m(setup pid=4368, ip=172.31.47.227)[0m  + nvidia-cusparselt-cu12==0.6.3
2026-03-26 12:27:21,582 - INFO - [36m(setup pid=4368, ip=172.31.47.227)[0m  + nvidia-nccl-cu12==2.26.2
2026-03-26 12:27:21,582 - INFO - [36m(setup pid=4368, ip=172.31.47.227)[0m  + nvidia-nvjitlink-cu12==12.6.85
2026-03-26 12:27:21,582 - INFO - [36m(setup pid=4368, ip=172.31.47.227)[0m  + nvidia-nvtx-cu12==12.6.77
2026-03-26 12:27:21,582 - INFO - [36m(setup pid=4368, ip=172.31.47.227)[0m  + openai==1.90.0
2026-03-26 12:27:21,582 - INFO - [36m(setup pid=4368, ip=172.31.47.227)[0m  + opencv-python-headless==4.13.0.92
2026-03-26 12:27:21,582 - INFO - [36m(setup pid=4368, ip=172.31.47.227)[0m  + outlines-core==0.2.10
2026-03-26 12:27:21,582 - INFO - [36m(setup pid=4368, ip=172.31.47.227)[0m  + partial-json-parser==0.2.1.1.post7
2026-03-26 12:27:21,582 - INFO - [36m(setup pid=4368, ip=172.31.47.227)[0m  + pillow==12.1.1
2026-03-26 12:27:21,582 - INFO - [36m(setup pid=4368, ip=172.31.47.227)[0m  + prometheus-client==0.24.1
2026-03-26 12:27:21,582 - INFO - [36m(setup pid=4368, ip=172.31.47.227)[0m  + prometheus-fastapi-instrumentator==7.1.0
2026-03-26 12:27:21,582 - INFO - [36m(setup pid=4368, ip=172.31.47.227)[0m  + protobuf==7.34.1
2026-03-26 12:27:21,582 - INFO - [36m(setup pid=4368, ip=172.31.47.227)[0m  + psutil==7.2.2
2026-03-26 12:27:21,582 - INFO - [36m(setup pid=4368, ip=172.31.47.227)[0m  + py-cpuinfo==9.0.0
2026-03-26 12:27:21,582 - INFO - [36m(setup pid=4368, ip=172.31.47.227)[0m  + pybase64==1.4.3
2026-03-26 12:27:21,582 - INFO - [36m(setup pid=4368, ip=172.31.47.227)[0m  + pycountry==26.2.16
2026-03-26 12:27:21,582 - INFO - [36m(setup pid=4368, ip=172.31.47.227)[0m  + pycparser==3.0
2026-03-26 12:27:21,582 - INFO - [36m(setup pid=4368, ip=172.31.47.227)[0m  + pydantic==2.12.5
2026-03-26 12:27:21,582 - INFO - [36m(setup pid=4368, ip=172.31.47.227)[0m  + pydantic-core==2.41.5
2026-03-26 12:27:21,582 - INFO - [36m(setup pid=4368, ip=172.31.47.227)[0m  + pydantic-extra-types==2.11.1
2026-03-26 12:27:21,582 - INFO - [36m(setup pid=4368, ip=172.31.47.227)[0m  + pydantic-settings==2.13.1
2026-03-26 12:27:21,582 - INFO - [36m(setup pid=4368, ip=172.31.47.227)[0m  + python-dotenv==1.2.2
2026-03-26 12:27:21,582 - INFO - [36m(setup pid=4368, ip=172.31.47.227)[0m  + python-json-logger==4.0.0
2026-03-26 12:27:21,582 - INFO - [36m(setup pid=4368, ip=172.31.47.227)[0m  + python-multipart==0.0.22
2026-03-26 12:27:21,582 - INFO - [36m(setup pid=4368, ip=172.31.47.227)[0m  + pyzmq==27.1.0
2026-03-26 12:27:21,582 - INFO - [36m(setup pid=4368, ip=172.31.47.227)[0m  + ray==2.54.1
2026-03-26 12:27:21,582 - INFO - [36m(setup pid=4368, ip=172.31.47.227)[0m  + referencing==0.37.0
2026-03-26 12:27:21,582 - INFO - [36m(setup pid=4368, ip=172.31.47.227)[0m  + regex==2026.2.28
2026-03-26 12:27:21,582 - INFO - [36m(setup pid=4368, ip=172.31.47.227)[0m  + rich-toolkit==0.19.7
2026-03-26 12:27:21,582 - INFO - [36m(setup pid=4368, ip=172.31.47.227)[0m  + rignore==0.7.6
2026-03-26 12:27:21,582 - INFO - [36m(setup pid=4368, ip=172.31.47.227)[0m  + rpds-py==0.30.0
2026-03-26 12:27:21,582 - INFO - [36m(setup pid=4368, ip=172.31.47.227)[0m  + safetensors==0.7.0
2026-03-26 12:27:21,582 - INFO - [36m(setup pid=4368, ip=172.31.47.227)[0m  + scipy==1.17.1
2026-03-26 12:27:21,582 - INFO - [36m(setup pid=4368, ip=172.31.47.227)[0m  + sentencepiece==0.2.1
2026-03-26 12:27:21,582 - INFO - [36m(setup pid=4368, ip=172.31.47.227)[0m  + sentry-sdk==2.56.0
2026-03-26 12:27:21,582 - INFO - [36m(setup pid=4368, ip=172.31.47.227)[0m  + setuptools==79.0.1
2026-03-26 12:27:21,582 - INFO - [36m(setup pid=4368, ip=172.31.47.227)[0m  + sniffio==1.3.1
2026-03-26 12:27:21,582 - INFO - [36m(setup pid=4368, ip=172.31.47.227)[0m  + soundfile==0.13.1
2026-03-26 12:27:21,582 - INFO - [36m(setup pid=4368, ip=172.31.47.227)[0m  + soxr==1.0.0
2026-03-26 12:27:21,582 - INFO - [36m(setup pid=4368, ip=172.31.47.227)[0m  + starlette==0.52.1
2026-03-26 12:27:21,582 - INFO - [36m(setup pid=4368, ip=172.31.47.227)[0m  + sympy==1.14.0
2026-03-26 12:27:21,582 - INFO - [36m(setup pid=4368, ip=172.31.47.227)[0m  + tiktoken==0.12.0
2026-03-26 12:27:21,582 - INFO - [36m(setup pid=4368, ip=172.31.47.227)[0m  + tokenizers==0.22.2
2026-03-26 12:27:21,582 - INFO - [36m(setup pid=4368, ip=172.31.47.227)[0m  + torch==2.7.1
2026-03-26 12:27:21,582 - INFO - [36m(setup pid=4368, ip=172.31.47.227)[0m  + torchaudio==2.7.1
2026-03-26 12:27:21,582 - INFO - [36m(setup pid=4368, ip=172.31.47.227)[0m  + torchvision==0.22.1
2026-03-26 12:27:21,582 - INFO - [36m(setup pid=4368, ip=172.31.47.227)[0m  + transformers==5.3.0
2026-03-26 12:27:21,582 - INFO - [36m(setup pid=4368, ip=172.31.47.227)[0m  + triton==3.3.1
2026-03-26 12:27:21,582 - INFO - [36m(setup pid=4368, ip=172.31.47.227)[0m  + typing-inspection==0.4.2
2026-03-26 12:27:21,582 - INFO - [36m(setup pid=4368, ip=172.31.47.227)[0m  + uvicorn==0.42.0
2026-03-26 12:27:21,582 - INFO - [36m(setup pid=4368, ip=172.31.47.227)[0m  + uvloop==0.22.1
2026-03-26 12:27:21,582 - INFO - [36m(setup pid=4368, ip=172.31.47.227)[0m  + vllm==0.10.0
2026-03-26 12:27:21,582 - INFO - [36m(setup pid=4368, ip=172.31.47.227)[0m  + watchfiles==1.1.1
2026-03-26 12:27:21,582 - INFO - [36m(setup pid=4368, ip=172.31.47.227)[0m  + websockets==16.0
2026-03-26 12:27:21,582 - INFO - [36m(setup pid=4368, ip=172.31.47.227)[0m  + xformers==0.0.31
2026-03-26 12:27:21,582 - INFO - [36m(setup pid=4368, ip=172.31.47.227)[0m  + xgrammar==0.1.21
2026-03-26 12:27:21,582 - INFO - [36m(setup pid=4368, ip=172.31.47.227)[0m + echo '=== Pinning transformers==4.57.3 (avoid 5.x breaking changes) ==='
2026-03-26 12:27:21,582 - INFO - [36m(setup pid=4368, ip=172.31.47.227)[0m === Pinning transformers==4.57.3 (avoid 5.x breaking changes) ===
2026-03-26 12:27:22,286 - INFO - [36m(setup pid=4368, ip=172.31.47.227)[0m + uv pip install transformers==4.57.3
2026-03-26 12:27:22,286 - INFO - [36m(setup pid=4368, ip=172.31.47.227)[0m Resolved 18 packages in 61ms
2026-03-26 12:27:22,286 - INFO - [36m(setup pid=4368, ip=172.31.47.227)[0m Downloading transformers (11.4MiB)
2026-03-26 12:27:22,286 - INFO - [36m(setup pid=4368, ip=172.31.47.227)[0m  Downloaded transformers
2026-03-26 12:27:22,286 - INFO - [36m(setup pid=4368, ip=172.31.47.227)[0m Prepared 2 packages in 391ms
2026-03-26 12:27:22,286 - INFO - [36m(setup pid=4368, ip=172.31.47.227)[0m Uninstalled 2 packages in 56ms
2026-03-26 12:27:22,286 - INFO - [36m(setup pid=4368, ip=172.31.47.227)[0m Installed 2 packages in 61ms
2026-03-26 12:27:30,439 - INFO - [36m(setup pid=4368, ip=172.31.47.227)[0m  - huggingface-hub==1.8.0
2026-03-26 12:27:30,440 - INFO - [36m(setup pid=4368, ip=172.31.47.227)[0m  + huggingface-hub==0.36.2
2026-03-26 12:27:30,440 - INFO - [36m(setup pid=4368, ip=172.31.47.227)[0m  - transformers==5.3.0
2026-03-26 12:27:30,440 - INFO - [36m(setup pid=4368, ip=172.31.47.227)[0m  + transformers==4.57.3
2026-03-26 12:27:30,440 - INFO - [36m(setup pid=4368, ip=172.31.47.227)[0m + echo '=== PyTorch CUDA Check ==='
2026-03-26 12:27:30,440 - INFO - [36m(setup pid=4368, ip=172.31.47.227)[0m === PyTorch CUDA Check ===
2026-03-26 12:27:30,440 - INFO - [36m(setup pid=4368, ip=172.31.47.227)[0m + python3 -c 'import torch; print('\''torch.cuda.is_available():'\'', torch.cuda.is_available()); print('\''torch.version.cuda:'\'', torch.version.cuda); print('\''torch.__version__:'\'', torch.__version__); print('\''torch.cuda.device_count():'\'', torch.cuda.device_count() if torch.cuda.is_available() else '\''N/A'\'')'
2026-03-26 12:27:30,440 - INFO - [36m(setup pid=7141)[0m torch.cuda.is_available(): True
2026-03-26 12:27:31,343 - INFO - [36m(setup pid=7141)[0m torch.version.cuda: 12.6
2026-03-26 12:27:31,343 - INFO - [36m(setup pid=7141)[0m torch.__version__: 2.7.1+cu126
2026-03-26 12:27:31,344 - INFO - [36m(setup pid=7141)[0m torch.cuda.device_count(): 8
2026-03-26 12:27:31,344 - INFO - [36m(setup pid=4368, ip=172.31.47.227)[0m torch.cuda.is_available(): True
2026-03-26 12:27:32,049 - INFO - [36m(setup pid=4368, ip=172.31.47.227)[0m torch.version.cuda: 12.6
2026-03-26 12:27:32,049 - INFO - [36m(setup pid=4368, ip=172.31.47.227)[0m torch.__version__: 2.7.1+cu126
2026-03-26 12:27:32,049 - INFO - [36m(setup pid=4368, ip=172.31.47.227)[0m torch.cuda.device_count(): 8
2026-03-26 12:27:32,049 - INFO - [36m(setup pid=7141)[0m + echo ===========================
2026-03-26 12:27:32,954 - INFO - [36m(setup pid=7141)[0m ===========================
2026-03-26 12:27:32,954 - INFO - [36m(setup pid=7141)[0m + echo '=== Setup complete ==='
2026-03-26 12:27:32,954 - INFO - [36m(setup pid=7141)[0m === Setup complete ===
2026-03-26 12:27:32,955 - INFO - [36m(setup pid=4368, ip=172.31.47.227)[0m + echo ===========================
2026-03-26 12:27:33,256 - INFO - [36m(setup pid=4368, ip=172.31.47.227)[0m ===========================
2026-03-26 12:27:33,256 - INFO - [36m(setup pid=4368, ip=172.31.47.227)[0m + echo '=== Setup complete ==='
2026-03-26 12:27:33,256 - INFO - [36m(setup pid=4368, ip=172.31.47.227)[0m === Setup complete ===
2026-03-26 12:27:33,256 - INFO - [36m(worker1, rank=1, pid=4368, ip=172.31.47.227)[0m + export LD_LIBRARY_PATH=/usr/local/cuda/lib64:/usr/local/cuda/targets/x86_64-linux/lib:/usr/local/cuda-12.8/lib:/usr/local/cuda-12.8/lib64:/usr/local/cuda-12.8:/usr/local/cuda-12.8/targets/x86_64-linux/lib/:/usr/local/cuda-12.8/extras/CUPTI/lib64:/opt/amazon/efa/lib:/opt/amazon/openmpi/lib:/opt/amazon/ofi-nccl/lib/x86_64-linux-gnu:/usr/local/lib:/usr/lib:/usr/local/cuda-12.8/lib:/usr/local/cuda-12.8/lib64:/usr/local/cuda-12.8:/usr/local/cuda-12.8/targets/x86_64-linux/lib/:/usr/local/cuda-12.8/extras/CUPTI/lib64:/opt/amazon/efa/lib:/opt/amazon/openmpi/lib:/opt/amazon/ofi-nccl/lib/x86_64-linux-gnu:/usr/local/lib:/usr/lib
2026-03-26 12:27:33,459 - INFO - [36m(worker1, rank=1, pid=4368, ip=172.31.47.227)[0m + LD_LIBRARY_PATH=/usr/local/cuda/lib64:/usr/local/cuda/targets/x86_64-linux/lib:/usr/local/cuda-12.8/lib:/usr/local/cuda-12.8/lib64:/usr/local/cuda-12.8:/usr/local/cuda-12.8/targets/x86_64-linux/lib/:/usr/local/cuda-12.8/extras/CUPTI/lib64:/opt/amazon/efa/lib:/opt/amazon/openmpi/lib:/opt/amazon/ofi-nccl/lib/x86_64-linux-gnu:/usr/local/lib:/usr/lib:/usr/local/cuda-12.8/lib:/usr/local/cuda-12.8/lib64:/usr/local/cuda-12.8:/usr/local/cuda-12.8/targets/x86_64-linux/lib/:/usr/local/cuda-12.8/extras/CUPTI/lib64:/opt/amazon/efa/lib:/opt/amazon/openmpi/lib:/opt/amazon/ofi-nccl/lib/x86_64-linux-gnu:/usr/local/lib:/usr/lib
2026-03-26 12:27:33,459 - INFO - [36m(worker1, rank=1, pid=4368, ip=172.31.47.227)[0m + export CUDA_HOME=/usr/local/cuda
2026-03-26 12:27:33,459 - INFO - [36m(worker1, rank=1, pid=4368, ip=172.31.47.227)[0m + CUDA_HOME=/usr/local/cuda
2026-03-26 12:27:33,459 - INFO - [36m(worker1, rank=1, pid=4368, ip=172.31.47.227)[0m + echo '=== Pre-run Diagnostics ==='
2026-03-26 12:27:33,459 - INFO - [36m(worker1, rank=1, pid=4368, ip=172.31.47.227)[0m === Pre-run Diagnostics ===
2026-03-26 12:27:33,459 - INFO - [36m(worker1, rank=1, pid=4368, ip=172.31.47.227)[0m + nvidia-smi
2026-03-26 12:27:33,459 - INFO - [36m(head, rank=0, pid=7141)[0m + export LD_LIBRARY_PATH=/usr/local/cuda/lib64:/usr/local/cuda/targets/x86_64-linux/lib:/usr/local/cuda-12.8/lib:/usr/local/cuda-12.8/lib64:/usr/local/cuda-12.8:/usr/local/cuda-12.8/targets/x86_64-linux/lib/:/usr/local/cuda-12.8/extras/CUPTI/lib64:/opt/amazon/efa/lib:/opt/amazon/openmpi/lib:/opt/amazon/ofi-nccl/lib/x86_64-linux-gnu:/usr/local/lib:/usr/lib:/usr/local/cuda-12.8/lib:/usr/local/cuda-12.8/lib64:/usr/local/cuda-12.8:/usr/local/cuda-12.8/targets/x86_64-linux/lib/:/usr/local/cuda-12.8/extras/CUPTI/lib64:/opt/amazon/efa/lib:/opt/amazon/openmpi/lib:/opt/amazon/ofi-nccl/lib/x86_64-linux-gnu:/usr/local/lib:/usr/lib
2026-03-26 12:27:33,459 - INFO - [36m(head, rank=0, pid=7141)[0m + LD_LIBRARY_PATH=/usr/local/cuda/lib64:/usr/local/cuda/targets/x86_64-linux/lib:/usr/local/cuda-12.8/lib:/usr/local/cuda-12.8/lib64:/usr/local/cuda-12.8:/usr/local/cuda-12.8/targets/x86_64-linux/lib/:/usr/local/cuda-12.8/extras/CUPTI/lib64:/opt/amazon/efa/lib:/opt/amazon/openmpi/lib:/opt/amazon/ofi-nccl/lib/x86_64-linux-gnu:/usr/local/lib:/usr/lib:/usr/local/cuda-12.8/lib:/usr/local/cuda-12.8/lib64:/usr/local/cuda-12.8:/usr/local/cuda-12.8/targets/x86_64-linux/lib/:/usr/local/cuda-12.8/extras/CUPTI/lib64:/opt/amazon/efa/lib:/opt/amazon/openmpi/lib:/opt/amazon/ofi-nccl/lib/x86_64-linux-gnu:/usr/local/lib:/usr/lib
2026-03-26 12:27:33,459 - INFO - [36m(head, rank=0, pid=7141)[0m + export CUDA_HOME=/usr/local/cuda
2026-03-26 12:27:33,459 - INFO - [36m(head, rank=0, pid=7141)[0m + CUDA_HOME=/usr/local/cuda
2026-03-26 12:27:33,459 - INFO - [36m(head, rank=0, pid=7141)[0m + echo '=== Pre-run Diagnostics ==='
2026-03-26 12:27:33,459 - INFO - [36m(head, rank=0, pid=7141)[0m === Pre-run Diagnostics ===
2026-03-26 12:27:33,459 - INFO - [36m(head, rank=0, pid=7141)[0m + nvidia-smi
2026-03-26 12:27:33,459 - INFO - [36m(worker1, rank=1, pid=4368, ip=172.31.47.227)[0m Thu Mar 26 06:57:32 2026
2026-03-26 12:27:33,459 - INFO - [36m(worker1, rank=1, pid=4368, ip=172.31.47.227)[0m +-----------------------------------------------------------------------------------------+
2026-03-26 12:27:33,459 - INFO - [36m(worker1, rank=1, pid=4368, ip=172.31.47.227)[0m | NVIDIA-SMI 570.172.08             Driver Version: 570.172.08     CUDA Version: 12.8     |
2026-03-26 12:27:33,459 - INFO - [36m(worker1, rank=1, pid=4368, ip=172.31.47.227)[0m |-----------------------------------------+------------------------+----------------------+
2026-03-26 12:27:33,459 - INFO - [36m(worker1, rank=1, pid=4368, ip=172.31.47.227)[0m | GPU  Name                 Persistence-M | Bus-Id          Disp.A | Volatile Uncorr. ECC |
2026-03-26 12:27:33,459 - INFO - [36m(worker1, rank=1, pid=4368, ip=172.31.47.227)[0m | Fan  Temp   Perf          Pwr:Usage/Cap |           Memory-Usage | GPU-Util  Compute M. |
2026-03-26 12:27:33,459 - INFO - [36m(worker1, rank=1, pid=4368, ip=172.31.47.227)[0m |                                         |                        |               MIG M. |
2026-03-26 12:27:33,459 - INFO - [36m(worker1, rank=1, pid=4368, ip=172.31.47.227)[0m |=========================================+========================+======================|
2026-03-26 12:27:33,459 - INFO - [36m(worker1, rank=1, pid=4368, ip=172.31.47.227)[0m |   0  NVIDIA A100-SXM4-80GB          On  |   00000000:10:1C.0 Off |                    0 |
2026-03-26 12:27:33,459 - INFO - [36m(worker1, rank=1, pid=4368, ip=172.31.47.227)[0m | N/A   27C    P0             65W /  400W |       0MiB /  81920MiB |      0%      Default |
2026-03-26 12:27:33,459 - INFO - [36m(worker1, rank=1, pid=4368, ip=172.31.47.227)[0m |                                         |                        |             Disabled |
2026-03-26 12:27:33,459 - INFO - [36m(worker1, rank=1, pid=4368, ip=172.31.47.227)[0m +-----------------------------------------+------------------------+----------------------+
2026-03-26 12:27:33,459 - INFO - [36m(worker1, rank=1, pid=4368, ip=172.31.47.227)[0m |   1  NVIDIA A100-SXM4-80GB          On  |   00000000:10:1D.0 Off |                    0 |
2026-03-26 12:27:33,459 - INFO - [36m(worker1, rank=1, pid=4368, ip=172.31.47.227)[0m | N/A   25C    P0             61W /  400W |       0MiB /  81920MiB |      0%      Default |
2026-03-26 12:27:33,459 - INFO - [36m(worker1, rank=1, pid=4368, ip=172.31.47.227)[0m |                                         |                        |             Disabled |
2026-03-26 12:27:33,459 - INFO - [36m(worker1, rank=1, pid=4368, ip=172.31.47.227)[0m +-----------------------------------------+------------------------+----------------------+
2026-03-26 12:27:33,459 - INFO - [36m(worker1, rank=1, pid=4368, ip=172.31.47.227)[0m |   2  NVIDIA A100-SXM4-80GB          On  |   00000000:20:1C.0 Off |                    0 |
2026-03-26 12:27:33,459 - INFO - [36m(worker1, rank=1, pid=4368, ip=172.31.47.227)[0m | N/A   28C    P0             64W /  400W |       0MiB /  81920MiB |      0%      Default |
2026-03-26 12:27:33,459 - INFO - [36m(worker1, rank=1, pid=4368, ip=172.31.47.227)[0m |                                         |                        |             Disabled |
2026-03-26 12:27:33,459 - INFO - [36m(worker1, rank=1, pid=4368, ip=172.31.47.227)[0m +-----------------------------------------+------------------------+----------------------+
2026-03-26 12:27:33,459 - INFO - [36m(worker1, rank=1, pid=4368, ip=172.31.47.227)[0m |   3  NVIDIA A100-SXM4-80GB          On  |   00000000:20:1D.0 Off |                    0 |
2026-03-26 12:27:33,459 - INFO - [36m(worker1, rank=1, pid=4368, ip=172.31.47.227)[0m | N/A   25C    P0             62W /  400W |       0MiB /  81920MiB |      0%      Default |
2026-03-26 12:27:33,459 - INFO - [36m(worker1, rank=1, pid=4368, ip=172.31.47.227)[0m |                                         |                        |             Disabled |
2026-03-26 12:27:33,459 - INFO - [36m(worker1, rank=1, pid=4368, ip=172.31.47.227)[0m +-----------------------------------------+------------------------+----------------------+
2026-03-26 12:27:33,459 - INFO - [36m(head, rank=0, pid=7141)[0m Thu Mar 26 06:57:32 2026
2026-03-26 12:27:33,459 - INFO - [36m(head, rank=0, pid=7141)[0m +-----------------------------------------------------------------------------------------+
2026-03-26 12:27:33,459 - INFO - [36m(head, rank=0, pid=7141)[0m | NVIDIA-SMI 570.172.08             Driver Version: 570.172.08     CUDA Version: 12.8     |
2026-03-26 12:27:33,459 - INFO - [36m(head, rank=0, pid=7141)[0m |-----------------------------------------+------------------------+----------------------+
2026-03-26 12:27:33,459 - INFO - [36m(head, rank=0, pid=7141)[0m | GPU  Name                 Persistence-M | Bus-Id          Disp.A | Volatile Uncorr. ECC |
2026-03-26 12:27:33,459 - INFO - [36m(head, rank=0, pid=7141)[0m | Fan  Temp   Perf          Pwr:Usage/Cap |           Memory-Usage | GPU-Util  Compute M. |
2026-03-26 12:27:33,459 - INFO - [36m(head, rank=0, pid=7141)[0m |                                         |                        |               MIG M. |
2026-03-26 12:27:33,459 - INFO - [36m(head, rank=0, pid=7141)[0m |=========================================+========================+======================|
2026-03-26 12:27:33,459 - INFO - [36m(head, rank=0, pid=7141)[0m |   0  NVIDIA A100-SXM4-80GB          On  |   00000000:10:1C.0 Off |                    0 |
2026-03-26 12:27:33,459 - INFO - [36m(head, rank=0, pid=7141)[0m | N/A   25C    P0             63W /  400W |       0MiB /  81920MiB |      0%      Default |
2026-03-26 12:27:33,460 - INFO - [36m(head, rank=0, pid=7141)[0m |                                         |                        |             Disabled |
2026-03-26 12:27:33,964 - INFO - [36m(head, rank=0, pid=7141)[0m +-----------------------------------------+------------------------+----------------------+
2026-03-26 12:27:33,964 - INFO - [36m(head, rank=0, pid=7141)[0m |   1  NVIDIA A100-SXM4-80GB          On  |   00000000:10:1D.0 Off |                    0 |
2026-03-26 12:27:33,964 - INFO - [36m(head, rank=0, pid=7141)[0m | N/A   24C    P0             61W /  400W |       0MiB /  81920MiB |      0%      Default |
2026-03-26 12:27:33,964 - INFO - [36m(head, rank=0, pid=7141)[0m |                                         |                        |             Disabled |
2026-03-26 12:27:33,964 - INFO - [36m(head, rank=0, pid=7141)[0m +-----------------------------------------+------------------------+----------------------+
2026-03-26 12:27:33,964 - INFO - [36m(head, rank=0, pid=7141)[0m |   2  NVIDIA A100-SXM4-80GB          On  |   00000000:20:1C.0 Off |                    0 |
2026-03-26 12:27:33,964 - INFO - [36m(head, rank=0, pid=7141)[0m | N/A   26C    P0             59W /  400W |       0MiB /  81920MiB |      0%      Default |
2026-03-26 12:27:33,964 - INFO - [36m(head, rank=0, pid=7141)[0m |                                         |                        |             Disabled |
2026-03-26 12:27:33,964 - INFO - [36m(head, rank=0, pid=7141)[0m +-----------------------------------------+------------------------+----------------------+
2026-03-26 12:27:33,964 - INFO - [36m(head, rank=0, pid=7141)[0m |   3  NVIDIA A100-SXM4-80GB          On  |   00000000:20:1D.0 Off |                    0 |
2026-03-26 12:27:33,964 - INFO - [36m(head, rank=0, pid=7141)[0m | N/A   25C    P0             62W /  400W |       0MiB /  81920MiB |      0%      Default |
2026-03-26 12:27:33,964 - INFO - [36m(head, rank=0, pid=7141)[0m |                                         |                        |             Disabled |
2026-03-26 12:27:33,964 - INFO - [36m(head, rank=0, pid=7141)[0m +-----------------------------------------+------------------------+----------------------+
2026-03-26 12:27:33,964 - INFO - [36m(head, rank=0, pid=7141)[0m |   4  NVIDIA A100-SXM4-80GB          On  |   00000000:90:1C.0 Off |                    0 |
2026-03-26 12:27:33,964 - INFO - [36m(head, rank=0, pid=7141)[0m | N/A   25C    P0             60W /  400W |       0MiB /  81920MiB |      0%      Default |
2026-03-26 12:27:33,964 - INFO - [36m(head, rank=0, pid=7141)[0m |                                         |                        |             Disabled |
2026-03-26 12:27:33,964 - INFO - [36m(head, rank=0, pid=7141)[0m +-----------------------------------------+------------------------+----------------------+
2026-03-26 12:27:33,964 - INFO - [36m(worker1, rank=1, pid=4368, ip=172.31.47.227)[0m |   4  NVIDIA A100-SXM4-80GB          On  |   00000000:90:1C.0 Off |                    0 |
2026-03-26 12:27:33,964 - INFO - [36m(worker1, rank=1, pid=4368, ip=172.31.47.227)[0m | N/A   26C    P0             59W /  400W |       0MiB /  81920MiB |      0%      Default |
2026-03-26 12:27:33,964 - INFO - [36m(worker1, rank=1, pid=4368, ip=172.31.47.227)[0m |                                         |                        |             Disabled |
2026-03-26 12:27:33,964 - INFO - [36m(worker1, rank=1, pid=4368, ip=172.31.47.227)[0m +-----------------------------------------+------------------------+----------------------+
2026-03-26 12:27:33,964 - INFO - [36m(worker1, rank=1, pid=4368, ip=172.31.47.227)[0m |   5  NVIDIA A100-SXM4-80GB          On  |   00000000:90:1D.0 Off |                    0 |
2026-03-26 12:27:33,964 - INFO - [36m(worker1, rank=1, pid=4368, ip=172.31.47.227)[0m | N/A   25C    P0             61W /  400W |       0MiB /  81920MiB |      0%      Default |
2026-03-26 12:27:33,964 - INFO - [36m(worker1, rank=1, pid=4368, ip=172.31.47.227)[0m |                                         |                        |             Disabled |
2026-03-26 12:27:33,964 - INFO - [36m(worker1, rank=1, pid=4368, ip=172.31.47.227)[0m +-----------------------------------------+------------------------+----------------------+
2026-03-26 12:27:33,964 - INFO - [36m(worker1, rank=1, pid=4368, ip=172.31.47.227)[0m |   6  NVIDIA A100-SXM4-80GB          On  |   00000000:A0:1C.0 Off |                    0 |
2026-03-26 12:27:33,964 - INFO - [36m(worker1, rank=1, pid=4368, ip=172.31.47.227)[0m | N/A   25C    P0             60W /  400W |       0MiB /  81920MiB |      0%      Default |
2026-03-26 12:27:33,964 - INFO - [36m(worker1, rank=1, pid=4368, ip=172.31.47.227)[0m |                                         |                        |             Disabled |
2026-03-26 12:27:33,964 - INFO - [36m(worker1, rank=1, pid=4368, ip=172.31.47.227)[0m +-----------------------------------------+------------------------+----------------------+
2026-03-26 12:27:33,964 - INFO - [36m(worker1, rank=1, pid=4368, ip=172.31.47.227)[0m |   7  NVIDIA A100-SXM4-80GB          On  |   00000000:A0:1D.0 Off |                    0 |
2026-03-26 12:27:33,964 - INFO - [36m(worker1, rank=1, pid=4368, ip=172.31.47.227)[0m | N/A   25C    P0             58W /  400W |       0MiB /  81920MiB |      0%      Default |
2026-03-26 12:27:33,964 - INFO - [36m(worker1, rank=1, pid=4368, ip=172.31.47.227)[0m |                                         |                        |             Disabled |
2026-03-26 12:27:33,964 - INFO - [36m(worker1, rank=1, pid=4368, ip=172.31.47.227)[0m +-----------------------------------------+------------------------+----------------------+
2026-03-26 12:27:33,964 - INFO - [36m(worker1, rank=1, pid=4368, ip=172.31.47.227)[0m
2026-03-26 12:27:33,964 - INFO - [36m(worker1, rank=1, pid=4368, ip=172.31.47.227)[0m +-----------------------------------------------------------------------------------------+
2026-03-26 12:27:33,964 - INFO - [36m(worker1, rank=1, pid=4368, ip=172.31.47.227)[0m | Processes:                                                                              |
2026-03-26 12:27:33,964 - INFO - [36m(worker1, rank=1, pid=4368, ip=172.31.47.227)[0m |  GPU   GI   CI              PID   Type   Process name                        GPU Memory |
2026-03-26 12:27:33,964 - INFO - [36m(worker1, rank=1, pid=4368, ip=172.31.47.227)[0m |        ID   ID                                                               Usage      |
2026-03-26 12:27:33,964 - INFO - [36m(worker1, rank=1, pid=4368, ip=172.31.47.227)[0m |=========================================================================================|
2026-03-26 12:27:33,964 - INFO - [36m(worker1, rank=1, pid=4368, ip=172.31.47.227)[0m |  No running processes found                                                             |
2026-03-26 12:27:33,964 - INFO - [36m(worker1, rank=1, pid=4368, ip=172.31.47.227)[0m +-----------------------------------------------------------------------------------------+
2026-03-26 12:27:33,964 - INFO - [36m(head, rank=0, pid=7141)[0m |   5  NVIDIA A100-SXM4-80GB          On  |   00000000:90:1D.0 Off |                    0 |
2026-03-26 12:27:36,481 - INFO - [36m(head, rank=0, pid=7141)[0m | N/A   25C    P0             60W /  400W |       0MiB /  81920MiB |      0%      Default |
2026-03-26 12:27:36,481 - INFO - [36m(head, rank=0, pid=7141)[0m |                                         |                        |             Disabled |
2026-03-26 12:27:36,481 - INFO - [36m(head, rank=0, pid=7141)[0m +-----------------------------------------+------------------------+----------------------+
2026-03-26 12:27:36,481 - INFO - [36m(head, rank=0, pid=7141)[0m |   6  NVIDIA A100-SXM4-80GB          On  |   00000000:A0:1C.0 Off |                    0 |
2026-03-26 12:27:36,481 - INFO - [36m(head, rank=0, pid=7141)[0m | N/A   26C    P0             61W /  400W |       0MiB /  81920MiB |      0%      Default |
2026-03-26 12:27:36,481 - INFO - [36m(head, rank=0, pid=7141)[0m |                                         |                        |             Disabled |
2026-03-26 12:27:36,481 - INFO - [36m(head, rank=0, pid=7141)[0m +-----------------------------------------+------------------------+----------------------+
2026-03-26 12:27:36,481 - INFO - [36m(head, rank=0, pid=7141)[0m |   7  NVIDIA A100-SXM4-80GB          On  |   00000000:A0:1D.0 Off |                    0 |
2026-03-26 12:27:36,481 - INFO - [36m(head, rank=0, pid=7141)[0m | N/A   25C    P0             56W /  400W |       0MiB /  81920MiB |      0%      Default |
2026-03-26 12:27:36,481 - INFO - [36m(head, rank=0, pid=7141)[0m |                                         |                        |             Disabled |
2026-03-26 12:27:36,481 - INFO - [36m(head, rank=0, pid=7141)[0m +-----------------------------------------+------------------------+----------------------+
2026-03-26 12:27:36,481 - INFO - [36m(head, rank=0, pid=7141)[0m
2026-03-26 12:27:36,481 - INFO - [36m(head, rank=0, pid=7141)[0m +-----------------------------------------------------------------------------------------+
2026-03-26 12:27:36,481 - INFO - [36m(head, rank=0, pid=7141)[0m | Processes:                                                                              |
2026-03-26 12:27:36,481 - INFO - [36m(head, rank=0, pid=7141)[0m |  GPU   GI   CI              PID   Type   Process name                        GPU Memory |
2026-03-26 12:27:36,481 - INFO - [36m(head, rank=0, pid=7141)[0m |        ID   ID                                                               Usage      |
2026-03-26 12:27:36,481 - INFO - [36m(head, rank=0, pid=7141)[0m |=========================================================================================|
2026-03-26 12:27:36,481 - INFO - [36m(head, rank=0, pid=7141)[0m |  No running processes found                                                             |
2026-03-26 12:27:36,481 - INFO - [36m(head, rank=0, pid=7141)[0m +-----------------------------------------------------------------------------------------+
2026-03-26 12:27:36,481 - INFO - [36m(worker1, rank=1, pid=4368, ip=172.31.47.227)[0m + echo '--- A100 SXM4 Diagnostics ---'
2026-03-26 12:27:36,683 - INFO - [36m(worker1, rank=1, pid=4368, ip=172.31.47.227)[0m --- A100 SXM4 Diagnostics ---
2026-03-26 12:27:36,683 - INFO - [36m(worker1, rank=1, pid=4368, ip=172.31.47.227)[0m + echo 'Checking NVIDIA Fabric Manager (required for NVSwitch on A100-SXM4)...'
2026-03-26 12:27:36,683 - INFO - [36m(worker1, rank=1, pid=4368, ip=172.31.47.227)[0m Checking NVIDIA Fabric Manager (required for NVSwitch on A100-SXM4)...
2026-03-26 12:27:36,683 - INFO - [36m(worker1, rank=1, pid=4368, ip=172.31.47.227)[0m + systemctl status nvidia-fabricmanager
2026-03-26 12:27:36,683 - INFO - [36m(worker1, rank=1, pid=4368, ip=172.31.47.227)[0m ● nvidia-fabricmanager.service - NVIDIA fabric manager service
2026-03-26 12:27:36,683 - INFO - [36m(worker1, rank=1, pid=4368, ip=172.31.47.227)[0m      Loaded: loaded (/lib/systemd/system/nvidia-fabricmanager.service; enabled; vendor preset: enabled)
2026-03-26 12:27:36,683 - INFO - [36m(worker1, rank=1, pid=4368, ip=172.31.47.227)[0m      Active: active (running) since Thu 2026-03-26 06:55:12 UTC; 2min 23s ago
2026-03-26 12:27:36,683 - INFO - [36m(worker1, rank=1, pid=4368, ip=172.31.47.227)[0m    Main PID: 3032 (nv-fabricmanage)
2026-03-26 12:27:36,683 - INFO - [36m(worker1, rank=1, pid=4368, ip=172.31.47.227)[0m       Tasks: 19
2026-03-26 12:27:36,683 - INFO - [36m(worker1, rank=1, pid=4368, ip=172.31.47.227)[0m      Memory: 26.7M
2026-03-26 12:27:36,683 - INFO - [36m(worker1, rank=1, pid=4368, ip=172.31.47.227)[0m         CPU: 11.395s
2026-03-26 12:27:36,683 - INFO - [36m(worker1, rank=1, pid=4368, ip=172.31.47.227)[0m      CGroup: /system.slice/nvidia-fabricmanager.service
2026-03-26 12:27:36,683 - INFO - [36m(worker1, rank=1, pid=4368, ip=172.31.47.227)[0m              └─3032 /usr/bin/nv-fabricmanager -c /usr/share/nvidia/nvswitch/fabricmanager.cfg
2026-03-26 12:27:36,683 - INFO - [36m(worker1, rank=1, pid=4368, ip=172.31.47.227)[0m
2026-03-26 12:27:36,683 - INFO - [36m(worker1, rank=1, pid=4368, ip=172.31.47.227)[0m Mar 26 06:54:59 ip-172-31-47-227 systemd[1]: Starting NVIDIA fabric manager service...
2026-03-26 12:27:36,684 - INFO - [36m(worker1, rank=1, pid=4368, ip=172.31.47.227)[0m Mar 26 06:54:59 ip-172-31-47-227 nvidia-fabricmanager-start.sh[2723]: Detected Pre-NVL5 system
2026-03-26 12:27:36,684 - INFO - [36m(worker1, rank=1, pid=4368, ip=172.31.47.227)[0m Mar 26 06:55:03 ip-172-31-47-227 nv-fabricmanager[3032]: Connected to 1 node.
2026-03-26 12:27:36,684 - INFO - [36m(worker1, rank=1, pid=4368, ip=172.31.47.227)[0m Mar 26 06:55:12 ip-172-31-47-227 nv-fabricmanager[3032]: Successfully configured all the available GPUs and NVSwitches to route NVLink traffic.
2026-03-26 12:27:36,684 - INFO - [36m(worker1, rank=1, pid=4368, ip=172.31.47.227)[0m Mar 26 06:55:12 ip-172-31-47-227 nvidia-fabricmanager-start.sh[2723]: Started "Nvidia Fabric Manager"
2026-03-26 12:27:36,684 - INFO - [36m(worker1, rank=1, pid=4368, ip=172.31.47.227)[0m Mar 26 06:55:12 ip-172-31-47-227 systemd[1]: Started NVIDIA fabric manager service.
2026-03-26 12:27:36,684 - INFO - [36m(worker1, rank=1, pid=4368, ip=172.31.47.227)[0m + echo 'Checking for NVLink topology...'
2026-03-26 12:27:36,684 - INFO - [36m(worker1, rank=1, pid=4368, ip=172.31.47.227)[0m Checking for NVLink topology...
2026-03-26 12:27:36,684 - INFO - [36m(worker1, rank=1, pid=4368, ip=172.31.47.227)[0m + nvidia-smi topo -m
2026-03-26 12:27:36,684 - INFO - [36m(head, rank=0, pid=7141)[0m + echo '--- A100 SXM4 Diagnostics ---'
2026-03-26 12:27:37,387 - INFO - [36m(head, rank=0, pid=7141)[0m --- A100 SXM4 Diagnostics ---
2026-03-26 12:27:37,388 - INFO - [36m(head, rank=0, pid=7141)[0m + echo 'Checking NVIDIA Fabric Manager (required for NVSwitch on A100-SXM4)...'
2026-03-26 12:27:37,388 - INFO - [36m(head, rank=0, pid=7141)[0m Checking NVIDIA Fabric Manager (required for NVSwitch on A100-SXM4)...
2026-03-26 12:27:37,388 - INFO - [36m(head, rank=0, pid=7141)[0m + systemctl status nvidia-fabricmanager
2026-03-26 12:27:37,388 - INFO - [36m(head, rank=0, pid=7141)[0m ● nvidia-fabricmanager.service - NVIDIA fabric manager service
2026-03-26 12:27:37,388 - INFO - [36m(head, rank=0, pid=7141)[0m      Loaded: loaded (/lib/systemd/system/nvidia-fabricmanager.service; enabled; vendor preset: enabled)
2026-03-26 12:27:37,388 - INFO - [36m(head, rank=0, pid=7141)[0m      Active: active (running) since Thu 2026-03-26 06:55:12 UTC; 2min 23s ago
2026-03-26 12:27:37,388 - INFO - [36m(head, rank=0, pid=7141)[0m    Main PID: 3681 (nv-fabricmanage)
2026-03-26 12:27:37,388 - INFO - [36m(head, rank=0, pid=7141)[0m       Tasks: 19
2026-03-26 12:27:37,388 - INFO - [36m(head, rank=0, pid=7141)[0m      Memory: 26.7M
2026-03-26 12:27:37,388 - INFO - [36m(head, rank=0, pid=7141)[0m         CPU: 11.405s
2026-03-26 12:27:37,388 - INFO - [36m(head, rank=0, pid=7141)[0m      CGroup: /system.slice/nvidia-fabricmanager.service
2026-03-26 12:27:37,388 - INFO - [36m(head, rank=0, pid=7141)[0m              └─3681 /usr/bin/nv-fabricmanager -c /usr/share/nvidia/nvswitch/fabricmanager.cfg
2026-03-26 12:27:37,388 - INFO - [36m(head, rank=0, pid=7141)[0m
2026-03-26 12:27:37,388 - INFO - [36m(head, rank=0, pid=7141)[0m Mar 26 06:54:59 ip-172-31-42-129 systemd[1]: Starting NVIDIA fabric manager service...
2026-03-26 12:27:37,388 - INFO - [36m(head, rank=0, pid=7141)[0m Mar 26 06:54:59 ip-172-31-42-129 nvidia-fabricmanager-start.sh[2725]: Detected Pre-NVL5 system
2026-03-26 12:27:37,388 - INFO - [36m(head, rank=0, pid=7141)[0m Mar 26 06:55:03 ip-172-31-42-129 nv-fabricmanager[3681]: Connected to 1 node.
2026-03-26 12:27:37,388 - INFO - [36m(head, rank=0, pid=7141)[0m Mar 26 06:55:12 ip-172-31-42-129 nv-fabricmanager[3681]: Successfully configured all the available GPUs and NVSwitches to route NVLink traffic.
2026-03-26 12:27:37,388 - INFO - [36m(head, rank=0, pid=7141)[0m Mar 26 06:55:12 ip-172-31-42-129 nvidia-fabricmanager-start.sh[2725]: Started "Nvidia Fabric Manager"
2026-03-26 12:27:37,388 - INFO - [36m(head, rank=0, pid=7141)[0m Mar 26 06:55:12 ip-172-31-42-129 systemd[1]: Started NVIDIA fabric manager service.
2026-03-26 12:27:37,388 - INFO - [36m(head, rank=0, pid=7141)[0m + echo 'Checking for NVLink topology...'
2026-03-26 12:27:37,388 - INFO - [36m(head, rank=0, pid=7141)[0m Checking for NVLink topology...
2026-03-26 12:27:37,388 - INFO - [36m(head, rank=0, pid=7141)[0m + nvidia-smi topo -m
2026-03-26 12:27:37,388 - INFO - [36m(worker1, rank=1, pid=4368, ip=172.31.47.227)[0m 	[4mGPU0	GPU1	GPU2	GPU3	GPU4	GPU5	GPU6	GPU7	CPU Affinity	NUMA Affinity	GPU NUMA ID[0m
2026-03-26 12:27:37,388 - INFO - [36m(worker1, rank=1, pid=4368, ip=172.31.47.227)[0m GPU0	 X 	NV12	NV12	NV12	NV12	NV12	NV12	NV12	0-23,48-71	0		N/A
2026-03-26 12:27:37,388 - INFO - [36m(worker1, rank=1, pid=4368, ip=172.31.47.227)[0m GPU1	NV12	 X 	NV12	NV12	NV12	NV12	NV12	NV12	0-23,48-71	0		N/A
2026-03-26 12:27:37,388 - INFO - [36m(worker1, rank=1, pid=4368, ip=172.31.47.227)[0m GPU2	NV12	NV12	 X 	NV12	NV12	NV12	NV12	NV12	0-23,48-71	0		N/A
2026-03-26 12:27:37,388 - INFO - [36m(worker1, rank=1, pid=4368, ip=172.31.47.227)[0m GPU3	NV12	NV12	NV12	 X 	NV12	NV12	NV12	NV12	0-23,48-71	0		N/A
2026-03-26 12:27:37,388 - INFO - [36m(worker1, rank=1, pid=4368, ip=172.31.47.227)[0m GPU4	NV12	NV12	NV12	NV12	 X 	NV12	NV12	NV12	24-47,72-95	1		N/A
2026-03-26 12:27:37,388 - INFO - [36m(worker1, rank=1, pid=4368, ip=172.31.47.227)[0m GPU5	NV12	NV12	NV12	NV12	NV12	 X 	NV12	NV12	24-47,72-95	1		N/A
2026-03-26 12:27:37,388 - INFO - [36m(worker1, rank=1, pid=4368, ip=172.31.47.227)[0m GPU6	NV12	NV12	NV12	NV12	NV12	NV12	 X 	NV12	24-47,72-95	1		N/A
2026-03-26 12:27:37,388 - INFO - [36m(worker1, rank=1, pid=4368, ip=172.31.47.227)[0m GPU7	NV12	NV12	NV12	NV12	NV12	NV12	NV12	 X 	24-47,72-95	1		N/A
2026-03-26 12:27:37,388 - INFO - [36m(worker1, rank=1, pid=4368, ip=172.31.47.227)[0m
2026-03-26 12:27:37,388 - INFO - [36m(worker1, rank=1, pid=4368, ip=172.31.47.227)[0m Legend:
2026-03-26 12:27:37,388 - INFO - [36m(worker1, rank=1, pid=4368, ip=172.31.47.227)[0m
2026-03-26 12:27:37,388 - INFO - [36m(worker1, rank=1, pid=4368, ip=172.31.47.227)[0m   X    = Self
2026-03-26 12:27:37,388 - INFO - [36m(worker1, rank=1, pid=4368, ip=172.31.47.227)[0m   SYS  = Connection traversing PCIe as well as the SMP interconnect between NUMA nodes (e.g., QPI/UPI)
2026-03-26 12:27:37,388 - INFO - [36m(worker1, rank=1, pid=4368, ip=172.31.47.227)[0m   NODE = Connection traversing PCIe as well as the interconnect between PCIe Host Bridges within a NUMA node
2026-03-26 12:27:37,388 - INFO - [36m(worker1, rank=1, pid=4368, ip=172.31.47.227)[0m   PHB  = Connection traversing PCIe as well as a PCIe Host Bridge (typically the CPU)
2026-03-26 12:27:37,388 - INFO - [36m(worker1, rank=1, pid=4368, ip=172.31.47.227)[0m   PXB  = Connection traversing multiple PCIe bridges (without traversing the PCIe Host Bridge)
2026-03-26 12:27:37,388 - INFO - [36m(worker1, rank=1, pid=4368, ip=172.31.47.227)[0m   PIX  = Connection traversing at most a single PCIe bridge
2026-03-26 12:27:37,388 - INFO - [36m(worker1, rank=1, pid=4368, ip=172.31.47.227)[0m   NV#  = Connection traversing a bonded set of # NVLinks
2026-03-26 12:27:37,388 - INFO - [36m(worker1, rank=1, pid=4368, ip=172.31.47.227)[0m + echo '--- NUMA Topology and GPU-NUMA Mapping ---'
2026-03-26 12:27:37,388 - INFO - [36m(worker1, rank=1, pid=4368, ip=172.31.47.227)[0m --- NUMA Topology and GPU-NUMA Mapping ---
2026-03-26 12:27:37,388 - INFO - [36m(worker1, rank=1, pid=4368, ip=172.31.47.227)[0m + echo 'NUMA hardware layout:'
2026-03-26 12:27:37,388 - INFO - [36m(worker1, rank=1, pid=4368, ip=172.31.47.227)[0m NUMA hardware layout:
2026-03-26 12:27:37,388 - INFO - [36m(worker1, rank=1, pid=4368, ip=172.31.47.227)[0m + numactl --hardware
2026-03-26 12:27:37,388 - INFO - [36m(worker1, rank=1, pid=4368, ip=172.31.47.227)[0m available: 2 nodes (0-1)
2026-03-26 12:27:37,388 - INFO - [36m(worker1, rank=1, pid=4368, ip=172.31.47.227)[0m node 0 cpus: 0 1 2 3 4 5 6 7 8 9 10 11 12 13 14 15 16 17 18 19 20 21 22 23 48 49 50 51 52 53 54 55 56 57 58 59 60 61 62 63 64 65 66 67 68 69 70 71
2026-03-26 12:27:37,388 - INFO - [36m(worker1, rank=1, pid=4368, ip=172.31.47.227)[0m node 0 size: 574352 MB
2026-03-26 12:27:37,388 - INFO - [36m(worker1, rank=1, pid=4368, ip=172.31.47.227)[0m node 0 free: 557801 MB
2026-03-26 12:27:37,388 - INFO - [36m(worker1, rank=1, pid=4368, ip=172.31.47.227)[0m node 1 cpus: 24 25 26 27 28 29 30 31 32 33 34 35 36 37 38 39 40 41 42 43 44 45 46 47 72 73 74 75 76 77 78 79 80 81 82 83 84 85 86 87 88 89 90 91 92 93 94 95
2026-03-26 12:27:37,388 - INFO - [36m(worker1, rank=1, pid=4368, ip=172.31.47.227)[0m node 1 size: 574368 MB
2026-03-26 12:27:37,388 - INFO - [36m(worker1, rank=1, pid=4368, ip=172.31.47.227)[0m node 1 free: 543700 MB
2026-03-26 12:27:37,388 - INFO - [36m(worker1, rank=1, pid=4368, ip=172.31.47.227)[0m node distances:
2026-03-26 12:27:39,095 - INFO - [36m(worker1, rank=1, pid=4368, ip=172.31.47.227)[0m node   0   1
2026-03-26 12:27:39,095 - INFO - [36m(worker1, rank=1, pid=4368, ip=172.31.47.227)[0m   0:  10  21
2026-03-26 12:27:39,095 - INFO - [36m(worker1, rank=1, pid=4368, ip=172.31.47.227)[0m   1:  21  10
2026-03-26 12:27:39,095 - INFO - [36m(worker1, rank=1, pid=4368, ip=172.31.47.227)[0m + echo ''
2026-03-26 12:27:39,095 - INFO - [36m(worker1, rank=1, pid=4368, ip=172.31.47.227)[0m
2026-03-26 12:27:39,095 - INFO - [36m(worker1, rank=1, pid=4368, ip=172.31.47.227)[0m + echo 'GPU PCIe Bus IDs and NUMA node assignments:'
2026-03-26 12:27:39,095 - INFO - [36m(worker1, rank=1, pid=4368, ip=172.31.47.227)[0m GPU PCIe Bus IDs and NUMA node assignments:
2026-03-26 12:27:39,095 - INFO - [36m(worker1, rank=1, pid=4368, ip=172.31.47.227)[0m ++ nvidia-smi --query-gpu=count --format=csv,noheader
2026-03-26 12:27:39,095 - INFO - [36m(worker1, rank=1, pid=4368, ip=172.31.47.227)[0m ++ head -1
2026-03-26 12:27:39,095 - INFO - [36m(head, rank=0, pid=7141)[0m 	[4mGPU0	GPU1	GPU2	GPU3	GPU4	GPU5	GPU6	GPU7	CPU Affinity	NUMA Affinity	GPU NUMA ID[0m
2026-03-26 12:27:39,095 - INFO - [36m(worker1, rank=1, pid=4368, ip=172.31.47.227)[0m ++ echo 0
2026-03-26 12:27:39,095 - INFO - [36m(worker1, rank=1, pid=4368, ip=172.31.47.227)[0m + gpu_count='8
2026-03-26 12:27:39,095 - INFO - [36m(worker1, rank=1, pid=4368, ip=172.31.47.227)[0m 0'
2026-03-26 12:27:39,095 - INFO - [36m(worker1, rank=1, pid=4368, ip=172.31.47.227)[0m + '[' '8
2026-03-26 12:27:39,095 - INFO - [36m(worker1, rank=1, pid=4368, ip=172.31.47.227)[0m 0' -gt 0 ']'
2026-03-26 12:27:39,095 - INFO - [36m(worker1, rank=1, pid=4368, ip=172.31.47.227)[0m + echo 'Could not detect GPU count'
2026-03-26 12:27:39,095 - INFO - [36m(worker1, rank=1, pid=4368, ip=172.31.47.227)[0m Could not detect GPU count
2026-03-26 12:27:39,095 - INFO - [36m(worker1, rank=1, pid=4368, ip=172.31.47.227)[0m + echo -------------------------------------------
2026-03-26 12:27:39,095 - INFO - [36m(worker1, rank=1, pid=4368, ip=172.31.47.227)[0m -------------------------------------------
2026-03-26 12:27:39,095 - INFO - [36m(worker1, rank=1, pid=4368, ip=172.31.47.227)[0m + echo 'Checking for GPU processes and errors...'
2026-03-26 12:27:39,095 - INFO - [36m(worker1, rank=1, pid=4368, ip=172.31.47.227)[0m Checking for GPU processes and errors...
2026-03-26 12:27:39,095 - INFO - [36m(worker1, rank=1, pid=4368, ip=172.31.47.227)[0m + awk 'NR<=50'
2026-03-26 12:27:39,095 - INFO - [36m(worker1, rank=1, pid=4368, ip=172.31.47.227)[0m + nvidia-smi -q -d ERRORS
2026-03-26 12:27:39,095 - INFO - [36m(worker1, rank=1, pid=4368, ip=172.31.47.227)[0m Failed to parse --display/-d flags
2026-03-26 12:27:39,095 - INFO - [36m(worker1, rank=1, pid=4368, ip=172.31.47.227)[0m + echo 'Error check failed'
2026-03-26 12:27:39,095 - INFO - [36m(worker1, rank=1, pid=4368, ip=172.31.47.227)[0m Error check failed
2026-03-26 12:27:39,095 - INFO - [36m(worker1, rank=1, pid=4368, ip=172.31.47.227)[0m + echo '--- CUDA Device Query ---'
2026-03-26 12:27:39,095 - INFO - [36m(worker1, rank=1, pid=4368, ip=172.31.47.227)[0m --- CUDA Device Query ---
2026-03-26 12:27:39,095 - INFO - [36m(worker1, rank=1, pid=4368, ip=172.31.47.227)[0m + python3 -c 'import ctypes; cudart = ctypes.CDLL('\''libcudart.so.12'\''); count = ctypes.c_int(); result = cudart.cudaGetDeviceCount(ctypes.byref(count)); print(f'\''cudaGetDeviceCount result: {result} (0=success), device count: {count.value}'\'')'
2026-03-26 12:27:39,095 - INFO - [36m(head, rank=0, pid=7141)[0m GPU0	 X 	NV12	NV12	NV12	NV12	NV12	NV12	NV12	0-23,48-71	0		N/A
2026-03-26 12:27:39,095 - INFO - [36m(head, rank=0, pid=7141)[0m GPU1	NV12	 X 	NV12	NV12	NV12	NV12	NV12	NV12	0-23,48-71	0		N/A
2026-03-26 12:27:39,095 - INFO - [36m(head, rank=0, pid=7141)[0m GPU2	NV12	NV12	 X 	NV12	NV12	NV12	NV12	NV12	0-23,48-71	0		N/A
2026-03-26 12:27:39,095 - INFO - [36m(head, rank=0, pid=7141)[0m GPU3	NV12	NV12	NV12	 X 	NV12	NV12	NV12	NV12	0-23,48-71	0		N/A
2026-03-26 12:27:39,095 - INFO - [36m(head, rank=0, pid=7141)[0m GPU4	NV12	NV12	NV12	NV12	 X 	NV12	NV12	NV12	24-47,72-95	1		N/A
2026-03-26 12:27:39,095 - INFO - [36m(head, rank=0, pid=7141)[0m GPU5	NV12	NV12	NV12	NV12	NV12	 X 	NV12	NV12	24-47,72-95	1		N/A
2026-03-26 12:27:39,095 - INFO - [36m(head, rank=0, pid=7141)[0m GPU6	NV12	NV12	NV12	NV12	NV12	NV12	 X 	NV12	24-47,72-95	1		N/A
2026-03-26 12:27:39,095 - INFO - [36m(head, rank=0, pid=7141)[0m GPU7	NV12	NV12	NV12	NV12	NV12	NV12	NV12	 X 	24-47,72-95	1		N/A
2026-03-26 12:27:39,095 - INFO - [36m(head, rank=0, pid=7141)[0m
2026-03-26 12:27:39,095 - INFO - [36m(head, rank=0, pid=7141)[0m Legend:
2026-03-26 12:27:39,095 - INFO - [36m(head, rank=0, pid=7141)[0m
2026-03-26 12:27:39,095 - INFO - [36m(head, rank=0, pid=7141)[0m   X    = Self
2026-03-26 12:27:39,095 - INFO - [36m(head, rank=0, pid=7141)[0m   SYS  = Connection traversing PCIe as well as the SMP interconnect between NUMA nodes (e.g., QPI/UPI)
2026-03-26 12:27:39,095 - INFO - [36m(head, rank=0, pid=7141)[0m   NODE = Connection traversing PCIe as well as the interconnect between PCIe Host Bridges within a NUMA node
2026-03-26 12:27:39,095 - INFO - [36m(head, rank=0, pid=7141)[0m   PHB  = Connection traversing PCIe as well as a PCIe Host Bridge (typically the CPU)
2026-03-26 12:27:39,096 - INFO - [36m(head, rank=0, pid=7141)[0m   PXB  = Connection traversing multiple PCIe bridges (without traversing the PCIe Host Bridge)
2026-03-26 12:27:39,096 - INFO - [36m(head, rank=0, pid=7141)[0m   PIX  = Connection traversing at most a single PCIe bridge
2026-03-26 12:27:39,096 - INFO - [36m(head, rank=0, pid=7141)[0m   NV#  = Connection traversing a bonded set of # NVLinks
2026-03-26 12:27:39,096 - INFO - [36m(head, rank=0, pid=7141)[0m + echo '--- NUMA Topology and GPU-NUMA Mapping ---'
2026-03-26 12:27:39,096 - INFO - [36m(head, rank=0, pid=7141)[0m --- NUMA Topology and GPU-NUMA Mapping ---
2026-03-26 12:27:39,096 - INFO - [36m(head, rank=0, pid=7141)[0m + echo 'NUMA hardware layout:'
2026-03-26 12:27:39,096 - INFO - [36m(head, rank=0, pid=7141)[0m NUMA hardware layout:
2026-03-26 12:27:39,096 - INFO - [36m(head, rank=0, pid=7141)[0m + numactl --hardware
2026-03-26 12:27:39,096 - INFO - [36m(head, rank=0, pid=7141)[0m available: 2 nodes (0-1)
2026-03-26 12:27:39,096 - INFO - [36m(head, rank=0, pid=7141)[0m node 0 cpus: 0 1 2 3 4 5 6 7 8 9 10 11 12 13 14 15 16 17 18 19 20 21 22 23 48 49 50 51 52 53 54 55 56 57 58 59 60 61 62 63 64 65 66 67 68 69 70 71
2026-03-26 12:27:39,096 - INFO - [36m(head, rank=0, pid=7141)[0m node 0 size: 574309 MB
2026-03-26 12:27:39,096 - INFO - [36m(head, rank=0, pid=7141)[0m node 0 free: 550943 MB
2026-03-26 12:27:39,096 - INFO - [36m(head, rank=0, pid=7141)[0m node 1 cpus: 24 25 26 27 28 29 30 31 32 33 34 35 36 37 38 39 40 41 42 43 44 45 46 47 72 73 74 75 76 77 78 79 80 81 82 83 84 85 86 87 88 89 90 91 92 93 94 95
2026-03-26 12:27:39,096 - INFO - [36m(head, rank=0, pid=7141)[0m node 1 size: 574411 MB
2026-03-26 12:27:39,096 - INFO - [36m(head, rank=0, pid=7141)[0m node 1 free: 544922 MB
2026-03-26 12:27:39,096 - INFO - [36m(head, rank=0, pid=7141)[0m node distances:
2026-03-26 12:27:39,096 - INFO - [36m(head, rank=0, pid=7141)[0m node   0   1
2026-03-26 12:27:39,096 - INFO - [36m(head, rank=0, pid=7141)[0m   0:  10  21
2026-03-26 12:27:39,096 - INFO - [36m(head, rank=0, pid=7141)[0m   1:  21  10
2026-03-26 12:27:39,096 - INFO - [36m(head, rank=0, pid=7141)[0m + echo ''
2026-03-26 12:27:39,096 - INFO - [36m(head, rank=0, pid=7141)[0m
2026-03-26 12:27:39,096 - INFO - [36m(head, rank=0, pid=7141)[0m + echo 'GPU PCIe Bus IDs and NUMA node assignments:'
2026-03-26 12:27:39,096 - INFO - [36m(head, rank=0, pid=7141)[0m GPU PCIe Bus IDs and NUMA node assignments:
2026-03-26 12:27:39,096 - INFO - [36m(head, rank=0, pid=7141)[0m ++ nvidia-smi --query-gpu=count --format=csv,noheader
2026-03-26 12:27:39,096 - INFO - [36m(head, rank=0, pid=7141)[0m ++ head -1
2026-03-26 12:27:39,096 - INFO - [36m(head, rank=0, pid=7141)[0m ++ echo 0
2026-03-26 12:27:39,096 - INFO - [36m(head, rank=0, pid=7141)[0m + gpu_count='8
2026-03-26 12:27:39,096 - INFO - [36m(head, rank=0, pid=7141)[0m 0'
2026-03-26 12:27:39,096 - INFO - [36m(head, rank=0, pid=7141)[0m + '[' '8
2026-03-26 12:27:39,096 - INFO - [36m(head, rank=0, pid=7141)[0m 0' -gt 0 ']'
2026-03-26 12:27:39,096 - INFO - [36m(head, rank=0, pid=7141)[0m + echo 'Could not detect GPU count'
2026-03-26 12:27:39,096 - INFO - [36m(head, rank=0, pid=7141)[0m Could not detect GPU count
2026-03-26 12:27:39,096 - INFO - [36m(head, rank=0, pid=7141)[0m + echo -------------------------------------------
2026-03-26 12:27:39,096 - INFO - [36m(head, rank=0, pid=7141)[0m -------------------------------------------
2026-03-26 12:27:39,096 - INFO - [36m(head, rank=0, pid=7141)[0m + echo 'Checking for GPU processes and errors...'
2026-03-26 12:27:39,096 - INFO - [36m(head, rank=0, pid=7141)[0m Checking for GPU processes and errors...
2026-03-26 12:27:39,096 - INFO - [36m(head, rank=0, pid=7141)[0m + awk 'NR<=50'
2026-03-26 12:27:39,096 - INFO - [36m(head, rank=0, pid=7141)[0m + nvidia-smi -q -d ERRORS
2026-03-26 12:27:39,096 - INFO - [36m(head, rank=0, pid=7141)[0m Failed to parse --display/-d flags
2026-03-26 12:27:39,096 - INFO - [36m(head, rank=0, pid=7141)[0m + echo 'Error check failed'
2026-03-26 12:27:39,096 - INFO - [36m(head, rank=0, pid=7141)[0m Error check failed
2026-03-26 12:27:39,096 - INFO - [36m(head, rank=0, pid=7141)[0m + echo '--- CUDA Device Query ---'
2026-03-26 12:27:39,096 - INFO - [36m(head, rank=0, pid=7141)[0m --- CUDA Device Query ---
2026-03-26 12:27:39,096 - INFO - [36m(head, rank=0, pid=7141)[0m + python3 -c 'import ctypes; cudart = ctypes.CDLL('\''libcudart.so.12'\''); count = ctypes.c_int(); result = cudart.cudaGetDeviceCount(ctypes.byref(count)); print(f'\''cudaGetDeviceCount result: {result} (0=success), device count: {count.value}'\'')'
2026-03-26 12:27:39,096 - INFO - [36m(worker1, rank=1, pid=4368, ip=172.31.47.227)[0m cudaGetDeviceCount result: 0 (0=success), device count: 8
2026-03-26 12:27:39,801 - INFO - [36m(head, rank=0, pid=7141)[0m cudaGetDeviceCount result: 0 (0=success), device count: 8
2026-03-26 12:27:40,305 - INFO - [36m(worker1, rank=1, pid=4368, ip=172.31.47.227)[0m + echo ===========================
2026-03-26 12:27:40,706 - INFO - [36m(worker1, rank=1, pid=4368, ip=172.31.47.227)[0m ===========================
2026-03-26 12:27:40,706 - INFO - [36m(worker1, rank=1, pid=4368, ip=172.31.47.227)[0m + source .venv/bin/activate
2026-03-26 12:27:40,706 - INFO - [36m(worker1, rank=1, pid=4368, ip=172.31.47.227)[0m ++ '[' -z '' ']'
2026-03-26 12:27:40,706 - INFO - [36m(worker1, rank=1, pid=4368, ip=172.31.47.227)[0m ++ '[' -n x ']'
2026-03-26 12:27:40,706 - INFO - [36m(worker1, rank=1, pid=4368, ip=172.31.47.227)[0m ++ SCRIPT_PATH=.venv/bin/activate
2026-03-26 12:27:40,706 - INFO - [36m(worker1, rank=1, pid=4368, ip=172.31.47.227)[0m ++ '[' .venv/bin/activate = /tmp/sky_app_7994vt_s ']'
2026-03-26 12:27:40,706 - INFO - [36m(worker1, rank=1, pid=4368, ip=172.31.47.227)[0m ++ deactivate nondestructive
2026-03-26 12:27:40,706 - INFO - [36m(worker1, rank=1, pid=4368, ip=172.31.47.227)[0m ++ unset -f pydoc
2026-03-26 12:27:40,706 - INFO - [36m(worker1, rank=1, pid=4368, ip=172.31.47.227)[0m ++ '[' -z '' ']'
2026-03-26 12:27:40,706 - INFO - [36m(worker1, rank=1, pid=4368, ip=172.31.47.227)[0m ++ '[' -z '' ']'
2026-03-26 12:27:40,706 - INFO - [36m(worker1, rank=1, pid=4368, ip=172.31.47.227)[0m ++ hash -r
2026-03-26 12:27:40,706 - INFO - [36m(worker1, rank=1, pid=4368, ip=172.31.47.227)[0m ++ '[' -z '' ']'
2026-03-26 12:27:40,706 - INFO - [36m(worker1, rank=1, pid=4368, ip=172.31.47.227)[0m ++ unset VIRTUAL_ENV
2026-03-26 12:27:40,706 - INFO - [36m(worker1, rank=1, pid=4368, ip=172.31.47.227)[0m ++ unset VIRTUAL_ENV_PROMPT
2026-03-26 12:27:40,706 - INFO - [36m(worker1, rank=1, pid=4368, ip=172.31.47.227)[0m ++ '[' '!' nondestructive = nondestructive ']'
2026-03-26 12:27:40,706 - INFO - [36m(worker1, rank=1, pid=4368, ip=172.31.47.227)[0m ++ VIRTUAL_ENV=/home/ubuntu/sky_workdir/.venv
2026-03-26 12:27:40,706 - INFO - [36m(worker1, rank=1, pid=4368, ip=172.31.47.227)[0m ++ '[' linux-gnu = cygwin ']'
2026-03-26 12:27:40,706 - INFO - [36m(worker1, rank=1, pid=4368, ip=172.31.47.227)[0m ++ '[' linux-gnu = msys ']'
2026-03-26 12:27:40,706 - INFO - [36m(worker1, rank=1, pid=4368, ip=172.31.47.227)[0m ++ export VIRTUAL_ENV
2026-03-26 12:27:40,706 - INFO - [36m(worker1, rank=1, pid=4368, ip=172.31.47.227)[0m ++ '[' -z '' ']'
2026-03-26 12:27:40,706 - INFO - [36m(worker1, rank=1, pid=4368, ip=172.31.47.227)[0m ++ unset SCRIPT_PATH
2026-03-26 12:27:40,706 - INFO - [36m(worker1, rank=1, pid=4368, ip=172.31.47.227)[0m ++ _OLD_VIRTUAL_PATH=/home/ubuntu/.local/bin:/home/ubuntu/.local/bin:/home/ubuntu/miniconda3/bin:/home/ubuntu/miniconda3/condabin:/opt/amazon/openmpi/bin:/opt/amazon/efa/bin:/usr/local/cuda-12.8/bin:/usr/local/cuda-12.8/include:/usr/local/cuda-12.8/bin:/usr/local/cuda-12.8/include:/usr/local/sbin:/usr/local/bin:/usr/sbin:/usr/bin:/sbin:/bin:/usr/games:/usr/local/games:/snap/bin
2026-03-26 12:27:40,706 - INFO - [36m(worker1, rank=1, pid=4368, ip=172.31.47.227)[0m ++ PATH=/home/ubuntu/sky_workdir/.venv/bin:/home/ubuntu/.local/bin:/home/ubuntu/.local/bin:/home/ubuntu/miniconda3/bin:/home/ubuntu/miniconda3/condabin:/opt/amazon/openmpi/bin:/opt/amazon/efa/bin:/usr/local/cuda-12.8/bin:/usr/local/cuda-12.8/include:/usr/local/cuda-12.8/bin:/usr/local/cuda-12.8/include:/usr/local/sbin:/usr/local/bin:/usr/sbin:/usr/bin:/sbin:/bin:/usr/games:/usr/local/games:/snap/bin
2026-03-26 12:27:40,706 - INFO - [36m(worker1, rank=1, pid=4368, ip=172.31.47.227)[0m ++ export PATH
2026-03-26 12:27:40,706 - INFO - [36m(worker1, rank=1, pid=4368, ip=172.31.47.227)[0m ++ '[' xsky_workdir '!=' x ']'
2026-03-26 12:27:40,706 - INFO - [36m(worker1, rank=1, pid=4368, ip=172.31.47.227)[0m ++ VIRTUAL_ENV_PROMPT=sky_workdir
2026-03-26 12:27:40,706 - INFO - [36m(worker1, rank=1, pid=4368, ip=172.31.47.227)[0m ++ export VIRTUAL_ENV_PROMPT
2026-03-26 12:27:40,707 - INFO - [36m(worker1, rank=1, pid=4368, ip=172.31.47.227)[0m ++ '[' -z '' ']'
2026-03-26 12:27:40,707 - INFO - [36m(worker1, rank=1, pid=4368, ip=172.31.47.227)[0m ++ '[' -z '' ']'
2026-03-26 12:27:40,707 - INFO - [36m(worker1, rank=1, pid=4368, ip=172.31.47.227)[0m ++ _OLD_VIRTUAL_PS1='(base) ${debian_chroot:+($debian_chroot)}\u@\h:\w\$ '
2026-03-26 12:27:40,707 - INFO - [36m(worker1, rank=1, pid=4368, ip=172.31.47.227)[0m ++ PS1='(sky_workdir) (base) ${debian_chroot:+($debian_chroot)}\u@\h:\w\$ '
2026-03-26 12:27:40,707 - INFO - [36m(worker1, rank=1, pid=4368, ip=172.31.47.227)[0m ++ export PS1
2026-03-26 12:27:40,707 - INFO - [36m(worker1, rank=1, pid=4368, ip=172.31.47.227)[0m ++ alias pydoc
2026-03-26 12:27:40,707 - INFO - [36m(worker1, rank=1, pid=4368, ip=172.31.47.227)[0m ++ true
2026-03-26 12:27:40,707 - INFO - [36m(worker1, rank=1, pid=4368, ip=172.31.47.227)[0m ++ hash -r
2026-03-26 12:27:40,707 - INFO - [36m(worker1, rank=1, pid=4368, ip=172.31.47.227)[0m + echo '=== DETAILED PyTorch CUDA Diagnostics (in run phase) ==='
2026-03-26 12:27:40,707 - INFO - [36m(worker1, rank=1, pid=4368, ip=172.31.47.227)[0m === DETAILED PyTorch CUDA Diagnostics (in run phase) ===
2026-03-26 12:27:40,707 - INFO - [36m(worker1, rank=1, pid=4368, ip=172.31.47.227)[0m + echo '--- Environment ---'
2026-03-26 12:27:40,707 - INFO - [36m(worker1, rank=1, pid=4368, ip=172.31.47.227)[0m --- Environment ---
2026-03-26 12:27:40,707 - INFO - [36m(worker1, rank=1, pid=4368, ip=172.31.47.227)[0m + echo 'LD_LIBRARY_PATH: /usr/local/cuda/lib64:/usr/local/cuda/targets/x86_64-linux/lib:/usr/local/cuda-12.8/lib:/usr/local/cuda-12.8/lib64:/usr/local/cuda-12.8:/usr/local/cuda-12.8/targets/x86_64-linux/lib/:/usr/local/cuda-12.8/extras/CUPTI/lib64:/opt/amazon/efa/lib:/opt/amazon/openmpi/lib:/opt/amazon/ofi-nccl/lib/x86_64-linux-gnu:/usr/local/lib:/usr/lib:/usr/local/cuda-12.8/lib:/usr/local/cuda-12.8/lib64:/usr/local/cuda-12.8:/usr/local/cuda-12.8/targets/x86_64-linux/lib/:/usr/local/cuda-12.8/extras/CUPTI/lib64:/opt/amazon/efa/lib:/opt/amazon/openmpi/lib:/opt/amazon/ofi-nccl/lib/x86_64-linux-gnu:/usr/local/lib:/usr/lib'
2026-03-26 12:27:41,511 - INFO - [36m(worker1, rank=1, pid=4368, ip=172.31.47.227)[0m LD_LIBRARY_PATH: /usr/local/cuda/lib64:/usr/local/cuda/targets/x86_64-linux/lib:/usr/local/cuda-12.8/lib:/usr/local/cuda-12.8/lib64:/usr/local/cuda-12.8:/usr/local/cuda-12.8/targets/x86_64-linux/lib/:/usr/local/cuda-12.8/extras/CUPTI/lib64:/opt/amazon/efa/lib:/opt/amazon/openmpi/lib:/opt/amazon/ofi-nccl/lib/x86_64-linux-gnu:/usr/local/lib:/usr/lib:/usr/local/cuda-12.8/lib:/usr/local/cuda-12.8/lib64:/usr/local/cuda-12.8:/usr/local/cuda-12.8/targets/x86_64-linux/lib/:/usr/local/cuda-12.8/extras/CUPTI/lib64:/opt/amazon/efa/lib:/opt/amazon/openmpi/lib:/opt/amazon/ofi-nccl/lib/x86_64-linux-gnu:/usr/local/lib:/usr/lib
2026-03-26 12:27:41,511 - INFO - [36m(worker1, rank=1, pid=4368, ip=172.31.47.227)[0m + echo 'CUDA_HOME: /usr/local/cuda'
2026-03-26 12:27:41,511 - INFO - [36m(worker1, rank=1, pid=4368, ip=172.31.47.227)[0m CUDA_HOME: /usr/local/cuda
2026-03-26 12:27:41,511 - INFO - [36m(worker1, rank=1, pid=4368, ip=172.31.47.227)[0m + which python3
2026-03-26 12:27:41,511 - INFO - [36m(worker1, rank=1, pid=4368, ip=172.31.47.227)[0m /home/ubuntu/sky_workdir/.venv/bin/python3
2026-03-26 12:27:41,511 - INFO - [36m(worker1, rank=1, pid=4368, ip=172.31.47.227)[0m + echo '--- Torch info ---'
2026-03-26 12:27:41,511 - INFO - [36m(worker1, rank=1, pid=4368, ip=172.31.47.227)[0m --- Torch info ---
2026-03-26 12:27:41,511 - INFO - [36m(worker1, rank=1, pid=4368, ip=172.31.47.227)[0m + python3 -c 'import torch; print('\''torch.__version__:'\'', torch.__version__); print('\''torch.__file__:'\'', torch.__file__); print('\''torch.version.cuda:'\'', torch.version.cuda); print('\''torch.backends.cuda.is_built():'\'', torch.backends.cuda.is_built())'
2026-03-26 12:27:41,512 - INFO - [36m(head, rank=0, pid=7141)[0m + echo ===========================
2026-03-26 12:27:42,214 - INFO - [36m(head, rank=0, pid=7141)[0m ===========================
2026-03-26 12:27:42,214 - INFO - [36m(head, rank=0, pid=7141)[0m + source .venv/bin/activate
2026-03-26 12:27:42,214 - INFO - [36m(head, rank=0, pid=7141)[0m ++ '[' -z '' ']'
2026-03-26 12:27:42,214 - INFO - [36m(head, rank=0, pid=7141)[0m ++ '[' -n x ']'
2026-03-26 12:27:42,214 - INFO - [36m(head, rank=0, pid=7141)[0m ++ SCRIPT_PATH=.venv/bin/activate
2026-03-26 12:27:42,214 - INFO - [36m(head, rank=0, pid=7141)[0m ++ '[' .venv/bin/activate = /tmp/sky_app_8t2l3t0z ']'
2026-03-26 12:27:42,214 - INFO - [36m(head, rank=0, pid=7141)[0m ++ deactivate nondestructive
2026-03-26 12:27:42,214 - INFO - [36m(head, rank=0, pid=7141)[0m ++ unset -f pydoc
2026-03-26 12:27:42,214 - INFO - [36m(head, rank=0, pid=7141)[0m ++ '[' -z '' ']'
2026-03-26 12:27:42,214 - INFO - [36m(head, rank=0, pid=7141)[0m ++ '[' -z '' ']'
2026-03-26 12:27:42,214 - INFO - [36m(head, rank=0, pid=7141)[0m ++ hash -r
2026-03-26 12:27:42,214 - INFO - [36m(head, rank=0, pid=7141)[0m ++ '[' -z '' ']'
2026-03-26 12:27:42,214 - INFO - [36m(head, rank=0, pid=7141)[0m ++ unset VIRTUAL_ENV
2026-03-26 12:27:42,214 - INFO - [36m(head, rank=0, pid=7141)[0m ++ unset VIRTUAL_ENV_PROMPT
2026-03-26 12:27:42,214 - INFO - [36m(head, rank=0, pid=7141)[0m ++ '[' '!' nondestructive = nondestructive ']'
2026-03-26 12:27:42,214 - INFO - [36m(head, rank=0, pid=7141)[0m ++ VIRTUAL_ENV=/home/ubuntu/sky_workdir/.venv
2026-03-26 12:27:42,214 - INFO - [36m(head, rank=0, pid=7141)[0m ++ '[' linux-gnu = cygwin ']'
2026-03-26 12:27:42,214 - INFO - [36m(head, rank=0, pid=7141)[0m ++ '[' linux-gnu = msys ']'
2026-03-26 12:27:42,214 - INFO - [36m(head, rank=0, pid=7141)[0m ++ export VIRTUAL_ENV
2026-03-26 12:27:42,214 - INFO - [36m(head, rank=0, pid=7141)[0m ++ '[' -z '' ']'
2026-03-26 12:27:42,214 - INFO - [36m(head, rank=0, pid=7141)[0m ++ unset SCRIPT_PATH
2026-03-26 12:27:42,215 - INFO - [36m(head, rank=0, pid=7141)[0m ++ _OLD_VIRTUAL_PATH=/home/ubuntu/.local/bin:/home/ubuntu/.local/bin:/home/ubuntu/miniconda3/bin:/home/ubuntu/miniconda3/condabin:/opt/amazon/openmpi/bin:/opt/amazon/efa/bin:/usr/local/cuda-12.8/bin:/usr/local/cuda-12.8/include:/usr/local/cuda-12.8/bin:/usr/local/cuda-12.8/include:/usr/local/sbin:/usr/local/bin:/usr/sbin:/usr/bin:/sbin:/bin:/usr/games:/usr/local/games:/snap/bin
2026-03-26 12:27:42,215 - INFO - [36m(head, rank=0, pid=7141)[0m ++ PATH=/home/ubuntu/sky_workdir/.venv/bin:/home/ubuntu/.local/bin:/home/ubuntu/.local/bin:/home/ubuntu/miniconda3/bin:/home/ubuntu/miniconda3/condabin:/opt/amazon/openmpi/bin:/opt/amazon/efa/bin:/usr/local/cuda-12.8/bin:/usr/local/cuda-12.8/include:/usr/local/cuda-12.8/bin:/usr/local/cuda-12.8/include:/usr/local/sbin:/usr/local/bin:/usr/sbin:/usr/bin:/sbin:/bin:/usr/games:/usr/local/games:/snap/bin
2026-03-26 12:27:42,215 - INFO - [36m(head, rank=0, pid=7141)[0m ++ export PATH
2026-03-26 12:27:42,215 - INFO - [36m(head, rank=0, pid=7141)[0m ++ '[' xsky_workdir '!=' x ']'
2026-03-26 12:27:42,215 - INFO - [36m(head, rank=0, pid=7141)[0m ++ VIRTUAL_ENV_PROMPT=sky_workdir
2026-03-26 12:27:42,215 - INFO - [36m(head, rank=0, pid=7141)[0m ++ export VIRTUAL_ENV_PROMPT
2026-03-26 12:27:42,215 - INFO - [36m(head, rank=0, pid=7141)[0m ++ '[' -z '' ']'
2026-03-26 12:27:42,215 - INFO - [36m(head, rank=0, pid=7141)[0m ++ '[' -z '' ']'
2026-03-26 12:27:42,215 - INFO - [36m(head, rank=0, pid=7141)[0m ++ _OLD_VIRTUAL_PS1='(base) ${debian_chroot:+($debian_chroot)}\u@\h:\w\$ '
2026-03-26 12:27:42,215 - INFO - [36m(head, rank=0, pid=7141)[0m ++ PS1='(sky_workdir) (base) ${debian_chroot:+($debian_chroot)}\u@\h:\w\$ '
2026-03-26 12:27:42,215 - INFO - [36m(head, rank=0, pid=7141)[0m ++ export PS1
2026-03-26 12:27:42,215 - INFO - [36m(head, rank=0, pid=7141)[0m ++ alias pydoc
2026-03-26 12:27:42,215 - INFO - [36m(head, rank=0, pid=7141)[0m ++ true
2026-03-26 12:27:42,215 - INFO - [36m(head, rank=0, pid=7141)[0m ++ hash -r
2026-03-26 12:27:42,215 - INFO - [36m(head, rank=0, pid=7141)[0m + echo '=== DETAILED PyTorch CUDA Diagnostics (in run phase) ==='
2026-03-26 12:27:42,215 - INFO - [36m(head, rank=0, pid=7141)[0m === DETAILED PyTorch CUDA Diagnostics (in run phase) ===
2026-03-26 12:27:42,215 - INFO - [36m(head, rank=0, pid=7141)[0m + echo '--- Environment ---'
2026-03-26 12:27:42,215 - INFO - [36m(head, rank=0, pid=7141)[0m --- Environment ---
2026-03-26 12:27:42,215 - INFO - [36m(head, rank=0, pid=7141)[0m + echo 'LD_LIBRARY_PATH: /usr/local/cuda/lib64:/usr/local/cuda/targets/x86_64-linux/lib:/usr/local/cuda-12.8/lib:/usr/local/cuda-12.8/lib64:/usr/local/cuda-12.8:/usr/local/cuda-12.8/targets/x86_64-linux/lib/:/usr/local/cuda-12.8/extras/CUPTI/lib64:/opt/amazon/efa/lib:/opt/amazon/openmpi/lib:/opt/amazon/ofi-nccl/lib/x86_64-linux-gnu:/usr/local/lib:/usr/lib:/usr/local/cuda-12.8/lib:/usr/local/cuda-12.8/lib64:/usr/local/cuda-12.8:/usr/local/cuda-12.8/targets/x86_64-linux/lib/:/usr/local/cuda-12.8/extras/CUPTI/lib64:/opt/amazon/efa/lib:/opt/amazon/openmpi/lib:/opt/amazon/ofi-nccl/lib/x86_64-linux-gnu:/usr/local/lib:/usr/lib'
2026-03-26 12:27:42,215 - INFO - [36m(head, rank=0, pid=7141)[0m LD_LIBRARY_PATH: /usr/local/cuda/lib64:/usr/local/cuda/targets/x86_64-linux/lib:/usr/local/cuda-12.8/lib:/usr/local/cuda-12.8/lib64:/usr/local/cuda-12.8:/usr/local/cuda-12.8/targets/x86_64-linux/lib/:/usr/local/cuda-12.8/extras/CUPTI/lib64:/opt/amazon/efa/lib:/opt/amazon/openmpi/lib:/opt/amazon/ofi-nccl/lib/x86_64-linux-gnu:/usr/local/lib:/usr/lib:/usr/local/cuda-12.8/lib:/usr/local/cuda-12.8/lib64:/usr/local/cuda-12.8:/usr/local/cuda-12.8/targets/x86_64-linux/lib/:/usr/local/cuda-12.8/extras/CUPTI/lib64:/opt/amazon/efa/lib:/opt/amazon/openmpi/lib:/opt/amazon/ofi-nccl/lib/x86_64-linux-gnu:/usr/local/lib:/usr/lib
2026-03-26 12:27:42,215 - INFO - [36m(head, rank=0, pid=7141)[0m + echo 'CUDA_HOME: /usr/local/cuda'
2026-03-26 12:27:42,215 - INFO - [36m(head, rank=0, pid=7141)[0m CUDA_HOME: /usr/local/cuda
2026-03-26 12:27:42,215 - INFO - [36m(head, rank=0, pid=7141)[0m + which python3
2026-03-26 12:27:42,215 - INFO - [36m(head, rank=0, pid=7141)[0m /home/ubuntu/sky_workdir/.venv/bin/python3
2026-03-26 12:27:42,215 - INFO - [36m(head, rank=0, pid=7141)[0m + echo '--- Torch info ---'
2026-03-26 12:27:42,215 - INFO - [36m(head, rank=0, pid=7141)[0m --- Torch info ---
2026-03-26 12:27:42,215 - INFO - [36m(head, rank=0, pid=7141)[0m + python3 -c 'import torch; print('\''torch.__version__:'\'', torch.__version__); print('\''torch.__file__:'\'', torch.__file__); print('\''torch.version.cuda:'\'', torch.version.cuda); print('\''torch.backends.cuda.is_built():'\'', torch.backends.cuda.is_built())'
2026-03-26 12:27:42,215 - INFO - [36m(worker1, rank=1, pid=4368, ip=172.31.47.227)[0m torch.__version__: 2.7.1+cu126
2026-03-26 12:27:43,118 - INFO - [36m(worker1, rank=1, pid=4368, ip=172.31.47.227)[0m torch.__file__: /home/ubuntu/sky_workdir/.venv/lib/python3.12/site-packages/torch/__init__.py
2026-03-26 12:27:43,118 - INFO - [36m(worker1, rank=1, pid=4368, ip=172.31.47.227)[0m torch.version.cuda: 12.6
2026-03-26 12:27:43,118 - INFO - [36m(worker1, rank=1, pid=4368, ip=172.31.47.227)[0m torch.backends.cuda.is_built(): True
2026-03-26 12:27:43,118 - INFO - [36m(worker1, rank=1, pid=4368, ip=172.31.47.227)[0m + echo '--- CUDA check ---'
2026-03-26 12:27:43,118 - INFO - [36m(worker1, rank=1, pid=4368, ip=172.31.47.227)[0m --- CUDA check ---
2026-03-26 12:27:43,118 - INFO - [36m(worker1, rank=1, pid=4368, ip=172.31.47.227)[0m + python3 -c 'import torch; print('\''torch.cuda.is_available():'\'', torch.cuda.is_available()); print('\''torch.cuda.device_count():'\'', torch.cuda.device_count() if torch.cuda.is_available() else '\''N/A - checking why...'\'')'
2026-03-26 12:27:43,118 - INFO - [36m(head, rank=0, pid=7141)[0m torch.__version__: 2.7.1+cu126
2026-03-26 12:27:43,118 - INFO - [36m(head, rank=0, pid=7141)[0m torch.__file__: /home/ubuntu/sky_workdir/.venv/lib/python3.12/site-packages/torch/__init__.py
2026-03-26 12:27:43,118 - INFO - [36m(head, rank=0, pid=7141)[0m torch.version.cuda: 12.6
2026-03-26 12:27:43,118 - INFO - [36m(head, rank=0, pid=7141)[0m torch.backends.cuda.is_built(): True
2026-03-26 12:27:43,118 - INFO - [36m(head, rank=0, pid=7141)[0m + echo '--- CUDA check ---'
2026-03-26 12:27:45,229 - INFO - [36m(head, rank=0, pid=7141)[0m --- CUDA check ---
2026-03-26 12:27:45,230 - INFO - [36m(head, rank=0, pid=7141)[0m + python3 -c 'import torch; print('\''torch.cuda.is_available():'\'', torch.cuda.is_available()); print('\''torch.cuda.device_count():'\'', torch.cuda.device_count() if torch.cuda.is_available() else '\''N/A - checking why...'\'')'
2026-03-26 12:27:45,230 - INFO - [36m(worker1, rank=1, pid=4368, ip=172.31.47.227)[0m torch.cuda.is_available(): True
2026-03-26 12:27:46,038 - INFO - [36m(worker1, rank=1, pid=4368, ip=172.31.47.227)[0m torch.cuda.device_count(): 8
2026-03-26 12:27:46,038 - INFO - [36m(head, rank=0, pid=7141)[0m torch.cuda.is_available(): True
2026-03-26 12:27:46,743 - INFO - [36m(head, rank=0, pid=7141)[0m torch.cuda.device_count(): 8
2026-03-26 12:27:47,347 - INFO - [36m(worker1, rank=1, pid=4368, ip=172.31.47.227)[0m + echo '--- Loading CUDA libs directly ---'
2026-03-26 12:27:48,454 - INFO - [36m(worker1, rank=1, pid=4368, ip=172.31.47.227)[0m --- Loading CUDA libs directly ---
2026-03-26 12:27:48,454 - INFO - [36m(worker1, rank=1, pid=4368, ip=172.31.47.227)[0m + python3 -c 'import ctypes; libs=['\''libcuda.so.1'\'','\''libcudart.so.12'\'','\''libnvidia-ml.so.1'\'']; [print(l+'\'': OK'\'') if ctypes.CDLL(l) else None for l in libs]'
2026-03-26 12:27:48,454 - INFO - [36m(worker1, rank=1, pid=4368, ip=172.31.47.227)[0m libcuda.so.1: OK
2026-03-26 12:27:48,454 - INFO - [36m(worker1, rank=1, pid=4368, ip=172.31.47.227)[0m libcudart.so.12: OK
2026-03-26 12:27:48,454 - INFO - [36m(worker1, rank=1, pid=4368, ip=172.31.47.227)[0m libnvidia-ml.so.1: OK
2026-03-26 12:27:48,454 - INFO - [36m(worker1, rank=1, pid=4368, ip=172.31.47.227)[0m + echo '--- Manual CUDA init attempt ---'
2026-03-26 12:27:48,454 - INFO - [36m(worker1, rank=1, pid=4368, ip=172.31.47.227)[0m --- Manual CUDA init attempt ---
2026-03-26 12:27:48,454 - INFO - [36m(worker1, rank=1, pid=4368, ip=172.31.47.227)[0m + python3 -c 'import torch; torch.cuda.init(); print('\''torch.cuda.init() OK, device_count:'\'', torch.cuda.device_count())'
2026-03-26 12:27:48,454 - INFO - [36m(head, rank=0, pid=7141)[0m + echo '--- Loading CUDA libs directly ---'
2026-03-26 12:27:49,160 - INFO - [36m(head, rank=0, pid=7141)[0m --- Loading CUDA libs directly ---
2026-03-26 12:27:49,160 - INFO - [36m(head, rank=0, pid=7141)[0m + python3 -c 'import ctypes; libs=['\''libcuda.so.1'\'','\''libcudart.so.12'\'','\''libnvidia-ml.so.1'\'']; [print(l+'\'': OK'\'') if ctypes.CDLL(l) else None for l in libs]'
2026-03-26 12:27:49,160 - INFO - [36m(head, rank=0, pid=7141)[0m libcuda.so.1: OK
2026-03-26 12:27:50,664 - INFO - [36m(head, rank=0, pid=7141)[0m libcudart.so.12: OK
2026-03-26 12:27:50,664 - INFO - [36m(head, rank=0, pid=7141)[0m libnvidia-ml.so.1: OK
2026-03-26 12:27:50,664 - INFO - [36m(head, rank=0, pid=7141)[0m + echo '--- Manual CUDA init attempt ---'
2026-03-26 12:27:50,664 - INFO - [36m(head, rank=0, pid=7141)[0m --- Manual CUDA init attempt ---
2026-03-26 12:27:50,664 - INFO - [36m(head, rank=0, pid=7141)[0m + python3 -c 'import torch; torch.cuda.init(); print('\''torch.cuda.init() OK, device_count:'\'', torch.cuda.device_count())'
2026-03-26 12:27:50,664 - INFO - [36m(worker1, rank=1, pid=4368, ip=172.31.47.227)[0m torch.cuda.init() OK, device_count: 8
2026-03-26 12:27:52,068 - INFO - [36m(head, rank=0, pid=7141)[0m torch.cuda.init() OK, device_count: 8
2026-03-26 12:27:52,670 - INFO - [36m(worker1, rank=1, pid=4368, ip=172.31.47.227)[0m + echo '--- Installed torch packages ---'
2026-03-26 12:27:52,670 - INFO - [36m(worker1, rank=1, pid=4368, ip=172.31.47.227)[0m --- Installed torch packages ---
2026-03-26 12:27:52,670 - INFO - [36m(worker1, rank=1, pid=4368, ip=172.31.47.227)[0m + pip list
2026-03-26 12:27:52,670 - INFO - [36m(worker1, rank=1, pid=4368, ip=172.31.47.227)[0m + grep --color=auto -i -E 'torch|nvidia|cuda|triton'
2026-03-26 12:27:52,670 - INFO - [36m(worker1, rank=1, pid=4368, ip=172.31.47.227)[0m cuda-pathfinder                   1.5.0
2026-03-26 12:27:53,171 - INFO - [36m(worker1, rank=1, pid=4368, ip=172.31.47.227)[0m cupy-cuda12x                      14.0.1
2026-03-26 12:27:53,171 - INFO - [36m(worker1, rank=1, pid=4368, ip=172.31.47.227)[0m nvidia-cublas-cu12                12.6.4.1
2026-03-26 12:27:53,171 - INFO - [36m(worker1, rank=1, pid=4368, ip=172.31.47.227)[0m nvidia-cuda-cupti-cu12            12.6.80
2026-03-26 12:27:53,171 - INFO - [36m(worker1, rank=1, pid=4368, ip=172.31.47.227)[0m nvidia-cuda-nvrtc-cu12            12.6.77
2026-03-26 12:27:53,171 - INFO - [36m(worker1, rank=1, pid=4368, ip=172.31.47.227)[0m nvidia-cuda-runtime-cu12          12.6.77
2026-03-26 12:27:53,171 - INFO - [36m(worker1, rank=1, pid=4368, ip=172.31.47.227)[0m nvidia-cudnn-cu12                 9.5.1.17
2026-03-26 12:27:53,171 - INFO - [36m(worker1, rank=1, pid=4368, ip=172.31.47.227)[0m nvidia-cufft-cu12                 11.3.0.4
2026-03-26 12:27:53,171 - INFO - [36m(worker1, rank=1, pid=4368, ip=172.31.47.227)[0m nvidia-cufile-cu12                1.11.1.6
2026-03-26 12:27:53,171 - INFO - [36m(worker1, rank=1, pid=4368, ip=172.31.47.227)[0m nvidia-curand-cu12                10.3.7.77
2026-03-26 12:27:53,171 - INFO - [36m(worker1, rank=1, pid=4368, ip=172.31.47.227)[0m nvidia-cusolver-cu12              11.7.1.2
2026-03-26 12:27:53,171 - INFO - [36m(worker1, rank=1, pid=4368, ip=172.31.47.227)[0m nvidia-cusparse-cu12              12.5.4.2
2026-03-26 12:27:53,171 - INFO - [36m(worker1, rank=1, pid=4368, ip=172.31.47.227)[0m nvidia-cusparselt-cu12            0.6.3
2026-03-26 12:27:53,171 - INFO - [36m(worker1, rank=1, pid=4368, ip=172.31.47.227)[0m nvidia-ml-py                      13.595.45
2026-03-26 12:27:53,171 - INFO - [36m(worker1, rank=1, pid=4368, ip=172.31.47.227)[0m nvidia-nccl-cu12                  2.26.2
2026-03-26 12:27:53,171 - INFO - [36m(worker1, rank=1, pid=4368, ip=172.31.47.227)[0m nvidia-nvjitlink-cu12             12.6.85
2026-03-26 12:27:53,171 - INFO - [36m(worker1, rank=1, pid=4368, ip=172.31.47.227)[0m nvidia-nvtx-cu12                  12.6.77
2026-03-26 12:27:53,171 - INFO - [36m(worker1, rank=1, pid=4368, ip=172.31.47.227)[0m torch                             2.7.1
2026-03-26 12:27:53,171 - INFO - [36m(worker1, rank=1, pid=4368, ip=172.31.47.227)[0m torchaudio                        2.7.1
2026-03-26 12:27:53,171 - INFO - [36m(worker1, rank=1, pid=4368, ip=172.31.47.227)[0m torchvision                       0.22.1
2026-03-26 12:27:53,172 - INFO - [36m(worker1, rank=1, pid=4368, ip=172.31.47.227)[0m triton                            3.3.1
2026-03-26 12:27:53,172 - INFO - [36m(worker1, rank=1, pid=4368, ip=172.31.47.227)[0m + echo =========================================
2026-03-26 12:27:53,172 - INFO - [36m(worker1, rank=1, pid=4368, ip=172.31.47.227)[0m =========================================
2026-03-26 12:27:53,172 - INFO - [36m(worker1, rank=1, pid=4368, ip=172.31.47.227)[0m + export LD_LIBRARY_PATH=/usr/local/cuda/lib64:/usr/local/cuda/targets/x86_64-linux/lib:/usr/local/cuda/lib64:/usr/local/cuda/targets/x86_64-linux/lib:/usr/local/cuda-12.8/lib:/usr/local/cuda-12.8/lib64:/usr/local/cuda-12.8:/usr/local/cuda-12.8/targets/x86_64-linux/lib/:/usr/local/cuda-12.8/extras/CUPTI/lib64:/opt/amazon/efa/lib:/opt/amazon/openmpi/lib:/opt/amazon/ofi-nccl/lib/x86_64-linux-gnu:/usr/local/lib:/usr/lib:/usr/local/cuda-12.8/lib:/usr/local/cuda-12.8/lib64:/usr/local/cuda-12.8:/usr/local/cuda-12.8/targets/x86_64-linux/lib/:/usr/local/cuda-12.8/extras/CUPTI/lib64:/opt/amazon/efa/lib:/opt/amazon/openmpi/lib:/opt/amazon/ofi-nccl/lib/x86_64-linux-gnu:/usr/local/lib:/usr/lib
2026-03-26 12:27:53,172 - INFO - [36m(worker1, rank=1, pid=4368, ip=172.31.47.227)[0m + LD_LIBRARY_PATH=/usr/local/cuda/lib64:/usr/local/cuda/targets/x86_64-linux/lib:/usr/local/cuda/lib64:/usr/local/cuda/targets/x86_64-linux/lib:/usr/local/cuda-12.8/lib:/usr/local/cuda-12.8/lib64:/usr/local/cuda-12.8:/usr/local/cuda-12.8/targets/x86_64-linux/lib/:/usr/local/cuda-12.8/extras/CUPTI/lib64:/opt/amazon/efa/lib:/opt/amazon/openmpi/lib:/opt/amazon/ofi-nccl/lib/x86_64-linux-gnu:/usr/local/lib:/usr/lib:/usr/local/cuda-12.8/lib:/usr/local/cuda-12.8/lib64:/usr/local/cuda-12.8:/usr/local/cuda-12.8/targets/x86_64-linux/lib/:/usr/local/cuda-12.8/extras/CUPTI/lib64:/opt/amazon/efa/lib:/opt/amazon/openmpi/lib:/opt/amazon/ofi-nccl/lib/x86_64-linux-gnu:/usr/local/lib:/usr/lib
2026-03-26 12:27:53,172 - INFO - [36m(worker1, rank=1, pid=4368, ip=172.31.47.227)[0m + export NCCL_P2P_DISABLE=0
2026-03-26 12:27:53,172 - INFO - [36m(worker1, rank=1, pid=4368, ip=172.31.47.227)[0m + NCCL_P2P_DISABLE=0
2026-03-26 12:27:53,172 - INFO - [36m(worker1, rank=1, pid=4368, ip=172.31.47.227)[0m + export NCCL_TIMEOUT=3600
2026-03-26 12:27:53,172 - INFO - [36m(worker1, rank=1, pid=4368, ip=172.31.47.227)[0m + NCCL_TIMEOUT=3600
2026-03-26 12:27:53,172 - INFO - [36m(worker1, rank=1, pid=4368, ip=172.31.47.227)[0m + export TORCH_NCCL_BLOCKING_WAIT=1
2026-03-26 12:27:54,278 - INFO - [36m(worker1, rank=1, pid=4368, ip=172.31.47.227)[0m + TORCH_NCCL_BLOCKING_WAIT=1
2026-03-26 12:27:54,279 - INFO - [36m(worker1, rank=1, pid=4368, ip=172.31.47.227)[0m + export TORCH_NCCL_ASYNC_ERROR_HANDLING=1
2026-03-26 12:27:54,279 - INFO - [36m(worker1, rank=1, pid=4368, ip=172.31.47.227)[0m + TORCH_NCCL_ASYNC_ERROR_HANDLING=1
2026-03-26 12:27:54,279 - INFO - [36m(worker1, rank=1, pid=4368, ip=172.31.47.227)[0m + export TORCH_NCCL_TRACE_BUFFER_SIZE=10000
2026-03-26 12:27:54,279 - INFO - [36m(worker1, rank=1, pid=4368, ip=172.31.47.227)[0m + TORCH_NCCL_TRACE_BUFFER_SIZE=10000
2026-03-26 12:27:54,279 - INFO - [36m(worker1, rank=1, pid=4368, ip=172.31.47.227)[0m + export TORCH_DISTRIBUTED_DEBUG=DETAIL
2026-03-26 12:27:54,279 - INFO - [36m(worker1, rank=1, pid=4368, ip=172.31.47.227)[0m + TORCH_DISTRIBUTED_DEBUG=DETAIL
2026-03-26 12:27:54,279 - INFO - [36m(worker1, rank=1, pid=4368, ip=172.31.47.227)[0m + export NCCL_DEBUG=INFO
2026-03-26 12:27:54,279 - INFO - [36m(worker1, rank=1, pid=4368, ip=172.31.47.227)[0m + NCCL_DEBUG=INFO
2026-03-26 12:27:54,279 - INFO - [36m(worker1, rank=1, pid=4368, ip=172.31.47.227)[0m + export LD_LIBRARY_PATH=/opt/amazon/ofi-nccl/lib:/opt/amazon/efa/lib:/usr/local/cuda/lib64:/usr/local/cuda/targets/x86_64-linux/lib:/usr/local/cuda/lib64:/usr/local/cuda/targets/x86_64-linux/lib:/usr/local/cuda-12.8/lib:/usr/local/cuda-12.8/lib64:/usr/local/cuda-12.8:/usr/local/cuda-12.8/targets/x86_64-linux/lib/:/usr/local/cuda-12.8/extras/CUPTI/lib64:/opt/amazon/efa/lib:/opt/amazon/openmpi/lib:/opt/amazon/ofi-nccl/lib/x86_64-linux-gnu:/usr/local/lib:/usr/lib:/usr/local/cuda-12.8/lib:/usr/local/cuda-12.8/lib64:/usr/local/cuda-12.8:/usr/local/cuda-12.8/targets/x86_64-linux/lib/:/usr/local/cuda-12.8/extras/CUPTI/lib64:/opt/amazon/efa/lib:/opt/amazon/openmpi/lib:/opt/amazon/ofi-nccl/lib/x86_64-linux-gnu:/usr/local/lib:/usr/lib
2026-03-26 12:27:54,279 - INFO - [36m(worker1, rank=1, pid=4368, ip=172.31.47.227)[0m + LD_LIBRARY_PATH=/opt/amazon/ofi-nccl/lib:/opt/amazon/efa/lib:/usr/local/cuda/lib64:/usr/local/cuda/targets/x86_64-linux/lib:/usr/local/cuda/lib64:/usr/local/cuda/targets/x86_64-linux/lib:/usr/local/cuda-12.8/lib:/usr/local/cuda-12.8/lib64:/usr/local/cuda-12.8:/usr/local/cuda-12.8/targets/x86_64-linux/lib/:/usr/local/cuda-12.8/extras/CUPTI/lib64:/opt/amazon/efa/lib:/opt/amazon/openmpi/lib:/opt/amazon/ofi-nccl/lib/x86_64-linux-gnu:/usr/local/lib:/usr/lib:/usr/local/cuda-12.8/lib:/usr/local/cuda-12.8/lib64:/usr/local/cuda-12.8:/usr/local/cuda-12.8/targets/x86_64-linux/lib/:/usr/local/cuda-12.8/extras/CUPTI/lib64:/opt/amazon/efa/lib:/opt/amazon/openmpi/lib:/opt/amazon/ofi-nccl/lib/x86_64-linux-gnu:/usr/local/lib:/usr/lib
2026-03-26 12:27:54,279 - INFO - [36m(worker1, rank=1, pid=4368, ip=172.31.47.227)[0m + export NCCL_NET_PLUGIN=ofi
2026-03-26 12:27:54,279 - INFO - [36m(worker1, rank=1, pid=4368, ip=172.31.47.227)[0m + NCCL_NET_PLUGIN=ofi
2026-03-26 12:27:54,279 - INFO - [36m(worker1, rank=1, pid=4368, ip=172.31.47.227)[0m + export FI_EFA_USE_DEVICE_RDMA=1
2026-03-26 12:27:54,279 - INFO - [36m(worker1, rank=1, pid=4368, ip=172.31.47.227)[0m + FI_EFA_USE_DEVICE_RDMA=1
2026-03-26 12:27:54,279 - INFO - [36m(worker1, rank=1, pid=4368, ip=172.31.47.227)[0m + export FI_PROVIDER=efa
2026-03-26 12:27:54,279 - INFO - [36m(worker1, rank=1, pid=4368, ip=172.31.47.227)[0m + FI_PROVIDER=efa
2026-03-26 12:27:54,279 - INFO - [36m(worker1, rank=1, pid=4368, ip=172.31.47.227)[0m + export NCCL_DEBUG_SUBSYS=NET
2026-03-26 12:27:54,279 - INFO - [36m(worker1, rank=1, pid=4368, ip=172.31.47.227)[0m + NCCL_DEBUG_SUBSYS=NET
2026-03-26 12:27:54,279 - INFO - [36m(worker1, rank=1, pid=4368, ip=172.31.47.227)[0m + export 'RAY_CMD=uv run ray'
2026-03-26 12:27:54,279 - INFO - [36m(worker1, rank=1, pid=4368, ip=172.31.47.227)[0m + RAY_CMD='uv run ray'
2026-03-26 12:27:54,279 - INFO - [36m(worker1, rank=1, pid=4368, ip=172.31.47.227)[0m + export RAY_DASHBOARD_HOST=0.0.0.0
2026-03-26 12:27:54,279 - INFO - [36m(worker1, rank=1, pid=4368, ip=172.31.47.227)[0m + RAY_DASHBOARD_HOST=0.0.0.0
2026-03-26 12:27:54,279 - INFO - [36m(worker1, rank=1, pid=4368, ip=172.31.47.227)[0m + export RAY_HEAD_PORT=6379
2026-03-26 12:27:54,279 - INFO - [36m(worker1, rank=1, pid=4368, ip=172.31.47.227)[0m + RAY_HEAD_PORT=6379
2026-03-26 12:27:54,279 - INFO - [36m(worker1, rank=1, pid=4368, ip=172.31.47.227)[0m + export RAY_DASHBOARD_PORT=8265
2026-03-26 12:27:54,279 - INFO - [36m(worker1, rank=1, pid=4368, ip=172.31.47.227)[0m + RAY_DASHBOARD_PORT=8265
2026-03-26 12:27:54,279 - INFO - [36m(worker1, rank=1, pid=4368, ip=172.31.47.227)[0m + export RAY_CGRAPH_get_timeout=1800
2026-03-26 12:27:54,279 - INFO - [36m(worker1, rank=1, pid=4368, ip=172.31.47.227)[0m + RAY_CGRAPH_get_timeout=1800
2026-03-26 12:27:54,279 - INFO - [36m(worker1, rank=1, pid=4368, ip=172.31.47.227)[0m + export RAY_CGRAPH_submit_timeout=180
2026-03-26 12:27:54,279 - INFO - [36m(worker1, rank=1, pid=4368, ip=172.31.47.227)[0m + RAY_CGRAPH_submit_timeout=180
2026-03-26 12:27:54,279 - INFO - [36m(worker1, rank=1, pid=4368, ip=172.31.47.227)[0m + /home/ubuntu/sky_templates/ray/start_cluster
2026-03-26 12:27:54,279 - INFO - [36m(worker1, rank=1, pid=4368, ip=172.31.47.227)[0m [0;32mStarting Ray cluster...[0m
2026-03-26 12:27:54,279 - INFO - [36m(head, rank=0, pid=7141)[0m + echo '--- Installed torch packages ---'
2026-03-26 12:27:54,884 - INFO - [36m(head, rank=0, pid=7141)[0m --- Installed torch packages ---
2026-03-26 12:27:54,884 - INFO - [36m(head, rank=0, pid=7141)[0m + pip list
2026-03-26 12:27:54,884 - INFO - [36m(head, rank=0, pid=7141)[0m + grep --color=auto -i -E 'torch|nvidia|cuda|triton'
2026-03-26 12:27:54,884 - INFO - [36m(worker1, rank=1, pid=4368, ip=172.31.47.227)[0m Resolved 59 packages in 150ms
2026-03-26 12:27:55,587 - INFO - [36m(worker1, rank=1, pid=4368, ip=172.31.47.227)[0m Downloading grpcio (6.4MiB)
2026-03-26 12:27:55,587 - INFO - [36m(worker1, rank=1, pid=4368, ip=172.31.47.227)[0m Downloading cryptography (4.3MiB)
2026-03-26 12:27:55,587 - INFO - [36m(head, rank=0, pid=7141)[0m cuda-pathfinder                   1.5.0
2026-03-26 12:27:55,587 - INFO - [36m(head, rank=0, pid=7141)[0m cupy-cuda12x                      14.0.1
2026-03-26 12:27:55,587 - INFO - [36m(head, rank=0, pid=7141)[0m nvidia-cublas-cu12                12.6.4.1
2026-03-26 12:27:55,587 - INFO - [36m(head, rank=0, pid=7141)[0m nvidia-cuda-cupti-cu12            12.6.80
2026-03-26 12:27:55,587 - INFO - [36m(head, rank=0, pid=7141)[0m nvidia-cuda-nvrtc-cu12            12.6.77
2026-03-26 12:27:55,587 - INFO - [36m(head, rank=0, pid=7141)[0m nvidia-cuda-runtime-cu12          12.6.77
2026-03-26 12:27:55,587 - INFO - [36m(head, rank=0, pid=7141)[0m nvidia-cudnn-cu12                 9.5.1.17
2026-03-26 12:27:55,587 - INFO - [36m(head, rank=0, pid=7141)[0m nvidia-cufft-cu12                 11.3.0.4
2026-03-26 12:27:55,587 - INFO - [36m(head, rank=0, pid=7141)[0m nvidia-cufile-cu12                1.11.1.6
2026-03-26 12:27:55,587 - INFO - [36m(head, rank=0, pid=7141)[0m nvidia-curand-cu12                10.3.7.77
2026-03-26 12:27:55,587 - INFO - [36m(head, rank=0, pid=7141)[0m nvidia-cusolver-cu12              11.7.1.2
2026-03-26 12:27:55,587 - INFO - [36m(head, rank=0, pid=7141)[0m nvidia-cusparse-cu12              12.5.4.2
2026-03-26 12:27:55,587 - INFO - [36m(head, rank=0, pid=7141)[0m nvidia-cusparselt-cu12            0.6.3
2026-03-26 12:27:55,587 - INFO - [36m(head, rank=0, pid=7141)[0m nvidia-ml-py                      13.595.45
2026-03-26 12:27:55,587 - INFO - [36m(head, rank=0, pid=7141)[0m nvidia-nccl-cu12                  2.26.2
2026-03-26 12:27:55,587 - INFO - [36m(head, rank=0, pid=7141)[0m nvidia-nvjitlink-cu12             12.6.85
2026-03-26 12:27:55,587 - INFO - [36m(head, rank=0, pid=7141)[0m nvidia-nvtx-cu12                  12.6.77
2026-03-26 12:27:55,587 - INFO - [36m(head, rank=0, pid=7141)[0m torch                             2.7.1
2026-03-26 12:27:55,588 - INFO - [36m(head, rank=0, pid=7141)[0m torchaudio                        2.7.1
2026-03-26 12:27:55,588 - INFO - [36m(head, rank=0, pid=7141)[0m torchvision                       0.22.1
2026-03-26 12:27:55,588 - INFO - [36m(head, rank=0, pid=7141)[0m triton                            3.3.1
2026-03-26 12:27:55,588 - INFO - [36m(head, rank=0, pid=7141)[0m + echo =========================================
2026-03-26 12:27:55,588 - INFO - [36m(head, rank=0, pid=7141)[0m =========================================
2026-03-26 12:27:55,588 - INFO - [36m(head, rank=0, pid=7141)[0m + export LD_LIBRARY_PATH=/usr/local/cuda/lib64:/usr/local/cuda/targets/x86_64-linux/lib:/usr/local/cuda/lib64:/usr/local/cuda/targets/x86_64-linux/lib:/usr/local/cuda-12.8/lib:/usr/local/cuda-12.8/lib64:/usr/local/cuda-12.8:/usr/local/cuda-12.8/targets/x86_64-linux/lib/:/usr/local/cuda-12.8/extras/CUPTI/lib64:/opt/amazon/efa/lib:/opt/amazon/openmpi/lib:/opt/amazon/ofi-nccl/lib/x86_64-linux-gnu:/usr/local/lib:/usr/lib:/usr/local/cuda-12.8/lib:/usr/local/cuda-12.8/lib64:/usr/local/cuda-12.8:/usr/local/cuda-12.8/targets/x86_64-linux/lib/:/usr/local/cuda-12.8/extras/CUPTI/lib64:/opt/amazon/efa/lib:/opt/amazon/openmpi/lib:/opt/amazon/ofi-nccl/lib/x86_64-linux-gnu:/usr/local/lib:/usr/lib
2026-03-26 12:27:55,588 - INFO - [36m(head, rank=0, pid=7141)[0m + LD_LIBRARY_PATH=/usr/local/cuda/lib64:/usr/local/cuda/targets/x86_64-linux/lib:/usr/local/cuda/lib64:/usr/local/cuda/targets/x86_64-linux/lib:/usr/local/cuda-12.8/lib:/usr/local/cuda-12.8/lib64:/usr/local/cuda-12.8:/usr/local/cuda-12.8/targets/x86_64-linux/lib/:/usr/local/cuda-12.8/extras/CUPTI/lib64:/opt/amazon/efa/lib:/opt/amazon/openmpi/lib:/opt/amazon/ofi-nccl/lib/x86_64-linux-gnu:/usr/local/lib:/usr/lib:/usr/local/cuda-12.8/lib:/usr/local/cuda-12.8/lib64:/usr/local/cuda-12.8:/usr/local/cuda-12.8/targets/x86_64-linux/lib/:/usr/local/cuda-12.8/extras/CUPTI/lib64:/opt/amazon/efa/lib:/opt/amazon/openmpi/lib:/opt/amazon/ofi-nccl/lib/x86_64-linux-gnu:/usr/local/lib:/usr/lib
2026-03-26 12:27:55,588 - INFO - [36m(head, rank=0, pid=7141)[0m + export NCCL_P2P_DISABLE=0
2026-03-26 12:27:55,588 - INFO - [36m(head, rank=0, pid=7141)[0m + NCCL_P2P_DISABLE=0
2026-03-26 12:27:55,588 - INFO - [36m(head, rank=0, pid=7141)[0m + export NCCL_TIMEOUT=3600
2026-03-26 12:27:55,588 - INFO - [36m(head, rank=0, pid=7141)[0m + NCCL_TIMEOUT=3600
2026-03-26 12:27:55,588 - INFO - [36m(head, rank=0, pid=7141)[0m + export TORCH_NCCL_BLOCKING_WAIT=1
2026-03-26 12:27:55,588 - INFO - [36m(head, rank=0, pid=7141)[0m + TORCH_NCCL_BLOCKING_WAIT=1
2026-03-26 12:27:55,588 - INFO - [36m(head, rank=0, pid=7141)[0m + export TORCH_NCCL_ASYNC_ERROR_HANDLING=1
2026-03-26 12:27:55,588 - INFO - [36m(head, rank=0, pid=7141)[0m + TORCH_NCCL_ASYNC_ERROR_HANDLING=1
2026-03-26 12:27:55,588 - INFO - [36m(head, rank=0, pid=7141)[0m + export TORCH_NCCL_TRACE_BUFFER_SIZE=10000
2026-03-26 12:27:55,588 - INFO - [36m(head, rank=0, pid=7141)[0m + TORCH_NCCL_TRACE_BUFFER_SIZE=10000
2026-03-26 12:27:56,892 - INFO - [36m(head, rank=0, pid=7141)[0m + export TORCH_DISTRIBUTED_DEBUG=DETAIL
2026-03-26 12:27:56,892 - INFO - [36m(head, rank=0, pid=7141)[0m + TORCH_DISTRIBUTED_DEBUG=DETAIL
2026-03-26 12:27:56,892 - INFO - [36m(head, rank=0, pid=7141)[0m + export NCCL_DEBUG=INFO
2026-03-26 12:27:56,892 - INFO - [36m(head, rank=0, pid=7141)[0m + NCCL_DEBUG=INFO
2026-03-26 12:27:56,892 - INFO - [36m(head, rank=0, pid=7141)[0m + export LD_LIBRARY_PATH=/opt/amazon/ofi-nccl/lib:/opt/amazon/efa/lib:/usr/local/cuda/lib64:/usr/local/cuda/targets/x86_64-linux/lib:/usr/local/cuda/lib64:/usr/local/cuda/targets/x86_64-linux/lib:/usr/local/cuda-12.8/lib:/usr/local/cuda-12.8/lib64:/usr/local/cuda-12.8:/usr/local/cuda-12.8/targets/x86_64-linux/lib/:/usr/local/cuda-12.8/extras/CUPTI/lib64:/opt/amazon/efa/lib:/opt/amazon/openmpi/lib:/opt/amazon/ofi-nccl/lib/x86_64-linux-gnu:/usr/local/lib:/usr/lib:/usr/local/cuda-12.8/lib:/usr/local/cuda-12.8/lib64:/usr/local/cuda-12.8:/usr/local/cuda-12.8/targets/x86_64-linux/lib/:/usr/local/cuda-12.8/extras/CUPTI/lib64:/opt/amazon/efa/lib:/opt/amazon/openmpi/lib:/opt/amazon/ofi-nccl/lib/x86_64-linux-gnu:/usr/local/lib:/usr/lib
2026-03-26 12:27:56,892 - INFO - [36m(head, rank=0, pid=7141)[0m + LD_LIBRARY_PATH=/opt/amazon/ofi-nccl/lib:/opt/amazon/efa/lib:/usr/local/cuda/lib64:/usr/local/cuda/targets/x86_64-linux/lib:/usr/local/cuda/lib64:/usr/local/cuda/targets/x86_64-linux/lib:/usr/local/cuda-12.8/lib:/usr/local/cuda-12.8/lib64:/usr/local/cuda-12.8:/usr/local/cuda-12.8/targets/x86_64-linux/lib/:/usr/local/cuda-12.8/extras/CUPTI/lib64:/opt/amazon/efa/lib:/opt/amazon/openmpi/lib:/opt/amazon/ofi-nccl/lib/x86_64-linux-gnu:/usr/local/lib:/usr/lib:/usr/local/cuda-12.8/lib:/usr/local/cuda-12.8/lib64:/usr/local/cuda-12.8:/usr/local/cuda-12.8/targets/x86_64-linux/lib/:/usr/local/cuda-12.8/extras/CUPTI/lib64:/opt/amazon/efa/lib:/opt/amazon/openmpi/lib:/opt/amazon/ofi-nccl/lib/x86_64-linux-gnu:/usr/local/lib:/usr/lib
2026-03-26 12:27:56,892 - INFO - [36m(head, rank=0, pid=7141)[0m + export NCCL_NET_PLUGIN=ofi
2026-03-26 12:27:56,892 - INFO - [36m(head, rank=0, pid=7141)[0m + NCCL_NET_PLUGIN=ofi
2026-03-26 12:27:56,892 - INFO - [36m(head, rank=0, pid=7141)[0m + export FI_EFA_USE_DEVICE_RDMA=1
2026-03-26 12:27:56,892 - INFO - [36m(head, rank=0, pid=7141)[0m + FI_EFA_USE_DEVICE_RDMA=1
2026-03-26 12:27:56,893 - INFO - [36m(head, rank=0, pid=7141)[0m + export FI_PROVIDER=efa
2026-03-26 12:27:56,893 - INFO - [36m(head, rank=0, pid=7141)[0m + FI_PROVIDER=efa
2026-03-26 12:27:56,893 - INFO - [36m(head, rank=0, pid=7141)[0m + export NCCL_DEBUG_SUBSYS=NET
2026-03-26 12:27:56,893 - INFO - [36m(head, rank=0, pid=7141)[0m + NCCL_DEBUG_SUBSYS=NET
2026-03-26 12:27:56,893 - INFO - [36m(head, rank=0, pid=7141)[0m + export 'RAY_CMD=uv run ray'
2026-03-26 12:27:56,893 - INFO - [36m(head, rank=0, pid=7141)[0m + RAY_CMD='uv run ray'
2026-03-26 12:27:56,893 - INFO - [36m(head, rank=0, pid=7141)[0m + export RAY_DASHBOARD_HOST=0.0.0.0
2026-03-26 12:27:56,893 - INFO - [36m(head, rank=0, pid=7141)[0m + RAY_DASHBOARD_HOST=0.0.0.0
2026-03-26 12:27:56,893 - INFO - [36m(head, rank=0, pid=7141)[0m + export RAY_HEAD_PORT=6379
2026-03-26 12:27:56,893 - INFO - [36m(head, rank=0, pid=7141)[0m + RAY_HEAD_PORT=6379
2026-03-26 12:27:56,893 - INFO - [36m(head, rank=0, pid=7141)[0m + export RAY_DASHBOARD_PORT=8265
2026-03-26 12:27:56,893 - INFO - [36m(head, rank=0, pid=7141)[0m + RAY_DASHBOARD_PORT=8265
2026-03-26 12:27:56,893 - INFO - [36m(head, rank=0, pid=7141)[0m + export RAY_CGRAPH_get_timeout=1800
2026-03-26 12:27:56,893 - INFO - [36m(head, rank=0, pid=7141)[0m + RAY_CGRAPH_get_timeout=1800
2026-03-26 12:27:56,893 - INFO - [36m(head, rank=0, pid=7141)[0m + export RAY_CGRAPH_submit_timeout=180
2026-03-26 12:27:56,893 - INFO - [36m(head, rank=0, pid=7141)[0m + RAY_CGRAPH_submit_timeout=180
2026-03-26 12:27:56,893 - INFO - [36m(head, rank=0, pid=7141)[0m + /home/ubuntu/sky_templates/ray/start_cluster
2026-03-26 12:27:56,893 - INFO - [36m(head, rank=0, pid=7141)[0m [0;32mStarting Ray cluster...[0m
2026-03-26 12:27:56,893 - INFO - [36m(worker1, rank=1, pid=4368, ip=172.31.47.227)[0m  Downloaded grpcio
2026-03-26 12:27:56,893 - INFO - [36m(worker1, rank=1, pid=4368, ip=172.31.47.227)[0m  Downloaded cryptography
2026-03-26 12:27:56,893 - INFO - [36m(worker1, rank=1, pid=4368, ip=172.31.47.227)[0m Prepared 14 packages in 136ms
2026-03-26 12:27:56,893 - INFO - [36m(worker1, rank=1, pid=4368, ip=172.31.47.227)[0m Uninstalled 2 packages in 2ms
2026-03-26 12:27:56,893 - INFO - [36m(worker1, rank=1, pid=4368, ip=172.31.47.227)[0m Installed 28 packages in 30ms
2026-03-26 12:27:56,893 - INFO - [36m(worker1, rank=1, pid=4368, ip=172.31.47.227)[0m  + aiohttp-cors==0.8.1
2026-03-26 12:27:56,893 - INFO - [36m(worker1, rank=1, pid=4368, ip=172.31.47.227)[0m  - click==8.3.1
2026-03-26 12:27:56,893 - INFO - [36m(worker1, rank=1, pid=4368, ip=172.31.47.227)[0m  + click==8.2.1
2026-03-26 12:27:56,893 - INFO - [36m(worker1, rank=1, pid=4368, ip=172.31.47.227)[0m  + colorful==0.5.8
2026-03-26 12:27:56,893 - INFO - [36m(worker1, rank=1, pid=4368, ip=172.31.47.227)[0m  + cryptography==46.0.6
2026-03-26 12:27:56,893 - INFO - [36m(worker1, rank=1, pid=4368, ip=172.31.47.227)[0m  + distlib==0.4.0
2026-03-26 12:27:56,893 - INFO - [36m(worker1, rank=1, pid=4368, ip=172.31.47.227)[0m  + google-api-core==2.30.0
2026-03-26 12:27:56,893 - INFO - [36m(worker1, rank=1, pid=4368, ip=172.31.47.227)[0m  + google-auth==2.49.1
2026-03-26 12:27:56,893 - INFO - [36m(worker1, rank=1, pid=4368, ip=172.31.47.227)[0m  + googleapis-common-protos==1.73.0
2026-03-26 12:27:56,893 - INFO - [36m(worker1, rank=1, pid=4368, ip=172.31.47.227)[0m  + grpcio==1.78.0
2026-03-26 12:27:56,893 - INFO - [36m(worker1, rank=1, pid=4368, ip=172.31.47.227)[0m  + importlib-metadata==8.7.1
2026-03-26 12:27:56,893 - INFO - [36m(worker1, rank=1, pid=4368, ip=172.31.47.227)[0m  + opencensus==0.11.4
2026-03-26 12:27:56,893 - INFO - [36m(worker1, rank=1, pid=4368, ip=172.31.47.227)[0m  + opencensus-context==0.1.3
2026-03-26 12:27:56,893 - INFO - [36m(worker1, rank=1, pid=4368, ip=172.31.47.227)[0m  + opentelemetry-api==1.40.0
2026-03-26 12:27:56,893 - INFO - [36m(worker1, rank=1, pid=4368, ip=172.31.47.227)[0m  + opentelemetry-exporter-prometheus==0.61b0
2026-03-26 12:27:56,893 - INFO - [36m(worker1, rank=1, pid=4368, ip=172.31.47.227)[0m  + opentelemetry-proto==1.40.0
2026-03-26 12:27:56,893 - INFO - [36m(worker1, rank=1, pid=4368, ip=172.31.47.227)[0m  + opentelemetry-sdk==1.40.0
2026-03-26 12:27:56,893 - INFO - [36m(worker1, rank=1, pid=4368, ip=172.31.47.227)[0m  + opentelemetry-semantic-conventions==0.61b0
2026-03-26 12:27:56,893 - INFO - [36m(worker1, rank=1, pid=4368, ip=172.31.47.227)[0m  + platformdirs==4.9.4
2026-03-26 12:27:56,893 - INFO - [36m(worker1, rank=1, pid=4368, ip=172.31.47.227)[0m  + proto-plus==1.27.1
2026-03-26 12:27:56,893 - INFO - [36m(worker1, rank=1, pid=4368, ip=172.31.47.227)[0m  - protobuf==7.34.1
2026-03-26 12:27:56,893 - INFO - [36m(worker1, rank=1, pid=4368, ip=172.31.47.227)[0m  + protobuf==6.33.6
2026-03-26 12:27:56,893 - INFO - [36m(worker1, rank=1, pid=4368, ip=172.31.47.227)[0m  + py-spy==0.4.1
2026-03-26 12:27:56,893 - INFO - [36m(worker1, rank=1, pid=4368, ip=172.31.47.227)[0m  + pyasn1==0.6.3
2026-03-26 12:27:56,893 - INFO - [36m(worker1, rank=1, pid=4368, ip=172.31.47.227)[0m  + pyasn1-modules==0.4.2
2026-03-26 12:27:56,893 - INFO - [36m(worker1, rank=1, pid=4368, ip=172.31.47.227)[0m  + python-discovery==1.2.0
2026-03-26 12:27:56,893 - INFO - [36m(worker1, rank=1, pid=4368, ip=172.31.47.227)[0m  + smart-open==7.5.1
2026-03-26 12:27:56,893 - INFO - [36m(worker1, rank=1, pid=4368, ip=172.31.47.227)[0m  + virtualenv==21.2.0
2026-03-26 12:27:56,893 - INFO - [36m(worker1, rank=1, pid=4368, ip=172.31.47.227)[0m  + wrapt==2.1.2
2026-03-26 12:27:56,893 - INFO - [36m(worker1, rank=1, pid=4368, ip=172.31.47.227)[0m  + zipp==3.23.0
2026-03-26 12:27:56,893 - INFO - [36m(head, rank=0, pid=7141)[0m Resolved 59 packages in 142ms
2026-03-26 12:27:57,594 - INFO - [36m(head, rank=0, pid=7141)[0m Downloading cryptography (4.3MiB)
2026-03-26 12:27:57,594 - INFO - [36m(head, rank=0, pid=7141)[0m Downloading grpcio (6.4MiB)
2026-03-26 12:27:57,594 - INFO - [36m(head, rank=0, pid=7141)[0m  Downloaded grpcio
2026-03-26 12:27:58,899 - INFO - [36m(head, rank=0, pid=7141)[0m  Downloaded cryptography
2026-03-26 12:27:58,899 - INFO - [36m(head, rank=0, pid=7141)[0m Prepared 14 packages in 205ms
2026-03-26 12:27:58,900 - INFO - [36m(head, rank=0, pid=7141)[0m Uninstalled 2 packages in 1ms
2026-03-26 12:27:58,900 - INFO - [36m(head, rank=0, pid=7141)[0m Installed 28 packages in 30ms
2026-03-26 12:27:58,900 - INFO - [36m(head, rank=0, pid=7141)[0m  + aiohttp-cors==0.8.1
2026-03-26 12:27:58,900 - INFO - [36m(head, rank=0, pid=7141)[0m  - click==8.3.1
2026-03-26 12:27:58,900 - INFO - [36m(head, rank=0, pid=7141)[0m  + click==8.2.1
2026-03-26 12:27:58,900 - INFO - [36m(head, rank=0, pid=7141)[0m  + colorful==0.5.8
2026-03-26 12:27:58,900 - INFO - [36m(head, rank=0, pid=7141)[0m  + cryptography==46.0.6
2026-03-26 12:27:58,900 - INFO - [36m(head, rank=0, pid=7141)[0m  + distlib==0.4.0
2026-03-26 12:27:58,900 - INFO - [36m(head, rank=0, pid=7141)[0m  + google-api-core==2.30.0
2026-03-26 12:27:58,900 - INFO - [36m(head, rank=0, pid=7141)[0m  + google-auth==2.49.1
2026-03-26 12:27:58,900 - INFO - [36m(head, rank=0, pid=7141)[0m  + googleapis-common-protos==1.73.0
2026-03-26 12:27:58,900 - INFO - [36m(head, rank=0, pid=7141)[0m  + grpcio==1.78.0
2026-03-26 12:27:58,900 - INFO - [36m(head, rank=0, pid=7141)[0m  + importlib-metadata==8.7.1
2026-03-26 12:27:58,900 - INFO - [36m(head, rank=0, pid=7141)[0m  + opencensus==0.11.4
2026-03-26 12:27:58,900 - INFO - [36m(head, rank=0, pid=7141)[0m  + opencensus-context==0.1.3
2026-03-26 12:27:58,900 - INFO - [36m(head, rank=0, pid=7141)[0m  + opentelemetry-api==1.40.0
2026-03-26 12:27:58,900 - INFO - [36m(head, rank=0, pid=7141)[0m  + opentelemetry-exporter-prometheus==0.61b0
2026-03-26 12:27:58,900 - INFO - [36m(head, rank=0, pid=7141)[0m  + opentelemetry-proto==1.40.0
2026-03-26 12:27:58,900 - INFO - [36m(head, rank=0, pid=7141)[0m  + opentelemetry-sdk==1.40.0
2026-03-26 12:27:58,900 - INFO - [36m(head, rank=0, pid=7141)[0m  + opentelemetry-semantic-conventions==0.61b0
2026-03-26 12:27:58,900 - INFO - [36m(head, rank=0, pid=7141)[0m  + platformdirs==4.9.4
2026-03-26 12:27:58,900 - INFO - [36m(head, rank=0, pid=7141)[0m  + proto-plus==1.27.1
2026-03-26 12:27:58,900 - INFO - [36m(head, rank=0, pid=7141)[0m  - protobuf==7.34.1
2026-03-26 12:27:58,900 - INFO - [36m(head, rank=0, pid=7141)[0m  + protobuf==6.33.6
2026-03-26 12:27:58,900 - INFO - [36m(head, rank=0, pid=7141)[0m  + py-spy==0.4.1
2026-03-26 12:27:58,900 - INFO - [36m(head, rank=0, pid=7141)[0m  + pyasn1==0.6.3
2026-03-26 12:27:58,900 - INFO - [36m(head, rank=0, pid=7141)[0m  + pyasn1-modules==0.4.2
2026-03-26 12:27:58,900 - INFO - [36m(head, rank=0, pid=7141)[0m  + python-discovery==1.2.0
2026-03-26 12:27:58,900 - INFO - [36m(head, rank=0, pid=7141)[0m  + smart-open==7.5.1
2026-03-26 12:27:58,900 - INFO - [36m(head, rank=0, pid=7141)[0m  + virtualenv==21.2.0
2026-03-26 12:27:58,900 - INFO - [36m(head, rank=0, pid=7141)[0m  + wrapt==2.1.2
2026-03-26 12:27:58,900 - INFO - [36m(head, rank=0, pid=7141)[0m  + zipp==3.23.0
2026-03-26 12:27:58,900 - INFO - [36m(worker1, rank=1, pid=4368, ip=172.31.47.227)[0m [0;32mRay 2.54.1 is installed.[0m
2026-03-26 12:28:01,108 - INFO - [36m(head, rank=0, pid=7141)[0m [0;32mRay 2.54.1 is installed.[0m
2026-03-26 12:28:35,279 - INFO - [36m(worker1, rank=1, pid=4368, ip=172.31.47.227)[0m [0;32mStarting Ray worker node...[0m
2026-03-26 12:28:37,495 - INFO - [36m(worker1, rank=1, pid=4368, ip=172.31.47.227)[0m Waiting for head node at 172.31.42.129:6379...
2026-03-26 12:28:37,495 - INFO - [36m(head, rank=0, pid=7141)[0m [0;32mStarting Ray head node...[0m
2026-03-26 12:28:38,501 - INFO - [36m(head, rank=0, pid=7141)[0m 2026-03-26 06:58:38,299	INFO usage_lib.py:447 -- Usage stats collection is disabled.
2026-03-26 12:28:40,111 - INFO - [36m(head, rank=0, pid=7141)[0m 2026-03-26 06:58:38,300	INFO scripts.py:936 -- [37mLocal node IP[39m: [1m172.31.42.129[22m
2026-03-26 12:28:40,111 - INFO - [36m(worker1, rank=1, pid=4368, ip=172.31.47.227)[0m Head node not healthy yet. Retrying in 1s...
2026-03-26 12:28:42,519 - INFO - [36m(worker1, rank=1, pid=4368, ip=172.31.47.227)[0m [0;32mHead node is healthy. Starting worker node...[0m
2026-03-26 12:28:43,524 - INFO - [36m(worker1, rank=1, pid=4368, ip=172.31.47.227)[0m 2026-03-26 06:58:43,261	INFO scripts.py:1124 -- [37mLocal node IP[39m: [1m172.31.47.227[22m
2026-03-26 12:28:49,954 - INFO - [36m(head, rank=0, pid=7141)[0m 2026-03-26 06:58:49,712	SUCC scripts.py:975 -- [32m--------------------[39m
2026-03-26 12:28:51,766 - INFO - [36m(head, rank=0, pid=7141)[0m 2026-03-26 06:58:49,712	SUCC scripts.py:976 -- [32mRay runtime started.[39m
2026-03-26 12:28:51,766 - INFO - [36m(head, rank=0, pid=7141)[0m 2026-03-26 06:58:49,712	SUCC scripts.py:977 -- [32m--------------------[39m
2026-03-26 12:28:51,766 - INFO - [36m(head, rank=0, pid=7141)[0m 2026-03-26 06:58:49,712	INFO scripts.py:979 -- [36mNext steps[39m
2026-03-26 12:28:51,766 - INFO - [36m(head, rank=0, pid=7141)[0m 2026-03-26 06:58:49,712	INFO scripts.py:982 -- To add another node to this Ray cluster, run
2026-03-26 12:28:51,766 - INFO - [36m(head, rank=0, pid=7141)[0m 2026-03-26 06:58:49,712	INFO scripts.py:985 -- [1m  ray start --address='172.31.42.129:6379'[22m
2026-03-26 12:28:51,766 - INFO - [36m(head, rank=0, pid=7141)[0m 2026-03-26 06:58:49,712	INFO scripts.py:996 -- To connect to this Ray cluster:
2026-03-26 12:28:51,766 - INFO - [36m(head, rank=0, pid=7141)[0m 2026-03-26 06:58:49,712	INFO scripts.py:998 -- [35mimport[39m[26m ray
2026-03-26 12:28:51,766 - INFO - [36m(head, rank=0, pid=7141)[0m 2026-03-26 06:58:49,712	INFO scripts.py:999 -- ray[35m.[39m[26minit()
2026-03-26 12:28:51,766 - INFO - [36m(head, rank=0, pid=7141)[0m 2026-03-26 06:58:49,712	INFO scripts.py:1013 -- To submit a Ray job using the Ray Jobs CLI:
2026-03-26 12:28:51,766 - INFO - [36m(head, rank=0, pid=7141)[0m 2026-03-26 06:58:49,712	INFO scripts.py:1014 -- [1m  RAY_API_SERVER_ADDRESS='http://172.31.42.129:8265' ray job submit --working-dir . -- python my_script.py[22m
2026-03-26 12:28:51,766 - INFO - [36m(head, rank=0, pid=7141)[0m 2026-03-26 06:58:49,713	INFO scripts.py:1023 -- See https://docs.ray.io/en/latest/cluster/running-applications/job-submission/index.html
2026-03-26 12:28:51,766 - INFO - [36m(head, rank=0, pid=7141)[0m 2026-03-26 06:58:49,713	INFO scripts.py:1027 -- for more information on submitting Ray jobs to the Ray cluster.
2026-03-26 12:28:51,766 - INFO - [36m(head, rank=0, pid=7141)[0m 2026-03-26 06:58:49,713	INFO scripts.py:1032 -- To terminate the Ray runtime, run
2026-03-26 12:28:51,766 - INFO - [36m(head, rank=0, pid=7141)[0m 2026-03-26 06:58:49,713	INFO scripts.py:1033 -- [1m  ray stop[22m
2026-03-26 12:28:51,766 - INFO - [36m(head, rank=0, pid=7141)[0m 2026-03-26 06:58:49,713	INFO scripts.py:1036 -- To view the status of the cluster, use
2026-03-26 12:28:51,766 - INFO - [36m(head, rank=0, pid=7141)[0m 2026-03-26 06:58:49,713	INFO scripts.py:1037 --   [1mray status[22m[26m
2026-03-26 12:28:51,766 - INFO - [36m(head, rank=0, pid=7141)[0m 2026-03-26 06:58:49,713	INFO scripts.py:1041 -- To monitor and debug Ray, view the dashboard at
2026-03-26 12:28:51,766 - INFO - [36m(head, rank=0, pid=7141)[0m 2026-03-26 06:58:49,713	INFO scripts.py:1042 --   [1m172.31.42.129:8265[22m[26m
2026-03-26 12:28:51,766 - INFO - [36m(head, rank=0, pid=7141)[0m 2026-03-26 06:58:49,713	INFO scripts.py:1049 -- [4mIf connection to the dashboard fails, check your firewall settings and network configuration.[24m
2026-03-26 12:28:51,766 - INFO - [36m(head, rank=0, pid=7141)[0m [0;32mHead node started successfully.[0m
2026-03-26 12:28:52,673 - INFO - [36m(head, rank=0, pid=7141)[0m Waiting for all 2 nodes to join...
2026-03-26 12:28:52,673 - INFO - [36m(worker1, rank=1, pid=4368, ip=172.31.47.227)[0m 2026-03-26 06:58:51,595	SUCC scripts.py:1140 -- [32m--------------------[39m
2026-03-26 12:28:53,175 - INFO - [36m(worker1, rank=1, pid=4368, ip=172.31.47.227)[0m 2026-03-26 06:58:51,596	SUCC scripts.py:1141 -- [32mRay runtime started.[39m
2026-03-26 12:28:53,175 - INFO - [36m(worker1, rank=1, pid=4368, ip=172.31.47.227)[0m 2026-03-26 06:58:51,596	SUCC scripts.py:1142 -- [32m--------------------[39m
2026-03-26 12:28:53,176 - INFO - [36m(worker1, rank=1, pid=4368, ip=172.31.47.227)[0m 2026-03-26 06:58:51,596	INFO scripts.py:1144 -- To terminate the Ray runtime, run
2026-03-26 12:28:53,176 - INFO - [36m(worker1, rank=1, pid=4368, ip=172.31.47.227)[0m 2026-03-26 06:58:51,596	INFO scripts.py:1145 -- [1m  ray stop[22m
2026-03-26 12:28:53,176 - INFO - [36m(worker1, rank=1, pid=4368, ip=172.31.47.227)[0m [0;32mWorker node started successfully.[0m
2026-03-26 12:28:53,176 - INFO - [36m(head, rank=0, pid=7141)[0m [0;32mAll 2 nodes have joined.[0m
2026-03-26 12:28:57,199 - INFO - [36m(worker1, rank=1, pid=4368, ip=172.31.47.227)[0m + '[' 1 = 0 ']'
2026-03-26 12:28:58,206 - INFO - [36m(worker1, rank=1, pid=4368, ip=172.31.47.227)[0m + echo 'Cluster ready for benchmarking'
2026-03-26 12:28:58,206 - INFO - [36m(worker1, rank=1, pid=4368, ip=172.31.47.227)[0m Cluster ready for benchmarking
2026-03-26 12:28:58,206 - INFO - [36m(worker1, rank=1, pid=4368, ip=172.31.47.227)[0m ++ findmnt -t fuse.rclone --noheading
2026-03-26 12:28:58,206 - INFO - [36m(worker1, rank=1, pid=4368, ip=172.31.47.227)[0m ++ wc -l
2026-03-26 12:28:58,206 - INFO - [36m(worker1, rank=1, pid=4368, ip=172.31.47.227)[0m + '[' 0 -gt 0 ']'
2026-03-26 12:28:58,206 - INFO - [36m(head, rank=0, pid=7141)[0m + '[' 0 = 0 ']'
2026-03-26 12:28:59,110 - INFO - [36m(head, rank=0, pid=7141)[0m + echo 'Ray cluster started on head node'
2026-03-26 12:28:59,111 - INFO - [36m(head, rank=0, pid=7141)[0m Ray cluster started on head node
2026-03-26 12:28:59,111 - INFO - [36m(head, rank=0, pid=7141)[0m + ray status --address=127.0.0.1:6379
2026-03-26 12:28:59,111 - INFO - [36m(head, rank=0, pid=7141)[0m ======== Autoscaler status: 2026-03-26 06:58:55.045398 ========
2026-03-26 12:28:59,815 - INFO - [36m(head, rank=0, pid=7141)[0m Node status
2026-03-26 12:28:59,815 - INFO - [36m(head, rank=0, pid=7141)[0m ---------------------------------------------------------------
2026-03-26 12:28:59,815 - INFO - [36m(head, rank=0, pid=7141)[0m Active:
2026-03-26 12:28:59,815 - INFO - [36m(head, rank=0, pid=7141)[0m  1 node_9885f20db75c2b6d37952e3147eab2c6bc64143e31c74f56f4ad5f7e
2026-03-26 12:28:59,815 - INFO - [36m(head, rank=0, pid=7141)[0m  1 node_3ac220d845a36456d65af07fb3cb2ed2eeda0e1fda9692902bc6af9a
2026-03-26 12:28:59,815 - INFO - [36m(head, rank=0, pid=7141)[0m Pending:
2026-03-26 12:28:59,815 - INFO - [36m(head, rank=0, pid=7141)[0m  (no pending nodes)
2026-03-26 12:28:59,815 - INFO - [36m(head, rank=0, pid=7141)[0m Recent failures:
2026-03-26 12:28:59,815 - INFO - [36m(head, rank=0, pid=7141)[0m  (no failures)
2026-03-26 12:28:59,815 - INFO - [36m(head, rank=0, pid=7141)[0m
2026-03-26 12:28:59,815 - INFO - [36m(head, rank=0, pid=7141)[0m Resources
2026-03-26 12:28:59,815 - INFO - [36m(head, rank=0, pid=7141)[0m ---------------------------------------------------------------
2026-03-26 12:28:59,815 - INFO - [36m(head, rank=0, pid=7141)[0m Total Usage:
2026-03-26 12:28:59,815 - INFO - [36m(head, rank=0, pid=7141)[0m  0.0/192.0 CPU
2026-03-26 12:28:59,815 - INFO - [36m(head, rank=0, pid=7141)[0m  0.0/16.0 GPU
2026-03-26 12:28:59,815 - INFO - [36m(head, rank=0, pid=7141)[0m  0B/1.75TiB memory
2026-03-26 12:28:59,815 - INFO - [36m(head, rank=0, pid=7141)[0m  0B/372.53GiB object_store_memory
2026-03-26 12:28:59,815 - INFO - [36m(head, rank=0, pid=7141)[0m
2026-03-26 12:28:59,815 - INFO - [36m(head, rank=0, pid=7141)[0m From request_resources:
2026-03-26 12:28:59,815 - INFO - [36m(head, rank=0, pid=7141)[0m  (none)
2026-03-26 12:28:59,815 - INFO - [36m(head, rank=0, pid=7141)[0m Pending Demands:
2026-03-26 12:28:59,815 - INFO - [36m(head, rank=0, pid=7141)[0m  (no resource demands)
2026-03-26 12:28:59,815 - INFO - [36m(head, rank=0, pid=7141)[0m + PYTHONHASHSEED=0
2026-03-26 12:29:01,121 - INFO - [36m(head, rank=0, pid=7141)[0m + python roofline_benchmarks/benchmark_rf-qwen3-235b-a22b-tp8pp2-A100-80gb.py
2026-03-26 12:29:01,121 - INFO - [36m(head, rank=0, pid=7141)[0m 🚀 Starting vLLM server: /home/ubuntu/sky_workdir/.venv/bin/python -m vllm.entrypoints.openai.api_server --model Qwen/Qwen3-235B-A22B --tensor-parallel-size 8 --pipeline-parallel-size 2 --max-model-len 5120 --gpu-memory-utilization 0.85 --enforce-eager --no-enable-prefix-caching --disable-log-requests --port 8000 --distributed-executor-backend ray
2026-03-26 12:52:30,192 - INFO - [36m(head, rank=0, pid=7141)[0m ⏳ Waiting for server health (timeout=1800s)...
2026-03-26 12:52:30,192 - INFO - [36m(head, rank=0, pid=7141)[0m ✅ Server healthy after 1408.0s
2026-03-26 12:52:31,194 - INFO - [36m(head, rank=0, pid=7141)[0m 📊 Parsed from server log: KV cache=1722448 tokens, num_gpu_blocks=107653, block_size=16
2026-03-26 12:52:31,194 - INFO - [36m(head, rank=0, pid=7141)[0m 📊 target_concurrency = 336 (107653 blocks × 16 / 5120)
2026-03-26 12:52:31,194 - INFO - [36m(head, rank=0, pid=7141)[0m
2026-03-26 12:52:31,194 - INFO - [36m(head, rank=0, pid=7141)[0m ======================================================================
2026-03-26 12:52:31,194 - INFO - [36m(head, rank=0, pid=7141)[0m Running: TP=8, PP=2, input=4096, output=1024
2026-03-26 12:52:31,194 - INFO - [36m(head, rank=0, pid=7141)[0m Target concurrency: 336
2026-03-26 12:52:31,194 - INFO - [36m(head, rank=0, pid=7141)[0m ======================================================================
2026-03-26 12:52:31,194 - INFO - [36m(head, rank=0, pid=7141)[0m 2026-03-26 07:22:30,903	INFO worker.py:1810 -- Connecting to existing Ray cluster at address: 172.31.42.129:6379...
2026-03-26 12:52:31,897 - INFO - [36m(head, rank=0, pid=7141)[0m 2026-03-26 07:22:30,991	INFO worker.py:2004 -- Connected to Ray cluster. View the dashboard at [1m[32mhttp://172.31.42.129:8265 [39m[22m
2026-03-26 12:52:31,897 - INFO - [36m(head, rank=0, pid=7141)[0m 📡 Using distributed GPU monitoring (2 nodes)
2026-03-26 12:52:35,610 - INFO - [36m(head, rank=0, pid=7141)[0m 🔥 Running warmup (5 requests)...
2026-03-26 12:52:35,610 - INFO - [36m(head, rank=0, pid=7141)[0m Loading tokenizer for Qwen/Qwen3-235B-A22B...
2026-03-26 12:52:36,512 - INFO - [36m(head, rank=0, pid=7141)[0m Loading dataset emozilla/pg19-test...
2026-03-26 12:52:37,719 - INFO - [36m(head, rank=0, pid=7141)[0m `trust_remote_code` is not supported anymore.
2026-03-26 12:52:37,719 - INFO - [36m(head, rank=0, pid=7141)[0m Please check that the Hugging Face dataset 'emozilla/pg19-test' isn't based on a loading script and remove `trust_remote_code`.
2026-03-26 12:52:37,719 - INFO - [36m(head, rank=0, pid=7141)[0m If the dataset is based on a loading script, please ask the dataset author to remove it and convert it to a standard format like Parquet.
2026-03-26 12:52:38,322 - INFO - [36m(head, rank=0, pid=7141)[0m
2026-03-26 12:52:38,322 - INFO - [36m(head, rank=0, pid=7141)[0m Generating test split:   0%|          | 0/100 [00:00<?, ? examples/s]
2026-03-26 12:52:38,823 - INFO - Generating test split: 100%|██████████| 100/100 [00:00<00:00, 402.32 examples/s]
2026-03-26 12:52:38,823 - INFO - Generating test split: 100%|██████████| 100/100 [00:00<00:00, 397.63 examples/s]
2026-03-26 12:52:38,823 - INFO - [36m(head, rank=0, pid=7141)[0m Running 5 benchmark requests (concurrency=2)...
2026-03-26 12:54:49,233 - INFO - [36m(head, rank=0, pid=7141)[0m   Progress: 1/5 (130s elapsed)
2026-03-26 12:54:49,936 - INFO - [36m(head, rank=0, pid=7141)[0m   Progress: 2/5 (131s elapsed)
2026-03-26 12:56:58,365 - INFO - [36m(head, rank=0, pid=7141)[0m   Progress: 3/5 (260s elapsed)
2026-03-26 12:56:59,270 - INFO - [36m(head, rank=0, pid=7141)[0m   Progress: 4/5 (260s elapsed)
2026-03-26 12:58:57,182 - INFO - [36m(head, rank=0, pid=7141)[0m   Progress: 5/5 (378s elapsed)
2026-03-26 12:58:58,188 - INFO - [36m(head, rank=0, pid=7141)[0m
2026-03-26 12:58:58,188 - INFO - [36m(head, rank=0, pid=7141)[0m ============================================================
2026-03-26 12:58:58,188 - INFO - [36m(head, rank=0, pid=7141)[0m Benchmark complete: 5/5 successful
2026-03-26 12:58:58,188 - INFO - [36m(head, rank=0, pid=7141)[0m Wall clock: 378.4s
2026-03-26 12:58:58,188 - INFO - [36m(head, rank=0, pid=7141)[0m Results saved to: /tmp/warmup_results.json
2026-03-26 12:58:58,188 - INFO - [36m(head, rank=0, pid=7141)[0m TTFT p50/p95/p99: 490.8 / 5505.6 / 5935.5 ms
2026-03-26 12:58:58,188 - INFO - [36m(head, rank=0, pid=7141)[0m E2E  p50/p95/p99: 129345.6 / 130645.2 / 130688.0 ms
2026-03-26 12:58:58,188 - INFO - [36m(head, rank=0, pid=7141)[0m ✅ Warmup complete
2026-03-26 12:58:59,896 - INFO - [36m(head, rank=0, pid=7141)[0m 📡 Found 2 Ray nodes for GPU monitoring
2026-03-26 12:59:00,497 - INFO - [36m(head, rank=0, pid=7141)[0m    Created placement group with 2 bundles
2026-03-26 12:59:01,200 - INFO - [36m(head, rank=0, pid=7141)[0m   ✓ Deployed monitor on node0 (172.31.47.227) using placement group
2026-03-26 12:59:01,200 - INFO - [36m(head, rank=0, pid=7141)[0m   ✓ Deployed monitor on node1 (172.31.42.129) using placement group
2026-03-26 12:59:01,200 - INFO - [36m(head, rank=0, pid=7141)[0m    Starting monitoring on 2 nodes...
2026-03-26 12:59:01,200 - INFO - [36m(head, rank=0, pid=7141)[0m    Starting monitor on node0...
2026-03-26 12:59:01,200 - INFO - [36m(head, rank=0, pid=7141)[0m    ✓ Started monitor on node0
2026-03-26 12:59:01,200 - INFO - [36m(head, rank=0, pid=7141)[0m    Starting monitor on node1...
2026-03-26 12:59:01,200 - INFO - [36m(head, rank=0, pid=7141)[0m    ✓ Started monitor on node1
2026-03-26 12:59:04,517 - INFO - [36m(head, rank=0, pid=7141)[0m 📊 GPU monitoring started on 2/2 nodes
2026-03-26 12:59:04,517 - INFO - [36m(head, rank=0, pid=7141)[0m 📊 Running benchmark: 1344 requests, concurrency=336
2026-03-26 12:59:04,517 - INFO - [36m(head, rank=0, pid=7141)[0m Loading tokenizer for Qwen/Qwen3-235B-A22B...
2026-03-26 12:59:05,323 - INFO - [36m(head, rank=0, pid=7141)[0m Loading dataset emozilla/pg19-test...
2026-03-26 12:59:09,143 - INFO - [36m(head, rank=0, pid=7141)[0m `trust_remote_code` is not supported anymore.
2026-03-26 12:59:09,143 - INFO - [36m(head, rank=0, pid=7141)[0m Please check that the Hugging Face dataset 'emozilla/pg19-test' isn't based on a loading script and remove `trust_remote_code`.
2026-03-26 12:59:09,143 - INFO - [36m(head, rank=0, pid=7141)[0m If the dataset is based on a loading script, please ask the dataset author to remove it and convert it to a standard format like Parquet.
2026-03-26 12:59:09,143 - INFO - [36m(head, rank=0, pid=7141)[0m Token indices sequence length is longer than the specified maximum sequence length for this model (136936 > 131072). Running this sequence through the model will result in indexing errors
2026-03-26 12:59:36,806 - INFO - [36m(head, rank=0, pid=7141)[0m ⚠️  Only found 99 prompts with >= 4096 tokens, recycling to reach 1344
2026-03-26 13:01:27,188 - INFO - [36m(head, rank=0, pid=7141)[0m Running 1344 benchmark requests (concurrency=336)...
2026-03-26 13:01:27,188 - INFO - [36m(head, rank=0, pid=7141)[0m   Progress: 134/1344 (110s elapsed)
2026-03-26 13:01:27,792 - INFO - [36m(head, rank=0, pid=7141)[0m   Progress: 268/1344 (110s elapsed)
2026-03-26 13:01:27,792 - INFO - [36m(head, rank=0, pid=7141)[0m   Progress: 402/1344 (110s elapsed)
2026-03-26 13:01:28,797 - INFO - [36m(head, rank=0, pid=7141)[0m   Progress: 536/1344 (111s elapsed)
2026-03-26 13:01:28,797 - INFO - [36m(head, rank=0, pid=7141)[0m   Progress: 670/1344 (111s elapsed)
2026-03-26 13:01:28,797 - INFO - [36m(head, rank=0, pid=7141)[0m   Progress: 804/1344 (111s elapsed)
2026-03-26 13:01:28,797 - INFO - [36m(head, rank=0, pid=7141)[0m   Progress: 938/1344 (111s elapsed)
2026-03-26 13:01:28,797 - INFO - [36m(head, rank=0, pid=7141)[0m   Progress: 1072/1344 (111s elapsed)
2026-03-26 13:01:28,797 - INFO - [36m(head, rank=0, pid=7141)[0m   Progress: 1206/1344 (111s elapsed)
2026-03-26 13:01:28,797 - INFO - [36m(head, rank=0, pid=7141)[0m   Progress: 1340/1344 (111s elapsed)
2026-03-26 13:01:28,797 - INFO - [36m(head, rank=0, pid=7141)[0m   Progress: 1344/1344 (111s elapsed)
2026-03-26 13:01:28,797 - INFO - [36m(head, rank=0, pid=7141)[0m
2026-03-26 13:01:28,797 - INFO - [36m(head, rank=0, pid=7141)[0m ============================================================
2026-03-26 13:01:28,798 - INFO - [36m(head, rank=0, pid=7141)[0m Benchmark complete: 336/1344 successful
2026-03-26 13:01:28,798 - INFO - [36m(head, rank=0, pid=7141)[0m Wall clock: 110.9s
2026-03-26 13:01:28,798 - INFO - [36m(head, rank=0, pid=7141)[0m Results saved to: /tmp/client_results_tp8_pp2_in4096_out1024.json
2026-03-26 13:01:28,798 - INFO - [36m(head, rank=0, pid=7141)[0m TTFT p50/p95/p99: 50525.3 / 110275.6 / 110297.0 ms
2026-03-26 13:01:28,798 - INFO - [36m(head, rank=0, pid=7141)[0m E2E  p50/p95/p99: 110248.7 / 110305.2 / 110312.7 ms
2026-03-26 13:01:28,798 - INFO - [36m(head, rank=0, pid=7141)[0m 📊 GPU monitoring: 2 nodes monitored
2026-03-26 13:01:29,499 - INFO - [36m(head, rank=0, pid=7141)[0m 📈 Time-series saved to /tmp/timeseries_tp8_pp2_in4096_out1024.json
2026-03-26 13:01:29,499 - INFO - [36m(head, rank=0, pid=7141)[0m Result: success
2026-03-26 13:01:32,913 - INFO - [36m(head, rank=0, pid=7141)[0m
2026-03-26 13:01:32,913 - INFO - [36m(head, rank=0, pid=7141)[0m ✅ All done! Results in /tmp/benchmark_results.json
2026-03-26 13:01:32,913 - INFO - [36m(head, rank=0, pid=7141)[0m 🛑 Stopping vLLM server...
2026-03-26 13:01:32,913 - INFO - [36m(head, rank=0, pid=7141)[0m ✅ Server stopped
2026-03-26 13:01:34,320 - INFO - [36m(head, rank=0, pid=7141)[0m + echo 'Cluster ready for benchmarking'
2026-03-26 13:01:35,526 - INFO - [36m(head, rank=0, pid=7141)[0m Cluster ready for benchmarking
2026-03-26 13:01:35,526 - INFO - [36m(head, rank=0, pid=7141)[0m ++ findmnt -t fuse.rclone --noheading
2026-03-26 13:01:35,526 - INFO - [36m(head, rank=0, pid=7141)[0m ++ wc -l
2026-03-26 13:01:35,526 - INFO - [36m(head, rank=0, pid=7141)[0m + '[' 0 -gt 0 ']'
2026-03-26 13:01:35,526 - INFO - [0m[32m✓ Job finished (status: SUCCEEDED).[0m[0m
2026-03-26 13:01:37,134 - INFO - 
2026-03-26 13:01:38,333 - INFO - 📋 Useful Commands
2026-03-26 13:01:38,333 - INFO - Job ID: 1
2026-03-26 13:01:38,333 - INFO - ├── To cancel the job:		sky cancel rf-qwen3-235b-a22b-tp8pp2-A100-80gb 1
2026-03-26 13:01:38,333 - INFO - ├── To stream job logs:		sky logs rf-qwen3-235b-a22b-tp8pp2-A100-80gb 1
2026-03-26 13:01:38,333 - INFO - └── To view job queue:		sky queue rf-qwen3-235b-a22b-tp8pp2-A100-80gb
2026-03-26 13:01:38,333 - INFO - Cluster name: rf-qwen3-235b-a22b-tp8pp2-A100-80gb
2026-03-26 13:01:38,333 - INFO - ├── To log into the head VM:	ssh rf-qwen3-235b-a22b-tp8pp2-A100-80gb
2026-03-26 13:01:38,333 - INFO - ├── To submit a job:		sky exec rf-qwen3-235b-a22b-tp8pp2-A100-80gb yaml_file
2026-03-26 13:01:38,334 - INFO - ├── To stop the cluster:	sky stop rf-qwen3-235b-a22b-tp8pp2-A100-80gb
2026-03-26 13:01:38,334 - INFO - └── To teardown the cluster:	sky down rf-qwen3-235b-a22b-tp8pp2-A100-80gb
2026-03-26 13:01:38,334 - INFO - 📥 Fetching results...
2026-03-26 13:01:43,279 - INFO - 📈 Fetching timeseries data...
2026-03-26 13:01:50,654 - INFO - 📁 Renaming directory: tp8-pp2-2x_p4de_24xlarge-20260326_122212 -> tp8-pp2-2x_p4de_24xlarge-20260326_122212-success
2026-03-26 13:01:50,655 - INFO - 📈 Plotting timeseries for 1 successful experiment(s)...
2026-03-26 13:01:50,676 - INFO - ✅ Results saved to results/aws_p4de_A100_80gb/tp8-pp2-2x_p4de_24xlarge-20260326_122212-success/
2026-03-26 13:01:51,320 - INFO - 🗑️  Tearing down rf-qwen3-235b-a22b-tp8pp2-A100-80gb...
