2026-03-23 05:01:57,070 - INFO - Results will be saved to: results/aws_p4d_A100_40gb/tp4-pp2-p4d_24xlarge-20260323_050157
2026-03-23 05:01:57,071 - INFO - 📋 Copied benchmark_client.py to roofline_benchmarks/
2026-03-23 05:01:57,071 - INFO - 📋 Copied prometheus_parser.py to roofline_benchmarks/
2026-03-23 05:01:57,071 - INFO - 🚀 Launching rf-qwen3-32b-tp4pp2-A100-40gb...
2026-03-23 05:01:57,071 - INFO - YAML to run: roofline_benchmarks/rf-qwen3-32b-tp4pp2-A100-40gb.yaml
2026-03-23 05:01:57,071 - INFO - Running on cluster: rf-qwen3-32b-tp4pp2-A100-40gb
2026-03-23 05:01:58,476 - INFO - YAML to run: roofline_benchmarks/rf-qwen3-32b-tp4pp2-A100-40gb.yaml
2026-03-23 05:01:58,616 - INFO - Running on cluster: rf-qwen3-32b-tp4pp2-A100-40gb
2026-03-23 05:01:59,785 - INFO - [33mLaunching a spot job that does not automatically recover from preemptions. To get automatic recovery, use managed job instead: [0m[1msky jobs launch[0m [33mor[0m [1msky.jobs.launch()[0m.
2026-03-23 05:01:59,786 - INFO - Considered resources (1 node):
2026-03-23 05:02:00,996 - INFO - -------------------------------------------------------------------------------------------
2026-03-23 05:02:00,997 - INFO -  INFRA                 INSTANCE             vCPUs   Mem(GB)   GPUS     COST ($)   CHOSEN
2026-03-23 05:02:00,997 - INFO - -------------------------------------------------------------------------------------------
2026-03-23 05:02:00,997 - INFO -  AWS (ca-central-1b)   p4d.24xlarge[Spot]   96      1152      A100:8   4.57       [32m   ✔[0m
2026-03-23 05:02:00,997 - INFO - -------------------------------------------------------------------------------------------
2026-03-23 05:02:00,997 - INFO - sky.exceptions.ResourcesUnavailableError: [33mFound no quota for p4d.24xlarge spot instances in region ca-central-1 in AWS. [0mTo request quotas, check the instruction: https://docs.skypilot.co/en/latest/cloud-setup/quota.html.
2026-03-23 05:02:01,398 - INFO - 
2026-03-23 05:02:01,398 - INFO - [0m[33m↺[0m Trying other potential resources.
2026-03-23 05:02:01,398 - INFO - Considered resources (1 node):
2026-03-23 05:02:01,500 - INFO - ----------------------------------------------------------------------------------------
2026-03-23 05:02:02,810 - INFO -  INFRA              INSTANCE             vCPUs   Mem(GB)   GPUS     COST ($)   CHOSEN
2026-03-23 05:02:02,810 - INFO - ----------------------------------------------------------------------------------------
2026-03-23 05:02:02,810 - INFO -  AWS (us-east-1c)   p4d.24xlarge[Spot]   96      1152      A100:8   5.10       [32m   ✔[0m
2026-03-23 05:02:02,810 - INFO - ----------------------------------------------------------------------------------------
2026-03-23 05:02:02,810 - INFO - [33mInstance type p4d.24xlarge supports up to 4 EFA interfaces, but `use_internal_ips` is not enabled.
2026-03-23 05:02:03,011 - INFO - Launching with the current configuration will use only 1 EFA interface.
2026-03-23 05:02:03,012 - INFO - To use all 4 EFA interfaces, enable internal IPs by adding one of the following configurations to SkyPilot config:
2026-03-23 05:02:03,012 - INFO - Option 1 (with SSM):
2026-03-23 05:02:03,012 - INFO -   aws:
2026-03-23 05:02:03,012 - INFO -     use_internal_ips: true
2026-03-23 05:02:03,012 - INFO -     use_ssm: true
2026-03-23 05:02:03,012 - INFO - Option 2 (with SSH proxy):
2026-03-23 05:02:03,012 - INFO -   aws:
2026-03-23 05:02:03,012 - INFO -     use_internal_ips: true
2026-03-23 05:02:03,012 - INFO -     ssh_proxy_command: ssh -W %h:%p -i <ssh key path> -o StrictHostKeyChecking=no <user>@<jump server public ip>
2026-03-23 05:02:03,012 - INFO - Refer to https://docs.skypilot.co/en/latest/reference/config.html#aws-use-internal-ips for more details.[0m
2026-03-23 05:02:03,012 - INFO - [0m⚙︎ Launching on AWS us-east-1[0m (us-east-1c).
2026-03-23 05:02:35,152 - INFO - [2mW 03-23 05:02:35.109 PID=1652500 instance.py:288] create_instances: Attempt failed with An error occurred (InsufficientInstanceCapacity) when calling the RunInstances operation (reached max retries: 0): There is no Spot capacity available that matches your request.[0m
2026-03-23 05:02:44,624 - INFO - AWS handler error: Failed to launch instances. Max attempts exceeded.
2026-03-23 05:02:45,127 - INFO - sky.exceptions.ResourcesUnavailableError: Failed to acquire resources in us-east-1c for {AWS(p4d.24xlarge[Spot], mem=64.0+, {'A100': 8}, network_tier=best, disk_size=500)}.
2026-03-23 05:02:45,128 - INFO - 
2026-03-23 05:02:45,128 - INFO - [0m[33m↺[0m Trying other potential resources.
2026-03-23 05:02:45,128 - INFO - Considered resources (1 node):
2026-03-23 05:02:45,229 - INFO - ---------------------------------------------------------------------------------------------
2026-03-23 05:02:46,036 - INFO -  INFRA                   INSTANCE             vCPUs   Mem(GB)   GPUS     COST ($)   CHOSEN
2026-03-23 05:02:46,036 - INFO - ---------------------------------------------------------------------------------------------
2026-03-23 05:02:46,036 - INFO -  AWS (ap-southeast-2a)   p4d.24xlarge[Spot]   96      1152      A100:8   6.67       [32m   ✔[0m
2026-03-23 05:02:46,036 - INFO - ---------------------------------------------------------------------------------------------
2026-03-23 05:02:46,036 - INFO - sky.exceptions.ResourcesUnavailableError: [33mFound no quota for p4d.24xlarge spot instances in region ap-southeast-2 in AWS. [0mTo request quotas, check the instruction: https://docs.skypilot.co/en/latest/cloud-setup/quota.html.
2026-03-23 05:02:46,741 - INFO - 
2026-03-23 05:02:46,742 - INFO - [0m[33m↺[0m Trying other potential resources.
2026-03-23 05:02:46,742 - INFO - Considered resources (1 node):
2026-03-23 05:02:46,843 - INFO - ----------------------------------------------------------------------------------------
2026-03-23 05:02:47,851 - INFO -  INFRA              INSTANCE             vCPUs   Mem(GB)   GPUS     COST ($)   CHOSEN
2026-03-23 05:02:47,852 - INFO - ----------------------------------------------------------------------------------------
2026-03-23 05:02:47,852 - INFO -  AWS (eu-west-2b)   p4d.24xlarge[Spot]   96      1152      A100:8   6.99       [32m   ✔[0m
2026-03-23 05:02:47,852 - INFO - ----------------------------------------------------------------------------------------
2026-03-23 05:02:47,852 - INFO - sky.exceptions.ResourcesUnavailableError: [33mFound no quota for p4d.24xlarge spot instances in region eu-west-2 in AWS. [0mTo request quotas, check the instruction: https://docs.skypilot.co/en/latest/cloud-setup/quota.html.
2026-03-23 05:02:48,659 - INFO - 
2026-03-23 05:02:48,659 - INFO - [0m[33m↺[0m Trying other potential resources.
2026-03-23 05:02:48,659 - INFO - Considered resources (1 node):
2026-03-23 05:02:49,667 - INFO - -----------------------------------------------------------------------------------------
2026-03-23 05:02:49,667 - INFO -  INFRA               INSTANCE             vCPUs   Mem(GB)   GPUS     COST ($)   CHOSEN
2026-03-23 05:02:49,667 - INFO - -----------------------------------------------------------------------------------------
2026-03-23 05:02:49,667 - INFO -  AWS (eu-north-1c)   p4d.24xlarge[Spot]   96      1152      A100:8   7.49       [32m   ✔[0m
2026-03-23 05:02:49,667 - INFO - -----------------------------------------------------------------------------------------
2026-03-23 05:02:49,668 - INFO - sky.exceptions.ResourcesUnavailableError: [33mFound no quota for p4d.24xlarge spot instances in region eu-north-1 in AWS. [0mTo request quotas, check the instruction: https://docs.skypilot.co/en/latest/cloud-setup/quota.html.
2026-03-23 05:02:50,574 - INFO - 
2026-03-23 05:02:50,574 - INFO - [0m[33m↺[0m Trying other potential resources.
2026-03-23 05:02:50,574 - INFO - Considered resources (1 node):
2026-03-23 05:02:52,187 - INFO - ----------------------------------------------------------------------------------------
2026-03-23 05:02:52,187 - INFO -  INFRA              INSTANCE             vCPUs   Mem(GB)   GPUS     COST ($)   CHOSEN
2026-03-23 05:02:52,187 - INFO - ----------------------------------------------------------------------------------------
2026-03-23 05:02:52,187 - INFO -  AWS (us-east-1b)   p4d.24xlarge[Spot]   96      1152      A100:8   7.89       [32m   ✔[0m
2026-03-23 05:02:52,188 - INFO - ----------------------------------------------------------------------------------------
2026-03-23 05:02:52,188 - INFO - [33mInstance type p4d.24xlarge supports up to 4 EFA interfaces, but `use_internal_ips` is not enabled.
2026-03-23 05:02:52,289 - INFO - Launching with the current configuration will use only 1 EFA interface.
2026-03-23 05:02:52,289 - INFO - To use all 4 EFA interfaces, enable internal IPs by adding one of the following configurations to SkyPilot config:
2026-03-23 05:02:52,289 - INFO - Option 1 (with SSM):
2026-03-23 05:02:52,289 - INFO -   aws:
2026-03-23 05:02:52,289 - INFO -     use_internal_ips: true
2026-03-23 05:02:52,289 - INFO -     use_ssm: true
2026-03-23 05:02:52,289 - INFO - Option 2 (with SSH proxy):
2026-03-23 05:02:52,289 - INFO -   aws:
2026-03-23 05:02:52,289 - INFO -     use_internal_ips: true
2026-03-23 05:02:52,289 - INFO -     ssh_proxy_command: ssh -W %h:%p -i <ssh key path> -o StrictHostKeyChecking=no <user>@<jump server public ip>
2026-03-23 05:02:52,289 - INFO - Refer to https://docs.skypilot.co/en/latest/reference/config.html#aws-use-internal-ips for more details.[0m
2026-03-23 05:02:52,289 - INFO - [0m⚙︎ Launching on AWS us-east-1[0m (us-east-1b).
2026-03-23 05:03:17,574 - INFO - [2mW 03-23 05:03:17.571 PID=1652500 instance.py:288] create_instances: Attempt failed with An error occurred (InsufficientInstanceCapacity) when calling the RunInstances operation (reached max retries: 0): We currently do not have sufficient p4d.24xlarge capacity in the Availability Zone you requested (us-east-1b). Our system will be working on provisioning additional capacity. You can currently get p4d.24xlarge capacity by not specifying an Availability Zone in your request or choosing us-east-1a, us-east-1c, us-east-1d.[0m
2026-03-23 05:03:24,218 - INFO - AWS handler error: Failed to launch instances. Max attempts exceeded.
2026-03-23 05:03:24,320 - INFO - sky.exceptions.ResourcesUnavailableError: Failed to acquire resources in us-east-1b for {AWS(p4d.24xlarge[Spot], mem=64.0+, {'A100': 8}, network_tier=best, disk_size=500)}.
2026-03-23 05:03:25,327 - INFO - 
2026-03-23 05:03:25,327 - INFO - [0m[33m↺[0m Trying other potential resources.
2026-03-23 05:03:25,327 - INFO - Considered resources (1 node):
2026-03-23 05:03:25,429 - INFO - -------------------------------------------------------------------------------------------
2026-03-23 05:03:26,436 - INFO -  INFRA                 INSTANCE             vCPUs   Mem(GB)   GPUS     COST ($)   CHOSEN
2026-03-23 05:03:26,436 - INFO - -------------------------------------------------------------------------------------------
2026-03-23 05:03:26,436 - INFO -  AWS (ca-central-1a)   p4d.24xlarge[Spot]   96      1152      A100:8   9.64       [32m   ✔[0m
2026-03-23 05:03:26,436 - INFO - -------------------------------------------------------------------------------------------
2026-03-23 05:03:26,436 - INFO - sky.exceptions.ResourcesUnavailableError: [33mFound no quota for p4d.24xlarge spot instances in region ca-central-1 in AWS. [0mTo request quotas, check the instruction: https://docs.skypilot.co/en/latest/cloud-setup/quota.html.
2026-03-23 05:03:26,536 - INFO - 
2026-03-23 05:03:27,744 - INFO - [0m[33m↺[0m Trying other potential resources.
2026-03-23 05:03:27,745 - INFO - Considered resources (1 node):
2026-03-23 05:03:28,857 - INFO - ----------------------------------------------------------------------------------------
2026-03-23 05:03:28,857 - INFO -  INFRA              INSTANCE             vCPUs   Mem(GB)   GPUS     COST ($)   CHOSEN
2026-03-23 05:03:28,857 - INFO - ----------------------------------------------------------------------------------------
2026-03-23 05:03:28,857 - INFO -  AWS (eu-west-1a)   p4d.24xlarge[Spot]   96      1152      A100:8   9.90       [32m   ✔[0m
2026-03-23 05:03:28,857 - INFO - ----------------------------------------------------------------------------------------
2026-03-23 05:03:28,857 - INFO - sky.exceptions.ResourcesUnavailableError: [33mFound no quota for p4d.24xlarge spot instances in region eu-west-1 in AWS. [0mTo request quotas, check the instruction: https://docs.skypilot.co/en/latest/cloud-setup/quota.html.
2026-03-23 05:03:30,066 - INFO - 
2026-03-23 05:03:30,066 - INFO - [0m[33m↺[0m Trying other potential resources.
2026-03-23 05:03:30,066 - INFO - Considered resources (1 node):
2026-03-23 05:03:30,167 - INFO - -------------------------------------------------------------------------------------------
2026-03-23 05:03:31,077 - INFO -  INFRA                 INSTANCE             vCPUs   Mem(GB)   GPUS     COST ($)   CHOSEN
2026-03-23 05:03:31,078 - INFO - -------------------------------------------------------------------------------------------
2026-03-23 05:03:31,078 - INFO -  AWS (eu-central-1c)   p4d.24xlarge[Spot]   96      1152      A100:8   9.92       [32m   ✔[0m
2026-03-23 05:03:31,078 - INFO - -------------------------------------------------------------------------------------------
2026-03-23 05:03:31,078 - INFO - sky.exceptions.ResourcesUnavailableError: [33mFound no quota for p4d.24xlarge spot instances in region eu-central-1 in AWS. [0mTo request quotas, check the instruction: https://docs.skypilot.co/en/latest/cloud-setup/quota.html.
2026-03-23 05:03:31,178 - INFO - 
2026-03-23 05:03:32,487 - INFO - [0m[33m↺[0m Trying other potential resources.
2026-03-23 05:03:32,488 - INFO - Considered resources (1 node):
2026-03-23 05:03:32,589 - INFO - ---------------------------------------------------------------------------------------------
2026-03-23 05:03:33,494 - INFO -  INFRA                   INSTANCE             vCPUs   Mem(GB)   GPUS     COST ($)   CHOSEN
2026-03-23 05:03:33,495 - INFO - ---------------------------------------------------------------------------------------------
2026-03-23 05:03:33,495 - INFO -  AWS (ap-northeast-2d)   p4d.24xlarge[Spot]   96      1152      A100:8   10.43      [32m   ✔[0m
2026-03-23 05:03:33,495 - INFO - ---------------------------------------------------------------------------------------------
2026-03-23 05:03:33,495 - INFO - sky.exceptions.ResourcesUnavailableError: [33mFound no quota for p4d.24xlarge spot instances in region ap-northeast-2 in AWS. [0mTo request quotas, check the instruction: https://docs.skypilot.co/en/latest/cloud-setup/quota.html.
2026-03-23 05:03:34,905 - INFO - 
2026-03-23 05:03:34,905 - INFO - [0m[33m↺[0m Trying other potential resources.
2026-03-23 05:03:34,905 - INFO - Considered resources (1 node):
2026-03-23 05:03:36,316 - INFO - ----------------------------------------------------------------------------------------
2026-03-23 05:03:36,316 - INFO -  INFRA              INSTANCE             vCPUs   Mem(GB)   GPUS     COST ($)   CHOSEN
2026-03-23 05:03:36,316 - INFO - ----------------------------------------------------------------------------------------
2026-03-23 05:03:36,316 - INFO -  AWS (us-west-2b)   p4d.24xlarge[Spot]   96      1152      A100:8   10.50      [32m   ✔[0m
2026-03-23 05:03:36,316 - INFO - ----------------------------------------------------------------------------------------
2026-03-23 05:03:36,316 - INFO - [33mInstance type p4d.24xlarge supports up to 4 EFA interfaces, but `use_internal_ips` is not enabled.
2026-03-23 05:03:36,416 - INFO - Launching with the current configuration will use only 1 EFA interface.
2026-03-23 05:03:36,417 - INFO - To use all 4 EFA interfaces, enable internal IPs by adding one of the following configurations to SkyPilot config:
2026-03-23 05:03:36,417 - INFO - Option 1 (with SSM):
2026-03-23 05:03:36,417 - INFO -   aws:
2026-03-23 05:03:36,417 - INFO -     use_internal_ips: true
2026-03-23 05:03:36,417 - INFO -     use_ssm: true
2026-03-23 05:03:36,417 - INFO - Option 2 (with SSH proxy):
2026-03-23 05:03:36,417 - INFO -   aws:
2026-03-23 05:03:36,417 - INFO -     use_internal_ips: true
2026-03-23 05:03:36,417 - INFO -     ssh_proxy_command: ssh -W %h:%p -i <ssh key path> -o StrictHostKeyChecking=no <user>@<jump server public ip>
2026-03-23 05:03:36,417 - INFO - Refer to https://docs.skypilot.co/en/latest/reference/config.html#aws-use-internal-ips for more details.[0m
2026-03-23 05:03:36,417 - INFO - [0m⚙︎ Launching on AWS us-west-2[0m (us-west-2b).
2026-03-23 05:04:03,109 - INFO - [2mW 03-23 05:04:03.078 PID=1652500 instance.py:288] create_instances: Attempt failed with An error occurred (InsufficientInstanceCapacity) when calling the RunInstances operation (reached max retries: 0): There is no Spot capacity available that matches your request.[0m
2026-03-23 05:04:08,257 - INFO - AWS handler error: Failed to launch instances. Max attempts exceeded.
2026-03-23 05:04:08,359 - INFO - sky.exceptions.ResourcesUnavailableError: Failed to acquire resources in us-west-2b for {AWS(p4d.24xlarge[Spot], mem=64.0+, {'A100': 8}, network_tier=best, disk_size=500)}.
2026-03-23 05:04:08,360 - INFO - 
2026-03-23 05:04:09,870 - INFO - [0m[33m↺[0m Trying other potential resources.
2026-03-23 05:04:09,870 - INFO - Considered resources (1 node):
2026-03-23 05:04:10,777 - INFO - ---------------------------------------------------------------------------------------------
2026-03-23 05:04:10,777 - INFO -  INFRA                   INSTANCE             vCPUs   Mem(GB)   GPUS     COST ($)   CHOSEN
2026-03-23 05:04:10,777 - INFO - ---------------------------------------------------------------------------------------------
2026-03-23 05:04:10,777 - INFO -  AWS (ap-northeast-2b)   p4d.24xlarge[Spot]   96      1152      A100:8   11.24      [32m   ✔[0m
2026-03-23 05:04:10,777 - INFO - ---------------------------------------------------------------------------------------------
2026-03-23 05:04:10,777 - INFO - sky.exceptions.ResourcesUnavailableError: [33mFound no quota for p4d.24xlarge spot instances in region ap-northeast-2 in AWS. [0mTo request quotas, check the instruction: https://docs.skypilot.co/en/latest/cloud-setup/quota.html.
2026-03-23 05:04:12,387 - INFO - 
2026-03-23 05:04:12,387 - INFO - [0m[33m↺[0m Trying other potential resources.
2026-03-23 05:04:12,387 - INFO - Considered resources (1 node):
2026-03-23 05:04:12,488 - INFO - ----------------------------------------------------------------------------------------
2026-03-23 05:04:13,696 - INFO -  INFRA              INSTANCE             vCPUs   Mem(GB)   GPUS     COST ($)   CHOSEN
2026-03-23 05:04:13,696 - INFO - ----------------------------------------------------------------------------------------
2026-03-23 05:04:13,696 - INFO -  AWS (us-west-2d)   p4d.24xlarge[Spot]   96      1152      A100:8   11.61      [32m   ✔[0m
2026-03-23 05:04:13,696 - INFO - ----------------------------------------------------------------------------------------
2026-03-23 05:04:13,696 - INFO - [33mInstance type p4d.24xlarge supports up to 4 EFA interfaces, but `use_internal_ips` is not enabled.
2026-03-23 05:04:13,798 - INFO - Launching with the current configuration will use only 1 EFA interface.
2026-03-23 05:04:13,799 - INFO - To use all 4 EFA interfaces, enable internal IPs by adding one of the following configurations to SkyPilot config:
2026-03-23 05:04:13,799 - INFO - Option 1 (with SSM):
2026-03-23 05:04:13,799 - INFO -   aws:
2026-03-23 05:04:13,799 - INFO -     use_internal_ips: true
2026-03-23 05:04:13,799 - INFO -     use_ssm: true
2026-03-23 05:04:13,799 - INFO - Option 2 (with SSH proxy):
2026-03-23 05:04:13,799 - INFO -   aws:
2026-03-23 05:04:13,799 - INFO -     use_internal_ips: true
2026-03-23 05:04:13,799 - INFO -     ssh_proxy_command: ssh -W %h:%p -i <ssh key path> -o StrictHostKeyChecking=no <user>@<jump server public ip>
2026-03-23 05:04:13,799 - INFO - Refer to https://docs.skypilot.co/en/latest/reference/config.html#aws-use-internal-ips for more details.[0m
2026-03-23 05:04:13,799 - INFO - [0m⚙︎ Launching on AWS us-west-2[0m (us-west-2d).
2026-03-23 05:04:50,658 - INFO - [33mInstance type p4d.24xlarge supports up to 4 EFA interfaces, but `use_internal_ips` is not enabled.
2026-03-23 05:06:01,209 - INFO - Launching with the current configuration will use only 1 EFA interface.
2026-03-23 05:06:01,209 - INFO - To use all 4 EFA interfaces, enable internal IPs by adding one of the following configurations to SkyPilot config:
2026-03-23 05:06:01,209 - INFO - Option 1 (with SSM):
2026-03-23 05:06:01,209 - INFO -   aws:
2026-03-23 05:06:01,210 - INFO -     use_internal_ips: true
2026-03-23 05:06:01,210 - INFO -     use_ssm: true
2026-03-23 05:06:01,210 - INFO - Option 2 (with SSH proxy):
2026-03-23 05:06:01,210 - INFO -   aws:
2026-03-23 05:06:01,210 - INFO -     use_internal_ips: true
2026-03-23 05:06:01,210 - INFO -     ssh_proxy_command: ssh -W %h:%p -i <ssh key path> -o StrictHostKeyChecking=no <user>@<jump server public ip>
2026-03-23 05:06:01,210 - INFO - Refer to https://docs.skypilot.co/en/latest/reference/config.html#aws-use-internal-ips for more details.[0m
2026-03-23 05:06:01,210 - INFO - [2m└── [0m[2mInstance is up.[0m
2026-03-23 05:06:50,356 - INFO - [0m[32m✓ Cluster launched: rf-qwen3-32b-tp4pp2-A100-40gb.[0m[0m  [2mView logs: [1msky logs --provision rf-qwen3-32b-tp4pp2-A100-40gb[0m[0m
2026-03-23 05:06:50,356 - INFO - [0m⚙︎ Syncing files.
2026-03-23 05:06:50,456 - INFO -   [33mThe size of workdir '/home/orange/Desktop/tandemn/tandemn-profiling/roofline/vllm' is 406 MB. Try to keep workdir small or use .skyignore to exclude large files, as large sizes will slow down rsync.[0m
2026-03-23 05:07:06,777 - INFO -   [2mSyncing workdir (to 1 node): /home/orange/Desktop/tandemn/tandemn-profiling/roofline/vllm -> ~/sky_workdir[0m
2026-03-23 05:07:06,777 - INFO - [0m[32m✓ Synced workdir.[0m[0m  [2mView logs: sky api logs -l sky-2026-03-23-05-01-58-736913/workdir_sync.log[0m
2026-03-23 05:07:14,342 - INFO - [0m[32m✓ Setup detached.[0m[0m
2026-03-23 05:07:19,479 - INFO - [0m⚙︎ Job submitted, ID: 1
2026-03-23 05:07:35,026 - INFO - [2m├── [0m[2mWaiting for task resources on 1 node.[0m
2026-03-23 05:07:35,533 - INFO - [2m└── [0mJob started. Streaming logs... [2m(Ctrl-C to exit log streaming; job will not be killed)[0m
2026-03-23 05:07:35,536 - INFO - [36m(setup pid=6994)[0m + GPU_TYPE=A100_40gb
2026-03-23 05:07:35,536 - INFO - [36m(setup pid=6994)[0m + IS_A100=true
2026-03-23 05:07:35,536 - INFO - [36m(setup pid=6994)[0m + echo 'GPU Type: A100_40gb, Is A100: true'
2026-03-23 05:07:35,536 - INFO - [36m(setup pid=6994)[0m GPU Type: A100_40gb, Is A100: true
2026-03-23 05:07:35,536 - INFO - [36m(setup pid=6994)[0m + echo '=== Initial System Diagnostics ==='
2026-03-23 05:07:35,536 - INFO - [36m(setup pid=6994)[0m === Initial System Diagnostics ===
2026-03-23 05:07:35,536 - INFO - [36m(setup pid=6994)[0m + echo 'Checking for NVIDIA driver...'
2026-03-23 05:07:35,536 - INFO - [36m(setup pid=6994)[0m Checking for NVIDIA driver...
2026-03-23 05:07:35,536 - INFO - [36m(setup pid=6994)[0m + nvidia-smi
2026-03-23 05:07:35,536 - INFO - [36m(setup pid=6994)[0m Sun Mar 22 23:37:24 2026
2026-03-23 05:07:35,536 - INFO - [36m(setup pid=6994)[0m +-----------------------------------------------------------------------------------------+
2026-03-23 05:07:35,536 - INFO - [36m(setup pid=6994)[0m | NVIDIA-SMI 570.172.08             Driver Version: 570.172.08     CUDA Version: 12.8     |
2026-03-23 05:07:35,537 - INFO - [36m(setup pid=6994)[0m |-----------------------------------------+------------------------+----------------------+
2026-03-23 05:07:35,537 - INFO - [36m(setup pid=6994)[0m | GPU  Name                 Persistence-M | Bus-Id          Disp.A | Volatile Uncorr. ECC |
2026-03-23 05:07:35,537 - INFO - [36m(setup pid=6994)[0m | Fan  Temp   Perf          Pwr:Usage/Cap |           Memory-Usage | GPU-Util  Compute M. |
2026-03-23 05:07:35,537 - INFO - [36m(setup pid=6994)[0m |                                         |                        |               MIG M. |
2026-03-23 05:07:35,537 - INFO - [36m(setup pid=6994)[0m |=========================================+========================+======================|
2026-03-23 05:07:35,537 - INFO - [36m(setup pid=6994)[0m |   0  NVIDIA A100-SXM4-40GB          On  |   00000000:10:1C.0 Off |                    0 |
2026-03-23 05:07:35,537 - INFO - [36m(setup pid=6994)[0m | N/A   30C    P0             55W /  400W |       0MiB /  40960MiB |      0%      Default |
2026-03-23 05:07:35,537 - INFO - [36m(setup pid=6994)[0m |                                         |                        |             Disabled |
2026-03-23 05:07:35,537 - INFO - [36m(setup pid=6994)[0m +-----------------------------------------+------------------------+----------------------+
2026-03-23 05:07:35,537 - INFO - [36m(setup pid=6994)[0m |   1  NVIDIA A100-SXM4-40GB          On  |   00000000:10:1D.0 Off |                    0 |
2026-03-23 05:07:35,537 - INFO - [36m(setup pid=6994)[0m | N/A   28C    P0             54W /  400W |       0MiB /  40960MiB |      0%      Default |
2026-03-23 05:07:35,537 - INFO - [36m(setup pid=6994)[0m |                                         |                        |             Disabled |
2026-03-23 05:07:35,537 - INFO - [36m(setup pid=6994)[0m +-----------------------------------------+------------------------+----------------------+
2026-03-23 05:07:35,537 - INFO - [36m(setup pid=6994)[0m |   2  NVIDIA A100-SXM4-40GB          On  |   00000000:20:1C.0 Off |                    0 |
2026-03-23 05:07:35,537 - INFO - [36m(setup pid=6994)[0m | N/A   29C    P0             53W /  400W |       0MiB /  40960MiB |      0%      Default |
2026-03-23 05:07:35,537 - INFO - [36m(setup pid=6994)[0m |                                         |                        |             Disabled |
2026-03-23 05:07:35,537 - INFO - [36m(setup pid=6994)[0m +-----------------------------------------+------------------------+----------------------+
2026-03-23 05:07:35,537 - INFO - [36m(setup pid=6994)[0m |   3  NVIDIA A100-SXM4-40GB          On  |   00000000:20:1D.0 Off |                    0 |
2026-03-23 05:07:35,537 - INFO - [36m(setup pid=6994)[0m | N/A   29C    P0             54W /  400W |       0MiB /  40960MiB |      0%      Default |
2026-03-23 05:07:35,537 - INFO - [36m(setup pid=6994)[0m |                                         |                        |             Disabled |
2026-03-23 05:07:35,537 - INFO - [36m(setup pid=6994)[0m +-----------------------------------------+------------------------+----------------------+
2026-03-23 05:07:35,537 - INFO - [36m(setup pid=6994)[0m |   4  NVIDIA A100-SXM4-40GB          On  |   00000000:90:1C.0 Off |                    0 |
2026-03-23 05:07:35,537 - INFO - [36m(setup pid=6994)[0m | N/A   29C    P0             61W /  400W |       0MiB /  40960MiB |      0%      Default |
2026-03-23 05:07:35,537 - INFO - [36m(setup pid=6994)[0m |                                         |                        |             Disabled |
2026-03-23 05:07:35,538 - INFO - [36m(setup pid=6994)[0m +-----------------------------------------+------------------------+----------------------+
2026-03-23 05:07:35,538 - INFO - [36m(setup pid=6994)[0m |   5  NVIDIA A100-SXM4-40GB          On  |   00000000:90:1D.0 Off |                    0 |
2026-03-23 05:07:35,538 - INFO - [36m(setup pid=6994)[0m | N/A   29C    P0             56W /  400W |       0MiB /  40960MiB |      0%      Default |
2026-03-23 05:07:35,538 - INFO - [36m(setup pid=6994)[0m |                                         |                        |             Disabled |
2026-03-23 05:07:35,538 - INFO - [36m(setup pid=6994)[0m +-----------------------------------------+------------------------+----------------------+
2026-03-23 05:07:35,538 - INFO - [36m(setup pid=6994)[0m |   6  NVIDIA A100-SXM4-40GB          On  |   00000000:A0:1C.0 Off |                    0 |
2026-03-23 05:07:35,538 - INFO - [36m(setup pid=6994)[0m | N/A   29C    P0             55W /  400W |       0MiB /  40960MiB |      0%      Default |
2026-03-23 05:07:35,538 - INFO - [36m(setup pid=6994)[0m |                                         |                        |             Disabled |
2026-03-23 05:07:35,538 - INFO - [36m(setup pid=6994)[0m +-----------------------------------------+------------------------+----------------------+
2026-03-23 05:07:35,538 - INFO - [36m(setup pid=6994)[0m |   7  NVIDIA A100-SXM4-40GB          On  |   00000000:A0:1D.0 Off |                    0 |
2026-03-23 05:07:35,538 - INFO - [36m(setup pid=6994)[0m | N/A   29C    P0             56W /  400W |       0MiB /  40960MiB |      0%      Default |
2026-03-23 05:07:35,538 - INFO - [36m(setup pid=6994)[0m |                                         |                        |             Disabled |
2026-03-23 05:07:35,538 - INFO - [36m(setup pid=6994)[0m +-----------------------------------------+------------------------+----------------------+
2026-03-23 05:07:35,538 - INFO - [36m(setup pid=6994)[0m
2026-03-23 05:07:35,538 - INFO - [36m(setup pid=6994)[0m +-----------------------------------------------------------------------------------------+
2026-03-23 05:07:35,538 - INFO - [36m(setup pid=6994)[0m | Processes:                                                                              |
2026-03-23 05:07:35,538 - INFO - [36m(setup pid=6994)[0m |  GPU   GI   CI              PID   Type   Process name                        GPU Memory |
2026-03-23 05:07:35,538 - INFO - [36m(setup pid=6994)[0m |        ID   ID                                                               Usage      |
2026-03-23 05:07:35,538 - INFO - [36m(setup pid=6994)[0m |=========================================================================================|
2026-03-23 05:07:35,538 - INFO - [36m(setup pid=6994)[0m |  No running processes found                                                             |
2026-03-23 05:07:35,538 - INFO - [36m(setup pid=6994)[0m +-----------------------------------------------------------------------------------------+
2026-03-23 05:07:35,538 - INFO - [36m(setup pid=6994)[0m + echo 'Checking CUDA libraries...'
2026-03-23 05:07:35,538 - INFO - [36m(setup pid=6994)[0m Checking CUDA libraries...
2026-03-23 05:07:35,538 - INFO - [36m(setup pid=6994)[0m + ldconfig -p
2026-03-23 05:07:35,538 - INFO - [36m(setup pid=6994)[0m + grep --color=auto cuda
2026-03-23 05:07:35,538 - INFO - [36m(setup pid=6994)[0m 	libnvrtc.so.12 (libc6,x86-64) => /usr/local/cuda-12.4/targets/x86_64-linux/lib/libnvrtc.so.12
2026-03-23 05:07:35,538 - INFO - [36m(setup pid=6994)[0m 	libnvrtc.so.12 (libc6,x86-64) => /usr/local/cuda-12.5/targets/x86_64-linux/lib/libnvrtc.so.12
2026-03-23 05:07:35,539 - INFO - [36m(setup pid=6994)[0m 	libnvrtc.so.12 (libc6,x86-64) => /usr/local/cuda-12.6/targets/x86_64-linux/lib/libnvrtc.so.12
2026-03-23 05:07:35,539 - INFO - [36m(setup pid=6994)[0m 	libnvrtc.so.12 (libc6,x86-64) => /usr/local/cuda-12.8/targets/x86_64-linux/lib/libnvrtc.so.12
2026-03-23 05:07:35,539 - INFO - [36m(setup pid=6994)[0m 	libnvrtc.so (libc6,x86-64) => /usr/local/cuda-12.4/targets/x86_64-linux/lib/libnvrtc.so
2026-03-23 05:07:35,539 - INFO - [36m(setup pid=6994)[0m 	libnvrtc.so (libc6,x86-64) => /usr/local/cuda-12.5/targets/x86_64-linux/lib/libnvrtc.so
2026-03-23 05:07:35,539 - INFO - [36m(setup pid=6994)[0m 	libnvrtc.so (libc6,x86-64) => /usr/local/cuda-12.6/targets/x86_64-linux/lib/libnvrtc.so
2026-03-23 05:07:35,539 - INFO - [36m(setup pid=6994)[0m 	libnvrtc.so (libc6,x86-64) => /usr/local/cuda-12.8/targets/x86_64-linux/lib/libnvrtc.so
2026-03-23 05:07:35,539 - INFO - [36m(setup pid=6994)[0m 	libnvrtc.alt.so.12 (libc6,x86-64) => /usr/local/cuda-12.8/targets/x86_64-linux/lib/libnvrtc.alt.so.12
2026-03-23 05:07:35,539 - INFO - [36m(setup pid=6994)[0m 	libnvrtc.alt.so (libc6,x86-64) => /usr/local/cuda-12.8/targets/x86_64-linux/lib/libnvrtc.alt.so
2026-03-23 05:07:35,539 - INFO - [36m(setup pid=6994)[0m 	libnvrtc-builtins.so.12.8 (libc6,x86-64) => /usr/local/cuda-12.8/targets/x86_64-linux/lib/libnvrtc-builtins.so.12.8
2026-03-23 05:07:35,539 - INFO - [36m(setup pid=6994)[0m 	libnvrtc-builtins.so.12.6 (libc6,x86-64) => /usr/local/cuda-12.6/targets/x86_64-linux/lib/libnvrtc-builtins.so.12.6
2026-03-23 05:07:35,539 - INFO - [36m(setup pid=6994)[0m 	libnvrtc-builtins.so.12.5 (libc6,x86-64) => /usr/local/cuda-12.5/targets/x86_64-linux/lib/libnvrtc-builtins.so.12.5
2026-03-23 05:07:35,539 - INFO - [36m(setup pid=6994)[0m 	libnvrtc-builtins.so.12.4 (libc6,x86-64) => /usr/local/cuda-12.4/targets/x86_64-linux/lib/libnvrtc-builtins.so.12.4
2026-03-23 05:07:35,539 - INFO - [36m(setup pid=6994)[0m 	libnvrtc-builtins.so (libc6,x86-64) => /usr/local/cuda-12.4/targets/x86_64-linux/lib/libnvrtc-builtins.so
2026-03-23 05:07:35,539 - INFO - [36m(setup pid=6994)[0m 	libnvrtc-builtins.so (libc6,x86-64) => /usr/local/cuda-12.5/targets/x86_64-linux/lib/libnvrtc-builtins.so
2026-03-23 05:07:35,539 - INFO - [36m(setup pid=6994)[0m 	libnvrtc-builtins.so (libc6,x86-64) => /usr/local/cuda-12.6/targets/x86_64-linux/lib/libnvrtc-builtins.so
2026-03-23 05:07:35,539 - INFO - [36m(setup pid=6994)[0m 	libnvrtc-builtins.so (libc6,x86-64) => /usr/local/cuda-12.8/targets/x86_64-linux/lib/libnvrtc-builtins.so
2026-03-23 05:07:35,539 - INFO - [36m(setup pid=6994)[0m 	libnvrtc-builtins.alt.so.12.8 (libc6,x86-64) => /usr/local/cuda-12.8/targets/x86_64-linux/lib/libnvrtc-builtins.alt.so.12.8
2026-03-23 05:07:35,539 - INFO - [36m(setup pid=6994)[0m 	libnvrtc-builtins.alt.so (libc6,x86-64) => /usr/local/cuda-12.8/targets/x86_64-linux/lib/libnvrtc-builtins.alt.so
2026-03-23 05:07:35,539 - INFO - [36m(setup pid=6994)[0m 	libnvjpeg.so.12 (libc6,x86-64) => /usr/local/cuda-12.4/targets/x86_64-linux/lib/libnvjpeg.so.12
2026-03-23 05:07:35,539 - INFO - [36m(setup pid=6994)[0m 	libnvjpeg.so.12 (libc6,x86-64) => /usr/local/cuda-12.5/targets/x86_64-linux/lib/libnvjpeg.so.12
2026-03-23 05:07:35,539 - INFO - [36m(setup pid=6994)[0m 	libnvjpeg.so.12 (libc6,x86-64) => /usr/local/cuda-12.6/targets/x86_64-linux/lib/libnvjpeg.so.12
2026-03-23 05:07:35,539 - INFO - [36m(setup pid=6994)[0m 	libnvjpeg.so.12 (libc6,x86-64) => /usr/local/cuda-12.8/targets/x86_64-linux/lib/libnvjpeg.so.12
2026-03-23 05:07:35,837 - INFO - [36m(setup pid=6994)[0m 	libnvjpeg.so (libc6,x86-64) => /usr/local/cuda-12.4/targets/x86_64-linux/lib/libnvjpeg.so
2026-03-23 05:07:35,837 - INFO - [36m(setup pid=6994)[0m 	libnvjpeg.so (libc6,x86-64) => /usr/local/cuda-12.5/targets/x86_64-linux/lib/libnvjpeg.so
2026-03-23 05:07:35,838 - INFO - [36m(setup pid=6994)[0m 	libnvjpeg.so (libc6,x86-64) => /usr/local/cuda-12.6/targets/x86_64-linux/lib/libnvjpeg.so
2026-03-23 05:07:35,838 - INFO - [36m(setup pid=6994)[0m 	libnvjpeg.so (libc6,x86-64) => /usr/local/cuda-12.8/targets/x86_64-linux/lib/libnvjpeg.so
2026-03-23 05:07:35,838 - INFO - [36m(setup pid=6994)[0m 	libnvfatbin.so.12 (libc6,x86-64) => /usr/local/cuda-12.4/targets/x86_64-linux/lib/libnvfatbin.so.12
2026-03-23 05:07:35,838 - INFO - [36m(setup pid=6994)[0m 	libnvfatbin.so.12 (libc6,x86-64) => /usr/local/cuda-12.5/targets/x86_64-linux/lib/libnvfatbin.so.12
2026-03-23 05:07:35,838 - INFO - [36m(setup pid=6994)[0m 	libnvfatbin.so.12 (libc6,x86-64) => /usr/local/cuda-12.6/targets/x86_64-linux/lib/libnvfatbin.so.12
2026-03-23 05:07:35,838 - INFO - [36m(setup pid=6994)[0m 	libnvfatbin.so.12 (libc6,x86-64) => /usr/local/cuda-12.8/targets/x86_64-linux/lib/libnvfatbin.so.12
2026-03-23 05:07:35,838 - INFO - [36m(setup pid=6994)[0m 	libnvfatbin.so (libc6,x86-64) => /usr/local/cuda-12.4/targets/x86_64-linux/lib/libnvfatbin.so
2026-03-23 05:07:35,838 - INFO - [36m(setup pid=6994)[0m 	libnvfatbin.so (libc6,x86-64) => /usr/local/cuda-12.5/targets/x86_64-linux/lib/libnvfatbin.so
2026-03-23 05:07:35,838 - INFO - [36m(setup pid=6994)[0m 	libnvfatbin.so (libc6,x86-64) => /usr/local/cuda-12.6/targets/x86_64-linux/lib/libnvfatbin.so
2026-03-23 05:07:35,838 - INFO - [36m(setup pid=6994)[0m 	libnvfatbin.so (libc6,x86-64) => /usr/local/cuda-12.8/targets/x86_64-linux/lib/libnvfatbin.so
2026-03-23 05:07:35,838 - INFO - [36m(setup pid=6994)[0m 	libnvblas.so.12 (libc6,x86-64) => /usr/local/cuda-12.4/targets/x86_64-linux/lib/libnvblas.so.12
2026-03-23 05:07:35,838 - INFO - [36m(setup pid=6994)[0m 	libnvblas.so.12 (libc6,x86-64) => /usr/local/cuda-12.5/targets/x86_64-linux/lib/libnvblas.so.12
2026-03-23 05:07:35,838 - INFO - [36m(setup pid=6994)[0m 	libnvblas.so.12 (libc6,x86-64) => /usr/local/cuda-12.6/targets/x86_64-linux/lib/libnvblas.so.12
2026-03-23 05:07:35,838 - INFO - [36m(setup pid=6994)[0m 	libnvblas.so.12 (libc6,x86-64) => /usr/local/cuda-12.8/targets/x86_64-linux/lib/libnvblas.so.12
2026-03-23 05:07:35,838 - INFO - [36m(setup pid=6994)[0m 	libnvblas.so (libc6,x86-64) => /usr/local/cuda-12.4/targets/x86_64-linux/lib/libnvblas.so
2026-03-23 05:07:35,838 - INFO - [36m(setup pid=6994)[0m 	libnvblas.so (libc6,x86-64) => /usr/local/cuda-12.5/targets/x86_64-linux/lib/libnvblas.so
2026-03-23 05:07:35,838 - INFO - [36m(setup pid=6994)[0m 	libnvblas.so (libc6,x86-64) => /usr/local/cuda-12.6/targets/x86_64-linux/lib/libnvblas.so
2026-03-23 05:07:35,838 - INFO - [36m(setup pid=6994)[0m 	libnvblas.so (libc6,x86-64) => /usr/local/cuda-12.8/targets/x86_64-linux/lib/libnvblas.so
2026-03-23 05:07:35,838 - INFO - [36m(setup pid=6994)[0m 	libnvToolsExt.so.1 (libc6,x86-64) => /usr/local/cuda-12.4/targets/x86_64-linux/lib/libnvToolsExt.so.1
2026-03-23 05:07:35,838 - INFO - [36m(setup pid=6994)[0m 	libnvToolsExt.so.1 (libc6,x86-64) => /usr/local/cuda-12.5/targets/x86_64-linux/lib/libnvToolsExt.so.1
2026-03-23 05:07:35,838 - INFO - [36m(setup pid=6994)[0m 	libnvToolsExt.so.1 (libc6,x86-64) => /usr/local/cuda-12.6/targets/x86_64-linux/lib/libnvToolsExt.so.1
2026-03-23 05:07:35,838 - INFO - [36m(setup pid=6994)[0m 	libnvToolsExt.so.1 (libc6,x86-64) => /usr/local/cuda-12.8/targets/x86_64-linux/lib/libnvToolsExt.so.1
2026-03-23 05:07:35,838 - INFO - [36m(setup pid=6994)[0m 	libnvToolsExt.so (libc6,x86-64) => /usr/local/cuda-12.4/targets/x86_64-linux/lib/libnvToolsExt.so
2026-03-23 05:07:35,838 - INFO - [36m(setup pid=6994)[0m 	libnvToolsExt.so (libc6,x86-64) => /usr/local/cuda-12.5/targets/x86_64-linux/lib/libnvToolsExt.so
2026-03-23 05:07:35,838 - INFO - [36m(setup pid=6994)[0m 	libnvToolsExt.so (libc6,x86-64) => /usr/local/cuda-12.6/targets/x86_64-linux/lib/libnvToolsExt.so
2026-03-23 05:07:36,142 - INFO - [36m(setup pid=6994)[0m 	libnvToolsExt.so (libc6,x86-64) => /usr/local/cuda-12.8/targets/x86_64-linux/lib/libnvToolsExt.so
2026-03-23 05:07:36,142 - INFO - [36m(setup pid=6994)[0m 	libnvJitLink.so.12 (libc6,x86-64) => /usr/local/cuda-12.4/targets/x86_64-linux/lib/libnvJitLink.so.12
2026-03-23 05:07:36,142 - INFO - [36m(setup pid=6994)[0m 	libnvJitLink.so.12 (libc6,x86-64) => /usr/local/cuda-12.5/targets/x86_64-linux/lib/libnvJitLink.so.12
2026-03-23 05:07:36,142 - INFO - [36m(setup pid=6994)[0m 	libnvJitLink.so.12 (libc6,x86-64) => /usr/local/cuda-12.6/targets/x86_64-linux/lib/libnvJitLink.so.12
2026-03-23 05:07:36,142 - INFO - [36m(setup pid=6994)[0m 	libnvJitLink.so.12 (libc6,x86-64) => /usr/local/cuda-12.8/targets/x86_64-linux/lib/libnvJitLink.so.12
2026-03-23 05:07:36,142 - INFO - [36m(setup pid=6994)[0m 	libnvJitLink.so (libc6,x86-64) => /usr/local/cuda-12.4/targets/x86_64-linux/lib/libnvJitLink.so
2026-03-23 05:07:36,142 - INFO - [36m(setup pid=6994)[0m 	libnvJitLink.so (libc6,x86-64) => /usr/local/cuda-12.5/targets/x86_64-linux/lib/libnvJitLink.so
2026-03-23 05:07:36,142 - INFO - [36m(setup pid=6994)[0m 	libnvJitLink.so (libc6,x86-64) => /usr/local/cuda-12.6/targets/x86_64-linux/lib/libnvJitLink.so
2026-03-23 05:07:36,142 - INFO - [36m(setup pid=6994)[0m 	libnvJitLink.so (libc6,x86-64) => /usr/local/cuda-12.8/targets/x86_64-linux/lib/libnvJitLink.so
2026-03-23 05:07:36,142 - INFO - [36m(setup pid=6994)[0m 	libnpps.so.12 (libc6,x86-64) => /usr/local/cuda-12.4/targets/x86_64-linux/lib/libnpps.so.12
2026-03-23 05:07:36,142 - INFO - [36m(setup pid=6994)[0m 	libnpps.so.12 (libc6,x86-64) => /usr/local/cuda-12.5/targets/x86_64-linux/lib/libnpps.so.12
2026-03-23 05:07:36,142 - INFO - [36m(setup pid=6994)[0m 	libnpps.so.12 (libc6,x86-64) => /usr/local/cuda-12.6/targets/x86_64-linux/lib/libnpps.so.12
2026-03-23 05:07:36,142 - INFO - [36m(setup pid=6994)[0m 	libnpps.so.12 (libc6,x86-64) => /usr/local/cuda-12.8/targets/x86_64-linux/lib/libnpps.so.12
2026-03-23 05:07:36,142 - INFO - [36m(setup pid=6994)[0m 	libnpps.so (libc6,x86-64) => /usr/local/cuda-12.4/targets/x86_64-linux/lib/libnpps.so
2026-03-23 05:07:36,142 - INFO - [36m(setup pid=6994)[0m 	libnpps.so (libc6,x86-64) => /usr/local/cuda-12.5/targets/x86_64-linux/lib/libnpps.so
2026-03-23 05:07:36,142 - INFO - [36m(setup pid=6994)[0m 	libnpps.so (libc6,x86-64) => /usr/local/cuda-12.6/targets/x86_64-linux/lib/libnpps.so
2026-03-23 05:07:36,142 - INFO - [36m(setup pid=6994)[0m 	libnpps.so (libc6,x86-64) => /usr/local/cuda-12.8/targets/x86_64-linux/lib/libnpps.so
2026-03-23 05:07:36,142 - INFO - [36m(setup pid=6994)[0m 	libnppitc.so.12 (libc6,x86-64) => /usr/local/cuda-12.4/targets/x86_64-linux/lib/libnppitc.so.12
2026-03-23 05:07:36,143 - INFO - [36m(setup pid=6994)[0m 	libnppitc.so.12 (libc6,x86-64) => /usr/local/cuda-12.5/targets/x86_64-linux/lib/libnppitc.so.12
2026-03-23 05:07:36,143 - INFO - [36m(setup pid=6994)[0m 	libnppitc.so.12 (libc6,x86-64) => /usr/local/cuda-12.6/targets/x86_64-linux/lib/libnppitc.so.12
2026-03-23 05:07:36,143 - INFO - [36m(setup pid=6994)[0m 	libnppitc.so.12 (libc6,x86-64) => /usr/local/cuda-12.8/targets/x86_64-linux/lib/libnppitc.so.12
2026-03-23 05:07:36,143 - INFO - [36m(setup pid=6994)[0m 	libnppitc.so (libc6,x86-64) => /usr/local/cuda-12.4/targets/x86_64-linux/lib/libnppitc.so
2026-03-23 05:07:36,143 - INFO - [36m(setup pid=6994)[0m 	libnppitc.so (libc6,x86-64) => /usr/local/cuda-12.5/targets/x86_64-linux/lib/libnppitc.so
2026-03-23 05:07:36,143 - INFO - [36m(setup pid=6994)[0m 	libnppitc.so (libc6,x86-64) => /usr/local/cuda-12.6/targets/x86_64-linux/lib/libnppitc.so
2026-03-23 05:07:36,143 - INFO - [36m(setup pid=6994)[0m 	libnppitc.so (libc6,x86-64) => /usr/local/cuda-12.8/targets/x86_64-linux/lib/libnppitc.so
2026-03-23 05:07:36,143 - INFO - [36m(setup pid=6994)[0m 	libnppisu.so.12 (libc6,x86-64) => /usr/local/cuda-12.4/targets/x86_64-linux/lib/libnppisu.so.12
2026-03-23 05:07:36,143 - INFO - [36m(setup pid=6994)[0m 	libnppisu.so.12 (libc6,x86-64) => /usr/local/cuda-12.5/targets/x86_64-linux/lib/libnppisu.so.12
2026-03-23 05:07:36,143 - INFO - [36m(setup pid=6994)[0m 	libnppisu.so.12 (libc6,x86-64) => /usr/local/cuda-12.6/targets/x86_64-linux/lib/libnppisu.so.12
2026-03-23 05:07:36,143 - INFO - [36m(setup pid=6994)[0m 	libnppisu.so.12 (libc6,x86-64) => /usr/local/cuda-12.8/targets/x86_64-linux/lib/libnppisu.so.12
2026-03-23 05:07:36,143 - INFO - [36m(setup pid=6994)[0m 	libnppisu.so (libc6,x86-64) => /usr/local/cuda-12.4/targets/x86_64-linux/lib/libnppisu.so
2026-03-23 05:07:36,143 - INFO - [36m(setup pid=6994)[0m 	libnppisu.so (libc6,x86-64) => /usr/local/cuda-12.5/targets/x86_64-linux/lib/libnppisu.so
2026-03-23 05:07:36,143 - INFO - [36m(setup pid=6994)[0m 	libnppisu.so (libc6,x86-64) => /usr/local/cuda-12.6/targets/x86_64-linux/lib/libnppisu.so
2026-03-23 05:07:36,143 - INFO - [36m(setup pid=6994)[0m 	libnppisu.so (libc6,x86-64) => /usr/local/cuda-12.8/targets/x86_64-linux/lib/libnppisu.so
2026-03-23 05:07:36,143 - INFO - [36m(setup pid=6994)[0m 	libnppist.so.12 (libc6,x86-64) => /usr/local/cuda-12.4/targets/x86_64-linux/lib/libnppist.so.12
2026-03-23 05:07:36,143 - INFO - [36m(setup pid=6994)[0m 	libnppist.so.12 (libc6,x86-64) => /usr/local/cuda-12.5/targets/x86_64-linux/lib/libnppist.so.12
2026-03-23 05:07:36,143 - INFO - [36m(setup pid=6994)[0m 	libnppist.so.12 (libc6,x86-64) => /usr/local/cuda-12.6/targets/x86_64-linux/lib/libnppist.so.12
2026-03-23 05:07:36,143 - INFO - [36m(setup pid=6994)[0m 	libnppist.so.12 (libc6,x86-64) => /usr/local/cuda-12.8/targets/x86_64-linux/lib/libnppist.so.12
2026-03-23 05:07:36,143 - INFO - [36m(setup pid=6994)[0m 	libnppist.so (libc6,x86-64) => /usr/local/cuda-12.4/targets/x86_64-linux/lib/libnppist.so
2026-03-23 05:07:36,143 - INFO - [36m(setup pid=6994)[0m 	libnppist.so (libc6,x86-64) => /usr/local/cuda-12.5/targets/x86_64-linux/lib/libnppist.so
2026-03-23 05:07:36,143 - INFO - [36m(setup pid=6994)[0m 	libnppist.so (libc6,x86-64) => /usr/local/cuda-12.6/targets/x86_64-linux/lib/libnppist.so
2026-03-23 05:07:36,143 - INFO - [36m(setup pid=6994)[0m 	libnppist.so (libc6,x86-64) => /usr/local/cuda-12.8/targets/x86_64-linux/lib/libnppist.so
2026-03-23 05:07:36,143 - INFO - [36m(setup pid=6994)[0m 	libnppim.so.12 (libc6,x86-64) => /usr/local/cuda-12.4/targets/x86_64-linux/lib/libnppim.so.12
2026-03-23 05:07:36,143 - INFO - [36m(setup pid=6994)[0m 	libnppim.so.12 (libc6,x86-64) => /usr/local/cuda-12.5/targets/x86_64-linux/lib/libnppim.so.12
2026-03-23 05:07:36,143 - INFO - [36m(setup pid=6994)[0m 	libnppim.so.12 (libc6,x86-64) => /usr/local/cuda-12.6/targets/x86_64-linux/lib/libnppim.so.12
2026-03-23 05:07:36,143 - INFO - [36m(setup pid=6994)[0m 	libnppim.so.12 (libc6,x86-64) => /usr/local/cuda-12.8/targets/x86_64-linux/lib/libnppim.so.12
2026-03-23 05:07:36,143 - INFO - [36m(setup pid=6994)[0m 	libnppim.so (libc6,x86-64) => /usr/local/cuda-12.4/targets/x86_64-linux/lib/libnppim.so
2026-03-23 05:07:36,143 - INFO - [36m(setup pid=6994)[0m 	libnppim.so (libc6,x86-64) => /usr/local/cuda-12.5/targets/x86_64-linux/lib/libnppim.so
2026-03-23 05:07:36,143 - INFO - [36m(setup pid=6994)[0m 	libnppim.so (libc6,x86-64) => /usr/local/cuda-12.6/targets/x86_64-linux/lib/libnppim.so
2026-03-23 05:07:36,143 - INFO - [36m(setup pid=6994)[0m 	libnppim.so (libc6,x86-64) => /usr/local/cuda-12.8/targets/x86_64-linux/lib/libnppim.so
2026-03-23 05:07:36,143 - INFO - [36m(setup pid=6994)[0m 	libnppig.so.12 (libc6,x86-64) => /usr/local/cuda-12.4/targets/x86_64-linux/lib/libnppig.so.12
2026-03-23 05:07:36,143 - INFO - [36m(setup pid=6994)[0m 	libnppig.so.12 (libc6,x86-64) => /usr/local/cuda-12.5/targets/x86_64-linux/lib/libnppig.so.12
2026-03-23 05:07:36,143 - INFO - [36m(setup pid=6994)[0m 	libnppig.so.12 (libc6,x86-64) => /usr/local/cuda-12.6/targets/x86_64-linux/lib/libnppig.so.12
2026-03-23 05:07:36,143 - INFO - [36m(setup pid=6994)[0m 	libnppig.so.12 (libc6,x86-64) => /usr/local/cuda-12.8/targets/x86_64-linux/lib/libnppig.so.12
2026-03-23 05:07:36,143 - INFO - [36m(setup pid=6994)[0m 	libnppig.so (libc6,x86-64) => /usr/local/cuda-12.4/targets/x86_64-linux/lib/libnppig.so
2026-03-23 05:07:36,143 - INFO - [36m(setup pid=6994)[0m 	libnppig.so (libc6,x86-64) => /usr/local/cuda-12.5/targets/x86_64-linux/lib/libnppig.so
2026-03-23 05:07:36,143 - INFO - [36m(setup pid=6994)[0m 	libnppig.so (libc6,x86-64) => /usr/local/cuda-12.6/targets/x86_64-linux/lib/libnppig.so
2026-03-23 05:07:36,143 - INFO - [36m(setup pid=6994)[0m 	libnppig.so (libc6,x86-64) => /usr/local/cuda-12.8/targets/x86_64-linux/lib/libnppig.so
2026-03-23 05:07:36,143 - INFO - [36m(setup pid=6994)[0m 	libnppif.so.12 (libc6,x86-64) => /usr/local/cuda-12.4/targets/x86_64-linux/lib/libnppif.so.12
2026-03-23 05:07:36,143 - INFO - [36m(setup pid=6994)[0m 	libnppif.so.12 (libc6,x86-64) => /usr/local/cuda-12.5/targets/x86_64-linux/lib/libnppif.so.12
2026-03-23 05:07:36,143 - INFO - [36m(setup pid=6994)[0m 	libnppif.so.12 (libc6,x86-64) => /usr/local/cuda-12.6/targets/x86_64-linux/lib/libnppif.so.12
2026-03-23 05:07:36,143 - INFO - [36m(setup pid=6994)[0m 	libnppif.so.12 (libc6,x86-64) => /usr/local/cuda-12.8/targets/x86_64-linux/lib/libnppif.so.12
2026-03-23 05:07:36,143 - INFO - [36m(setup pid=6994)[0m 	libnppif.so (libc6,x86-64) => /usr/local/cuda-12.4/targets/x86_64-linux/lib/libnppif.so
2026-03-23 05:07:36,143 - INFO - [36m(setup pid=6994)[0m 	libnppif.so (libc6,x86-64) => /usr/local/cuda-12.5/targets/x86_64-linux/lib/libnppif.so
2026-03-23 05:07:36,143 - INFO - [36m(setup pid=6994)[0m 	libnppif.so (libc6,x86-64) => /usr/local/cuda-12.6/targets/x86_64-linux/lib/libnppif.so
2026-03-23 05:07:36,143 - INFO - [36m(setup pid=6994)[0m 	libnppif.so (libc6,x86-64) => /usr/local/cuda-12.8/targets/x86_64-linux/lib/libnppif.so
2026-03-23 05:07:36,143 - INFO - [36m(setup pid=6994)[0m 	libnppidei.so.12 (libc6,x86-64) => /usr/local/cuda-12.4/targets/x86_64-linux/lib/libnppidei.so.12
2026-03-23 05:07:36,143 - INFO - [36m(setup pid=6994)[0m 	libnppidei.so.12 (libc6,x86-64) => /usr/local/cuda-12.5/targets/x86_64-linux/lib/libnppidei.so.12
2026-03-23 05:07:36,144 - INFO - [36m(setup pid=6994)[0m 	libnppidei.so.12 (libc6,x86-64) => /usr/local/cuda-12.6/targets/x86_64-linux/lib/libnppidei.so.12
2026-03-23 05:07:36,144 - INFO - [36m(setup pid=6994)[0m 	libnppidei.so.12 (libc6,x86-64) => /usr/local/cuda-12.8/targets/x86_64-linux/lib/libnppidei.so.12
2026-03-23 05:07:36,144 - INFO - [36m(setup pid=6994)[0m 	libnppidei.so (libc6,x86-64) => /usr/local/cuda-12.4/targets/x86_64-linux/lib/libnppidei.so
2026-03-23 05:07:36,144 - INFO - [36m(setup pid=6994)[0m 	libnppidei.so (libc6,x86-64) => /usr/local/cuda-12.5/targets/x86_64-linux/lib/libnppidei.so
2026-03-23 05:07:36,144 - INFO - [36m(setup pid=6994)[0m 	libnppidei.so (libc6,x86-64) => /usr/local/cuda-12.6/targets/x86_64-linux/lib/libnppidei.so
2026-03-23 05:07:36,144 - INFO - [36m(setup pid=6994)[0m 	libnppidei.so (libc6,x86-64) => /usr/local/cuda-12.8/targets/x86_64-linux/lib/libnppidei.so
2026-03-23 05:07:36,144 - INFO - [36m(setup pid=6994)[0m 	libnppicc.so.12 (libc6,x86-64) => /usr/local/cuda-12.4/targets/x86_64-linux/lib/libnppicc.so.12
2026-03-23 05:07:36,144 - INFO - [36m(setup pid=6994)[0m 	libnppicc.so.12 (libc6,x86-64) => /usr/local/cuda-12.5/targets/x86_64-linux/lib/libnppicc.so.12
2026-03-23 05:07:36,144 - INFO - [36m(setup pid=6994)[0m 	libnppicc.so.12 (libc6,x86-64) => /usr/local/cuda-12.6/targets/x86_64-linux/lib/libnppicc.so.12
2026-03-23 05:07:36,144 - INFO - [36m(setup pid=6994)[0m 	libnppicc.so.12 (libc6,x86-64) => /usr/local/cuda-12.8/targets/x86_64-linux/lib/libnppicc.so.12
2026-03-23 05:07:36,144 - INFO - [36m(setup pid=6994)[0m 	libnppicc.so (libc6,x86-64) => /usr/local/cuda-12.4/targets/x86_64-linux/lib/libnppicc.so
2026-03-23 05:07:36,144 - INFO - [36m(setup pid=6994)[0m 	libnppicc.so (libc6,x86-64) => /usr/local/cuda-12.5/targets/x86_64-linux/lib/libnppicc.so
2026-03-23 05:07:36,144 - INFO - [36m(setup pid=6994)[0m 	libnppicc.so (libc6,x86-64) => /usr/local/cuda-12.6/targets/x86_64-linux/lib/libnppicc.so
2026-03-23 05:07:36,144 - INFO - [36m(setup pid=6994)[0m 	libnppicc.so (libc6,x86-64) => /usr/local/cuda-12.8/targets/x86_64-linux/lib/libnppicc.so
2026-03-23 05:07:36,144 - INFO - [36m(setup pid=6994)[0m 	libnppial.so.12 (libc6,x86-64) => /usr/local/cuda-12.4/targets/x86_64-linux/lib/libnppial.so.12
2026-03-23 05:07:36,144 - INFO - [36m(setup pid=6994)[0m 	libnppial.so.12 (libc6,x86-64) => /usr/local/cuda-12.5/targets/x86_64-linux/lib/libnppial.so.12
2026-03-23 05:07:36,144 - INFO - [36m(setup pid=6994)[0m 	libnppial.so.12 (libc6,x86-64) => /usr/local/cuda-12.6/targets/x86_64-linux/lib/libnppial.so.12
2026-03-23 05:07:36,144 - INFO - [36m(setup pid=6994)[0m 	libnppial.so.12 (libc6,x86-64) => /usr/local/cuda-12.8/targets/x86_64-linux/lib/libnppial.so.12
2026-03-23 05:07:36,144 - INFO - [36m(setup pid=6994)[0m 	libnppial.so (libc6,x86-64) => /usr/local/cuda-12.4/targets/x86_64-linux/lib/libnppial.so
2026-03-23 05:07:36,144 - INFO - [36m(setup pid=6994)[0m 	libnppial.so (libc6,x86-64) => /usr/local/cuda-12.5/targets/x86_64-linux/lib/libnppial.so
2026-03-23 05:07:36,144 - INFO - [36m(setup pid=6994)[0m 	libnppial.so (libc6,x86-64) => /usr/local/cuda-12.6/targets/x86_64-linux/lib/libnppial.so
2026-03-23 05:07:36,144 - INFO - [36m(setup pid=6994)[0m 	libnppial.so (libc6,x86-64) => /usr/local/cuda-12.8/targets/x86_64-linux/lib/libnppial.so
2026-03-23 05:07:36,144 - INFO - [36m(setup pid=6994)[0m 	libnppc.so.12 (libc6,x86-64) => /usr/local/cuda-12.4/targets/x86_64-linux/lib/libnppc.so.12
2026-03-23 05:07:36,144 - INFO - [36m(setup pid=6994)[0m 	libnppc.so.12 (libc6,x86-64) => /usr/local/cuda-12.5/targets/x86_64-linux/lib/libnppc.so.12
2026-03-23 05:07:36,144 - INFO - [36m(setup pid=6994)[0m 	libnppc.so.12 (libc6,x86-64) => /usr/local/cuda-12.6/targets/x86_64-linux/lib/libnppc.so.12
2026-03-23 05:07:36,144 - INFO - [36m(setup pid=6994)[0m 	libnppc.so.12 (libc6,x86-64) => /usr/local/cuda-12.8/targets/x86_64-linux/lib/libnppc.so.12
2026-03-23 05:07:36,144 - INFO - [36m(setup pid=6994)[0m 	libnppc.so (libc6,x86-64) => /usr/local/cuda-12.4/targets/x86_64-linux/lib/libnppc.so
2026-03-23 05:07:36,144 - INFO - [36m(setup pid=6994)[0m 	libnppc.so (libc6,x86-64) => /usr/local/cuda-12.5/targets/x86_64-linux/lib/libnppc.so
2026-03-23 05:07:36,144 - INFO - [36m(setup pid=6994)[0m 	libnppc.so (libc6,x86-64) => /usr/local/cuda-12.6/targets/x86_64-linux/lib/libnppc.so
2026-03-23 05:07:36,144 - INFO - [36m(setup pid=6994)[0m 	libnppc.so (libc6,x86-64) => /usr/local/cuda-12.8/targets/x86_64-linux/lib/libnppc.so
2026-03-23 05:07:36,144 - INFO - [36m(setup pid=6994)[0m 	libicudata.so.70 (libc6,x86-64) => /lib/x86_64-linux-gnu/libicudata.so.70
2026-03-23 05:07:36,144 - INFO - [36m(setup pid=6994)[0m 	libcusparse.so.12 (libc6,x86-64) => /usr/local/cuda-12.4/targets/x86_64-linux/lib/libcusparse.so.12
2026-03-23 05:07:36,144 - INFO - [36m(setup pid=6994)[0m 	libcusparse.so.12 (libc6,x86-64) => /usr/local/cuda-12.5/targets/x86_64-linux/lib/libcusparse.so.12
2026-03-23 05:07:36,144 - INFO - [36m(setup pid=6994)[0m 	libcusparse.so.12 (libc6,x86-64) => /usr/local/cuda-12.6/targets/x86_64-linux/lib/libcusparse.so.12
2026-03-23 05:07:36,144 - INFO - [36m(setup pid=6994)[0m 	libcusparse.so.12 (libc6,x86-64) => /usr/local/cuda-12.8/targets/x86_64-linux/lib/libcusparse.so.12
2026-03-23 05:07:36,144 - INFO - [36m(setup pid=6994)[0m 	libcusparse.so (libc6,x86-64) => /usr/local/cuda-12.4/targets/x86_64-linux/lib/libcusparse.so
2026-03-23 05:07:36,446 - INFO - [36m(setup pid=6994)[0m 	libcusparse.so (libc6,x86-64) => /usr/local/cuda-12.5/targets/x86_64-linux/lib/libcusparse.so
2026-03-23 05:07:36,446 - INFO - [36m(setup pid=6994)[0m 	libcusparse.so (libc6,x86-64) => /usr/local/cuda-12.6/targets/x86_64-linux/lib/libcusparse.so
2026-03-23 05:07:36,446 - INFO - [36m(setup pid=6994)[0m 	libcusparse.so (libc6,x86-64) => /usr/local/cuda-12.8/targets/x86_64-linux/lib/libcusparse.so
2026-03-23 05:07:36,446 - INFO - [36m(setup pid=6994)[0m 	libcusolverMg.so.11 (libc6,x86-64) => /usr/local/cuda-12.4/targets/x86_64-linux/lib/libcusolverMg.so.11
2026-03-23 05:07:36,447 - INFO - [36m(setup pid=6994)[0m 	libcusolverMg.so.11 (libc6,x86-64) => /usr/local/cuda-12.5/targets/x86_64-linux/lib/libcusolverMg.so.11
2026-03-23 05:07:36,849 - INFO - [36m(setup pid=6994)[0m 	libcusolverMg.so.11 (libc6,x86-64) => /usr/local/cuda-12.6/targets/x86_64-linux/lib/libcusolverMg.so.11
2026-03-23 05:07:36,849 - INFO - [36m(setup pid=6994)[0m 	libcusolverMg.so.11 (libc6,x86-64) => /usr/local/cuda-12.8/targets/x86_64-linux/lib/libcusolverMg.so.11
2026-03-23 05:07:36,849 - INFO - [36m(setup pid=6994)[0m 	libcusolverMg.so (libc6,x86-64) => /usr/local/cuda-12.4/targets/x86_64-linux/lib/libcusolverMg.so
2026-03-23 05:07:36,849 - INFO - [36m(setup pid=6994)[0m 	libcusolverMg.so (libc6,x86-64) => /usr/local/cuda-12.5/targets/x86_64-linux/lib/libcusolverMg.so
2026-03-23 05:07:36,849 - INFO - [36m(setup pid=6994)[0m 	libcusolverMg.so (libc6,x86-64) => /usr/local/cuda-12.6/targets/x86_64-linux/lib/libcusolverMg.so
2026-03-23 05:07:36,849 - INFO - [36m(setup pid=6994)[0m 	libcusolverMg.so (libc6,x86-64) => /usr/local/cuda-12.8/targets/x86_64-linux/lib/libcusolverMg.so
2026-03-23 05:07:36,849 - INFO - [36m(setup pid=6994)[0m 	libcusolver.so.11 (libc6,x86-64) => /usr/local/cuda-12.4/targets/x86_64-linux/lib/libcusolver.so.11
2026-03-23 05:07:36,849 - INFO - [36m(setup pid=6994)[0m 	libcusolver.so.11 (libc6,x86-64) => /usr/local/cuda-12.5/targets/x86_64-linux/lib/libcusolver.so.11
2026-03-23 05:07:36,849 - INFO - [36m(setup pid=6994)[0m 	libcusolver.so.11 (libc6,x86-64) => /usr/local/cuda-12.6/targets/x86_64-linux/lib/libcusolver.so.11
2026-03-23 05:07:36,849 - INFO - [36m(setup pid=6994)[0m 	libcusolver.so.11 (libc6,x86-64) => /usr/local/cuda-12.8/targets/x86_64-linux/lib/libcusolver.so.11
2026-03-23 05:07:36,849 - INFO - [36m(setup pid=6994)[0m 	libcusolver.so (libc6,x86-64) => /usr/local/cuda-12.4/targets/x86_64-linux/lib/libcusolver.so
2026-03-23 05:07:36,849 - INFO - [36m(setup pid=6994)[0m 	libcusolver.so (libc6,x86-64) => /usr/local/cuda-12.5/targets/x86_64-linux/lib/libcusolver.so
2026-03-23 05:07:36,849 - INFO - [36m(setup pid=6994)[0m 	libcusolver.so (libc6,x86-64) => /usr/local/cuda-12.6/targets/x86_64-linux/lib/libcusolver.so
2026-03-23 05:07:36,850 - INFO - [36m(setup pid=6994)[0m 	libcusolver.so (libc6,x86-64) => /usr/local/cuda-12.8/targets/x86_64-linux/lib/libcusolver.so
2026-03-23 05:07:36,850 - INFO - [36m(setup pid=6994)[0m 	libcurand.so.10 (libc6,x86-64) => /usr/local/cuda-12.4/targets/x86_64-linux/lib/libcurand.so.10
2026-03-23 05:07:36,850 - INFO - [36m(setup pid=6994)[0m 	libcurand.so.10 (libc6,x86-64) => /usr/local/cuda-12.5/targets/x86_64-linux/lib/libcurand.so.10
2026-03-23 05:07:36,850 - INFO - [36m(setup pid=6994)[0m 	libcurand.so.10 (libc6,x86-64) => /usr/local/cuda-12.6/targets/x86_64-linux/lib/libcurand.so.10
2026-03-23 05:07:36,850 - INFO - [36m(setup pid=6994)[0m 	libcurand.so.10 (libc6,x86-64) => /usr/local/cuda-12.8/targets/x86_64-linux/lib/libcurand.so.10
2026-03-23 05:07:36,850 - INFO - [36m(setup pid=6994)[0m 	libcurand.so (libc6,x86-64) => /usr/local/cuda-12.4/targets/x86_64-linux/lib/libcurand.so
2026-03-23 05:07:36,850 - INFO - [36m(setup pid=6994)[0m 	libcurand.so (libc6,x86-64) => /usr/local/cuda-12.5/targets/x86_64-linux/lib/libcurand.so
2026-03-23 05:07:36,850 - INFO - [36m(setup pid=6994)[0m 	libcurand.so (libc6,x86-64) => /usr/local/cuda-12.6/targets/x86_64-linux/lib/libcurand.so
2026-03-23 05:07:36,850 - INFO - [36m(setup pid=6994)[0m 	libcurand.so (libc6,x86-64) => /usr/local/cuda-12.8/targets/x86_64-linux/lib/libcurand.so
2026-03-23 05:07:36,850 - INFO - [36m(setup pid=6994)[0m 	libcuinj64.so.12.8 (libc6,x86-64) => /usr/local/cuda-12.8/targets/x86_64-linux/lib/libcuinj64.so.12.8
2026-03-23 05:07:36,850 - INFO - [36m(setup pid=6994)[0m 	libcuinj64.so.12.6 (libc6,x86-64) => /usr/local/cuda-12.6/targets/x86_64-linux/lib/libcuinj64.so.12.6
2026-03-23 05:07:36,850 - INFO - [36m(setup pid=6994)[0m 	libcuinj64.so.12.5 (libc6,x86-64) => /usr/local/cuda-12.5/targets/x86_64-linux/lib/libcuinj64.so.12.5
2026-03-23 05:07:36,850 - INFO - [36m(setup pid=6994)[0m 	libcuinj64.so.12.4 (libc6,x86-64) => /usr/local/cuda-12.4/targets/x86_64-linux/lib/libcuinj64.so.12.4
2026-03-23 05:07:36,850 - INFO - [36m(setup pid=6994)[0m 	libcuinj64.so (libc6,x86-64) => /usr/local/cuda-12.4/targets/x86_64-linux/lib/libcuinj64.so
2026-03-23 05:07:36,850 - INFO - [36m(setup pid=6994)[0m 	libcuinj64.so (libc6,x86-64) => /usr/local/cuda-12.5/targets/x86_64-linux/lib/libcuinj64.so
2026-03-23 05:07:36,850 - INFO - [36m(setup pid=6994)[0m 	libcuinj64.so (libc6,x86-64) => /usr/local/cuda-12.6/targets/x86_64-linux/lib/libcuinj64.so
2026-03-23 05:07:36,850 - INFO - [36m(setup pid=6994)[0m 	libcuinj64.so (libc6,x86-64) => /usr/local/cuda-12.8/targets/x86_64-linux/lib/libcuinj64.so
2026-03-23 05:07:36,850 - INFO - [36m(setup pid=6994)[0m 	libcufile_rdma.so.1 (libc6,x86-64) => /usr/local/cuda-12.4/targets/x86_64-linux/lib/libcufile_rdma.so.1
2026-03-23 05:07:36,850 - INFO - [36m(setup pid=6994)[0m 	libcufile_rdma.so.1 (libc6,x86-64) => /usr/local/cuda-12.5/targets/x86_64-linux/lib/libcufile_rdma.so.1
2026-03-23 05:07:36,850 - INFO - [36m(setup pid=6994)[0m 	libcufile_rdma.so.1 (libc6,x86-64) => /usr/local/cuda-12.6/targets/x86_64-linux/lib/libcufile_rdma.so.1
2026-03-23 05:07:36,850 - INFO - [36m(setup pid=6994)[0m 	libcufile_rdma.so.1 (libc6,x86-64) => /usr/local/cuda-12.8/targets/x86_64-linux/lib/libcufile_rdma.so.1
2026-03-23 05:07:36,850 - INFO - [36m(setup pid=6994)[0m 	libcufile_rdma.so (libc6,x86-64) => /usr/local/cuda-12.4/targets/x86_64-linux/lib/libcufile_rdma.so
2026-03-23 05:07:36,850 - INFO - [36m(setup pid=6994)[0m 	libcufile_rdma.so (libc6,x86-64) => /usr/local/cuda-12.5/targets/x86_64-linux/lib/libcufile_rdma.so
2026-03-23 05:07:36,850 - INFO - [36m(setup pid=6994)[0m 	libcufile_rdma.so (libc6,x86-64) => /usr/local/cuda-12.6/targets/x86_64-linux/lib/libcufile_rdma.so
2026-03-23 05:07:36,850 - INFO - [36m(setup pid=6994)[0m 	libcufile_rdma.so (libc6,x86-64) => /usr/local/cuda-12.8/targets/x86_64-linux/lib/libcufile_rdma.so
2026-03-23 05:07:36,850 - INFO - [36m(setup pid=6994)[0m 	libcufile.so.0 (libc6,x86-64) => /usr/local/cuda-12.4/targets/x86_64-linux/lib/libcufile.so.0
2026-03-23 05:07:36,850 - INFO - [36m(setup pid=6994)[0m 	libcufile.so.0 (libc6,x86-64) => /usr/local/cuda-12.5/targets/x86_64-linux/lib/libcufile.so.0
2026-03-23 05:07:36,850 - INFO - [36m(setup pid=6994)[0m 	libcufile.so.0 (libc6,x86-64) => /usr/local/cuda-12.6/targets/x86_64-linux/lib/libcufile.so.0
2026-03-23 05:07:36,850 - INFO - [36m(setup pid=6994)[0m 	libcufile.so.0 (libc6,x86-64) => /usr/local/cuda-12.8/targets/x86_64-linux/lib/libcufile.so.0
2026-03-23 05:07:36,850 - INFO - [36m(setup pid=6994)[0m 	libcufile.so (libc6,x86-64) => /usr/local/cuda-12.4/targets/x86_64-linux/lib/libcufile.so
2026-03-23 05:07:36,850 - INFO - [36m(setup pid=6994)[0m 	libcufile.so (libc6,x86-64) => /usr/local/cuda-12.5/targets/x86_64-linux/lib/libcufile.so
2026-03-23 05:07:36,850 - INFO - [36m(setup pid=6994)[0m 	libcufile.so (libc6,x86-64) => /usr/local/cuda-12.6/targets/x86_64-linux/lib/libcufile.so
2026-03-23 05:07:36,850 - INFO - [36m(setup pid=6994)[0m 	libcufile.so (libc6,x86-64) => /usr/local/cuda-12.8/targets/x86_64-linux/lib/libcufile.so
2026-03-23 05:07:36,850 - INFO - [36m(setup pid=6994)[0m 	libcufftw.so.11 (libc6,x86-64) => /usr/local/cuda-12.4/targets/x86_64-linux/lib/libcufftw.so.11
2026-03-23 05:07:36,850 - INFO - [36m(setup pid=6994)[0m 	libcufftw.so.11 (libc6,x86-64) => /usr/local/cuda-12.5/targets/x86_64-linux/lib/libcufftw.so.11
2026-03-23 05:07:36,850 - INFO - [36m(setup pid=6994)[0m 	libcufftw.so.11 (libc6,x86-64) => /usr/local/cuda-12.6/targets/x86_64-linux/lib/libcufftw.so.11
2026-03-23 05:07:36,850 - INFO - [36m(setup pid=6994)[0m 	libcufftw.so.11 (libc6,x86-64) => /usr/local/cuda-12.8/targets/x86_64-linux/lib/libcufftw.so.11
2026-03-23 05:07:36,850 - INFO - [36m(setup pid=6994)[0m 	libcufftw.so (libc6,x86-64) => /usr/local/cuda-12.4/targets/x86_64-linux/lib/libcufftw.so
2026-03-23 05:07:36,850 - INFO - [36m(setup pid=6994)[0m 	libcufftw.so (libc6,x86-64) => /usr/local/cuda-12.5/targets/x86_64-linux/lib/libcufftw.so
2026-03-23 05:07:36,850 - INFO - [36m(setup pid=6994)[0m 	libcufftw.so (libc6,x86-64) => /usr/local/cuda-12.6/targets/x86_64-linux/lib/libcufftw.so
2026-03-23 05:07:36,850 - INFO - [36m(setup pid=6994)[0m 	libcufftw.so (libc6,x86-64) => /usr/local/cuda-12.8/targets/x86_64-linux/lib/libcufftw.so
2026-03-23 05:07:36,850 - INFO - [36m(setup pid=6994)[0m 	libcufft.so.11 (libc6,x86-64) => /usr/local/cuda-12.4/targets/x86_64-linux/lib/libcufft.so.11
2026-03-23 05:07:36,850 - INFO - [36m(setup pid=6994)[0m 	libcufft.so.11 (libc6,x86-64) => /usr/local/cuda-12.5/targets/x86_64-linux/lib/libcufft.so.11
2026-03-23 05:07:36,850 - INFO - [36m(setup pid=6994)[0m 	libcufft.so.11 (libc6,x86-64) => /usr/local/cuda-12.6/targets/x86_64-linux/lib/libcufft.so.11
2026-03-23 05:07:36,850 - INFO - [36m(setup pid=6994)[0m 	libcufft.so.11 (libc6,x86-64) => /usr/local/cuda-12.8/targets/x86_64-linux/lib/libcufft.so.11
2026-03-23 05:07:36,850 - INFO - [36m(setup pid=6994)[0m 	libcufft.so (libc6,x86-64) => /usr/local/cuda-12.4/targets/x86_64-linux/lib/libcufft.so
2026-03-23 05:07:36,850 - INFO - [36m(setup pid=6994)[0m 	libcufft.so (libc6,x86-64) => /usr/local/cuda-12.5/targets/x86_64-linux/lib/libcufft.so
2026-03-23 05:07:36,850 - INFO - [36m(setup pid=6994)[0m 	libcufft.so (libc6,x86-64) => /usr/local/cuda-12.6/targets/x86_64-linux/lib/libcufft.so
2026-03-23 05:07:36,850 - INFO - [36m(setup pid=6994)[0m 	libcufft.so (libc6,x86-64) => /usr/local/cuda-12.8/targets/x86_64-linux/lib/libcufft.so
2026-03-23 05:07:36,850 - INFO - [36m(setup pid=6994)[0m 	libcudart.so.12 (libc6,x86-64) => /usr/local/cuda-12.4/targets/x86_64-linux/lib/libcudart.so.12
2026-03-23 05:07:36,851 - INFO - [36m(setup pid=6994)[0m 	libcudart.so.12 (libc6,x86-64) => /usr/local/cuda-12.5/targets/x86_64-linux/lib/libcudart.so.12
2026-03-23 05:07:36,851 - INFO - [36m(setup pid=6994)[0m 	libcudart.so.12 (libc6,x86-64) => /usr/local/cuda-12.6/targets/x86_64-linux/lib/libcudart.so.12
2026-03-23 05:07:36,851 - INFO - [36m(setup pid=6994)[0m 	libcudart.so.12 (libc6,x86-64) => /usr/local/cuda-12.8/targets/x86_64-linux/lib/libcudart.so.12
2026-03-23 05:07:36,851 - INFO - [36m(setup pid=6994)[0m 	libcudart.so (libc6,x86-64) => /usr/local/cuda-12.4/targets/x86_64-linux/lib/libcudart.so
2026-03-23 05:07:36,851 - INFO - [36m(setup pid=6994)[0m 	libcudart.so (libc6,x86-64) => /usr/local/cuda-12.5/targets/x86_64-linux/lib/libcudart.so
2026-03-23 05:07:36,851 - INFO - [36m(setup pid=6994)[0m 	libcudart.so (libc6,x86-64) => /usr/local/cuda-12.6/targets/x86_64-linux/lib/libcudart.so
2026-03-23 05:07:36,851 - INFO - [36m(setup pid=6994)[0m 	libcudart.so (libc6,x86-64) => /usr/local/cuda-12.8/targets/x86_64-linux/lib/libcudart.so
2026-03-23 05:07:36,851 - INFO - [36m(setup pid=6994)[0m 	libcudadebugger.so.1 (libc6,x86-64) => /lib/x86_64-linux-gnu/libcudadebugger.so.1
2026-03-23 05:07:36,851 - INFO - [36m(setup pid=6994)[0m 	libcuda.so.1 (libc6,x86-64) => /lib/x86_64-linux-gnu/libcuda.so.1
2026-03-23 05:07:36,851 - INFO - [36m(setup pid=6994)[0m 	libcuda.so (libc6,x86-64) => /lib/x86_64-linux-gnu/libcuda.so
2026-03-23 05:07:36,851 - INFO - [36m(setup pid=6994)[0m 	libcublasLt.so.12 (libc6,x86-64) => /usr/local/cuda-12.4/targets/x86_64-linux/lib/libcublasLt.so.12
2026-03-23 05:07:36,851 - INFO - [36m(setup pid=6994)[0m 	libcublasLt.so.12 (libc6,x86-64) => /usr/local/cuda-12.5/targets/x86_64-linux/lib/libcublasLt.so.12
2026-03-23 05:07:36,851 - INFO - [36m(setup pid=6994)[0m 	libcublasLt.so.12 (libc6,x86-64) => /usr/local/cuda-12.6/targets/x86_64-linux/lib/libcublasLt.so.12
2026-03-23 05:07:36,851 - INFO - [36m(setup pid=6994)[0m 	libcublasLt.so.12 (libc6,x86-64) => /usr/local/cuda-12.8/targets/x86_64-linux/lib/libcublasLt.so.12
2026-03-23 05:07:36,851 - INFO - [36m(setup pid=6994)[0m 	libcublasLt.so (libc6,x86-64) => /usr/local/cuda-12.4/targets/x86_64-linux/lib/libcublasLt.so
2026-03-23 05:07:36,851 - INFO - [36m(setup pid=6994)[0m 	libcublasLt.so (libc6,x86-64) => /usr/local/cuda-12.5/targets/x86_64-linux/lib/libcublasLt.so
2026-03-23 05:07:36,851 - INFO - [36m(setup pid=6994)[0m 	libcublasLt.so (libc6,x86-64) => /usr/local/cuda-12.6/targets/x86_64-linux/lib/libcublasLt.so
2026-03-23 05:07:36,851 - INFO - [36m(setup pid=6994)[0m 	libcublasLt.so (libc6,x86-64) => /usr/local/cuda-12.8/targets/x86_64-linux/lib/libcublasLt.so
2026-03-23 05:07:36,851 - INFO - [36m(setup pid=6994)[0m 	libcublas.so.12 (libc6,x86-64) => /usr/local/cuda-12.4/targets/x86_64-linux/lib/libcublas.so.12
2026-03-23 05:07:36,851 - INFO - [36m(setup pid=6994)[0m 	libcublas.so.12 (libc6,x86-64) => /usr/local/cuda-12.5/targets/x86_64-linux/lib/libcublas.so.12
2026-03-23 05:07:36,851 - INFO - [36m(setup pid=6994)[0m 	libcublas.so.12 (libc6,x86-64) => /usr/local/cuda-12.6/targets/x86_64-linux/lib/libcublas.so.12
2026-03-23 05:07:36,851 - INFO - [36m(setup pid=6994)[0m 	libcublas.so.12 (libc6,x86-64) => /usr/local/cuda-12.8/targets/x86_64-linux/lib/libcublas.so.12
2026-03-23 05:07:36,851 - INFO - [36m(setup pid=6994)[0m 	libcublas.so (libc6,x86-64) => /usr/local/cuda-12.4/targets/x86_64-linux/lib/libcublas.so
2026-03-23 05:07:36,851 - INFO - [36m(setup pid=6994)[0m 	libcublas.so (libc6,x86-64) => /usr/local/cuda-12.5/targets/x86_64-linux/lib/libcublas.so
2026-03-23 05:07:36,851 - INFO - [36m(setup pid=6994)[0m 	libcublas.so (libc6,x86-64) => /usr/local/cuda-12.6/targets/x86_64-linux/lib/libcublas.so
2026-03-23 05:07:36,851 - INFO - [36m(setup pid=6994)[0m 	libcublas.so (libc6,x86-64) => /usr/local/cuda-12.8/targets/x86_64-linux/lib/libcublas.so
2026-03-23 05:07:36,851 - INFO - [36m(setup pid=6994)[0m 	libaccinj64.so.12.8 (libc6,x86-64) => /usr/local/cuda-12.8/targets/x86_64-linux/lib/libaccinj64.so.12.8
2026-03-23 05:07:36,851 - INFO - [36m(setup pid=6994)[0m 	libaccinj64.so.12.6 (libc6,x86-64) => /usr/local/cuda-12.6/targets/x86_64-linux/lib/libaccinj64.so.12.6
2026-03-23 05:07:36,851 - INFO - [36m(setup pid=6994)[0m 	libaccinj64.so.12.5 (libc6,x86-64) => /usr/local/cuda-12.5/targets/x86_64-linux/lib/libaccinj64.so.12.5
2026-03-23 05:07:36,851 - INFO - [36m(setup pid=6994)[0m 	libaccinj64.so.12.4 (libc6,x86-64) => /usr/local/cuda-12.4/targets/x86_64-linux/lib/libaccinj64.so.12.4
2026-03-23 05:07:36,851 - INFO - [36m(setup pid=6994)[0m 	libaccinj64.so (libc6,x86-64) => /usr/local/cuda-12.4/targets/x86_64-linux/lib/libaccinj64.so
2026-03-23 05:07:36,851 - INFO - [36m(setup pid=6994)[0m 	libaccinj64.so (libc6,x86-64) => /usr/local/cuda-12.5/targets/x86_64-linux/lib/libaccinj64.so
2026-03-23 05:07:36,851 - INFO - [36m(setup pid=6994)[0m 	libaccinj64.so (libc6,x86-64) => /usr/local/cuda-12.6/targets/x86_64-linux/lib/libaccinj64.so
2026-03-23 05:07:36,851 - INFO - [36m(setup pid=6994)[0m 	libaccinj64.so (libc6,x86-64) => /usr/local/cuda-12.8/targets/x86_64-linux/lib/libaccinj64.so
2026-03-23 05:07:36,851 - INFO - [36m(setup pid=6994)[0m 	libOpenCL.so.1 (libc6,x86-64) => /usr/local/cuda-12.4/targets/x86_64-linux/lib/libOpenCL.so.1
2026-03-23 05:07:36,851 - INFO - [36m(setup pid=6994)[0m 	libOpenCL.so.1 (libc6,x86-64) => /usr/local/cuda-12.5/targets/x86_64-linux/lib/libOpenCL.so.1
2026-03-23 05:07:36,851 - INFO - [36m(setup pid=6994)[0m 	libOpenCL.so.1 (libc6,x86-64) => /usr/local/cuda-12.6/targets/x86_64-linux/lib/libOpenCL.so.1
2026-03-23 05:07:36,851 - INFO - [36m(setup pid=6994)[0m 	libOpenCL.so.1 (libc6,x86-64) => /usr/local/cuda-12.8/targets/x86_64-linux/lib/libOpenCL.so.1
2026-03-23 05:07:36,851 - INFO - [36m(setup pid=6994)[0m 	libOpenCL.so (libc6,x86-64) => /usr/local/cuda-12.4/targets/x86_64-linux/lib/libOpenCL.so
2026-03-23 05:07:36,851 - INFO - [36m(setup pid=6994)[0m 	libOpenCL.so (libc6,x86-64) => /usr/local/cuda-12.5/targets/x86_64-linux/lib/libOpenCL.so
2026-03-23 05:07:36,851 - INFO - [36m(setup pid=6994)[0m 	libOpenCL.so (libc6,x86-64) => /usr/local/cuda-12.6/targets/x86_64-linux/lib/libOpenCL.so
2026-03-23 05:07:36,851 - INFO - [36m(setup pid=6994)[0m 	libOpenCL.so (libc6,x86-64) => /usr/local/cuda-12.8/targets/x86_64-linux/lib/libOpenCL.so
2026-03-23 05:07:36,851 - INFO - [36m(setup pid=6994)[0m + echo 'CUDA toolkit path:'
2026-03-23 05:07:36,851 - INFO - [36m(setup pid=6994)[0m CUDA toolkit path:
2026-03-23 05:07:36,851 - INFO - [36m(setup pid=6994)[0m + ls --color=auto -la /usr/local/cuda /usr/local/cuda-12.4 /usr/local/cuda-12.5 /usr/local/cuda-12.6 /usr/local/cuda-12.8
2026-03-23 05:07:36,851 - INFO - [36m(setup pid=6994)[0m lrwxrwxrwx  1 root root   21 Aug  8  2025 /usr/local/cuda -> /usr/local/cuda-12.8/
2026-03-23 05:07:36,851 - INFO - [36m(setup pid=6994)[0m
2026-03-23 05:07:36,851 - INFO - [36m(setup pid=6994)[0m /usr/local/cuda-12.4:
2026-03-23 05:07:36,851 - INFO - [36m(setup pid=6994)[0m total 188
2026-03-23 05:07:36,851 - INFO - [36m(setup pid=6994)[0m drwxr-xr-x 19 root   root    4096 Aug  8  2025 .
2026-03-23 05:07:36,851 - INFO - [36m(setup pid=6994)[0m drwxr-xr-x 15 root   root    4096 Aug  8  2025 ..
2026-03-23 05:07:36,851 - INFO - [36m(setup pid=6994)[0m -rw-r--r--  1 root   root     160 Aug  8  2025 DOCS
2026-03-23 05:07:36,852 - INFO - [36m(setup pid=6994)[0m -rw-r--r--  1 root   root   63021 Aug  8  2025 EULA.txt
2026-03-23 05:07:36,852 - INFO - [36m(setup pid=6994)[0m -rw-r--r--  1 ubuntu ubuntu 29662 Nov 30  2023 LICENSE
2026-03-23 05:07:36,852 - INFO - [36m(setup pid=6994)[0m -rw-r--r--  1 root   root    1895 Jun 11  2024 LICENSE.txt
2026-03-23 05:07:36,852 - INFO - [36m(setup pid=6994)[0m -rw-r--r--  1 root   root     524 Aug  8  2025 README
2026-03-23 05:07:36,852 - INFO - [36m(setup pid=6994)[0m drwxr-xr-x  3 root   root    4096 Aug  8  2025 bin
2026-03-23 05:07:36,852 - INFO - [36m(setup pid=6994)[0m drwxr-xr-x  5 root   root    4096 Aug  8  2025 compute-sanitizer
2026-03-23 05:07:36,852 - INFO - [36m(setup pid=6994)[0m drwxr-xr-x  3 root   root    4096 Aug  8  2025 efa
2026-03-23 05:07:36,852 - INFO - [36m(setup pid=6994)[0m drwxr-xr-x  5 root   root    4096 Aug  8  2025 extras
2026-03-23 05:07:36,852 - INFO - [36m(setup pid=6994)[0m drwxr-xr-x  5 root   root    4096 Aug  8  2025 gds
2026-03-23 05:07:36,852 - INFO - [36m(setup pid=6994)[0m drwxr-xr-x  2 root   root    4096 Aug  8  2025 gds-12.4
2026-03-23 05:07:36,852 - INFO - [36m(setup pid=6994)[0m lrwxrwxrwx  1 root   root      28 Aug  8  2025 include -> targets/x86_64-linux/include
2026-03-23 05:07:36,852 - INFO - [36m(setup pid=6994)[0m drwxrwxr-x  3 root   root    4096 Aug  8  2025 lib
2026-03-23 05:07:36,852 - INFO - [36m(setup pid=6994)[0m lrwxrwxrwx  1 root   root      24 Aug  8  2025 lib64 -> targets/x86_64-linux/lib
2026-03-23 05:07:36,852 - INFO - [36m(setup pid=6994)[0m drwxr-xr-x  7 root   root    4096 Aug  8  2025 libnvvp
2026-03-23 05:07:36,852 - INFO - [36m(setup pid=6994)[0m drwxr-xr-x  7 root   root    4096 Aug  8  2025 nsight-compute-2024.1.1
2026-03-23 05:07:36,852 - INFO - [36m(setup pid=6994)[0m drwxr-xr-x  6 root   root    4096 Aug  8  2025 nsight-systems-2023.4.4
2026-03-23 05:07:36,852 - INFO - [36m(setup pid=6994)[0m drwxr-xr-x  2 root   root    4096 Aug  8  2025 nsightee_plugins
2026-03-23 05:07:36,852 - INFO - [36m(setup pid=6994)[0m drwxr-xr-x  3 root   root    4096 Aug  8  2025 nvml
2026-03-23 05:07:36,852 - INFO - [36m(setup pid=6994)[0m drwxr-xr-x  6 root   root    4096 Aug  8  2025 nvvm
2026-03-23 05:07:36,852 - INFO - [36m(setup pid=6994)[0m drwxr-xr-x  3 root   root    4096 Aug  8  2025 share
2026-03-23 05:07:36,852 - INFO - [36m(setup pid=6994)[0m drwxr-xr-x  2 root   root    4096 Aug  8  2025 src
2026-03-23 05:07:36,852 - INFO - [36m(setup pid=6994)[0m drwxr-xr-x  3 root   root    4096 Aug  8  2025 targets
2026-03-23 05:07:36,852 - INFO - [36m(setup pid=6994)[0m drwxr-xr-x  2 root   root    4096 Aug  8  2025 tools
2026-03-23 05:07:36,852 - INFO - [36m(setup pid=6994)[0m -rw-r--r--  1 root   root    2957 Aug  8  2025 version.json
2026-03-23 05:07:36,852 - INFO - [36m(setup pid=6994)[0m
2026-03-23 05:07:36,852 - INFO - [36m(setup pid=6994)[0m /usr/local/cuda-12.5:
2026-03-23 05:07:36,852 - INFO - [36m(setup pid=6994)[0m total 188
2026-03-23 05:07:36,852 - INFO - [36m(setup pid=6994)[0m drwxr-xr-x 19 root   root    4096 Aug  8  2025 .
2026-03-23 05:07:36,852 - INFO - [36m(setup pid=6994)[0m drwxr-xr-x 15 root   root    4096 Aug  8  2025 ..
2026-03-23 05:07:37,255 - INFO - [36m(setup pid=6994)[0m -rw-r--r--  1 root   root     160 Aug  8  2025 DOCS
2026-03-23 05:07:37,255 - INFO - [36m(setup pid=6994)[0m -rw-r--r--  1 root   root   63021 Aug  8  2025 EULA.txt
2026-03-23 05:07:37,255 - INFO - [36m(setup pid=6994)[0m -rw-r--r--  1 ubuntu ubuntu 29574 Oct 21  2024 LICENSE
2026-03-23 05:07:37,255 - INFO - [36m(setup pid=6994)[0m -rw-r--r--  1 root   root    1895 Nov  6  2024 LICENSE.txt
2026-03-23 05:07:37,255 - INFO - [36m(setup pid=6994)[0m -rw-r--r--  1 root   root     524 Aug  8  2025 README
2026-03-23 05:07:37,255 - INFO - [36m(setup pid=6994)[0m drwxr-xr-x  3 root   root    4096 Aug  8  2025 bin
2026-03-23 05:07:37,255 - INFO - [36m(setup pid=6994)[0m drwxr-xr-x  5 root   root    4096 Aug  8  2025 compute-sanitizer
2026-03-23 05:07:37,255 - INFO - [36m(setup pid=6994)[0m drwxr-xr-x  3 root   root    4096 Aug  8  2025 efa
2026-03-23 05:07:37,255 - INFO - [36m(setup pid=6994)[0m drwxr-xr-x  5 root   root    4096 Aug  8  2025 extras
2026-03-23 05:07:37,255 - INFO - [36m(setup pid=6994)[0m drwxr-xr-x  5 root   root    4096 Aug  8  2025 gds
2026-03-23 05:07:37,256 - INFO - [36m(setup pid=6994)[0m drwxr-xr-x  2 root   root    4096 Aug  8  2025 gds-12.5
2026-03-23 05:07:37,256 - INFO - [36m(setup pid=6994)[0m lrwxrwxrwx  1 root   root      28 Aug  8  2025 include -> targets/x86_64-linux/include
2026-03-23 05:07:37,256 - INFO - [36m(setup pid=6994)[0m drwxr-xr-x  3 root   root    4096 Aug  8  2025 lib
2026-03-23 05:07:37,256 - INFO - [36m(setup pid=6994)[0m lrwxrwxrwx  1 root   root      24 Aug  8  2025 lib64 -> targets/x86_64-linux/lib
2026-03-23 05:07:37,256 - INFO - [36m(setup pid=6994)[0m drwxr-xr-x  7 root   root    4096 Aug  8  2025 libnvvp
2026-03-23 05:07:37,256 - INFO - [36m(setup pid=6994)[0m drwxr-xr-x  7 root   root    4096 Aug  8  2025 nsight-compute-2024.2.0
2026-03-23 05:07:37,256 - INFO - [36m(setup pid=6994)[0m drwxr-xr-x  6 root   root    4096 Aug  8  2025 nsight-systems-2024.2.3
2026-03-23 05:07:37,256 - INFO - [36m(setup pid=6994)[0m drwxr-xr-x  2 root   root    4096 Aug  8  2025 nsightee_plugins
2026-03-23 05:07:37,256 - INFO - [36m(setup pid=6994)[0m drwxr-xr-x  3 root   root    4096 Aug  8  2025 nvml
2026-03-23 05:07:37,256 - INFO - [36m(setup pid=6994)[0m drwxr-xr-x  6 root   root    4096 Aug  8  2025 nvvm
2026-03-23 05:07:37,256 - INFO - [36m(setup pid=6994)[0m drwxr-xr-x  3 root   root    4096 Aug  8  2025 share
2026-03-23 05:07:37,256 - INFO - [36m(setup pid=6994)[0m drwxr-xr-x  2 root   root    4096 Aug  8  2025 src
2026-03-23 05:07:37,256 - INFO - [36m(setup pid=6994)[0m drwxr-xr-x  3 root   root    4096 Aug  8  2025 targets
2026-03-23 05:07:37,256 - INFO - [36m(setup pid=6994)[0m drwxr-xr-x  2 root   root    4096 Aug  8  2025 tools
2026-03-23 05:07:37,256 - INFO - [36m(setup pid=6994)[0m -rw-r--r--  1 root   root    2940 Aug  8  2025 version.json
2026-03-23 05:07:37,256 - INFO - [36m(setup pid=6994)[0m
2026-03-23 05:07:37,256 - INFO - [36m(setup pid=6994)[0m /usr/local/cuda-12.6:
2026-03-23 05:07:37,256 - INFO - [36m(setup pid=6994)[0m total 188
2026-03-23 05:07:37,256 - INFO - [36m(setup pid=6994)[0m drwxr-xr-x 19 root   root    4096 Aug  8  2025 .
2026-03-23 05:07:37,256 - INFO - [36m(setup pid=6994)[0m drwxr-xr-x 15 root   root    4096 Aug  8  2025 ..
2026-03-23 05:07:37,256 - INFO - [36m(setup pid=6994)[0m -rw-r--r--  1 root   root     160 Aug  8  2025 DOCS
2026-03-23 05:07:37,256 - INFO - [36m(setup pid=6994)[0m -rw-r--r--  1 root   root   63021 Aug  8  2025 EULA.txt
2026-03-23 05:07:37,256 - INFO - [36m(setup pid=6994)[0m -rw-r--r--  1 ubuntu ubuntu 29574 Dec 30  2024 LICENSE
2026-03-23 05:07:37,256 - INFO - [36m(setup pid=6994)[0m -rw-r--r--  1 root   root    1895 Dec  7  2024 LICENSE.txt
2026-03-23 05:07:37,256 - INFO - [36m(setup pid=6994)[0m -rw-r--r--  1 root   root     524 Aug  8  2025 README
2026-03-23 05:07:37,256 - INFO - [36m(setup pid=6994)[0m drwxrwxr-x  3 root   root    4096 Dec  7  2024 bin
2026-03-23 05:07:37,256 - INFO - [36m(setup pid=6994)[0m drwxr-xr-x  5 root   root    4096 Aug  8  2025 compute-sanitizer
2026-03-23 05:07:37,256 - INFO - [36m(setup pid=6994)[0m drwxr-xr-x  3 root   root    4096 Aug  8  2025 efa
2026-03-23 05:07:37,256 - INFO - [36m(setup pid=6994)[0m drwxr-xr-x  5 root   root    4096 Aug  8  2025 extras
2026-03-23 05:07:37,256 - INFO - [36m(setup pid=6994)[0m drwxr-xr-x  5 root   root    4096 Aug  8  2025 gds
2026-03-23 05:07:37,256 - INFO - [36m(setup pid=6994)[0m drwxr-xr-x  2 root   root    4096 Aug  8  2025 gds-12.6
2026-03-23 05:07:37,256 - INFO - [36m(setup pid=6994)[0m lrwxrwxrwx  1 root   root      28 Aug  8  2025 include -> targets/x86_64-linux/include
2026-03-23 05:07:37,256 - INFO - [36m(setup pid=6994)[0m drwxrwxr-x  3 root   root    4096 Aug  8  2025 lib
2026-03-23 05:07:37,256 - INFO - [36m(setup pid=6994)[0m lrwxrwxrwx  1 root   root      24 Aug  8  2025 lib64 -> targets/x86_64-linux/lib
2026-03-23 05:07:37,256 - INFO - [36m(setup pid=6994)[0m drwxr-xr-x  7 root   root    4096 Aug  8  2025 libnvvp
2026-03-23 05:07:37,256 - INFO - [36m(setup pid=6994)[0m drwxr-xr-x  7 root   root    4096 Aug  8  2025 nsight-compute-2024.3.2
2026-03-23 05:07:37,256 - INFO - [36m(setup pid=6994)[0m drwxr-xr-x  6 root   root    4096 Aug  8  2025 nsight-systems-2024.5.1
2026-03-23 05:07:37,256 - INFO - [36m(setup pid=6994)[0m drwxr-xr-x  2 root   root    4096 Aug  8  2025 nsightee_plugins
2026-03-23 05:07:37,256 - INFO - [36m(setup pid=6994)[0m drwxr-xr-x  3 root   root    4096 Aug  8  2025 nvml
2026-03-23 05:07:37,256 - INFO - [36m(setup pid=6994)[0m drwxr-xr-x  6 root   root    4096 Aug  8  2025 nvvm
2026-03-23 05:07:37,256 - INFO - [36m(setup pid=6994)[0m drwxr-xr-x  3 root   root    4096 Aug  8  2025 share
2026-03-23 05:07:37,256 - INFO - [36m(setup pid=6994)[0m drwxr-xr-x  2 root   root    4096 Aug  8  2025 src
2026-03-23 05:07:37,256 - INFO - [36m(setup pid=6994)[0m drwxr-xr-x  3 root   root    4096 Aug  8  2025 targets
2026-03-23 05:07:37,256 - INFO - [36m(setup pid=6994)[0m drwxr-xr-x  2 root   root    4096 Aug  8  2025 tools
2026-03-23 05:07:37,256 - INFO - [36m(setup pid=6994)[0m -rw-r--r--  1 root   root    2935 Aug  8  2025 version.json
2026-03-23 05:07:37,256 - INFO - [36m(setup pid=6994)[0m
2026-03-23 05:07:37,256 - INFO - [36m(setup pid=6994)[0m /usr/local/cuda-12.8:
2026-03-23 05:07:37,257 - INFO - [36m(setup pid=6994)[0m total 188
2026-03-23 05:07:37,257 - INFO - [36m(setup pid=6994)[0m drwxr-xr-x 19 root   root    4096 Aug  8  2025 .
2026-03-23 05:07:37,257 - INFO - [36m(setup pid=6994)[0m drwxr-xr-x 15 root   root    4096 Aug  8  2025 ..
2026-03-23 05:07:37,257 - INFO - [36m(setup pid=6994)[0m -rw-r--r--  1 root   root     160 Aug  8  2025 DOCS
2026-03-23 05:07:37,257 - INFO - [36m(setup pid=6994)[0m -rw-r--r--  1 root   root   63021 Aug  8  2025 EULA.txt
2026-03-23 05:07:37,257 - INFO - [36m(setup pid=6994)[0m -rw-r--r--  1 ubuntu ubuntu 29574 May 31  2025 LICENSE
2026-03-23 05:07:37,257 - INFO - [36m(setup pid=6994)[0m -rw-r--r--  1 root   root    1895 May 15  2025 LICENSE.txt
2026-03-23 05:07:37,257 - INFO - [36m(setup pid=6994)[0m -rw-r--r--  1 root   root     524 Aug  8  2025 README
2026-03-23 05:07:37,257 - INFO - [36m(setup pid=6994)[0m drwxr-xr-x  3 root   root    4096 May 15  2025 bin
2026-03-23 05:07:37,257 - INFO - [36m(setup pid=6994)[0m drwxr-xr-x  5 root   root    4096 Aug  8  2025 compute-sanitizer
2026-03-23 05:07:37,257 - INFO - [36m(setup pid=6994)[0m lrwxrwxrwx  1 root   root      20 Aug  8  2025 cuda-12.8 -> /usr/local/cuda-12.8
2026-03-23 05:07:37,257 - INFO - [36m(setup pid=6994)[0m drwxr-xr-x  3 root   root    4096 Aug  8  2025 efa
2026-03-23 05:07:37,257 - INFO - [36m(setup pid=6994)[0m drwxr-xr-x  5 root   root    4096 Aug  8  2025 extras
2026-03-23 05:07:37,257 - INFO - [36m(setup pid=6994)[0m drwxr-xr-x  5 root   root    4096 Aug  8  2025 gds
2026-03-23 05:07:37,257 - INFO - [36m(setup pid=6994)[0m drwxr-xr-x  2 root   root    4096 Aug  8  2025 gds-12.8
2026-03-23 05:07:37,257 - INFO - [36m(setup pid=6994)[0m lrwxrwxrwx  1 root   root      28 Aug  8  2025 include -> targets/x86_64-linux/include
2026-03-23 05:07:37,257 - INFO - [36m(setup pid=6994)[0m drwxr-xr-x  3 root   root    4096 Aug  8  2025 lib
2026-03-23 05:07:37,257 - INFO - [36m(setup pid=6994)[0m lrwxrwxrwx  1 root   root      24 Aug  8  2025 lib64 -> targets/x86_64-linux/lib
2026-03-23 05:07:37,257 - INFO - [36m(setup pid=6994)[0m drwxr-xr-x  7 root   root    4096 Aug  8  2025 libnvvp
2026-03-23 05:07:37,257 - INFO - [36m(setup pid=6994)[0m drwxr-xr-x  7 root   root    4096 Aug  8  2025 nsight-compute-2025.1.1
2026-03-23 05:07:37,257 - INFO - [36m(setup pid=6994)[0m drwxr-xr-x  6 root   root    4096 Aug  8  2025 nsight-systems-2024.6.2
2026-03-23 05:07:37,257 - INFO - [36m(setup pid=6994)[0m drwxr-xr-x  2 root   root    4096 Aug  8  2025 nsightee_plugins
2026-03-23 05:07:37,257 - INFO - [36m(setup pid=6994)[0m drwxr-xr-x  3 root   root    4096 Aug  8  2025 nvml
2026-03-23 05:07:37,257 - INFO - [36m(setup pid=6994)[0m drwxr-xr-x  6 root   root    4096 Aug  8  2025 nvvm
2026-03-23 05:07:37,257 - INFO - [36m(setup pid=6994)[0m drwxr-xr-x  3 root   root    4096 Aug  8  2025 share
2026-03-23 05:07:37,257 - INFO - [36m(setup pid=6994)[0m drwxr-xr-x  2 root   root    4096 Aug  8  2025 src
2026-03-23 05:07:37,257 - INFO - [36m(setup pid=6994)[0m drwxr-xr-x  3 root   root    4096 Aug  8  2025 targets
2026-03-23 05:07:37,257 - INFO - [36m(setup pid=6994)[0m drwxr-xr-x  2 root   root    4096 Aug  8  2025 tools
2026-03-23 05:07:37,257 - INFO - [36m(setup pid=6994)[0m -rw-r--r--  1 root   root    2940 Aug  8  2025 version.json
2026-03-23 05:07:37,257 - INFO - [36m(setup pid=6994)[0m + echo ===================================
2026-03-23 05:07:37,257 - INFO - [36m(setup pid=6994)[0m ===================================
2026-03-23 05:07:37,257 - INFO - [36m(setup pid=6994)[0m + command -v nvidia-smi
2026-03-23 05:07:37,257 - INFO - [36m(setup pid=6994)[0m + '[' true = true ']'
2026-03-23 05:07:37,257 - INFO - [36m(setup pid=6994)[0m + echo '=== Fabric Manager for NVSwitch ==='
2026-03-23 05:07:37,257 - INFO - [36m(setup pid=6994)[0m === Fabric Manager for NVSwitch ===
2026-03-23 05:07:37,257 - INFO - [36m(setup pid=6994)[0m + systemctl is-active --quiet nvidia-fabricmanager
2026-03-23 05:07:37,257 - INFO - [36m(setup pid=6994)[0m + echo 'Fabric Manager already running'
2026-03-23 05:07:37,257 - INFO - [36m(setup pid=6994)[0m Fabric Manager already running
2026-03-23 05:07:37,257 - INFO - [36m(setup pid=6994)[0m + awk 'NR<=15'
2026-03-23 05:07:37,257 - INFO - [36m(setup pid=6994)[0m + nvidia-smi topo -m
2026-03-23 05:07:37,257 - INFO - [36m(setup pid=6994)[0m 	[4mGPU0	GPU1	GPU2	GPU3	GPU4	GPU5	GPU6	GPU7	CPU Affinity	NUMA Affinity	GPU NUMA ID[0m
2026-03-23 05:07:37,257 - INFO - [36m(setup pid=6994)[0m GPU0	 X 	NV12	NV12	NV12	NV12	NV12	NV12	NV12	0-23,48-71	0		N/A
2026-03-23 05:07:37,257 - INFO - [36m(setup pid=6994)[0m GPU1	NV12	 X 	NV12	NV12	NV12	NV12	NV12	NV12	0-23,48-71	0		N/A
2026-03-23 05:07:37,257 - INFO - [36m(setup pid=6994)[0m GPU2	NV12	NV12	 X 	NV12	NV12	NV12	NV12	NV12	0-23,48-71	0		N/A
2026-03-23 05:07:37,257 - INFO - [36m(setup pid=6994)[0m GPU3	NV12	NV12	NV12	 X 	NV12	NV12	NV12	NV12	0-23,48-71	0		N/A
2026-03-23 05:07:37,257 - INFO - [36m(setup pid=6994)[0m GPU4	NV12	NV12	NV12	NV12	 X 	NV12	NV12	NV12	24-47,72-95	1		N/A
2026-03-23 05:07:37,257 - INFO - [36m(setup pid=6994)[0m GPU5	NV12	NV12	NV12	NV12	NV12	 X 	NV12	NV12	24-47,72-95	1		N/A
2026-03-23 05:07:37,257 - INFO - [36m(setup pid=6994)[0m GPU6	NV12	NV12	NV12	NV12	NV12	NV12	 X 	NV12	24-47,72-95	1		N/A
2026-03-23 05:07:37,257 - INFO - [36m(setup pid=6994)[0m GPU7	NV12	NV12	NV12	NV12	NV12	NV12	NV12	 X 	24-47,72-95	1		N/A
2026-03-23 05:07:37,257 - INFO - [36m(setup pid=6994)[0m
2026-03-23 05:07:37,257 - INFO - [36m(setup pid=6994)[0m Legend:
2026-03-23 05:07:37,257 - INFO - [36m(setup pid=6994)[0m
2026-03-23 05:07:37,257 - INFO - [36m(setup pid=6994)[0m   X    = Self
2026-03-23 05:07:37,258 - INFO - [36m(setup pid=6994)[0m   SYS  = Connection traversing PCIe as well as the SMP interconnect between NUMA nodes (e.g., QPI/UPI)
2026-03-23 05:07:37,258 - INFO - [36m(setup pid=6994)[0m   NODE = Connection traversing PCIe as well as the interconnect between PCIe Host Bridges within a NUMA node
2026-03-23 05:07:37,258 - INFO - [36m(setup pid=6994)[0m + sudo apt-get install -y numactl
2026-03-23 05:07:37,258 - INFO - [36m(setup pid=6994)[0m Reading package lists...
2026-03-23 05:07:37,258 - INFO - [36m(setup pid=6994)[0m Building dependency tree...
2026-03-23 05:07:37,258 - INFO - [36m(setup pid=6994)[0m Reading state information...
2026-03-23 05:07:37,258 - INFO - [36m(setup pid=6994)[0m + echo 'numactl installation skipped'
2026-03-23 05:07:37,258 - INFO - [36m(setup pid=6994)[0m numactl installation skipped
2026-03-23 05:07:37,258 - INFO - [36m(setup pid=6994)[0m + command -v uv
2026-03-23 05:07:37,258 - INFO - [36m(setup pid=6994)[0m + export PATH=/home/ubuntu/.local/bin:/home/ubuntu/.local/bin:/home/ubuntu/.local/bin:/home/ubuntu/miniconda3/bin:/home/ubuntu/miniconda3/condabin:/opt/amazon/openmpi/bin:/opt/amazon/efa/bin:/usr/local/cuda-12.8/bin:/usr/local/cuda-12.8/include:/usr/local/cuda-12.8/bin:/usr/local/cuda-12.8/include:/usr/local/sbin:/usr/local/bin:/usr/sbin:/usr/bin:/sbin:/bin:/usr/games:/usr/local/games:/snap/bin
2026-03-23 05:07:37,258 - INFO - [36m(setup pid=6994)[0m + PATH=/home/ubuntu/.local/bin:/home/ubuntu/.local/bin:/home/ubuntu/.local/bin:/home/ubuntu/miniconda3/bin:/home/ubuntu/miniconda3/condabin:/opt/amazon/openmpi/bin:/opt/amazon/efa/bin:/usr/local/cuda-12.8/bin:/usr/local/cuda-12.8/include:/usr/local/cuda-12.8/bin:/usr/local/cuda-12.8/include:/usr/local/sbin:/usr/local/bin:/usr/sbin:/usr/bin:/sbin:/bin:/usr/games:/usr/local/games:/snap/bin
2026-03-23 05:07:37,559 - INFO - [36m(setup pid=6994)[0m + uv venv --python 3.12 --seed --allow-existing
2026-03-23 05:07:37,559 - INFO - [36m(setup pid=6994)[0m Downloading cpython-3.12.13-linux-x86_64-gnu (download) (32.3MiB)
2026-03-23 05:07:37,559 - INFO - [36m(setup pid=6994)[0m  Downloaded cpython-3.12.13-linux-x86_64-gnu (download)
2026-03-23 05:07:37,559 - INFO - [36m(setup pid=6994)[0m Using CPython 3.12.13
2026-03-23 05:07:37,559 - INFO - [36m(setup pid=6994)[0m Creating virtual environment with seed packages at: .venv
2026-03-23 05:07:37,559 - INFO - [36m(setup pid=6994)[0m  + pip==26.0.1
2026-03-23 05:07:37,559 - INFO - [36m(setup pid=6994)[0m Activate with: source .venv/bin/activate
2026-03-23 05:07:37,559 - INFO - [36m(setup pid=6994)[0m + source .venv/bin/activate
2026-03-23 05:07:37,559 - INFO - [36m(setup pid=6994)[0m ++ '[' -z '' ']'
2026-03-23 05:07:37,559 - INFO - [36m(setup pid=6994)[0m ++ '[' -n x ']'
2026-03-23 05:07:37,559 - INFO - [36m(setup pid=6994)[0m ++ SCRIPT_PATH=.venv/bin/activate
2026-03-23 05:07:37,559 - INFO - [36m(setup pid=6994)[0m ++ '[' .venv/bin/activate = /tmp/sky_setup_sky-2026-03-23-05-01-58-736913 ']'
2026-03-23 05:07:37,559 - INFO - [36m(setup pid=6994)[0m ++ deactivate nondestructive
2026-03-23 05:07:37,559 - INFO - [36m(setup pid=6994)[0m ++ unset -f pydoc
2026-03-23 05:07:37,559 - INFO - [36m(setup pid=6994)[0m ++ '[' -z '' ']'
2026-03-23 05:07:37,559 - INFO - [36m(setup pid=6994)[0m ++ '[' -z '' ']'
2026-03-23 05:07:37,559 - INFO - [36m(setup pid=6994)[0m ++ hash -r
2026-03-23 05:07:37,559 - INFO - [36m(setup pid=6994)[0m ++ '[' -z '' ']'
2026-03-23 05:07:37,559 - INFO - [36m(setup pid=6994)[0m ++ unset VIRTUAL_ENV
2026-03-23 05:07:37,559 - INFO - [36m(setup pid=6994)[0m ++ unset VIRTUAL_ENV_PROMPT
2026-03-23 05:07:37,560 - INFO - [36m(setup pid=6994)[0m ++ '[' '!' nondestructive = nondestructive ']'
2026-03-23 05:07:37,560 - INFO - [36m(setup pid=6994)[0m ++ VIRTUAL_ENV=/home/ubuntu/sky_workdir/.venv
2026-03-23 05:07:37,560 - INFO - [36m(setup pid=6994)[0m ++ '[' linux-gnu = cygwin ']'
2026-03-23 05:07:37,560 - INFO - [36m(setup pid=6994)[0m ++ '[' linux-gnu = msys ']'
2026-03-23 05:07:37,560 - INFO - [36m(setup pid=6994)[0m ++ export VIRTUAL_ENV
2026-03-23 05:07:37,560 - INFO - [36m(setup pid=6994)[0m ++ '[' -z '' ']'
2026-03-23 05:07:37,560 - INFO - [36m(setup pid=6994)[0m ++ unset SCRIPT_PATH
2026-03-23 05:07:37,560 - INFO - [36m(setup pid=6994)[0m ++ _OLD_VIRTUAL_PATH=/home/ubuntu/.local/bin:/home/ubuntu/.local/bin:/home/ubuntu/.local/bin:/home/ubuntu/miniconda3/bin:/home/ubuntu/miniconda3/condabin:/opt/amazon/openmpi/bin:/opt/amazon/efa/bin:/usr/local/cuda-12.8/bin:/usr/local/cuda-12.8/include:/usr/local/cuda-12.8/bin:/usr/local/cuda-12.8/include:/usr/local/sbin:/usr/local/bin:/usr/sbin:/usr/bin:/sbin:/bin:/usr/games:/usr/local/games:/snap/bin
2026-03-23 05:07:37,560 - INFO - [36m(setup pid=6994)[0m ++ PATH=/home/ubuntu/sky_workdir/.venv/bin:/home/ubuntu/.local/bin:/home/ubuntu/.local/bin:/home/ubuntu/.local/bin:/home/ubuntu/miniconda3/bin:/home/ubuntu/miniconda3/condabin:/opt/amazon/openmpi/bin:/opt/amazon/efa/bin:/usr/local/cuda-12.8/bin:/usr/local/cuda-12.8/include:/usr/local/cuda-12.8/bin:/usr/local/cuda-12.8/include:/usr/local/sbin:/usr/local/bin:/usr/sbin:/usr/bin:/sbin:/bin:/usr/games:/usr/local/games:/snap/bin
2026-03-23 05:07:37,560 - INFO - [36m(setup pid=6994)[0m ++ export PATH
2026-03-23 05:07:37,560 - INFO - [36m(setup pid=6994)[0m ++ '[' xsky_workdir '!=' x ']'
2026-03-23 05:07:37,560 - INFO - [36m(setup pid=6994)[0m ++ VIRTUAL_ENV_PROMPT=sky_workdir
2026-03-23 05:07:37,560 - INFO - [36m(setup pid=6994)[0m ++ export VIRTUAL_ENV_PROMPT
2026-03-23 05:07:37,560 - INFO - [36m(setup pid=6994)[0m ++ '[' -z '' ']'
2026-03-23 05:07:37,560 - INFO - [36m(setup pid=6994)[0m ++ '[' -z '' ']'
2026-03-23 05:07:37,560 - INFO - [36m(setup pid=6994)[0m ++ _OLD_VIRTUAL_PS1='(base) ${debian_chroot:+($debian_chroot)}\u@\h:\w\$ '
2026-03-23 05:07:37,560 - INFO - [36m(setup pid=6994)[0m ++ PS1='(sky_workdir) (base) ${debian_chroot:+($debian_chroot)}\u@\h:\w\$ '
2026-03-23 05:07:37,560 - INFO - [36m(setup pid=6994)[0m ++ export PS1
2026-03-23 05:07:37,560 - INFO - [36m(setup pid=6994)[0m ++ alias pydoc
2026-03-23 05:07:37,560 - INFO - [36m(setup pid=6994)[0m ++ true
2026-03-23 05:07:37,560 - INFO - [36m(setup pid=6994)[0m ++ hash -r
2026-03-23 05:07:37,560 - INFO - [36m(setup pid=6994)[0m + uv pip install datasets requests pynvml aiohttp
2026-03-23 05:07:37,560 - INFO - [36m(setup pid=6994)[0m Resolved 44 packages in 127ms
2026-03-23 05:07:37,560 - INFO - [36m(setup pid=6994)[0m Downloading hf-xet (4.0MiB)
2026-03-23 05:07:37,560 - INFO - [36m(setup pid=6994)[0m Downloading pandas (10.4MiB)
2026-03-23 05:07:37,560 - INFO - [36m(setup pid=6994)[0m Downloading aiohttp (1.7MiB)
2026-03-23 05:07:37,560 - INFO - [36m(setup pid=6994)[0m Downloading numpy (15.9MiB)
2026-03-23 05:07:37,560 - INFO - [36m(setup pid=6994)[0m Downloading pyarrow (45.4MiB)
2026-03-23 05:07:37,560 - INFO - [36m(setup pid=6994)[0m  Downloaded hf-xet
2026-03-23 05:07:37,560 - INFO - [36m(setup pid=6994)[0m  Downloaded aiohttp
2026-03-23 05:07:37,560 - INFO - [36m(setup pid=6994)[0m  Downloaded numpy
2026-03-23 05:07:37,560 - INFO - [36m(setup pid=6994)[0m  Downloaded pyarrow
2026-03-23 05:07:37,560 - INFO - [36m(setup pid=6994)[0m  Downloaded pandas
2026-03-23 05:07:37,560 - INFO - [36m(setup pid=6994)[0m Prepared 21 packages in 899ms
2026-03-23 05:07:37,560 - INFO - [36m(setup pid=6994)[0m Installed 44 packages in 33ms
2026-03-23 05:07:37,560 - INFO - [36m(setup pid=6994)[0m  + aiohappyeyeballs==2.6.1
2026-03-23 05:07:37,560 - INFO - [36m(setup pid=6994)[0m  + aiohttp==3.13.3
2026-03-23 05:07:37,560 - INFO - [36m(setup pid=6994)[0m  + aiosignal==1.4.0
2026-03-23 05:07:37,560 - INFO - [36m(setup pid=6994)[0m  + annotated-doc==0.0.4
2026-03-23 05:07:37,560 - INFO - [36m(setup pid=6994)[0m  + anyio==4.12.1
2026-03-23 05:07:37,560 - INFO - [36m(setup pid=6994)[0m  + attrs==26.1.0
2026-03-23 05:07:37,560 - INFO - [36m(setup pid=6994)[0m  + certifi==2026.2.25
2026-03-23 05:07:37,560 - INFO - [36m(setup pid=6994)[0m  + charset-normalizer==3.4.6
2026-03-23 05:07:37,560 - INFO - [36m(setup pid=6994)[0m  + click==8.3.1
2026-03-23 05:07:37,560 - INFO - [36m(setup pid=6994)[0m  + datasets==4.8.3
2026-03-23 05:07:37,560 - INFO - [36m(setup pid=6994)[0m  + dill==0.4.1
2026-03-23 05:07:37,560 - INFO - [36m(setup pid=6994)[0m  + filelock==3.25.2
2026-03-23 05:07:37,560 - INFO - [36m(setup pid=6994)[0m  + frozenlist==1.8.0
2026-03-23 05:07:37,560 - INFO - [36m(setup pid=6994)[0m  + fsspec==2026.2.0
2026-03-23 05:07:37,560 - INFO - [36m(setup pid=6994)[0m  + h11==0.16.0
2026-03-23 05:07:37,560 - INFO - [36m(setup pid=6994)[0m  + hf-xet==1.4.2
2026-03-23 05:07:37,561 - INFO - [36m(setup pid=6994)[0m  + httpcore==1.0.9
2026-03-23 05:07:37,561 - INFO - [36m(setup pid=6994)[0m  + httpx==0.28.1
2026-03-23 05:07:37,561 - INFO - [36m(setup pid=6994)[0m  + huggingface-hub==1.7.2
2026-03-23 05:07:37,561 - INFO - [36m(setup pid=6994)[0m  + idna==3.11
2026-03-23 05:07:37,561 - INFO - [36m(setup pid=6994)[0m  + markdown-it-py==4.0.0
2026-03-23 05:07:37,561 - INFO - [36m(setup pid=6994)[0m  + mdurl==0.1.2
2026-03-23 05:07:37,561 - INFO - [36m(setup pid=6994)[0m  + multidict==6.7.1
2026-03-23 05:07:38,167 - INFO - [36m(setup pid=6994)[0m  + multiprocess==0.70.19
2026-03-23 05:07:38,167 - INFO - [36m(setup pid=6994)[0m  + numpy==2.4.3
2026-03-23 05:07:38,167 - INFO - [36m(setup pid=6994)[0m  + nvidia-ml-py==13.595.45
2026-03-23 05:07:38,167 - INFO - [36m(setup pid=6994)[0m  + packaging==26.0
2026-03-23 05:07:38,167 - INFO - [36m(setup pid=6994)[0m  + pandas==3.0.1
2026-03-23 05:07:38,167 - INFO - [36m(setup pid=6994)[0m  + propcache==0.4.1
2026-03-23 05:07:38,167 - INFO - [36m(setup pid=6994)[0m  + pyarrow==23.0.1
2026-03-23 05:07:38,167 - INFO - [36m(setup pid=6994)[0m  + pygments==2.19.2
2026-03-23 05:07:38,167 - INFO - [36m(setup pid=6994)[0m  + pynvml==13.0.1
2026-03-23 05:07:38,167 - INFO - [36m(setup pid=6994)[0m  + python-dateutil==2.9.0.post0
2026-03-23 05:07:38,167 - INFO - [36m(setup pid=6994)[0m  + pyyaml==6.0.3
2026-03-23 05:07:38,167 - INFO - [36m(setup pid=6994)[0m  + requests==2.32.5
2026-03-23 05:07:38,167 - INFO - [36m(setup pid=6994)[0m  + rich==14.3.3
2026-03-23 05:07:38,167 - INFO - [36m(setup pid=6994)[0m  + shellingham==1.5.4
2026-03-23 05:07:38,167 - INFO - [36m(setup pid=6994)[0m  + six==1.17.0
2026-03-23 05:07:38,167 - INFO - [36m(setup pid=6994)[0m  + tqdm==4.67.3
2026-03-23 05:07:38,167 - INFO - [36m(setup pid=6994)[0m  + typer==0.24.1
2026-03-23 05:07:38,167 - INFO - [36m(setup pid=6994)[0m  + typing-extensions==4.15.0
2026-03-23 05:07:38,167 - INFO - [36m(setup pid=6994)[0m  + urllib3==2.6.3
2026-03-23 05:07:38,167 - INFO - [36m(setup pid=6994)[0m  + xxhash==3.6.0
2026-03-23 05:07:38,167 - INFO - [36m(setup pid=6994)[0m  + yarl==1.23.0
2026-03-23 05:07:38,167 - INFO - [36m(setup pid=6994)[0m + echo '=== Installing vLLM 0.10.0 ==='
2026-03-23 05:07:38,167 - INFO - [36m(setup pid=6994)[0m === Installing vLLM 0.10.0 ===
2026-03-23 05:07:38,167 - INFO - [36m(setup pid=6994)[0m + uv pip install vllm==0.10.0 'ray[cgraph]'
2026-03-23 05:07:38,167 - INFO - [36m(setup pid=6994)[0m Resolved 141 packages in 389ms
2026-03-23 05:07:38,167 - INFO - [36m(setup pid=6994)[0m Downloading pillow (6.7MiB)
2026-03-23 05:07:38,167 - INFO - [36m(setup pid=6994)[0m Downloading sentencepiece (1.3MiB)
2026-03-23 05:07:38,167 - INFO - [36m(setup pid=6994)[0m Downloading tiktoken (1.1MiB)
2026-03-23 05:07:38,167 - INFO - [36m(setup pid=6994)[0m Downloading nvidia-cublas-cu12 (374.9MiB)
2026-03-23 05:07:38,167 - INFO - [36m(setup pid=6994)[0m Downloading tokenizers (3.1MiB)
2026-03-23 05:07:38,167 - INFO - [36m(setup pid=6994)[0m Downloading soundfile (1.3MiB)
2026-03-23 05:07:38,167 - INFO - [36m(setup pid=6994)[0m Downloading uvloop (4.2MiB)
2026-03-23 05:07:38,167 - INFO - [36m(setup pid=6994)[0m Downloading scipy (33.6MiB)
2026-03-23 05:07:38,167 - INFO - [36m(setup pid=6994)[0m Downloading transformers (10.2MiB)
2026-03-23 05:07:38,167 - INFO - [36m(setup pid=6994)[0m Downloading mistral-common (6.2MiB)
2026-03-23 05:07:38,167 - INFO - [36m(setup pid=6994)[0m Downloading opencv-python-headless (57.6MiB)
2026-03-23 05:07:38,168 - INFO - [36m(setup pid=6994)[0m Downloading pycountry (7.7MiB)
2026-03-23 05:07:38,168 - INFO - [36m(setup pid=6994)[0m Downloading networkx (2.0MiB)
2026-03-23 05:07:38,168 - INFO - [36m(setup pid=6994)[0m Downloading vllm (368.7MiB)
2026-03-23 05:07:38,168 - INFO - [36m(setup pid=6994)[0m Downloading pydantic-core (2.0MiB)
2026-03-23 05:07:38,168 - INFO - [36m(setup pid=6994)[0m Downloading sympy (6.0MiB)
2026-03-23 05:07:38,168 - INFO - [36m(setup pid=6994)[0m Downloading torch (783.0MiB)
2026-03-23 05:07:38,168 - INFO - [36m(setup pid=6994)[0m Downloading setuptools (1.2MiB)
2026-03-23 05:07:38,168 - INFO - [36m(setup pid=6994)[0m Downloading numba (3.7MiB)
2026-03-23 05:07:38,168 - INFO - [36m(setup pid=6994)[0m Downloading nvidia-cuda-nvrtc-cu12 (22.6MiB)
2026-03-23 05:07:38,168 - INFO - [36m(setup pid=6994)[0m Downloading torchaudio (3.3MiB)
2026-03-23 05:07:38,168 - INFO - [36m(setup pid=6994)[0m Downloading cupy-cuda12x (128.4MiB)
2026-03-23 05:07:38,168 - INFO - [36m(setup pid=6994)[0m Downloading xgrammar (11.3MiB)
2026-03-23 05:07:38,168 - INFO - [36m(setup pid=6994)[0m Downloading nvidia-nvjitlink-cu12 (18.8MiB)
2026-03-23 05:07:38,168 - INFO - [36m(setup pid=6994)[0m Downloading torchvision (7.1MiB)
2026-03-23 05:07:38,168 - INFO - [36m(setup pid=6994)[0m Downloading outlines-core (2.2MiB)
2026-03-23 05:07:38,168 - INFO - [36m(setup pid=6994)[0m Downloading numpy (15.8MiB)
2026-03-23 05:07:38,168 - INFO - [36m(setup pid=6994)[0m Downloading llvmlite (40.4MiB)
2026-03-23 05:07:38,168 - INFO - [36m(setup pid=6994)[0m Downloading xformers (111.6MiB)
2026-03-23 05:07:38,168 - INFO - [36m(setup pid=6994)[0m Downloading nvidia-cusparse-cu12 (206.5MiB)
2026-03-23 05:07:38,168 - INFO - [36m(setup pid=6994)[0m Downloading nvidia-cufile-cu12 (1.1MiB)
2026-03-23 05:07:38,168 - INFO - [36m(setup pid=6994)[0m Downloading nvidia-cudnn-cu12 (544.5MiB)
2026-03-23 05:07:38,168 - INFO - [36m(setup pid=6994)[0m Downloading nvidia-cusparselt-cu12 (149.5MiB)
2026-03-23 05:07:38,168 - INFO - [36m(setup pid=6994)[0m Downloading llguidance (14.3MiB)
2026-03-23 05:07:38,168 - INFO - [36m(setup pid=6994)[0m Downloading nvidia-curand-cu12 (53.7MiB)
2026-03-23 05:07:38,168 - INFO - [36m(setup pid=6994)[0m Downloading nvidia-cusolver-cu12 (150.9MiB)
2026-03-23 05:07:38,168 - INFO - [36m(setup pid=6994)[0m Downloading triton (148.5MiB)
2026-03-23 05:07:38,168 - INFO - [36m(setup pid=6994)[0m Downloading nvidia-nccl-cu12 (192.0MiB)
2026-03-23 05:07:38,168 - INFO - [36m(setup pid=6994)[0m Downloading nvidia-cufft-cu12 (190.9MiB)
2026-03-23 05:07:38,168 - INFO - [36m(setup pid=6994)[0m Downloading ray (69.6MiB)
2026-03-23 05:07:38,168 - INFO - [36m(setup pid=6994)[0m Downloading nvidia-cuda-cupti-cu12 (8.5MiB)
2026-03-23 05:07:38,168 - INFO - [36m(setup pid=6994)[0m  Downloaded nvidia-cufile-cu12
2026-03-23 05:07:38,168 - INFO - [36m(setup pid=6994)[0m  Downloaded tiktoken
2026-03-23 05:07:38,168 - INFO - [36m(setup pid=6994)[0m  Downloaded sentencepiece
2026-03-23 05:07:38,168 - INFO - [36m(setup pid=6994)[0m  Downloaded soundfile
2026-03-23 05:07:38,168 - INFO - [36m(setup pid=6994)[0m  Downloaded pydantic-core
2026-03-23 05:07:38,168 - INFO - [36m(setup pid=6994)[0m  Downloaded outlines-core
2026-03-23 05:07:38,168 - INFO - [36m(setup pid=6994)[0m  Downloaded setuptools
2026-03-23 05:07:38,168 - INFO - [36m(setup pid=6994)[0m  Downloaded networkx
2026-03-23 05:07:38,168 - INFO - [36m(setup pid=6994)[0m  Downloaded tokenizers
2026-03-23 05:07:38,168 - INFO - [36m(setup pid=6994)[0m  Downloaded torchaudio
2026-03-23 05:07:38,168 - INFO - [36m(setup pid=6994)[0m  Downloaded uvloop
2026-03-23 05:07:38,168 - INFO - [36m(setup pid=6994)[0m  Downloaded numba
2026-03-23 05:07:38,168 - INFO - [36m(setup pid=6994)[0m  Downloaded mistral-common
2026-03-23 05:07:38,168 - INFO - [36m(setup pid=6994)[0m  Downloaded pillow
2026-03-23 05:07:38,168 - INFO - [36m(setup pid=6994)[0m  Downloaded torchvision
2026-03-23 05:07:38,168 - INFO - [36m(setup pid=6994)[0m  Downloaded pycountry
2026-03-23 05:07:38,168 - INFO - [36m(setup pid=6994)[0m  Downloaded nvidia-cuda-cupti-cu12
2026-03-23 05:07:38,168 - INFO - [36m(setup pid=6994)[0m  Downloaded sympy
2026-03-23 05:07:38,168 - INFO - [36m(setup pid=6994)[0m  Downloaded xgrammar
2026-03-23 05:07:38,168 - INFO - [36m(setup pid=6994)[0m  Downloaded llguidance
2026-03-23 05:07:38,168 - INFO - [36m(setup pid=6994)[0m  Downloaded transformers
2026-03-23 05:07:38,169 - INFO - [36m(setup pid=6994)[0m  Downloaded numpy
2026-03-23 05:07:38,169 - INFO - [36m(setup pid=6994)[0m  Downloaded nvidia-nvjitlink-cu12
2026-03-23 05:07:38,169 - INFO - [36m(setup pid=6994)[0m  Downloaded nvidia-cuda-nvrtc-cu12
2026-03-23 05:07:38,169 - INFO - [36m(setup pid=6994)[0m  Downloaded scipy
2026-03-23 05:07:38,873 - INFO - [36m(setup pid=6994)[0m  Downloaded llvmlite
2026-03-23 05:07:39,878 - INFO - [36m(setup pid=6994)[0m  Downloaded nvidia-curand-cu12
2026-03-23 05:07:40,784 - INFO - [36m(setup pid=6994)[0m  Downloaded opencv-python-headless
2026-03-23 05:07:43,101 - INFO - [36m(setup pid=6994)[0m  Downloaded ray
2026-03-23 05:07:44,718 - INFO - [36m(setup pid=6994)[0m  Downloaded xformers
2026-03-23 05:07:46,132 - INFO - [36m(setup pid=6994)[0m  Downloaded cupy-cuda12x
2026-03-23 05:07:46,938 - INFO - [36m(setup pid=6994)[0m  Downloaded nvidia-cusparselt-cu12
2026-03-23 05:07:47,642 - INFO - [36m(setup pid=6994)[0m  Downloaded triton
2026-03-23 05:07:47,642 - INFO - [36m(setup pid=6994)[0m  Downloaded nvidia-cusolver-cu12
2026-03-23 05:07:48,753 - INFO - [36m(setup pid=6994)[0m  Downloaded nvidia-nccl-cu12
2026-03-23 05:07:49,661 - INFO - [36m(setup pid=6994)[0m  Downloaded nvidia-cufft-cu12
2026-03-23 05:07:49,661 - INFO - [36m(setup pid=6994)[0m  Downloaded nvidia-cusparse-cu12
2026-03-23 05:07:54,091 - INFO - [36m(setup pid=6994)[0m  Downloaded nvidia-cublas-cu12
2026-03-23 05:07:54,694 - INFO - [36m(setup pid=6994)[0m  Downloaded vllm
2026-03-23 05:07:56,512 - INFO - [36m(setup pid=6994)[0m  Downloaded nvidia-cudnn-cu12
2026-03-23 05:07:59,930 - INFO - [36m(setup pid=6994)[0m  Downloaded torch
2026-03-23 05:08:00,637 - INFO - [36m(setup pid=6994)[0m Prepared 92 packages in 28.45s
2026-03-23 05:08:00,637 - INFO - [36m(setup pid=6994)[0m Uninstalled 1 package in 10ms
2026-03-23 05:08:00,637 - INFO - [36m(setup pid=6994)[0m Installed 106 packages in 281ms
2026-03-23 05:08:01,346 - INFO - [36m(setup pid=6994)[0m  + annotated-types==0.7.0
2026-03-23 05:08:01,346 - INFO - [36m(setup pid=6994)[0m  + astor==0.8.1
2026-03-23 05:08:01,346 - INFO - [36m(setup pid=6994)[0m  + blake3==1.0.8
2026-03-23 05:08:01,346 - INFO - [36m(setup pid=6994)[0m  + cachetools==7.0.5
2026-03-23 05:08:01,346 - INFO - [36m(setup pid=6994)[0m  + cbor2==5.9.0
2026-03-23 05:08:01,346 - INFO - [36m(setup pid=6994)[0m  + cffi==2.0.0
2026-03-23 05:08:01,346 - INFO - [36m(setup pid=6994)[0m  + cloudpickle==3.1.2
2026-03-23 05:08:01,346 - INFO - [36m(setup pid=6994)[0m  + compressed-tensors==0.10.2
2026-03-23 05:08:01,346 - INFO - [36m(setup pid=6994)[0m  + cuda-pathfinder==1.4.3
2026-03-23 05:08:01,346 - INFO - [36m(setup pid=6994)[0m  + cupy-cuda12x==14.0.1
2026-03-23 05:08:01,346 - INFO - [36m(setup pid=6994)[0m  + depyf==0.19.0
2026-03-23 05:08:01,346 - INFO - [36m(setup pid=6994)[0m  + diskcache==5.6.3
2026-03-23 05:08:01,346 - INFO - [36m(setup pid=6994)[0m  + distro==1.9.0
2026-03-23 05:08:01,346 - INFO - [36m(setup pid=6994)[0m  + dnspython==2.8.0
2026-03-23 05:08:01,346 - INFO - [36m(setup pid=6994)[0m  + einops==0.8.2
2026-03-23 05:08:01,346 - INFO - [36m(setup pid=6994)[0m  + email-validator==2.3.0
2026-03-23 05:08:01,346 - INFO - [36m(setup pid=6994)[0m  + fastapi==0.135.1
2026-03-23 05:08:01,346 - INFO - [36m(setup pid=6994)[0m  + fastapi-cli==0.0.24
2026-03-23 05:08:01,346 - INFO - [36m(setup pid=6994)[0m  + fastapi-cloud-cli==0.15.0
2026-03-23 05:08:01,346 - INFO - [36m(setup pid=6994)[0m  + fastar==0.9.0
2026-03-23 05:08:01,346 - INFO - [36m(setup pid=6994)[0m  + gguf==0.18.0
2026-03-23 05:08:01,346 - INFO - [36m(setup pid=6994)[0m  + httptools==0.7.1
2026-03-23 05:08:01,346 - INFO - [36m(setup pid=6994)[0m  + interegular==0.3.3
2026-03-23 05:08:01,346 - INFO - [36m(setup pid=6994)[0m  + jinja2==3.1.6
2026-03-23 05:08:01,346 - INFO - [36m(setup pid=6994)[0m  + jiter==0.13.0
2026-03-23 05:08:01,346 - INFO - [36m(setup pid=6994)[0m  + jsonschema==4.26.0
2026-03-23 05:08:01,346 - INFO - [36m(setup pid=6994)[0m  + jsonschema-specifications==2025.9.1
2026-03-23 05:08:01,346 - INFO - [36m(setup pid=6994)[0m  + lark==1.2.2
2026-03-23 05:08:01,347 - INFO - [36m(setup pid=6994)[0m  + llguidance==0.7.30
2026-03-23 05:08:01,347 - INFO - [36m(setup pid=6994)[0m  + llvmlite==0.44.0
2026-03-23 05:08:01,347 - INFO - [36m(setup pid=6994)[0m  + lm-format-enforcer==0.10.12
2026-03-23 05:08:01,347 - INFO - [36m(setup pid=6994)[0m  + markupsafe==3.0.3
2026-03-23 05:08:01,347 - INFO - [36m(setup pid=6994)[0m  + mistral-common==1.10.0
2026-03-23 05:08:01,347 - INFO - [36m(setup pid=6994)[0m  + mpmath==1.3.0
2026-03-23 05:08:01,347 - INFO - [36m(setup pid=6994)[0m  + msgpack==1.1.2
2026-03-23 05:08:01,347 - INFO - [36m(setup pid=6994)[0m  + msgspec==0.20.0
2026-03-23 05:08:01,347 - INFO - [36m(setup pid=6994)[0m  + networkx==3.6.1
2026-03-23 05:08:01,347 - INFO - [36m(setup pid=6994)[0m  + ninja==1.13.0
2026-03-23 05:08:01,347 - INFO - [36m(setup pid=6994)[0m  + numba==0.61.2
2026-03-23 05:08:01,347 - INFO - [36m(setup pid=6994)[0m  - numpy==2.4.3
2026-03-23 05:08:01,347 - INFO - [36m(setup pid=6994)[0m  + numpy==2.2.6
2026-03-23 05:08:01,347 - INFO - [36m(setup pid=6994)[0m  + nvidia-cublas-cu12==12.6.4.1
2026-03-23 05:08:01,347 - INFO - [36m(setup pid=6994)[0m  + nvidia-cuda-cupti-cu12==12.6.80
2026-03-23 05:08:01,347 - INFO - [36m(setup pid=6994)[0m  + nvidia-cuda-nvrtc-cu12==12.6.77
2026-03-23 05:08:01,347 - INFO - [36m(setup pid=6994)[0m  + nvidia-cuda-runtime-cu12==12.6.77
2026-03-23 05:08:01,347 - INFO - [36m(setup pid=6994)[0m  + nvidia-cudnn-cu12==9.5.1.17
2026-03-23 05:08:01,347 - INFO - [36m(setup pid=6994)[0m  + nvidia-cufft-cu12==11.3.0.4
2026-03-23 05:08:01,347 - INFO - [36m(setup pid=6994)[0m  + nvidia-cufile-cu12==1.11.1.6
2026-03-23 05:08:01,347 - INFO - [36m(setup pid=6994)[0m  + nvidia-curand-cu12==10.3.7.77
2026-03-23 05:08:01,347 - INFO - [36m(setup pid=6994)[0m  + nvidia-cusolver-cu12==11.7.1.2
2026-03-23 05:08:01,347 - INFO - [36m(setup pid=6994)[0m  + nvidia-cusparse-cu12==12.5.4.2
2026-03-23 05:08:01,347 - INFO - [36m(setup pid=6994)[0m  + nvidia-cusparselt-cu12==0.6.3
2026-03-23 05:08:01,347 - INFO - [36m(setup pid=6994)[0m  + nvidia-nccl-cu12==2.26.2
2026-03-23 05:08:01,347 - INFO - [36m(setup pid=6994)[0m  + nvidia-nvjitlink-cu12==12.6.85
2026-03-23 05:08:01,347 - INFO - [36m(setup pid=6994)[0m  + nvidia-nvtx-cu12==12.6.77
2026-03-23 05:08:01,347 - INFO - [36m(setup pid=6994)[0m  + openai==1.90.0
2026-03-23 05:08:01,347 - INFO - [36m(setup pid=6994)[0m  + opencv-python-headless==4.13.0.92
2026-03-23 05:08:01,347 - INFO - [36m(setup pid=6994)[0m  + outlines-core==0.2.10
2026-03-23 05:08:01,347 - INFO - [36m(setup pid=6994)[0m  + partial-json-parser==0.2.1.1.post7
2026-03-23 05:08:01,347 - INFO - [36m(setup pid=6994)[0m  + pillow==12.1.1
2026-03-23 05:08:01,347 - INFO - [36m(setup pid=6994)[0m  + prometheus-client==0.24.1
2026-03-23 05:08:01,347 - INFO - [36m(setup pid=6994)[0m  + prometheus-fastapi-instrumentator==7.1.0
2026-03-23 05:08:01,347 - INFO - [36m(setup pid=6994)[0m  + protobuf==7.34.1
2026-03-23 05:08:01,347 - INFO - [36m(setup pid=6994)[0m  + psutil==7.2.2
2026-03-23 05:08:01,347 - INFO - [36m(setup pid=6994)[0m  + py-cpuinfo==9.0.0
2026-03-23 05:08:01,347 - INFO - [36m(setup pid=6994)[0m  + pybase64==1.4.3
2026-03-23 05:08:01,347 - INFO - [36m(setup pid=6994)[0m  + pycountry==26.2.16
2026-03-23 05:08:01,347 - INFO - [36m(setup pid=6994)[0m  + pycparser==3.0
2026-03-23 05:08:01,347 - INFO - [36m(setup pid=6994)[0m  + pydantic==2.12.5
2026-03-23 05:08:01,347 - INFO - [36m(setup pid=6994)[0m  + pydantic-core==2.41.5
2026-03-23 05:08:01,347 - INFO - [36m(setup pid=6994)[0m  + pydantic-extra-types==2.11.1
2026-03-23 05:08:01,347 - INFO - [36m(setup pid=6994)[0m  + pydantic-settings==2.13.1
2026-03-23 05:08:01,347 - INFO - [36m(setup pid=6994)[0m  + python-dotenv==1.2.2
2026-03-23 05:08:01,347 - INFO - [36m(setup pid=6994)[0m  + python-json-logger==4.0.0
2026-03-23 05:08:01,348 - INFO - [36m(setup pid=6994)[0m  + python-multipart==0.0.22
2026-03-23 05:08:01,348 - INFO - [36m(setup pid=6994)[0m  + pyzmq==27.1.0
2026-03-23 05:08:01,348 - INFO - [36m(setup pid=6994)[0m  + ray==2.54.0
2026-03-23 05:08:01,348 - INFO - [36m(setup pid=6994)[0m  + referencing==0.37.0
2026-03-23 05:08:01,348 - INFO - [36m(setup pid=6994)[0m  + regex==2026.2.28
2026-03-23 05:08:01,348 - INFO - [36m(setup pid=6994)[0m  + rich-toolkit==0.19.7
2026-03-23 05:08:01,348 - INFO - [36m(setup pid=6994)[0m  + rignore==0.7.6
2026-03-23 05:08:01,348 - INFO - [36m(setup pid=6994)[0m  + rpds-py==0.30.0
2026-03-23 05:08:01,348 - INFO - [36m(setup pid=6994)[0m  + safetensors==0.7.0
2026-03-23 05:08:01,348 - INFO - [36m(setup pid=6994)[0m  + scipy==1.17.1
2026-03-23 05:08:01,348 - INFO - [36m(setup pid=6994)[0m  + sentencepiece==0.2.1
2026-03-23 05:08:01,348 - INFO - [36m(setup pid=6994)[0m  + sentry-sdk==2.55.0
2026-03-23 05:08:01,348 - INFO - [36m(setup pid=6994)[0m  + setuptools==79.0.1
2026-03-23 05:08:01,348 - INFO - [36m(setup pid=6994)[0m  + sniffio==1.3.1
2026-03-23 05:08:01,348 - INFO - [36m(setup pid=6994)[0m  + soundfile==0.13.1
2026-03-23 05:08:01,348 - INFO - [36m(setup pid=6994)[0m  + soxr==1.0.0
2026-03-23 05:08:01,348 - INFO - [36m(setup pid=6994)[0m  + starlette==0.52.1
2026-03-23 05:08:01,348 - INFO - [36m(setup pid=6994)[0m  + sympy==1.14.0
2026-03-23 05:08:01,348 - INFO - [36m(setup pid=6994)[0m  + tiktoken==0.12.0
2026-03-23 05:08:01,348 - INFO - [36m(setup pid=6994)[0m  + tokenizers==0.22.2
2026-03-23 05:08:01,348 - INFO - [36m(setup pid=6994)[0m  + torch==2.7.1
2026-03-23 05:08:01,348 - INFO - [36m(setup pid=6994)[0m  + torchaudio==2.7.1
2026-03-23 05:08:01,348 - INFO - [36m(setup pid=6994)[0m  + torchvision==0.22.1
2026-03-23 05:08:01,348 - INFO - [36m(setup pid=6994)[0m  + transformers==5.3.0
2026-03-23 05:08:01,348 - INFO - [36m(setup pid=6994)[0m  + triton==3.3.1
2026-03-23 05:08:01,348 - INFO - [36m(setup pid=6994)[0m  + typing-inspection==0.4.2
2026-03-23 05:08:01,348 - INFO - [36m(setup pid=6994)[0m  + uvicorn==0.42.0
2026-03-23 05:08:01,348 - INFO - [36m(setup pid=6994)[0m  + uvloop==0.22.1
2026-03-23 05:08:01,348 - INFO - [36m(setup pid=6994)[0m  + vllm==0.10.0
2026-03-23 05:08:01,348 - INFO - [36m(setup pid=6994)[0m  + watchfiles==1.1.1
2026-03-23 05:08:01,348 - INFO - [36m(setup pid=6994)[0m  + websockets==16.0
2026-03-23 05:08:01,348 - INFO - [36m(setup pid=6994)[0m  + xformers==0.0.31
2026-03-23 05:08:01,348 - INFO - [36m(setup pid=6994)[0m  + xgrammar==0.1.21
2026-03-23 05:08:01,348 - INFO - [36m(setup pid=6994)[0m + echo '=== Pinning transformers==4.57.3 (avoid 5.x breaking changes) ==='
2026-03-23 05:08:01,348 - INFO - [36m(setup pid=6994)[0m === Pinning transformers==4.57.3 (avoid 5.x breaking changes) ===
2026-03-23 05:08:01,348 - INFO - [36m(setup pid=6994)[0m + uv pip install transformers==4.57.3
2026-03-23 05:08:01,348 - INFO - [36m(setup pid=6994)[0m Resolved 18 packages in 37ms
2026-03-23 05:08:01,348 - INFO - [36m(setup pid=6994)[0m Downloading transformers (11.4MiB)
2026-03-23 05:08:01,348 - INFO - [36m(setup pid=6994)[0m  Downloaded transformers
2026-03-23 05:08:01,348 - INFO - [36m(setup pid=6994)[0m Prepared 2 packages in 327ms
2026-03-23 05:08:01,348 - INFO - [36m(setup pid=6994)[0m Uninstalled 2 packages in 55ms
2026-03-23 05:08:01,348 - INFO - [36m(setup pid=6994)[0m Installed 2 packages in 45ms
2026-03-23 05:08:08,602 - INFO - [36m(setup pid=6994)[0m  - huggingface-hub==1.7.2
2026-03-23 05:08:08,603 - INFO - [36m(setup pid=6994)[0m  + huggingface-hub==0.36.2
2026-03-23 05:08:08,603 - INFO - [36m(setup pid=6994)[0m  - transformers==5.3.0
2026-03-23 05:08:08,603 - INFO - [36m(setup pid=6994)[0m  + transformers==4.57.3
2026-03-23 05:08:08,603 - INFO - [36m(setup pid=6994)[0m + echo '=== PyTorch CUDA Check ==='
2026-03-23 05:08:08,603 - INFO - [36m(setup pid=6994)[0m === PyTorch CUDA Check ===
2026-03-23 05:08:08,603 - INFO - [36m(setup pid=6994)[0m + python3 -c 'import torch; print('\''torch.cuda.is_available():'\'', torch.cuda.is_available()); print('\''torch.version.cuda:'\'', torch.version.cuda); print('\''torch.__version__:'\'', torch.__version__); print('\''torch.cuda.device_count():'\'', torch.cuda.device_count() if torch.cuda.is_available() else '\''N/A'\'')'
2026-03-23 05:08:08,603 - INFO - [36m(setup pid=6994)[0m torch.cuda.is_available(): True
2026-03-23 05:08:09,812 - INFO - [36m(setup pid=6994)[0m torch.version.cuda: 12.6
2026-03-23 05:08:09,812 - INFO - [36m(setup pid=6994)[0m torch.__version__: 2.7.1+cu126
2026-03-23 05:08:09,812 - INFO - [36m(setup pid=6994)[0m torch.cuda.device_count(): 8
2026-03-23 05:08:09,812 - INFO - [36m(setup pid=6994)[0m + echo ===========================
2026-03-23 05:08:10,719 - INFO - [36m(setup pid=6994)[0m ===========================
2026-03-23 05:08:10,719 - INFO - [36m(setup pid=6994)[0m + echo '=== Setup complete ==='
2026-03-23 05:08:10,719 - INFO - [36m(setup pid=6994)[0m === Setup complete ===
2026-03-23 05:08:10,720 - INFO - [36m(rf-qwen3-32b-tp4pp2-A100-40gb, pid=6994)[0m + export LD_LIBRARY_PATH=/usr/local/cuda/lib64:/usr/local/cuda/targets/x86_64-linux/lib:/usr/local/cuda-12.8/lib:/usr/local/cuda-12.8/lib64:/usr/local/cuda-12.8:/usr/local/cuda-12.8/targets/x86_64-linux/lib/:/usr/local/cuda-12.8/extras/CUPTI/lib64:/opt/amazon/efa/lib:/opt/amazon/openmpi/lib:/opt/amazon/ofi-nccl/lib/x86_64-linux-gnu:/usr/local/lib:/usr/lib:/usr/local/cuda-12.8/lib:/usr/local/cuda-12.8/lib64:/usr/local/cuda-12.8:/usr/local/cuda-12.8/targets/x86_64-linux/lib/:/usr/local/cuda-12.8/extras/CUPTI/lib64:/opt/amazon/efa/lib:/opt/amazon/openmpi/lib:/opt/amazon/ofi-nccl/lib/x86_64-linux-gnu:/usr/local/lib:/usr/lib
2026-03-23 05:08:11,224 - INFO - [36m(rf-qwen3-32b-tp4pp2-A100-40gb, pid=6994)[0m + LD_LIBRARY_PATH=/usr/local/cuda/lib64:/usr/local/cuda/targets/x86_64-linux/lib:/usr/local/cuda-12.8/lib:/usr/local/cuda-12.8/lib64:/usr/local/cuda-12.8:/usr/local/cuda-12.8/targets/x86_64-linux/lib/:/usr/local/cuda-12.8/extras/CUPTI/lib64:/opt/amazon/efa/lib:/opt/amazon/openmpi/lib:/opt/amazon/ofi-nccl/lib/x86_64-linux-gnu:/usr/local/lib:/usr/lib:/usr/local/cuda-12.8/lib:/usr/local/cuda-12.8/lib64:/usr/local/cuda-12.8:/usr/local/cuda-12.8/targets/x86_64-linux/lib/:/usr/local/cuda-12.8/extras/CUPTI/lib64:/opt/amazon/efa/lib:/opt/amazon/openmpi/lib:/opt/amazon/ofi-nccl/lib/x86_64-linux-gnu:/usr/local/lib:/usr/lib
2026-03-23 05:08:11,224 - INFO - [36m(rf-qwen3-32b-tp4pp2-A100-40gb, pid=6994)[0m + export CUDA_HOME=/usr/local/cuda
2026-03-23 05:08:11,224 - INFO - [36m(rf-qwen3-32b-tp4pp2-A100-40gb, pid=6994)[0m + CUDA_HOME=/usr/local/cuda
2026-03-23 05:08:11,224 - INFO - [36m(rf-qwen3-32b-tp4pp2-A100-40gb, pid=6994)[0m + echo '=== Pre-run Diagnostics ==='
2026-03-23 05:08:11,224 - INFO - [36m(rf-qwen3-32b-tp4pp2-A100-40gb, pid=6994)[0m === Pre-run Diagnostics ===
2026-03-23 05:08:11,224 - INFO - [36m(rf-qwen3-32b-tp4pp2-A100-40gb, pid=6994)[0m + nvidia-smi
2026-03-23 05:08:11,224 - INFO - [36m(rf-qwen3-32b-tp4pp2-A100-40gb, pid=6994)[0m Sun Mar 22 23:38:10 2026
2026-03-23 05:08:11,224 - INFO - [36m(rf-qwen3-32b-tp4pp2-A100-40gb, pid=6994)[0m +-----------------------------------------------------------------------------------------+
2026-03-23 05:08:11,224 - INFO - [36m(rf-qwen3-32b-tp4pp2-A100-40gb, pid=6994)[0m | NVIDIA-SMI 570.172.08             Driver Version: 570.172.08     CUDA Version: 12.8     |
2026-03-23 05:08:11,224 - INFO - [36m(rf-qwen3-32b-tp4pp2-A100-40gb, pid=6994)[0m |-----------------------------------------+------------------------+----------------------+
2026-03-23 05:08:11,224 - INFO - [36m(rf-qwen3-32b-tp4pp2-A100-40gb, pid=6994)[0m | GPU  Name                 Persistence-M | Bus-Id          Disp.A | Volatile Uncorr. ECC |
2026-03-23 05:08:11,224 - INFO - [36m(rf-qwen3-32b-tp4pp2-A100-40gb, pid=6994)[0m | Fan  Temp   Perf          Pwr:Usage/Cap |           Memory-Usage | GPU-Util  Compute M. |
2026-03-23 05:08:11,224 - INFO - [36m(rf-qwen3-32b-tp4pp2-A100-40gb, pid=6994)[0m |                                         |                        |               MIG M. |
2026-03-23 05:08:11,224 - INFO - [36m(rf-qwen3-32b-tp4pp2-A100-40gb, pid=6994)[0m |=========================================+========================+======================|
2026-03-23 05:08:11,224 - INFO - [36m(rf-qwen3-32b-tp4pp2-A100-40gb, pid=6994)[0m |   0  NVIDIA A100-SXM4-40GB          On  |   00000000:10:1C.0 Off |                    0 |
2026-03-23 05:08:11,224 - INFO - [36m(rf-qwen3-32b-tp4pp2-A100-40gb, pid=6994)[0m | N/A   30C    P0             55W /  400W |       0MiB /  40960MiB |      0%      Default |
2026-03-23 05:08:11,224 - INFO - [36m(rf-qwen3-32b-tp4pp2-A100-40gb, pid=6994)[0m |                                         |                        |             Disabled |
2026-03-23 05:08:11,224 - INFO - [36m(rf-qwen3-32b-tp4pp2-A100-40gb, pid=6994)[0m +-----------------------------------------+------------------------+----------------------+
2026-03-23 05:08:11,224 - INFO - [36m(rf-qwen3-32b-tp4pp2-A100-40gb, pid=6994)[0m |   1  NVIDIA A100-SXM4-40GB          On  |   00000000:10:1D.0 Off |                    0 |
2026-03-23 05:08:11,224 - INFO - [36m(rf-qwen3-32b-tp4pp2-A100-40gb, pid=6994)[0m | N/A   29C    P0             54W /  400W |       0MiB /  40960MiB |      0%      Default |
2026-03-23 05:08:11,224 - INFO - [36m(rf-qwen3-32b-tp4pp2-A100-40gb, pid=6994)[0m |                                         |                        |             Disabled |
2026-03-23 05:08:11,224 - INFO - [36m(rf-qwen3-32b-tp4pp2-A100-40gb, pid=6994)[0m +-----------------------------------------+------------------------+----------------------+
2026-03-23 05:08:11,224 - INFO - [36m(rf-qwen3-32b-tp4pp2-A100-40gb, pid=6994)[0m |   2  NVIDIA A100-SXM4-40GB          On  |   00000000:20:1C.0 Off |                    0 |
2026-03-23 05:08:14,044 - INFO - [36m(rf-qwen3-32b-tp4pp2-A100-40gb, pid=6994)[0m | N/A   29C    P0             53W /  400W |       0MiB /  40960MiB |      0%      Default |
2026-03-23 05:08:14,044 - INFO - [36m(rf-qwen3-32b-tp4pp2-A100-40gb, pid=6994)[0m |                                         |                        |             Disabled |
2026-03-23 05:08:14,044 - INFO - [36m(rf-qwen3-32b-tp4pp2-A100-40gb, pid=6994)[0m +-----------------------------------------+------------------------+----------------------+
2026-03-23 05:08:14,044 - INFO - [36m(rf-qwen3-32b-tp4pp2-A100-40gb, pid=6994)[0m |   3  NVIDIA A100-SXM4-40GB          On  |   00000000:20:1D.0 Off |                    0 |
2026-03-23 05:08:14,044 - INFO - [36m(rf-qwen3-32b-tp4pp2-A100-40gb, pid=6994)[0m | N/A   29C    P0             54W /  400W |       0MiB /  40960MiB |      0%      Default |
2026-03-23 05:08:14,044 - INFO - [36m(rf-qwen3-32b-tp4pp2-A100-40gb, pid=6994)[0m |                                         |                        |             Disabled |
2026-03-23 05:08:14,044 - INFO - [36m(rf-qwen3-32b-tp4pp2-A100-40gb, pid=6994)[0m +-----------------------------------------+------------------------+----------------------+
2026-03-23 05:08:14,044 - INFO - [36m(rf-qwen3-32b-tp4pp2-A100-40gb, pid=6994)[0m |   4  NVIDIA A100-SXM4-40GB          On  |   00000000:90:1C.0 Off |                    0 |
2026-03-23 05:08:14,044 - INFO - [36m(rf-qwen3-32b-tp4pp2-A100-40gb, pid=6994)[0m | N/A   30C    P0             61W /  400W |       0MiB /  40960MiB |      0%      Default |
2026-03-23 05:08:14,044 - INFO - [36m(rf-qwen3-32b-tp4pp2-A100-40gb, pid=6994)[0m |                                         |                        |             Disabled |
2026-03-23 05:08:14,044 - INFO - [36m(rf-qwen3-32b-tp4pp2-A100-40gb, pid=6994)[0m +-----------------------------------------+------------------------+----------------------+
2026-03-23 05:08:14,044 - INFO - [36m(rf-qwen3-32b-tp4pp2-A100-40gb, pid=6994)[0m |   5  NVIDIA A100-SXM4-40GB          On  |   00000000:90:1D.0 Off |                    0 |
2026-03-23 05:08:14,045 - INFO - [36m(rf-qwen3-32b-tp4pp2-A100-40gb, pid=6994)[0m | N/A   29C    P0             55W /  400W |       0MiB /  40960MiB |      0%      Default |
2026-03-23 05:08:14,045 - INFO - [36m(rf-qwen3-32b-tp4pp2-A100-40gb, pid=6994)[0m |                                         |                        |             Disabled |
2026-03-23 05:08:14,045 - INFO - [36m(rf-qwen3-32b-tp4pp2-A100-40gb, pid=6994)[0m +-----------------------------------------+------------------------+----------------------+
2026-03-23 05:08:14,045 - INFO - [36m(rf-qwen3-32b-tp4pp2-A100-40gb, pid=6994)[0m |   6  NVIDIA A100-SXM4-40GB          On  |   00000000:A0:1C.0 Off |                    0 |
2026-03-23 05:08:14,045 - INFO - [36m(rf-qwen3-32b-tp4pp2-A100-40gb, pid=6994)[0m | N/A   29C    P0             54W /  400W |       0MiB /  40960MiB |      0%      Default |
2026-03-23 05:08:14,045 - INFO - [36m(rf-qwen3-32b-tp4pp2-A100-40gb, pid=6994)[0m |                                         |                        |             Disabled |
2026-03-23 05:08:14,045 - INFO - [36m(rf-qwen3-32b-tp4pp2-A100-40gb, pid=6994)[0m +-----------------------------------------+------------------------+----------------------+
2026-03-23 05:08:14,045 - INFO - [36m(rf-qwen3-32b-tp4pp2-A100-40gb, pid=6994)[0m |   7  NVIDIA A100-SXM4-40GB          On  |   00000000:A0:1D.0 Off |                    0 |
2026-03-23 05:08:14,045 - INFO - [36m(rf-qwen3-32b-tp4pp2-A100-40gb, pid=6994)[0m | N/A   30C    P0             57W /  400W |       0MiB /  40960MiB |      0%      Default |
2026-03-23 05:08:14,045 - INFO - [36m(rf-qwen3-32b-tp4pp2-A100-40gb, pid=6994)[0m |                                         |                        |             Disabled |
2026-03-23 05:08:14,045 - INFO - [36m(rf-qwen3-32b-tp4pp2-A100-40gb, pid=6994)[0m +-----------------------------------------+------------------------+----------------------+
2026-03-23 05:08:14,045 - INFO - [36m(rf-qwen3-32b-tp4pp2-A100-40gb, pid=6994)[0m
2026-03-23 05:08:14,045 - INFO - [36m(rf-qwen3-32b-tp4pp2-A100-40gb, pid=6994)[0m +-----------------------------------------------------------------------------------------+
2026-03-23 05:08:14,045 - INFO - [36m(rf-qwen3-32b-tp4pp2-A100-40gb, pid=6994)[0m | Processes:                                                                              |
2026-03-23 05:08:14,045 - INFO - [36m(rf-qwen3-32b-tp4pp2-A100-40gb, pid=6994)[0m |  GPU   GI   CI              PID   Type   Process name                        GPU Memory |
2026-03-23 05:08:14,045 - INFO - [36m(rf-qwen3-32b-tp4pp2-A100-40gb, pid=6994)[0m |        ID   ID                                                               Usage      |
2026-03-23 05:08:14,045 - INFO - [36m(rf-qwen3-32b-tp4pp2-A100-40gb, pid=6994)[0m |=========================================================================================|
2026-03-23 05:08:14,045 - INFO - [36m(rf-qwen3-32b-tp4pp2-A100-40gb, pid=6994)[0m |  No running processes found                                                             |
2026-03-23 05:08:14,045 - INFO - [36m(rf-qwen3-32b-tp4pp2-A100-40gb, pid=6994)[0m +-----------------------------------------------------------------------------------------+
2026-03-23 05:08:14,045 - INFO - [36m(rf-qwen3-32b-tp4pp2-A100-40gb, pid=6994)[0m + echo '--- A100 SXM4 Diagnostics ---'
2026-03-23 05:08:14,546 - INFO - [36m(rf-qwen3-32b-tp4pp2-A100-40gb, pid=6994)[0m --- A100 SXM4 Diagnostics ---
2026-03-23 05:08:14,546 - INFO - [36m(rf-qwen3-32b-tp4pp2-A100-40gb, pid=6994)[0m + echo 'Checking NVIDIA Fabric Manager (required for NVSwitch on A100-SXM4)...'
2026-03-23 05:08:14,546 - INFO - [36m(rf-qwen3-32b-tp4pp2-A100-40gb, pid=6994)[0m Checking NVIDIA Fabric Manager (required for NVSwitch on A100-SXM4)...
2026-03-23 05:08:14,546 - INFO - [36m(rf-qwen3-32b-tp4pp2-A100-40gb, pid=6994)[0m + systemctl status nvidia-fabricmanager
2026-03-23 05:08:14,547 - INFO - [36m(rf-qwen3-32b-tp4pp2-A100-40gb, pid=6994)[0m ● nvidia-fabricmanager.service - NVIDIA fabric manager service
2026-03-23 05:08:14,547 - INFO - [36m(rf-qwen3-32b-tp4pp2-A100-40gb, pid=6994)[0m      Loaded: loaded (/lib/systemd/system/nvidia-fabricmanager.service; enabled; vendor preset: enabled)
2026-03-23 05:08:14,547 - INFO - [36m(rf-qwen3-32b-tp4pp2-A100-40gb, pid=6994)[0m      Active: active (running) since Sun 2026-03-22 23:36:29 UTC; 1min 44s ago
2026-03-23 05:08:14,547 - INFO - [36m(rf-qwen3-32b-tp4pp2-A100-40gb, pid=6994)[0m    Main PID: 4642 (nv-fabricmanage)
2026-03-23 05:08:14,547 - INFO - [36m(rf-qwen3-32b-tp4pp2-A100-40gb, pid=6994)[0m       Tasks: 19
2026-03-23 05:08:14,547 - INFO - [36m(rf-qwen3-32b-tp4pp2-A100-40gb, pid=6994)[0m      Memory: 26.7M
2026-03-23 05:08:14,547 - INFO - [36m(rf-qwen3-32b-tp4pp2-A100-40gb, pid=6994)[0m         CPU: 11.369s
2026-03-23 05:08:14,547 - INFO - [36m(rf-qwen3-32b-tp4pp2-A100-40gb, pid=6994)[0m      CGroup: /system.slice/nvidia-fabricmanager.service
2026-03-23 05:08:14,547 - INFO - [36m(rf-qwen3-32b-tp4pp2-A100-40gb, pid=6994)[0m              └─4642 /usr/bin/nv-fabricmanager -c /usr/share/nvidia/nvswitch/fabricmanager.cfg
2026-03-23 05:08:14,547 - INFO - [36m(rf-qwen3-32b-tp4pp2-A100-40gb, pid=6994)[0m
2026-03-23 05:08:14,547 - INFO - [36m(rf-qwen3-32b-tp4pp2-A100-40gb, pid=6994)[0m Mar 22 23:36:14 ip-172-31-61-47 systemd[1]: Starting NVIDIA fabric manager service...
2026-03-23 05:08:14,547 - INFO - [36m(rf-qwen3-32b-tp4pp2-A100-40gb, pid=6994)[0m Mar 22 23:36:14 ip-172-31-61-47 nvidia-fabricmanager-start.sh[4288]: Detected Pre-NVL5 system
2026-03-23 05:08:14,547 - INFO - [36m(rf-qwen3-32b-tp4pp2-A100-40gb, pid=6994)[0m Mar 22 23:36:18 ip-172-31-61-47 nv-fabricmanager[4642]: Connected to 1 node.
2026-03-23 05:08:14,547 - INFO - [36m(rf-qwen3-32b-tp4pp2-A100-40gb, pid=6994)[0m Mar 22 23:36:29 ip-172-31-61-47 nv-fabricmanager[4642]: Successfully configured all the available GPUs and NVSwitches to route NVLink traffic.
2026-03-23 05:08:14,547 - INFO - [36m(rf-qwen3-32b-tp4pp2-A100-40gb, pid=6994)[0m Mar 22 23:36:29 ip-172-31-61-47 nvidia-fabricmanager-start.sh[4288]: Started "Nvidia Fabric Manager"
2026-03-23 05:08:14,547 - INFO - [36m(rf-qwen3-32b-tp4pp2-A100-40gb, pid=6994)[0m Mar 22 23:36:29 ip-172-31-61-47 systemd[1]: Started NVIDIA fabric manager service.
2026-03-23 05:08:14,547 - INFO - [36m(rf-qwen3-32b-tp4pp2-A100-40gb, pid=6994)[0m + echo 'Checking for NVLink topology...'
2026-03-23 05:08:14,547 - INFO - [36m(rf-qwen3-32b-tp4pp2-A100-40gb, pid=6994)[0m Checking for NVLink topology...
2026-03-23 05:08:14,547 - INFO - [36m(rf-qwen3-32b-tp4pp2-A100-40gb, pid=6994)[0m + nvidia-smi topo -m
2026-03-23 05:08:14,547 - INFO - [36m(rf-qwen3-32b-tp4pp2-A100-40gb, pid=6994)[0m 	[4mGPU0	GPU1	GPU2	GPU3	GPU4	GPU5	GPU6	GPU7	CPU Affinity	NUMA Affinity	GPU NUMA ID[0m
2026-03-23 05:08:14,547 - INFO - [36m(rf-qwen3-32b-tp4pp2-A100-40gb, pid=6994)[0m GPU0	 X 	NV12	NV12	NV12	NV12	NV12	NV12	NV12	0-23,48-71	0		N/A
2026-03-23 05:08:14,547 - INFO - [36m(rf-qwen3-32b-tp4pp2-A100-40gb, pid=6994)[0m GPU1	NV12	 X 	NV12	NV12	NV12	NV12	NV12	NV12	0-23,48-71	0		N/A
2026-03-23 05:08:14,548 - INFO - [36m(rf-qwen3-32b-tp4pp2-A100-40gb, pid=6994)[0m GPU2	NV12	NV12	 X 	NV12	NV12	NV12	NV12	NV12	0-23,48-71	0		N/A
2026-03-23 05:08:14,548 - INFO - [36m(rf-qwen3-32b-tp4pp2-A100-40gb, pid=6994)[0m GPU3	NV12	NV12	NV12	 X 	NV12	NV12	NV12	NV12	0-23,48-71	0		N/A
2026-03-23 05:08:14,548 - INFO - [36m(rf-qwen3-32b-tp4pp2-A100-40gb, pid=6994)[0m GPU4	NV12	NV12	NV12	NV12	 X 	NV12	NV12	NV12	24-47,72-95	1		N/A
2026-03-23 05:08:14,548 - INFO - [36m(rf-qwen3-32b-tp4pp2-A100-40gb, pid=6994)[0m GPU5	NV12	NV12	NV12	NV12	NV12	 X 	NV12	NV12	24-47,72-95	1		N/A
2026-03-23 05:08:14,548 - INFO - [36m(rf-qwen3-32b-tp4pp2-A100-40gb, pid=6994)[0m GPU6	NV12	NV12	NV12	NV12	NV12	NV12	 X 	NV12	24-47,72-95	1		N/A
2026-03-23 05:08:14,548 - INFO - [36m(rf-qwen3-32b-tp4pp2-A100-40gb, pid=6994)[0m GPU7	NV12	NV12	NV12	NV12	NV12	NV12	NV12	 X 	24-47,72-95	1		N/A
2026-03-23 05:08:14,548 - INFO - [36m(rf-qwen3-32b-tp4pp2-A100-40gb, pid=6994)[0m
2026-03-23 05:08:14,548 - INFO - [36m(rf-qwen3-32b-tp4pp2-A100-40gb, pid=6994)[0m Legend:
2026-03-23 05:08:14,548 - INFO - [36m(rf-qwen3-32b-tp4pp2-A100-40gb, pid=6994)[0m
2026-03-23 05:08:14,548 - INFO - [36m(rf-qwen3-32b-tp4pp2-A100-40gb, pid=6994)[0m   X    = Self
2026-03-23 05:08:14,548 - INFO - [36m(rf-qwen3-32b-tp4pp2-A100-40gb, pid=6994)[0m   SYS  = Connection traversing PCIe as well as the SMP interconnect between NUMA nodes (e.g., QPI/UPI)
2026-03-23 05:08:14,548 - INFO - [36m(rf-qwen3-32b-tp4pp2-A100-40gb, pid=6994)[0m   NODE = Connection traversing PCIe as well as the interconnect between PCIe Host Bridges within a NUMA node
2026-03-23 05:08:15,151 - INFO - [36m(rf-qwen3-32b-tp4pp2-A100-40gb, pid=6994)[0m   PHB  = Connection traversing PCIe as well as a PCIe Host Bridge (typically the CPU)
2026-03-23 05:08:15,151 - INFO - [36m(rf-qwen3-32b-tp4pp2-A100-40gb, pid=6994)[0m   PXB  = Connection traversing multiple PCIe bridges (without traversing the PCIe Host Bridge)
2026-03-23 05:08:15,151 - INFO - [36m(rf-qwen3-32b-tp4pp2-A100-40gb, pid=6994)[0m   PIX  = Connection traversing at most a single PCIe bridge
2026-03-23 05:08:15,151 - INFO - [36m(rf-qwen3-32b-tp4pp2-A100-40gb, pid=6994)[0m   NV#  = Connection traversing a bonded set of # NVLinks
2026-03-23 05:08:15,151 - INFO - [36m(rf-qwen3-32b-tp4pp2-A100-40gb, pid=6994)[0m + echo '--- NUMA Topology and GPU-NUMA Mapping ---'
2026-03-23 05:08:15,151 - INFO - [36m(rf-qwen3-32b-tp4pp2-A100-40gb, pid=6994)[0m --- NUMA Topology and GPU-NUMA Mapping ---
2026-03-23 05:08:15,151 - INFO - [36m(rf-qwen3-32b-tp4pp2-A100-40gb, pid=6994)[0m + echo 'NUMA hardware layout:'
2026-03-23 05:08:15,151 - INFO - [36m(rf-qwen3-32b-tp4pp2-A100-40gb, pid=6994)[0m NUMA hardware layout:
2026-03-23 05:08:15,151 - INFO - [36m(rf-qwen3-32b-tp4pp2-A100-40gb, pid=6994)[0m + numactl --hardware
2026-03-23 05:08:15,151 - INFO - [36m(rf-qwen3-32b-tp4pp2-A100-40gb, pid=6994)[0m + '[' -x /usr/lib/command-not-found ']'
2026-03-23 05:08:15,151 - INFO - [36m(rf-qwen3-32b-tp4pp2-A100-40gb, pid=6994)[0m + /usr/lib/command-not-found -- numactl
2026-03-23 05:08:15,152 - INFO - [36m(rf-qwen3-32b-tp4pp2-A100-40gb, pid=6994)[0m Command 'numactl' not found, but can be installed with:
2026-03-23 05:08:16,963 - INFO - [36m(rf-qwen3-32b-tp4pp2-A100-40gb, pid=6994)[0m sudo apt install numactl
2026-03-23 05:08:16,963 - INFO - [36m(rf-qwen3-32b-tp4pp2-A100-40gb, pid=6994)[0m + echo 'numactl not available'
2026-03-23 05:08:16,963 - INFO - [36m(rf-qwen3-32b-tp4pp2-A100-40gb, pid=6994)[0m numactl not available
2026-03-23 05:08:16,963 - INFO - [36m(rf-qwen3-32b-tp4pp2-A100-40gb, pid=6994)[0m + echo ''
2026-03-23 05:08:16,963 - INFO - [36m(rf-qwen3-32b-tp4pp2-A100-40gb, pid=6994)[0m
2026-03-23 05:08:16,963 - INFO - [36m(rf-qwen3-32b-tp4pp2-A100-40gb, pid=6994)[0m + echo 'GPU PCIe Bus IDs and NUMA node assignments:'
2026-03-23 05:08:16,963 - INFO - [36m(rf-qwen3-32b-tp4pp2-A100-40gb, pid=6994)[0m GPU PCIe Bus IDs and NUMA node assignments:
2026-03-23 05:08:16,963 - INFO - [36m(rf-qwen3-32b-tp4pp2-A100-40gb, pid=6994)[0m ++ nvidia-smi --query-gpu=count --format=csv,noheader
2026-03-23 05:08:16,963 - INFO - [36m(rf-qwen3-32b-tp4pp2-A100-40gb, pid=6994)[0m ++ head -1
2026-03-23 05:08:16,963 - INFO - [36m(rf-qwen3-32b-tp4pp2-A100-40gb, pid=6994)[0m ++ echo 0
2026-03-23 05:08:16,963 - INFO - [36m(rf-qwen3-32b-tp4pp2-A100-40gb, pid=6994)[0m + gpu_count='8
2026-03-23 05:08:16,963 - INFO - [36m(rf-qwen3-32b-tp4pp2-A100-40gb, pid=6994)[0m 0'
2026-03-23 05:08:16,963 - INFO - [36m(rf-qwen3-32b-tp4pp2-A100-40gb, pid=6994)[0m + '[' '8
2026-03-23 05:08:16,963 - INFO - [36m(rf-qwen3-32b-tp4pp2-A100-40gb, pid=6994)[0m 0' -gt 0 ']'
2026-03-23 05:08:16,963 - INFO - [36m(rf-qwen3-32b-tp4pp2-A100-40gb, pid=6994)[0m + echo 'Could not detect GPU count'
2026-03-23 05:08:16,963 - INFO - [36m(rf-qwen3-32b-tp4pp2-A100-40gb, pid=6994)[0m Could not detect GPU count
2026-03-23 05:08:16,963 - INFO - [36m(rf-qwen3-32b-tp4pp2-A100-40gb, pid=6994)[0m + echo -------------------------------------------
2026-03-23 05:08:16,964 - INFO - [36m(rf-qwen3-32b-tp4pp2-A100-40gb, pid=6994)[0m -------------------------------------------
2026-03-23 05:08:16,964 - INFO - [36m(rf-qwen3-32b-tp4pp2-A100-40gb, pid=6994)[0m + echo 'Checking for GPU processes and errors...'
2026-03-23 05:08:16,964 - INFO - [36m(rf-qwen3-32b-tp4pp2-A100-40gb, pid=6994)[0m Checking for GPU processes and errors...
2026-03-23 05:08:16,964 - INFO - [36m(rf-qwen3-32b-tp4pp2-A100-40gb, pid=6994)[0m + awk 'NR<=50'
2026-03-23 05:08:16,964 - INFO - [36m(rf-qwen3-32b-tp4pp2-A100-40gb, pid=6994)[0m + nvidia-smi -q -d ERRORS
2026-03-23 05:08:16,964 - INFO - [36m(rf-qwen3-32b-tp4pp2-A100-40gb, pid=6994)[0m Failed to parse --display/-d flags
2026-03-23 05:08:16,964 - INFO - [36m(rf-qwen3-32b-tp4pp2-A100-40gb, pid=6994)[0m + echo 'Error check failed'
2026-03-23 05:08:16,964 - INFO - [36m(rf-qwen3-32b-tp4pp2-A100-40gb, pid=6994)[0m Error check failed
2026-03-23 05:08:16,964 - INFO - [36m(rf-qwen3-32b-tp4pp2-A100-40gb, pid=6994)[0m + echo '--- CUDA Device Query ---'
2026-03-23 05:08:16,964 - INFO - [36m(rf-qwen3-32b-tp4pp2-A100-40gb, pid=6994)[0m --- CUDA Device Query ---
2026-03-23 05:08:16,964 - INFO - [36m(rf-qwen3-32b-tp4pp2-A100-40gb, pid=6994)[0m + python3 -c 'import ctypes; cudart = ctypes.CDLL('\''libcudart.so.12'\''); count = ctypes.c_int(); result = cudart.cudaGetDeviceCount(ctypes.byref(count)); print(f'\''cudaGetDeviceCount result: {result} (0=success), device count: {count.value}'\'')'
2026-03-23 05:08:16,964 - INFO - [36m(rf-qwen3-32b-tp4pp2-A100-40gb, pid=6994)[0m cudaGetDeviceCount result: 0 (0=success), device count: 8
2026-03-23 05:08:17,770 - INFO - [36m(rf-qwen3-32b-tp4pp2-A100-40gb, pid=6994)[0m + echo ===========================
2026-03-23 05:08:18,275 - INFO - [36m(rf-qwen3-32b-tp4pp2-A100-40gb, pid=6994)[0m ===========================
2026-03-23 05:08:18,276 - INFO - [36m(rf-qwen3-32b-tp4pp2-A100-40gb, pid=6994)[0m + source .venv/bin/activate
2026-03-23 05:08:18,276 - INFO - [36m(rf-qwen3-32b-tp4pp2-A100-40gb, pid=6994)[0m ++ '[' -z '' ']'
2026-03-23 05:08:18,276 - INFO - [36m(rf-qwen3-32b-tp4pp2-A100-40gb, pid=6994)[0m ++ '[' -n x ']'
2026-03-23 05:08:18,276 - INFO - [36m(rf-qwen3-32b-tp4pp2-A100-40gb, pid=6994)[0m ++ SCRIPT_PATH=.venv/bin/activate
2026-03-23 05:08:18,276 - INFO - [36m(rf-qwen3-32b-tp4pp2-A100-40gb, pid=6994)[0m ++ '[' .venv/bin/activate = /tmp/sky_app_p3h1d2g9 ']'
2026-03-23 05:08:18,276 - INFO - [36m(rf-qwen3-32b-tp4pp2-A100-40gb, pid=6994)[0m ++ deactivate nondestructive
2026-03-23 05:08:18,982 - INFO - [36m(rf-qwen3-32b-tp4pp2-A100-40gb, pid=6994)[0m ++ unset -f pydoc
2026-03-23 05:08:18,982 - INFO - [36m(rf-qwen3-32b-tp4pp2-A100-40gb, pid=6994)[0m ++ '[' -z '' ']'
2026-03-23 05:08:18,982 - INFO - [36m(rf-qwen3-32b-tp4pp2-A100-40gb, pid=6994)[0m ++ '[' -z '' ']'
2026-03-23 05:08:18,982 - INFO - [36m(rf-qwen3-32b-tp4pp2-A100-40gb, pid=6994)[0m ++ hash -r
2026-03-23 05:08:18,982 - INFO - [36m(rf-qwen3-32b-tp4pp2-A100-40gb, pid=6994)[0m ++ '[' -z '' ']'
2026-03-23 05:08:18,982 - INFO - [36m(rf-qwen3-32b-tp4pp2-A100-40gb, pid=6994)[0m ++ unset VIRTUAL_ENV
2026-03-23 05:08:18,982 - INFO - [36m(rf-qwen3-32b-tp4pp2-A100-40gb, pid=6994)[0m ++ unset VIRTUAL_ENV_PROMPT
2026-03-23 05:08:18,982 - INFO - [36m(rf-qwen3-32b-tp4pp2-A100-40gb, pid=6994)[0m ++ '[' '!' nondestructive = nondestructive ']'
2026-03-23 05:08:18,983 - INFO - [36m(rf-qwen3-32b-tp4pp2-A100-40gb, pid=6994)[0m ++ VIRTUAL_ENV=/home/ubuntu/sky_workdir/.venv
2026-03-23 05:08:18,983 - INFO - [36m(rf-qwen3-32b-tp4pp2-A100-40gb, pid=6994)[0m ++ '[' linux-gnu = cygwin ']'
2026-03-23 05:08:18,983 - INFO - [36m(rf-qwen3-32b-tp4pp2-A100-40gb, pid=6994)[0m ++ '[' linux-gnu = msys ']'
2026-03-23 05:08:18,983 - INFO - [36m(rf-qwen3-32b-tp4pp2-A100-40gb, pid=6994)[0m ++ export VIRTUAL_ENV
2026-03-23 05:08:18,983 - INFO - [36m(rf-qwen3-32b-tp4pp2-A100-40gb, pid=6994)[0m ++ '[' -z '' ']'
2026-03-23 05:08:18,983 - INFO - [36m(rf-qwen3-32b-tp4pp2-A100-40gb, pid=6994)[0m ++ unset SCRIPT_PATH
2026-03-23 05:08:18,983 - INFO - [36m(rf-qwen3-32b-tp4pp2-A100-40gb, pid=6994)[0m ++ _OLD_VIRTUAL_PATH=/home/ubuntu/.local/bin:/home/ubuntu/.local/bin:/home/ubuntu/miniconda3/bin:/home/ubuntu/miniconda3/condabin:/opt/amazon/openmpi/bin:/opt/amazon/efa/bin:/usr/local/cuda-12.8/bin:/usr/local/cuda-12.8/include:/usr/local/cuda-12.8/bin:/usr/local/cuda-12.8/include:/usr/local/sbin:/usr/local/bin:/usr/sbin:/usr/bin:/sbin:/bin:/usr/games:/usr/local/games:/snap/bin
2026-03-23 05:08:18,983 - INFO - [36m(rf-qwen3-32b-tp4pp2-A100-40gb, pid=6994)[0m ++ PATH=/home/ubuntu/sky_workdir/.venv/bin:/home/ubuntu/.local/bin:/home/ubuntu/.local/bin:/home/ubuntu/miniconda3/bin:/home/ubuntu/miniconda3/condabin:/opt/amazon/openmpi/bin:/opt/amazon/efa/bin:/usr/local/cuda-12.8/bin:/usr/local/cuda-12.8/include:/usr/local/cuda-12.8/bin:/usr/local/cuda-12.8/include:/usr/local/sbin:/usr/local/bin:/usr/sbin:/usr/bin:/sbin:/bin:/usr/games:/usr/local/games:/snap/bin
2026-03-23 05:08:18,983 - INFO - [36m(rf-qwen3-32b-tp4pp2-A100-40gb, pid=6994)[0m ++ export PATH
2026-03-23 05:08:18,983 - INFO - [36m(rf-qwen3-32b-tp4pp2-A100-40gb, pid=6994)[0m ++ '[' xsky_workdir '!=' x ']'
2026-03-23 05:08:18,983 - INFO - [36m(rf-qwen3-32b-tp4pp2-A100-40gb, pid=6994)[0m ++ VIRTUAL_ENV_PROMPT=sky_workdir
2026-03-23 05:08:18,983 - INFO - [36m(rf-qwen3-32b-tp4pp2-A100-40gb, pid=6994)[0m ++ export VIRTUAL_ENV_PROMPT
2026-03-23 05:08:18,983 - INFO - [36m(rf-qwen3-32b-tp4pp2-A100-40gb, pid=6994)[0m ++ '[' -z '' ']'
2026-03-23 05:08:18,983 - INFO - [36m(rf-qwen3-32b-tp4pp2-A100-40gb, pid=6994)[0m ++ '[' -z '' ']'
2026-03-23 05:08:18,983 - INFO - [36m(rf-qwen3-32b-tp4pp2-A100-40gb, pid=6994)[0m ++ _OLD_VIRTUAL_PS1='(base) ${debian_chroot:+($debian_chroot)}\u@\h:\w\$ '
2026-03-23 05:08:18,983 - INFO - [36m(rf-qwen3-32b-tp4pp2-A100-40gb, pid=6994)[0m ++ PS1='(sky_workdir) (base) ${debian_chroot:+($debian_chroot)}\u@\h:\w\$ '
2026-03-23 05:08:18,983 - INFO - [36m(rf-qwen3-32b-tp4pp2-A100-40gb, pid=6994)[0m ++ export PS1
2026-03-23 05:08:18,983 - INFO - [36m(rf-qwen3-32b-tp4pp2-A100-40gb, pid=6994)[0m ++ alias pydoc
2026-03-23 05:08:18,983 - INFO - [36m(rf-qwen3-32b-tp4pp2-A100-40gb, pid=6994)[0m ++ true
2026-03-23 05:08:18,983 - INFO - [36m(rf-qwen3-32b-tp4pp2-A100-40gb, pid=6994)[0m ++ hash -r
2026-03-23 05:08:18,983 - INFO - [36m(rf-qwen3-32b-tp4pp2-A100-40gb, pid=6994)[0m + echo '=== DETAILED PyTorch CUDA Diagnostics (in run phase) ==='
2026-03-23 05:08:18,983 - INFO - [36m(rf-qwen3-32b-tp4pp2-A100-40gb, pid=6994)[0m === DETAILED PyTorch CUDA Diagnostics (in run phase) ===
2026-03-23 05:08:18,983 - INFO - [36m(rf-qwen3-32b-tp4pp2-A100-40gb, pid=6994)[0m + echo '--- Environment ---'
2026-03-23 05:08:18,983 - INFO - [36m(rf-qwen3-32b-tp4pp2-A100-40gb, pid=6994)[0m --- Environment ---
2026-03-23 05:08:18,983 - INFO - [36m(rf-qwen3-32b-tp4pp2-A100-40gb, pid=6994)[0m + echo 'LD_LIBRARY_PATH: /usr/local/cuda/lib64:/usr/local/cuda/targets/x86_64-linux/lib:/usr/local/cuda-12.8/lib:/usr/local/cuda-12.8/lib64:/usr/local/cuda-12.8:/usr/local/cuda-12.8/targets/x86_64-linux/lib/:/usr/local/cuda-12.8/extras/CUPTI/lib64:/opt/amazon/efa/lib:/opt/amazon/openmpi/lib:/opt/amazon/ofi-nccl/lib/x86_64-linux-gnu:/usr/local/lib:/usr/lib:/usr/local/cuda-12.8/lib:/usr/local/cuda-12.8/lib64:/usr/local/cuda-12.8:/usr/local/cuda-12.8/targets/x86_64-linux/lib/:/usr/local/cuda-12.8/extras/CUPTI/lib64:/opt/amazon/efa/lib:/opt/amazon/openmpi/lib:/opt/amazon/ofi-nccl/lib/x86_64-linux-gnu:/usr/local/lib:/usr/lib'
2026-03-23 05:08:18,983 - INFO - [36m(rf-qwen3-32b-tp4pp2-A100-40gb, pid=6994)[0m LD_LIBRARY_PATH: /usr/local/cuda/lib64:/usr/local/cuda/targets/x86_64-linux/lib:/usr/local/cuda-12.8/lib:/usr/local/cuda-12.8/lib64:/usr/local/cuda-12.8:/usr/local/cuda-12.8/targets/x86_64-linux/lib/:/usr/local/cuda-12.8/extras/CUPTI/lib64:/opt/amazon/efa/lib:/opt/amazon/openmpi/lib:/opt/amazon/ofi-nccl/lib/x86_64-linux-gnu:/usr/local/lib:/usr/lib:/usr/local/cuda-12.8/lib:/usr/local/cuda-12.8/lib64:/usr/local/cuda-12.8:/usr/local/cuda-12.8/targets/x86_64-linux/lib/:/usr/local/cuda-12.8/extras/CUPTI/lib64:/opt/amazon/efa/lib:/opt/amazon/openmpi/lib:/opt/amazon/ofi-nccl/lib/x86_64-linux-gnu:/usr/local/lib:/usr/lib
2026-03-23 05:08:18,983 - INFO - [36m(rf-qwen3-32b-tp4pp2-A100-40gb, pid=6994)[0m + echo 'CUDA_HOME: /usr/local/cuda'
2026-03-23 05:08:18,983 - INFO - [36m(rf-qwen3-32b-tp4pp2-A100-40gb, pid=6994)[0m CUDA_HOME: /usr/local/cuda
2026-03-23 05:08:18,983 - INFO - [36m(rf-qwen3-32b-tp4pp2-A100-40gb, pid=6994)[0m + which python3
2026-03-23 05:08:18,983 - INFO - [36m(rf-qwen3-32b-tp4pp2-A100-40gb, pid=6994)[0m /home/ubuntu/sky_workdir/.venv/bin/python3
2026-03-23 05:08:18,983 - INFO - [36m(rf-qwen3-32b-tp4pp2-A100-40gb, pid=6994)[0m + echo '--- Torch info ---'
2026-03-23 05:08:18,983 - INFO - [36m(rf-qwen3-32b-tp4pp2-A100-40gb, pid=6994)[0m --- Torch info ---
2026-03-23 05:08:18,983 - INFO - [36m(rf-qwen3-32b-tp4pp2-A100-40gb, pid=6994)[0m + python3 -c 'import torch; print('\''torch.__version__:'\'', torch.__version__); print('\''torch.__file__:'\'', torch.__file__); print('\''torch.version.cuda:'\'', torch.version.cuda); print('\''torch.backends.cuda.is_built():'\'', torch.backends.cuda.is_built())'
2026-03-23 05:08:18,983 - INFO - [36m(rf-qwen3-32b-tp4pp2-A100-40gb, pid=6994)[0m torch.__version__: 2.7.1+cu126
2026-03-23 05:08:19,886 - INFO - [36m(rf-qwen3-32b-tp4pp2-A100-40gb, pid=6994)[0m torch.__file__: /home/ubuntu/sky_workdir/.venv/lib/python3.12/site-packages/torch/__init__.py
2026-03-23 05:08:19,886 - INFO - [36m(rf-qwen3-32b-tp4pp2-A100-40gb, pid=6994)[0m torch.version.cuda: 12.6
2026-03-23 05:08:19,886 - INFO - [36m(rf-qwen3-32b-tp4pp2-A100-40gb, pid=6994)[0m torch.backends.cuda.is_built(): True
2026-03-23 05:08:19,886 - INFO - [36m(rf-qwen3-32b-tp4pp2-A100-40gb, pid=6994)[0m + echo '--- CUDA check ---'
2026-03-23 05:08:22,705 - INFO - [36m(rf-qwen3-32b-tp4pp2-A100-40gb, pid=6994)[0m --- CUDA check ---
2026-03-23 05:08:22,705 - INFO - [36m(rf-qwen3-32b-tp4pp2-A100-40gb, pid=6994)[0m + python3 -c 'import torch; print('\''torch.cuda.is_available():'\'', torch.cuda.is_available()); print('\''torch.cuda.device_count():'\'', torch.cuda.device_count() if torch.cuda.is_available() else '\''N/A - checking why...'\'')'
2026-03-23 05:08:22,705 - INFO - [36m(rf-qwen3-32b-tp4pp2-A100-40gb, pid=6994)[0m torch.cuda.is_available(): True
2026-03-23 05:08:24,016 - INFO - [36m(rf-qwen3-32b-tp4pp2-A100-40gb, pid=6994)[0m torch.cuda.device_count(): 8
2026-03-23 05:08:24,016 - INFO - [36m(rf-qwen3-32b-tp4pp2-A100-40gb, pid=6994)[0m + echo '--- Loading CUDA libs directly ---'
2026-03-23 05:08:27,641 - INFO - [36m(rf-qwen3-32b-tp4pp2-A100-40gb, pid=6994)[0m --- Loading CUDA libs directly ---
2026-03-23 05:08:27,641 - INFO - [36m(rf-qwen3-32b-tp4pp2-A100-40gb, pid=6994)[0m + python3 -c 'import ctypes; libs=['\''libcuda.so.1'\'','\''libcudart.so.12'\'','\''libnvidia-ml.so.1'\'']; [print(l+'\'': OK'\'') if ctypes.CDLL(l) else None for l in libs]'
2026-03-23 05:08:27,641 - INFO - [36m(rf-qwen3-32b-tp4pp2-A100-40gb, pid=6994)[0m libcuda.so.1: OK
2026-03-23 05:08:27,641 - INFO - [36m(rf-qwen3-32b-tp4pp2-A100-40gb, pid=6994)[0m libcudart.so.12: OK
2026-03-23 05:08:27,641 - INFO - [36m(rf-qwen3-32b-tp4pp2-A100-40gb, pid=6994)[0m libnvidia-ml.so.1: OK
2026-03-23 05:08:27,641 - INFO - [36m(rf-qwen3-32b-tp4pp2-A100-40gb, pid=6994)[0m + echo '--- Manual CUDA init attempt ---'
2026-03-23 05:08:27,641 - INFO - [36m(rf-qwen3-32b-tp4pp2-A100-40gb, pid=6994)[0m --- Manual CUDA init attempt ---
2026-03-23 05:08:27,641 - INFO - [36m(rf-qwen3-32b-tp4pp2-A100-40gb, pid=6994)[0m + python3 -c 'import torch; torch.cuda.init(); print('\''torch.cuda.init() OK, device_count:'\'', torch.cuda.device_count())'
2026-03-23 05:08:27,641 - INFO - [36m(rf-qwen3-32b-tp4pp2-A100-40gb, pid=6994)[0m torch.cuda.init() OK, device_count: 8
2026-03-23 05:08:28,653 - INFO - [36m(rf-qwen3-32b-tp4pp2-A100-40gb, pid=6994)[0m + echo '--- Installed torch packages ---'
2026-03-23 05:08:29,259 - INFO - [36m(rf-qwen3-32b-tp4pp2-A100-40gb, pid=6994)[0m --- Installed torch packages ---
2026-03-23 05:08:29,259 - INFO - [36m(rf-qwen3-32b-tp4pp2-A100-40gb, pid=6994)[0m + pip list
2026-03-23 05:08:29,259 - INFO - [36m(rf-qwen3-32b-tp4pp2-A100-40gb, pid=6994)[0m + grep --color=auto -i -E 'torch|nvidia|cuda|triton'
2026-03-23 05:08:29,259 - INFO - [36m(rf-qwen3-32b-tp4pp2-A100-40gb, pid=6994)[0m cuda-pathfinder                   1.4.3
2026-03-23 05:08:29,764 - INFO - [36m(rf-qwen3-32b-tp4pp2-A100-40gb, pid=6994)[0m cupy-cuda12x                      14.0.1
2026-03-23 05:08:29,764 - INFO - [36m(rf-qwen3-32b-tp4pp2-A100-40gb, pid=6994)[0m nvidia-cublas-cu12                12.6.4.1
2026-03-23 05:08:29,764 - INFO - [36m(rf-qwen3-32b-tp4pp2-A100-40gb, pid=6994)[0m nvidia-cuda-cupti-cu12            12.6.80
2026-03-23 05:08:29,764 - INFO - [36m(rf-qwen3-32b-tp4pp2-A100-40gb, pid=6994)[0m nvidia-cuda-nvrtc-cu12            12.6.77
2026-03-23 05:08:29,764 - INFO - [36m(rf-qwen3-32b-tp4pp2-A100-40gb, pid=6994)[0m nvidia-cuda-runtime-cu12          12.6.77
2026-03-23 05:08:29,764 - INFO - [36m(rf-qwen3-32b-tp4pp2-A100-40gb, pid=6994)[0m nvidia-cudnn-cu12                 9.5.1.17
2026-03-23 05:08:29,764 - INFO - [36m(rf-qwen3-32b-tp4pp2-A100-40gb, pid=6994)[0m nvidia-cufft-cu12                 11.3.0.4
2026-03-23 05:08:29,764 - INFO - [36m(rf-qwen3-32b-tp4pp2-A100-40gb, pid=6994)[0m nvidia-cufile-cu12                1.11.1.6
2026-03-23 05:08:29,764 - INFO - [36m(rf-qwen3-32b-tp4pp2-A100-40gb, pid=6994)[0m nvidia-curand-cu12                10.3.7.77
2026-03-23 05:08:29,764 - INFO - [36m(rf-qwen3-32b-tp4pp2-A100-40gb, pid=6994)[0m nvidia-cusolver-cu12              11.7.1.2
2026-03-23 05:08:29,764 - INFO - [36m(rf-qwen3-32b-tp4pp2-A100-40gb, pid=6994)[0m nvidia-cusparse-cu12              12.5.4.2
2026-03-23 05:08:29,764 - INFO - [36m(rf-qwen3-32b-tp4pp2-A100-40gb, pid=6994)[0m nvidia-cusparselt-cu12            0.6.3
2026-03-23 05:08:29,764 - INFO - [36m(rf-qwen3-32b-tp4pp2-A100-40gb, pid=6994)[0m nvidia-ml-py                      13.595.45
2026-03-23 05:08:29,764 - INFO - [36m(rf-qwen3-32b-tp4pp2-A100-40gb, pid=6994)[0m nvidia-nccl-cu12                  2.26.2
2026-03-23 05:08:29,764 - INFO - [36m(rf-qwen3-32b-tp4pp2-A100-40gb, pid=6994)[0m nvidia-nvjitlink-cu12             12.6.85
2026-03-23 05:08:29,764 - INFO - [36m(rf-qwen3-32b-tp4pp2-A100-40gb, pid=6994)[0m nvidia-nvtx-cu12                  12.6.77
2026-03-23 05:08:29,764 - INFO - [36m(rf-qwen3-32b-tp4pp2-A100-40gb, pid=6994)[0m torch                             2.7.1
2026-03-23 05:08:29,764 - INFO - [36m(rf-qwen3-32b-tp4pp2-A100-40gb, pid=6994)[0m torchaudio                        2.7.1
2026-03-23 05:08:29,764 - INFO - [36m(rf-qwen3-32b-tp4pp2-A100-40gb, pid=6994)[0m torchvision                       0.22.1
2026-03-23 05:08:29,764 - INFO - [36m(rf-qwen3-32b-tp4pp2-A100-40gb, pid=6994)[0m triton                            3.3.1
2026-03-23 05:08:29,764 - INFO - [36m(rf-qwen3-32b-tp4pp2-A100-40gb, pid=6994)[0m + echo =========================================
2026-03-23 05:08:29,764 - INFO - [36m(rf-qwen3-32b-tp4pp2-A100-40gb, pid=6994)[0m =========================================
2026-03-23 05:08:29,764 - INFO - [36m(rf-qwen3-32b-tp4pp2-A100-40gb, pid=6994)[0m + export LD_LIBRARY_PATH=/usr/local/cuda/lib64:/usr/local/cuda/targets/x86_64-linux/lib:/usr/local/cuda/lib64:/usr/local/cuda/targets/x86_64-linux/lib:/usr/local/cuda-12.8/lib:/usr/local/cuda-12.8/lib64:/usr/local/cuda-12.8:/usr/local/cuda-12.8/targets/x86_64-linux/lib/:/usr/local/cuda-12.8/extras/CUPTI/lib64:/opt/amazon/efa/lib:/opt/amazon/openmpi/lib:/opt/amazon/ofi-nccl/lib/x86_64-linux-gnu:/usr/local/lib:/usr/lib:/usr/local/cuda-12.8/lib:/usr/local/cuda-12.8/lib64:/usr/local/cuda-12.8:/usr/local/cuda-12.8/targets/x86_64-linux/lib/:/usr/local/cuda-12.8/extras/CUPTI/lib64:/opt/amazon/efa/lib:/opt/amazon/openmpi/lib:/opt/amazon/ofi-nccl/lib/x86_64-linux-gnu:/usr/local/lib:/usr/lib
2026-03-23 05:08:29,764 - INFO - [36m(rf-qwen3-32b-tp4pp2-A100-40gb, pid=6994)[0m + LD_LIBRARY_PATH=/usr/local/cuda/lib64:/usr/local/cuda/targets/x86_64-linux/lib:/usr/local/cuda/lib64:/usr/local/cuda/targets/x86_64-linux/lib:/usr/local/cuda-12.8/lib:/usr/local/cuda-12.8/lib64:/usr/local/cuda-12.8:/usr/local/cuda-12.8/targets/x86_64-linux/lib/:/usr/local/cuda-12.8/extras/CUPTI/lib64:/opt/amazon/efa/lib:/opt/amazon/openmpi/lib:/opt/amazon/ofi-nccl/lib/x86_64-linux-gnu:/usr/local/lib:/usr/lib:/usr/local/cuda-12.8/lib:/usr/local/cuda-12.8/lib64:/usr/local/cuda-12.8:/usr/local/cuda-12.8/targets/x86_64-linux/lib/:/usr/local/cuda-12.8/extras/CUPTI/lib64:/opt/amazon/efa/lib:/opt/amazon/openmpi/lib:/opt/amazon/ofi-nccl/lib/x86_64-linux-gnu:/usr/local/lib:/usr/lib
2026-03-23 05:08:29,764 - INFO - [36m(rf-qwen3-32b-tp4pp2-A100-40gb, pid=6994)[0m + export NCCL_P2P_DISABLE=0
2026-03-23 05:08:29,764 - INFO - [36m(rf-qwen3-32b-tp4pp2-A100-40gb, pid=6994)[0m + NCCL_P2P_DISABLE=0
2026-03-23 05:08:29,764 - INFO - [36m(rf-qwen3-32b-tp4pp2-A100-40gb, pid=6994)[0m + export NCCL_TIMEOUT=3600
2026-03-23 05:08:29,764 - INFO - [36m(rf-qwen3-32b-tp4pp2-A100-40gb, pid=6994)[0m + NCCL_TIMEOUT=3600
2026-03-23 05:08:29,764 - INFO - [36m(rf-qwen3-32b-tp4pp2-A100-40gb, pid=6994)[0m + export TORCH_NCCL_BLOCKING_WAIT=1
2026-03-23 05:08:29,764 - INFO - [36m(rf-qwen3-32b-tp4pp2-A100-40gb, pid=6994)[0m + TORCH_NCCL_BLOCKING_WAIT=1
2026-03-23 05:08:29,764 - INFO - [36m(rf-qwen3-32b-tp4pp2-A100-40gb, pid=6994)[0m + export TORCH_NCCL_ASYNC_ERROR_HANDLING=1
2026-03-23 05:08:31,077 - INFO - [36m(rf-qwen3-32b-tp4pp2-A100-40gb, pid=6994)[0m + TORCH_NCCL_ASYNC_ERROR_HANDLING=1
2026-03-23 05:08:31,077 - INFO - [36m(rf-qwen3-32b-tp4pp2-A100-40gb, pid=6994)[0m + export TORCH_NCCL_TRACE_BUFFER_SIZE=10000
2026-03-23 05:08:31,077 - INFO - [36m(rf-qwen3-32b-tp4pp2-A100-40gb, pid=6994)[0m + TORCH_NCCL_TRACE_BUFFER_SIZE=10000
2026-03-23 05:08:31,077 - INFO - [36m(rf-qwen3-32b-tp4pp2-A100-40gb, pid=6994)[0m + export TORCH_DISTRIBUTED_DEBUG=DETAIL
2026-03-23 05:08:31,077 - INFO - [36m(rf-qwen3-32b-tp4pp2-A100-40gb, pid=6994)[0m + TORCH_DISTRIBUTED_DEBUG=DETAIL
2026-03-23 05:08:31,077 - INFO - [36m(rf-qwen3-32b-tp4pp2-A100-40gb, pid=6994)[0m + export NCCL_DEBUG=INFO
2026-03-23 05:08:31,077 - INFO - [36m(rf-qwen3-32b-tp4pp2-A100-40gb, pid=6994)[0m + NCCL_DEBUG=INFO
2026-03-23 05:08:31,077 - INFO - [36m(rf-qwen3-32b-tp4pp2-A100-40gb, pid=6994)[0m + export LD_LIBRARY_PATH=/opt/amazon/ofi-nccl/lib:/opt/amazon/efa/lib:/usr/local/cuda/lib64:/usr/local/cuda/targets/x86_64-linux/lib:/usr/local/cuda/lib64:/usr/local/cuda/targets/x86_64-linux/lib:/usr/local/cuda-12.8/lib:/usr/local/cuda-12.8/lib64:/usr/local/cuda-12.8:/usr/local/cuda-12.8/targets/x86_64-linux/lib/:/usr/local/cuda-12.8/extras/CUPTI/lib64:/opt/amazon/efa/lib:/opt/amazon/openmpi/lib:/opt/amazon/ofi-nccl/lib/x86_64-linux-gnu:/usr/local/lib:/usr/lib:/usr/local/cuda-12.8/lib:/usr/local/cuda-12.8/lib64:/usr/local/cuda-12.8:/usr/local/cuda-12.8/targets/x86_64-linux/lib/:/usr/local/cuda-12.8/extras/CUPTI/lib64:/opt/amazon/efa/lib:/opt/amazon/openmpi/lib:/opt/amazon/ofi-nccl/lib/x86_64-linux-gnu:/usr/local/lib:/usr/lib
2026-03-23 05:08:31,077 - INFO - [36m(rf-qwen3-32b-tp4pp2-A100-40gb, pid=6994)[0m + LD_LIBRARY_PATH=/opt/amazon/ofi-nccl/lib:/opt/amazon/efa/lib:/usr/local/cuda/lib64:/usr/local/cuda/targets/x86_64-linux/lib:/usr/local/cuda/lib64:/usr/local/cuda/targets/x86_64-linux/lib:/usr/local/cuda-12.8/lib:/usr/local/cuda-12.8/lib64:/usr/local/cuda-12.8:/usr/local/cuda-12.8/targets/x86_64-linux/lib/:/usr/local/cuda-12.8/extras/CUPTI/lib64:/opt/amazon/efa/lib:/opt/amazon/openmpi/lib:/opt/amazon/ofi-nccl/lib/x86_64-linux-gnu:/usr/local/lib:/usr/lib:/usr/local/cuda-12.8/lib:/usr/local/cuda-12.8/lib64:/usr/local/cuda-12.8:/usr/local/cuda-12.8/targets/x86_64-linux/lib/:/usr/local/cuda-12.8/extras/CUPTI/lib64:/opt/amazon/efa/lib:/opt/amazon/openmpi/lib:/opt/amazon/ofi-nccl/lib/x86_64-linux-gnu:/usr/local/lib:/usr/lib
2026-03-23 05:08:31,077 - INFO - [36m(rf-qwen3-32b-tp4pp2-A100-40gb, pid=6994)[0m + export NCCL_NET_PLUGIN=ofi
2026-03-23 05:08:31,078 - INFO - [36m(rf-qwen3-32b-tp4pp2-A100-40gb, pid=6994)[0m + NCCL_NET_PLUGIN=ofi
2026-03-23 05:08:31,078 - INFO - [36m(rf-qwen3-32b-tp4pp2-A100-40gb, pid=6994)[0m + export FI_EFA_USE_DEVICE_RDMA=1
2026-03-23 05:08:31,078 - INFO - [36m(rf-qwen3-32b-tp4pp2-A100-40gb, pid=6994)[0m + FI_EFA_USE_DEVICE_RDMA=1
2026-03-23 05:08:31,078 - INFO - [36m(rf-qwen3-32b-tp4pp2-A100-40gb, pid=6994)[0m + export FI_PROVIDER=efa
2026-03-23 05:08:31,078 - INFO - [36m(rf-qwen3-32b-tp4pp2-A100-40gb, pid=6994)[0m + FI_PROVIDER=efa
2026-03-23 05:08:31,078 - INFO - [36m(rf-qwen3-32b-tp4pp2-A100-40gb, pid=6994)[0m + export NCCL_DEBUG_SUBSYS=NET
2026-03-23 05:08:31,078 - INFO - [36m(rf-qwen3-32b-tp4pp2-A100-40gb, pid=6994)[0m + NCCL_DEBUG_SUBSYS=NET
2026-03-23 05:08:31,078 - INFO - [36m(rf-qwen3-32b-tp4pp2-A100-40gb, pid=6994)[0m + export RAY_DASHBOARD_HOST=0.0.0.0
2026-03-23 05:08:31,078 - INFO - [36m(rf-qwen3-32b-tp4pp2-A100-40gb, pid=6994)[0m + RAY_DASHBOARD_HOST=0.0.0.0
2026-03-23 05:08:31,078 - INFO - [36m(rf-qwen3-32b-tp4pp2-A100-40gb, pid=6994)[0m + export RAY_HEAD_PORT=6379
2026-03-23 05:08:31,078 - INFO - [36m(rf-qwen3-32b-tp4pp2-A100-40gb, pid=6994)[0m + RAY_HEAD_PORT=6379
2026-03-23 05:08:31,078 - INFO - [36m(rf-qwen3-32b-tp4pp2-A100-40gb, pid=6994)[0m + export RAY_DASHBOARD_PORT=8265
2026-03-23 05:08:31,078 - INFO - [36m(rf-qwen3-32b-tp4pp2-A100-40gb, pid=6994)[0m + RAY_DASHBOARD_PORT=8265
2026-03-23 05:08:31,078 - INFO - [36m(rf-qwen3-32b-tp4pp2-A100-40gb, pid=6994)[0m + echo 'Starting Ray for single-node pipeline parallelism...'
2026-03-23 05:08:31,078 - INFO - [36m(rf-qwen3-32b-tp4pp2-A100-40gb, pid=6994)[0m Starting Ray for single-node pipeline parallelism...
2026-03-23 05:08:31,078 - INFO - [36m(rf-qwen3-32b-tp4pp2-A100-40gb, pid=6994)[0m + uv run ray start --head --port=6379 --dashboard-host=0.0.0.0 --dashboard-port=8265 --num-cpus=0
2026-03-23 05:08:31,078 - INFO - [36m(rf-qwen3-32b-tp4pp2-A100-40gb, pid=6994)[0m 2026-03-22 23:38:30,628	INFO usage_lib.py:447 -- Usage stats collection is disabled.
2026-03-23 05:08:34,193 - INFO - [36m(rf-qwen3-32b-tp4pp2-A100-40gb, pid=6994)[0m 2026-03-22 23:38:30,628	INFO scripts.py:936 -- Local node IP: 172.31.61.47
2026-03-23 05:08:34,193 - INFO - [36m(rf-qwen3-32b-tp4pp2-A100-40gb, pid=6994)[0m 2026-03-22 23:38:33,894	SUCC scripts.py:975 -- --------------------
2026-03-23 05:08:34,901 - INFO - [36m(rf-qwen3-32b-tp4pp2-A100-40gb, pid=6994)[0m 2026-03-22 23:38:33,894	SUCC scripts.py:976 -- Ray runtime started.
2026-03-23 05:08:34,901 - INFO - [36m(rf-qwen3-32b-tp4pp2-A100-40gb, pid=6994)[0m 2026-03-22 23:38:33,894	SUCC scripts.py:977 -- --------------------
2026-03-23 05:08:34,901 - INFO - [36m(rf-qwen3-32b-tp4pp2-A100-40gb, pid=6994)[0m 2026-03-22 23:38:33,894	INFO scripts.py:979 -- Next steps
2026-03-23 05:08:34,901 - INFO - [36m(rf-qwen3-32b-tp4pp2-A100-40gb, pid=6994)[0m 2026-03-22 23:38:33,894	INFO scripts.py:982 -- To add another node to this Ray cluster, run
2026-03-23 05:08:34,902 - INFO - [36m(rf-qwen3-32b-tp4pp2-A100-40gb, pid=6994)[0m 2026-03-22 23:38:33,894	INFO scripts.py:985 --   ray start --address='172.31.61.47:6379'
2026-03-23 05:08:34,902 - INFO - [36m(rf-qwen3-32b-tp4pp2-A100-40gb, pid=6994)[0m 2026-03-22 23:38:33,894	INFO scripts.py:996 -- To connect to this Ray cluster:
2026-03-23 05:08:34,902 - INFO - [36m(rf-qwen3-32b-tp4pp2-A100-40gb, pid=6994)[0m 2026-03-22 23:38:33,894	INFO scripts.py:998 -- import ray
2026-03-23 05:08:34,902 - INFO - [36m(rf-qwen3-32b-tp4pp2-A100-40gb, pid=6994)[0m 2026-03-22 23:38:33,894	INFO scripts.py:999 -- ray.init()
2026-03-23 05:08:34,902 - INFO - [36m(rf-qwen3-32b-tp4pp2-A100-40gb, pid=6994)[0m 2026-03-22 23:38:33,894	INFO scripts.py:1032 -- To terminate the Ray runtime, run
2026-03-23 05:08:34,902 - INFO - [36m(rf-qwen3-32b-tp4pp2-A100-40gb, pid=6994)[0m 2026-03-22 23:38:33,894	INFO scripts.py:1033 --   ray stop
2026-03-23 05:08:34,902 - INFO - [36m(rf-qwen3-32b-tp4pp2-A100-40gb, pid=6994)[0m 2026-03-22 23:38:33,894	INFO scripts.py:1036 -- To view the status of the cluster, use
2026-03-23 05:08:34,902 - INFO - [36m(rf-qwen3-32b-tp4pp2-A100-40gb, pid=6994)[0m 2026-03-22 23:38:33,894	INFO scripts.py:1037 --   ray status
2026-03-23 05:08:34,902 - INFO - [36m(rf-qwen3-32b-tp4pp2-A100-40gb, pid=6994)[0m + sleep 5
2026-03-23 05:08:39,640 - INFO - [36m(rf-qwen3-32b-tp4pp2-A100-40gb, pid=6994)[0m + uv run ray status --address=127.0.0.1:6379
2026-03-23 05:08:40,346 - INFO - [36m(rf-qwen3-32b-tp4pp2-A100-40gb, pid=6994)[0m ======== Autoscaler status: 2026-03-22 23:38:37.344476 ========
2026-03-23 05:08:40,346 - INFO - [36m(rf-qwen3-32b-tp4pp2-A100-40gb, pid=6994)[0m Node status
2026-03-23 05:08:40,347 - INFO - [36m(rf-qwen3-32b-tp4pp2-A100-40gb, pid=6994)[0m ---------------------------------------------------------------
2026-03-23 05:08:40,347 - INFO - [36m(rf-qwen3-32b-tp4pp2-A100-40gb, pid=6994)[0m Active:
2026-03-23 05:08:40,347 - INFO - [36m(rf-qwen3-32b-tp4pp2-A100-40gb, pid=6994)[0m  1 node_b25d6d949afb835bac28be184051d7c8be98f917e2841a39dafb37cb
2026-03-23 05:08:40,347 - INFO - [36m(rf-qwen3-32b-tp4pp2-A100-40gb, pid=6994)[0m Pending:
2026-03-23 05:08:40,347 - INFO - [36m(rf-qwen3-32b-tp4pp2-A100-40gb, pid=6994)[0m  (no pending nodes)
2026-03-23 05:08:40,347 - INFO - [36m(rf-qwen3-32b-tp4pp2-A100-40gb, pid=6994)[0m Recent failures:
2026-03-23 05:08:40,347 - INFO - [36m(rf-qwen3-32b-tp4pp2-A100-40gb, pid=6994)[0m  (no failures)
2026-03-23 05:08:40,347 - INFO - [36m(rf-qwen3-32b-tp4pp2-A100-40gb, pid=6994)[0m
2026-03-23 05:08:40,347 - INFO - [36m(rf-qwen3-32b-tp4pp2-A100-40gb, pid=6994)[0m Resources
2026-03-23 05:08:40,347 - INFO - [36m(rf-qwen3-32b-tp4pp2-A100-40gb, pid=6994)[0m ---------------------------------------------------------------
2026-03-23 05:08:41,761 - INFO - [36m(rf-qwen3-32b-tp4pp2-A100-40gb, pid=6994)[0m Total Usage:
2026-03-23 05:08:41,761 - INFO - [36m(rf-qwen3-32b-tp4pp2-A100-40gb, pid=6994)[0m  0.0/8.0 GPU
2026-03-23 05:08:41,762 - INFO - [36m(rf-qwen3-32b-tp4pp2-A100-40gb, pid=6994)[0m  0B/895.73GiB memory
2026-03-23 05:08:41,762 - INFO - [36m(rf-qwen3-32b-tp4pp2-A100-40gb, pid=6994)[0m  0B/186.26GiB object_store_memory
2026-03-23 05:08:41,762 - INFO - [36m(rf-qwen3-32b-tp4pp2-A100-40gb, pid=6994)[0m
2026-03-23 05:08:41,762 - INFO - [36m(rf-qwen3-32b-tp4pp2-A100-40gb, pid=6994)[0m From request_resources:
2026-03-23 05:08:41,762 - INFO - [36m(rf-qwen3-32b-tp4pp2-A100-40gb, pid=6994)[0m  (none)
2026-03-23 05:08:41,762 - INFO - [36m(rf-qwen3-32b-tp4pp2-A100-40gb, pid=6994)[0m Pending Demands:
2026-03-23 05:08:41,762 - INFO - [36m(rf-qwen3-32b-tp4pp2-A100-40gb, pid=6994)[0m  (no resource demands)
2026-03-23 05:08:41,762 - INFO - [36m(rf-qwen3-32b-tp4pp2-A100-40gb, pid=6994)[0m + PYTHONHASHSEED=0
2026-03-23 05:08:41,762 - INFO - [36m(rf-qwen3-32b-tp4pp2-A100-40gb, pid=6994)[0m + python roofline_benchmarks/benchmark_rf-qwen3-32b-tp4pp2-A100-40gb.py
2026-03-23 05:08:41,762 - INFO - [36m(rf-qwen3-32b-tp4pp2-A100-40gb, pid=6994)[0m 🚀 Starting vLLM server: /home/ubuntu/sky_workdir/.venv/bin/python -m vllm.entrypoints.openai.api_server --model Qwen/Qwen3-32B --tensor-parallel-size 4 --pipeline-parallel-size 2 --max-model-len 18432 --gpu-memory-utilization 0.85 --enforce-eager --no-enable-prefix-caching --disable-log-requests --port 8000 --distributed-executor-backend ray
2026-03-23 05:10:41,629 - INFO - [36m(rf-qwen3-32b-tp4pp2-A100-40gb, pid=6994)[0m ⏳ Waiting for server health (timeout=600s)...
2026-03-23 05:10:41,630 - INFO - [36m(rf-qwen3-32b-tp4pp2-A100-40gb, pid=6994)[0m ✅ Server healthy after 119.5s
2026-03-23 05:10:42,538 - INFO - [36m(rf-qwen3-32b-tp4pp2-A100-40gb, pid=6994)[0m 📊 Parsed from server log: KV cache=792000 tokens, num_gpu_blocks=49500, block_size=16
2026-03-23 05:10:42,538 - INFO - [36m(rf-qwen3-32b-tp4pp2-A100-40gb, pid=6994)[0m 📊 target_concurrency = 42 (49500 blocks × 16 / 18432)
2026-03-23 05:10:42,538 - INFO - [36m(rf-qwen3-32b-tp4pp2-A100-40gb, pid=6994)[0m
2026-03-23 05:10:42,538 - INFO - [36m(rf-qwen3-32b-tp4pp2-A100-40gb, pid=6994)[0m ======================================================================
2026-03-23 05:10:42,538 - INFO - [36m(rf-qwen3-32b-tp4pp2-A100-40gb, pid=6994)[0m Running: TP=4, PP=2, input=128, output=128
2026-03-23 05:10:42,538 - INFO - [36m(rf-qwen3-32b-tp4pp2-A100-40gb, pid=6994)[0m Target concurrency: 42
2026-03-23 05:10:42,538 - INFO - [36m(rf-qwen3-32b-tp4pp2-A100-40gb, pid=6994)[0m ======================================================================
2026-03-23 05:10:42,538 - INFO - [36m(rf-qwen3-32b-tp4pp2-A100-40gb, pid=6994)[0m 2026-03-22 23:40:42,103	INFO worker.py:1810 -- Connecting to existing Ray cluster at address: 172.31.61.47:6379...
2026-03-23 05:10:47,785 - INFO - [36m(rf-qwen3-32b-tp4pp2-A100-40gb, pid=6994)[0m 2026-03-22 23:40:42,184	INFO worker.py:2013 -- Connected to Ray cluster.
2026-03-23 05:10:47,785 - INFO - [36m(rf-qwen3-32b-tp4pp2-A100-40gb, pid=6994)[0m 📊 Using local GPU monitoring (single-node Ray cluster)
2026-03-23 05:10:47,785 - INFO - [36m(rf-qwen3-32b-tp4pp2-A100-40gb, pid=6994)[0m 🔥 Running warmup (5 requests)...
2026-03-23 05:10:47,785 - INFO - [36m(rf-qwen3-32b-tp4pp2-A100-40gb, pid=6994)[0m Loading tokenizer for Qwen/Qwen3-32B...
2026-03-23 05:10:48,412 - INFO - [36m(rf-qwen3-32b-tp4pp2-A100-40gb, pid=6994)[0m Loading dataset emozilla/pg19-test...
2026-03-23 05:10:51,239 - INFO - [36m(rf-qwen3-32b-tp4pp2-A100-40gb, pid=6994)[0m `trust_remote_code` is not supported anymore.
2026-03-23 05:10:51,239 - INFO - [36m(rf-qwen3-32b-tp4pp2-A100-40gb, pid=6994)[0m Please check that the Hugging Face dataset 'emozilla/pg19-test' isn't based on a loading script and remove `trust_remote_code`.
2026-03-23 05:10:51,239 - INFO - [36m(rf-qwen3-32b-tp4pp2-A100-40gb, pid=6994)[0m If the dataset is based on a loading script, please ask the dataset author to remove it and convert it to a standard format like Parquet.
2026-03-23 05:10:52,150 - INFO - [36m(rf-qwen3-32b-tp4pp2-A100-40gb, pid=6994)[0m
2026-03-23 05:10:52,857 - INFO - [36m(rf-qwen3-32b-tp4pp2-A100-40gb, pid=6994)[0m Generating test split:   0%|          | 0/100 [00:00<?, ? examples/s]
2026-03-23 05:10:52,857 - INFO - Generating test split: 100%|██████████| 100/100 [00:00<00:00, 407.96 examples/s]
2026-03-23 05:10:52,857 - INFO - Generating test split: 100%|██████████| 100/100 [00:00<00:00, 403.70 examples/s]
2026-03-23 05:10:52,857 - INFO - [36m(rf-qwen3-32b-tp4pp2-A100-40gb, pid=6994)[0m Running 5 benchmark requests (concurrency=2)...
2026-03-23 05:11:00,809 - INFO - [36m(rf-qwen3-32b-tp4pp2-A100-40gb, pid=6994)[0m   Progress: 1/5 (8s elapsed)
2026-03-23 05:11:07,359 - INFO - [36m(rf-qwen3-32b-tp4pp2-A100-40gb, pid=6994)[0m   Progress: 2/5 (8s elapsed)
2026-03-23 05:11:07,360 - INFO - [36m(rf-qwen3-32b-tp4pp2-A100-40gb, pid=6994)[0m   Progress: 3/5 (15s elapsed)
2026-03-23 05:11:08,066 - INFO - [36m(rf-qwen3-32b-tp4pp2-A100-40gb, pid=6994)[0m   Progress: 4/5 (15s elapsed)
2026-03-23 05:11:13,808 - INFO - [36m(rf-qwen3-32b-tp4pp2-A100-40gb, pid=6994)[0m   Progress: 5/5 (21s elapsed)
2026-03-23 05:11:14,613 - INFO - [36m(rf-qwen3-32b-tp4pp2-A100-40gb, pid=6994)[0m
2026-03-23 05:11:14,613 - INFO - [36m(rf-qwen3-32b-tp4pp2-A100-40gb, pid=6994)[0m ============================================================
2026-03-23 05:11:14,613 - INFO - [36m(rf-qwen3-32b-tp4pp2-A100-40gb, pid=6994)[0m Benchmark complete: 5/5 successful
2026-03-23 05:11:14,614 - INFO - [36m(rf-qwen3-32b-tp4pp2-A100-40gb, pid=6994)[0m Wall clock: 21.5s
2026-03-23 05:11:14,614 - INFO - [36m(rf-qwen3-32b-tp4pp2-A100-40gb, pid=6994)[0m Results saved to: /tmp/warmup_results.json
2026-03-23 05:11:14,614 - INFO - [36m(rf-qwen3-32b-tp4pp2-A100-40gb, pid=6994)[0m TTFT p50/p95/p99: 116.8 / 1429.6 / 1434.0 ms
2026-03-23 05:11:14,614 - INFO - [36m(rf-qwen3-32b-tp4pp2-A100-40gb, pid=6994)[0m E2E  p50/p95/p99: 6768.5 / 8467.6 / 8471.9 ms
2026-03-23 05:11:14,614 - INFO - [36m(rf-qwen3-32b-tp4pp2-A100-40gb, pid=6994)[0m ✅ Warmup complete
2026-03-23 05:11:16,725 - INFO - [36m(rf-qwen3-32b-tp4pp2-A100-40gb, pid=6994)[0m 📊 Running benchmark: 168 requests, concurrency=42
2026-03-23 05:11:20,755 - INFO - [36m(rf-qwen3-32b-tp4pp2-A100-40gb, pid=6994)[0m Loading tokenizer for Qwen/Qwen3-32B...
2026-03-23 05:11:21,661 - INFO - [36m(rf-qwen3-32b-tp4pp2-A100-40gb, pid=6994)[0m Loading dataset emozilla/pg19-test...
2026-03-23 05:11:25,891 - INFO - [36m(rf-qwen3-32b-tp4pp2-A100-40gb, pid=6994)[0m `trust_remote_code` is not supported anymore.
2026-03-23 05:11:25,891 - INFO - [36m(rf-qwen3-32b-tp4pp2-A100-40gb, pid=6994)[0m Please check that the Hugging Face dataset 'emozilla/pg19-test' isn't based on a loading script and remove `trust_remote_code`.
2026-03-23 05:11:25,891 - INFO - [36m(rf-qwen3-32b-tp4pp2-A100-40gb, pid=6994)[0m If the dataset is based on a loading script, please ask the dataset author to remove it and convert it to a standard format like Parquet.
2026-03-23 05:11:25,891 - INFO - [36m(rf-qwen3-32b-tp4pp2-A100-40gb, pid=6994)[0m Token indices sequence length is longer than the specified maximum sequence length for this model (136936 > 131072). Running this sequence through the model will result in indexing errors
2026-03-23 05:11:52,498 - INFO - [36m(rf-qwen3-32b-tp4pp2-A100-40gb, pid=6994)[0m ⚠️  Only found 100 prompts with >= 128 tokens, recycling to reach 168
2026-03-23 05:12:00,040 - INFO - [36m(rf-qwen3-32b-tp4pp2-A100-40gb, pid=6994)[0m Running 168 benchmark requests (concurrency=42)...
2026-03-23 05:12:00,040 - INFO - [36m(rf-qwen3-32b-tp4pp2-A100-40gb, pid=6994)[0m   Progress: 16/168 (8s elapsed)
2026-03-23 05:12:07,595 - INFO - [36m(rf-qwen3-32b-tp4pp2-A100-40gb, pid=6994)[0m   Progress: 32/168 (8s elapsed)
2026-03-23 05:12:07,595 - INFO - [36m(rf-qwen3-32b-tp4pp2-A100-40gb, pid=6994)[0m   Progress: 48/168 (15s elapsed)
2026-03-23 05:12:14,964 - INFO - [36m(rf-qwen3-32b-tp4pp2-A100-40gb, pid=6994)[0m   Progress: 64/168 (15s elapsed)
2026-03-23 05:12:14,965 - INFO - [36m(rf-qwen3-32b-tp4pp2-A100-40gb, pid=6994)[0m   Progress: 80/168 (15s elapsed)
2026-03-23 05:12:14,965 - INFO - [36m(rf-qwen3-32b-tp4pp2-A100-40gb, pid=6994)[0m   Progress: 96/168 (22s elapsed)
2026-03-23 05:12:22,117 - INFO - [36m(rf-qwen3-32b-tp4pp2-A100-40gb, pid=6994)[0m   Progress: 112/168 (22s elapsed)
2026-03-23 05:12:22,117 - INFO - [36m(rf-qwen3-32b-tp4pp2-A100-40gb, pid=6994)[0m   Progress: 128/168 (30s elapsed)
2026-03-23 05:12:22,926 - INFO - [36m(rf-qwen3-32b-tp4pp2-A100-40gb, pid=6994)[0m   Progress: 144/168 (30s elapsed)
2026-03-23 05:12:22,926 - INFO - [36m(rf-qwen3-32b-tp4pp2-A100-40gb, pid=6994)[0m   Progress: 160/168 (30s elapsed)
2026-03-23 05:12:22,926 - INFO - [36m(rf-qwen3-32b-tp4pp2-A100-40gb, pid=6994)[0m   Progress: 168/168 (30s elapsed)
2026-03-23 05:12:22,926 - INFO - [36m(rf-qwen3-32b-tp4pp2-A100-40gb, pid=6994)[0m
2026-03-23 05:12:22,926 - INFO - [36m(rf-qwen3-32b-tp4pp2-A100-40gb, pid=6994)[0m ============================================================
2026-03-23 05:12:22,926 - INFO - [36m(rf-qwen3-32b-tp4pp2-A100-40gb, pid=6994)[0m Benchmark complete: 168/168 successful
2026-03-23 05:12:22,926 - INFO - [36m(rf-qwen3-32b-tp4pp2-A100-40gb, pid=6994)[0m Wall clock: 29.6s
2026-03-23 05:12:22,926 - INFO - [36m(rf-qwen3-32b-tp4pp2-A100-40gb, pid=6994)[0m Results saved to: /tmp/client_results_tp4_pp2_in128_out128.json
2026-03-23 05:12:22,926 - INFO - [36m(rf-qwen3-32b-tp4pp2-A100-40gb, pid=6994)[0m TTFT p50/p95/p99: 271.0 / 642.1 / 664.4 ms
2026-03-23 05:12:22,927 - INFO - [36m(rf-qwen3-32b-tp4pp2-A100-40gb, pid=6994)[0m E2E  p50/p95/p99: 7331.0 / 7645.1 / 7653.3 ms
2026-03-23 05:12:22,927 - INFO - [36m(rf-qwen3-32b-tp4pp2-A100-40gb, pid=6994)[0m 📊 GPU monitoring: local (single node)
2026-03-23 05:12:23,833 - INFO - [36m(rf-qwen3-32b-tp4pp2-A100-40gb, pid=6994)[0m 📈 Time-series saved to /tmp/timeseries_tp4_pp2_in128_out128.json
2026-03-23 05:12:23,834 - INFO - [36m(rf-qwen3-32b-tp4pp2-A100-40gb, pid=6994)[0m Result: success
2026-03-23 05:12:27,156 - INFO - [36m(rf-qwen3-32b-tp4pp2-A100-40gb, pid=6994)[0m
2026-03-23 05:12:27,156 - INFO - [36m(rf-qwen3-32b-tp4pp2-A100-40gb, pid=6994)[0m ======================================================================
2026-03-23 05:12:27,156 - INFO - [36m(rf-qwen3-32b-tp4pp2-A100-40gb, pid=6994)[0m Running: TP=4, PP=2, input=128, output=2048
2026-03-23 05:12:27,156 - INFO - [36m(rf-qwen3-32b-tp4pp2-A100-40gb, pid=6994)[0m Target concurrency: 42
2026-03-23 05:12:27,156 - INFO - [36m(rf-qwen3-32b-tp4pp2-A100-40gb, pid=6994)[0m ======================================================================
2026-03-23 05:12:27,156 - INFO - [36m(rf-qwen3-32b-tp4pp2-A100-40gb, pid=6994)[0m 📊 Using local GPU monitoring (single-node Ray cluster)
2026-03-23 05:12:27,156 - INFO - [36m(rf-qwen3-32b-tp4pp2-A100-40gb, pid=6994)[0m 🔥 Running warmup (5 requests)...
2026-03-23 05:12:27,156 - INFO - [36m(rf-qwen3-32b-tp4pp2-A100-40gb, pid=6994)[0m Loading tokenizer for Qwen/Qwen3-32B...
2026-03-23 05:12:27,863 - INFO - [36m(rf-qwen3-32b-tp4pp2-A100-40gb, pid=6994)[0m Loading dataset emozilla/pg19-test...
2026-03-23 05:12:29,980 - INFO - [36m(rf-qwen3-32b-tp4pp2-A100-40gb, pid=6994)[0m `trust_remote_code` is not supported anymore.
2026-03-23 05:12:29,980 - INFO - [36m(rf-qwen3-32b-tp4pp2-A100-40gb, pid=6994)[0m Please check that the Hugging Face dataset 'emozilla/pg19-test' isn't based on a loading script and remove `trust_remote_code`.
2026-03-23 05:12:29,980 - INFO - [36m(rf-qwen3-32b-tp4pp2-A100-40gb, pid=6994)[0m If the dataset is based on a loading script, please ask the dataset author to remove it and convert it to a standard format like Parquet.
2026-03-23 05:12:29,980 - INFO - [36m(rf-qwen3-32b-tp4pp2-A100-40gb, pid=6994)[0m Running 5 benchmark requests (concurrency=2)...
2026-03-23 05:14:12,685 - INFO - [36m(rf-qwen3-32b-tp4pp2-A100-40gb, pid=6994)[0m   Progress: 1/5 (103s elapsed)
2026-03-23 05:16:03,269 - INFO - [36m(rf-qwen3-32b-tp4pp2-A100-40gb, pid=6994)[0m   Progress: 2/5 (103s elapsed)
2026-03-23 05:16:03,269 - INFO - [36m(rf-qwen3-32b-tp4pp2-A100-40gb, pid=6994)[0m   Progress: 3/5 (213s elapsed)
2026-03-23 05:17:43,664 - INFO - [36m(rf-qwen3-32b-tp4pp2-A100-40gb, pid=6994)[0m   Progress: 4/5 (213s elapsed)
2026-03-23 05:17:43,665 - INFO - [36m(rf-qwen3-32b-tp4pp2-A100-40gb, pid=6994)[0m   Progress: 5/5 (314s elapsed)
2026-03-23 05:17:44,671 - INFO - [36m(rf-qwen3-32b-tp4pp2-A100-40gb, pid=6994)[0m
2026-03-23 05:17:44,671 - INFO - [36m(rf-qwen3-32b-tp4pp2-A100-40gb, pid=6994)[0m ============================================================
2026-03-23 05:17:44,671 - INFO - [36m(rf-qwen3-32b-tp4pp2-A100-40gb, pid=6994)[0m Benchmark complete: 5/5 successful
2026-03-23 05:17:44,672 - INFO - [36m(rf-qwen3-32b-tp4pp2-A100-40gb, pid=6994)[0m Wall clock: 313.8s
2026-03-23 05:17:44,672 - INFO - [36m(rf-qwen3-32b-tp4pp2-A100-40gb, pid=6994)[0m Results saved to: /tmp/warmup_results.json
2026-03-23 05:17:44,672 - INFO - [36m(rf-qwen3-32b-tp4pp2-A100-40gb, pid=6994)[0m TTFT p50/p95/p99: 91.2 / 100.7 / 100.9 ms
2026-03-23 05:17:44,672 - INFO - [36m(rf-qwen3-32b-tp4pp2-A100-40gb, pid=6994)[0m E2E  p50/p95/p99: 102855.5 / 110457.8 / 110461.9 ms
2026-03-23 05:17:44,672 - INFO - [36m(rf-qwen3-32b-tp4pp2-A100-40gb, pid=6994)[0m ✅ Warmup complete
2026-03-23 05:17:46,481 - INFO - [36m(rf-qwen3-32b-tp4pp2-A100-40gb, pid=6994)[0m 📊 Running benchmark: 168 requests, concurrency=42
2026-03-23 05:17:50,505 - INFO - [36m(rf-qwen3-32b-tp4pp2-A100-40gb, pid=6994)[0m Loading tokenizer for Qwen/Qwen3-32B...
2026-03-23 05:17:51,111 - INFO - [36m(rf-qwen3-32b-tp4pp2-A100-40gb, pid=6994)[0m Loading dataset emozilla/pg19-test...
2026-03-23 05:17:55,552 - INFO - [36m(rf-qwen3-32b-tp4pp2-A100-40gb, pid=6994)[0m `trust_remote_code` is not supported anymore.
2026-03-23 05:17:55,552 - INFO - [36m(rf-qwen3-32b-tp4pp2-A100-40gb, pid=6994)[0m Please check that the Hugging Face dataset 'emozilla/pg19-test' isn't based on a loading script and remove `trust_remote_code`.
2026-03-23 05:17:55,552 - INFO - [36m(rf-qwen3-32b-tp4pp2-A100-40gb, pid=6994)[0m If the dataset is based on a loading script, please ask the dataset author to remove it and convert it to a standard format like Parquet.
2026-03-23 05:17:55,552 - INFO - [36m(rf-qwen3-32b-tp4pp2-A100-40gb, pid=6994)[0m Token indices sequence length is longer than the specified maximum sequence length for this model (136936 > 131072). Running this sequence through the model will result in indexing errors
2026-03-23 05:18:22,251 - INFO - [36m(rf-qwen3-32b-tp4pp2-A100-40gb, pid=6994)[0m ⚠️  Only found 100 prompts with >= 128 tokens, recycling to reach 168
2026-03-23 05:18:22,856 - INFO - [36m(rf-qwen3-32b-tp4pp2-A100-40gb, pid=6994)[0m Running 168 benchmark requests (concurrency=42)...
2026-03-23 05:20:22,726 - INFO - [36m(rf-qwen3-32b-tp4pp2-A100-40gb, pid=6994)[0m   Progress: 16/168 (120s elapsed)
2026-03-23 05:22:22,327 - INFO - [36m(rf-qwen3-32b-tp4pp2-A100-40gb, pid=6994)[0m   Progress: 32/168 (120s elapsed)
2026-03-23 05:22:22,328 - INFO - [36m(rf-qwen3-32b-tp4pp2-A100-40gb, pid=6994)[0m   Progress: 48/168 (240s elapsed)
2026-03-23 05:24:22,467 - INFO - [36m(rf-qwen3-32b-tp4pp2-A100-40gb, pid=6994)[0m   Progress: 64/168 (240s elapsed)
2026-03-23 05:24:22,468 - INFO - [36m(rf-qwen3-32b-tp4pp2-A100-40gb, pid=6994)[0m   Progress: 80/168 (240s elapsed)
2026-03-23 05:24:22,468 - INFO - [36m(rf-qwen3-32b-tp4pp2-A100-40gb, pid=6994)[0m   Progress: 96/168 (360s elapsed)
2026-03-23 05:26:22,429 - INFO - [36m(rf-qwen3-32b-tp4pp2-A100-40gb, pid=6994)[0m   Progress: 112/168 (360s elapsed)
2026-03-23 05:26:22,429 - INFO - [36m(rf-qwen3-32b-tp4pp2-A100-40gb, pid=6994)[0m   Progress: 128/168 (480s elapsed)
2026-03-23 05:26:23,131 - INFO - [36m(rf-qwen3-32b-tp4pp2-A100-40gb, pid=6994)[0m   Progress: 144/168 (480s elapsed)
2026-03-23 05:26:23,132 - INFO - [36m(rf-qwen3-32b-tp4pp2-A100-40gb, pid=6994)[0m   Progress: 160/168 (480s elapsed)
2026-03-23 05:26:23,838 - INFO - [36m(rf-qwen3-32b-tp4pp2-A100-40gb, pid=6994)[0m   Progress: 168/168 (480s elapsed)
2026-03-23 05:26:23,838 - INFO - [36m(rf-qwen3-32b-tp4pp2-A100-40gb, pid=6994)[0m
2026-03-23 05:26:23,838 - INFO - [36m(rf-qwen3-32b-tp4pp2-A100-40gb, pid=6994)[0m ============================================================
2026-03-23 05:26:23,838 - INFO - [36m(rf-qwen3-32b-tp4pp2-A100-40gb, pid=6994)[0m Benchmark complete: 168/168 successful
2026-03-23 05:26:23,838 - INFO - [36m(rf-qwen3-32b-tp4pp2-A100-40gb, pid=6994)[0m Wall clock: 480.3s
2026-03-23 05:26:23,838 - INFO - [36m(rf-qwen3-32b-tp4pp2-A100-40gb, pid=6994)[0m Results saved to: /tmp/client_results_tp4_pp2_in128_out2048.json
2026-03-23 05:26:23,838 - INFO - [36m(rf-qwen3-32b-tp4pp2-A100-40gb, pid=6994)[0m TTFT p50/p95/p99: 278.3 / 636.2 / 658.8 ms
2026-03-23 05:26:23,838 - INFO - [36m(rf-qwen3-32b-tp4pp2-A100-40gb, pid=6994)[0m E2E  p50/p95/p99: 120105.0 / 120431.8 / 120441.8 ms
2026-03-23 05:26:23,838 - INFO - [36m(rf-qwen3-32b-tp4pp2-A100-40gb, pid=6994)[0m 📊 GPU monitoring: local (single node)
2026-03-23 05:26:27,872 - INFO - [36m(rf-qwen3-32b-tp4pp2-A100-40gb, pid=6994)[0m 📈 Time-series saved to /tmp/timeseries_tp4_pp2_in128_out2048.json
2026-03-23 05:26:27,872 - INFO - [36m(rf-qwen3-32b-tp4pp2-A100-40gb, pid=6994)[0m Result: success
2026-03-23 05:26:27,872 - INFO - [36m(rf-qwen3-32b-tp4pp2-A100-40gb, pid=6994)[0m
2026-03-23 05:26:27,872 - INFO - [36m(rf-qwen3-32b-tp4pp2-A100-40gb, pid=6994)[0m ======================================================================
2026-03-23 05:26:27,873 - INFO - [36m(rf-qwen3-32b-tp4pp2-A100-40gb, pid=6994)[0m Running: TP=4, PP=2, input=512, output=1024
2026-03-23 05:26:27,873 - INFO - [36m(rf-qwen3-32b-tp4pp2-A100-40gb, pid=6994)[0m Target concurrency: 42
2026-03-23 05:26:27,873 - INFO - [36m(rf-qwen3-32b-tp4pp2-A100-40gb, pid=6994)[0m ======================================================================
2026-03-23 05:26:27,873 - INFO - [36m(rf-qwen3-32b-tp4pp2-A100-40gb, pid=6994)[0m 📊 Using local GPU monitoring (single-node Ray cluster)
2026-03-23 05:26:27,873 - INFO - [36m(rf-qwen3-32b-tp4pp2-A100-40gb, pid=6994)[0m 🔥 Running warmup (5 requests)...
2026-03-23 05:26:27,873 - INFO - [36m(rf-qwen3-32b-tp4pp2-A100-40gb, pid=6994)[0m Loading tokenizer for Qwen/Qwen3-32B...
2026-03-23 05:26:28,578 - INFO - [36m(rf-qwen3-32b-tp4pp2-A100-40gb, pid=6994)[0m Loading dataset emozilla/pg19-test...
2026-03-23 05:26:30,593 - INFO - [36m(rf-qwen3-32b-tp4pp2-A100-40gb, pid=6994)[0m `trust_remote_code` is not supported anymore.
2026-03-23 05:26:30,593 - INFO - [36m(rf-qwen3-32b-tp4pp2-A100-40gb, pid=6994)[0m Please check that the Hugging Face dataset 'emozilla/pg19-test' isn't based on a loading script and remove `trust_remote_code`.
2026-03-23 05:26:30,593 - INFO - [36m(rf-qwen3-32b-tp4pp2-A100-40gb, pid=6994)[0m If the dataset is based on a loading script, please ask the dataset author to remove it and convert it to a standard format like Parquet.
2026-03-23 05:26:30,594 - INFO - [36m(rf-qwen3-32b-tp4pp2-A100-40gb, pid=6994)[0m Running 5 benchmark requests (concurrency=2)...
2026-03-23 05:27:25,378 - INFO - [36m(rf-qwen3-32b-tp4pp2-A100-40gb, pid=6994)[0m   Progress: 1/5 (55s elapsed)
2026-03-23 05:27:26,084 - INFO - [36m(rf-qwen3-32b-tp4pp2-A100-40gb, pid=6994)[0m   Progress: 2/5 (55s elapsed)
2026-03-23 05:28:20,189 - INFO - [36m(rf-qwen3-32b-tp4pp2-A100-40gb, pid=6994)[0m   Progress: 3/5 (110s elapsed)
2026-03-23 05:29:10,064 - INFO - [36m(rf-qwen3-32b-tp4pp2-A100-40gb, pid=6994)[0m   Progress: 4/5 (110s elapsed)
2026-03-23 05:29:10,064 - INFO - [36m(rf-qwen3-32b-tp4pp2-A100-40gb, pid=6994)[0m   Progress: 5/5 (160s elapsed)
2026-03-23 05:29:10,871 - INFO - [36m(rf-qwen3-32b-tp4pp2-A100-40gb, pid=6994)[0m
2026-03-23 05:29:10,871 - INFO - [36m(rf-qwen3-32b-tp4pp2-A100-40gb, pid=6994)[0m ============================================================
2026-03-23 05:29:10,871 - INFO - [36m(rf-qwen3-32b-tp4pp2-A100-40gb, pid=6994)[0m Benchmark complete: 5/5 successful
2026-03-23 05:29:10,872 - INFO - [36m(rf-qwen3-32b-tp4pp2-A100-40gb, pid=6994)[0m Wall clock: 159.6s
2026-03-23 05:29:10,872 - INFO - [36m(rf-qwen3-32b-tp4pp2-A100-40gb, pid=6994)[0m Results saved to: /tmp/warmup_results.json
2026-03-23 05:29:10,872 - INFO - [36m(rf-qwen3-32b-tp4pp2-A100-40gb, pid=6994)[0m TTFT p50/p95/p99: 107.6 / 135.7 / 138.5 ms
2026-03-23 05:29:10,872 - INFO - [36m(rf-qwen3-32b-tp4pp2-A100-40gb, pid=6994)[0m E2E  p50/p95/p99: 54790.0 / 54893.5 / 54901.8 ms
2026-03-23 05:29:10,872 - INFO - [36m(rf-qwen3-32b-tp4pp2-A100-40gb, pid=6994)[0m ✅ Warmup complete
2026-03-23 05:29:12,986 - INFO - [36m(rf-qwen3-32b-tp4pp2-A100-40gb, pid=6994)[0m 📊 Running benchmark: 168 requests, concurrency=42
2026-03-23 05:29:16,920 - INFO - [36m(rf-qwen3-32b-tp4pp2-A100-40gb, pid=6994)[0m Loading tokenizer for Qwen/Qwen3-32B...
2026-03-23 05:29:17,928 - INFO - [36m(rf-qwen3-32b-tp4pp2-A100-40gb, pid=6994)[0m Loading dataset emozilla/pg19-test...
2026-03-23 05:29:22,059 - INFO - [36m(rf-qwen3-32b-tp4pp2-A100-40gb, pid=6994)[0m `trust_remote_code` is not supported anymore.
2026-03-23 05:29:22,059 - INFO - [36m(rf-qwen3-32b-tp4pp2-A100-40gb, pid=6994)[0m Please check that the Hugging Face dataset 'emozilla/pg19-test' isn't based on a loading script and remove `trust_remote_code`.
2026-03-23 05:29:22,059 - INFO - [36m(rf-qwen3-32b-tp4pp2-A100-40gb, pid=6994)[0m If the dataset is based on a loading script, please ask the dataset author to remove it and convert it to a standard format like Parquet.
2026-03-23 05:29:22,059 - INFO - [36m(rf-qwen3-32b-tp4pp2-A100-40gb, pid=6994)[0m Token indices sequence length is longer than the specified maximum sequence length for this model (136936 > 131072). Running this sequence through the model will result in indexing errors
2026-03-23 05:29:48,625 - INFO - [36m(rf-qwen3-32b-tp4pp2-A100-40gb, pid=6994)[0m ⚠️  Only found 100 prompts with >= 512 tokens, recycling to reach 168
2026-03-23 05:30:48,959 - INFO - [36m(rf-qwen3-32b-tp4pp2-A100-40gb, pid=6994)[0m Running 168 benchmark requests (concurrency=42)...
2026-03-23 05:30:48,959 - INFO - [36m(rf-qwen3-32b-tp4pp2-A100-40gb, pid=6994)[0m   Progress: 16/168 (60s elapsed)
2026-03-23 05:30:49,865 - INFO - [36m(rf-qwen3-32b-tp4pp2-A100-40gb, pid=6994)[0m   Progress: 32/168 (61s elapsed)
2026-03-23 05:31:49,008 - INFO - [36m(rf-qwen3-32b-tp4pp2-A100-40gb, pid=6994)[0m   Progress: 48/168 (120s elapsed)
2026-03-23 05:31:49,914 - INFO - [36m(rf-qwen3-32b-tp4pp2-A100-40gb, pid=6994)[0m   Progress: 64/168 (121s elapsed)
2026-03-23 05:32:49,260 - INFO - [36m(rf-qwen3-32b-tp4pp2-A100-40gb, pid=6994)[0m   Progress: 80/168 (121s elapsed)
2026-03-23 05:32:49,261 - INFO - [36m(rf-qwen3-32b-tp4pp2-A100-40gb, pid=6994)[0m   Progress: 96/168 (181s elapsed)
2026-03-23 05:32:50,168 - INFO - [36m(rf-qwen3-32b-tp4pp2-A100-40gb, pid=6994)[0m   Progress: 112/168 (181s elapsed)
2026-03-23 05:33:48,985 - INFO - [36m(rf-qwen3-32b-tp4pp2-A100-40gb, pid=6994)[0m   Progress: 128/168 (240s elapsed)
2026-03-23 05:33:49,791 - INFO - [36m(rf-qwen3-32b-tp4pp2-A100-40gb, pid=6994)[0m   Progress: 144/168 (241s elapsed)
2026-03-23 05:33:50,597 - INFO - [36m(rf-qwen3-32b-tp4pp2-A100-40gb, pid=6994)[0m   Progress: 160/168 (241s elapsed)
2026-03-23 05:33:50,597 - INFO - [36m(rf-qwen3-32b-tp4pp2-A100-40gb, pid=6994)[0m   Progress: 168/168 (241s elapsed)
2026-03-23 05:33:50,597 - INFO - [36m(rf-qwen3-32b-tp4pp2-A100-40gb, pid=6994)[0m
2026-03-23 05:33:50,597 - INFO - [36m(rf-qwen3-32b-tp4pp2-A100-40gb, pid=6994)[0m ============================================================
2026-03-23 05:33:50,597 - INFO - [36m(rf-qwen3-32b-tp4pp2-A100-40gb, pid=6994)[0m Benchmark complete: 168/168 successful
2026-03-23 05:33:50,597 - INFO - [36m(rf-qwen3-32b-tp4pp2-A100-40gb, pid=6994)[0m Wall clock: 240.7s
2026-03-23 05:33:50,597 - INFO - [36m(rf-qwen3-32b-tp4pp2-A100-40gb, pid=6994)[0m Results saved to: /tmp/client_results_tp4_pp2_in512_out1024.json
2026-03-23 05:33:50,597 - INFO - [36m(rf-qwen3-32b-tp4pp2-A100-40gb, pid=6994)[0m TTFT p50/p95/p99: 296.6 / 1273.8 / 1407.7 ms
2026-03-23 05:33:50,597 - INFO - [36m(rf-qwen3-32b-tp4pp2-A100-40gb, pid=6994)[0m E2E  p50/p95/p99: 60136.5 / 60883.4 / 61015.5 ms
2026-03-23 05:33:50,597 - INFO - [36m(rf-qwen3-32b-tp4pp2-A100-40gb, pid=6994)[0m 📊 GPU monitoring: local (single node)
2026-03-23 05:33:54,628 - INFO - [36m(rf-qwen3-32b-tp4pp2-A100-40gb, pid=6994)[0m 📈 Time-series saved to /tmp/timeseries_tp4_pp2_in512_out1024.json
2026-03-23 05:33:54,628 - INFO - [36m(rf-qwen3-32b-tp4pp2-A100-40gb, pid=6994)[0m Result: success
2026-03-23 05:33:54,628 - INFO - [36m(rf-qwen3-32b-tp4pp2-A100-40gb, pid=6994)[0m
2026-03-23 05:33:54,628 - INFO - [36m(rf-qwen3-32b-tp4pp2-A100-40gb, pid=6994)[0m ======================================================================
2026-03-23 05:33:54,628 - INFO - [36m(rf-qwen3-32b-tp4pp2-A100-40gb, pid=6994)[0m Running: TP=4, PP=2, input=1024, output=512
2026-03-23 05:33:54,628 - INFO - [36m(rf-qwen3-32b-tp4pp2-A100-40gb, pid=6994)[0m Target concurrency: 42
2026-03-23 05:33:54,628 - INFO - [36m(rf-qwen3-32b-tp4pp2-A100-40gb, pid=6994)[0m ======================================================================
2026-03-23 05:33:54,628 - INFO - [36m(rf-qwen3-32b-tp4pp2-A100-40gb, pid=6994)[0m 📊 Using local GPU monitoring (single-node Ray cluster)
2026-03-23 05:33:54,628 - INFO - [36m(rf-qwen3-32b-tp4pp2-A100-40gb, pid=6994)[0m 🔥 Running warmup (5 requests)...
2026-03-23 05:33:54,628 - INFO - [36m(rf-qwen3-32b-tp4pp2-A100-40gb, pid=6994)[0m Loading tokenizer for Qwen/Qwen3-32B...
2026-03-23 05:33:55,437 - INFO - [36m(rf-qwen3-32b-tp4pp2-A100-40gb, pid=6994)[0m Loading dataset emozilla/pg19-test...
2026-03-23 05:33:57,659 - INFO - [36m(rf-qwen3-32b-tp4pp2-A100-40gb, pid=6994)[0m `trust_remote_code` is not supported anymore.
2026-03-23 05:33:57,659 - INFO - [36m(rf-qwen3-32b-tp4pp2-A100-40gb, pid=6994)[0m Please check that the Hugging Face dataset 'emozilla/pg19-test' isn't based on a loading script and remove `trust_remote_code`.
2026-03-23 05:33:57,659 - INFO - [36m(rf-qwen3-32b-tp4pp2-A100-40gb, pid=6994)[0m If the dataset is based on a loading script, please ask the dataset author to remove it and convert it to a standard format like Parquet.
2026-03-23 05:33:57,659 - INFO - [36m(rf-qwen3-32b-tp4pp2-A100-40gb, pid=6994)[0m Running 5 benchmark requests (concurrency=2)...
2026-03-23 05:34:23,475 - INFO - [36m(rf-qwen3-32b-tp4pp2-A100-40gb, pid=6994)[0m   Progress: 1/5 (26s elapsed)
2026-03-23 05:34:51,101 - INFO - [36m(rf-qwen3-32b-tp4pp2-A100-40gb, pid=6994)[0m   Progress: 2/5 (26s elapsed)
2026-03-23 05:34:51,101 - INFO - [36m(rf-qwen3-32b-tp4pp2-A100-40gb, pid=6994)[0m   Progress: 3/5 (53s elapsed)
2026-03-23 05:35:15,783 - INFO - [36m(rf-qwen3-32b-tp4pp2-A100-40gb, pid=6994)[0m   Progress: 4/5 (53s elapsed)
2026-03-23 05:35:15,784 - INFO - [36m(rf-qwen3-32b-tp4pp2-A100-40gb, pid=6994)[0m   Progress: 5/5 (78s elapsed)
2026-03-23 05:35:16,288 - INFO - [36m(rf-qwen3-32b-tp4pp2-A100-40gb, pid=6994)[0m
2026-03-23 05:35:16,288 - INFO - [36m(rf-qwen3-32b-tp4pp2-A100-40gb, pid=6994)[0m ============================================================
2026-03-23 05:35:16,288 - INFO - [36m(rf-qwen3-32b-tp4pp2-A100-40gb, pid=6994)[0m Benchmark complete: 5/5 successful
2026-03-23 05:35:16,288 - INFO - [36m(rf-qwen3-32b-tp4pp2-A100-40gb, pid=6994)[0m Wall clock: 78.1s
2026-03-23 05:35:16,288 - INFO - [36m(rf-qwen3-32b-tp4pp2-A100-40gb, pid=6994)[0m Results saved to: /tmp/warmup_results.json
2026-03-23 05:35:16,288 - INFO - [36m(rf-qwen3-32b-tp4pp2-A100-40gb, pid=6994)[0m TTFT p50/p95/p99: 157.1 / 215.3 / 222.7 ms
2026-03-23 05:35:16,288 - INFO - [36m(rf-qwen3-32b-tp4pp2-A100-40gb, pid=6994)[0m E2E  p50/p95/p99: 25794.7 / 27449.0 / 27452.7 ms
2026-03-23 05:35:16,288 - INFO - [36m(rf-qwen3-32b-tp4pp2-A100-40gb, pid=6994)[0m ✅ Warmup complete
2026-03-23 05:35:18,608 - INFO - [36m(rf-qwen3-32b-tp4pp2-A100-40gb, pid=6994)[0m 📊 Running benchmark: 168 requests, concurrency=42
2026-03-23 05:35:22,328 - INFO - [36m(rf-qwen3-32b-tp4pp2-A100-40gb, pid=6994)[0m Loading tokenizer for Qwen/Qwen3-32B...
2026-03-23 05:35:23,033 - INFO - [36m(rf-qwen3-32b-tp4pp2-A100-40gb, pid=6994)[0m Loading dataset emozilla/pg19-test...
2026-03-23 05:35:27,876 - INFO - [36m(rf-qwen3-32b-tp4pp2-A100-40gb, pid=6994)[0m `trust_remote_code` is not supported anymore.
2026-03-23 05:35:27,876 - INFO - [36m(rf-qwen3-32b-tp4pp2-A100-40gb, pid=6994)[0m Please check that the Hugging Face dataset 'emozilla/pg19-test' isn't based on a loading script and remove `trust_remote_code`.
2026-03-23 05:35:27,876 - INFO - [36m(rf-qwen3-32b-tp4pp2-A100-40gb, pid=6994)[0m If the dataset is based on a loading script, please ask the dataset author to remove it and convert it to a standard format like Parquet.
2026-03-23 05:35:27,876 - INFO - [36m(rf-qwen3-32b-tp4pp2-A100-40gb, pid=6994)[0m Token indices sequence length is longer than the specified maximum sequence length for this model (136936 > 131072). Running this sequence through the model will result in indexing errors
2026-03-23 05:35:54,273 - INFO - [36m(rf-qwen3-32b-tp4pp2-A100-40gb, pid=6994)[0m ⚠️  Only found 100 prompts with >= 1024 tokens, recycling to reach 168
2026-03-23 05:35:54,978 - INFO - [36m(rf-qwen3-32b-tp4pp2-A100-40gb, pid=6994)[0m Running 168 benchmark requests (concurrency=42)...
2026-03-23 05:36:26,520 - INFO - [36m(rf-qwen3-32b-tp4pp2-A100-40gb, pid=6994)[0m   Progress: 16/168 (32s elapsed)
2026-03-23 05:36:27,324 - INFO - [36m(rf-qwen3-32b-tp4pp2-A100-40gb, pid=6994)[0m   Progress: 32/168 (33s elapsed)
2026-03-23 05:36:57,547 - INFO - [36m(rf-qwen3-32b-tp4pp2-A100-40gb, pid=6994)[0m   Progress: 48/168 (63s elapsed)
2026-03-23 05:36:58,254 - INFO - [36m(rf-qwen3-32b-tp4pp2-A100-40gb, pid=6994)[0m   Progress: 64/168 (64s elapsed)
2026-03-23 05:36:59,062 - INFO - [36m(rf-qwen3-32b-tp4pp2-A100-40gb, pid=6994)[0m   Progress: 80/168 (65s elapsed)
2026-03-23 05:37:29,587 - INFO - [36m(rf-qwen3-32b-tp4pp2-A100-40gb, pid=6994)[0m   Progress: 96/168 (95s elapsed)
2026-03-23 05:37:30,189 - INFO - [36m(rf-qwen3-32b-tp4pp2-A100-40gb, pid=6994)[0m   Progress: 112/168 (96s elapsed)
2026-03-23 05:38:00,443 - INFO - [36m(rf-qwen3-32b-tp4pp2-A100-40gb, pid=6994)[0m   Progress: 128/168 (126s elapsed)
2026-03-23 05:38:00,951 - INFO - [36m(rf-qwen3-32b-tp4pp2-A100-40gb, pid=6994)[0m   Progress: 144/168 (126s elapsed)
2026-03-23 05:38:02,263 - INFO - [36m(rf-qwen3-32b-tp4pp2-A100-40gb, pid=6994)[0m   Progress: 160/168 (127s elapsed)
2026-03-23 05:38:02,264 - INFO - [36m(rf-qwen3-32b-tp4pp2-A100-40gb, pid=6994)[0m   Progress: 168/168 (127s elapsed)
2026-03-23 05:38:02,969 - INFO - [36m(rf-qwen3-32b-tp4pp2-A100-40gb, pid=6994)[0m
2026-03-23 05:38:02,970 - INFO - [36m(rf-qwen3-32b-tp4pp2-A100-40gb, pid=6994)[0m ============================================================
2026-03-23 05:38:02,970 - INFO - [36m(rf-qwen3-32b-tp4pp2-A100-40gb, pid=6994)[0m Benchmark complete: 168/168 successful
2026-03-23 05:38:02,970 - INFO - [36m(rf-qwen3-32b-tp4pp2-A100-40gb, pid=6994)[0m Wall clock: 126.8s
2026-03-23 05:38:02,970 - INFO - [36m(rf-qwen3-32b-tp4pp2-A100-40gb, pid=6994)[0m Results saved to: /tmp/client_results_tp4_pp2_in1024_out512.json
2026-03-23 05:38:02,970 - INFO - [36m(rf-qwen3-32b-tp4pp2-A100-40gb, pid=6994)[0m TTFT p50/p95/p99: 400.6 / 2175.3 / 2505.0 ms
2026-03-23 05:38:02,970 - INFO - [36m(rf-qwen3-32b-tp4pp2-A100-40gb, pid=6994)[0m E2E  p50/p95/p99: 31566.2 / 33055.9 / 33389.3 ms
2026-03-23 05:38:02,970 - INFO - [36m(rf-qwen3-32b-tp4pp2-A100-40gb, pid=6994)[0m 📊 GPU monitoring: local (single node)
2026-03-23 05:38:02,970 - INFO - [36m(rf-qwen3-32b-tp4pp2-A100-40gb, pid=6994)[0m 📈 Time-series saved to /tmp/timeseries_tp4_pp2_in1024_out512.json
2026-03-23 05:38:02,970 - INFO - [36m(rf-qwen3-32b-tp4pp2-A100-40gb, pid=6994)[0m Result: success
2026-03-23 05:38:02,970 - INFO - [36m(rf-qwen3-32b-tp4pp2-A100-40gb, pid=6994)[0m
2026-03-23 05:38:02,970 - INFO - [36m(rf-qwen3-32b-tp4pp2-A100-40gb, pid=6994)[0m ======================================================================
2026-03-23 05:38:02,970 - INFO - [36m(rf-qwen3-32b-tp4pp2-A100-40gb, pid=6994)[0m Running: TP=4, PP=2, input=4096, output=1024
2026-03-23 05:38:02,970 - INFO - [36m(rf-qwen3-32b-tp4pp2-A100-40gb, pid=6994)[0m Target concurrency: 42
2026-03-23 05:38:02,970 - INFO - [36m(rf-qwen3-32b-tp4pp2-A100-40gb, pid=6994)[0m ======================================================================
2026-03-23 05:38:02,970 - INFO - [36m(rf-qwen3-32b-tp4pp2-A100-40gb, pid=6994)[0m 📊 Using local GPU monitoring (single-node Ray cluster)
2026-03-23 05:38:06,194 - INFO - [36m(rf-qwen3-32b-tp4pp2-A100-40gb, pid=6994)[0m 🔥 Running warmup (5 requests)...
2026-03-23 05:38:06,194 - INFO - [36m(rf-qwen3-32b-tp4pp2-A100-40gb, pid=6994)[0m Loading tokenizer for Qwen/Qwen3-32B...
2026-03-23 05:38:06,899 - INFO - [36m(rf-qwen3-32b-tp4pp2-A100-40gb, pid=6994)[0m Loading dataset emozilla/pg19-test...
2026-03-23 05:38:09,016 - INFO - [36m(rf-qwen3-32b-tp4pp2-A100-40gb, pid=6994)[0m `trust_remote_code` is not supported anymore.
2026-03-23 05:38:09,016 - INFO - [36m(rf-qwen3-32b-tp4pp2-A100-40gb, pid=6994)[0m Please check that the Hugging Face dataset 'emozilla/pg19-test' isn't based on a loading script and remove `trust_remote_code`.
2026-03-23 05:38:09,016 - INFO - [36m(rf-qwen3-32b-tp4pp2-A100-40gb, pid=6994)[0m If the dataset is based on a loading script, please ask the dataset author to remove it and convert it to a standard format like Parquet.
2026-03-23 05:38:09,016 - INFO - [36m(rf-qwen3-32b-tp4pp2-A100-40gb, pid=6994)[0m Running 5 benchmark requests (concurrency=2)...
2026-03-23 05:39:01,089 - INFO - [36m(rf-qwen3-32b-tp4pp2-A100-40gb, pid=6994)[0m   Progress: 1/5 (52s elapsed)
2026-03-23 05:39:01,595 - INFO - [36m(rf-qwen3-32b-tp4pp2-A100-40gb, pid=6994)[0m   Progress: 2/5 (52s elapsed)
2026-03-23 05:39:53,553 - INFO - [36m(rf-qwen3-32b-tp4pp2-A100-40gb, pid=6994)[0m   Progress: 3/5 (104s elapsed)
2026-03-23 05:39:54,257 - INFO - [36m(rf-qwen3-32b-tp4pp2-A100-40gb, pid=6994)[0m   Progress: 4/5 (105s elapsed)
2026-03-23 05:40:44,752 - INFO - [36m(rf-qwen3-32b-tp4pp2-A100-40gb, pid=6994)[0m   Progress: 5/5 (155s elapsed)
2026-03-23 05:40:46,367 - INFO - [36m(rf-qwen3-32b-tp4pp2-A100-40gb, pid=6994)[0m
2026-03-23 05:40:46,368 - INFO - [36m(rf-qwen3-32b-tp4pp2-A100-40gb, pid=6994)[0m ============================================================
2026-03-23 05:40:46,368 - INFO - [36m(rf-qwen3-32b-tp4pp2-A100-40gb, pid=6994)[0m Benchmark complete: 5/5 successful
2026-03-23 05:40:46,368 - INFO - [36m(rf-qwen3-32b-tp4pp2-A100-40gb, pid=6994)[0m Wall clock: 154.5s
2026-03-23 05:40:46,368 - INFO - [36m(rf-qwen3-32b-tp4pp2-A100-40gb, pid=6994)[0m Results saved to: /tmp/warmup_results.json
2026-03-23 05:40:46,368 - INFO - [36m(rf-qwen3-32b-tp4pp2-A100-40gb, pid=6994)[0m TTFT p50/p95/p99: 350.4 / 520.5 / 539.5 ms
2026-03-23 05:40:46,368 - INFO - [36m(rf-qwen3-32b-tp4pp2-A100-40gb, pid=6994)[0m E2E  p50/p95/p99: 52227.0 / 52383.7 / 52383.9 ms
2026-03-23 05:40:46,368 - INFO - [36m(rf-qwen3-32b-tp4pp2-A100-40gb, pid=6994)[0m ✅ Warmup complete
2026-03-23 05:40:46,368 - INFO - [36m(rf-qwen3-32b-tp4pp2-A100-40gb, pid=6994)[0m 📊 Running benchmark: 168 requests, concurrency=42
2026-03-23 05:40:50,201 - INFO - [36m(rf-qwen3-32b-tp4pp2-A100-40gb, pid=6994)[0m Loading tokenizer for Qwen/Qwen3-32B...
2026-03-23 05:40:50,908 - INFO - [36m(rf-qwen3-32b-tp4pp2-A100-40gb, pid=6994)[0m Loading dataset emozilla/pg19-test...
2026-03-23 05:40:55,346 - INFO - [36m(rf-qwen3-32b-tp4pp2-A100-40gb, pid=6994)[0m `trust_remote_code` is not supported anymore.
2026-03-23 05:40:55,346 - INFO - [36m(rf-qwen3-32b-tp4pp2-A100-40gb, pid=6994)[0m Please check that the Hugging Face dataset 'emozilla/pg19-test' isn't based on a loading script and remove `trust_remote_code`.
2026-03-23 05:40:55,346 - INFO - [36m(rf-qwen3-32b-tp4pp2-A100-40gb, pid=6994)[0m If the dataset is based on a loading script, please ask the dataset author to remove it and convert it to a standard format like Parquet.
2026-03-23 05:40:55,346 - INFO - [36m(rf-qwen3-32b-tp4pp2-A100-40gb, pid=6994)[0m Token indices sequence length is longer than the specified maximum sequence length for this model (136936 > 131072). Running this sequence through the model will result in indexing errors
2026-03-23 05:41:22,352 - INFO - [36m(rf-qwen3-32b-tp4pp2-A100-40gb, pid=6994)[0m ⚠️  Only found 99 prompts with >= 4096 tokens, recycling to reach 168
2026-03-23 05:42:47,798 - INFO - [36m(rf-qwen3-32b-tp4pp2-A100-40gb, pid=6994)[0m Running 168 benchmark requests (concurrency=42)...
2026-03-23 05:42:47,799 - INFO - [36m(rf-qwen3-32b-tp4pp2-A100-40gb, pid=6994)[0m   Progress: 16/168 (85s elapsed)
2026-03-23 05:42:51,634 - INFO - [36m(rf-qwen3-32b-tp4pp2-A100-40gb, pid=6994)[0m   Progress: 32/168 (89s elapsed)
2026-03-23 05:44:10,572 - INFO - [36m(rf-qwen3-32b-tp4pp2-A100-40gb, pid=6994)[0m   Progress: 48/168 (168s elapsed)
2026-03-23 05:44:14,805 - INFO - [36m(rf-qwen3-32b-tp4pp2-A100-40gb, pid=6994)[0m   Progress: 64/168 (172s elapsed)
2026-03-23 05:44:18,644 - INFO - [36m(rf-qwen3-32b-tp4pp2-A100-40gb, pid=6994)[0m   Progress: 80/168 (176s elapsed)
2026-03-23 05:45:38,907 - INFO - [36m(rf-qwen3-32b-tp4pp2-A100-40gb, pid=6994)[0m   Progress: 96/168 (257s elapsed)
2026-03-23 05:45:42,836 - INFO - [36m(rf-qwen3-32b-tp4pp2-A100-40gb, pid=6994)[0m   Progress: 112/168 (261s elapsed)
2026-03-23 05:47:04,348 - INFO - [36m(rf-qwen3-32b-tp4pp2-A100-40gb, pid=6994)[0m   Progress: 128/168 (342s elapsed)
2026-03-23 05:47:05,357 - INFO - [36m(rf-qwen3-32b-tp4pp2-A100-40gb, pid=6994)[0m   Progress: 144/168 (343s elapsed)
2026-03-23 05:47:06,365 - INFO - [36m(rf-qwen3-32b-tp4pp2-A100-40gb, pid=6994)[0m   Progress: 160/168 (344s elapsed)
2026-03-23 05:47:07,375 - INFO - [36m(rf-qwen3-32b-tp4pp2-A100-40gb, pid=6994)[0m   Progress: 168/168 (344s elapsed)
2026-03-23 05:47:07,983 - INFO - [36m(rf-qwen3-32b-tp4pp2-A100-40gb, pid=6994)[0m
2026-03-23 05:47:07,983 - INFO - [36m(rf-qwen3-32b-tp4pp2-A100-40gb, pid=6994)[0m ============================================================
2026-03-23 05:47:07,983 - INFO - [36m(rf-qwen3-32b-tp4pp2-A100-40gb, pid=6994)[0m Benchmark complete: 168/168 successful
2026-03-23 05:47:07,983 - INFO - [36m(rf-qwen3-32b-tp4pp2-A100-40gb, pid=6994)[0m Wall clock: 344.5s
2026-03-23 05:47:07,983 - INFO - [36m(rf-qwen3-32b-tp4pp2-A100-40gb, pid=6994)[0m Results saved to: /tmp/client_results_tp4_pp2_in4096_out1024.json
2026-03-23 05:47:07,983 - INFO - [36m(rf-qwen3-32b-tp4pp2-A100-40gb, pid=6994)[0m TTFT p50/p95/p99: 644.4 / 7860.8 / 9555.1 ms
2026-03-23 05:47:07,983 - INFO - [36m(rf-qwen3-32b-tp4pp2-A100-40gb, pid=6994)[0m E2E  p50/p95/p99: 85455.8 / 89716.2 / 91382.1 ms
2026-03-23 05:47:07,983 - INFO - [36m(rf-qwen3-32b-tp4pp2-A100-40gb, pid=6994)[0m 📊 GPU monitoring: local (single node)
2026-03-23 05:47:08,689 - INFO - [36m(rf-qwen3-32b-tp4pp2-A100-40gb, pid=6994)[0m 📈 Time-series saved to /tmp/timeseries_tp4_pp2_in4096_out1024.json
2026-03-23 05:47:08,730 - INFO - [36m(rf-qwen3-32b-tp4pp2-A100-40gb, pid=6994)[0m Result: success
2026-03-23 05:47:08,730 - INFO - [36m(rf-qwen3-32b-tp4pp2-A100-40gb, pid=6994)[0m
2026-03-23 05:47:08,730 - INFO - [36m(rf-qwen3-32b-tp4pp2-A100-40gb, pid=6994)[0m ======================================================================
2026-03-23 05:47:08,730 - INFO - [36m(rf-qwen3-32b-tp4pp2-A100-40gb, pid=6994)[0m Running: TP=4, PP=2, input=8192, output=256
2026-03-23 05:47:08,730 - INFO - [36m(rf-qwen3-32b-tp4pp2-A100-40gb, pid=6994)[0m Target concurrency: 42
2026-03-23 05:47:08,730 - INFO - [36m(rf-qwen3-32b-tp4pp2-A100-40gb, pid=6994)[0m ======================================================================
2026-03-23 05:47:08,730 - INFO - [36m(rf-qwen3-32b-tp4pp2-A100-40gb, pid=6994)[0m 📊 Using local GPU monitoring (single-node Ray cluster)
2026-03-23 05:47:12,017 - INFO - [36m(rf-qwen3-32b-tp4pp2-A100-40gb, pid=6994)[0m 🔥 Running warmup (5 requests)...
2026-03-23 05:47:12,017 - INFO - [36m(rf-qwen3-32b-tp4pp2-A100-40gb, pid=6994)[0m Loading tokenizer for Qwen/Qwen3-32B...
2026-03-23 05:47:12,823 - INFO - [36m(rf-qwen3-32b-tp4pp2-A100-40gb, pid=6994)[0m Loading dataset emozilla/pg19-test...
2026-03-23 05:47:15,042 - INFO - [36m(rf-qwen3-32b-tp4pp2-A100-40gb, pid=6994)[0m `trust_remote_code` is not supported anymore.
2026-03-23 05:47:15,042 - INFO - [36m(rf-qwen3-32b-tp4pp2-A100-40gb, pid=6994)[0m Please check that the Hugging Face dataset 'emozilla/pg19-test' isn't based on a loading script and remove `trust_remote_code`.
2026-03-23 05:47:15,042 - INFO - [36m(rf-qwen3-32b-tp4pp2-A100-40gb, pid=6994)[0m If the dataset is based on a loading script, please ask the dataset author to remove it and convert it to a standard format like Parquet.
2026-03-23 05:47:15,042 - INFO - [36m(rf-qwen3-32b-tp4pp2-A100-40gb, pid=6994)[0m Running 5 benchmark requests (concurrency=2)...
2026-03-23 05:47:28,950 - INFO - [36m(rf-qwen3-32b-tp4pp2-A100-40gb, pid=6994)[0m   Progress: 1/5 (14s elapsed)
2026-03-23 05:47:29,759 - INFO - [36m(rf-qwen3-32b-tp4pp2-A100-40gb, pid=6994)[0m   Progress: 2/5 (14s elapsed)
2026-03-23 05:47:43,373 - INFO - [36m(rf-qwen3-32b-tp4pp2-A100-40gb, pid=6994)[0m   Progress: 3/5 (29s elapsed)
2026-03-23 05:47:44,380 - INFO - [36m(rf-qwen3-32b-tp4pp2-A100-40gb, pid=6994)[0m   Progress: 4/5 (29s elapsed)
2026-03-23 05:47:56,461 - INFO - [36m(rf-qwen3-32b-tp4pp2-A100-40gb, pid=6994)[0m   Progress: 5/5 (42s elapsed)
2026-03-23 05:47:57,267 - INFO - [36m(rf-qwen3-32b-tp4pp2-A100-40gb, pid=6994)[0m
2026-03-23 05:47:57,267 - INFO - [36m(rf-qwen3-32b-tp4pp2-A100-40gb, pid=6994)[0m ============================================================
2026-03-23 05:47:57,267 - INFO - [36m(rf-qwen3-32b-tp4pp2-A100-40gb, pid=6994)[0m Benchmark complete: 5/5 successful
2026-03-23 05:47:57,267 - INFO - [36m(rf-qwen3-32b-tp4pp2-A100-40gb, pid=6994)[0m Wall clock: 41.6s
2026-03-23 05:47:57,267 - INFO - [36m(rf-qwen3-32b-tp4pp2-A100-40gb, pid=6994)[0m Results saved to: /tmp/warmup_results.json
2026-03-23 05:47:57,267 - INFO - [36m(rf-qwen3-32b-tp4pp2-A100-40gb, pid=6994)[0m TTFT p50/p95/p99: 719.9 / 989.2 / 1025.6 ms
2026-03-23 05:47:57,267 - INFO - [36m(rf-qwen3-32b-tp4pp2-A100-40gb, pid=6994)[0m E2E  p50/p95/p99: 14146.6 / 14646.8 / 14650.6 ms
2026-03-23 05:47:57,268 - INFO - [36m(rf-qwen3-32b-tp4pp2-A100-40gb, pid=6994)[0m ✅ Warmup complete
2026-03-23 05:47:59,487 - INFO - [36m(rf-qwen3-32b-tp4pp2-A100-40gb, pid=6994)[0m 📊 Running benchmark: 168 requests, concurrency=42
2026-03-23 05:48:03,321 - INFO - [36m(rf-qwen3-32b-tp4pp2-A100-40gb, pid=6994)[0m Loading tokenizer for Qwen/Qwen3-32B...
2026-03-23 05:48:04,129 - INFO - [36m(rf-qwen3-32b-tp4pp2-A100-40gb, pid=6994)[0m Loading dataset emozilla/pg19-test...
2026-03-23 05:48:08,466 - INFO - [36m(rf-qwen3-32b-tp4pp2-A100-40gb, pid=6994)[0m `trust_remote_code` is not supported anymore.
2026-03-23 05:48:08,466 - INFO - [36m(rf-qwen3-32b-tp4pp2-A100-40gb, pid=6994)[0m Please check that the Hugging Face dataset 'emozilla/pg19-test' isn't based on a loading script and remove `trust_remote_code`.
2026-03-23 05:48:08,466 - INFO - [36m(rf-qwen3-32b-tp4pp2-A100-40gb, pid=6994)[0m If the dataset is based on a loading script, please ask the dataset author to remove it and convert it to a standard format like Parquet.
2026-03-23 05:48:08,466 - INFO - [36m(rf-qwen3-32b-tp4pp2-A100-40gb, pid=6994)[0m Token indices sequence length is longer than the specified maximum sequence length for this model (136936 > 131072). Running this sequence through the model will result in indexing errors
2026-03-23 05:48:36,169 - INFO - [36m(rf-qwen3-32b-tp4pp2-A100-40gb, pid=6994)[0m ⚠️  Only found 95 prompts with >= 8192 tokens, recycling to reach 168
2026-03-23 05:49:23,842 - INFO - [36m(rf-qwen3-32b-tp4pp2-A100-40gb, pid=6994)[0m Running 168 benchmark requests (concurrency=42)...
2026-03-23 05:49:23,843 - INFO - [36m(rf-qwen3-32b-tp4pp2-A100-40gb, pid=6994)[0m   Progress: 16/168 (48s elapsed)
2026-03-23 05:49:33,019 - INFO - [36m(rf-qwen3-32b-tp4pp2-A100-40gb, pid=6994)[0m   Progress: 32/168 (57s elapsed)
2026-03-23 05:49:55,878 - INFO - [36m(rf-qwen3-32b-tp4pp2-A100-40gb, pid=6994)[0m   Progress: 48/168 (80s elapsed)
2026-03-23 05:50:05,349 - INFO - [36m(rf-qwen3-32b-tp4pp2-A100-40gb, pid=6994)[0m   Progress: 64/168 (89s elapsed)
2026-03-23 05:50:16,036 - INFO - [36m(rf-qwen3-32b-tp4pp2-A100-40gb, pid=6994)[0m   Progress: 80/168 (100s elapsed)
2026-03-23 05:50:38,710 - INFO - [36m(rf-qwen3-32b-tp4pp2-A100-40gb, pid=6994)[0m   Progress: 96/168 (123s elapsed)
2026-03-23 05:50:49,391 - INFO - [36m(rf-qwen3-32b-tp4pp2-A100-40gb, pid=6994)[0m   Progress: 112/168 (133s elapsed)
2026-03-23 05:51:12,569 - INFO - [36m(rf-qwen3-32b-tp4pp2-A100-40gb, pid=6994)[0m   Progress: 128/168 (156s elapsed)
2026-03-23 05:51:14,993 - INFO - [36m(rf-qwen3-32b-tp4pp2-A100-40gb, pid=6994)[0m   Progress: 144/168 (159s elapsed)
2026-03-23 05:51:16,701 - INFO - [36m(rf-qwen3-32b-tp4pp2-A100-40gb, pid=6994)[0m   Progress: 160/168 (161s elapsed)
2026-03-23 05:51:17,708 - INFO - [36m(rf-qwen3-32b-tp4pp2-A100-40gb, pid=6994)[0m   Progress: 168/168 (162s elapsed)
2026-03-23 05:51:18,617 - INFO - [36m(rf-qwen3-32b-tp4pp2-A100-40gb, pid=6994)[0m
2026-03-23 05:51:18,617 - INFO - [36m(rf-qwen3-32b-tp4pp2-A100-40gb, pid=6994)[0m ============================================================
2026-03-23 05:51:18,617 - INFO - [36m(rf-qwen3-32b-tp4pp2-A100-40gb, pid=6994)[0m Benchmark complete: 168/168 successful
2026-03-23 05:51:18,617 - INFO - [36m(rf-qwen3-32b-tp4pp2-A100-40gb, pid=6994)[0m Wall clock: 161.6s
2026-03-23 05:51:18,617 - INFO - [36m(rf-qwen3-32b-tp4pp2-A100-40gb, pid=6994)[0m Results saved to: /tmp/client_results_tp4_pp2_in8192_out256.json
2026-03-23 05:51:18,617 - INFO - [36m(rf-qwen3-32b-tp4pp2-A100-40gb, pid=6994)[0m TTFT p50/p95/p99: 1126.1 / 17840.7 / 22179.1 ms
2026-03-23 05:51:18,618 - INFO - [36m(rf-qwen3-32b-tp4pp2-A100-40gb, pid=6994)[0m E2E  p50/p95/p99: 39572.0 / 57862.0 / 61777.4 ms
2026-03-23 05:51:18,618 - INFO - [36m(rf-qwen3-32b-tp4pp2-A100-40gb, pid=6994)[0m 📊 GPU monitoring: local (single node)
2026-03-23 05:51:19,421 - INFO - [36m(rf-qwen3-32b-tp4pp2-A100-40gb, pid=6994)[0m 📈 Time-series saved to /tmp/timeseries_tp4_pp2_in8192_out256.json
2026-03-23 05:51:19,421 - INFO - [36m(rf-qwen3-32b-tp4pp2-A100-40gb, pid=6994)[0m Result: success
2026-03-23 05:51:22,852 - INFO - [36m(rf-qwen3-32b-tp4pp2-A100-40gb, pid=6994)[0m
2026-03-23 05:51:22,852 - INFO - [36m(rf-qwen3-32b-tp4pp2-A100-40gb, pid=6994)[0m ======================================================================
2026-03-23 05:51:22,852 - INFO - [36m(rf-qwen3-32b-tp4pp2-A100-40gb, pid=6994)[0m Running: TP=4, PP=2, input=16384, output=2048
2026-03-23 05:51:22,852 - INFO - [36m(rf-qwen3-32b-tp4pp2-A100-40gb, pid=6994)[0m Target concurrency: 42
2026-03-23 05:51:22,852 - INFO - [36m(rf-qwen3-32b-tp4pp2-A100-40gb, pid=6994)[0m ======================================================================
2026-03-23 05:51:22,852 - INFO - [36m(rf-qwen3-32b-tp4pp2-A100-40gb, pid=6994)[0m 📊 Using local GPU monitoring (single-node Ray cluster)
2026-03-23 05:51:22,852 - INFO - [36m(rf-qwen3-32b-tp4pp2-A100-40gb, pid=6994)[0m 🔥 Running warmup (5 requests)...
2026-03-23 05:51:22,852 - INFO - [36m(rf-qwen3-32b-tp4pp2-A100-40gb, pid=6994)[0m Loading tokenizer for Qwen/Qwen3-32B...
2026-03-23 05:51:23,355 - INFO - [36m(rf-qwen3-32b-tp4pp2-A100-40gb, pid=6994)[0m Loading dataset emozilla/pg19-test...
2026-03-23 05:51:25,873 - INFO - [36m(rf-qwen3-32b-tp4pp2-A100-40gb, pid=6994)[0m `trust_remote_code` is not supported anymore.
2026-03-23 05:51:25,873 - INFO - [36m(rf-qwen3-32b-tp4pp2-A100-40gb, pid=6994)[0m Please check that the Hugging Face dataset 'emozilla/pg19-test' isn't based on a loading script and remove `trust_remote_code`.
2026-03-23 05:51:25,873 - INFO - [36m(rf-qwen3-32b-tp4pp2-A100-40gb, pid=6994)[0m If the dataset is based on a loading script, please ask the dataset author to remove it and convert it to a standard format like Parquet.
2026-03-23 05:51:25,873 - INFO - [36m(rf-qwen3-32b-tp4pp2-A100-40gb, pid=6994)[0m Running 5 benchmark requests (concurrency=2)...
2026-03-23 05:53:13,775 - INFO - [36m(rf-qwen3-32b-tp4pp2-A100-40gb, pid=6994)[0m   Progress: 1/5 (108s elapsed)
2026-03-23 05:53:14,781 - INFO - [36m(rf-qwen3-32b-tp4pp2-A100-40gb, pid=6994)[0m   Progress: 2/5 (109s elapsed)
2026-03-23 05:55:05,681 - INFO - [36m(rf-qwen3-32b-tp4pp2-A100-40gb, pid=6994)[0m   Progress: 3/5 (220s elapsed)
2026-03-23 05:55:06,389 - INFO - [36m(rf-qwen3-32b-tp4pp2-A100-40gb, pid=6994)[0m   Progress: 4/5 (221s elapsed)
2026-03-23 05:56:46,510 - INFO - [36m(rf-qwen3-32b-tp4pp2-A100-40gb, pid=6994)[0m   Progress: 5/5 (321s elapsed)
2026-03-23 05:56:47,015 - INFO - [36m(rf-qwen3-32b-tp4pp2-A100-40gb, pid=6994)[0m
2026-03-23 05:56:47,015 - INFO - [36m(rf-qwen3-32b-tp4pp2-A100-40gb, pid=6994)[0m ============================================================
2026-03-23 05:56:47,015 - INFO - [36m(rf-qwen3-32b-tp4pp2-A100-40gb, pid=6994)[0m Benchmark complete: 5/5 successful
2026-03-23 05:56:47,015 - INFO - [36m(rf-qwen3-32b-tp4pp2-A100-40gb, pid=6994)[0m Wall clock: 320.7s
2026-03-23 05:56:47,015 - INFO - [36m(rf-qwen3-32b-tp4pp2-A100-40gb, pid=6994)[0m Results saved to: /tmp/warmup_results.json
2026-03-23 05:56:47,015 - INFO - [36m(rf-qwen3-32b-tp4pp2-A100-40gb, pid=6994)[0m TTFT p50/p95/p99: 1336.7 / 2060.7 / 2176.6 ms
2026-03-23 05:56:47,015 - INFO - [36m(rf-qwen3-32b-tp4pp2-A100-40gb, pid=6994)[0m E2E  p50/p95/p99: 108990.2 / 111640.9 / 111644.3 ms
2026-03-23 05:56:47,015 - INFO - [36m(rf-qwen3-32b-tp4pp2-A100-40gb, pid=6994)[0m ✅ Warmup complete
2026-03-23 05:56:49,331 - INFO - [36m(rf-qwen3-32b-tp4pp2-A100-40gb, pid=6994)[0m 📊 Running benchmark: 168 requests, concurrency=42
2026-03-23 05:56:53,062 - INFO - [36m(rf-qwen3-32b-tp4pp2-A100-40gb, pid=6994)[0m Loading tokenizer for Qwen/Qwen3-32B...
2026-03-23 05:56:53,871 - INFO - [36m(rf-qwen3-32b-tp4pp2-A100-40gb, pid=6994)[0m Loading dataset emozilla/pg19-test...
2026-03-23 05:56:58,307 - INFO - [36m(rf-qwen3-32b-tp4pp2-A100-40gb, pid=6994)[0m `trust_remote_code` is not supported anymore.
2026-03-23 05:56:58,307 - INFO - [36m(rf-qwen3-32b-tp4pp2-A100-40gb, pid=6994)[0m Please check that the Hugging Face dataset 'emozilla/pg19-test' isn't based on a loading script and remove `trust_remote_code`.
2026-03-23 05:56:58,307 - INFO - [36m(rf-qwen3-32b-tp4pp2-A100-40gb, pid=6994)[0m If the dataset is based on a loading script, please ask the dataset author to remove it and convert it to a standard format like Parquet.
2026-03-23 05:56:58,307 - INFO - [36m(rf-qwen3-32b-tp4pp2-A100-40gb, pid=6994)[0m Token indices sequence length is longer than the specified maximum sequence length for this model (136936 > 131072). Running this sequence through the model will result in indexing errors
2026-03-23 05:57:25,106 - INFO - [36m(rf-qwen3-32b-tp4pp2-A100-40gb, pid=6994)[0m ⚠️  Only found 92 prompts with >= 16384 tokens, recycling to reach 168
2026-03-23 06:07:25,996 - INFO - [36m(rf-qwen3-32b-tp4pp2-A100-40gb, pid=6994)[0m Running 168 benchmark requests (concurrency=42)...
2026-03-23 06:07:25,997 - INFO - [36m(rf-qwen3-32b-tp4pp2-A100-40gb, pid=6994)[0m   Progress: 16/168 (601s elapsed)
2026-03-23 06:17:26,935 - INFO - [36m(rf-qwen3-32b-tp4pp2-A100-40gb, pid=6994)[0m   Progress: 32/168 (601s elapsed)
2026-03-23 06:17:26,936 - INFO - [36m(rf-qwen3-32b-tp4pp2-A100-40gb, pid=6994)[0m   Progress: 48/168 (1202s elapsed)
2026-03-23 06:27:27,779 - INFO - [36m(rf-qwen3-32b-tp4pp2-A100-40gb, pid=6994)[0m   Progress: 64/168 (1202s elapsed)
2026-03-23 06:27:27,780 - INFO - [36m(rf-qwen3-32b-tp4pp2-A100-40gb, pid=6994)[0m   Progress: 80/168 (1202s elapsed)
2026-03-23 06:27:27,780 - INFO - [36m(rf-qwen3-32b-tp4pp2-A100-40gb, pid=6994)[0m   Progress: 96/168 (1803s elapsed)
2026-03-23 06:37:28,866 - INFO - [36m(rf-qwen3-32b-tp4pp2-A100-40gb, pid=6994)[0m   Progress: 112/168 (1803s elapsed)
2026-03-23 06:37:28,866 - INFO - [36m(rf-qwen3-32b-tp4pp2-A100-40gb, pid=6994)[0m   Progress: 128/168 (2404s elapsed)
2026-03-23 06:37:29,875 - INFO - [36m(rf-qwen3-32b-tp4pp2-A100-40gb, pid=6994)[0m   Progress: 144/168 (2404s elapsed)
2026-03-23 06:37:29,875 - INFO - [36m(rf-qwen3-32b-tp4pp2-A100-40gb, pid=6994)[0m   Progress: 160/168 (2404s elapsed)
2026-03-23 06:37:29,875 - INFO - [36m(rf-qwen3-32b-tp4pp2-A100-40gb, pid=6994)[0m   Progress: 168/168 (2404s elapsed)
2026-03-23 06:37:29,875 - INFO - [36m(rf-qwen3-32b-tp4pp2-A100-40gb, pid=6994)[0m
2026-03-23 06:37:29,875 - INFO - [36m(rf-qwen3-32b-tp4pp2-A100-40gb, pid=6994)[0m ============================================================
2026-03-23 06:37:29,875 - INFO - [36m(rf-qwen3-32b-tp4pp2-A100-40gb, pid=6994)[0m Benchmark complete: 0/168 successful
2026-03-23 06:37:29,875 - INFO - [36m(rf-qwen3-32b-tp4pp2-A100-40gb, pid=6994)[0m Wall clock: 2403.7s
2026-03-23 06:37:29,875 - INFO - [36m(rf-qwen3-32b-tp4pp2-A100-40gb, pid=6994)[0m Results saved to: /tmp/client_results_tp4_pp2_in16384_out2048.json
2026-03-23 06:37:29,875 - INFO - [36m(rf-qwen3-32b-tp4pp2-A100-40gb, pid=6994)[0m 📊 GPU monitoring: local (single node)
2026-03-23 06:37:30,681 - INFO - [36m(rf-qwen3-32b-tp4pp2-A100-40gb, pid=6994)[0m 📈 Time-series saved to /tmp/timeseries_tp4_pp2_in16384_out2048.json
2026-03-23 06:37:30,681 - INFO - [36m(rf-qwen3-32b-tp4pp2-A100-40gb, pid=6994)[0m ⚠️  WARNING: 16 preemptions detected! KV cache was thrashing. Throughput may be degraded.
2026-03-23 06:37:30,681 - INFO - [36m(rf-qwen3-32b-tp4pp2-A100-40gb, pid=6994)[0m Result: success
2026-03-23 06:37:33,805 - INFO - [36m(rf-qwen3-32b-tp4pp2-A100-40gb, pid=6994)[0m
2026-03-23 06:37:33,805 - INFO - [36m(rf-qwen3-32b-tp4pp2-A100-40gb, pid=6994)[0m ✅ All done! Results in /tmp/benchmark_results.json
2026-03-23 06:37:33,805 - INFO - [36m(rf-qwen3-32b-tp4pp2-A100-40gb, pid=6994)[0m 🛑 Stopping vLLM server...
2026-03-23 06:37:33,805 - INFO - [36m(rf-qwen3-32b-tp4pp2-A100-40gb, pid=6994)[0m ✅ Server stopped
2026-03-23 06:37:35,115 - INFO - [36m(rf-qwen3-32b-tp4pp2-A100-40gb, pid=6994)[0m + echo 'Cleaning up Ray (this may show warnings if vLLM workers are still active)...'
2026-03-23 06:37:37,129 - INFO - [36m(rf-qwen3-32b-tp4pp2-A100-40gb, pid=6994)[0m Cleaning up Ray (this may show warnings if vLLM workers are still active)...
2026-03-23 06:37:37,129 - INFO - [36m(rf-qwen3-32b-tp4pp2-A100-40gb, pid=6994)[0m + sleep 2
2026-03-23 06:37:37,129 - INFO - [36m(rf-qwen3-32b-tp4pp2-A100-40gb, pid=6994)[0m + uv run ray stop
2026-03-23 06:37:38,846 - INFO - [36m(rf-qwen3-32b-tp4pp2-A100-40gb, pid=6994)[0m 2026-03-23 01:07:37,482	VINFO scripts.py:1315 -- Send termination request to `/home/ubuntu/skypilot-runtime/lib/python3.10/site-packages/ray/core/src/ray/raylet/raylet --raylet_socket_name=/tmp/ray_skypilot/session_2026-03-22_23-36-40_299055_5506/sockets/raylet --store_socket_name=/tmp/ray_skypilot/session_2026-03-22_23-36-40_299055_5506/sockets/plasma_store --object_manager_port=8076 --min_worker_port=11002 --max_worker_port=19999 --node_manager_port=0 --node_ip_address=172.31.61.47 --maximum_startup_concurrency=96 --static_resource_list=A100,8,node:172.31.61.47,1.0,node:__internal_head__,1.0,accelerator_type:A100,1,CPU,96,GPU,8,memory,969181568000,object_store_memory,200000000000 "--python_worker_command=/home/ubuntu/skypilot-runtime/bin/python /home/ubuntu/skypilot-runtime/lib/python3.10/site-packages/ray/_private/workers/setup_worker.py /home/ubuntu/skypilot-runtime/lib/python3.10/site-packages/ray/_private/workers/default_worker.py --node-ip-address=172.31.61.47 --node-manager-port=RAY_NODE_MANAGER_PORT_PLACEHOLDER --object-store-name=/tmp/ray_skypilot/session_2026-03-22_23-36-40_299055_5506/sockets/plasma_store --raylet-name=/tmp/ray_skypilot/session_2026-03-22_23-36-40_299055_5506/sockets/raylet --redis-address=None --temp-dir=/tmp/ray_skypilot --metrics-agent-port=57305 --runtime-env-agent-port=59905 --logging-rotate-bytes=536870912 --logging-rotate-backup-count=5 --runtime-env-agent-port=59905 --gcs-address=172.31.61.47:6380 --session-name=session_2026-03-22_23-36-40_299055_5506 --temp-dir=/tmp/ray_skypilot --webui=127.0.0.1:8266 --cluster-id=f8820295739f556db588c8a5057c8d7b003bb67c1c84d29dde2b3b09 RAY_WORKER_DYNAMIC_OPTION_PLACEHOLDER" "--java_worker_command=/home/ubuntu/skypilot-runtime/bin/python /home/ubuntu/skypilot-runtime/lib/python3.10/site-packages/ray/_private/workers/setup_worker.py -Dray.address=172.31.61.47:6380 -Dray.raylet.node-manager-port=RAY_NODE_MANAGER_PORT_PLACEHOLDER -Dray.object-store.socket-name=/tmp/ray_skypilot/session_2026-03-22_23-36-40_299055_5506/sockets/plasma_store -Dray.raylet.socket-name=/tmp/ray_skypilot/session_2026-03-22_23-36-40_299055_5506/sockets/raylet -Dray.redis.password= -Dray.node-ip=172.31.61.47 -Dray.home=/home/ubuntu/skypilot-runtime/lib/python3.10/site-packages/ray/../.. -Dray.logging.dir=/tmp/ray_skypilot/session_2026-03-22_23-36-40_299055_5506/logs -Dray.session-dir=/tmp/ray_skypilot/session_2026-03-22_23-36-40_299055_5506 RAY_WORKER_DYNAMIC_OPTION_PLACEHOLDER io.ray.runtime.runner.worker.DefaultWorker" --cpp_worker_command= --native_library_path=/home/ubuntu/skypilot-runtime/lib/python3.10/site-packages/ray/cpp/lib --temp_dir=/tmp/ray_skypilot --session_dir=/tmp/ray_skypilot/session_2026-03-22_23-36-40_299055_5506 --log_dir=/tmp/ray_skypilot/session_2026-03-22_23-36-40_299055_5506/logs --resource_dir=/tmp/ray_skypilot/session_2026-03-22_23-36-40_299055_5506/runtime_resources --metrics-agent-port=57305 --metrics_export_port=48660 --runtime_env_agent_port=59905 --object_store_memory=200000000000 --plasma_directory=/dev/shm --ray-debugger-external=0 --gcs-address=172.31.61.47:6380 --session-name=session_2026-03-22_23-36-40_299055_5506 --labels= --cluster-id=f8820295739f556db588c8a5057c8d7b003bb67c1c84d29dde2b3b09 --head --num_prestart_python_workers=96 "--dashboard_agent_command=/home/ubuntu/skypilot-runtime/bin/python -u /home/ubuntu/skypilot-runtime/lib/python3.10/site-packages/ray/dashboard/agent.py --node-ip-address=172.31.61.47 --metrics-export-port=48660 --dashboard-agent-port=57305 --listen-port=52365 --node-manager-port=RAY_NODE_MANAGER_PORT_PLACEHOLDER --object-store-name=/tmp/ray_skypilot/session_2026-03-22_23-36-40_299055_5506/sockets/plasma_store --raylet-name=/tmp/ray_skypilot/session_2026-03-22_23-36-40_299055_5506/sockets/raylet --temp-dir=/tmp/ray_skypilot --session-dir=/tmp/ray_skypilot/session_2026-03-22_23-36-40_299055_5506 --log-dir=/tmp/ray_skypilot/session_2026-03-22_23-36-40_299055_5506/logs --logging-rotate-bytes=536870912 --logging-rotate-backup-count=5 --session-name=session_2026-03-22_23-36-40_299055_5506 --gcs-address=172.31.61.47:6380" "--runtime_env_agent_command=/home/ubuntu/skypilot-runtime/bin/python -u /home/ubuntu/skypilot-runtime/lib/python3.10/site-packages/ray/_private/runtime_env/agent/main.py --node-ip-address=172.31.61.47 --runtime-env-agent-port=59905 --gcs-address=172.31.61.47:6380 --runtime-env-dir=/tmp/ray_skypilot/session_2026-03-22_23-36-40_299055_5506/runtime_resources --logging-rotate-bytes=536870912 --logging-rotate-backup-count=5 --log-dir=/tmp/ray_skypilot/session_2026-03-22_23-36-40_299055_5506/logs --temp-dir=/tmp/ray_skypilot"` (via SIGTERM)
2026-03-23 06:37:38,846 - INFO - [36m(rf-qwen3-32b-tp4pp2-A100-40gb, pid=6994)[0m 2026-03-23 01:07:37,482	VINFO scripts.py:1315 -- Send termination request to `/home/ubuntu/sky_workdir/.venv/lib/python3.12/site-packages/ray/core/src/ray/raylet/raylet --raylet_socket_name=/tmp/ray/session_2026-03-22_23-38-30_629256_14419/sockets/raylet --store_socket_name=/tmp/ray/session_2026-03-22_23-38-30_629256_14419/sockets/plasma_store --object_manager_port=0 --min_worker_port=10002 --max_worker_port=19999 --node_manager_port=0 --node_id=b25d6d949afb835bac28be184051d7c8be98f917e2841a39dafb37cb --node_ip_address=172.31.61.47 --maximum_startup_concurrency=1 --static_resource_list=node:172.31.61.47,1.0,node:__internal_head__,1.0,accelerator_type:A100,1,GPU,8,memory,961786757120,object_store_memory,200000000000 "--python_worker_command=/home/ubuntu/sky_workdir/.venv/bin/python3 /home/ubuntu/sky_workdir/.venv/lib/python3.12/site-packages/ray/_private/workers/setup_worker.py /home/ubuntu/sky_workdir/.venv/lib/python3.12/site-packages/ray/_private/workers/default_worker.py --node-ip-address=172.31.61.47 --node-manager-port=RAY_NODE_MANAGER_PORT_PLACEHOLDER --object-store-name=/tmp/ray/session_2026-03-22_23-38-30_629256_14419/sockets/plasma_store --raylet-name=/tmp/ray/session_2026-03-22_23-38-30_629256_14419/sockets/raylet --redis-address=None --metrics-agent-port=0 --logging-rotate-bytes=536870912 --logging-rotate-backup-count=5 --runtime-env-agent-port=0 --gcs-address=172.31.61.47:6379 --session-name=session_2026-03-22_23-38-30_629256_14419 --temp-dir=/tmp/ray --webui= --cluster-id=dcb8c29327d2a0e10bc8756ce50f8c5b761956a4ce9676c7ef0f6b4b RAY_WORKER_DYNAMIC_OPTION_PLACEHOLDER" "--java_worker_command=/home/ubuntu/sky_workdir/.venv/bin/python3 /home/ubuntu/sky_workdir/.venv/lib/python3.12/site-packages/ray/_private/workers/setup_worker.py -Dray.address=172.31.61.47:6379 -Dray.raylet.node-manager-port=RAY_NODE_MANAGER_PORT_PLACEHOLDER -Dray.object-store.socket-name=/tmp/ray/session_2026-03-22_23-38-30_629256_14419/sockets/plasma_store -Dray.raylet.socket-name=/tmp/ray/session_2026-03-22_23-38-30_629256_14419/sockets/raylet -Dray.redis.username= -Dray.redis.password= -Dray.node-ip=172.31.61.47 -Dray.home=/home/ubuntu/sky_workdir/.venv/lib/python3.12/site-packages/ray/../.. -Dray.logging.dir=/tmp/ray/session_2026-03-22_23-38-30_629256_14419/logs -Dray.session-dir=/tmp/ray/session_2026-03-22_23-38-30_629256_14419 RAY_WORKER_DYNAMIC_OPTION_PLACEHOLDER io.ray.runtime.runner.worker.DefaultWorker" --cpp_worker_command= --native_library_path=/home/ubuntu/sky_workdir/.venv/lib/python3.12/site-packages/ray/cpp/lib --temp_dir=/tmp/ray --session_dir=/tmp/ray/session_2026-03-22_23-38-30_629256_14419 --log_dir=/tmp/ray/session_2026-03-22_23-38-30_629256_14419/logs --resource_dir=/tmp/ray/session_2026-03-22_23-38-30_629256_14419/runtime_resources --metrics-agent-port=0 --metrics_export_port=0 --runtime_env_agent_port=0 --object_store_memory=200000000000 --plasma_directory=/dev/shm --fallback_directory=/tmp/ray/session_2026-03-22_23-38-30_629256_14419 --ray-debugger-external=0 --gcs-address=172.31.61.47:6379 --session-name=session_2026-03-22_23-38-30_629256_14419 "--labels={\"ray.io/accelerator-type\": \"A100\"}" --cluster-id=dcb8c29327d2a0e10bc8756ce50f8c5b761956a4ce9676c7ef0f6b4b --stdout_filepath=/tmp/ray/session_2026-03-22_23-38-30_629256_14419/logs/raylet.out --stderr_filepath=/tmp/ray/session_2026-03-22_23-38-30_629256_14419/logs/raylet.err --head --num_prestart_python_workers=0 "--dashboard_agent_command=/home/ubuntu/sky_workdir/.venv/bin/python3 -u /home/ubuntu/sky_workdir/.venv/lib/python3.12/site-packages/ray/dashboard/agent.py --node-id=b25d6d949afb835bac28be184051d7c8be98f917e2841a39dafb37cb --node-ip-address=172.31.61.47 --metrics-export-port=0 --grpc-port=0 --listen-port=52365 --node-manager-port=RAY_NODE_MANAGER_PORT_PLACEHOLDER --object-store-name=/tmp/ray/session_2026-03-22_23-38-30_629256_14419/sockets/plasma_store --raylet-name=/tmp/ray/session_2026-03-22_23-38-30_629256_14419/sockets/raylet --temp-dir=/tmp/ray --session-dir=/tmp/ray/session_2026-03-22_23-38-30_629256_14419 --log-dir=/tmp/ray/session_2026-03-22_23-38-30_629256_14419/logs --logging-rotate-bytes=536870912 --logging-rotate-backup-count=5 --session-name=session_2026-03-22_23-38-30_629256_14419 --gcs-address=172.31.61.47:6379 --cluster-id-hex=dcb8c29327d2a0e10bc8756ce50f8c5b761956a4ce9676c7ef0f6b4b --stdout-filepath=/tmp/ray/session_2026-03-22_23-38-30_629256_14419/logs/dashboard_agent.out --stderr-filepath=/tmp/ray/session_2026-03-22_23-38-30_629256_14419/logs/dashboard_agent.err --minimal --head" "--runtime_env_agent_command=/home/ubuntu/sky_workdir/.venv/bin/python3 -u /home/ubuntu/sky_workdir/.venv/lib/python3.12/site-packages/ray/_private/runtime_env/agent/main.py --node-id=b25d6d949afb835bac28be184051d7c8be98f917e2841a39dafb37cb --node-ip-address=172.31.61.47 --runtime-env-agent-port=0 --session-dir=/tmp/ray/session_2026-03-22_23-38-30_629256_14419 --gcs-address=172.31.61.47:6379 --cluster-id-hex=dcb8c29327d2a0e10bc8756ce50f8c5b761956a4ce9676c7ef0f6b4b --runtime-env-dir=/tmp/ray/session_2026-03-22_23-38-30_629256_14419/runtime_resources --logging-rotate-bytes=536870912 --logging-rotate-backup-count=5 --log-dir=/tmp/ray/session_2026-03-22_23-38-30_629256_14419/logs --temp-dir=/tmp/ray --stdout-filepath=/tmp/ray/session_2026-03-22_23-38-30_629256_14419/logs/runtime_env_agent.out --stderr-filepath=/tmp/ray/session_2026-03-22_23-38-30_629256_14419/logs/runtime_env_agent.err"` (via SIGTERM)
2026-03-23 06:42:03,156 - INFO - Traceback (most recent call last):
2026-03-23 06:42:03,156 - INFO -   File "/home/ubuntu/.sky/sky_app/sky_job_1", line 621, in <module>
2026-03-23 06:42:03,156 - INFO -     returncodes, _ = get_or_fail(futures, pg)
2026-03-23 06:42:03,157 - INFO -   File "/home/ubuntu/.sky/sky_app/sky_job_1", line 76, in get_or_fail
2026-03-23 06:42:03,157 - INFO -     handle_ready_tasks(ready)
2026-03-23 06:42:03,157 - INFO -   File "/home/ubuntu/.sky/sky_app/sky_job_1", line 68, in handle_ready_tasks
2026-03-23 06:42:03,157 - INFO -     res = ray.get(task)
2026-03-23 06:42:03,157 - INFO -   File "/home/ubuntu/skypilot-runtime/lib/python3.10/site-packages/ray/_private/auto_init_hook.py", line 22, in auto_init_wrapper
2026-03-23 06:42:03,157 - INFO -     return fn(*args, **kwargs)
2026-03-23 06:42:03,157 - INFO -   File "/home/ubuntu/skypilot-runtime/lib/python3.10/site-packages/ray/_private/client_mode_hook.py", line 103, in wrapper
2026-03-23 06:42:03,157 - INFO -     return func(*args, **kwargs)
2026-03-23 06:42:03,157 - INFO -   File "/home/ubuntu/skypilot-runtime/lib/python3.10/site-packages/ray/_private/worker.py", line 2640, in get
2026-03-23 06:42:03,157 - INFO -     raise value
2026-03-23 06:42:03,157 - INFO - ray.exceptions.LocalRayletDiedError: The task's local raylet died. Check raylet.out for more information.
2026-03-23 06:42:03,157 - INFO - [0m[32m✓ Job finished (status: FAILED_DRIVER).[0m[0m
2026-03-23 06:42:04,886 - INFO - 
2026-03-23 06:42:06,145 - INFO - 📋 Useful Commands
2026-03-23 06:42:06,145 - INFO - Job ID: 1
2026-03-23 06:42:06,145 - INFO - ├── To cancel the job:		sky cancel rf-qwen3-32b-tp4pp2-A100-40gb 1
2026-03-23 06:42:06,145 - INFO - ├── To stream job logs:		sky logs rf-qwen3-32b-tp4pp2-A100-40gb 1
2026-03-23 06:42:06,145 - INFO - └── To view job queue:		sky queue rf-qwen3-32b-tp4pp2-A100-40gb
2026-03-23 06:42:06,145 - INFO - Cluster name: rf-qwen3-32b-tp4pp2-A100-40gb
2026-03-23 06:42:06,145 - INFO - ├── To log into the head VM:	ssh rf-qwen3-32b-tp4pp2-A100-40gb
2026-03-23 06:42:06,145 - INFO - ├── To submit a job:		sky exec rf-qwen3-32b-tp4pp2-A100-40gb yaml_file
2026-03-23 06:42:06,145 - INFO - ├── To stop the cluster:	sky stop rf-qwen3-32b-tp4pp2-A100-40gb
2026-03-23 06:42:06,146 - INFO - └── To teardown the cluster:	sky down rf-qwen3-32b-tp4pp2-A100-40gb
2026-03-23 06:42:06,146 - ERROR - ❌ Cluster error: Command 'sky launch' returned non-zero exit status 100.
2026-03-23 06:42:06,146 - INFO - 📥 Attempting to fetch results (benchmark may have completed)...
2026-03-23 06:42:06,146 - INFO - 📥 Fetching results.json from cluster...
2026-03-23 06:42:19,246 - INFO - 📈 Attempting to fetch timeseries data from cluster (best-effort)...
2026-03-23 06:43:39,665 - INFO - ✅ Found successful benchmark results despite cluster error!
2026-03-23 06:43:39,666 - INFO -    This is likely a cleanup error, not a benchmark failure.
2026-03-23 06:43:40,373 - INFO - 📁 Renaming directory: tp4-pp2-p4d_24xlarge-20260323_050157 -> tp4-pp2-p4d_24xlarge-20260323_050157-success
2026-03-23 06:43:40,382 - INFO - 📈 Plotting timeseries for successful experiment(s) after cluster error...
2026-03-23 06:43:40,450 - INFO - 🗑️  Tearing down rf-qwen3-32b-tp4pp2-A100-40gb...
