2026-03-25 12:32:20,997 - INFO - Results will be saved to: results/aws_p4de_A100_80gb/tp8-pp2-2x_p4de_24xlarge-20260325_123220
2026-03-25 12:32:20,997 - INFO - 📋 Copied benchmark_client.py to roofline_benchmarks/
2026-03-25 12:32:20,998 - INFO - 📋 Copied prometheus_parser.py to roofline_benchmarks/
2026-03-25 12:32:20,998 - INFO - 🚀 Launching rf-qwen3-32b-tp8pp2-A100-80gb...
2026-03-25 12:32:20,998 - INFO - YAML to run: roofline_benchmarks/rf-qwen3-32b-tp8pp2-A100-80gb.yaml
2026-03-25 12:32:20,998 - INFO - Running on cluster: rf-qwen3-32b-tp8pp2-A100-80gb
2026-03-25 12:32:21,702 - INFO - YAML to run: roofline_benchmarks/rf-qwen3-32b-tp8pp2-A100-80gb.yaml
2026-03-25 12:32:21,793 - INFO - Running on cluster: rf-qwen3-32b-tp8pp2-A100-80gb
2026-03-25 12:32:22,724 - INFO - [33mLaunching a spot job that does not automatically recover from preemptions. To get automatic recovery, use managed job instead: [0m[1msky jobs launch[0m [33mor[0m [1msky.jobs.launch()[0m.
2026-03-25 12:32:22,725 - INFO - Considered resources (2 nodes):
2026-03-25 12:32:40,124 - INFO - ---------------------------------------------------------------------------------------------------
2026-03-25 12:32:40,124 - INFO -  INFRA                   INSTANCE              vCPUs   Mem(GB)   GPUS          COST ($)   CHOSEN
2026-03-25 12:32:40,124 - INFO - ---------------------------------------------------------------------------------------------------
2026-03-25 12:32:40,124 - INFO -  AWS (ap-northeast-1a)   p4de.24xlarge[Spot]   96      1152      A100-80GB:8   19.80      [32m   ✔[0m
2026-03-25 12:32:40,124 - INFO - ---------------------------------------------------------------------------------------------------
2026-03-25 12:32:40,124 - INFO - sky.exceptions.ResourcesUnavailableError: [33mFound no quota for p4de.24xlarge spot instances in region ap-northeast-1 in AWS. [0mTo request quotas, check the instruction: https://docs.skypilot.co/en/latest/cloud-setup/quota.html.
2026-03-25 12:32:40,225 - INFO - 
2026-03-25 12:32:40,225 - INFO - [0m[33m↺[0m Trying other potential resources.
2026-03-25 12:32:40,225 - INFO - Considered resources (2 nodes):
2026-03-25 12:32:46,863 - INFO - -------------------------------------------------------------------------------------------------
2026-03-25 12:32:46,863 - INFO -  INFRA                 INSTANCE              vCPUs   Mem(GB)   GPUS          COST ($)   CHOSEN
2026-03-25 12:32:46,863 - INFO - -------------------------------------------------------------------------------------------------
2026-03-25 12:32:46,863 - INFO -  AWS (eu-central-1a)   p4de.24xlarge[Spot]   96      1152      A100-80GB:8   20.30      [32m   ✔[0m
2026-03-25 12:32:46,863 - INFO - -------------------------------------------------------------------------------------------------
2026-03-25 12:32:46,863 - INFO - sky.exceptions.ResourcesUnavailableError: [33mFound no quota for p4de.24xlarge spot instances in region eu-central-1 in AWS. [0mTo request quotas, check the instruction: https://docs.skypilot.co/en/latest/cloud-setup/quota.html.
2026-03-25 12:32:46,964 - INFO - 
2026-03-25 12:32:46,964 - INFO - [0m[33m↺[0m Trying other potential resources.
2026-03-25 12:32:46,964 - INFO - Considered resources (2 nodes):
2026-03-25 12:32:49,781 - INFO - ----------------------------------------------------------------------------------------------
2026-03-25 12:32:49,781 - INFO -  INFRA              INSTANCE              vCPUs   Mem(GB)   GPUS          COST ($)   CHOSEN
2026-03-25 12:32:49,781 - INFO - ----------------------------------------------------------------------------------------------
2026-03-25 12:32:49,781 - INFO -  AWS (us-west-2a)   p4de.24xlarge[Spot]   96      1152      A100-80GB:8   24.57      [32m   ✔[0m
2026-03-25 12:32:49,781 - INFO - ----------------------------------------------------------------------------------------------
2026-03-25 12:32:49,781 - INFO - [33mInstance type p4de.24xlarge supports up to 4 EFA interfaces, but `use_internal_ips` is not enabled.
2026-03-25 12:32:49,882 - INFO - Launching with the current configuration will use only 1 EFA interface.
2026-03-25 12:32:49,882 - INFO - To use all 4 EFA interfaces, enable internal IPs by adding one of the following configurations to SkyPilot config:
2026-03-25 12:32:49,882 - INFO - Option 1 (with SSM):
2026-03-25 12:32:49,882 - INFO -   aws:
2026-03-25 12:32:49,882 - INFO -     use_internal_ips: true
2026-03-25 12:32:49,882 - INFO -     use_ssm: true
2026-03-25 12:32:49,882 - INFO - Option 2 (with SSH proxy):
2026-03-25 12:32:49,882 - INFO -   aws:
2026-03-25 12:32:49,882 - INFO -     use_internal_ips: true
2026-03-25 12:32:49,882 - INFO -     ssh_proxy_command: ssh -W %h:%p -i <ssh key path> -o StrictHostKeyChecking=no <user>@<jump server public ip>
2026-03-25 12:32:49,882 - INFO - Refer to https://docs.skypilot.co/en/latest/reference/config.html#aws-use-internal-ips for more details.[0m
2026-03-25 12:32:49,882 - INFO - [0m⚙︎ Launching on AWS us-west-2[0m (us-west-2a).
2026-03-25 12:34:08,205 - INFO - [2mW 03-25 12:34:08.108 PID=1652500 instance.py:288] create_instances: Attempt failed with An error occurred (InsufficientInstanceCapacity) when calling the RunInstances operation (reached max retries: 0): We currently do not have sufficient p4de.24xlarge capacity in the Availability Zone you requested (us-west-2a). Our system will be working on provisioning additional capacity. You can currently get p4de.24xlarge capacity by not specifying an Availability Zone in your request or choosing us-west-2b, us-west-2c.[0m
2026-03-25 12:34:17,554 - INFO - AWS handler error: Failed to launch instances. Max attempts exceeded.
2026-03-25 12:34:17,655 - INFO - sky.exceptions.ResourcesUnavailableError: Failed to acquire resources in us-west-2a for {AWS(p4de.24xlarge[Spot], mem=64.0+, {'A100-80GB': 8}, network_tier=best, disk_size=500)}.
2026-03-25 12:34:17,756 - INFO - 
2026-03-25 12:34:17,756 - INFO - [0m[33m↺[0m Trying other potential resources.
2026-03-25 12:34:17,756 - INFO - Considered resources (2 nodes):
2026-03-25 12:34:21,874 - INFO - -------------------------------------------------------------------------------------------------
2026-03-25 12:34:21,874 - INFO -  INFRA                 INSTANCE              vCPUs   Mem(GB)   GPUS          COST ($)   CHOSEN
2026-03-25 12:34:21,874 - INFO - -------------------------------------------------------------------------------------------------
2026-03-25 12:34:21,874 - INFO -  AWS (eu-central-1c)   p4de.24xlarge[Spot]   96      1152      A100-80GB:8   26.88      [32m   ✔[0m
2026-03-25 12:34:21,874 - INFO - -------------------------------------------------------------------------------------------------
2026-03-25 12:34:21,874 - INFO - sky.exceptions.ResourcesUnavailableError: [33mFound no quota for p4de.24xlarge spot instances in region eu-central-1 in AWS. [0mTo request quotas, check the instruction: https://docs.skypilot.co/en/latest/cloud-setup/quota.html.
2026-03-25 12:34:22,076 - INFO - 
2026-03-25 12:34:22,076 - INFO - [0m[33m↺[0m Trying other potential resources.
2026-03-25 12:34:22,076 - INFO - Considered resources (2 nodes):
2026-03-25 12:34:23,384 - INFO - ----------------------------------------------------------------------------------------------
2026-03-25 12:34:23,385 - INFO -  INFRA              INSTANCE              vCPUs   Mem(GB)   GPUS          COST ($)   CHOSEN
2026-03-25 12:34:23,385 - INFO - ----------------------------------------------------------------------------------------------
2026-03-25 12:34:23,385 - INFO -  AWS (us-west-2c)   p4de.24xlarge[Spot]   96      1152      A100-80GB:8   29.77      [32m   ✔[0m
2026-03-25 12:34:23,385 - INFO - ----------------------------------------------------------------------------------------------
2026-03-25 12:34:23,385 - INFO - [33mInstance type p4de.24xlarge supports up to 4 EFA interfaces, but `use_internal_ips` is not enabled.
2026-03-25 12:35:06,006 - INFO - Launching with the current configuration will use only 1 EFA interface.
2026-03-25 12:35:06,006 - INFO - To use all 4 EFA interfaces, enable internal IPs by adding one of the following configurations to SkyPilot config:
2026-03-25 12:35:06,006 - INFO - Option 1 (with SSM):
2026-03-25 12:35:06,006 - INFO -   aws:
2026-03-25 12:35:06,006 - INFO -     use_internal_ips: true
2026-03-25 12:35:06,006 - INFO -     use_ssm: true
2026-03-25 12:35:06,006 - INFO - Option 2 (with SSH proxy):
2026-03-25 12:35:06,006 - INFO -   aws:
2026-03-25 12:35:06,006 - INFO -     use_internal_ips: true
2026-03-25 12:35:06,006 - INFO -     ssh_proxy_command: ssh -W %h:%p -i <ssh key path> -o StrictHostKeyChecking=no <user>@<jump server public ip>
2026-03-25 12:35:06,006 - INFO - Refer to https://docs.skypilot.co/en/latest/reference/config.html#aws-use-internal-ips for more details.[0m
2026-03-25 12:35:06,006 - INFO - [0m⚙︎ Launching on AWS us-west-2[0m (us-west-2c).
2026-03-25 12:35:06,006 - INFO - [2mW 03-25 12:35:05.942 PID=1652500 instance.py:288] create_instances: Attempt failed with An error occurred (InsufficientInstanceCapacity) when calling the RunInstances operation (reached max retries: 0): We currently do not have sufficient p4de.24xlarge capacity in the Availability Zone you requested (us-west-2c). Our system will be working on provisioning additional capacity. You can currently get p4de.24xlarge capacity by not specifying an Availability Zone in your request or choosing us-west-2a, us-west-2b.[0m
2026-03-25 12:35:11,740 - INFO - AWS handler error: Failed to launch instances. Max attempts exceeded.
2026-03-25 12:35:11,942 - INFO - sky.exceptions.ResourcesUnavailableError: Failed to acquire resources in us-west-2c for {AWS(p4de.24xlarge[Spot], mem=64.0+, {'A100-80GB': 8}, network_tier=best, disk_size=500)}.
2026-03-25 12:35:11,942 - INFO - 
2026-03-25 12:35:11,942 - INFO - [0m[33m↺[0m Trying other potential resources.
2026-03-25 12:35:11,942 - INFO - Considered resources (2 nodes):
2026-03-25 12:35:15,960 - INFO - ---------------------------------------------------------------------------------------------------
2026-03-25 12:35:15,960 - INFO -  INFRA                   INSTANCE              vCPUs   Mem(GB)   GPUS          COST ($)   CHOSEN
2026-03-25 12:35:15,960 - INFO - ---------------------------------------------------------------------------------------------------
2026-03-25 12:35:15,960 - INFO -  AWS (ap-northeast-1c)   p4de.24xlarge[Spot]   96      1152      A100-80GB:8   32.81      [32m   ✔[0m
2026-03-25 12:35:15,960 - INFO - ---------------------------------------------------------------------------------------------------
2026-03-25 12:35:15,960 - INFO - sky.exceptions.ResourcesUnavailableError: [33mFound no quota for p4de.24xlarge spot instances in region ap-northeast-1 in AWS. [0mTo request quotas, check the instruction: https://docs.skypilot.co/en/latest/cloud-setup/quota.html.
2026-03-25 12:35:16,061 - INFO - 
2026-03-25 12:35:16,061 - INFO - [0m[33m↺[0m Trying other potential resources.
2026-03-25 12:35:16,061 - INFO - Considered resources (2 nodes):
2026-03-25 12:35:16,618 - INFO - ----------------------------------------------------------------------------------------------
2026-03-25 12:35:16,618 - INFO -  INFRA              INSTANCE              vCPUs   Mem(GB)   GPUS          COST ($)   CHOSEN
2026-03-25 12:35:16,618 - INFO - ----------------------------------------------------------------------------------------------
2026-03-25 12:35:16,618 - INFO -  AWS (us-west-2b)   p4de.24xlarge[Spot]   96      1152      A100-80GB:8   33.39      [32m   ✔[0m
2026-03-25 12:35:16,618 - INFO - ----------------------------------------------------------------------------------------------
2026-03-25 12:35:16,618 - INFO - [33mInstance type p4de.24xlarge supports up to 4 EFA interfaces, but `use_internal_ips` is not enabled.
2026-03-25 12:35:16,819 - INFO - Launching with the current configuration will use only 1 EFA interface.
2026-03-25 12:35:16,819 - INFO - To use all 4 EFA interfaces, enable internal IPs by adding one of the following configurations to SkyPilot config:
2026-03-25 12:35:16,819 - INFO - Option 1 (with SSM):
2026-03-25 12:35:16,819 - INFO -   aws:
2026-03-25 12:35:16,819 - INFO -     use_internal_ips: true
2026-03-25 12:35:16,819 - INFO -     use_ssm: true
2026-03-25 12:35:16,819 - INFO - Option 2 (with SSH proxy):
2026-03-25 12:35:16,819 - INFO -   aws:
2026-03-25 12:35:16,820 - INFO -     use_internal_ips: true
2026-03-25 12:35:16,820 - INFO -     ssh_proxy_command: ssh -W %h:%p -i <ssh key path> -o StrictHostKeyChecking=no <user>@<jump server public ip>
2026-03-25 12:35:16,820 - INFO - Refer to https://docs.skypilot.co/en/latest/reference/config.html#aws-use-internal-ips for more details.[0m
2026-03-25 12:35:16,820 - INFO - [0m⚙︎ Launching on AWS us-west-2[0m (us-west-2b).
2026-03-25 12:36:20,242 - INFO - [2mW 03-25 12:36:20.198 PID=1652500 instance.py:288] create_instances: Attempt failed with An error occurred (InsufficientInstanceCapacity) when calling the RunInstances operation (reached max retries: 0): We currently do not have sufficient p4de.24xlarge capacity in the Availability Zone you requested (us-west-2b). Our system will be working on provisioning additional capacity. You can currently get p4de.24xlarge capacity by not specifying an Availability Zone in your request or choosing us-west-2a, us-west-2c.[0m
2026-03-25 12:36:30,994 - INFO - AWS handler error: Failed to launch instances. Max attempts exceeded.
2026-03-25 12:36:31,095 - INFO - sky.exceptions.ResourcesUnavailableError: Failed to acquire resources in us-west-2b for {AWS(p4de.24xlarge[Spot], mem=64.0+, {'A100-80GB': 8}, network_tier=best, disk_size=500)}.
2026-03-25 12:36:31,297 - INFO - 
2026-03-25 12:36:31,297 - INFO - [0m[33m↺[0m Trying other potential resources.
2026-03-25 12:36:31,297 - INFO - Considered resources (2 nodes):
2026-03-25 12:36:34,413 - INFO - ----------------------------------------------------------------------------------------------
2026-03-25 12:36:34,413 - INFO -  INFRA              INSTANCE              vCPUs   Mem(GB)   GPUS          COST ($)   CHOSEN
2026-03-25 12:36:34,413 - INFO - ----------------------------------------------------------------------------------------------
2026-03-25 12:36:34,413 - INFO -  AWS (us-east-1a)   p4de.24xlarge[Spot]   96      1152      A100-80GB:8   34.11      [32m   ✔[0m
2026-03-25 12:36:34,413 - INFO - ----------------------------------------------------------------------------------------------
2026-03-25 12:36:34,413 - INFO - [33mInstance type p4de.24xlarge supports up to 4 EFA interfaces, but `use_internal_ips` is not enabled.
2026-03-25 12:38:02,533 - INFO - Launching with the current configuration will use only 1 EFA interface.
2026-03-25 12:38:02,533 - INFO - To use all 4 EFA interfaces, enable internal IPs by adding one of the following configurations to SkyPilot config:
2026-03-25 12:38:02,533 - INFO - Option 1 (with SSM):
2026-03-25 12:38:02,533 - INFO -   aws:
2026-03-25 12:38:02,533 - INFO -     use_internal_ips: true
2026-03-25 12:38:02,533 - INFO -     use_ssm: true
2026-03-25 12:38:02,533 - INFO - Option 2 (with SSH proxy):
2026-03-25 12:38:02,533 - INFO -   aws:
2026-03-25 12:38:02,533 - INFO -     use_internal_ips: true
2026-03-25 12:38:02,533 - INFO -     ssh_proxy_command: ssh -W %h:%p -i <ssh key path> -o StrictHostKeyChecking=no <user>@<jump server public ip>
2026-03-25 12:38:02,533 - INFO - Refer to https://docs.skypilot.co/en/latest/reference/config.html#aws-use-internal-ips for more details.[0m
2026-03-25 12:38:02,533 - INFO - [0m⚙︎ Launching on AWS us-east-1[0m (us-east-1a).
2026-03-25 12:38:02,533 - INFO - [33mInstance type p4de.24xlarge supports up to 4 EFA interfaces, but `use_internal_ips` is not enabled.
2026-03-25 12:39:59,985 - INFO - Launching with the current configuration will use only 1 EFA interface.
2026-03-25 12:39:59,985 - INFO - To use all 4 EFA interfaces, enable internal IPs by adding one of the following configurations to SkyPilot config:
2026-03-25 12:39:59,985 - INFO - Option 1 (with SSM):
2026-03-25 12:39:59,985 - INFO -   aws:
2026-03-25 12:39:59,985 - INFO -     use_internal_ips: true
2026-03-25 12:39:59,985 - INFO -     use_ssm: true
2026-03-25 12:39:59,985 - INFO - Option 2 (with SSH proxy):
2026-03-25 12:39:59,985 - INFO -   aws:
2026-03-25 12:39:59,985 - INFO -     use_internal_ips: true
2026-03-25 12:39:59,985 - INFO -     ssh_proxy_command: ssh -W %h:%p -i <ssh key path> -o StrictHostKeyChecking=no <user>@<jump server public ip>
2026-03-25 12:39:59,985 - INFO - Refer to https://docs.skypilot.co/en/latest/reference/config.html#aws-use-internal-ips for more details.[0m
2026-03-25 12:39:59,985 - INFO - [2m└── [0m[2mInstances are up.[0m
2026-03-25 12:41:40,367 - INFO - [0m[32m✓ Cluster launched: rf-qwen3-32b-tp8pp2-A100-80gb.[0m[0m  [2mView logs: [1msky logs --provision rf-qwen3-32b-tp8pp2-A100-80gb[0m[0m
2026-03-25 12:41:40,468 - INFO - [0m⚙︎ Syncing files.
2026-03-25 12:41:40,569 - INFO -   [33mThe size of workdir '/home/orange/Desktop/tandemn/tandemn-profiling/roofline/vllm' is 437 MB. Try to keep workdir small or use .skyignore to exclude large files, as large sizes will slow down rsync.[0m
2026-03-25 12:50:19,323 - INFO -   [2mSyncing workdir (to 2 nodes): /home/orange/Desktop/tandemn/tandemn-profiling/roofline/vllm -> ~/sky_workdir[0m
2026-03-25 12:50:19,323 - INFO - [0m[32m✓ Synced workdir.[0m[0m  [2mView logs: sky api logs -l sky-2026-03-25-12-32-21-831793/workdir_sync.log[0m
2026-03-25 12:50:27,175 - INFO - [0m[32m✓ Setup detached.[0m[0m
2026-03-25 12:50:33,305 - INFO - [0m⚙︎ Job submitted, ID: 1
2026-03-25 12:50:47,397 - INFO - [2m├── [0m[2mWaiting for task resources on 2 nodes.[0m
2026-03-25 12:50:47,397 - INFO - [2m└── [0mJob started. Streaming logs... [2m(Ctrl-C to exit log streaming; job will not be killed)[0m
2026-03-25 12:50:47,397 - INFO - [36m(setup pid=6900)[0m + GPU_TYPE=A100_80gb
2026-03-25 12:50:47,397 - INFO - [36m(setup pid=6900)[0m + IS_A100=true
2026-03-25 12:50:47,397 - INFO - [36m(setup pid=6900)[0m + echo 'GPU Type: A100_80gb, Is A100: true'
2026-03-25 12:50:47,397 - INFO - [36m(setup pid=6900)[0m GPU Type: A100_80gb, Is A100: true
2026-03-25 12:50:47,397 - INFO - [36m(setup pid=6900)[0m + echo '=== Initial System Diagnostics ==='
2026-03-25 12:50:47,397 - INFO - [36m(setup pid=6900)[0m === Initial System Diagnostics ===
2026-03-25 12:50:48,001 - INFO - [36m(setup pid=6900)[0m + echo 'Checking for NVIDIA driver...'
2026-03-25 12:50:48,001 - INFO - [36m(setup pid=6900)[0m Checking for NVIDIA driver...
2026-03-25 12:50:48,001 - INFO - [36m(setup pid=6900)[0m + nvidia-smi
2026-03-25 12:50:48,001 - INFO - [36m(setup pid=6900)[0m Wed Mar 25 07:20:37 2026
2026-03-25 12:50:48,001 - INFO - [36m(setup pid=6900)[0m +-----------------------------------------------------------------------------------------+
2026-03-25 12:50:48,001 - INFO - [36m(setup pid=6900)[0m | NVIDIA-SMI 570.172.08             Driver Version: 570.172.08     CUDA Version: 12.8     |
2026-03-25 12:50:48,001 - INFO - [36m(setup pid=6900)[0m |-----------------------------------------+------------------------+----------------------+
2026-03-25 12:50:48,001 - INFO - [36m(setup pid=6900)[0m | GPU  Name                 Persistence-M | Bus-Id          Disp.A | Volatile Uncorr. ECC |
2026-03-25 12:50:48,001 - INFO - [36m(setup pid=6900)[0m | Fan  Temp   Perf          Pwr:Usage/Cap |           Memory-Usage | GPU-Util  Compute M. |
2026-03-25 12:50:48,001 - INFO - [36m(setup pid=6900)[0m |                                         |                        |               MIG M. |
2026-03-25 12:50:48,001 - INFO - [36m(setup pid=6900)[0m |=========================================+========================+======================|
2026-03-25 12:50:48,001 - INFO - [36m(setup pid=6900)[0m |   0  NVIDIA A100-SXM4-80GB          On  |   00000000:10:1C.0 Off |                    0 |
2026-03-25 12:50:48,001 - INFO - [36m(setup pid=6900)[0m | N/A   37C    P0             64W /  400W |       0MiB /  81920MiB |      0%      Default |
2026-03-25 12:50:48,001 - INFO - [36m(setup pid=6900)[0m |                                         |                        |             Disabled |
2026-03-25 12:50:48,001 - INFO - [36m(setup pid=6900)[0m +-----------------------------------------+------------------------+----------------------+
2026-03-25 12:50:48,001 - INFO - [36m(setup pid=6900)[0m |   1  NVIDIA A100-SXM4-80GB          On  |   00000000:10:1D.0 Off |                    0 |
2026-03-25 12:50:48,001 - INFO - [36m(setup pid=6900)[0m | N/A   34C    P0             61W /  400W |       0MiB /  81920MiB |      0%      Default |
2026-03-25 12:50:48,001 - INFO - [36m(setup pid=6900)[0m |                                         |                        |             Disabled |
2026-03-25 12:50:48,001 - INFO - [36m(setup pid=6900)[0m +-----------------------------------------+------------------------+----------------------+
2026-03-25 12:50:48,001 - INFO - [36m(setup pid=6900)[0m |   2  NVIDIA A100-SXM4-80GB          On  |   00000000:20:1C.0 Off |                    0 |
2026-03-25 12:50:48,001 - INFO - [36m(setup pid=6900)[0m | N/A   38C    P0             65W /  400W |       0MiB /  81920MiB |      0%      Default |
2026-03-25 12:50:48,001 - INFO - [36m(setup pid=6900)[0m |                                         |                        |             Disabled |
2026-03-25 12:50:48,001 - INFO - [36m(setup pid=6900)[0m +-----------------------------------------+------------------------+----------------------+
2026-03-25 12:50:48,001 - INFO - [36m(setup pid=6900)[0m |   3  NVIDIA A100-SXM4-80GB          On  |   00000000:20:1D.0 Off |                    0 |
2026-03-25 12:50:48,001 - INFO - [36m(setup pid=6900)[0m | N/A   34C    P0             62W /  400W |       0MiB /  81920MiB |      0%      Default |
2026-03-25 12:50:48,001 - INFO - [36m(setup pid=6900)[0m |                                         |                        |             Disabled |
2026-03-25 12:50:48,001 - INFO - [36m(setup pid=6900)[0m +-----------------------------------------+------------------------+----------------------+
2026-03-25 12:50:48,001 - INFO - [36m(setup pid=6900)[0m |   4  NVIDIA A100-SXM4-80GB          On  |   00000000:90:1C.0 Off |                    0 |
2026-03-25 12:50:48,001 - INFO - [36m(setup pid=6900)[0m | N/A   38C    P0             64W /  400W |       0MiB /  81920MiB |      0%      Default |
2026-03-25 12:50:48,001 - INFO - [36m(setup pid=6900)[0m |                                         |                        |             Disabled |
2026-03-25 12:50:48,002 - INFO - [36m(setup pid=6900)[0m +-----------------------------------------+------------------------+----------------------+
2026-03-25 12:50:48,002 - INFO - [36m(setup pid=6900)[0m |   5  NVIDIA A100-SXM4-80GB          On  |   00000000:90:1D.0 Off |                    0 |
2026-03-25 12:50:48,002 - INFO - [36m(setup pid=6900)[0m | N/A   36C    P0             63W /  400W |       0MiB /  81920MiB |      0%      Default |
2026-03-25 12:50:48,002 - INFO - [36m(setup pid=6900)[0m |                                         |                        |             Disabled |
2026-03-25 12:50:48,002 - INFO - [36m(setup pid=6900)[0m +-----------------------------------------+------------------------+----------------------+
2026-03-25 12:50:48,002 - INFO - [36m(setup pid=6900)[0m |   6  NVIDIA A100-SXM4-80GB          On  |   00000000:A0:1C.0 Off |                    0 |
2026-03-25 12:50:48,002 - INFO - [36m(setup pid=6900)[0m | N/A   38C    P0             64W /  400W |       0MiB /  81920MiB |      0%      Default |
2026-03-25 12:50:48,002 - INFO - [36m(setup pid=6900)[0m |                                         |                        |             Disabled |
2026-03-25 12:50:48,002 - INFO - [36m(setup pid=6900)[0m +-----------------------------------------+------------------------+----------------------+
2026-03-25 12:50:48,002 - INFO - [36m(setup pid=6900)[0m |   7  NVIDIA A100-SXM4-80GB          On  |   00000000:A0:1D.0 Off |                    0 |
2026-03-25 12:50:48,002 - INFO - [36m(setup pid=6900)[0m | N/A   37C    P0             64W /  400W |       0MiB /  81920MiB |      0%      Default |
2026-03-25 12:50:48,002 - INFO - [36m(setup pid=6900)[0m |                                         |                        |             Disabled |
2026-03-25 12:50:48,002 - INFO - [36m(setup pid=6900)[0m +-----------------------------------------+------------------------+----------------------+
2026-03-25 12:50:48,002 - INFO - [36m(setup pid=6900)[0m
2026-03-25 12:50:48,002 - INFO - [36m(setup pid=6900)[0m +-----------------------------------------------------------------------------------------+
2026-03-25 12:50:48,002 - INFO - [36m(setup pid=6900)[0m | Processes:                                                                              |
2026-03-25 12:50:48,002 - INFO - [36m(setup pid=6900)[0m |  GPU   GI   CI              PID   Type   Process name                        GPU Memory |
2026-03-25 12:50:48,002 - INFO - [36m(setup pid=6900)[0m |        ID   ID                                                               Usage      |
2026-03-25 12:50:48,002 - INFO - [36m(setup pid=6900)[0m |=========================================================================================|
2026-03-25 12:50:48,002 - INFO - [36m(setup pid=6900)[0m |  No running processes found                                                             |
2026-03-25 12:50:48,002 - INFO - [36m(setup pid=6900)[0m +-----------------------------------------------------------------------------------------+
2026-03-25 12:50:48,002 - INFO - [36m(setup pid=5444, ip=172.31.36.113)[0m + GPU_TYPE=A100_80gb
2026-03-25 12:50:48,002 - INFO - [36m(setup pid=5444, ip=172.31.36.113)[0m + IS_A100=true
2026-03-25 12:50:48,002 - INFO - [36m(setup pid=5444, ip=172.31.36.113)[0m + echo 'GPU Type: A100_80gb, Is A100: true'
2026-03-25 12:50:48,002 - INFO - [36m(setup pid=5444, ip=172.31.36.113)[0m GPU Type: A100_80gb, Is A100: true
2026-03-25 12:50:48,002 - INFO - [36m(setup pid=5444, ip=172.31.36.113)[0m + echo '=== Initial System Diagnostics ==='
2026-03-25 12:50:48,002 - INFO - [36m(setup pid=5444, ip=172.31.36.113)[0m === Initial System Diagnostics ===
2026-03-25 12:50:48,002 - INFO - [36m(setup pid=5444, ip=172.31.36.113)[0m + echo 'Checking for NVIDIA driver...'
2026-03-25 12:50:48,002 - INFO - [36m(setup pid=5444, ip=172.31.36.113)[0m Checking for NVIDIA driver...
2026-03-25 12:50:48,002 - INFO - [36m(setup pid=5444, ip=172.31.36.113)[0m + nvidia-smi
2026-03-25 12:50:48,002 - INFO - [36m(setup pid=5444, ip=172.31.36.113)[0m Wed Mar 25 07:20:37 2026
2026-03-25 12:50:48,002 - INFO - [36m(setup pid=5444, ip=172.31.36.113)[0m +-----------------------------------------------------------------------------------------+
2026-03-25 12:50:48,002 - INFO - [36m(setup pid=5444, ip=172.31.36.113)[0m | NVIDIA-SMI 570.172.08             Driver Version: 570.172.08     CUDA Version: 12.8     |
2026-03-25 12:50:48,002 - INFO - [36m(setup pid=5444, ip=172.31.36.113)[0m |-----------------------------------------+------------------------+----------------------+
2026-03-25 12:50:48,002 - INFO - [36m(setup pid=5444, ip=172.31.36.113)[0m | GPU  Name                 Persistence-M | Bus-Id          Disp.A | Volatile Uncorr. ECC |
2026-03-25 12:50:48,002 - INFO - [36m(setup pid=5444, ip=172.31.36.113)[0m | Fan  Temp   Perf          Pwr:Usage/Cap |           Memory-Usage | GPU-Util  Compute M. |
2026-03-25 12:50:48,002 - INFO - [36m(setup pid=5444, ip=172.31.36.113)[0m |                                         |                        |               MIG M. |
2026-03-25 12:50:48,002 - INFO - [36m(setup pid=5444, ip=172.31.36.113)[0m |=========================================+========================+======================|
2026-03-25 12:50:48,002 - INFO - [36m(setup pid=5444, ip=172.31.36.113)[0m |   0  NVIDIA A100-SXM4-80GB          On  |   00000000:10:1C.0 Off |                    0 |
2026-03-25 12:50:48,002 - INFO - [36m(setup pid=5444, ip=172.31.36.113)[0m | N/A   39C    P0             66W /  400W |       0MiB /  81920MiB |      0%      Default |
2026-03-25 12:50:48,002 - INFO - [36m(setup pid=5444, ip=172.31.36.113)[0m |                                         |                        |             Disabled |
2026-03-25 12:50:48,002 - INFO - [36m(setup pid=5444, ip=172.31.36.113)[0m +-----------------------------------------+------------------------+----------------------+
2026-03-25 12:50:48,002 - INFO - [36m(setup pid=5444, ip=172.31.36.113)[0m |   1  NVIDIA A100-SXM4-80GB          On  |   00000000:10:1D.0 Off |                    0 |
2026-03-25 12:50:48,002 - INFO - [36m(setup pid=5444, ip=172.31.36.113)[0m | N/A   36C    P0             67W /  400W |       0MiB /  81920MiB |      0%      Default |
2026-03-25 12:50:48,002 - INFO - [36m(setup pid=5444, ip=172.31.36.113)[0m |                                         |                        |             Disabled |
2026-03-25 12:50:48,002 - INFO - [36m(setup pid=5444, ip=172.31.36.113)[0m +-----------------------------------------+------------------------+----------------------+
2026-03-25 12:50:48,002 - INFO - [36m(setup pid=5444, ip=172.31.36.113)[0m |   2  NVIDIA A100-SXM4-80GB          On  |   00000000:20:1C.0 Off |                    0 |
2026-03-25 12:50:48,002 - INFO - [36m(setup pid=5444, ip=172.31.36.113)[0m | N/A   39C    P0             64W /  400W |       0MiB /  81920MiB |      0%      Default |
2026-03-25 12:50:48,002 - INFO - [36m(setup pid=5444, ip=172.31.36.113)[0m |                                         |                        |             Disabled |
2026-03-25 12:50:48,002 - INFO - [36m(setup pid=5444, ip=172.31.36.113)[0m +-----------------------------------------+------------------------+----------------------+
2026-03-25 12:50:48,002 - INFO - [36m(setup pid=5444, ip=172.31.36.113)[0m |   3  NVIDIA A100-SXM4-80GB          On  |   00000000:20:1D.0 Off |                    0 |
2026-03-25 12:50:48,002 - INFO - [36m(setup pid=5444, ip=172.31.36.113)[0m | N/A   36C    P0             65W /  400W |       0MiB /  81920MiB |      0%      Default |
2026-03-25 12:50:48,002 - INFO - [36m(setup pid=5444, ip=172.31.36.113)[0m |                                         |                        |             Disabled |
2026-03-25 12:50:48,002 - INFO - [36m(setup pid=5444, ip=172.31.36.113)[0m +-----------------------------------------+------------------------+----------------------+
2026-03-25 12:50:48,002 - INFO - [36m(setup pid=5444, ip=172.31.36.113)[0m |   4  NVIDIA A100-SXM4-80GB          On  |   00000000:90:1C.0 Off |                    0 |
2026-03-25 12:50:48,002 - INFO - [36m(setup pid=5444, ip=172.31.36.113)[0m | N/A   38C    P0             64W /  400W |       0MiB /  81920MiB |      0%      Default |
2026-03-25 12:50:48,002 - INFO - [36m(setup pid=5444, ip=172.31.36.113)[0m |                                         |                        |             Disabled |
2026-03-25 12:50:48,002 - INFO - [36m(setup pid=5444, ip=172.31.36.113)[0m +-----------------------------------------+------------------------+----------------------+
2026-03-25 12:50:48,002 - INFO - [36m(setup pid=5444, ip=172.31.36.113)[0m |   5  NVIDIA A100-SXM4-80GB          On  |   00000000:90:1D.0 Off |                    0 |
2026-03-25 12:50:48,002 - INFO - [36m(setup pid=5444, ip=172.31.36.113)[0m | N/A   35C    P0             60W /  400W |       0MiB /  81920MiB |      0%      Default |
2026-03-25 12:50:48,002 - INFO - [36m(setup pid=5444, ip=172.31.36.113)[0m |                                         |                        |             Disabled |
2026-03-25 12:50:48,002 - INFO - [36m(setup pid=5444, ip=172.31.36.113)[0m +-----------------------------------------+------------------------+----------------------+
2026-03-25 12:50:48,002 - INFO - [36m(setup pid=5444, ip=172.31.36.113)[0m |   6  NVIDIA A100-SXM4-80GB          On  |   00000000:A0:1C.0 Off |                    0 |
2026-03-25 12:50:48,002 - INFO - [36m(setup pid=5444, ip=172.31.36.113)[0m | N/A   40C    P0             63W /  400W |       0MiB /  81920MiB |      0%      Default |
2026-03-25 12:50:48,002 - INFO - [36m(setup pid=5444, ip=172.31.36.113)[0m |                                         |                        |             Disabled |
2026-03-25 12:50:48,002 - INFO - [36m(setup pid=5444, ip=172.31.36.113)[0m +-----------------------------------------+------------------------+----------------------+
2026-03-25 12:50:48,002 - INFO - [36m(setup pid=5444, ip=172.31.36.113)[0m |   7  NVIDIA A100-SXM4-80GB          On  |   00000000:A0:1D.0 Off |                    0 |
2026-03-25 12:50:48,002 - INFO - [36m(setup pid=5444, ip=172.31.36.113)[0m | N/A   37C    P0             66W /  400W |       0MiB /  81920MiB |      0%      Default |
2026-03-25 12:50:48,002 - INFO - [36m(setup pid=5444, ip=172.31.36.113)[0m |                                         |                        |             Disabled |
2026-03-25 12:50:48,002 - INFO - [36m(setup pid=5444, ip=172.31.36.113)[0m +-----------------------------------------+------------------------+----------------------+
2026-03-25 12:50:48,303 - INFO - [36m(setup pid=5444, ip=172.31.36.113)[0m
2026-03-25 12:50:48,303 - INFO - [36m(setup pid=5444, ip=172.31.36.113)[0m +-----------------------------------------------------------------------------------------+
2026-03-25 12:50:48,303 - INFO - [36m(setup pid=5444, ip=172.31.36.113)[0m | Processes:                                                                              |
2026-03-25 12:50:48,303 - INFO - [36m(setup pid=5444, ip=172.31.36.113)[0m |  GPU   GI   CI              PID   Type   Process name                        GPU Memory |
2026-03-25 12:50:48,303 - INFO - [36m(setup pid=5444, ip=172.31.36.113)[0m |        ID   ID                                                               Usage      |
2026-03-25 12:50:48,303 - INFO - [36m(setup pid=5444, ip=172.31.36.113)[0m |=========================================================================================|
2026-03-25 12:50:48,303 - INFO - [36m(setup pid=5444, ip=172.31.36.113)[0m |  No running processes found                                                             |
2026-03-25 12:50:48,303 - INFO - [36m(setup pid=5444, ip=172.31.36.113)[0m +-----------------------------------------------------------------------------------------+
2026-03-25 12:50:48,303 - INFO - [36m(setup pid=6900)[0m + echo 'Checking CUDA libraries...'
2026-03-25 12:50:48,303 - INFO - [36m(setup pid=6900)[0m Checking CUDA libraries...
2026-03-25 12:50:48,303 - INFO - [36m(setup pid=6900)[0m + ldconfig -p
2026-03-25 12:50:48,303 - INFO - [36m(setup pid=6900)[0m + grep --color=auto cuda
2026-03-25 12:50:48,303 - INFO - [36m(setup pid=6900)[0m 	libnvrtc.so.12 (libc6,x86-64) => /usr/local/cuda-12.4/targets/x86_64-linux/lib/libnvrtc.so.12
2026-03-25 12:50:48,303 - INFO - [36m(setup pid=6900)[0m 	libnvrtc.so.12 (libc6,x86-64) => /usr/local/cuda-12.5/targets/x86_64-linux/lib/libnvrtc.so.12
2026-03-25 12:50:48,303 - INFO - [36m(setup pid=6900)[0m 	libnvrtc.so.12 (libc6,x86-64) => /usr/local/cuda-12.6/targets/x86_64-linux/lib/libnvrtc.so.12
2026-03-25 12:50:48,303 - INFO - [36m(setup pid=6900)[0m 	libnvrtc.so.12 (libc6,x86-64) => /usr/local/cuda-12.8/targets/x86_64-linux/lib/libnvrtc.so.12
2026-03-25 12:50:48,606 - INFO - [36m(setup pid=6900)[0m 	libnvrtc.so (libc6,x86-64) => /usr/local/cuda-12.4/targets/x86_64-linux/lib/libnvrtc.so
2026-03-25 12:50:48,606 - INFO - [36m(setup pid=6900)[0m 	libnvrtc.so (libc6,x86-64) => /usr/local/cuda-12.5/targets/x86_64-linux/lib/libnvrtc.so
2026-03-25 12:50:48,606 - INFO - [36m(setup pid=6900)[0m 	libnvrtc.so (libc6,x86-64) => /usr/local/cuda-12.6/targets/x86_64-linux/lib/libnvrtc.so
2026-03-25 12:50:48,606 - INFO - [36m(setup pid=6900)[0m 	libnvrtc.so (libc6,x86-64) => /usr/local/cuda-12.8/targets/x86_64-linux/lib/libnvrtc.so
2026-03-25 12:50:48,606 - INFO - [36m(setup pid=6900)[0m 	libnvrtc.alt.so.12 (libc6,x86-64) => /usr/local/cuda-12.8/targets/x86_64-linux/lib/libnvrtc.alt.so.12
2026-03-25 12:50:48,606 - INFO - [36m(setup pid=6900)[0m 	libnvrtc.alt.so (libc6,x86-64) => /usr/local/cuda-12.8/targets/x86_64-linux/lib/libnvrtc.alt.so
2026-03-25 12:50:48,606 - INFO - [36m(setup pid=6900)[0m 	libnvrtc-builtins.so.12.8 (libc6,x86-64) => /usr/local/cuda-12.8/targets/x86_64-linux/lib/libnvrtc-builtins.so.12.8
2026-03-25 12:50:48,606 - INFO - [36m(setup pid=6900)[0m 	libnvrtc-builtins.so.12.6 (libc6,x86-64) => /usr/local/cuda-12.6/targets/x86_64-linux/lib/libnvrtc-builtins.so.12.6
2026-03-25 12:50:48,606 - INFO - [36m(setup pid=6900)[0m 	libnvrtc-builtins.so.12.5 (libc6,x86-64) => /usr/local/cuda-12.5/targets/x86_64-linux/lib/libnvrtc-builtins.so.12.5
2026-03-25 12:50:48,606 - INFO - [36m(setup pid=6900)[0m 	libnvrtc-builtins.so.12.4 (libc6,x86-64) => /usr/local/cuda-12.4/targets/x86_64-linux/lib/libnvrtc-builtins.so.12.4
2026-03-25 12:50:48,606 - INFO - [36m(setup pid=6900)[0m 	libnvrtc-builtins.so (libc6,x86-64) => /usr/local/cuda-12.4/targets/x86_64-linux/lib/libnvrtc-builtins.so
2026-03-25 12:50:48,606 - INFO - [36m(setup pid=6900)[0m 	libnvrtc-builtins.so (libc6,x86-64) => /usr/local/cuda-12.5/targets/x86_64-linux/lib/libnvrtc-builtins.so
2026-03-25 12:50:48,606 - INFO - [36m(setup pid=6900)[0m 	libnvrtc-builtins.so (libc6,x86-64) => /usr/local/cuda-12.6/targets/x86_64-linux/lib/libnvrtc-builtins.so
2026-03-25 12:50:48,606 - INFO - [36m(setup pid=6900)[0m 	libnvrtc-builtins.so (libc6,x86-64) => /usr/local/cuda-12.8/targets/x86_64-linux/lib/libnvrtc-builtins.so
2026-03-25 12:50:48,606 - INFO - [36m(setup pid=6900)[0m 	libnvrtc-builtins.alt.so.12.8 (libc6,x86-64) => /usr/local/cuda-12.8/targets/x86_64-linux/lib/libnvrtc-builtins.alt.so.12.8
2026-03-25 12:50:48,606 - INFO - [36m(setup pid=6900)[0m 	libnvrtc-builtins.alt.so (libc6,x86-64) => /usr/local/cuda-12.8/targets/x86_64-linux/lib/libnvrtc-builtins.alt.so
2026-03-25 12:50:48,606 - INFO - [36m(setup pid=6900)[0m 	libnvjpeg.so.12 (libc6,x86-64) => /usr/local/cuda-12.4/targets/x86_64-linux/lib/libnvjpeg.so.12
2026-03-25 12:50:48,606 - INFO - [36m(setup pid=6900)[0m 	libnvjpeg.so.12 (libc6,x86-64) => /usr/local/cuda-12.5/targets/x86_64-linux/lib/libnvjpeg.so.12
2026-03-25 12:50:48,606 - INFO - [36m(setup pid=6900)[0m 	libnvjpeg.so.12 (libc6,x86-64) => /usr/local/cuda-12.6/targets/x86_64-linux/lib/libnvjpeg.so.12
2026-03-25 12:50:48,606 - INFO - [36m(setup pid=6900)[0m 	libnvjpeg.so.12 (libc6,x86-64) => /usr/local/cuda-12.8/targets/x86_64-linux/lib/libnvjpeg.so.12
2026-03-25 12:50:48,606 - INFO - [36m(setup pid=6900)[0m 	libnvjpeg.so (libc6,x86-64) => /usr/local/cuda-12.4/targets/x86_64-linux/lib/libnvjpeg.so
2026-03-25 12:50:48,606 - INFO - [36m(setup pid=6900)[0m 	libnvjpeg.so (libc6,x86-64) => /usr/local/cuda-12.5/targets/x86_64-linux/lib/libnvjpeg.so
2026-03-25 12:50:48,606 - INFO - [36m(setup pid=6900)[0m 	libnvjpeg.so (libc6,x86-64) => /usr/local/cuda-12.6/targets/x86_64-linux/lib/libnvjpeg.so
2026-03-25 12:50:48,606 - INFO - [36m(setup pid=6900)[0m 	libnvjpeg.so (libc6,x86-64) => /usr/local/cuda-12.8/targets/x86_64-linux/lib/libnvjpeg.so
2026-03-25 12:50:48,606 - INFO - [36m(setup pid=6900)[0m 	libnvfatbin.so.12 (libc6,x86-64) => /usr/local/cuda-12.4/targets/x86_64-linux/lib/libnvfatbin.so.12
2026-03-25 12:50:48,606 - INFO - [36m(setup pid=6900)[0m 	libnvfatbin.so.12 (libc6,x86-64) => /usr/local/cuda-12.5/targets/x86_64-linux/lib/libnvfatbin.so.12
2026-03-25 12:50:48,606 - INFO - [36m(setup pid=6900)[0m 	libnvfatbin.so.12 (libc6,x86-64) => /usr/local/cuda-12.6/targets/x86_64-linux/lib/libnvfatbin.so.12
2026-03-25 12:50:48,606 - INFO - [36m(setup pid=6900)[0m 	libnvfatbin.so.12 (libc6,x86-64) => /usr/local/cuda-12.8/targets/x86_64-linux/lib/libnvfatbin.so.12
2026-03-25 12:50:48,606 - INFO - [36m(setup pid=6900)[0m 	libnvfatbin.so (libc6,x86-64) => /usr/local/cuda-12.4/targets/x86_64-linux/lib/libnvfatbin.so
2026-03-25 12:50:48,606 - INFO - [36m(setup pid=6900)[0m 	libnvfatbin.so (libc6,x86-64) => /usr/local/cuda-12.5/targets/x86_64-linux/lib/libnvfatbin.so
2026-03-25 12:50:48,606 - INFO - [36m(setup pid=6900)[0m 	libnvfatbin.so (libc6,x86-64) => /usr/local/cuda-12.6/targets/x86_64-linux/lib/libnvfatbin.so
2026-03-25 12:50:48,606 - INFO - [36m(setup pid=6900)[0m 	libnvfatbin.so (libc6,x86-64) => /usr/local/cuda-12.8/targets/x86_64-linux/lib/libnvfatbin.so
2026-03-25 12:50:48,606 - INFO - [36m(setup pid=6900)[0m 	libnvblas.so.12 (libc6,x86-64) => /usr/local/cuda-12.4/targets/x86_64-linux/lib/libnvblas.so.12
2026-03-25 12:50:48,606 - INFO - [36m(setup pid=6900)[0m 	libnvblas.so.12 (libc6,x86-64) => /usr/local/cuda-12.5/targets/x86_64-linux/lib/libnvblas.so.12
2026-03-25 12:50:48,606 - INFO - [36m(setup pid=6900)[0m 	libnvblas.so.12 (libc6,x86-64) => /usr/local/cuda-12.6/targets/x86_64-linux/lib/libnvblas.so.12
2026-03-25 12:50:48,606 - INFO - [36m(setup pid=6900)[0m 	libnvblas.so.12 (libc6,x86-64) => /usr/local/cuda-12.8/targets/x86_64-linux/lib/libnvblas.so.12
2026-03-25 12:50:48,606 - INFO - [36m(setup pid=6900)[0m 	libnvblas.so (libc6,x86-64) => /usr/local/cuda-12.4/targets/x86_64-linux/lib/libnvblas.so
2026-03-25 12:50:48,606 - INFO - [36m(setup pid=6900)[0m 	libnvblas.so (libc6,x86-64) => /usr/local/cuda-12.5/targets/x86_64-linux/lib/libnvblas.so
2026-03-25 12:50:48,606 - INFO - [36m(setup pid=6900)[0m 	libnvblas.so (libc6,x86-64) => /usr/local/cuda-12.6/targets/x86_64-linux/lib/libnvblas.so
2026-03-25 12:50:48,606 - INFO - [36m(setup pid=6900)[0m 	libnvblas.so (libc6,x86-64) => /usr/local/cuda-12.8/targets/x86_64-linux/lib/libnvblas.so
2026-03-25 12:50:48,606 - INFO - [36m(setup pid=6900)[0m 	libnvToolsExt.so.1 (libc6,x86-64) => /usr/local/cuda-12.4/targets/x86_64-linux/lib/libnvToolsExt.so.1
2026-03-25 12:50:48,607 - INFO - [36m(setup pid=6900)[0m 	libnvToolsExt.so.1 (libc6,x86-64) => /usr/local/cuda-12.5/targets/x86_64-linux/lib/libnvToolsExt.so.1
2026-03-25 12:50:48,607 - INFO - [36m(setup pid=6900)[0m 	libnvToolsExt.so.1 (libc6,x86-64) => /usr/local/cuda-12.6/targets/x86_64-linux/lib/libnvToolsExt.so.1
2026-03-25 12:50:48,607 - INFO - [36m(setup pid=6900)[0m 	libnvToolsExt.so.1 (libc6,x86-64) => /usr/local/cuda-12.8/targets/x86_64-linux/lib/libnvToolsExt.so.1
2026-03-25 12:50:48,607 - INFO - [36m(setup pid=6900)[0m 	libnvToolsExt.so (libc6,x86-64) => /usr/local/cuda-12.4/targets/x86_64-linux/lib/libnvToolsExt.so
2026-03-25 12:50:48,607 - INFO - [36m(setup pid=6900)[0m 	libnvToolsExt.so (libc6,x86-64) => /usr/local/cuda-12.5/targets/x86_64-linux/lib/libnvToolsExt.so
2026-03-25 12:50:48,607 - INFO - [36m(setup pid=6900)[0m 	libnvToolsExt.so (libc6,x86-64) => /usr/local/cuda-12.6/targets/x86_64-linux/lib/libnvToolsExt.so
2026-03-25 12:50:48,607 - INFO - [36m(setup pid=6900)[0m 	libnvToolsExt.so (libc6,x86-64) => /usr/local/cuda-12.8/targets/x86_64-linux/lib/libnvToolsExt.so
2026-03-25 12:50:48,607 - INFO - [36m(setup pid=6900)[0m 	libnvJitLink.so.12 (libc6,x86-64) => /usr/local/cuda-12.4/targets/x86_64-linux/lib/libnvJitLink.so.12
2026-03-25 12:50:48,607 - INFO - [36m(setup pid=6900)[0m 	libnvJitLink.so.12 (libc6,x86-64) => /usr/local/cuda-12.5/targets/x86_64-linux/lib/libnvJitLink.so.12
2026-03-25 12:50:48,607 - INFO - [36m(setup pid=6900)[0m 	libnvJitLink.so.12 (libc6,x86-64) => /usr/local/cuda-12.6/targets/x86_64-linux/lib/libnvJitLink.so.12
2026-03-25 12:50:48,607 - INFO - [36m(setup pid=6900)[0m 	libnvJitLink.so.12 (libc6,x86-64) => /usr/local/cuda-12.8/targets/x86_64-linux/lib/libnvJitLink.so.12
2026-03-25 12:50:48,607 - INFO - [36m(setup pid=6900)[0m 	libnvJitLink.so (libc6,x86-64) => /usr/local/cuda-12.4/targets/x86_64-linux/lib/libnvJitLink.so
2026-03-25 12:50:48,607 - INFO - [36m(setup pid=6900)[0m 	libnvJitLink.so (libc6,x86-64) => /usr/local/cuda-12.5/targets/x86_64-linux/lib/libnvJitLink.so
2026-03-25 12:50:48,607 - INFO - [36m(setup pid=6900)[0m 	libnvJitLink.so (libc6,x86-64) => /usr/local/cuda-12.6/targets/x86_64-linux/lib/libnvJitLink.so
2026-03-25 12:50:48,607 - INFO - [36m(setup pid=6900)[0m 	libnvJitLink.so (libc6,x86-64) => /usr/local/cuda-12.8/targets/x86_64-linux/lib/libnvJitLink.so
2026-03-25 12:50:48,607 - INFO - [36m(setup pid=6900)[0m 	libnpps.so.12 (libc6,x86-64) => /usr/local/cuda-12.4/targets/x86_64-linux/lib/libnpps.so.12
2026-03-25 12:50:48,607 - INFO - [36m(setup pid=6900)[0m 	libnpps.so.12 (libc6,x86-64) => /usr/local/cuda-12.5/targets/x86_64-linux/lib/libnpps.so.12
2026-03-25 12:50:48,607 - INFO - [36m(setup pid=6900)[0m 	libnpps.so.12 (libc6,x86-64) => /usr/local/cuda-12.6/targets/x86_64-linux/lib/libnpps.so.12
2026-03-25 12:50:48,607 - INFO - [36m(setup pid=6900)[0m 	libnpps.so.12 (libc6,x86-64) => /usr/local/cuda-12.8/targets/x86_64-linux/lib/libnpps.so.12
2026-03-25 12:50:48,607 - INFO - [36m(setup pid=6900)[0m 	libnpps.so (libc6,x86-64) => /usr/local/cuda-12.4/targets/x86_64-linux/lib/libnpps.so
2026-03-25 12:50:48,607 - INFO - [36m(setup pid=6900)[0m 	libnpps.so (libc6,x86-64) => /usr/local/cuda-12.5/targets/x86_64-linux/lib/libnpps.so
2026-03-25 12:50:48,607 - INFO - [36m(setup pid=6900)[0m 	libnpps.so (libc6,x86-64) => /usr/local/cuda-12.6/targets/x86_64-linux/lib/libnpps.so
2026-03-25 12:50:48,607 - INFO - [36m(setup pid=6900)[0m 	libnpps.so (libc6,x86-64) => /usr/local/cuda-12.8/targets/x86_64-linux/lib/libnpps.so
2026-03-25 12:50:48,607 - INFO - [36m(setup pid=6900)[0m 	libnppitc.so.12 (libc6,x86-64) => /usr/local/cuda-12.4/targets/x86_64-linux/lib/libnppitc.so.12
2026-03-25 12:50:48,607 - INFO - [36m(setup pid=6900)[0m 	libnppitc.so.12 (libc6,x86-64) => /usr/local/cuda-12.5/targets/x86_64-linux/lib/libnppitc.so.12
2026-03-25 12:50:48,607 - INFO - [36m(setup pid=6900)[0m 	libnppitc.so.12 (libc6,x86-64) => /usr/local/cuda-12.6/targets/x86_64-linux/lib/libnppitc.so.12
2026-03-25 12:50:48,607 - INFO - [36m(setup pid=6900)[0m 	libnppitc.so.12 (libc6,x86-64) => /usr/local/cuda-12.8/targets/x86_64-linux/lib/libnppitc.so.12
2026-03-25 12:50:48,607 - INFO - [36m(setup pid=6900)[0m 	libnppitc.so (libc6,x86-64) => /usr/local/cuda-12.4/targets/x86_64-linux/lib/libnppitc.so
2026-03-25 12:50:48,607 - INFO - [36m(setup pid=6900)[0m 	libnppitc.so (libc6,x86-64) => /usr/local/cuda-12.5/targets/x86_64-linux/lib/libnppitc.so
2026-03-25 12:50:48,607 - INFO - [36m(setup pid=6900)[0m 	libnppitc.so (libc6,x86-64) => /usr/local/cuda-12.6/targets/x86_64-linux/lib/libnppitc.so
2026-03-25 12:50:48,607 - INFO - [36m(setup pid=6900)[0m 	libnppitc.so (libc6,x86-64) => /usr/local/cuda-12.8/targets/x86_64-linux/lib/libnppitc.so
2026-03-25 12:50:48,607 - INFO - [36m(setup pid=6900)[0m 	libnppisu.so.12 (libc6,x86-64) => /usr/local/cuda-12.4/targets/x86_64-linux/lib/libnppisu.so.12
2026-03-25 12:50:48,607 - INFO - [36m(setup pid=6900)[0m 	libnppisu.so.12 (libc6,x86-64) => /usr/local/cuda-12.5/targets/x86_64-linux/lib/libnppisu.so.12
2026-03-25 12:50:48,607 - INFO - [36m(setup pid=6900)[0m 	libnppisu.so.12 (libc6,x86-64) => /usr/local/cuda-12.6/targets/x86_64-linux/lib/libnppisu.so.12
2026-03-25 12:50:48,607 - INFO - [36m(setup pid=6900)[0m 	libnppisu.so.12 (libc6,x86-64) => /usr/local/cuda-12.8/targets/x86_64-linux/lib/libnppisu.so.12
2026-03-25 12:50:48,607 - INFO - [36m(setup pid=6900)[0m 	libnppisu.so (libc6,x86-64) => /usr/local/cuda-12.4/targets/x86_64-linux/lib/libnppisu.so
2026-03-25 12:50:48,607 - INFO - [36m(setup pid=6900)[0m 	libnppisu.so (libc6,x86-64) => /usr/local/cuda-12.5/targets/x86_64-linux/lib/libnppisu.so
2026-03-25 12:50:48,607 - INFO - [36m(setup pid=6900)[0m 	libnppisu.so (libc6,x86-64) => /usr/local/cuda-12.6/targets/x86_64-linux/lib/libnppisu.so
2026-03-25 12:50:48,607 - INFO - [36m(setup pid=6900)[0m 	libnppisu.so (libc6,x86-64) => /usr/local/cuda-12.8/targets/x86_64-linux/lib/libnppisu.so
2026-03-25 12:50:48,607 - INFO - [36m(setup pid=6900)[0m 	libnppist.so.12 (libc6,x86-64) => /usr/local/cuda-12.4/targets/x86_64-linux/lib/libnppist.so.12
2026-03-25 12:50:48,607 - INFO - [36m(setup pid=6900)[0m 	libnppist.so.12 (libc6,x86-64) => /usr/local/cuda-12.5/targets/x86_64-linux/lib/libnppist.so.12
2026-03-25 12:50:48,607 - INFO - [36m(setup pid=6900)[0m 	libnppist.so.12 (libc6,x86-64) => /usr/local/cuda-12.6/targets/x86_64-linux/lib/libnppist.so.12
2026-03-25 12:50:48,607 - INFO - [36m(setup pid=6900)[0m 	libnppist.so.12 (libc6,x86-64) => /usr/local/cuda-12.8/targets/x86_64-linux/lib/libnppist.so.12
2026-03-25 12:50:48,607 - INFO - [36m(setup pid=6900)[0m 	libnppist.so (libc6,x86-64) => /usr/local/cuda-12.4/targets/x86_64-linux/lib/libnppist.so
2026-03-25 12:50:48,607 - INFO - [36m(setup pid=6900)[0m 	libnppist.so (libc6,x86-64) => /usr/local/cuda-12.5/targets/x86_64-linux/lib/libnppist.so
2026-03-25 12:50:48,607 - INFO - [36m(setup pid=6900)[0m 	libnppist.so (libc6,x86-64) => /usr/local/cuda-12.6/targets/x86_64-linux/lib/libnppist.so
2026-03-25 12:50:48,607 - INFO - [36m(setup pid=6900)[0m 	libnppist.so (libc6,x86-64) => /usr/local/cuda-12.8/targets/x86_64-linux/lib/libnppist.so
2026-03-25 12:50:48,607 - INFO - [36m(setup pid=6900)[0m 	libnppim.so.12 (libc6,x86-64) => /usr/local/cuda-12.4/targets/x86_64-linux/lib/libnppim.so.12
2026-03-25 12:50:48,607 - INFO - [36m(setup pid=6900)[0m 	libnppim.so.12 (libc6,x86-64) => /usr/local/cuda-12.5/targets/x86_64-linux/lib/libnppim.so.12
2026-03-25 12:50:48,607 - INFO - [36m(setup pid=6900)[0m 	libnppim.so.12 (libc6,x86-64) => /usr/local/cuda-12.6/targets/x86_64-linux/lib/libnppim.so.12
2026-03-25 12:50:48,607 - INFO - [36m(setup pid=6900)[0m 	libnppim.so.12 (libc6,x86-64) => /usr/local/cuda-12.8/targets/x86_64-linux/lib/libnppim.so.12
2026-03-25 12:50:48,607 - INFO - [36m(setup pid=6900)[0m 	libnppim.so (libc6,x86-64) => /usr/local/cuda-12.4/targets/x86_64-linux/lib/libnppim.so
2026-03-25 12:50:48,607 - INFO - [36m(setup pid=6900)[0m 	libnppim.so (libc6,x86-64) => /usr/local/cuda-12.5/targets/x86_64-linux/lib/libnppim.so
2026-03-25 12:50:48,607 - INFO - [36m(setup pid=6900)[0m 	libnppim.so (libc6,x86-64) => /usr/local/cuda-12.6/targets/x86_64-linux/lib/libnppim.so
2026-03-25 12:50:48,607 - INFO - [36m(setup pid=6900)[0m 	libnppim.so (libc6,x86-64) => /usr/local/cuda-12.8/targets/x86_64-linux/lib/libnppim.so
2026-03-25 12:50:48,607 - INFO - [36m(setup pid=6900)[0m 	libnppig.so.12 (libc6,x86-64) => /usr/local/cuda-12.4/targets/x86_64-linux/lib/libnppig.so.12
2026-03-25 12:50:48,607 - INFO - [36m(setup pid=6900)[0m 	libnppig.so.12 (libc6,x86-64) => /usr/local/cuda-12.5/targets/x86_64-linux/lib/libnppig.so.12
2026-03-25 12:50:48,607 - INFO - [36m(setup pid=6900)[0m 	libnppig.so.12 (libc6,x86-64) => /usr/local/cuda-12.6/targets/x86_64-linux/lib/libnppig.so.12
2026-03-25 12:50:48,607 - INFO - [36m(setup pid=6900)[0m 	libnppig.so.12 (libc6,x86-64) => /usr/local/cuda-12.8/targets/x86_64-linux/lib/libnppig.so.12
2026-03-25 12:50:48,607 - INFO - [36m(setup pid=6900)[0m 	libnppig.so (libc6,x86-64) => /usr/local/cuda-12.4/targets/x86_64-linux/lib/libnppig.so
2026-03-25 12:50:48,607 - INFO - [36m(setup pid=6900)[0m 	libnppig.so (libc6,x86-64) => /usr/local/cuda-12.5/targets/x86_64-linux/lib/libnppig.so
2026-03-25 12:50:48,607 - INFO - [36m(setup pid=6900)[0m 	libnppig.so (libc6,x86-64) => /usr/local/cuda-12.6/targets/x86_64-linux/lib/libnppig.so
2026-03-25 12:50:48,607 - INFO - [36m(setup pid=6900)[0m 	libnppig.so (libc6,x86-64) => /usr/local/cuda-12.8/targets/x86_64-linux/lib/libnppig.so
2026-03-25 12:50:48,607 - INFO - [36m(setup pid=6900)[0m 	libnppif.so.12 (libc6,x86-64) => /usr/local/cuda-12.4/targets/x86_64-linux/lib/libnppif.so.12
2026-03-25 12:50:48,607 - INFO - [36m(setup pid=6900)[0m 	libnppif.so.12 (libc6,x86-64) => /usr/local/cuda-12.5/targets/x86_64-linux/lib/libnppif.so.12
2026-03-25 12:50:48,607 - INFO - [36m(setup pid=6900)[0m 	libnppif.so.12 (libc6,x86-64) => /usr/local/cuda-12.6/targets/x86_64-linux/lib/libnppif.so.12
2026-03-25 12:50:48,607 - INFO - [36m(setup pid=6900)[0m 	libnppif.so.12 (libc6,x86-64) => /usr/local/cuda-12.8/targets/x86_64-linux/lib/libnppif.so.12
2026-03-25 12:50:48,607 - INFO - [36m(setup pid=6900)[0m 	libnppif.so (libc6,x86-64) => /usr/local/cuda-12.4/targets/x86_64-linux/lib/libnppif.so
2026-03-25 12:50:48,607 - INFO - [36m(setup pid=6900)[0m 	libnppif.so (libc6,x86-64) => /usr/local/cuda-12.5/targets/x86_64-linux/lib/libnppif.so
2026-03-25 12:50:48,607 - INFO - [36m(setup pid=6900)[0m 	libnppif.so (libc6,x86-64) => /usr/local/cuda-12.6/targets/x86_64-linux/lib/libnppif.so
2026-03-25 12:50:48,607 - INFO - [36m(setup pid=6900)[0m 	libnppif.so (libc6,x86-64) => /usr/local/cuda-12.8/targets/x86_64-linux/lib/libnppif.so
2026-03-25 12:50:48,607 - INFO - [36m(setup pid=6900)[0m 	libnppidei.so.12 (libc6,x86-64) => /usr/local/cuda-12.4/targets/x86_64-linux/lib/libnppidei.so.12
2026-03-25 12:50:48,607 - INFO - [36m(setup pid=6900)[0m 	libnppidei.so.12 (libc6,x86-64) => /usr/local/cuda-12.5/targets/x86_64-linux/lib/libnppidei.so.12
2026-03-25 12:50:48,607 - INFO - [36m(setup pid=6900)[0m 	libnppidei.so.12 (libc6,x86-64) => /usr/local/cuda-12.6/targets/x86_64-linux/lib/libnppidei.so.12
2026-03-25 12:50:48,607 - INFO - [36m(setup pid=6900)[0m 	libnppidei.so.12 (libc6,x86-64) => /usr/local/cuda-12.8/targets/x86_64-linux/lib/libnppidei.so.12
2026-03-25 12:50:48,607 - INFO - [36m(setup pid=6900)[0m 	libnppidei.so (libc6,x86-64) => /usr/local/cuda-12.4/targets/x86_64-linux/lib/libnppidei.so
2026-03-25 12:50:48,607 - INFO - [36m(setup pid=6900)[0m 	libnppidei.so (libc6,x86-64) => /usr/local/cuda-12.5/targets/x86_64-linux/lib/libnppidei.so
2026-03-25 12:50:48,607 - INFO - [36m(setup pid=6900)[0m 	libnppidei.so (libc6,x86-64) => /usr/local/cuda-12.6/targets/x86_64-linux/lib/libnppidei.so
2026-03-25 12:50:48,607 - INFO - [36m(setup pid=6900)[0m 	libnppidei.so (libc6,x86-64) => /usr/local/cuda-12.8/targets/x86_64-linux/lib/libnppidei.so
2026-03-25 12:50:48,607 - INFO - [36m(setup pid=6900)[0m 	libnppicc.so.12 (libc6,x86-64) => /usr/local/cuda-12.4/targets/x86_64-linux/lib/libnppicc.so.12
2026-03-25 12:50:48,607 - INFO - [36m(setup pid=6900)[0m 	libnppicc.so.12 (libc6,x86-64) => /usr/local/cuda-12.5/targets/x86_64-linux/lib/libnppicc.so.12
2026-03-25 12:50:48,607 - INFO - [36m(setup pid=6900)[0m 	libnppicc.so.12 (libc6,x86-64) => /usr/local/cuda-12.6/targets/x86_64-linux/lib/libnppicc.so.12
2026-03-25 12:50:48,607 - INFO - [36m(setup pid=6900)[0m 	libnppicc.so.12 (libc6,x86-64) => /usr/local/cuda-12.8/targets/x86_64-linux/lib/libnppicc.so.12
2026-03-25 12:50:48,607 - INFO - [36m(setup pid=6900)[0m 	libnppicc.so (libc6,x86-64) => /usr/local/cuda-12.4/targets/x86_64-linux/lib/libnppicc.so
2026-03-25 12:50:48,607 - INFO - [36m(setup pid=6900)[0m 	libnppicc.so (libc6,x86-64) => /usr/local/cuda-12.5/targets/x86_64-linux/lib/libnppicc.so
2026-03-25 12:50:48,607 - INFO - [36m(setup pid=6900)[0m 	libnppicc.so (libc6,x86-64) => /usr/local/cuda-12.6/targets/x86_64-linux/lib/libnppicc.so
2026-03-25 12:50:48,607 - INFO - [36m(setup pid=6900)[0m 	libnppicc.so (libc6,x86-64) => /usr/local/cuda-12.8/targets/x86_64-linux/lib/libnppicc.so
2026-03-25 12:50:48,607 - INFO - [36m(setup pid=6900)[0m 	libnppial.so.12 (libc6,x86-64) => /usr/local/cuda-12.4/targets/x86_64-linux/lib/libnppial.so.12
2026-03-25 12:50:48,908 - INFO - [36m(setup pid=6900)[0m 	libnppial.so.12 (libc6,x86-64) => /usr/local/cuda-12.5/targets/x86_64-linux/lib/libnppial.so.12
2026-03-25 12:50:48,908 - INFO - [36m(setup pid=6900)[0m 	libnppial.so.12 (libc6,x86-64) => /usr/local/cuda-12.6/targets/x86_64-linux/lib/libnppial.so.12
2026-03-25 12:50:48,908 - INFO - [36m(setup pid=6900)[0m 	libnppial.so.12 (libc6,x86-64) => /usr/local/cuda-12.8/targets/x86_64-linux/lib/libnppial.so.12
2026-03-25 12:50:48,908 - INFO - [36m(setup pid=6900)[0m 	libnppial.so (libc6,x86-64) => /usr/local/cuda-12.4/targets/x86_64-linux/lib/libnppial.so
2026-03-25 12:50:48,908 - INFO - [36m(setup pid=6900)[0m 	libnppial.so (libc6,x86-64) => /usr/local/cuda-12.5/targets/x86_64-linux/lib/libnppial.so
2026-03-25 12:50:48,908 - INFO - [36m(setup pid=6900)[0m 	libnppial.so (libc6,x86-64) => /usr/local/cuda-12.6/targets/x86_64-linux/lib/libnppial.so
2026-03-25 12:50:48,908 - INFO - [36m(setup pid=6900)[0m 	libnppial.so (libc6,x86-64) => /usr/local/cuda-12.8/targets/x86_64-linux/lib/libnppial.so
2026-03-25 12:50:48,908 - INFO - [36m(setup pid=6900)[0m 	libnppc.so.12 (libc6,x86-64) => /usr/local/cuda-12.4/targets/x86_64-linux/lib/libnppc.so.12
2026-03-25 12:50:48,908 - INFO - [36m(setup pid=6900)[0m 	libnppc.so.12 (libc6,x86-64) => /usr/local/cuda-12.5/targets/x86_64-linux/lib/libnppc.so.12
2026-03-25 12:50:48,908 - INFO - [36m(setup pid=6900)[0m 	libnppc.so.12 (libc6,x86-64) => /usr/local/cuda-12.6/targets/x86_64-linux/lib/libnppc.so.12
2026-03-25 12:50:48,908 - INFO - [36m(setup pid=6900)[0m 	libnppc.so.12 (libc6,x86-64) => /usr/local/cuda-12.8/targets/x86_64-linux/lib/libnppc.so.12
2026-03-25 12:50:48,908 - INFO - [36m(setup pid=6900)[0m 	libnppc.so (libc6,x86-64) => /usr/local/cuda-12.4/targets/x86_64-linux/lib/libnppc.so
2026-03-25 12:50:48,908 - INFO - [36m(setup pid=6900)[0m 	libnppc.so (libc6,x86-64) => /usr/local/cuda-12.5/targets/x86_64-linux/lib/libnppc.so
2026-03-25 12:50:48,908 - INFO - [36m(setup pid=6900)[0m 	libnppc.so (libc6,x86-64) => /usr/local/cuda-12.6/targets/x86_64-linux/lib/libnppc.so
2026-03-25 12:50:48,908 - INFO - [36m(setup pid=6900)[0m 	libnppc.so (libc6,x86-64) => /usr/local/cuda-12.8/targets/x86_64-linux/lib/libnppc.so
2026-03-25 12:50:48,908 - INFO - [36m(setup pid=6900)[0m 	libicudata.so.70 (libc6,x86-64) => /lib/x86_64-linux-gnu/libicudata.so.70
2026-03-25 12:50:48,908 - INFO - [36m(setup pid=6900)[0m 	libcusparse.so.12 (libc6,x86-64) => /usr/local/cuda-12.4/targets/x86_64-linux/lib/libcusparse.so.12
2026-03-25 12:50:48,908 - INFO - [36m(setup pid=6900)[0m 	libcusparse.so.12 (libc6,x86-64) => /usr/local/cuda-12.5/targets/x86_64-linux/lib/libcusparse.so.12
2026-03-25 12:50:48,908 - INFO - [36m(setup pid=6900)[0m 	libcusparse.so.12 (libc6,x86-64) => /usr/local/cuda-12.6/targets/x86_64-linux/lib/libcusparse.so.12
2026-03-25 12:50:48,908 - INFO - [36m(setup pid=6900)[0m 	libcusparse.so.12 (libc6,x86-64) => /usr/local/cuda-12.8/targets/x86_64-linux/lib/libcusparse.so.12
2026-03-25 12:50:48,908 - INFO - [36m(setup pid=6900)[0m 	libcusparse.so (libc6,x86-64) => /usr/local/cuda-12.4/targets/x86_64-linux/lib/libcusparse.so
2026-03-25 12:50:48,908 - INFO - [36m(setup pid=6900)[0m 	libcusparse.so (libc6,x86-64) => /usr/local/cuda-12.5/targets/x86_64-linux/lib/libcusparse.so
2026-03-25 12:50:48,908 - INFO - [36m(setup pid=6900)[0m 	libcusparse.so (libc6,x86-64) => /usr/local/cuda-12.6/targets/x86_64-linux/lib/libcusparse.so
2026-03-25 12:50:48,908 - INFO - [36m(setup pid=6900)[0m 	libcusparse.so (libc6,x86-64) => /usr/local/cuda-12.8/targets/x86_64-linux/lib/libcusparse.so
2026-03-25 12:50:48,908 - INFO - [36m(setup pid=6900)[0m 	libcusolverMg.so.11 (libc6,x86-64) => /usr/local/cuda-12.4/targets/x86_64-linux/lib/libcusolverMg.so.11
2026-03-25 12:50:48,908 - INFO - [36m(setup pid=6900)[0m 	libcusolverMg.so.11 (libc6,x86-64) => /usr/local/cuda-12.5/targets/x86_64-linux/lib/libcusolverMg.so.11
2026-03-25 12:50:48,908 - INFO - [36m(setup pid=6900)[0m 	libcusolverMg.so.11 (libc6,x86-64) => /usr/local/cuda-12.6/targets/x86_64-linux/lib/libcusolverMg.so.11
2026-03-25 12:50:48,908 - INFO - [36m(setup pid=6900)[0m 	libcusolverMg.so.11 (libc6,x86-64) => /usr/local/cuda-12.8/targets/x86_64-linux/lib/libcusolverMg.so.11
2026-03-25 12:50:48,908 - INFO - [36m(setup pid=6900)[0m 	libcusolverMg.so (libc6,x86-64) => /usr/local/cuda-12.4/targets/x86_64-linux/lib/libcusolverMg.so
2026-03-25 12:50:48,908 - INFO - [36m(setup pid=6900)[0m 	libcusolverMg.so (libc6,x86-64) => /usr/local/cuda-12.5/targets/x86_64-linux/lib/libcusolverMg.so
2026-03-25 12:50:48,908 - INFO - [36m(setup pid=6900)[0m 	libcusolverMg.so (libc6,x86-64) => /usr/local/cuda-12.6/targets/x86_64-linux/lib/libcusolverMg.so
2026-03-25 12:50:48,908 - INFO - [36m(setup pid=6900)[0m 	libcusolverMg.so (libc6,x86-64) => /usr/local/cuda-12.8/targets/x86_64-linux/lib/libcusolverMg.so
2026-03-25 12:50:48,908 - INFO - [36m(setup pid=6900)[0m 	libcusolver.so.11 (libc6,x86-64) => /usr/local/cuda-12.4/targets/x86_64-linux/lib/libcusolver.so.11
2026-03-25 12:50:48,908 - INFO - [36m(setup pid=6900)[0m 	libcusolver.so.11 (libc6,x86-64) => /usr/local/cuda-12.5/targets/x86_64-linux/lib/libcusolver.so.11
2026-03-25 12:50:48,908 - INFO - [36m(setup pid=6900)[0m 	libcusolver.so.11 (libc6,x86-64) => /usr/local/cuda-12.6/targets/x86_64-linux/lib/libcusolver.so.11
2026-03-25 12:50:48,908 - INFO - [36m(setup pid=6900)[0m 	libcusolver.so.11 (libc6,x86-64) => /usr/local/cuda-12.8/targets/x86_64-linux/lib/libcusolver.so.11
2026-03-25 12:50:48,908 - INFO - [36m(setup pid=6900)[0m 	libcusolver.so (libc6,x86-64) => /usr/local/cuda-12.4/targets/x86_64-linux/lib/libcusolver.so
2026-03-25 12:50:48,908 - INFO - [36m(setup pid=6900)[0m 	libcusolver.so (libc6,x86-64) => /usr/local/cuda-12.5/targets/x86_64-linux/lib/libcusolver.so
2026-03-25 12:50:48,908 - INFO - [36m(setup pid=6900)[0m 	libcusolver.so (libc6,x86-64) => /usr/local/cuda-12.6/targets/x86_64-linux/lib/libcusolver.so
2026-03-25 12:50:48,908 - INFO - [36m(setup pid=6900)[0m 	libcusolver.so (libc6,x86-64) => /usr/local/cuda-12.8/targets/x86_64-linux/lib/libcusolver.so
2026-03-25 12:50:48,908 - INFO - [36m(setup pid=6900)[0m 	libcurand.so.10 (libc6,x86-64) => /usr/local/cuda-12.4/targets/x86_64-linux/lib/libcurand.so.10
2026-03-25 12:50:48,908 - INFO - [36m(setup pid=6900)[0m 	libcurand.so.10 (libc6,x86-64) => /usr/local/cuda-12.5/targets/x86_64-linux/lib/libcurand.so.10
2026-03-25 12:50:48,908 - INFO - [36m(setup pid=6900)[0m 	libcurand.so.10 (libc6,x86-64) => /usr/local/cuda-12.6/targets/x86_64-linux/lib/libcurand.so.10
2026-03-25 12:50:48,908 - INFO - [36m(setup pid=6900)[0m 	libcurand.so.10 (libc6,x86-64) => /usr/local/cuda-12.8/targets/x86_64-linux/lib/libcurand.so.10
2026-03-25 12:50:48,908 - INFO - [36m(setup pid=6900)[0m 	libcurand.so (libc6,x86-64) => /usr/local/cuda-12.4/targets/x86_64-linux/lib/libcurand.so
2026-03-25 12:50:48,908 - INFO - [36m(setup pid=6900)[0m 	libcurand.so (libc6,x86-64) => /usr/local/cuda-12.5/targets/x86_64-linux/lib/libcurand.so
2026-03-25 12:50:48,908 - INFO - [36m(setup pid=6900)[0m 	libcurand.so (libc6,x86-64) => /usr/local/cuda-12.6/targets/x86_64-linux/lib/libcurand.so
2026-03-25 12:50:48,908 - INFO - [36m(setup pid=6900)[0m 	libcurand.so (libc6,x86-64) => /usr/local/cuda-12.8/targets/x86_64-linux/lib/libcurand.so
2026-03-25 12:50:48,908 - INFO - [36m(setup pid=6900)[0m 	libcuinj64.so.12.8 (libc6,x86-64) => /usr/local/cuda-12.8/targets/x86_64-linux/lib/libcuinj64.so.12.8
2026-03-25 12:50:48,908 - INFO - [36m(setup pid=6900)[0m 	libcuinj64.so.12.6 (libc6,x86-64) => /usr/local/cuda-12.6/targets/x86_64-linux/lib/libcuinj64.so.12.6
2026-03-25 12:50:48,908 - INFO - [36m(setup pid=6900)[0m 	libcuinj64.so.12.5 (libc6,x86-64) => /usr/local/cuda-12.5/targets/x86_64-linux/lib/libcuinj64.so.12.5
2026-03-25 12:50:48,908 - INFO - [36m(setup pid=6900)[0m 	libcuinj64.so.12.4 (libc6,x86-64) => /usr/local/cuda-12.4/targets/x86_64-linux/lib/libcuinj64.so.12.4
2026-03-25 12:50:48,908 - INFO - [36m(setup pid=6900)[0m 	libcuinj64.so (libc6,x86-64) => /usr/local/cuda-12.4/targets/x86_64-linux/lib/libcuinj64.so
2026-03-25 12:50:48,908 - INFO - [36m(setup pid=6900)[0m 	libcuinj64.so (libc6,x86-64) => /usr/local/cuda-12.5/targets/x86_64-linux/lib/libcuinj64.so
2026-03-25 12:50:48,908 - INFO - [36m(setup pid=6900)[0m 	libcuinj64.so (libc6,x86-64) => /usr/local/cuda-12.6/targets/x86_64-linux/lib/libcuinj64.so
2026-03-25 12:50:48,908 - INFO - [36m(setup pid=6900)[0m 	libcuinj64.so (libc6,x86-64) => /usr/local/cuda-12.8/targets/x86_64-linux/lib/libcuinj64.so
2026-03-25 12:50:48,908 - INFO - [36m(setup pid=6900)[0m 	libcufile_rdma.so.1 (libc6,x86-64) => /usr/local/cuda-12.4/targets/x86_64-linux/lib/libcufile_rdma.so.1
2026-03-25 12:50:48,908 - INFO - [36m(setup pid=6900)[0m 	libcufile_rdma.so.1 (libc6,x86-64) => /usr/local/cuda-12.5/targets/x86_64-linux/lib/libcufile_rdma.so.1
2026-03-25 12:50:48,908 - INFO - [36m(setup pid=6900)[0m 	libcufile_rdma.so.1 (libc6,x86-64) => /usr/local/cuda-12.6/targets/x86_64-linux/lib/libcufile_rdma.so.1
2026-03-25 12:50:48,908 - INFO - [36m(setup pid=6900)[0m 	libcufile_rdma.so.1 (libc6,x86-64) => /usr/local/cuda-12.8/targets/x86_64-linux/lib/libcufile_rdma.so.1
2026-03-25 12:50:48,908 - INFO - [36m(setup pid=6900)[0m 	libcufile_rdma.so (libc6,x86-64) => /usr/local/cuda-12.4/targets/x86_64-linux/lib/libcufile_rdma.so
2026-03-25 12:50:48,908 - INFO - [36m(setup pid=6900)[0m 	libcufile_rdma.so (libc6,x86-64) => /usr/local/cuda-12.5/targets/x86_64-linux/lib/libcufile_rdma.so
2026-03-25 12:50:48,908 - INFO - [36m(setup pid=6900)[0m 	libcufile_rdma.so (libc6,x86-64) => /usr/local/cuda-12.6/targets/x86_64-linux/lib/libcufile_rdma.so
2026-03-25 12:50:48,908 - INFO - [36m(setup pid=6900)[0m 	libcufile_rdma.so (libc6,x86-64) => /usr/local/cuda-12.8/targets/x86_64-linux/lib/libcufile_rdma.so
2026-03-25 12:50:48,908 - INFO - [36m(setup pid=6900)[0m 	libcufile.so.0 (libc6,x86-64) => /usr/local/cuda-12.4/targets/x86_64-linux/lib/libcufile.so.0
2026-03-25 12:50:48,908 - INFO - [36m(setup pid=6900)[0m 	libcufile.so.0 (libc6,x86-64) => /usr/local/cuda-12.5/targets/x86_64-linux/lib/libcufile.so.0
2026-03-25 12:50:48,908 - INFO - [36m(setup pid=6900)[0m 	libcufile.so.0 (libc6,x86-64) => /usr/local/cuda-12.6/targets/x86_64-linux/lib/libcufile.so.0
2026-03-25 12:50:48,908 - INFO - [36m(setup pid=6900)[0m 	libcufile.so.0 (libc6,x86-64) => /usr/local/cuda-12.8/targets/x86_64-linux/lib/libcufile.so.0
2026-03-25 12:50:48,908 - INFO - [36m(setup pid=6900)[0m 	libcufile.so (libc6,x86-64) => /usr/local/cuda-12.4/targets/x86_64-linux/lib/libcufile.so
2026-03-25 12:50:48,908 - INFO - [36m(setup pid=6900)[0m 	libcufile.so (libc6,x86-64) => /usr/local/cuda-12.5/targets/x86_64-linux/lib/libcufile.so
2026-03-25 12:50:48,908 - INFO - [36m(setup pid=6900)[0m 	libcufile.so (libc6,x86-64) => /usr/local/cuda-12.6/targets/x86_64-linux/lib/libcufile.so
2026-03-25 12:50:48,908 - INFO - [36m(setup pid=6900)[0m 	libcufile.so (libc6,x86-64) => /usr/local/cuda-12.8/targets/x86_64-linux/lib/libcufile.so
2026-03-25 12:50:48,908 - INFO - [36m(setup pid=6900)[0m 	libcufftw.so.11 (libc6,x86-64) => /usr/local/cuda-12.4/targets/x86_64-linux/lib/libcufftw.so.11
2026-03-25 12:50:48,908 - INFO - [36m(setup pid=6900)[0m 	libcufftw.so.11 (libc6,x86-64) => /usr/local/cuda-12.5/targets/x86_64-linux/lib/libcufftw.so.11
2026-03-25 12:50:48,908 - INFO - [36m(setup pid=6900)[0m 	libcufftw.so.11 (libc6,x86-64) => /usr/local/cuda-12.6/targets/x86_64-linux/lib/libcufftw.so.11
2026-03-25 12:50:48,908 - INFO - [36m(setup pid=6900)[0m 	libcufftw.so.11 (libc6,x86-64) => /usr/local/cuda-12.8/targets/x86_64-linux/lib/libcufftw.so.11
2026-03-25 12:50:48,908 - INFO - [36m(setup pid=6900)[0m 	libcufftw.so (libc6,x86-64) => /usr/local/cuda-12.4/targets/x86_64-linux/lib/libcufftw.so
2026-03-25 12:50:48,908 - INFO - [36m(setup pid=6900)[0m 	libcufftw.so (libc6,x86-64) => /usr/local/cuda-12.5/targets/x86_64-linux/lib/libcufftw.so
2026-03-25 12:50:48,908 - INFO - [36m(setup pid=6900)[0m 	libcufftw.so (libc6,x86-64) => /usr/local/cuda-12.6/targets/x86_64-linux/lib/libcufftw.so
2026-03-25 12:50:48,909 - INFO - [36m(setup pid=6900)[0m 	libcufftw.so (libc6,x86-64) => /usr/local/cuda-12.8/targets/x86_64-linux/lib/libcufftw.so
2026-03-25 12:50:49,210 - INFO - [36m(setup pid=6900)[0m 	libcufft.so.11 (libc6,x86-64) => /usr/local/cuda-12.4/targets/x86_64-linux/lib/libcufft.so.11
2026-03-25 12:50:49,210 - INFO - [36m(setup pid=6900)[0m 	libcufft.so.11 (libc6,x86-64) => /usr/local/cuda-12.5/targets/x86_64-linux/lib/libcufft.so.11
2026-03-25 12:50:49,210 - INFO - [36m(setup pid=6900)[0m 	libcufft.so.11 (libc6,x86-64) => /usr/local/cuda-12.6/targets/x86_64-linux/lib/libcufft.so.11
2026-03-25 12:50:49,210 - INFO - [36m(setup pid=6900)[0m 	libcufft.so.11 (libc6,x86-64) => /usr/local/cuda-12.8/targets/x86_64-linux/lib/libcufft.so.11
2026-03-25 12:50:49,210 - INFO - [36m(setup pid=6900)[0m 	libcufft.so (libc6,x86-64) => /usr/local/cuda-12.4/targets/x86_64-linux/lib/libcufft.so
2026-03-25 12:50:49,210 - INFO - [36m(setup pid=6900)[0m 	libcufft.so (libc6,x86-64) => /usr/local/cuda-12.5/targets/x86_64-linux/lib/libcufft.so
2026-03-25 12:50:49,210 - INFO - [36m(setup pid=6900)[0m 	libcufft.so (libc6,x86-64) => /usr/local/cuda-12.6/targets/x86_64-linux/lib/libcufft.so
2026-03-25 12:50:49,210 - INFO - [36m(setup pid=6900)[0m 	libcufft.so (libc6,x86-64) => /usr/local/cuda-12.8/targets/x86_64-linux/lib/libcufft.so
2026-03-25 12:50:49,210 - INFO - [36m(setup pid=6900)[0m 	libcudart.so.12 (libc6,x86-64) => /usr/local/cuda-12.4/targets/x86_64-linux/lib/libcudart.so.12
2026-03-25 12:50:49,210 - INFO - [36m(setup pid=6900)[0m 	libcudart.so.12 (libc6,x86-64) => /usr/local/cuda-12.5/targets/x86_64-linux/lib/libcudart.so.12
2026-03-25 12:50:49,210 - INFO - [36m(setup pid=6900)[0m 	libcudart.so.12 (libc6,x86-64) => /usr/local/cuda-12.6/targets/x86_64-linux/lib/libcudart.so.12
2026-03-25 12:50:49,210 - INFO - [36m(setup pid=6900)[0m 	libcudart.so.12 (libc6,x86-64) => /usr/local/cuda-12.8/targets/x86_64-linux/lib/libcudart.so.12
2026-03-25 12:50:49,210 - INFO - [36m(setup pid=6900)[0m 	libcudart.so (libc6,x86-64) => /usr/local/cuda-12.4/targets/x86_64-linux/lib/libcudart.so
2026-03-25 12:50:49,210 - INFO - [36m(setup pid=6900)[0m 	libcudart.so (libc6,x86-64) => /usr/local/cuda-12.5/targets/x86_64-linux/lib/libcudart.so
2026-03-25 12:50:49,210 - INFO - [36m(setup pid=6900)[0m 	libcudart.so (libc6,x86-64) => /usr/local/cuda-12.6/targets/x86_64-linux/lib/libcudart.so
2026-03-25 12:50:49,210 - INFO - [36m(setup pid=6900)[0m 	libcudart.so (libc6,x86-64) => /usr/local/cuda-12.8/targets/x86_64-linux/lib/libcudart.so
2026-03-25 12:50:49,210 - INFO - [36m(setup pid=6900)[0m 	libcudadebugger.so.1 (libc6,x86-64) => /lib/x86_64-linux-gnu/libcudadebugger.so.1
2026-03-25 12:50:49,210 - INFO - [36m(setup pid=6900)[0m 	libcuda.so.1 (libc6,x86-64) => /lib/x86_64-linux-gnu/libcuda.so.1
2026-03-25 12:50:49,210 - INFO - [36m(setup pid=6900)[0m 	libcuda.so (libc6,x86-64) => /lib/x86_64-linux-gnu/libcuda.so
2026-03-25 12:50:49,210 - INFO - [36m(setup pid=6900)[0m 	libcublasLt.so.12 (libc6,x86-64) => /usr/local/cuda-12.4/targets/x86_64-linux/lib/libcublasLt.so.12
2026-03-25 12:50:49,210 - INFO - [36m(setup pid=6900)[0m 	libcublasLt.so.12 (libc6,x86-64) => /usr/local/cuda-12.5/targets/x86_64-linux/lib/libcublasLt.so.12
2026-03-25 12:50:49,210 - INFO - [36m(setup pid=6900)[0m 	libcublasLt.so.12 (libc6,x86-64) => /usr/local/cuda-12.6/targets/x86_64-linux/lib/libcublasLt.so.12
2026-03-25 12:50:49,210 - INFO - [36m(setup pid=6900)[0m 	libcublasLt.so.12 (libc6,x86-64) => /usr/local/cuda-12.8/targets/x86_64-linux/lib/libcublasLt.so.12
2026-03-25 12:50:49,210 - INFO - [36m(setup pid=6900)[0m 	libcublasLt.so (libc6,x86-64) => /usr/local/cuda-12.4/targets/x86_64-linux/lib/libcublasLt.so
2026-03-25 12:50:49,210 - INFO - [36m(setup pid=6900)[0m 	libcublasLt.so (libc6,x86-64) => /usr/local/cuda-12.5/targets/x86_64-linux/lib/libcublasLt.so
2026-03-25 12:50:49,210 - INFO - [36m(setup pid=6900)[0m 	libcublasLt.so (libc6,x86-64) => /usr/local/cuda-12.6/targets/x86_64-linux/lib/libcublasLt.so
2026-03-25 12:50:49,210 - INFO - [36m(setup pid=6900)[0m 	libcublasLt.so (libc6,x86-64) => /usr/local/cuda-12.8/targets/x86_64-linux/lib/libcublasLt.so
2026-03-25 12:50:49,210 - INFO - [36m(setup pid=6900)[0m 	libcublas.so.12 (libc6,x86-64) => /usr/local/cuda-12.4/targets/x86_64-linux/lib/libcublas.so.12
2026-03-25 12:50:49,210 - INFO - [36m(setup pid=6900)[0m 	libcublas.so.12 (libc6,x86-64) => /usr/local/cuda-12.5/targets/x86_64-linux/lib/libcublas.so.12
2026-03-25 12:50:49,210 - INFO - [36m(setup pid=6900)[0m 	libcublas.so.12 (libc6,x86-64) => /usr/local/cuda-12.6/targets/x86_64-linux/lib/libcublas.so.12
2026-03-25 12:50:49,210 - INFO - [36m(setup pid=6900)[0m 	libcublas.so.12 (libc6,x86-64) => /usr/local/cuda-12.8/targets/x86_64-linux/lib/libcublas.so.12
2026-03-25 12:50:49,210 - INFO - [36m(setup pid=6900)[0m 	libcublas.so (libc6,x86-64) => /usr/local/cuda-12.4/targets/x86_64-linux/lib/libcublas.so
2026-03-25 12:50:49,210 - INFO - [36m(setup pid=6900)[0m 	libcublas.so (libc6,x86-64) => /usr/local/cuda-12.5/targets/x86_64-linux/lib/libcublas.so
2026-03-25 12:50:49,210 - INFO - [36m(setup pid=6900)[0m 	libcublas.so (libc6,x86-64) => /usr/local/cuda-12.6/targets/x86_64-linux/lib/libcublas.so
2026-03-25 12:50:49,210 - INFO - [36m(setup pid=6900)[0m 	libcublas.so (libc6,x86-64) => /usr/local/cuda-12.8/targets/x86_64-linux/lib/libcublas.so
2026-03-25 12:50:49,210 - INFO - [36m(setup pid=6900)[0m 	libaccinj64.so.12.8 (libc6,x86-64) => /usr/local/cuda-12.8/targets/x86_64-linux/lib/libaccinj64.so.12.8
2026-03-25 12:50:49,210 - INFO - [36m(setup pid=6900)[0m 	libaccinj64.so.12.6 (libc6,x86-64) => /usr/local/cuda-12.6/targets/x86_64-linux/lib/libaccinj64.so.12.6
2026-03-25 12:50:49,210 - INFO - [36m(setup pid=6900)[0m 	libaccinj64.so.12.5 (libc6,x86-64) => /usr/local/cuda-12.5/targets/x86_64-linux/lib/libaccinj64.so.12.5
2026-03-25 12:50:49,210 - INFO - [36m(setup pid=6900)[0m 	libaccinj64.so.12.4 (libc6,x86-64) => /usr/local/cuda-12.4/targets/x86_64-linux/lib/libaccinj64.so.12.4
2026-03-25 12:50:49,210 - INFO - [36m(setup pid=6900)[0m 	libaccinj64.so (libc6,x86-64) => /usr/local/cuda-12.4/targets/x86_64-linux/lib/libaccinj64.so
2026-03-25 12:50:49,210 - INFO - [36m(setup pid=6900)[0m 	libaccinj64.so (libc6,x86-64) => /usr/local/cuda-12.5/targets/x86_64-linux/lib/libaccinj64.so
2026-03-25 12:50:49,210 - INFO - [36m(setup pid=6900)[0m 	libaccinj64.so (libc6,x86-64) => /usr/local/cuda-12.6/targets/x86_64-linux/lib/libaccinj64.so
2026-03-25 12:50:49,210 - INFO - [36m(setup pid=6900)[0m 	libaccinj64.so (libc6,x86-64) => /usr/local/cuda-12.8/targets/x86_64-linux/lib/libaccinj64.so
2026-03-25 12:50:49,210 - INFO - [36m(setup pid=6900)[0m 	libOpenCL.so.1 (libc6,x86-64) => /usr/local/cuda-12.4/targets/x86_64-linux/lib/libOpenCL.so.1
2026-03-25 12:50:49,210 - INFO - [36m(setup pid=6900)[0m 	libOpenCL.so.1 (libc6,x86-64) => /usr/local/cuda-12.5/targets/x86_64-linux/lib/libOpenCL.so.1
2026-03-25 12:50:49,210 - INFO - [36m(setup pid=6900)[0m 	libOpenCL.so.1 (libc6,x86-64) => /usr/local/cuda-12.6/targets/x86_64-linux/lib/libOpenCL.so.1
2026-03-25 12:50:49,210 - INFO - [36m(setup pid=6900)[0m 	libOpenCL.so.1 (libc6,x86-64) => /usr/local/cuda-12.8/targets/x86_64-linux/lib/libOpenCL.so.1
2026-03-25 12:50:49,210 - INFO - [36m(setup pid=6900)[0m 	libOpenCL.so (libc6,x86-64) => /usr/local/cuda-12.4/targets/x86_64-linux/lib/libOpenCL.so
2026-03-25 12:50:49,210 - INFO - [36m(setup pid=6900)[0m 	libOpenCL.so (libc6,x86-64) => /usr/local/cuda-12.5/targets/x86_64-linux/lib/libOpenCL.so
2026-03-25 12:50:49,210 - INFO - [36m(setup pid=6900)[0m 	libOpenCL.so (libc6,x86-64) => /usr/local/cuda-12.6/targets/x86_64-linux/lib/libOpenCL.so
2026-03-25 12:50:49,210 - INFO - [36m(setup pid=6900)[0m 	libOpenCL.so (libc6,x86-64) => /usr/local/cuda-12.8/targets/x86_64-linux/lib/libOpenCL.so
2026-03-25 12:50:49,210 - INFO - [36m(setup pid=6900)[0m + echo 'CUDA toolkit path:'
2026-03-25 12:50:49,210 - INFO - [36m(setup pid=6900)[0m CUDA toolkit path:
2026-03-25 12:50:49,210 - INFO - [36m(setup pid=6900)[0m + ls --color=auto -la /usr/local/cuda /usr/local/cuda-12.4 /usr/local/cuda-12.5 /usr/local/cuda-12.6 /usr/local/cuda-12.8
2026-03-25 12:50:49,210 - INFO - [36m(setup pid=6900)[0m lrwxrwxrwx  1 root root   21 Aug  8  2025 /usr/local/cuda -> /usr/local/cuda-12.8/
2026-03-25 12:50:49,210 - INFO - [36m(setup pid=6900)[0m
2026-03-25 12:50:49,210 - INFO - [36m(setup pid=6900)[0m /usr/local/cuda-12.4:
2026-03-25 12:50:49,210 - INFO - [36m(setup pid=6900)[0m total 188
2026-03-25 12:50:49,210 - INFO - [36m(setup pid=6900)[0m drwxr-xr-x 19 root   root    4096 Aug  8  2025 .
2026-03-25 12:50:49,210 - INFO - [36m(setup pid=6900)[0m drwxr-xr-x 15 root   root    4096 Aug  8  2025 ..
2026-03-25 12:50:49,210 - INFO - [36m(setup pid=6900)[0m -rw-r--r--  1 root   root     160 Aug  8  2025 DOCS
2026-03-25 12:50:49,210 - INFO - [36m(setup pid=6900)[0m -rw-r--r--  1 root   root   63021 Aug  8  2025 EULA.txt
2026-03-25 12:50:49,210 - INFO - [36m(setup pid=6900)[0m -rw-r--r--  1 ubuntu ubuntu 29662 Nov 30  2023 LICENSE
2026-03-25 12:50:49,210 - INFO - [36m(setup pid=6900)[0m -rw-r--r--  1 root   root    1895 Jun 11  2024 LICENSE.txt
2026-03-25 12:50:49,210 - INFO - [36m(setup pid=6900)[0m -rw-r--r--  1 root   root     524 Aug  8  2025 README
2026-03-25 12:50:49,210 - INFO - [36m(setup pid=6900)[0m drwxr-xr-x  3 root   root    4096 Aug  8  2025 bin
2026-03-25 12:50:49,211 - INFO - [36m(setup pid=6900)[0m drwxr-xr-x  5 root   root    4096 Aug  8  2025 compute-sanitizer
2026-03-25 12:50:49,211 - INFO - [36m(setup pid=6900)[0m drwxr-xr-x  3 root   root    4096 Aug  8  2025 efa
2026-03-25 12:50:49,211 - INFO - [36m(setup pid=6900)[0m drwxr-xr-x  5 root   root    4096 Aug  8  2025 extras
2026-03-25 12:50:49,211 - INFO - [36m(setup pid=6900)[0m drwxr-xr-x  5 root   root    4096 Aug  8  2025 gds
2026-03-25 12:50:49,211 - INFO - [36m(setup pid=6900)[0m drwxr-xr-x  2 root   root    4096 Aug  8  2025 gds-12.4
2026-03-25 12:50:49,211 - INFO - [36m(setup pid=6900)[0m lrwxrwxrwx  1 root   root      28 Aug  8  2025 include -> targets/x86_64-linux/include
2026-03-25 12:50:49,211 - INFO - [36m(setup pid=6900)[0m drwxrwxr-x  3 root   root    4096 Aug  8  2025 lib
2026-03-25 12:50:49,211 - INFO - [36m(setup pid=6900)[0m lrwxrwxrwx  1 root   root      24 Aug  8  2025 lib64 -> targets/x86_64-linux/lib
2026-03-25 12:50:49,211 - INFO - [36m(setup pid=6900)[0m drwxr-xr-x  7 root   root    4096 Aug  8  2025 libnvvp
2026-03-25 12:50:49,211 - INFO - [36m(setup pid=6900)[0m drwxr-xr-x  7 root   root    4096 Aug  8  2025 nsight-compute-2024.1.1
2026-03-25 12:50:49,211 - INFO - [36m(setup pid=6900)[0m drwxr-xr-x  6 root   root    4096 Aug  8  2025 nsight-systems-2023.4.4
2026-03-25 12:50:49,211 - INFO - [36m(setup pid=6900)[0m drwxr-xr-x  2 root   root    4096 Aug  8  2025 nsightee_plugins
2026-03-25 12:50:49,211 - INFO - [36m(setup pid=6900)[0m drwxr-xr-x  3 root   root    4096 Aug  8  2025 nvml
2026-03-25 12:50:49,211 - INFO - [36m(setup pid=6900)[0m drwxr-xr-x  6 root   root    4096 Aug  8  2025 nvvm
2026-03-25 12:50:49,211 - INFO - [36m(setup pid=6900)[0m drwxr-xr-x  3 root   root    4096 Aug  8  2025 share
2026-03-25 12:50:49,211 - INFO - [36m(setup pid=6900)[0m drwxr-xr-x  2 root   root    4096 Aug  8  2025 src
2026-03-25 12:50:49,211 - INFO - [36m(setup pid=6900)[0m drwxr-xr-x  3 root   root    4096 Aug  8  2025 targets
2026-03-25 12:50:49,211 - INFO - [36m(setup pid=6900)[0m drwxr-xr-x  2 root   root    4096 Aug  8  2025 tools
2026-03-25 12:50:49,211 - INFO - [36m(setup pid=6900)[0m -rw-r--r--  1 root   root    2957 Aug  8  2025 version.json
2026-03-25 12:50:49,211 - INFO - [36m(setup pid=6900)[0m
2026-03-25 12:50:49,211 - INFO - [36m(setup pid=6900)[0m /usr/local/cuda-12.5:
2026-03-25 12:50:49,211 - INFO - [36m(setup pid=6900)[0m total 188
2026-03-25 12:50:49,211 - INFO - [36m(setup pid=6900)[0m drwxr-xr-x 19 root   root    4096 Aug  8  2025 .
2026-03-25 12:50:49,211 - INFO - [36m(setup pid=6900)[0m drwxr-xr-x 15 root   root    4096 Aug  8  2025 ..
2026-03-25 12:50:49,211 - INFO - [36m(setup pid=6900)[0m -rw-r--r--  1 root   root     160 Aug  8  2025 DOCS
2026-03-25 12:50:49,211 - INFO - [36m(setup pid=6900)[0m -rw-r--r--  1 root   root   63021 Aug  8  2025 EULA.txt
2026-03-25 12:50:49,211 - INFO - [36m(setup pid=6900)[0m -rw-r--r--  1 ubuntu ubuntu 29574 Oct 21  2024 LICENSE
2026-03-25 12:50:49,211 - INFO - [36m(setup pid=6900)[0m -rw-r--r--  1 root   root    1895 Nov  6  2024 LICENSE.txt
2026-03-25 12:50:49,211 - INFO - [36m(setup pid=6900)[0m -rw-r--r--  1 root   root     524 Aug  8  2025 README
2026-03-25 12:50:49,211 - INFO - [36m(setup pid=6900)[0m drwxr-xr-x  3 root   root    4096 Aug  8  2025 bin
2026-03-25 12:50:49,211 - INFO - [36m(setup pid=6900)[0m drwxr-xr-x  5 root   root    4096 Aug  8  2025 compute-sanitizer
2026-03-25 12:50:49,211 - INFO - [36m(setup pid=6900)[0m drwxr-xr-x  3 root   root    4096 Aug  8  2025 efa
2026-03-25 12:50:49,211 - INFO - [36m(setup pid=6900)[0m drwxr-xr-x  5 root   root    4096 Aug  8  2025 extras
2026-03-25 12:50:49,211 - INFO - [36m(setup pid=6900)[0m drwxr-xr-x  5 root   root    4096 Aug  8  2025 gds
2026-03-25 12:50:49,211 - INFO - [36m(setup pid=6900)[0m drwxr-xr-x  2 root   root    4096 Aug  8  2025 gds-12.5
2026-03-25 12:50:49,211 - INFO - [36m(setup pid=6900)[0m lrwxrwxrwx  1 root   root      28 Aug  8  2025 include -> targets/x86_64-linux/include
2026-03-25 12:50:49,211 - INFO - [36m(setup pid=6900)[0m drwxr-xr-x  3 root   root    4096 Aug  8  2025 lib
2026-03-25 12:50:49,211 - INFO - [36m(setup pid=6900)[0m lrwxrwxrwx  1 root   root      24 Aug  8  2025 lib64 -> targets/x86_64-linux/lib
2026-03-25 12:50:49,211 - INFO - [36m(setup pid=6900)[0m drwxr-xr-x  7 root   root    4096 Aug  8  2025 libnvvp
2026-03-25 12:50:49,211 - INFO - [36m(setup pid=6900)[0m drwxr-xr-x  7 root   root    4096 Aug  8  2025 nsight-compute-2024.2.0
2026-03-25 12:50:49,211 - INFO - [36m(setup pid=6900)[0m drwxr-xr-x  6 root   root    4096 Aug  8  2025 nsight-systems-2024.2.3
2026-03-25 12:50:49,211 - INFO - [36m(setup pid=6900)[0m drwxr-xr-x  2 root   root    4096 Aug  8  2025 nsightee_plugins
2026-03-25 12:50:49,211 - INFO - [36m(setup pid=6900)[0m drwxr-xr-x  3 root   root    4096 Aug  8  2025 nvml
2026-03-25 12:50:49,211 - INFO - [36m(setup pid=6900)[0m drwxr-xr-x  6 root   root    4096 Aug  8  2025 nvvm
2026-03-25 12:50:49,211 - INFO - [36m(setup pid=6900)[0m drwxr-xr-x  3 root   root    4096 Aug  8  2025 share
2026-03-25 12:50:49,211 - INFO - [36m(setup pid=6900)[0m drwxr-xr-x  2 root   root    4096 Aug  8  2025 src
2026-03-25 12:50:49,211 - INFO - [36m(setup pid=6900)[0m drwxr-xr-x  3 root   root    4096 Aug  8  2025 targets
2026-03-25 12:50:49,211 - INFO - [36m(setup pid=6900)[0m drwxr-xr-x  2 root   root    4096 Aug  8  2025 tools
2026-03-25 12:50:49,211 - INFO - [36m(setup pid=6900)[0m -rw-r--r--  1 root   root    2940 Aug  8  2025 version.json
2026-03-25 12:50:49,211 - INFO - [36m(setup pid=6900)[0m
2026-03-25 12:50:49,211 - INFO - [36m(setup pid=6900)[0m /usr/local/cuda-12.6:
2026-03-25 12:50:49,211 - INFO - [36m(setup pid=6900)[0m total 188
2026-03-25 12:50:49,211 - INFO - [36m(setup pid=6900)[0m drwxr-xr-x 19 root   root    4096 Aug  8  2025 .
2026-03-25 12:50:49,211 - INFO - [36m(setup pid=6900)[0m drwxr-xr-x 15 root   root    4096 Aug  8  2025 ..
2026-03-25 12:50:49,211 - INFO - [36m(setup pid=6900)[0m -rw-r--r--  1 root   root     160 Aug  8  2025 DOCS
2026-03-25 12:50:49,211 - INFO - [36m(setup pid=6900)[0m -rw-r--r--  1 root   root   63021 Aug  8  2025 EULA.txt
2026-03-25 12:50:49,211 - INFO - [36m(setup pid=6900)[0m -rw-r--r--  1 ubuntu ubuntu 29574 Dec 30  2024 LICENSE
2026-03-25 12:50:49,211 - INFO - [36m(setup pid=6900)[0m -rw-r--r--  1 root   root    1895 Dec  7  2024 LICENSE.txt
2026-03-25 12:50:49,211 - INFO - [36m(setup pid=6900)[0m -rw-r--r--  1 root   root     524 Aug  8  2025 README
2026-03-25 12:50:49,211 - INFO - [36m(setup pid=6900)[0m drwxrwxr-x  3 root   root    4096 Dec  7  2024 bin
2026-03-25 12:50:49,211 - INFO - [36m(setup pid=6900)[0m drwxr-xr-x  5 root   root    4096 Aug  8  2025 compute-sanitizer
2026-03-25 12:50:49,211 - INFO - [36m(setup pid=6900)[0m drwxr-xr-x  3 root   root    4096 Aug  8  2025 efa
2026-03-25 12:50:49,211 - INFO - [36m(setup pid=6900)[0m drwxr-xr-x  5 root   root    4096 Aug  8  2025 extras
2026-03-25 12:50:49,211 - INFO - [36m(setup pid=6900)[0m drwxr-xr-x  5 root   root    4096 Aug  8  2025 gds
2026-03-25 12:50:49,211 - INFO - [36m(setup pid=6900)[0m drwxr-xr-x  2 root   root    4096 Aug  8  2025 gds-12.6
2026-03-25 12:50:49,211 - INFO - [36m(setup pid=6900)[0m lrwxrwxrwx  1 root   root      28 Aug  8  2025 include -> targets/x86_64-linux/include
2026-03-25 12:50:49,211 - INFO - [36m(setup pid=5444, ip=172.31.36.113)[0m + echo 'Checking CUDA libraries...'
2026-03-25 12:50:49,211 - INFO - [36m(setup pid=5444, ip=172.31.36.113)[0m Checking CUDA libraries...
2026-03-25 12:50:49,211 - INFO - [36m(setup pid=5444, ip=172.31.36.113)[0m + ldconfig -p
2026-03-25 12:50:49,211 - INFO - [36m(setup pid=5444, ip=172.31.36.113)[0m + grep --color=auto cuda
2026-03-25 12:50:49,211 - INFO - [36m(setup pid=5444, ip=172.31.36.113)[0m 	libnvrtc.so.12 (libc6,x86-64) => /usr/local/cuda-12.4/targets/x86_64-linux/lib/libnvrtc.so.12
2026-03-25 12:50:49,211 - INFO - [36m(setup pid=5444, ip=172.31.36.113)[0m 	libnvrtc.so.12 (libc6,x86-64) => /usr/local/cuda-12.5/targets/x86_64-linux/lib/libnvrtc.so.12
2026-03-25 12:50:49,211 - INFO - [36m(setup pid=5444, ip=172.31.36.113)[0m 	libnvrtc.so.12 (libc6,x86-64) => /usr/local/cuda-12.6/targets/x86_64-linux/lib/libnvrtc.so.12
2026-03-25 12:50:49,211 - INFO - [36m(setup pid=5444, ip=172.31.36.113)[0m 	libnvrtc.so.12 (libc6,x86-64) => /usr/local/cuda-12.8/targets/x86_64-linux/lib/libnvrtc.so.12
2026-03-25 12:50:49,211 - INFO - [36m(setup pid=5444, ip=172.31.36.113)[0m 	libnvrtc.so (libc6,x86-64) => /usr/local/cuda-12.4/targets/x86_64-linux/lib/libnvrtc.so
2026-03-25 12:50:49,211 - INFO - [36m(setup pid=5444, ip=172.31.36.113)[0m 	libnvrtc.so (libc6,x86-64) => /usr/local/cuda-12.5/targets/x86_64-linux/lib/libnvrtc.so
2026-03-25 12:50:49,211 - INFO - [36m(setup pid=5444, ip=172.31.36.113)[0m 	libnvrtc.so (libc6,x86-64) => /usr/local/cuda-12.6/targets/x86_64-linux/lib/libnvrtc.so
2026-03-25 12:50:49,211 - INFO - [36m(setup pid=5444, ip=172.31.36.113)[0m 	libnvrtc.so (libc6,x86-64) => /usr/local/cuda-12.8/targets/x86_64-linux/lib/libnvrtc.so
2026-03-25 12:50:49,211 - INFO - [36m(setup pid=5444, ip=172.31.36.113)[0m 	libnvrtc.alt.so.12 (libc6,x86-64) => /usr/local/cuda-12.8/targets/x86_64-linux/lib/libnvrtc.alt.so.12
2026-03-25 12:50:49,211 - INFO - [36m(setup pid=5444, ip=172.31.36.113)[0m 	libnvrtc.alt.so (libc6,x86-64) => /usr/local/cuda-12.8/targets/x86_64-linux/lib/libnvrtc.alt.so
2026-03-25 12:50:49,211 - INFO - [36m(setup pid=5444, ip=172.31.36.113)[0m 	libnvrtc-builtins.so.12.8 (libc6,x86-64) => /usr/local/cuda-12.8/targets/x86_64-linux/lib/libnvrtc-builtins.so.12.8
2026-03-25 12:50:49,211 - INFO - [36m(setup pid=5444, ip=172.31.36.113)[0m 	libnvrtc-builtins.so.12.6 (libc6,x86-64) => /usr/local/cuda-12.6/targets/x86_64-linux/lib/libnvrtc-builtins.so.12.6
2026-03-25 12:50:49,211 - INFO - [36m(setup pid=5444, ip=172.31.36.113)[0m 	libnvrtc-builtins.so.12.5 (libc6,x86-64) => /usr/local/cuda-12.5/targets/x86_64-linux/lib/libnvrtc-builtins.so.12.5
2026-03-25 12:50:49,211 - INFO - [36m(setup pid=5444, ip=172.31.36.113)[0m 	libnvrtc-builtins.so.12.4 (libc6,x86-64) => /usr/local/cuda-12.4/targets/x86_64-linux/lib/libnvrtc-builtins.so.12.4
2026-03-25 12:50:49,211 - INFO - [36m(setup pid=5444, ip=172.31.36.113)[0m 	libnvrtc-builtins.so (libc6,x86-64) => /usr/local/cuda-12.4/targets/x86_64-linux/lib/libnvrtc-builtins.so
2026-03-25 12:50:49,513 - INFO - [36m(setup pid=5444, ip=172.31.36.113)[0m 	libnvrtc-builtins.so (libc6,x86-64) => /usr/local/cuda-12.5/targets/x86_64-linux/lib/libnvrtc-builtins.so
2026-03-25 12:50:49,513 - INFO - [36m(setup pid=5444, ip=172.31.36.113)[0m 	libnvrtc-builtins.so (libc6,x86-64) => /usr/local/cuda-12.6/targets/x86_64-linux/lib/libnvrtc-builtins.so
2026-03-25 12:50:49,513 - INFO - [36m(setup pid=5444, ip=172.31.36.113)[0m 	libnvrtc-builtins.so (libc6,x86-64) => /usr/local/cuda-12.8/targets/x86_64-linux/lib/libnvrtc-builtins.so
2026-03-25 12:50:49,513 - INFO - [36m(setup pid=5444, ip=172.31.36.113)[0m 	libnvrtc-builtins.alt.so.12.8 (libc6,x86-64) => /usr/local/cuda-12.8/targets/x86_64-linux/lib/libnvrtc-builtins.alt.so.12.8
2026-03-25 12:50:49,513 - INFO - [36m(setup pid=5444, ip=172.31.36.113)[0m 	libnvrtc-builtins.alt.so (libc6,x86-64) => /usr/local/cuda-12.8/targets/x86_64-linux/lib/libnvrtc-builtins.alt.so
2026-03-25 12:50:49,513 - INFO - [36m(setup pid=5444, ip=172.31.36.113)[0m 	libnvjpeg.so.12 (libc6,x86-64) => /usr/local/cuda-12.4/targets/x86_64-linux/lib/libnvjpeg.so.12
2026-03-25 12:50:49,513 - INFO - [36m(setup pid=5444, ip=172.31.36.113)[0m 	libnvjpeg.so.12 (libc6,x86-64) => /usr/local/cuda-12.5/targets/x86_64-linux/lib/libnvjpeg.so.12
2026-03-25 12:50:49,513 - INFO - [36m(setup pid=5444, ip=172.31.36.113)[0m 	libnvjpeg.so.12 (libc6,x86-64) => /usr/local/cuda-12.6/targets/x86_64-linux/lib/libnvjpeg.so.12
2026-03-25 12:50:49,513 - INFO - [36m(setup pid=5444, ip=172.31.36.113)[0m 	libnvjpeg.so.12 (libc6,x86-64) => /usr/local/cuda-12.8/targets/x86_64-linux/lib/libnvjpeg.so.12
2026-03-25 12:50:49,513 - INFO - [36m(setup pid=5444, ip=172.31.36.113)[0m 	libnvjpeg.so (libc6,x86-64) => /usr/local/cuda-12.4/targets/x86_64-linux/lib/libnvjpeg.so
2026-03-25 12:50:49,513 - INFO - [36m(setup pid=5444, ip=172.31.36.113)[0m 	libnvjpeg.so (libc6,x86-64) => /usr/local/cuda-12.5/targets/x86_64-linux/lib/libnvjpeg.so
2026-03-25 12:50:49,513 - INFO - [36m(setup pid=5444, ip=172.31.36.113)[0m 	libnvjpeg.so (libc6,x86-64) => /usr/local/cuda-12.6/targets/x86_64-linux/lib/libnvjpeg.so
2026-03-25 12:50:49,513 - INFO - [36m(setup pid=5444, ip=172.31.36.113)[0m 	libnvjpeg.so (libc6,x86-64) => /usr/local/cuda-12.8/targets/x86_64-linux/lib/libnvjpeg.so
2026-03-25 12:50:49,513 - INFO - [36m(setup pid=5444, ip=172.31.36.113)[0m 	libnvfatbin.so.12 (libc6,x86-64) => /usr/local/cuda-12.4/targets/x86_64-linux/lib/libnvfatbin.so.12
2026-03-25 12:50:49,513 - INFO - [36m(setup pid=5444, ip=172.31.36.113)[0m 	libnvfatbin.so.12 (libc6,x86-64) => /usr/local/cuda-12.5/targets/x86_64-linux/lib/libnvfatbin.so.12
2026-03-25 12:50:49,513 - INFO - [36m(setup pid=5444, ip=172.31.36.113)[0m 	libnvfatbin.so.12 (libc6,x86-64) => /usr/local/cuda-12.6/targets/x86_64-linux/lib/libnvfatbin.so.12
2026-03-25 12:50:49,513 - INFO - [36m(setup pid=5444, ip=172.31.36.113)[0m 	libnvfatbin.so.12 (libc6,x86-64) => /usr/local/cuda-12.8/targets/x86_64-linux/lib/libnvfatbin.so.12
2026-03-25 12:50:49,513 - INFO - [36m(setup pid=5444, ip=172.31.36.113)[0m 	libnvfatbin.so (libc6,x86-64) => /usr/local/cuda-12.4/targets/x86_64-linux/lib/libnvfatbin.so
2026-03-25 12:50:49,513 - INFO - [36m(setup pid=5444, ip=172.31.36.113)[0m 	libnvfatbin.so (libc6,x86-64) => /usr/local/cuda-12.5/targets/x86_64-linux/lib/libnvfatbin.so
2026-03-25 12:50:49,513 - INFO - [36m(setup pid=5444, ip=172.31.36.113)[0m 	libnvfatbin.so (libc6,x86-64) => /usr/local/cuda-12.6/targets/x86_64-linux/lib/libnvfatbin.so
2026-03-25 12:50:49,513 - INFO - [36m(setup pid=5444, ip=172.31.36.113)[0m 	libnvfatbin.so (libc6,x86-64) => /usr/local/cuda-12.8/targets/x86_64-linux/lib/libnvfatbin.so
2026-03-25 12:50:49,513 - INFO - [36m(setup pid=5444, ip=172.31.36.113)[0m 	libnvblas.so.12 (libc6,x86-64) => /usr/local/cuda-12.4/targets/x86_64-linux/lib/libnvblas.so.12
2026-03-25 12:50:49,513 - INFO - [36m(setup pid=5444, ip=172.31.36.113)[0m 	libnvblas.so.12 (libc6,x86-64) => /usr/local/cuda-12.5/targets/x86_64-linux/lib/libnvblas.so.12
2026-03-25 12:50:49,513 - INFO - [36m(setup pid=5444, ip=172.31.36.113)[0m 	libnvblas.so.12 (libc6,x86-64) => /usr/local/cuda-12.6/targets/x86_64-linux/lib/libnvblas.so.12
2026-03-25 12:50:49,513 - INFO - [36m(setup pid=5444, ip=172.31.36.113)[0m 	libnvblas.so.12 (libc6,x86-64) => /usr/local/cuda-12.8/targets/x86_64-linux/lib/libnvblas.so.12
2026-03-25 12:50:49,513 - INFO - [36m(setup pid=5444, ip=172.31.36.113)[0m 	libnvblas.so (libc6,x86-64) => /usr/local/cuda-12.4/targets/x86_64-linux/lib/libnvblas.so
2026-03-25 12:50:49,513 - INFO - [36m(setup pid=5444, ip=172.31.36.113)[0m 	libnvblas.so (libc6,x86-64) => /usr/local/cuda-12.5/targets/x86_64-linux/lib/libnvblas.so
2026-03-25 12:50:49,513 - INFO - [36m(setup pid=5444, ip=172.31.36.113)[0m 	libnvblas.so (libc6,x86-64) => /usr/local/cuda-12.6/targets/x86_64-linux/lib/libnvblas.so
2026-03-25 12:50:49,513 - INFO - [36m(setup pid=5444, ip=172.31.36.113)[0m 	libnvblas.so (libc6,x86-64) => /usr/local/cuda-12.8/targets/x86_64-linux/lib/libnvblas.so
2026-03-25 12:50:49,513 - INFO - [36m(setup pid=5444, ip=172.31.36.113)[0m 	libnvToolsExt.so.1 (libc6,x86-64) => /usr/local/cuda-12.4/targets/x86_64-linux/lib/libnvToolsExt.so.1
2026-03-25 12:50:49,513 - INFO - [36m(setup pid=5444, ip=172.31.36.113)[0m 	libnvToolsExt.so.1 (libc6,x86-64) => /usr/local/cuda-12.5/targets/x86_64-linux/lib/libnvToolsExt.so.1
2026-03-25 12:50:49,513 - INFO - [36m(setup pid=5444, ip=172.31.36.113)[0m 	libnvToolsExt.so.1 (libc6,x86-64) => /usr/local/cuda-12.6/targets/x86_64-linux/lib/libnvToolsExt.so.1
2026-03-25 12:50:49,513 - INFO - [36m(setup pid=5444, ip=172.31.36.113)[0m 	libnvToolsExt.so.1 (libc6,x86-64) => /usr/local/cuda-12.8/targets/x86_64-linux/lib/libnvToolsExt.so.1
2026-03-25 12:50:49,513 - INFO - [36m(setup pid=5444, ip=172.31.36.113)[0m 	libnvToolsExt.so (libc6,x86-64) => /usr/local/cuda-12.4/targets/x86_64-linux/lib/libnvToolsExt.so
2026-03-25 12:50:49,513 - INFO - [36m(setup pid=5444, ip=172.31.36.113)[0m 	libnvToolsExt.so (libc6,x86-64) => /usr/local/cuda-12.5/targets/x86_64-linux/lib/libnvToolsExt.so
2026-03-25 12:50:49,513 - INFO - [36m(setup pid=5444, ip=172.31.36.113)[0m 	libnvToolsExt.so (libc6,x86-64) => /usr/local/cuda-12.6/targets/x86_64-linux/lib/libnvToolsExt.so
2026-03-25 12:50:49,513 - INFO - [36m(setup pid=5444, ip=172.31.36.113)[0m 	libnvToolsExt.so (libc6,x86-64) => /usr/local/cuda-12.8/targets/x86_64-linux/lib/libnvToolsExt.so
2026-03-25 12:50:49,513 - INFO - [36m(setup pid=5444, ip=172.31.36.113)[0m 	libnvJitLink.so.12 (libc6,x86-64) => /usr/local/cuda-12.4/targets/x86_64-linux/lib/libnvJitLink.so.12
2026-03-25 12:50:49,513 - INFO - [36m(setup pid=5444, ip=172.31.36.113)[0m 	libnvJitLink.so.12 (libc6,x86-64) => /usr/local/cuda-12.5/targets/x86_64-linux/lib/libnvJitLink.so.12
2026-03-25 12:50:49,513 - INFO - [36m(setup pid=5444, ip=172.31.36.113)[0m 	libnvJitLink.so.12 (libc6,x86-64) => /usr/local/cuda-12.6/targets/x86_64-linux/lib/libnvJitLink.so.12
2026-03-25 12:50:49,513 - INFO - [36m(setup pid=5444, ip=172.31.36.113)[0m 	libnvJitLink.so.12 (libc6,x86-64) => /usr/local/cuda-12.8/targets/x86_64-linux/lib/libnvJitLink.so.12
2026-03-25 12:50:49,513 - INFO - [36m(setup pid=5444, ip=172.31.36.113)[0m 	libnvJitLink.so (libc6,x86-64) => /usr/local/cuda-12.4/targets/x86_64-linux/lib/libnvJitLink.so
2026-03-25 12:50:49,513 - INFO - [36m(setup pid=5444, ip=172.31.36.113)[0m 	libnvJitLink.so (libc6,x86-64) => /usr/local/cuda-12.5/targets/x86_64-linux/lib/libnvJitLink.so
2026-03-25 12:50:49,513 - INFO - [36m(setup pid=5444, ip=172.31.36.113)[0m 	libnvJitLink.so (libc6,x86-64) => /usr/local/cuda-12.6/targets/x86_64-linux/lib/libnvJitLink.so
2026-03-25 12:50:49,513 - INFO - [36m(setup pid=5444, ip=172.31.36.113)[0m 	libnvJitLink.so (libc6,x86-64) => /usr/local/cuda-12.8/targets/x86_64-linux/lib/libnvJitLink.so
2026-03-25 12:50:49,514 - INFO - [36m(setup pid=5444, ip=172.31.36.113)[0m 	libnpps.so.12 (libc6,x86-64) => /usr/local/cuda-12.4/targets/x86_64-linux/lib/libnpps.so.12
2026-03-25 12:50:49,514 - INFO - [36m(setup pid=5444, ip=172.31.36.113)[0m 	libnpps.so.12 (libc6,x86-64) => /usr/local/cuda-12.5/targets/x86_64-linux/lib/libnpps.so.12
2026-03-25 12:50:49,514 - INFO - [36m(setup pid=5444, ip=172.31.36.113)[0m 	libnpps.so.12 (libc6,x86-64) => /usr/local/cuda-12.6/targets/x86_64-linux/lib/libnpps.so.12
2026-03-25 12:50:49,514 - INFO - [36m(setup pid=5444, ip=172.31.36.113)[0m 	libnpps.so.12 (libc6,x86-64) => /usr/local/cuda-12.8/targets/x86_64-linux/lib/libnpps.so.12
2026-03-25 12:50:49,514 - INFO - [36m(setup pid=5444, ip=172.31.36.113)[0m 	libnpps.so (libc6,x86-64) => /usr/local/cuda-12.4/targets/x86_64-linux/lib/libnpps.so
2026-03-25 12:50:49,514 - INFO - [36m(setup pid=5444, ip=172.31.36.113)[0m 	libnpps.so (libc6,x86-64) => /usr/local/cuda-12.5/targets/x86_64-linux/lib/libnpps.so
2026-03-25 12:50:49,514 - INFO - [36m(setup pid=5444, ip=172.31.36.113)[0m 	libnpps.so (libc6,x86-64) => /usr/local/cuda-12.6/targets/x86_64-linux/lib/libnpps.so
2026-03-25 12:50:49,514 - INFO - [36m(setup pid=5444, ip=172.31.36.113)[0m 	libnpps.so (libc6,x86-64) => /usr/local/cuda-12.8/targets/x86_64-linux/lib/libnpps.so
2026-03-25 12:50:49,514 - INFO - [36m(setup pid=5444, ip=172.31.36.113)[0m 	libnppitc.so.12 (libc6,x86-64) => /usr/local/cuda-12.4/targets/x86_64-linux/lib/libnppitc.so.12
2026-03-25 12:50:49,514 - INFO - [36m(setup pid=5444, ip=172.31.36.113)[0m 	libnppitc.so.12 (libc6,x86-64) => /usr/local/cuda-12.5/targets/x86_64-linux/lib/libnppitc.so.12
2026-03-25 12:50:49,514 - INFO - [36m(setup pid=5444, ip=172.31.36.113)[0m 	libnppitc.so.12 (libc6,x86-64) => /usr/local/cuda-12.6/targets/x86_64-linux/lib/libnppitc.so.12
2026-03-25 12:50:49,514 - INFO - [36m(setup pid=5444, ip=172.31.36.113)[0m 	libnppitc.so.12 (libc6,x86-64) => /usr/local/cuda-12.8/targets/x86_64-linux/lib/libnppitc.so.12
2026-03-25 12:50:49,514 - INFO - [36m(setup pid=5444, ip=172.31.36.113)[0m 	libnppitc.so (libc6,x86-64) => /usr/local/cuda-12.4/targets/x86_64-linux/lib/libnppitc.so
2026-03-25 12:50:49,514 - INFO - [36m(setup pid=5444, ip=172.31.36.113)[0m 	libnppitc.so (libc6,x86-64) => /usr/local/cuda-12.5/targets/x86_64-linux/lib/libnppitc.so
2026-03-25 12:50:49,514 - INFO - [36m(setup pid=5444, ip=172.31.36.113)[0m 	libnppitc.so (libc6,x86-64) => /usr/local/cuda-12.6/targets/x86_64-linux/lib/libnppitc.so
2026-03-25 12:50:49,514 - INFO - [36m(setup pid=5444, ip=172.31.36.113)[0m 	libnppitc.so (libc6,x86-64) => /usr/local/cuda-12.8/targets/x86_64-linux/lib/libnppitc.so
2026-03-25 12:50:49,514 - INFO - [36m(setup pid=5444, ip=172.31.36.113)[0m 	libnppisu.so.12 (libc6,x86-64) => /usr/local/cuda-12.4/targets/x86_64-linux/lib/libnppisu.so.12
2026-03-25 12:50:49,514 - INFO - [36m(setup pid=5444, ip=172.31.36.113)[0m 	libnppisu.so.12 (libc6,x86-64) => /usr/local/cuda-12.5/targets/x86_64-linux/lib/libnppisu.so.12
2026-03-25 12:50:49,514 - INFO - [36m(setup pid=5444, ip=172.31.36.113)[0m 	libnppisu.so.12 (libc6,x86-64) => /usr/local/cuda-12.6/targets/x86_64-linux/lib/libnppisu.so.12
2026-03-25 12:50:49,514 - INFO - [36m(setup pid=5444, ip=172.31.36.113)[0m 	libnppisu.so.12 (libc6,x86-64) => /usr/local/cuda-12.8/targets/x86_64-linux/lib/libnppisu.so.12
2026-03-25 12:50:49,514 - INFO - [36m(setup pid=5444, ip=172.31.36.113)[0m 	libnppisu.so (libc6,x86-64) => /usr/local/cuda-12.4/targets/x86_64-linux/lib/libnppisu.so
2026-03-25 12:50:49,514 - INFO - [36m(setup pid=5444, ip=172.31.36.113)[0m 	libnppisu.so (libc6,x86-64) => /usr/local/cuda-12.5/targets/x86_64-linux/lib/libnppisu.so
2026-03-25 12:50:49,514 - INFO - [36m(setup pid=5444, ip=172.31.36.113)[0m 	libnppisu.so (libc6,x86-64) => /usr/local/cuda-12.6/targets/x86_64-linux/lib/libnppisu.so
2026-03-25 12:50:49,514 - INFO - [36m(setup pid=5444, ip=172.31.36.113)[0m 	libnppisu.so (libc6,x86-64) => /usr/local/cuda-12.8/targets/x86_64-linux/lib/libnppisu.so
2026-03-25 12:50:49,514 - INFO - [36m(setup pid=5444, ip=172.31.36.113)[0m 	libnppist.so.12 (libc6,x86-64) => /usr/local/cuda-12.4/targets/x86_64-linux/lib/libnppist.so.12
2026-03-25 12:50:49,514 - INFO - [36m(setup pid=5444, ip=172.31.36.113)[0m 	libnppist.so.12 (libc6,x86-64) => /usr/local/cuda-12.5/targets/x86_64-linux/lib/libnppist.so.12
2026-03-25 12:50:49,514 - INFO - [36m(setup pid=5444, ip=172.31.36.113)[0m 	libnppist.so.12 (libc6,x86-64) => /usr/local/cuda-12.6/targets/x86_64-linux/lib/libnppist.so.12
2026-03-25 12:50:49,514 - INFO - [36m(setup pid=5444, ip=172.31.36.113)[0m 	libnppist.so.12 (libc6,x86-64) => /usr/local/cuda-12.8/targets/x86_64-linux/lib/libnppist.so.12
2026-03-25 12:50:49,514 - INFO - [36m(setup pid=5444, ip=172.31.36.113)[0m 	libnppist.so (libc6,x86-64) => /usr/local/cuda-12.4/targets/x86_64-linux/lib/libnppist.so
2026-03-25 12:50:49,514 - INFO - [36m(setup pid=5444, ip=172.31.36.113)[0m 	libnppist.so (libc6,x86-64) => /usr/local/cuda-12.5/targets/x86_64-linux/lib/libnppist.so
2026-03-25 12:50:49,514 - INFO - [36m(setup pid=5444, ip=172.31.36.113)[0m 	libnppist.so (libc6,x86-64) => /usr/local/cuda-12.6/targets/x86_64-linux/lib/libnppist.so
2026-03-25 12:50:49,514 - INFO - [36m(setup pid=5444, ip=172.31.36.113)[0m 	libnppist.so (libc6,x86-64) => /usr/local/cuda-12.8/targets/x86_64-linux/lib/libnppist.so
2026-03-25 12:50:49,514 - INFO - [36m(setup pid=5444, ip=172.31.36.113)[0m 	libnppim.so.12 (libc6,x86-64) => /usr/local/cuda-12.4/targets/x86_64-linux/lib/libnppim.so.12
2026-03-25 12:50:49,514 - INFO - [36m(setup pid=5444, ip=172.31.36.113)[0m 	libnppim.so.12 (libc6,x86-64) => /usr/local/cuda-12.5/targets/x86_64-linux/lib/libnppim.so.12
2026-03-25 12:50:49,514 - INFO - [36m(setup pid=5444, ip=172.31.36.113)[0m 	libnppim.so.12 (libc6,x86-64) => /usr/local/cuda-12.6/targets/x86_64-linux/lib/libnppim.so.12
2026-03-25 12:50:49,514 - INFO - [36m(setup pid=5444, ip=172.31.36.113)[0m 	libnppim.so.12 (libc6,x86-64) => /usr/local/cuda-12.8/targets/x86_64-linux/lib/libnppim.so.12
2026-03-25 12:50:49,514 - INFO - [36m(setup pid=5444, ip=172.31.36.113)[0m 	libnppim.so (libc6,x86-64) => /usr/local/cuda-12.4/targets/x86_64-linux/lib/libnppim.so
2026-03-25 12:50:49,514 - INFO - [36m(setup pid=5444, ip=172.31.36.113)[0m 	libnppim.so (libc6,x86-64) => /usr/local/cuda-12.5/targets/x86_64-linux/lib/libnppim.so
2026-03-25 12:50:49,514 - INFO - [36m(setup pid=5444, ip=172.31.36.113)[0m 	libnppim.so (libc6,x86-64) => /usr/local/cuda-12.6/targets/x86_64-linux/lib/libnppim.so
2026-03-25 12:50:49,514 - INFO - [36m(setup pid=5444, ip=172.31.36.113)[0m 	libnppim.so (libc6,x86-64) => /usr/local/cuda-12.8/targets/x86_64-linux/lib/libnppim.so
2026-03-25 12:50:49,514 - INFO - [36m(setup pid=5444, ip=172.31.36.113)[0m 	libnppig.so.12 (libc6,x86-64) => /usr/local/cuda-12.4/targets/x86_64-linux/lib/libnppig.so.12
2026-03-25 12:50:49,514 - INFO - [36m(setup pid=5444, ip=172.31.36.113)[0m 	libnppig.so.12 (libc6,x86-64) => /usr/local/cuda-12.5/targets/x86_64-linux/lib/libnppig.so.12
2026-03-25 12:50:49,514 - INFO - [36m(setup pid=5444, ip=172.31.36.113)[0m 	libnppig.so.12 (libc6,x86-64) => /usr/local/cuda-12.6/targets/x86_64-linux/lib/libnppig.so.12
2026-03-25 12:50:49,514 - INFO - [36m(setup pid=5444, ip=172.31.36.113)[0m 	libnppig.so.12 (libc6,x86-64) => /usr/local/cuda-12.8/targets/x86_64-linux/lib/libnppig.so.12
2026-03-25 12:50:49,514 - INFO - [36m(setup pid=5444, ip=172.31.36.113)[0m 	libnppig.so (libc6,x86-64) => /usr/local/cuda-12.4/targets/x86_64-linux/lib/libnppig.so
2026-03-25 12:50:49,514 - INFO - [36m(setup pid=5444, ip=172.31.36.113)[0m 	libnppig.so (libc6,x86-64) => /usr/local/cuda-12.5/targets/x86_64-linux/lib/libnppig.so
2026-03-25 12:50:49,514 - INFO - [36m(setup pid=5444, ip=172.31.36.113)[0m 	libnppig.so (libc6,x86-64) => /usr/local/cuda-12.6/targets/x86_64-linux/lib/libnppig.so
2026-03-25 12:50:49,514 - INFO - [36m(setup pid=5444, ip=172.31.36.113)[0m 	libnppig.so (libc6,x86-64) => /usr/local/cuda-12.8/targets/x86_64-linux/lib/libnppig.so
2026-03-25 12:50:49,514 - INFO - [36m(setup pid=5444, ip=172.31.36.113)[0m 	libnppif.so.12 (libc6,x86-64) => /usr/local/cuda-12.4/targets/x86_64-linux/lib/libnppif.so.12
2026-03-25 12:50:49,514 - INFO - [36m(setup pid=5444, ip=172.31.36.113)[0m 	libnppif.so.12 (libc6,x86-64) => /usr/local/cuda-12.5/targets/x86_64-linux/lib/libnppif.so.12
2026-03-25 12:50:49,514 - INFO - [36m(setup pid=5444, ip=172.31.36.113)[0m 	libnppif.so.12 (libc6,x86-64) => /usr/local/cuda-12.6/targets/x86_64-linux/lib/libnppif.so.12
2026-03-25 12:50:49,514 - INFO - [36m(setup pid=5444, ip=172.31.36.113)[0m 	libnppif.so.12 (libc6,x86-64) => /usr/local/cuda-12.8/targets/x86_64-linux/lib/libnppif.so.12
2026-03-25 12:50:49,514 - INFO - [36m(setup pid=5444, ip=172.31.36.113)[0m 	libnppif.so (libc6,x86-64) => /usr/local/cuda-12.4/targets/x86_64-linux/lib/libnppif.so
2026-03-25 12:50:49,514 - INFO - [36m(setup pid=5444, ip=172.31.36.113)[0m 	libnppif.so (libc6,x86-64) => /usr/local/cuda-12.5/targets/x86_64-linux/lib/libnppif.so
2026-03-25 12:50:49,514 - INFO - [36m(setup pid=5444, ip=172.31.36.113)[0m 	libnppif.so (libc6,x86-64) => /usr/local/cuda-12.6/targets/x86_64-linux/lib/libnppif.so
2026-03-25 12:50:49,514 - INFO - [36m(setup pid=5444, ip=172.31.36.113)[0m 	libnppif.so (libc6,x86-64) => /usr/local/cuda-12.8/targets/x86_64-linux/lib/libnppif.so
2026-03-25 12:50:49,514 - INFO - [36m(setup pid=5444, ip=172.31.36.113)[0m 	libnppidei.so.12 (libc6,x86-64) => /usr/local/cuda-12.4/targets/x86_64-linux/lib/libnppidei.so.12
2026-03-25 12:50:49,514 - INFO - [36m(setup pid=5444, ip=172.31.36.113)[0m 	libnppidei.so.12 (libc6,x86-64) => /usr/local/cuda-12.5/targets/x86_64-linux/lib/libnppidei.so.12
2026-03-25 12:50:49,514 - INFO - [36m(setup pid=5444, ip=172.31.36.113)[0m 	libnppidei.so.12 (libc6,x86-64) => /usr/local/cuda-12.6/targets/x86_64-linux/lib/libnppidei.so.12
2026-03-25 12:50:49,515 - INFO - [36m(setup pid=5444, ip=172.31.36.113)[0m 	libnppidei.so.12 (libc6,x86-64) => /usr/local/cuda-12.8/targets/x86_64-linux/lib/libnppidei.so.12
2026-03-25 12:50:49,515 - INFO - [36m(setup pid=5444, ip=172.31.36.113)[0m 	libnppidei.so (libc6,x86-64) => /usr/local/cuda-12.4/targets/x86_64-linux/lib/libnppidei.so
2026-03-25 12:50:49,515 - INFO - [36m(setup pid=5444, ip=172.31.36.113)[0m 	libnppidei.so (libc6,x86-64) => /usr/local/cuda-12.5/targets/x86_64-linux/lib/libnppidei.so
2026-03-25 12:50:49,515 - INFO - [36m(setup pid=5444, ip=172.31.36.113)[0m 	libnppidei.so (libc6,x86-64) => /usr/local/cuda-12.6/targets/x86_64-linux/lib/libnppidei.so
2026-03-25 12:50:49,515 - INFO - [36m(setup pid=5444, ip=172.31.36.113)[0m 	libnppidei.so (libc6,x86-64) => /usr/local/cuda-12.8/targets/x86_64-linux/lib/libnppidei.so
2026-03-25 12:50:49,515 - INFO - [36m(setup pid=5444, ip=172.31.36.113)[0m 	libnppicc.so.12 (libc6,x86-64) => /usr/local/cuda-12.4/targets/x86_64-linux/lib/libnppicc.so.12
2026-03-25 12:50:49,515 - INFO - [36m(setup pid=5444, ip=172.31.36.113)[0m 	libnppicc.so.12 (libc6,x86-64) => /usr/local/cuda-12.5/targets/x86_64-linux/lib/libnppicc.so.12
2026-03-25 12:50:49,515 - INFO - [36m(setup pid=5444, ip=172.31.36.113)[0m 	libnppicc.so.12 (libc6,x86-64) => /usr/local/cuda-12.6/targets/x86_64-linux/lib/libnppicc.so.12
2026-03-25 12:50:49,515 - INFO - [36m(setup pid=5444, ip=172.31.36.113)[0m 	libnppicc.so.12 (libc6,x86-64) => /usr/local/cuda-12.8/targets/x86_64-linux/lib/libnppicc.so.12
2026-03-25 12:50:49,515 - INFO - [36m(setup pid=5444, ip=172.31.36.113)[0m 	libnppicc.so (libc6,x86-64) => /usr/local/cuda-12.4/targets/x86_64-linux/lib/libnppicc.so
2026-03-25 12:50:49,515 - INFO - [36m(setup pid=5444, ip=172.31.36.113)[0m 	libnppicc.so (libc6,x86-64) => /usr/local/cuda-12.5/targets/x86_64-linux/lib/libnppicc.so
2026-03-25 12:50:49,515 - INFO - [36m(setup pid=5444, ip=172.31.36.113)[0m 	libnppicc.so (libc6,x86-64) => /usr/local/cuda-12.6/targets/x86_64-linux/lib/libnppicc.so
2026-03-25 12:50:49,515 - INFO - [36m(setup pid=5444, ip=172.31.36.113)[0m 	libnppicc.so (libc6,x86-64) => /usr/local/cuda-12.8/targets/x86_64-linux/lib/libnppicc.so
2026-03-25 12:50:49,515 - INFO - [36m(setup pid=5444, ip=172.31.36.113)[0m 	libnppial.so.12 (libc6,x86-64) => /usr/local/cuda-12.4/targets/x86_64-linux/lib/libnppial.so.12
2026-03-25 12:50:49,515 - INFO - [36m(setup pid=5444, ip=172.31.36.113)[0m 	libnppial.so.12 (libc6,x86-64) => /usr/local/cuda-12.5/targets/x86_64-linux/lib/libnppial.so.12
2026-03-25 12:50:49,515 - INFO - [36m(setup pid=5444, ip=172.31.36.113)[0m 	libnppial.so.12 (libc6,x86-64) => /usr/local/cuda-12.6/targets/x86_64-linux/lib/libnppial.so.12
2026-03-25 12:50:49,515 - INFO - [36m(setup pid=5444, ip=172.31.36.113)[0m 	libnppial.so.12 (libc6,x86-64) => /usr/local/cuda-12.8/targets/x86_64-linux/lib/libnppial.so.12
2026-03-25 12:50:49,515 - INFO - [36m(setup pid=5444, ip=172.31.36.113)[0m 	libnppial.so (libc6,x86-64) => /usr/local/cuda-12.4/targets/x86_64-linux/lib/libnppial.so
2026-03-25 12:50:49,515 - INFO - [36m(setup pid=5444, ip=172.31.36.113)[0m 	libnppial.so (libc6,x86-64) => /usr/local/cuda-12.5/targets/x86_64-linux/lib/libnppial.so
2026-03-25 12:50:49,515 - INFO - [36m(setup pid=5444, ip=172.31.36.113)[0m 	libnppial.so (libc6,x86-64) => /usr/local/cuda-12.6/targets/x86_64-linux/lib/libnppial.so
2026-03-25 12:50:49,515 - INFO - [36m(setup pid=5444, ip=172.31.36.113)[0m 	libnppial.so (libc6,x86-64) => /usr/local/cuda-12.8/targets/x86_64-linux/lib/libnppial.so
2026-03-25 12:50:49,515 - INFO - [36m(setup pid=5444, ip=172.31.36.113)[0m 	libnppc.so.12 (libc6,x86-64) => /usr/local/cuda-12.4/targets/x86_64-linux/lib/libnppc.so.12
2026-03-25 12:50:49,515 - INFO - [36m(setup pid=5444, ip=172.31.36.113)[0m 	libnppc.so.12 (libc6,x86-64) => /usr/local/cuda-12.5/targets/x86_64-linux/lib/libnppc.so.12
2026-03-25 12:50:49,515 - INFO - [36m(setup pid=5444, ip=172.31.36.113)[0m 	libnppc.so.12 (libc6,x86-64) => /usr/local/cuda-12.6/targets/x86_64-linux/lib/libnppc.so.12
2026-03-25 12:50:49,515 - INFO - [36m(setup pid=5444, ip=172.31.36.113)[0m 	libnppc.so.12 (libc6,x86-64) => /usr/local/cuda-12.8/targets/x86_64-linux/lib/libnppc.so.12
2026-03-25 12:50:49,515 - INFO - [36m(setup pid=5444, ip=172.31.36.113)[0m 	libnppc.so (libc6,x86-64) => /usr/local/cuda-12.4/targets/x86_64-linux/lib/libnppc.so
2026-03-25 12:50:49,515 - INFO - [36m(setup pid=5444, ip=172.31.36.113)[0m 	libnppc.so (libc6,x86-64) => /usr/local/cuda-12.5/targets/x86_64-linux/lib/libnppc.so
2026-03-25 12:50:49,515 - INFO - [36m(setup pid=5444, ip=172.31.36.113)[0m 	libnppc.so (libc6,x86-64) => /usr/local/cuda-12.6/targets/x86_64-linux/lib/libnppc.so
2026-03-25 12:50:49,515 - INFO - [36m(setup pid=5444, ip=172.31.36.113)[0m 	libnppc.so (libc6,x86-64) => /usr/local/cuda-12.8/targets/x86_64-linux/lib/libnppc.so
2026-03-25 12:50:49,515 - INFO - [36m(setup pid=5444, ip=172.31.36.113)[0m 	libicudata.so.70 (libc6,x86-64) => /lib/x86_64-linux-gnu/libicudata.so.70
2026-03-25 12:50:49,515 - INFO - [36m(setup pid=5444, ip=172.31.36.113)[0m 	libcusparse.so.12 (libc6,x86-64) => /usr/local/cuda-12.4/targets/x86_64-linux/lib/libcusparse.so.12
2026-03-25 12:50:49,515 - INFO - [36m(setup pid=5444, ip=172.31.36.113)[0m 	libcusparse.so.12 (libc6,x86-64) => /usr/local/cuda-12.5/targets/x86_64-linux/lib/libcusparse.so.12
2026-03-25 12:50:49,515 - INFO - [36m(setup pid=5444, ip=172.31.36.113)[0m 	libcusparse.so.12 (libc6,x86-64) => /usr/local/cuda-12.6/targets/x86_64-linux/lib/libcusparse.so.12
2026-03-25 12:50:49,515 - INFO - [36m(setup pid=5444, ip=172.31.36.113)[0m 	libcusparse.so.12 (libc6,x86-64) => /usr/local/cuda-12.8/targets/x86_64-linux/lib/libcusparse.so.12
2026-03-25 12:50:49,515 - INFO - [36m(setup pid=5444, ip=172.31.36.113)[0m 	libcusparse.so (libc6,x86-64) => /usr/local/cuda-12.4/targets/x86_64-linux/lib/libcusparse.so
2026-03-25 12:50:49,515 - INFO - [36m(setup pid=5444, ip=172.31.36.113)[0m 	libcusparse.so (libc6,x86-64) => /usr/local/cuda-12.5/targets/x86_64-linux/lib/libcusparse.so
2026-03-25 12:50:49,515 - INFO - [36m(setup pid=5444, ip=172.31.36.113)[0m 	libcusparse.so (libc6,x86-64) => /usr/local/cuda-12.6/targets/x86_64-linux/lib/libcusparse.so
2026-03-25 12:50:49,515 - INFO - [36m(setup pid=5444, ip=172.31.36.113)[0m 	libcusparse.so (libc6,x86-64) => /usr/local/cuda-12.8/targets/x86_64-linux/lib/libcusparse.so
2026-03-25 12:50:49,515 - INFO - [36m(setup pid=5444, ip=172.31.36.113)[0m 	libcusolverMg.so.11 (libc6,x86-64) => /usr/local/cuda-12.4/targets/x86_64-linux/lib/libcusolverMg.so.11
2026-03-25 12:50:49,515 - INFO - [36m(setup pid=5444, ip=172.31.36.113)[0m 	libcusolverMg.so.11 (libc6,x86-64) => /usr/local/cuda-12.5/targets/x86_64-linux/lib/libcusolverMg.so.11
2026-03-25 12:50:49,515 - INFO - [36m(setup pid=5444, ip=172.31.36.113)[0m 	libcusolverMg.so.11 (libc6,x86-64) => /usr/local/cuda-12.6/targets/x86_64-linux/lib/libcusolverMg.so.11
2026-03-25 12:50:49,515 - INFO - [36m(setup pid=5444, ip=172.31.36.113)[0m 	libcusolverMg.so.11 (libc6,x86-64) => /usr/local/cuda-12.8/targets/x86_64-linux/lib/libcusolverMg.so.11
2026-03-25 12:50:49,515 - INFO - [36m(setup pid=5444, ip=172.31.36.113)[0m 	libcusolverMg.so (libc6,x86-64) => /usr/local/cuda-12.4/targets/x86_64-linux/lib/libcusolverMg.so
2026-03-25 12:50:49,515 - INFO - [36m(setup pid=5444, ip=172.31.36.113)[0m 	libcusolverMg.so (libc6,x86-64) => /usr/local/cuda-12.5/targets/x86_64-linux/lib/libcusolverMg.so
2026-03-25 12:50:49,515 - INFO - [36m(setup pid=5444, ip=172.31.36.113)[0m 	libcusolverMg.so (libc6,x86-64) => /usr/local/cuda-12.6/targets/x86_64-linux/lib/libcusolverMg.so
2026-03-25 12:50:49,515 - INFO - [36m(setup pid=5444, ip=172.31.36.113)[0m 	libcusolverMg.so (libc6,x86-64) => /usr/local/cuda-12.8/targets/x86_64-linux/lib/libcusolverMg.so
2026-03-25 12:50:49,515 - INFO - [36m(setup pid=5444, ip=172.31.36.113)[0m 	libcusolver.so.11 (libc6,x86-64) => /usr/local/cuda-12.4/targets/x86_64-linux/lib/libcusolver.so.11
2026-03-25 12:50:49,515 - INFO - [36m(setup pid=5444, ip=172.31.36.113)[0m 	libcusolver.so.11 (libc6,x86-64) => /usr/local/cuda-12.5/targets/x86_64-linux/lib/libcusolver.so.11
2026-03-25 12:50:49,515 - INFO - [36m(setup pid=5444, ip=172.31.36.113)[0m 	libcusolver.so.11 (libc6,x86-64) => /usr/local/cuda-12.6/targets/x86_64-linux/lib/libcusolver.so.11
2026-03-25 12:50:49,515 - INFO - [36m(setup pid=5444, ip=172.31.36.113)[0m 	libcusolver.so.11 (libc6,x86-64) => /usr/local/cuda-12.8/targets/x86_64-linux/lib/libcusolver.so.11
2026-03-25 12:50:49,515 - INFO - [36m(setup pid=5444, ip=172.31.36.113)[0m 	libcusolver.so (libc6,x86-64) => /usr/local/cuda-12.4/targets/x86_64-linux/lib/libcusolver.so
2026-03-25 12:50:49,515 - INFO - [36m(setup pid=5444, ip=172.31.36.113)[0m 	libcusolver.so (libc6,x86-64) => /usr/local/cuda-12.5/targets/x86_64-linux/lib/libcusolver.so
2026-03-25 12:50:49,515 - INFO - [36m(setup pid=5444, ip=172.31.36.113)[0m 	libcusolver.so (libc6,x86-64) => /usr/local/cuda-12.6/targets/x86_64-linux/lib/libcusolver.so
2026-03-25 12:50:49,515 - INFO - [36m(setup pid=5444, ip=172.31.36.113)[0m 	libcusolver.so (libc6,x86-64) => /usr/local/cuda-12.8/targets/x86_64-linux/lib/libcusolver.so
2026-03-25 12:50:49,515 - INFO - [36m(setup pid=5444, ip=172.31.36.113)[0m 	libcurand.so.10 (libc6,x86-64) => /usr/local/cuda-12.4/targets/x86_64-linux/lib/libcurand.so.10
2026-03-25 12:50:49,515 - INFO - [36m(setup pid=5444, ip=172.31.36.113)[0m 	libcurand.so.10 (libc6,x86-64) => /usr/local/cuda-12.5/targets/x86_64-linux/lib/libcurand.so.10
2026-03-25 12:50:49,515 - INFO - [36m(setup pid=5444, ip=172.31.36.113)[0m 	libcurand.so.10 (libc6,x86-64) => /usr/local/cuda-12.6/targets/x86_64-linux/lib/libcurand.so.10
2026-03-25 12:50:49,515 - INFO - [36m(setup pid=5444, ip=172.31.36.113)[0m 	libcurand.so.10 (libc6,x86-64) => /usr/local/cuda-12.8/targets/x86_64-linux/lib/libcurand.so.10
2026-03-25 12:50:49,515 - INFO - [36m(setup pid=5444, ip=172.31.36.113)[0m 	libcurand.so (libc6,x86-64) => /usr/local/cuda-12.4/targets/x86_64-linux/lib/libcurand.so
2026-03-25 12:50:49,515 - INFO - [36m(setup pid=5444, ip=172.31.36.113)[0m 	libcurand.so (libc6,x86-64) => /usr/local/cuda-12.5/targets/x86_64-linux/lib/libcurand.so
2026-03-25 12:50:49,515 - INFO - [36m(setup pid=5444, ip=172.31.36.113)[0m 	libcurand.so (libc6,x86-64) => /usr/local/cuda-12.6/targets/x86_64-linux/lib/libcurand.so
2026-03-25 12:50:49,515 - INFO - [36m(setup pid=5444, ip=172.31.36.113)[0m 	libcurand.so (libc6,x86-64) => /usr/local/cuda-12.8/targets/x86_64-linux/lib/libcurand.so
2026-03-25 12:50:49,515 - INFO - [36m(setup pid=5444, ip=172.31.36.113)[0m 	libcuinj64.so.12.8 (libc6,x86-64) => /usr/local/cuda-12.8/targets/x86_64-linux/lib/libcuinj64.so.12.8
2026-03-25 12:50:49,515 - INFO - [36m(setup pid=5444, ip=172.31.36.113)[0m 	libcuinj64.so.12.6 (libc6,x86-64) => /usr/local/cuda-12.6/targets/x86_64-linux/lib/libcuinj64.so.12.6
2026-03-25 12:50:49,515 - INFO - [36m(setup pid=5444, ip=172.31.36.113)[0m 	libcuinj64.so.12.5 (libc6,x86-64) => /usr/local/cuda-12.5/targets/x86_64-linux/lib/libcuinj64.so.12.5
2026-03-25 12:50:49,515 - INFO - [36m(setup pid=5444, ip=172.31.36.113)[0m 	libcuinj64.so.12.4 (libc6,x86-64) => /usr/local/cuda-12.4/targets/x86_64-linux/lib/libcuinj64.so.12.4
2026-03-25 12:50:49,515 - INFO - [36m(setup pid=5444, ip=172.31.36.113)[0m 	libcuinj64.so (libc6,x86-64) => /usr/local/cuda-12.4/targets/x86_64-linux/lib/libcuinj64.so
2026-03-25 12:50:49,515 - INFO - [36m(setup pid=5444, ip=172.31.36.113)[0m 	libcuinj64.so (libc6,x86-64) => /usr/local/cuda-12.5/targets/x86_64-linux/lib/libcuinj64.so
2026-03-25 12:50:49,515 - INFO - [36m(setup pid=5444, ip=172.31.36.113)[0m 	libcuinj64.so (libc6,x86-64) => /usr/local/cuda-12.6/targets/x86_64-linux/lib/libcuinj64.so
2026-03-25 12:50:49,915 - INFO - [36m(setup pid=5444, ip=172.31.36.113)[0m 	libcuinj64.so (libc6,x86-64) => /usr/local/cuda-12.8/targets/x86_64-linux/lib/libcuinj64.so
2026-03-25 12:50:49,915 - INFO - [36m(setup pid=5444, ip=172.31.36.113)[0m 	libcufile_rdma.so.1 (libc6,x86-64) => /usr/local/cuda-12.4/targets/x86_64-linux/lib/libcufile_rdma.so.1
2026-03-25 12:50:49,915 - INFO - [36m(setup pid=5444, ip=172.31.36.113)[0m 	libcufile_rdma.so.1 (libc6,x86-64) => /usr/local/cuda-12.5/targets/x86_64-linux/lib/libcufile_rdma.so.1
2026-03-25 12:50:49,915 - INFO - [36m(setup pid=5444, ip=172.31.36.113)[0m 	libcufile_rdma.so.1 (libc6,x86-64) => /usr/local/cuda-12.6/targets/x86_64-linux/lib/libcufile_rdma.so.1
2026-03-25 12:50:49,915 - INFO - [36m(setup pid=5444, ip=172.31.36.113)[0m 	libcufile_rdma.so.1 (libc6,x86-64) => /usr/local/cuda-12.8/targets/x86_64-linux/lib/libcufile_rdma.so.1
2026-03-25 12:50:49,915 - INFO - [36m(setup pid=5444, ip=172.31.36.113)[0m 	libcufile_rdma.so (libc6,x86-64) => /usr/local/cuda-12.4/targets/x86_64-linux/lib/libcufile_rdma.so
2026-03-25 12:50:49,915 - INFO - [36m(setup pid=5444, ip=172.31.36.113)[0m 	libcufile_rdma.so (libc6,x86-64) => /usr/local/cuda-12.5/targets/x86_64-linux/lib/libcufile_rdma.so
2026-03-25 12:50:49,915 - INFO - [36m(setup pid=5444, ip=172.31.36.113)[0m 	libcufile_rdma.so (libc6,x86-64) => /usr/local/cuda-12.6/targets/x86_64-linux/lib/libcufile_rdma.so
2026-03-25 12:50:49,915 - INFO - [36m(setup pid=5444, ip=172.31.36.113)[0m 	libcufile_rdma.so (libc6,x86-64) => /usr/local/cuda-12.8/targets/x86_64-linux/lib/libcufile_rdma.so
2026-03-25 12:50:49,915 - INFO - [36m(setup pid=5444, ip=172.31.36.113)[0m 	libcufile.so.0 (libc6,x86-64) => /usr/local/cuda-12.4/targets/x86_64-linux/lib/libcufile.so.0
2026-03-25 12:50:49,915 - INFO - [36m(setup pid=5444, ip=172.31.36.113)[0m 	libcufile.so.0 (libc6,x86-64) => /usr/local/cuda-12.5/targets/x86_64-linux/lib/libcufile.so.0
2026-03-25 12:50:49,915 - INFO - [36m(setup pid=5444, ip=172.31.36.113)[0m 	libcufile.so.0 (libc6,x86-64) => /usr/local/cuda-12.6/targets/x86_64-linux/lib/libcufile.so.0
2026-03-25 12:50:49,915 - INFO - [36m(setup pid=5444, ip=172.31.36.113)[0m 	libcufile.so.0 (libc6,x86-64) => /usr/local/cuda-12.8/targets/x86_64-linux/lib/libcufile.so.0
2026-03-25 12:50:49,915 - INFO - [36m(setup pid=5444, ip=172.31.36.113)[0m 	libcufile.so (libc6,x86-64) => /usr/local/cuda-12.4/targets/x86_64-linux/lib/libcufile.so
2026-03-25 12:50:49,915 - INFO - [36m(setup pid=5444, ip=172.31.36.113)[0m 	libcufile.so (libc6,x86-64) => /usr/local/cuda-12.5/targets/x86_64-linux/lib/libcufile.so
2026-03-25 12:50:49,915 - INFO - [36m(setup pid=5444, ip=172.31.36.113)[0m 	libcufile.so (libc6,x86-64) => /usr/local/cuda-12.6/targets/x86_64-linux/lib/libcufile.so
2026-03-25 12:50:49,915 - INFO - [36m(setup pid=5444, ip=172.31.36.113)[0m 	libcufile.so (libc6,x86-64) => /usr/local/cuda-12.8/targets/x86_64-linux/lib/libcufile.so
2026-03-25 12:50:49,915 - INFO - [36m(setup pid=5444, ip=172.31.36.113)[0m 	libcufftw.so.11 (libc6,x86-64) => /usr/local/cuda-12.4/targets/x86_64-linux/lib/libcufftw.so.11
2026-03-25 12:50:49,915 - INFO - [36m(setup pid=5444, ip=172.31.36.113)[0m 	libcufftw.so.11 (libc6,x86-64) => /usr/local/cuda-12.5/targets/x86_64-linux/lib/libcufftw.so.11
2026-03-25 12:50:49,915 - INFO - [36m(setup pid=5444, ip=172.31.36.113)[0m 	libcufftw.so.11 (libc6,x86-64) => /usr/local/cuda-12.6/targets/x86_64-linux/lib/libcufftw.so.11
2026-03-25 12:50:49,915 - INFO - [36m(setup pid=5444, ip=172.31.36.113)[0m 	libcufftw.so.11 (libc6,x86-64) => /usr/local/cuda-12.8/targets/x86_64-linux/lib/libcufftw.so.11
2026-03-25 12:50:49,915 - INFO - [36m(setup pid=5444, ip=172.31.36.113)[0m 	libcufftw.so (libc6,x86-64) => /usr/local/cuda-12.4/targets/x86_64-linux/lib/libcufftw.so
2026-03-25 12:50:49,916 - INFO - [36m(setup pid=5444, ip=172.31.36.113)[0m 	libcufftw.so (libc6,x86-64) => /usr/local/cuda-12.5/targets/x86_64-linux/lib/libcufftw.so
2026-03-25 12:50:49,916 - INFO - [36m(setup pid=5444, ip=172.31.36.113)[0m 	libcufftw.so (libc6,x86-64) => /usr/local/cuda-12.6/targets/x86_64-linux/lib/libcufftw.so
2026-03-25 12:50:49,916 - INFO - [36m(setup pid=5444, ip=172.31.36.113)[0m 	libcufftw.so (libc6,x86-64) => /usr/local/cuda-12.8/targets/x86_64-linux/lib/libcufftw.so
2026-03-25 12:50:49,916 - INFO - [36m(setup pid=5444, ip=172.31.36.113)[0m 	libcufft.so.11 (libc6,x86-64) => /usr/local/cuda-12.4/targets/x86_64-linux/lib/libcufft.so.11
2026-03-25 12:50:49,916 - INFO - [36m(setup pid=5444, ip=172.31.36.113)[0m 	libcufft.so.11 (libc6,x86-64) => /usr/local/cuda-12.5/targets/x86_64-linux/lib/libcufft.so.11
2026-03-25 12:50:49,916 - INFO - [36m(setup pid=5444, ip=172.31.36.113)[0m 	libcufft.so.11 (libc6,x86-64) => /usr/local/cuda-12.6/targets/x86_64-linux/lib/libcufft.so.11
2026-03-25 12:50:49,916 - INFO - [36m(setup pid=5444, ip=172.31.36.113)[0m 	libcufft.so.11 (libc6,x86-64) => /usr/local/cuda-12.8/targets/x86_64-linux/lib/libcufft.so.11
2026-03-25 12:50:49,916 - INFO - [36m(setup pid=5444, ip=172.31.36.113)[0m 	libcufft.so (libc6,x86-64) => /usr/local/cuda-12.4/targets/x86_64-linux/lib/libcufft.so
2026-03-25 12:50:49,916 - INFO - [36m(setup pid=5444, ip=172.31.36.113)[0m 	libcufft.so (libc6,x86-64) => /usr/local/cuda-12.5/targets/x86_64-linux/lib/libcufft.so
2026-03-25 12:50:49,916 - INFO - [36m(setup pid=5444, ip=172.31.36.113)[0m 	libcufft.so (libc6,x86-64) => /usr/local/cuda-12.6/targets/x86_64-linux/lib/libcufft.so
2026-03-25 12:50:49,916 - INFO - [36m(setup pid=5444, ip=172.31.36.113)[0m 	libcufft.so (libc6,x86-64) => /usr/local/cuda-12.8/targets/x86_64-linux/lib/libcufft.so
2026-03-25 12:50:49,916 - INFO - [36m(setup pid=5444, ip=172.31.36.113)[0m 	libcudart.so.12 (libc6,x86-64) => /usr/local/cuda-12.4/targets/x86_64-linux/lib/libcudart.so.12
2026-03-25 12:50:49,916 - INFO - [36m(setup pid=5444, ip=172.31.36.113)[0m 	libcudart.so.12 (libc6,x86-64) => /usr/local/cuda-12.5/targets/x86_64-linux/lib/libcudart.so.12
2026-03-25 12:50:49,916 - INFO - [36m(setup pid=5444, ip=172.31.36.113)[0m 	libcudart.so.12 (libc6,x86-64) => /usr/local/cuda-12.6/targets/x86_64-linux/lib/libcudart.so.12
2026-03-25 12:50:49,916 - INFO - [36m(setup pid=5444, ip=172.31.36.113)[0m 	libcudart.so.12 (libc6,x86-64) => /usr/local/cuda-12.8/targets/x86_64-linux/lib/libcudart.so.12
2026-03-25 12:50:49,916 - INFO - [36m(setup pid=5444, ip=172.31.36.113)[0m 	libcudart.so (libc6,x86-64) => /usr/local/cuda-12.4/targets/x86_64-linux/lib/libcudart.so
2026-03-25 12:50:49,916 - INFO - [36m(setup pid=5444, ip=172.31.36.113)[0m 	libcudart.so (libc6,x86-64) => /usr/local/cuda-12.5/targets/x86_64-linux/lib/libcudart.so
2026-03-25 12:50:49,916 - INFO - [36m(setup pid=5444, ip=172.31.36.113)[0m 	libcudart.so (libc6,x86-64) => /usr/local/cuda-12.6/targets/x86_64-linux/lib/libcudart.so
2026-03-25 12:50:49,916 - INFO - [36m(setup pid=5444, ip=172.31.36.113)[0m 	libcudart.so (libc6,x86-64) => /usr/local/cuda-12.8/targets/x86_64-linux/lib/libcudart.so
2026-03-25 12:50:49,916 - INFO - [36m(setup pid=5444, ip=172.31.36.113)[0m 	libcudadebugger.so.1 (libc6,x86-64) => /lib/x86_64-linux-gnu/libcudadebugger.so.1
2026-03-25 12:50:49,916 - INFO - [36m(setup pid=5444, ip=172.31.36.113)[0m 	libcuda.so.1 (libc6,x86-64) => /lib/x86_64-linux-gnu/libcuda.so.1
2026-03-25 12:50:49,916 - INFO - [36m(setup pid=5444, ip=172.31.36.113)[0m 	libcuda.so (libc6,x86-64) => /lib/x86_64-linux-gnu/libcuda.so
2026-03-25 12:50:49,916 - INFO - [36m(setup pid=5444, ip=172.31.36.113)[0m 	libcublasLt.so.12 (libc6,x86-64) => /usr/local/cuda-12.4/targets/x86_64-linux/lib/libcublasLt.so.12
2026-03-25 12:50:49,916 - INFO - [36m(setup pid=5444, ip=172.31.36.113)[0m 	libcublasLt.so.12 (libc6,x86-64) => /usr/local/cuda-12.5/targets/x86_64-linux/lib/libcublasLt.so.12
2026-03-25 12:50:49,916 - INFO - [36m(setup pid=5444, ip=172.31.36.113)[0m 	libcublasLt.so.12 (libc6,x86-64) => /usr/local/cuda-12.6/targets/x86_64-linux/lib/libcublasLt.so.12
2026-03-25 12:50:49,916 - INFO - [36m(setup pid=5444, ip=172.31.36.113)[0m 	libcublasLt.so.12 (libc6,x86-64) => /usr/local/cuda-12.8/targets/x86_64-linux/lib/libcublasLt.so.12
2026-03-25 12:50:49,916 - INFO - [36m(setup pid=5444, ip=172.31.36.113)[0m 	libcublasLt.so (libc6,x86-64) => /usr/local/cuda-12.4/targets/x86_64-linux/lib/libcublasLt.so
2026-03-25 12:50:49,916 - INFO - [36m(setup pid=5444, ip=172.31.36.113)[0m 	libcublasLt.so (libc6,x86-64) => /usr/local/cuda-12.5/targets/x86_64-linux/lib/libcublasLt.so
2026-03-25 12:50:49,916 - INFO - [36m(setup pid=5444, ip=172.31.36.113)[0m 	libcublasLt.so (libc6,x86-64) => /usr/local/cuda-12.6/targets/x86_64-linux/lib/libcublasLt.so
2026-03-25 12:50:49,916 - INFO - [36m(setup pid=5444, ip=172.31.36.113)[0m 	libcublasLt.so (libc6,x86-64) => /usr/local/cuda-12.8/targets/x86_64-linux/lib/libcublasLt.so
2026-03-25 12:50:49,916 - INFO - [36m(setup pid=5444, ip=172.31.36.113)[0m 	libcublas.so.12 (libc6,x86-64) => /usr/local/cuda-12.4/targets/x86_64-linux/lib/libcublas.so.12
2026-03-25 12:50:49,916 - INFO - [36m(setup pid=5444, ip=172.31.36.113)[0m 	libcublas.so.12 (libc6,x86-64) => /usr/local/cuda-12.5/targets/x86_64-linux/lib/libcublas.so.12
2026-03-25 12:50:49,916 - INFO - [36m(setup pid=5444, ip=172.31.36.113)[0m 	libcublas.so.12 (libc6,x86-64) => /usr/local/cuda-12.6/targets/x86_64-linux/lib/libcublas.so.12
2026-03-25 12:50:49,916 - INFO - [36m(setup pid=5444, ip=172.31.36.113)[0m 	libcublas.so.12 (libc6,x86-64) => /usr/local/cuda-12.8/targets/x86_64-linux/lib/libcublas.so.12
2026-03-25 12:50:49,916 - INFO - [36m(setup pid=5444, ip=172.31.36.113)[0m 	libcublas.so (libc6,x86-64) => /usr/local/cuda-12.4/targets/x86_64-linux/lib/libcublas.so
2026-03-25 12:50:49,916 - INFO - [36m(setup pid=5444, ip=172.31.36.113)[0m 	libcublas.so (libc6,x86-64) => /usr/local/cuda-12.5/targets/x86_64-linux/lib/libcublas.so
2026-03-25 12:50:49,916 - INFO - [36m(setup pid=5444, ip=172.31.36.113)[0m 	libcublas.so (libc6,x86-64) => /usr/local/cuda-12.6/targets/x86_64-linux/lib/libcublas.so
2026-03-25 12:50:49,916 - INFO - [36m(setup pid=5444, ip=172.31.36.113)[0m 	libcublas.so (libc6,x86-64) => /usr/local/cuda-12.8/targets/x86_64-linux/lib/libcublas.so
2026-03-25 12:50:49,916 - INFO - [36m(setup pid=5444, ip=172.31.36.113)[0m 	libaccinj64.so.12.8 (libc6,x86-64) => /usr/local/cuda-12.8/targets/x86_64-linux/lib/libaccinj64.so.12.8
2026-03-25 12:50:49,916 - INFO - [36m(setup pid=5444, ip=172.31.36.113)[0m 	libaccinj64.so.12.6 (libc6,x86-64) => /usr/local/cuda-12.6/targets/x86_64-linux/lib/libaccinj64.so.12.6
2026-03-25 12:50:49,916 - INFO - [36m(setup pid=5444, ip=172.31.36.113)[0m 	libaccinj64.so.12.5 (libc6,x86-64) => /usr/local/cuda-12.5/targets/x86_64-linux/lib/libaccinj64.so.12.5
2026-03-25 12:50:49,916 - INFO - [36m(setup pid=5444, ip=172.31.36.113)[0m 	libaccinj64.so.12.4 (libc6,x86-64) => /usr/local/cuda-12.4/targets/x86_64-linux/lib/libaccinj64.so.12.4
2026-03-25 12:50:49,916 - INFO - [36m(setup pid=5444, ip=172.31.36.113)[0m 	libaccinj64.so (libc6,x86-64) => /usr/local/cuda-12.4/targets/x86_64-linux/lib/libaccinj64.so
2026-03-25 12:50:49,916 - INFO - [36m(setup pid=5444, ip=172.31.36.113)[0m 	libaccinj64.so (libc6,x86-64) => /usr/local/cuda-12.5/targets/x86_64-linux/lib/libaccinj64.so
2026-03-25 12:50:49,916 - INFO - [36m(setup pid=5444, ip=172.31.36.113)[0m 	libaccinj64.so (libc6,x86-64) => /usr/local/cuda-12.6/targets/x86_64-linux/lib/libaccinj64.so
2026-03-25 12:50:49,916 - INFO - [36m(setup pid=5444, ip=172.31.36.113)[0m 	libaccinj64.so (libc6,x86-64) => /usr/local/cuda-12.8/targets/x86_64-linux/lib/libaccinj64.so
2026-03-25 12:50:49,916 - INFO - [36m(setup pid=5444, ip=172.31.36.113)[0m 	libOpenCL.so.1 (libc6,x86-64) => /usr/local/cuda-12.4/targets/x86_64-linux/lib/libOpenCL.so.1
2026-03-25 12:50:49,916 - INFO - [36m(setup pid=5444, ip=172.31.36.113)[0m 	libOpenCL.so.1 (libc6,x86-64) => /usr/local/cuda-12.5/targets/x86_64-linux/lib/libOpenCL.so.1
2026-03-25 12:50:49,916 - INFO - [36m(setup pid=5444, ip=172.31.36.113)[0m 	libOpenCL.so.1 (libc6,x86-64) => /usr/local/cuda-12.6/targets/x86_64-linux/lib/libOpenCL.so.1
2026-03-25 12:50:49,916 - INFO - [36m(setup pid=5444, ip=172.31.36.113)[0m 	libOpenCL.so.1 (libc6,x86-64) => /usr/local/cuda-12.8/targets/x86_64-linux/lib/libOpenCL.so.1
2026-03-25 12:50:49,916 - INFO - [36m(setup pid=5444, ip=172.31.36.113)[0m 	libOpenCL.so (libc6,x86-64) => /usr/local/cuda-12.4/targets/x86_64-linux/lib/libOpenCL.so
2026-03-25 12:50:49,916 - INFO - [36m(setup pid=5444, ip=172.31.36.113)[0m 	libOpenCL.so (libc6,x86-64) => /usr/local/cuda-12.5/targets/x86_64-linux/lib/libOpenCL.so
2026-03-25 12:50:49,916 - INFO - [36m(setup pid=5444, ip=172.31.36.113)[0m 	libOpenCL.so (libc6,x86-64) => /usr/local/cuda-12.6/targets/x86_64-linux/lib/libOpenCL.so
2026-03-25 12:50:49,916 - INFO - [36m(setup pid=5444, ip=172.31.36.113)[0m 	libOpenCL.so (libc6,x86-64) => /usr/local/cuda-12.8/targets/x86_64-linux/lib/libOpenCL.so
2026-03-25 12:50:49,916 - INFO - [36m(setup pid=5444, ip=172.31.36.113)[0m + echo 'CUDA toolkit path:'
2026-03-25 12:50:49,916 - INFO - [36m(setup pid=5444, ip=172.31.36.113)[0m CUDA toolkit path:
2026-03-25 12:50:49,916 - INFO - [36m(setup pid=5444, ip=172.31.36.113)[0m + ls --color=auto -la /usr/local/cuda /usr/local/cuda-12.4 /usr/local/cuda-12.5 /usr/local/cuda-12.6 /usr/local/cuda-12.8
2026-03-25 12:50:49,916 - INFO - [36m(setup pid=6900)[0m drwxrwxr-x  3 root   root    4096 Aug  8  2025 lib
2026-03-25 12:50:49,916 - INFO - [36m(setup pid=6900)[0m lrwxrwxrwx  1 root   root      24 Aug  8  2025 lib64 -> targets/x86_64-linux/lib
2026-03-25 12:50:49,916 - INFO - [36m(setup pid=6900)[0m drwxr-xr-x  7 root   root    4096 Aug  8  2025 libnvvp
2026-03-25 12:50:49,916 - INFO - [36m(setup pid=6900)[0m drwxr-xr-x  7 root   root    4096 Aug  8  2025 nsight-compute-2024.3.2
2026-03-25 12:50:49,916 - INFO - [36m(setup pid=6900)[0m drwxr-xr-x  6 root   root    4096 Aug  8  2025 nsight-systems-2024.5.1
2026-03-25 12:50:49,916 - INFO - [36m(setup pid=6900)[0m drwxr-xr-x  2 root   root    4096 Aug  8  2025 nsightee_plugins
2026-03-25 12:50:49,916 - INFO - [36m(setup pid=6900)[0m drwxr-xr-x  3 root   root    4096 Aug  8  2025 nvml
2026-03-25 12:50:49,916 - INFO - [36m(setup pid=6900)[0m drwxr-xr-x  6 root   root    4096 Aug  8  2025 nvvm
2026-03-25 12:50:49,916 - INFO - [36m(setup pid=6900)[0m drwxr-xr-x  3 root   root    4096 Aug  8  2025 share
2026-03-25 12:50:49,916 - INFO - [36m(setup pid=6900)[0m drwxr-xr-x  2 root   root    4096 Aug  8  2025 src
2026-03-25 12:50:49,916 - INFO - [36m(setup pid=6900)[0m drwxr-xr-x  3 root   root    4096 Aug  8  2025 targets
2026-03-25 12:50:49,916 - INFO - [36m(setup pid=6900)[0m drwxr-xr-x  2 root   root    4096 Aug  8  2025 tools
2026-03-25 12:50:49,916 - INFO - [36m(setup pid=6900)[0m -rw-r--r--  1 root   root    2935 Aug  8  2025 version.json
2026-03-25 12:50:49,916 - INFO - [36m(setup pid=6900)[0m
2026-03-25 12:50:49,916 - INFO - [36m(setup pid=6900)[0m /usr/local/cuda-12.8:
2026-03-25 12:50:49,916 - INFO - [36m(setup pid=6900)[0m total 188
2026-03-25 12:50:49,916 - INFO - [36m(setup pid=6900)[0m drwxr-xr-x 19 root   root    4096 Aug  8  2025 .
2026-03-25 12:50:49,916 - INFO - [36m(setup pid=6900)[0m drwxr-xr-x 15 root   root    4096 Aug  8  2025 ..
2026-03-25 12:50:49,916 - INFO - [36m(setup pid=6900)[0m -rw-r--r--  1 root   root     160 Aug  8  2025 DOCS
2026-03-25 12:50:49,916 - INFO - [36m(setup pid=6900)[0m -rw-r--r--  1 root   root   63021 Aug  8  2025 EULA.txt
2026-03-25 12:50:49,916 - INFO - [36m(setup pid=6900)[0m -rw-r--r--  1 ubuntu ubuntu 29574 May 31  2025 LICENSE
2026-03-25 12:50:49,917 - INFO - [36m(setup pid=6900)[0m -rw-r--r--  1 root   root    1895 May 15  2025 LICENSE.txt
2026-03-25 12:50:49,917 - INFO - [36m(setup pid=6900)[0m -rw-r--r--  1 root   root     524 Aug  8  2025 README
2026-03-25 12:50:49,917 - INFO - [36m(setup pid=6900)[0m drwxr-xr-x  3 root   root    4096 May 15  2025 bin
2026-03-25 12:50:49,917 - INFO - [36m(setup pid=6900)[0m drwxr-xr-x  5 root   root    4096 Aug  8  2025 compute-sanitizer
2026-03-25 12:50:49,917 - INFO - [36m(setup pid=6900)[0m lrwxrwxrwx  1 root   root      20 Aug  8  2025 cuda-12.8 -> /usr/local/cuda-12.8
2026-03-25 12:50:49,917 - INFO - [36m(setup pid=6900)[0m drwxr-xr-x  3 root   root    4096 Aug  8  2025 efa
2026-03-25 12:50:49,917 - INFO - [36m(setup pid=6900)[0m drwxr-xr-x  5 root   root    4096 Aug  8  2025 extras
2026-03-25 12:50:49,917 - INFO - [36m(setup pid=6900)[0m drwxr-xr-x  5 root   root    4096 Aug  8  2025 gds
2026-03-25 12:50:49,917 - INFO - [36m(setup pid=6900)[0m drwxr-xr-x  2 root   root    4096 Aug  8  2025 gds-12.8
2026-03-25 12:50:49,917 - INFO - [36m(setup pid=6900)[0m lrwxrwxrwx  1 root   root      28 Aug  8  2025 include -> targets/x86_64-linux/include
2026-03-25 12:50:49,917 - INFO - [36m(setup pid=6900)[0m drwxr-xr-x  3 root   root    4096 Aug  8  2025 lib
2026-03-25 12:50:49,917 - INFO - [36m(setup pid=6900)[0m lrwxrwxrwx  1 root   root      24 Aug  8  2025 lib64 -> targets/x86_64-linux/lib
2026-03-25 12:50:49,917 - INFO - [36m(setup pid=6900)[0m drwxr-xr-x  7 root   root    4096 Aug  8  2025 libnvvp
2026-03-25 12:50:49,917 - INFO - [36m(setup pid=6900)[0m drwxr-xr-x  7 root   root    4096 Aug  8  2025 nsight-compute-2025.1.1
2026-03-25 12:50:49,917 - INFO - [36m(setup pid=6900)[0m drwxr-xr-x  6 root   root    4096 Aug  8  2025 nsight-systems-2024.6.2
2026-03-25 12:50:49,917 - INFO - [36m(setup pid=6900)[0m drwxr-xr-x  2 root   root    4096 Aug  8  2025 nsightee_plugins
2026-03-25 12:50:49,917 - INFO - [36m(setup pid=6900)[0m drwxr-xr-x  3 root   root    4096 Aug  8  2025 nvml
2026-03-25 12:50:49,917 - INFO - [36m(setup pid=6900)[0m drwxr-xr-x  6 root   root    4096 Aug  8  2025 nvvm
2026-03-25 12:50:49,917 - INFO - [36m(setup pid=6900)[0m drwxr-xr-x  3 root   root    4096 Aug  8  2025 share
2026-03-25 12:50:49,917 - INFO - [36m(setup pid=6900)[0m drwxr-xr-x  2 root   root    4096 Aug  8  2025 src
2026-03-25 12:50:49,917 - INFO - [36m(setup pid=6900)[0m drwxr-xr-x  3 root   root    4096 Aug  8  2025 targets
2026-03-25 12:50:49,917 - INFO - [36m(setup pid=6900)[0m drwxr-xr-x  2 root   root    4096 Aug  8  2025 tools
2026-03-25 12:50:49,917 - INFO - [36m(setup pid=6900)[0m -rw-r--r--  1 root   root    2940 Aug  8  2025 version.json
2026-03-25 12:50:49,917 - INFO - [36m(setup pid=6900)[0m + echo ===================================
2026-03-25 12:50:49,917 - INFO - [36m(setup pid=6900)[0m ===================================
2026-03-25 12:50:49,917 - INFO - [36m(setup pid=6900)[0m + command -v nvidia-smi
2026-03-25 12:50:49,917 - INFO - [36m(setup pid=6900)[0m + '[' true = true ']'
2026-03-25 12:50:49,917 - INFO - [36m(setup pid=6900)[0m + echo '=== Fabric Manager for NVSwitch ==='
2026-03-25 12:50:49,917 - INFO - [36m(setup pid=6900)[0m === Fabric Manager for NVSwitch ===
2026-03-25 12:50:49,917 - INFO - [36m(setup pid=6900)[0m + systemctl is-active --quiet nvidia-fabricmanager
2026-03-25 12:50:49,917 - INFO - [36m(setup pid=6900)[0m + echo 'Fabric Manager already running'
2026-03-25 12:50:49,917 - INFO - [36m(setup pid=6900)[0m Fabric Manager already running
2026-03-25 12:50:49,917 - INFO - [36m(setup pid=6900)[0m + nvidia-smi topo -m
2026-03-25 12:50:49,917 - INFO - [36m(setup pid=6900)[0m + awk 'NR<=15'
2026-03-25 12:50:49,917 - INFO - [36m(setup pid=6900)[0m 	[4mGPU0	GPU1	GPU2	GPU3	GPU4	GPU5	GPU6	GPU7	CPU Affinity	NUMA Affinity	GPU NUMA ID[0m
2026-03-25 12:50:49,917 - INFO - [36m(setup pid=6900)[0m GPU0	 X 	NV12	NV12	NV12	NV12	NV12	NV12	NV12	0-23,48-71	0		N/A
2026-03-25 12:50:49,917 - INFO - [36m(setup pid=6900)[0m GPU1	NV12	 X 	NV12	NV12	NV12	NV12	NV12	NV12	0-23,48-71	0		N/A
2026-03-25 12:50:49,917 - INFO - [36m(setup pid=6900)[0m GPU2	NV12	NV12	 X 	NV12	NV12	NV12	NV12	NV12	0-23,48-71	0		N/A
2026-03-25 12:50:49,917 - INFO - [36m(setup pid=6900)[0m GPU3	NV12	NV12	NV12	 X 	NV12	NV12	NV12	NV12	0-23,48-71	0		N/A
2026-03-25 12:50:49,917 - INFO - [36m(setup pid=6900)[0m GPU4	NV12	NV12	NV12	NV12	 X 	NV12	NV12	NV12	24-47,72-95	1		N/A
2026-03-25 12:50:49,917 - INFO - [36m(setup pid=6900)[0m GPU5	NV12	NV12	NV12	NV12	NV12	 X 	NV12	NV12	24-47,72-95	1		N/A
2026-03-25 12:50:49,917 - INFO - [36m(setup pid=6900)[0m GPU6	NV12	NV12	NV12	NV12	NV12	NV12	 X 	NV12	24-47,72-95	1		N/A
2026-03-25 12:50:49,917 - INFO - [36m(setup pid=6900)[0m GPU7	NV12	NV12	NV12	NV12	NV12	NV12	NV12	 X 	24-47,72-95	1		N/A
2026-03-25 12:50:49,917 - INFO - [36m(setup pid=6900)[0m
2026-03-25 12:50:49,917 - INFO - [36m(setup pid=6900)[0m Legend:
2026-03-25 12:50:49,917 - INFO - [36m(setup pid=6900)[0m
2026-03-25 12:50:49,917 - INFO - [36m(setup pid=6900)[0m   X    = Self
2026-03-25 12:50:49,917 - INFO - [36m(setup pid=6900)[0m   SYS  = Connection traversing PCIe as well as the SMP interconnect between NUMA nodes (e.g., QPI/UPI)
2026-03-25 12:50:49,917 - INFO - [36m(setup pid=6900)[0m   NODE = Connection traversing PCIe as well as the interconnect between PCIe Host Bridges within a NUMA node
2026-03-25 12:50:49,917 - INFO - [36m(setup pid=6900)[0m + sudo apt-get install -y numactl
2026-03-25 12:50:49,917 - INFO - [36m(setup pid=6900)[0m Reading package lists...
2026-03-25 12:50:49,917 - INFO - [36m(setup pid=5444, ip=172.31.36.113)[0m lrwxrwxrwx  1 root root   21 Aug  8  2025 /usr/local/cuda -> /usr/local/cuda-12.8/
2026-03-25 12:50:49,917 - INFO - [36m(setup pid=5444, ip=172.31.36.113)[0m
2026-03-25 12:50:49,917 - INFO - [36m(setup pid=5444, ip=172.31.36.113)[0m /usr/local/cuda-12.4:
2026-03-25 12:50:49,917 - INFO - [36m(setup pid=5444, ip=172.31.36.113)[0m total 188
2026-03-25 12:50:49,917 - INFO - [36m(setup pid=5444, ip=172.31.36.113)[0m drwxr-xr-x 19 root   root    4096 Aug  8  2025 .
2026-03-25 12:50:49,917 - INFO - [36m(setup pid=5444, ip=172.31.36.113)[0m drwxr-xr-x 15 root   root    4096 Aug  8  2025 ..
2026-03-25 12:50:49,917 - INFO - [36m(setup pid=5444, ip=172.31.36.113)[0m -rw-r--r--  1 root   root     160 Aug  8  2025 DOCS
2026-03-25 12:50:49,917 - INFO - [36m(setup pid=5444, ip=172.31.36.113)[0m -rw-r--r--  1 root   root   63021 Aug  8  2025 EULA.txt
2026-03-25 12:50:49,917 - INFO - [36m(setup pid=5444, ip=172.31.36.113)[0m -rw-r--r--  1 ubuntu ubuntu 29662 Nov 30  2023 LICENSE
2026-03-25 12:50:49,917 - INFO - [36m(setup pid=5444, ip=172.31.36.113)[0m -rw-r--r--  1 root   root    1895 Jun 11  2024 LICENSE.txt
2026-03-25 12:50:49,917 - INFO - [36m(setup pid=5444, ip=172.31.36.113)[0m -rw-r--r--  1 root   root     524 Aug  8  2025 README
2026-03-25 12:50:49,917 - INFO - [36m(setup pid=5444, ip=172.31.36.113)[0m drwxr-xr-x  3 root   root    4096 Aug  8  2025 bin
2026-03-25 12:50:49,917 - INFO - [36m(setup pid=5444, ip=172.31.36.113)[0m drwxr-xr-x  5 root   root    4096 Aug  8  2025 compute-sanitizer
2026-03-25 12:50:49,917 - INFO - [36m(setup pid=5444, ip=172.31.36.113)[0m drwxr-xr-x  3 root   root    4096 Aug  8  2025 efa
2026-03-25 12:50:49,917 - INFO - [36m(setup pid=5444, ip=172.31.36.113)[0m drwxr-xr-x  5 root   root    4096 Aug  8  2025 extras
2026-03-25 12:50:49,917 - INFO - [36m(setup pid=5444, ip=172.31.36.113)[0m drwxr-xr-x  5 root   root    4096 Aug  8  2025 gds
2026-03-25 12:50:49,917 - INFO - [36m(setup pid=5444, ip=172.31.36.113)[0m drwxr-xr-x  2 root   root    4096 Aug  8  2025 gds-12.4
2026-03-25 12:50:49,917 - INFO - [36m(setup pid=5444, ip=172.31.36.113)[0m lrwxrwxrwx  1 root   root      28 Aug  8  2025 include -> targets/x86_64-linux/include
2026-03-25 12:50:49,917 - INFO - [36m(setup pid=5444, ip=172.31.36.113)[0m drwxrwxr-x  3 root   root    4096 Aug  8  2025 lib
2026-03-25 12:50:49,917 - INFO - [36m(setup pid=5444, ip=172.31.36.113)[0m lrwxrwxrwx  1 root   root      24 Aug  8  2025 lib64 -> targets/x86_64-linux/lib
2026-03-25 12:50:49,917 - INFO - [36m(setup pid=5444, ip=172.31.36.113)[0m drwxr-xr-x  7 root   root    4096 Aug  8  2025 libnvvp
2026-03-25 12:50:49,917 - INFO - [36m(setup pid=5444, ip=172.31.36.113)[0m drwxr-xr-x  7 root   root    4096 Aug  8  2025 nsight-compute-2024.1.1
2026-03-25 12:50:49,917 - INFO - [36m(setup pid=5444, ip=172.31.36.113)[0m drwxr-xr-x  6 root   root    4096 Aug  8  2025 nsight-systems-2023.4.4
2026-03-25 12:50:49,917 - INFO - [36m(setup pid=5444, ip=172.31.36.113)[0m drwxr-xr-x  2 root   root    4096 Aug  8  2025 nsightee_plugins
2026-03-25 12:50:49,917 - INFO - [36m(setup pid=5444, ip=172.31.36.113)[0m drwxr-xr-x  3 root   root    4096 Aug  8  2025 nvml
2026-03-25 12:50:49,917 - INFO - [36m(setup pid=5444, ip=172.31.36.113)[0m drwxr-xr-x  6 root   root    4096 Aug  8  2025 nvvm
2026-03-25 12:50:49,917 - INFO - [36m(setup pid=5444, ip=172.31.36.113)[0m drwxr-xr-x  3 root   root    4096 Aug  8  2025 share
2026-03-25 12:50:49,917 - INFO - [36m(setup pid=5444, ip=172.31.36.113)[0m drwxr-xr-x  2 root   root    4096 Aug  8  2025 src
2026-03-25 12:50:49,917 - INFO - [36m(setup pid=5444, ip=172.31.36.113)[0m drwxr-xr-x  3 root   root    4096 Aug  8  2025 targets
2026-03-25 12:50:49,917 - INFO - [36m(setup pid=5444, ip=172.31.36.113)[0m drwxr-xr-x  2 root   root    4096 Aug  8  2025 tools
2026-03-25 12:50:49,917 - INFO - [36m(setup pid=5444, ip=172.31.36.113)[0m -rw-r--r--  1 root   root    2957 Aug  8  2025 version.json
2026-03-25 12:50:49,917 - INFO - [36m(setup pid=5444, ip=172.31.36.113)[0m
2026-03-25 12:50:49,917 - INFO - [36m(setup pid=5444, ip=172.31.36.113)[0m /usr/local/cuda-12.5:
2026-03-25 12:50:49,917 - INFO - [36m(setup pid=5444, ip=172.31.36.113)[0m total 188
2026-03-25 12:50:49,917 - INFO - [36m(setup pid=5444, ip=172.31.36.113)[0m drwxr-xr-x 19 root   root    4096 Aug  8  2025 .
2026-03-25 12:50:49,917 - INFO - [36m(setup pid=5444, ip=172.31.36.113)[0m drwxr-xr-x 15 root   root    4096 Aug  8  2025 ..
2026-03-25 12:50:49,917 - INFO - [36m(setup pid=5444, ip=172.31.36.113)[0m -rw-r--r--  1 root   root     160 Aug  8  2025 DOCS
2026-03-25 12:50:49,917 - INFO - [36m(setup pid=5444, ip=172.31.36.113)[0m -rw-r--r--  1 root   root   63021 Aug  8  2025 EULA.txt
2026-03-25 12:50:49,917 - INFO - [36m(setup pid=5444, ip=172.31.36.113)[0m -rw-r--r--  1 ubuntu ubuntu 29574 Oct 21  2024 LICENSE
2026-03-25 12:50:49,917 - INFO - [36m(setup pid=5444, ip=172.31.36.113)[0m -rw-r--r--  1 root   root    1895 Nov  6  2024 LICENSE.txt
2026-03-25 12:50:49,917 - INFO - [36m(setup pid=5444, ip=172.31.36.113)[0m -rw-r--r--  1 root   root     524 Aug  8  2025 README
2026-03-25 12:50:49,917 - INFO - [36m(setup pid=5444, ip=172.31.36.113)[0m drwxr-xr-x  3 root   root    4096 Aug  8  2025 bin
2026-03-25 12:50:49,917 - INFO - [36m(setup pid=5444, ip=172.31.36.113)[0m drwxr-xr-x  5 root   root    4096 Aug  8  2025 compute-sanitizer
2026-03-25 12:50:49,917 - INFO - [36m(setup pid=5444, ip=172.31.36.113)[0m drwxr-xr-x  3 root   root    4096 Aug  8  2025 efa
2026-03-25 12:50:49,917 - INFO - [36m(setup pid=5444, ip=172.31.36.113)[0m drwxr-xr-x  5 root   root    4096 Aug  8  2025 extras
2026-03-25 12:50:49,917 - INFO - [36m(setup pid=5444, ip=172.31.36.113)[0m drwxr-xr-x  5 root   root    4096 Aug  8  2025 gds
2026-03-25 12:50:49,917 - INFO - [36m(setup pid=5444, ip=172.31.36.113)[0m drwxr-xr-x  2 root   root    4096 Aug  8  2025 gds-12.5
2026-03-25 12:50:49,917 - INFO - [36m(setup pid=5444, ip=172.31.36.113)[0m lrwxrwxrwx  1 root   root      28 Aug  8  2025 include -> targets/x86_64-linux/include
2026-03-25 12:50:49,917 - INFO - [36m(setup pid=5444, ip=172.31.36.113)[0m drwxr-xr-x  3 root   root    4096 Aug  8  2025 lib
2026-03-25 12:50:49,917 - INFO - [36m(setup pid=5444, ip=172.31.36.113)[0m lrwxrwxrwx  1 root   root      24 Aug  8  2025 lib64 -> targets/x86_64-linux/lib
2026-03-25 12:50:49,917 - INFO - [36m(setup pid=5444, ip=172.31.36.113)[0m drwxr-xr-x  7 root   root    4096 Aug  8  2025 libnvvp
2026-03-25 12:50:49,918 - INFO - [36m(setup pid=5444, ip=172.31.36.113)[0m drwxr-xr-x  7 root   root    4096 Aug  8  2025 nsight-compute-2024.2.0
2026-03-25 12:50:49,918 - INFO - [36m(setup pid=5444, ip=172.31.36.113)[0m drwxr-xr-x  6 root   root    4096 Aug  8  2025 nsight-systems-2024.2.3
2026-03-25 12:50:49,918 - INFO - [36m(setup pid=5444, ip=172.31.36.113)[0m drwxr-xr-x  2 root   root    4096 Aug  8  2025 nsightee_plugins
2026-03-25 12:50:49,918 - INFO - [36m(setup pid=5444, ip=172.31.36.113)[0m drwxr-xr-x  3 root   root    4096 Aug  8  2025 nvml
2026-03-25 12:50:49,918 - INFO - [36m(setup pid=5444, ip=172.31.36.113)[0m drwxr-xr-x  6 root   root    4096 Aug  8  2025 nvvm
2026-03-25 12:50:49,918 - INFO - [36m(setup pid=5444, ip=172.31.36.113)[0m drwxr-xr-x  3 root   root    4096 Aug  8  2025 share
2026-03-25 12:50:49,918 - INFO - [36m(setup pid=5444, ip=172.31.36.113)[0m drwxr-xr-x  2 root   root    4096 Aug  8  2025 src
2026-03-25 12:50:49,918 - INFO - [36m(setup pid=5444, ip=172.31.36.113)[0m drwxr-xr-x  3 root   root    4096 Aug  8  2025 targets
2026-03-25 12:50:49,918 - INFO - [36m(setup pid=5444, ip=172.31.36.113)[0m drwxr-xr-x  2 root   root    4096 Aug  8  2025 tools
2026-03-25 12:50:49,918 - INFO - [36m(setup pid=5444, ip=172.31.36.113)[0m -rw-r--r--  1 root   root    2940 Aug  8  2025 version.json
2026-03-25 12:50:49,918 - INFO - [36m(setup pid=5444, ip=172.31.36.113)[0m
2026-03-25 12:50:49,918 - INFO - [36m(setup pid=5444, ip=172.31.36.113)[0m /usr/local/cuda-12.6:
2026-03-25 12:50:49,918 - INFO - [36m(setup pid=5444, ip=172.31.36.113)[0m total 188
2026-03-25 12:50:49,918 - INFO - [36m(setup pid=5444, ip=172.31.36.113)[0m drwxr-xr-x 19 root   root    4096 Aug  8  2025 .
2026-03-25 12:50:49,918 - INFO - [36m(setup pid=5444, ip=172.31.36.113)[0m drwxr-xr-x 15 root   root    4096 Aug  8  2025 ..
2026-03-25 12:50:49,918 - INFO - [36m(setup pid=5444, ip=172.31.36.113)[0m -rw-r--r--  1 root   root     160 Aug  8  2025 DOCS
2026-03-25 12:50:49,918 - INFO - [36m(setup pid=5444, ip=172.31.36.113)[0m -rw-r--r--  1 root   root   63021 Aug  8  2025 EULA.txt
2026-03-25 12:50:49,918 - INFO - [36m(setup pid=5444, ip=172.31.36.113)[0m -rw-r--r--  1 ubuntu ubuntu 29574 Dec 30  2024 LICENSE
2026-03-25 12:50:49,918 - INFO - [36m(setup pid=5444, ip=172.31.36.113)[0m -rw-r--r--  1 root   root    1895 Dec  7  2024 LICENSE.txt
2026-03-25 12:50:49,918 - INFO - [36m(setup pid=5444, ip=172.31.36.113)[0m -rw-r--r--  1 root   root     524 Aug  8  2025 README
2026-03-25 12:50:49,918 - INFO - [36m(setup pid=5444, ip=172.31.36.113)[0m drwxrwxr-x  3 root   root    4096 Dec  7  2024 bin
2026-03-25 12:50:49,918 - INFO - [36m(setup pid=5444, ip=172.31.36.113)[0m drwxr-xr-x  5 root   root    4096 Aug  8  2025 compute-sanitizer
2026-03-25 12:50:49,918 - INFO - [36m(setup pid=5444, ip=172.31.36.113)[0m drwxr-xr-x  3 root   root    4096 Aug  8  2025 efa
2026-03-25 12:50:49,918 - INFO - [36m(setup pid=5444, ip=172.31.36.113)[0m drwxr-xr-x  5 root   root    4096 Aug  8  2025 extras
2026-03-25 12:50:49,918 - INFO - [36m(setup pid=5444, ip=172.31.36.113)[0m drwxr-xr-x  5 root   root    4096 Aug  8  2025 gds
2026-03-25 12:50:49,918 - INFO - [36m(setup pid=5444, ip=172.31.36.113)[0m drwxr-xr-x  2 root   root    4096 Aug  8  2025 gds-12.6
2026-03-25 12:50:49,918 - INFO - [36m(setup pid=5444, ip=172.31.36.113)[0m lrwxrwxrwx  1 root   root      28 Aug  8  2025 include -> targets/x86_64-linux/include
2026-03-25 12:50:49,918 - INFO - [36m(setup pid=5444, ip=172.31.36.113)[0m drwxrwxr-x  3 root   root    4096 Aug  8  2025 lib
2026-03-25 12:50:49,918 - INFO - [36m(setup pid=5444, ip=172.31.36.113)[0m lrwxrwxrwx  1 root   root      24 Aug  8  2025 lib64 -> targets/x86_64-linux/lib
2026-03-25 12:50:49,918 - INFO - [36m(setup pid=5444, ip=172.31.36.113)[0m drwxr-xr-x  7 root   root    4096 Aug  8  2025 libnvvp
2026-03-25 12:50:49,918 - INFO - [36m(setup pid=5444, ip=172.31.36.113)[0m drwxr-xr-x  7 root   root    4096 Aug  8  2025 nsight-compute-2024.3.2
2026-03-25 12:50:49,918 - INFO - [36m(setup pid=5444, ip=172.31.36.113)[0m drwxr-xr-x  6 root   root    4096 Aug  8  2025 nsight-systems-2024.5.1
2026-03-25 12:50:49,918 - INFO - [36m(setup pid=5444, ip=172.31.36.113)[0m drwxr-xr-x  2 root   root    4096 Aug  8  2025 nsightee_plugins
2026-03-25 12:50:49,918 - INFO - [36m(setup pid=5444, ip=172.31.36.113)[0m drwxr-xr-x  3 root   root    4096 Aug  8  2025 nvml
2026-03-25 12:50:49,918 - INFO - [36m(setup pid=5444, ip=172.31.36.113)[0m drwxr-xr-x  6 root   root    4096 Aug  8  2025 nvvm
2026-03-25 12:50:49,918 - INFO - [36m(setup pid=5444, ip=172.31.36.113)[0m drwxr-xr-x  3 root   root    4096 Aug  8  2025 share
2026-03-25 12:50:49,918 - INFO - [36m(setup pid=5444, ip=172.31.36.113)[0m drwxr-xr-x  2 root   root    4096 Aug  8  2025 src
2026-03-25 12:50:49,918 - INFO - [36m(setup pid=5444, ip=172.31.36.113)[0m drwxr-xr-x  3 root   root    4096 Aug  8  2025 targets
2026-03-25 12:50:49,918 - INFO - [36m(setup pid=5444, ip=172.31.36.113)[0m drwxr-xr-x  2 root   root    4096 Aug  8  2025 tools
2026-03-25 12:50:49,918 - INFO - [36m(setup pid=5444, ip=172.31.36.113)[0m -rw-r--r--  1 root   root    2935 Aug  8  2025 version.json
2026-03-25 12:50:49,918 - INFO - [36m(setup pid=5444, ip=172.31.36.113)[0m
2026-03-25 12:50:49,918 - INFO - [36m(setup pid=5444, ip=172.31.36.113)[0m /usr/local/cuda-12.8:
2026-03-25 12:50:49,918 - INFO - [36m(setup pid=5444, ip=172.31.36.113)[0m total 188
2026-03-25 12:50:49,918 - INFO - [36m(setup pid=5444, ip=172.31.36.113)[0m drwxr-xr-x 19 root   root    4096 Aug  8  2025 .
2026-03-25 12:50:49,918 - INFO - [36m(setup pid=5444, ip=172.31.36.113)[0m drwxr-xr-x 15 root   root    4096 Aug  8  2025 ..
2026-03-25 12:50:49,918 - INFO - [36m(setup pid=5444, ip=172.31.36.113)[0m -rw-r--r--  1 root   root     160 Aug  8  2025 DOCS
2026-03-25 12:50:49,918 - INFO - [36m(setup pid=5444, ip=172.31.36.113)[0m -rw-r--r--  1 root   root   63021 Aug  8  2025 EULA.txt
2026-03-25 12:50:49,918 - INFO - [36m(setup pid=5444, ip=172.31.36.113)[0m -rw-r--r--  1 ubuntu ubuntu 29574 May 31  2025 LICENSE
2026-03-25 12:50:49,918 - INFO - [36m(setup pid=5444, ip=172.31.36.113)[0m -rw-r--r--  1 root   root    1895 May 15  2025 LICENSE.txt
2026-03-25 12:50:49,918 - INFO - [36m(setup pid=5444, ip=172.31.36.113)[0m -rw-r--r--  1 root   root     524 Aug  8  2025 README
2026-03-25 12:50:49,918 - INFO - [36m(setup pid=5444, ip=172.31.36.113)[0m drwxr-xr-x  3 root   root    4096 May 15  2025 bin
2026-03-25 12:50:49,918 - INFO - [36m(setup pid=5444, ip=172.31.36.113)[0m drwxr-xr-x  5 root   root    4096 Aug  8  2025 compute-sanitizer
2026-03-25 12:50:49,918 - INFO - [36m(setup pid=5444, ip=172.31.36.113)[0m lrwxrwxrwx  1 root   root      20 Aug  8  2025 cuda-12.8 -> /usr/local/cuda-12.8
2026-03-25 12:50:49,918 - INFO - [36m(setup pid=5444, ip=172.31.36.113)[0m drwxr-xr-x  3 root   root    4096 Aug  8  2025 efa
2026-03-25 12:50:49,918 - INFO - [36m(setup pid=5444, ip=172.31.36.113)[0m drwxr-xr-x  5 root   root    4096 Aug  8  2025 extras
2026-03-25 12:50:49,918 - INFO - [36m(setup pid=5444, ip=172.31.36.113)[0m drwxr-xr-x  5 root   root    4096 Aug  8  2025 gds
2026-03-25 12:50:49,918 - INFO - [36m(setup pid=5444, ip=172.31.36.113)[0m drwxr-xr-x  2 root   root    4096 Aug  8  2025 gds-12.8
2026-03-25 12:50:49,918 - INFO - [36m(setup pid=5444, ip=172.31.36.113)[0m lrwxrwxrwx  1 root   root      28 Aug  8  2025 include -> targets/x86_64-linux/include
2026-03-25 12:50:49,918 - INFO - [36m(setup pid=5444, ip=172.31.36.113)[0m drwxr-xr-x  3 root   root    4096 Aug  8  2025 lib
2026-03-25 12:50:49,918 - INFO - [36m(setup pid=5444, ip=172.31.36.113)[0m lrwxrwxrwx  1 root   root      24 Aug  8  2025 lib64 -> targets/x86_64-linux/lib
2026-03-25 12:50:49,918 - INFO - [36m(setup pid=5444, ip=172.31.36.113)[0m drwxr-xr-x  7 root   root    4096 Aug  8  2025 libnvvp
2026-03-25 12:50:49,918 - INFO - [36m(setup pid=5444, ip=172.31.36.113)[0m drwxr-xr-x  7 root   root    4096 Aug  8  2025 nsight-compute-2025.1.1
2026-03-25 12:50:49,918 - INFO - [36m(setup pid=5444, ip=172.31.36.113)[0m drwxr-xr-x  6 root   root    4096 Aug  8  2025 nsight-systems-2024.6.2
2026-03-25 12:50:49,918 - INFO - [36m(setup pid=5444, ip=172.31.36.113)[0m drwxr-xr-x  2 root   root    4096 Aug  8  2025 nsightee_plugins
2026-03-25 12:50:49,918 - INFO - [36m(setup pid=5444, ip=172.31.36.113)[0m drwxr-xr-x  3 root   root    4096 Aug  8  2025 nvml
2026-03-25 12:50:49,918 - INFO - [36m(setup pid=5444, ip=172.31.36.113)[0m drwxr-xr-x  6 root   root    4096 Aug  8  2025 nvvm
2026-03-25 12:50:49,918 - INFO - [36m(setup pid=5444, ip=172.31.36.113)[0m drwxr-xr-x  3 root   root    4096 Aug  8  2025 share
2026-03-25 12:50:49,918 - INFO - [36m(setup pid=5444, ip=172.31.36.113)[0m drwxr-xr-x  2 root   root    4096 Aug  8  2025 src
2026-03-25 12:50:49,918 - INFO - [36m(setup pid=5444, ip=172.31.36.113)[0m drwxr-xr-x  3 root   root    4096 Aug  8  2025 targets
2026-03-25 12:50:50,621 - INFO - [36m(setup pid=5444, ip=172.31.36.113)[0m drwxr-xr-x  2 root   root    4096 Aug  8  2025 tools
2026-03-25 12:50:50,621 - INFO - [36m(setup pid=5444, ip=172.31.36.113)[0m -rw-r--r--  1 root   root    2940 Aug  8  2025 version.json
2026-03-25 12:50:50,621 - INFO - [36m(setup pid=5444, ip=172.31.36.113)[0m + echo ===================================
2026-03-25 12:50:50,621 - INFO - [36m(setup pid=5444, ip=172.31.36.113)[0m ===================================
2026-03-25 12:50:50,621 - INFO - [36m(setup pid=5444, ip=172.31.36.113)[0m + command -v nvidia-smi
2026-03-25 12:50:50,621 - INFO - [36m(setup pid=5444, ip=172.31.36.113)[0m + '[' true = true ']'
2026-03-25 12:50:50,621 - INFO - [36m(setup pid=5444, ip=172.31.36.113)[0m + echo '=== Fabric Manager for NVSwitch ==='
2026-03-25 12:50:50,621 - INFO - [36m(setup pid=5444, ip=172.31.36.113)[0m === Fabric Manager for NVSwitch ===
2026-03-25 12:50:50,621 - INFO - [36m(setup pid=5444, ip=172.31.36.113)[0m + systemctl is-active --quiet nvidia-fabricmanager
2026-03-25 12:50:50,621 - INFO - [36m(setup pid=5444, ip=172.31.36.113)[0m + echo 'Fabric Manager already running'
2026-03-25 12:50:50,621 - INFO - [36m(setup pid=5444, ip=172.31.36.113)[0m Fabric Manager already running
2026-03-25 12:50:50,621 - INFO - [36m(setup pid=5444, ip=172.31.36.113)[0m + awk 'NR<=15'
2026-03-25 12:50:50,621 - INFO - [36m(setup pid=5444, ip=172.31.36.113)[0m + nvidia-smi topo -m
2026-03-25 12:50:50,621 - INFO - [36m(setup pid=6900)[0m Building dependency tree...
2026-03-25 12:50:50,621 - INFO - [36m(setup pid=6900)[0m Reading state information...
2026-03-25 12:50:50,621 - INFO - [36m(setup pid=5444, ip=172.31.36.113)[0m 	[4mGPU0	GPU1	GPU2	GPU3	GPU4	GPU5	GPU6	GPU7	CPU Affinity	NUMA Affinity	GPU NUMA ID[0m
2026-03-25 12:50:50,621 - INFO - [36m(setup pid=5444, ip=172.31.36.113)[0m GPU0	 X 	NV12	NV12	NV12	NV12	NV12	NV12	NV12	0-23,48-71	0		N/A
2026-03-25 12:50:50,621 - INFO - [36m(setup pid=5444, ip=172.31.36.113)[0m GPU1	NV12	 X 	NV12	NV12	NV12	NV12	NV12	NV12	0-23,48-71	0		N/A
2026-03-25 12:50:50,621 - INFO - [36m(setup pid=5444, ip=172.31.36.113)[0m GPU2	NV12	NV12	 X 	NV12	NV12	NV12	NV12	NV12	0-23,48-71	0		N/A
2026-03-25 12:50:50,621 - INFO - [36m(setup pid=5444, ip=172.31.36.113)[0m GPU3	NV12	NV12	NV12	 X 	NV12	NV12	NV12	NV12	0-23,48-71	0		N/A
2026-03-25 12:50:50,621 - INFO - [36m(setup pid=5444, ip=172.31.36.113)[0m GPU4	NV12	NV12	NV12	NV12	 X 	NV12	NV12	NV12	24-47,72-95	1		N/A
2026-03-25 12:50:50,621 - INFO - [36m(setup pid=5444, ip=172.31.36.113)[0m GPU5	NV12	NV12	NV12	NV12	NV12	 X 	NV12	NV12	24-47,72-95	1		N/A
2026-03-25 12:50:50,621 - INFO - [36m(setup pid=5444, ip=172.31.36.113)[0m GPU6	NV12	NV12	NV12	NV12	NV12	NV12	 X 	NV12	24-47,72-95	1		N/A
2026-03-25 12:50:50,621 - INFO - [36m(setup pid=5444, ip=172.31.36.113)[0m GPU7	NV12	NV12	NV12	NV12	NV12	NV12	NV12	 X 	24-47,72-95	1		N/A
2026-03-25 12:50:50,721 - INFO - [36m(setup pid=5444, ip=172.31.36.113)[0m
2026-03-25 12:50:50,721 - INFO - [36m(setup pid=5444, ip=172.31.36.113)[0m Legend:
2026-03-25 12:50:50,721 - INFO - [36m(setup pid=5444, ip=172.31.36.113)[0m
2026-03-25 12:50:50,721 - INFO - [36m(setup pid=5444, ip=172.31.36.113)[0m   X    = Self
2026-03-25 12:50:50,721 - INFO - [36m(setup pid=5444, ip=172.31.36.113)[0m   SYS  = Connection traversing PCIe as well as the SMP interconnect between NUMA nodes (e.g., QPI/UPI)
2026-03-25 12:50:50,721 - INFO - [36m(setup pid=5444, ip=172.31.36.113)[0m   NODE = Connection traversing PCIe as well as the interconnect between PCIe Host Bridges within a NUMA node
2026-03-25 12:50:50,721 - INFO - [36m(setup pid=5444, ip=172.31.36.113)[0m + sudo apt-get install -y numactl
2026-03-25 12:50:50,721 - INFO - [36m(setup pid=5444, ip=172.31.36.113)[0m Reading package lists...
2026-03-25 12:50:50,721 - INFO - [36m(setup pid=6900)[0m The following NEW packages will be installed:
2026-03-25 12:50:50,721 - INFO - [36m(setup pid=6900)[0m   numactl
2026-03-25 12:50:50,721 - INFO - [36m(setup pid=6900)[0m 0 upgraded, 1 newly installed, 0 to remove and 0 not upgraded.
2026-03-25 12:50:50,721 - INFO - [36m(setup pid=6900)[0m Need to get 36.8 kB of archives.
2026-03-25 12:50:50,721 - INFO - [36m(setup pid=6900)[0m After this operation, 140 kB of additional disk space will be used.
2026-03-25 12:50:50,721 - INFO - [36m(setup pid=6900)[0m Get:1 http://us-east-1.ec2.archive.ubuntu.com/ubuntu jammy/main amd64 numactl amd64 2.0.14-3ubuntu2 [36.8 kB]
2026-03-25 12:50:50,721 - INFO - [36m(setup pid=5444, ip=172.31.36.113)[0m Building dependency tree...
2026-03-25 12:50:50,721 - INFO - [36m(setup pid=5444, ip=172.31.36.113)[0m Reading state information...
2026-03-25 12:50:50,721 - INFO - [36m(setup pid=6900)[0m Fetched 36.8 kB in 0s (2479 kB/s)
2026-03-25 12:50:50,721 - INFO - [36m(setup pid=5444, ip=172.31.36.113)[0m The following NEW packages will be installed:
2026-03-25 12:50:50,721 - INFO - [36m(setup pid=5444, ip=172.31.36.113)[0m   numactl
2026-03-25 12:50:50,721 - INFO - [36m(setup pid=5444, ip=172.31.36.113)[0m 0 upgraded, 1 newly installed, 0 to remove and 0 not upgraded.
2026-03-25 12:50:50,721 - INFO - [36m(setup pid=5444, ip=172.31.36.113)[0m Need to get 36.8 kB of archives.
2026-03-25 12:50:50,721 - INFO - [36m(setup pid=5444, ip=172.31.36.113)[0m After this operation, 140 kB of additional disk space will be used.
2026-03-25 12:50:50,722 - INFO - [36m(setup pid=5444, ip=172.31.36.113)[0m Get:1 http://us-east-1.ec2.archive.ubuntu.com/ubuntu jammy/main amd64 numactl amd64 2.0.14-3ubuntu2 [36.8 kB]
2026-03-25 12:50:50,722 - INFO - [36m(setup pid=5444, ip=172.31.36.113)[0m Fetched 36.8 kB in 0s (2400 kB/s)
2026-03-25 12:50:50,722 - INFO - [36m(setup pid=6900)[0m Selecting previously unselected package numactl.
2026-03-25 12:50:50,722 - INFO - [36m(setup pid=5444, ip=172.31.36.113)[0m Selecting previously unselected package numactl.
2026-03-25 12:50:50,722 - INFO - [36m(setup pid=6900)[0m (Reading database ...
2026-03-25 12:50:51,426 - INFO - (Reading database ... 5%
2026-03-25 12:50:51,426 - INFO - (Reading database ... 10%
2026-03-25 12:50:51,426 - INFO - (Reading database ... 15%
2026-03-25 12:50:51,426 - INFO - (Reading database ... 20%
2026-03-25 12:50:51,426 - INFO - (Reading database ... 25%
2026-03-25 12:50:51,426 - INFO - (Reading database ... 30%
2026-03-25 12:50:51,426 - INFO - (Reading database ... 35%
2026-03-25 12:50:51,426 - INFO - (Reading database ... 40%
2026-03-25 12:50:51,426 - INFO - (Reading database ... 45%
2026-03-25 12:50:51,426 - INFO - [36m(setup pid=5444, ip=172.31.36.113)[0m (Reading database ...
2026-03-25 12:50:51,426 - INFO - (Reading database ... 5%
2026-03-25 12:50:51,426 - INFO - (Reading database ... 10%
2026-03-25 12:50:51,426 - INFO - (Reading database ... 15%
2026-03-25 12:50:51,426 - INFO - (Reading database ... 20%
2026-03-25 12:50:51,426 - INFO - (Reading database ... 25%
2026-03-25 12:50:51,426 - INFO - (Reading database ... 30%
2026-03-25 12:50:51,426 - INFO - (Reading database ... 35%
2026-03-25 12:50:51,426 - INFO - (Reading database ... 40%
2026-03-25 12:50:51,426 - INFO - (Reading database ... 45%
2026-03-25 12:50:51,426 - INFO - [36m(setup pid=6900)[0m (Reading database ... 50%
2026-03-25 12:50:51,426 - INFO - [36m(setup pid=5444, ip=172.31.36.113)[0m (Reading database ... 50%
2026-03-25 12:50:51,426 - INFO - [36m(setup pid=6900)[0m (Reading database ... 55%
2026-03-25 12:50:51,426 - INFO - [36m(setup pid=5444, ip=172.31.36.113)[0m (Reading database ... 55%
2026-03-25 12:50:51,426 - INFO - [36m(setup pid=5444, ip=172.31.36.113)[0m (Reading database ... 60%
2026-03-25 12:50:51,426 - INFO - [36m(setup pid=6900)[0m (Reading database ... 60%
2026-03-25 12:50:51,426 - INFO - [36m(setup pid=5444, ip=172.31.36.113)[0m (Reading database ... 65%
2026-03-25 12:50:51,426 - INFO - [36m(setup pid=6900)[0m (Reading database ... 65%
2026-03-25 12:50:51,426 - INFO - [36m(setup pid=5444, ip=172.31.36.113)[0m (Reading database ... 70%
2026-03-25 12:50:51,426 - INFO - [36m(setup pid=6900)[0m (Reading database ... 70%
2026-03-25 12:50:51,426 - INFO - [36m(setup pid=5444, ip=172.31.36.113)[0m (Reading database ... 75%
2026-03-25 12:50:51,426 - INFO - [36m(setup pid=6900)[0m (Reading database ... 75%
2026-03-25 12:50:51,426 - INFO - [36m(setup pid=6900)[0m (Reading database ... 80%
2026-03-25 12:50:51,427 - INFO - [36m(setup pid=5444, ip=172.31.36.113)[0m (Reading database ... 80%
2026-03-25 12:50:51,427 - INFO - [36m(setup pid=5444, ip=172.31.36.113)[0m (Reading database ... 85%
2026-03-25 12:50:53,735 - INFO - [36m(setup pid=6900)[0m (Reading database ... 85%
2026-03-25 12:50:54,666 - INFO - [36m(setup pid=5444, ip=172.31.36.113)[0m (Reading database ... 90%
2026-03-25 12:50:55,170 - INFO - [36m(setup pid=6900)[0m (Reading database ... 90%
2026-03-25 12:50:55,876 - INFO - [36m(setup pid=5444, ip=172.31.36.113)[0m (Reading database ... 95%
2026-03-25 12:50:55,877 - INFO - (Reading database ... 100%
2026-03-25 12:50:55,877 - INFO - (Reading database ... 96613 files and directories currently installed.)
2026-03-25 12:50:55,877 - INFO - [36m(setup pid=5444, ip=172.31.36.113)[0m Preparing to unpack .../numactl_2.0.14-3ubuntu2_amd64.deb ...
2026-03-25 12:50:55,877 - INFO - [36m(setup pid=5444, ip=172.31.36.113)[0m Unpacking numactl (2.0.14-3ubuntu2) ...
2026-03-25 12:50:55,877 - INFO - [36m(setup pid=5444, ip=172.31.36.113)[0m Setting up numactl (2.0.14-3ubuntu2) ...
2026-03-25 12:50:55,877 - INFO - [36m(setup pid=5444, ip=172.31.36.113)[0m Processing triggers for man-db (2.10.2-1) ...
2026-03-25 12:50:56,381 - INFO - [36m(setup pid=6900)[0m (Reading database ... 95%
2026-03-25 12:51:08,944 - INFO - (Reading database ... 100%
2026-03-25 12:51:08,945 - INFO - (Reading database ... 96613 files and directories currently installed.)
2026-03-25 12:51:08,945 - INFO - [36m(setup pid=6900)[0m Preparing to unpack .../numactl_2.0.14-3ubuntu2_amd64.deb ...
2026-03-25 12:51:08,945 - INFO - [36m(setup pid=6900)[0m Unpacking numactl (2.0.14-3ubuntu2) ...
2026-03-25 12:51:08,945 - INFO - [36m(setup pid=6900)[0m Setting up numactl (2.0.14-3ubuntu2) ...
2026-03-25 12:51:08,945 - INFO - [36m(setup pid=6900)[0m Processing triggers for man-db (2.10.2-1) ...
2026-03-25 12:51:08,945 - INFO - [36m(setup pid=5444, ip=172.31.36.113)[0m
2026-03-25 12:51:10,456 - INFO - [36m(setup pid=5444, ip=172.31.36.113)[0m Running kernel seems to be up-to-date.
2026-03-25 12:51:10,456 - INFO - [36m(setup pid=5444, ip=172.31.36.113)[0m
2026-03-25 12:51:10,456 - INFO - [36m(setup pid=5444, ip=172.31.36.113)[0m No services need to be restarted.
2026-03-25 12:51:10,456 - INFO - [36m(setup pid=5444, ip=172.31.36.113)[0m
2026-03-25 12:51:10,457 - INFO - [36m(setup pid=5444, ip=172.31.36.113)[0m No containers need to be restarted.
2026-03-25 12:51:10,457 - INFO - [36m(setup pid=5444, ip=172.31.36.113)[0m
2026-03-25 12:51:10,457 - INFO - [36m(setup pid=5444, ip=172.31.36.113)[0m No user sessions are running outdated binaries.
2026-03-25 12:51:10,457 - INFO - [36m(setup pid=5444, ip=172.31.36.113)[0m
2026-03-25 12:51:10,457 - INFO - [36m(setup pid=5444, ip=172.31.36.113)[0m No VM guests are running outdated hypervisor (qemu) binaries on this host.
2026-03-25 12:51:10,457 - INFO - [36m(setup pid=6900)[0m
2026-03-25 12:51:10,457 - INFO - [36m(setup pid=6900)[0m Running kernel seems to be up-to-date.
2026-03-25 12:51:10,457 - INFO - [36m(setup pid=6900)[0m
2026-03-25 12:51:10,457 - INFO - [36m(setup pid=6900)[0m No services need to be restarted.
2026-03-25 12:51:10,457 - INFO - [36m(setup pid=6900)[0m
2026-03-25 12:51:10,457 - INFO - [36m(setup pid=6900)[0m No containers need to be restarted.
2026-03-25 12:51:10,457 - INFO - [36m(setup pid=6900)[0m
2026-03-25 12:51:10,457 - INFO - [36m(setup pid=6900)[0m No user sessions are running outdated binaries.
2026-03-25 12:51:10,457 - INFO - [36m(setup pid=6900)[0m
2026-03-25 12:51:10,457 - INFO - [36m(setup pid=6900)[0m No VM guests are running outdated hypervisor (qemu) binaries on this host.
2026-03-25 12:51:10,457 - INFO - [36m(setup pid=6900)[0m + command -v uv
2026-03-25 12:51:11,164 - INFO - [36m(setup pid=6900)[0m + export PATH=/home/ubuntu/.local/bin:/home/ubuntu/.local/bin:/home/ubuntu/.local/bin:/home/ubuntu/miniconda3/bin:/home/ubuntu/miniconda3/condabin:/opt/amazon/openmpi/bin:/opt/amazon/efa/bin:/usr/local/cuda-12.8/bin:/usr/local/cuda-12.8/include:/usr/local/cuda-12.8/bin:/usr/local/cuda-12.8/include:/usr/local/sbin:/usr/local/bin:/usr/sbin:/usr/bin:/sbin:/bin:/usr/games:/usr/local/games:/snap/bin
2026-03-25 12:51:11,164 - INFO - [36m(setup pid=6900)[0m + PATH=/home/ubuntu/.local/bin:/home/ubuntu/.local/bin:/home/ubuntu/.local/bin:/home/ubuntu/miniconda3/bin:/home/ubuntu/miniconda3/condabin:/opt/amazon/openmpi/bin:/opt/amazon/efa/bin:/usr/local/cuda-12.8/bin:/usr/local/cuda-12.8/include:/usr/local/cuda-12.8/bin:/usr/local/cuda-12.8/include:/usr/local/sbin:/usr/local/bin:/usr/sbin:/usr/bin:/sbin:/bin:/usr/games:/usr/local/games:/snap/bin
2026-03-25 12:51:11,164 - INFO - [36m(setup pid=6900)[0m + uv venv --python 3.12 --seed --allow-existing
2026-03-25 12:51:11,164 - INFO - [36m(setup pid=5444, ip=172.31.36.113)[0m + command -v uv
2026-03-25 12:51:11,164 - INFO - [36m(setup pid=5444, ip=172.31.36.113)[0m + export PATH=/home/ubuntu/.local/bin:/home/ubuntu/.local/bin:/home/ubuntu/.local/bin:/home/ubuntu/miniconda3/bin:/home/ubuntu/miniconda3/condabin:/opt/amazon/openmpi/bin:/opt/amazon/efa/bin:/usr/local/cuda-12.8/bin:/usr/local/cuda-12.8/include:/usr/local/cuda-12.8/bin:/usr/local/cuda-12.8/include:/usr/local/sbin:/usr/local/bin:/usr/sbin:/usr/bin:/sbin:/bin:/usr/games:/usr/local/games:/snap/bin
2026-03-25 12:51:11,164 - INFO - [36m(setup pid=5444, ip=172.31.36.113)[0m + PATH=/home/ubuntu/.local/bin:/home/ubuntu/.local/bin:/home/ubuntu/.local/bin:/home/ubuntu/miniconda3/bin:/home/ubuntu/miniconda3/condabin:/opt/amazon/openmpi/bin:/opt/amazon/efa/bin:/usr/local/cuda-12.8/bin:/usr/local/cuda-12.8/include:/usr/local/cuda-12.8/bin:/usr/local/cuda-12.8/include:/usr/local/sbin:/usr/local/bin:/usr/sbin:/usr/bin:/sbin:/bin:/usr/games:/usr/local/games:/snap/bin
2026-03-25 12:51:11,165 - INFO - [36m(setup pid=5444, ip=172.31.36.113)[0m + uv venv --python 3.12 --seed --allow-existing
2026-03-25 12:51:11,165 - INFO - [36m(setup pid=5444, ip=172.31.36.113)[0m Downloading cpython-3.12.13-linux-x86_64-gnu (download) (32.3MiB)
2026-03-25 12:51:11,671 - INFO - [36m(setup pid=6900)[0m Downloading cpython-3.12.13-linux-x86_64-gnu (download) (32.3MiB)
2026-03-25 12:51:11,672 - INFO - [36m(setup pid=5444, ip=172.31.36.113)[0m  Downloaded cpython-3.12.13-linux-x86_64-gnu (download)
2026-03-25 12:51:12,479 - INFO - [36m(setup pid=6900)[0m  Downloaded cpython-3.12.13-linux-x86_64-gnu (download)
2026-03-25 12:51:12,479 - INFO - [36m(setup pid=5444, ip=172.31.36.113)[0m Using CPython 3.12.13
2026-03-25 12:51:12,479 - INFO - [36m(setup pid=5444, ip=172.31.36.113)[0m Creating virtual environment with seed packages at: .venv
2026-03-25 12:51:12,479 - INFO - [36m(setup pid=5444, ip=172.31.36.113)[0m  + pip==26.0.1
2026-03-25 12:51:12,479 - INFO - [36m(setup pid=5444, ip=172.31.36.113)[0m Activate with: source .venv/bin/activate
2026-03-25 12:51:12,479 - INFO - [36m(setup pid=5444, ip=172.31.36.113)[0m + source .venv/bin/activate
2026-03-25 12:51:12,479 - INFO - [36m(setup pid=5444, ip=172.31.36.113)[0m ++ '[' -z '' ']'
2026-03-25 12:51:12,479 - INFO - [36m(setup pid=5444, ip=172.31.36.113)[0m ++ '[' -n x ']'
2026-03-25 12:51:12,479 - INFO - [36m(setup pid=5444, ip=172.31.36.113)[0m ++ SCRIPT_PATH=.venv/bin/activate
2026-03-25 12:51:12,479 - INFO - [36m(setup pid=5444, ip=172.31.36.113)[0m ++ '[' .venv/bin/activate = /tmp/sky_setup_sky-2026-03-25-12-32-21-831793 ']'
2026-03-25 12:51:12,479 - INFO - [36m(setup pid=5444, ip=172.31.36.113)[0m ++ deactivate nondestructive
2026-03-25 12:51:12,479 - INFO - [36m(setup pid=5444, ip=172.31.36.113)[0m ++ unset -f pydoc
2026-03-25 12:51:12,479 - INFO - [36m(setup pid=5444, ip=172.31.36.113)[0m ++ '[' -z '' ']'
2026-03-25 12:51:12,479 - INFO - [36m(setup pid=5444, ip=172.31.36.113)[0m ++ '[' -z '' ']'
2026-03-25 12:51:12,479 - INFO - [36m(setup pid=5444, ip=172.31.36.113)[0m ++ hash -r
2026-03-25 12:51:12,479 - INFO - [36m(setup pid=5444, ip=172.31.36.113)[0m ++ '[' -z '' ']'
2026-03-25 12:51:12,479 - INFO - [36m(setup pid=5444, ip=172.31.36.113)[0m ++ unset VIRTUAL_ENV
2026-03-25 12:51:12,480 - INFO - [36m(setup pid=5444, ip=172.31.36.113)[0m ++ unset VIRTUAL_ENV_PROMPT
2026-03-25 12:51:12,480 - INFO - [36m(setup pid=5444, ip=172.31.36.113)[0m ++ '[' '!' nondestructive = nondestructive ']'
2026-03-25 12:51:12,480 - INFO - [36m(setup pid=5444, ip=172.31.36.113)[0m ++ VIRTUAL_ENV=/home/ubuntu/sky_workdir/.venv
2026-03-25 12:51:12,480 - INFO - [36m(setup pid=5444, ip=172.31.36.113)[0m ++ '[' linux-gnu = cygwin ']'
2026-03-25 12:51:12,480 - INFO - [36m(setup pid=5444, ip=172.31.36.113)[0m ++ '[' linux-gnu = msys ']'
2026-03-25 12:51:12,480 - INFO - [36m(setup pid=5444, ip=172.31.36.113)[0m ++ export VIRTUAL_ENV
2026-03-25 12:51:12,480 - INFO - [36m(setup pid=5444, ip=172.31.36.113)[0m ++ '[' -z '' ']'
2026-03-25 12:51:12,480 - INFO - [36m(setup pid=5444, ip=172.31.36.113)[0m ++ unset SCRIPT_PATH
2026-03-25 12:51:12,480 - INFO - [36m(setup pid=5444, ip=172.31.36.113)[0m ++ _OLD_VIRTUAL_PATH=/home/ubuntu/.local/bin:/home/ubuntu/.local/bin:/home/ubuntu/.local/bin:/home/ubuntu/miniconda3/bin:/home/ubuntu/miniconda3/condabin:/opt/amazon/openmpi/bin:/opt/amazon/efa/bin:/usr/local/cuda-12.8/bin:/usr/local/cuda-12.8/include:/usr/local/cuda-12.8/bin:/usr/local/cuda-12.8/include:/usr/local/sbin:/usr/local/bin:/usr/sbin:/usr/bin:/sbin:/bin:/usr/games:/usr/local/games:/snap/bin
2026-03-25 12:51:12,480 - INFO - [36m(setup pid=5444, ip=172.31.36.113)[0m ++ PATH=/home/ubuntu/sky_workdir/.venv/bin:/home/ubuntu/.local/bin:/home/ubuntu/.local/bin:/home/ubuntu/.local/bin:/home/ubuntu/miniconda3/bin:/home/ubuntu/miniconda3/condabin:/opt/amazon/openmpi/bin:/opt/amazon/efa/bin:/usr/local/cuda-12.8/bin:/usr/local/cuda-12.8/include:/usr/local/cuda-12.8/bin:/usr/local/cuda-12.8/include:/usr/local/sbin:/usr/local/bin:/usr/sbin:/usr/bin:/sbin:/bin:/usr/games:/usr/local/games:/snap/bin
2026-03-25 12:51:12,480 - INFO - [36m(setup pid=5444, ip=172.31.36.113)[0m ++ export PATH
2026-03-25 12:51:12,480 - INFO - [36m(setup pid=5444, ip=172.31.36.113)[0m ++ '[' xsky_workdir '!=' x ']'
2026-03-25 12:51:12,480 - INFO - [36m(setup pid=5444, ip=172.31.36.113)[0m ++ VIRTUAL_ENV_PROMPT=sky_workdir
2026-03-25 12:51:12,480 - INFO - [36m(setup pid=5444, ip=172.31.36.113)[0m ++ export VIRTUAL_ENV_PROMPT
2026-03-25 12:51:12,480 - INFO - [36m(setup pid=5444, ip=172.31.36.113)[0m ++ '[' -z '' ']'
2026-03-25 12:51:12,480 - INFO - [36m(setup pid=5444, ip=172.31.36.113)[0m ++ '[' -z '' ']'
2026-03-25 12:51:12,480 - INFO - [36m(setup pid=5444, ip=172.31.36.113)[0m ++ _OLD_VIRTUAL_PS1='(base) ${debian_chroot:+($debian_chroot)}\u@\h:\w\$ '
2026-03-25 12:51:12,480 - INFO - [36m(setup pid=5444, ip=172.31.36.113)[0m ++ PS1='(sky_workdir) (base) ${debian_chroot:+($debian_chroot)}\u@\h:\w\$ '
2026-03-25 12:51:12,480 - INFO - [36m(setup pid=5444, ip=172.31.36.113)[0m ++ export PS1
2026-03-25 12:51:12,480 - INFO - [36m(setup pid=5444, ip=172.31.36.113)[0m ++ alias pydoc
2026-03-25 12:51:12,480 - INFO - [36m(setup pid=5444, ip=172.31.36.113)[0m ++ true
2026-03-25 12:51:12,480 - INFO - [36m(setup pid=5444, ip=172.31.36.113)[0m ++ hash -r
2026-03-25 12:51:12,480 - INFO - [36m(setup pid=5444, ip=172.31.36.113)[0m + uv pip install datasets requests pynvml aiohttp
2026-03-25 12:51:12,480 - INFO - [36m(setup pid=6900)[0m Using CPython 3.12.13
2026-03-25 12:51:12,480 - INFO - [36m(setup pid=6900)[0m Creating virtual environment with seed packages at: .venv
2026-03-25 12:51:12,480 - INFO - [36m(setup pid=6900)[0m  + pip==26.0.1
2026-03-25 12:51:12,480 - INFO - [36m(setup pid=6900)[0m Activate with: source .venv/bin/activate
2026-03-25 12:51:12,480 - INFO - [36m(setup pid=6900)[0m + source .venv/bin/activate
2026-03-25 12:51:12,480 - INFO - [36m(setup pid=6900)[0m ++ '[' -z '' ']'
2026-03-25 12:51:12,480 - INFO - [36m(setup pid=6900)[0m ++ '[' -n x ']'
2026-03-25 12:51:12,480 - INFO - [36m(setup pid=6900)[0m ++ SCRIPT_PATH=.venv/bin/activate
2026-03-25 12:51:12,480 - INFO - [36m(setup pid=6900)[0m ++ '[' .venv/bin/activate = /tmp/sky_setup_sky-2026-03-25-12-32-21-831793 ']'
2026-03-25 12:51:12,480 - INFO - [36m(setup pid=6900)[0m ++ deactivate nondestructive
2026-03-25 12:51:12,480 - INFO - [36m(setup pid=6900)[0m ++ unset -f pydoc
2026-03-25 12:51:12,480 - INFO - [36m(setup pid=6900)[0m ++ '[' -z '' ']'
2026-03-25 12:51:12,480 - INFO - [36m(setup pid=6900)[0m ++ '[' -z '' ']'
2026-03-25 12:51:12,480 - INFO - [36m(setup pid=6900)[0m ++ hash -r
2026-03-25 12:51:12,480 - INFO - [36m(setup pid=6900)[0m ++ '[' -z '' ']'
2026-03-25 12:51:12,480 - INFO - [36m(setup pid=6900)[0m ++ unset VIRTUAL_ENV
2026-03-25 12:51:12,480 - INFO - [36m(setup pid=6900)[0m ++ unset VIRTUAL_ENV_PROMPT
2026-03-25 12:51:12,480 - INFO - [36m(setup pid=6900)[0m ++ '[' '!' nondestructive = nondestructive ']'
2026-03-25 12:51:12,480 - INFO - [36m(setup pid=6900)[0m ++ VIRTUAL_ENV=/home/ubuntu/sky_workdir/.venv
2026-03-25 12:51:12,480 - INFO - [36m(setup pid=6900)[0m ++ '[' linux-gnu = cygwin ']'
2026-03-25 12:51:12,480 - INFO - [36m(setup pid=6900)[0m ++ '[' linux-gnu = msys ']'
2026-03-25 12:51:12,480 - INFO - [36m(setup pid=6900)[0m ++ export VIRTUAL_ENV
2026-03-25 12:51:12,480 - INFO - [36m(setup pid=6900)[0m ++ '[' -z '' ']'
2026-03-25 12:51:12,480 - INFO - [36m(setup pid=6900)[0m ++ unset SCRIPT_PATH
2026-03-25 12:51:12,480 - INFO - [36m(setup pid=6900)[0m ++ _OLD_VIRTUAL_PATH=/home/ubuntu/.local/bin:/home/ubuntu/.local/bin:/home/ubuntu/.local/bin:/home/ubuntu/miniconda3/bin:/home/ubuntu/miniconda3/condabin:/opt/amazon/openmpi/bin:/opt/amazon/efa/bin:/usr/local/cuda-12.8/bin:/usr/local/cuda-12.8/include:/usr/local/cuda-12.8/bin:/usr/local/cuda-12.8/include:/usr/local/sbin:/usr/local/bin:/usr/sbin:/usr/bin:/sbin:/bin:/usr/games:/usr/local/games:/snap/bin
2026-03-25 12:51:12,480 - INFO - [36m(setup pid=6900)[0m ++ PATH=/home/ubuntu/sky_workdir/.venv/bin:/home/ubuntu/.local/bin:/home/ubuntu/.local/bin:/home/ubuntu/.local/bin:/home/ubuntu/miniconda3/bin:/home/ubuntu/miniconda3/condabin:/opt/amazon/openmpi/bin:/opt/amazon/efa/bin:/usr/local/cuda-12.8/bin:/usr/local/cuda-12.8/include:/usr/local/cuda-12.8/bin:/usr/local/cuda-12.8/include:/usr/local/sbin:/usr/local/bin:/usr/sbin:/usr/bin:/sbin:/bin:/usr/games:/usr/local/games:/snap/bin
2026-03-25 12:51:12,480 - INFO - [36m(setup pid=6900)[0m ++ export PATH
2026-03-25 12:51:12,480 - INFO - [36m(setup pid=6900)[0m ++ '[' xsky_workdir '!=' x ']'
2026-03-25 12:51:12,480 - INFO - [36m(setup pid=6900)[0m ++ VIRTUAL_ENV_PROMPT=sky_workdir
2026-03-25 12:51:12,480 - INFO - [36m(setup pid=6900)[0m ++ export VIRTUAL_ENV_PROMPT
2026-03-25 12:51:12,480 - INFO - [36m(setup pid=6900)[0m ++ '[' -z '' ']'
2026-03-25 12:51:12,480 - INFO - [36m(setup pid=6900)[0m ++ '[' -z '' ']'
2026-03-25 12:51:12,480 - INFO - [36m(setup pid=6900)[0m ++ _OLD_VIRTUAL_PS1='(base) ${debian_chroot:+($debian_chroot)}\u@\h:\w\$ '
2026-03-25 12:51:12,480 - INFO - [36m(setup pid=6900)[0m ++ PS1='(sky_workdir) (base) ${debian_chroot:+($debian_chroot)}\u@\h:\w\$ '
2026-03-25 12:51:12,480 - INFO - [36m(setup pid=6900)[0m ++ export PS1
2026-03-25 12:51:12,480 - INFO - [36m(setup pid=6900)[0m ++ alias pydoc
2026-03-25 12:51:12,480 - INFO - [36m(setup pid=6900)[0m ++ true
2026-03-25 12:51:12,480 - INFO - [36m(setup pid=6900)[0m ++ hash -r
2026-03-25 12:51:12,480 - INFO - [36m(setup pid=6900)[0m + uv pip install datasets requests pynvml aiohttp
2026-03-25 12:51:12,480 - INFO - [36m(setup pid=5444, ip=172.31.36.113)[0m Resolved 44 packages in 153ms
2026-03-25 12:51:12,480 - INFO - [36m(setup pid=5444, ip=172.31.36.113)[0m Downloading numpy (15.9MiB)
2026-03-25 12:51:12,480 - INFO - [36m(setup pid=5444, ip=172.31.36.113)[0m Downloading pyarrow (45.4MiB)
2026-03-25 12:51:12,480 - INFO - [36m(setup pid=5444, ip=172.31.36.113)[0m Downloading pandas (10.4MiB)
2026-03-25 12:51:12,480 - INFO - [36m(setup pid=5444, ip=172.31.36.113)[0m Downloading hf-xet (4.0MiB)
2026-03-25 12:51:12,480 - INFO - [36m(setup pid=5444, ip=172.31.36.113)[0m Downloading aiohttp (1.7MiB)
2026-03-25 12:51:12,480 - INFO - [36m(setup pid=6900)[0m Resolved 44 packages in 148ms
2026-03-25 12:51:12,480 - INFO - [36m(setup pid=6900)[0m Downloading hf-xet (4.0MiB)
2026-03-25 12:51:13,187 - INFO - [36m(setup pid=6900)[0m Downloading pyarrow (45.4MiB)
2026-03-25 12:51:13,187 - INFO - [36m(setup pid=6900)[0m Downloading aiohttp (1.7MiB)
2026-03-25 12:51:13,187 - INFO - [36m(setup pid=6900)[0m Downloading numpy (15.9MiB)
2026-03-25 12:51:13,187 - INFO - [36m(setup pid=6900)[0m Downloading pandas (10.4MiB)
2026-03-25 12:51:13,188 - INFO - [36m(setup pid=6900)[0m  Downloaded hf-xet
2026-03-25 12:51:13,188 - INFO - [36m(setup pid=5444, ip=172.31.36.113)[0m  Downloaded hf-xet
2026-03-25 12:51:13,188 - INFO - [36m(setup pid=6900)[0m  Downloaded aiohttp
2026-03-25 12:51:13,188 - INFO - [36m(setup pid=5444, ip=172.31.36.113)[0m  Downloaded aiohttp
2026-03-25 12:51:13,188 - INFO - [36m(setup pid=6900)[0m  Downloaded pyarrow
2026-03-25 12:51:13,188 - INFO - [36m(setup pid=6900)[0m  Downloaded numpy
2026-03-25 12:51:13,188 - INFO - [36m(setup pid=5444, ip=172.31.36.113)[0m  Downloaded pyarrow
2026-03-25 12:51:13,188 - INFO - [36m(setup pid=5444, ip=172.31.36.113)[0m  Downloaded numpy
2026-03-25 12:51:13,188 - INFO - [36m(setup pid=6900)[0m  Downloaded pandas
2026-03-25 12:51:13,188 - INFO - [36m(setup pid=6900)[0m Prepared 21 packages in 847ms
2026-03-25 12:51:13,188 - INFO - [36m(setup pid=6900)[0m Installed 44 packages in 62ms
2026-03-25 12:51:13,188 - INFO - [36m(setup pid=6900)[0m  + aiohappyeyeballs==2.6.1
2026-03-25 12:51:13,188 - INFO - [36m(setup pid=6900)[0m  + aiohttp==3.13.3
2026-03-25 12:51:13,188 - INFO - [36m(setup pid=6900)[0m  + aiosignal==1.4.0
2026-03-25 12:51:13,188 - INFO - [36m(setup pid=6900)[0m  + annotated-doc==0.0.4
2026-03-25 12:51:13,188 - INFO - [36m(setup pid=6900)[0m  + anyio==4.13.0
2026-03-25 12:51:13,188 - INFO - [36m(setup pid=6900)[0m  + attrs==26.1.0
2026-03-25 12:51:13,188 - INFO - [36m(setup pid=6900)[0m  + certifi==2026.2.25
2026-03-25 12:51:13,188 - INFO - [36m(setup pid=6900)[0m  + charset-normalizer==3.4.6
2026-03-25 12:51:13,188 - INFO - [36m(setup pid=6900)[0m  + click==8.3.1
2026-03-25 12:51:13,188 - INFO - [36m(setup pid=6900)[0m  + datasets==4.8.4
2026-03-25 12:51:13,188 - INFO - [36m(setup pid=6900)[0m  + dill==0.4.1
2026-03-25 12:51:13,188 - INFO - [36m(setup pid=6900)[0m  + filelock==3.25.2
2026-03-25 12:51:13,188 - INFO - [36m(setup pid=6900)[0m  + frozenlist==1.8.0
2026-03-25 12:51:13,188 - INFO - [36m(setup pid=6900)[0m  + fsspec==2026.2.0
2026-03-25 12:51:13,188 - INFO - [36m(setup pid=6900)[0m  + h11==0.16.0
2026-03-25 12:51:13,188 - INFO - [36m(setup pid=6900)[0m  + hf-xet==1.4.2
2026-03-25 12:51:13,188 - INFO - [36m(setup pid=6900)[0m  + httpcore==1.0.9
2026-03-25 12:51:13,188 - INFO - [36m(setup pid=6900)[0m  + httpx==0.28.1
2026-03-25 12:51:13,188 - INFO - [36m(setup pid=6900)[0m  + huggingface-hub==1.7.2
2026-03-25 12:51:13,188 - INFO - [36m(setup pid=6900)[0m  + idna==3.11
2026-03-25 12:51:13,188 - INFO - [36m(setup pid=6900)[0m  + markdown-it-py==4.0.0
2026-03-25 12:51:13,188 - INFO - [36m(setup pid=6900)[0m  + mdurl==0.1.2
2026-03-25 12:51:13,188 - INFO - [36m(setup pid=6900)[0m  + multidict==6.7.1
2026-03-25 12:51:13,188 - INFO - [36m(setup pid=6900)[0m  + multiprocess==0.70.19
2026-03-25 12:51:13,188 - INFO - [36m(setup pid=6900)[0m  + numpy==2.4.3
2026-03-25 12:51:13,188 - INFO - [36m(setup pid=6900)[0m  + nvidia-ml-py==13.595.45
2026-03-25 12:51:13,188 - INFO - [36m(setup pid=6900)[0m  + packaging==26.0
2026-03-25 12:51:13,188 - INFO - [36m(setup pid=6900)[0m  + pandas==3.0.1
2026-03-25 12:51:13,188 - INFO - [36m(setup pid=6900)[0m  + propcache==0.4.1
2026-03-25 12:51:13,188 - INFO - [36m(setup pid=6900)[0m  + pyarrow==23.0.1
2026-03-25 12:51:13,188 - INFO - [36m(setup pid=6900)[0m  + pygments==2.19.2
2026-03-25 12:51:13,188 - INFO - [36m(setup pid=6900)[0m  + pynvml==13.0.1
2026-03-25 12:51:13,188 - INFO - [36m(setup pid=6900)[0m  + python-dateutil==2.9.0.post0
2026-03-25 12:51:13,188 - INFO - [36m(setup pid=6900)[0m  + pyyaml==6.0.3
2026-03-25 12:51:13,188 - INFO - [36m(setup pid=6900)[0m  + requests==2.32.5
2026-03-25 12:51:13,188 - INFO - [36m(setup pid=6900)[0m  + rich==14.3.3
2026-03-25 12:51:13,188 - INFO - [36m(setup pid=6900)[0m  + shellingham==1.5.4
2026-03-25 12:51:13,188 - INFO - [36m(setup pid=6900)[0m  + six==1.17.0
2026-03-25 12:51:13,188 - INFO - [36m(setup pid=6900)[0m  + tqdm==4.67.3
2026-03-25 12:51:13,188 - INFO - [36m(setup pid=6900)[0m  + typer==0.24.1
2026-03-25 12:51:13,188 - INFO - [36m(setup pid=6900)[0m  + typing-extensions==4.15.0
2026-03-25 12:51:13,188 - INFO - [36m(setup pid=6900)[0m  + urllib3==2.6.3
2026-03-25 12:51:13,188 - INFO - [36m(setup pid=6900)[0m  + xxhash==3.6.0
2026-03-25 12:51:13,188 - INFO - [36m(setup pid=6900)[0m  + yarl==1.23.0
2026-03-25 12:51:13,188 - INFO - [36m(setup pid=6900)[0m + echo '=== Installing vLLM 0.10.0 ==='
2026-03-25 12:51:13,188 - INFO - [36m(setup pid=6900)[0m === Installing vLLM 0.10.0 ===
2026-03-25 12:51:13,188 - INFO - [36m(setup pid=6900)[0m + uv pip install vllm==0.10.0 'ray[cgraph]'
2026-03-25 12:51:13,188 - INFO - [36m(setup pid=5444, ip=172.31.36.113)[0m  Downloaded pandas
2026-03-25 12:51:13,188 - INFO - [36m(setup pid=5444, ip=172.31.36.113)[0m Prepared 21 packages in 986ms
2026-03-25 12:51:13,188 - INFO - [36m(setup pid=5444, ip=172.31.36.113)[0m Installed 44 packages in 66ms
2026-03-25 12:51:13,188 - INFO - [36m(setup pid=5444, ip=172.31.36.113)[0m  + aiohappyeyeballs==2.6.1
2026-03-25 12:51:13,188 - INFO - [36m(setup pid=5444, ip=172.31.36.113)[0m  + aiohttp==3.13.3
2026-03-25 12:51:13,188 - INFO - [36m(setup pid=5444, ip=172.31.36.113)[0m  + aiosignal==1.4.0
2026-03-25 12:51:13,189 - INFO - [36m(setup pid=5444, ip=172.31.36.113)[0m  + annotated-doc==0.0.4
2026-03-25 12:51:13,189 - INFO - [36m(setup pid=5444, ip=172.31.36.113)[0m  + anyio==4.13.0
2026-03-25 12:51:13,189 - INFO - [36m(setup pid=5444, ip=172.31.36.113)[0m  + attrs==26.1.0
2026-03-25 12:51:13,189 - INFO - [36m(setup pid=5444, ip=172.31.36.113)[0m  + certifi==2026.2.25
2026-03-25 12:51:13,189 - INFO - [36m(setup pid=5444, ip=172.31.36.113)[0m  + charset-normalizer==3.4.6
2026-03-25 12:51:13,189 - INFO - [36m(setup pid=5444, ip=172.31.36.113)[0m  + click==8.3.1
2026-03-25 12:51:13,189 - INFO - [36m(setup pid=5444, ip=172.31.36.113)[0m  + datasets==4.8.4
2026-03-25 12:51:13,189 - INFO - [36m(setup pid=5444, ip=172.31.36.113)[0m  + dill==0.4.1
2026-03-25 12:51:13,189 - INFO - [36m(setup pid=5444, ip=172.31.36.113)[0m  + filelock==3.25.2
2026-03-25 12:51:13,189 - INFO - [36m(setup pid=5444, ip=172.31.36.113)[0m  + frozenlist==1.8.0
2026-03-25 12:51:13,189 - INFO - [36m(setup pid=5444, ip=172.31.36.113)[0m  + fsspec==2026.2.0
2026-03-25 12:51:13,189 - INFO - [36m(setup pid=5444, ip=172.31.36.113)[0m  + h11==0.16.0
2026-03-25 12:51:13,189 - INFO - [36m(setup pid=5444, ip=172.31.36.113)[0m  + hf-xet==1.4.2
2026-03-25 12:51:13,189 - INFO - [36m(setup pid=5444, ip=172.31.36.113)[0m  + httpcore==1.0.9
2026-03-25 12:51:13,189 - INFO - [36m(setup pid=5444, ip=172.31.36.113)[0m  + httpx==0.28.1
2026-03-25 12:51:13,189 - INFO - [36m(setup pid=5444, ip=172.31.36.113)[0m  + huggingface-hub==1.7.2
2026-03-25 12:51:13,189 - INFO - [36m(setup pid=5444, ip=172.31.36.113)[0m  + idna==3.11
2026-03-25 12:51:13,189 - INFO - [36m(setup pid=5444, ip=172.31.36.113)[0m  + markdown-it-py==4.0.0
2026-03-25 12:51:13,189 - INFO - [36m(setup pid=5444, ip=172.31.36.113)[0m  + mdurl==0.1.2
2026-03-25 12:51:13,189 - INFO - [36m(setup pid=5444, ip=172.31.36.113)[0m  + multidict==6.7.1
2026-03-25 12:51:13,189 - INFO - [36m(setup pid=5444, ip=172.31.36.113)[0m  + multiprocess==0.70.19
2026-03-25 12:51:13,189 - INFO - [36m(setup pid=5444, ip=172.31.36.113)[0m  + numpy==2.4.3
2026-03-25 12:51:13,189 - INFO - [36m(setup pid=5444, ip=172.31.36.113)[0m  + nvidia-ml-py==13.595.45
2026-03-25 12:51:13,189 - INFO - [36m(setup pid=5444, ip=172.31.36.113)[0m  + packaging==26.0
2026-03-25 12:51:13,189 - INFO - [36m(setup pid=5444, ip=172.31.36.113)[0m  + pandas==3.0.1
2026-03-25 12:51:13,189 - INFO - [36m(setup pid=5444, ip=172.31.36.113)[0m  + propcache==0.4.1
2026-03-25 12:51:13,189 - INFO - [36m(setup pid=5444, ip=172.31.36.113)[0m  + pyarrow==23.0.1
2026-03-25 12:51:13,189 - INFO - [36m(setup pid=5444, ip=172.31.36.113)[0m  + pygments==2.19.2
2026-03-25 12:51:13,189 - INFO - [36m(setup pid=5444, ip=172.31.36.113)[0m  + pynvml==13.0.1
2026-03-25 12:51:13,189 - INFO - [36m(setup pid=5444, ip=172.31.36.113)[0m  + python-dateutil==2.9.0.post0
2026-03-25 12:51:13,189 - INFO - [36m(setup pid=5444, ip=172.31.36.113)[0m  + pyyaml==6.0.3
2026-03-25 12:51:13,189 - INFO - [36m(setup pid=5444, ip=172.31.36.113)[0m  + requests==2.32.5
2026-03-25 12:51:13,189 - INFO - [36m(setup pid=5444, ip=172.31.36.113)[0m  + rich==14.3.3
2026-03-25 12:51:13,189 - INFO - [36m(setup pid=5444, ip=172.31.36.113)[0m  + shellingham==1.5.4
2026-03-25 12:51:13,189 - INFO - [36m(setup pid=5444, ip=172.31.36.113)[0m  + six==1.17.0
2026-03-25 12:51:13,189 - INFO - [36m(setup pid=5444, ip=172.31.36.113)[0m  + tqdm==4.67.3
2026-03-25 12:51:13,189 - INFO - [36m(setup pid=5444, ip=172.31.36.113)[0m  + typer==0.24.1
2026-03-25 12:51:13,189 - INFO - [36m(setup pid=5444, ip=172.31.36.113)[0m  + typing-extensions==4.15.0
2026-03-25 12:51:13,189 - INFO - [36m(setup pid=5444, ip=172.31.36.113)[0m  + urllib3==2.6.3
2026-03-25 12:51:13,189 - INFO - [36m(setup pid=5444, ip=172.31.36.113)[0m  + xxhash==3.6.0
2026-03-25 12:51:13,189 - INFO - [36m(setup pid=5444, ip=172.31.36.113)[0m  + yarl==1.23.0
2026-03-25 12:51:13,189 - INFO - [36m(setup pid=5444, ip=172.31.36.113)[0m + echo '=== Installing vLLM 0.10.0 ==='
2026-03-25 12:51:13,189 - INFO - [36m(setup pid=5444, ip=172.31.36.113)[0m === Installing vLLM 0.10.0 ===
2026-03-25 12:51:13,189 - INFO - [36m(setup pid=5444, ip=172.31.36.113)[0m + uv pip install vllm==0.10.0 'ray[cgraph]'
2026-03-25 12:51:13,189 - INFO - [36m(setup pid=6900)[0m Resolved 141 packages in 399ms
2026-03-25 12:51:13,189 - INFO - [36m(setup pid=6900)[0m Downloading pillow (6.7MiB)
2026-03-25 12:51:13,189 - INFO - [36m(setup pid=6900)[0m Downloading sympy (6.0MiB)
2026-03-25 12:51:13,189 - INFO - [36m(setup pid=6900)[0m Downloading uvloop (4.2MiB)
2026-03-25 12:51:13,189 - INFO - [36m(setup pid=6900)[0m Downloading numba (3.7MiB)
2026-03-25 12:51:13,189 - INFO - [36m(setup pid=6900)[0m Downloading networkx (2.0MiB)
2026-03-25 12:51:13,189 - INFO - [36m(setup pid=6900)[0m Downloading sentencepiece (1.3MiB)
2026-03-25 12:51:13,189 - INFO - [36m(setup pid=6900)[0m Downloading setuptools (1.2MiB)
2026-03-25 12:51:13,189 - INFO - [36m(setup pid=6900)[0m Downloading tiktoken (1.1MiB)
2026-03-25 12:51:13,189 - INFO - [36m(setup pid=6900)[0m Downloading nvidia-cusparselt-cu12 (149.5MiB)
2026-03-25 12:51:13,189 - INFO - [36m(setup pid=6900)[0m Downloading mistral-common (6.2MiB)
2026-03-25 12:51:13,189 - INFO - [36m(setup pid=6900)[0m Downloading tokenizers (3.1MiB)
2026-03-25 12:51:13,189 - INFO - [36m(setup pid=6900)[0m Downloading pycountry (7.7MiB)
2026-03-25 12:51:13,189 - INFO - [36m(setup pid=6900)[0m Downloading nvidia-cuda-nvrtc-cu12 (22.6MiB)
2026-03-25 12:51:13,189 - INFO - [36m(setup pid=6900)[0m Downloading transformers (10.2MiB)
2026-03-25 12:51:13,189 - INFO - [36m(setup pid=6900)[0m Downloading pydantic-core (2.0MiB)
2026-03-25 12:51:13,189 - INFO - [36m(setup pid=6900)[0m Downloading cupy-cuda12x (128.4MiB)
2026-03-25 12:51:13,189 - INFO - [36m(setup pid=6900)[0m Downloading nvidia-nvjitlink-cu12 (18.8MiB)
2026-03-25 12:51:13,189 - INFO - [36m(setup pid=6900)[0m Downloading nvidia-cufile-cu12 (1.1MiB)
2026-03-25 12:51:13,189 - INFO - [36m(setup pid=6900)[0m Downloading llguidance (14.3MiB)
2026-03-25 12:51:13,189 - INFO - [36m(setup pid=6900)[0m Downloading llvmlite (40.4MiB)
2026-03-25 12:51:13,189 - INFO - [36m(setup pid=6900)[0m Downloading nvidia-cusolver-cu12 (150.9MiB)
2026-03-25 12:51:13,189 - INFO - [36m(setup pid=6900)[0m Downloading scipy (33.6MiB)
2026-03-25 12:51:13,189 - INFO - [36m(setup pid=6900)[0m Downloading numpy (15.8MiB)
2026-03-25 12:51:13,189 - INFO - [36m(setup pid=6900)[0m Downloading nvidia-curand-cu12 (53.7MiB)
2026-03-25 12:51:13,189 - INFO - [36m(setup pid=6900)[0m Downloading triton (148.5MiB)
2026-03-25 12:51:13,189 - INFO - [36m(setup pid=6900)[0m Downloading soundfile (1.3MiB)
2026-03-25 12:51:13,189 - INFO - [36m(setup pid=6900)[0m Downloading nvidia-nccl-cu12 (192.0MiB)
2026-03-25 12:51:13,189 - INFO - [36m(setup pid=6900)[0m Downloading torchaudio (3.3MiB)
2026-03-25 12:51:13,189 - INFO - [36m(setup pid=6900)[0m Downloading opencv-python-headless (57.6MiB)
2026-03-25 12:51:13,189 - INFO - [36m(setup pid=6900)[0m Downloading nvidia-cublas-cu12 (374.9MiB)
2026-03-25 12:51:13,189 - INFO - [36m(setup pid=6900)[0m Downloading outlines-core (2.2MiB)
2026-03-25 12:51:13,189 - INFO - [36m(setup pid=6900)[0m Downloading nvidia-cusparse-cu12 (206.5MiB)
2026-03-25 12:51:13,189 - INFO - [36m(setup pid=6900)[0m Downloading xgrammar (11.3MiB)
2026-03-25 12:51:13,189 - INFO - [36m(setup pid=6900)[0m Downloading torchvision (7.1MiB)
2026-03-25 12:51:13,189 - INFO - [36m(setup pid=6900)[0m Downloading nvidia-cufft-cu12 (190.9MiB)
2026-03-25 12:51:13,189 - INFO - [36m(setup pid=6900)[0m Downloading nvidia-cudnn-cu12 (544.5MiB)
2026-03-25 12:51:13,189 - INFO - [36m(setup pid=6900)[0m Downloading nvidia-cuda-cupti-cu12 (8.5MiB)
2026-03-25 12:51:13,189 - INFO - [36m(setup pid=6900)[0m Downloading xformers (111.6MiB)
2026-03-25 12:51:13,190 - INFO - [36m(setup pid=6900)[0m Downloading ray (69.6MiB)
2026-03-25 12:51:13,691 - INFO - [36m(setup pid=6900)[0m Downloading vllm (368.7MiB)
2026-03-25 12:51:13,691 - INFO - [36m(setup pid=6900)[0m Downloading torch (783.0MiB)
2026-03-25 12:51:13,691 - INFO - [36m(setup pid=5444, ip=172.31.36.113)[0m Resolved 141 packages in 386ms
2026-03-25 12:51:14,295 - INFO - [36m(setup pid=5444, ip=172.31.36.113)[0m Downloading uvloop (4.2MiB)
2026-03-25 12:51:14,295 - INFO - [36m(setup pid=5444, ip=172.31.36.113)[0m Downloading tokenizers (3.1MiB)
2026-03-25 12:51:14,295 - INFO - [36m(setup pid=5444, ip=172.31.36.113)[0m Downloading tiktoken (1.1MiB)
2026-03-25 12:51:14,296 - INFO - [36m(setup pid=5444, ip=172.31.36.113)[0m Downloading sympy (6.0MiB)
2026-03-25 12:51:14,296 - INFO - [36m(setup pid=5444, ip=172.31.36.113)[0m Downloading pillow (6.7MiB)
2026-03-25 12:51:14,296 - INFO - [36m(setup pid=5444, ip=172.31.36.113)[0m Downloading scipy (33.6MiB)
2026-03-25 12:51:14,296 - INFO - [36m(setup pid=5444, ip=172.31.36.113)[0m Downloading torchaudio (3.3MiB)
2026-03-25 12:51:14,296 - INFO - [36m(setup pid=5444, ip=172.31.36.113)[0m Downloading transformers (10.2MiB)
2026-03-25 12:51:14,296 - INFO - [36m(setup pid=5444, ip=172.31.36.113)[0m Downloading networkx (2.0MiB)
2026-03-25 12:51:14,296 - INFO - [36m(setup pid=5444, ip=172.31.36.113)[0m Downloading opencv-python-headless (57.6MiB)
2026-03-25 12:51:14,296 - INFO - [36m(setup pid=5444, ip=172.31.36.113)[0m Downloading ray (69.6MiB)
2026-03-25 12:51:14,296 - INFO - [36m(setup pid=5444, ip=172.31.36.113)[0m Downloading cupy-cuda12x (128.4MiB)
2026-03-25 12:51:14,296 - INFO - [36m(setup pid=5444, ip=172.31.36.113)[0m Downloading setuptools (1.2MiB)
2026-03-25 12:51:14,296 - INFO - [36m(setup pid=5444, ip=172.31.36.113)[0m Downloading sentencepiece (1.3MiB)
2026-03-25 12:51:14,296 - INFO - [36m(setup pid=5444, ip=172.31.36.113)[0m Downloading pycountry (7.7MiB)
2026-03-25 12:51:14,296 - INFO - [36m(setup pid=5444, ip=172.31.36.113)[0m Downloading nvidia-nvjitlink-cu12 (18.8MiB)
2026-03-25 12:51:14,296 - INFO - [36m(setup pid=5444, ip=172.31.36.113)[0m Downloading torch (783.0MiB)
2026-03-25 12:51:14,296 - INFO - [36m(setup pid=5444, ip=172.31.36.113)[0m Downloading pydantic-core (2.0MiB)
2026-03-25 12:51:14,296 - INFO - [36m(setup pid=5444, ip=172.31.36.113)[0m Downloading xgrammar (11.3MiB)
2026-03-25 12:51:14,296 - INFO - [36m(setup pid=5444, ip=172.31.36.113)[0m Downloading nvidia-cusolver-cu12 (150.9MiB)
2026-03-25 12:51:14,296 - INFO - [36m(setup pid=5444, ip=172.31.36.113)[0m Downloading nvidia-cusparse-cu12 (206.5MiB)
2026-03-25 12:51:14,296 - INFO - [36m(setup pid=5444, ip=172.31.36.113)[0m Downloading outlines-core (2.2MiB)
2026-03-25 12:51:14,296 - INFO - [36m(setup pid=5444, ip=172.31.36.113)[0m Downloading nvidia-nccl-cu12 (192.0MiB)
2026-03-25 12:51:14,296 - INFO - [36m(setup pid=5444, ip=172.31.36.113)[0m Downloading numpy (15.8MiB)
2026-03-25 12:51:14,296 - INFO - [36m(setup pid=5444, ip=172.31.36.113)[0m Downloading llvmlite (40.4MiB)
2026-03-25 12:51:14,296 - INFO - [36m(setup pid=5444, ip=172.31.36.113)[0m Downloading xformers (111.6MiB)
2026-03-25 12:51:14,296 - INFO - [36m(setup pid=5444, ip=172.31.36.113)[0m Downloading nvidia-cuda-cupti-cu12 (8.5MiB)
2026-03-25 12:51:14,296 - INFO - [36m(setup pid=5444, ip=172.31.36.113)[0m Downloading nvidia-cusparselt-cu12 (149.5MiB)
2026-03-25 12:51:14,296 - INFO - [36m(setup pid=5444, ip=172.31.36.113)[0m Downloading nvidia-cublas-cu12 (374.9MiB)
2026-03-25 12:51:14,296 - INFO - [36m(setup pid=5444, ip=172.31.36.113)[0m Downloading nvidia-curand-cu12 (53.7MiB)
2026-03-25 12:51:14,296 - INFO - [36m(setup pid=5444, ip=172.31.36.113)[0m Downloading nvidia-cuda-nvrtc-cu12 (22.6MiB)
2026-03-25 12:51:14,296 - INFO - [36m(setup pid=5444, ip=172.31.36.113)[0m Downloading llguidance (14.3MiB)
2026-03-25 12:51:14,296 - INFO - [36m(setup pid=5444, ip=172.31.36.113)[0m Downloading soundfile (1.3MiB)
2026-03-25 12:51:14,296 - INFO - [36m(setup pid=5444, ip=172.31.36.113)[0m Downloading nvidia-cudnn-cu12 (544.5MiB)
2026-03-25 12:51:14,296 - INFO - [36m(setup pid=5444, ip=172.31.36.113)[0m Downloading numba (3.7MiB)
2026-03-25 12:51:14,296 - INFO - [36m(setup pid=5444, ip=172.31.36.113)[0m Downloading mistral-common (6.2MiB)
2026-03-25 12:51:14,296 - INFO - [36m(setup pid=5444, ip=172.31.36.113)[0m Downloading nvidia-cufile-cu12 (1.1MiB)
2026-03-25 12:51:14,296 - INFO - [36m(setup pid=5444, ip=172.31.36.113)[0m Downloading vllm (368.7MiB)
2026-03-25 12:51:14,296 - INFO - [36m(setup pid=5444, ip=172.31.36.113)[0m Downloading nvidia-cufft-cu12 (190.9MiB)
2026-03-25 12:51:14,296 - INFO - [36m(setup pid=5444, ip=172.31.36.113)[0m Downloading triton (148.5MiB)
2026-03-25 12:51:14,296 - INFO - [36m(setup pid=5444, ip=172.31.36.113)[0m Downloading torchvision (7.1MiB)
2026-03-25 12:51:14,296 - INFO - [36m(setup pid=6900)[0m  Downloaded tiktoken
2026-03-25 12:51:14,898 - INFO - [36m(setup pid=6900)[0m  Downloaded nvidia-cufile-cu12
2026-03-25 12:51:14,898 - INFO - [36m(setup pid=5444, ip=172.31.36.113)[0m  Downloaded nvidia-cufile-cu12
2026-03-25 12:51:14,898 - INFO - [36m(setup pid=5444, ip=172.31.36.113)[0m  Downloaded tiktoken
2026-03-25 12:51:14,898 - INFO - [36m(setup pid=6900)[0m  Downloaded soundfile
2026-03-25 12:51:14,898 - INFO - [36m(setup pid=6900)[0m  Downloaded sentencepiece
2026-03-25 12:51:14,898 - INFO - [36m(setup pid=5444, ip=172.31.36.113)[0m  Downloaded soundfile
2026-03-25 12:51:14,898 - INFO - [36m(setup pid=5444, ip=172.31.36.113)[0m  Downloaded sentencepiece
2026-03-25 12:51:14,898 - INFO - [36m(setup pid=6900)[0m  Downloaded pydantic-core
2026-03-25 12:51:14,898 - INFO - [36m(setup pid=6900)[0m  Downloaded outlines-core
2026-03-25 12:51:14,898 - INFO - [36m(setup pid=5444, ip=172.31.36.113)[0m  Downloaded pydantic-core
2026-03-25 12:51:14,898 - INFO - [36m(setup pid=5444, ip=172.31.36.113)[0m  Downloaded outlines-core
2026-03-25 12:51:14,898 - INFO - [36m(setup pid=5444, ip=172.31.36.113)[0m  Downloaded setuptools
2026-03-25 12:51:15,606 - INFO - [36m(setup pid=6900)[0m  Downloaded setuptools
2026-03-25 12:51:15,606 - INFO - [36m(setup pid=5444, ip=172.31.36.113)[0m  Downloaded tokenizers
2026-03-25 12:51:15,606 - INFO - [36m(setup pid=6900)[0m  Downloaded tokenizers
2026-03-25 12:51:15,606 - INFO - [36m(setup pid=6900)[0m  Downloaded networkx
2026-03-25 12:51:15,606 - INFO - [36m(setup pid=5444, ip=172.31.36.113)[0m  Downloaded networkx
2026-03-25 12:51:15,606 - INFO - [36m(setup pid=5444, ip=172.31.36.113)[0m  Downloaded torchaudio
2026-03-25 12:51:15,606 - INFO - [36m(setup pid=6900)[0m  Downloaded torchaudio
2026-03-25 12:51:15,606 - INFO - [36m(setup pid=6900)[0m  Downloaded uvloop
2026-03-25 12:51:15,606 - INFO - [36m(setup pid=6900)[0m  Downloaded numba
2026-03-25 12:51:15,606 - INFO - [36m(setup pid=5444, ip=172.31.36.113)[0m  Downloaded uvloop
2026-03-25 12:51:16,415 - INFO - [36m(setup pid=5444, ip=172.31.36.113)[0m  Downloaded numba
2026-03-25 12:51:16,415 - INFO - [36m(setup pid=6900)[0m  Downloaded mistral-common
2026-03-25 12:51:16,415 - INFO - [36m(setup pid=5444, ip=172.31.36.113)[0m  Downloaded mistral-common
2026-03-25 12:51:16,415 - INFO - [36m(setup pid=5444, ip=172.31.36.113)[0m  Downloaded pillow
2026-03-25 12:51:16,920 - INFO - [36m(setup pid=6900)[0m  Downloaded pillow
2026-03-25 12:51:16,920 - INFO - [36m(setup pid=6900)[0m  Downloaded torchvision
2026-03-25 12:51:16,920 - INFO - [36m(setup pid=5444, ip=172.31.36.113)[0m  Downloaded torchvision
2026-03-25 12:51:16,920 - INFO - [36m(setup pid=6900)[0m  Downloaded pycountry
2026-03-25 12:51:16,920 - INFO - [36m(setup pid=5444, ip=172.31.36.113)[0m  Downloaded pycountry
2026-03-25 12:51:16,920 - INFO - [36m(setup pid=6900)[0m  Downloaded nvidia-cuda-cupti-cu12
2026-03-25 12:51:16,920 - INFO - [36m(setup pid=5444, ip=172.31.36.113)[0m  Downloaded nvidia-cuda-cupti-cu12
2026-03-25 12:51:16,920 - INFO - [36m(setup pid=5444, ip=172.31.36.113)[0m  Downloaded sympy
2026-03-25 12:51:17,528 - INFO - [36m(setup pid=5444, ip=172.31.36.113)[0m  Downloaded xgrammar
2026-03-25 12:51:17,528 - INFO - [36m(setup pid=6900)[0m  Downloaded sympy
2026-03-25 12:51:17,528 - INFO - [36m(setup pid=6900)[0m  Downloaded xgrammar
2026-03-25 12:51:17,528 - INFO - [36m(setup pid=5444, ip=172.31.36.113)[0m  Downloaded llguidance
2026-03-25 12:51:18,132 - INFO - [36m(setup pid=6900)[0m  Downloaded llguidance
2026-03-25 12:51:18,132 - INFO - [36m(setup pid=5444, ip=172.31.36.113)[0m  Downloaded numpy
2026-03-25 12:51:18,132 - INFO - [36m(setup pid=6900)[0m  Downloaded numpy
2026-03-25 12:51:18,132 - INFO - [36m(setup pid=5444, ip=172.31.36.113)[0m  Downloaded transformers
2026-03-25 12:51:18,738 - INFO - [36m(setup pid=5444, ip=172.31.36.113)[0m  Downloaded nvidia-nvjitlink-cu12
2026-03-25 12:51:18,738 - INFO - [36m(setup pid=6900)[0m  Downloaded transformers
2026-03-25 12:51:18,738 - INFO - [36m(setup pid=6900)[0m  Downloaded nvidia-nvjitlink-cu12
2026-03-25 12:51:18,738 - INFO - [36m(setup pid=5444, ip=172.31.36.113)[0m  Downloaded nvidia-cuda-nvrtc-cu12
2026-03-25 12:51:18,738 - INFO - [36m(setup pid=6900)[0m  Downloaded nvidia-cuda-nvrtc-cu12
2026-03-25 12:51:19,746 - INFO - [36m(setup pid=5444, ip=172.31.36.113)[0m  Downloaded scipy
2026-03-25 12:51:20,351 - INFO - [36m(setup pid=6900)[0m  Downloaded scipy
2026-03-25 12:51:21,057 - INFO - [36m(setup pid=5444, ip=172.31.36.113)[0m  Downloaded llvmlite
2026-03-25 12:51:21,057 - INFO - [36m(setup pid=6900)[0m  Downloaded llvmlite
2026-03-25 12:51:21,764 - INFO - [36m(setup pid=5444, ip=172.31.36.113)[0m  Downloaded nvidia-curand-cu12
2026-03-25 12:51:22,672 - INFO - [36m(setup pid=6900)[0m  Downloaded nvidia-curand-cu12
2026-03-25 12:51:22,672 - INFO - [36m(setup pid=5444, ip=172.31.36.113)[0m  Downloaded opencv-python-headless
2026-03-25 12:51:26,942 - INFO - [36m(setup pid=6900)[0m  Downloaded opencv-python-headless
2026-03-25 12:51:26,942 - INFO - [36m(setup pid=5444, ip=172.31.36.113)[0m  Downloaded xformers
2026-03-25 12:51:28,654 - INFO - [36m(setup pid=6900)[0m  Downloaded xformers
2026-03-25 12:51:28,655 - INFO - [36m(setup pid=5444, ip=172.31.36.113)[0m  Downloaded ray
2026-03-25 12:51:29,259 - INFO - [36m(setup pid=6900)[0m  Downloaded ray
2026-03-25 12:51:29,864 - INFO - [36m(setup pid=6900)[0m  Downloaded nvidia-cusparselt-cu12
2026-03-25 12:51:29,864 - INFO - [36m(setup pid=5444, ip=172.31.36.113)[0m  Downloaded nvidia-cusparselt-cu12
2026-03-25 12:51:29,864 - INFO - [36m(setup pid=5444, ip=172.31.36.113)[0m  Downloaded nvidia-cusolver-cu12
2026-03-25 12:51:29,864 - INFO - [36m(setup pid=6900)[0m  Downloaded nvidia-cusolver-cu12
2026-03-25 12:51:29,864 - INFO - [36m(setup pid=5444, ip=172.31.36.113)[0m  Downloaded triton
2026-03-25 12:51:30,570 - INFO - [36m(setup pid=6900)[0m  Downloaded triton
2026-03-25 12:51:30,571 - INFO - [36m(setup pid=5444, ip=172.31.36.113)[0m  Downloaded cupy-cuda12x
2026-03-25 12:51:31,177 - INFO - [36m(setup pid=6900)[0m  Downloaded cupy-cuda12x
2026-03-25 12:51:31,177 - INFO - [36m(setup pid=6900)[0m  Downloaded nvidia-cufft-cu12
2026-03-25 12:51:33,191 - INFO - [36m(setup pid=6900)[0m  Downloaded nvidia-nccl-cu12
2026-03-25 12:51:33,191 - INFO - [36m(setup pid=5444, ip=172.31.36.113)[0m  Downloaded nvidia-cufft-cu12
2026-03-25 12:51:33,191 - INFO - [36m(setup pid=5444, ip=172.31.36.113)[0m  Downloaded nvidia-nccl-cu12
2026-03-25 12:51:33,191 - INFO - [36m(setup pid=6900)[0m  Downloaded nvidia-cusparse-cu12
2026-03-25 12:51:33,191 - INFO - [36m(setup pid=5444, ip=172.31.36.113)[0m  Downloaded nvidia-cusparse-cu12
2026-03-25 12:51:33,191 - INFO - [36m(setup pid=6900)[0m  Downloaded nvidia-cublas-cu12
2026-03-25 12:51:35,104 - INFO - [36m(setup pid=5444, ip=172.31.36.113)[0m  Downloaded nvidia-cublas-cu12
2026-03-25 12:51:35,104 - INFO - [36m(setup pid=6900)[0m  Downloaded nvidia-cudnn-cu12
2026-03-25 12:51:35,709 - INFO - [36m(setup pid=5444, ip=172.31.36.113)[0m  Downloaded nvidia-cudnn-cu12
2026-03-25 12:51:36,612 - INFO - [36m(setup pid=6900)[0m  Downloaded vllm
2026-03-25 12:51:41,843 - INFO - [36m(setup pid=5444, ip=172.31.36.113)[0m  Downloaded vllm
2026-03-25 12:51:41,843 - INFO - [36m(setup pid=6900)[0m  Downloaded torch
2026-03-25 12:51:42,448 - INFO - [36m(setup pid=6900)[0m Prepared 92 packages in 28.46s
2026-03-25 12:51:42,448 - INFO - [36m(setup pid=6900)[0m Uninstalled 1 package in 9ms
2026-03-25 12:51:42,448 - INFO - [36m(setup pid=5444, ip=172.31.36.113)[0m  Downloaded torch
2026-03-25 12:51:42,448 - INFO - [36m(setup pid=5444, ip=172.31.36.113)[0m Prepared 92 packages in 28.57s
2026-03-25 12:51:42,448 - INFO - [36m(setup pid=5444, ip=172.31.36.113)[0m Uninstalled 1 package in 10ms
2026-03-25 12:51:42,448 - INFO - [36m(setup pid=6900)[0m Installed 106 packages in 467ms
2026-03-25 12:51:42,951 - INFO - [36m(setup pid=6900)[0m  + annotated-types==0.7.0
2026-03-25 12:51:42,951 - INFO - [36m(setup pid=6900)[0m  + astor==0.8.1
2026-03-25 12:51:42,951 - INFO - [36m(setup pid=6900)[0m  + blake3==1.0.8
2026-03-25 12:51:42,951 - INFO - [36m(setup pid=6900)[0m  + cachetools==7.0.5
2026-03-25 12:51:42,951 - INFO - [36m(setup pid=6900)[0m  + cbor2==5.9.0
2026-03-25 12:51:42,952 - INFO - [36m(setup pid=6900)[0m  + cffi==2.0.0
2026-03-25 12:51:42,952 - INFO - [36m(setup pid=6900)[0m  + cloudpickle==3.1.2
2026-03-25 12:51:42,952 - INFO - [36m(setup pid=6900)[0m  + compressed-tensors==0.10.2
2026-03-25 12:51:42,952 - INFO - [36m(setup pid=6900)[0m  + cuda-pathfinder==1.5.0
2026-03-25 12:51:42,952 - INFO - [36m(setup pid=6900)[0m  + cupy-cuda12x==14.0.1
2026-03-25 12:51:42,952 - INFO - [36m(setup pid=6900)[0m  + depyf==0.19.0
2026-03-25 12:51:42,952 - INFO - [36m(setup pid=6900)[0m  + diskcache==5.6.3
2026-03-25 12:51:42,952 - INFO - [36m(setup pid=6900)[0m  + distro==1.9.0
2026-03-25 12:51:42,952 - INFO - [36m(setup pid=6900)[0m  + dnspython==2.8.0
2026-03-25 12:51:42,952 - INFO - [36m(setup pid=6900)[0m  + einops==0.8.2
2026-03-25 12:51:42,952 - INFO - [36m(setup pid=6900)[0m  + email-validator==2.3.0
2026-03-25 12:51:42,952 - INFO - [36m(setup pid=6900)[0m  + fastapi==0.135.2
2026-03-25 12:51:42,952 - INFO - [36m(setup pid=6900)[0m  + fastapi-cli==0.0.24
2026-03-25 12:51:42,952 - INFO - [36m(setup pid=6900)[0m  + fastapi-cloud-cli==0.15.0
2026-03-25 12:51:42,952 - INFO - [36m(setup pid=6900)[0m  + fastar==0.9.0
2026-03-25 12:51:42,952 - INFO - [36m(setup pid=6900)[0m  + gguf==0.18.0
2026-03-25 12:51:42,952 - INFO - [36m(setup pid=6900)[0m  + httptools==0.7.1
2026-03-25 12:51:42,952 - INFO - [36m(setup pid=6900)[0m  + interegular==0.3.3
2026-03-25 12:51:42,952 - INFO - [36m(setup pid=6900)[0m  + jinja2==3.1.6
2026-03-25 12:51:42,952 - INFO - [36m(setup pid=6900)[0m  + jiter==0.13.0
2026-03-25 12:51:42,952 - INFO - [36m(setup pid=6900)[0m  + jsonschema==4.26.0
2026-03-25 12:51:42,952 - INFO - [36m(setup pid=6900)[0m  + jsonschema-specifications==2025.9.1
2026-03-25 12:51:42,952 - INFO - [36m(setup pid=6900)[0m  + lark==1.2.2
2026-03-25 12:51:42,952 - INFO - [36m(setup pid=6900)[0m  + llguidance==0.7.30
2026-03-25 12:51:42,952 - INFO - [36m(setup pid=6900)[0m  + llvmlite==0.44.0
2026-03-25 12:51:42,952 - INFO - [36m(setup pid=6900)[0m  + lm-format-enforcer==0.10.12
2026-03-25 12:51:42,952 - INFO - [36m(setup pid=6900)[0m  + markupsafe==3.0.3
2026-03-25 12:51:42,952 - INFO - [36m(setup pid=6900)[0m  + mistral-common==1.10.0
2026-03-25 12:51:42,952 - INFO - [36m(setup pid=6900)[0m  + mpmath==1.3.0
2026-03-25 12:51:42,952 - INFO - [36m(setup pid=6900)[0m  + msgpack==1.1.2
2026-03-25 12:51:42,952 - INFO - [36m(setup pid=6900)[0m  + msgspec==0.20.0
2026-03-25 12:51:42,952 - INFO - [36m(setup pid=6900)[0m  + networkx==3.6.1
2026-03-25 12:51:42,952 - INFO - [36m(setup pid=6900)[0m  + ninja==1.13.0
2026-03-25 12:51:42,952 - INFO - [36m(setup pid=6900)[0m  + numba==0.61.2
2026-03-25 12:51:42,952 - INFO - [36m(setup pid=6900)[0m  - numpy==2.4.3
2026-03-25 12:51:42,952 - INFO - [36m(setup pid=6900)[0m  + numpy==2.2.6
2026-03-25 12:51:42,952 - INFO - [36m(setup pid=6900)[0m  + nvidia-cublas-cu12==12.6.4.1
2026-03-25 12:51:42,952 - INFO - [36m(setup pid=6900)[0m  + nvidia-cuda-cupti-cu12==12.6.80
2026-03-25 12:51:42,952 - INFO - [36m(setup pid=6900)[0m  + nvidia-cuda-nvrtc-cu12==12.6.77
2026-03-25 12:51:42,952 - INFO - [36m(setup pid=6900)[0m  + nvidia-cuda-runtime-cu12==12.6.77
2026-03-25 12:51:42,952 - INFO - [36m(setup pid=6900)[0m  + nvidia-cudnn-cu12==9.5.1.17
2026-03-25 12:51:42,952 - INFO - [36m(setup pid=6900)[0m  + nvidia-cufft-cu12==11.3.0.4
2026-03-25 12:51:42,952 - INFO - [36m(setup pid=6900)[0m  + nvidia-cufile-cu12==1.11.1.6
2026-03-25 12:51:42,952 - INFO - [36m(setup pid=6900)[0m  + nvidia-curand-cu12==10.3.7.77
2026-03-25 12:51:42,952 - INFO - [36m(setup pid=6900)[0m  + nvidia-cusolver-cu12==11.7.1.2
2026-03-25 12:51:42,952 - INFO - [36m(setup pid=6900)[0m  + nvidia-cusparse-cu12==12.5.4.2
2026-03-25 12:51:42,952 - INFO - [36m(setup pid=6900)[0m  + nvidia-cusparselt-cu12==0.6.3
2026-03-25 12:51:42,952 - INFO - [36m(setup pid=6900)[0m  + nvidia-nccl-cu12==2.26.2
2026-03-25 12:51:42,952 - INFO - [36m(setup pid=6900)[0m  + nvidia-nvjitlink-cu12==12.6.85
2026-03-25 12:51:42,952 - INFO - [36m(setup pid=6900)[0m  + nvidia-nvtx-cu12==12.6.77
2026-03-25 12:51:42,952 - INFO - [36m(setup pid=6900)[0m  + openai==1.90.0
2026-03-25 12:51:42,952 - INFO - [36m(setup pid=6900)[0m  + opencv-python-headless==4.13.0.92
2026-03-25 12:51:42,952 - INFO - [36m(setup pid=6900)[0m  + outlines-core==0.2.10
2026-03-25 12:51:42,952 - INFO - [36m(setup pid=6900)[0m  + partial-json-parser==0.2.1.1.post7
2026-03-25 12:51:42,952 - INFO - [36m(setup pid=6900)[0m  + pillow==12.1.1
2026-03-25 12:51:42,952 - INFO - [36m(setup pid=6900)[0m  + prometheus-client==0.24.1
2026-03-25 12:51:42,952 - INFO - [36m(setup pid=6900)[0m  + prometheus-fastapi-instrumentator==7.1.0
2026-03-25 12:51:42,952 - INFO - [36m(setup pid=6900)[0m  + protobuf==7.34.1
2026-03-25 12:51:42,952 - INFO - [36m(setup pid=6900)[0m  + psutil==7.2.2
2026-03-25 12:51:42,952 - INFO - [36m(setup pid=6900)[0m  + py-cpuinfo==9.0.0
2026-03-25 12:51:42,952 - INFO - [36m(setup pid=6900)[0m  + pybase64==1.4.3
2026-03-25 12:51:42,952 - INFO - [36m(setup pid=6900)[0m  + pycountry==26.2.16
2026-03-25 12:51:42,952 - INFO - [36m(setup pid=6900)[0m  + pycparser==3.0
2026-03-25 12:51:42,952 - INFO - [36m(setup pid=6900)[0m  + pydantic==2.12.5
2026-03-25 12:51:42,952 - INFO - [36m(setup pid=6900)[0m  + pydantic-core==2.41.5
2026-03-25 12:51:42,952 - INFO - [36m(setup pid=6900)[0m  + pydantic-extra-types==2.11.1
2026-03-25 12:51:42,952 - INFO - [36m(setup pid=6900)[0m  + pydantic-settings==2.13.1
2026-03-25 12:51:42,952 - INFO - [36m(setup pid=6900)[0m  + python-dotenv==1.2.2
2026-03-25 12:51:42,952 - INFO - [36m(setup pid=6900)[0m  + python-json-logger==4.0.0
2026-03-25 12:51:42,952 - INFO - [36m(setup pid=6900)[0m  + python-multipart==0.0.22
2026-03-25 12:51:42,952 - INFO - [36m(setup pid=6900)[0m  + pyzmq==27.1.0
2026-03-25 12:51:42,952 - INFO - [36m(setup pid=6900)[0m  + ray==2.54.0
2026-03-25 12:51:42,952 - INFO - [36m(setup pid=6900)[0m  + referencing==0.37.0
2026-03-25 12:51:42,952 - INFO - [36m(setup pid=6900)[0m  + regex==2026.2.28
2026-03-25 12:51:42,952 - INFO - [36m(setup pid=6900)[0m  + rich-toolkit==0.19.7
2026-03-25 12:51:42,952 - INFO - [36m(setup pid=6900)[0m  + rignore==0.7.6
2026-03-25 12:51:43,254 - INFO - [36m(setup pid=6900)[0m  + rpds-py==0.30.0
2026-03-25 12:51:43,254 - INFO - [36m(setup pid=6900)[0m  + safetensors==0.7.0
2026-03-25 12:51:43,254 - INFO - [36m(setup pid=6900)[0m  + scipy==1.17.1
2026-03-25 12:51:43,254 - INFO - [36m(setup pid=6900)[0m  + sentencepiece==0.2.1
2026-03-25 12:51:43,254 - INFO - [36m(setup pid=6900)[0m  + sentry-sdk==2.56.0
2026-03-25 12:51:43,254 - INFO - [36m(setup pid=6900)[0m  + setuptools==79.0.1
2026-03-25 12:51:43,254 - INFO - [36m(setup pid=6900)[0m  + sniffio==1.3.1
2026-03-25 12:51:43,254 - INFO - [36m(setup pid=6900)[0m  + soundfile==0.13.1
2026-03-25 12:51:43,254 - INFO - [36m(setup pid=6900)[0m  + soxr==1.0.0
2026-03-25 12:51:43,757 - INFO - [36m(setup pid=6900)[0m  + starlette==0.52.1
2026-03-25 12:51:43,757 - INFO - [36m(setup pid=6900)[0m  + sympy==1.14.0
2026-03-25 12:51:43,757 - INFO - [36m(setup pid=6900)[0m  + tiktoken==0.12.0
2026-03-25 12:51:43,757 - INFO - [36m(setup pid=6900)[0m  + tokenizers==0.22.2
2026-03-25 12:51:43,757 - INFO - [36m(setup pid=6900)[0m  + torch==2.7.1
2026-03-25 12:51:43,757 - INFO - [36m(setup pid=6900)[0m  + torchaudio==2.7.1
2026-03-25 12:51:43,757 - INFO - [36m(setup pid=6900)[0m  + torchvision==0.22.1
2026-03-25 12:51:43,757 - INFO - [36m(setup pid=6900)[0m  + transformers==5.3.0
2026-03-25 12:51:43,757 - INFO - [36m(setup pid=6900)[0m  + triton==3.3.1
2026-03-25 12:51:43,757 - INFO - [36m(setup pid=6900)[0m  + typing-inspection==0.4.2
2026-03-25 12:51:43,757 - INFO - [36m(setup pid=6900)[0m  + uvicorn==0.42.0
2026-03-25 12:51:43,757 - INFO - [36m(setup pid=6900)[0m  + uvloop==0.22.1
2026-03-25 12:51:43,757 - INFO - [36m(setup pid=6900)[0m  + vllm==0.10.0
2026-03-25 12:51:43,757 - INFO - [36m(setup pid=6900)[0m  + watchfiles==1.1.1
2026-03-25 12:51:43,757 - INFO - [36m(setup pid=6900)[0m  + websockets==16.0
2026-03-25 12:51:43,757 - INFO - [36m(setup pid=6900)[0m  + xformers==0.0.31
2026-03-25 12:51:43,757 - INFO - [36m(setup pid=6900)[0m  + xgrammar==0.1.21
2026-03-25 12:51:43,757 - INFO - [36m(setup pid=6900)[0m + echo '=== Pinning transformers==4.57.3 (avoid 5.x breaking changes) ==='
2026-03-25 12:51:43,757 - INFO - [36m(setup pid=6900)[0m === Pinning transformers==4.57.3 (avoid 5.x breaking changes) ===
2026-03-25 12:51:43,757 - INFO - [36m(setup pid=6900)[0m + uv pip install transformers==4.57.3
2026-03-25 12:51:43,757 - INFO - [36m(setup pid=5444, ip=172.31.36.113)[0m Installed 106 packages in 336ms
2026-03-25 12:51:43,757 - INFO - [36m(setup pid=5444, ip=172.31.36.113)[0m  + annotated-types==0.7.0
2026-03-25 12:51:43,757 - INFO - [36m(setup pid=5444, ip=172.31.36.113)[0m  + astor==0.8.1
2026-03-25 12:51:43,757 - INFO - [36m(setup pid=5444, ip=172.31.36.113)[0m  + blake3==1.0.8
2026-03-25 12:51:43,757 - INFO - [36m(setup pid=5444, ip=172.31.36.113)[0m  + cachetools==7.0.5
2026-03-25 12:51:43,757 - INFO - [36m(setup pid=5444, ip=172.31.36.113)[0m  + cbor2==5.9.0
2026-03-25 12:51:43,757 - INFO - [36m(setup pid=5444, ip=172.31.36.113)[0m  + cffi==2.0.0
2026-03-25 12:51:43,757 - INFO - [36m(setup pid=5444, ip=172.31.36.113)[0m  + cloudpickle==3.1.2
2026-03-25 12:51:43,757 - INFO - [36m(setup pid=5444, ip=172.31.36.113)[0m  + compressed-tensors==0.10.2
2026-03-25 12:51:43,757 - INFO - [36m(setup pid=5444, ip=172.31.36.113)[0m  + cuda-pathfinder==1.5.0
2026-03-25 12:51:43,758 - INFO - [36m(setup pid=5444, ip=172.31.36.113)[0m  + cupy-cuda12x==14.0.1
2026-03-25 12:51:43,758 - INFO - [36m(setup pid=5444, ip=172.31.36.113)[0m  + depyf==0.19.0
2026-03-25 12:51:43,758 - INFO - [36m(setup pid=5444, ip=172.31.36.113)[0m  + diskcache==5.6.3
2026-03-25 12:51:43,758 - INFO - [36m(setup pid=5444, ip=172.31.36.113)[0m  + distro==1.9.0
2026-03-25 12:51:43,758 - INFO - [36m(setup pid=5444, ip=172.31.36.113)[0m  + dnspython==2.8.0
2026-03-25 12:51:43,758 - INFO - [36m(setup pid=5444, ip=172.31.36.113)[0m  + einops==0.8.2
2026-03-25 12:51:43,758 - INFO - [36m(setup pid=5444, ip=172.31.36.113)[0m  + email-validator==2.3.0
2026-03-25 12:51:43,758 - INFO - [36m(setup pid=5444, ip=172.31.36.113)[0m  + fastapi==0.135.2
2026-03-25 12:51:43,758 - INFO - [36m(setup pid=5444, ip=172.31.36.113)[0m  + fastapi-cli==0.0.24
2026-03-25 12:51:43,758 - INFO - [36m(setup pid=5444, ip=172.31.36.113)[0m  + fastapi-cloud-cli==0.15.0
2026-03-25 12:51:43,758 - INFO - [36m(setup pid=5444, ip=172.31.36.113)[0m  + fastar==0.9.0
2026-03-25 12:51:43,758 - INFO - [36m(setup pid=5444, ip=172.31.36.113)[0m  + gguf==0.18.0
2026-03-25 12:51:43,758 - INFO - [36m(setup pid=5444, ip=172.31.36.113)[0m  + httptools==0.7.1
2026-03-25 12:51:43,758 - INFO - [36m(setup pid=5444, ip=172.31.36.113)[0m  + interegular==0.3.3
2026-03-25 12:51:43,758 - INFO - [36m(setup pid=5444, ip=172.31.36.113)[0m  + jinja2==3.1.6
2026-03-25 12:51:43,758 - INFO - [36m(setup pid=5444, ip=172.31.36.113)[0m  + jiter==0.13.0
2026-03-25 12:51:43,758 - INFO - [36m(setup pid=5444, ip=172.31.36.113)[0m  + jsonschema==4.26.0
2026-03-25 12:51:43,758 - INFO - [36m(setup pid=5444, ip=172.31.36.113)[0m  + jsonschema-specifications==2025.9.1
2026-03-25 12:51:43,758 - INFO - [36m(setup pid=5444, ip=172.31.36.113)[0m  + lark==1.2.2
2026-03-25 12:51:43,758 - INFO - [36m(setup pid=5444, ip=172.31.36.113)[0m  + llguidance==0.7.30
2026-03-25 12:51:43,758 - INFO - [36m(setup pid=5444, ip=172.31.36.113)[0m  + llvmlite==0.44.0
2026-03-25 12:51:43,758 - INFO - [36m(setup pid=5444, ip=172.31.36.113)[0m  + lm-format-enforcer==0.10.12
2026-03-25 12:51:43,758 - INFO - [36m(setup pid=5444, ip=172.31.36.113)[0m  + markupsafe==3.0.3
2026-03-25 12:51:43,758 - INFO - [36m(setup pid=5444, ip=172.31.36.113)[0m  + mistral-common==1.10.0
2026-03-25 12:51:43,758 - INFO - [36m(setup pid=5444, ip=172.31.36.113)[0m  + mpmath==1.3.0
2026-03-25 12:51:43,758 - INFO - [36m(setup pid=5444, ip=172.31.36.113)[0m  + msgpack==1.1.2
2026-03-25 12:51:43,758 - INFO - [36m(setup pid=5444, ip=172.31.36.113)[0m  + msgspec==0.20.0
2026-03-25 12:51:43,758 - INFO - [36m(setup pid=5444, ip=172.31.36.113)[0m  + networkx==3.6.1
2026-03-25 12:51:43,758 - INFO - [36m(setup pid=5444, ip=172.31.36.113)[0m  + ninja==1.13.0
2026-03-25 12:51:43,758 - INFO - [36m(setup pid=5444, ip=172.31.36.113)[0m  + numba==0.61.2
2026-03-25 12:51:43,758 - INFO - [36m(setup pid=5444, ip=172.31.36.113)[0m  - numpy==2.4.3
2026-03-25 12:51:43,758 - INFO - [36m(setup pid=5444, ip=172.31.36.113)[0m  + numpy==2.2.6
2026-03-25 12:51:43,758 - INFO - [36m(setup pid=5444, ip=172.31.36.113)[0m  + nvidia-cublas-cu12==12.6.4.1
2026-03-25 12:51:43,758 - INFO - [36m(setup pid=5444, ip=172.31.36.113)[0m  + nvidia-cuda-cupti-cu12==12.6.80
2026-03-25 12:51:43,758 - INFO - [36m(setup pid=5444, ip=172.31.36.113)[0m  + nvidia-cuda-nvrtc-cu12==12.6.77
2026-03-25 12:51:43,758 - INFO - [36m(setup pid=5444, ip=172.31.36.113)[0m  + nvidia-cuda-runtime-cu12==12.6.77
2026-03-25 12:51:43,758 - INFO - [36m(setup pid=5444, ip=172.31.36.113)[0m  + nvidia-cudnn-cu12==9.5.1.17
2026-03-25 12:51:43,758 - INFO - [36m(setup pid=5444, ip=172.31.36.113)[0m  + nvidia-cufft-cu12==11.3.0.4
2026-03-25 12:51:43,758 - INFO - [36m(setup pid=5444, ip=172.31.36.113)[0m  + nvidia-cufile-cu12==1.11.1.6
2026-03-25 12:51:43,758 - INFO - [36m(setup pid=5444, ip=172.31.36.113)[0m  + nvidia-curand-cu12==10.3.7.77
2026-03-25 12:51:43,758 - INFO - [36m(setup pid=5444, ip=172.31.36.113)[0m  + nvidia-cusolver-cu12==11.7.1.2
2026-03-25 12:51:43,758 - INFO - [36m(setup pid=5444, ip=172.31.36.113)[0m  + nvidia-cusparse-cu12==12.5.4.2
2026-03-25 12:51:43,758 - INFO - [36m(setup pid=5444, ip=172.31.36.113)[0m  + nvidia-cusparselt-cu12==0.6.3
2026-03-25 12:51:43,758 - INFO - [36m(setup pid=5444, ip=172.31.36.113)[0m  + nvidia-nccl-cu12==2.26.2
2026-03-25 12:51:43,758 - INFO - [36m(setup pid=5444, ip=172.31.36.113)[0m  + nvidia-nvjitlink-cu12==12.6.85
2026-03-25 12:51:43,758 - INFO - [36m(setup pid=5444, ip=172.31.36.113)[0m  + nvidia-nvtx-cu12==12.6.77
2026-03-25 12:51:43,758 - INFO - [36m(setup pid=5444, ip=172.31.36.113)[0m  + openai==1.90.0
2026-03-25 12:51:43,758 - INFO - [36m(setup pid=5444, ip=172.31.36.113)[0m  + opencv-python-headless==4.13.0.92
2026-03-25 12:51:43,758 - INFO - [36m(setup pid=5444, ip=172.31.36.113)[0m  + outlines-core==0.2.10
2026-03-25 12:51:43,758 - INFO - [36m(setup pid=5444, ip=172.31.36.113)[0m  + partial-json-parser==0.2.1.1.post7
2026-03-25 12:51:43,758 - INFO - [36m(setup pid=5444, ip=172.31.36.113)[0m  + pillow==12.1.1
2026-03-25 12:51:43,758 - INFO - [36m(setup pid=5444, ip=172.31.36.113)[0m  + prometheus-client==0.24.1
2026-03-25 12:51:43,759 - INFO - [36m(setup pid=5444, ip=172.31.36.113)[0m  + prometheus-fastapi-instrumentator==7.1.0
2026-03-25 12:51:43,759 - INFO - [36m(setup pid=5444, ip=172.31.36.113)[0m  + protobuf==7.34.1
2026-03-25 12:51:43,759 - INFO - [36m(setup pid=5444, ip=172.31.36.113)[0m  + psutil==7.2.2
2026-03-25 12:51:43,759 - INFO - [36m(setup pid=5444, ip=172.31.36.113)[0m  + py-cpuinfo==9.0.0
2026-03-25 12:51:43,759 - INFO - [36m(setup pid=5444, ip=172.31.36.113)[0m  + pybase64==1.4.3
2026-03-25 12:51:43,759 - INFO - [36m(setup pid=5444, ip=172.31.36.113)[0m  + pycountry==26.2.16
2026-03-25 12:51:43,759 - INFO - [36m(setup pid=5444, ip=172.31.36.113)[0m  + pycparser==3.0
2026-03-25 12:51:43,759 - INFO - [36m(setup pid=5444, ip=172.31.36.113)[0m  + pydantic==2.12.5
2026-03-25 12:51:43,759 - INFO - [36m(setup pid=5444, ip=172.31.36.113)[0m  + pydantic-core==2.41.5
2026-03-25 12:51:43,759 - INFO - [36m(setup pid=5444, ip=172.31.36.113)[0m  + pydantic-extra-types==2.11.1
2026-03-25 12:51:43,759 - INFO - [36m(setup pid=5444, ip=172.31.36.113)[0m  + pydantic-settings==2.13.1
2026-03-25 12:51:43,759 - INFO - [36m(setup pid=5444, ip=172.31.36.113)[0m  + python-dotenv==1.2.2
2026-03-25 12:51:43,759 - INFO - [36m(setup pid=5444, ip=172.31.36.113)[0m  + python-json-logger==4.0.0
2026-03-25 12:51:43,759 - INFO - [36m(setup pid=5444, ip=172.31.36.113)[0m  + python-multipart==0.0.22
2026-03-25 12:51:43,759 - INFO - [36m(setup pid=5444, ip=172.31.36.113)[0m  + pyzmq==27.1.0
2026-03-25 12:51:43,759 - INFO - [36m(setup pid=5444, ip=172.31.36.113)[0m  + ray==2.54.0
2026-03-25 12:51:43,759 - INFO - [36m(setup pid=5444, ip=172.31.36.113)[0m  + referencing==0.37.0
2026-03-25 12:51:43,759 - INFO - [36m(setup pid=5444, ip=172.31.36.113)[0m  + regex==2026.2.28
2026-03-25 12:51:43,759 - INFO - [36m(setup pid=5444, ip=172.31.36.113)[0m  + rich-toolkit==0.19.7
2026-03-25 12:51:43,759 - INFO - [36m(setup pid=5444, ip=172.31.36.113)[0m  + rignore==0.7.6
2026-03-25 12:51:43,759 - INFO - [36m(setup pid=5444, ip=172.31.36.113)[0m  + rpds-py==0.30.0
2026-03-25 12:51:43,759 - INFO - [36m(setup pid=5444, ip=172.31.36.113)[0m  + safetensors==0.7.0
2026-03-25 12:51:43,759 - INFO - [36m(setup pid=5444, ip=172.31.36.113)[0m  + scipy==1.17.1
2026-03-25 12:51:43,759 - INFO - [36m(setup pid=5444, ip=172.31.36.113)[0m  + sentencepiece==0.2.1
2026-03-25 12:51:43,759 - INFO - [36m(setup pid=5444, ip=172.31.36.113)[0m  + sentry-sdk==2.56.0
2026-03-25 12:51:43,759 - INFO - [36m(setup pid=5444, ip=172.31.36.113)[0m  + setuptools==79.0.1
2026-03-25 12:51:43,759 - INFO - [36m(setup pid=5444, ip=172.31.36.113)[0m  + sniffio==1.3.1
2026-03-25 12:51:43,759 - INFO - [36m(setup pid=5444, ip=172.31.36.113)[0m  + soundfile==0.13.1
2026-03-25 12:51:43,759 - INFO - [36m(setup pid=5444, ip=172.31.36.113)[0m  + soxr==1.0.0
2026-03-25 12:51:43,759 - INFO - [36m(setup pid=5444, ip=172.31.36.113)[0m  + starlette==0.52.1
2026-03-25 12:51:43,759 - INFO - [36m(setup pid=5444, ip=172.31.36.113)[0m  + sympy==1.14.0
2026-03-25 12:51:43,759 - INFO - [36m(setup pid=5444, ip=172.31.36.113)[0m  + tiktoken==0.12.0
2026-03-25 12:51:43,759 - INFO - [36m(setup pid=5444, ip=172.31.36.113)[0m  + tokenizers==0.22.2
2026-03-25 12:51:43,759 - INFO - [36m(setup pid=5444, ip=172.31.36.113)[0m  + torch==2.7.1
2026-03-25 12:51:43,759 - INFO - [36m(setup pid=5444, ip=172.31.36.113)[0m  + torchaudio==2.7.1
2026-03-25 12:51:43,759 - INFO - [36m(setup pid=5444, ip=172.31.36.113)[0m  + torchvision==0.22.1
2026-03-25 12:51:43,759 - INFO - [36m(setup pid=5444, ip=172.31.36.113)[0m  + transformers==5.3.0
2026-03-25 12:51:43,759 - INFO - [36m(setup pid=5444, ip=172.31.36.113)[0m  + triton==3.3.1
2026-03-25 12:51:43,759 - INFO - [36m(setup pid=5444, ip=172.31.36.113)[0m  + typing-inspection==0.4.2
2026-03-25 12:51:43,759 - INFO - [36m(setup pid=5444, ip=172.31.36.113)[0m  + uvicorn==0.42.0
2026-03-25 12:51:43,759 - INFO - [36m(setup pid=5444, ip=172.31.36.113)[0m  + uvloop==0.22.1
2026-03-25 12:51:43,759 - INFO - [36m(setup pid=5444, ip=172.31.36.113)[0m  + vllm==0.10.0
2026-03-25 12:51:43,759 - INFO - [36m(setup pid=5444, ip=172.31.36.113)[0m  + watchfiles==1.1.1
2026-03-25 12:51:43,759 - INFO - [36m(setup pid=5444, ip=172.31.36.113)[0m  + websockets==16.0
2026-03-25 12:51:51,799 - INFO - [36m(setup pid=5444, ip=172.31.36.113)[0m  + xformers==0.0.31
2026-03-25 12:51:51,799 - INFO - [36m(setup pid=5444, ip=172.31.36.113)[0m  + xgrammar==0.1.21
2026-03-25 12:51:51,799 - INFO - [36m(setup pid=5444, ip=172.31.36.113)[0m + echo '=== Pinning transformers==4.57.3 (avoid 5.x breaking changes) ==='
2026-03-25 12:51:51,799 - INFO - [36m(setup pid=5444, ip=172.31.36.113)[0m === Pinning transformers==4.57.3 (avoid 5.x breaking changes) ===
2026-03-25 12:51:51,799 - INFO - [36m(setup pid=5444, ip=172.31.36.113)[0m + uv pip install transformers==4.57.3
2026-03-25 12:51:51,799 - INFO - [36m(setup pid=6900)[0m Resolved 18 packages in 71ms
2026-03-25 12:51:51,799 - INFO - [36m(setup pid=6900)[0m Downloading transformers (11.4MiB)
2026-03-25 12:51:51,799 - INFO - [36m(setup pid=5444, ip=172.31.36.113)[0m Resolved 18 packages in 71ms
2026-03-25 12:51:51,799 - INFO - [36m(setup pid=5444, ip=172.31.36.113)[0m Downloading transformers (11.4MiB)
2026-03-25 12:51:51,799 - INFO - [36m(setup pid=6900)[0m  Downloaded transformers
2026-03-25 12:51:51,799 - INFO - [36m(setup pid=6900)[0m Prepared 2 packages in 303ms
2026-03-25 12:51:51,799 - INFO - [36m(setup pid=5444, ip=172.31.36.113)[0m  Downloaded transformers
2026-03-25 12:51:51,799 - INFO - [36m(setup pid=5444, ip=172.31.36.113)[0m Prepared 2 packages in 308ms
2026-03-25 12:51:51,799 - INFO - [36m(setup pid=5444, ip=172.31.36.113)[0m Uninstalled 2 packages in 55ms
2026-03-25 12:51:51,799 - INFO - [36m(setup pid=6900)[0m Uninstalled 2 packages in 54ms
2026-03-25 12:51:51,799 - INFO - [36m(setup pid=6900)[0m Installed 2 packages in 62ms
2026-03-25 12:51:51,799 - INFO - [36m(setup pid=6900)[0m  - huggingface-hub==1.7.2
2026-03-25 12:51:51,799 - INFO - [36m(setup pid=6900)[0m  + huggingface-hub==0.36.2
2026-03-25 12:51:51,799 - INFO - [36m(setup pid=6900)[0m  - transformers==5.3.0
2026-03-25 12:51:51,799 - INFO - [36m(setup pid=6900)[0m  + transformers==4.57.3
2026-03-25 12:51:51,799 - INFO - [36m(setup pid=6900)[0m + echo '=== PyTorch CUDA Check ==='
2026-03-25 12:51:51,799 - INFO - [36m(setup pid=6900)[0m === PyTorch CUDA Check ===
2026-03-25 12:51:51,799 - INFO - [36m(setup pid=6900)[0m + python3 -c 'import torch; print('\''torch.cuda.is_available():'\'', torch.cuda.is_available()); print('\''torch.version.cuda:'\'', torch.version.cuda); print('\''torch.__version__:'\'', torch.__version__); print('\''torch.cuda.device_count():'\'', torch.cuda.device_count() if torch.cuda.is_available() else '\''N/A'\'')'
2026-03-25 12:51:51,799 - INFO - [36m(setup pid=5444, ip=172.31.36.113)[0m Installed 2 packages in 88ms
2026-03-25 12:51:51,799 - INFO - [36m(setup pid=5444, ip=172.31.36.113)[0m  - huggingface-hub==1.7.2
2026-03-25 12:51:51,799 - INFO - [36m(setup pid=5444, ip=172.31.36.113)[0m  + huggingface-hub==0.36.2
2026-03-25 12:51:51,799 - INFO - [36m(setup pid=5444, ip=172.31.36.113)[0m  - transformers==5.3.0
2026-03-25 12:51:51,799 - INFO - [36m(setup pid=5444, ip=172.31.36.113)[0m  + transformers==4.57.3
2026-03-25 12:51:51,799 - INFO - [36m(setup pid=5444, ip=172.31.36.113)[0m + echo '=== PyTorch CUDA Check ==='
2026-03-25 12:51:51,799 - INFO - [36m(setup pid=5444, ip=172.31.36.113)[0m === PyTorch CUDA Check ===
2026-03-25 12:51:51,799 - INFO - [36m(setup pid=5444, ip=172.31.36.113)[0m + python3 -c 'import torch; print('\''torch.cuda.is_available():'\'', torch.cuda.is_available()); print('\''torch.version.cuda:'\'', torch.version.cuda); print('\''torch.__version__:'\'', torch.__version__); print('\''torch.cuda.device_count():'\'', torch.cuda.device_count() if torch.cuda.is_available() else '\''N/A'\'')'
2026-03-25 12:51:51,799 - INFO - [36m(setup pid=6900)[0m torch.cuda.is_available(): True
2026-03-25 12:51:52,504 - INFO - [36m(setup pid=6900)[0m torch.version.cuda: 12.6
2026-03-25 12:51:52,504 - INFO - [36m(setup pid=6900)[0m torch.__version__: 2.7.1+cu126
2026-03-25 12:51:52,504 - INFO - [36m(setup pid=6900)[0m torch.cuda.device_count(): 8
2026-03-25 12:51:53,810 - INFO - [36m(setup pid=5444, ip=172.31.36.113)[0m torch.cuda.is_available(): True
2026-03-25 12:51:53,810 - INFO - [36m(setup pid=5444, ip=172.31.36.113)[0m torch.version.cuda: 12.6
2026-03-25 12:51:53,810 - INFO - [36m(setup pid=5444, ip=172.31.36.113)[0m torch.__version__: 2.7.1+cu126
2026-03-25 12:51:53,810 - INFO - [36m(setup pid=5444, ip=172.31.36.113)[0m torch.cuda.device_count(): 8
2026-03-25 12:51:53,810 - INFO - [36m(setup pid=6900)[0m + echo ===========================
2026-03-25 12:51:54,616 - INFO - [36m(setup pid=6900)[0m ===========================
2026-03-25 12:51:54,616 - INFO - [36m(setup pid=6900)[0m + echo '=== Setup complete ==='
2026-03-25 12:51:54,616 - INFO - [36m(setup pid=6900)[0m === Setup complete ===
2026-03-25 12:51:54,617 - INFO - [36m(setup pid=5444, ip=172.31.36.113)[0m + echo ===========================
2026-03-25 12:51:54,617 - INFO - [36m(setup pid=5444, ip=172.31.36.113)[0m ===========================
2026-03-25 12:51:54,617 - INFO - [36m(setup pid=5444, ip=172.31.36.113)[0m + echo '=== Setup complete ==='
2026-03-25 12:51:54,617 - INFO - [36m(setup pid=5444, ip=172.31.36.113)[0m === Setup complete ===
2026-03-25 12:51:54,617 - INFO - [36m(worker1, rank=1, pid=5444, ip=172.31.36.113)[0m + export LD_LIBRARY_PATH=/usr/local/cuda/lib64:/usr/local/cuda/targets/x86_64-linux/lib:/usr/local/cuda-12.8/lib:/usr/local/cuda-12.8/lib64:/usr/local/cuda-12.8:/usr/local/cuda-12.8/targets/x86_64-linux/lib/:/usr/local/cuda-12.8/extras/CUPTI/lib64:/opt/amazon/efa/lib:/opt/amazon/openmpi/lib:/opt/amazon/ofi-nccl/lib/x86_64-linux-gnu:/usr/local/lib:/usr/lib:/usr/local/cuda-12.8/lib:/usr/local/cuda-12.8/lib64:/usr/local/cuda-12.8:/usr/local/cuda-12.8/targets/x86_64-linux/lib/:/usr/local/cuda-12.8/extras/CUPTI/lib64:/opt/amazon/efa/lib:/opt/amazon/openmpi/lib:/opt/amazon/ofi-nccl/lib/x86_64-linux-gnu:/usr/local/lib:/usr/lib
2026-03-25 12:51:55,121 - INFO - [36m(worker1, rank=1, pid=5444, ip=172.31.36.113)[0m + LD_LIBRARY_PATH=/usr/local/cuda/lib64:/usr/local/cuda/targets/x86_64-linux/lib:/usr/local/cuda-12.8/lib:/usr/local/cuda-12.8/lib64:/usr/local/cuda-12.8:/usr/local/cuda-12.8/targets/x86_64-linux/lib/:/usr/local/cuda-12.8/extras/CUPTI/lib64:/opt/amazon/efa/lib:/opt/amazon/openmpi/lib:/opt/amazon/ofi-nccl/lib/x86_64-linux-gnu:/usr/local/lib:/usr/lib:/usr/local/cuda-12.8/lib:/usr/local/cuda-12.8/lib64:/usr/local/cuda-12.8:/usr/local/cuda-12.8/targets/x86_64-linux/lib/:/usr/local/cuda-12.8/extras/CUPTI/lib64:/opt/amazon/efa/lib:/opt/amazon/openmpi/lib:/opt/amazon/ofi-nccl/lib/x86_64-linux-gnu:/usr/local/lib:/usr/lib
2026-03-25 12:51:55,121 - INFO - [36m(worker1, rank=1, pid=5444, ip=172.31.36.113)[0m + export CUDA_HOME=/usr/local/cuda
2026-03-25 12:51:55,121 - INFO - [36m(worker1, rank=1, pid=5444, ip=172.31.36.113)[0m + CUDA_HOME=/usr/local/cuda
2026-03-25 12:51:55,121 - INFO - [36m(worker1, rank=1, pid=5444, ip=172.31.36.113)[0m + echo '=== Pre-run Diagnostics ==='
2026-03-25 12:51:55,121 - INFO - [36m(worker1, rank=1, pid=5444, ip=172.31.36.113)[0m === Pre-run Diagnostics ===
2026-03-25 12:51:55,121 - INFO - [36m(worker1, rank=1, pid=5444, ip=172.31.36.113)[0m + nvidia-smi
2026-03-25 12:51:55,121 - INFO - [36m(head, rank=0, pid=6900)[0m + export LD_LIBRARY_PATH=/usr/local/cuda/lib64:/usr/local/cuda/targets/x86_64-linux/lib:/usr/local/cuda-12.8/lib:/usr/local/cuda-12.8/lib64:/usr/local/cuda-12.8:/usr/local/cuda-12.8/targets/x86_64-linux/lib/:/usr/local/cuda-12.8/extras/CUPTI/lib64:/opt/amazon/efa/lib:/opt/amazon/openmpi/lib:/opt/amazon/ofi-nccl/lib/x86_64-linux-gnu:/usr/local/lib:/usr/lib:/usr/local/cuda-12.8/lib:/usr/local/cuda-12.8/lib64:/usr/local/cuda-12.8:/usr/local/cuda-12.8/targets/x86_64-linux/lib/:/usr/local/cuda-12.8/extras/CUPTI/lib64:/opt/amazon/efa/lib:/opt/amazon/openmpi/lib:/opt/amazon/ofi-nccl/lib/x86_64-linux-gnu:/usr/local/lib:/usr/lib
2026-03-25 12:51:55,121 - INFO - [36m(head, rank=0, pid=6900)[0m + LD_LIBRARY_PATH=/usr/local/cuda/lib64:/usr/local/cuda/targets/x86_64-linux/lib:/usr/local/cuda-12.8/lib:/usr/local/cuda-12.8/lib64:/usr/local/cuda-12.8:/usr/local/cuda-12.8/targets/x86_64-linux/lib/:/usr/local/cuda-12.8/extras/CUPTI/lib64:/opt/amazon/efa/lib:/opt/amazon/openmpi/lib:/opt/amazon/ofi-nccl/lib/x86_64-linux-gnu:/usr/local/lib:/usr/lib:/usr/local/cuda-12.8/lib:/usr/local/cuda-12.8/lib64:/usr/local/cuda-12.8:/usr/local/cuda-12.8/targets/x86_64-linux/lib/:/usr/local/cuda-12.8/extras/CUPTI/lib64:/opt/amazon/efa/lib:/opt/amazon/openmpi/lib:/opt/amazon/ofi-nccl/lib/x86_64-linux-gnu:/usr/local/lib:/usr/lib
2026-03-25 12:51:55,121 - INFO - [36m(head, rank=0, pid=6900)[0m + export CUDA_HOME=/usr/local/cuda
2026-03-25 12:51:55,121 - INFO - [36m(head, rank=0, pid=6900)[0m + CUDA_HOME=/usr/local/cuda
2026-03-25 12:51:55,121 - INFO - [36m(head, rank=0, pid=6900)[0m + echo '=== Pre-run Diagnostics ==='
2026-03-25 12:51:55,121 - INFO - [36m(head, rank=0, pid=6900)[0m === Pre-run Diagnostics ===
2026-03-25 12:51:55,121 - INFO - [36m(head, rank=0, pid=6900)[0m + nvidia-smi
2026-03-25 12:51:55,121 - INFO - [36m(worker1, rank=1, pid=5444, ip=172.31.36.113)[0m Wed Mar 25 07:21:54 2026
2026-03-25 12:51:55,121 - INFO - [36m(worker1, rank=1, pid=5444, ip=172.31.36.113)[0m +-----------------------------------------------------------------------------------------+
2026-03-25 12:51:55,121 - INFO - [36m(worker1, rank=1, pid=5444, ip=172.31.36.113)[0m | NVIDIA-SMI 570.172.08             Driver Version: 570.172.08     CUDA Version: 12.8     |
2026-03-25 12:51:55,121 - INFO - [36m(worker1, rank=1, pid=5444, ip=172.31.36.113)[0m |-----------------------------------------+------------------------+----------------------+
2026-03-25 12:51:55,121 - INFO - [36m(worker1, rank=1, pid=5444, ip=172.31.36.113)[0m | GPU  Name                 Persistence-M | Bus-Id          Disp.A | Volatile Uncorr. ECC |
2026-03-25 12:51:55,121 - INFO - [36m(worker1, rank=1, pid=5444, ip=172.31.36.113)[0m | Fan  Temp   Perf          Pwr:Usage/Cap |           Memory-Usage | GPU-Util  Compute M. |
2026-03-25 12:51:55,626 - INFO - [36m(worker1, rank=1, pid=5444, ip=172.31.36.113)[0m |                                         |                        |               MIG M. |
2026-03-25 12:51:55,626 - INFO - [36m(worker1, rank=1, pid=5444, ip=172.31.36.113)[0m |=========================================+========================+======================|
2026-03-25 12:51:55,626 - INFO - [36m(worker1, rank=1, pid=5444, ip=172.31.36.113)[0m |   0  NVIDIA A100-SXM4-80GB          On  |   00000000:10:1C.0 Off |                    0 |
2026-03-25 12:51:55,626 - INFO - [36m(worker1, rank=1, pid=5444, ip=172.31.36.113)[0m | N/A   40C    P0             66W /  400W |       0MiB /  81920MiB |      0%      Default |
2026-03-25 12:51:55,626 - INFO - [36m(worker1, rank=1, pid=5444, ip=172.31.36.113)[0m |                                         |                        |             Disabled |
2026-03-25 12:51:55,626 - INFO - [36m(worker1, rank=1, pid=5444, ip=172.31.36.113)[0m +-----------------------------------------+------------------------+----------------------+
2026-03-25 12:51:55,626 - INFO - [36m(worker1, rank=1, pid=5444, ip=172.31.36.113)[0m |   1  NVIDIA A100-SXM4-80GB          On  |   00000000:10:1D.0 Off |                    0 |
2026-03-25 12:51:55,626 - INFO - [36m(worker1, rank=1, pid=5444, ip=172.31.36.113)[0m | N/A   37C    P0             67W /  400W |       0MiB /  81920MiB |      0%      Default |
2026-03-25 12:51:55,626 - INFO - [36m(worker1, rank=1, pid=5444, ip=172.31.36.113)[0m |                                         |                        |             Disabled |
2026-03-25 12:51:55,626 - INFO - [36m(worker1, rank=1, pid=5444, ip=172.31.36.113)[0m +-----------------------------------------+------------------------+----------------------+
2026-03-25 12:51:55,626 - INFO - [36m(worker1, rank=1, pid=5444, ip=172.31.36.113)[0m |   2  NVIDIA A100-SXM4-80GB          On  |   00000000:20:1C.0 Off |                    0 |
2026-03-25 12:51:55,626 - INFO - [36m(worker1, rank=1, pid=5444, ip=172.31.36.113)[0m | N/A   40C    P0             64W /  400W |       0MiB /  81920MiB |      0%      Default |
2026-03-25 12:51:55,626 - INFO - [36m(worker1, rank=1, pid=5444, ip=172.31.36.113)[0m |                                         |                        |             Disabled |
2026-03-25 12:51:55,626 - INFO - [36m(worker1, rank=1, pid=5444, ip=172.31.36.113)[0m +-----------------------------------------+------------------------+----------------------+
2026-03-25 12:51:55,626 - INFO - [36m(head, rank=0, pid=6900)[0m Wed Mar 25 07:21:54 2026
2026-03-25 12:51:55,626 - INFO - [36m(head, rank=0, pid=6900)[0m +-----------------------------------------------------------------------------------------+
2026-03-25 12:51:55,626 - INFO - [36m(head, rank=0, pid=6900)[0m | NVIDIA-SMI 570.172.08             Driver Version: 570.172.08     CUDA Version: 12.8     |
2026-03-25 12:51:55,626 - INFO - [36m(head, rank=0, pid=6900)[0m |-----------------------------------------+------------------------+----------------------+
2026-03-25 12:51:55,626 - INFO - [36m(head, rank=0, pid=6900)[0m | GPU  Name                 Persistence-M | Bus-Id          Disp.A | Volatile Uncorr. ECC |
2026-03-25 12:51:55,626 - INFO - [36m(head, rank=0, pid=6900)[0m | Fan  Temp   Perf          Pwr:Usage/Cap |           Memory-Usage | GPU-Util  Compute M. |
2026-03-25 12:51:55,626 - INFO - [36m(head, rank=0, pid=6900)[0m |                                         |                        |               MIG M. |
2026-03-25 12:51:55,626 - INFO - [36m(head, rank=0, pid=6900)[0m |=========================================+========================+======================|
2026-03-25 12:51:55,627 - INFO - [36m(head, rank=0, pid=6900)[0m |   0  NVIDIA A100-SXM4-80GB          On  |   00000000:10:1C.0 Off |                    0 |
2026-03-25 12:51:55,627 - INFO - [36m(head, rank=0, pid=6900)[0m | N/A   38C    P0             64W /  400W |       0MiB /  81920MiB |      0%      Default |
2026-03-25 12:51:55,627 - INFO - [36m(head, rank=0, pid=6900)[0m |                                         |                        |             Disabled |
2026-03-25 12:51:55,627 - INFO - [36m(head, rank=0, pid=6900)[0m +-----------------------------------------+------------------------+----------------------+
2026-03-25 12:51:55,627 - INFO - [36m(head, rank=0, pid=6900)[0m |   1  NVIDIA A100-SXM4-80GB          On  |   00000000:10:1D.0 Off |                    0 |
2026-03-25 12:51:55,627 - INFO - [36m(head, rank=0, pid=6900)[0m | N/A   34C    P0             60W /  400W |       0MiB /  81920MiB |      0%      Default |
2026-03-25 12:51:55,627 - INFO - [36m(head, rank=0, pid=6900)[0m |                                         |                        |             Disabled |
2026-03-25 12:51:55,627 - INFO - [36m(head, rank=0, pid=6900)[0m +-----------------------------------------+------------------------+----------------------+
2026-03-25 12:51:55,627 - INFO - [36m(head, rank=0, pid=6900)[0m |   2  NVIDIA A100-SXM4-80GB          On  |   00000000:20:1C.0 Off |                    0 |
2026-03-25 12:51:55,627 - INFO - [36m(head, rank=0, pid=6900)[0m | N/A   39C    P0             65W /  400W |       0MiB /  81920MiB |      0%      Default |
2026-03-25 12:51:55,627 - INFO - [36m(head, rank=0, pid=6900)[0m |                                         |                        |             Disabled |
2026-03-25 12:51:55,627 - INFO - [36m(head, rank=0, pid=6900)[0m +-----------------------------------------+------------------------+----------------------+
2026-03-25 12:51:55,627 - INFO - [36m(head, rank=0, pid=6900)[0m |   3  NVIDIA A100-SXM4-80GB          On  |   00000000:20:1D.0 Off |                    0 |
2026-03-25 12:51:55,627 - INFO - [36m(head, rank=0, pid=6900)[0m | N/A   34C    P0             62W /  400W |       0MiB /  81920MiB |      0%      Default |
2026-03-25 12:51:55,627 - INFO - [36m(head, rank=0, pid=6900)[0m |                                         |                        |             Disabled |
2026-03-25 12:51:55,627 - INFO - [36m(head, rank=0, pid=6900)[0m +-----------------------------------------+------------------------+----------------------+
2026-03-25 12:51:57,943 - INFO - [36m(head, rank=0, pid=6900)[0m |   4  NVIDIA A100-SXM4-80GB          On  |   00000000:90:1C.0 Off |                    0 |
2026-03-25 12:51:57,943 - INFO - [36m(head, rank=0, pid=6900)[0m | N/A   39C    P0             64W /  400W |       0MiB /  81920MiB |      0%      Default |
2026-03-25 12:51:57,943 - INFO - [36m(head, rank=0, pid=6900)[0m |                                         |                        |             Disabled |
2026-03-25 12:51:57,943 - INFO - [36m(head, rank=0, pid=6900)[0m +-----------------------------------------+------------------------+----------------------+
2026-03-25 12:51:57,943 - INFO - [36m(worker1, rank=1, pid=5444, ip=172.31.36.113)[0m |   3  NVIDIA A100-SXM4-80GB          On  |   00000000:20:1D.0 Off |                    0 |
2026-03-25 12:51:57,943 - INFO - [36m(worker1, rank=1, pid=5444, ip=172.31.36.113)[0m | N/A   37C    P0             65W /  400W |       0MiB /  81920MiB |      0%      Default |
2026-03-25 12:51:57,943 - INFO - [36m(worker1, rank=1, pid=5444, ip=172.31.36.113)[0m |                                         |                        |             Disabled |
2026-03-25 12:51:57,943 - INFO - [36m(worker1, rank=1, pid=5444, ip=172.31.36.113)[0m +-----------------------------------------+------------------------+----------------------+
2026-03-25 12:51:57,943 - INFO - [36m(worker1, rank=1, pid=5444, ip=172.31.36.113)[0m |   4  NVIDIA A100-SXM4-80GB          On  |   00000000:90:1C.0 Off |                    0 |
2026-03-25 12:51:57,943 - INFO - [36m(worker1, rank=1, pid=5444, ip=172.31.36.113)[0m | N/A   39C    P0             64W /  400W |       0MiB /  81920MiB |      0%      Default |
2026-03-25 12:51:57,943 - INFO - [36m(worker1, rank=1, pid=5444, ip=172.31.36.113)[0m |                                         |                        |             Disabled |
2026-03-25 12:51:57,944 - INFO - [36m(worker1, rank=1, pid=5444, ip=172.31.36.113)[0m +-----------------------------------------+------------------------+----------------------+
2026-03-25 12:51:57,944 - INFO - [36m(worker1, rank=1, pid=5444, ip=172.31.36.113)[0m |   5  NVIDIA A100-SXM4-80GB          On  |   00000000:90:1D.0 Off |                    0 |
2026-03-25 12:51:57,944 - INFO - [36m(worker1, rank=1, pid=5444, ip=172.31.36.113)[0m | N/A   36C    P0             60W /  400W |       0MiB /  81920MiB |      0%      Default |
2026-03-25 12:51:57,944 - INFO - [36m(worker1, rank=1, pid=5444, ip=172.31.36.113)[0m |                                         |                        |             Disabled |
2026-03-25 12:51:57,944 - INFO - [36m(worker1, rank=1, pid=5444, ip=172.31.36.113)[0m +-----------------------------------------+------------------------+----------------------+
2026-03-25 12:51:57,944 - INFO - [36m(worker1, rank=1, pid=5444, ip=172.31.36.113)[0m |   6  NVIDIA A100-SXM4-80GB          On  |   00000000:A0:1C.0 Off |                    0 |
2026-03-25 12:51:57,944 - INFO - [36m(worker1, rank=1, pid=5444, ip=172.31.36.113)[0m | N/A   41C    P0             63W /  400W |       0MiB /  81920MiB |      0%      Default |
2026-03-25 12:51:57,944 - INFO - [36m(worker1, rank=1, pid=5444, ip=172.31.36.113)[0m |                                         |                        |             Disabled |
2026-03-25 12:51:57,944 - INFO - [36m(worker1, rank=1, pid=5444, ip=172.31.36.113)[0m +-----------------------------------------+------------------------+----------------------+
2026-03-25 12:51:57,944 - INFO - [36m(worker1, rank=1, pid=5444, ip=172.31.36.113)[0m |   7  NVIDIA A100-SXM4-80GB          On  |   00000000:A0:1D.0 Off |                    0 |
2026-03-25 12:51:57,944 - INFO - [36m(worker1, rank=1, pid=5444, ip=172.31.36.113)[0m | N/A   38C    P0             66W /  400W |       0MiB /  81920MiB |      0%      Default |
2026-03-25 12:51:57,944 - INFO - [36m(worker1, rank=1, pid=5444, ip=172.31.36.113)[0m |                                         |                        |             Disabled |
2026-03-25 12:51:57,944 - INFO - [36m(worker1, rank=1, pid=5444, ip=172.31.36.113)[0m +-----------------------------------------+------------------------+----------------------+
2026-03-25 12:51:57,944 - INFO - [36m(worker1, rank=1, pid=5444, ip=172.31.36.113)[0m
2026-03-25 12:51:57,944 - INFO - [36m(worker1, rank=1, pid=5444, ip=172.31.36.113)[0m +-----------------------------------------------------------------------------------------+
2026-03-25 12:51:57,944 - INFO - [36m(worker1, rank=1, pid=5444, ip=172.31.36.113)[0m | Processes:                                                                              |
2026-03-25 12:51:57,944 - INFO - [36m(worker1, rank=1, pid=5444, ip=172.31.36.113)[0m |  GPU   GI   CI              PID   Type   Process name                        GPU Memory |
2026-03-25 12:51:57,944 - INFO - [36m(worker1, rank=1, pid=5444, ip=172.31.36.113)[0m |        ID   ID                                                               Usage      |
2026-03-25 12:51:57,944 - INFO - [36m(worker1, rank=1, pid=5444, ip=172.31.36.113)[0m |=========================================================================================|
2026-03-25 12:51:57,944 - INFO - [36m(worker1, rank=1, pid=5444, ip=172.31.36.113)[0m |  No running processes found                                                             |
2026-03-25 12:51:57,944 - INFO - [36m(worker1, rank=1, pid=5444, ip=172.31.36.113)[0m +-----------------------------------------------------------------------------------------+
2026-03-25 12:51:57,944 - INFO - [36m(head, rank=0, pid=6900)[0m |   5  NVIDIA A100-SXM4-80GB          On  |   00000000:90:1D.0 Off |                    0 |
2026-03-25 12:51:57,944 - INFO - [36m(head, rank=0, pid=6900)[0m | N/A   36C    P0             63W /  400W |       0MiB /  81920MiB |      0%      Default |
2026-03-25 12:51:57,944 - INFO - [36m(head, rank=0, pid=6900)[0m |                                         |                        |             Disabled |
2026-03-25 12:51:57,944 - INFO - [36m(head, rank=0, pid=6900)[0m +-----------------------------------------+------------------------+----------------------+
2026-03-25 12:51:57,944 - INFO - [36m(head, rank=0, pid=6900)[0m |   6  NVIDIA A100-SXM4-80GB          On  |   00000000:A0:1C.0 Off |                    0 |
2026-03-25 12:51:57,944 - INFO - [36m(head, rank=0, pid=6900)[0m | N/A   39C    P0             64W /  400W |       0MiB /  81920MiB |      0%      Default |
2026-03-25 12:51:57,944 - INFO - [36m(head, rank=0, pid=6900)[0m |                                         |                        |             Disabled |
2026-03-25 12:51:57,944 - INFO - [36m(head, rank=0, pid=6900)[0m +-----------------------------------------+------------------------+----------------------+
2026-03-25 12:51:57,944 - INFO - [36m(head, rank=0, pid=6900)[0m |   7  NVIDIA A100-SXM4-80GB          On  |   00000000:A0:1D.0 Off |                    0 |
2026-03-25 12:51:57,944 - INFO - [36m(head, rank=0, pid=6900)[0m | N/A   38C    P0             64W /  400W |       0MiB /  81920MiB |      0%      Default |
2026-03-25 12:51:57,944 - INFO - [36m(head, rank=0, pid=6900)[0m |                                         |                        |             Disabled |
2026-03-25 12:51:57,944 - INFO - [36m(head, rank=0, pid=6900)[0m +-----------------------------------------+------------------------+----------------------+
2026-03-25 12:51:57,944 - INFO - [36m(head, rank=0, pid=6900)[0m
2026-03-25 12:51:57,944 - INFO - [36m(head, rank=0, pid=6900)[0m +-----------------------------------------------------------------------------------------+
2026-03-25 12:51:57,944 - INFO - [36m(head, rank=0, pid=6900)[0m | Processes:                                                                              |
2026-03-25 12:51:57,944 - INFO - [36m(head, rank=0, pid=6900)[0m |  GPU   GI   CI              PID   Type   Process name                        GPU Memory |
2026-03-25 12:51:57,944 - INFO - [36m(head, rank=0, pid=6900)[0m |        ID   ID                                                               Usage      |
2026-03-25 12:51:57,944 - INFO - [36m(head, rank=0, pid=6900)[0m |=========================================================================================|
2026-03-25 12:51:57,944 - INFO - [36m(head, rank=0, pid=6900)[0m |  No running processes found                                                             |
2026-03-25 12:51:57,944 - INFO - [36m(head, rank=0, pid=6900)[0m +-----------------------------------------------------------------------------------------+
2026-03-25 12:51:57,944 - INFO - [36m(worker1, rank=1, pid=5444, ip=172.31.36.113)[0m + echo '--- A100 SXM4 Diagnostics ---'
2026-03-25 12:51:58,247 - INFO - [36m(worker1, rank=1, pid=5444, ip=172.31.36.113)[0m --- A100 SXM4 Diagnostics ---
2026-03-25 12:51:58,247 - INFO - [36m(worker1, rank=1, pid=5444, ip=172.31.36.113)[0m + echo 'Checking NVIDIA Fabric Manager (required for NVSwitch on A100-SXM4)...'
2026-03-25 12:51:58,247 - INFO - [36m(worker1, rank=1, pid=5444, ip=172.31.36.113)[0m Checking NVIDIA Fabric Manager (required for NVSwitch on A100-SXM4)...
2026-03-25 12:51:58,247 - INFO - [36m(worker1, rank=1, pid=5444, ip=172.31.36.113)[0m + systemctl status nvidia-fabricmanager
2026-03-25 12:51:58,247 - INFO - [36m(head, rank=0, pid=6900)[0m + echo '--- A100 SXM4 Diagnostics ---'
2026-03-25 12:51:58,247 - INFO - [36m(head, rank=0, pid=6900)[0m --- A100 SXM4 Diagnostics ---
2026-03-25 12:51:58,247 - INFO - [36m(head, rank=0, pid=6900)[0m + echo 'Checking NVIDIA Fabric Manager (required for NVSwitch on A100-SXM4)...'
2026-03-25 12:51:58,247 - INFO - [36m(head, rank=0, pid=6900)[0m Checking NVIDIA Fabric Manager (required for NVSwitch on A100-SXM4)...
2026-03-25 12:51:58,247 - INFO - [36m(head, rank=0, pid=6900)[0m + systemctl status nvidia-fabricmanager
2026-03-25 12:51:58,247 - INFO - [36m(head, rank=0, pid=6900)[0m ● nvidia-fabricmanager.service - NVIDIA fabric manager service
2026-03-25 12:51:58,247 - INFO - [36m(head, rank=0, pid=6900)[0m      Loaded: loaded (/lib/systemd/system/nvidia-fabricmanager.service; enabled; vendor preset: enabled)
2026-03-25 12:51:58,247 - INFO - [36m(head, rank=0, pid=6900)[0m      Active: active (running) since Wed 2026-03-25 07:09:39 UTC; 12min ago
2026-03-25 12:51:58,247 - INFO - [36m(head, rank=0, pid=6900)[0m    Main PID: 3865 (nv-fabricmanage)
2026-03-25 12:51:58,247 - INFO - [36m(head, rank=0, pid=6900)[0m       Tasks: 19
2026-03-25 12:51:58,247 - INFO - [36m(head, rank=0, pid=6900)[0m      Memory: 26.7M
2026-03-25 12:51:58,247 - INFO - [36m(head, rank=0, pid=6900)[0m         CPU: 11.508s
2026-03-25 12:51:58,247 - INFO - [36m(head, rank=0, pid=6900)[0m      CGroup: /system.slice/nvidia-fabricmanager.service
2026-03-25 12:51:58,247 - INFO - [36m(head, rank=0, pid=6900)[0m              └─3865 /usr/bin/nv-fabricmanager -c /usr/share/nvidia/nvswitch/fabricmanager.cfg
2026-03-25 12:51:58,247 - INFO - [36m(head, rank=0, pid=6900)[0m
2026-03-25 12:51:58,247 - INFO - [36m(head, rank=0, pid=6900)[0m Mar 25 07:09:25 ip-172-31-37-6 systemd[1]: Starting NVIDIA fabric manager service...
2026-03-25 12:51:58,247 - INFO - [36m(head, rank=0, pid=6900)[0m Mar 25 07:09:25 ip-172-31-37-6 nvidia-fabricmanager-start.sh[3631]: Detected Pre-NVL5 system
2026-03-25 12:51:58,247 - INFO - [36m(head, rank=0, pid=6900)[0m Mar 25 07:09:29 ip-172-31-37-6 nv-fabricmanager[3865]: Connected to 1 node.
2026-03-25 12:51:58,247 - INFO - [36m(head, rank=0, pid=6900)[0m Mar 25 07:09:39 ip-172-31-37-6 nv-fabricmanager[3865]: Successfully configured all the available GPUs and NVSwitches to route NVLink traffic.
2026-03-25 12:51:58,247 - INFO - [36m(head, rank=0, pid=6900)[0m Mar 25 07:09:39 ip-172-31-37-6 nvidia-fabricmanager-start.sh[3631]: Started "Nvidia Fabric Manager"
2026-03-25 12:51:58,247 - INFO - [36m(head, rank=0, pid=6900)[0m Mar 25 07:09:39 ip-172-31-37-6 systemd[1]: Started NVIDIA fabric manager service.
2026-03-25 12:51:58,247 - INFO - [36m(head, rank=0, pid=6900)[0m + echo 'Checking for NVLink topology...'
2026-03-25 12:51:58,247 - INFO - [36m(head, rank=0, pid=6900)[0m Checking for NVLink topology...
2026-03-25 12:51:58,247 - INFO - [36m(head, rank=0, pid=6900)[0m + nvidia-smi topo -m
2026-03-25 12:51:58,247 - INFO - [36m(worker1, rank=1, pid=5444, ip=172.31.36.113)[0m ● nvidia-fabricmanager.service - NVIDIA fabric manager service
2026-03-25 12:51:58,247 - INFO - [36m(worker1, rank=1, pid=5444, ip=172.31.36.113)[0m      Loaded: loaded (/lib/systemd/system/nvidia-fabricmanager.service; enabled; vendor preset: enabled)
2026-03-25 12:51:58,247 - INFO - [36m(worker1, rank=1, pid=5444, ip=172.31.36.113)[0m      Active: active (running) since Wed 2026-03-25 07:09:39 UTC; 12min ago
2026-03-25 12:51:58,247 - INFO - [36m(worker1, rank=1, pid=5444, ip=172.31.36.113)[0m    Main PID: 3697 (nv-fabricmanage)
2026-03-25 12:51:58,247 - INFO - [36m(worker1, rank=1, pid=5444, ip=172.31.36.113)[0m       Tasks: 19
2026-03-25 12:51:58,247 - INFO - [36m(worker1, rank=1, pid=5444, ip=172.31.36.113)[0m      Memory: 26.7M
2026-03-25 12:51:58,247 - INFO - [36m(worker1, rank=1, pid=5444, ip=172.31.36.113)[0m         CPU: 11.504s
2026-03-25 12:51:58,247 - INFO - [36m(worker1, rank=1, pid=5444, ip=172.31.36.113)[0m      CGroup: /system.slice/nvidia-fabricmanager.service
2026-03-25 12:51:58,247 - INFO - [36m(worker1, rank=1, pid=5444, ip=172.31.36.113)[0m              └─3697 /usr/bin/nv-fabricmanager -c /usr/share/nvidia/nvswitch/fabricmanager.cfg
2026-03-25 12:51:58,247 - INFO - [36m(worker1, rank=1, pid=5444, ip=172.31.36.113)[0m
2026-03-25 12:51:58,247 - INFO - [36m(worker1, rank=1, pid=5444, ip=172.31.36.113)[0m Mar 25 07:09:25 ip-172-31-36-113 systemd[1]: Starting NVIDIA fabric manager service...
2026-03-25 12:51:58,247 - INFO - [36m(worker1, rank=1, pid=5444, ip=172.31.36.113)[0m Mar 25 07:09:25 ip-172-31-36-113 nvidia-fabricmanager-start.sh[3465]: Detected Pre-NVL5 system
2026-03-25 12:51:58,751 - INFO - [36m(worker1, rank=1, pid=5444, ip=172.31.36.113)[0m Mar 25 07:09:29 ip-172-31-36-113 nv-fabricmanager[3697]: Connected to 1 node.
2026-03-25 12:51:58,751 - INFO - [36m(worker1, rank=1, pid=5444, ip=172.31.36.113)[0m Mar 25 07:09:39 ip-172-31-36-113 nv-fabricmanager[3697]: Successfully configured all the available GPUs and NVSwitches to route NVLink traffic.
2026-03-25 12:51:58,751 - INFO - [36m(worker1, rank=1, pid=5444, ip=172.31.36.113)[0m Mar 25 07:09:39 ip-172-31-36-113 nvidia-fabricmanager-start.sh[3465]: Started "Nvidia Fabric Manager"
2026-03-25 12:51:58,751 - INFO - [36m(worker1, rank=1, pid=5444, ip=172.31.36.113)[0m Mar 25 07:09:39 ip-172-31-36-113 systemd[1]: Started NVIDIA fabric manager service.
2026-03-25 12:51:58,751 - INFO - [36m(worker1, rank=1, pid=5444, ip=172.31.36.113)[0m + echo 'Checking for NVLink topology...'
2026-03-25 12:51:58,751 - INFO - [36m(worker1, rank=1, pid=5444, ip=172.31.36.113)[0m Checking for NVLink topology...
2026-03-25 12:51:58,751 - INFO - [36m(worker1, rank=1, pid=5444, ip=172.31.36.113)[0m + nvidia-smi topo -m
2026-03-25 12:51:58,751 - INFO - [36m(worker1, rank=1, pid=5444, ip=172.31.36.113)[0m 	[4mGPU0	GPU1	GPU2	GPU3	GPU4	GPU5	GPU6	GPU7	CPU Affinity	NUMA Affinity	GPU NUMA ID[0m
2026-03-25 12:51:58,751 - INFO - [36m(worker1, rank=1, pid=5444, ip=172.31.36.113)[0m GPU0	 X 	NV12	NV12	NV12	NV12	NV12	NV12	NV12	0-23,48-71	0		N/A
2026-03-25 12:51:58,751 - INFO - [36m(worker1, rank=1, pid=5444, ip=172.31.36.113)[0m GPU1	NV12	 X 	NV12	NV12	NV12	NV12	NV12	NV12	0-23,48-71	0		N/A
2026-03-25 12:51:58,751 - INFO - [36m(worker1, rank=1, pid=5444, ip=172.31.36.113)[0m GPU2	NV12	NV12	 X 	NV12	NV12	NV12	NV12	NV12	0-23,48-71	0		N/A
2026-03-25 12:51:58,751 - INFO - [36m(worker1, rank=1, pid=5444, ip=172.31.36.113)[0m GPU3	NV12	NV12	NV12	 X 	NV12	NV12	NV12	NV12	0-23,48-71	0		N/A
2026-03-25 12:51:58,751 - INFO - [36m(worker1, rank=1, pid=5444, ip=172.31.36.113)[0m GPU4	NV12	NV12	NV12	NV12	 X 	NV12	NV12	NV12	24-47,72-95	1		N/A
2026-03-25 12:51:58,751 - INFO - [36m(worker1, rank=1, pid=5444, ip=172.31.36.113)[0m GPU5	NV12	NV12	NV12	NV12	NV12	 X 	NV12	NV12	24-47,72-95	1		N/A
2026-03-25 12:51:58,751 - INFO - [36m(worker1, rank=1, pid=5444, ip=172.31.36.113)[0m GPU6	NV12	NV12	NV12	NV12	NV12	NV12	 X 	NV12	24-47,72-95	1		N/A
2026-03-25 12:51:58,751 - INFO - [36m(worker1, rank=1, pid=5444, ip=172.31.36.113)[0m GPU7	NV12	NV12	NV12	NV12	NV12	NV12	NV12	 X 	24-47,72-95	1		N/A
2026-03-25 12:51:58,751 - INFO - [36m(worker1, rank=1, pid=5444, ip=172.31.36.113)[0m
2026-03-25 12:51:58,751 - INFO - [36m(worker1, rank=1, pid=5444, ip=172.31.36.113)[0m Legend:
2026-03-25 12:51:58,751 - INFO - [36m(worker1, rank=1, pid=5444, ip=172.31.36.113)[0m
2026-03-25 12:51:58,751 - INFO - [36m(worker1, rank=1, pid=5444, ip=172.31.36.113)[0m   X    = Self
2026-03-25 12:51:58,751 - INFO - [36m(worker1, rank=1, pid=5444, ip=172.31.36.113)[0m   SYS  = Connection traversing PCIe as well as the SMP interconnect between NUMA nodes (e.g., QPI/UPI)
2026-03-25 12:51:58,751 - INFO - [36m(worker1, rank=1, pid=5444, ip=172.31.36.113)[0m   NODE = Connection traversing PCIe as well as the interconnect between PCIe Host Bridges within a NUMA node
2026-03-25 12:51:58,751 - INFO - [36m(worker1, rank=1, pid=5444, ip=172.31.36.113)[0m   PHB  = Connection traversing PCIe as well as a PCIe Host Bridge (typically the CPU)
2026-03-25 12:51:58,751 - INFO - [36m(worker1, rank=1, pid=5444, ip=172.31.36.113)[0m   PXB  = Connection traversing multiple PCIe bridges (without traversing the PCIe Host Bridge)
2026-03-25 12:51:58,751 - INFO - [36m(worker1, rank=1, pid=5444, ip=172.31.36.113)[0m   PIX  = Connection traversing at most a single PCIe bridge
2026-03-25 12:51:58,751 - INFO - [36m(worker1, rank=1, pid=5444, ip=172.31.36.113)[0m   NV#  = Connection traversing a bonded set of # NVLinks
2026-03-25 12:51:58,751 - INFO - [36m(head, rank=0, pid=6900)[0m 	[4mGPU0	GPU1	GPU2	GPU3	GPU4	GPU5	GPU6	GPU7	CPU Affinity	NUMA Affinity	GPU NUMA ID[0m
2026-03-25 12:51:58,751 - INFO - [36m(worker1, rank=1, pid=5444, ip=172.31.36.113)[0m + echo '--- NUMA Topology and GPU-NUMA Mapping ---'
2026-03-25 12:51:58,751 - INFO - [36m(worker1, rank=1, pid=5444, ip=172.31.36.113)[0m --- NUMA Topology and GPU-NUMA Mapping ---
2026-03-25 12:51:58,751 - INFO - [36m(worker1, rank=1, pid=5444, ip=172.31.36.113)[0m + echo 'NUMA hardware layout:'
2026-03-25 12:51:58,751 - INFO - [36m(worker1, rank=1, pid=5444, ip=172.31.36.113)[0m NUMA hardware layout:
2026-03-25 12:51:58,751 - INFO - [36m(worker1, rank=1, pid=5444, ip=172.31.36.113)[0m + numactl --hardware
2026-03-25 12:51:58,751 - INFO - [36m(worker1, rank=1, pid=5444, ip=172.31.36.113)[0m available: 2 nodes (0-1)
2026-03-25 12:51:58,751 - INFO - [36m(worker1, rank=1, pid=5444, ip=172.31.36.113)[0m node 0 cpus: 0 1 2 3 4 5 6 7 8 9 10 11 12 13 14 15 16 17 18 19 20 21 22 23 48 49 50 51 52 53 54 55 56 57 58 59 60 61 62 63 64 65 66 67 68 69 70 71
2026-03-25 12:51:58,751 - INFO - [36m(worker1, rank=1, pid=5444, ip=172.31.36.113)[0m node 0 size: 574352 MB
2026-03-25 12:51:58,751 - INFO - [36m(worker1, rank=1, pid=5444, ip=172.31.36.113)[0m node 0 free: 558054 MB
2026-03-25 12:51:58,751 - INFO - [36m(worker1, rank=1, pid=5444, ip=172.31.36.113)[0m node 1 cpus: 24 25 26 27 28 29 30 31 32 33 34 35 36 37 38 39 40 41 42 43 44 45 46 47 72 73 74 75 76 77 78 79 80 81 82 83 84 85 86 87 88 89 90 91 92 93 94 95
2026-03-25 12:51:58,752 - INFO - [36m(worker1, rank=1, pid=5444, ip=172.31.36.113)[0m node 1 size: 574368 MB
2026-03-25 12:51:58,752 - INFO - [36m(worker1, rank=1, pid=5444, ip=172.31.36.113)[0m node 1 free: 543829 MB
2026-03-25 12:51:58,752 - INFO - [36m(worker1, rank=1, pid=5444, ip=172.31.36.113)[0m node distances:
2026-03-25 12:51:58,752 - INFO - [36m(worker1, rank=1, pid=5444, ip=172.31.36.113)[0m node   0   1
2026-03-25 12:51:58,752 - INFO - [36m(worker1, rank=1, pid=5444, ip=172.31.36.113)[0m   0:  10  21
2026-03-25 12:51:58,752 - INFO - [36m(worker1, rank=1, pid=5444, ip=172.31.36.113)[0m   1:  21  10
2026-03-25 12:51:58,752 - INFO - [36m(worker1, rank=1, pid=5444, ip=172.31.36.113)[0m + echo ''
2026-03-25 12:51:58,752 - INFO - [36m(worker1, rank=1, pid=5444, ip=172.31.36.113)[0m
2026-03-25 12:51:58,752 - INFO - [36m(worker1, rank=1, pid=5444, ip=172.31.36.113)[0m + echo 'GPU PCIe Bus IDs and NUMA node assignments:'
2026-03-25 12:51:58,752 - INFO - [36m(worker1, rank=1, pid=5444, ip=172.31.36.113)[0m GPU PCIe Bus IDs and NUMA node assignments:
2026-03-25 12:52:00,357 - INFO - [36m(worker1, rank=1, pid=5444, ip=172.31.36.113)[0m ++ nvidia-smi --query-gpu=count --format=csv,noheader
2026-03-25 12:52:00,357 - INFO - [36m(worker1, rank=1, pid=5444, ip=172.31.36.113)[0m ++ head -1
2026-03-25 12:52:00,357 - INFO - [36m(worker1, rank=1, pid=5444, ip=172.31.36.113)[0m ++ echo 0
2026-03-25 12:52:00,357 - INFO - [36m(worker1, rank=1, pid=5444, ip=172.31.36.113)[0m + gpu_count='8
2026-03-25 12:52:00,357 - INFO - [36m(worker1, rank=1, pid=5444, ip=172.31.36.113)[0m 0'
2026-03-25 12:52:00,357 - INFO - [36m(worker1, rank=1, pid=5444, ip=172.31.36.113)[0m + '[' '8
2026-03-25 12:52:00,357 - INFO - [36m(worker1, rank=1, pid=5444, ip=172.31.36.113)[0m 0' -gt 0 ']'
2026-03-25 12:52:00,357 - INFO - [36m(worker1, rank=1, pid=5444, ip=172.31.36.113)[0m + echo 'Could not detect GPU count'
2026-03-25 12:52:00,357 - INFO - [36m(worker1, rank=1, pid=5444, ip=172.31.36.113)[0m Could not detect GPU count
2026-03-25 12:52:00,357 - INFO - [36m(worker1, rank=1, pid=5444, ip=172.31.36.113)[0m + echo -------------------------------------------
2026-03-25 12:52:00,357 - INFO - [36m(worker1, rank=1, pid=5444, ip=172.31.36.113)[0m -------------------------------------------
2026-03-25 12:52:00,357 - INFO - [36m(worker1, rank=1, pid=5444, ip=172.31.36.113)[0m + echo 'Checking for GPU processes and errors...'
2026-03-25 12:52:00,357 - INFO - [36m(worker1, rank=1, pid=5444, ip=172.31.36.113)[0m Checking for GPU processes and errors...
2026-03-25 12:52:00,357 - INFO - [36m(worker1, rank=1, pid=5444, ip=172.31.36.113)[0m + awk 'NR<=50'
2026-03-25 12:52:00,357 - INFO - [36m(worker1, rank=1, pid=5444, ip=172.31.36.113)[0m + nvidia-smi -q -d ERRORS
2026-03-25 12:52:00,357 - INFO - [36m(head, rank=0, pid=6900)[0m GPU0	 X 	NV12	NV12	NV12	NV12	NV12	NV12	NV12	0-23,48-71	0		N/A
2026-03-25 12:52:00,357 - INFO - [36m(head, rank=0, pid=6900)[0m GPU1	NV12	 X 	NV12	NV12	NV12	NV12	NV12	NV12	0-23,48-71	0		N/A
2026-03-25 12:52:00,357 - INFO - [36m(head, rank=0, pid=6900)[0m GPU2	NV12	NV12	 X 	NV12	NV12	NV12	NV12	NV12	0-23,48-71	0		N/A
2026-03-25 12:52:00,357 - INFO - [36m(head, rank=0, pid=6900)[0m GPU3	NV12	NV12	NV12	 X 	NV12	NV12	NV12	NV12	0-23,48-71	0		N/A
2026-03-25 12:52:00,357 - INFO - [36m(head, rank=0, pid=6900)[0m GPU4	NV12	NV12	NV12	NV12	 X 	NV12	NV12	NV12	24-47,72-95	1		N/A
2026-03-25 12:52:00,357 - INFO - [36m(head, rank=0, pid=6900)[0m GPU5	NV12	NV12	NV12	NV12	NV12	 X 	NV12	NV12	24-47,72-95	1		N/A
2026-03-25 12:52:00,357 - INFO - [36m(head, rank=0, pid=6900)[0m GPU6	NV12	NV12	NV12	NV12	NV12	NV12	 X 	NV12	24-47,72-95	1		N/A
2026-03-25 12:52:00,357 - INFO - [36m(head, rank=0, pid=6900)[0m GPU7	NV12	NV12	NV12	NV12	NV12	NV12	NV12	 X 	24-47,72-95	1		N/A
2026-03-25 12:52:00,357 - INFO - [36m(head, rank=0, pid=6900)[0m
2026-03-25 12:52:00,357 - INFO - [36m(head, rank=0, pid=6900)[0m Legend:
2026-03-25 12:52:00,357 - INFO - [36m(head, rank=0, pid=6900)[0m
2026-03-25 12:52:00,357 - INFO - [36m(head, rank=0, pid=6900)[0m   X    = Self
2026-03-25 12:52:00,357 - INFO - [36m(head, rank=0, pid=6900)[0m   SYS  = Connection traversing PCIe as well as the SMP interconnect between NUMA nodes (e.g., QPI/UPI)
2026-03-25 12:52:00,357 - INFO - [36m(head, rank=0, pid=6900)[0m   NODE = Connection traversing PCIe as well as the interconnect between PCIe Host Bridges within a NUMA node
2026-03-25 12:52:00,358 - INFO - [36m(head, rank=0, pid=6900)[0m   PHB  = Connection traversing PCIe as well as a PCIe Host Bridge (typically the CPU)
2026-03-25 12:52:00,358 - INFO - [36m(head, rank=0, pid=6900)[0m   PXB  = Connection traversing multiple PCIe bridges (without traversing the PCIe Host Bridge)
2026-03-25 12:52:00,358 - INFO - [36m(head, rank=0, pid=6900)[0m   PIX  = Connection traversing at most a single PCIe bridge
2026-03-25 12:52:00,358 - INFO - [36m(head, rank=0, pid=6900)[0m   NV#  = Connection traversing a bonded set of # NVLinks
2026-03-25 12:52:00,358 - INFO - [36m(head, rank=0, pid=6900)[0m + echo '--- NUMA Topology and GPU-NUMA Mapping ---'
2026-03-25 12:52:00,358 - INFO - [36m(head, rank=0, pid=6900)[0m --- NUMA Topology and GPU-NUMA Mapping ---
2026-03-25 12:52:00,358 - INFO - [36m(head, rank=0, pid=6900)[0m + echo 'NUMA hardware layout:'
2026-03-25 12:52:00,358 - INFO - [36m(head, rank=0, pid=6900)[0m NUMA hardware layout:
2026-03-25 12:52:00,358 - INFO - [36m(head, rank=0, pid=6900)[0m + numactl --hardware
2026-03-25 12:52:00,358 - INFO - [36m(head, rank=0, pid=6900)[0m available: 2 nodes (0-1)
2026-03-25 12:52:00,358 - INFO - [36m(head, rank=0, pid=6900)[0m node 0 cpus: 0 1 2 3 4 5 6 7 8 9 10 11 12 13 14 15 16 17 18 19 20 21 22 23 48 49 50 51 52 53 54 55 56 57 58 59 60 61 62 63 64 65 66 67 68 69 70 71
2026-03-25 12:52:00,358 - INFO - [36m(head, rank=0, pid=6900)[0m node 0 size: 574352 MB
2026-03-25 12:52:00,358 - INFO - [36m(head, rank=0, pid=6900)[0m node 0 free: 543568 MB
2026-03-25 12:52:00,358 - INFO - [36m(head, rank=0, pid=6900)[0m node 1 cpus: 24 25 26 27 28 29 30 31 32 33 34 35 36 37 38 39 40 41 42 43 44 45 46 47 72 73 74 75 76 77 78 79 80 81 82 83 84 85 86 87 88 89 90 91 92 93 94 95
2026-03-25 12:52:00,358 - INFO - [36m(head, rank=0, pid=6900)[0m node 1 size: 574368 MB
2026-03-25 12:52:00,358 - INFO - [36m(head, rank=0, pid=6900)[0m node 1 free: 552585 MB
2026-03-25 12:52:00,358 - INFO - [36m(head, rank=0, pid=6900)[0m node distances:
2026-03-25 12:52:00,358 - INFO - [36m(head, rank=0, pid=6900)[0m node   0   1
2026-03-25 12:52:00,358 - INFO - [36m(head, rank=0, pid=6900)[0m   0:  10  21
2026-03-25 12:52:00,358 - INFO - [36m(head, rank=0, pid=6900)[0m   1:  21  10
2026-03-25 12:52:00,358 - INFO - [36m(head, rank=0, pid=6900)[0m + echo ''
2026-03-25 12:52:00,358 - INFO - [36m(head, rank=0, pid=6900)[0m
2026-03-25 12:52:00,358 - INFO - [36m(head, rank=0, pid=6900)[0m + echo 'GPU PCIe Bus IDs and NUMA node assignments:'
2026-03-25 12:52:00,358 - INFO - [36m(head, rank=0, pid=6900)[0m GPU PCIe Bus IDs and NUMA node assignments:
2026-03-25 12:52:00,358 - INFO - [36m(head, rank=0, pid=6900)[0m ++ nvidia-smi --query-gpu=count --format=csv,noheader
2026-03-25 12:52:00,358 - INFO - [36m(head, rank=0, pid=6900)[0m ++ head -1
2026-03-25 12:52:00,358 - INFO - [36m(head, rank=0, pid=6900)[0m ++ echo 0
2026-03-25 12:52:00,358 - INFO - [36m(head, rank=0, pid=6900)[0m + gpu_count='8
2026-03-25 12:52:00,358 - INFO - [36m(head, rank=0, pid=6900)[0m 0'
2026-03-25 12:52:00,358 - INFO - [36m(head, rank=0, pid=6900)[0m + '[' '8
2026-03-25 12:52:00,358 - INFO - [36m(head, rank=0, pid=6900)[0m 0' -gt 0 ']'
2026-03-25 12:52:00,358 - INFO - [36m(head, rank=0, pid=6900)[0m + echo 'Could not detect GPU count'
2026-03-25 12:52:00,358 - INFO - [36m(head, rank=0, pid=6900)[0m Could not detect GPU count
2026-03-25 12:52:00,358 - INFO - [36m(head, rank=0, pid=6900)[0m + echo -------------------------------------------
2026-03-25 12:52:00,358 - INFO - [36m(head, rank=0, pid=6900)[0m -------------------------------------------
2026-03-25 12:52:00,358 - INFO - [36m(head, rank=0, pid=6900)[0m + echo 'Checking for GPU processes and errors...'
2026-03-25 12:52:00,358 - INFO - [36m(head, rank=0, pid=6900)[0m Checking for GPU processes and errors...
2026-03-25 12:52:00,358 - INFO - [36m(head, rank=0, pid=6900)[0m + awk 'NR<=50'
2026-03-25 12:52:00,358 - INFO - [36m(head, rank=0, pid=6900)[0m + nvidia-smi -q -d ERRORS
2026-03-25 12:52:00,358 - INFO - [36m(worker1, rank=1, pid=5444, ip=172.31.36.113)[0m Failed to parse --display/-d flags
2026-03-25 12:52:00,358 - INFO - [36m(worker1, rank=1, pid=5444, ip=172.31.36.113)[0m + echo 'Error check failed'
2026-03-25 12:52:00,358 - INFO - [36m(worker1, rank=1, pid=5444, ip=172.31.36.113)[0m Error check failed
2026-03-25 12:52:00,358 - INFO - [36m(worker1, rank=1, pid=5444, ip=172.31.36.113)[0m + echo '--- CUDA Device Query ---'
2026-03-25 12:52:00,358 - INFO - [36m(worker1, rank=1, pid=5444, ip=172.31.36.113)[0m --- CUDA Device Query ---
2026-03-25 12:52:00,358 - INFO - [36m(worker1, rank=1, pid=5444, ip=172.31.36.113)[0m + python3 -c 'import ctypes; cudart = ctypes.CDLL('\''libcudart.so.12'\''); count = ctypes.c_int(); result = cudart.cudaGetDeviceCount(ctypes.byref(count)); print(f'\''cudaGetDeviceCount result: {result} (0=success), device count: {count.value}'\'')'
2026-03-25 12:52:00,358 - INFO - [36m(head, rank=0, pid=6900)[0m Failed to parse --display/-d flags
2026-03-25 12:52:00,358 - INFO - [36m(head, rank=0, pid=6900)[0m + echo 'Error check failed'
2026-03-25 12:52:00,358 - INFO - [36m(head, rank=0, pid=6900)[0m Error check failed
2026-03-25 12:52:00,358 - INFO - [36m(head, rank=0, pid=6900)[0m + echo '--- CUDA Device Query ---'
2026-03-25 12:52:00,358 - INFO - [36m(head, rank=0, pid=6900)[0m --- CUDA Device Query ---
2026-03-25 12:52:00,358 - INFO - [36m(head, rank=0, pid=6900)[0m + python3 -c 'import ctypes; cudart = ctypes.CDLL('\''libcudart.so.12'\''); count = ctypes.c_int(); result = cudart.cudaGetDeviceCount(ctypes.byref(count)); print(f'\''cudaGetDeviceCount result: {result} (0=success), device count: {count.value}'\'')'
2026-03-25 12:52:00,358 - INFO - [36m(worker1, rank=1, pid=5444, ip=172.31.36.113)[0m cudaGetDeviceCount result: 0 (0=success), device count: 8
2026-03-25 12:52:01,764 - INFO - [36m(head, rank=0, pid=6900)[0m cudaGetDeviceCount result: 0 (0=success), device count: 8
2026-03-25 12:52:01,764 - INFO - [36m(worker1, rank=1, pid=5444, ip=172.31.36.113)[0m + echo ===========================
2026-03-25 12:52:02,709 - INFO - [36m(worker1, rank=1, pid=5444, ip=172.31.36.113)[0m ===========================
2026-03-25 12:52:02,709 - INFO - [36m(worker1, rank=1, pid=5444, ip=172.31.36.113)[0m + source .venv/bin/activate
2026-03-25 12:52:02,709 - INFO - [36m(worker1, rank=1, pid=5444, ip=172.31.36.113)[0m ++ '[' -z '' ']'
2026-03-25 12:52:02,709 - INFO - [36m(worker1, rank=1, pid=5444, ip=172.31.36.113)[0m ++ '[' -n x ']'
2026-03-25 12:52:02,709 - INFO - [36m(worker1, rank=1, pid=5444, ip=172.31.36.113)[0m ++ SCRIPT_PATH=.venv/bin/activate
2026-03-25 12:52:02,709 - INFO - [36m(worker1, rank=1, pid=5444, ip=172.31.36.113)[0m ++ '[' .venv/bin/activate = /tmp/sky_app_wc5tdz2h ']'
2026-03-25 12:52:02,709 - INFO - [36m(worker1, rank=1, pid=5444, ip=172.31.36.113)[0m ++ deactivate nondestructive
2026-03-25 12:52:02,709 - INFO - [36m(worker1, rank=1, pid=5444, ip=172.31.36.113)[0m ++ unset -f pydoc
2026-03-25 12:52:02,709 - INFO - [36m(worker1, rank=1, pid=5444, ip=172.31.36.113)[0m ++ '[' -z '' ']'
2026-03-25 12:52:02,709 - INFO - [36m(worker1, rank=1, pid=5444, ip=172.31.36.113)[0m ++ '[' -z '' ']'
2026-03-25 12:52:02,709 - INFO - [36m(worker1, rank=1, pid=5444, ip=172.31.36.113)[0m ++ hash -r
2026-03-25 12:52:02,709 - INFO - [36m(worker1, rank=1, pid=5444, ip=172.31.36.113)[0m ++ '[' -z '' ']'
2026-03-25 12:52:02,709 - INFO - [36m(worker1, rank=1, pid=5444, ip=172.31.36.113)[0m ++ unset VIRTUAL_ENV
2026-03-25 12:52:02,709 - INFO - [36m(worker1, rank=1, pid=5444, ip=172.31.36.113)[0m ++ unset VIRTUAL_ENV_PROMPT
2026-03-25 12:52:02,709 - INFO - [36m(worker1, rank=1, pid=5444, ip=172.31.36.113)[0m ++ '[' '!' nondestructive = nondestructive ']'
2026-03-25 12:52:02,709 - INFO - [36m(worker1, rank=1, pid=5444, ip=172.31.36.113)[0m ++ VIRTUAL_ENV=/home/ubuntu/sky_workdir/.venv
2026-03-25 12:52:02,709 - INFO - [36m(worker1, rank=1, pid=5444, ip=172.31.36.113)[0m ++ '[' linux-gnu = cygwin ']'
2026-03-25 12:52:02,710 - INFO - [36m(worker1, rank=1, pid=5444, ip=172.31.36.113)[0m ++ '[' linux-gnu = msys ']'
2026-03-25 12:52:02,710 - INFO - [36m(worker1, rank=1, pid=5444, ip=172.31.36.113)[0m ++ export VIRTUAL_ENV
2026-03-25 12:52:02,710 - INFO - [36m(worker1, rank=1, pid=5444, ip=172.31.36.113)[0m ++ '[' -z '' ']'
2026-03-25 12:52:02,710 - INFO - [36m(worker1, rank=1, pid=5444, ip=172.31.36.113)[0m ++ unset SCRIPT_PATH
2026-03-25 12:52:02,710 - INFO - [36m(worker1, rank=1, pid=5444, ip=172.31.36.113)[0m ++ _OLD_VIRTUAL_PATH=/home/ubuntu/.local/bin:/home/ubuntu/.local/bin:/home/ubuntu/miniconda3/bin:/home/ubuntu/miniconda3/condabin:/opt/amazon/openmpi/bin:/opt/amazon/efa/bin:/usr/local/cuda-12.8/bin:/usr/local/cuda-12.8/include:/usr/local/cuda-12.8/bin:/usr/local/cuda-12.8/include:/usr/local/sbin:/usr/local/bin:/usr/sbin:/usr/bin:/sbin:/bin:/usr/games:/usr/local/games:/snap/bin
2026-03-25 12:52:02,710 - INFO - [36m(worker1, rank=1, pid=5444, ip=172.31.36.113)[0m ++ PATH=/home/ubuntu/sky_workdir/.venv/bin:/home/ubuntu/.local/bin:/home/ubuntu/.local/bin:/home/ubuntu/miniconda3/bin:/home/ubuntu/miniconda3/condabin:/opt/amazon/openmpi/bin:/opt/amazon/efa/bin:/usr/local/cuda-12.8/bin:/usr/local/cuda-12.8/include:/usr/local/cuda-12.8/bin:/usr/local/cuda-12.8/include:/usr/local/sbin:/usr/local/bin:/usr/sbin:/usr/bin:/sbin:/bin:/usr/games:/usr/local/games:/snap/bin
2026-03-25 12:52:02,710 - INFO - [36m(worker1, rank=1, pid=5444, ip=172.31.36.113)[0m ++ export PATH
2026-03-25 12:52:02,710 - INFO - [36m(worker1, rank=1, pid=5444, ip=172.31.36.113)[0m ++ '[' xsky_workdir '!=' x ']'
2026-03-25 12:52:02,710 - INFO - [36m(worker1, rank=1, pid=5444, ip=172.31.36.113)[0m ++ VIRTUAL_ENV_PROMPT=sky_workdir
2026-03-25 12:52:02,710 - INFO - [36m(worker1, rank=1, pid=5444, ip=172.31.36.113)[0m ++ export VIRTUAL_ENV_PROMPT
2026-03-25 12:52:02,710 - INFO - [36m(worker1, rank=1, pid=5444, ip=172.31.36.113)[0m ++ '[' -z '' ']'
2026-03-25 12:52:02,710 - INFO - [36m(worker1, rank=1, pid=5444, ip=172.31.36.113)[0m ++ '[' -z '' ']'
2026-03-25 12:52:02,710 - INFO - [36m(worker1, rank=1, pid=5444, ip=172.31.36.113)[0m ++ _OLD_VIRTUAL_PS1='(base) ${debian_chroot:+($debian_chroot)}\u@\h:\w\$ '
2026-03-25 12:52:02,710 - INFO - [36m(worker1, rank=1, pid=5444, ip=172.31.36.113)[0m ++ PS1='(sky_workdir) (base) ${debian_chroot:+($debian_chroot)}\u@\h:\w\$ '
2026-03-25 12:52:02,710 - INFO - [36m(worker1, rank=1, pid=5444, ip=172.31.36.113)[0m ++ export PS1
2026-03-25 12:52:02,710 - INFO - [36m(worker1, rank=1, pid=5444, ip=172.31.36.113)[0m ++ alias pydoc
2026-03-25 12:52:02,710 - INFO - [36m(worker1, rank=1, pid=5444, ip=172.31.36.113)[0m ++ true
2026-03-25 12:52:02,710 - INFO - [36m(worker1, rank=1, pid=5444, ip=172.31.36.113)[0m ++ hash -r
2026-03-25 12:52:02,710 - INFO - [36m(worker1, rank=1, pid=5444, ip=172.31.36.113)[0m + echo '=== DETAILED PyTorch CUDA Diagnostics (in run phase) ==='
2026-03-25 12:52:02,710 - INFO - [36m(worker1, rank=1, pid=5444, ip=172.31.36.113)[0m === DETAILED PyTorch CUDA Diagnostics (in run phase) ===
2026-03-25 12:52:02,710 - INFO - [36m(worker1, rank=1, pid=5444, ip=172.31.36.113)[0m + echo '--- Environment ---'
2026-03-25 12:52:02,710 - INFO - [36m(worker1, rank=1, pid=5444, ip=172.31.36.113)[0m --- Environment ---
2026-03-25 12:52:02,710 - INFO - [36m(worker1, rank=1, pid=5444, ip=172.31.36.113)[0m + echo 'LD_LIBRARY_PATH: /usr/local/cuda/lib64:/usr/local/cuda/targets/x86_64-linux/lib:/usr/local/cuda-12.8/lib:/usr/local/cuda-12.8/lib64:/usr/local/cuda-12.8:/usr/local/cuda-12.8/targets/x86_64-linux/lib/:/usr/local/cuda-12.8/extras/CUPTI/lib64:/opt/amazon/efa/lib:/opt/amazon/openmpi/lib:/opt/amazon/ofi-nccl/lib/x86_64-linux-gnu:/usr/local/lib:/usr/lib:/usr/local/cuda-12.8/lib:/usr/local/cuda-12.8/lib64:/usr/local/cuda-12.8:/usr/local/cuda-12.8/targets/x86_64-linux/lib/:/usr/local/cuda-12.8/extras/CUPTI/lib64:/opt/amazon/efa/lib:/opt/amazon/openmpi/lib:/opt/amazon/ofi-nccl/lib/x86_64-linux-gnu:/usr/local/lib:/usr/lib'
2026-03-25 12:52:03,212 - INFO - [36m(worker1, rank=1, pid=5444, ip=172.31.36.113)[0m LD_LIBRARY_PATH: /usr/local/cuda/lib64:/usr/local/cuda/targets/x86_64-linux/lib:/usr/local/cuda-12.8/lib:/usr/local/cuda-12.8/lib64:/usr/local/cuda-12.8:/usr/local/cuda-12.8/targets/x86_64-linux/lib/:/usr/local/cuda-12.8/extras/CUPTI/lib64:/opt/amazon/efa/lib:/opt/amazon/openmpi/lib:/opt/amazon/ofi-nccl/lib/x86_64-linux-gnu:/usr/local/lib:/usr/lib:/usr/local/cuda-12.8/lib:/usr/local/cuda-12.8/lib64:/usr/local/cuda-12.8:/usr/local/cuda-12.8/targets/x86_64-linux/lib/:/usr/local/cuda-12.8/extras/CUPTI/lib64:/opt/amazon/efa/lib:/opt/amazon/openmpi/lib:/opt/amazon/ofi-nccl/lib/x86_64-linux-gnu:/usr/local/lib:/usr/lib
2026-03-25 12:52:03,212 - INFO - [36m(worker1, rank=1, pid=5444, ip=172.31.36.113)[0m + echo 'CUDA_HOME: /usr/local/cuda'
2026-03-25 12:52:03,212 - INFO - [36m(worker1, rank=1, pid=5444, ip=172.31.36.113)[0m CUDA_HOME: /usr/local/cuda
2026-03-25 12:52:03,212 - INFO - [36m(worker1, rank=1, pid=5444, ip=172.31.36.113)[0m + which python3
2026-03-25 12:52:03,212 - INFO - [36m(worker1, rank=1, pid=5444, ip=172.31.36.113)[0m /home/ubuntu/sky_workdir/.venv/bin/python3
2026-03-25 12:52:03,212 - INFO - [36m(worker1, rank=1, pid=5444, ip=172.31.36.113)[0m + echo '--- Torch info ---'
2026-03-25 12:52:03,212 - INFO - [36m(worker1, rank=1, pid=5444, ip=172.31.36.113)[0m --- Torch info ---
2026-03-25 12:52:03,212 - INFO - [36m(worker1, rank=1, pid=5444, ip=172.31.36.113)[0m + python3 -c 'import torch; print('\''torch.__version__:'\'', torch.__version__); print('\''torch.__file__:'\'', torch.__file__); print('\''torch.version.cuda:'\'', torch.version.cuda); print('\''torch.backends.cuda.is_built():'\'', torch.backends.cuda.is_built())'
2026-03-25 12:52:03,212 - INFO - [36m(head, rank=0, pid=6900)[0m + echo ===========================
2026-03-25 12:52:03,212 - INFO - [36m(head, rank=0, pid=6900)[0m ===========================
2026-03-25 12:52:03,212 - INFO - [36m(head, rank=0, pid=6900)[0m + source .venv/bin/activate
2026-03-25 12:52:03,212 - INFO - [36m(head, rank=0, pid=6900)[0m ++ '[' -z '' ']'
2026-03-25 12:52:03,212 - INFO - [36m(head, rank=0, pid=6900)[0m ++ '[' -n x ']'
2026-03-25 12:52:03,212 - INFO - [36m(head, rank=0, pid=6900)[0m ++ SCRIPT_PATH=.venv/bin/activate
2026-03-25 12:52:03,212 - INFO - [36m(head, rank=0, pid=6900)[0m ++ '[' .venv/bin/activate = /tmp/sky_app_e4bnbhbd ']'
2026-03-25 12:52:03,212 - INFO - [36m(head, rank=0, pid=6900)[0m ++ deactivate nondestructive
2026-03-25 12:52:03,212 - INFO - [36m(head, rank=0, pid=6900)[0m ++ unset -f pydoc
2026-03-25 12:52:03,212 - INFO - [36m(head, rank=0, pid=6900)[0m ++ '[' -z '' ']'
2026-03-25 12:52:03,212 - INFO - [36m(head, rank=0, pid=6900)[0m ++ '[' -z '' ']'
2026-03-25 12:52:03,213 - INFO - [36m(head, rank=0, pid=6900)[0m ++ hash -r
2026-03-25 12:52:03,213 - INFO - [36m(head, rank=0, pid=6900)[0m ++ '[' -z '' ']'
2026-03-25 12:52:03,213 - INFO - [36m(head, rank=0, pid=6900)[0m ++ unset VIRTUAL_ENV
2026-03-25 12:52:03,213 - INFO - [36m(head, rank=0, pid=6900)[0m ++ unset VIRTUAL_ENV_PROMPT
2026-03-25 12:52:03,213 - INFO - [36m(head, rank=0, pid=6900)[0m ++ '[' '!' nondestructive = nondestructive ']'
2026-03-25 12:52:03,213 - INFO - [36m(head, rank=0, pid=6900)[0m ++ VIRTUAL_ENV=/home/ubuntu/sky_workdir/.venv
2026-03-25 12:52:03,213 - INFO - [36m(head, rank=0, pid=6900)[0m ++ '[' linux-gnu = cygwin ']'
2026-03-25 12:52:03,213 - INFO - [36m(head, rank=0, pid=6900)[0m ++ '[' linux-gnu = msys ']'
2026-03-25 12:52:03,213 - INFO - [36m(head, rank=0, pid=6900)[0m ++ export VIRTUAL_ENV
2026-03-25 12:52:03,213 - INFO - [36m(head, rank=0, pid=6900)[0m ++ '[' -z '' ']'
2026-03-25 12:52:03,213 - INFO - [36m(head, rank=0, pid=6900)[0m ++ unset SCRIPT_PATH
2026-03-25 12:52:03,213 - INFO - [36m(head, rank=0, pid=6900)[0m ++ _OLD_VIRTUAL_PATH=/home/ubuntu/.local/bin:/home/ubuntu/.local/bin:/home/ubuntu/miniconda3/bin:/home/ubuntu/miniconda3/condabin:/opt/amazon/openmpi/bin:/opt/amazon/efa/bin:/usr/local/cuda-12.8/bin:/usr/local/cuda-12.8/include:/usr/local/cuda-12.8/bin:/usr/local/cuda-12.8/include:/usr/local/sbin:/usr/local/bin:/usr/sbin:/usr/bin:/sbin:/bin:/usr/games:/usr/local/games:/snap/bin
2026-03-25 12:52:03,213 - INFO - [36m(head, rank=0, pid=6900)[0m ++ PATH=/home/ubuntu/sky_workdir/.venv/bin:/home/ubuntu/.local/bin:/home/ubuntu/.local/bin:/home/ubuntu/miniconda3/bin:/home/ubuntu/miniconda3/condabin:/opt/amazon/openmpi/bin:/opt/amazon/efa/bin:/usr/local/cuda-12.8/bin:/usr/local/cuda-12.8/include:/usr/local/cuda-12.8/bin:/usr/local/cuda-12.8/include:/usr/local/sbin:/usr/local/bin:/usr/sbin:/usr/bin:/sbin:/bin:/usr/games:/usr/local/games:/snap/bin
2026-03-25 12:52:03,213 - INFO - [36m(head, rank=0, pid=6900)[0m ++ export PATH
2026-03-25 12:52:03,213 - INFO - [36m(head, rank=0, pid=6900)[0m ++ '[' xsky_workdir '!=' x ']'
2026-03-25 12:52:03,213 - INFO - [36m(head, rank=0, pid=6900)[0m ++ VIRTUAL_ENV_PROMPT=sky_workdir
2026-03-25 12:52:03,213 - INFO - [36m(head, rank=0, pid=6900)[0m ++ export VIRTUAL_ENV_PROMPT
2026-03-25 12:52:03,213 - INFO - [36m(head, rank=0, pid=6900)[0m ++ '[' -z '' ']'
2026-03-25 12:52:03,213 - INFO - [36m(head, rank=0, pid=6900)[0m ++ '[' -z '' ']'
2026-03-25 12:52:03,213 - INFO - [36m(head, rank=0, pid=6900)[0m ++ _OLD_VIRTUAL_PS1='(base) ${debian_chroot:+($debian_chroot)}\u@\h:\w\$ '
2026-03-25 12:52:03,213 - INFO - [36m(head, rank=0, pid=6900)[0m ++ PS1='(sky_workdir) (base) ${debian_chroot:+($debian_chroot)}\u@\h:\w\$ '
2026-03-25 12:52:03,213 - INFO - [36m(head, rank=0, pid=6900)[0m ++ export PS1
2026-03-25 12:52:03,213 - INFO - [36m(head, rank=0, pid=6900)[0m ++ alias pydoc
2026-03-25 12:52:03,213 - INFO - [36m(head, rank=0, pid=6900)[0m ++ true
2026-03-25 12:52:03,213 - INFO - [36m(head, rank=0, pid=6900)[0m ++ hash -r
2026-03-25 12:52:03,213 - INFO - [36m(head, rank=0, pid=6900)[0m + echo '=== DETAILED PyTorch CUDA Diagnostics (in run phase) ==='
2026-03-25 12:52:03,213 - INFO - [36m(head, rank=0, pid=6900)[0m === DETAILED PyTorch CUDA Diagnostics (in run phase) ===
2026-03-25 12:52:03,213 - INFO - [36m(head, rank=0, pid=6900)[0m + echo '--- Environment ---'
2026-03-25 12:52:03,213 - INFO - [36m(head, rank=0, pid=6900)[0m --- Environment ---
2026-03-25 12:52:03,213 - INFO - [36m(head, rank=0, pid=6900)[0m + echo 'LD_LIBRARY_PATH: /usr/local/cuda/lib64:/usr/local/cuda/targets/x86_64-linux/lib:/usr/local/cuda-12.8/lib:/usr/local/cuda-12.8/lib64:/usr/local/cuda-12.8:/usr/local/cuda-12.8/targets/x86_64-linux/lib/:/usr/local/cuda-12.8/extras/CUPTI/lib64:/opt/amazon/efa/lib:/opt/amazon/openmpi/lib:/opt/amazon/ofi-nccl/lib/x86_64-linux-gnu:/usr/local/lib:/usr/lib:/usr/local/cuda-12.8/lib:/usr/local/cuda-12.8/lib64:/usr/local/cuda-12.8:/usr/local/cuda-12.8/targets/x86_64-linux/lib/:/usr/local/cuda-12.8/extras/CUPTI/lib64:/opt/amazon/efa/lib:/opt/amazon/openmpi/lib:/opt/amazon/ofi-nccl/lib/x86_64-linux-gnu:/usr/local/lib:/usr/lib'
2026-03-25 12:52:03,213 - INFO - [36m(head, rank=0, pid=6900)[0m LD_LIBRARY_PATH: /usr/local/cuda/lib64:/usr/local/cuda/targets/x86_64-linux/lib:/usr/local/cuda-12.8/lib:/usr/local/cuda-12.8/lib64:/usr/local/cuda-12.8:/usr/local/cuda-12.8/targets/x86_64-linux/lib/:/usr/local/cuda-12.8/extras/CUPTI/lib64:/opt/amazon/efa/lib:/opt/amazon/openmpi/lib:/opt/amazon/ofi-nccl/lib/x86_64-linux-gnu:/usr/local/lib:/usr/lib:/usr/local/cuda-12.8/lib:/usr/local/cuda-12.8/lib64:/usr/local/cuda-12.8:/usr/local/cuda-12.8/targets/x86_64-linux/lib/:/usr/local/cuda-12.8/extras/CUPTI/lib64:/opt/amazon/efa/lib:/opt/amazon/openmpi/lib:/opt/amazon/ofi-nccl/lib/x86_64-linux-gnu:/usr/local/lib:/usr/lib
2026-03-25 12:52:03,213 - INFO - [36m(head, rank=0, pid=6900)[0m + echo 'CUDA_HOME: /usr/local/cuda'
2026-03-25 12:52:03,213 - INFO - [36m(head, rank=0, pid=6900)[0m CUDA_HOME: /usr/local/cuda
2026-03-25 12:52:03,213 - INFO - [36m(head, rank=0, pid=6900)[0m + which python3
2026-03-25 12:52:03,213 - INFO - [36m(head, rank=0, pid=6900)[0m /home/ubuntu/sky_workdir/.venv/bin/python3
2026-03-25 12:52:03,213 - INFO - [36m(head, rank=0, pid=6900)[0m + echo '--- Torch info ---'
2026-03-25 12:52:03,213 - INFO - [36m(head, rank=0, pid=6900)[0m --- Torch info ---
2026-03-25 12:52:03,213 - INFO - [36m(head, rank=0, pid=6900)[0m + python3 -c 'import torch; print('\''torch.__version__:'\'', torch.__version__); print('\''torch.__file__:'\'', torch.__file__); print('\''torch.version.cuda:'\'', torch.version.cuda); print('\''torch.backends.cuda.is_built():'\'', torch.backends.cuda.is_built())'
2026-03-25 12:52:03,213 - INFO - [36m(worker1, rank=1, pid=5444, ip=172.31.36.113)[0m torch.__version__: 2.7.1+cu126
2026-03-25 12:52:03,818 - INFO - [36m(worker1, rank=1, pid=5444, ip=172.31.36.113)[0m torch.__file__: /home/ubuntu/sky_workdir/.venv/lib/python3.12/site-packages/torch/__init__.py
2026-03-25 12:52:03,818 - INFO - [36m(worker1, rank=1, pid=5444, ip=172.31.36.113)[0m torch.version.cuda: 12.6
2026-03-25 12:52:03,818 - INFO - [36m(worker1, rank=1, pid=5444, ip=172.31.36.113)[0m torch.backends.cuda.is_built(): True
2026-03-25 12:52:03,818 - INFO - [36m(head, rank=0, pid=6900)[0m torch.__version__: 2.7.1+cu126
2026-03-25 12:52:03,818 - INFO - [36m(head, rank=0, pid=6900)[0m torch.__file__: /home/ubuntu/sky_workdir/.venv/lib/python3.12/site-packages/torch/__init__.py
2026-03-25 12:52:03,818 - INFO - [36m(head, rank=0, pid=6900)[0m torch.version.cuda: 12.6
2026-03-25 12:52:03,818 - INFO - [36m(head, rank=0, pid=6900)[0m torch.backends.cuda.is_built(): True
2026-03-25 12:52:03,818 - INFO - [36m(worker1, rank=1, pid=5444, ip=172.31.36.113)[0m + echo '--- CUDA check ---'
2026-03-25 12:52:03,818 - INFO - [36m(worker1, rank=1, pid=5444, ip=172.31.36.113)[0m --- CUDA check ---
2026-03-25 12:52:03,818 - INFO - [36m(worker1, rank=1, pid=5444, ip=172.31.36.113)[0m + python3 -c 'import torch; print('\''torch.cuda.is_available():'\'', torch.cuda.is_available()); print('\''torch.cuda.device_count():'\'', torch.cuda.device_count() if torch.cuda.is_available() else '\''N/A - checking why...'\'')'
2026-03-25 12:52:03,818 - INFO - [36m(head, rank=0, pid=6900)[0m + echo '--- CUDA check ---'
2026-03-25 12:52:06,737 - INFO - [36m(head, rank=0, pid=6900)[0m --- CUDA check ---
2026-03-25 12:52:06,737 - INFO - [36m(head, rank=0, pid=6900)[0m + python3 -c 'import torch; print('\''torch.cuda.is_available():'\'', torch.cuda.is_available()); print('\''torch.cuda.device_count():'\'', torch.cuda.device_count() if torch.cuda.is_available() else '\''N/A - checking why...'\'')'
2026-03-25 12:52:06,737 - INFO - [36m(worker1, rank=1, pid=5444, ip=172.31.36.113)[0m torch.cuda.is_available(): True
2026-03-25 12:52:07,544 - INFO - [36m(worker1, rank=1, pid=5444, ip=172.31.36.113)[0m torch.cuda.device_count(): 8
2026-03-25 12:52:07,544 - INFO - [36m(head, rank=0, pid=6900)[0m torch.cuda.is_available(): True
2026-03-25 12:52:08,452 - INFO - [36m(head, rank=0, pid=6900)[0m torch.cuda.device_count(): 8
2026-03-25 12:52:08,452 - INFO - [36m(worker1, rank=1, pid=5444, ip=172.31.36.113)[0m + echo '--- Loading CUDA libs directly ---'
2026-03-25 12:52:09,059 - INFO - [36m(worker1, rank=1, pid=5444, ip=172.31.36.113)[0m --- Loading CUDA libs directly ---
2026-03-25 12:52:09,059 - INFO - [36m(worker1, rank=1, pid=5444, ip=172.31.36.113)[0m + python3 -c 'import ctypes; libs=['\''libcuda.so.1'\'','\''libcudart.so.12'\'','\''libnvidia-ml.so.1'\'']; [print(l+'\'': OK'\'') if ctypes.CDLL(l) else None for l in libs]'
2026-03-25 12:52:09,059 - INFO - [36m(worker1, rank=1, pid=5444, ip=172.31.36.113)[0m libcuda.so.1: OK
2026-03-25 12:52:09,059 - INFO - [36m(worker1, rank=1, pid=5444, ip=172.31.36.113)[0m libcudart.so.12: OK
2026-03-25 12:52:09,059 - INFO - [36m(worker1, rank=1, pid=5444, ip=172.31.36.113)[0m libnvidia-ml.so.1: OK
2026-03-25 12:52:09,059 - INFO - [36m(worker1, rank=1, pid=5444, ip=172.31.36.113)[0m + echo '--- Manual CUDA init attempt ---'
2026-03-25 12:52:09,059 - INFO - [36m(worker1, rank=1, pid=5444, ip=172.31.36.113)[0m --- Manual CUDA init attempt ---
2026-03-25 12:52:09,059 - INFO - [36m(worker1, rank=1, pid=5444, ip=172.31.36.113)[0m + python3 -c 'import torch; torch.cuda.init(); print('\''torch.cuda.init() OK, device_count:'\'', torch.cuda.device_count())'
2026-03-25 12:52:09,059 - INFO - [36m(head, rank=0, pid=6900)[0m + echo '--- Loading CUDA libs directly ---'
2026-03-25 12:52:11,979 - INFO - [36m(head, rank=0, pid=6900)[0m --- Loading CUDA libs directly ---
2026-03-25 12:52:11,979 - INFO - [36m(head, rank=0, pid=6900)[0m + python3 -c 'import ctypes; libs=['\''libcuda.so.1'\'','\''libcudart.so.12'\'','\''libnvidia-ml.so.1'\'']; [print(l+'\'': OK'\'') if ctypes.CDLL(l) else None for l in libs]'
2026-03-25 12:52:11,979 - INFO - [36m(head, rank=0, pid=6900)[0m libcuda.so.1: OK
2026-03-25 12:52:11,979 - INFO - [36m(head, rank=0, pid=6900)[0m libcudart.so.12: OK
2026-03-25 12:52:11,979 - INFO - [36m(head, rank=0, pid=6900)[0m libnvidia-ml.so.1: OK
2026-03-25 12:52:11,979 - INFO - [36m(head, rank=0, pid=6900)[0m + echo '--- Manual CUDA init attempt ---'
2026-03-25 12:52:11,979 - INFO - [36m(head, rank=0, pid=6900)[0m --- Manual CUDA init attempt ---
2026-03-25 12:52:11,980 - INFO - [36m(head, rank=0, pid=6900)[0m + python3 -c 'import torch; torch.cuda.init(); print('\''torch.cuda.init() OK, device_count:'\'', torch.cuda.device_count())'
2026-03-25 12:52:11,980 - INFO - [36m(worker1, rank=1, pid=5444, ip=172.31.36.113)[0m torch.cuda.init() OK, device_count: 8
2026-03-25 12:52:12,783 - INFO - [36m(head, rank=0, pid=6900)[0m torch.cuda.init() OK, device_count: 8
2026-03-25 12:52:13,587 - INFO - [36m(worker1, rank=1, pid=5444, ip=172.31.36.113)[0m + echo '--- Installed torch packages ---'
2026-03-25 12:52:14,494 - INFO - [36m(worker1, rank=1, pid=5444, ip=172.31.36.113)[0m --- Installed torch packages ---
2026-03-25 12:52:14,494 - INFO - [36m(worker1, rank=1, pid=5444, ip=172.31.36.113)[0m + pip list
2026-03-25 12:52:14,494 - INFO - [36m(worker1, rank=1, pid=5444, ip=172.31.36.113)[0m + grep --color=auto -i -E 'torch|nvidia|cuda|triton'
2026-03-25 12:52:14,494 - INFO - [36m(worker1, rank=1, pid=5444, ip=172.31.36.113)[0m cuda-pathfinder                   1.5.0
2026-03-25 12:52:14,898 - INFO - [36m(worker1, rank=1, pid=5444, ip=172.31.36.113)[0m cupy-cuda12x                      14.0.1
2026-03-25 12:52:14,898 - INFO - [36m(worker1, rank=1, pid=5444, ip=172.31.36.113)[0m nvidia-cublas-cu12                12.6.4.1
2026-03-25 12:52:14,898 - INFO - [36m(worker1, rank=1, pid=5444, ip=172.31.36.113)[0m nvidia-cuda-cupti-cu12            12.6.80
2026-03-25 12:52:14,898 - INFO - [36m(worker1, rank=1, pid=5444, ip=172.31.36.113)[0m nvidia-cuda-nvrtc-cu12            12.6.77
2026-03-25 12:52:14,898 - INFO - [36m(worker1, rank=1, pid=5444, ip=172.31.36.113)[0m nvidia-cuda-runtime-cu12          12.6.77
2026-03-25 12:52:14,898 - INFO - [36m(worker1, rank=1, pid=5444, ip=172.31.36.113)[0m nvidia-cudnn-cu12                 9.5.1.17
2026-03-25 12:52:14,898 - INFO - [36m(worker1, rank=1, pid=5444, ip=172.31.36.113)[0m nvidia-cufft-cu12                 11.3.0.4
2026-03-25 12:52:14,898 - INFO - [36m(worker1, rank=1, pid=5444, ip=172.31.36.113)[0m nvidia-cufile-cu12                1.11.1.6
2026-03-25 12:52:14,898 - INFO - [36m(worker1, rank=1, pid=5444, ip=172.31.36.113)[0m nvidia-curand-cu12                10.3.7.77
2026-03-25 12:52:14,898 - INFO - [36m(worker1, rank=1, pid=5444, ip=172.31.36.113)[0m nvidia-cusolver-cu12              11.7.1.2
2026-03-25 12:52:14,898 - INFO - [36m(worker1, rank=1, pid=5444, ip=172.31.36.113)[0m nvidia-cusparse-cu12              12.5.4.2
2026-03-25 12:52:14,898 - INFO - [36m(worker1, rank=1, pid=5444, ip=172.31.36.113)[0m nvidia-cusparselt-cu12            0.6.3
2026-03-25 12:52:14,898 - INFO - [36m(worker1, rank=1, pid=5444, ip=172.31.36.113)[0m nvidia-ml-py                      13.595.45
2026-03-25 12:52:14,898 - INFO - [36m(worker1, rank=1, pid=5444, ip=172.31.36.113)[0m nvidia-nccl-cu12                  2.26.2
2026-03-25 12:52:14,898 - INFO - [36m(worker1, rank=1, pid=5444, ip=172.31.36.113)[0m nvidia-nvjitlink-cu12             12.6.85
2026-03-25 12:52:14,898 - INFO - [36m(worker1, rank=1, pid=5444, ip=172.31.36.113)[0m nvidia-nvtx-cu12                  12.6.77
2026-03-25 12:52:14,898 - INFO - [36m(worker1, rank=1, pid=5444, ip=172.31.36.113)[0m torch                             2.7.1
2026-03-25 12:52:14,898 - INFO - [36m(worker1, rank=1, pid=5444, ip=172.31.36.113)[0m torchaudio                        2.7.1
2026-03-25 12:52:14,898 - INFO - [36m(worker1, rank=1, pid=5444, ip=172.31.36.113)[0m torchvision                       0.22.1
2026-03-25 12:52:14,898 - INFO - [36m(worker1, rank=1, pid=5444, ip=172.31.36.113)[0m triton                            3.3.1
2026-03-25 12:52:14,898 - INFO - [36m(worker1, rank=1, pid=5444, ip=172.31.36.113)[0m + echo =========================================
2026-03-25 12:52:14,898 - INFO - [36m(worker1, rank=1, pid=5444, ip=172.31.36.113)[0m =========================================
2026-03-25 12:52:14,898 - INFO - [36m(worker1, rank=1, pid=5444, ip=172.31.36.113)[0m + export LD_LIBRARY_PATH=/usr/local/cuda/lib64:/usr/local/cuda/targets/x86_64-linux/lib:/usr/local/cuda/lib64:/usr/local/cuda/targets/x86_64-linux/lib:/usr/local/cuda-12.8/lib:/usr/local/cuda-12.8/lib64:/usr/local/cuda-12.8:/usr/local/cuda-12.8/targets/x86_64-linux/lib/:/usr/local/cuda-12.8/extras/CUPTI/lib64:/opt/amazon/efa/lib:/opt/amazon/openmpi/lib:/opt/amazon/ofi-nccl/lib/x86_64-linux-gnu:/usr/local/lib:/usr/lib:/usr/local/cuda-12.8/lib:/usr/local/cuda-12.8/lib64:/usr/local/cuda-12.8:/usr/local/cuda-12.8/targets/x86_64-linux/lib/:/usr/local/cuda-12.8/extras/CUPTI/lib64:/opt/amazon/efa/lib:/opt/amazon/openmpi/lib:/opt/amazon/ofi-nccl/lib/x86_64-linux-gnu:/usr/local/lib:/usr/lib
2026-03-25 12:52:14,898 - INFO - [36m(worker1, rank=1, pid=5444, ip=172.31.36.113)[0m + LD_LIBRARY_PATH=/usr/local/cuda/lib64:/usr/local/cuda/targets/x86_64-linux/lib:/usr/local/cuda/lib64:/usr/local/cuda/targets/x86_64-linux/lib:/usr/local/cuda-12.8/lib:/usr/local/cuda-12.8/lib64:/usr/local/cuda-12.8:/usr/local/cuda-12.8/targets/x86_64-linux/lib/:/usr/local/cuda-12.8/extras/CUPTI/lib64:/opt/amazon/efa/lib:/opt/amazon/openmpi/lib:/opt/amazon/ofi-nccl/lib/x86_64-linux-gnu:/usr/local/lib:/usr/lib:/usr/local/cuda-12.8/lib:/usr/local/cuda-12.8/lib64:/usr/local/cuda-12.8:/usr/local/cuda-12.8/targets/x86_64-linux/lib/:/usr/local/cuda-12.8/extras/CUPTI/lib64:/opt/amazon/efa/lib:/opt/amazon/openmpi/lib:/opt/amazon/ofi-nccl/lib/x86_64-linux-gnu:/usr/local/lib:/usr/lib
2026-03-25 12:52:14,898 - INFO - [36m(worker1, rank=1, pid=5444, ip=172.31.36.113)[0m + export NCCL_P2P_DISABLE=0
2026-03-25 12:52:14,898 - INFO - [36m(worker1, rank=1, pid=5444, ip=172.31.36.113)[0m + NCCL_P2P_DISABLE=0
2026-03-25 12:52:14,898 - INFO - [36m(worker1, rank=1, pid=5444, ip=172.31.36.113)[0m + export NCCL_TIMEOUT=3600
2026-03-25 12:52:14,898 - INFO - [36m(worker1, rank=1, pid=5444, ip=172.31.36.113)[0m + NCCL_TIMEOUT=3600
2026-03-25 12:52:14,898 - INFO - [36m(worker1, rank=1, pid=5444, ip=172.31.36.113)[0m + export TORCH_NCCL_BLOCKING_WAIT=1
2026-03-25 12:52:15,905 - INFO - [36m(worker1, rank=1, pid=5444, ip=172.31.36.113)[0m + TORCH_NCCL_BLOCKING_WAIT=1
2026-03-25 12:52:15,905 - INFO - [36m(worker1, rank=1, pid=5444, ip=172.31.36.113)[0m + export TORCH_NCCL_ASYNC_ERROR_HANDLING=1
2026-03-25 12:52:15,905 - INFO - [36m(worker1, rank=1, pid=5444, ip=172.31.36.113)[0m + TORCH_NCCL_ASYNC_ERROR_HANDLING=1
2026-03-25 12:52:15,905 - INFO - [36m(worker1, rank=1, pid=5444, ip=172.31.36.113)[0m + export TORCH_NCCL_TRACE_BUFFER_SIZE=10000
2026-03-25 12:52:15,905 - INFO - [36m(worker1, rank=1, pid=5444, ip=172.31.36.113)[0m + TORCH_NCCL_TRACE_BUFFER_SIZE=10000
2026-03-25 12:52:15,905 - INFO - [36m(worker1, rank=1, pid=5444, ip=172.31.36.113)[0m + export TORCH_DISTRIBUTED_DEBUG=DETAIL
2026-03-25 12:52:15,905 - INFO - [36m(worker1, rank=1, pid=5444, ip=172.31.36.113)[0m + TORCH_DISTRIBUTED_DEBUG=DETAIL
2026-03-25 12:52:15,905 - INFO - [36m(worker1, rank=1, pid=5444, ip=172.31.36.113)[0m + export NCCL_DEBUG=INFO
2026-03-25 12:52:15,905 - INFO - [36m(worker1, rank=1, pid=5444, ip=172.31.36.113)[0m + NCCL_DEBUG=INFO
2026-03-25 12:52:15,905 - INFO - [36m(worker1, rank=1, pid=5444, ip=172.31.36.113)[0m + export LD_LIBRARY_PATH=/opt/amazon/ofi-nccl/lib:/opt/amazon/efa/lib:/usr/local/cuda/lib64:/usr/local/cuda/targets/x86_64-linux/lib:/usr/local/cuda/lib64:/usr/local/cuda/targets/x86_64-linux/lib:/usr/local/cuda-12.8/lib:/usr/local/cuda-12.8/lib64:/usr/local/cuda-12.8:/usr/local/cuda-12.8/targets/x86_64-linux/lib/:/usr/local/cuda-12.8/extras/CUPTI/lib64:/opt/amazon/efa/lib:/opt/amazon/openmpi/lib:/opt/amazon/ofi-nccl/lib/x86_64-linux-gnu:/usr/local/lib:/usr/lib:/usr/local/cuda-12.8/lib:/usr/local/cuda-12.8/lib64:/usr/local/cuda-12.8:/usr/local/cuda-12.8/targets/x86_64-linux/lib/:/usr/local/cuda-12.8/extras/CUPTI/lib64:/opt/amazon/efa/lib:/opt/amazon/openmpi/lib:/opt/amazon/ofi-nccl/lib/x86_64-linux-gnu:/usr/local/lib:/usr/lib
2026-03-25 12:52:15,905 - INFO - [36m(worker1, rank=1, pid=5444, ip=172.31.36.113)[0m + LD_LIBRARY_PATH=/opt/amazon/ofi-nccl/lib:/opt/amazon/efa/lib:/usr/local/cuda/lib64:/usr/local/cuda/targets/x86_64-linux/lib:/usr/local/cuda/lib64:/usr/local/cuda/targets/x86_64-linux/lib:/usr/local/cuda-12.8/lib:/usr/local/cuda-12.8/lib64:/usr/local/cuda-12.8:/usr/local/cuda-12.8/targets/x86_64-linux/lib/:/usr/local/cuda-12.8/extras/CUPTI/lib64:/opt/amazon/efa/lib:/opt/amazon/openmpi/lib:/opt/amazon/ofi-nccl/lib/x86_64-linux-gnu:/usr/local/lib:/usr/lib:/usr/local/cuda-12.8/lib:/usr/local/cuda-12.8/lib64:/usr/local/cuda-12.8:/usr/local/cuda-12.8/targets/x86_64-linux/lib/:/usr/local/cuda-12.8/extras/CUPTI/lib64:/opt/amazon/efa/lib:/opt/amazon/openmpi/lib:/opt/amazon/ofi-nccl/lib/x86_64-linux-gnu:/usr/local/lib:/usr/lib
2026-03-25 12:52:15,905 - INFO - [36m(worker1, rank=1, pid=5444, ip=172.31.36.113)[0m + export NCCL_NET_PLUGIN=ofi
2026-03-25 12:52:15,905 - INFO - [36m(worker1, rank=1, pid=5444, ip=172.31.36.113)[0m + NCCL_NET_PLUGIN=ofi
2026-03-25 12:52:15,905 - INFO - [36m(worker1, rank=1, pid=5444, ip=172.31.36.113)[0m + export FI_EFA_USE_DEVICE_RDMA=1
2026-03-25 12:52:15,905 - INFO - [36m(worker1, rank=1, pid=5444, ip=172.31.36.113)[0m + FI_EFA_USE_DEVICE_RDMA=1
2026-03-25 12:52:15,905 - INFO - [36m(worker1, rank=1, pid=5444, ip=172.31.36.113)[0m + export FI_PROVIDER=efa
2026-03-25 12:52:15,905 - INFO - [36m(worker1, rank=1, pid=5444, ip=172.31.36.113)[0m + FI_PROVIDER=efa
2026-03-25 12:52:15,905 - INFO - [36m(worker1, rank=1, pid=5444, ip=172.31.36.113)[0m + export NCCL_DEBUG_SUBSYS=NET
2026-03-25 12:52:15,905 - INFO - [36m(worker1, rank=1, pid=5444, ip=172.31.36.113)[0m + NCCL_DEBUG_SUBSYS=NET
2026-03-25 12:52:15,905 - INFO - [36m(worker1, rank=1, pid=5444, ip=172.31.36.113)[0m + export 'RAY_CMD=uv run ray'
2026-03-25 12:52:15,905 - INFO - [36m(worker1, rank=1, pid=5444, ip=172.31.36.113)[0m + RAY_CMD='uv run ray'
2026-03-25 12:52:15,905 - INFO - [36m(worker1, rank=1, pid=5444, ip=172.31.36.113)[0m + export RAY_DASHBOARD_HOST=0.0.0.0
2026-03-25 12:52:15,905 - INFO - [36m(worker1, rank=1, pid=5444, ip=172.31.36.113)[0m + RAY_DASHBOARD_HOST=0.0.0.0
2026-03-25 12:52:15,905 - INFO - [36m(worker1, rank=1, pid=5444, ip=172.31.36.113)[0m + export RAY_HEAD_PORT=6379
2026-03-25 12:52:15,905 - INFO - [36m(worker1, rank=1, pid=5444, ip=172.31.36.113)[0m + RAY_HEAD_PORT=6379
2026-03-25 12:52:15,905 - INFO - [36m(worker1, rank=1, pid=5444, ip=172.31.36.113)[0m + export RAY_DASHBOARD_PORT=8265
2026-03-25 12:52:15,905 - INFO - [36m(worker1, rank=1, pid=5444, ip=172.31.36.113)[0m + RAY_DASHBOARD_PORT=8265
2026-03-25 12:52:15,905 - INFO - [36m(worker1, rank=1, pid=5444, ip=172.31.36.113)[0m + export RAY_CGRAPH_get_timeout=1800
2026-03-25 12:52:15,905 - INFO - [36m(worker1, rank=1, pid=5444, ip=172.31.36.113)[0m + RAY_CGRAPH_get_timeout=1800
2026-03-25 12:52:15,905 - INFO - [36m(worker1, rank=1, pid=5444, ip=172.31.36.113)[0m + export RAY_CGRAPH_submit_timeout=180
2026-03-25 12:52:15,905 - INFO - [36m(worker1, rank=1, pid=5444, ip=172.31.36.113)[0m + RAY_CGRAPH_submit_timeout=180
2026-03-25 12:52:15,905 - INFO - [36m(worker1, rank=1, pid=5444, ip=172.31.36.113)[0m + /home/ubuntu/sky_templates/ray/start_cluster
2026-03-25 12:52:15,905 - INFO - [36m(worker1, rank=1, pid=5444, ip=172.31.36.113)[0m [0;32mStarting Ray cluster...[0m
2026-03-25 12:52:15,905 - INFO - [36m(head, rank=0, pid=6900)[0m + echo '--- Installed torch packages ---'
2026-03-25 12:52:16,406 - INFO - [36m(head, rank=0, pid=6900)[0m --- Installed torch packages ---
2026-03-25 12:52:16,406 - INFO - [36m(head, rank=0, pid=6900)[0m + pip list
2026-03-25 12:52:16,406 - INFO - [36m(head, rank=0, pid=6900)[0m + grep --color=auto -i -E 'torch|nvidia|cuda|triton'
2026-03-25 12:52:16,406 - INFO - [36m(head, rank=0, pid=6900)[0m cuda-pathfinder                   1.5.0
2026-03-25 12:52:16,406 - INFO - [36m(head, rank=0, pid=6900)[0m cupy-cuda12x                      14.0.1
2026-03-25 12:52:16,406 - INFO - [36m(head, rank=0, pid=6900)[0m nvidia-cublas-cu12                12.6.4.1
2026-03-25 12:52:16,406 - INFO - [36m(head, rank=0, pid=6900)[0m nvidia-cuda-cupti-cu12            12.6.80
2026-03-25 12:52:16,406 - INFO - [36m(head, rank=0, pid=6900)[0m nvidia-cuda-nvrtc-cu12            12.6.77
2026-03-25 12:52:16,406 - INFO - [36m(head, rank=0, pid=6900)[0m nvidia-cuda-runtime-cu12          12.6.77
2026-03-25 12:52:16,407 - INFO - [36m(head, rank=0, pid=6900)[0m nvidia-cudnn-cu12                 9.5.1.17
2026-03-25 12:52:16,407 - INFO - [36m(head, rank=0, pid=6900)[0m nvidia-cufft-cu12                 11.3.0.4
2026-03-25 12:52:16,407 - INFO - [36m(head, rank=0, pid=6900)[0m nvidia-cufile-cu12                1.11.1.6
2026-03-25 12:52:16,407 - INFO - [36m(head, rank=0, pid=6900)[0m nvidia-curand-cu12                10.3.7.77
2026-03-25 12:52:16,407 - INFO - [36m(head, rank=0, pid=6900)[0m nvidia-cusolver-cu12              11.7.1.2
2026-03-25 12:52:16,407 - INFO - [36m(head, rank=0, pid=6900)[0m nvidia-cusparse-cu12              12.5.4.2
2026-03-25 12:52:16,407 - INFO - [36m(head, rank=0, pid=6900)[0m nvidia-cusparselt-cu12            0.6.3
2026-03-25 12:52:16,407 - INFO - [36m(head, rank=0, pid=6900)[0m nvidia-ml-py                      13.595.45
2026-03-25 12:52:16,407 - INFO - [36m(head, rank=0, pid=6900)[0m nvidia-nccl-cu12                  2.26.2
2026-03-25 12:52:16,407 - INFO - [36m(head, rank=0, pid=6900)[0m nvidia-nvjitlink-cu12             12.6.85
2026-03-25 12:52:16,407 - INFO - [36m(head, rank=0, pid=6900)[0m nvidia-nvtx-cu12                  12.6.77
2026-03-25 12:52:16,407 - INFO - [36m(head, rank=0, pid=6900)[0m torch                             2.7.1
2026-03-25 12:52:16,407 - INFO - [36m(head, rank=0, pid=6900)[0m torchaudio                        2.7.1
2026-03-25 12:52:16,407 - INFO - [36m(head, rank=0, pid=6900)[0m torchvision                       0.22.1
2026-03-25 12:52:16,407 - INFO - [36m(head, rank=0, pid=6900)[0m triton                            3.3.1
2026-03-25 12:52:16,407 - INFO - [36m(head, rank=0, pid=6900)[0m + echo =========================================
2026-03-25 12:52:16,407 - INFO - [36m(head, rank=0, pid=6900)[0m =========================================
2026-03-25 12:52:16,407 - INFO - [36m(head, rank=0, pid=6900)[0m + export LD_LIBRARY_PATH=/usr/local/cuda/lib64:/usr/local/cuda/targets/x86_64-linux/lib:/usr/local/cuda/lib64:/usr/local/cuda/targets/x86_64-linux/lib:/usr/local/cuda-12.8/lib:/usr/local/cuda-12.8/lib64:/usr/local/cuda-12.8:/usr/local/cuda-12.8/targets/x86_64-linux/lib/:/usr/local/cuda-12.8/extras/CUPTI/lib64:/opt/amazon/efa/lib:/opt/amazon/openmpi/lib:/opt/amazon/ofi-nccl/lib/x86_64-linux-gnu:/usr/local/lib:/usr/lib:/usr/local/cuda-12.8/lib:/usr/local/cuda-12.8/lib64:/usr/local/cuda-12.8:/usr/local/cuda-12.8/targets/x86_64-linux/lib/:/usr/local/cuda-12.8/extras/CUPTI/lib64:/opt/amazon/efa/lib:/opt/amazon/openmpi/lib:/opt/amazon/ofi-nccl/lib/x86_64-linux-gnu:/usr/local/lib:/usr/lib
2026-03-25 12:52:16,407 - INFO - [36m(head, rank=0, pid=6900)[0m + LD_LIBRARY_PATH=/usr/local/cuda/lib64:/usr/local/cuda/targets/x86_64-linux/lib:/usr/local/cuda/lib64:/usr/local/cuda/targets/x86_64-linux/lib:/usr/local/cuda-12.8/lib:/usr/local/cuda-12.8/lib64:/usr/local/cuda-12.8:/usr/local/cuda-12.8/targets/x86_64-linux/lib/:/usr/local/cuda-12.8/extras/CUPTI/lib64:/opt/amazon/efa/lib:/opt/amazon/openmpi/lib:/opt/amazon/ofi-nccl/lib/x86_64-linux-gnu:/usr/local/lib:/usr/lib:/usr/local/cuda-12.8/lib:/usr/local/cuda-12.8/lib64:/usr/local/cuda-12.8:/usr/local/cuda-12.8/targets/x86_64-linux/lib/:/usr/local/cuda-12.8/extras/CUPTI/lib64:/opt/amazon/efa/lib:/opt/amazon/openmpi/lib:/opt/amazon/ofi-nccl/lib/x86_64-linux-gnu:/usr/local/lib:/usr/lib
2026-03-25 12:52:16,407 - INFO - [36m(head, rank=0, pid=6900)[0m + export NCCL_P2P_DISABLE=0
2026-03-25 12:52:16,407 - INFO - [36m(head, rank=0, pid=6900)[0m + NCCL_P2P_DISABLE=0
2026-03-25 12:52:16,407 - INFO - [36m(head, rank=0, pid=6900)[0m + export NCCL_TIMEOUT=3600
2026-03-25 12:52:16,407 - INFO - [36m(head, rank=0, pid=6900)[0m + NCCL_TIMEOUT=3600
2026-03-25 12:52:16,407 - INFO - [36m(head, rank=0, pid=6900)[0m + export TORCH_NCCL_BLOCKING_WAIT=1
2026-03-25 12:52:16,407 - INFO - [36m(head, rank=0, pid=6900)[0m + TORCH_NCCL_BLOCKING_WAIT=1
2026-03-25 12:52:16,407 - INFO - [36m(head, rank=0, pid=6900)[0m + export TORCH_NCCL_ASYNC_ERROR_HANDLING=1
2026-03-25 12:52:16,407 - INFO - [36m(head, rank=0, pid=6900)[0m + TORCH_NCCL_ASYNC_ERROR_HANDLING=1
2026-03-25 12:52:16,407 - INFO - [36m(head, rank=0, pid=6900)[0m + export TORCH_NCCL_TRACE_BUFFER_SIZE=10000
2026-03-25 12:52:16,407 - INFO - [36m(head, rank=0, pid=6900)[0m + TORCH_NCCL_TRACE_BUFFER_SIZE=10000
2026-03-25 12:52:16,407 - INFO - [36m(head, rank=0, pid=6900)[0m + export TORCH_DISTRIBUTED_DEBUG=DETAIL
2026-03-25 12:52:16,407 - INFO - [36m(head, rank=0, pid=6900)[0m + TORCH_DISTRIBUTED_DEBUG=DETAIL
2026-03-25 12:52:16,407 - INFO - [36m(head, rank=0, pid=6900)[0m + export NCCL_DEBUG=INFO
2026-03-25 12:52:16,407 - INFO - [36m(head, rank=0, pid=6900)[0m + NCCL_DEBUG=INFO
2026-03-25 12:52:16,407 - INFO - [36m(head, rank=0, pid=6900)[0m + export LD_LIBRARY_PATH=/opt/amazon/ofi-nccl/lib:/opt/amazon/efa/lib:/usr/local/cuda/lib64:/usr/local/cuda/targets/x86_64-linux/lib:/usr/local/cuda/lib64:/usr/local/cuda/targets/x86_64-linux/lib:/usr/local/cuda-12.8/lib:/usr/local/cuda-12.8/lib64:/usr/local/cuda-12.8:/usr/local/cuda-12.8/targets/x86_64-linux/lib/:/usr/local/cuda-12.8/extras/CUPTI/lib64:/opt/amazon/efa/lib:/opt/amazon/openmpi/lib:/opt/amazon/ofi-nccl/lib/x86_64-linux-gnu:/usr/local/lib:/usr/lib:/usr/local/cuda-12.8/lib:/usr/local/cuda-12.8/lib64:/usr/local/cuda-12.8:/usr/local/cuda-12.8/targets/x86_64-linux/lib/:/usr/local/cuda-12.8/extras/CUPTI/lib64:/opt/amazon/efa/lib:/opt/amazon/openmpi/lib:/opt/amazon/ofi-nccl/lib/x86_64-linux-gnu:/usr/local/lib:/usr/lib
2026-03-25 12:52:16,407 - INFO - [36m(head, rank=0, pid=6900)[0m + LD_LIBRARY_PATH=/opt/amazon/ofi-nccl/lib:/opt/amazon/efa/lib:/usr/local/cuda/lib64:/usr/local/cuda/targets/x86_64-linux/lib:/usr/local/cuda/lib64:/usr/local/cuda/targets/x86_64-linux/lib:/usr/local/cuda-12.8/lib:/usr/local/cuda-12.8/lib64:/usr/local/cuda-12.8:/usr/local/cuda-12.8/targets/x86_64-linux/lib/:/usr/local/cuda-12.8/extras/CUPTI/lib64:/opt/amazon/efa/lib:/opt/amazon/openmpi/lib:/opt/amazon/ofi-nccl/lib/x86_64-linux-gnu:/usr/local/lib:/usr/lib:/usr/local/cuda-12.8/lib:/usr/local/cuda-12.8/lib64:/usr/local/cuda-12.8:/usr/local/cuda-12.8/targets/x86_64-linux/lib/:/usr/local/cuda-12.8/extras/CUPTI/lib64:/opt/amazon/efa/lib:/opt/amazon/openmpi/lib:/opt/amazon/ofi-nccl/lib/x86_64-linux-gnu:/usr/local/lib:/usr/lib
2026-03-25 12:52:16,407 - INFO - [36m(head, rank=0, pid=6900)[0m + export NCCL_NET_PLUGIN=ofi
2026-03-25 12:52:16,407 - INFO - [36m(head, rank=0, pid=6900)[0m + NCCL_NET_PLUGIN=ofi
2026-03-25 12:52:16,407 - INFO - [36m(head, rank=0, pid=6900)[0m + export FI_EFA_USE_DEVICE_RDMA=1
2026-03-25 12:52:16,407 - INFO - [36m(head, rank=0, pid=6900)[0m + FI_EFA_USE_DEVICE_RDMA=1
2026-03-25 12:52:16,407 - INFO - [36m(head, rank=0, pid=6900)[0m + export FI_PROVIDER=efa
2026-03-25 12:52:16,407 - INFO - [36m(head, rank=0, pid=6900)[0m + FI_PROVIDER=efa
2026-03-25 12:52:16,407 - INFO - [36m(head, rank=0, pid=6900)[0m + export NCCL_DEBUG_SUBSYS=NET
2026-03-25 12:52:16,407 - INFO - [36m(head, rank=0, pid=6900)[0m + NCCL_DEBUG_SUBSYS=NET
2026-03-25 12:52:16,407 - INFO - [36m(head, rank=0, pid=6900)[0m + export 'RAY_CMD=uv run ray'
2026-03-25 12:52:16,407 - INFO - [36m(head, rank=0, pid=6900)[0m + RAY_CMD='uv run ray'
2026-03-25 12:52:16,407 - INFO - [36m(head, rank=0, pid=6900)[0m + export RAY_DASHBOARD_HOST=0.0.0.0
2026-03-25 12:52:16,407 - INFO - [36m(head, rank=0, pid=6900)[0m + RAY_DASHBOARD_HOST=0.0.0.0
2026-03-25 12:52:16,407 - INFO - [36m(head, rank=0, pid=6900)[0m + export RAY_HEAD_PORT=6379
2026-03-25 12:52:16,407 - INFO - [36m(head, rank=0, pid=6900)[0m + RAY_HEAD_PORT=6379
2026-03-25 12:52:16,407 - INFO - [36m(head, rank=0, pid=6900)[0m + export RAY_DASHBOARD_PORT=8265
2026-03-25 12:52:16,407 - INFO - [36m(head, rank=0, pid=6900)[0m + RAY_DASHBOARD_PORT=8265
2026-03-25 12:52:16,407 - INFO - [36m(head, rank=0, pid=6900)[0m + export RAY_CGRAPH_get_timeout=1800
2026-03-25 12:52:16,407 - INFO - [36m(head, rank=0, pid=6900)[0m + RAY_CGRAPH_get_timeout=1800
2026-03-25 12:52:16,407 - INFO - [36m(head, rank=0, pid=6900)[0m + export RAY_CGRAPH_submit_timeout=180
2026-03-25 12:52:16,407 - INFO - [36m(head, rank=0, pid=6900)[0m + RAY_CGRAPH_submit_timeout=180
2026-03-25 12:52:16,407 - INFO - [36m(head, rank=0, pid=6900)[0m + /home/ubuntu/sky_templates/ray/start_cluster
2026-03-25 12:52:16,407 - INFO - [36m(head, rank=0, pid=6900)[0m [0;32mStarting Ray cluster...[0m
2026-03-25 12:52:16,407 - INFO - [36m(worker1, rank=1, pid=5444, ip=172.31.36.113)[0m Resolved 59 packages in 163ms
2026-03-25 12:52:17,010 - INFO - [36m(worker1, rank=1, pid=5444, ip=172.31.36.113)[0m Downloading cryptography (4.3MiB)
2026-03-25 12:52:17,010 - INFO - [36m(worker1, rank=1, pid=5444, ip=172.31.36.113)[0m Downloading grpcio (6.4MiB)
2026-03-25 12:52:17,010 - INFO - [36m(worker1, rank=1, pid=5444, ip=172.31.36.113)[0m  Downloaded grpcio
2026-03-25 12:52:17,616 - INFO - [36m(worker1, rank=1, pid=5444, ip=172.31.36.113)[0m  Downloaded cryptography
2026-03-25 12:52:17,617 - INFO - [36m(worker1, rank=1, pid=5444, ip=172.31.36.113)[0m Prepared 14 packages in 179ms
2026-03-25 12:52:17,617 - INFO - [36m(worker1, rank=1, pid=5444, ip=172.31.36.113)[0m Uninstalled 2 packages in 1ms
2026-03-25 12:52:17,617 - INFO - [36m(worker1, rank=1, pid=5444, ip=172.31.36.113)[0m Installed 28 packages in 27ms
2026-03-25 12:52:17,617 - INFO - [36m(worker1, rank=1, pid=5444, ip=172.31.36.113)[0m  + aiohttp-cors==0.8.1
2026-03-25 12:52:17,617 - INFO - [36m(worker1, rank=1, pid=5444, ip=172.31.36.113)[0m  - click==8.3.1
2026-03-25 12:52:17,617 - INFO - [36m(worker1, rank=1, pid=5444, ip=172.31.36.113)[0m  + click==8.2.1
2026-03-25 12:52:17,617 - INFO - [36m(worker1, rank=1, pid=5444, ip=172.31.36.113)[0m  + colorful==0.5.8
2026-03-25 12:52:17,617 - INFO - [36m(worker1, rank=1, pid=5444, ip=172.31.36.113)[0m  + cryptography==46.0.5
2026-03-25 12:52:17,617 - INFO - [36m(worker1, rank=1, pid=5444, ip=172.31.36.113)[0m  + distlib==0.4.0
2026-03-25 12:52:17,617 - INFO - [36m(worker1, rank=1, pid=5444, ip=172.31.36.113)[0m  + google-api-core==2.30.0
2026-03-25 12:52:17,617 - INFO - [36m(worker1, rank=1, pid=5444, ip=172.31.36.113)[0m  + google-auth==2.49.1
2026-03-25 12:52:17,617 - INFO - [36m(worker1, rank=1, pid=5444, ip=172.31.36.113)[0m  + googleapis-common-protos==1.73.0
2026-03-25 12:52:17,617 - INFO - [36m(worker1, rank=1, pid=5444, ip=172.31.36.113)[0m  + grpcio==1.78.0
2026-03-25 12:52:17,617 - INFO - [36m(worker1, rank=1, pid=5444, ip=172.31.36.113)[0m  + importlib-metadata==8.7.1
2026-03-25 12:52:17,617 - INFO - [36m(worker1, rank=1, pid=5444, ip=172.31.36.113)[0m  + opencensus==0.11.4
2026-03-25 12:52:17,617 - INFO - [36m(worker1, rank=1, pid=5444, ip=172.31.36.113)[0m  + opencensus-context==0.1.3
2026-03-25 12:52:17,617 - INFO - [36m(worker1, rank=1, pid=5444, ip=172.31.36.113)[0m  + opentelemetry-api==1.40.0
2026-03-25 12:52:17,617 - INFO - [36m(worker1, rank=1, pid=5444, ip=172.31.36.113)[0m  + opentelemetry-exporter-prometheus==0.61b0
2026-03-25 12:52:17,617 - INFO - [36m(worker1, rank=1, pid=5444, ip=172.31.36.113)[0m  + opentelemetry-proto==1.40.0
2026-03-25 12:52:17,617 - INFO - [36m(worker1, rank=1, pid=5444, ip=172.31.36.113)[0m  + opentelemetry-sdk==1.40.0
2026-03-25 12:52:17,617 - INFO - [36m(worker1, rank=1, pid=5444, ip=172.31.36.113)[0m  + opentelemetry-semantic-conventions==0.61b0
2026-03-25 12:52:17,617 - INFO - [36m(worker1, rank=1, pid=5444, ip=172.31.36.113)[0m  + platformdirs==4.9.4
2026-03-25 12:52:17,617 - INFO - [36m(worker1, rank=1, pid=5444, ip=172.31.36.113)[0m  + proto-plus==1.27.1
2026-03-25 12:52:17,617 - INFO - [36m(worker1, rank=1, pid=5444, ip=172.31.36.113)[0m  - protobuf==7.34.1
2026-03-25 12:52:17,617 - INFO - [36m(worker1, rank=1, pid=5444, ip=172.31.36.113)[0m  + protobuf==6.33.6
2026-03-25 12:52:17,617 - INFO - [36m(worker1, rank=1, pid=5444, ip=172.31.36.113)[0m  + py-spy==0.4.1
2026-03-25 12:52:17,617 - INFO - [36m(worker1, rank=1, pid=5444, ip=172.31.36.113)[0m  + pyasn1==0.6.3
2026-03-25 12:52:17,617 - INFO - [36m(worker1, rank=1, pid=5444, ip=172.31.36.113)[0m  + pyasn1-modules==0.4.2
2026-03-25 12:52:17,617 - INFO - [36m(worker1, rank=1, pid=5444, ip=172.31.36.113)[0m  + python-discovery==1.2.0
2026-03-25 12:52:17,617 - INFO - [36m(worker1, rank=1, pid=5444, ip=172.31.36.113)[0m  + smart-open==7.5.1
2026-03-25 12:52:17,617 - INFO - [36m(worker1, rank=1, pid=5444, ip=172.31.36.113)[0m  + virtualenv==21.2.0
2026-03-25 12:52:17,617 - INFO - [36m(worker1, rank=1, pid=5444, ip=172.31.36.113)[0m  + wrapt==2.1.2
2026-03-25 12:52:17,617 - INFO - [36m(worker1, rank=1, pid=5444, ip=172.31.36.113)[0m  + zipp==3.23.0
2026-03-25 12:52:17,617 - INFO - [36m(head, rank=0, pid=6900)[0m Resolved 59 packages in 240ms
2026-03-25 12:52:18,219 - INFO - [36m(head, rank=0, pid=6900)[0m Downloading cryptography (4.3MiB)
2026-03-25 12:52:18,219 - INFO - [36m(head, rank=0, pid=6900)[0m Downloading grpcio (6.4MiB)
2026-03-25 12:52:18,219 - INFO - [36m(head, rank=0, pid=6900)[0m  Downloaded grpcio
2026-03-25 12:52:20,334 - INFO - [36m(head, rank=0, pid=6900)[0m  Downloaded cryptography
2026-03-25 12:52:20,334 - INFO - [36m(head, rank=0, pid=6900)[0m Prepared 14 packages in 229ms
2026-03-25 12:52:20,334 - INFO - [36m(head, rank=0, pid=6900)[0m Uninstalled 2 packages in 1ms
2026-03-25 12:52:20,334 - INFO - [36m(head, rank=0, pid=6900)[0m Installed 28 packages in 38ms
2026-03-25 12:52:20,334 - INFO - [36m(head, rank=0, pid=6900)[0m  + aiohttp-cors==0.8.1
2026-03-25 12:52:20,334 - INFO - [36m(head, rank=0, pid=6900)[0m  - click==8.3.1
2026-03-25 12:52:20,334 - INFO - [36m(head, rank=0, pid=6900)[0m  + click==8.2.1
2026-03-25 12:52:20,334 - INFO - [36m(head, rank=0, pid=6900)[0m  + colorful==0.5.8
2026-03-25 12:52:20,334 - INFO - [36m(head, rank=0, pid=6900)[0m  + cryptography==46.0.5
2026-03-25 12:52:20,334 - INFO - [36m(head, rank=0, pid=6900)[0m  + distlib==0.4.0
2026-03-25 12:52:20,334 - INFO - [36m(head, rank=0, pid=6900)[0m  + google-api-core==2.30.0
2026-03-25 12:52:20,334 - INFO - [36m(head, rank=0, pid=6900)[0m  + google-auth==2.49.1
2026-03-25 12:52:20,334 - INFO - [36m(head, rank=0, pid=6900)[0m  + googleapis-common-protos==1.73.0
2026-03-25 12:52:20,334 - INFO - [36m(head, rank=0, pid=6900)[0m  + grpcio==1.78.0
2026-03-25 12:52:20,334 - INFO - [36m(head, rank=0, pid=6900)[0m  + importlib-metadata==8.7.1
2026-03-25 12:52:20,334 - INFO - [36m(head, rank=0, pid=6900)[0m  + opencensus==0.11.4
2026-03-25 12:52:20,334 - INFO - [36m(head, rank=0, pid=6900)[0m  + opencensus-context==0.1.3
2026-03-25 12:52:20,334 - INFO - [36m(head, rank=0, pid=6900)[0m  + opentelemetry-api==1.40.0
2026-03-25 12:52:20,334 - INFO - [36m(head, rank=0, pid=6900)[0m  + opentelemetry-exporter-prometheus==0.61b0
2026-03-25 12:52:20,334 - INFO - [36m(head, rank=0, pid=6900)[0m  + opentelemetry-proto==1.40.0
2026-03-25 12:52:20,334 - INFO - [36m(head, rank=0, pid=6900)[0m  + opentelemetry-sdk==1.40.0
2026-03-25 12:52:20,334 - INFO - [36m(head, rank=0, pid=6900)[0m  + opentelemetry-semantic-conventions==0.61b0
2026-03-25 12:52:20,334 - INFO - [36m(head, rank=0, pid=6900)[0m  + platformdirs==4.9.4
2026-03-25 12:52:20,334 - INFO - [36m(head, rank=0, pid=6900)[0m  + proto-plus==1.27.1
2026-03-25 12:52:20,334 - INFO - [36m(head, rank=0, pid=6900)[0m  - protobuf==7.34.1
2026-03-25 12:52:20,334 - INFO - [36m(head, rank=0, pid=6900)[0m  + protobuf==6.33.6
2026-03-25 12:52:20,334 - INFO - [36m(head, rank=0, pid=6900)[0m  + py-spy==0.4.1
2026-03-25 12:52:20,334 - INFO - [36m(head, rank=0, pid=6900)[0m  + pyasn1==0.6.3
2026-03-25 12:52:20,334 - INFO - [36m(head, rank=0, pid=6900)[0m  + pyasn1-modules==0.4.2
2026-03-25 12:52:20,334 - INFO - [36m(head, rank=0, pid=6900)[0m  + python-discovery==1.2.0
2026-03-25 12:52:20,334 - INFO - [36m(head, rank=0, pid=6900)[0m  + smart-open==7.5.1
2026-03-25 12:52:20,334 - INFO - [36m(head, rank=0, pid=6900)[0m  + virtualenv==21.2.0
2026-03-25 12:52:20,334 - INFO - [36m(head, rank=0, pid=6900)[0m  + wrapt==2.1.2
2026-03-25 12:52:20,334 - INFO - [36m(head, rank=0, pid=6900)[0m  + zipp==3.23.0
2026-03-25 12:52:20,334 - INFO - [36m(worker1, rank=1, pid=5444, ip=172.31.36.113)[0m [0;32mRay 2.54.0 is installed.[0m
2026-03-25 12:52:21,842 - INFO - [36m(head, rank=0, pid=6900)[0m [0;32mRay 2.54.0 is installed.[0m
2026-03-25 12:52:56,856 - INFO - [36m(worker1, rank=1, pid=5444, ip=172.31.36.113)[0m [0;32mStarting Ray worker node...[0m
2026-03-25 12:52:58,162 - INFO - [36m(worker1, rank=1, pid=5444, ip=172.31.36.113)[0m Waiting for head node at 172.31.37.6:6379...
2026-03-25 12:52:58,162 - INFO - [36m(head, rank=0, pid=6900)[0m [0;32mStarting Ray head node...[0m
2026-03-25 12:52:59,366 - INFO - [36m(head, rank=0, pid=6900)[0m 2026-03-25 07:22:58,964	INFO usage_lib.py:447 -- Usage stats collection is disabled.
2026-03-25 12:53:00,776 - INFO - [36m(head, rank=0, pid=6900)[0m 2026-03-25 07:22:58,964	INFO scripts.py:936 -- [37mLocal node IP[39m: [1m172.31.37.6[22m
2026-03-25 12:53:00,776 - INFO - [36m(worker1, rank=1, pid=5444, ip=172.31.36.113)[0m Head node not healthy yet. Retrying in 1s...
2026-03-25 12:53:03,187 - INFO - [36m(worker1, rank=1, pid=5444, ip=172.31.36.113)[0m [0;32mHead node is healthy. Starting worker node...[0m
2026-03-25 12:53:04,395 - INFO - [36m(worker1, rank=1, pid=5444, ip=172.31.36.113)[0m 2026-03-25 07:23:03,921	INFO scripts.py:1124 -- [37mLocal node IP[39m: [1m172.31.36.113[22m
2026-03-25 12:53:10,630 - INFO - [36m(head, rank=0, pid=6900)[0m 2026-03-25 07:23:10,322	SUCC scripts.py:975 -- [32m--------------------[39m
2026-03-25 12:53:12,344 - INFO - [36m(head, rank=0, pid=6900)[0m 2026-03-25 07:23:10,322	SUCC scripts.py:976 -- [32mRay runtime started.[39m
2026-03-25 12:53:12,344 - INFO - [36m(head, rank=0, pid=6900)[0m 2026-03-25 07:23:10,322	SUCC scripts.py:977 -- [32m--------------------[39m
2026-03-25 12:53:12,344 - INFO - [36m(head, rank=0, pid=6900)[0m 2026-03-25 07:23:10,322	INFO scripts.py:979 -- [36mNext steps[39m
2026-03-25 12:53:12,344 - INFO - [36m(head, rank=0, pid=6900)[0m 2026-03-25 07:23:10,322	INFO scripts.py:982 -- To add another node to this Ray cluster, run
2026-03-25 12:53:12,344 - INFO - [36m(head, rank=0, pid=6900)[0m 2026-03-25 07:23:10,322	INFO scripts.py:985 -- [1m  ray start --address='172.31.37.6:6379'[22m
2026-03-25 12:53:12,344 - INFO - [36m(head, rank=0, pid=6900)[0m 2026-03-25 07:23:10,322	INFO scripts.py:996 -- To connect to this Ray cluster:
2026-03-25 12:53:12,345 - INFO - [36m(head, rank=0, pid=6900)[0m 2026-03-25 07:23:10,322	INFO scripts.py:998 -- [35mimport[39m[26m ray
2026-03-25 12:53:12,345 - INFO - [36m(head, rank=0, pid=6900)[0m 2026-03-25 07:23:10,322	INFO scripts.py:999 -- ray[35m.[39m[26minit()
2026-03-25 12:53:12,345 - INFO - [36m(head, rank=0, pid=6900)[0m 2026-03-25 07:23:10,322	INFO scripts.py:1013 -- To submit a Ray job using the Ray Jobs CLI:
2026-03-25 12:53:12,345 - INFO - [36m(head, rank=0, pid=6900)[0m 2026-03-25 07:23:10,322	INFO scripts.py:1014 -- [1m  RAY_API_SERVER_ADDRESS='http://172.31.37.6:8265' ray job submit --working-dir . -- python my_script.py[22m
2026-03-25 12:53:12,345 - INFO - [36m(head, rank=0, pid=6900)[0m 2026-03-25 07:23:10,322	INFO scripts.py:1023 -- See https://docs.ray.io/en/latest/cluster/running-applications/job-submission/index.html
2026-03-25 12:53:12,345 - INFO - [36m(head, rank=0, pid=6900)[0m 2026-03-25 07:23:10,322	INFO scripts.py:1027 -- for more information on submitting Ray jobs to the Ray cluster.
2026-03-25 12:53:12,345 - INFO - [36m(head, rank=0, pid=6900)[0m 2026-03-25 07:23:10,322	INFO scripts.py:1032 -- To terminate the Ray runtime, run
2026-03-25 12:53:12,345 - INFO - [36m(head, rank=0, pid=6900)[0m 2026-03-25 07:23:10,322	INFO scripts.py:1033 -- [1m  ray stop[22m
2026-03-25 12:53:12,345 - INFO - [36m(head, rank=0, pid=6900)[0m 2026-03-25 07:23:10,322	INFO scripts.py:1036 -- To view the status of the cluster, use
2026-03-25 12:53:12,345 - INFO - [36m(head, rank=0, pid=6900)[0m 2026-03-25 07:23:10,323	INFO scripts.py:1037 --   [1mray status[22m[26m
2026-03-25 12:53:12,345 - INFO - [36m(head, rank=0, pid=6900)[0m 2026-03-25 07:23:10,323	INFO scripts.py:1041 -- To monitor and debug Ray, view the dashboard at
2026-03-25 12:53:12,345 - INFO - [36m(head, rank=0, pid=6900)[0m 2026-03-25 07:23:10,323	INFO scripts.py:1042 --   [1m172.31.37.6:8265[22m[26m
2026-03-25 12:53:12,345 - INFO - [36m(head, rank=0, pid=6900)[0m 2026-03-25 07:23:10,323	INFO scripts.py:1049 -- [4mIf connection to the dashboard fails, check your firewall settings and network configuration.[24m
2026-03-25 12:53:12,345 - INFO - [36m(head, rank=0, pid=6900)[0m [0;32mHead node started successfully.[0m
2026-03-25 12:53:13,349 - INFO - [36m(head, rank=0, pid=6900)[0m Waiting for all 2 nodes to join...
2026-03-25 12:53:13,349 - INFO - [36m(worker1, rank=1, pid=5444, ip=172.31.36.113)[0m 2026-03-25 07:23:12,255	SUCC scripts.py:1140 -- [32m--------------------[39m
2026-03-25 12:53:13,951 - INFO - [36m(worker1, rank=1, pid=5444, ip=172.31.36.113)[0m 2026-03-25 07:23:12,255	SUCC scripts.py:1141 -- [32mRay runtime started.[39m
2026-03-25 12:53:13,951 - INFO - [36m(worker1, rank=1, pid=5444, ip=172.31.36.113)[0m 2026-03-25 07:23:12,255	SUCC scripts.py:1142 -- [32m--------------------[39m
2026-03-25 12:53:13,951 - INFO - [36m(worker1, rank=1, pid=5444, ip=172.31.36.113)[0m 2026-03-25 07:23:12,255	INFO scripts.py:1144 -- To terminate the Ray runtime, run
2026-03-25 12:53:13,951 - INFO - [36m(worker1, rank=1, pid=5444, ip=172.31.36.113)[0m 2026-03-25 07:23:12,255	INFO scripts.py:1145 -- [1m  ray stop[22m
2026-03-25 12:53:13,951 - INFO - [36m(worker1, rank=1, pid=5444, ip=172.31.36.113)[0m [0;32mWorker node started successfully.[0m
2026-03-25 12:53:13,951 - INFO - [36m(head, rank=0, pid=6900)[0m [0;32mAll 2 nodes have joined.[0m
2026-03-25 12:53:17,981 - INFO - [36m(worker1, rank=1, pid=5444, ip=172.31.36.113)[0m + '[' 1 = 0 ']'
2026-03-25 12:53:18,784 - INFO - [36m(worker1, rank=1, pid=5444, ip=172.31.36.113)[0m + echo 'Cluster ready for benchmarking'
2026-03-25 12:53:18,784 - INFO - [36m(worker1, rank=1, pid=5444, ip=172.31.36.113)[0m Cluster ready for benchmarking
2026-03-25 12:53:18,784 - INFO - [36m(worker1, rank=1, pid=5444, ip=172.31.36.113)[0m ++ findmnt -t fuse.rclone --noheading
2026-03-25 12:53:18,784 - INFO - [36m(worker1, rank=1, pid=5444, ip=172.31.36.113)[0m ++ wc -l
2026-03-25 12:53:18,784 - INFO - [36m(worker1, rank=1, pid=5444, ip=172.31.36.113)[0m + '[' 0 -gt 0 ']'
2026-03-25 12:53:18,785 - INFO - [36m(head, rank=0, pid=6900)[0m + '[' 0 = 0 ']'
2026-03-25 12:53:19,891 - INFO - [36m(head, rank=0, pid=6900)[0m + echo 'Ray cluster started on head node'
2026-03-25 12:53:19,891 - INFO - [36m(head, rank=0, pid=6900)[0m Ray cluster started on head node
2026-03-25 12:53:19,891 - INFO - [36m(head, rank=0, pid=6900)[0m + ray status --address=127.0.0.1:6379
2026-03-25 12:53:19,891 - INFO - [36m(head, rank=0, pid=6900)[0m ======== Autoscaler status: 2026-03-25 07:23:15.686595 ========
2026-03-25 12:53:20,497 - INFO - [36m(head, rank=0, pid=6900)[0m Node status
2026-03-25 12:53:20,497 - INFO - [36m(head, rank=0, pid=6900)[0m ---------------------------------------------------------------
2026-03-25 12:53:20,497 - INFO - [36m(head, rank=0, pid=6900)[0m Active:
2026-03-25 12:53:20,497 - INFO - [36m(head, rank=0, pid=6900)[0m  1 node_b78c9d9a0cbbf8f3b0acaea606735a3d4715b0901beea3ba8860bce7
2026-03-25 12:53:20,497 - INFO - [36m(head, rank=0, pid=6900)[0m  1 node_e5629296e2d0f017924466f3311c74dca29aa610eb7565640aef6dcd
2026-03-25 12:53:20,497 - INFO - [36m(head, rank=0, pid=6900)[0m Pending:
2026-03-25 12:53:20,497 - INFO - [36m(head, rank=0, pid=6900)[0m  (no pending nodes)
2026-03-25 12:53:20,497 - INFO - [36m(head, rank=0, pid=6900)[0m Recent failures:
2026-03-25 12:53:20,497 - INFO - [36m(head, rank=0, pid=6900)[0m  (no failures)
2026-03-25 12:53:20,497 - INFO - [36m(head, rank=0, pid=6900)[0m
2026-03-25 12:53:20,497 - INFO - [36m(head, rank=0, pid=6900)[0m Resources
2026-03-25 12:53:20,497 - INFO - [36m(head, rank=0, pid=6900)[0m ---------------------------------------------------------------
2026-03-25 12:53:20,497 - INFO - [36m(head, rank=0, pid=6900)[0m Total Usage:
2026-03-25 12:53:20,498 - INFO - [36m(head, rank=0, pid=6900)[0m  0.0/192.0 CPU
2026-03-25 12:53:20,498 - INFO - [36m(head, rank=0, pid=6900)[0m  0.0/16.0 GPU
2026-03-25 12:53:20,498 - INFO - [36m(head, rank=0, pid=6900)[0m  0B/1.75TiB memory
2026-03-25 12:53:20,498 - INFO - [36m(head, rank=0, pid=6900)[0m  0B/372.53GiB object_store_memory
2026-03-25 12:53:20,498 - INFO - [36m(head, rank=0, pid=6900)[0m
2026-03-25 12:53:20,498 - INFO - [36m(head, rank=0, pid=6900)[0m From request_resources:
2026-03-25 12:53:20,498 - INFO - [36m(head, rank=0, pid=6900)[0m  (none)
2026-03-25 12:53:20,498 - INFO - [36m(head, rank=0, pid=6900)[0m Pending Demands:
2026-03-25 12:53:20,498 - INFO - [36m(head, rank=0, pid=6900)[0m  (no resource demands)
2026-03-25 12:53:20,498 - INFO - [36m(head, rank=0, pid=6900)[0m + PYTHONHASHSEED=0
2026-03-25 12:53:21,503 - INFO - [36m(head, rank=0, pid=6900)[0m + python roofline_benchmarks/benchmark_rf-qwen3-32b-tp8pp2-A100-80gb.py
2026-03-25 12:53:21,504 - INFO - [36m(head, rank=0, pid=6900)[0m 🚀 Starting vLLM server: /home/ubuntu/sky_workdir/.venv/bin/python -m vllm.entrypoints.openai.api_server --model Qwen/Qwen3-32B --tensor-parallel-size 8 --pipeline-parallel-size 2 --max-model-len 18432 --gpu-memory-utilization 0.85 --enforce-eager --no-enable-prefix-caching --disable-log-requests --port 8000 --distributed-executor-backend ray
2026-03-25 12:55:31,762 - INFO - [36m(head, rank=0, pid=6900)[0m ⏳ Waiting for server health (timeout=1800s)...
2026-03-25 12:55:31,762 - INFO - [36m(head, rank=0, pid=6900)[0m ✅ Server healthy after 130.0s
2026-03-25 12:55:33,175 - INFO - [36m(head, rank=0, pid=6900)[0m 📊 Parsed from server log: KV cache=4089872 tokens, num_gpu_blocks=255617, block_size=16
2026-03-25 12:55:33,175 - INFO - [36m(head, rank=0, pid=6900)[0m 📊 target_concurrency = 221 (255617 blocks × 16 / 18432)
2026-03-25 12:55:33,175 - INFO - [36m(head, rank=0, pid=6900)[0m
2026-03-25 12:55:33,175 - INFO - [36m(head, rank=0, pid=6900)[0m ======================================================================
2026-03-25 12:55:33,175 - INFO - [36m(head, rank=0, pid=6900)[0m Running: TP=8, PP=2, input=128, output=128
2026-03-25 12:55:33,175 - INFO - [36m(head, rank=0, pid=6900)[0m Target concurrency: 221
2026-03-25 12:55:33,175 - INFO - [36m(head, rank=0, pid=6900)[0m ======================================================================
2026-03-25 12:55:33,175 - INFO - [36m(head, rank=0, pid=6900)[0m 2026-03-25 07:25:32,440	INFO worker.py:1810 -- Connecting to existing Ray cluster at address: 172.31.37.6:6379...
2026-03-25 12:55:37,203 - INFO - [36m(head, rank=0, pid=6900)[0m 2026-03-25 07:25:32,529	INFO worker.py:2004 -- Connected to Ray cluster. View the dashboard at [1m[32mhttp://172.31.37.6:8265 [39m[22m
2026-03-25 12:55:37,203 - INFO - [36m(head, rank=0, pid=6900)[0m 📡 Using distributed GPU monitoring (2 nodes)
2026-03-25 12:55:37,203 - INFO - [36m(head, rank=0, pid=6900)[0m 🔥 Running warmup (5 requests)...
2026-03-25 12:55:37,203 - INFO - [36m(head, rank=0, pid=6900)[0m Loading tokenizer for Qwen/Qwen3-32B...
2026-03-25 12:55:38,112 - INFO - [36m(head, rank=0, pid=6900)[0m Loading dataset emozilla/pg19-test...
2026-03-25 12:55:39,317 - INFO - [36m(head, rank=0, pid=6900)[0m `trust_remote_code` is not supported anymore.
2026-03-25 12:55:39,317 - INFO - [36m(head, rank=0, pid=6900)[0m Please check that the Hugging Face dataset 'emozilla/pg19-test' isn't based on a loading script and remove `trust_remote_code`.
2026-03-25 12:55:39,317 - INFO - [36m(head, rank=0, pid=6900)[0m If the dataset is based on a loading script, please ask the dataset author to remove it and convert it to a standard format like Parquet.
2026-03-25 12:55:40,019 - INFO - [36m(head, rank=0, pid=6900)[0m
2026-03-25 12:55:40,864 - INFO - [36m(head, rank=0, pid=6900)[0m Generating test split:   0%|          | 0/100 [00:00<?, ? examples/s]
2026-03-25 12:55:40,864 - INFO - Generating test split: 100%|██████████| 100/100 [00:00<00:00, 404.92 examples/s]
2026-03-25 12:55:40,864 - INFO - Generating test split: 100%|██████████| 100/100 [00:00<00:00, 400.52 examples/s]
2026-03-25 12:55:40,864 - INFO - [36m(head, rank=0, pid=6900)[0m Running 5 benchmark requests (concurrency=2)...
2026-03-25 12:55:51,428 - INFO - [36m(head, rank=0, pid=6900)[0m   Progress: 1/5 (11s elapsed)
2026-03-25 12:55:57,605 - INFO - [36m(head, rank=0, pid=6900)[0m   Progress: 2/5 (11s elapsed)
2026-03-25 12:55:57,605 - INFO - [36m(head, rank=0, pid=6900)[0m   Progress: 3/5 (17s elapsed)
2026-03-25 12:56:03,835 - INFO - [36m(head, rank=0, pid=6900)[0m   Progress: 4/5 (17s elapsed)
2026-03-25 12:56:03,835 - INFO - [36m(head, rank=0, pid=6900)[0m   Progress: 5/5 (23s elapsed)
2026-03-25 12:56:04,639 - INFO - [36m(head, rank=0, pid=6900)[0m
2026-03-25 12:56:04,639 - INFO - [36m(head, rank=0, pid=6900)[0m ============================================================
2026-03-25 12:56:04,639 - INFO - [36m(head, rank=0, pid=6900)[0m Benchmark complete: 5/5 successful
2026-03-25 12:56:04,639 - INFO - [36m(head, rank=0, pid=6900)[0m Wall clock: 23.4s
2026-03-25 12:56:04,639 - INFO - [36m(head, rank=0, pid=6900)[0m Results saved to: /tmp/warmup_results.json
2026-03-25 12:56:04,639 - INFO - [36m(head, rank=0, pid=6900)[0m TTFT p50/p95/p99: 116.2 / 3414.5 / 3418.7 ms
2026-03-25 12:56:04,639 - INFO - [36m(head, rank=0, pid=6900)[0m E2E  p50/p95/p99: 6396.7 / 10883.4 / 10887.8 ms
2026-03-25 12:56:04,639 - INFO - [36m(head, rank=0, pid=6900)[0m ✅ Warmup complete
2026-03-25 12:56:06,653 - INFO - [36m(head, rank=0, pid=6900)[0m 📡 Found 2 Ray nodes for GPU monitoring
2026-03-25 12:56:07,460 - INFO - [36m(head, rank=0, pid=6900)[0m    Created placement group with 2 bundles
2026-03-25 12:56:11,306 - INFO - [36m(head, rank=0, pid=6900)[0m   ✓ Deployed monitor on node0 (172.31.37.6) using placement group
2026-03-25 12:56:11,306 - INFO - [36m(head, rank=0, pid=6900)[0m   ✓ Deployed monitor on node1 (172.31.36.113) using placement group
2026-03-25 12:56:11,306 - INFO - [36m(head, rank=0, pid=6900)[0m    Starting monitoring on 2 nodes...
2026-03-25 12:56:11,306 - INFO - [36m(head, rank=0, pid=6900)[0m    Starting monitor on node0...
2026-03-25 12:56:11,306 - INFO - [36m(head, rank=0, pid=6900)[0m    ✓ Started monitor on node0
2026-03-25 12:56:11,306 - INFO - [36m(head, rank=0, pid=6900)[0m    Starting monitor on node1...
2026-03-25 12:56:11,306 - INFO - [36m(head, rank=0, pid=6900)[0m    ✓ Started monitor on node1
2026-03-25 12:56:11,306 - INFO - [36m(head, rank=0, pid=6900)[0m 📊 GPU monitoring started on 2/2 nodes
2026-03-25 12:56:11,306 - INFO - [36m(head, rank=0, pid=6900)[0m 📊 Running benchmark: 884 requests, concurrency=221
2026-03-25 12:56:11,306 - INFO - [36m(head, rank=0, pid=6900)[0m Loading tokenizer for Qwen/Qwen3-32B...
2026-03-25 12:56:12,211 - INFO - [36m(head, rank=0, pid=6900)[0m Loading dataset emozilla/pg19-test...
2026-03-25 12:56:15,532 - INFO - [36m(head, rank=0, pid=6900)[0m `trust_remote_code` is not supported anymore.
2026-03-25 12:56:15,532 - INFO - [36m(head, rank=0, pid=6900)[0m Please check that the Hugging Face dataset 'emozilla/pg19-test' isn't based on a loading script and remove `trust_remote_code`.
2026-03-25 12:56:15,532 - INFO - [36m(head, rank=0, pid=6900)[0m If the dataset is based on a loading script, please ask the dataset author to remove it and convert it to a standard format like Parquet.
2026-03-25 12:56:15,532 - INFO - [36m(head, rank=0, pid=6900)[0m Token indices sequence length is longer than the specified maximum sequence length for this model (136936 > 131072). Running this sequence through the model will result in indexing errors
2026-03-25 12:56:43,211 - INFO - [36m(head, rank=0, pid=6900)[0m ⚠️  Only found 100 prompts with >= 128 tokens, recycling to reach 884
2026-03-25 12:56:53,771 - INFO - [36m(head, rank=0, pid=6900)[0m Running 884 benchmark requests (concurrency=221)...
2026-03-25 12:56:53,771 - INFO - [36m(head, rank=0, pid=6900)[0m   Progress: 88/884 (11s elapsed)
2026-03-25 12:56:54,374 - INFO - [36m(head, rank=0, pid=6900)[0m   Progress: 176/884 (11s elapsed)
2026-03-25 12:57:04,028 - INFO - [36m(head, rank=0, pid=6900)[0m   Progress: 264/884 (21s elapsed)
2026-03-25 12:57:04,631 - INFO - [36m(head, rank=0, pid=6900)[0m   Progress: 352/884 (21s elapsed)
2026-03-25 12:57:05,334 - INFO - [36m(head, rank=0, pid=6900)[0m   Progress: 440/884 (22s elapsed)
2026-03-25 12:57:14,287 - INFO - [36m(head, rank=0, pid=6900)[0m   Progress: 528/884 (31s elapsed)
2026-03-25 12:57:14,890 - INFO - [36m(head, rank=0, pid=6900)[0m   Progress: 616/884 (32s elapsed)
2026-03-25 12:57:24,040 - INFO - [36m(head, rank=0, pid=6900)[0m   Progress: 704/884 (41s elapsed)
2026-03-25 12:57:24,943 - INFO - [36m(head, rank=0, pid=6900)[0m   Progress: 792/884 (41s elapsed)
2026-03-25 12:57:24,943 - INFO - [36m(head, rank=0, pid=6900)[0m   Progress: 880/884 (41s elapsed)
2026-03-25 12:57:25,547 - INFO - [36m(head, rank=0, pid=6900)[0m   Progress: 884/884 (41s elapsed)
2026-03-25 12:57:25,547 - INFO - [36m(head, rank=0, pid=6900)[0m
2026-03-25 12:57:25,547 - INFO - [36m(head, rank=0, pid=6900)[0m ============================================================
2026-03-25 12:57:25,547 - INFO - [36m(head, rank=0, pid=6900)[0m Benchmark complete: 884/884 successful
2026-03-25 12:57:25,547 - INFO - [36m(head, rank=0, pid=6900)[0m Wall clock: 41.3s
2026-03-25 12:57:25,547 - INFO - [36m(head, rank=0, pid=6900)[0m Results saved to: /tmp/client_results_tp8_pp2_in128_out128.json
2026-03-25 12:57:25,547 - INFO - [36m(head, rank=0, pid=6900)[0m TTFT p50/p95/p99: 297.0 / 1505.9 / 1704.8 ms
2026-03-25 12:57:25,547 - INFO - [36m(head, rank=0, pid=6900)[0m E2E  p50/p95/p99: 10224.2 / 11236.6 / 11438.6 ms
2026-03-25 12:57:25,547 - INFO - [36m(head, rank=0, pid=6900)[0m 📊 GPU monitoring: 2 nodes monitored
2026-03-25 12:57:29,468 - INFO - [36m(head, rank=0, pid=6900)[0m 📈 Time-series saved to /tmp/timeseries_tp8_pp2_in128_out128.json
2026-03-25 12:57:29,468 - INFO - [36m(head, rank=0, pid=6900)[0m Result: success
2026-03-25 12:57:29,468 - INFO - [36m(head, rank=0, pid=6900)[0m
2026-03-25 12:57:29,468 - INFO - [36m(head, rank=0, pid=6900)[0m ======================================================================
2026-03-25 12:57:29,468 - INFO - [36m(head, rank=0, pid=6900)[0m Running: TP=8, PP=2, input=128, output=2048
2026-03-25 12:57:29,468 - INFO - [36m(head, rank=0, pid=6900)[0m Target concurrency: 221
2026-03-25 12:57:29,468 - INFO - [36m(head, rank=0, pid=6900)[0m ======================================================================
2026-03-25 12:57:29,468 - INFO - [36m(head, rank=0, pid=6900)[0m 📡 Using distributed GPU monitoring (2 nodes)
2026-03-25 12:57:29,468 - INFO - [36m(head, rank=0, pid=6900)[0m 🔥 Running warmup (5 requests)...
2026-03-25 12:57:29,468 - INFO - [36m(head, rank=0, pid=6900)[0m Loading tokenizer for Qwen/Qwen3-32B...
2026-03-25 12:57:30,072 - INFO - [36m(head, rank=0, pid=6900)[0m Loading dataset emozilla/pg19-test...
2026-03-25 12:57:31,481 - INFO - [36m(head, rank=0, pid=6900)[0m `trust_remote_code` is not supported anymore.
2026-03-25 12:57:31,481 - INFO - [36m(head, rank=0, pid=6900)[0m Please check that the Hugging Face dataset 'emozilla/pg19-test' isn't based on a loading script and remove `trust_remote_code`.
2026-03-25 12:57:31,481 - INFO - [36m(head, rank=0, pid=6900)[0m If the dataset is based on a loading script, please ask the dataset author to remove it and convert it to a standard format like Parquet.
2026-03-25 12:57:31,481 - INFO - [36m(head, rank=0, pid=6900)[0m Running 5 benchmark requests (concurrency=2)...
2026-03-25 12:59:20,092 - INFO - [36m(head, rank=0, pid=6900)[0m   Progress: 1/5 (109s elapsed)
2026-03-25 13:01:04,059 - INFO - [36m(head, rank=0, pid=6900)[0m   Progress: 2/5 (109s elapsed)
2026-03-25 13:01:04,059 - INFO - [36m(head, rank=0, pid=6900)[0m   Progress: 3/5 (213s elapsed)
2026-03-25 13:03:05,818 - INFO - [36m(head, rank=0, pid=6900)[0m   Progress: 4/5 (213s elapsed)
2026-03-25 13:03:05,818 - INFO - 
2026-03-25 13:03:07,157 - INFO - 📋 Useful Commands
2026-03-25 13:03:07,157 - INFO - Job ID: 1
2026-03-25 13:03:07,157 - INFO - ├── To cancel the job:		sky cancel rf-qwen3-32b-tp8pp2-A100-80gb 1
2026-03-25 13:03:07,157 - INFO - ├── To stream job logs:		sky logs rf-qwen3-32b-tp8pp2-A100-80gb 1
2026-03-25 13:03:07,157 - INFO - └── To view job queue:		sky queue rf-qwen3-32b-tp8pp2-A100-80gb
2026-03-25 13:03:07,157 - INFO - Cluster name: rf-qwen3-32b-tp8pp2-A100-80gb
2026-03-25 13:03:07,157 - INFO - ├── To log into the head VM:	ssh rf-qwen3-32b-tp8pp2-A100-80gb
2026-03-25 13:03:07,157 - INFO - ├── To submit a job:		sky exec rf-qwen3-32b-tp8pp2-A100-80gb yaml_file
2026-03-25 13:03:07,157 - INFO - ├── To stop the cluster:	sky stop rf-qwen3-32b-tp8pp2-A100-80gb
2026-03-25 13:03:07,157 - INFO - └── To teardown the cluster:	sky down rf-qwen3-32b-tp8pp2-A100-80gb
2026-03-25 13:03:07,157 - ERROR - ❌ Cluster error: Command 'sky launch' returned non-zero exit status 255.
2026-03-25 13:03:07,157 - INFO - 📥 Attempting to fetch results (benchmark may have completed)...
2026-03-25 13:03:07,157 - INFO - 📥 Fetching results.json from cluster...
2026-03-25 13:03:19,367 - INFO - 📈 Attempting to fetch timeseries data from cluster (best-effort)...
2026-03-25 13:03:38,714 - INFO - ✅ Found successful benchmark results despite cluster error!
2026-03-25 13:03:38,714 - INFO -    This is likely a cleanup error, not a benchmark failure.
2026-03-25 13:03:41,426 - INFO - 📁 Renaming directory: tp8-pp2-2x_p4de_24xlarge-20260325_123220 -> tp8-pp2-2x_p4de_24xlarge-20260325_123220-success
2026-03-25 13:03:41,428 - INFO - 📈 Plotting timeseries for successful experiment(s) after cluster error...
2026-03-25 13:03:41,450 - INFO - 🗑️  Tearing down rf-qwen3-32b-tp8pp2-A100-80gb...
