2026-03-27 02:24:03,847 - INFO - Results will be saved to: results/aws_p4de_A100_80gb/tp4-pp2-p4de_24xlarge-20260327_022403
2026-03-27 02:24:03,848 - INFO - 📋 Copied benchmark_client.py to roofline_benchmarks/
2026-03-27 02:24:03,848 - INFO - 📋 Copied prometheus_parser.py to roofline_benchmarks/
2026-03-27 02:24:03,848 - INFO - 🚀 Launching rf-qwen2-5-72b-instruct-tp4pp2-A100-80gb...
2026-03-27 02:24:03,848 - INFO - YAML to run: roofline_benchmarks/rf-qwen2-5-72b-instruct-tp4pp2-A100-80gb.yaml
2026-03-27 02:24:03,848 - INFO - Running on cluster: rf-qwen2-5-72b-instruct-tp4pp2-A100-80gb
2026-03-27 02:24:04,565 - INFO - YAML to run: roofline_benchmarks/rf-qwen2-5-72b-instruct-tp4pp2-A100-80gb.yaml
2026-03-27 02:24:04,653 - INFO - Running on cluster: rf-qwen2-5-72b-instruct-tp4pp2-A100-80gb
2026-03-27 02:24:05,495 - INFO - [33mLaunching a spot job that does not automatically recover from preemptions. To get automatic recovery, use managed job instead: [0m[1msky jobs launch[0m [33mor[0m [1msky.jobs.launch()[0m.
2026-03-27 02:24:05,495 - INFO - Considered resources (1 node):
2026-03-27 02:24:06,299 - INFO - ---------------------------------------------------------------------------------------------------
2026-03-27 02:24:06,299 - INFO -  INFRA                   INSTANCE              vCPUs   Mem(GB)   GPUS          COST ($)   CHOSEN
2026-03-27 02:24:06,299 - INFO - ---------------------------------------------------------------------------------------------------
2026-03-27 02:24:06,300 - INFO -  AWS (ap-northeast-1a)   p4de.24xlarge[Spot]   96      1152      A100-80GB:8   9.67       [32m   ✔[0m
2026-03-27 02:24:06,300 - INFO - ---------------------------------------------------------------------------------------------------
2026-03-27 02:24:06,300 - INFO - sky.exceptions.ResourcesUnavailableError: [33mFound no quota for p4de.24xlarge spot instances in region ap-northeast-1 in AWS. [0mTo request quotas, check the instruction: https://docs.skypilot.co/en/latest/cloud-setup/quota.html.
2026-03-27 02:24:06,402 - INFO - 
2026-03-27 02:24:06,402 - INFO - [0m[33m↺[0m Trying other potential resources.
2026-03-27 02:24:06,402 - INFO - Considered resources (1 node):
2026-03-27 02:24:07,107 - INFO - -------------------------------------------------------------------------------------------------
2026-03-27 02:24:07,107 - INFO -  INFRA                 INSTANCE              vCPUs   Mem(GB)   GPUS          COST ($)   CHOSEN
2026-03-27 02:24:07,107 - INFO - -------------------------------------------------------------------------------------------------
2026-03-27 02:24:07,107 - INFO -  AWS (eu-central-1a)   p4de.24xlarge[Spot]   96      1152      A100-80GB:8   10.63      [32m   ✔[0m
2026-03-27 02:24:07,107 - INFO - -------------------------------------------------------------------------------------------------
2026-03-27 02:24:07,107 - INFO - sky.exceptions.ResourcesUnavailableError: [33mFound no quota for p4de.24xlarge spot instances in region eu-central-1 in AWS. [0mTo request quotas, check the instruction: https://docs.skypilot.co/en/latest/cloud-setup/quota.html.
2026-03-27 02:24:07,309 - INFO - 
2026-03-27 02:24:07,309 - INFO - [0m[33m↺[0m Trying other potential resources.
2026-03-27 02:24:07,309 - INFO - Considered resources (1 node):
2026-03-27 02:24:07,911 - INFO - -------------------------------------------------------------------------------------------------
2026-03-27 02:24:07,912 - INFO -  INFRA                 INSTANCE              vCPUs   Mem(GB)   GPUS          COST ($)   CHOSEN
2026-03-27 02:24:07,912 - INFO - -------------------------------------------------------------------------------------------------
2026-03-27 02:24:07,912 - INFO -  AWS (eu-central-1c)   p4de.24xlarge[Spot]   96      1152      A100-80GB:8   13.11      [32m   ✔[0m
2026-03-27 02:24:07,912 - INFO - -------------------------------------------------------------------------------------------------
2026-03-27 02:24:07,912 - INFO - sky.exceptions.ResourcesUnavailableError: [33mFound no quota for p4de.24xlarge spot instances in region eu-central-1 in AWS. [0mTo request quotas, check the instruction: https://docs.skypilot.co/en/latest/cloud-setup/quota.html.
2026-03-27 02:24:08,114 - INFO - 
2026-03-27 02:24:08,114 - INFO - [0m[33m↺[0m Trying other potential resources.
2026-03-27 02:24:08,114 - INFO - Considered resources (1 node):
2026-03-27 02:24:09,117 - INFO - ----------------------------------------------------------------------------------------------
2026-03-27 02:24:09,117 - INFO -  INFRA              INSTANCE              vCPUs   Mem(GB)   GPUS          COST ($)   CHOSEN
2026-03-27 02:24:09,117 - INFO - ----------------------------------------------------------------------------------------------
2026-03-27 02:24:09,117 - INFO -  AWS (us-west-2a)   p4de.24xlarge[Spot]   96      1152      A100-80GB:8   13.53      [32m   ✔[0m
2026-03-27 02:24:09,117 - INFO - ----------------------------------------------------------------------------------------------
2026-03-27 02:24:09,117 - INFO - [33mInstance type p4de.24xlarge supports up to 4 EFA interfaces, but `use_internal_ips` is not enabled.
2026-03-27 02:24:30,922 - INFO - Launching with the current configuration will use only 1 EFA interface.
2026-03-27 02:24:30,922 - INFO - To use all 4 EFA interfaces, enable internal IPs by adding one of the following configurations to SkyPilot config:
2026-03-27 02:24:30,922 - INFO - Option 1 (with SSM):
2026-03-27 02:24:30,922 - INFO -   aws:
2026-03-27 02:24:30,922 - INFO -     use_internal_ips: true
2026-03-27 02:24:30,922 - INFO -     use_ssm: true
2026-03-27 02:24:30,922 - INFO - Option 2 (with SSH proxy):
2026-03-27 02:24:30,922 - INFO -   aws:
2026-03-27 02:24:30,922 - INFO -     use_internal_ips: true
2026-03-27 02:24:30,922 - INFO -     ssh_proxy_command: ssh -W %h:%p -i <ssh key path> -o StrictHostKeyChecking=no <user>@<jump server public ip>
2026-03-27 02:24:30,922 - INFO - Refer to https://docs.skypilot.co/en/latest/reference/config.html#aws-use-internal-ips for more details.[0m
2026-03-27 02:24:30,922 - INFO - [0m⚙︎ Launching on AWS us-west-2[0m (us-west-2a).
2026-03-27 02:24:30,922 - INFO - [2mW 03-27 02:24:30.841 PID=2248878 instance.py:288] create_instances: Attempt failed with An error occurred (InsufficientInstanceCapacity) when calling the RunInstances operation (reached max retries: 0): We currently do not have sufficient p4de.24xlarge capacity in the Availability Zone you requested (us-west-2a). Our system will be working on provisioning additional capacity. You can currently get p4de.24xlarge capacity by not specifying an Availability Zone in your request or choosing us-west-2b, us-west-2c.[0m
2026-03-27 02:24:35,243 - INFO - AWS handler error: Failed to launch instances. Max attempts exceeded.
2026-03-27 02:24:35,343 - INFO - sky.exceptions.ResourcesUnavailableError: Failed to acquire resources in us-west-2a for {AWS(p4de.24xlarge[Spot], mem=64.0+, {'A100-80GB': 8}, network_tier=best, disk_size=500)}.
2026-03-27 02:24:35,344 - INFO - 
2026-03-27 02:24:35,344 - INFO - [0m[33m↺[0m Trying other potential resources.
2026-03-27 02:24:35,344 - INFO - Considered resources (1 node):
2026-03-27 02:24:36,449 - INFO - ----------------------------------------------------------------------------------------------
2026-03-27 02:24:36,449 - INFO -  INFRA              INSTANCE              vCPUs   Mem(GB)   GPUS          COST ($)   CHOSEN
2026-03-27 02:24:36,449 - INFO - ----------------------------------------------------------------------------------------------
2026-03-27 02:24:36,449 - INFO -  AWS (us-west-2c)   p4de.24xlarge[Spot]   96      1152      A100-80GB:8   15.37      [32m   ✔[0m
2026-03-27 02:24:36,449 - INFO - ----------------------------------------------------------------------------------------------
2026-03-27 02:24:36,449 - INFO - [33mInstance type p4de.24xlarge supports up to 4 EFA interfaces, but `use_internal_ips` is not enabled.
2026-03-27 02:24:36,550 - INFO - Launching with the current configuration will use only 1 EFA interface.
2026-03-27 02:24:36,550 - INFO - To use all 4 EFA interfaces, enable internal IPs by adding one of the following configurations to SkyPilot config:
2026-03-27 02:24:36,550 - INFO - Option 1 (with SSM):
2026-03-27 02:24:36,550 - INFO -   aws:
2026-03-27 02:24:36,550 - INFO -     use_internal_ips: true
2026-03-27 02:24:36,550 - INFO -     use_ssm: true
2026-03-27 02:24:36,550 - INFO - Option 2 (with SSH proxy):
2026-03-27 02:24:36,550 - INFO -   aws:
2026-03-27 02:24:36,550 - INFO -     use_internal_ips: true
2026-03-27 02:24:36,550 - INFO -     ssh_proxy_command: ssh -W %h:%p -i <ssh key path> -o StrictHostKeyChecking=no <user>@<jump server public ip>
2026-03-27 02:24:36,550 - INFO - Refer to https://docs.skypilot.co/en/latest/reference/config.html#aws-use-internal-ips for more details.[0m
2026-03-27 02:24:36,550 - INFO - [0m⚙︎ Launching on AWS us-west-2[0m (us-west-2c).
2026-03-27 02:24:58,847 - INFO - [2mW 03-27 02:24:58.776 PID=2248878 instance.py:288] create_instances: Attempt failed with An error occurred (InsufficientInstanceCapacity) when calling the RunInstances operation (reached max retries: 0): There is no Spot capacity available that matches your request.[0m
2026-03-27 02:25:03,365 - INFO - AWS handler error: Failed to launch instances. Max attempts exceeded.
2026-03-27 02:25:03,567 - INFO - sky.exceptions.ResourcesUnavailableError: Failed to acquire resources in us-west-2c for {AWS(p4de.24xlarge[Spot], mem=64.0+, {'A100-80GB': 8}, network_tier=best, disk_size=500)}.
2026-03-27 02:25:03,567 - INFO - 
2026-03-27 02:25:03,567 - INFO - [0m[33m↺[0m Trying other potential resources.
2026-03-27 02:25:03,567 - INFO - Considered resources (1 node):
2026-03-27 02:25:04,269 - INFO - ---------------------------------------------------------------------------------------------------
2026-03-27 02:25:04,269 - INFO -  INFRA                   INSTANCE              vCPUs   Mem(GB)   GPUS          COST ($)   CHOSEN
2026-03-27 02:25:04,269 - INFO - ---------------------------------------------------------------------------------------------------
2026-03-27 02:25:04,269 - INFO -  AWS (ap-northeast-1c)   p4de.24xlarge[Spot]   96      1152      A100-80GB:8   16.39      [32m   ✔[0m
2026-03-27 02:25:04,269 - INFO - ---------------------------------------------------------------------------------------------------
2026-03-27 02:25:04,269 - INFO - sky.exceptions.ResourcesUnavailableError: [33mFound no quota for p4de.24xlarge spot instances in region ap-northeast-1 in AWS. [0mTo request quotas, check the instruction: https://docs.skypilot.co/en/latest/cloud-setup/quota.html.
2026-03-27 02:25:04,370 - INFO - 
2026-03-27 02:25:04,370 - INFO - [0m[33m↺[0m Trying other potential resources.
2026-03-27 02:25:04,370 - INFO - Considered resources (1 node):
2026-03-27 02:25:05,373 - INFO - ----------------------------------------------------------------------------------------------
2026-03-27 02:25:05,373 - INFO -  INFRA              INSTANCE              vCPUs   Mem(GB)   GPUS          COST ($)   CHOSEN
2026-03-27 02:25:05,373 - INFO - ----------------------------------------------------------------------------------------------
2026-03-27 02:25:05,373 - INFO -  AWS (us-west-2b)   p4de.24xlarge[Spot]   96      1152      A100-80GB:8   17.01      [32m   ✔[0m
2026-03-27 02:25:05,373 - INFO - ----------------------------------------------------------------------------------------------
2026-03-27 02:25:05,373 - INFO - [33mInstance type p4de.24xlarge supports up to 4 EFA interfaces, but `use_internal_ips` is not enabled.
2026-03-27 02:25:05,574 - INFO - Launching with the current configuration will use only 1 EFA interface.
2026-03-27 02:25:05,574 - INFO - To use all 4 EFA interfaces, enable internal IPs by adding one of the following configurations to SkyPilot config:
2026-03-27 02:25:05,574 - INFO - Option 1 (with SSM):
2026-03-27 02:25:05,574 - INFO -   aws:
2026-03-27 02:25:05,574 - INFO -     use_internal_ips: true
2026-03-27 02:25:05,574 - INFO -     use_ssm: true
2026-03-27 02:25:05,574 - INFO - Option 2 (with SSH proxy):
2026-03-27 02:25:05,574 - INFO -   aws:
2026-03-27 02:25:05,574 - INFO -     use_internal_ips: true
2026-03-27 02:25:05,574 - INFO -     ssh_proxy_command: ssh -W %h:%p -i <ssh key path> -o StrictHostKeyChecking=no <user>@<jump server public ip>
2026-03-27 02:25:05,574 - INFO - Refer to https://docs.skypilot.co/en/latest/reference/config.html#aws-use-internal-ips for more details.[0m
2026-03-27 02:25:05,574 - INFO - [0m⚙︎ Launching on AWS us-west-2[0m (us-west-2b).
2026-03-27 02:25:27,394 - INFO - [2mW 03-27 02:25:27.344 PID=2248878 instance.py:288] create_instances: Attempt failed with An error occurred (InsufficientInstanceCapacity) when calling the RunInstances operation (reached max retries: 0): There is no Spot capacity available that matches your request.[0m
2026-03-27 02:25:32,025 - INFO - AWS handler error: Failed to launch instances. Max attempts exceeded.
2026-03-27 02:25:32,227 - INFO - sky.exceptions.ResourcesUnavailableError: Failed to acquire resources in us-west-2b for {AWS(p4de.24xlarge[Spot], mem=64.0+, {'A100-80GB': 8}, network_tier=best, disk_size=500)}.
2026-03-27 02:25:32,227 - INFO - 
2026-03-27 02:25:32,227 - INFO - [0m[33m↺[0m Trying other potential resources.
2026-03-27 02:25:32,227 - INFO - Considered resources (1 node):
2026-03-27 02:25:33,132 - INFO - ----------------------------------------------------------------------------------------------
2026-03-27 02:25:33,132 - INFO -  INFRA              INSTANCE              vCPUs   Mem(GB)   GPUS          COST ($)   CHOSEN
2026-03-27 02:25:33,132 - INFO - ----------------------------------------------------------------------------------------------
2026-03-27 02:25:33,132 - INFO -  AWS (us-east-1a)   p4de.24xlarge[Spot]   96      1152      A100-80GB:8   19.10      [32m   ✔[0m
2026-03-27 02:25:33,132 - INFO - ----------------------------------------------------------------------------------------------
2026-03-27 02:25:33,132 - INFO - [33mInstance type p4de.24xlarge supports up to 4 EFA interfaces, but `use_internal_ips` is not enabled.
2026-03-27 02:26:02,077 - INFO - Launching with the current configuration will use only 1 EFA interface.
2026-03-27 02:26:02,077 - INFO - To use all 4 EFA interfaces, enable internal IPs by adding one of the following configurations to SkyPilot config:
2026-03-27 02:26:02,077 - INFO - Option 1 (with SSM):
2026-03-27 02:26:02,077 - INFO -   aws:
2026-03-27 02:26:02,077 - INFO -     use_internal_ips: true
2026-03-27 02:26:02,077 - INFO -     use_ssm: true
2026-03-27 02:26:02,077 - INFO - Option 2 (with SSH proxy):
2026-03-27 02:26:02,077 - INFO -   aws:
2026-03-27 02:26:02,077 - INFO -     use_internal_ips: true
2026-03-27 02:26:02,077 - INFO -     ssh_proxy_command: ssh -W %h:%p -i <ssh key path> -o StrictHostKeyChecking=no <user>@<jump server public ip>
2026-03-27 02:26:02,077 - INFO - Refer to https://docs.skypilot.co/en/latest/reference/config.html#aws-use-internal-ips for more details.[0m
2026-03-27 02:26:02,077 - INFO - [0m⚙︎ Launching on AWS us-east-1[0m (us-east-1a).
2026-03-27 02:26:02,077 - INFO - [33mInstance type p4de.24xlarge supports up to 4 EFA interfaces, but `use_internal_ips` is not enabled.
2026-03-27 02:27:11,433 - INFO - Launching with the current configuration will use only 1 EFA interface.
2026-03-27 02:27:11,433 - INFO - To use all 4 EFA interfaces, enable internal IPs by adding one of the following configurations to SkyPilot config:
2026-03-27 02:27:11,433 - INFO - Option 1 (with SSM):
2026-03-27 02:27:11,433 - INFO -   aws:
2026-03-27 02:27:11,433 - INFO -     use_internal_ips: true
2026-03-27 02:27:11,433 - INFO -     use_ssm: true
2026-03-27 02:27:11,433 - INFO - Option 2 (with SSH proxy):
2026-03-27 02:27:11,433 - INFO -   aws:
2026-03-27 02:27:11,433 - INFO -     use_internal_ips: true
2026-03-27 02:27:11,433 - INFO -     ssh_proxy_command: ssh -W %h:%p -i <ssh key path> -o StrictHostKeyChecking=no <user>@<jump server public ip>
2026-03-27 02:27:11,433 - INFO - Refer to https://docs.skypilot.co/en/latest/reference/config.html#aws-use-internal-ips for more details.[0m
2026-03-27 02:27:11,433 - INFO - [2m└── [0m[2mInstance is up.[0m
2026-03-27 02:27:56,241 - INFO - [0m[32m✓ Cluster launched: rf-qwen2-5-72b-instruct-tp4pp2-A100-80gb.[0m[0m  [2mView logs: [1msky logs --provision rf-qwen2-5-72b-instruct-tp4pp2-A100-80gb[0m[0m
2026-03-27 02:27:56,242 - INFO - [0m⚙︎ Syncing files.
2026-03-27 02:27:56,341 - INFO -   [33mThe size of workdir '/home/orange/Desktop/tandemn/tandemn-profiling/roofline/vllm' is 528 MB. Try to keep workdir small or use .skyignore to exclude large files, as large sizes will slow down rsync.[0m
2026-03-27 02:28:03,375 - INFO -   [2mSyncing workdir (to 1 node): /home/orange/Desktop/tandemn/tandemn-profiling/roofline/vllm -> ~/sky_workdir[0m
2026-03-27 02:28:03,375 - INFO - [0m[32m✓ Synced workdir.[0m[0m  [2mView logs: sky api logs -l sky-2026-03-27-02-24-04-719179/workdir_sync.log[0m
2026-03-27 02:28:08,093 - INFO - [0m[32m✓ Setup detached.[0m[0m
2026-03-27 02:28:12,313 - INFO - [0m⚙︎ Job submitted, ID: 1
2026-03-27 02:28:24,961 - INFO - [2m├── [0m[2mWaiting for task resources on 1 node.[0m
2026-03-27 02:28:24,961 - INFO - [2m└── [0mJob started. Streaming logs... [2m(Ctrl-C to exit log streaming; job will not be killed)[0m
2026-03-27 02:28:24,961 - INFO - [36m(setup pid=6112)[0m + GPU_TYPE=A100_80gb
2026-03-27 02:28:24,961 - INFO - [36m(setup pid=6112)[0m + IS_A100=true
2026-03-27 02:28:24,961 - INFO - [36m(setup pid=6112)[0m + echo 'GPU Type: A100_80gb, Is A100: true'
2026-03-27 02:28:24,961 - INFO - [36m(setup pid=6112)[0m GPU Type: A100_80gb, Is A100: true
2026-03-27 02:28:24,961 - INFO - [36m(setup pid=6112)[0m + echo '=== Initial System Diagnostics ==='
2026-03-27 02:28:24,961 - INFO - [36m(setup pid=6112)[0m === Initial System Diagnostics ===
2026-03-27 02:28:24,961 - INFO - [36m(setup pid=6112)[0m + echo 'Checking for NVIDIA driver...'
2026-03-27 02:28:24,961 - INFO - [36m(setup pid=6112)[0m Checking for NVIDIA driver...
2026-03-27 02:28:24,961 - INFO - [36m(setup pid=6112)[0m + nvidia-smi
2026-03-27 02:28:24,961 - INFO - [36m(setup pid=6112)[0m Thu Mar 26 20:58:17 2026
2026-03-27 02:28:24,961 - INFO - [36m(setup pid=6112)[0m +-----------------------------------------------------------------------------------------+
2026-03-27 02:28:24,961 - INFO - [36m(setup pid=6112)[0m | NVIDIA-SMI 570.172.08             Driver Version: 570.172.08     CUDA Version: 12.8     |
2026-03-27 02:28:24,961 - INFO - [36m(setup pid=6112)[0m |-----------------------------------------+------------------------+----------------------+
2026-03-27 02:28:24,961 - INFO - [36m(setup pid=6112)[0m | GPU  Name                 Persistence-M | Bus-Id          Disp.A | Volatile Uncorr. ECC |
2026-03-27 02:28:24,961 - INFO - [36m(setup pid=6112)[0m | Fan  Temp   Perf          Pwr:Usage/Cap |           Memory-Usage | GPU-Util  Compute M. |
2026-03-27 02:28:24,961 - INFO - [36m(setup pid=6112)[0m |                                         |                        |               MIG M. |
2026-03-27 02:28:24,961 - INFO - [36m(setup pid=6112)[0m |=========================================+========================+======================|
2026-03-27 02:28:24,962 - INFO - [36m(setup pid=6112)[0m |   0  NVIDIA A100-SXM4-80GB          On  |   00000000:10:1C.0 Off |                    0 |
2026-03-27 02:28:25,162 - INFO - [36m(setup pid=6112)[0m | N/A   34C    P0             63W /  400W |       0MiB /  81920MiB |      0%      Default |
2026-03-27 02:28:25,162 - INFO - [36m(setup pid=6112)[0m |                                         |                        |             Disabled |
2026-03-27 02:28:25,162 - INFO - [36m(setup pid=6112)[0m +-----------------------------------------+------------------------+----------------------+
2026-03-27 02:28:25,162 - INFO - [36m(setup pid=6112)[0m |   1  NVIDIA A100-SXM4-80GB          On  |   00000000:10:1D.0 Off |                    0 |
2026-03-27 02:28:25,162 - INFO - [36m(setup pid=6112)[0m | N/A   33C    P0             61W /  400W |       0MiB /  81920MiB |      0%      Default |
2026-03-27 02:28:25,162 - INFO - [36m(setup pid=6112)[0m |                                         |                        |             Disabled |
2026-03-27 02:28:25,162 - INFO - [36m(setup pid=6112)[0m +-----------------------------------------+------------------------+----------------------+
2026-03-27 02:28:25,162 - INFO - [36m(setup pid=6112)[0m |   2  NVIDIA A100-SXM4-80GB          On  |   00000000:20:1C.0 Off |                    0 |
2026-03-27 02:28:25,162 - INFO - [36m(setup pid=6112)[0m | N/A   33C    P0             61W /  400W |       0MiB /  81920MiB |      0%      Default |
2026-03-27 02:28:25,162 - INFO - [36m(setup pid=6112)[0m |                                         |                        |             Disabled |
2026-03-27 02:28:25,162 - INFO - [36m(setup pid=6112)[0m +-----------------------------------------+------------------------+----------------------+
2026-03-27 02:28:25,162 - INFO - [36m(setup pid=6112)[0m |   3  NVIDIA A100-SXM4-80GB          On  |   00000000:20:1D.0 Off |                    0 |
2026-03-27 02:28:25,162 - INFO - [36m(setup pid=6112)[0m | N/A   33C    P0             62W /  400W |       0MiB /  81920MiB |      0%      Default |
2026-03-27 02:28:25,162 - INFO - [36m(setup pid=6112)[0m |                                         |                        |             Disabled |
2026-03-27 02:28:25,162 - INFO - [36m(setup pid=6112)[0m +-----------------------------------------+------------------------+----------------------+
2026-03-27 02:28:25,162 - INFO - [36m(setup pid=6112)[0m |   4  NVIDIA A100-SXM4-80GB          On  |   00000000:90:1C.0 Off |                    0 |
2026-03-27 02:28:25,162 - INFO - [36m(setup pid=6112)[0m | N/A   34C    P0             61W /  400W |       0MiB /  81920MiB |      0%      Default |
2026-03-27 02:28:25,162 - INFO - [36m(setup pid=6112)[0m |                                         |                        |             Disabled |
2026-03-27 02:28:25,162 - INFO - [36m(setup pid=6112)[0m +-----------------------------------------+------------------------+----------------------+
2026-03-27 02:28:25,162 - INFO - [36m(setup pid=6112)[0m |   5  NVIDIA A100-SXM4-80GB          On  |   00000000:90:1D.0 Off |                    0 |
2026-03-27 02:28:25,162 - INFO - [36m(setup pid=6112)[0m | N/A   33C    P0             61W /  400W |       0MiB /  81920MiB |      0%      Default |
2026-03-27 02:28:25,162 - INFO - [36m(setup pid=6112)[0m |                                         |                        |             Disabled |
2026-03-27 02:28:25,162 - INFO - [36m(setup pid=6112)[0m +-----------------------------------------+------------------------+----------------------+
2026-03-27 02:28:25,162 - INFO - [36m(setup pid=6112)[0m |   6  NVIDIA A100-SXM4-80GB          On  |   00000000:A0:1C.0 Off |                    0 |
2026-03-27 02:28:25,162 - INFO - [36m(setup pid=6112)[0m | N/A   32C    P0             62W /  400W |       0MiB /  81920MiB |      0%      Default |
2026-03-27 02:28:25,162 - INFO - [36m(setup pid=6112)[0m |                                         |                        |             Disabled |
2026-03-27 02:28:25,162 - INFO - [36m(setup pid=6112)[0m +-----------------------------------------+------------------------+----------------------+
2026-03-27 02:28:25,162 - INFO - [36m(setup pid=6112)[0m |   7  NVIDIA A100-SXM4-80GB          On  |   00000000:A0:1D.0 Off |                    0 |
2026-03-27 02:28:25,162 - INFO - [36m(setup pid=6112)[0m | N/A   32C    P0             67W /  400W |       0MiB /  81920MiB |      0%      Default |
2026-03-27 02:28:25,162 - INFO - [36m(setup pid=6112)[0m |                                         |                        |             Disabled |
2026-03-27 02:28:25,162 - INFO - [36m(setup pid=6112)[0m +-----------------------------------------+------------------------+----------------------+
2026-03-27 02:28:25,162 - INFO - [36m(setup pid=6112)[0m
2026-03-27 02:28:25,162 - INFO - [36m(setup pid=6112)[0m +-----------------------------------------------------------------------------------------+
2026-03-27 02:28:25,162 - INFO - [36m(setup pid=6112)[0m | Processes:                                                                              |
2026-03-27 02:28:25,162 - INFO - [36m(setup pid=6112)[0m |  GPU   GI   CI              PID   Type   Process name                        GPU Memory |
2026-03-27 02:28:25,162 - INFO - [36m(setup pid=6112)[0m |        ID   ID                                                               Usage      |
2026-03-27 02:28:25,162 - INFO - [36m(setup pid=6112)[0m |=========================================================================================|
2026-03-27 02:28:25,162 - INFO - [36m(setup pid=6112)[0m |  No running processes found                                                             |
2026-03-27 02:28:25,162 - INFO - [36m(setup pid=6112)[0m +-----------------------------------------------------------------------------------------+
2026-03-27 02:28:25,162 - INFO - [36m(setup pid=6112)[0m + echo 'Checking CUDA libraries...'
2026-03-27 02:28:25,162 - INFO - [36m(setup pid=6112)[0m Checking CUDA libraries...
2026-03-27 02:28:25,162 - INFO - [36m(setup pid=6112)[0m + ldconfig -p
2026-03-27 02:28:25,162 - INFO - [36m(setup pid=6112)[0m + grep --color=auto cuda
2026-03-27 02:28:25,162 - INFO - [36m(setup pid=6112)[0m 	libnvrtc.so.12 (libc6,x86-64) => /usr/local/cuda-12.4/targets/x86_64-linux/lib/libnvrtc.so.12
2026-03-27 02:28:25,162 - INFO - [36m(setup pid=6112)[0m 	libnvrtc.so.12 (libc6,x86-64) => /usr/local/cuda-12.5/targets/x86_64-linux/lib/libnvrtc.so.12
2026-03-27 02:28:25,162 - INFO - [36m(setup pid=6112)[0m 	libnvrtc.so.12 (libc6,x86-64) => /usr/local/cuda-12.6/targets/x86_64-linux/lib/libnvrtc.so.12
2026-03-27 02:28:25,162 - INFO - [36m(setup pid=6112)[0m 	libnvrtc.so.12 (libc6,x86-64) => /usr/local/cuda-12.8/targets/x86_64-linux/lib/libnvrtc.so.12
2026-03-27 02:28:25,162 - INFO - [36m(setup pid=6112)[0m 	libnvrtc.so (libc6,x86-64) => /usr/local/cuda-12.4/targets/x86_64-linux/lib/libnvrtc.so
2026-03-27 02:28:25,162 - INFO - [36m(setup pid=6112)[0m 	libnvrtc.so (libc6,x86-64) => /usr/local/cuda-12.5/targets/x86_64-linux/lib/libnvrtc.so
2026-03-27 02:28:25,162 - INFO - [36m(setup pid=6112)[0m 	libnvrtc.so (libc6,x86-64) => /usr/local/cuda-12.6/targets/x86_64-linux/lib/libnvrtc.so
2026-03-27 02:28:25,162 - INFO - [36m(setup pid=6112)[0m 	libnvrtc.so (libc6,x86-64) => /usr/local/cuda-12.8/targets/x86_64-linux/lib/libnvrtc.so
2026-03-27 02:28:25,162 - INFO - [36m(setup pid=6112)[0m 	libnvrtc.alt.so.12 (libc6,x86-64) => /usr/local/cuda-12.8/targets/x86_64-linux/lib/libnvrtc.alt.so.12
2026-03-27 02:28:25,162 - INFO - [36m(setup pid=6112)[0m 	libnvrtc.alt.so (libc6,x86-64) => /usr/local/cuda-12.8/targets/x86_64-linux/lib/libnvrtc.alt.so
2026-03-27 02:28:25,162 - INFO - [36m(setup pid=6112)[0m 	libnvrtc-builtins.so.12.8 (libc6,x86-64) => /usr/local/cuda-12.8/targets/x86_64-linux/lib/libnvrtc-builtins.so.12.8
2026-03-27 02:28:25,162 - INFO - [36m(setup pid=6112)[0m 	libnvrtc-builtins.so.12.6 (libc6,x86-64) => /usr/local/cuda-12.6/targets/x86_64-linux/lib/libnvrtc-builtins.so.12.6
2026-03-27 02:28:25,162 - INFO - [36m(setup pid=6112)[0m 	libnvrtc-builtins.so.12.5 (libc6,x86-64) => /usr/local/cuda-12.5/targets/x86_64-linux/lib/libnvrtc-builtins.so.12.5
2026-03-27 02:28:25,162 - INFO - [36m(setup pid=6112)[0m 	libnvrtc-builtins.so.12.4 (libc6,x86-64) => /usr/local/cuda-12.4/targets/x86_64-linux/lib/libnvrtc-builtins.so.12.4
2026-03-27 02:28:25,162 - INFO - [36m(setup pid=6112)[0m 	libnvrtc-builtins.so (libc6,x86-64) => /usr/local/cuda-12.4/targets/x86_64-linux/lib/libnvrtc-builtins.so
2026-03-27 02:28:25,162 - INFO - [36m(setup pid=6112)[0m 	libnvrtc-builtins.so (libc6,x86-64) => /usr/local/cuda-12.5/targets/x86_64-linux/lib/libnvrtc-builtins.so
2026-03-27 02:28:25,162 - INFO - [36m(setup pid=6112)[0m 	libnvrtc-builtins.so (libc6,x86-64) => /usr/local/cuda-12.6/targets/x86_64-linux/lib/libnvrtc-builtins.so
2026-03-27 02:28:25,162 - INFO - [36m(setup pid=6112)[0m 	libnvrtc-builtins.so (libc6,x86-64) => /usr/local/cuda-12.8/targets/x86_64-linux/lib/libnvrtc-builtins.so
2026-03-27 02:28:25,162 - INFO - [36m(setup pid=6112)[0m 	libnvrtc-builtins.alt.so.12.8 (libc6,x86-64) => /usr/local/cuda-12.8/targets/x86_64-linux/lib/libnvrtc-builtins.alt.so.12.8
2026-03-27 02:28:25,162 - INFO - [36m(setup pid=6112)[0m 	libnvrtc-builtins.alt.so (libc6,x86-64) => /usr/local/cuda-12.8/targets/x86_64-linux/lib/libnvrtc-builtins.alt.so
2026-03-27 02:28:25,162 - INFO - [36m(setup pid=6112)[0m 	libnvjpeg.so.12 (libc6,x86-64) => /usr/local/cuda-12.4/targets/x86_64-linux/lib/libnvjpeg.so.12
2026-03-27 02:28:25,162 - INFO - [36m(setup pid=6112)[0m 	libnvjpeg.so.12 (libc6,x86-64) => /usr/local/cuda-12.5/targets/x86_64-linux/lib/libnvjpeg.so.12
2026-03-27 02:28:25,162 - INFO - [36m(setup pid=6112)[0m 	libnvjpeg.so.12 (libc6,x86-64) => /usr/local/cuda-12.6/targets/x86_64-linux/lib/libnvjpeg.so.12
2026-03-27 02:28:25,162 - INFO - [36m(setup pid=6112)[0m 	libnvjpeg.so.12 (libc6,x86-64) => /usr/local/cuda-12.8/targets/x86_64-linux/lib/libnvjpeg.so.12
2026-03-27 02:28:25,162 - INFO - [36m(setup pid=6112)[0m 	libnvjpeg.so (libc6,x86-64) => /usr/local/cuda-12.4/targets/x86_64-linux/lib/libnvjpeg.so
2026-03-27 02:28:25,162 - INFO - [36m(setup pid=6112)[0m 	libnvjpeg.so (libc6,x86-64) => /usr/local/cuda-12.5/targets/x86_64-linux/lib/libnvjpeg.so
2026-03-27 02:28:25,162 - INFO - [36m(setup pid=6112)[0m 	libnvjpeg.so (libc6,x86-64) => /usr/local/cuda-12.6/targets/x86_64-linux/lib/libnvjpeg.so
2026-03-27 02:28:25,162 - INFO - [36m(setup pid=6112)[0m 	libnvjpeg.so (libc6,x86-64) => /usr/local/cuda-12.8/targets/x86_64-linux/lib/libnvjpeg.so
2026-03-27 02:28:25,162 - INFO - [36m(setup pid=6112)[0m 	libnvfatbin.so.12 (libc6,x86-64) => /usr/local/cuda-12.4/targets/x86_64-linux/lib/libnvfatbin.so.12
2026-03-27 02:28:25,162 - INFO - [36m(setup pid=6112)[0m 	libnvfatbin.so.12 (libc6,x86-64) => /usr/local/cuda-12.5/targets/x86_64-linux/lib/libnvfatbin.so.12
2026-03-27 02:28:25,162 - INFO - [36m(setup pid=6112)[0m 	libnvfatbin.so.12 (libc6,x86-64) => /usr/local/cuda-12.6/targets/x86_64-linux/lib/libnvfatbin.so.12
2026-03-27 02:28:25,162 - INFO - [36m(setup pid=6112)[0m 	libnvfatbin.so.12 (libc6,x86-64) => /usr/local/cuda-12.8/targets/x86_64-linux/lib/libnvfatbin.so.12
2026-03-27 02:28:25,162 - INFO - [36m(setup pid=6112)[0m 	libnvfatbin.so (libc6,x86-64) => /usr/local/cuda-12.4/targets/x86_64-linux/lib/libnvfatbin.so
2026-03-27 02:28:25,162 - INFO - [36m(setup pid=6112)[0m 	libnvfatbin.so (libc6,x86-64) => /usr/local/cuda-12.5/targets/x86_64-linux/lib/libnvfatbin.so
2026-03-27 02:28:25,162 - INFO - [36m(setup pid=6112)[0m 	libnvfatbin.so (libc6,x86-64) => /usr/local/cuda-12.6/targets/x86_64-linux/lib/libnvfatbin.so
2026-03-27 02:28:25,162 - INFO - [36m(setup pid=6112)[0m 	libnvfatbin.so (libc6,x86-64) => /usr/local/cuda-12.8/targets/x86_64-linux/lib/libnvfatbin.so
2026-03-27 02:28:25,162 - INFO - [36m(setup pid=6112)[0m 	libnvblas.so.12 (libc6,x86-64) => /usr/local/cuda-12.4/targets/x86_64-linux/lib/libnvblas.so.12
2026-03-27 02:28:25,162 - INFO - [36m(setup pid=6112)[0m 	libnvblas.so.12 (libc6,x86-64) => /usr/local/cuda-12.5/targets/x86_64-linux/lib/libnvblas.so.12
2026-03-27 02:28:25,162 - INFO - [36m(setup pid=6112)[0m 	libnvblas.so.12 (libc6,x86-64) => /usr/local/cuda-12.6/targets/x86_64-linux/lib/libnvblas.so.12
2026-03-27 02:28:25,162 - INFO - [36m(setup pid=6112)[0m 	libnvblas.so.12 (libc6,x86-64) => /usr/local/cuda-12.8/targets/x86_64-linux/lib/libnvblas.so.12
2026-03-27 02:28:25,162 - INFO - [36m(setup pid=6112)[0m 	libnvblas.so (libc6,x86-64) => /usr/local/cuda-12.4/targets/x86_64-linux/lib/libnvblas.so
2026-03-27 02:28:25,162 - INFO - [36m(setup pid=6112)[0m 	libnvblas.so (libc6,x86-64) => /usr/local/cuda-12.5/targets/x86_64-linux/lib/libnvblas.so
2026-03-27 02:28:25,162 - INFO - [36m(setup pid=6112)[0m 	libnvblas.so (libc6,x86-64) => /usr/local/cuda-12.6/targets/x86_64-linux/lib/libnvblas.so
2026-03-27 02:28:25,162 - INFO - [36m(setup pid=6112)[0m 	libnvblas.so (libc6,x86-64) => /usr/local/cuda-12.8/targets/x86_64-linux/lib/libnvblas.so
2026-03-27 02:28:25,162 - INFO - [36m(setup pid=6112)[0m 	libnvToolsExt.so.1 (libc6,x86-64) => /usr/local/cuda-12.4/targets/x86_64-linux/lib/libnvToolsExt.so.1
2026-03-27 02:28:25,162 - INFO - [36m(setup pid=6112)[0m 	libnvToolsExt.so.1 (libc6,x86-64) => /usr/local/cuda-12.5/targets/x86_64-linux/lib/libnvToolsExt.so.1
2026-03-27 02:28:25,162 - INFO - [36m(setup pid=6112)[0m 	libnvToolsExt.so.1 (libc6,x86-64) => /usr/local/cuda-12.6/targets/x86_64-linux/lib/libnvToolsExt.so.1
2026-03-27 02:28:25,162 - INFO - [36m(setup pid=6112)[0m 	libnvToolsExt.so.1 (libc6,x86-64) => /usr/local/cuda-12.8/targets/x86_64-linux/lib/libnvToolsExt.so.1
2026-03-27 02:28:25,162 - INFO - [36m(setup pid=6112)[0m 	libnvToolsExt.so (libc6,x86-64) => /usr/local/cuda-12.4/targets/x86_64-linux/lib/libnvToolsExt.so
2026-03-27 02:28:25,162 - INFO - [36m(setup pid=6112)[0m 	libnvToolsExt.so (libc6,x86-64) => /usr/local/cuda-12.5/targets/x86_64-linux/lib/libnvToolsExt.so
2026-03-27 02:28:25,162 - INFO - [36m(setup pid=6112)[0m 	libnvToolsExt.so (libc6,x86-64) => /usr/local/cuda-12.6/targets/x86_64-linux/lib/libnvToolsExt.so
2026-03-27 02:28:25,163 - INFO - [36m(setup pid=6112)[0m 	libnvToolsExt.so (libc6,x86-64) => /usr/local/cuda-12.8/targets/x86_64-linux/lib/libnvToolsExt.so
2026-03-27 02:28:25,163 - INFO - [36m(setup pid=6112)[0m 	libnvJitLink.so.12 (libc6,x86-64) => /usr/local/cuda-12.4/targets/x86_64-linux/lib/libnvJitLink.so.12
2026-03-27 02:28:25,163 - INFO - [36m(setup pid=6112)[0m 	libnvJitLink.so.12 (libc6,x86-64) => /usr/local/cuda-12.5/targets/x86_64-linux/lib/libnvJitLink.so.12
2026-03-27 02:28:25,163 - INFO - [36m(setup pid=6112)[0m 	libnvJitLink.so.12 (libc6,x86-64) => /usr/local/cuda-12.6/targets/x86_64-linux/lib/libnvJitLink.so.12
2026-03-27 02:28:25,163 - INFO - [36m(setup pid=6112)[0m 	libnvJitLink.so.12 (libc6,x86-64) => /usr/local/cuda-12.8/targets/x86_64-linux/lib/libnvJitLink.so.12
2026-03-27 02:28:25,163 - INFO - [36m(setup pid=6112)[0m 	libnvJitLink.so (libc6,x86-64) => /usr/local/cuda-12.4/targets/x86_64-linux/lib/libnvJitLink.so
2026-03-27 02:28:25,163 - INFO - [36m(setup pid=6112)[0m 	libnvJitLink.so (libc6,x86-64) => /usr/local/cuda-12.5/targets/x86_64-linux/lib/libnvJitLink.so
2026-03-27 02:28:25,163 - INFO - [36m(setup pid=6112)[0m 	libnvJitLink.so (libc6,x86-64) => /usr/local/cuda-12.6/targets/x86_64-linux/lib/libnvJitLink.so
2026-03-27 02:28:25,163 - INFO - [36m(setup pid=6112)[0m 	libnvJitLink.so (libc6,x86-64) => /usr/local/cuda-12.8/targets/x86_64-linux/lib/libnvJitLink.so
2026-03-27 02:28:25,163 - INFO - [36m(setup pid=6112)[0m 	libnpps.so.12 (libc6,x86-64) => /usr/local/cuda-12.4/targets/x86_64-linux/lib/libnpps.so.12
2026-03-27 02:28:25,163 - INFO - [36m(setup pid=6112)[0m 	libnpps.so.12 (libc6,x86-64) => /usr/local/cuda-12.5/targets/x86_64-linux/lib/libnpps.so.12
2026-03-27 02:28:25,163 - INFO - [36m(setup pid=6112)[0m 	libnpps.so.12 (libc6,x86-64) => /usr/local/cuda-12.6/targets/x86_64-linux/lib/libnpps.so.12
2026-03-27 02:28:25,163 - INFO - [36m(setup pid=6112)[0m 	libnpps.so.12 (libc6,x86-64) => /usr/local/cuda-12.8/targets/x86_64-linux/lib/libnpps.so.12
2026-03-27 02:28:25,163 - INFO - [36m(setup pid=6112)[0m 	libnpps.so (libc6,x86-64) => /usr/local/cuda-12.4/targets/x86_64-linux/lib/libnpps.so
2026-03-27 02:28:25,163 - INFO - [36m(setup pid=6112)[0m 	libnpps.so (libc6,x86-64) => /usr/local/cuda-12.5/targets/x86_64-linux/lib/libnpps.so
2026-03-27 02:28:25,163 - INFO - [36m(setup pid=6112)[0m 	libnpps.so (libc6,x86-64) => /usr/local/cuda-12.6/targets/x86_64-linux/lib/libnpps.so
2026-03-27 02:28:25,163 - INFO - [36m(setup pid=6112)[0m 	libnpps.so (libc6,x86-64) => /usr/local/cuda-12.8/targets/x86_64-linux/lib/libnpps.so
2026-03-27 02:28:25,163 - INFO - [36m(setup pid=6112)[0m 	libnppitc.so.12 (libc6,x86-64) => /usr/local/cuda-12.4/targets/x86_64-linux/lib/libnppitc.so.12
2026-03-27 02:28:25,163 - INFO - [36m(setup pid=6112)[0m 	libnppitc.so.12 (libc6,x86-64) => /usr/local/cuda-12.5/targets/x86_64-linux/lib/libnppitc.so.12
2026-03-27 02:28:25,163 - INFO - [36m(setup pid=6112)[0m 	libnppitc.so.12 (libc6,x86-64) => /usr/local/cuda-12.6/targets/x86_64-linux/lib/libnppitc.so.12
2026-03-27 02:28:25,163 - INFO - [36m(setup pid=6112)[0m 	libnppitc.so.12 (libc6,x86-64) => /usr/local/cuda-12.8/targets/x86_64-linux/lib/libnppitc.so.12
2026-03-27 02:28:25,163 - INFO - [36m(setup pid=6112)[0m 	libnppitc.so (libc6,x86-64) => /usr/local/cuda-12.4/targets/x86_64-linux/lib/libnppitc.so
2026-03-27 02:28:25,163 - INFO - [36m(setup pid=6112)[0m 	libnppitc.so (libc6,x86-64) => /usr/local/cuda-12.5/targets/x86_64-linux/lib/libnppitc.so
2026-03-27 02:28:25,163 - INFO - [36m(setup pid=6112)[0m 	libnppitc.so (libc6,x86-64) => /usr/local/cuda-12.6/targets/x86_64-linux/lib/libnppitc.so
2026-03-27 02:28:25,163 - INFO - [36m(setup pid=6112)[0m 	libnppitc.so (libc6,x86-64) => /usr/local/cuda-12.8/targets/x86_64-linux/lib/libnppitc.so
2026-03-27 02:28:25,163 - INFO - [36m(setup pid=6112)[0m 	libnppisu.so.12 (libc6,x86-64) => /usr/local/cuda-12.4/targets/x86_64-linux/lib/libnppisu.so.12
2026-03-27 02:28:25,163 - INFO - [36m(setup pid=6112)[0m 	libnppisu.so.12 (libc6,x86-64) => /usr/local/cuda-12.5/targets/x86_64-linux/lib/libnppisu.so.12
2026-03-27 02:28:25,163 - INFO - [36m(setup pid=6112)[0m 	libnppisu.so.12 (libc6,x86-64) => /usr/local/cuda-12.6/targets/x86_64-linux/lib/libnppisu.so.12
2026-03-27 02:28:25,163 - INFO - [36m(setup pid=6112)[0m 	libnppisu.so.12 (libc6,x86-64) => /usr/local/cuda-12.8/targets/x86_64-linux/lib/libnppisu.so.12
2026-03-27 02:28:25,163 - INFO - [36m(setup pid=6112)[0m 	libnppisu.so (libc6,x86-64) => /usr/local/cuda-12.4/targets/x86_64-linux/lib/libnppisu.so
2026-03-27 02:28:25,163 - INFO - [36m(setup pid=6112)[0m 	libnppisu.so (libc6,x86-64) => /usr/local/cuda-12.5/targets/x86_64-linux/lib/libnppisu.so
2026-03-27 02:28:25,163 - INFO - [36m(setup pid=6112)[0m 	libnppisu.so (libc6,x86-64) => /usr/local/cuda-12.6/targets/x86_64-linux/lib/libnppisu.so
2026-03-27 02:28:25,163 - INFO - [36m(setup pid=6112)[0m 	libnppisu.so (libc6,x86-64) => /usr/local/cuda-12.8/targets/x86_64-linux/lib/libnppisu.so
2026-03-27 02:28:25,163 - INFO - [36m(setup pid=6112)[0m 	libnppist.so.12 (libc6,x86-64) => /usr/local/cuda-12.4/targets/x86_64-linux/lib/libnppist.so.12
2026-03-27 02:28:25,163 - INFO - [36m(setup pid=6112)[0m 	libnppist.so.12 (libc6,x86-64) => /usr/local/cuda-12.5/targets/x86_64-linux/lib/libnppist.so.12
2026-03-27 02:28:25,163 - INFO - [36m(setup pid=6112)[0m 	libnppist.so.12 (libc6,x86-64) => /usr/local/cuda-12.6/targets/x86_64-linux/lib/libnppist.so.12
2026-03-27 02:28:25,163 - INFO - [36m(setup pid=6112)[0m 	libnppist.so.12 (libc6,x86-64) => /usr/local/cuda-12.8/targets/x86_64-linux/lib/libnppist.so.12
2026-03-27 02:28:25,163 - INFO - [36m(setup pid=6112)[0m 	libnppist.so (libc6,x86-64) => /usr/local/cuda-12.4/targets/x86_64-linux/lib/libnppist.so
2026-03-27 02:28:25,163 - INFO - [36m(setup pid=6112)[0m 	libnppist.so (libc6,x86-64) => /usr/local/cuda-12.5/targets/x86_64-linux/lib/libnppist.so
2026-03-27 02:28:25,163 - INFO - [36m(setup pid=6112)[0m 	libnppist.so (libc6,x86-64) => /usr/local/cuda-12.6/targets/x86_64-linux/lib/libnppist.so
2026-03-27 02:28:25,163 - INFO - [36m(setup pid=6112)[0m 	libnppist.so (libc6,x86-64) => /usr/local/cuda-12.8/targets/x86_64-linux/lib/libnppist.so
2026-03-27 02:28:25,163 - INFO - [36m(setup pid=6112)[0m 	libnppim.so.12 (libc6,x86-64) => /usr/local/cuda-12.4/targets/x86_64-linux/lib/libnppim.so.12
2026-03-27 02:28:25,163 - INFO - [36m(setup pid=6112)[0m 	libnppim.so.12 (libc6,x86-64) => /usr/local/cuda-12.5/targets/x86_64-linux/lib/libnppim.so.12
2026-03-27 02:28:25,163 - INFO - [36m(setup pid=6112)[0m 	libnppim.so.12 (libc6,x86-64) => /usr/local/cuda-12.6/targets/x86_64-linux/lib/libnppim.so.12
2026-03-27 02:28:25,163 - INFO - [36m(setup pid=6112)[0m 	libnppim.so.12 (libc6,x86-64) => /usr/local/cuda-12.8/targets/x86_64-linux/lib/libnppim.so.12
2026-03-27 02:28:25,163 - INFO - [36m(setup pid=6112)[0m 	libnppim.so (libc6,x86-64) => /usr/local/cuda-12.4/targets/x86_64-linux/lib/libnppim.so
2026-03-27 02:28:25,163 - INFO - [36m(setup pid=6112)[0m 	libnppim.so (libc6,x86-64) => /usr/local/cuda-12.5/targets/x86_64-linux/lib/libnppim.so
2026-03-27 02:28:25,163 - INFO - [36m(setup pid=6112)[0m 	libnppim.so (libc6,x86-64) => /usr/local/cuda-12.6/targets/x86_64-linux/lib/libnppim.so
2026-03-27 02:28:25,163 - INFO - [36m(setup pid=6112)[0m 	libnppim.so (libc6,x86-64) => /usr/local/cuda-12.8/targets/x86_64-linux/lib/libnppim.so
2026-03-27 02:28:25,163 - INFO - [36m(setup pid=6112)[0m 	libnppig.so.12 (libc6,x86-64) => /usr/local/cuda-12.4/targets/x86_64-linux/lib/libnppig.so.12
2026-03-27 02:28:25,163 - INFO - [36m(setup pid=6112)[0m 	libnppig.so.12 (libc6,x86-64) => /usr/local/cuda-12.5/targets/x86_64-linux/lib/libnppig.so.12
2026-03-27 02:28:25,163 - INFO - [36m(setup pid=6112)[0m 	libnppig.so.12 (libc6,x86-64) => /usr/local/cuda-12.6/targets/x86_64-linux/lib/libnppig.so.12
2026-03-27 02:28:25,163 - INFO - [36m(setup pid=6112)[0m 	libnppig.so.12 (libc6,x86-64) => /usr/local/cuda-12.8/targets/x86_64-linux/lib/libnppig.so.12
2026-03-27 02:28:25,163 - INFO - [36m(setup pid=6112)[0m 	libnppig.so (libc6,x86-64) => /usr/local/cuda-12.4/targets/x86_64-linux/lib/libnppig.so
2026-03-27 02:28:25,163 - INFO - [36m(setup pid=6112)[0m 	libnppig.so (libc6,x86-64) => /usr/local/cuda-12.5/targets/x86_64-linux/lib/libnppig.so
2026-03-27 02:28:25,163 - INFO - [36m(setup pid=6112)[0m 	libnppig.so (libc6,x86-64) => /usr/local/cuda-12.6/targets/x86_64-linux/lib/libnppig.so
2026-03-27 02:28:25,163 - INFO - [36m(setup pid=6112)[0m 	libnppig.so (libc6,x86-64) => /usr/local/cuda-12.8/targets/x86_64-linux/lib/libnppig.so
2026-03-27 02:28:25,163 - INFO - [36m(setup pid=6112)[0m 	libnppif.so.12 (libc6,x86-64) => /usr/local/cuda-12.4/targets/x86_64-linux/lib/libnppif.so.12
2026-03-27 02:28:25,163 - INFO - [36m(setup pid=6112)[0m 	libnppif.so.12 (libc6,x86-64) => /usr/local/cuda-12.5/targets/x86_64-linux/lib/libnppif.so.12
2026-03-27 02:28:25,163 - INFO - [36m(setup pid=6112)[0m 	libnppif.so.12 (libc6,x86-64) => /usr/local/cuda-12.6/targets/x86_64-linux/lib/libnppif.so.12
2026-03-27 02:28:25,163 - INFO - [36m(setup pid=6112)[0m 	libnppif.so.12 (libc6,x86-64) => /usr/local/cuda-12.8/targets/x86_64-linux/lib/libnppif.so.12
2026-03-27 02:28:25,163 - INFO - [36m(setup pid=6112)[0m 	libnppif.so (libc6,x86-64) => /usr/local/cuda-12.4/targets/x86_64-linux/lib/libnppif.so
2026-03-27 02:28:25,163 - INFO - [36m(setup pid=6112)[0m 	libnppif.so (libc6,x86-64) => /usr/local/cuda-12.5/targets/x86_64-linux/lib/libnppif.so
2026-03-27 02:28:25,163 - INFO - [36m(setup pid=6112)[0m 	libnppif.so (libc6,x86-64) => /usr/local/cuda-12.6/targets/x86_64-linux/lib/libnppif.so
2026-03-27 02:28:25,163 - INFO - [36m(setup pid=6112)[0m 	libnppif.so (libc6,x86-64) => /usr/local/cuda-12.8/targets/x86_64-linux/lib/libnppif.so
2026-03-27 02:28:25,163 - INFO - [36m(setup pid=6112)[0m 	libnppidei.so.12 (libc6,x86-64) => /usr/local/cuda-12.4/targets/x86_64-linux/lib/libnppidei.so.12
2026-03-27 02:28:25,163 - INFO - [36m(setup pid=6112)[0m 	libnppidei.so.12 (libc6,x86-64) => /usr/local/cuda-12.5/targets/x86_64-linux/lib/libnppidei.so.12
2026-03-27 02:28:25,163 - INFO - [36m(setup pid=6112)[0m 	libnppidei.so.12 (libc6,x86-64) => /usr/local/cuda-12.6/targets/x86_64-linux/lib/libnppidei.so.12
2026-03-27 02:28:25,163 - INFO - [36m(setup pid=6112)[0m 	libnppidei.so.12 (libc6,x86-64) => /usr/local/cuda-12.8/targets/x86_64-linux/lib/libnppidei.so.12
2026-03-27 02:28:25,163 - INFO - [36m(setup pid=6112)[0m 	libnppidei.so (libc6,x86-64) => /usr/local/cuda-12.4/targets/x86_64-linux/lib/libnppidei.so
2026-03-27 02:28:25,163 - INFO - [36m(setup pid=6112)[0m 	libnppidei.so (libc6,x86-64) => /usr/local/cuda-12.5/targets/x86_64-linux/lib/libnppidei.so
2026-03-27 02:28:25,163 - INFO - [36m(setup pid=6112)[0m 	libnppidei.so (libc6,x86-64) => /usr/local/cuda-12.6/targets/x86_64-linux/lib/libnppidei.so
2026-03-27 02:28:25,163 - INFO - [36m(setup pid=6112)[0m 	libnppidei.so (libc6,x86-64) => /usr/local/cuda-12.8/targets/x86_64-linux/lib/libnppidei.so
2026-03-27 02:28:25,163 - INFO - [36m(setup pid=6112)[0m 	libnppicc.so.12 (libc6,x86-64) => /usr/local/cuda-12.4/targets/x86_64-linux/lib/libnppicc.so.12
2026-03-27 02:28:25,163 - INFO - [36m(setup pid=6112)[0m 	libnppicc.so.12 (libc6,x86-64) => /usr/local/cuda-12.5/targets/x86_64-linux/lib/libnppicc.so.12
2026-03-27 02:28:25,163 - INFO - [36m(setup pid=6112)[0m 	libnppicc.so.12 (libc6,x86-64) => /usr/local/cuda-12.6/targets/x86_64-linux/lib/libnppicc.so.12
2026-03-27 02:28:25,163 - INFO - [36m(setup pid=6112)[0m 	libnppicc.so.12 (libc6,x86-64) => /usr/local/cuda-12.8/targets/x86_64-linux/lib/libnppicc.so.12
2026-03-27 02:28:25,163 - INFO - [36m(setup pid=6112)[0m 	libnppicc.so (libc6,x86-64) => /usr/local/cuda-12.4/targets/x86_64-linux/lib/libnppicc.so
2026-03-27 02:28:25,163 - INFO - [36m(setup pid=6112)[0m 	libnppicc.so (libc6,x86-64) => /usr/local/cuda-12.5/targets/x86_64-linux/lib/libnppicc.so
2026-03-27 02:28:25,163 - INFO - [36m(setup pid=6112)[0m 	libnppicc.so (libc6,x86-64) => /usr/local/cuda-12.6/targets/x86_64-linux/lib/libnppicc.so
2026-03-27 02:28:25,163 - INFO - [36m(setup pid=6112)[0m 	libnppicc.so (libc6,x86-64) => /usr/local/cuda-12.8/targets/x86_64-linux/lib/libnppicc.so
2026-03-27 02:28:25,163 - INFO - [36m(setup pid=6112)[0m 	libnppial.so.12 (libc6,x86-64) => /usr/local/cuda-12.4/targets/x86_64-linux/lib/libnppial.so.12
2026-03-27 02:28:25,163 - INFO - [36m(setup pid=6112)[0m 	libnppial.so.12 (libc6,x86-64) => /usr/local/cuda-12.5/targets/x86_64-linux/lib/libnppial.so.12
2026-03-27 02:28:25,163 - INFO - [36m(setup pid=6112)[0m 	libnppial.so.12 (libc6,x86-64) => /usr/local/cuda-12.6/targets/x86_64-linux/lib/libnppial.so.12
2026-03-27 02:28:25,163 - INFO - [36m(setup pid=6112)[0m 	libnppial.so.12 (libc6,x86-64) => /usr/local/cuda-12.8/targets/x86_64-linux/lib/libnppial.so.12
2026-03-27 02:28:25,163 - INFO - [36m(setup pid=6112)[0m 	libnppial.so (libc6,x86-64) => /usr/local/cuda-12.4/targets/x86_64-linux/lib/libnppial.so
2026-03-27 02:28:25,163 - INFO - [36m(setup pid=6112)[0m 	libnppial.so (libc6,x86-64) => /usr/local/cuda-12.5/targets/x86_64-linux/lib/libnppial.so
2026-03-27 02:28:25,163 - INFO - [36m(setup pid=6112)[0m 	libnppial.so (libc6,x86-64) => /usr/local/cuda-12.6/targets/x86_64-linux/lib/libnppial.so
2026-03-27 02:28:25,163 - INFO - [36m(setup pid=6112)[0m 	libnppial.so (libc6,x86-64) => /usr/local/cuda-12.8/targets/x86_64-linux/lib/libnppial.so
2026-03-27 02:28:25,163 - INFO - [36m(setup pid=6112)[0m 	libnppc.so.12 (libc6,x86-64) => /usr/local/cuda-12.4/targets/x86_64-linux/lib/libnppc.so.12
2026-03-27 02:28:25,163 - INFO - [36m(setup pid=6112)[0m 	libnppc.so.12 (libc6,x86-64) => /usr/local/cuda-12.5/targets/x86_64-linux/lib/libnppc.so.12
2026-03-27 02:28:25,163 - INFO - [36m(setup pid=6112)[0m 	libnppc.so.12 (libc6,x86-64) => /usr/local/cuda-12.6/targets/x86_64-linux/lib/libnppc.so.12
2026-03-27 02:28:25,163 - INFO - [36m(setup pid=6112)[0m 	libnppc.so.12 (libc6,x86-64) => /usr/local/cuda-12.8/targets/x86_64-linux/lib/libnppc.so.12
2026-03-27 02:28:25,163 - INFO - [36m(setup pid=6112)[0m 	libnppc.so (libc6,x86-64) => /usr/local/cuda-12.4/targets/x86_64-linux/lib/libnppc.so
2026-03-27 02:28:25,163 - INFO - [36m(setup pid=6112)[0m 	libnppc.so (libc6,x86-64) => /usr/local/cuda-12.5/targets/x86_64-linux/lib/libnppc.so
2026-03-27 02:28:25,163 - INFO - [36m(setup pid=6112)[0m 	libnppc.so (libc6,x86-64) => /usr/local/cuda-12.6/targets/x86_64-linux/lib/libnppc.so
2026-03-27 02:28:25,163 - INFO - [36m(setup pid=6112)[0m 	libnppc.so (libc6,x86-64) => /usr/local/cuda-12.8/targets/x86_64-linux/lib/libnppc.so
2026-03-27 02:28:25,163 - INFO - [36m(setup pid=6112)[0m 	libicudata.so.70 (libc6,x86-64) => /lib/x86_64-linux-gnu/libicudata.so.70
2026-03-27 02:28:25,163 - INFO - [36m(setup pid=6112)[0m 	libcusparse.so.12 (libc6,x86-64) => /usr/local/cuda-12.4/targets/x86_64-linux/lib/libcusparse.so.12
2026-03-27 02:28:25,163 - INFO - [36m(setup pid=6112)[0m 	libcusparse.so.12 (libc6,x86-64) => /usr/local/cuda-12.5/targets/x86_64-linux/lib/libcusparse.so.12
2026-03-27 02:28:25,163 - INFO - [36m(setup pid=6112)[0m 	libcusparse.so.12 (libc6,x86-64) => /usr/local/cuda-12.6/targets/x86_64-linux/lib/libcusparse.so.12
2026-03-27 02:28:25,163 - INFO - [36m(setup pid=6112)[0m 	libcusparse.so.12 (libc6,x86-64) => /usr/local/cuda-12.8/targets/x86_64-linux/lib/libcusparse.so.12
2026-03-27 02:28:25,163 - INFO - [36m(setup pid=6112)[0m 	libcusparse.so (libc6,x86-64) => /usr/local/cuda-12.4/targets/x86_64-linux/lib/libcusparse.so
2026-03-27 02:28:25,163 - INFO - [36m(setup pid=6112)[0m 	libcusparse.so (libc6,x86-64) => /usr/local/cuda-12.5/targets/x86_64-linux/lib/libcusparse.so
2026-03-27 02:28:25,163 - INFO - [36m(setup pid=6112)[0m 	libcusparse.so (libc6,x86-64) => /usr/local/cuda-12.6/targets/x86_64-linux/lib/libcusparse.so
2026-03-27 02:28:25,163 - INFO - [36m(setup pid=6112)[0m 	libcusparse.so (libc6,x86-64) => /usr/local/cuda-12.8/targets/x86_64-linux/lib/libcusparse.so
2026-03-27 02:28:25,163 - INFO - [36m(setup pid=6112)[0m 	libcusolverMg.so.11 (libc6,x86-64) => /usr/local/cuda-12.4/targets/x86_64-linux/lib/libcusolverMg.so.11
2026-03-27 02:28:25,163 - INFO - [36m(setup pid=6112)[0m 	libcusolverMg.so.11 (libc6,x86-64) => /usr/local/cuda-12.5/targets/x86_64-linux/lib/libcusolverMg.so.11
2026-03-27 02:28:25,163 - INFO - [36m(setup pid=6112)[0m 	libcusolverMg.so.11 (libc6,x86-64) => /usr/local/cuda-12.6/targets/x86_64-linux/lib/libcusolverMg.so.11
2026-03-27 02:28:25,163 - INFO - [36m(setup pid=6112)[0m 	libcusolverMg.so.11 (libc6,x86-64) => /usr/local/cuda-12.8/targets/x86_64-linux/lib/libcusolverMg.so.11
2026-03-27 02:28:25,163 - INFO - [36m(setup pid=6112)[0m 	libcusolverMg.so (libc6,x86-64) => /usr/local/cuda-12.4/targets/x86_64-linux/lib/libcusolverMg.so
2026-03-27 02:28:25,163 - INFO - [36m(setup pid=6112)[0m 	libcusolverMg.so (libc6,x86-64) => /usr/local/cuda-12.5/targets/x86_64-linux/lib/libcusolverMg.so
2026-03-27 02:28:25,163 - INFO - [36m(setup pid=6112)[0m 	libcusolverMg.so (libc6,x86-64) => /usr/local/cuda-12.6/targets/x86_64-linux/lib/libcusolverMg.so
2026-03-27 02:28:25,163 - INFO - [36m(setup pid=6112)[0m 	libcusolverMg.so (libc6,x86-64) => /usr/local/cuda-12.8/targets/x86_64-linux/lib/libcusolverMg.so
2026-03-27 02:28:25,163 - INFO - [36m(setup pid=6112)[0m 	libcusolver.so.11 (libc6,x86-64) => /usr/local/cuda-12.4/targets/x86_64-linux/lib/libcusolver.so.11
2026-03-27 02:28:25,163 - INFO - [36m(setup pid=6112)[0m 	libcusolver.so.11 (libc6,x86-64) => /usr/local/cuda-12.5/targets/x86_64-linux/lib/libcusolver.so.11
2026-03-27 02:28:25,163 - INFO - [36m(setup pid=6112)[0m 	libcusolver.so.11 (libc6,x86-64) => /usr/local/cuda-12.6/targets/x86_64-linux/lib/libcusolver.so.11
2026-03-27 02:28:25,163 - INFO - [36m(setup pid=6112)[0m 	libcusolver.so.11 (libc6,x86-64) => /usr/local/cuda-12.8/targets/x86_64-linux/lib/libcusolver.so.11
2026-03-27 02:28:25,163 - INFO - [36m(setup pid=6112)[0m 	libcusolver.so (libc6,x86-64) => /usr/local/cuda-12.4/targets/x86_64-linux/lib/libcusolver.so
2026-03-27 02:28:25,163 - INFO - [36m(setup pid=6112)[0m 	libcusolver.so (libc6,x86-64) => /usr/local/cuda-12.5/targets/x86_64-linux/lib/libcusolver.so
2026-03-27 02:28:25,163 - INFO - [36m(setup pid=6112)[0m 	libcusolver.so (libc6,x86-64) => /usr/local/cuda-12.6/targets/x86_64-linux/lib/libcusolver.so
2026-03-27 02:28:25,163 - INFO - [36m(setup pid=6112)[0m 	libcusolver.so (libc6,x86-64) => /usr/local/cuda-12.8/targets/x86_64-linux/lib/libcusolver.so
2026-03-27 02:28:25,163 - INFO - [36m(setup pid=6112)[0m 	libcurand.so.10 (libc6,x86-64) => /usr/local/cuda-12.4/targets/x86_64-linux/lib/libcurand.so.10
2026-03-27 02:28:25,163 - INFO - [36m(setup pid=6112)[0m 	libcurand.so.10 (libc6,x86-64) => /usr/local/cuda-12.5/targets/x86_64-linux/lib/libcurand.so.10
2026-03-27 02:28:25,163 - INFO - [36m(setup pid=6112)[0m 	libcurand.so.10 (libc6,x86-64) => /usr/local/cuda-12.6/targets/x86_64-linux/lib/libcurand.so.10
2026-03-27 02:28:25,163 - INFO - [36m(setup pid=6112)[0m 	libcurand.so.10 (libc6,x86-64) => /usr/local/cuda-12.8/targets/x86_64-linux/lib/libcurand.so.10
2026-03-27 02:28:25,164 - INFO - [36m(setup pid=6112)[0m 	libcurand.so (libc6,x86-64) => /usr/local/cuda-12.4/targets/x86_64-linux/lib/libcurand.so
2026-03-27 02:28:25,164 - INFO - [36m(setup pid=6112)[0m 	libcurand.so (libc6,x86-64) => /usr/local/cuda-12.5/targets/x86_64-linux/lib/libcurand.so
2026-03-27 02:28:25,164 - INFO - [36m(setup pid=6112)[0m 	libcurand.so (libc6,x86-64) => /usr/local/cuda-12.6/targets/x86_64-linux/lib/libcurand.so
2026-03-27 02:28:25,164 - INFO - [36m(setup pid=6112)[0m 	libcurand.so (libc6,x86-64) => /usr/local/cuda-12.8/targets/x86_64-linux/lib/libcurand.so
2026-03-27 02:28:25,164 - INFO - [36m(setup pid=6112)[0m 	libcuinj64.so.12.8 (libc6,x86-64) => /usr/local/cuda-12.8/targets/x86_64-linux/lib/libcuinj64.so.12.8
2026-03-27 02:28:25,362 - INFO - [36m(setup pid=6112)[0m 	libcuinj64.so.12.6 (libc6,x86-64) => /usr/local/cuda-12.6/targets/x86_64-linux/lib/libcuinj64.so.12.6
2026-03-27 02:28:25,362 - INFO - [36m(setup pid=6112)[0m 	libcuinj64.so.12.5 (libc6,x86-64) => /usr/local/cuda-12.5/targets/x86_64-linux/lib/libcuinj64.so.12.5
2026-03-27 02:28:25,363 - INFO - [36m(setup pid=6112)[0m 	libcuinj64.so.12.4 (libc6,x86-64) => /usr/local/cuda-12.4/targets/x86_64-linux/lib/libcuinj64.so.12.4
2026-03-27 02:28:25,363 - INFO - [36m(setup pid=6112)[0m 	libcuinj64.so (libc6,x86-64) => /usr/local/cuda-12.4/targets/x86_64-linux/lib/libcuinj64.so
2026-03-27 02:28:25,363 - INFO - [36m(setup pid=6112)[0m 	libcuinj64.so (libc6,x86-64) => /usr/local/cuda-12.5/targets/x86_64-linux/lib/libcuinj64.so
2026-03-27 02:28:25,363 - INFO - [36m(setup pid=6112)[0m 	libcuinj64.so (libc6,x86-64) => /usr/local/cuda-12.6/targets/x86_64-linux/lib/libcuinj64.so
2026-03-27 02:28:25,363 - INFO - [36m(setup pid=6112)[0m 	libcuinj64.so (libc6,x86-64) => /usr/local/cuda-12.8/targets/x86_64-linux/lib/libcuinj64.so
2026-03-27 02:28:25,363 - INFO - [36m(setup pid=6112)[0m 	libcufile_rdma.so.1 (libc6,x86-64) => /usr/local/cuda-12.4/targets/x86_64-linux/lib/libcufile_rdma.so.1
2026-03-27 02:28:25,363 - INFO - [36m(setup pid=6112)[0m 	libcufile_rdma.so.1 (libc6,x86-64) => /usr/local/cuda-12.5/targets/x86_64-linux/lib/libcufile_rdma.so.1
2026-03-27 02:28:25,363 - INFO - [36m(setup pid=6112)[0m 	libcufile_rdma.so.1 (libc6,x86-64) => /usr/local/cuda-12.6/targets/x86_64-linux/lib/libcufile_rdma.so.1
2026-03-27 02:28:25,363 - INFO - [36m(setup pid=6112)[0m 	libcufile_rdma.so.1 (libc6,x86-64) => /usr/local/cuda-12.8/targets/x86_64-linux/lib/libcufile_rdma.so.1
2026-03-27 02:28:25,363 - INFO - [36m(setup pid=6112)[0m 	libcufile_rdma.so (libc6,x86-64) => /usr/local/cuda-12.4/targets/x86_64-linux/lib/libcufile_rdma.so
2026-03-27 02:28:25,363 - INFO - [36m(setup pid=6112)[0m 	libcufile_rdma.so (libc6,x86-64) => /usr/local/cuda-12.5/targets/x86_64-linux/lib/libcufile_rdma.so
2026-03-27 02:28:25,363 - INFO - [36m(setup pid=6112)[0m 	libcufile_rdma.so (libc6,x86-64) => /usr/local/cuda-12.6/targets/x86_64-linux/lib/libcufile_rdma.so
2026-03-27 02:28:25,363 - INFO - [36m(setup pid=6112)[0m 	libcufile_rdma.so (libc6,x86-64) => /usr/local/cuda-12.8/targets/x86_64-linux/lib/libcufile_rdma.so
2026-03-27 02:28:25,363 - INFO - [36m(setup pid=6112)[0m 	libcufile.so.0 (libc6,x86-64) => /usr/local/cuda-12.4/targets/x86_64-linux/lib/libcufile.so.0
2026-03-27 02:28:25,363 - INFO - [36m(setup pid=6112)[0m 	libcufile.so.0 (libc6,x86-64) => /usr/local/cuda-12.5/targets/x86_64-linux/lib/libcufile.so.0
2026-03-27 02:28:25,363 - INFO - [36m(setup pid=6112)[0m 	libcufile.so.0 (libc6,x86-64) => /usr/local/cuda-12.6/targets/x86_64-linux/lib/libcufile.so.0
2026-03-27 02:28:25,363 - INFO - [36m(setup pid=6112)[0m 	libcufile.so.0 (libc6,x86-64) => /usr/local/cuda-12.8/targets/x86_64-linux/lib/libcufile.so.0
2026-03-27 02:28:25,363 - INFO - [36m(setup pid=6112)[0m 	libcufile.so (libc6,x86-64) => /usr/local/cuda-12.4/targets/x86_64-linux/lib/libcufile.so
2026-03-27 02:28:25,363 - INFO - [36m(setup pid=6112)[0m 	libcufile.so (libc6,x86-64) => /usr/local/cuda-12.5/targets/x86_64-linux/lib/libcufile.so
2026-03-27 02:28:25,363 - INFO - [36m(setup pid=6112)[0m 	libcufile.so (libc6,x86-64) => /usr/local/cuda-12.6/targets/x86_64-linux/lib/libcufile.so
2026-03-27 02:28:25,363 - INFO - [36m(setup pid=6112)[0m 	libcufile.so (libc6,x86-64) => /usr/local/cuda-12.8/targets/x86_64-linux/lib/libcufile.so
2026-03-27 02:28:25,363 - INFO - [36m(setup pid=6112)[0m 	libcufftw.so.11 (libc6,x86-64) => /usr/local/cuda-12.4/targets/x86_64-linux/lib/libcufftw.so.11
2026-03-27 02:28:25,363 - INFO - [36m(setup pid=6112)[0m 	libcufftw.so.11 (libc6,x86-64) => /usr/local/cuda-12.5/targets/x86_64-linux/lib/libcufftw.so.11
2026-03-27 02:28:25,363 - INFO - [36m(setup pid=6112)[0m 	libcufftw.so.11 (libc6,x86-64) => /usr/local/cuda-12.6/targets/x86_64-linux/lib/libcufftw.so.11
2026-03-27 02:28:25,363 - INFO - [36m(setup pid=6112)[0m 	libcufftw.so.11 (libc6,x86-64) => /usr/local/cuda-12.8/targets/x86_64-linux/lib/libcufftw.so.11
2026-03-27 02:28:25,363 - INFO - [36m(setup pid=6112)[0m 	libcufftw.so (libc6,x86-64) => /usr/local/cuda-12.4/targets/x86_64-linux/lib/libcufftw.so
2026-03-27 02:28:25,363 - INFO - [36m(setup pid=6112)[0m 	libcufftw.so (libc6,x86-64) => /usr/local/cuda-12.5/targets/x86_64-linux/lib/libcufftw.so
2026-03-27 02:28:25,363 - INFO - [36m(setup pid=6112)[0m 	libcufftw.so (libc6,x86-64) => /usr/local/cuda-12.6/targets/x86_64-linux/lib/libcufftw.so
2026-03-27 02:28:25,363 - INFO - [36m(setup pid=6112)[0m 	libcufftw.so (libc6,x86-64) => /usr/local/cuda-12.8/targets/x86_64-linux/lib/libcufftw.so
2026-03-27 02:28:25,363 - INFO - [36m(setup pid=6112)[0m 	libcufft.so.11 (libc6,x86-64) => /usr/local/cuda-12.4/targets/x86_64-linux/lib/libcufft.so.11
2026-03-27 02:28:25,363 - INFO - [36m(setup pid=6112)[0m 	libcufft.so.11 (libc6,x86-64) => /usr/local/cuda-12.5/targets/x86_64-linux/lib/libcufft.so.11
2026-03-27 02:28:25,363 - INFO - [36m(setup pid=6112)[0m 	libcufft.so.11 (libc6,x86-64) => /usr/local/cuda-12.6/targets/x86_64-linux/lib/libcufft.so.11
2026-03-27 02:28:25,363 - INFO - [36m(setup pid=6112)[0m 	libcufft.so.11 (libc6,x86-64) => /usr/local/cuda-12.8/targets/x86_64-linux/lib/libcufft.so.11
2026-03-27 02:28:25,363 - INFO - [36m(setup pid=6112)[0m 	libcufft.so (libc6,x86-64) => /usr/local/cuda-12.4/targets/x86_64-linux/lib/libcufft.so
2026-03-27 02:28:25,363 - INFO - [36m(setup pid=6112)[0m 	libcufft.so (libc6,x86-64) => /usr/local/cuda-12.5/targets/x86_64-linux/lib/libcufft.so
2026-03-27 02:28:25,363 - INFO - [36m(setup pid=6112)[0m 	libcufft.so (libc6,x86-64) => /usr/local/cuda-12.6/targets/x86_64-linux/lib/libcufft.so
2026-03-27 02:28:25,363 - INFO - [36m(setup pid=6112)[0m 	libcufft.so (libc6,x86-64) => /usr/local/cuda-12.8/targets/x86_64-linux/lib/libcufft.so
2026-03-27 02:28:25,363 - INFO - [36m(setup pid=6112)[0m 	libcudart.so.12 (libc6,x86-64) => /usr/local/cuda-12.4/targets/x86_64-linux/lib/libcudart.so.12
2026-03-27 02:28:25,363 - INFO - [36m(setup pid=6112)[0m 	libcudart.so.12 (libc6,x86-64) => /usr/local/cuda-12.5/targets/x86_64-linux/lib/libcudart.so.12
2026-03-27 02:28:25,363 - INFO - [36m(setup pid=6112)[0m 	libcudart.so.12 (libc6,x86-64) => /usr/local/cuda-12.6/targets/x86_64-linux/lib/libcudart.so.12
2026-03-27 02:28:25,363 - INFO - [36m(setup pid=6112)[0m 	libcudart.so.12 (libc6,x86-64) => /usr/local/cuda-12.8/targets/x86_64-linux/lib/libcudart.so.12
2026-03-27 02:28:25,363 - INFO - [36m(setup pid=6112)[0m 	libcudart.so (libc6,x86-64) => /usr/local/cuda-12.4/targets/x86_64-linux/lib/libcudart.so
2026-03-27 02:28:25,363 - INFO - [36m(setup pid=6112)[0m 	libcudart.so (libc6,x86-64) => /usr/local/cuda-12.5/targets/x86_64-linux/lib/libcudart.so
2026-03-27 02:28:25,363 - INFO - [36m(setup pid=6112)[0m 	libcudart.so (libc6,x86-64) => /usr/local/cuda-12.6/targets/x86_64-linux/lib/libcudart.so
2026-03-27 02:28:25,363 - INFO - [36m(setup pid=6112)[0m 	libcudart.so (libc6,x86-64) => /usr/local/cuda-12.8/targets/x86_64-linux/lib/libcudart.so
2026-03-27 02:28:25,363 - INFO - [36m(setup pid=6112)[0m 	libcudadebugger.so.1 (libc6,x86-64) => /lib/x86_64-linux-gnu/libcudadebugger.so.1
2026-03-27 02:28:25,363 - INFO - [36m(setup pid=6112)[0m 	libcuda.so.1 (libc6,x86-64) => /lib/x86_64-linux-gnu/libcuda.so.1
2026-03-27 02:28:25,363 - INFO - [36m(setup pid=6112)[0m 	libcuda.so (libc6,x86-64) => /lib/x86_64-linux-gnu/libcuda.so
2026-03-27 02:28:25,363 - INFO - [36m(setup pid=6112)[0m 	libcublasLt.so.12 (libc6,x86-64) => /usr/local/cuda-12.4/targets/x86_64-linux/lib/libcublasLt.so.12
2026-03-27 02:28:25,363 - INFO - [36m(setup pid=6112)[0m 	libcublasLt.so.12 (libc6,x86-64) => /usr/local/cuda-12.5/targets/x86_64-linux/lib/libcublasLt.so.12
2026-03-27 02:28:25,363 - INFO - [36m(setup pid=6112)[0m 	libcublasLt.so.12 (libc6,x86-64) => /usr/local/cuda-12.6/targets/x86_64-linux/lib/libcublasLt.so.12
2026-03-27 02:28:25,363 - INFO - [36m(setup pid=6112)[0m 	libcublasLt.so.12 (libc6,x86-64) => /usr/local/cuda-12.8/targets/x86_64-linux/lib/libcublasLt.so.12
2026-03-27 02:28:25,363 - INFO - [36m(setup pid=6112)[0m 	libcublasLt.so (libc6,x86-64) => /usr/local/cuda-12.4/targets/x86_64-linux/lib/libcublasLt.so
2026-03-27 02:28:25,363 - INFO - [36m(setup pid=6112)[0m 	libcublasLt.so (libc6,x86-64) => /usr/local/cuda-12.5/targets/x86_64-linux/lib/libcublasLt.so
2026-03-27 02:28:25,363 - INFO - [36m(setup pid=6112)[0m 	libcublasLt.so (libc6,x86-64) => /usr/local/cuda-12.6/targets/x86_64-linux/lib/libcublasLt.so
2026-03-27 02:28:25,363 - INFO - [36m(setup pid=6112)[0m 	libcublasLt.so (libc6,x86-64) => /usr/local/cuda-12.8/targets/x86_64-linux/lib/libcublasLt.so
2026-03-27 02:28:25,363 - INFO - [36m(setup pid=6112)[0m 	libcublas.so.12 (libc6,x86-64) => /usr/local/cuda-12.4/targets/x86_64-linux/lib/libcublas.so.12
2026-03-27 02:28:25,363 - INFO - [36m(setup pid=6112)[0m 	libcublas.so.12 (libc6,x86-64) => /usr/local/cuda-12.5/targets/x86_64-linux/lib/libcublas.so.12
2026-03-27 02:28:25,363 - INFO - [36m(setup pid=6112)[0m 	libcublas.so.12 (libc6,x86-64) => /usr/local/cuda-12.6/targets/x86_64-linux/lib/libcublas.so.12
2026-03-27 02:28:25,363 - INFO - [36m(setup pid=6112)[0m 	libcublas.so.12 (libc6,x86-64) => /usr/local/cuda-12.8/targets/x86_64-linux/lib/libcublas.so.12
2026-03-27 02:28:25,363 - INFO - [36m(setup pid=6112)[0m 	libcublas.so (libc6,x86-64) => /usr/local/cuda-12.4/targets/x86_64-linux/lib/libcublas.so
2026-03-27 02:28:25,363 - INFO - [36m(setup pid=6112)[0m 	libcublas.so (libc6,x86-64) => /usr/local/cuda-12.5/targets/x86_64-linux/lib/libcublas.so
2026-03-27 02:28:25,363 - INFO - [36m(setup pid=6112)[0m 	libcublas.so (libc6,x86-64) => /usr/local/cuda-12.6/targets/x86_64-linux/lib/libcublas.so
2026-03-27 02:28:25,363 - INFO - [36m(setup pid=6112)[0m 	libcublas.so (libc6,x86-64) => /usr/local/cuda-12.8/targets/x86_64-linux/lib/libcublas.so
2026-03-27 02:28:25,363 - INFO - [36m(setup pid=6112)[0m 	libaccinj64.so.12.8 (libc6,x86-64) => /usr/local/cuda-12.8/targets/x86_64-linux/lib/libaccinj64.so.12.8
2026-03-27 02:28:25,363 - INFO - [36m(setup pid=6112)[0m 	libaccinj64.so.12.6 (libc6,x86-64) => /usr/local/cuda-12.6/targets/x86_64-linux/lib/libaccinj64.so.12.6
2026-03-27 02:28:25,363 - INFO - [36m(setup pid=6112)[0m 	libaccinj64.so.12.5 (libc6,x86-64) => /usr/local/cuda-12.5/targets/x86_64-linux/lib/libaccinj64.so.12.5
2026-03-27 02:28:25,363 - INFO - [36m(setup pid=6112)[0m 	libaccinj64.so.12.4 (libc6,x86-64) => /usr/local/cuda-12.4/targets/x86_64-linux/lib/libaccinj64.so.12.4
2026-03-27 02:28:25,363 - INFO - [36m(setup pid=6112)[0m 	libaccinj64.so (libc6,x86-64) => /usr/local/cuda-12.4/targets/x86_64-linux/lib/libaccinj64.so
2026-03-27 02:28:25,363 - INFO - [36m(setup pid=6112)[0m 	libaccinj64.so (libc6,x86-64) => /usr/local/cuda-12.5/targets/x86_64-linux/lib/libaccinj64.so
2026-03-27 02:28:25,363 - INFO - [36m(setup pid=6112)[0m 	libaccinj64.so (libc6,x86-64) => /usr/local/cuda-12.6/targets/x86_64-linux/lib/libaccinj64.so
2026-03-27 02:28:25,363 - INFO - [36m(setup pid=6112)[0m 	libaccinj64.so (libc6,x86-64) => /usr/local/cuda-12.8/targets/x86_64-linux/lib/libaccinj64.so
2026-03-27 02:28:25,363 - INFO - [36m(setup pid=6112)[0m 	libOpenCL.so.1 (libc6,x86-64) => /usr/local/cuda-12.4/targets/x86_64-linux/lib/libOpenCL.so.1
2026-03-27 02:28:25,363 - INFO - [36m(setup pid=6112)[0m 	libOpenCL.so.1 (libc6,x86-64) => /usr/local/cuda-12.5/targets/x86_64-linux/lib/libOpenCL.so.1
2026-03-27 02:28:25,363 - INFO - [36m(setup pid=6112)[0m 	libOpenCL.so.1 (libc6,x86-64) => /usr/local/cuda-12.6/targets/x86_64-linux/lib/libOpenCL.so.1
2026-03-27 02:28:25,364 - INFO - [36m(setup pid=6112)[0m 	libOpenCL.so.1 (libc6,x86-64) => /usr/local/cuda-12.8/targets/x86_64-linux/lib/libOpenCL.so.1
2026-03-27 02:28:25,364 - INFO - [36m(setup pid=6112)[0m 	libOpenCL.so (libc6,x86-64) => /usr/local/cuda-12.4/targets/x86_64-linux/lib/libOpenCL.so
2026-03-27 02:28:25,364 - INFO - [36m(setup pid=6112)[0m 	libOpenCL.so (libc6,x86-64) => /usr/local/cuda-12.5/targets/x86_64-linux/lib/libOpenCL.so
2026-03-27 02:28:25,364 - INFO - [36m(setup pid=6112)[0m 	libOpenCL.so (libc6,x86-64) => /usr/local/cuda-12.6/targets/x86_64-linux/lib/libOpenCL.so
2026-03-27 02:28:25,364 - INFO - [36m(setup pid=6112)[0m 	libOpenCL.so (libc6,x86-64) => /usr/local/cuda-12.8/targets/x86_64-linux/lib/libOpenCL.so
2026-03-27 02:28:25,364 - INFO - [36m(setup pid=6112)[0m + echo 'CUDA toolkit path:'
2026-03-27 02:28:25,767 - INFO - [36m(setup pid=6112)[0m CUDA toolkit path:
2026-03-27 02:28:25,767 - INFO - [36m(setup pid=6112)[0m + ls --color=auto -la /usr/local/cuda /usr/local/cuda-12.4 /usr/local/cuda-12.5 /usr/local/cuda-12.6 /usr/local/cuda-12.8
2026-03-27 02:28:25,767 - INFO - [36m(setup pid=6112)[0m lrwxrwxrwx  1 root root   21 Aug  8  2025 /usr/local/cuda -> /usr/local/cuda-12.8/
2026-03-27 02:28:25,767 - INFO - [36m(setup pid=6112)[0m
2026-03-27 02:28:25,767 - INFO - [36m(setup pid=6112)[0m /usr/local/cuda-12.4:
2026-03-27 02:28:25,767 - INFO - [36m(setup pid=6112)[0m total 188
2026-03-27 02:28:25,767 - INFO - [36m(setup pid=6112)[0m drwxr-xr-x 19 root   root    4096 Aug  8  2025 .
2026-03-27 02:28:25,767 - INFO - [36m(setup pid=6112)[0m drwxr-xr-x 15 root   root    4096 Aug  8  2025 ..
2026-03-27 02:28:25,767 - INFO - [36m(setup pid=6112)[0m -rw-r--r--  1 root   root     160 Aug  8  2025 DOCS
2026-03-27 02:28:25,767 - INFO - [36m(setup pid=6112)[0m -rw-r--r--  1 root   root   63021 Aug  8  2025 EULA.txt
2026-03-27 02:28:25,767 - INFO - [36m(setup pid=6112)[0m -rw-r--r--  1 ubuntu ubuntu 29662 Nov 30  2023 LICENSE
2026-03-27 02:28:25,767 - INFO - [36m(setup pid=6112)[0m -rw-r--r--  1 root   root    1895 Jun 11  2024 LICENSE.txt
2026-03-27 02:28:25,767 - INFO - [36m(setup pid=6112)[0m -rw-r--r--  1 root   root     524 Aug  8  2025 README
2026-03-27 02:28:25,767 - INFO - [36m(setup pid=6112)[0m drwxr-xr-x  3 root   root    4096 Aug  8  2025 bin
2026-03-27 02:28:25,767 - INFO - [36m(setup pid=6112)[0m drwxr-xr-x  5 root   root    4096 Aug  8  2025 compute-sanitizer
2026-03-27 02:28:25,767 - INFO - [36m(setup pid=6112)[0m drwxr-xr-x  3 root   root    4096 Aug  8  2025 efa
2026-03-27 02:28:25,767 - INFO - [36m(setup pid=6112)[0m drwxr-xr-x  5 root   root    4096 Aug  8  2025 extras
2026-03-27 02:28:25,767 - INFO - [36m(setup pid=6112)[0m drwxr-xr-x  5 root   root    4096 Aug  8  2025 gds
2026-03-27 02:28:25,767 - INFO - [36m(setup pid=6112)[0m drwxr-xr-x  2 root   root    4096 Aug  8  2025 gds-12.4
2026-03-27 02:28:25,767 - INFO - [36m(setup pid=6112)[0m lrwxrwxrwx  1 root   root      28 Aug  8  2025 include -> targets/x86_64-linux/include
2026-03-27 02:28:25,767 - INFO - [36m(setup pid=6112)[0m drwxrwxr-x  3 root   root    4096 Aug  8  2025 lib
2026-03-27 02:28:25,767 - INFO - [36m(setup pid=6112)[0m lrwxrwxrwx  1 root   root      24 Aug  8  2025 lib64 -> targets/x86_64-linux/lib
2026-03-27 02:28:25,767 - INFO - [36m(setup pid=6112)[0m drwxr-xr-x  7 root   root    4096 Aug  8  2025 libnvvp
2026-03-27 02:28:25,767 - INFO - [36m(setup pid=6112)[0m drwxr-xr-x  7 root   root    4096 Aug  8  2025 nsight-compute-2024.1.1
2026-03-27 02:28:25,767 - INFO - [36m(setup pid=6112)[0m drwxr-xr-x  6 root   root    4096 Aug  8  2025 nsight-systems-2023.4.4
2026-03-27 02:28:25,767 - INFO - [36m(setup pid=6112)[0m drwxr-xr-x  2 root   root    4096 Aug  8  2025 nsightee_plugins
2026-03-27 02:28:25,767 - INFO - [36m(setup pid=6112)[0m drwxr-xr-x  3 root   root    4096 Aug  8  2025 nvml
2026-03-27 02:28:25,767 - INFO - [36m(setup pid=6112)[0m drwxr-xr-x  6 root   root    4096 Aug  8  2025 nvvm
2026-03-27 02:28:25,767 - INFO - [36m(setup pid=6112)[0m drwxr-xr-x  3 root   root    4096 Aug  8  2025 share
2026-03-27 02:28:25,767 - INFO - [36m(setup pid=6112)[0m drwxr-xr-x  2 root   root    4096 Aug  8  2025 src
2026-03-27 02:28:25,767 - INFO - [36m(setup pid=6112)[0m drwxr-xr-x  3 root   root    4096 Aug  8  2025 targets
2026-03-27 02:28:25,767 - INFO - [36m(setup pid=6112)[0m drwxr-xr-x  2 root   root    4096 Aug  8  2025 tools
2026-03-27 02:28:25,767 - INFO - [36m(setup pid=6112)[0m -rw-r--r--  1 root   root    2957 Aug  8  2025 version.json
2026-03-27 02:28:25,767 - INFO - [36m(setup pid=6112)[0m
2026-03-27 02:28:25,767 - INFO - [36m(setup pid=6112)[0m /usr/local/cuda-12.5:
2026-03-27 02:28:25,767 - INFO - [36m(setup pid=6112)[0m total 188
2026-03-27 02:28:25,767 - INFO - [36m(setup pid=6112)[0m drwxr-xr-x 19 root   root    4096 Aug  8  2025 .
2026-03-27 02:28:25,767 - INFO - [36m(setup pid=6112)[0m drwxr-xr-x 15 root   root    4096 Aug  8  2025 ..
2026-03-27 02:28:25,767 - INFO - [36m(setup pid=6112)[0m -rw-r--r--  1 root   root     160 Aug  8  2025 DOCS
2026-03-27 02:28:25,767 - INFO - [36m(setup pid=6112)[0m -rw-r--r--  1 root   root   63021 Aug  8  2025 EULA.txt
2026-03-27 02:28:25,767 - INFO - [36m(setup pid=6112)[0m -rw-r--r--  1 ubuntu ubuntu 29574 Oct 21  2024 LICENSE
2026-03-27 02:28:25,767 - INFO - [36m(setup pid=6112)[0m -rw-r--r--  1 root   root    1895 Nov  6  2024 LICENSE.txt
2026-03-27 02:28:25,767 - INFO - [36m(setup pid=6112)[0m -rw-r--r--  1 root   root     524 Aug  8  2025 README
2026-03-27 02:28:25,767 - INFO - [36m(setup pid=6112)[0m drwxr-xr-x  3 root   root    4096 Aug  8  2025 bin
2026-03-27 02:28:25,767 - INFO - [36m(setup pid=6112)[0m drwxr-xr-x  5 root   root    4096 Aug  8  2025 compute-sanitizer
2026-03-27 02:28:25,767 - INFO - [36m(setup pid=6112)[0m drwxr-xr-x  3 root   root    4096 Aug  8  2025 efa
2026-03-27 02:28:25,767 - INFO - [36m(setup pid=6112)[0m drwxr-xr-x  5 root   root    4096 Aug  8  2025 extras
2026-03-27 02:28:25,767 - INFO - [36m(setup pid=6112)[0m drwxr-xr-x  5 root   root    4096 Aug  8  2025 gds
2026-03-27 02:28:25,767 - INFO - [36m(setup pid=6112)[0m drwxr-xr-x  2 root   root    4096 Aug  8  2025 gds-12.5
2026-03-27 02:28:25,767 - INFO - [36m(setup pid=6112)[0m lrwxrwxrwx  1 root   root      28 Aug  8  2025 include -> targets/x86_64-linux/include
2026-03-27 02:28:25,767 - INFO - [36m(setup pid=6112)[0m drwxr-xr-x  3 root   root    4096 Aug  8  2025 lib
2026-03-27 02:28:25,767 - INFO - [36m(setup pid=6112)[0m lrwxrwxrwx  1 root   root      24 Aug  8  2025 lib64 -> targets/x86_64-linux/lib
2026-03-27 02:28:25,767 - INFO - [36m(setup pid=6112)[0m drwxr-xr-x  7 root   root    4096 Aug  8  2025 libnvvp
2026-03-27 02:28:25,767 - INFO - [36m(setup pid=6112)[0m drwxr-xr-x  7 root   root    4096 Aug  8  2025 nsight-compute-2024.2.0
2026-03-27 02:28:25,767 - INFO - [36m(setup pid=6112)[0m drwxr-xr-x  6 root   root    4096 Aug  8  2025 nsight-systems-2024.2.3
2026-03-27 02:28:25,767 - INFO - [36m(setup pid=6112)[0m drwxr-xr-x  2 root   root    4096 Aug  8  2025 nsightee_plugins
2026-03-27 02:28:25,767 - INFO - [36m(setup pid=6112)[0m drwxr-xr-x  3 root   root    4096 Aug  8  2025 nvml
2026-03-27 02:28:25,767 - INFO - [36m(setup pid=6112)[0m drwxr-xr-x  6 root   root    4096 Aug  8  2025 nvvm
2026-03-27 02:28:25,767 - INFO - [36m(setup pid=6112)[0m drwxr-xr-x  3 root   root    4096 Aug  8  2025 share
2026-03-27 02:28:25,767 - INFO - [36m(setup pid=6112)[0m drwxr-xr-x  2 root   root    4096 Aug  8  2025 src
2026-03-27 02:28:25,767 - INFO - [36m(setup pid=6112)[0m drwxr-xr-x  3 root   root    4096 Aug  8  2025 targets
2026-03-27 02:28:25,768 - INFO - [36m(setup pid=6112)[0m drwxr-xr-x  2 root   root    4096 Aug  8  2025 tools
2026-03-27 02:28:25,768 - INFO - [36m(setup pid=6112)[0m -rw-r--r--  1 root   root    2940 Aug  8  2025 version.json
2026-03-27 02:28:25,768 - INFO - [36m(setup pid=6112)[0m
2026-03-27 02:28:25,768 - INFO - [36m(setup pid=6112)[0m /usr/local/cuda-12.6:
2026-03-27 02:28:25,768 - INFO - [36m(setup pid=6112)[0m total 188
2026-03-27 02:28:25,768 - INFO - [36m(setup pid=6112)[0m drwxr-xr-x 19 root   root    4096 Aug  8  2025 .
2026-03-27 02:28:25,768 - INFO - [36m(setup pid=6112)[0m drwxr-xr-x 15 root   root    4096 Aug  8  2025 ..
2026-03-27 02:28:25,768 - INFO - [36m(setup pid=6112)[0m -rw-r--r--  1 root   root     160 Aug  8  2025 DOCS
2026-03-27 02:28:25,768 - INFO - [36m(setup pid=6112)[0m -rw-r--r--  1 root   root   63021 Aug  8  2025 EULA.txt
2026-03-27 02:28:25,768 - INFO - [36m(setup pid=6112)[0m -rw-r--r--  1 ubuntu ubuntu 29574 Dec 30  2024 LICENSE
2026-03-27 02:28:25,768 - INFO - [36m(setup pid=6112)[0m -rw-r--r--  1 root   root    1895 Dec  7  2024 LICENSE.txt
2026-03-27 02:28:25,768 - INFO - [36m(setup pid=6112)[0m -rw-r--r--  1 root   root     524 Aug  8  2025 README
2026-03-27 02:28:25,768 - INFO - [36m(setup pid=6112)[0m drwxrwxr-x  3 root   root    4096 Dec  7  2024 bin
2026-03-27 02:28:25,768 - INFO - [36m(setup pid=6112)[0m drwxr-xr-x  5 root   root    4096 Aug  8  2025 compute-sanitizer
2026-03-27 02:28:25,768 - INFO - [36m(setup pid=6112)[0m drwxr-xr-x  3 root   root    4096 Aug  8  2025 efa
2026-03-27 02:28:25,768 - INFO - [36m(setup pid=6112)[0m drwxr-xr-x  5 root   root    4096 Aug  8  2025 extras
2026-03-27 02:28:25,768 - INFO - [36m(setup pid=6112)[0m drwxr-xr-x  5 root   root    4096 Aug  8  2025 gds
2026-03-27 02:28:25,768 - INFO - [36m(setup pid=6112)[0m drwxr-xr-x  2 root   root    4096 Aug  8  2025 gds-12.6
2026-03-27 02:28:25,768 - INFO - [36m(setup pid=6112)[0m lrwxrwxrwx  1 root   root      28 Aug  8  2025 include -> targets/x86_64-linux/include
2026-03-27 02:28:25,768 - INFO - [36m(setup pid=6112)[0m drwxrwxr-x  3 root   root    4096 Aug  8  2025 lib
2026-03-27 02:28:25,768 - INFO - [36m(setup pid=6112)[0m lrwxrwxrwx  1 root   root      24 Aug  8  2025 lib64 -> targets/x86_64-linux/lib
2026-03-27 02:28:25,867 - INFO - [36m(setup pid=6112)[0m drwxr-xr-x  7 root   root    4096 Aug  8  2025 libnvvp
2026-03-27 02:28:25,867 - INFO - [36m(setup pid=6112)[0m drwxr-xr-x  7 root   root    4096 Aug  8  2025 nsight-compute-2024.3.2
2026-03-27 02:28:25,867 - INFO - [36m(setup pid=6112)[0m drwxr-xr-x  6 root   root    4096 Aug  8  2025 nsight-systems-2024.5.1
2026-03-27 02:28:25,867 - INFO - [36m(setup pid=6112)[0m drwxr-xr-x  2 root   root    4096 Aug  8  2025 nsightee_plugins
2026-03-27 02:28:25,867 - INFO - [36m(setup pid=6112)[0m drwxr-xr-x  3 root   root    4096 Aug  8  2025 nvml
2026-03-27 02:28:25,867 - INFO - [36m(setup pid=6112)[0m drwxr-xr-x  6 root   root    4096 Aug  8  2025 nvvm
2026-03-27 02:28:25,867 - INFO - [36m(setup pid=6112)[0m drwxr-xr-x  3 root   root    4096 Aug  8  2025 share
2026-03-27 02:28:25,868 - INFO - [36m(setup pid=6112)[0m drwxr-xr-x  2 root   root    4096 Aug  8  2025 src
2026-03-27 02:28:25,868 - INFO - [36m(setup pid=6112)[0m drwxr-xr-x  3 root   root    4096 Aug  8  2025 targets
2026-03-27 02:28:25,868 - INFO - [36m(setup pid=6112)[0m drwxr-xr-x  2 root   root    4096 Aug  8  2025 tools
2026-03-27 02:28:25,868 - INFO - [36m(setup pid=6112)[0m -rw-r--r--  1 root   root    2935 Aug  8  2025 version.json
2026-03-27 02:28:25,868 - INFO - [36m(setup pid=6112)[0m
2026-03-27 02:28:25,868 - INFO - [36m(setup pid=6112)[0m /usr/local/cuda-12.8:
2026-03-27 02:28:25,868 - INFO - [36m(setup pid=6112)[0m total 188
2026-03-27 02:28:25,868 - INFO - [36m(setup pid=6112)[0m drwxr-xr-x 19 root   root    4096 Aug  8  2025 .
2026-03-27 02:28:25,868 - INFO - [36m(setup pid=6112)[0m drwxr-xr-x 15 root   root    4096 Aug  8  2025 ..
2026-03-27 02:28:25,868 - INFO - [36m(setup pid=6112)[0m -rw-r--r--  1 root   root     160 Aug  8  2025 DOCS
2026-03-27 02:28:25,868 - INFO - [36m(setup pid=6112)[0m -rw-r--r--  1 root   root   63021 Aug  8  2025 EULA.txt
2026-03-27 02:28:25,868 - INFO - [36m(setup pid=6112)[0m -rw-r--r--  1 ubuntu ubuntu 29574 May 31  2025 LICENSE
2026-03-27 02:28:25,868 - INFO - [36m(setup pid=6112)[0m -rw-r--r--  1 root   root    1895 May 15  2025 LICENSE.txt
2026-03-27 02:28:25,868 - INFO - [36m(setup pid=6112)[0m -rw-r--r--  1 root   root     524 Aug  8  2025 README
2026-03-27 02:28:25,868 - INFO - [36m(setup pid=6112)[0m drwxr-xr-x  3 root   root    4096 May 15  2025 bin
2026-03-27 02:28:25,868 - INFO - [36m(setup pid=6112)[0m drwxr-xr-x  5 root   root    4096 Aug  8  2025 compute-sanitizer
2026-03-27 02:28:25,868 - INFO - [36m(setup pid=6112)[0m lrwxrwxrwx  1 root   root      20 Aug  8  2025 cuda-12.8 -> /usr/local/cuda-12.8
2026-03-27 02:28:25,868 - INFO - [36m(setup pid=6112)[0m drwxr-xr-x  3 root   root    4096 Aug  8  2025 efa
2026-03-27 02:28:25,868 - INFO - [36m(setup pid=6112)[0m drwxr-xr-x  5 root   root    4096 Aug  8  2025 extras
2026-03-27 02:28:25,868 - INFO - [36m(setup pid=6112)[0m drwxr-xr-x  5 root   root    4096 Aug  8  2025 gds
2026-03-27 02:28:25,868 - INFO - [36m(setup pid=6112)[0m drwxr-xr-x  2 root   root    4096 Aug  8  2025 gds-12.8
2026-03-27 02:28:25,868 - INFO - [36m(setup pid=6112)[0m lrwxrwxrwx  1 root   root      28 Aug  8  2025 include -> targets/x86_64-linux/include
2026-03-27 02:28:25,868 - INFO - [36m(setup pid=6112)[0m drwxr-xr-x  3 root   root    4096 Aug  8  2025 lib
2026-03-27 02:28:25,868 - INFO - [36m(setup pid=6112)[0m lrwxrwxrwx  1 root   root      24 Aug  8  2025 lib64 -> targets/x86_64-linux/lib
2026-03-27 02:28:25,868 - INFO - [36m(setup pid=6112)[0m drwxr-xr-x  7 root   root    4096 Aug  8  2025 libnvvp
2026-03-27 02:28:25,868 - INFO - [36m(setup pid=6112)[0m drwxr-xr-x  7 root   root    4096 Aug  8  2025 nsight-compute-2025.1.1
2026-03-27 02:28:25,868 - INFO - [36m(setup pid=6112)[0m drwxr-xr-x  6 root   root    4096 Aug  8  2025 nsight-systems-2024.6.2
2026-03-27 02:28:25,868 - INFO - [36m(setup pid=6112)[0m drwxr-xr-x  2 root   root    4096 Aug  8  2025 nsightee_plugins
2026-03-27 02:28:25,868 - INFO - [36m(setup pid=6112)[0m drwxr-xr-x  3 root   root    4096 Aug  8  2025 nvml
2026-03-27 02:28:25,868 - INFO - [36m(setup pid=6112)[0m drwxr-xr-x  6 root   root    4096 Aug  8  2025 nvvm
2026-03-27 02:28:25,868 - INFO - [36m(setup pid=6112)[0m drwxr-xr-x  3 root   root    4096 Aug  8  2025 share
2026-03-27 02:28:25,868 - INFO - [36m(setup pid=6112)[0m drwxr-xr-x  2 root   root    4096 Aug  8  2025 src
2026-03-27 02:28:25,868 - INFO - [36m(setup pid=6112)[0m drwxr-xr-x  3 root   root    4096 Aug  8  2025 targets
2026-03-27 02:28:25,868 - INFO - [36m(setup pid=6112)[0m drwxr-xr-x  2 root   root    4096 Aug  8  2025 tools
2026-03-27 02:28:25,868 - INFO - [36m(setup pid=6112)[0m -rw-r--r--  1 root   root    2940 Aug  8  2025 version.json
2026-03-27 02:28:25,868 - INFO - [36m(setup pid=6112)[0m + echo ===================================
2026-03-27 02:28:25,868 - INFO - [36m(setup pid=6112)[0m ===================================
2026-03-27 02:28:25,868 - INFO - [36m(setup pid=6112)[0m + command -v nvidia-smi
2026-03-27 02:28:25,868 - INFO - [36m(setup pid=6112)[0m + '[' true = true ']'
2026-03-27 02:28:25,868 - INFO - [36m(setup pid=6112)[0m + echo '=== Fabric Manager for NVSwitch ==='
2026-03-27 02:28:25,868 - INFO - [36m(setup pid=6112)[0m === Fabric Manager for NVSwitch ===
2026-03-27 02:28:25,868 - INFO - [36m(setup pid=6112)[0m + systemctl is-active --quiet nvidia-fabricmanager
2026-03-27 02:28:25,868 - INFO - [36m(setup pid=6112)[0m + echo 'Fabric Manager already running'
2026-03-27 02:28:25,868 - INFO - [36m(setup pid=6112)[0m Fabric Manager already running
2026-03-27 02:28:25,868 - INFO - [36m(setup pid=6112)[0m + awk 'NR<=15'
2026-03-27 02:28:25,868 - INFO - [36m(setup pid=6112)[0m + nvidia-smi topo -m
2026-03-27 02:28:25,868 - INFO - [36m(setup pid=6112)[0m 	[4mGPU0	GPU1	GPU2	GPU3	GPU4	GPU5	GPU6	GPU7	CPU Affinity	NUMA Affinity	GPU NUMA ID[0m
2026-03-27 02:28:25,868 - INFO - [36m(setup pid=6112)[0m GPU0	 X 	NV12	NV12	NV12	NV12	NV12	NV12	NV12	0-23,48-71	0		N/A
2026-03-27 02:28:25,868 - INFO - [36m(setup pid=6112)[0m GPU1	NV12	 X 	NV12	NV12	NV12	NV12	NV12	NV12	0-23,48-71	0		N/A
2026-03-27 02:28:25,868 - INFO - [36m(setup pid=6112)[0m GPU2	NV12	NV12	 X 	NV12	NV12	NV12	NV12	NV12	0-23,48-71	0		N/A
2026-03-27 02:28:25,868 - INFO - [36m(setup pid=6112)[0m GPU3	NV12	NV12	NV12	 X 	NV12	NV12	NV12	NV12	0-23,48-71	0		N/A
2026-03-27 02:28:25,868 - INFO - [36m(setup pid=6112)[0m GPU4	NV12	NV12	NV12	NV12	 X 	NV12	NV12	NV12	24-47,72-95	1		N/A
2026-03-27 02:28:25,868 - INFO - [36m(setup pid=6112)[0m GPU5	NV12	NV12	NV12	NV12	NV12	 X 	NV12	NV12	24-47,72-95	1		N/A
2026-03-27 02:28:25,868 - INFO - [36m(setup pid=6112)[0m GPU6	NV12	NV12	NV12	NV12	NV12	NV12	 X 	NV12	24-47,72-95	1		N/A
2026-03-27 02:28:25,868 - INFO - [36m(setup pid=6112)[0m GPU7	NV12	NV12	NV12	NV12	NV12	NV12	NV12	 X 	24-47,72-95	1		N/A
2026-03-27 02:28:25,868 - INFO - [36m(setup pid=6112)[0m
2026-03-27 02:28:25,868 - INFO - [36m(setup pid=6112)[0m Legend:
2026-03-27 02:28:25,868 - INFO - [36m(setup pid=6112)[0m
2026-03-27 02:28:25,868 - INFO - [36m(setup pid=6112)[0m   X    = Self
2026-03-27 02:28:25,868 - INFO - [36m(setup pid=6112)[0m   SYS  = Connection traversing PCIe as well as the SMP interconnect between NUMA nodes (e.g., QPI/UPI)
2026-03-27 02:28:25,868 - INFO - [36m(setup pid=6112)[0m   NODE = Connection traversing PCIe as well as the interconnect between PCIe Host Bridges within a NUMA node
2026-03-27 02:28:25,868 - INFO - [36m(setup pid=6112)[0m + sudo apt-get install -y numactl
2026-03-27 02:28:25,868 - INFO - [36m(setup pid=6112)[0m Reading package lists...
2026-03-27 02:28:25,868 - INFO - [36m(setup pid=6112)[0m Building dependency tree...
2026-03-27 02:28:25,868 - INFO - [36m(setup pid=6112)[0m Reading state information...
2026-03-27 02:28:25,868 - INFO - [36m(setup pid=6112)[0m The following NEW packages will be installed:
2026-03-27 02:28:25,868 - INFO - [36m(setup pid=6112)[0m   numactl
2026-03-27 02:28:25,868 - INFO - [36m(setup pid=6112)[0m 0 upgraded, 1 newly installed, 0 to remove and 0 not upgraded.
2026-03-27 02:28:25,868 - INFO - [36m(setup pid=6112)[0m Need to get 36.8 kB of archives.
2026-03-27 02:28:25,868 - INFO - [36m(setup pid=6112)[0m After this operation, 140 kB of additional disk space will be used.
2026-03-27 02:28:25,868 - INFO - [36m(setup pid=6112)[0m Get:1 http://us-east-1.ec2.archive.ubuntu.com/ubuntu jammy/main amd64 numactl amd64 2.0.14-3ubuntu2 [36.8 kB]
2026-03-27 02:28:25,868 - INFO - [36m(setup pid=6112)[0m Fetched 36.8 kB in 0s (2076 kB/s)
2026-03-27 02:28:25,868 - INFO - [36m(setup pid=6112)[0m Selecting previously unselected package numactl.
2026-03-27 02:28:25,868 - INFO - [36m(setup pid=6112)[0m (Reading database ...
2026-03-27 02:28:29,180 - INFO - (Reading database ... 5%
2026-03-27 02:28:29,180 - INFO - (Reading database ... 10%
2026-03-27 02:28:29,180 - INFO - (Reading database ... 15%
2026-03-27 02:28:29,180 - INFO - (Reading database ... 20%
2026-03-27 02:28:29,180 - INFO - (Reading database ... 25%
2026-03-27 02:28:29,180 - INFO - (Reading database ... 30%
2026-03-27 02:28:29,180 - INFO - (Reading database ... 35%
2026-03-27 02:28:29,180 - INFO - (Reading database ... 40%
2026-03-27 02:28:29,180 - INFO - (Reading database ... 45%
2026-03-27 02:28:29,180 - INFO - [36m(setup pid=6112)[0m (Reading database ... 50%
2026-03-27 02:28:29,180 - INFO - [36m(setup pid=6112)[0m (Reading database ... 55%
2026-03-27 02:28:29,180 - INFO - [36m(setup pid=6112)[0m (Reading database ... 60%
2026-03-27 02:28:29,180 - INFO - [36m(setup pid=6112)[0m (Reading database ... 65%
2026-03-27 02:28:29,180 - INFO - [36m(setup pid=6112)[0m (Reading database ... 70%
2026-03-27 02:28:29,180 - INFO - [36m(setup pid=6112)[0m (Reading database ... 75%
2026-03-27 02:28:33,201 - INFO - [36m(setup pid=6112)[0m (Reading database ... 80%
2026-03-27 02:28:36,216 - INFO - [36m(setup pid=6112)[0m (Reading database ... 85%
2026-03-27 02:28:39,733 - INFO - [36m(setup pid=6112)[0m (Reading database ... 90%
2026-03-27 02:28:40,639 - INFO - [36m(setup pid=6112)[0m (Reading database ... 95%
2026-03-27 02:28:40,639 - INFO - (Reading database ... 100%
2026-03-27 02:28:40,639 - INFO - (Reading database ... 96613 files and directories currently installed.)
2026-03-27 02:28:40,639 - INFO - [36m(setup pid=6112)[0m Preparing to unpack .../numactl_2.0.14-3ubuntu2_amd64.deb ...
2026-03-27 02:28:40,639 - INFO - [36m(setup pid=6112)[0m Unpacking numactl (2.0.14-3ubuntu2) ...
2026-03-27 02:28:40,639 - INFO - [36m(setup pid=6112)[0m Setting up numactl (2.0.14-3ubuntu2) ...
2026-03-27 02:28:54,706 - INFO - [36m(setup pid=6112)[0m Processing triggers for man-db (2.10.2-1) ...
2026-03-27 02:28:54,706 - INFO - [36m(setup pid=6112)[0m
2026-03-27 02:28:56,511 - INFO - [36m(setup pid=6112)[0m Running kernel seems to be up-to-date.
2026-03-27 02:28:56,511 - INFO - [36m(setup pid=6112)[0m
2026-03-27 02:28:56,511 - INFO - [36m(setup pid=6112)[0m No services need to be restarted.
2026-03-27 02:28:56,511 - INFO - [36m(setup pid=6112)[0m
2026-03-27 02:28:56,511 - INFO - [36m(setup pid=6112)[0m No containers need to be restarted.
2026-03-27 02:28:56,511 - INFO - [36m(setup pid=6112)[0m
2026-03-27 02:28:56,511 - INFO - [36m(setup pid=6112)[0m No user sessions are running outdated binaries.
2026-03-27 02:28:56,511 - INFO - [36m(setup pid=6112)[0m
2026-03-27 02:28:56,511 - INFO - [36m(setup pid=6112)[0m No VM guests are running outdated hypervisor (qemu) binaries on this host.
2026-03-27 02:28:56,511 - INFO - [36m(setup pid=6112)[0m + command -v uv
2026-03-27 02:28:57,214 - INFO - [36m(setup pid=6112)[0m + export PATH=/home/ubuntu/.local/bin:/home/ubuntu/.local/bin:/home/ubuntu/.local/bin:/home/ubuntu/miniconda3/bin:/home/ubuntu/miniconda3/condabin:/opt/amazon/openmpi/bin:/opt/amazon/efa/bin:/usr/local/cuda-12.8/bin:/usr/local/cuda-12.8/include:/usr/local/cuda-12.8/bin:/usr/local/cuda-12.8/include:/usr/local/sbin:/usr/local/bin:/usr/sbin:/usr/bin:/sbin:/bin:/usr/games:/usr/local/games:/snap/bin
2026-03-27 02:28:57,214 - INFO - [36m(setup pid=6112)[0m + PATH=/home/ubuntu/.local/bin:/home/ubuntu/.local/bin:/home/ubuntu/.local/bin:/home/ubuntu/miniconda3/bin:/home/ubuntu/miniconda3/condabin:/opt/amazon/openmpi/bin:/opt/amazon/efa/bin:/usr/local/cuda-12.8/bin:/usr/local/cuda-12.8/include:/usr/local/cuda-12.8/bin:/usr/local/cuda-12.8/include:/usr/local/sbin:/usr/local/bin:/usr/sbin:/usr/bin:/sbin:/bin:/usr/games:/usr/local/games:/snap/bin
2026-03-27 02:28:57,214 - INFO - [36m(setup pid=6112)[0m + uv venv --python 3.12 --seed --allow-existing
2026-03-27 02:28:57,214 - INFO - [36m(setup pid=6112)[0m Downloading cpython-3.12.13-linux-x86_64-gnu (download) (32.3MiB)
2026-03-27 02:28:57,915 - INFO - [36m(setup pid=6112)[0m  Downloaded cpython-3.12.13-linux-x86_64-gnu (download)
2026-03-27 02:28:58,516 - INFO - [36m(setup pid=6112)[0m Using CPython 3.12.13
2026-03-27 02:28:58,516 - INFO - [36m(setup pid=6112)[0m Creating virtual environment with seed packages at: .venv
2026-03-27 02:28:58,516 - INFO - [36m(setup pid=6112)[0m  + pip==26.0.1
2026-03-27 02:28:58,516 - INFO - [36m(setup pid=6112)[0m Activate with: source .venv/bin/activate
2026-03-27 02:28:58,516 - INFO - [36m(setup pid=6112)[0m + source .venv/bin/activate
2026-03-27 02:28:58,516 - INFO - [36m(setup pid=6112)[0m ++ '[' -z '' ']'
2026-03-27 02:28:58,516 - INFO - [36m(setup pid=6112)[0m ++ '[' -n x ']'
2026-03-27 02:28:58,516 - INFO - [36m(setup pid=6112)[0m ++ SCRIPT_PATH=.venv/bin/activate
2026-03-27 02:28:58,516 - INFO - [36m(setup pid=6112)[0m ++ '[' .venv/bin/activate = /tmp/sky_setup_sky-2026-03-27-02-24-04-719179 ']'
2026-03-27 02:28:58,516 - INFO - [36m(setup pid=6112)[0m ++ deactivate nondestructive
2026-03-27 02:28:58,516 - INFO - [36m(setup pid=6112)[0m ++ unset -f pydoc
2026-03-27 02:28:58,516 - INFO - [36m(setup pid=6112)[0m ++ '[' -z '' ']'
2026-03-27 02:28:58,516 - INFO - [36m(setup pid=6112)[0m ++ '[' -z '' ']'
2026-03-27 02:28:58,516 - INFO - [36m(setup pid=6112)[0m ++ hash -r
2026-03-27 02:28:58,516 - INFO - [36m(setup pid=6112)[0m ++ '[' -z '' ']'
2026-03-27 02:28:58,516 - INFO - [36m(setup pid=6112)[0m ++ unset VIRTUAL_ENV
2026-03-27 02:28:58,516 - INFO - [36m(setup pid=6112)[0m ++ unset VIRTUAL_ENV_PROMPT
2026-03-27 02:28:58,516 - INFO - [36m(setup pid=6112)[0m ++ '[' '!' nondestructive = nondestructive ']'
2026-03-27 02:28:58,516 - INFO - [36m(setup pid=6112)[0m ++ VIRTUAL_ENV=/home/ubuntu/sky_workdir/.venv
2026-03-27 02:28:58,516 - INFO - [36m(setup pid=6112)[0m ++ '[' linux-gnu = cygwin ']'
2026-03-27 02:28:58,516 - INFO - [36m(setup pid=6112)[0m ++ '[' linux-gnu = msys ']'
2026-03-27 02:28:58,516 - INFO - [36m(setup pid=6112)[0m ++ export VIRTUAL_ENV
2026-03-27 02:28:58,516 - INFO - [36m(setup pid=6112)[0m ++ '[' -z '' ']'
2026-03-27 02:28:58,516 - INFO - [36m(setup pid=6112)[0m ++ unset SCRIPT_PATH
2026-03-27 02:28:58,516 - INFO - [36m(setup pid=6112)[0m ++ _OLD_VIRTUAL_PATH=/home/ubuntu/.local/bin:/home/ubuntu/.local/bin:/home/ubuntu/.local/bin:/home/ubuntu/miniconda3/bin:/home/ubuntu/miniconda3/condabin:/opt/amazon/openmpi/bin:/opt/amazon/efa/bin:/usr/local/cuda-12.8/bin:/usr/local/cuda-12.8/include:/usr/local/cuda-12.8/bin:/usr/local/cuda-12.8/include:/usr/local/sbin:/usr/local/bin:/usr/sbin:/usr/bin:/sbin:/bin:/usr/games:/usr/local/games:/snap/bin
2026-03-27 02:28:58,516 - INFO - [36m(setup pid=6112)[0m ++ PATH=/home/ubuntu/sky_workdir/.venv/bin:/home/ubuntu/.local/bin:/home/ubuntu/.local/bin:/home/ubuntu/.local/bin:/home/ubuntu/miniconda3/bin:/home/ubuntu/miniconda3/condabin:/opt/amazon/openmpi/bin:/opt/amazon/efa/bin:/usr/local/cuda-12.8/bin:/usr/local/cuda-12.8/include:/usr/local/cuda-12.8/bin:/usr/local/cuda-12.8/include:/usr/local/sbin:/usr/local/bin:/usr/sbin:/usr/bin:/sbin:/bin:/usr/games:/usr/local/games:/snap/bin
2026-03-27 02:28:58,516 - INFO - [36m(setup pid=6112)[0m ++ export PATH
2026-03-27 02:28:58,516 - INFO - [36m(setup pid=6112)[0m ++ '[' xsky_workdir '!=' x ']'
2026-03-27 02:28:58,516 - INFO - [36m(setup pid=6112)[0m ++ VIRTUAL_ENV_PROMPT=sky_workdir
2026-03-27 02:28:58,516 - INFO - [36m(setup pid=6112)[0m ++ export VIRTUAL_ENV_PROMPT
2026-03-27 02:28:58,516 - INFO - [36m(setup pid=6112)[0m ++ '[' -z '' ']'
2026-03-27 02:28:58,516 - INFO - [36m(setup pid=6112)[0m ++ '[' -z '' ']'
2026-03-27 02:28:58,516 - INFO - [36m(setup pid=6112)[0m ++ _OLD_VIRTUAL_PS1='(base) ${debian_chroot:+($debian_chroot)}\u@\h:\w\$ '
2026-03-27 02:28:58,516 - INFO - [36m(setup pid=6112)[0m ++ PS1='(sky_workdir) (base) ${debian_chroot:+($debian_chroot)}\u@\h:\w\$ '
2026-03-27 02:28:58,516 - INFO - [36m(setup pid=6112)[0m ++ export PS1
2026-03-27 02:28:58,516 - INFO - [36m(setup pid=6112)[0m ++ alias pydoc
2026-03-27 02:28:58,516 - INFO - [36m(setup pid=6112)[0m ++ true
2026-03-27 02:28:58,517 - INFO - [36m(setup pid=6112)[0m ++ hash -r
2026-03-27 02:28:58,517 - INFO - [36m(setup pid=6112)[0m + uv pip install datasets requests pynvml aiohttp
2026-03-27 02:28:58,517 - INFO - [36m(setup pid=6112)[0m Resolved 44 packages in 121ms
2026-03-27 02:28:58,517 - INFO - [36m(setup pid=6112)[0m Downloading hf-xet (4.0MiB)
2026-03-27 02:28:58,517 - INFO - [36m(setup pid=6112)[0m Downloading pandas (10.4MiB)
2026-03-27 02:28:58,517 - INFO - [36m(setup pid=6112)[0m Downloading numpy (15.9MiB)
2026-03-27 02:28:58,517 - INFO - [36m(setup pid=6112)[0m Downloading pyarrow (45.4MiB)
2026-03-27 02:28:58,517 - INFO - [36m(setup pid=6112)[0m Downloading aiohttp (1.7MiB)
2026-03-27 02:28:58,517 - INFO - [36m(setup pid=6112)[0m  Downloaded hf-xet
2026-03-27 02:28:59,120 - INFO - [36m(setup pid=6112)[0m  Downloaded aiohttp
2026-03-27 02:28:59,120 - INFO - [36m(setup pid=6112)[0m  Downloaded pyarrow
2026-03-27 02:28:59,120 - INFO - [36m(setup pid=6112)[0m  Downloaded numpy
2026-03-27 02:28:59,722 - INFO - [36m(setup pid=6112)[0m  Downloaded pandas
2026-03-27 02:28:59,722 - INFO - [36m(setup pid=6112)[0m Prepared 21 packages in 870ms
2026-03-27 02:28:59,722 - INFO - [36m(setup pid=6112)[0m Installed 44 packages in 34ms
2026-03-27 02:28:59,722 - INFO - [36m(setup pid=6112)[0m  + aiohappyeyeballs==2.6.1
2026-03-27 02:28:59,722 - INFO - [36m(setup pid=6112)[0m  + aiohttp==3.13.3
2026-03-27 02:28:59,722 - INFO - [36m(setup pid=6112)[0m  + aiosignal==1.4.0
2026-03-27 02:28:59,722 - INFO - [36m(setup pid=6112)[0m  + annotated-doc==0.0.4
2026-03-27 02:28:59,722 - INFO - [36m(setup pid=6112)[0m  + anyio==4.13.0
2026-03-27 02:28:59,722 - INFO - [36m(setup pid=6112)[0m  + attrs==26.1.0
2026-03-27 02:28:59,722 - INFO - [36m(setup pid=6112)[0m  + certifi==2026.2.25
2026-03-27 02:28:59,722 - INFO - [36m(setup pid=6112)[0m  + charset-normalizer==3.4.6
2026-03-27 02:28:59,722 - INFO - [36m(setup pid=6112)[0m  + click==8.3.1
2026-03-27 02:28:59,722 - INFO - [36m(setup pid=6112)[0m  + datasets==4.8.4
2026-03-27 02:28:59,722 - INFO - [36m(setup pid=6112)[0m  + dill==0.4.1
2026-03-27 02:28:59,722 - INFO - [36m(setup pid=6112)[0m  + filelock==3.25.2
2026-03-27 02:28:59,722 - INFO - [36m(setup pid=6112)[0m  + frozenlist==1.8.0
2026-03-27 02:28:59,722 - INFO - [36m(setup pid=6112)[0m  + fsspec==2026.2.0
2026-03-27 02:28:59,722 - INFO - [36m(setup pid=6112)[0m  + h11==0.16.0
2026-03-27 02:28:59,722 - INFO - [36m(setup pid=6112)[0m  + hf-xet==1.4.2
2026-03-27 02:28:59,722 - INFO - [36m(setup pid=6112)[0m  + httpcore==1.0.9
2026-03-27 02:28:59,722 - INFO - [36m(setup pid=6112)[0m  + httpx==0.28.1
2026-03-27 02:28:59,722 - INFO - [36m(setup pid=6112)[0m  + huggingface-hub==1.8.0
2026-03-27 02:28:59,722 - INFO - [36m(setup pid=6112)[0m  + idna==3.11
2026-03-27 02:28:59,722 - INFO - [36m(setup pid=6112)[0m  + markdown-it-py==4.0.0
2026-03-27 02:28:59,722 - INFO - [36m(setup pid=6112)[0m  + mdurl==0.1.2
2026-03-27 02:28:59,723 - INFO - [36m(setup pid=6112)[0m  + multidict==6.7.1
2026-03-27 02:28:59,723 - INFO - [36m(setup pid=6112)[0m  + multiprocess==0.70.19
2026-03-27 02:28:59,723 - INFO - [36m(setup pid=6112)[0m  + numpy==2.4.3
2026-03-27 02:28:59,723 - INFO - [36m(setup pid=6112)[0m  + nvidia-ml-py==13.595.45
2026-03-27 02:28:59,723 - INFO - [36m(setup pid=6112)[0m  + packaging==26.0
2026-03-27 02:28:59,723 - INFO - [36m(setup pid=6112)[0m  + pandas==3.0.1
2026-03-27 02:28:59,723 - INFO - [36m(setup pid=6112)[0m  + propcache==0.4.1
2026-03-27 02:28:59,723 - INFO - [36m(setup pid=6112)[0m  + pyarrow==23.0.1
2026-03-27 02:28:59,723 - INFO - [36m(setup pid=6112)[0m  + pygments==2.19.2
2026-03-27 02:28:59,723 - INFO - [36m(setup pid=6112)[0m  + pynvml==13.0.1
2026-03-27 02:28:59,723 - INFO - [36m(setup pid=6112)[0m  + python-dateutil==2.9.0.post0
2026-03-27 02:28:59,723 - INFO - [36m(setup pid=6112)[0m  + pyyaml==6.0.3
2026-03-27 02:28:59,723 - INFO - [36m(setup pid=6112)[0m  + requests==2.33.0
2026-03-27 02:28:59,723 - INFO - [36m(setup pid=6112)[0m  + rich==14.3.3
2026-03-27 02:28:59,723 - INFO - [36m(setup pid=6112)[0m  + shellingham==1.5.4
2026-03-27 02:28:59,723 - INFO - [36m(setup pid=6112)[0m  + six==1.17.0
2026-03-27 02:28:59,723 - INFO - [36m(setup pid=6112)[0m  + tqdm==4.67.3
2026-03-27 02:28:59,723 - INFO - [36m(setup pid=6112)[0m  + typer==0.24.1
2026-03-27 02:28:59,723 - INFO - [36m(setup pid=6112)[0m  + typing-extensions==4.15.0
2026-03-27 02:28:59,723 - INFO - [36m(setup pid=6112)[0m  + urllib3==2.6.3
2026-03-27 02:28:59,723 - INFO - [36m(setup pid=6112)[0m  + xxhash==3.6.0
2026-03-27 02:28:59,723 - INFO - [36m(setup pid=6112)[0m  + yarl==1.23.0
2026-03-27 02:28:59,723 - INFO - [36m(setup pid=6112)[0m + echo '=== Installing vLLM 0.10.0 ==='
2026-03-27 02:28:59,723 - INFO - [36m(setup pid=6112)[0m === Installing vLLM 0.10.0 ===
2026-03-27 02:28:59,723 - INFO - [36m(setup pid=6112)[0m + uv pip install vllm==0.10.0 'ray[cgraph]'
2026-03-27 02:28:59,723 - INFO - [36m(setup pid=6112)[0m Resolved 141 packages in 362ms
2026-03-27 02:28:59,723 - INFO - [36m(setup pid=6112)[0m Downloading sympy (6.0MiB)
2026-03-27 02:28:59,723 - INFO - [36m(setup pid=6112)[0m Downloading uvloop (4.2MiB)
2026-03-27 02:28:59,723 - INFO - [36m(setup pid=6112)[0m Downloading tokenizers (3.1MiB)
2026-03-27 02:28:59,723 - INFO - [36m(setup pid=6112)[0m Downloading pydantic-core (2.0MiB)
2026-03-27 02:28:59,723 - INFO - [36m(setup pid=6112)[0m Downloading pycountry (7.7MiB)
2026-03-27 02:29:00,326 - INFO - [36m(setup pid=6112)[0m Downloading networkx (2.0MiB)
2026-03-27 02:29:00,326 - INFO - [36m(setup pid=6112)[0m Downloading scipy (33.6MiB)
2026-03-27 02:29:00,326 - INFO - [36m(setup pid=6112)[0m Downloading tiktoken (1.1MiB)
2026-03-27 02:29:00,326 - INFO - [36m(setup pid=6112)[0m Downloading nvidia-curand-cu12 (53.7MiB)
2026-03-27 02:29:00,326 - INFO - [36m(setup pid=6112)[0m Downloading nvidia-cuda-nvrtc-cu12 (22.6MiB)
2026-03-27 02:29:00,326 - INFO - [36m(setup pid=6112)[0m Downloading nvidia-cuda-cupti-cu12 (8.5MiB)
2026-03-27 02:29:00,326 - INFO - [36m(setup pid=6112)[0m Downloading soundfile (1.3MiB)
2026-03-27 02:29:00,326 - INFO - [36m(setup pid=6112)[0m Downloading pillow (6.7MiB)
2026-03-27 02:29:00,326 - INFO - [36m(setup pid=6112)[0m Downloading transformers (10.2MiB)
2026-03-27 02:29:00,326 - INFO - [36m(setup pid=6112)[0m Downloading mistral-common (6.2MiB)
2026-03-27 02:29:00,326 - INFO - [36m(setup pid=6112)[0m Downloading nvidia-nccl-cu12 (192.0MiB)
2026-03-27 02:29:00,326 - INFO - [36m(setup pid=6112)[0m Downloading nvidia-cufile-cu12 (1.1MiB)
2026-03-27 02:29:00,326 - INFO - [36m(setup pid=6112)[0m Downloading nvidia-cublas-cu12 (374.9MiB)
2026-03-27 02:29:00,326 - INFO - [36m(setup pid=6112)[0m Downloading nvidia-cusparse-cu12 (206.5MiB)
2026-03-27 02:29:00,326 - INFO - [36m(setup pid=6112)[0m Downloading nvidia-cusparselt-cu12 (149.5MiB)
2026-03-27 02:29:00,326 - INFO - [36m(setup pid=6112)[0m Downloading numpy (15.8MiB)
2026-03-27 02:29:00,326 - INFO - [36m(setup pid=6112)[0m Downloading nvidia-nvjitlink-cu12 (18.8MiB)
2026-03-27 02:29:00,326 - INFO - [36m(setup pid=6112)[0m Downloading torchaudio (3.3MiB)
2026-03-27 02:29:00,326 - INFO - [36m(setup pid=6112)[0m Downloading cupy-cuda12x (128.4MiB)
2026-03-27 02:29:00,326 - INFO - [36m(setup pid=6112)[0m Downloading nvidia-cudnn-cu12 (544.5MiB)
2026-03-27 02:29:00,326 - INFO - [36m(setup pid=6112)[0m Downloading setuptools (1.2MiB)
2026-03-27 02:29:00,326 - INFO - [36m(setup pid=6112)[0m Downloading opencv-python-headless (57.6MiB)
2026-03-27 02:29:00,326 - INFO - [36m(setup pid=6112)[0m Downloading xgrammar (11.3MiB)
2026-03-27 02:29:00,326 - INFO - [36m(setup pid=6112)[0m Downloading outlines-core (2.2MiB)
2026-03-27 02:29:00,326 - INFO - [36m(setup pid=6112)[0m Downloading ray (69.3MiB)
2026-03-27 02:29:00,326 - INFO - [36m(setup pid=6112)[0m Downloading llguidance (14.3MiB)
2026-03-27 02:29:00,326 - INFO - [36m(setup pid=6112)[0m Downloading sentencepiece (1.3MiB)
2026-03-27 02:29:00,326 - INFO - [36m(setup pid=6112)[0m Downloading llvmlite (40.4MiB)
2026-03-27 02:29:00,326 - INFO - [36m(setup pid=6112)[0m Downloading xformers (111.6MiB)
2026-03-27 02:29:00,326 - INFO - [36m(setup pid=6112)[0m Downloading triton (148.5MiB)
2026-03-27 02:29:00,326 - INFO - [36m(setup pid=6112)[0m Downloading torchvision (7.1MiB)
2026-03-27 02:29:00,326 - INFO - [36m(setup pid=6112)[0m Downloading vllm (368.7MiB)
2026-03-27 02:29:00,326 - INFO - [36m(setup pid=6112)[0m Downloading numba (3.7MiB)
2026-03-27 02:29:00,326 - INFO - [36m(setup pid=6112)[0m Downloading torch (783.0MiB)
2026-03-27 02:29:00,326 - INFO - [36m(setup pid=6112)[0m Downloading nvidia-cusolver-cu12 (150.9MiB)
2026-03-27 02:29:00,326 - INFO - [36m(setup pid=6112)[0m Downloading nvidia-cufft-cu12 (190.9MiB)
2026-03-27 02:29:00,326 - INFO - [36m(setup pid=6112)[0m  Downloaded nvidia-cufile-cu12
2026-03-27 02:29:00,326 - INFO - [36m(setup pid=6112)[0m  Downloaded tiktoken
2026-03-27 02:29:00,326 - INFO - [36m(setup pid=6112)[0m  Downloaded soundfile
2026-03-27 02:29:00,931 - INFO - [36m(setup pid=6112)[0m  Downloaded sentencepiece
2026-03-27 02:29:00,931 - INFO - [36m(setup pid=6112)[0m  Downloaded pydantic-core
2026-03-27 02:29:00,931 - INFO - [36m(setup pid=6112)[0m  Downloaded outlines-core
2026-03-27 02:29:00,931 - INFO - [36m(setup pid=6112)[0m  Downloaded setuptools
2026-03-27 02:29:00,931 - INFO - [36m(setup pid=6112)[0m  Downloaded tokenizers
2026-03-27 02:29:01,533 - INFO - [36m(setup pid=6112)[0m  Downloaded networkx
2026-03-27 02:29:01,533 - INFO - [36m(setup pid=6112)[0m  Downloaded torchaudio
2026-03-27 02:29:01,533 - INFO - [36m(setup pid=6112)[0m  Downloaded uvloop
2026-03-27 02:29:01,533 - INFO - [36m(setup pid=6112)[0m  Downloaded numba
2026-03-27 02:29:01,533 - INFO - [36m(setup pid=6112)[0m  Downloaded mistral-common
2026-03-27 02:29:02,135 - INFO - [36m(setup pid=6112)[0m  Downloaded pillow
2026-03-27 02:29:02,136 - INFO - [36m(setup pid=6112)[0m  Downloaded torchvision
2026-03-27 02:29:02,837 - INFO - [36m(setup pid=6112)[0m  Downloaded pycountry
2026-03-27 02:29:02,837 - INFO - [36m(setup pid=6112)[0m  Downloaded nvidia-cuda-cupti-cu12
2026-03-27 02:29:02,837 - INFO - [36m(setup pid=6112)[0m  Downloaded sympy
2026-03-27 02:29:02,837 - INFO - [36m(setup pid=6112)[0m  Downloaded xgrammar
2026-03-27 02:29:03,340 - INFO - [36m(setup pid=6112)[0m  Downloaded llguidance
2026-03-27 02:29:04,042 - INFO - [36m(setup pid=6112)[0m  Downloaded numpy
2026-03-27 02:29:04,042 - INFO - [36m(setup pid=6112)[0m  Downloaded transformers
2026-03-27 02:29:04,042 - INFO - [36m(setup pid=6112)[0m  Downloaded nvidia-nvjitlink-cu12
2026-03-27 02:29:04,645 - INFO - [36m(setup pid=6112)[0m  Downloaded nvidia-cuda-nvrtc-cu12
2026-03-27 02:29:05,550 - INFO - [36m(setup pid=6112)[0m  Downloaded scipy
2026-03-27 02:29:06,355 - INFO - [36m(setup pid=6112)[0m  Downloaded llvmlite
2026-03-27 02:29:07,362 - INFO - [36m(setup pid=6112)[0m  Downloaded nvidia-curand-cu12
2026-03-27 02:29:07,964 - INFO - [36m(setup pid=6112)[0m  Downloaded opencv-python-headless
2026-03-27 02:29:12,384 - INFO - [36m(setup pid=6112)[0m  Downloaded ray
2026-03-27 02:29:14,392 - INFO - [36m(setup pid=6112)[0m  Downloaded xformers
2026-03-27 02:29:14,393 - INFO - [36m(setup pid=6112)[0m  Downloaded cupy-cuda12x
2026-03-27 02:29:15,197 - INFO - [36m(setup pid=6112)[0m  Downloaded nvidia-cusparselt-cu12
2026-03-27 02:29:16,204 - INFO - [36m(setup pid=6112)[0m  Downloaded nvidia-cusolver-cu12
2026-03-27 02:29:16,204 - INFO - [36m(setup pid=6112)[0m  Downloaded triton
2026-03-27 02:29:16,204 - INFO - [36m(setup pid=6112)[0m  Downloaded nvidia-cufft-cu12
2026-03-27 02:29:17,111 - INFO - [36m(setup pid=6112)[0m  Downloaded nvidia-nccl-cu12
2026-03-27 02:29:17,111 - INFO - [36m(setup pid=6112)[0m  Downloaded nvidia-cusparse-cu12
2026-03-27 02:29:19,822 - INFO - [36m(setup pid=6112)[0m  Downloaded nvidia-cublas-cu12
2026-03-27 02:29:20,826 - INFO - [36m(setup pid=6112)[0m  Downloaded vllm
2026-03-27 02:29:21,632 - INFO - [36m(setup pid=6112)[0m  Downloaded nvidia-cudnn-cu12
2026-03-27 02:29:27,764 - INFO - [36m(setup pid=6112)[0m  Downloaded torch
2026-03-27 02:29:28,367 - INFO - [36m(setup pid=6112)[0m Prepared 92 packages in 28.54s
2026-03-27 02:29:28,367 - INFO - [36m(setup pid=6112)[0m Uninstalled 1 package in 9ms
2026-03-27 02:29:28,367 - INFO - [36m(setup pid=6112)[0m Installed 106 packages in 287ms
2026-03-27 02:29:29,070 - INFO - [36m(setup pid=6112)[0m  + annotated-types==0.7.0
2026-03-27 02:29:29,070 - INFO - [36m(setup pid=6112)[0m  + astor==0.8.1
2026-03-27 02:29:29,070 - INFO - [36m(setup pid=6112)[0m  + blake3==1.0.8
2026-03-27 02:29:29,070 - INFO - [36m(setup pid=6112)[0m  + cachetools==7.0.5
2026-03-27 02:29:29,070 - INFO - [36m(setup pid=6112)[0m  + cbor2==5.9.0
2026-03-27 02:29:29,070 - INFO - [36m(setup pid=6112)[0m  + cffi==2.0.0
2026-03-27 02:29:29,070 - INFO - [36m(setup pid=6112)[0m  + cloudpickle==3.1.2
2026-03-27 02:29:29,070 - INFO - [36m(setup pid=6112)[0m  + compressed-tensors==0.10.2
2026-03-27 02:29:29,070 - INFO - [36m(setup pid=6112)[0m  + cuda-pathfinder==1.5.0
2026-03-27 02:29:29,070 - INFO - [36m(setup pid=6112)[0m  + cupy-cuda12x==14.0.1
2026-03-27 02:29:29,070 - INFO - [36m(setup pid=6112)[0m  + depyf==0.19.0
2026-03-27 02:29:29,070 - INFO - [36m(setup pid=6112)[0m  + diskcache==5.6.3
2026-03-27 02:29:29,070 - INFO - [36m(setup pid=6112)[0m  + distro==1.9.0
2026-03-27 02:29:29,071 - INFO - [36m(setup pid=6112)[0m  + dnspython==2.8.0
2026-03-27 02:29:29,071 - INFO - [36m(setup pid=6112)[0m  + einops==0.8.2
2026-03-27 02:29:29,071 - INFO - [36m(setup pid=6112)[0m  + email-validator==2.3.0
2026-03-27 02:29:29,071 - INFO - [36m(setup pid=6112)[0m  + fastapi==0.135.2
2026-03-27 02:29:29,071 - INFO - [36m(setup pid=6112)[0m  + fastapi-cli==0.0.24
2026-03-27 02:29:29,071 - INFO - [36m(setup pid=6112)[0m  + fastapi-cloud-cli==0.15.1
2026-03-27 02:29:29,071 - INFO - [36m(setup pid=6112)[0m  + fastar==0.9.0
2026-03-27 02:29:29,071 - INFO - [36m(setup pid=6112)[0m  + gguf==0.18.0
2026-03-27 02:29:29,071 - INFO - [36m(setup pid=6112)[0m  + httptools==0.7.1
2026-03-27 02:29:29,071 - INFO - [36m(setup pid=6112)[0m  + interegular==0.3.3
2026-03-27 02:29:29,071 - INFO - [36m(setup pid=6112)[0m  + jinja2==3.1.6
2026-03-27 02:29:29,071 - INFO - [36m(setup pid=6112)[0m  + jiter==0.13.0
2026-03-27 02:29:29,071 - INFO - [36m(setup pid=6112)[0m  + jsonschema==4.26.0
2026-03-27 02:29:29,071 - INFO - [36m(setup pid=6112)[0m  + jsonschema-specifications==2025.9.1
2026-03-27 02:29:29,071 - INFO - [36m(setup pid=6112)[0m  + lark==1.2.2
2026-03-27 02:29:29,071 - INFO - [36m(setup pid=6112)[0m  + llguidance==0.7.30
2026-03-27 02:29:29,071 - INFO - [36m(setup pid=6112)[0m  + llvmlite==0.44.0
2026-03-27 02:29:29,071 - INFO - [36m(setup pid=6112)[0m  + lm-format-enforcer==0.10.12
2026-03-27 02:29:29,071 - INFO - [36m(setup pid=6112)[0m  + markupsafe==3.0.3
2026-03-27 02:29:29,071 - INFO - [36m(setup pid=6112)[0m  + mistral-common==1.10.0
2026-03-27 02:29:29,071 - INFO - [36m(setup pid=6112)[0m  + mpmath==1.3.0
2026-03-27 02:29:29,071 - INFO - [36m(setup pid=6112)[0m  + msgpack==1.1.2
2026-03-27 02:29:29,071 - INFO - [36m(setup pid=6112)[0m  + msgspec==0.20.0
2026-03-27 02:29:29,071 - INFO - [36m(setup pid=6112)[0m  + networkx==3.6.1
2026-03-27 02:29:29,071 - INFO - [36m(setup pid=6112)[0m  + ninja==1.13.0
2026-03-27 02:29:29,071 - INFO - [36m(setup pid=6112)[0m  + numba==0.61.2
2026-03-27 02:29:29,071 - INFO - [36m(setup pid=6112)[0m  - numpy==2.4.3
2026-03-27 02:29:29,071 - INFO - [36m(setup pid=6112)[0m  + numpy==2.2.6
2026-03-27 02:29:29,071 - INFO - [36m(setup pid=6112)[0m  + nvidia-cublas-cu12==12.6.4.1
2026-03-27 02:29:29,071 - INFO - [36m(setup pid=6112)[0m  + nvidia-cuda-cupti-cu12==12.6.80
2026-03-27 02:29:29,071 - INFO - [36m(setup pid=6112)[0m  + nvidia-cuda-nvrtc-cu12==12.6.77
2026-03-27 02:29:29,071 - INFO - [36m(setup pid=6112)[0m  + nvidia-cuda-runtime-cu12==12.6.77
2026-03-27 02:29:29,071 - INFO - [36m(setup pid=6112)[0m  + nvidia-cudnn-cu12==9.5.1.17
2026-03-27 02:29:29,071 - INFO - [36m(setup pid=6112)[0m  + nvidia-cufft-cu12==11.3.0.4
2026-03-27 02:29:29,071 - INFO - [36m(setup pid=6112)[0m  + nvidia-cufile-cu12==1.11.1.6
2026-03-27 02:29:29,071 - INFO - [36m(setup pid=6112)[0m  + nvidia-curand-cu12==10.3.7.77
2026-03-27 02:29:29,071 - INFO - [36m(setup pid=6112)[0m  + nvidia-cusolver-cu12==11.7.1.2
2026-03-27 02:29:29,071 - INFO - [36m(setup pid=6112)[0m  + nvidia-cusparse-cu12==12.5.4.2
2026-03-27 02:29:29,071 - INFO - [36m(setup pid=6112)[0m  + nvidia-cusparselt-cu12==0.6.3
2026-03-27 02:29:29,071 - INFO - [36m(setup pid=6112)[0m  + nvidia-nccl-cu12==2.26.2
2026-03-27 02:29:29,071 - INFO - [36m(setup pid=6112)[0m  + nvidia-nvjitlink-cu12==12.6.85
2026-03-27 02:29:29,071 - INFO - [36m(setup pid=6112)[0m  + nvidia-nvtx-cu12==12.6.77
2026-03-27 02:29:29,071 - INFO - [36m(setup pid=6112)[0m  + openai==1.90.0
2026-03-27 02:29:29,071 - INFO - [36m(setup pid=6112)[0m  + opencv-python-headless==4.13.0.92
2026-03-27 02:29:29,071 - INFO - [36m(setup pid=6112)[0m  + outlines-core==0.2.10
2026-03-27 02:29:29,071 - INFO - [36m(setup pid=6112)[0m  + partial-json-parser==0.2.1.1.post7
2026-03-27 02:29:29,071 - INFO - [36m(setup pid=6112)[0m  + pillow==12.1.1
2026-03-27 02:29:29,071 - INFO - [36m(setup pid=6112)[0m  + prometheus-client==0.24.1
2026-03-27 02:29:29,071 - INFO - [36m(setup pid=6112)[0m  + prometheus-fastapi-instrumentator==7.1.0
2026-03-27 02:29:29,071 - INFO - [36m(setup pid=6112)[0m  + protobuf==7.34.1
2026-03-27 02:29:29,071 - INFO - [36m(setup pid=6112)[0m  + psutil==7.2.2
2026-03-27 02:29:29,071 - INFO - [36m(setup pid=6112)[0m  + py-cpuinfo==9.0.0
2026-03-27 02:29:29,071 - INFO - [36m(setup pid=6112)[0m  + pybase64==1.4.3
2026-03-27 02:29:29,071 - INFO - [36m(setup pid=6112)[0m  + pycountry==26.2.16
2026-03-27 02:29:29,071 - INFO - [36m(setup pid=6112)[0m  + pycparser==3.0
2026-03-27 02:29:29,071 - INFO - [36m(setup pid=6112)[0m  + pydantic==2.12.5
2026-03-27 02:29:29,071 - INFO - [36m(setup pid=6112)[0m  + pydantic-core==2.41.5
2026-03-27 02:29:29,071 - INFO - [36m(setup pid=6112)[0m  + pydantic-extra-types==2.11.1
2026-03-27 02:29:29,071 - INFO - [36m(setup pid=6112)[0m  + pydantic-settings==2.13.1
2026-03-27 02:29:29,071 - INFO - [36m(setup pid=6112)[0m  + python-dotenv==1.2.2
2026-03-27 02:29:29,071 - INFO - [36m(setup pid=6112)[0m  + python-json-logger==4.0.0
2026-03-27 02:29:29,071 - INFO - [36m(setup pid=6112)[0m  + python-multipart==0.0.22
2026-03-27 02:29:29,071 - INFO - [36m(setup pid=6112)[0m  + pyzmq==27.1.0
2026-03-27 02:29:29,071 - INFO - [36m(setup pid=6112)[0m  + ray==2.54.1
2026-03-27 02:29:29,071 - INFO - [36m(setup pid=6112)[0m  + referencing==0.37.0
2026-03-27 02:29:29,071 - INFO - [36m(setup pid=6112)[0m  + regex==2026.2.28
2026-03-27 02:29:29,071 - INFO - [36m(setup pid=6112)[0m  + rich-toolkit==0.19.7
2026-03-27 02:29:29,071 - INFO - [36m(setup pid=6112)[0m  + rignore==0.7.6
2026-03-27 02:29:29,071 - INFO - [36m(setup pid=6112)[0m  + rpds-py==0.30.0
2026-03-27 02:29:29,071 - INFO - [36m(setup pid=6112)[0m  + safetensors==0.7.0
2026-03-27 02:29:29,071 - INFO - [36m(setup pid=6112)[0m  + scipy==1.17.1
2026-03-27 02:29:29,071 - INFO - [36m(setup pid=6112)[0m  + sentencepiece==0.2.1
2026-03-27 02:29:29,071 - INFO - [36m(setup pid=6112)[0m  + sentry-sdk==2.56.0
2026-03-27 02:29:29,071 - INFO - [36m(setup pid=6112)[0m  + setuptools==79.0.1
2026-03-27 02:29:29,071 - INFO - [36m(setup pid=6112)[0m  + sniffio==1.3.1
2026-03-27 02:29:29,071 - INFO - [36m(setup pid=6112)[0m  + soundfile==0.13.1
2026-03-27 02:29:29,071 - INFO - [36m(setup pid=6112)[0m  + soxr==1.0.0
2026-03-27 02:29:29,071 - INFO - [36m(setup pid=6112)[0m  + starlette==0.52.1
2026-03-27 02:29:29,071 - INFO - [36m(setup pid=6112)[0m  + sympy==1.14.0
2026-03-27 02:29:29,071 - INFO - [36m(setup pid=6112)[0m  + tiktoken==0.12.0
2026-03-27 02:29:29,071 - INFO - [36m(setup pid=6112)[0m  + tokenizers==0.22.2
2026-03-27 02:29:29,072 - INFO - [36m(setup pid=6112)[0m  + torch==2.7.1
2026-03-27 02:29:29,072 - INFO - [36m(setup pid=6112)[0m  + torchaudio==2.7.1
2026-03-27 02:29:29,072 - INFO - [36m(setup pid=6112)[0m  + torchvision==0.22.1
2026-03-27 02:29:29,072 - INFO - [36m(setup pid=6112)[0m  + transformers==5.3.0
2026-03-27 02:29:29,072 - INFO - [36m(setup pid=6112)[0m  + triton==3.3.1
2026-03-27 02:29:29,072 - INFO - [36m(setup pid=6112)[0m  + typing-inspection==0.4.2
2026-03-27 02:29:29,072 - INFO - [36m(setup pid=6112)[0m  + uvicorn==0.42.0
2026-03-27 02:29:29,072 - INFO - [36m(setup pid=6112)[0m  + uvloop==0.22.1
2026-03-27 02:29:29,072 - INFO - [36m(setup pid=6112)[0m  + vllm==0.10.0
2026-03-27 02:29:29,072 - INFO - [36m(setup pid=6112)[0m  + watchfiles==1.1.1
2026-03-27 02:29:29,072 - INFO - [36m(setup pid=6112)[0m  + websockets==16.0
2026-03-27 02:29:29,072 - INFO - [36m(setup pid=6112)[0m  + xformers==0.0.31
2026-03-27 02:29:29,072 - INFO - [36m(setup pid=6112)[0m  + xgrammar==0.1.21
2026-03-27 02:29:29,072 - INFO - [36m(setup pid=6112)[0m + echo '=== Pinning transformers==4.57.3 (avoid 5.x breaking changes) ==='
2026-03-27 02:29:29,072 - INFO - [36m(setup pid=6112)[0m === Pinning transformers==4.57.3 (avoid 5.x breaking changes) ===
2026-03-27 02:29:29,072 - INFO - [36m(setup pid=6112)[0m + uv pip install transformers==4.57.3
2026-03-27 02:29:29,072 - INFO - [36m(setup pid=6112)[0m Resolved 18 packages in 60ms
2026-03-27 02:29:29,072 - INFO - [36m(setup pid=6112)[0m Downloading transformers (11.4MiB)
2026-03-27 02:29:29,072 - INFO - [36m(setup pid=6112)[0m  Downloaded transformers
2026-03-27 02:29:29,072 - INFO - [36m(setup pid=6112)[0m Prepared 2 packages in 303ms
2026-03-27 02:29:29,072 - INFO - [36m(setup pid=6112)[0m Uninstalled 2 packages in 68ms
2026-03-27 02:29:29,072 - INFO - [36m(setup pid=6112)[0m Installed 2 packages in 44ms
2026-03-27 02:29:37,822 - INFO - [36m(setup pid=6112)[0m  - huggingface-hub==1.8.0
2026-03-27 02:29:37,822 - INFO - [36m(setup pid=6112)[0m  + huggingface-hub==0.36.2
2026-03-27 02:29:37,822 - INFO - [36m(setup pid=6112)[0m  - transformers==5.3.0
2026-03-27 02:29:37,822 - INFO - [36m(setup pid=6112)[0m  + transformers==4.57.3
2026-03-27 02:29:37,822 - INFO - [36m(setup pid=6112)[0m + echo '=== PyTorch CUDA Check ==='
2026-03-27 02:29:37,822 - INFO - [36m(setup pid=6112)[0m === PyTorch CUDA Check ===
2026-03-27 02:29:37,822 - INFO - [36m(setup pid=6112)[0m + python3 -c 'import torch; print('\''torch.cuda.is_available():'\'', torch.cuda.is_available()); print('\''torch.version.cuda:'\'', torch.version.cuda); print('\''torch.__version__:'\'', torch.__version__); print('\''torch.cuda.device_count():'\'', torch.cuda.device_count() if torch.cuda.is_available() else '\''N/A'\'')'
2026-03-27 02:29:37,822 - INFO - [36m(setup pid=6112)[0m torch.cuda.is_available(): True
2026-03-27 02:29:39,427 - INFO - [36m(setup pid=6112)[0m torch.version.cuda: 12.6
2026-03-27 02:29:39,427 - INFO - [36m(setup pid=6112)[0m torch.__version__: 2.7.1+cu126
2026-03-27 02:29:39,427 - INFO - [36m(setup pid=6112)[0m torch.cuda.device_count(): 8
2026-03-27 02:29:39,427 - INFO - [36m(setup pid=6112)[0m + echo ===========================
2026-03-27 02:29:40,032 - INFO - [36m(setup pid=6112)[0m ===========================
2026-03-27 02:29:40,032 - INFO - [36m(setup pid=6112)[0m + echo '=== Setup complete ==='
2026-03-27 02:29:40,032 - INFO - [36m(setup pid=6112)[0m === Setup complete ===
2026-03-27 02:29:40,032 - INFO - [36m(rf-qwen2-5-72b-instruct-tp4pp2-A100-80gb, pid=6112)[0m + export LD_LIBRARY_PATH=/usr/local/cuda/lib64:/usr/local/cuda/targets/x86_64-linux/lib:/usr/local/cuda-12.8/lib:/usr/local/cuda-12.8/lib64:/usr/local/cuda-12.8:/usr/local/cuda-12.8/targets/x86_64-linux/lib/:/usr/local/cuda-12.8/extras/CUPTI/lib64:/opt/amazon/efa/lib:/opt/amazon/openmpi/lib:/opt/amazon/ofi-nccl/lib/x86_64-linux-gnu:/usr/local/lib:/usr/lib:/usr/local/cuda-12.8/lib:/usr/local/cuda-12.8/lib64:/usr/local/cuda-12.8:/usr/local/cuda-12.8/targets/x86_64-linux/lib/:/usr/local/cuda-12.8/extras/CUPTI/lib64:/opt/amazon/efa/lib:/opt/amazon/openmpi/lib:/opt/amazon/ofi-nccl/lib/x86_64-linux-gnu:/usr/local/lib:/usr/lib
2026-03-27 02:29:40,735 - INFO - [36m(rf-qwen2-5-72b-instruct-tp4pp2-A100-80gb, pid=6112)[0m + LD_LIBRARY_PATH=/usr/local/cuda/lib64:/usr/local/cuda/targets/x86_64-linux/lib:/usr/local/cuda-12.8/lib:/usr/local/cuda-12.8/lib64:/usr/local/cuda-12.8:/usr/local/cuda-12.8/targets/x86_64-linux/lib/:/usr/local/cuda-12.8/extras/CUPTI/lib64:/opt/amazon/efa/lib:/opt/amazon/openmpi/lib:/opt/amazon/ofi-nccl/lib/x86_64-linux-gnu:/usr/local/lib:/usr/lib:/usr/local/cuda-12.8/lib:/usr/local/cuda-12.8/lib64:/usr/local/cuda-12.8:/usr/local/cuda-12.8/targets/x86_64-linux/lib/:/usr/local/cuda-12.8/extras/CUPTI/lib64:/opt/amazon/efa/lib:/opt/amazon/openmpi/lib:/opt/amazon/ofi-nccl/lib/x86_64-linux-gnu:/usr/local/lib:/usr/lib
2026-03-27 02:29:40,735 - INFO - [36m(rf-qwen2-5-72b-instruct-tp4pp2-A100-80gb, pid=6112)[0m + export CUDA_HOME=/usr/local/cuda
2026-03-27 02:29:40,735 - INFO - [36m(rf-qwen2-5-72b-instruct-tp4pp2-A100-80gb, pid=6112)[0m + CUDA_HOME=/usr/local/cuda
2026-03-27 02:29:40,735 - INFO - [36m(rf-qwen2-5-72b-instruct-tp4pp2-A100-80gb, pid=6112)[0m + echo '=== Pre-run Diagnostics ==='
2026-03-27 02:29:40,735 - INFO - [36m(rf-qwen2-5-72b-instruct-tp4pp2-A100-80gb, pid=6112)[0m === Pre-run Diagnostics ===
2026-03-27 02:29:40,735 - INFO - [36m(rf-qwen2-5-72b-instruct-tp4pp2-A100-80gb, pid=6112)[0m + nvidia-smi
2026-03-27 02:29:40,735 - INFO - [36m(rf-qwen2-5-72b-instruct-tp4pp2-A100-80gb, pid=6112)[0m Thu Mar 26 20:59:39 2026
2026-03-27 02:29:43,450 - INFO - [36m(rf-qwen2-5-72b-instruct-tp4pp2-A100-80gb, pid=6112)[0m +-----------------------------------------------------------------------------------------+
2026-03-27 02:29:43,450 - INFO - [36m(rf-qwen2-5-72b-instruct-tp4pp2-A100-80gb, pid=6112)[0m | NVIDIA-SMI 570.172.08             Driver Version: 570.172.08     CUDA Version: 12.8     |
2026-03-27 02:29:43,450 - INFO - [36m(rf-qwen2-5-72b-instruct-tp4pp2-A100-80gb, pid=6112)[0m |-----------------------------------------+------------------------+----------------------+
2026-03-27 02:29:43,450 - INFO - [36m(rf-qwen2-5-72b-instruct-tp4pp2-A100-80gb, pid=6112)[0m | GPU  Name                 Persistence-M | Bus-Id          Disp.A | Volatile Uncorr. ECC |
2026-03-27 02:29:43,450 - INFO - [36m(rf-qwen2-5-72b-instruct-tp4pp2-A100-80gb, pid=6112)[0m | Fan  Temp   Perf          Pwr:Usage/Cap |           Memory-Usage | GPU-Util  Compute M. |
2026-03-27 02:29:43,450 - INFO - [36m(rf-qwen2-5-72b-instruct-tp4pp2-A100-80gb, pid=6112)[0m |                                         |                        |               MIG M. |
2026-03-27 02:29:43,450 - INFO - [36m(rf-qwen2-5-72b-instruct-tp4pp2-A100-80gb, pid=6112)[0m |=========================================+========================+======================|
2026-03-27 02:29:43,450 - INFO - [36m(rf-qwen2-5-72b-instruct-tp4pp2-A100-80gb, pid=6112)[0m |   0  NVIDIA A100-SXM4-80GB          On  |   00000000:10:1C.0 Off |                    0 |
2026-03-27 02:29:43,450 - INFO - [36m(rf-qwen2-5-72b-instruct-tp4pp2-A100-80gb, pid=6112)[0m | N/A   34C    P0             63W /  400W |       0MiB /  81920MiB |      0%      Default |
2026-03-27 02:29:43,450 - INFO - [36m(rf-qwen2-5-72b-instruct-tp4pp2-A100-80gb, pid=6112)[0m |                                         |                        |             Disabled |
2026-03-27 02:29:43,450 - INFO - [36m(rf-qwen2-5-72b-instruct-tp4pp2-A100-80gb, pid=6112)[0m +-----------------------------------------+------------------------+----------------------+
2026-03-27 02:29:43,450 - INFO - [36m(rf-qwen2-5-72b-instruct-tp4pp2-A100-80gb, pid=6112)[0m |   1  NVIDIA A100-SXM4-80GB          On  |   00000000:10:1D.0 Off |                    0 |
2026-03-27 02:29:43,450 - INFO - [36m(rf-qwen2-5-72b-instruct-tp4pp2-A100-80gb, pid=6112)[0m | N/A   33C    P0             61W /  400W |       0MiB /  81920MiB |      0%      Default |
2026-03-27 02:29:43,450 - INFO - [36m(rf-qwen2-5-72b-instruct-tp4pp2-A100-80gb, pid=6112)[0m |                                         |                        |             Disabled |
2026-03-27 02:29:43,450 - INFO - [36m(rf-qwen2-5-72b-instruct-tp4pp2-A100-80gb, pid=6112)[0m +-----------------------------------------+------------------------+----------------------+
2026-03-27 02:29:43,450 - INFO - [36m(rf-qwen2-5-72b-instruct-tp4pp2-A100-80gb, pid=6112)[0m |   2  NVIDIA A100-SXM4-80GB          On  |   00000000:20:1C.0 Off |                    0 |
2026-03-27 02:29:43,450 - INFO - [36m(rf-qwen2-5-72b-instruct-tp4pp2-A100-80gb, pid=6112)[0m | N/A   33C    P0             61W /  400W |       0MiB /  81920MiB |      0%      Default |
2026-03-27 02:29:43,450 - INFO - [36m(rf-qwen2-5-72b-instruct-tp4pp2-A100-80gb, pid=6112)[0m |                                         |                        |             Disabled |
2026-03-27 02:29:43,450 - INFO - [36m(rf-qwen2-5-72b-instruct-tp4pp2-A100-80gb, pid=6112)[0m +-----------------------------------------+------------------------+----------------------+
2026-03-27 02:29:43,450 - INFO - [36m(rf-qwen2-5-72b-instruct-tp4pp2-A100-80gb, pid=6112)[0m |   3  NVIDIA A100-SXM4-80GB          On  |   00000000:20:1D.0 Off |                    0 |
2026-03-27 02:29:43,450 - INFO - [36m(rf-qwen2-5-72b-instruct-tp4pp2-A100-80gb, pid=6112)[0m | N/A   34C    P0             62W /  400W |       0MiB /  81920MiB |      0%      Default |
2026-03-27 02:29:43,450 - INFO - [36m(rf-qwen2-5-72b-instruct-tp4pp2-A100-80gb, pid=6112)[0m |                                         |                        |             Disabled |
2026-03-27 02:29:43,450 - INFO - [36m(rf-qwen2-5-72b-instruct-tp4pp2-A100-80gb, pid=6112)[0m +-----------------------------------------+------------------------+----------------------+
2026-03-27 02:29:43,450 - INFO - [36m(rf-qwen2-5-72b-instruct-tp4pp2-A100-80gb, pid=6112)[0m |   4  NVIDIA A100-SXM4-80GB          On  |   00000000:90:1C.0 Off |                    0 |
2026-03-27 02:29:43,450 - INFO - [36m(rf-qwen2-5-72b-instruct-tp4pp2-A100-80gb, pid=6112)[0m | N/A   34C    P0             60W /  400W |       0MiB /  81920MiB |      0%      Default |
2026-03-27 02:29:43,450 - INFO - [36m(rf-qwen2-5-72b-instruct-tp4pp2-A100-80gb, pid=6112)[0m |                                         |                        |             Disabled |
2026-03-27 02:29:43,450 - INFO - [36m(rf-qwen2-5-72b-instruct-tp4pp2-A100-80gb, pid=6112)[0m +-----------------------------------------+------------------------+----------------------+
2026-03-27 02:29:43,450 - INFO - [36m(rf-qwen2-5-72b-instruct-tp4pp2-A100-80gb, pid=6112)[0m |   5  NVIDIA A100-SXM4-80GB          On  |   00000000:90:1D.0 Off |                    0 |
2026-03-27 02:29:43,450 - INFO - [36m(rf-qwen2-5-72b-instruct-tp4pp2-A100-80gb, pid=6112)[0m | N/A   33C    P0             61W /  400W |       0MiB /  81920MiB |      0%      Default |
2026-03-27 02:29:43,450 - INFO - [36m(rf-qwen2-5-72b-instruct-tp4pp2-A100-80gb, pid=6112)[0m |                                         |                        |             Disabled |
2026-03-27 02:29:43,450 - INFO - [36m(rf-qwen2-5-72b-instruct-tp4pp2-A100-80gb, pid=6112)[0m +-----------------------------------------+------------------------+----------------------+
2026-03-27 02:29:43,450 - INFO - [36m(rf-qwen2-5-72b-instruct-tp4pp2-A100-80gb, pid=6112)[0m |   6  NVIDIA A100-SXM4-80GB          On  |   00000000:A0:1C.0 Off |                    0 |
2026-03-27 02:29:43,450 - INFO - [36m(rf-qwen2-5-72b-instruct-tp4pp2-A100-80gb, pid=6112)[0m | N/A   33C    P0             62W /  400W |       0MiB /  81920MiB |      0%      Default |
2026-03-27 02:29:43,450 - INFO - [36m(rf-qwen2-5-72b-instruct-tp4pp2-A100-80gb, pid=6112)[0m |                                         |                        |             Disabled |
2026-03-27 02:29:43,450 - INFO - [36m(rf-qwen2-5-72b-instruct-tp4pp2-A100-80gb, pid=6112)[0m +-----------------------------------------+------------------------+----------------------+
2026-03-27 02:29:43,450 - INFO - [36m(rf-qwen2-5-72b-instruct-tp4pp2-A100-80gb, pid=6112)[0m |   7  NVIDIA A100-SXM4-80GB          On  |   00000000:A0:1D.0 Off |                    0 |
2026-03-27 02:29:43,450 - INFO - [36m(rf-qwen2-5-72b-instruct-tp4pp2-A100-80gb, pid=6112)[0m | N/A   33C    P0             66W /  400W |       0MiB /  81920MiB |      0%      Default |
2026-03-27 02:29:43,450 - INFO - [36m(rf-qwen2-5-72b-instruct-tp4pp2-A100-80gb, pid=6112)[0m |                                         |                        |             Disabled |
2026-03-27 02:29:43,450 - INFO - [36m(rf-qwen2-5-72b-instruct-tp4pp2-A100-80gb, pid=6112)[0m +-----------------------------------------+------------------------+----------------------+
2026-03-27 02:29:43,450 - INFO - [36m(rf-qwen2-5-72b-instruct-tp4pp2-A100-80gb, pid=6112)[0m
2026-03-27 02:29:43,450 - INFO - [36m(rf-qwen2-5-72b-instruct-tp4pp2-A100-80gb, pid=6112)[0m +-----------------------------------------------------------------------------------------+
2026-03-27 02:29:43,450 - INFO - [36m(rf-qwen2-5-72b-instruct-tp4pp2-A100-80gb, pid=6112)[0m | Processes:                                                                              |
2026-03-27 02:29:43,450 - INFO - [36m(rf-qwen2-5-72b-instruct-tp4pp2-A100-80gb, pid=6112)[0m |  GPU   GI   CI              PID   Type   Process name                        GPU Memory |
2026-03-27 02:29:43,450 - INFO - [36m(rf-qwen2-5-72b-instruct-tp4pp2-A100-80gb, pid=6112)[0m |        ID   ID                                                               Usage      |
2026-03-27 02:29:43,450 - INFO - [36m(rf-qwen2-5-72b-instruct-tp4pp2-A100-80gb, pid=6112)[0m |=========================================================================================|
2026-03-27 02:29:43,450 - INFO - [36m(rf-qwen2-5-72b-instruct-tp4pp2-A100-80gb, pid=6112)[0m |  No running processes found                                                             |
2026-03-27 02:29:43,450 - INFO - [36m(rf-qwen2-5-72b-instruct-tp4pp2-A100-80gb, pid=6112)[0m +-----------------------------------------------------------------------------------------+
2026-03-27 02:29:43,450 - INFO - [36m(rf-qwen2-5-72b-instruct-tp4pp2-A100-80gb, pid=6112)[0m + echo '--- A100 SXM4 Diagnostics ---'
2026-03-27 02:29:44,153 - INFO - [36m(rf-qwen2-5-72b-instruct-tp4pp2-A100-80gb, pid=6112)[0m --- A100 SXM4 Diagnostics ---
2026-03-27 02:29:44,154 - INFO - [36m(rf-qwen2-5-72b-instruct-tp4pp2-A100-80gb, pid=6112)[0m + echo 'Checking NVIDIA Fabric Manager (required for NVSwitch on A100-SXM4)...'
2026-03-27 02:29:44,154 - INFO - [36m(rf-qwen2-5-72b-instruct-tp4pp2-A100-80gb, pid=6112)[0m Checking NVIDIA Fabric Manager (required for NVSwitch on A100-SXM4)...
2026-03-27 02:29:44,154 - INFO - [36m(rf-qwen2-5-72b-instruct-tp4pp2-A100-80gb, pid=6112)[0m + systemctl status nvidia-fabricmanager
2026-03-27 02:29:44,154 - INFO - [36m(rf-qwen2-5-72b-instruct-tp4pp2-A100-80gb, pid=6112)[0m ● nvidia-fabricmanager.service - NVIDIA fabric manager service
2026-03-27 02:29:44,154 - INFO - [36m(rf-qwen2-5-72b-instruct-tp4pp2-A100-80gb, pid=6112)[0m      Loaded: loaded (/lib/systemd/system/nvidia-fabricmanager.service; enabled; vendor preset: enabled)
2026-03-27 02:29:44,154 - INFO - [36m(rf-qwen2-5-72b-instruct-tp4pp2-A100-80gb, pid=6112)[0m      Active: active (running) since Thu 2026-03-26 20:57:47 UTC; 1min 55s ago
2026-03-27 02:29:44,154 - INFO - [36m(rf-qwen2-5-72b-instruct-tp4pp2-A100-80gb, pid=6112)[0m     Process: 4263 ExecStart=/usr/bin/nvidia-fabricmanager-start.sh --mode start (code=exited, status=0/SUCCESS)
2026-03-27 02:29:44,154 - INFO - [36m(rf-qwen2-5-72b-instruct-tp4pp2-A100-80gb, pid=6112)[0m    Main PID: 4421 (nv-fabricmanage)
2026-03-27 02:29:44,154 - INFO - [36m(rf-qwen2-5-72b-instruct-tp4pp2-A100-80gb, pid=6112)[0m       Tasks: 19
2026-03-27 02:29:44,154 - INFO - [36m(rf-qwen2-5-72b-instruct-tp4pp2-A100-80gb, pid=6112)[0m      Memory: 26.7M
2026-03-27 02:29:44,154 - INFO - [36m(rf-qwen2-5-72b-instruct-tp4pp2-A100-80gb, pid=6112)[0m         CPU: 11.381s
2026-03-27 02:29:44,154 - INFO - [36m(rf-qwen2-5-72b-instruct-tp4pp2-A100-80gb, pid=6112)[0m      CGroup: /system.slice/nvidia-fabricmanager.service
2026-03-27 02:29:44,154 - INFO - [36m(rf-qwen2-5-72b-instruct-tp4pp2-A100-80gb, pid=6112)[0m              └─4421 /usr/bin/nv-fabricmanager -c /usr/share/nvidia/nvswitch/fabricmanager.cfg
2026-03-27 02:29:44,154 - INFO - [36m(rf-qwen2-5-72b-instruct-tp4pp2-A100-80gb, pid=6112)[0m
2026-03-27 02:29:44,154 - INFO - [36m(rf-qwen2-5-72b-instruct-tp4pp2-A100-80gb, pid=6112)[0m Mar 26 20:57:32 ip-172-31-44-209 systemd[1]: Starting NVIDIA fabric manager service...
2026-03-27 02:29:44,154 - INFO - [36m(rf-qwen2-5-72b-instruct-tp4pp2-A100-80gb, pid=6112)[0m Mar 26 20:57:32 ip-172-31-44-209 nvidia-fabricmanager-start.sh[4263]: Detected Pre-NVL5 system
2026-03-27 02:29:44,154 - INFO - [36m(rf-qwen2-5-72b-instruct-tp4pp2-A100-80gb, pid=6112)[0m Mar 26 20:57:37 ip-172-31-44-209 nv-fabricmanager[4421]: Connected to 1 node.
2026-03-27 02:29:44,154 - INFO - [36m(rf-qwen2-5-72b-instruct-tp4pp2-A100-80gb, pid=6112)[0m Mar 26 20:57:47 ip-172-31-44-209 nv-fabricmanager[4421]: Successfully configured all the available GPUs and NVSwitches to route NVLink traffic.
2026-03-27 02:29:44,154 - INFO - [36m(rf-qwen2-5-72b-instruct-tp4pp2-A100-80gb, pid=6112)[0m Mar 26 20:57:47 ip-172-31-44-209 nvidia-fabricmanager-start.sh[4263]: Started "Nvidia Fabric Manager"
2026-03-27 02:29:44,154 - INFO - [36m(rf-qwen2-5-72b-instruct-tp4pp2-A100-80gb, pid=6112)[0m Mar 26 20:57:47 ip-172-31-44-209 systemd[1]: Started NVIDIA fabric manager service.
2026-03-27 02:29:44,154 - INFO - [36m(rf-qwen2-5-72b-instruct-tp4pp2-A100-80gb, pid=6112)[0m + echo 'Checking for NVLink topology...'
2026-03-27 02:29:44,154 - INFO - [36m(rf-qwen2-5-72b-instruct-tp4pp2-A100-80gb, pid=6112)[0m Checking for NVLink topology...
2026-03-27 02:29:44,154 - INFO - [36m(rf-qwen2-5-72b-instruct-tp4pp2-A100-80gb, pid=6112)[0m + nvidia-smi topo -m
2026-03-27 02:29:44,154 - INFO - [36m(rf-qwen2-5-72b-instruct-tp4pp2-A100-80gb, pid=6112)[0m 	[4mGPU0	GPU1	GPU2	GPU3	GPU4	GPU5	GPU6	GPU7	CPU Affinity	NUMA Affinity	GPU NUMA ID[0m
2026-03-27 02:29:46,062 - INFO - [36m(rf-qwen2-5-72b-instruct-tp4pp2-A100-80gb, pid=6112)[0m GPU0	 X 	NV12	NV12	NV12	NV12	NV12	NV12	NV12	0-23,48-71	0		N/A
2026-03-27 02:29:46,062 - INFO - [36m(rf-qwen2-5-72b-instruct-tp4pp2-A100-80gb, pid=6112)[0m GPU1	NV12	 X 	NV12	NV12	NV12	NV12	NV12	NV12	0-23,48-71	0		N/A
2026-03-27 02:29:46,062 - INFO - [36m(rf-qwen2-5-72b-instruct-tp4pp2-A100-80gb, pid=6112)[0m GPU2	NV12	NV12	 X 	NV12	NV12	NV12	NV12	NV12	0-23,48-71	0		N/A
2026-03-27 02:29:46,062 - INFO - [36m(rf-qwen2-5-72b-instruct-tp4pp2-A100-80gb, pid=6112)[0m GPU3	NV12	NV12	NV12	 X 	NV12	NV12	NV12	NV12	0-23,48-71	0		N/A
2026-03-27 02:29:46,062 - INFO - [36m(rf-qwen2-5-72b-instruct-tp4pp2-A100-80gb, pid=6112)[0m GPU4	NV12	NV12	NV12	NV12	 X 	NV12	NV12	NV12	24-47,72-95	1		N/A
2026-03-27 02:29:46,062 - INFO - [36m(rf-qwen2-5-72b-instruct-tp4pp2-A100-80gb, pid=6112)[0m GPU5	NV12	NV12	NV12	NV12	NV12	 X 	NV12	NV12	24-47,72-95	1		N/A
2026-03-27 02:29:46,062 - INFO - [36m(rf-qwen2-5-72b-instruct-tp4pp2-A100-80gb, pid=6112)[0m GPU6	NV12	NV12	NV12	NV12	NV12	NV12	 X 	NV12	24-47,72-95	1		N/A
2026-03-27 02:29:46,062 - INFO - [36m(rf-qwen2-5-72b-instruct-tp4pp2-A100-80gb, pid=6112)[0m GPU7	NV12	NV12	NV12	NV12	NV12	NV12	NV12	 X 	24-47,72-95	1		N/A
2026-03-27 02:29:46,062 - INFO - [36m(rf-qwen2-5-72b-instruct-tp4pp2-A100-80gb, pid=6112)[0m
2026-03-27 02:29:46,062 - INFO - [36m(rf-qwen2-5-72b-instruct-tp4pp2-A100-80gb, pid=6112)[0m Legend:
2026-03-27 02:29:46,062 - INFO - [36m(rf-qwen2-5-72b-instruct-tp4pp2-A100-80gb, pid=6112)[0m
2026-03-27 02:29:46,062 - INFO - [36m(rf-qwen2-5-72b-instruct-tp4pp2-A100-80gb, pid=6112)[0m   X    = Self
2026-03-27 02:29:46,062 - INFO - [36m(rf-qwen2-5-72b-instruct-tp4pp2-A100-80gb, pid=6112)[0m   SYS  = Connection traversing PCIe as well as the SMP interconnect between NUMA nodes (e.g., QPI/UPI)
2026-03-27 02:29:46,062 - INFO - [36m(rf-qwen2-5-72b-instruct-tp4pp2-A100-80gb, pid=6112)[0m   NODE = Connection traversing PCIe as well as the interconnect between PCIe Host Bridges within a NUMA node
2026-03-27 02:29:46,062 - INFO - [36m(rf-qwen2-5-72b-instruct-tp4pp2-A100-80gb, pid=6112)[0m   PHB  = Connection traversing PCIe as well as a PCIe Host Bridge (typically the CPU)
2026-03-27 02:29:46,062 - INFO - [36m(rf-qwen2-5-72b-instruct-tp4pp2-A100-80gb, pid=6112)[0m   PXB  = Connection traversing multiple PCIe bridges (without traversing the PCIe Host Bridge)
2026-03-27 02:29:46,062 - INFO - [36m(rf-qwen2-5-72b-instruct-tp4pp2-A100-80gb, pid=6112)[0m   PIX  = Connection traversing at most a single PCIe bridge
2026-03-27 02:29:46,063 - INFO - [36m(rf-qwen2-5-72b-instruct-tp4pp2-A100-80gb, pid=6112)[0m   NV#  = Connection traversing a bonded set of # NVLinks
2026-03-27 02:29:46,063 - INFO - [36m(rf-qwen2-5-72b-instruct-tp4pp2-A100-80gb, pid=6112)[0m + echo '--- NUMA Topology and GPU-NUMA Mapping ---'
2026-03-27 02:29:46,063 - INFO - [36m(rf-qwen2-5-72b-instruct-tp4pp2-A100-80gb, pid=6112)[0m --- NUMA Topology and GPU-NUMA Mapping ---
2026-03-27 02:29:46,063 - INFO - [36m(rf-qwen2-5-72b-instruct-tp4pp2-A100-80gb, pid=6112)[0m + echo 'NUMA hardware layout:'
2026-03-27 02:29:46,063 - INFO - [36m(rf-qwen2-5-72b-instruct-tp4pp2-A100-80gb, pid=6112)[0m NUMA hardware layout:
2026-03-27 02:29:46,063 - INFO - [36m(rf-qwen2-5-72b-instruct-tp4pp2-A100-80gb, pid=6112)[0m + numactl --hardware
2026-03-27 02:29:46,063 - INFO - [36m(rf-qwen2-5-72b-instruct-tp4pp2-A100-80gb, pid=6112)[0m available: 2 nodes (0-1)
2026-03-27 02:29:46,063 - INFO - [36m(rf-qwen2-5-72b-instruct-tp4pp2-A100-80gb, pid=6112)[0m node 0 cpus: 0 1 2 3 4 5 6 7 8 9 10 11 12 13 14 15 16 17 18 19 20 21 22 23 48 49 50 51 52 53 54 55 56 57 58 59 60 61 62 63 64 65 66 67 68 69 70 71
2026-03-27 02:29:46,063 - INFO - [36m(rf-qwen2-5-72b-instruct-tp4pp2-A100-80gb, pid=6112)[0m node 0 size: 574352 MB
2026-03-27 02:29:46,063 - INFO - [36m(rf-qwen2-5-72b-instruct-tp4pp2-A100-80gb, pid=6112)[0m node 0 free: 550148 MB
2026-03-27 02:29:46,063 - INFO - [36m(rf-qwen2-5-72b-instruct-tp4pp2-A100-80gb, pid=6112)[0m node 1 cpus: 24 25 26 27 28 29 30 31 32 33 34 35 36 37 38 39 40 41 42 43 44 45 46 47 72 73 74 75 76 77 78 79 80 81 82 83 84 85 86 87 88 89 90 91 92 93 94 95
2026-03-27 02:29:46,063 - INFO - [36m(rf-qwen2-5-72b-instruct-tp4pp2-A100-80gb, pid=6112)[0m node 1 size: 574368 MB
2026-03-27 02:29:46,063 - INFO - [36m(rf-qwen2-5-72b-instruct-tp4pp2-A100-80gb, pid=6112)[0m node 1 free: 545884 MB
2026-03-27 02:29:46,063 - INFO - [36m(rf-qwen2-5-72b-instruct-tp4pp2-A100-80gb, pid=6112)[0m node distances:
2026-03-27 02:29:46,063 - INFO - [36m(rf-qwen2-5-72b-instruct-tp4pp2-A100-80gb, pid=6112)[0m node   0   1
2026-03-27 02:29:46,063 - INFO - [36m(rf-qwen2-5-72b-instruct-tp4pp2-A100-80gb, pid=6112)[0m   0:  10  21
2026-03-27 02:29:46,063 - INFO - [36m(rf-qwen2-5-72b-instruct-tp4pp2-A100-80gb, pid=6112)[0m   1:  21  10
2026-03-27 02:29:46,063 - INFO - [36m(rf-qwen2-5-72b-instruct-tp4pp2-A100-80gb, pid=6112)[0m + echo ''
2026-03-27 02:29:46,063 - INFO - [36m(rf-qwen2-5-72b-instruct-tp4pp2-A100-80gb, pid=6112)[0m
2026-03-27 02:29:46,063 - INFO - [36m(rf-qwen2-5-72b-instruct-tp4pp2-A100-80gb, pid=6112)[0m + echo 'GPU PCIe Bus IDs and NUMA node assignments:'
2026-03-27 02:29:46,063 - INFO - [36m(rf-qwen2-5-72b-instruct-tp4pp2-A100-80gb, pid=6112)[0m GPU PCIe Bus IDs and NUMA node assignments:
2026-03-27 02:29:46,063 - INFO - [36m(rf-qwen2-5-72b-instruct-tp4pp2-A100-80gb, pid=6112)[0m ++ nvidia-smi --query-gpu=count --format=csv,noheader
2026-03-27 02:29:46,063 - INFO - [36m(rf-qwen2-5-72b-instruct-tp4pp2-A100-80gb, pid=6112)[0m ++ head -1
2026-03-27 02:29:46,063 - INFO - [36m(rf-qwen2-5-72b-instruct-tp4pp2-A100-80gb, pid=6112)[0m ++ echo 0
2026-03-27 02:29:46,063 - INFO - [36m(rf-qwen2-5-72b-instruct-tp4pp2-A100-80gb, pid=6112)[0m + gpu_count='8
2026-03-27 02:29:46,063 - INFO - [36m(rf-qwen2-5-72b-instruct-tp4pp2-A100-80gb, pid=6112)[0m 0'
2026-03-27 02:29:46,063 - INFO - [36m(rf-qwen2-5-72b-instruct-tp4pp2-A100-80gb, pid=6112)[0m + '[' '8
2026-03-27 02:29:46,063 - INFO - [36m(rf-qwen2-5-72b-instruct-tp4pp2-A100-80gb, pid=6112)[0m 0' -gt 0 ']'
2026-03-27 02:29:46,063 - INFO - [36m(rf-qwen2-5-72b-instruct-tp4pp2-A100-80gb, pid=6112)[0m + echo 'Could not detect GPU count'
2026-03-27 02:29:46,063 - INFO - [36m(rf-qwen2-5-72b-instruct-tp4pp2-A100-80gb, pid=6112)[0m Could not detect GPU count
2026-03-27 02:29:46,063 - INFO - [36m(rf-qwen2-5-72b-instruct-tp4pp2-A100-80gb, pid=6112)[0m + echo -------------------------------------------
2026-03-27 02:29:46,063 - INFO - [36m(rf-qwen2-5-72b-instruct-tp4pp2-A100-80gb, pid=6112)[0m -------------------------------------------
2026-03-27 02:29:46,063 - INFO - [36m(rf-qwen2-5-72b-instruct-tp4pp2-A100-80gb, pid=6112)[0m + echo 'Checking for GPU processes and errors...'
2026-03-27 02:29:46,063 - INFO - [36m(rf-qwen2-5-72b-instruct-tp4pp2-A100-80gb, pid=6112)[0m Checking for GPU processes and errors...
2026-03-27 02:29:46,063 - INFO - [36m(rf-qwen2-5-72b-instruct-tp4pp2-A100-80gb, pid=6112)[0m + awk 'NR<=50'
2026-03-27 02:29:46,063 - INFO - [36m(rf-qwen2-5-72b-instruct-tp4pp2-A100-80gb, pid=6112)[0m + nvidia-smi -q -d ERRORS
2026-03-27 02:29:46,063 - INFO - [36m(rf-qwen2-5-72b-instruct-tp4pp2-A100-80gb, pid=6112)[0m Failed to parse --display/-d flags
2026-03-27 02:29:46,063 - INFO - [36m(rf-qwen2-5-72b-instruct-tp4pp2-A100-80gb, pid=6112)[0m + echo 'Error check failed'
2026-03-27 02:29:46,063 - INFO - [36m(rf-qwen2-5-72b-instruct-tp4pp2-A100-80gb, pid=6112)[0m Error check failed
2026-03-27 02:29:46,063 - INFO - [36m(rf-qwen2-5-72b-instruct-tp4pp2-A100-80gb, pid=6112)[0m + echo '--- CUDA Device Query ---'
2026-03-27 02:29:46,063 - INFO - [36m(rf-qwen2-5-72b-instruct-tp4pp2-A100-80gb, pid=6112)[0m --- CUDA Device Query ---
2026-03-27 02:29:46,063 - INFO - [36m(rf-qwen2-5-72b-instruct-tp4pp2-A100-80gb, pid=6112)[0m + python3 -c 'import ctypes; cudart = ctypes.CDLL('\''libcudart.so.12'\''); count = ctypes.c_int(); result = cudart.cudaGetDeviceCount(ctypes.byref(count)); print(f'\''cudaGetDeviceCount result: {result} (0=success), device count: {count.value}'\'')'
2026-03-27 02:29:46,063 - INFO - [36m(rf-qwen2-5-72b-instruct-tp4pp2-A100-80gb, pid=6112)[0m cudaGetDeviceCount result: 0 (0=success), device count: 8
2026-03-27 02:29:47,266 - INFO - [36m(rf-qwen2-5-72b-instruct-tp4pp2-A100-80gb, pid=6112)[0m + echo ===========================
2026-03-27 02:29:47,266 - INFO - [36m(rf-qwen2-5-72b-instruct-tp4pp2-A100-80gb, pid=6112)[0m ===========================
2026-03-27 02:29:47,266 - INFO - [36m(rf-qwen2-5-72b-instruct-tp4pp2-A100-80gb, pid=6112)[0m + source .venv/bin/activate
2026-03-27 02:29:47,266 - INFO - [36m(rf-qwen2-5-72b-instruct-tp4pp2-A100-80gb, pid=6112)[0m ++ '[' -z '' ']'
2026-03-27 02:29:47,266 - INFO - [36m(rf-qwen2-5-72b-instruct-tp4pp2-A100-80gb, pid=6112)[0m ++ '[' -n x ']'
2026-03-27 02:29:47,266 - INFO - [36m(rf-qwen2-5-72b-instruct-tp4pp2-A100-80gb, pid=6112)[0m ++ SCRIPT_PATH=.venv/bin/activate
2026-03-27 02:29:47,266 - INFO - [36m(rf-qwen2-5-72b-instruct-tp4pp2-A100-80gb, pid=6112)[0m ++ '[' .venv/bin/activate = /tmp/sky_app_ngkpqcsr ']'
2026-03-27 02:29:47,266 - INFO - [36m(rf-qwen2-5-72b-instruct-tp4pp2-A100-80gb, pid=6112)[0m ++ deactivate nondestructive
2026-03-27 02:29:47,266 - INFO - [36m(rf-qwen2-5-72b-instruct-tp4pp2-A100-80gb, pid=6112)[0m ++ unset -f pydoc
2026-03-27 02:29:47,266 - INFO - [36m(rf-qwen2-5-72b-instruct-tp4pp2-A100-80gb, pid=6112)[0m ++ '[' -z '' ']'
2026-03-27 02:29:47,266 - INFO - [36m(rf-qwen2-5-72b-instruct-tp4pp2-A100-80gb, pid=6112)[0m ++ '[' -z '' ']'
2026-03-27 02:29:47,266 - INFO - [36m(rf-qwen2-5-72b-instruct-tp4pp2-A100-80gb, pid=6112)[0m ++ hash -r
2026-03-27 02:29:47,767 - INFO - [36m(rf-qwen2-5-72b-instruct-tp4pp2-A100-80gb, pid=6112)[0m ++ '[' -z '' ']'
2026-03-27 02:29:47,767 - INFO - [36m(rf-qwen2-5-72b-instruct-tp4pp2-A100-80gb, pid=6112)[0m ++ unset VIRTUAL_ENV
2026-03-27 02:29:47,767 - INFO - [36m(rf-qwen2-5-72b-instruct-tp4pp2-A100-80gb, pid=6112)[0m ++ unset VIRTUAL_ENV_PROMPT
2026-03-27 02:29:47,767 - INFO - [36m(rf-qwen2-5-72b-instruct-tp4pp2-A100-80gb, pid=6112)[0m ++ '[' '!' nondestructive = nondestructive ']'
2026-03-27 02:29:47,767 - INFO - [36m(rf-qwen2-5-72b-instruct-tp4pp2-A100-80gb, pid=6112)[0m ++ VIRTUAL_ENV=/home/ubuntu/sky_workdir/.venv
2026-03-27 02:29:47,767 - INFO - [36m(rf-qwen2-5-72b-instruct-tp4pp2-A100-80gb, pid=6112)[0m ++ '[' linux-gnu = cygwin ']'
2026-03-27 02:29:47,767 - INFO - [36m(rf-qwen2-5-72b-instruct-tp4pp2-A100-80gb, pid=6112)[0m ++ '[' linux-gnu = msys ']'
2026-03-27 02:29:47,767 - INFO - [36m(rf-qwen2-5-72b-instruct-tp4pp2-A100-80gb, pid=6112)[0m ++ export VIRTUAL_ENV
2026-03-27 02:29:47,767 - INFO - [36m(rf-qwen2-5-72b-instruct-tp4pp2-A100-80gb, pid=6112)[0m ++ '[' -z '' ']'
2026-03-27 02:29:47,767 - INFO - [36m(rf-qwen2-5-72b-instruct-tp4pp2-A100-80gb, pid=6112)[0m ++ unset SCRIPT_PATH
2026-03-27 02:29:47,767 - INFO - [36m(rf-qwen2-5-72b-instruct-tp4pp2-A100-80gb, pid=6112)[0m ++ _OLD_VIRTUAL_PATH=/home/ubuntu/.local/bin:/home/ubuntu/.local/bin:/home/ubuntu/miniconda3/bin:/home/ubuntu/miniconda3/condabin:/opt/amazon/openmpi/bin:/opt/amazon/efa/bin:/usr/local/cuda-12.8/bin:/usr/local/cuda-12.8/include:/usr/local/cuda-12.8/bin:/usr/local/cuda-12.8/include:/usr/local/sbin:/usr/local/bin:/usr/sbin:/usr/bin:/sbin:/bin:/usr/games:/usr/local/games:/snap/bin
2026-03-27 02:29:47,767 - INFO - [36m(rf-qwen2-5-72b-instruct-tp4pp2-A100-80gb, pid=6112)[0m ++ PATH=/home/ubuntu/sky_workdir/.venv/bin:/home/ubuntu/.local/bin:/home/ubuntu/.local/bin:/home/ubuntu/miniconda3/bin:/home/ubuntu/miniconda3/condabin:/opt/amazon/openmpi/bin:/opt/amazon/efa/bin:/usr/local/cuda-12.8/bin:/usr/local/cuda-12.8/include:/usr/local/cuda-12.8/bin:/usr/local/cuda-12.8/include:/usr/local/sbin:/usr/local/bin:/usr/sbin:/usr/bin:/sbin:/bin:/usr/games:/usr/local/games:/snap/bin
2026-03-27 02:29:47,768 - INFO - [36m(rf-qwen2-5-72b-instruct-tp4pp2-A100-80gb, pid=6112)[0m ++ export PATH
2026-03-27 02:29:47,768 - INFO - [36m(rf-qwen2-5-72b-instruct-tp4pp2-A100-80gb, pid=6112)[0m ++ '[' xsky_workdir '!=' x ']'
2026-03-27 02:29:47,768 - INFO - [36m(rf-qwen2-5-72b-instruct-tp4pp2-A100-80gb, pid=6112)[0m ++ VIRTUAL_ENV_PROMPT=sky_workdir
2026-03-27 02:29:47,768 - INFO - [36m(rf-qwen2-5-72b-instruct-tp4pp2-A100-80gb, pid=6112)[0m ++ export VIRTUAL_ENV_PROMPT
2026-03-27 02:29:47,768 - INFO - [36m(rf-qwen2-5-72b-instruct-tp4pp2-A100-80gb, pid=6112)[0m ++ '[' -z '' ']'
2026-03-27 02:29:47,768 - INFO - [36m(rf-qwen2-5-72b-instruct-tp4pp2-A100-80gb, pid=6112)[0m ++ '[' -z '' ']'
2026-03-27 02:29:47,768 - INFO - [36m(rf-qwen2-5-72b-instruct-tp4pp2-A100-80gb, pid=6112)[0m ++ _OLD_VIRTUAL_PS1='(base) ${debian_chroot:+($debian_chroot)}\u@\h:\w\$ '
2026-03-27 02:29:47,768 - INFO - [36m(rf-qwen2-5-72b-instruct-tp4pp2-A100-80gb, pid=6112)[0m ++ PS1='(sky_workdir) (base) ${debian_chroot:+($debian_chroot)}\u@\h:\w\$ '
2026-03-27 02:29:47,768 - INFO - [36m(rf-qwen2-5-72b-instruct-tp4pp2-A100-80gb, pid=6112)[0m ++ export PS1
2026-03-27 02:29:47,768 - INFO - [36m(rf-qwen2-5-72b-instruct-tp4pp2-A100-80gb, pid=6112)[0m ++ alias pydoc
2026-03-27 02:29:47,768 - INFO - [36m(rf-qwen2-5-72b-instruct-tp4pp2-A100-80gb, pid=6112)[0m ++ true
2026-03-27 02:29:47,768 - INFO - [36m(rf-qwen2-5-72b-instruct-tp4pp2-A100-80gb, pid=6112)[0m ++ hash -r
2026-03-27 02:29:47,768 - INFO - [36m(rf-qwen2-5-72b-instruct-tp4pp2-A100-80gb, pid=6112)[0m + echo '=== DETAILED PyTorch CUDA Diagnostics (in run phase) ==='
2026-03-27 02:29:47,768 - INFO - [36m(rf-qwen2-5-72b-instruct-tp4pp2-A100-80gb, pid=6112)[0m === DETAILED PyTorch CUDA Diagnostics (in run phase) ===
2026-03-27 02:29:48,672 - INFO - [36m(rf-qwen2-5-72b-instruct-tp4pp2-A100-80gb, pid=6112)[0m + echo '--- Environment ---'
2026-03-27 02:29:48,672 - INFO - [36m(rf-qwen2-5-72b-instruct-tp4pp2-A100-80gb, pid=6112)[0m --- Environment ---
2026-03-27 02:29:48,672 - INFO - [36m(rf-qwen2-5-72b-instruct-tp4pp2-A100-80gb, pid=6112)[0m + echo 'LD_LIBRARY_PATH: /usr/local/cuda/lib64:/usr/local/cuda/targets/x86_64-linux/lib:/usr/local/cuda-12.8/lib:/usr/local/cuda-12.8/lib64:/usr/local/cuda-12.8:/usr/local/cuda-12.8/targets/x86_64-linux/lib/:/usr/local/cuda-12.8/extras/CUPTI/lib64:/opt/amazon/efa/lib:/opt/amazon/openmpi/lib:/opt/amazon/ofi-nccl/lib/x86_64-linux-gnu:/usr/local/lib:/usr/lib:/usr/local/cuda-12.8/lib:/usr/local/cuda-12.8/lib64:/usr/local/cuda-12.8:/usr/local/cuda-12.8/targets/x86_64-linux/lib/:/usr/local/cuda-12.8/extras/CUPTI/lib64:/opt/amazon/efa/lib:/opt/amazon/openmpi/lib:/opt/amazon/ofi-nccl/lib/x86_64-linux-gnu:/usr/local/lib:/usr/lib'
2026-03-27 02:29:48,672 - INFO - [36m(rf-qwen2-5-72b-instruct-tp4pp2-A100-80gb, pid=6112)[0m LD_LIBRARY_PATH: /usr/local/cuda/lib64:/usr/local/cuda/targets/x86_64-linux/lib:/usr/local/cuda-12.8/lib:/usr/local/cuda-12.8/lib64:/usr/local/cuda-12.8:/usr/local/cuda-12.8/targets/x86_64-linux/lib/:/usr/local/cuda-12.8/extras/CUPTI/lib64:/opt/amazon/efa/lib:/opt/amazon/openmpi/lib:/opt/amazon/ofi-nccl/lib/x86_64-linux-gnu:/usr/local/lib:/usr/lib:/usr/local/cuda-12.8/lib:/usr/local/cuda-12.8/lib64:/usr/local/cuda-12.8:/usr/local/cuda-12.8/targets/x86_64-linux/lib/:/usr/local/cuda-12.8/extras/CUPTI/lib64:/opt/amazon/efa/lib:/opt/amazon/openmpi/lib:/opt/amazon/ofi-nccl/lib/x86_64-linux-gnu:/usr/local/lib:/usr/lib
2026-03-27 02:29:48,672 - INFO - [36m(rf-qwen2-5-72b-instruct-tp4pp2-A100-80gb, pid=6112)[0m + echo 'CUDA_HOME: /usr/local/cuda'
2026-03-27 02:29:48,673 - INFO - [36m(rf-qwen2-5-72b-instruct-tp4pp2-A100-80gb, pid=6112)[0m CUDA_HOME: /usr/local/cuda
2026-03-27 02:29:48,673 - INFO - [36m(rf-qwen2-5-72b-instruct-tp4pp2-A100-80gb, pid=6112)[0m + which python3
2026-03-27 02:29:48,673 - INFO - [36m(rf-qwen2-5-72b-instruct-tp4pp2-A100-80gb, pid=6112)[0m /home/ubuntu/sky_workdir/.venv/bin/python3
2026-03-27 02:29:48,673 - INFO - [36m(rf-qwen2-5-72b-instruct-tp4pp2-A100-80gb, pid=6112)[0m + echo '--- Torch info ---'
2026-03-27 02:29:48,673 - INFO - [36m(rf-qwen2-5-72b-instruct-tp4pp2-A100-80gb, pid=6112)[0m --- Torch info ---
2026-03-27 02:29:48,673 - INFO - [36m(rf-qwen2-5-72b-instruct-tp4pp2-A100-80gb, pid=6112)[0m + python3 -c 'import torch; print('\''torch.__version__:'\'', torch.__version__); print('\''torch.__file__:'\'', torch.__file__); print('\''torch.version.cuda:'\'', torch.version.cuda); print('\''torch.backends.cuda.is_built():'\'', torch.backends.cuda.is_built())'
2026-03-27 02:29:48,673 - INFO - [36m(rf-qwen2-5-72b-instruct-tp4pp2-A100-80gb, pid=6112)[0m torch.__version__: 2.7.1+cu126
2026-03-27 02:29:49,376 - INFO - [36m(rf-qwen2-5-72b-instruct-tp4pp2-A100-80gb, pid=6112)[0m torch.__file__: /home/ubuntu/sky_workdir/.venv/lib/python3.12/site-packages/torch/__init__.py
2026-03-27 02:29:49,376 - INFO - [36m(rf-qwen2-5-72b-instruct-tp4pp2-A100-80gb, pid=6112)[0m torch.version.cuda: 12.6
2026-03-27 02:29:49,376 - INFO - [36m(rf-qwen2-5-72b-instruct-tp4pp2-A100-80gb, pid=6112)[0m torch.backends.cuda.is_built(): True
2026-03-27 02:29:49,376 - INFO - [36m(rf-qwen2-5-72b-instruct-tp4pp2-A100-80gb, pid=6112)[0m + echo '--- CUDA check ---'
2026-03-27 02:29:52,393 - INFO - [36m(rf-qwen2-5-72b-instruct-tp4pp2-A100-80gb, pid=6112)[0m --- CUDA check ---
2026-03-27 02:29:52,393 - INFO - [36m(rf-qwen2-5-72b-instruct-tp4pp2-A100-80gb, pid=6112)[0m + python3 -c 'import torch; print('\''torch.cuda.is_available():'\'', torch.cuda.is_available()); print('\''torch.cuda.device_count():'\'', torch.cuda.device_count() if torch.cuda.is_available() else '\''N/A - checking why...'\'')'
2026-03-27 02:29:52,393 - INFO - [36m(rf-qwen2-5-72b-instruct-tp4pp2-A100-80gb, pid=6112)[0m torch.cuda.is_available(): True
2026-03-27 02:29:54,000 - INFO - [36m(rf-qwen2-5-72b-instruct-tp4pp2-A100-80gb, pid=6112)[0m torch.cuda.device_count(): 8
2026-03-27 02:29:54,000 - INFO - [36m(rf-qwen2-5-72b-instruct-tp4pp2-A100-80gb, pid=6112)[0m + echo '--- Loading CUDA libs directly ---'
2026-03-27 02:29:57,619 - INFO - [36m(rf-qwen2-5-72b-instruct-tp4pp2-A100-80gb, pid=6112)[0m --- Loading CUDA libs directly ---
2026-03-27 02:29:57,619 - INFO - [36m(rf-qwen2-5-72b-instruct-tp4pp2-A100-80gb, pid=6112)[0m + python3 -c 'import ctypes; libs=['\''libcuda.so.1'\'','\''libcudart.so.12'\'','\''libnvidia-ml.so.1'\'']; [print(l+'\'': OK'\'') if ctypes.CDLL(l) else None for l in libs]'
2026-03-27 02:29:57,619 - INFO - [36m(rf-qwen2-5-72b-instruct-tp4pp2-A100-80gb, pid=6112)[0m libcuda.so.1: OK
2026-03-27 02:29:57,619 - INFO - [36m(rf-qwen2-5-72b-instruct-tp4pp2-A100-80gb, pid=6112)[0m libcudart.so.12: OK
2026-03-27 02:29:57,619 - INFO - [36m(rf-qwen2-5-72b-instruct-tp4pp2-A100-80gb, pid=6112)[0m libnvidia-ml.so.1: OK
2026-03-27 02:29:57,619 - INFO - [36m(rf-qwen2-5-72b-instruct-tp4pp2-A100-80gb, pid=6112)[0m + echo '--- Manual CUDA init attempt ---'
2026-03-27 02:29:57,619 - INFO - [36m(rf-qwen2-5-72b-instruct-tp4pp2-A100-80gb, pid=6112)[0m --- Manual CUDA init attempt ---
2026-03-27 02:29:57,619 - INFO - [36m(rf-qwen2-5-72b-instruct-tp4pp2-A100-80gb, pid=6112)[0m + python3 -c 'import torch; torch.cuda.init(); print('\''torch.cuda.init() OK, device_count:'\'', torch.cuda.device_count())'
2026-03-27 02:29:57,619 - INFO - [36m(rf-qwen2-5-72b-instruct-tp4pp2-A100-80gb, pid=6112)[0m torch.cuda.init() OK, device_count: 8
2026-03-27 02:29:59,023 - INFO - [36m(rf-qwen2-5-72b-instruct-tp4pp2-A100-80gb, pid=6112)[0m + echo '--- Installed torch packages ---'
2026-03-27 02:29:59,625 - INFO - [36m(rf-qwen2-5-72b-instruct-tp4pp2-A100-80gb, pid=6112)[0m --- Installed torch packages ---
2026-03-27 02:29:59,625 - INFO - [36m(rf-qwen2-5-72b-instruct-tp4pp2-A100-80gb, pid=6112)[0m + pip list
2026-03-27 02:29:59,625 - INFO - [36m(rf-qwen2-5-72b-instruct-tp4pp2-A100-80gb, pid=6112)[0m + grep --color=auto -i -E 'torch|nvidia|cuda|triton'
2026-03-27 02:29:59,626 - INFO - [36m(rf-qwen2-5-72b-instruct-tp4pp2-A100-80gb, pid=6112)[0m cuda-pathfinder                   1.5.0
2026-03-27 02:30:00,128 - INFO - [36m(rf-qwen2-5-72b-instruct-tp4pp2-A100-80gb, pid=6112)[0m cupy-cuda12x                      14.0.1
2026-03-27 02:30:00,128 - INFO - [36m(rf-qwen2-5-72b-instruct-tp4pp2-A100-80gb, pid=6112)[0m nvidia-cublas-cu12                12.6.4.1
2026-03-27 02:30:00,128 - INFO - [36m(rf-qwen2-5-72b-instruct-tp4pp2-A100-80gb, pid=6112)[0m nvidia-cuda-cupti-cu12            12.6.80
2026-03-27 02:30:00,128 - INFO - [36m(rf-qwen2-5-72b-instruct-tp4pp2-A100-80gb, pid=6112)[0m nvidia-cuda-nvrtc-cu12            12.6.77
2026-03-27 02:30:00,128 - INFO - [36m(rf-qwen2-5-72b-instruct-tp4pp2-A100-80gb, pid=6112)[0m nvidia-cuda-runtime-cu12          12.6.77
2026-03-27 02:30:00,128 - INFO - [36m(rf-qwen2-5-72b-instruct-tp4pp2-A100-80gb, pid=6112)[0m nvidia-cudnn-cu12                 9.5.1.17
2026-03-27 02:30:00,128 - INFO - [36m(rf-qwen2-5-72b-instruct-tp4pp2-A100-80gb, pid=6112)[0m nvidia-cufft-cu12                 11.3.0.4
2026-03-27 02:30:00,128 - INFO - [36m(rf-qwen2-5-72b-instruct-tp4pp2-A100-80gb, pid=6112)[0m nvidia-cufile-cu12                1.11.1.6
2026-03-27 02:30:00,128 - INFO - [36m(rf-qwen2-5-72b-instruct-tp4pp2-A100-80gb, pid=6112)[0m nvidia-curand-cu12                10.3.7.77
2026-03-27 02:30:00,128 - INFO - [36m(rf-qwen2-5-72b-instruct-tp4pp2-A100-80gb, pid=6112)[0m nvidia-cusolver-cu12              11.7.1.2
2026-03-27 02:30:00,128 - INFO - [36m(rf-qwen2-5-72b-instruct-tp4pp2-A100-80gb, pid=6112)[0m nvidia-cusparse-cu12              12.5.4.2
2026-03-27 02:30:00,128 - INFO - [36m(rf-qwen2-5-72b-instruct-tp4pp2-A100-80gb, pid=6112)[0m nvidia-cusparselt-cu12            0.6.3
2026-03-27 02:30:00,128 - INFO - [36m(rf-qwen2-5-72b-instruct-tp4pp2-A100-80gb, pid=6112)[0m nvidia-ml-py                      13.595.45
2026-03-27 02:30:00,128 - INFO - [36m(rf-qwen2-5-72b-instruct-tp4pp2-A100-80gb, pid=6112)[0m nvidia-nccl-cu12                  2.26.2
2026-03-27 02:30:00,128 - INFO - [36m(rf-qwen2-5-72b-instruct-tp4pp2-A100-80gb, pid=6112)[0m nvidia-nvjitlink-cu12             12.6.85
2026-03-27 02:30:00,128 - INFO - [36m(rf-qwen2-5-72b-instruct-tp4pp2-A100-80gb, pid=6112)[0m nvidia-nvtx-cu12                  12.6.77
2026-03-27 02:30:00,128 - INFO - [36m(rf-qwen2-5-72b-instruct-tp4pp2-A100-80gb, pid=6112)[0m torch                             2.7.1
2026-03-27 02:30:00,128 - INFO - [36m(rf-qwen2-5-72b-instruct-tp4pp2-A100-80gb, pid=6112)[0m torchaudio                        2.7.1
2026-03-27 02:30:00,128 - INFO - [36m(rf-qwen2-5-72b-instruct-tp4pp2-A100-80gb, pid=6112)[0m torchvision                       0.22.1
2026-03-27 02:30:00,128 - INFO - [36m(rf-qwen2-5-72b-instruct-tp4pp2-A100-80gb, pid=6112)[0m triton                            3.3.1
2026-03-27 02:30:00,128 - INFO - [36m(rf-qwen2-5-72b-instruct-tp4pp2-A100-80gb, pid=6112)[0m + echo =========================================
2026-03-27 02:30:00,128 - INFO - [36m(rf-qwen2-5-72b-instruct-tp4pp2-A100-80gb, pid=6112)[0m =========================================
2026-03-27 02:30:00,128 - INFO - [36m(rf-qwen2-5-72b-instruct-tp4pp2-A100-80gb, pid=6112)[0m + export LD_LIBRARY_PATH=/usr/local/cuda/lib64:/usr/local/cuda/targets/x86_64-linux/lib:/usr/local/cuda/lib64:/usr/local/cuda/targets/x86_64-linux/lib:/usr/local/cuda-12.8/lib:/usr/local/cuda-12.8/lib64:/usr/local/cuda-12.8:/usr/local/cuda-12.8/targets/x86_64-linux/lib/:/usr/local/cuda-12.8/extras/CUPTI/lib64:/opt/amazon/efa/lib:/opt/amazon/openmpi/lib:/opt/amazon/ofi-nccl/lib/x86_64-linux-gnu:/usr/local/lib:/usr/lib:/usr/local/cuda-12.8/lib:/usr/local/cuda-12.8/lib64:/usr/local/cuda-12.8:/usr/local/cuda-12.8/targets/x86_64-linux/lib/:/usr/local/cuda-12.8/extras/CUPTI/lib64:/opt/amazon/efa/lib:/opt/amazon/openmpi/lib:/opt/amazon/ofi-nccl/lib/x86_64-linux-gnu:/usr/local/lib:/usr/lib
2026-03-27 02:30:00,128 - INFO - [36m(rf-qwen2-5-72b-instruct-tp4pp2-A100-80gb, pid=6112)[0m + LD_LIBRARY_PATH=/usr/local/cuda/lib64:/usr/local/cuda/targets/x86_64-linux/lib:/usr/local/cuda/lib64:/usr/local/cuda/targets/x86_64-linux/lib:/usr/local/cuda-12.8/lib:/usr/local/cuda-12.8/lib64:/usr/local/cuda-12.8:/usr/local/cuda-12.8/targets/x86_64-linux/lib/:/usr/local/cuda-12.8/extras/CUPTI/lib64:/opt/amazon/efa/lib:/opt/amazon/openmpi/lib:/opt/amazon/ofi-nccl/lib/x86_64-linux-gnu:/usr/local/lib:/usr/lib:/usr/local/cuda-12.8/lib:/usr/local/cuda-12.8/lib64:/usr/local/cuda-12.8:/usr/local/cuda-12.8/targets/x86_64-linux/lib/:/usr/local/cuda-12.8/extras/CUPTI/lib64:/opt/amazon/efa/lib:/opt/amazon/openmpi/lib:/opt/amazon/ofi-nccl/lib/x86_64-linux-gnu:/usr/local/lib:/usr/lib
2026-03-27 02:30:00,129 - INFO - [36m(rf-qwen2-5-72b-instruct-tp4pp2-A100-80gb, pid=6112)[0m + export NCCL_P2P_DISABLE=0
2026-03-27 02:30:00,129 - INFO - [36m(rf-qwen2-5-72b-instruct-tp4pp2-A100-80gb, pid=6112)[0m + NCCL_P2P_DISABLE=0
2026-03-27 02:30:00,129 - INFO - [36m(rf-qwen2-5-72b-instruct-tp4pp2-A100-80gb, pid=6112)[0m + export NCCL_TIMEOUT=3600
2026-03-27 02:30:01,433 - INFO - [36m(rf-qwen2-5-72b-instruct-tp4pp2-A100-80gb, pid=6112)[0m + NCCL_TIMEOUT=3600
2026-03-27 02:30:01,433 - INFO - [36m(rf-qwen2-5-72b-instruct-tp4pp2-A100-80gb, pid=6112)[0m + export TORCH_NCCL_BLOCKING_WAIT=1
2026-03-27 02:30:01,433 - INFO - [36m(rf-qwen2-5-72b-instruct-tp4pp2-A100-80gb, pid=6112)[0m + TORCH_NCCL_BLOCKING_WAIT=1
2026-03-27 02:30:01,433 - INFO - [36m(rf-qwen2-5-72b-instruct-tp4pp2-A100-80gb, pid=6112)[0m + export TORCH_NCCL_ASYNC_ERROR_HANDLING=1
2026-03-27 02:30:01,433 - INFO - [36m(rf-qwen2-5-72b-instruct-tp4pp2-A100-80gb, pid=6112)[0m + TORCH_NCCL_ASYNC_ERROR_HANDLING=1
2026-03-27 02:30:01,433 - INFO - [36m(rf-qwen2-5-72b-instruct-tp4pp2-A100-80gb, pid=6112)[0m + export TORCH_NCCL_TRACE_BUFFER_SIZE=10000
2026-03-27 02:30:01,433 - INFO - [36m(rf-qwen2-5-72b-instruct-tp4pp2-A100-80gb, pid=6112)[0m + TORCH_NCCL_TRACE_BUFFER_SIZE=10000
2026-03-27 02:30:01,433 - INFO - [36m(rf-qwen2-5-72b-instruct-tp4pp2-A100-80gb, pid=6112)[0m + export TORCH_DISTRIBUTED_DEBUG=DETAIL
2026-03-27 02:30:01,433 - INFO - [36m(rf-qwen2-5-72b-instruct-tp4pp2-A100-80gb, pid=6112)[0m + TORCH_DISTRIBUTED_DEBUG=DETAIL
2026-03-27 02:30:01,433 - INFO - [36m(rf-qwen2-5-72b-instruct-tp4pp2-A100-80gb, pid=6112)[0m + export NCCL_DEBUG=INFO
2026-03-27 02:30:01,433 - INFO - [36m(rf-qwen2-5-72b-instruct-tp4pp2-A100-80gb, pid=6112)[0m + NCCL_DEBUG=INFO
2026-03-27 02:30:01,433 - INFO - [36m(rf-qwen2-5-72b-instruct-tp4pp2-A100-80gb, pid=6112)[0m + export LD_LIBRARY_PATH=/opt/amazon/ofi-nccl/lib:/opt/amazon/efa/lib:/usr/local/cuda/lib64:/usr/local/cuda/targets/x86_64-linux/lib:/usr/local/cuda/lib64:/usr/local/cuda/targets/x86_64-linux/lib:/usr/local/cuda-12.8/lib:/usr/local/cuda-12.8/lib64:/usr/local/cuda-12.8:/usr/local/cuda-12.8/targets/x86_64-linux/lib/:/usr/local/cuda-12.8/extras/CUPTI/lib64:/opt/amazon/efa/lib:/opt/amazon/openmpi/lib:/opt/amazon/ofi-nccl/lib/x86_64-linux-gnu:/usr/local/lib:/usr/lib:/usr/local/cuda-12.8/lib:/usr/local/cuda-12.8/lib64:/usr/local/cuda-12.8:/usr/local/cuda-12.8/targets/x86_64-linux/lib/:/usr/local/cuda-12.8/extras/CUPTI/lib64:/opt/amazon/efa/lib:/opt/amazon/openmpi/lib:/opt/amazon/ofi-nccl/lib/x86_64-linux-gnu:/usr/local/lib:/usr/lib
2026-03-27 02:30:01,433 - INFO - [36m(rf-qwen2-5-72b-instruct-tp4pp2-A100-80gb, pid=6112)[0m + LD_LIBRARY_PATH=/opt/amazon/ofi-nccl/lib:/opt/amazon/efa/lib:/usr/local/cuda/lib64:/usr/local/cuda/targets/x86_64-linux/lib:/usr/local/cuda/lib64:/usr/local/cuda/targets/x86_64-linux/lib:/usr/local/cuda-12.8/lib:/usr/local/cuda-12.8/lib64:/usr/local/cuda-12.8:/usr/local/cuda-12.8/targets/x86_64-linux/lib/:/usr/local/cuda-12.8/extras/CUPTI/lib64:/opt/amazon/efa/lib:/opt/amazon/openmpi/lib:/opt/amazon/ofi-nccl/lib/x86_64-linux-gnu:/usr/local/lib:/usr/lib:/usr/local/cuda-12.8/lib:/usr/local/cuda-12.8/lib64:/usr/local/cuda-12.8:/usr/local/cuda-12.8/targets/x86_64-linux/lib/:/usr/local/cuda-12.8/extras/CUPTI/lib64:/opt/amazon/efa/lib:/opt/amazon/openmpi/lib:/opt/amazon/ofi-nccl/lib/x86_64-linux-gnu:/usr/local/lib:/usr/lib
2026-03-27 02:30:01,433 - INFO - [36m(rf-qwen2-5-72b-instruct-tp4pp2-A100-80gb, pid=6112)[0m + export NCCL_NET_PLUGIN=ofi
2026-03-27 02:30:01,433 - INFO - [36m(rf-qwen2-5-72b-instruct-tp4pp2-A100-80gb, pid=6112)[0m + NCCL_NET_PLUGIN=ofi
2026-03-27 02:30:01,433 - INFO - [36m(rf-qwen2-5-72b-instruct-tp4pp2-A100-80gb, pid=6112)[0m + export FI_EFA_USE_DEVICE_RDMA=1
2026-03-27 02:30:01,433 - INFO - [36m(rf-qwen2-5-72b-instruct-tp4pp2-A100-80gb, pid=6112)[0m + FI_EFA_USE_DEVICE_RDMA=1
2026-03-27 02:30:01,433 - INFO - [36m(rf-qwen2-5-72b-instruct-tp4pp2-A100-80gb, pid=6112)[0m + export FI_PROVIDER=efa
2026-03-27 02:30:01,433 - INFO - [36m(rf-qwen2-5-72b-instruct-tp4pp2-A100-80gb, pid=6112)[0m + FI_PROVIDER=efa
2026-03-27 02:30:01,433 - INFO - [36m(rf-qwen2-5-72b-instruct-tp4pp2-A100-80gb, pid=6112)[0m + export NCCL_DEBUG_SUBSYS=NET
2026-03-27 02:30:01,433 - INFO - [36m(rf-qwen2-5-72b-instruct-tp4pp2-A100-80gb, pid=6112)[0m + NCCL_DEBUG_SUBSYS=NET
2026-03-27 02:30:01,434 - INFO - [36m(rf-qwen2-5-72b-instruct-tp4pp2-A100-80gb, pid=6112)[0m + export RAY_DASHBOARD_HOST=0.0.0.0
2026-03-27 02:30:01,434 - INFO - [36m(rf-qwen2-5-72b-instruct-tp4pp2-A100-80gb, pid=6112)[0m + RAY_DASHBOARD_HOST=0.0.0.0
2026-03-27 02:30:01,434 - INFO - [36m(rf-qwen2-5-72b-instruct-tp4pp2-A100-80gb, pid=6112)[0m + export RAY_HEAD_PORT=6379
2026-03-27 02:30:01,434 - INFO - [36m(rf-qwen2-5-72b-instruct-tp4pp2-A100-80gb, pid=6112)[0m + RAY_HEAD_PORT=6379
2026-03-27 02:30:01,434 - INFO - [36m(rf-qwen2-5-72b-instruct-tp4pp2-A100-80gb, pid=6112)[0m + export RAY_DASHBOARD_PORT=8265
2026-03-27 02:30:01,434 - INFO - [36m(rf-qwen2-5-72b-instruct-tp4pp2-A100-80gb, pid=6112)[0m + RAY_DASHBOARD_PORT=8265
2026-03-27 02:30:01,434 - INFO - [36m(rf-qwen2-5-72b-instruct-tp4pp2-A100-80gb, pid=6112)[0m + echo 'Starting Ray for single-node pipeline parallelism...'
2026-03-27 02:30:01,434 - INFO - [36m(rf-qwen2-5-72b-instruct-tp4pp2-A100-80gb, pid=6112)[0m Starting Ray for single-node pipeline parallelism...
2026-03-27 02:30:01,434 - INFO - [36m(rf-qwen2-5-72b-instruct-tp4pp2-A100-80gb, pid=6112)[0m + uv run ray start --head --port=6379 --dashboard-host=0.0.0.0 --dashboard-port=8265 --num-cpus=0
2026-03-27 02:30:01,434 - INFO - [36m(rf-qwen2-5-72b-instruct-tp4pp2-A100-80gb, pid=6112)[0m 2026-03-26 21:00:01,168	INFO usage_lib.py:447 -- Usage stats collection is disabled.
2026-03-27 02:30:04,651 - INFO - [36m(rf-qwen2-5-72b-instruct-tp4pp2-A100-80gb, pid=6112)[0m 2026-03-26 21:00:01,168	INFO scripts.py:936 -- Local node IP: 172.31.44.209
2026-03-27 02:30:04,651 - INFO - [36m(rf-qwen2-5-72b-instruct-tp4pp2-A100-80gb, pid=6112)[0m 2026-03-26 21:00:04,475	SUCC scripts.py:975 -- --------------------
2026-03-27 02:30:05,556 - INFO - [36m(rf-qwen2-5-72b-instruct-tp4pp2-A100-80gb, pid=6112)[0m 2026-03-26 21:00:04,475	SUCC scripts.py:976 -- Ray runtime started.
2026-03-27 02:30:05,556 - INFO - [36m(rf-qwen2-5-72b-instruct-tp4pp2-A100-80gb, pid=6112)[0m 2026-03-26 21:00:04,475	SUCC scripts.py:977 -- --------------------
2026-03-27 02:30:05,556 - INFO - [36m(rf-qwen2-5-72b-instruct-tp4pp2-A100-80gb, pid=6112)[0m 2026-03-26 21:00:04,475	INFO scripts.py:979 -- Next steps
2026-03-27 02:30:05,556 - INFO - [36m(rf-qwen2-5-72b-instruct-tp4pp2-A100-80gb, pid=6112)[0m 2026-03-26 21:00:04,475	INFO scripts.py:982 -- To add another node to this Ray cluster, run
2026-03-27 02:30:05,556 - INFO - [36m(rf-qwen2-5-72b-instruct-tp4pp2-A100-80gb, pid=6112)[0m 2026-03-26 21:00:04,475	INFO scripts.py:985 --   ray start --address='172.31.44.209:6379'
2026-03-27 02:30:05,556 - INFO - [36m(rf-qwen2-5-72b-instruct-tp4pp2-A100-80gb, pid=6112)[0m 2026-03-26 21:00:04,475	INFO scripts.py:996 -- To connect to this Ray cluster:
2026-03-27 02:30:05,556 - INFO - [36m(rf-qwen2-5-72b-instruct-tp4pp2-A100-80gb, pid=6112)[0m 2026-03-26 21:00:04,475	INFO scripts.py:998 -- import ray
2026-03-27 02:30:05,556 - INFO - [36m(rf-qwen2-5-72b-instruct-tp4pp2-A100-80gb, pid=6112)[0m 2026-03-26 21:00:04,475	INFO scripts.py:999 -- ray.init()
2026-03-27 02:30:05,556 - INFO - [36m(rf-qwen2-5-72b-instruct-tp4pp2-A100-80gb, pid=6112)[0m 2026-03-26 21:00:04,475	INFO scripts.py:1032 -- To terminate the Ray runtime, run
2026-03-27 02:30:05,556 - INFO - [36m(rf-qwen2-5-72b-instruct-tp4pp2-A100-80gb, pid=6112)[0m 2026-03-26 21:00:04,475	INFO scripts.py:1033 --   ray stop
2026-03-27 02:30:05,556 - INFO - [36m(rf-qwen2-5-72b-instruct-tp4pp2-A100-80gb, pid=6112)[0m 2026-03-26 21:00:04,475	INFO scripts.py:1036 -- To view the status of the cluster, use
2026-03-27 02:30:05,556 - INFO - [36m(rf-qwen2-5-72b-instruct-tp4pp2-A100-80gb, pid=6112)[0m 2026-03-26 21:00:04,475	INFO scripts.py:1037 --   ray status
2026-03-27 02:30:05,556 - INFO - [36m(rf-qwen2-5-72b-instruct-tp4pp2-A100-80gb, pid=6112)[0m + sleep 5
2026-03-27 02:30:10,077 - INFO - [36m(rf-qwen2-5-72b-instruct-tp4pp2-A100-80gb, pid=6112)[0m + uv run ray status --address=127.0.0.1:6379
2026-03-27 02:30:10,681 - INFO - [36m(rf-qwen2-5-72b-instruct-tp4pp2-A100-80gb, pid=6112)[0m ======== Autoscaler status: 2026-03-26 21:00:07.924109 ========
2026-03-27 02:30:11,383 - INFO - [36m(rf-qwen2-5-72b-instruct-tp4pp2-A100-80gb, pid=6112)[0m Node status
2026-03-27 02:30:11,384 - INFO - [36m(rf-qwen2-5-72b-instruct-tp4pp2-A100-80gb, pid=6112)[0m ---------------------------------------------------------------
2026-03-27 02:30:11,384 - INFO - [36m(rf-qwen2-5-72b-instruct-tp4pp2-A100-80gb, pid=6112)[0m Active:
2026-03-27 02:30:11,384 - INFO - [36m(rf-qwen2-5-72b-instruct-tp4pp2-A100-80gb, pid=6112)[0m  1 node_6920c5895bf06aaa94893710aaa1243834c33e0e5314c81817ef0269
2026-03-27 02:30:11,384 - INFO - [36m(rf-qwen2-5-72b-instruct-tp4pp2-A100-80gb, pid=6112)[0m Pending:
2026-03-27 02:30:11,384 - INFO - [36m(rf-qwen2-5-72b-instruct-tp4pp2-A100-80gb, pid=6112)[0m  (no pending nodes)
2026-03-27 02:30:11,384 - INFO - [36m(rf-qwen2-5-72b-instruct-tp4pp2-A100-80gb, pid=6112)[0m Recent failures:
2026-03-27 02:30:11,384 - INFO - [36m(rf-qwen2-5-72b-instruct-tp4pp2-A100-80gb, pid=6112)[0m  (no failures)
2026-03-27 02:30:11,384 - INFO - [36m(rf-qwen2-5-72b-instruct-tp4pp2-A100-80gb, pid=6112)[0m
2026-03-27 02:30:11,384 - INFO - [36m(rf-qwen2-5-72b-instruct-tp4pp2-A100-80gb, pid=6112)[0m Resources
2026-03-27 02:30:11,384 - INFO - [36m(rf-qwen2-5-72b-instruct-tp4pp2-A100-80gb, pid=6112)[0m ---------------------------------------------------------------
2026-03-27 02:30:11,384 - INFO - [36m(rf-qwen2-5-72b-instruct-tp4pp2-A100-80gb, pid=6112)[0m Total Usage:
2026-03-27 02:30:11,384 - INFO - [36m(rf-qwen2-5-72b-instruct-tp4pp2-A100-80gb, pid=6112)[0m  0.0/8.0 GPU
2026-03-27 02:30:11,384 - INFO - [36m(rf-qwen2-5-72b-instruct-tp4pp2-A100-80gb, pid=6112)[0m  0B/890.64GiB memory
2026-03-27 02:30:11,384 - INFO - [36m(rf-qwen2-5-72b-instruct-tp4pp2-A100-80gb, pid=6112)[0m  0B/186.26GiB object_store_memory
2026-03-27 02:30:11,384 - INFO - [36m(rf-qwen2-5-72b-instruct-tp4pp2-A100-80gb, pid=6112)[0m
2026-03-27 02:30:11,384 - INFO - [36m(rf-qwen2-5-72b-instruct-tp4pp2-A100-80gb, pid=6112)[0m From request_resources:
2026-03-27 02:30:11,384 - INFO - [36m(rf-qwen2-5-72b-instruct-tp4pp2-A100-80gb, pid=6112)[0m  (none)
2026-03-27 02:30:11,384 - INFO - [36m(rf-qwen2-5-72b-instruct-tp4pp2-A100-80gb, pid=6112)[0m Pending Demands:
2026-03-27 02:30:11,384 - INFO - [36m(rf-qwen2-5-72b-instruct-tp4pp2-A100-80gb, pid=6112)[0m  (no resource demands)
2026-03-27 02:30:11,384 - INFO - [36m(rf-qwen2-5-72b-instruct-tp4pp2-A100-80gb, pid=6112)[0m + PYTHONHASHSEED=0
2026-03-27 02:30:12,288 - INFO - [36m(rf-qwen2-5-72b-instruct-tp4pp2-A100-80gb, pid=6112)[0m + python roofline_benchmarks/benchmark_rf-qwen2-5-72b-instruct-tp4pp2-A100-80gb.py
2026-03-27 02:30:12,289 - INFO - [36m(rf-qwen2-5-72b-instruct-tp4pp2-A100-80gb, pid=6112)[0m 🚀 Starting vLLM server: /home/ubuntu/sky_workdir/.venv/bin/python -m vllm.entrypoints.openai.api_server --model Qwen/Qwen2.5-72B-Instruct --tensor-parallel-size 4 --pipeline-parallel-size 2 --max-model-len 18432 --gpu-memory-utilization 0.85 --enforce-eager --no-enable-prefix-caching --disable-log-requests --port 8000 --distributed-executor-backend ray
2026-03-27 02:32:45,090 - INFO - [36m(rf-qwen2-5-72b-instruct-tp4pp2-A100-80gb, pid=6112)[0m ⏳ Waiting for server health (timeout=1800s)...
2026-03-27 02:32:45,090 - INFO - [36m(rf-qwen2-5-72b-instruct-tp4pp2-A100-80gb, pid=6112)[0m ✅ Server healthy after 152.5s
2026-03-27 02:32:45,894 - INFO - [36m(rf-qwen2-5-72b-instruct-tp4pp2-A100-80gb, pid=6112)[0m 📊 Parsed from server log: KV cache=1274000 tokens, num_gpu_blocks=79625, block_size=16
2026-03-27 02:32:45,894 - INFO - [36m(rf-qwen2-5-72b-instruct-tp4pp2-A100-80gb, pid=6112)[0m 📊 target_concurrency = 69 (79625 blocks × 16 / 18432)
2026-03-27 02:32:45,894 - INFO - [36m(rf-qwen2-5-72b-instruct-tp4pp2-A100-80gb, pid=6112)[0m
2026-03-27 02:32:45,894 - INFO - [36m(rf-qwen2-5-72b-instruct-tp4pp2-A100-80gb, pid=6112)[0m ======================================================================
2026-03-27 02:32:45,894 - INFO - [36m(rf-qwen2-5-72b-instruct-tp4pp2-A100-80gb, pid=6112)[0m Running: TP=4, PP=2, input=128, output=128
2026-03-27 02:32:45,894 - INFO - [36m(rf-qwen2-5-72b-instruct-tp4pp2-A100-80gb, pid=6112)[0m Target concurrency: 69
2026-03-27 02:32:45,894 - INFO - [36m(rf-qwen2-5-72b-instruct-tp4pp2-A100-80gb, pid=6112)[0m ======================================================================
2026-03-27 02:32:45,894 - INFO - [36m(rf-qwen2-5-72b-instruct-tp4pp2-A100-80gb, pid=6112)[0m 2026-03-26 21:02:45,698	INFO worker.py:1810 -- Connecting to existing Ray cluster at address: 172.31.44.209:6379...
2026-03-27 02:32:46,597 - INFO - [36m(rf-qwen2-5-72b-instruct-tp4pp2-A100-80gb, pid=6112)[0m 2026-03-26 21:02:45,776	INFO worker.py:2013 -- Connected to Ray cluster.
2026-03-27 02:32:50,916 - INFO - [36m(rf-qwen2-5-72b-instruct-tp4pp2-A100-80gb, pid=6112)[0m 📊 Using local GPU monitoring (single-node Ray cluster)
2026-03-27 02:32:50,916 - INFO - [36m(rf-qwen2-5-72b-instruct-tp4pp2-A100-80gb, pid=6112)[0m 🔥 Running warmup (5 requests)...
2026-03-27 02:32:50,916 - INFO - [36m(rf-qwen2-5-72b-instruct-tp4pp2-A100-80gb, pid=6112)[0m Loading tokenizer for Qwen/Qwen2.5-72B-Instruct...
2026-03-27 02:32:51,520 - INFO - [36m(rf-qwen2-5-72b-instruct-tp4pp2-A100-80gb, pid=6112)[0m Loading dataset emozilla/pg19-test...
2026-03-27 02:32:53,428 - INFO - [36m(rf-qwen2-5-72b-instruct-tp4pp2-A100-80gb, pid=6112)[0m `trust_remote_code` is not supported anymore.
2026-03-27 02:32:53,428 - INFO - [36m(rf-qwen2-5-72b-instruct-tp4pp2-A100-80gb, pid=6112)[0m Please check that the Hugging Face dataset 'emozilla/pg19-test' isn't based on a loading script and remove `trust_remote_code`.
2026-03-27 02:32:53,428 - INFO - [36m(rf-qwen2-5-72b-instruct-tp4pp2-A100-80gb, pid=6112)[0m If the dataset is based on a loading script, please ask the dataset author to remove it and convert it to a standard format like Parquet.
2026-03-27 02:32:54,032 - INFO - [36m(rf-qwen2-5-72b-instruct-tp4pp2-A100-80gb, pid=6112)[0m
2026-03-27 02:32:54,836 - INFO - [36m(rf-qwen2-5-72b-instruct-tp4pp2-A100-80gb, pid=6112)[0m Generating test split:   0%|          | 0/100 [00:00<?, ? examples/s]
2026-03-27 02:32:54,836 - INFO - Generating test split: 100%|██████████| 100/100 [00:00<00:00, 406.36 examples/s]
2026-03-27 02:32:54,836 - INFO - Generating test split: 100%|██████████| 100/100 [00:00<00:00, 401.01 examples/s]
2026-03-27 02:32:54,836 - INFO - [36m(rf-qwen2-5-72b-instruct-tp4pp2-A100-80gb, pid=6112)[0m Running 5 benchmark requests (concurrency=2)...
2026-03-27 02:33:04,278 - INFO - [36m(rf-qwen2-5-72b-instruct-tp4pp2-A100-80gb, pid=6112)[0m   Progress: 1/5 (10s elapsed)
2026-03-27 02:33:11,113 - INFO - [36m(rf-qwen2-5-72b-instruct-tp4pp2-A100-80gb, pid=6112)[0m   Progress: 2/5 (10s elapsed)
2026-03-27 02:33:11,113 - INFO - [36m(rf-qwen2-5-72b-instruct-tp4pp2-A100-80gb, pid=6112)[0m   Progress: 3/5 (17s elapsed)
2026-03-27 02:33:17,546 - INFO - [36m(rf-qwen2-5-72b-instruct-tp4pp2-A100-80gb, pid=6112)[0m   Progress: 4/5 (17s elapsed)
2026-03-27 02:33:17,546 - INFO - [36m(rf-qwen2-5-72b-instruct-tp4pp2-A100-80gb, pid=6112)[0m   Progress: 5/5 (23s elapsed)
2026-03-27 02:33:18,352 - INFO - [36m(rf-qwen2-5-72b-instruct-tp4pp2-A100-80gb, pid=6112)[0m
2026-03-27 02:33:18,352 - INFO - [36m(rf-qwen2-5-72b-instruct-tp4pp2-A100-80gb, pid=6112)[0m ============================================================
2026-03-27 02:33:18,352 - INFO - [36m(rf-qwen2-5-72b-instruct-tp4pp2-A100-80gb, pid=6112)[0m Benchmark complete: 5/5 successful
2026-03-27 02:33:18,352 - INFO - [36m(rf-qwen2-5-72b-instruct-tp4pp2-A100-80gb, pid=6112)[0m Wall clock: 23.0s
2026-03-27 02:33:18,352 - INFO - [36m(rf-qwen2-5-72b-instruct-tp4pp2-A100-80gb, pid=6112)[0m Results saved to: /tmp/warmup_results.json
2026-03-27 02:33:18,352 - INFO - [36m(rf-qwen2-5-72b-instruct-tp4pp2-A100-80gb, pid=6112)[0m TTFT p50/p95/p99: 128.2 / 1438.5 / 1443.4 ms
2026-03-27 02:33:18,352 - INFO - [36m(rf-qwen2-5-72b-instruct-tp4pp2-A100-80gb, pid=6112)[0m E2E  p50/p95/p99: 6887.2 / 9908.5 / 9913.5 ms
2026-03-27 02:33:18,352 - INFO - [36m(rf-qwen2-5-72b-instruct-tp4pp2-A100-80gb, pid=6112)[0m ✅ Warmup complete
2026-03-27 02:33:20,370 - INFO - [36m(rf-qwen2-5-72b-instruct-tp4pp2-A100-80gb, pid=6112)[0m 📊 Running benchmark: 276 requests, concurrency=69
2026-03-27 02:33:24,185 - INFO - [36m(rf-qwen2-5-72b-instruct-tp4pp2-A100-80gb, pid=6112)[0m Loading tokenizer for Qwen/Qwen2.5-72B-Instruct...
2026-03-27 02:33:25,088 - INFO - [36m(rf-qwen2-5-72b-instruct-tp4pp2-A100-80gb, pid=6112)[0m Loading dataset emozilla/pg19-test...
2026-03-27 02:33:27,902 - INFO - [36m(rf-qwen2-5-72b-instruct-tp4pp2-A100-80gb, pid=6112)[0m `trust_remote_code` is not supported anymore.
2026-03-27 02:33:27,902 - INFO - [36m(rf-qwen2-5-72b-instruct-tp4pp2-A100-80gb, pid=6112)[0m Please check that the Hugging Face dataset 'emozilla/pg19-test' isn't based on a loading script and remove `trust_remote_code`.
2026-03-27 02:33:27,902 - INFO - [36m(rf-qwen2-5-72b-instruct-tp4pp2-A100-80gb, pid=6112)[0m If the dataset is based on a loading script, please ask the dataset author to remove it and convert it to a standard format like Parquet.
2026-03-27 02:33:27,902 - INFO - [36m(rf-qwen2-5-72b-instruct-tp4pp2-A100-80gb, pid=6112)[0m Token indices sequence length is longer than the specified maximum sequence length for this model (136936 > 131072). Running this sequence through the model will result in indexing errors
2026-03-27 02:33:53,811 - INFO - [36m(rf-qwen2-5-72b-instruct-tp4pp2-A100-80gb, pid=6112)[0m ⚠️  Only found 100 prompts with >= 128 tokens, recycling to reach 276
2026-03-27 02:34:03,159 - INFO - [36m(rf-qwen2-5-72b-instruct-tp4pp2-A100-80gb, pid=6112)[0m Running 276 benchmark requests (concurrency=69)...
2026-03-27 02:34:03,159 - INFO - [36m(rf-qwen2-5-72b-instruct-tp4pp2-A100-80gb, pid=6112)[0m   Progress: 27/276 (9s elapsed)
2026-03-27 02:34:04,060 - INFO - [36m(rf-qwen2-5-72b-instruct-tp4pp2-A100-80gb, pid=6112)[0m   Progress: 54/276 (10s elapsed)
2026-03-27 02:34:11,990 - INFO - [36m(rf-qwen2-5-72b-instruct-tp4pp2-A100-80gb, pid=6112)[0m   Progress: 81/276 (18s elapsed)
2026-03-27 02:34:12,896 - INFO - [36m(rf-qwen2-5-72b-instruct-tp4pp2-A100-80gb, pid=6112)[0m   Progress: 108/276 (18s elapsed)
2026-03-27 02:34:12,896 - INFO - [36m(rf-qwen2-5-72b-instruct-tp4pp2-A100-80gb, pid=6112)[0m   Progress: 135/276 (19s elapsed)
2026-03-27 02:34:20,430 - INFO - [36m(rf-qwen2-5-72b-instruct-tp4pp2-A100-80gb, pid=6112)[0m   Progress: 162/276 (27s elapsed)
2026-03-27 02:34:21,034 - INFO - [36m(rf-qwen2-5-72b-instruct-tp4pp2-A100-80gb, pid=6112)[0m   Progress: 189/276 (27s elapsed)
2026-03-27 02:34:29,063 - INFO - [36m(rf-qwen2-5-72b-instruct-tp4pp2-A100-80gb, pid=6112)[0m   Progress: 216/276 (35s elapsed)
2026-03-27 02:34:29,867 - INFO - [36m(rf-qwen2-5-72b-instruct-tp4pp2-A100-80gb, pid=6112)[0m   Progress: 243/276 (35s elapsed)
2026-03-27 02:34:29,867 - INFO - [36m(rf-qwen2-5-72b-instruct-tp4pp2-A100-80gb, pid=6112)[0m   Progress: 270/276 (35s elapsed)
2026-03-27 02:34:29,867 - INFO - [36m(rf-qwen2-5-72b-instruct-tp4pp2-A100-80gb, pid=6112)[0m   Progress: 276/276 (35s elapsed)
2026-03-27 02:34:29,867 - INFO - [36m(rf-qwen2-5-72b-instruct-tp4pp2-A100-80gb, pid=6112)[0m
2026-03-27 02:34:29,867 - INFO - [36m(rf-qwen2-5-72b-instruct-tp4pp2-A100-80gb, pid=6112)[0m ============================================================
2026-03-27 02:34:29,867 - INFO - [36m(rf-qwen2-5-72b-instruct-tp4pp2-A100-80gb, pid=6112)[0m Benchmark complete: 276/276 successful
2026-03-27 02:34:29,867 - INFO - [36m(rf-qwen2-5-72b-instruct-tp4pp2-A100-80gb, pid=6112)[0m Wall clock: 35.2s
2026-03-27 02:34:29,867 - INFO - [36m(rf-qwen2-5-72b-instruct-tp4pp2-A100-80gb, pid=6112)[0m Results saved to: /tmp/client_results_tp4_pp2_in128_out128.json
2026-03-27 02:34:29,867 - INFO - [36m(rf-qwen2-5-72b-instruct-tp4pp2-A100-80gb, pid=6112)[0m TTFT p50/p95/p99: 565.3 / 1248.5 / 1250.8 ms
2026-03-27 02:34:29,867 - INFO - [36m(rf-qwen2-5-72b-instruct-tp4pp2-A100-80gb, pid=6112)[0m E2E  p50/p95/p99: 8815.8 / 9744.3 / 9747.5 ms
2026-03-27 02:34:29,867 - INFO - [36m(rf-qwen2-5-72b-instruct-tp4pp2-A100-80gb, pid=6112)[0m 📊 GPU monitoring: local (single node)
2026-03-27 02:34:30,570 - INFO - [36m(rf-qwen2-5-72b-instruct-tp4pp2-A100-80gb, pid=6112)[0m 📈 Time-series saved to /tmp/timeseries_tp4_pp2_in128_out128.json
2026-03-27 02:34:30,570 - INFO - [36m(rf-qwen2-5-72b-instruct-tp4pp2-A100-80gb, pid=6112)[0m Result: success
2026-03-27 02:34:33,884 - INFO - [36m(rf-qwen2-5-72b-instruct-tp4pp2-A100-80gb, pid=6112)[0m
2026-03-27 02:34:33,884 - INFO - [36m(rf-qwen2-5-72b-instruct-tp4pp2-A100-80gb, pid=6112)[0m ======================================================================
2026-03-27 02:34:33,884 - INFO - [36m(rf-qwen2-5-72b-instruct-tp4pp2-A100-80gb, pid=6112)[0m Running: TP=4, PP=2, input=128, output=2048
2026-03-27 02:34:33,884 - INFO - [36m(rf-qwen2-5-72b-instruct-tp4pp2-A100-80gb, pid=6112)[0m Target concurrency: 69
2026-03-27 02:34:33,884 - INFO - [36m(rf-qwen2-5-72b-instruct-tp4pp2-A100-80gb, pid=6112)[0m ======================================================================
2026-03-27 02:34:33,884 - INFO - [36m(rf-qwen2-5-72b-instruct-tp4pp2-A100-80gb, pid=6112)[0m 📊 Using local GPU monitoring (single-node Ray cluster)
2026-03-27 02:34:33,884 - INFO - [36m(rf-qwen2-5-72b-instruct-tp4pp2-A100-80gb, pid=6112)[0m 🔥 Running warmup (5 requests)...
2026-03-27 02:34:33,884 - INFO - [36m(rf-qwen2-5-72b-instruct-tp4pp2-A100-80gb, pid=6112)[0m Loading tokenizer for Qwen/Qwen2.5-72B-Instruct...
2026-03-27 02:34:34,787 - INFO - [36m(rf-qwen2-5-72b-instruct-tp4pp2-A100-80gb, pid=6112)[0m Loading dataset emozilla/pg19-test...
2026-03-27 02:34:35,492 - INFO - [36m(rf-qwen2-5-72b-instruct-tp4pp2-A100-80gb, pid=6112)[0m `trust_remote_code` is not supported anymore.
2026-03-27 02:34:35,492 - INFO - [36m(rf-qwen2-5-72b-instruct-tp4pp2-A100-80gb, pid=6112)[0m Please check that the Hugging Face dataset 'emozilla/pg19-test' isn't based on a loading script and remove `trust_remote_code`.
2026-03-27 02:34:35,492 - INFO - [36m(rf-qwen2-5-72b-instruct-tp4pp2-A100-80gb, pid=6112)[0m If the dataset is based on a loading script, please ask the dataset author to remove it and convert it to a standard format like Parquet.
2026-03-27 02:34:35,492 - INFO - [36m(rf-qwen2-5-72b-instruct-tp4pp2-A100-80gb, pid=6112)[0m Running 5 benchmark requests (concurrency=2)...
2026-03-27 02:36:22,839 - INFO - [36m(rf-qwen2-5-72b-instruct-tp4pp2-A100-80gb, pid=6112)[0m   Progress: 1/5 (107s elapsed)
2026-03-27 02:38:13,166 - INFO - [36m(rf-qwen2-5-72b-instruct-tp4pp2-A100-80gb, pid=6112)[0m   Progress: 2/5 (107s elapsed)
2026-03-27 02:38:13,166 - INFO - [36m(rf-qwen2-5-72b-instruct-tp4pp2-A100-80gb, pid=6112)[0m   Progress: 3/5 (218s elapsed)
2026-03-27 02:39:55,904 - INFO - [36m(rf-qwen2-5-72b-instruct-tp4pp2-A100-80gb, pid=6112)[0m   Progress: 4/5 (218s elapsed)
2026-03-27 02:39:55,905 - INFO - [36m(rf-qwen2-5-72b-instruct-tp4pp2-A100-80gb, pid=6112)[0m   Progress: 5/5 (321s elapsed)
2026-03-27 02:39:56,711 - INFO - [36m(rf-qwen2-5-72b-instruct-tp4pp2-A100-80gb, pid=6112)[0m
2026-03-27 02:39:56,711 - INFO - [36m(rf-qwen2-5-72b-instruct-tp4pp2-A100-80gb, pid=6112)[0m ============================================================
2026-03-27 02:39:56,711 - INFO - [36m(rf-qwen2-5-72b-instruct-tp4pp2-A100-80gb, pid=6112)[0m Benchmark complete: 5/5 successful
2026-03-27 02:39:56,711 - INFO - [36m(rf-qwen2-5-72b-instruct-tp4pp2-A100-80gb, pid=6112)[0m Wall clock: 320.5s
2026-03-27 02:39:56,711 - INFO - [36m(rf-qwen2-5-72b-instruct-tp4pp2-A100-80gb, pid=6112)[0m Results saved to: /tmp/warmup_results.json
2026-03-27 02:39:56,711 - INFO - [36m(rf-qwen2-5-72b-instruct-tp4pp2-A100-80gb, pid=6112)[0m TTFT p50/p95/p99: 89.9 / 107.7 / 107.9 ms
2026-03-27 02:39:56,711 - INFO - [36m(rf-qwen2-5-72b-instruct-tp4pp2-A100-80gb, pid=6112)[0m E2E  p50/p95/p99: 107364.9 / 110468.0 / 110472.9 ms
2026-03-27 02:39:56,711 - INFO - [36m(rf-qwen2-5-72b-instruct-tp4pp2-A100-80gb, pid=6112)[0m ✅ Warmup complete
2026-03-27 02:39:58,717 - INFO - [36m(rf-qwen2-5-72b-instruct-tp4pp2-A100-80gb, pid=6112)[0m 📊 Running benchmark: 276 requests, concurrency=69
2026-03-27 02:40:02,527 - INFO - [36m(rf-qwen2-5-72b-instruct-tp4pp2-A100-80gb, pid=6112)[0m Loading tokenizer for Qwen/Qwen2.5-72B-Instruct...
2026-03-27 02:40:03,131 - INFO - [36m(rf-qwen2-5-72b-instruct-tp4pp2-A100-80gb, pid=6112)[0m Loading dataset emozilla/pg19-test...
2026-03-27 02:40:06,345 - INFO - [36m(rf-qwen2-5-72b-instruct-tp4pp2-A100-80gb, pid=6112)[0m `trust_remote_code` is not supported anymore.
2026-03-27 02:40:06,345 - INFO - [36m(rf-qwen2-5-72b-instruct-tp4pp2-A100-80gb, pid=6112)[0m Please check that the Hugging Face dataset 'emozilla/pg19-test' isn't based on a loading script and remove `trust_remote_code`.
2026-03-27 02:40:06,345 - INFO - [36m(rf-qwen2-5-72b-instruct-tp4pp2-A100-80gb, pid=6112)[0m If the dataset is based on a loading script, please ask the dataset author to remove it and convert it to a standard format like Parquet.
2026-03-27 02:40:06,345 - INFO - [36m(rf-qwen2-5-72b-instruct-tp4pp2-A100-80gb, pid=6112)[0m Token indices sequence length is longer than the specified maximum sequence length for this model (136936 > 131072). Running this sequence through the model will result in indexing errors
2026-03-27 02:40:32,364 - INFO - [36m(rf-qwen2-5-72b-instruct-tp4pp2-A100-80gb, pid=6112)[0m ⚠️  Only found 100 prompts with >= 128 tokens, recycling to reach 276
2026-03-27 02:40:33,064 - INFO - [36m(rf-qwen2-5-72b-instruct-tp4pp2-A100-80gb, pid=6112)[0m Running 276 benchmark requests (concurrency=69)...
2026-03-27 02:42:58,600 - INFO - [36m(rf-qwen2-5-72b-instruct-tp4pp2-A100-80gb, pid=6112)[0m   Progress: 27/276 (146s elapsed)
2026-03-27 02:42:59,504 - INFO - [36m(rf-qwen2-5-72b-instruct-tp4pp2-A100-80gb, pid=6112)[0m   Progress: 54/276 (147s elapsed)
2026-03-27 02:45:18,291 - INFO - [36m(rf-qwen2-5-72b-instruct-tp4pp2-A100-80gb, pid=6112)[0m   Progress: 81/276 (286s elapsed)
2026-03-27 02:45:18,892 - INFO - [36m(rf-qwen2-5-72b-instruct-tp4pp2-A100-80gb, pid=6112)[0m   Progress: 108/276 (286s elapsed)
2026-03-27 02:47:42,287 - INFO - [36m(rf-qwen2-5-72b-instruct-tp4pp2-A100-80gb, pid=6112)[0m   Progress: 135/276 (286s elapsed)
2026-03-27 02:47:42,287 - INFO - [36m(rf-qwen2-5-72b-instruct-tp4pp2-A100-80gb, pid=6112)[0m   Progress: 162/276 (430s elapsed)
2026-03-27 02:47:43,191 - INFO - [36m(rf-qwen2-5-72b-instruct-tp4pp2-A100-80gb, pid=6112)[0m   Progress: 189/276 (430s elapsed)
2026-03-27 02:50:04,092 - INFO - [36m(rf-qwen2-5-72b-instruct-tp4pp2-A100-80gb, pid=6112)[0m   Progress: 216/276 (572s elapsed)
2026-03-27 02:50:05,098 - INFO - [36m(rf-qwen2-5-72b-instruct-tp4pp2-A100-80gb, pid=6112)[0m   Progress: 243/276 (572s elapsed)
2026-03-27 02:50:05,099 - INFO - [36m(rf-qwen2-5-72b-instruct-tp4pp2-A100-80gb, pid=6112)[0m   Progress: 270/276 (572s elapsed)
2026-03-27 02:50:05,099 - INFO - [36m(rf-qwen2-5-72b-instruct-tp4pp2-A100-80gb, pid=6112)[0m   Progress: 276/276 (572s elapsed)
2026-03-27 02:50:05,099 - INFO - [36m(rf-qwen2-5-72b-instruct-tp4pp2-A100-80gb, pid=6112)[0m
2026-03-27 02:50:05,099 - INFO - [36m(rf-qwen2-5-72b-instruct-tp4pp2-A100-80gb, pid=6112)[0m ============================================================
2026-03-27 02:50:05,099 - INFO - [36m(rf-qwen2-5-72b-instruct-tp4pp2-A100-80gb, pid=6112)[0m Benchmark complete: 276/276 successful
2026-03-27 02:50:05,099 - INFO - [36m(rf-qwen2-5-72b-instruct-tp4pp2-A100-80gb, pid=6112)[0m Wall clock: 571.7s
2026-03-27 02:50:05,099 - INFO - [36m(rf-qwen2-5-72b-instruct-tp4pp2-A100-80gb, pid=6112)[0m Results saved to: /tmp/client_results_tp4_pp2_in128_out2048.json
2026-03-27 02:50:05,099 - INFO - [36m(rf-qwen2-5-72b-instruct-tp4pp2-A100-80gb, pid=6112)[0m TTFT p50/p95/p99: 580.5 / 1239.4 / 1312.4 ms
2026-03-27 02:50:05,099 - INFO - [36m(rf-qwen2-5-72b-instruct-tp4pp2-A100-80gb, pid=6112)[0m E2E  p50/p95/p99: 142913.5 / 146538.7 / 146729.3 ms
2026-03-27 02:50:05,099 - INFO - [36m(rf-qwen2-5-72b-instruct-tp4pp2-A100-80gb, pid=6112)[0m 📊 GPU monitoring: local (single node)
2026-03-27 02:50:05,803 - INFO - [36m(rf-qwen2-5-72b-instruct-tp4pp2-A100-80gb, pid=6112)[0m 📈 Time-series saved to /tmp/timeseries_tp4_pp2_in128_out2048.json
2026-03-27 02:50:05,803 - INFO - [36m(rf-qwen2-5-72b-instruct-tp4pp2-A100-80gb, pid=6112)[0m Result: success
2026-03-27 02:50:09,122 - INFO - [36m(rf-qwen2-5-72b-instruct-tp4pp2-A100-80gb, pid=6112)[0m
2026-03-27 02:50:09,122 - INFO - [36m(rf-qwen2-5-72b-instruct-tp4pp2-A100-80gb, pid=6112)[0m ======================================================================
2026-03-27 02:50:09,122 - INFO - [36m(rf-qwen2-5-72b-instruct-tp4pp2-A100-80gb, pid=6112)[0m Running: TP=4, PP=2, input=512, output=1024
2026-03-27 02:50:09,122 - INFO - [36m(rf-qwen2-5-72b-instruct-tp4pp2-A100-80gb, pid=6112)[0m Target concurrency: 69
2026-03-27 02:50:09,122 - INFO - [36m(rf-qwen2-5-72b-instruct-tp4pp2-A100-80gb, pid=6112)[0m ======================================================================
2026-03-27 02:50:09,122 - INFO - [36m(rf-qwen2-5-72b-instruct-tp4pp2-A100-80gb, pid=6112)[0m 📊 Using local GPU monitoring (single-node Ray cluster)
2026-03-27 02:50:09,122 - INFO - [36m(rf-qwen2-5-72b-instruct-tp4pp2-A100-80gb, pid=6112)[0m 🔥 Running warmup (5 requests)...
2026-03-27 02:50:09,122 - INFO - [36m(rf-qwen2-5-72b-instruct-tp4pp2-A100-80gb, pid=6112)[0m Loading tokenizer for Qwen/Qwen2.5-72B-Instruct...
2026-03-27 02:50:10,026 - INFO - [36m(rf-qwen2-5-72b-instruct-tp4pp2-A100-80gb, pid=6112)[0m Loading dataset emozilla/pg19-test...
2026-03-27 02:50:10,828 - INFO - [36m(rf-qwen2-5-72b-instruct-tp4pp2-A100-80gb, pid=6112)[0m `trust_remote_code` is not supported anymore.
2026-03-27 02:50:10,828 - INFO - [36m(rf-qwen2-5-72b-instruct-tp4pp2-A100-80gb, pid=6112)[0m Please check that the Hugging Face dataset 'emozilla/pg19-test' isn't based on a loading script and remove `trust_remote_code`.
2026-03-27 02:50:10,828 - INFO - [36m(rf-qwen2-5-72b-instruct-tp4pp2-A100-80gb, pid=6112)[0m If the dataset is based on a loading script, please ask the dataset author to remove it and convert it to a standard format like Parquet.
2026-03-27 02:50:10,828 - INFO - [36m(rf-qwen2-5-72b-instruct-tp4pp2-A100-80gb, pid=6112)[0m Running 5 benchmark requests (concurrency=2)...
2026-03-27 02:51:09,187 - INFO - [36m(rf-qwen2-5-72b-instruct-tp4pp2-A100-80gb, pid=6112)[0m   Progress: 1/5 (59s elapsed)
2026-03-27 02:52:08,158 - INFO - [36m(rf-qwen2-5-72b-instruct-tp4pp2-A100-80gb, pid=6112)[0m   Progress: 2/5 (59s elapsed)
2026-03-27 02:52:08,158 - INFO - [36m(rf-qwen2-5-72b-instruct-tp4pp2-A100-80gb, pid=6112)[0m   Progress: 3/5 (117s elapsed)
2026-03-27 02:53:03,191 - INFO - [36m(rf-qwen2-5-72b-instruct-tp4pp2-A100-80gb, pid=6112)[0m   Progress: 4/5 (117s elapsed)
2026-03-27 02:53:03,191 - INFO - [36m(rf-qwen2-5-72b-instruct-tp4pp2-A100-80gb, pid=6112)[0m   Progress: 5/5 (172s elapsed)
2026-03-27 02:53:03,792 - INFO - [36m(rf-qwen2-5-72b-instruct-tp4pp2-A100-80gb, pid=6112)[0m
2026-03-27 02:53:03,792 - INFO - [36m(rf-qwen2-5-72b-instruct-tp4pp2-A100-80gb, pid=6112)[0m ============================================================
2026-03-27 02:53:03,792 - INFO - [36m(rf-qwen2-5-72b-instruct-tp4pp2-A100-80gb, pid=6112)[0m Benchmark complete: 5/5 successful
2026-03-27 02:53:03,792 - INFO - [36m(rf-qwen2-5-72b-instruct-tp4pp2-A100-80gb, pid=6112)[0m Wall clock: 172.5s
2026-03-27 02:53:03,792 - INFO - [36m(rf-qwen2-5-72b-instruct-tp4pp2-A100-80gb, pid=6112)[0m Results saved to: /tmp/warmup_results.json
2026-03-27 02:53:03,792 - INFO - [36m(rf-qwen2-5-72b-instruct-tp4pp2-A100-80gb, pid=6112)[0m TTFT p50/p95/p99: 179.9 / 247.8 / 257.0 ms
2026-03-27 02:53:03,792 - INFO - [36m(rf-qwen2-5-72b-instruct-tp4pp2-A100-80gb, pid=6112)[0m E2E  p50/p95/p99: 58662.1 / 58761.5 / 58765.5 ms
2026-03-27 02:53:03,792 - INFO - [36m(rf-qwen2-5-72b-instruct-tp4pp2-A100-80gb, pid=6112)[0m ✅ Warmup complete
2026-03-27 02:53:05,996 - INFO - [36m(rf-qwen2-5-72b-instruct-tp4pp2-A100-80gb, pid=6112)[0m 📊 Running benchmark: 276 requests, concurrency=69
2026-03-27 02:53:09,713 - INFO - [36m(rf-qwen2-5-72b-instruct-tp4pp2-A100-80gb, pid=6112)[0m Loading tokenizer for Qwen/Qwen2.5-72B-Instruct...
2026-03-27 02:53:10,614 - INFO - [36m(rf-qwen2-5-72b-instruct-tp4pp2-A100-80gb, pid=6112)[0m Loading dataset emozilla/pg19-test...
2026-03-27 02:53:13,525 - INFO - [36m(rf-qwen2-5-72b-instruct-tp4pp2-A100-80gb, pid=6112)[0m `trust_remote_code` is not supported anymore.
2026-03-27 02:53:13,525 - INFO - [36m(rf-qwen2-5-72b-instruct-tp4pp2-A100-80gb, pid=6112)[0m Please check that the Hugging Face dataset 'emozilla/pg19-test' isn't based on a loading script and remove `trust_remote_code`.
2026-03-27 02:53:13,525 - INFO - [36m(rf-qwen2-5-72b-instruct-tp4pp2-A100-80gb, pid=6112)[0m If the dataset is based on a loading script, please ask the dataset author to remove it and convert it to a standard format like Parquet.
2026-03-27 02:53:13,525 - INFO - [36m(rf-qwen2-5-72b-instruct-tp4pp2-A100-80gb, pid=6112)[0m Token indices sequence length is longer than the specified maximum sequence length for this model (136936 > 131072). Running this sequence through the model will result in indexing errors
2026-03-27 02:53:39,636 - INFO - [36m(rf-qwen2-5-72b-instruct-tp4pp2-A100-80gb, pid=6112)[0m ⚠️  Only found 100 prompts with >= 512 tokens, recycling to reach 276
2026-03-27 02:54:52,552 - INFO - [36m(rf-qwen2-5-72b-instruct-tp4pp2-A100-80gb, pid=6112)[0m Running 276 benchmark requests (concurrency=69)...
2026-03-27 02:54:52,552 - INFO - [36m(rf-qwen2-5-72b-instruct-tp4pp2-A100-80gb, pid=6112)[0m   Progress: 27/276 (73s elapsed)
2026-03-27 02:54:53,658 - INFO - [36m(rf-qwen2-5-72b-instruct-tp4pp2-A100-80gb, pid=6112)[0m   Progress: 54/276 (74s elapsed)
2026-03-27 02:56:02,167 - INFO - [36m(rf-qwen2-5-72b-instruct-tp4pp2-A100-80gb, pid=6112)[0m   Progress: 81/276 (143s elapsed)
2026-03-27 02:56:03,372 - INFO - [36m(rf-qwen2-5-72b-instruct-tp4pp2-A100-80gb, pid=6112)[0m   Progress: 108/276 (144s elapsed)
2026-03-27 02:56:04,781 - INFO - [36m(rf-qwen2-5-72b-instruct-tp4pp2-A100-80gb, pid=6112)[0m   Progress: 135/276 (145s elapsed)
2026-03-27 02:57:12,901 - INFO - [36m(rf-qwen2-5-72b-instruct-tp4pp2-A100-80gb, pid=6112)[0m   Progress: 162/276 (213s elapsed)
2026-03-27 02:57:14,310 - INFO - [36m(rf-qwen2-5-72b-instruct-tp4pp2-A100-80gb, pid=6112)[0m   Progress: 189/276 (215s elapsed)
2026-03-27 02:58:24,032 - INFO - [36m(rf-qwen2-5-72b-instruct-tp4pp2-A100-80gb, pid=6112)[0m   Progress: 216/276 (284s elapsed)
2026-03-27 02:58:24,938 - INFO - [36m(rf-qwen2-5-72b-instruct-tp4pp2-A100-80gb, pid=6112)[0m   Progress: 243/276 (285s elapsed)
2026-03-27 02:58:25,442 - INFO - [36m(rf-qwen2-5-72b-instruct-tp4pp2-A100-80gb, pid=6112)[0m   Progress: 270/276 (285s elapsed)
2026-03-27 02:58:25,442 - INFO - [36m(rf-qwen2-5-72b-instruct-tp4pp2-A100-80gb, pid=6112)[0m   Progress: 276/276 (285s elapsed)
2026-03-27 02:58:25,442 - INFO - [36m(rf-qwen2-5-72b-instruct-tp4pp2-A100-80gb, pid=6112)[0m
2026-03-27 02:58:25,442 - INFO - [36m(rf-qwen2-5-72b-instruct-tp4pp2-A100-80gb, pid=6112)[0m ============================================================
2026-03-27 02:58:25,442 - INFO - [36m(rf-qwen2-5-72b-instruct-tp4pp2-A100-80gb, pid=6112)[0m Benchmark complete: 276/276 successful
2026-03-27 02:58:25,442 - INFO - [36m(rf-qwen2-5-72b-instruct-tp4pp2-A100-80gb, pid=6112)[0m Wall clock: 284.9s
2026-03-27 02:58:25,442 - INFO - [36m(rf-qwen2-5-72b-instruct-tp4pp2-A100-80gb, pid=6112)[0m Results saved to: /tmp/client_results_tp4_pp2_in512_out1024.json
2026-03-27 02:58:25,442 - INFO - [36m(rf-qwen2-5-72b-instruct-tp4pp2-A100-80gb, pid=6112)[0m TTFT p50/p95/p99: 596.4 / 3218.2 / 3801.7 ms
2026-03-27 02:58:25,442 - INFO - [36m(rf-qwen2-5-72b-instruct-tp4pp2-A100-80gb, pid=6112)[0m E2E  p50/p95/p99: 70426.1 / 74236.8 / 74821.0 ms
2026-03-27 02:58:25,442 - INFO - [36m(rf-qwen2-5-72b-instruct-tp4pp2-A100-80gb, pid=6112)[0m 📊 GPU monitoring: local (single node)
2026-03-27 02:58:29,264 - INFO - [36m(rf-qwen2-5-72b-instruct-tp4pp2-A100-80gb, pid=6112)[0m 📈 Time-series saved to /tmp/timeseries_tp4_pp2_in512_out1024.json
2026-03-27 02:58:29,264 - INFO - [36m(rf-qwen2-5-72b-instruct-tp4pp2-A100-80gb, pid=6112)[0m Result: success
2026-03-27 02:58:29,264 - INFO - [36m(rf-qwen2-5-72b-instruct-tp4pp2-A100-80gb, pid=6112)[0m
2026-03-27 02:58:29,264 - INFO - [36m(rf-qwen2-5-72b-instruct-tp4pp2-A100-80gb, pid=6112)[0m ======================================================================
2026-03-27 02:58:29,264 - INFO - [36m(rf-qwen2-5-72b-instruct-tp4pp2-A100-80gb, pid=6112)[0m Running: TP=4, PP=2, input=1024, output=512
2026-03-27 02:58:29,264 - INFO - [36m(rf-qwen2-5-72b-instruct-tp4pp2-A100-80gb, pid=6112)[0m Target concurrency: 69
2026-03-27 02:58:29,264 - INFO - [36m(rf-qwen2-5-72b-instruct-tp4pp2-A100-80gb, pid=6112)[0m ======================================================================
2026-03-27 02:58:29,264 - INFO - [36m(rf-qwen2-5-72b-instruct-tp4pp2-A100-80gb, pid=6112)[0m 📊 Using local GPU monitoring (single-node Ray cluster)
2026-03-27 02:58:29,264 - INFO - [36m(rf-qwen2-5-72b-instruct-tp4pp2-A100-80gb, pid=6112)[0m 🔥 Running warmup (5 requests)...
2026-03-27 02:58:29,264 - INFO - [36m(rf-qwen2-5-72b-instruct-tp4pp2-A100-80gb, pid=6112)[0m Loading tokenizer for Qwen/Qwen2.5-72B-Instruct...
2026-03-27 02:58:30,066 - INFO - [36m(rf-qwen2-5-72b-instruct-tp4pp2-A100-80gb, pid=6112)[0m Loading dataset emozilla/pg19-test...
2026-03-27 02:58:30,767 - INFO - [36m(rf-qwen2-5-72b-instruct-tp4pp2-A100-80gb, pid=6112)[0m `trust_remote_code` is not supported anymore.
2026-03-27 02:58:30,767 - INFO - [36m(rf-qwen2-5-72b-instruct-tp4pp2-A100-80gb, pid=6112)[0m Please check that the Hugging Face dataset 'emozilla/pg19-test' isn't based on a loading script and remove `trust_remote_code`.
2026-03-27 02:58:30,767 - INFO - [36m(rf-qwen2-5-72b-instruct-tp4pp2-A100-80gb, pid=6112)[0m If the dataset is based on a loading script, please ask the dataset author to remove it and convert it to a standard format like Parquet.
2026-03-27 02:58:30,767 - INFO - [36m(rf-qwen2-5-72b-instruct-tp4pp2-A100-80gb, pid=6112)[0m Running 5 benchmark requests (concurrency=2)...
2026-03-27 02:58:58,299 - INFO - [36m(rf-qwen2-5-72b-instruct-tp4pp2-A100-80gb, pid=6112)[0m   Progress: 1/5 (27s elapsed)
2026-03-27 02:59:25,846 - INFO - [36m(rf-qwen2-5-72b-instruct-tp4pp2-A100-80gb, pid=6112)[0m   Progress: 2/5 (27s elapsed)
2026-03-27 02:59:25,846 - INFO - [36m(rf-qwen2-5-72b-instruct-tp4pp2-A100-80gb, pid=6112)[0m   Progress: 3/5 (55s elapsed)
2026-03-27 02:59:53,091 - INFO - [36m(rf-qwen2-5-72b-instruct-tp4pp2-A100-80gb, pid=6112)[0m   Progress: 4/5 (55s elapsed)
2026-03-27 02:59:53,091 - INFO - [36m(rf-qwen2-5-72b-instruct-tp4pp2-A100-80gb, pid=6112)[0m   Progress: 5/5 (82s elapsed)
2026-03-27 02:59:53,695 - INFO - [36m(rf-qwen2-5-72b-instruct-tp4pp2-A100-80gb, pid=6112)[0m
2026-03-27 02:59:53,695 - INFO - [36m(rf-qwen2-5-72b-instruct-tp4pp2-A100-80gb, pid=6112)[0m ============================================================
2026-03-27 02:59:53,695 - INFO - [36m(rf-qwen2-5-72b-instruct-tp4pp2-A100-80gb, pid=6112)[0m Benchmark complete: 5/5 successful
2026-03-27 02:59:53,695 - INFO - [36m(rf-qwen2-5-72b-instruct-tp4pp2-A100-80gb, pid=6112)[0m Wall clock: 82.2s
2026-03-27 02:59:53,695 - INFO - [36m(rf-qwen2-5-72b-instruct-tp4pp2-A100-80gb, pid=6112)[0m Results saved to: /tmp/warmup_results.json
2026-03-27 02:59:53,695 - INFO - [36m(rf-qwen2-5-72b-instruct-tp4pp2-A100-80gb, pid=6112)[0m TTFT p50/p95/p99: 263.0 / 410.2 / 426.1 ms
2026-03-27 02:59:53,695 - INFO - [36m(rf-qwen2-5-72b-instruct-tp4pp2-A100-80gb, pid=6112)[0m E2E  p50/p95/p99: 27417.2 / 27642.3 / 27646.5 ms
2026-03-27 02:59:53,695 - INFO - [36m(rf-qwen2-5-72b-instruct-tp4pp2-A100-80gb, pid=6112)[0m ✅ Warmup complete
2026-03-27 02:59:55,707 - INFO - [36m(rf-qwen2-5-72b-instruct-tp4pp2-A100-80gb, pid=6112)[0m 📊 Running benchmark: 276 requests, concurrency=69
2026-03-27 02:59:59,727 - INFO - [36m(rf-qwen2-5-72b-instruct-tp4pp2-A100-80gb, pid=6112)[0m Loading tokenizer for Qwen/Qwen2.5-72B-Instruct...
2026-03-27 03:00:00,632 - INFO - [36m(rf-qwen2-5-72b-instruct-tp4pp2-A100-80gb, pid=6112)[0m Loading dataset emozilla/pg19-test...
2026-03-27 03:00:03,551 - INFO - [36m(rf-qwen2-5-72b-instruct-tp4pp2-A100-80gb, pid=6112)[0m `trust_remote_code` is not supported anymore.
2026-03-27 03:00:03,552 - INFO - [36m(rf-qwen2-5-72b-instruct-tp4pp2-A100-80gb, pid=6112)[0m Please check that the Hugging Face dataset 'emozilla/pg19-test' isn't based on a loading script and remove `trust_remote_code`.
2026-03-27 03:00:03,552 - INFO - [36m(rf-qwen2-5-72b-instruct-tp4pp2-A100-80gb, pid=6112)[0m If the dataset is based on a loading script, please ask the dataset author to remove it and convert it to a standard format like Parquet.
2026-03-27 03:00:03,552 - INFO - [36m(rf-qwen2-5-72b-instruct-tp4pp2-A100-80gb, pid=6112)[0m Token indices sequence length is longer than the specified maximum sequence length for this model (136936 > 131072). Running this sequence through the model will result in indexing errors
2026-03-27 03:00:30,584 - INFO - [36m(rf-qwen2-5-72b-instruct-tp4pp2-A100-80gb, pid=6112)[0m ⚠️  Only found 100 prompts with >= 1024 tokens, recycling to reach 276
2026-03-27 03:01:12,697 - INFO - [36m(rf-qwen2-5-72b-instruct-tp4pp2-A100-80gb, pid=6112)[0m Running 276 benchmark requests (concurrency=69)...
2026-03-27 03:01:12,697 - INFO - [36m(rf-qwen2-5-72b-instruct-tp4pp2-A100-80gb, pid=6112)[0m   Progress: 27/276 (42s elapsed)
2026-03-27 03:01:15,209 - INFO - [36m(rf-qwen2-5-72b-instruct-tp4pp2-A100-80gb, pid=6112)[0m   Progress: 54/276 (45s elapsed)
2026-03-27 03:01:51,251 - INFO - [36m(rf-qwen2-5-72b-instruct-tp4pp2-A100-80gb, pid=6112)[0m   Progress: 81/276 (81s elapsed)
2026-03-27 03:01:53,665 - INFO - [36m(rf-qwen2-5-72b-instruct-tp4pp2-A100-80gb, pid=6112)[0m   Progress: 108/276 (83s elapsed)
2026-03-27 03:01:56,679 - INFO - [36m(rf-qwen2-5-72b-instruct-tp4pp2-A100-80gb, pid=6112)[0m   Progress: 135/276 (86s elapsed)
2026-03-27 03:02:35,147 - INFO - [36m(rf-qwen2-5-72b-instruct-tp4pp2-A100-80gb, pid=6112)[0m   Progress: 162/276 (125s elapsed)
2026-03-27 03:02:37,960 - INFO - [36m(rf-qwen2-5-72b-instruct-tp4pp2-A100-80gb, pid=6112)[0m   Progress: 189/276 (128s elapsed)
2026-03-27 03:03:13,227 - INFO - [36m(rf-qwen2-5-72b-instruct-tp4pp2-A100-80gb, pid=6112)[0m   Progress: 216/276 (163s elapsed)
2026-03-27 03:03:14,026 - INFO - [36m(rf-qwen2-5-72b-instruct-tp4pp2-A100-80gb, pid=6112)[0m   Progress: 243/276 (163s elapsed)
2026-03-27 03:03:14,730 - INFO - [36m(rf-qwen2-5-72b-instruct-tp4pp2-A100-80gb, pid=6112)[0m   Progress: 270/276 (164s elapsed)
2026-03-27 03:03:14,730 - INFO - [36m(rf-qwen2-5-72b-instruct-tp4pp2-A100-80gb, pid=6112)[0m   Progress: 276/276 (164s elapsed)
2026-03-27 03:03:15,737 - INFO - [36m(rf-qwen2-5-72b-instruct-tp4pp2-A100-80gb, pid=6112)[0m
2026-03-27 03:03:15,737 - INFO - [36m(rf-qwen2-5-72b-instruct-tp4pp2-A100-80gb, pid=6112)[0m ============================================================
2026-03-27 03:03:15,737 - INFO - [36m(rf-qwen2-5-72b-instruct-tp4pp2-A100-80gb, pid=6112)[0m Benchmark complete: 276/276 successful
2026-03-27 03:03:15,737 - INFO - [36m(rf-qwen2-5-72b-instruct-tp4pp2-A100-80gb, pid=6112)[0m Wall clock: 163.6s
2026-03-27 03:03:15,737 - INFO - [36m(rf-qwen2-5-72b-instruct-tp4pp2-A100-80gb, pid=6112)[0m Results saved to: /tmp/client_results_tp4_pp2_in1024_out512.json
2026-03-27 03:03:15,737 - INFO - [36m(rf-qwen2-5-72b-instruct-tp4pp2-A100-80gb, pid=6112)[0m TTFT p50/p95/p99: 797.6 / 6056.8 / 7098.2 ms
2026-03-27 03:03:15,737 - INFO - [36m(rf-qwen2-5-72b-instruct-tp4pp2-A100-80gb, pid=6112)[0m E2E  p50/p95/p99: 40133.4 / 44976.8 / 46019.4 ms
2026-03-27 03:03:15,737 - INFO - [36m(rf-qwen2-5-72b-instruct-tp4pp2-A100-80gb, pid=6112)[0m 📊 GPU monitoring: local (single node)
2026-03-27 03:03:19,049 - INFO - [36m(rf-qwen2-5-72b-instruct-tp4pp2-A100-80gb, pid=6112)[0m 📈 Time-series saved to /tmp/timeseries_tp4_pp2_in1024_out512.json
2026-03-27 03:03:19,049 - INFO - [36m(rf-qwen2-5-72b-instruct-tp4pp2-A100-80gb, pid=6112)[0m Result: success
2026-03-27 03:03:19,049 - INFO - [36m(rf-qwen2-5-72b-instruct-tp4pp2-A100-80gb, pid=6112)[0m
2026-03-27 03:03:19,049 - INFO - [36m(rf-qwen2-5-72b-instruct-tp4pp2-A100-80gb, pid=6112)[0m ======================================================================
2026-03-27 03:03:19,049 - INFO - [36m(rf-qwen2-5-72b-instruct-tp4pp2-A100-80gb, pid=6112)[0m Running: TP=4, PP=2, input=4096, output=1024
2026-03-27 03:03:19,049 - INFO - [36m(rf-qwen2-5-72b-instruct-tp4pp2-A100-80gb, pid=6112)[0m Target concurrency: 69
2026-03-27 03:03:19,049 - INFO - [36m(rf-qwen2-5-72b-instruct-tp4pp2-A100-80gb, pid=6112)[0m ======================================================================
2026-03-27 03:03:19,049 - INFO - [36m(rf-qwen2-5-72b-instruct-tp4pp2-A100-80gb, pid=6112)[0m 📊 Using local GPU monitoring (single-node Ray cluster)
2026-03-27 03:03:19,049 - INFO - [36m(rf-qwen2-5-72b-instruct-tp4pp2-A100-80gb, pid=6112)[0m 🔥 Running warmup (5 requests)...
2026-03-27 03:03:19,049 - INFO - [36m(rf-qwen2-5-72b-instruct-tp4pp2-A100-80gb, pid=6112)[0m Loading tokenizer for Qwen/Qwen2.5-72B-Instruct...
2026-03-27 03:03:19,952 - INFO - [36m(rf-qwen2-5-72b-instruct-tp4pp2-A100-80gb, pid=6112)[0m Loading dataset emozilla/pg19-test...
2026-03-27 03:03:20,656 - INFO - [36m(rf-qwen2-5-72b-instruct-tp4pp2-A100-80gb, pid=6112)[0m `trust_remote_code` is not supported anymore.
2026-03-27 03:03:20,656 - INFO - [36m(rf-qwen2-5-72b-instruct-tp4pp2-A100-80gb, pid=6112)[0m Please check that the Hugging Face dataset 'emozilla/pg19-test' isn't based on a loading script and remove `trust_remote_code`.
2026-03-27 03:03:20,656 - INFO - [36m(rf-qwen2-5-72b-instruct-tp4pp2-A100-80gb, pid=6112)[0m If the dataset is based on a loading script, please ask the dataset author to remove it and convert it to a standard format like Parquet.
2026-03-27 03:03:20,656 - INFO - [36m(rf-qwen2-5-72b-instruct-tp4pp2-A100-80gb, pid=6112)[0m Running 5 benchmark requests (concurrency=2)...
2026-03-27 03:04:15,479 - INFO - [36m(rf-qwen2-5-72b-instruct-tp4pp2-A100-80gb, pid=6112)[0m   Progress: 1/5 (55s elapsed)
2026-03-27 03:04:16,385 - INFO - [36m(rf-qwen2-5-72b-instruct-tp4pp2-A100-80gb, pid=6112)[0m   Progress: 2/5 (55s elapsed)
2026-03-27 03:05:10,819 - INFO - [36m(rf-qwen2-5-72b-instruct-tp4pp2-A100-80gb, pid=6112)[0m   Progress: 3/5 (110s elapsed)
2026-03-27 03:05:11,723 - INFO - [36m(rf-qwen2-5-72b-instruct-tp4pp2-A100-80gb, pid=6112)[0m   Progress: 4/5 (111s elapsed)
2026-03-27 03:06:02,438 - INFO - [36m(rf-qwen2-5-72b-instruct-tp4pp2-A100-80gb, pid=6112)[0m   Progress: 5/5 (162s elapsed)
2026-03-27 03:06:03,242 - INFO - [36m(rf-qwen2-5-72b-instruct-tp4pp2-A100-80gb, pid=6112)[0m
2026-03-27 03:06:03,242 - INFO - [36m(rf-qwen2-5-72b-instruct-tp4pp2-A100-80gb, pid=6112)[0m ============================================================
2026-03-27 03:06:03,242 - INFO - [36m(rf-qwen2-5-72b-instruct-tp4pp2-A100-80gb, pid=6112)[0m Benchmark complete: 5/5 successful
2026-03-27 03:06:03,242 - INFO - [36m(rf-qwen2-5-72b-instruct-tp4pp2-A100-80gb, pid=6112)[0m Wall clock: 161.8s
2026-03-27 03:06:03,242 - INFO - [36m(rf-qwen2-5-72b-instruct-tp4pp2-A100-80gb, pid=6112)[0m Results saved to: /tmp/warmup_results.json
2026-03-27 03:06:03,242 - INFO - [36m(rf-qwen2-5-72b-instruct-tp4pp2-A100-80gb, pid=6112)[0m TTFT p50/p95/p99: 637.1 / 980.0 / 1014.2 ms
2026-03-27 03:06:03,242 - INFO - [36m(rf-qwen2-5-72b-instruct-tp4pp2-A100-80gb, pid=6112)[0m E2E  p50/p95/p99: 55255.6 / 55290.8 / 55297.6 ms
2026-03-27 03:06:03,242 - INFO - [36m(rf-qwen2-5-72b-instruct-tp4pp2-A100-80gb, pid=6112)[0m ✅ Warmup complete
2026-03-27 03:06:05,251 - INFO - [36m(rf-qwen2-5-72b-instruct-tp4pp2-A100-80gb, pid=6112)[0m 📊 Running benchmark: 276 requests, concurrency=69
2026-03-27 03:06:09,066 - INFO - [36m(rf-qwen2-5-72b-instruct-tp4pp2-A100-80gb, pid=6112)[0m Loading tokenizer for Qwen/Qwen2.5-72B-Instruct...
2026-03-27 03:06:09,973 - INFO - [36m(rf-qwen2-5-72b-instruct-tp4pp2-A100-80gb, pid=6112)[0m Loading dataset emozilla/pg19-test...
2026-03-27 03:06:13,085 - INFO - [36m(rf-qwen2-5-72b-instruct-tp4pp2-A100-80gb, pid=6112)[0m `trust_remote_code` is not supported anymore.
2026-03-27 03:06:13,085 - INFO - [36m(rf-qwen2-5-72b-instruct-tp4pp2-A100-80gb, pid=6112)[0m Please check that the Hugging Face dataset 'emozilla/pg19-test' isn't based on a loading script and remove `trust_remote_code`.
2026-03-27 03:06:13,085 - INFO - [36m(rf-qwen2-5-72b-instruct-tp4pp2-A100-80gb, pid=6112)[0m If the dataset is based on a loading script, please ask the dataset author to remove it and convert it to a standard format like Parquet.
2026-03-27 03:06:13,085 - INFO - [36m(rf-qwen2-5-72b-instruct-tp4pp2-A100-80gb, pid=6112)[0m Token indices sequence length is longer than the specified maximum sequence length for this model (136936 > 131072). Running this sequence through the model will result in indexing errors
2026-03-27 03:06:39,889 - INFO - [36m(rf-qwen2-5-72b-instruct-tp4pp2-A100-80gb, pid=6112)[0m ⚠️  Only found 99 prompts with >= 4096 tokens, recycling to reach 276
2026-03-27 03:08:52,465 - INFO - [36m(rf-qwen2-5-72b-instruct-tp4pp2-A100-80gb, pid=6112)[0m Running 276 benchmark requests (concurrency=69)...
2026-03-27 03:08:52,465 - INFO - [36m(rf-qwen2-5-72b-instruct-tp4pp2-A100-80gb, pid=6112)[0m   Progress: 27/276 (133s elapsed)
2026-03-27 03:09:05,121 - INFO - [36m(rf-qwen2-5-72b-instruct-tp4pp2-A100-80gb, pid=6112)[0m   Progress: 54/276 (145s elapsed)
2026-03-27 03:10:40,218 - INFO - [36m(rf-qwen2-5-72b-instruct-tp4pp2-A100-80gb, pid=6112)[0m   Progress: 81/276 (240s elapsed)
2026-03-27 03:10:54,482 - INFO - [36m(rf-qwen2-5-72b-instruct-tp4pp2-A100-80gb, pid=6112)[0m   Progress: 108/276 (254s elapsed)
2026-03-27 03:11:07,537 - INFO - [36m(rf-qwen2-5-72b-instruct-tp4pp2-A100-80gb, pid=6112)[0m   Progress: 135/276 (268s elapsed)
2026-03-27 03:12:41,434 - INFO - [36m(rf-qwen2-5-72b-instruct-tp4pp2-A100-80gb, pid=6112)[0m   Progress: 162/276 (361s elapsed)
2026-03-27 03:12:55,489 - INFO - [36m(rf-qwen2-5-72b-instruct-tp4pp2-A100-80gb, pid=6112)[0m   Progress: 189/276 (376s elapsed)
2026-03-27 03:14:26,187 - INFO - [36m(rf-qwen2-5-72b-instruct-tp4pp2-A100-80gb, pid=6112)[0m   Progress: 216/276 (466s elapsed)
2026-03-27 03:14:28,395 - INFO - [36m(rf-qwen2-5-72b-instruct-tp4pp2-A100-80gb, pid=6112)[0m   Progress: 243/276 (468s elapsed)
2026-03-27 03:14:30,203 - INFO - [36m(rf-qwen2-5-72b-instruct-tp4pp2-A100-80gb, pid=6112)[0m   Progress: 270/276 (470s elapsed)
2026-03-27 03:14:30,908 - INFO - [36m(rf-qwen2-5-72b-instruct-tp4pp2-A100-80gb, pid=6112)[0m   Progress: 276/276 (471s elapsed)
2026-03-27 03:14:31,410 - INFO - [36m(rf-qwen2-5-72b-instruct-tp4pp2-A100-80gb, pid=6112)[0m
2026-03-27 03:14:31,410 - INFO - [36m(rf-qwen2-5-72b-instruct-tp4pp2-A100-80gb, pid=6112)[0m ============================================================
2026-03-27 03:14:31,410 - INFO - [36m(rf-qwen2-5-72b-instruct-tp4pp2-A100-80gb, pid=6112)[0m Benchmark complete: 276/276 successful
2026-03-27 03:14:31,410 - INFO - [36m(rf-qwen2-5-72b-instruct-tp4pp2-A100-80gb, pid=6112)[0m Wall clock: 470.5s
2026-03-27 03:14:31,410 - INFO - [36m(rf-qwen2-5-72b-instruct-tp4pp2-A100-80gb, pid=6112)[0m Results saved to: /tmp/client_results_tp4_pp2_in4096_out1024.json
2026-03-27 03:14:31,410 - INFO - [36m(rf-qwen2-5-72b-instruct-tp4pp2-A100-80gb, pid=6112)[0m TTFT p50/p95/p99: 1271.3 / 24671.3 / 30396.5 ms
2026-03-27 03:14:31,410 - INFO - [36m(rf-qwen2-5-72b-instruct-tp4pp2-A100-80gb, pid=6112)[0m E2E  p50/p95/p99: 115155.6 / 145663.8 / 150923.7 ms
2026-03-27 03:14:31,410 - INFO - [36m(rf-qwen2-5-72b-instruct-tp4pp2-A100-80gb, pid=6112)[0m 📊 GPU monitoring: local (single node)
2026-03-27 03:14:32,112 - INFO - [36m(rf-qwen2-5-72b-instruct-tp4pp2-A100-80gb, pid=6112)[0m 📈 Time-series saved to /tmp/timeseries_tp4_pp2_in4096_out1024.json
2026-03-27 03:14:32,112 - INFO - [36m(rf-qwen2-5-72b-instruct-tp4pp2-A100-80gb, pid=6112)[0m Result: success
2026-03-27 03:14:35,428 - INFO - [36m(rf-qwen2-5-72b-instruct-tp4pp2-A100-80gb, pid=6112)[0m
2026-03-27 03:14:35,428 - INFO - [36m(rf-qwen2-5-72b-instruct-tp4pp2-A100-80gb, pid=6112)[0m ======================================================================
2026-03-27 03:14:35,428 - INFO - [36m(rf-qwen2-5-72b-instruct-tp4pp2-A100-80gb, pid=6112)[0m Running: TP=4, PP=2, input=8192, output=256
2026-03-27 03:14:35,428 - INFO - [36m(rf-qwen2-5-72b-instruct-tp4pp2-A100-80gb, pid=6112)[0m Target concurrency: 69
2026-03-27 03:14:35,429 - INFO - [36m(rf-qwen2-5-72b-instruct-tp4pp2-A100-80gb, pid=6112)[0m ======================================================================
2026-03-27 03:14:35,429 - INFO - [36m(rf-qwen2-5-72b-instruct-tp4pp2-A100-80gb, pid=6112)[0m 📊 Using local GPU monitoring (single-node Ray cluster)
2026-03-27 03:14:35,429 - INFO - [36m(rf-qwen2-5-72b-instruct-tp4pp2-A100-80gb, pid=6112)[0m 🔥 Running warmup (5 requests)...
2026-03-27 03:14:35,429 - INFO - [36m(rf-qwen2-5-72b-instruct-tp4pp2-A100-80gb, pid=6112)[0m Loading tokenizer for Qwen/Qwen2.5-72B-Instruct...
2026-03-27 03:14:36,335 - INFO - [36m(rf-qwen2-5-72b-instruct-tp4pp2-A100-80gb, pid=6112)[0m Loading dataset emozilla/pg19-test...
2026-03-27 03:14:37,642 - INFO - [36m(rf-qwen2-5-72b-instruct-tp4pp2-A100-80gb, pid=6112)[0m `trust_remote_code` is not supported anymore.
2026-03-27 03:14:37,642 - INFO - [36m(rf-qwen2-5-72b-instruct-tp4pp2-A100-80gb, pid=6112)[0m Please check that the Hugging Face dataset 'emozilla/pg19-test' isn't based on a loading script and remove `trust_remote_code`.
2026-03-27 03:14:37,642 - INFO - [36m(rf-qwen2-5-72b-instruct-tp4pp2-A100-80gb, pid=6112)[0m If the dataset is based on a loading script, please ask the dataset author to remove it and convert it to a standard format like Parquet.
2026-03-27 03:14:37,642 - INFO - [36m(rf-qwen2-5-72b-instruct-tp4pp2-A100-80gb, pid=6112)[0m Running 5 benchmark requests (concurrency=2)...
2026-03-27 03:14:53,005 - INFO - [36m(rf-qwen2-5-72b-instruct-tp4pp2-A100-80gb, pid=6112)[0m   Progress: 1/5 (15s elapsed)
2026-03-27 03:14:53,908 - INFO - [36m(rf-qwen2-5-72b-instruct-tp4pp2-A100-80gb, pid=6112)[0m   Progress: 2/5 (16s elapsed)
2026-03-27 03:15:08,267 - INFO - [36m(rf-qwen2-5-72b-instruct-tp4pp2-A100-80gb, pid=6112)[0m   Progress: 3/5 (31s elapsed)
2026-03-27 03:15:08,869 - INFO - [36m(rf-qwen2-5-72b-instruct-tp4pp2-A100-80gb, pid=6112)[0m   Progress: 4/5 (31s elapsed)
2026-03-27 03:15:22,038 - INFO - [36m(rf-qwen2-5-72b-instruct-tp4pp2-A100-80gb, pid=6112)[0m   Progress: 5/5 (45s elapsed)
2026-03-27 03:15:22,843 - INFO - [36m(rf-qwen2-5-72b-instruct-tp4pp2-A100-80gb, pid=6112)[0m
2026-03-27 03:15:22,843 - INFO - [36m(rf-qwen2-5-72b-instruct-tp4pp2-A100-80gb, pid=6112)[0m ============================================================
2026-03-27 03:15:22,843 - INFO - [36m(rf-qwen2-5-72b-instruct-tp4pp2-A100-80gb, pid=6112)[0m Benchmark complete: 5/5 successful
2026-03-27 03:15:22,843 - INFO - [36m(rf-qwen2-5-72b-instruct-tp4pp2-A100-80gb, pid=6112)[0m Wall clock: 44.6s
2026-03-27 03:15:22,843 - INFO - [36m(rf-qwen2-5-72b-instruct-tp4pp2-A100-80gb, pid=6112)[0m Results saved to: /tmp/warmup_results.json
2026-03-27 03:15:22,843 - INFO - [36m(rf-qwen2-5-72b-instruct-tp4pp2-A100-80gb, pid=6112)[0m TTFT p50/p95/p99: 1302.5 / 1832.0 / 1898.0 ms
2026-03-27 03:15:22,843 - INFO - [36m(rf-qwen2-5-72b-instruct-tp4pp2-A100-80gb, pid=6112)[0m E2E  p50/p95/p99: 15398.0 / 15777.5 / 15852.7 ms
2026-03-27 03:15:22,843 - INFO - [36m(rf-qwen2-5-72b-instruct-tp4pp2-A100-80gb, pid=6112)[0m ✅ Warmup complete
2026-03-27 03:15:24,852 - INFO - [36m(rf-qwen2-5-72b-instruct-tp4pp2-A100-80gb, pid=6112)[0m 📊 Running benchmark: 276 requests, concurrency=69
2026-03-27 03:15:28,869 - INFO - [36m(rf-qwen2-5-72b-instruct-tp4pp2-A100-80gb, pid=6112)[0m Loading tokenizer for Qwen/Qwen2.5-72B-Instruct...
2026-03-27 03:15:29,774 - INFO - [36m(rf-qwen2-5-72b-instruct-tp4pp2-A100-80gb, pid=6112)[0m Loading dataset emozilla/pg19-test...
2026-03-27 03:15:32,687 - INFO - [36m(rf-qwen2-5-72b-instruct-tp4pp2-A100-80gb, pid=6112)[0m `trust_remote_code` is not supported anymore.
2026-03-27 03:15:32,687 - INFO - [36m(rf-qwen2-5-72b-instruct-tp4pp2-A100-80gb, pid=6112)[0m Please check that the Hugging Face dataset 'emozilla/pg19-test' isn't based on a loading script and remove `trust_remote_code`.
2026-03-27 03:15:32,687 - INFO - [36m(rf-qwen2-5-72b-instruct-tp4pp2-A100-80gb, pid=6112)[0m If the dataset is based on a loading script, please ask the dataset author to remove it and convert it to a standard format like Parquet.
2026-03-27 03:15:32,687 - INFO - [36m(rf-qwen2-5-72b-instruct-tp4pp2-A100-80gb, pid=6112)[0m Token indices sequence length is longer than the specified maximum sequence length for this model (136936 > 131072). Running this sequence through the model will result in indexing errors
2026-03-27 03:15:59,298 - INFO - [36m(rf-qwen2-5-72b-instruct-tp4pp2-A100-80gb, pid=6112)[0m ⚠️  Only found 95 prompts with >= 8192 tokens, recycling to reach 276
2026-03-27 03:17:51,886 - INFO - [36m(rf-qwen2-5-72b-instruct-tp4pp2-A100-80gb, pid=6112)[0m Running 276 benchmark requests (concurrency=69)...
2026-03-27 03:17:51,886 - INFO - [36m(rf-qwen2-5-72b-instruct-tp4pp2-A100-80gb, pid=6112)[0m   Progress: 27/276 (113s elapsed)
2026-03-27 03:18:22,121 - INFO - [36m(rf-qwen2-5-72b-instruct-tp4pp2-A100-80gb, pid=6112)[0m   Progress: 54/276 (143s elapsed)
2026-03-27 03:19:03,599 - INFO - [36m(rf-qwen2-5-72b-instruct-tp4pp2-A100-80gb, pid=6112)[0m   Progress: 81/276 (184s elapsed)
2026-03-27 03:19:33,848 - INFO - [36m(rf-qwen2-5-72b-instruct-tp4pp2-A100-80gb, pid=6112)[0m   Progress: 108/276 (214s elapsed)
2026-03-27 03:20:04,268 - INFO - [36m(rf-qwen2-5-72b-instruct-tp4pp2-A100-80gb, pid=6112)[0m   Progress: 135/276 (245s elapsed)
2026-03-27 03:20:45,551 - INFO - [36m(rf-qwen2-5-72b-instruct-tp4pp2-A100-80gb, pid=6112)[0m   Progress: 162/276 (286s elapsed)
2026-03-27 03:21:16,181 - INFO - [36m(rf-qwen2-5-72b-instruct-tp4pp2-A100-80gb, pid=6112)[0m   Progress: 189/276 (317s elapsed)
2026-03-27 03:21:50,628 - INFO - [36m(rf-qwen2-5-72b-instruct-tp4pp2-A100-80gb, pid=6112)[0m   Progress: 216/276 (351s elapsed)
2026-03-27 03:21:55,045 - INFO - [36m(rf-qwen2-5-72b-instruct-tp4pp2-A100-80gb, pid=6112)[0m   Progress: 243/276 (356s elapsed)
2026-03-27 03:21:58,667 - INFO - [36m(rf-qwen2-5-72b-instruct-tp4pp2-A100-80gb, pid=6112)[0m   Progress: 270/276 (359s elapsed)
2026-03-27 03:21:59,271 - INFO - [36m(rf-qwen2-5-72b-instruct-tp4pp2-A100-80gb, pid=6112)[0m   Progress: 276/276 (360s elapsed)
2026-03-27 03:22:00,075 - INFO - [36m(rf-qwen2-5-72b-instruct-tp4pp2-A100-80gb, pid=6112)[0m
2026-03-27 03:22:00,075 - INFO - [36m(rf-qwen2-5-72b-instruct-tp4pp2-A100-80gb, pid=6112)[0m ============================================================
2026-03-27 03:22:00,075 - INFO - [36m(rf-qwen2-5-72b-instruct-tp4pp2-A100-80gb, pid=6112)[0m Benchmark complete: 276/276 successful
2026-03-27 03:22:00,075 - INFO - [36m(rf-qwen2-5-72b-instruct-tp4pp2-A100-80gb, pid=6112)[0m Wall clock: 359.8s
2026-03-27 03:22:00,075 - INFO - [36m(rf-qwen2-5-72b-instruct-tp4pp2-A100-80gb, pid=6112)[0m Results saved to: /tmp/client_results_tp4_pp2_in8192_out256.json
2026-03-27 03:22:00,075 - INFO - [36m(rf-qwen2-5-72b-instruct-tp4pp2-A100-80gb, pid=6112)[0m TTFT p50/p95/p99: 2002.1 / 55616.1 / 68516.2 ms
2026-03-27 03:22:00,075 - INFO - [36m(rf-qwen2-5-72b-instruct-tp4pp2-A100-80gb, pid=6112)[0m E2E  p50/p95/p99: 88571.9 / 144095.2 / 156195.5 ms
2026-03-27 03:22:00,075 - INFO - [36m(rf-qwen2-5-72b-instruct-tp4pp2-A100-80gb, pid=6112)[0m 📊 GPU monitoring: local (single node)
2026-03-27 03:22:00,782 - INFO - [36m(rf-qwen2-5-72b-instruct-tp4pp2-A100-80gb, pid=6112)[0m 📈 Time-series saved to /tmp/timeseries_tp4_pp2_in8192_out256.json
2026-03-27 03:22:00,782 - INFO - [36m(rf-qwen2-5-72b-instruct-tp4pp2-A100-80gb, pid=6112)[0m Result: success
2026-03-27 03:22:04,098 - INFO - [36m(rf-qwen2-5-72b-instruct-tp4pp2-A100-80gb, pid=6112)[0m
2026-03-27 03:22:04,099 - INFO - [36m(rf-qwen2-5-72b-instruct-tp4pp2-A100-80gb, pid=6112)[0m ======================================================================
2026-03-27 03:22:04,099 - INFO - [36m(rf-qwen2-5-72b-instruct-tp4pp2-A100-80gb, pid=6112)[0m Running: TP=4, PP=2, input=16384, output=2048
2026-03-27 03:22:04,099 - INFO - [36m(rf-qwen2-5-72b-instruct-tp4pp2-A100-80gb, pid=6112)[0m Target concurrency: 69
2026-03-27 03:22:04,099 - INFO - [36m(rf-qwen2-5-72b-instruct-tp4pp2-A100-80gb, pid=6112)[0m ======================================================================
2026-03-27 03:22:04,099 - INFO - [36m(rf-qwen2-5-72b-instruct-tp4pp2-A100-80gb, pid=6112)[0m 📊 Using local GPU monitoring (single-node Ray cluster)
2026-03-27 03:22:04,099 - INFO - [36m(rf-qwen2-5-72b-instruct-tp4pp2-A100-80gb, pid=6112)[0m 🔥 Running warmup (5 requests)...
2026-03-27 03:22:04,099 - INFO - [36m(rf-qwen2-5-72b-instruct-tp4pp2-A100-80gb, pid=6112)[0m Loading tokenizer for Qwen/Qwen2.5-72B-Instruct...
2026-03-27 03:22:04,702 - INFO - [36m(rf-qwen2-5-72b-instruct-tp4pp2-A100-80gb, pid=6112)[0m Loading dataset emozilla/pg19-test...
2026-03-27 03:22:05,807 - INFO - [36m(rf-qwen2-5-72b-instruct-tp4pp2-A100-80gb, pid=6112)[0m `trust_remote_code` is not supported anymore.
2026-03-27 03:22:05,807 - INFO - [36m(rf-qwen2-5-72b-instruct-tp4pp2-A100-80gb, pid=6112)[0m Please check that the Hugging Face dataset 'emozilla/pg19-test' isn't based on a loading script and remove `trust_remote_code`.
2026-03-27 03:22:05,807 - INFO - [36m(rf-qwen2-5-72b-instruct-tp4pp2-A100-80gb, pid=6112)[0m If the dataset is based on a loading script, please ask the dataset author to remove it and convert it to a standard format like Parquet.
2026-03-27 03:22:05,807 - INFO - [36m(rf-qwen2-5-72b-instruct-tp4pp2-A100-80gb, pid=6112)[0m Running 5 benchmark requests (concurrency=2)...
2026-03-27 03:24:02,046 - INFO - [36m(rf-qwen2-5-72b-instruct-tp4pp2-A100-80gb, pid=6112)[0m   Progress: 1/5 (116s elapsed)
2026-03-27 03:24:03,249 - INFO - [36m(rf-qwen2-5-72b-instruct-tp4pp2-A100-80gb, pid=6112)[0m   Progress: 2/5 (117s elapsed)
2026-03-27 03:25:54,630 - INFO - [36m(rf-qwen2-5-72b-instruct-tp4pp2-A100-80gb, pid=6112)[0m   Progress: 3/5 (229s elapsed)
2026-03-27 03:25:56,038 - INFO - [36m(rf-qwen2-5-72b-instruct-tp4pp2-A100-80gb, pid=6112)[0m   Progress: 4/5 (230s elapsed)
2026-03-27 03:27:39,203 - INFO - [36m(rf-qwen2-5-72b-instruct-tp4pp2-A100-80gb, pid=6112)[0m   Progress: 5/5 (333s elapsed)
2026-03-27 03:27:40,007 - INFO - [36m(rf-qwen2-5-72b-instruct-tp4pp2-A100-80gb, pid=6112)[0m
2026-03-27 03:27:40,007 - INFO - [36m(rf-qwen2-5-72b-instruct-tp4pp2-A100-80gb, pid=6112)[0m ============================================================
2026-03-27 03:27:40,007 - INFO - [36m(rf-qwen2-5-72b-instruct-tp4pp2-A100-80gb, pid=6112)[0m Benchmark complete: 5/5 successful
2026-03-27 03:27:40,007 - INFO - [36m(rf-qwen2-5-72b-instruct-tp4pp2-A100-80gb, pid=6112)[0m Wall clock: 333.2s
2026-03-27 03:27:40,007 - INFO - [36m(rf-qwen2-5-72b-instruct-tp4pp2-A100-80gb, pid=6112)[0m Results saved to: /tmp/warmup_results.json
2026-03-27 03:27:40,007 - INFO - [36m(rf-qwen2-5-72b-instruct-tp4pp2-A100-80gb, pid=6112)[0m TTFT p50/p95/p99: 2354.9 / 3697.4 / 3910.0 ms
2026-03-27 03:27:40,007 - INFO - [36m(rf-qwen2-5-72b-instruct-tp4pp2-A100-80gb, pid=6112)[0m E2E  p50/p95/p99: 112678.5 / 117084.8 / 117309.5 ms
2026-03-27 03:27:40,007 - INFO - [36m(rf-qwen2-5-72b-instruct-tp4pp2-A100-80gb, pid=6112)[0m ✅ Warmup complete
2026-03-27 03:27:41,916 - INFO - [36m(rf-qwen2-5-72b-instruct-tp4pp2-A100-80gb, pid=6112)[0m 📊 Running benchmark: 276 requests, concurrency=69
2026-03-27 03:27:45,735 - INFO - [36m(rf-qwen2-5-72b-instruct-tp4pp2-A100-80gb, pid=6112)[0m Loading tokenizer for Qwen/Qwen2.5-72B-Instruct...
2026-03-27 03:27:46,640 - INFO - [36m(rf-qwen2-5-72b-instruct-tp4pp2-A100-80gb, pid=6112)[0m Loading dataset emozilla/pg19-test...
2026-03-27 03:27:49,556 - INFO - [36m(rf-qwen2-5-72b-instruct-tp4pp2-A100-80gb, pid=6112)[0m `trust_remote_code` is not supported anymore.
2026-03-27 03:27:49,556 - INFO - [36m(rf-qwen2-5-72b-instruct-tp4pp2-A100-80gb, pid=6112)[0m Please check that the Hugging Face dataset 'emozilla/pg19-test' isn't based on a loading script and remove `trust_remote_code`.
2026-03-27 03:27:49,556 - INFO - [36m(rf-qwen2-5-72b-instruct-tp4pp2-A100-80gb, pid=6112)[0m If the dataset is based on a loading script, please ask the dataset author to remove it and convert it to a standard format like Parquet.
2026-03-27 03:27:49,556 - INFO - [36m(rf-qwen2-5-72b-instruct-tp4pp2-A100-80gb, pid=6112)[0m Token indices sequence length is longer than the specified maximum sequence length for this model (136936 > 131072). Running this sequence through the model will result in indexing errors
2026-03-27 03:28:16,172 - INFO - [36m(rf-qwen2-5-72b-instruct-tp4pp2-A100-80gb, pid=6112)[0m ⚠️  Only found 92 prompts with >= 16384 tokens, recycling to reach 276
2026-03-27 03:38:17,102 - INFO - [36m(rf-qwen2-5-72b-instruct-tp4pp2-A100-80gb, pid=6112)[0m Running 276 benchmark requests (concurrency=69)...
2026-03-27 03:38:17,102 - INFO - [36m(rf-qwen2-5-72b-instruct-tp4pp2-A100-80gb, pid=6112)[0m   Progress: 27/276 (601s elapsed)
2026-03-27 03:48:18,146 - INFO - [36m(rf-qwen2-5-72b-instruct-tp4pp2-A100-80gb, pid=6112)[0m   Progress: 54/276 (601s elapsed)
2026-03-27 03:48:18,146 - INFO - [36m(rf-qwen2-5-72b-instruct-tp4pp2-A100-80gb, pid=6112)[0m   Progress: 81/276 (1202s elapsed)
2026-03-27 03:58:19,097 - INFO - [36m(rf-qwen2-5-72b-instruct-tp4pp2-A100-80gb, pid=6112)[0m   Progress: 108/276 (1202s elapsed)
2026-03-27 03:58:19,097 - INFO - [36m(rf-qwen2-5-72b-instruct-tp4pp2-A100-80gb, pid=6112)[0m   Progress: 135/276 (1202s elapsed)
2026-03-27 03:58:19,097 - INFO - [36m(rf-qwen2-5-72b-instruct-tp4pp2-A100-80gb, pid=6112)[0m   Progress: 162/276 (1803s elapsed)
2026-03-27 04:08:20,139 - INFO - [36m(rf-qwen2-5-72b-instruct-tp4pp2-A100-80gb, pid=6112)[0m   Progress: 189/276 (1803s elapsed)
2026-03-27 04:08:20,139 - INFO - [36m(rf-qwen2-5-72b-instruct-tp4pp2-A100-80gb, pid=6112)[0m   Progress: 216/276 (2404s elapsed)
2026-03-27 04:08:20,942 - INFO - [36m(rf-qwen2-5-72b-instruct-tp4pp2-A100-80gb, pid=6112)[0m   Progress: 243/276 (2404s elapsed)
2026-03-27 04:08:20,942 - INFO - [36m(rf-qwen2-5-72b-instruct-tp4pp2-A100-80gb, pid=6112)[0m   Progress: 270/276 (2404s elapsed)
2026-03-27 04:08:20,943 - INFO - [36m(rf-qwen2-5-72b-instruct-tp4pp2-A100-80gb, pid=6112)[0m   Progress: 276/276 (2404s elapsed)
2026-03-27 04:08:20,943 - INFO - [36m(rf-qwen2-5-72b-instruct-tp4pp2-A100-80gb, pid=6112)[0m
2026-03-27 04:08:20,943 - INFO - [36m(rf-qwen2-5-72b-instruct-tp4pp2-A100-80gb, pid=6112)[0m ============================================================
2026-03-27 04:08:20,943 - INFO - [36m(rf-qwen2-5-72b-instruct-tp4pp2-A100-80gb, pid=6112)[0m Benchmark complete: 0/276 successful
2026-03-27 04:08:20,943 - INFO - [36m(rf-qwen2-5-72b-instruct-tp4pp2-A100-80gb, pid=6112)[0m Wall clock: 2403.8s
2026-03-27 04:08:20,943 - INFO - [36m(rf-qwen2-5-72b-instruct-tp4pp2-A100-80gb, pid=6112)[0m Results saved to: /tmp/client_results_tp4_pp2_in16384_out2048.json
2026-03-27 04:08:20,943 - INFO - [36m(rf-qwen2-5-72b-instruct-tp4pp2-A100-80gb, pid=6112)[0m 📊 GPU monitoring: local (single node)
2026-03-27 04:08:21,849 - INFO - [36m(rf-qwen2-5-72b-instruct-tp4pp2-A100-80gb, pid=6112)[0m 📈 Time-series saved to /tmp/timeseries_tp4_pp2_in16384_out2048.json
2026-03-27 04:08:24,760 - INFO - [36m(rf-qwen2-5-72b-instruct-tp4pp2-A100-80gb, pid=6112)[0m ⚠️  WARNING: 4 preemptions detected! KV cache was thrashing. Throughput may be degraded.
2026-03-27 04:08:24,760 - INFO - [36m(rf-qwen2-5-72b-instruct-tp4pp2-A100-80gb, pid=6112)[0m Result: success
2026-03-27 04:08:24,760 - INFO - [36m(rf-qwen2-5-72b-instruct-tp4pp2-A100-80gb, pid=6112)[0m
2026-03-27 04:08:24,760 - INFO - [36m(rf-qwen2-5-72b-instruct-tp4pp2-A100-80gb, pid=6112)[0m ✅ All done! Results in /tmp/benchmark_results.json
2026-03-27 04:08:24,760 - INFO - [36m(rf-qwen2-5-72b-instruct-tp4pp2-A100-80gb, pid=6112)[0m 🛑 Stopping vLLM server...
2026-03-27 04:08:24,760 - INFO - [36m(rf-qwen2-5-72b-instruct-tp4pp2-A100-80gb, pid=6112)[0m ✅ Server stopped
2026-03-27 04:08:25,966 - INFO - [36m(rf-qwen2-5-72b-instruct-tp4pp2-A100-80gb, pid=6112)[0m + echo 'Cleaning up Ray (this may show warnings if vLLM workers are still active)...'
2026-03-27 04:08:27,876 - INFO - [36m(rf-qwen2-5-72b-instruct-tp4pp2-A100-80gb, pid=6112)[0m Cleaning up Ray (this may show warnings if vLLM workers are still active)...
2026-03-27 04:08:27,876 - INFO - [36m(rf-qwen2-5-72b-instruct-tp4pp2-A100-80gb, pid=6112)[0m + sleep 2
2026-03-27 04:08:27,876 - INFO - [36m(rf-qwen2-5-72b-instruct-tp4pp2-A100-80gb, pid=6112)[0m + uv run ray stop
2026-03-27 04:08:29,585 - INFO - [36m(rf-qwen2-5-72b-instruct-tp4pp2-A100-80gb, pid=6112)[0m 2026-03-26 22:38:28,373	VINFO scripts.py:1315 -- Send termination request to `/home/ubuntu/skypilot-runtime/lib/python3.10/site-packages/ray/core/src/ray/raylet/raylet --raylet_socket_name=/tmp/ray_skypilot/session_2026-03-26_20-57-46_455647_4816/sockets/raylet --store_socket_name=/tmp/ray_skypilot/session_2026-03-26_20-57-46_455647_4816/sockets/plasma_store --object_manager_port=8076 --min_worker_port=11002 --max_worker_port=19999 --node_manager_port=0 --node_ip_address=172.31.44.209 --maximum_startup_concurrency=96 --static_resource_list=A100-80GB,8,node:172.31.44.209,1.0,node:__internal_head__,1.0,accelerator_type:A100,1,CPU,96,GPU,8,memory,969145158656,object_store_memory,200000000000 "--python_worker_command=/home/ubuntu/skypilot-runtime/bin/python /home/ubuntu/skypilot-runtime/lib/python3.10/site-packages/ray/_private/workers/setup_worker.py /home/ubuntu/skypilot-runtime/lib/python3.10/site-packages/ray/_private/workers/default_worker.py --node-ip-address=172.31.44.209 --node-manager-port=RAY_NODE_MANAGER_PORT_PLACEHOLDER --object-store-name=/tmp/ray_skypilot/session_2026-03-26_20-57-46_455647_4816/sockets/plasma_store --raylet-name=/tmp/ray_skypilot/session_2026-03-26_20-57-46_455647_4816/sockets/raylet --redis-address=None --temp-dir=/tmp/ray_skypilot --metrics-agent-port=54576 --runtime-env-agent-port=54703 --logging-rotate-bytes=536870912 --logging-rotate-backup-count=5 --runtime-env-agent-port=54703 --gcs-address=172.31.44.209:6380 --session-name=session_2026-03-26_20-57-46_455647_4816 --temp-dir=/tmp/ray_skypilot --webui=127.0.0.1:8266 --cluster-id=aade1094ae4841c9610eee70fd1b2c69e5b60135e17b8fd6dd5e0b8b RAY_WORKER_DYNAMIC_OPTION_PLACEHOLDER" "--java_worker_command=/home/ubuntu/skypilot-runtime/bin/python /home/ubuntu/skypilot-runtime/lib/python3.10/site-packages/ray/_private/workers/setup_worker.py -Dray.address=172.31.44.209:6380 -Dray.raylet.node-manager-port=RAY_NODE_MANAGER_PORT_PLACEHOLDER -Dray.object-store.socket-name=/tmp/ray_skypilot/session_2026-03-26_20-57-46_455647_4816/sockets/plasma_store -Dray.raylet.socket-name=/tmp/ray_skypilot/session_2026-03-26_20-57-46_455647_4816/sockets/raylet -Dray.redis.password= -Dray.node-ip=172.31.44.209 -Dray.home=/home/ubuntu/skypilot-runtime/lib/python3.10/site-packages/ray/../.. -Dray.logging.dir=/tmp/ray_skypilot/session_2026-03-26_20-57-46_455647_4816/logs -Dray.session-dir=/tmp/ray_skypilot/session_2026-03-26_20-57-46_455647_4816 RAY_WORKER_DYNAMIC_OPTION_PLACEHOLDER io.ray.runtime.runner.worker.DefaultWorker" --cpp_worker_command= --native_library_path=/home/ubuntu/skypilot-runtime/lib/python3.10/site-packages/ray/cpp/lib --temp_dir=/tmp/ray_skypilot --session_dir=/tmp/ray_skypilot/session_2026-03-26_20-57-46_455647_4816 --log_dir=/tmp/ray_skypilot/session_2026-03-26_20-57-46_455647_4816/logs --resource_dir=/tmp/ray_skypilot/session_2026-03-26_20-57-46_455647_4816/runtime_resources --metrics-agent-port=54576 --metrics_export_port=38297 --runtime_env_agent_port=54703 --object_store_memory=200000000000 --plasma_directory=/dev/shm --ray-debugger-external=0 --gcs-address=172.31.44.209:6380 --session-name=session_2026-03-26_20-57-46_455647_4816 --labels= --cluster-id=aade1094ae4841c9610eee70fd1b2c69e5b60135e17b8fd6dd5e0b8b --head --num_prestart_python_workers=96 "--dashboard_agent_command=/home/ubuntu/skypilot-runtime/bin/python -u /home/ubuntu/skypilot-runtime/lib/python3.10/site-packages/ray/dashboard/agent.py --node-ip-address=172.31.44.209 --metrics-export-port=38297 --dashboard-agent-port=54576 --listen-port=52365 --node-manager-port=RAY_NODE_MANAGER_PORT_PLACEHOLDER --object-store-name=/tmp/ray_skypilot/session_2026-03-26_20-57-46_455647_4816/sockets/plasma_store --raylet-name=/tmp/ray_skypilot/session_2026-03-26_20-57-46_455647_4816/sockets/raylet --temp-dir=/tmp/ray_skypilot --session-dir=/tmp/ray_skypilot/session_2026-03-26_20-57-46_455647_4816 --log-dir=/tmp/ray_skypilot/session_2026-03-26_20-57-46_455647_4816/logs --logging-rotate-bytes=536870912 --logging-rotate-backup-count=5 --session-name=session_2026-03-26_20-57-46_455647_4816 --gcs-address=172.31.44.209:6380" "--runtime_env_agent_command=/home/ubuntu/skypilot-runtime/bin/python -u /home/ubuntu/skypilot-runtime/lib/python3.10/site-packages/ray/_private/runtime_env/agent/main.py --node-ip-address=172.31.44.209 --runtime-env-agent-port=54703 --gcs-address=172.31.44.209:6380 --runtime-env-dir=/tmp/ray_skypilot/session_2026-03-26_20-57-46_455647_4816/runtime_resources --logging-rotate-bytes=536870912 --logging-rotate-backup-count=5 --log-dir=/tmp/ray_skypilot/session_2026-03-26_20-57-46_455647_4816/logs --temp-dir=/tmp/ray_skypilot"` (via SIGTERM)
2026-03-27 04:08:29,585 - INFO - [36m(rf-qwen2-5-72b-instruct-tp4pp2-A100-80gb, pid=6112)[0m 2026-03-26 22:38:28,373	VINFO scripts.py:1315 -- Send termination request to `/home/ubuntu/sky_workdir/.venv/lib/python3.12/site-packages/ray/core/src/ray/raylet/raylet --raylet_socket_name=/tmp/ray/session_2026-03-26_21-00-01_168668_13967/sockets/raylet --store_socket_name=/tmp/ray/session_2026-03-26_21-00-01_168668_13967/sockets/plasma_store --object_manager_port=0 --min_worker_port=10002 --max_worker_port=19999 --node_manager_port=0 --node_id=6920c5895bf06aaa94893710aaa1243834c33e0e5314c81817ef0269 --node_ip_address=172.31.44.209 --maximum_startup_concurrency=1 --static_resource_list=node:172.31.44.209,1.0,node:__internal_head__,1.0,accelerator_type:A100,1,GPU,8,memory,956315004928,object_store_memory,200000000000 "--python_worker_command=/home/ubuntu/sky_workdir/.venv/bin/python3 /home/ubuntu/sky_workdir/.venv/lib/python3.12/site-packages/ray/_private/workers/setup_worker.py /home/ubuntu/sky_workdir/.venv/lib/python3.12/site-packages/ray/_private/workers/default_worker.py --node-ip-address=172.31.44.209 --node-manager-port=RAY_NODE_MANAGER_PORT_PLACEHOLDER --object-store-name=/tmp/ray/session_2026-03-26_21-00-01_168668_13967/sockets/plasma_store --raylet-name=/tmp/ray/session_2026-03-26_21-00-01_168668_13967/sockets/raylet --redis-address=None --metrics-agent-port=0 --logging-rotate-bytes=536870912 --logging-rotate-backup-count=5 --runtime-env-agent-port=0 --gcs-address=172.31.44.209:6379 --session-name=session_2026-03-26_21-00-01_168668_13967 --temp-dir=/tmp/ray --webui= --cluster-id=7c8d97a7f2973962a9140f1d4d5205ee3a857ef7a4a9e1d50b0d8d0e RAY_WORKER_DYNAMIC_OPTION_PLACEHOLDER" "--java_worker_command=/home/ubuntu/sky_workdir/.venv/bin/python3 /home/ubuntu/sky_workdir/.venv/lib/python3.12/site-packages/ray/_private/workers/setup_worker.py -Dray.address=172.31.44.209:6379 -Dray.raylet.node-manager-port=RAY_NODE_MANAGER_PORT_PLACEHOLDER -Dray.object-store.socket-name=/tmp/ray/session_2026-03-26_21-00-01_168668_13967/sockets/plasma_store -Dray.raylet.socket-name=/tmp/ray/session_2026-03-26_21-00-01_168668_13967/sockets/raylet -Dray.redis.username= -Dray.redis.password= -Dray.node-ip=172.31.44.209 -Dray.home=/home/ubuntu/sky_workdir/.venv/lib/python3.12/site-packages/ray/../.. -Dray.logging.dir=/tmp/ray/session_2026-03-26_21-00-01_168668_13967/logs -Dray.session-dir=/tmp/ray/session_2026-03-26_21-00-01_168668_13967 RAY_WORKER_DYNAMIC_OPTION_PLACEHOLDER io.ray.runtime.runner.worker.DefaultWorker" --cpp_worker_command= --native_library_path=/home/ubuntu/sky_workdir/.venv/lib/python3.12/site-packages/ray/cpp/lib --temp_dir=/tmp/ray --session_dir=/tmp/ray/session_2026-03-26_21-00-01_168668_13967 --log_dir=/tmp/ray/session_2026-03-26_21-00-01_168668_13967/logs --resource_dir=/tmp/ray/session_2026-03-26_21-00-01_168668_13967/runtime_resources --metrics-agent-port=0 --metrics_export_port=0 --runtime_env_agent_port=0 --object_store_memory=200000000000 --plasma_directory=/dev/shm --fallback_directory=/tmp/ray/session_2026-03-26_21-00-01_168668_13967 --ray-debugger-external=0 --gcs-address=172.31.44.209:6379 --session-name=session_2026-03-26_21-00-01_168668_13967 "--labels={\"ray.io/accelerator-type\": \"A100\"}" --cluster-id=7c8d97a7f2973962a9140f1d4d5205ee3a857ef7a4a9e1d50b0d8d0e --stdout_filepath=/tmp/ray/session_2026-03-26_21-00-01_168668_13967/logs/raylet.out --stderr_filepath=/tmp/ray/session_2026-03-26_21-00-01_168668_13967/logs/raylet.err --head --num_prestart_python_workers=0 "--dashboard_agent_command=/home/ubuntu/sky_workdir/.venv/bin/python3 -u /home/ubuntu/sky_workdir/.venv/lib/python3.12/site-packages/ray/dashboard/agent.py --node-id=6920c5895bf06aaa94893710aaa1243834c33e0e5314c81817ef0269 --node-ip-address=172.31.44.209 --metrics-export-port=0 --grpc-port=0 --listen-port=52365 --node-manager-port=RAY_NODE_MANAGER_PORT_PLACEHOLDER --object-store-name=/tmp/ray/session_2026-03-26_21-00-01_168668_13967/sockets/plasma_store --raylet-name=/tmp/ray/session_2026-03-26_21-00-01_168668_13967/sockets/raylet --temp-dir=/tmp/ray --session-dir=/tmp/ray/session_2026-03-26_21-00-01_168668_13967 --log-dir=/tmp/ray/session_2026-03-26_21-00-01_168668_13967/logs --logging-rotate-bytes=536870912 --logging-rotate-backup-count=5 --session-name=session_2026-03-26_21-00-01_168668_13967 --gcs-address=172.31.44.209:6379 --cluster-id-hex=7c8d97a7f2973962a9140f1d4d5205ee3a857ef7a4a9e1d50b0d8d0e --stdout-filepath=/tmp/ray/session_2026-03-26_21-00-01_168668_13967/logs/dashboard_agent.out --stderr-filepath=/tmp/ray/session_2026-03-26_21-00-01_168668_13967/logs/dashboard_agent.err --minimal --head" "--runtime_env_agent_command=/home/ubuntu/sky_workdir/.venv/bin/python3 -u /home/ubuntu/sky_workdir/.venv/lib/python3.12/site-packages/ray/_private/runtime_env/agent/main.py --node-id=6920c5895bf06aaa94893710aaa1243834c33e0e5314c81817ef0269 --node-ip-address=172.31.44.209 --runtime-env-agent-port=0 --session-dir=/tmp/ray/session_2026-03-26_21-00-01_168668_13967 --gcs-address=172.31.44.209:6379 --cluster-id-hex=7c8d97a7f2973962a9140f1d4d5205ee3a857ef7a4a9e1d50b0d8d0e --runtime-env-dir=/tmp/ray/session_2026-03-26_21-00-01_168668_13967/runtime_resources --logging-rotate-bytes=536870912 --logging-rotate-backup-count=5 --log-dir=/tmp/ray/session_2026-03-26_21-00-01_168668_13967/logs --temp-dir=/tmp/ray --stdout-filepath=/tmp/ray/session_2026-03-26_21-00-01_168668_13967/logs/runtime_env_agent.out --stderr-filepath=/tmp/ray/session_2026-03-26_21-00-01_168668_13967/logs/runtime_env_agent.err"` (via SIGTERM)
2026-03-27 04:13:11,705 - INFO - Traceback (most recent call last):
2026-03-27 04:13:11,705 - INFO -   File "/home/ubuntu/.sky/sky_app/sky_job_1", line 621, in <module>
2026-03-27 04:13:11,705 - INFO -     returncodes, _ = get_or_fail(futures, pg)
2026-03-27 04:13:11,705 - INFO -   File "/home/ubuntu/.sky/sky_app/sky_job_1", line 76, in get_or_fail
2026-03-27 04:13:11,705 - INFO -     handle_ready_tasks(ready)
2026-03-27 04:13:11,705 - INFO -   File "/home/ubuntu/.sky/sky_app/sky_job_1", line 68, in handle_ready_tasks
2026-03-27 04:13:11,705 - INFO -     res = ray.get(task)
2026-03-27 04:13:11,705 - INFO -   File "/home/ubuntu/skypilot-runtime/lib/python3.10/site-packages/ray/_private/auto_init_hook.py", line 22, in auto_init_wrapper
2026-03-27 04:13:11,705 - INFO -     return fn(*args, **kwargs)
2026-03-27 04:13:11,705 - INFO -   File "/home/ubuntu/skypilot-runtime/lib/python3.10/site-packages/ray/_private/client_mode_hook.py", line 103, in wrapper
2026-03-27 04:13:11,705 - INFO -     return func(*args, **kwargs)
2026-03-27 04:13:11,705 - INFO -   File "/home/ubuntu/skypilot-runtime/lib/python3.10/site-packages/ray/_private/worker.py", line 2640, in get
2026-03-27 04:13:11,705 - INFO -     raise value
2026-03-27 04:13:11,705 - INFO - ray.exceptions.LocalRayletDiedError: The task's local raylet died. Check raylet.out for more information.
2026-03-27 04:13:11,705 - INFO - [0m[32m✓ Job finished (status: FAILED_DRIVER).[0m[0m
2026-03-27 04:13:12,213 - INFO - 
2026-03-27 04:13:13,423 - INFO - 📋 Useful Commands
2026-03-27 04:13:13,423 - INFO - Job ID: 1
2026-03-27 04:13:13,423 - INFO - ├── To cancel the job:		sky cancel rf-qwen2-5-72b-instruct-tp4pp2-A100-80gb 1
2026-03-27 04:13:13,423 - INFO - ├── To stream job logs:		sky logs rf-qwen2-5-72b-instruct-tp4pp2-A100-80gb 1
2026-03-27 04:13:13,423 - INFO - └── To view job queue:		sky queue rf-qwen2-5-72b-instruct-tp4pp2-A100-80gb
2026-03-27 04:13:13,423 - INFO - Cluster name: rf-qwen2-5-72b-instruct-tp4pp2-A100-80gb
2026-03-27 04:13:13,423 - INFO - ├── To log into the head VM:	ssh rf-qwen2-5-72b-instruct-tp4pp2-A100-80gb
2026-03-27 04:13:13,423 - INFO - ├── To submit a job:		sky exec rf-qwen2-5-72b-instruct-tp4pp2-A100-80gb yaml_file
2026-03-27 04:13:13,423 - INFO - ├── To stop the cluster:	sky stop rf-qwen2-5-72b-instruct-tp4pp2-A100-80gb
2026-03-27 04:13:13,423 - INFO - └── To teardown the cluster:	sky down rf-qwen2-5-72b-instruct-tp4pp2-A100-80gb
2026-03-27 04:13:13,423 - ERROR - ❌ Cluster error: Command 'sky launch' returned non-zero exit status 100.
2026-03-27 04:13:13,423 - INFO - 📥 Attempting to fetch results (benchmark may have completed)...
2026-03-27 04:13:13,423 - INFO - 📥 Fetching results.json from cluster...
2026-03-27 04:13:18,897 - INFO - 📈 Attempting to fetch timeseries data from cluster (best-effort)...
2026-03-27 04:13:37,420 - INFO - ✅ Found successful benchmark results despite cluster error!
2026-03-27 04:13:37,420 - INFO -    This is likely a cleanup error, not a benchmark failure.
2026-03-27 04:13:38,096 - INFO - 📁 Renaming directory: tp4-pp2-p4de_24xlarge-20260327_022403 -> tp4-pp2-p4de_24xlarge-20260327_022403-success
2026-03-27 04:13:38,098 - INFO - 📈 Plotting timeseries for successful experiment(s) after cluster error...
2026-03-27 04:13:38,126 - INFO - 🗑️  Tearing down rf-qwen2-5-72b-instruct-tp4pp2-A100-80gb...
