2026-03-26 13:09:04,128 - INFO - Results will be saved to: results/aws_p4de_A100_80gb/tp8-pp2-2x_p4de_24xlarge-20260326_130904
2026-03-26 13:09:04,129 - INFO - 📋 Copied benchmark_client.py to roofline_benchmarks/
2026-03-26 13:09:04,129 - INFO - 📋 Copied prometheus_parser.py to roofline_benchmarks/
2026-03-26 13:09:04,129 - INFO - 🚀 Launching rf-qwen3-235b-a22b-tp8pp2-A100-80gb...
2026-03-26 13:09:04,129 - INFO - YAML to run: roofline_benchmarks/rf-qwen3-235b-a22b-tp8pp2-A100-80gb.yaml
2026-03-26 13:09:04,129 - INFO - Running on cluster: rf-qwen3-235b-a22b-tp8pp2-A100-80gb
2026-03-26 13:09:04,949 - INFO - YAML to run: roofline_benchmarks/rf-qwen3-235b-a22b-tp8pp2-A100-80gb.yaml
2026-03-26 13:09:05,056 - INFO - Running on cluster: rf-qwen3-235b-a22b-tp8pp2-A100-80gb
2026-03-26 13:09:06,251 - INFO - [33mLaunching a spot job that does not automatically recover from preemptions. To get automatic recovery, use managed job instead: [0m[1msky jobs launch[0m [33mor[0m [1msky.jobs.launch()[0m.
2026-03-26 13:09:06,251 - INFO - Considered resources (2 nodes):
2026-03-26 13:09:06,352 - INFO - ---------------------------------------------------------------------------------------------------
2026-03-26 13:09:06,352 - INFO -  INFRA                   INSTANCE              vCPUs   Mem(GB)   GPUS          COST ($)   CHOSEN
2026-03-26 13:09:06,352 - INFO - ---------------------------------------------------------------------------------------------------
2026-03-26 13:09:06,352 - INFO -  AWS (ap-northeast-1a)   p4de.24xlarge[Spot]   96      1152      A100-80GB:8   24.02      [32m   ✔[0m
2026-03-26 13:09:06,352 - INFO - ---------------------------------------------------------------------------------------------------
2026-03-26 13:09:06,352 - INFO - sky.exceptions.ResourcesUnavailableError: [33mFound no quota for p4de.24xlarge spot instances in region ap-northeast-1 in AWS. [0mTo request quotas, check the instruction: https://docs.skypilot.co/en/latest/cloud-setup/quota.html.
2026-03-26 13:09:06,452 - INFO - 
2026-03-26 13:09:06,453 - INFO - [0m[33m↺[0m Trying other potential resources.
2026-03-26 13:09:06,453 - INFO - Considered resources (2 nodes):
2026-03-26 13:09:06,856 - INFO - ---------------------------------------------------------------------------------------------------
2026-03-26 13:09:06,856 - INFO -  INFRA                   INSTANCE              vCPUs   Mem(GB)   GPUS          COST ($)   CHOSEN
2026-03-26 13:09:06,857 - INFO - ---------------------------------------------------------------------------------------------------
2026-03-26 13:09:06,857 - INFO -  AWS (ap-northeast-1c)   p4de.24xlarge[Spot]   96      1152      A100-80GB:8   28.71      [32m   ✔[0m
2026-03-26 13:09:06,857 - INFO - ---------------------------------------------------------------------------------------------------
2026-03-26 13:09:06,857 - INFO - sky.exceptions.ResourcesUnavailableError: [33mFound no quota for p4de.24xlarge spot instances in region ap-northeast-1 in AWS. [0mTo request quotas, check the instruction: https://docs.skypilot.co/en/latest/cloud-setup/quota.html.
2026-03-26 13:09:06,958 - INFO - 
2026-03-26 13:09:06,958 - INFO - [0m[33m↺[0m Trying other potential resources.
2026-03-26 13:09:06,958 - INFO - Considered resources (2 nodes):
2026-03-26 13:09:07,565 - INFO - -------------------------------------------------------------------------------------------------
2026-03-26 13:09:07,565 - INFO -  INFRA                 INSTANCE              vCPUs   Mem(GB)   GPUS          COST ($)   CHOSEN
2026-03-26 13:09:07,565 - INFO - -------------------------------------------------------------------------------------------------
2026-03-26 13:09:07,565 - INFO -  AWS (eu-central-1c)   p4de.24xlarge[Spot]   96      1152      A100-80GB:8   29.85      [32m   ✔[0m
2026-03-26 13:09:07,565 - INFO - -------------------------------------------------------------------------------------------------
2026-03-26 13:09:07,565 - INFO - sky.exceptions.ResourcesUnavailableError: [33mFound no quota for p4de.24xlarge spot instances in region eu-central-1 in AWS. [0mTo request quotas, check the instruction: https://docs.skypilot.co/en/latest/cloud-setup/quota.html.
2026-03-26 13:09:07,768 - INFO - 
2026-03-26 13:09:07,810 - INFO - [0m[33m↺[0m Trying other potential resources.
2026-03-26 13:09:07,810 - INFO - Considered resources (2 nodes):
2026-03-26 13:09:08,678 - INFO - ----------------------------------------------------------------------------------------------
2026-03-26 13:09:08,678 - INFO -  INFRA              INSTANCE              vCPUs   Mem(GB)   GPUS          COST ($)   CHOSEN
2026-03-26 13:09:08,678 - INFO - ----------------------------------------------------------------------------------------------
2026-03-26 13:09:08,678 - INFO -  AWS (us-west-2c)   p4de.24xlarge[Spot]   96      1152      A100-80GB:8   32.16      [32m   ✔[0m
2026-03-26 13:09:08,678 - INFO - ----------------------------------------------------------------------------------------------
2026-03-26 13:09:08,678 - INFO - [33mInstance type p4de.24xlarge supports up to 4 EFA interfaces, but `use_internal_ips` is not enabled.
2026-03-26 13:09:08,780 - INFO - Launching with the current configuration will use only 1 EFA interface.
2026-03-26 13:09:08,780 - INFO - To use all 4 EFA interfaces, enable internal IPs by adding one of the following configurations to SkyPilot config:
2026-03-26 13:09:08,780 - INFO - Option 1 (with SSM):
2026-03-26 13:09:08,780 - INFO -   aws:
2026-03-26 13:09:08,780 - INFO -     use_internal_ips: true
2026-03-26 13:09:08,780 - INFO -     use_ssm: true
2026-03-26 13:09:08,780 - INFO - Option 2 (with SSH proxy):
2026-03-26 13:09:08,780 - INFO -   aws:
2026-03-26 13:09:08,780 - INFO -     use_internal_ips: true
2026-03-26 13:09:08,780 - INFO -     ssh_proxy_command: ssh -W %h:%p -i <ssh key path> -o StrictHostKeyChecking=no <user>@<jump server public ip>
2026-03-26 13:09:08,780 - INFO - Refer to https://docs.skypilot.co/en/latest/reference/config.html#aws-use-internal-ips for more details.[0m
2026-03-26 13:09:08,780 - INFO - [0m⚙︎ Launching on AWS us-west-2[0m (us-west-2c).
2026-03-26 13:09:29,646 - INFO - [2mW 03-26 13:09:29.571 PID=743527 instance.py:288] create_instances: Attempt failed with An error occurred (InsufficientInstanceCapacity) when calling the RunInstances operation (reached max retries: 0): We currently do not have sufficient p4de.24xlarge capacity in the Availability Zone you requested (us-west-2c). Our system will be working on provisioning additional capacity. You can currently get p4de.24xlarge capacity by not specifying an Availability Zone in your request or choosing us-west-2a, us-west-2b.[0m
2026-03-26 13:09:33,776 - INFO - AWS handler error: Failed to launch instances. Max attempts exceeded.
2026-03-26 13:09:33,980 - INFO - sky.exceptions.ResourcesUnavailableError: Failed to acquire resources in us-west-2c for {AWS(p4de.24xlarge[Spot], mem=64.0+, {'A100-80GB': 8}, network_tier=best, disk_size=1000)}.
2026-03-26 13:09:33,980 - INFO - 
2026-03-26 13:09:33,980 - INFO - [0m[33m↺[0m Trying other potential resources.
2026-03-26 13:09:33,980 - INFO - Considered resources (2 nodes):
2026-03-26 13:09:34,588 - INFO - -------------------------------------------------------------------------------------------------
2026-03-26 13:09:34,591 - INFO -  INFRA                 INSTANCE              vCPUs   Mem(GB)   GPUS          COST ($)   CHOSEN
2026-03-26 13:09:34,591 - INFO - -------------------------------------------------------------------------------------------------
2026-03-26 13:09:34,591 - INFO -  AWS (eu-central-1a)   p4de.24xlarge[Spot]   96      1152      A100-80GB:8   32.33      [32m   ✔[0m
2026-03-26 13:09:34,591 - INFO - -------------------------------------------------------------------------------------------------
2026-03-26 13:09:34,591 - INFO - sky.exceptions.ResourcesUnavailableError: [33mFound no quota for p4de.24xlarge spot instances in region eu-central-1 in AWS. [0mTo request quotas, check the instruction: https://docs.skypilot.co/en/latest/cloud-setup/quota.html.
2026-03-26 13:09:34,690 - INFO - 
2026-03-26 13:09:34,690 - INFO - [0m[33m↺[0m Trying other potential resources.
2026-03-26 13:09:34,690 - INFO - Considered resources (2 nodes):
2026-03-26 13:09:35,597 - INFO - ----------------------------------------------------------------------------------------------
2026-03-26 13:09:35,597 - INFO -  INFRA              INSTANCE              vCPUs   Mem(GB)   GPUS          COST ($)   CHOSEN
2026-03-26 13:09:35,597 - INFO - ----------------------------------------------------------------------------------------------
2026-03-26 13:09:35,597 - INFO -  AWS (us-west-2b)   p4de.24xlarge[Spot]   96      1152      A100-80GB:8   34.35      [32m   ✔[0m
2026-03-26 13:09:35,597 - INFO - ----------------------------------------------------------------------------------------------
2026-03-26 13:09:35,597 - INFO - [33mInstance type p4de.24xlarge supports up to 4 EFA interfaces, but `use_internal_ips` is not enabled.
2026-03-26 13:09:35,698 - INFO - Launching with the current configuration will use only 1 EFA interface.
2026-03-26 13:09:35,698 - INFO - To use all 4 EFA interfaces, enable internal IPs by adding one of the following configurations to SkyPilot config:
2026-03-26 13:09:35,698 - INFO - Option 1 (with SSM):
2026-03-26 13:09:35,698 - INFO -   aws:
2026-03-26 13:09:35,698 - INFO -     use_internal_ips: true
2026-03-26 13:09:35,698 - INFO -     use_ssm: true
2026-03-26 13:09:35,698 - INFO - Option 2 (with SSH proxy):
2026-03-26 13:09:35,698 - INFO -   aws:
2026-03-26 13:09:35,698 - INFO -     use_internal_ips: true
2026-03-26 13:09:35,698 - INFO -     ssh_proxy_command: ssh -W %h:%p -i <ssh key path> -o StrictHostKeyChecking=no <user>@<jump server public ip>
2026-03-26 13:09:35,698 - INFO - Refer to https://docs.skypilot.co/en/latest/reference/config.html#aws-use-internal-ips for more details.[0m
2026-03-26 13:09:35,698 - INFO - [0m⚙︎ Launching on AWS us-west-2[0m (us-west-2b).
2026-03-26 13:09:55,845 - INFO - [2mW 03-26 13:09:55.800 PID=743527 instance.py:288] create_instances: Attempt failed with An error occurred (InsufficientInstanceCapacity) when calling the RunInstances operation (reached max retries: 0): We currently do not have sufficient p4de.24xlarge capacity in the Availability Zone you requested (us-west-2b). Our system will be working on provisioning additional capacity. You can currently get p4de.24xlarge capacity by not specifying an Availability Zone in your request or choosing us-west-2a, us-west-2c.[0m
2026-03-26 13:09:59,976 - INFO - AWS handler error: Failed to launch instances. Max attempts exceeded.
2026-03-26 13:10:00,179 - INFO - sky.exceptions.ResourcesUnavailableError: Failed to acquire resources in us-west-2b for {AWS(p4de.24xlarge[Spot], mem=64.0+, {'A100-80GB': 8}, network_tier=best, disk_size=1000)}.
2026-03-26 13:10:00,180 - INFO - 
2026-03-26 13:10:00,180 - INFO - [0m[33m↺[0m Trying other potential resources.
2026-03-26 13:10:00,180 - INFO - Considered resources (2 nodes):
2026-03-26 13:10:00,885 - INFO - ----------------------------------------------------------------------------------------------
2026-03-26 13:10:00,885 - INFO -  INFRA              INSTANCE              vCPUs   Mem(GB)   GPUS          COST ($)   CHOSEN
2026-03-26 13:10:00,885 - INFO - ----------------------------------------------------------------------------------------------
2026-03-26 13:10:00,885 - INFO -  AWS (us-east-1a)   p4de.24xlarge[Spot]   96      1152      A100-80GB:8   36.92      [32m   ✔[0m
2026-03-26 13:10:00,885 - INFO - ----------------------------------------------------------------------------------------------
2026-03-26 13:10:00,885 - INFO - [33mInstance type p4de.24xlarge supports up to 4 EFA interfaces, but `use_internal_ips` is not enabled.
2026-03-26 13:10:00,986 - INFO - Launching with the current configuration will use only 1 EFA interface.
2026-03-26 13:10:00,987 - INFO - To use all 4 EFA interfaces, enable internal IPs by adding one of the following configurations to SkyPilot config:
2026-03-26 13:10:00,987 - INFO - Option 1 (with SSM):
2026-03-26 13:10:00,987 - INFO -   aws:
2026-03-26 13:10:00,987 - INFO -     use_internal_ips: true
2026-03-26 13:10:00,987 - INFO -     use_ssm: true
2026-03-26 13:10:00,987 - INFO - Option 2 (with SSH proxy):
2026-03-26 13:10:00,987 - INFO -   aws:
2026-03-26 13:10:00,987 - INFO -     use_internal_ips: true
2026-03-26 13:10:00,987 - INFO -     ssh_proxy_command: ssh -W %h:%p -i <ssh key path> -o StrictHostKeyChecking=no <user>@<jump server public ip>
2026-03-26 13:10:00,987 - INFO - Refer to https://docs.skypilot.co/en/latest/reference/config.html#aws-use-internal-ips for more details.[0m
2026-03-26 13:10:00,987 - INFO - [0m⚙︎ Launching on AWS us-east-1[0m (us-east-1a).
2026-03-26 13:10:20,309 - INFO - [2mW 03-26 13:10:20.292 PID=743527 instance.py:288] create_instances: Attempt failed with An error occurred (MaxSpotInstanceCountExceeded) when calling the RunInstances operation: Max spot instance count exceeded[0m
2026-03-26 13:10:23,533 - INFO - AWS handler error: Failed to launch instances. Max attempts exceeded.
2026-03-26 13:10:23,636 - INFO - sky.exceptions.ResourcesUnavailableError: Failed to acquire resources in us-east-1a for {AWS(p4de.24xlarge[Spot], mem=64.0+, {'A100-80GB': 8}, network_tier=best, disk_size=1000)}.
2026-03-26 13:10:23,839 - INFO - 
2026-03-26 13:10:23,839 - INFO - [0m[33m↺[0m Trying other potential resources.
2026-03-26 13:10:23,839 - INFO - Considered resources (2 nodes):
2026-03-26 13:10:24,751 - INFO - ----------------------------------------------------------------------------------------------
2026-03-26 13:10:24,751 - INFO -  INFRA              INSTANCE              vCPUs   Mem(GB)   GPUS          COST ($)   CHOSEN
2026-03-26 13:10:24,751 - INFO - ----------------------------------------------------------------------------------------------
2026-03-26 13:10:24,751 - INFO -  AWS (us-west-2a)   p4de.24xlarge[Spot]   96      1152      A100-80GB:8   39.18      [32m   ✔[0m
2026-03-26 13:10:24,751 - INFO - ----------------------------------------------------------------------------------------------
2026-03-26 13:10:24,751 - INFO - [33mInstance type p4de.24xlarge supports up to 4 EFA interfaces, but `use_internal_ips` is not enabled.
2026-03-26 13:10:44,273 - INFO - Launching with the current configuration will use only 1 EFA interface.
2026-03-26 13:10:44,273 - INFO - To use all 4 EFA interfaces, enable internal IPs by adding one of the following configurations to SkyPilot config:
2026-03-26 13:10:44,273 - INFO - Option 1 (with SSM):
2026-03-26 13:10:44,273 - INFO -   aws:
2026-03-26 13:10:44,273 - INFO -     use_internal_ips: true
2026-03-26 13:10:44,273 - INFO -     use_ssm: true
2026-03-26 13:10:44,273 - INFO - Option 2 (with SSH proxy):
2026-03-26 13:10:44,273 - INFO -   aws:
2026-03-26 13:10:44,273 - INFO -     use_internal_ips: true
2026-03-26 13:10:44,273 - INFO -     ssh_proxy_command: ssh -W %h:%p -i <ssh key path> -o StrictHostKeyChecking=no <user>@<jump server public ip>
2026-03-26 13:10:44,273 - INFO - Refer to https://docs.skypilot.co/en/latest/reference/config.html#aws-use-internal-ips for more details.[0m
2026-03-26 13:10:44,273 - INFO - [0m⚙︎ Launching on AWS us-west-2[0m (us-west-2a).
2026-03-26 13:10:44,273 - INFO - [2mW 03-26 13:10:44.216 PID=743527 instance.py:288] create_instances: Attempt failed with An error occurred (InsufficientInstanceCapacity) when calling the RunInstances operation (reached max retries: 0): We currently do not have sufficient p4de.24xlarge capacity in the Availability Zone you requested (us-west-2a). Our system will be working on provisioning additional capacity. You can currently get p4de.24xlarge capacity by not specifying an Availability Zone in your request or choosing us-west-2b, us-west-2c.[0m
2026-03-26 13:10:48,192 - INFO - AWS handler error: Failed to launch instances. Max attempts exceeded.
2026-03-26 13:10:48,394 - INFO - sky.exceptions.ResourcesUnavailableError: Failed to acquire resources in us-west-2a for {AWS(p4de.24xlarge[Spot], mem=64.0+, {'A100-80GB': 8}, network_tier=best, disk_size=1000)}.
2026-03-26 13:10:48,394 - INFO - 
2026-03-26 13:10:48,394 - INFO - [0m[33m↺[0m Trying other potential resources.
2026-03-26 13:10:48,394 - INFO - Considered resources (2 nodes):
2026-03-26 13:10:49,201 - INFO - ----------------------------------------------------------------------------------------------
2026-03-26 13:10:49,201 - INFO -  INFRA              INSTANCE              vCPUs   Mem(GB)   GPUS          COST ($)   CHOSEN
2026-03-26 13:10:49,201 - INFO - ----------------------------------------------------------------------------------------------
2026-03-26 13:10:49,201 - INFO -  AWS (us-east-1d)   p4de.24xlarge[Spot]   96      1152      A100-80GB:8   49.02      [32m   ✔[0m
2026-03-26 13:10:49,201 - INFO - ----------------------------------------------------------------------------------------------
2026-03-26 13:10:49,201 - INFO - [33mInstance type p4de.24xlarge supports up to 4 EFA interfaces, but `use_internal_ips` is not enabled.
2026-03-26 13:10:49,303 - INFO - Launching with the current configuration will use only 1 EFA interface.
2026-03-26 13:10:49,303 - INFO - To use all 4 EFA interfaces, enable internal IPs by adding one of the following configurations to SkyPilot config:
2026-03-26 13:10:49,303 - INFO - Option 1 (with SSM):
2026-03-26 13:10:49,303 - INFO -   aws:
2026-03-26 13:10:49,303 - INFO -     use_internal_ips: true
2026-03-26 13:10:49,303 - INFO -     use_ssm: true
2026-03-26 13:10:49,303 - INFO - Option 2 (with SSH proxy):
2026-03-26 13:10:49,303 - INFO -   aws:
2026-03-26 13:10:49,303 - INFO -     use_internal_ips: true
2026-03-26 13:10:49,303 - INFO -     ssh_proxy_command: ssh -W %h:%p -i <ssh key path> -o StrictHostKeyChecking=no <user>@<jump server public ip>
2026-03-26 13:10:49,303 - INFO - Refer to https://docs.skypilot.co/en/latest/reference/config.html#aws-use-internal-ips for more details.[0m
2026-03-26 13:10:49,303 - INFO - [0m⚙︎ Launching on AWS us-east-1[0m (us-east-1d).
2026-03-26 13:11:07,436 - INFO - [2mW 03-26 13:11:07.352 PID=743527 instance.py:288] create_instances: Attempt failed with An error occurred (InsufficientInstanceCapacity) when calling the RunInstances operation (reached max retries: 0): We currently do not have sufficient p4de.24xlarge capacity in the Availability Zone you requested (us-east-1d). Our system will be working on provisioning additional capacity. You can currently get p4de.24xlarge capacity by not specifying an Availability Zone in your request or choosing us-east-1a.[0m
2026-03-26 13:11:10,763 - INFO - AWS handler error: Failed to launch instances. Max attempts exceeded.
2026-03-26 13:11:10,965 - INFO - sky.exceptions.ResourcesUnavailableError: Failed to acquire resources in us-east-1d for {AWS(p4de.24xlarge[Spot], mem=64.0+, {'A100-80GB': 8}, network_tier=best, disk_size=1000)}.
2026-03-26 13:11:10,965 - INFO - 
2026-03-26 13:11:10,965 - INFO - [0m[33m↺[0m Trying other potential resources.
2026-03-26 13:11:10,965 - INFO - Considered resources (2 nodes):
2026-03-26 13:11:11,368 - INFO - ---------------------------------------------------------------------------------------------------
2026-03-26 13:11:11,368 - INFO -  INFRA                   INSTANCE              vCPUs   Mem(GB)   GPUS          COST ($)   CHOSEN
2026-03-26 13:11:11,368 - INFO - ---------------------------------------------------------------------------------------------------
2026-03-26 13:11:11,368 - INFO -  AWS (ap-southeast-1a)   p4de.24xlarge[Spot]   96      1152      A100-80GB:8   57.83      [32m   ✔[0m
2026-03-26 13:11:11,368 - INFO - ---------------------------------------------------------------------------------------------------
2026-03-26 13:11:11,368 - INFO - sky.exceptions.ResourcesUnavailableError: [33mFound no quota for p4de.24xlarge spot instances in region ap-southeast-1 in AWS. [0mTo request quotas, check the instruction: https://docs.skypilot.co/en/latest/cloud-setup/quota.html.
2026-03-26 13:11:11,469 - INFO - 
2026-03-26 13:11:11,469 - INFO - [0m[33m↺[0m Trying other potential resources.
2026-03-26 13:11:11,469 - INFO - Considered resources (2 nodes):
2026-03-26 13:11:11,570 - INFO - ---------------------------------------------------------------------------------------------------
2026-03-26 13:11:11,874 - INFO -  INFRA                   INSTANCE              vCPUs   Mem(GB)   GPUS          COST ($)   CHOSEN
2026-03-26 13:11:11,874 - INFO - ---------------------------------------------------------------------------------------------------
2026-03-26 13:11:11,874 - INFO -  AWS (ap-southeast-1c)   p4de.24xlarge[Spot]   96      1152      A100-80GB:8   65.87      [32m   ✔[0m
2026-03-26 13:11:11,874 - INFO - ---------------------------------------------------------------------------------------------------
2026-03-26 13:11:11,874 - INFO - sky.exceptions.ResourcesUnavailableError: [33mFound no quota for p4de.24xlarge spot instances in region ap-southeast-1 in AWS. [0mTo request quotas, check the instruction: https://docs.skypilot.co/en/latest/cloud-setup/quota.html.
2026-03-26 13:11:12,679 - INFO - 
2026-03-26 13:11:12,679 - INFO - [0m[33m↺[0m Trying other potential resources.
2026-03-26 13:11:12,679 - INFO - 
2026-03-26 13:11:43,355 - INFO - [?25h[31mFailed to provision all possible launchable resources.[0m Relax the task's resource requirements: 2x AWS(p4de.24xlarge[Spot], mem=64.0+, {'A100-80GB': 8}, network_tier=best, disk_size=1000)
2026-03-26 13:11:43,356 - INFO - 
2026-03-26 13:11:43,356 - INFO - [0m[33m↺[0m Retry after 30s  [2mView logs: [1msky logs --provision rf-qwen3-235b-a22b-tp8pp2-A100-80gb[0m[0m[0m
2026-03-26 13:11:43,356 - INFO - [33mLaunching a spot job that does not automatically recover from preemptions. To get automatic recovery, use managed job instead: [0m[1msky jobs launch[0m [33mor[0m [1msky.jobs.launch()[0m.
2026-03-26 13:11:43,457 - INFO - Considered resources (2 nodes):
2026-03-26 13:11:44,060 - INFO - ---------------------------------------------------------------------------------------------------
2026-03-26 13:11:44,060 - INFO -  INFRA                   INSTANCE              vCPUs   Mem(GB)   GPUS          COST ($)   CHOSEN
2026-03-26 13:11:44,060 - INFO - ---------------------------------------------------------------------------------------------------
2026-03-26 13:11:44,060 - INFO -  AWS (ap-northeast-1a)   p4de.24xlarge[Spot]   96      1152      A100-80GB:8   19.34      [32m   ✔[0m
2026-03-26 13:11:44,060 - INFO - ---------------------------------------------------------------------------------------------------
2026-03-26 13:11:44,060 - INFO - sky.exceptions.ResourcesUnavailableError: [33mFound no quota for p4de.24xlarge spot instances in region ap-northeast-1 in AWS. [0mTo request quotas, check the instruction: https://docs.skypilot.co/en/latest/cloud-setup/quota.html.
2026-03-26 13:11:44,161 - INFO - 
2026-03-26 13:11:44,162 - INFO - [0m[33m↺[0m Trying other potential resources.
2026-03-26 13:11:44,162 - INFO - Considered resources (2 nodes):
2026-03-26 13:11:44,766 - INFO - -------------------------------------------------------------------------------------------------
2026-03-26 13:11:44,766 - INFO -  INFRA                 INSTANCE              vCPUs   Mem(GB)   GPUS          COST ($)   CHOSEN
2026-03-26 13:11:44,766 - INFO - -------------------------------------------------------------------------------------------------
2026-03-26 13:11:44,766 - INFO -  AWS (eu-central-1a)   p4de.24xlarge[Spot]   96      1152      A100-80GB:8   21.26      [32m   ✔[0m
2026-03-26 13:11:44,766 - INFO - -------------------------------------------------------------------------------------------------
2026-03-26 13:11:44,766 - INFO - sky.exceptions.ResourcesUnavailableError: [33mFound no quota for p4de.24xlarge spot instances in region eu-central-1 in AWS. [0mTo request quotas, check the instruction: https://docs.skypilot.co/en/latest/cloud-setup/quota.html.
2026-03-26 13:11:44,868 - INFO - 
2026-03-26 13:11:44,868 - INFO - [0m[33m↺[0m Trying other potential resources.
2026-03-26 13:11:44,868 - INFO - Considered resources (2 nodes):
2026-03-26 13:11:45,474 - INFO - -------------------------------------------------------------------------------------------------
2026-03-26 13:11:45,474 - INFO -  INFRA                 INSTANCE              vCPUs   Mem(GB)   GPUS          COST ($)   CHOSEN
2026-03-26 13:11:45,474 - INFO - -------------------------------------------------------------------------------------------------
2026-03-26 13:11:45,474 - INFO -  AWS (eu-central-1c)   p4de.24xlarge[Spot]   96      1152      A100-80GB:8   26.21      [32m   ✔[0m
2026-03-26 13:11:45,474 - INFO - -------------------------------------------------------------------------------------------------
2026-03-26 13:11:45,474 - INFO - sky.exceptions.ResourcesUnavailableError: [33mFound no quota for p4de.24xlarge spot instances in region eu-central-1 in AWS. [0mTo request quotas, check the instruction: https://docs.skypilot.co/en/latest/cloud-setup/quota.html.
2026-03-26 13:11:45,575 - INFO - 
2026-03-26 13:11:45,575 - INFO - [0m[33m↺[0m Trying other potential resources.
2026-03-26 13:11:45,575 - INFO - Considered resources (2 nodes):
2026-03-26 13:11:46,481 - INFO - ----------------------------------------------------------------------------------------------
2026-03-26 13:11:46,482 - INFO -  INFRA              INSTANCE              vCPUs   Mem(GB)   GPUS          COST ($)   CHOSEN
2026-03-26 13:11:46,482 - INFO - ----------------------------------------------------------------------------------------------
2026-03-26 13:11:46,482 - INFO -  AWS (us-west-2a)   p4de.24xlarge[Spot]   96      1152      A100-80GB:8   27.07      [32m   ✔[0m
2026-03-26 13:11:46,482 - INFO - ----------------------------------------------------------------------------------------------
2026-03-26 13:11:46,482 - INFO - [33mInstance type p4de.24xlarge supports up to 4 EFA interfaces, but `use_internal_ips` is not enabled.
2026-03-26 13:11:46,683 - INFO - Launching with the current configuration will use only 1 EFA interface.
2026-03-26 13:11:46,683 - INFO - To use all 4 EFA interfaces, enable internal IPs by adding one of the following configurations to SkyPilot config:
2026-03-26 13:11:46,683 - INFO - Option 1 (with SSM):
2026-03-26 13:11:46,683 - INFO -   aws:
2026-03-26 13:11:46,683 - INFO -     use_internal_ips: true
2026-03-26 13:11:46,683 - INFO -     use_ssm: true
2026-03-26 13:11:46,683 - INFO - Option 2 (with SSH proxy):
2026-03-26 13:11:46,683 - INFO -   aws:
2026-03-26 13:11:46,683 - INFO -     use_internal_ips: true
2026-03-26 13:11:46,683 - INFO -     ssh_proxy_command: ssh -W %h:%p -i <ssh key path> -o StrictHostKeyChecking=no <user>@<jump server public ip>
2026-03-26 13:11:46,683 - INFO - Refer to https://docs.skypilot.co/en/latest/reference/config.html#aws-use-internal-ips for more details.[0m
2026-03-26 13:11:46,683 - INFO - [0m⚙︎ Launching on AWS us-west-2[0m (us-west-2a).
2026-03-26 13:12:07,326 - INFO - [2mW 03-26 13:12:07.299 PID=2248878 instance.py:288] create_instances: Attempt failed with An error occurred (InsufficientInstanceCapacity) when calling the RunInstances operation (reached max retries: 0): We currently do not have sufficient p4de.24xlarge capacity in the Availability Zone you requested (us-west-2a). Our system will be working on provisioning additional capacity. You can currently get p4de.24xlarge capacity by not specifying an Availability Zone in your request or choosing us-west-2b, us-west-2c.[0m
2026-03-26 13:12:11,462 - INFO - AWS handler error: Failed to launch instances. Max attempts exceeded.
2026-03-26 13:12:11,564 - INFO - sky.exceptions.ResourcesUnavailableError: Failed to acquire resources in us-west-2a for {AWS(p4de.24xlarge[Spot], mem=64.0+, {'A100-80GB': 8}, network_tier=best, disk_size=1000)}.
2026-03-26 13:12:11,665 - INFO - 
2026-03-26 13:12:11,665 - INFO - [0m[33m↺[0m Trying other potential resources.
2026-03-26 13:12:11,665 - INFO - Considered resources (2 nodes):
2026-03-26 13:12:12,571 - INFO - ----------------------------------------------------------------------------------------------
2026-03-26 13:12:12,571 - INFO -  INFRA              INSTANCE              vCPUs   Mem(GB)   GPUS          COST ($)   CHOSEN
2026-03-26 13:12:12,571 - INFO - ----------------------------------------------------------------------------------------------
2026-03-26 13:12:12,571 - INFO -  AWS (us-west-2c)   p4de.24xlarge[Spot]   96      1152      A100-80GB:8   30.74      [32m   ✔[0m
2026-03-26 13:12:12,571 - INFO - ----------------------------------------------------------------------------------------------
2026-03-26 13:12:12,571 - INFO - [33mInstance type p4de.24xlarge supports up to 4 EFA interfaces, but `use_internal_ips` is not enabled.
2026-03-26 13:12:12,772 - INFO - Launching with the current configuration will use only 1 EFA interface.
2026-03-26 13:12:12,772 - INFO - To use all 4 EFA interfaces, enable internal IPs by adding one of the following configurations to SkyPilot config:
2026-03-26 13:12:12,772 - INFO - Option 1 (with SSM):
2026-03-26 13:12:12,772 - INFO -   aws:
2026-03-26 13:12:12,772 - INFO -     use_internal_ips: true
2026-03-26 13:12:12,772 - INFO -     use_ssm: true
2026-03-26 13:12:12,772 - INFO - Option 2 (with SSH proxy):
2026-03-26 13:12:12,772 - INFO -   aws:
2026-03-26 13:12:12,772 - INFO -     use_internal_ips: true
2026-03-26 13:12:12,772 - INFO -     ssh_proxy_command: ssh -W %h:%p -i <ssh key path> -o StrictHostKeyChecking=no <user>@<jump server public ip>
2026-03-26 13:12:12,772 - INFO - Refer to https://docs.skypilot.co/en/latest/reference/config.html#aws-use-internal-ips for more details.[0m
2026-03-26 13:12:12,772 - INFO - [0m⚙︎ Launching on AWS us-west-2[0m (us-west-2c).
2026-03-26 13:12:32,693 - INFO - [2mW 03-26 13:12:32.609 PID=2248878 instance.py:288] create_instances: Attempt failed with An error occurred (InsufficientInstanceCapacity) when calling the RunInstances operation (reached max retries: 0): We currently do not have sufficient p4de.24xlarge capacity in the Availability Zone you requested (us-west-2c). Our system will be working on provisioning additional capacity. You can currently get p4de.24xlarge capacity by not specifying an Availability Zone in your request or choosing us-west-2a, us-west-2b.[0m
2026-03-26 13:12:36,313 - INFO - AWS handler error: Failed to launch instances. Max attempts exceeded.
2026-03-26 13:12:36,515 - INFO - sky.exceptions.ResourcesUnavailableError: Failed to acquire resources in us-west-2c for {AWS(p4de.24xlarge[Spot], mem=64.0+, {'A100-80GB': 8}, network_tier=best, disk_size=1000)}.
2026-03-26 13:12:36,516 - INFO - 
2026-03-26 13:12:36,516 - INFO - [0m[33m↺[0m Trying other potential resources.
2026-03-26 13:12:36,516 - INFO - Considered resources (2 nodes):
2026-03-26 13:12:37,021 - INFO - ---------------------------------------------------------------------------------------------------
2026-03-26 13:12:37,021 - INFO -  INFRA                   INSTANCE              vCPUs   Mem(GB)   GPUS          COST ($)   CHOSEN
2026-03-26 13:12:37,021 - INFO - ---------------------------------------------------------------------------------------------------
2026-03-26 13:12:37,021 - INFO -  AWS (ap-northeast-1c)   p4de.24xlarge[Spot]   96      1152      A100-80GB:8   32.78      [32m   ✔[0m
2026-03-26 13:12:37,021 - INFO - ---------------------------------------------------------------------------------------------------
2026-03-26 13:12:37,021 - INFO - sky.exceptions.ResourcesUnavailableError: [33mFound no quota for p4de.24xlarge spot instances in region ap-northeast-1 in AWS. [0mTo request quotas, check the instruction: https://docs.skypilot.co/en/latest/cloud-setup/quota.html.
2026-03-26 13:12:37,122 - INFO - 
2026-03-26 13:12:37,223 - INFO - [0m[33m↺[0m Trying other potential resources.
2026-03-26 13:12:37,223 - INFO - Considered resources (2 nodes):
2026-03-26 13:12:38,231 - INFO - ----------------------------------------------------------------------------------------------
2026-03-26 13:12:38,231 - INFO -  INFRA              INSTANCE              vCPUs   Mem(GB)   GPUS          COST ($)   CHOSEN
2026-03-26 13:12:38,231 - INFO - ----------------------------------------------------------------------------------------------
2026-03-26 13:12:38,231 - INFO -  AWS (us-west-2b)   p4de.24xlarge[Spot]   96      1152      A100-80GB:8   34.02      [32m   ✔[0m
2026-03-26 13:12:38,231 - INFO - ----------------------------------------------------------------------------------------------
2026-03-26 13:12:38,231 - INFO - [33mInstance type p4de.24xlarge supports up to 4 EFA interfaces, but `use_internal_ips` is not enabled.
2026-03-26 13:12:38,332 - INFO - Launching with the current configuration will use only 1 EFA interface.
2026-03-26 13:12:38,332 - INFO - To use all 4 EFA interfaces, enable internal IPs by adding one of the following configurations to SkyPilot config:
2026-03-26 13:12:38,332 - INFO - Option 1 (with SSM):
2026-03-26 13:12:38,332 - INFO -   aws:
2026-03-26 13:12:38,332 - INFO -     use_internal_ips: true
2026-03-26 13:12:38,332 - INFO -     use_ssm: true
2026-03-26 13:12:38,332 - INFO - Option 2 (with SSH proxy):
2026-03-26 13:12:38,332 - INFO -   aws:
2026-03-26 13:12:38,332 - INFO -     use_internal_ips: true
2026-03-26 13:12:38,332 - INFO -     ssh_proxy_command: ssh -W %h:%p -i <ssh key path> -o StrictHostKeyChecking=no <user>@<jump server public ip>
2026-03-26 13:12:38,332 - INFO - Refer to https://docs.skypilot.co/en/latest/reference/config.html#aws-use-internal-ips for more details.[0m
2026-03-26 13:12:38,332 - INFO - [0m⚙︎ Launching on AWS us-west-2[0m (us-west-2b).
2026-03-26 13:12:57,750 - INFO - [2mW 03-26 13:12:57.652 PID=2248878 instance.py:288] create_instances: Attempt failed with An error occurred (InsufficientInstanceCapacity) when calling the RunInstances operation (reached max retries: 0): We currently do not have sufficient p4de.24xlarge capacity in the Availability Zone you requested (us-west-2b). Our system will be working on provisioning additional capacity. You can currently get p4de.24xlarge capacity by not specifying an Availability Zone in your request or choosing us-west-2a, us-west-2c.[0m
2026-03-26 13:13:01,675 - INFO - AWS handler error: Failed to launch instances. Max attempts exceeded.
2026-03-26 13:13:01,878 - INFO - sky.exceptions.ResourcesUnavailableError: Failed to acquire resources in us-west-2b for {AWS(p4de.24xlarge[Spot], mem=64.0+, {'A100-80GB': 8}, network_tier=best, disk_size=1000)}.
2026-03-26 13:13:01,879 - INFO - 
2026-03-26 13:13:01,879 - INFO - [0m[33m↺[0m Trying other potential resources.
2026-03-26 13:13:01,879 - INFO - Considered resources (2 nodes):
2026-03-26 13:13:02,683 - INFO - ----------------------------------------------------------------------------------------------
2026-03-26 13:13:02,683 - INFO -  INFRA              INSTANCE              vCPUs   Mem(GB)   GPUS          COST ($)   CHOSEN
2026-03-26 13:13:02,683 - INFO - ----------------------------------------------------------------------------------------------
2026-03-26 13:13:02,683 - INFO -  AWS (us-east-1a)   p4de.24xlarge[Spot]   96      1152      A100-80GB:8   38.20      [32m   ✔[0m
2026-03-26 13:13:02,683 - INFO - ----------------------------------------------------------------------------------------------
2026-03-26 13:13:02,683 - INFO - [33mInstance type p4de.24xlarge supports up to 4 EFA interfaces, but `use_internal_ips` is not enabled.
2026-03-26 13:13:02,786 - INFO - Launching with the current configuration will use only 1 EFA interface.
2026-03-26 13:13:02,786 - INFO - To use all 4 EFA interfaces, enable internal IPs by adding one of the following configurations to SkyPilot config:
2026-03-26 13:13:02,786 - INFO - Option 1 (with SSM):
2026-03-26 13:13:02,786 - INFO -   aws:
2026-03-26 13:13:02,786 - INFO -     use_internal_ips: true
2026-03-26 13:13:02,786 - INFO -     use_ssm: true
2026-03-26 13:13:02,786 - INFO - Option 2 (with SSH proxy):
2026-03-26 13:13:02,786 - INFO -   aws:
2026-03-26 13:13:02,786 - INFO -     use_internal_ips: true
2026-03-26 13:13:02,786 - INFO -     ssh_proxy_command: ssh -W %h:%p -i <ssh key path> -o StrictHostKeyChecking=no <user>@<jump server public ip>
2026-03-26 13:13:02,786 - INFO - Refer to https://docs.skypilot.co/en/latest/reference/config.html#aws-use-internal-ips for more details.[0m
2026-03-26 13:13:02,786 - INFO - [0m⚙︎ Launching on AWS us-east-1[0m (us-east-1a).
2026-03-26 13:13:22,109 - INFO - [2mW 03-26 13:13:22.058 PID=2248878 instance.py:288] create_instances: Attempt failed with An error occurred (MaxSpotInstanceCountExceeded) when calling the RunInstances operation: Max spot instance count exceeded[0m
2026-03-26 13:13:26,142 - INFO - AWS handler error: Failed to launch instances. Max attempts exceeded.
2026-03-26 13:13:26,345 - INFO - sky.exceptions.ResourcesUnavailableError: Failed to acquire resources in us-east-1a for {AWS(p4de.24xlarge[Spot], mem=64.0+, {'A100-80GB': 8}, network_tier=best, disk_size=1000)}.
2026-03-26 13:13:26,345 - INFO - 
2026-03-26 13:13:26,345 - INFO - [0m[33m↺[0m Trying other potential resources.
2026-03-26 13:13:26,345 - INFO - Considered resources (2 nodes):
2026-03-26 13:13:26,647 - INFO - ---------------------------------------------------------------------------------------------------
2026-03-26 13:13:26,648 - INFO -  INFRA                   INSTANCE              vCPUs   Mem(GB)   GPUS          COST ($)   CHOSEN
2026-03-26 13:13:26,648 - INFO - ---------------------------------------------------------------------------------------------------
2026-03-26 13:13:26,648 - INFO -  AWS (ap-southeast-1a)   p4de.24xlarge[Spot]   96      1152      A100-80GB:8   40.14      [32m   ✔[0m
2026-03-26 13:13:26,648 - INFO - ---------------------------------------------------------------------------------------------------
2026-03-26 13:13:26,648 - INFO - sky.exceptions.ResourcesUnavailableError: [33mFound no quota for p4de.24xlarge spot instances in region ap-southeast-1 in AWS. [0mTo request quotas, check the instruction: https://docs.skypilot.co/en/latest/cloud-setup/quota.html.
2026-03-26 13:13:26,849 - INFO - 
2026-03-26 13:13:26,849 - INFO - [0m[33m↺[0m Trying other potential resources.
2026-03-26 13:13:26,849 - INFO - Considered resources (2 nodes):
2026-03-26 13:13:27,657 - INFO - ----------------------------------------------------------------------------------------------
2026-03-26 13:13:27,657 - INFO -  INFRA              INSTANCE              vCPUs   Mem(GB)   GPUS          COST ($)   CHOSEN
2026-03-26 13:13:27,657 - INFO - ----------------------------------------------------------------------------------------------
2026-03-26 13:13:27,657 - INFO -  AWS (us-east-1d)   p4de.24xlarge[Spot]   96      1152      A100-80GB:8   54.89      [32m   ✔[0m
2026-03-26 13:13:27,657 - INFO - ----------------------------------------------------------------------------------------------
2026-03-26 13:13:27,657 - INFO - [33mInstance type p4de.24xlarge supports up to 4 EFA interfaces, but `use_internal_ips` is not enabled.
2026-03-26 13:13:27,759 - INFO - Launching with the current configuration will use only 1 EFA interface.
2026-03-26 13:13:27,759 - INFO - To use all 4 EFA interfaces, enable internal IPs by adding one of the following configurations to SkyPilot config:
2026-03-26 13:13:27,759 - INFO - Option 1 (with SSM):
2026-03-26 13:13:27,759 - INFO -   aws:
2026-03-26 13:13:27,759 - INFO -     use_internal_ips: true
2026-03-26 13:13:27,759 - INFO -     use_ssm: true
2026-03-26 13:13:27,759 - INFO - Option 2 (with SSH proxy):
2026-03-26 13:13:27,759 - INFO -   aws:
2026-03-26 13:13:27,759 - INFO -     use_internal_ips: true
2026-03-26 13:13:27,759 - INFO -     ssh_proxy_command: ssh -W %h:%p -i <ssh key path> -o StrictHostKeyChecking=no <user>@<jump server public ip>
2026-03-26 13:13:27,759 - INFO - Refer to https://docs.skypilot.co/en/latest/reference/config.html#aws-use-internal-ips for more details.[0m
2026-03-26 13:13:27,759 - INFO - [0m⚙︎ Launching on AWS us-east-1[0m (us-east-1d).
2026-03-26 13:13:45,076 - INFO - [2mW 03-26 13:13:45.047 PID=2248878 instance.py:288] create_instances: Attempt failed with An error occurred (InsufficientInstanceCapacity) when calling the RunInstances operation (reached max retries: 0): We currently do not have sufficient p4de.24xlarge capacity in the Availability Zone you requested (us-east-1d). Our system will be working on provisioning additional capacity. You can currently get p4de.24xlarge capacity by not specifying an Availability Zone in your request or choosing us-east-1a.[0m
2026-03-26 13:13:48,804 - INFO - AWS handler error: Failed to launch instances. Max attempts exceeded.
2026-03-26 13:13:48,907 - INFO - sky.exceptions.ResourcesUnavailableError: Failed to acquire resources in us-east-1d for {AWS(p4de.24xlarge[Spot], mem=64.0+, {'A100-80GB': 8}, network_tier=best, disk_size=1000)}.
2026-03-26 13:13:49,110 - INFO - 
2026-03-26 13:13:49,110 - INFO - [0m[33m↺[0m Trying other potential resources.
2026-03-26 13:13:49,111 - INFO - Considered resources (2 nodes):
2026-03-26 13:13:49,414 - INFO - ---------------------------------------------------------------------------------------------------
2026-03-26 13:13:49,414 - INFO -  INFRA                   INSTANCE              vCPUs   Mem(GB)   GPUS          COST ($)   CHOSEN
2026-03-26 13:13:49,414 - INFO - ---------------------------------------------------------------------------------------------------
2026-03-26 13:13:49,414 - INFO -  AWS (ap-southeast-1c)   p4de.24xlarge[Spot]   96      1152      A100-80GB:8   65.87      [32m   ✔[0m
2026-03-26 13:13:49,414 - INFO - ---------------------------------------------------------------------------------------------------
2026-03-26 13:13:49,414 - INFO - sky.exceptions.ResourcesUnavailableError: [33mFound no quota for p4de.24xlarge spot instances in region ap-southeast-1 in AWS. [0mTo request quotas, check the instruction: https://docs.skypilot.co/en/latest/cloud-setup/quota.html.
2026-03-26 13:13:49,515 - INFO - 
2026-03-26 13:13:50,524 - INFO - [0m[33m↺[0m Trying other potential resources.
2026-03-26 13:13:50,524 - INFO - 
2026-03-26 13:14:21,216 - INFO - [?25h[31mFailed to provision all possible launchable resources.[0m Relax the task's resource requirements: 2x AWS(p4de.24xlarge[Spot], mem=64.0+, {'A100-80GB': 8}, network_tier=best, disk_size=1000)
2026-03-26 13:14:21,216 - INFO - 
2026-03-26 13:14:21,216 - INFO - [0m[33m↺[0m Retry after 30s  [2mView logs: [1msky logs --provision rf-qwen3-235b-a22b-tp8pp2-A100-80gb[0m[0m[0m
2026-03-26 13:14:21,216 - INFO - [33mLaunching a spot job that does not automatically recover from preemptions. To get automatic recovery, use managed job instead: [0m[1msky jobs launch[0m [33mor[0m [1msky.jobs.launch()[0m.
2026-03-26 13:14:21,317 - INFO - Considered resources (2 nodes):
2026-03-26 13:14:21,923 - INFO - ---------------------------------------------------------------------------------------------------
2026-03-26 13:14:21,923 - INFO -  INFRA                   INSTANCE              vCPUs   Mem(GB)   GPUS          COST ($)   CHOSEN
2026-03-26 13:14:21,923 - INFO - ---------------------------------------------------------------------------------------------------
2026-03-26 13:14:21,923 - INFO -  AWS (ap-northeast-1a)   p4de.24xlarge[Spot]   96      1152      A100-80GB:8   19.80      [32m   ✔[0m
2026-03-26 13:14:21,923 - INFO - ---------------------------------------------------------------------------------------------------
2026-03-26 13:14:21,923 - INFO - sky.exceptions.ResourcesUnavailableError: [33mFound no quota for p4de.24xlarge spot instances in region ap-northeast-1 in AWS. [0mTo request quotas, check the instruction: https://docs.skypilot.co/en/latest/cloud-setup/quota.html.
2026-03-26 13:14:22,024 - INFO - 
2026-03-26 13:14:22,024 - INFO - [0m[33m↺[0m Trying other potential resources.
2026-03-26 13:14:22,024 - INFO - Considered resources (2 nodes):
2026-03-26 13:14:22,627 - INFO - -------------------------------------------------------------------------------------------------
2026-03-26 13:14:22,628 - INFO -  INFRA                 INSTANCE              vCPUs   Mem(GB)   GPUS          COST ($)   CHOSEN
2026-03-26 13:14:22,628 - INFO - -------------------------------------------------------------------------------------------------
2026-03-26 13:14:22,628 - INFO -  AWS (eu-central-1a)   p4de.24xlarge[Spot]   96      1152      A100-80GB:8   20.30      [32m   ✔[0m
2026-03-26 13:14:22,628 - INFO - -------------------------------------------------------------------------------------------------
2026-03-26 13:14:22,628 - INFO - sky.exceptions.ResourcesUnavailableError: [33mFound no quota for p4de.24xlarge spot instances in region eu-central-1 in AWS. [0mTo request quotas, check the instruction: https://docs.skypilot.co/en/latest/cloud-setup/quota.html.
2026-03-26 13:14:22,728 - INFO - 
2026-03-26 13:14:22,728 - INFO - [0m[33m↺[0m Trying other potential resources.
2026-03-26 13:14:22,728 - INFO - Considered resources (2 nodes):
2026-03-26 13:14:23,635 - INFO - ----------------------------------------------------------------------------------------------
2026-03-26 13:14:23,635 - INFO -  INFRA              INSTANCE              vCPUs   Mem(GB)   GPUS          COST ($)   CHOSEN
2026-03-26 13:14:23,635 - INFO - ----------------------------------------------------------------------------------------------
2026-03-26 13:14:23,635 - INFO -  AWS (us-west-2a)   p4de.24xlarge[Spot]   96      1152      A100-80GB:8   24.57      [32m   ✔[0m
2026-03-26 13:14:23,635 - INFO - ----------------------------------------------------------------------------------------------
2026-03-26 13:14:23,635 - INFO - [33mInstance type p4de.24xlarge supports up to 4 EFA interfaces, but `use_internal_ips` is not enabled.
2026-03-26 13:14:23,736 - INFO - Launching with the current configuration will use only 1 EFA interface.
2026-03-26 13:14:23,736 - INFO - To use all 4 EFA interfaces, enable internal IPs by adding one of the following configurations to SkyPilot config:
2026-03-26 13:14:23,736 - INFO - Option 1 (with SSM):
2026-03-26 13:14:23,736 - INFO -   aws:
2026-03-26 13:14:23,736 - INFO -     use_internal_ips: true
2026-03-26 13:14:23,736 - INFO -     use_ssm: true
2026-03-26 13:14:23,736 - INFO - Option 2 (with SSH proxy):
2026-03-26 13:14:23,736 - INFO -   aws:
2026-03-26 13:14:23,736 - INFO -     use_internal_ips: true
2026-03-26 13:14:23,736 - INFO -     ssh_proxy_command: ssh -W %h:%p -i <ssh key path> -o StrictHostKeyChecking=no <user>@<jump server public ip>
2026-03-26 13:14:23,736 - INFO - Refer to https://docs.skypilot.co/en/latest/reference/config.html#aws-use-internal-ips for more details.[0m
2026-03-26 13:14:23,736 - INFO - [0m⚙︎ Launching on AWS us-west-2[0m (us-west-2a).
2026-03-26 13:14:45,273 - INFO - [2mW 03-26 13:14:45.186 PID=1652500 instance.py:288] create_instances: Attempt failed with An error occurred (InsufficientInstanceCapacity) when calling the RunInstances operation (reached max retries: 0): We currently do not have sufficient p4de.24xlarge capacity in the Availability Zone you requested (us-west-2a). Our system will be working on provisioning additional capacity. You can currently get p4de.24xlarge capacity by not specifying an Availability Zone in your request or choosing us-west-2b, us-west-2c.[0m
2026-03-26 13:14:49,095 - INFO - AWS handler error: Failed to launch instances. Max attempts exceeded.
2026-03-26 13:14:49,196 - INFO - sky.exceptions.ResourcesUnavailableError: Failed to acquire resources in us-west-2a for {AWS(p4de.24xlarge[Spot], mem=64.0+, {'A100-80GB': 8}, network_tier=best, disk_size=1000)}.
2026-03-26 13:14:49,197 - INFO - 
2026-03-26 13:14:49,297 - INFO - [0m[33m↺[0m Trying other potential resources.
2026-03-26 13:14:49,297 - INFO - Considered resources (2 nodes):
2026-03-26 13:14:49,899 - INFO - -------------------------------------------------------------------------------------------------
2026-03-26 13:14:49,899 - INFO -  INFRA                 INSTANCE              vCPUs   Mem(GB)   GPUS          COST ($)   CHOSEN
2026-03-26 13:14:49,899 - INFO - -------------------------------------------------------------------------------------------------
2026-03-26 13:14:49,900 - INFO -  AWS (eu-central-1c)   p4de.24xlarge[Spot]   96      1152      A100-80GB:8   26.88      [32m   ✔[0m
2026-03-26 13:14:49,900 - INFO - -------------------------------------------------------------------------------------------------
2026-03-26 13:14:49,900 - INFO - sky.exceptions.ResourcesUnavailableError: [33mFound no quota for p4de.24xlarge spot instances in region eu-central-1 in AWS. [0mTo request quotas, check the instruction: https://docs.skypilot.co/en/latest/cloud-setup/quota.html.
2026-03-26 13:14:50,101 - INFO - 
2026-03-26 13:14:50,101 - INFO - [0m[33m↺[0m Trying other potential resources.
2026-03-26 13:14:50,101 - INFO - Considered resources (2 nodes):
2026-03-26 13:14:51,010 - INFO - ----------------------------------------------------------------------------------------------
2026-03-26 13:14:51,010 - INFO -  INFRA              INSTANCE              vCPUs   Mem(GB)   GPUS          COST ($)   CHOSEN
2026-03-26 13:14:51,010 - INFO - ----------------------------------------------------------------------------------------------
2026-03-26 13:14:51,010 - INFO -  AWS (us-west-2c)   p4de.24xlarge[Spot]   96      1152      A100-80GB:8   29.77      [32m   ✔[0m
2026-03-26 13:14:51,010 - INFO - ----------------------------------------------------------------------------------------------
2026-03-26 13:14:51,010 - INFO - [33mInstance type p4de.24xlarge supports up to 4 EFA interfaces, but `use_internal_ips` is not enabled.
2026-03-26 13:14:51,112 - INFO - Launching with the current configuration will use only 1 EFA interface.
2026-03-26 13:14:51,112 - INFO - To use all 4 EFA interfaces, enable internal IPs by adding one of the following configurations to SkyPilot config:
2026-03-26 13:14:51,112 - INFO - Option 1 (with SSM):
2026-03-26 13:14:51,112 - INFO -   aws:
2026-03-26 13:14:51,112 - INFO -     use_internal_ips: true
2026-03-26 13:14:51,112 - INFO -     use_ssm: true
2026-03-26 13:14:51,112 - INFO - Option 2 (with SSH proxy):
2026-03-26 13:14:51,112 - INFO -   aws:
2026-03-26 13:14:51,112 - INFO -     use_internal_ips: true
2026-03-26 13:14:51,112 - INFO -     ssh_proxy_command: ssh -W %h:%p -i <ssh key path> -o StrictHostKeyChecking=no <user>@<jump server public ip>
2026-03-26 13:14:51,112 - INFO - Refer to https://docs.skypilot.co/en/latest/reference/config.html#aws-use-internal-ips for more details.[0m
2026-03-26 13:14:51,112 - INFO - [0m⚙︎ Launching on AWS us-west-2[0m (us-west-2c).
2026-03-26 13:15:11,245 - INFO - [2mW 03-26 13:15:11.218 PID=1652500 instance.py:288] create_instances: Attempt failed with An error occurred (InsufficientInstanceCapacity) when calling the RunInstances operation (reached max retries: 0): We currently do not have sufficient p4de.24xlarge capacity in the Availability Zone you requested (us-west-2c). Our system will be working on provisioning additional capacity. You can currently get p4de.24xlarge capacity by not specifying an Availability Zone in your request or choosing us-west-2a, us-west-2b.[0m
2026-03-26 13:15:15,176 - INFO - AWS handler error: Failed to launch instances. Max attempts exceeded.
2026-03-26 13:15:15,277 - INFO - sky.exceptions.ResourcesUnavailableError: Failed to acquire resources in us-west-2c for {AWS(p4de.24xlarge[Spot], mem=64.0+, {'A100-80GB': 8}, network_tier=best, disk_size=1000)}.
2026-03-26 13:15:15,277 - INFO - 
2026-03-26 13:15:15,378 - INFO - [0m[33m↺[0m Trying other potential resources.
2026-03-26 13:15:15,378 - INFO - Considered resources (2 nodes):
2026-03-26 13:15:15,883 - INFO - ---------------------------------------------------------------------------------------------------
2026-03-26 13:15:15,884 - INFO -  INFRA                   INSTANCE              vCPUs   Mem(GB)   GPUS          COST ($)   CHOSEN
2026-03-26 13:15:15,884 - INFO - ---------------------------------------------------------------------------------------------------
2026-03-26 13:15:15,884 - INFO -  AWS (ap-northeast-1c)   p4de.24xlarge[Spot]   96      1152      A100-80GB:8   32.81      [32m   ✔[0m
2026-03-26 13:15:15,884 - INFO - ---------------------------------------------------------------------------------------------------
2026-03-26 13:15:15,884 - INFO - sky.exceptions.ResourcesUnavailableError: [33mFound no quota for p4de.24xlarge spot instances in region ap-northeast-1 in AWS. [0mTo request quotas, check the instruction: https://docs.skypilot.co/en/latest/cloud-setup/quota.html.
2026-03-26 13:15:15,984 - INFO - 
2026-03-26 13:15:16,086 - INFO - [0m[33m↺[0m Trying other potential resources.
2026-03-26 13:15:16,086 - INFO - Considered resources (2 nodes):
2026-03-26 13:15:16,186 - INFO - ----------------------------------------------------------------------------------------------
2026-03-26 13:15:17,098 - INFO -  INFRA              INSTANCE              vCPUs   Mem(GB)   GPUS          COST ($)   CHOSEN
2026-03-26 13:15:17,099 - INFO - ----------------------------------------------------------------------------------------------
2026-03-26 13:15:17,099 - INFO -  AWS (us-west-2b)   p4de.24xlarge[Spot]   96      1152      A100-80GB:8   33.39      [32m   ✔[0m
2026-03-26 13:15:17,099 - INFO - ----------------------------------------------------------------------------------------------
2026-03-26 13:15:17,099 - INFO - [33mInstance type p4de.24xlarge supports up to 4 EFA interfaces, but `use_internal_ips` is not enabled.
2026-03-26 13:15:17,200 - INFO - Launching with the current configuration will use only 1 EFA interface.
2026-03-26 13:15:17,200 - INFO - To use all 4 EFA interfaces, enable internal IPs by adding one of the following configurations to SkyPilot config:
2026-03-26 13:15:17,200 - INFO - Option 1 (with SSM):
2026-03-26 13:15:17,200 - INFO -   aws:
2026-03-26 13:15:17,200 - INFO -     use_internal_ips: true
2026-03-26 13:15:17,200 - INFO -     use_ssm: true
2026-03-26 13:15:17,200 - INFO - Option 2 (with SSH proxy):
2026-03-26 13:15:17,200 - INFO -   aws:
2026-03-26 13:15:17,200 - INFO -     use_internal_ips: true
2026-03-26 13:15:17,200 - INFO -     ssh_proxy_command: ssh -W %h:%p -i <ssh key path> -o StrictHostKeyChecking=no <user>@<jump server public ip>
2026-03-26 13:15:17,200 - INFO - Refer to https://docs.skypilot.co/en/latest/reference/config.html#aws-use-internal-ips for more details.[0m
2026-03-26 13:15:17,200 - INFO - [0m⚙︎ Launching on AWS us-west-2[0m (us-west-2b).
2026-03-26 13:15:36,625 - INFO - [2mW 03-26 13:15:36.592 PID=1652500 instance.py:288] create_instances: Attempt failed with An error occurred (InsufficientInstanceCapacity) when calling the RunInstances operation (reached max retries: 0): We currently do not have sufficient p4de.24xlarge capacity in the Availability Zone you requested (us-west-2b). Our system will be working on provisioning additional capacity. You can currently get p4de.24xlarge capacity by not specifying an Availability Zone in your request or choosing us-west-2a, us-west-2c.[0m
2026-03-26 13:15:40,750 - INFO - AWS handler error: Failed to launch instances. Max attempts exceeded.
2026-03-26 13:15:40,853 - INFO - sky.exceptions.ResourcesUnavailableError: Failed to acquire resources in us-west-2b for {AWS(p4de.24xlarge[Spot], mem=64.0+, {'A100-80GB': 8}, network_tier=best, disk_size=1000)}.
2026-03-26 13:15:41,057 - INFO - 
2026-03-26 13:15:41,057 - INFO - [0m[33m↺[0m Trying other potential resources.
2026-03-26 13:15:41,057 - INFO - Considered resources (2 nodes):
2026-03-26 13:15:41,861 - INFO - ----------------------------------------------------------------------------------------------
2026-03-26 13:15:41,861 - INFO -  INFRA              INSTANCE              vCPUs   Mem(GB)   GPUS          COST ($)   CHOSEN
2026-03-26 13:15:41,861 - INFO - ----------------------------------------------------------------------------------------------
2026-03-26 13:15:41,861 - INFO -  AWS (us-east-1a)   p4de.24xlarge[Spot]   96      1152      A100-80GB:8   34.11      [32m   ✔[0m
2026-03-26 13:15:41,861 - INFO - ----------------------------------------------------------------------------------------------
2026-03-26 13:15:41,861 - INFO - [33mInstance type p4de.24xlarge supports up to 4 EFA interfaces, but `use_internal_ips` is not enabled.
2026-03-26 13:16:00,479 - INFO - Launching with the current configuration will use only 1 EFA interface.
2026-03-26 13:16:00,479 - INFO - To use all 4 EFA interfaces, enable internal IPs by adding one of the following configurations to SkyPilot config:
2026-03-26 13:16:00,479 - INFO - Option 1 (with SSM):
2026-03-26 13:16:00,479 - INFO -   aws:
2026-03-26 13:16:00,479 - INFO -     use_internal_ips: true
2026-03-26 13:16:00,479 - INFO -     use_ssm: true
2026-03-26 13:16:00,479 - INFO - Option 2 (with SSH proxy):
2026-03-26 13:16:00,479 - INFO -   aws:
2026-03-26 13:16:00,479 - INFO -     use_internal_ips: true
2026-03-26 13:16:00,479 - INFO -     ssh_proxy_command: ssh -W %h:%p -i <ssh key path> -o StrictHostKeyChecking=no <user>@<jump server public ip>
2026-03-26 13:16:00,479 - INFO - Refer to https://docs.skypilot.co/en/latest/reference/config.html#aws-use-internal-ips for more details.[0m
2026-03-26 13:16:00,479 - INFO - [0m⚙︎ Launching on AWS us-east-1[0m (us-east-1a).
2026-03-26 13:16:00,479 - INFO - [2mW 03-26 13:16:00.429 PID=1652500 instance.py:288] create_instances: Attempt failed with An error occurred (MaxSpotInstanceCountExceeded) when calling the RunInstances operation: Max spot instance count exceeded[0m
2026-03-26 13:16:03,907 - INFO - AWS handler error: Failed to launch instances. Max attempts exceeded.
2026-03-26 13:16:04,109 - INFO - sky.exceptions.ResourcesUnavailableError: Failed to acquire resources in us-east-1a for {AWS(p4de.24xlarge[Spot], mem=64.0+, {'A100-80GB': 8}, network_tier=best, disk_size=1000)}.
2026-03-26 13:16:04,109 - INFO - 
2026-03-26 13:16:04,109 - INFO - [0m[33m↺[0m Trying other potential resources.
2026-03-26 13:16:04,109 - INFO - Considered resources (2 nodes):
2026-03-26 13:16:04,413 - INFO - ---------------------------------------------------------------------------------------------------
2026-03-26 13:16:04,414 - INFO -  INFRA                   INSTANCE              vCPUs   Mem(GB)   GPUS          COST ($)   CHOSEN
2026-03-26 13:16:04,414 - INFO - ---------------------------------------------------------------------------------------------------
2026-03-26 13:16:04,414 - INFO -  AWS (ap-southeast-1a)   p4de.24xlarge[Spot]   96      1152      A100-80GB:8   36.36      [32m   ✔[0m
2026-03-26 13:16:04,414 - INFO - ---------------------------------------------------------------------------------------------------
2026-03-26 13:16:04,414 - INFO - sky.exceptions.ResourcesUnavailableError: [33mFound no quota for p4de.24xlarge spot instances in region ap-southeast-1 in AWS. [0mTo request quotas, check the instruction: https://docs.skypilot.co/en/latest/cloud-setup/quota.html.
2026-03-26 13:16:04,615 - INFO - 
2026-03-26 13:16:04,615 - INFO - [0m[33m↺[0m Trying other potential resources.
2026-03-26 13:16:04,615 - INFO - Considered resources (2 nodes):
2026-03-26 13:16:05,419 - INFO - ----------------------------------------------------------------------------------------------
2026-03-26 13:16:05,419 - INFO -  INFRA              INSTANCE              vCPUs   Mem(GB)   GPUS          COST ($)   CHOSEN
2026-03-26 13:16:05,419 - INFO - ----------------------------------------------------------------------------------------------
2026-03-26 13:16:05,419 - INFO -  AWS (us-east-1d)   p4de.24xlarge[Spot]   96      1152      A100-80GB:8   54.89      [32m   ✔[0m
2026-03-26 13:16:05,419 - INFO - ----------------------------------------------------------------------------------------------
2026-03-26 13:16:05,419 - INFO - [33mInstance type p4de.24xlarge supports up to 4 EFA interfaces, but `use_internal_ips` is not enabled.
2026-03-26 13:16:05,520 - INFO - Launching with the current configuration will use only 1 EFA interface.
2026-03-26 13:16:05,520 - INFO - To use all 4 EFA interfaces, enable internal IPs by adding one of the following configurations to SkyPilot config:
2026-03-26 13:16:05,520 - INFO - Option 1 (with SSM):
2026-03-26 13:16:05,520 - INFO -   aws:
2026-03-26 13:16:05,520 - INFO -     use_internal_ips: true
2026-03-26 13:16:05,520 - INFO -     use_ssm: true
2026-03-26 13:16:05,520 - INFO - Option 2 (with SSH proxy):
2026-03-26 13:16:05,520 - INFO -   aws:
2026-03-26 13:16:05,520 - INFO -     use_internal_ips: true
2026-03-26 13:16:05,520 - INFO -     ssh_proxy_command: ssh -W %h:%p -i <ssh key path> -o StrictHostKeyChecking=no <user>@<jump server public ip>
2026-03-26 13:16:05,520 - INFO - Refer to https://docs.skypilot.co/en/latest/reference/config.html#aws-use-internal-ips for more details.[0m
2026-03-26 13:16:05,520 - INFO - [0m⚙︎ Launching on AWS us-east-1[0m (us-east-1d).
2026-03-26 13:16:22,535 - INFO - [2mW 03-26 13:16:22.485 PID=1652500 instance.py:288] create_instances: Attempt failed with An error occurred (InsufficientInstanceCapacity) when calling the RunInstances operation (reached max retries: 0): We currently do not have sufficient p4de.24xlarge capacity in the Availability Zone you requested (us-east-1d). Our system will be working on provisioning additional capacity. You can currently get p4de.24xlarge capacity by not specifying an Availability Zone in your request or choosing us-east-1a.[0m
2026-03-26 13:16:25,662 - INFO - AWS handler error: Failed to launch instances. Max attempts exceeded.
2026-03-26 13:16:25,864 - INFO - sky.exceptions.ResourcesUnavailableError: Failed to acquire resources in us-east-1d for {AWS(p4de.24xlarge[Spot], mem=64.0+, {'A100-80GB': 8}, network_tier=best, disk_size=1000)}.
2026-03-26 13:16:25,864 - INFO - 
2026-03-26 13:16:25,864 - INFO - [0m[33m↺[0m Trying other potential resources.
2026-03-26 13:16:25,864 - INFO - Considered resources (2 nodes):
2026-03-26 13:16:26,168 - INFO - ---------------------------------------------------------------------------------------------------
2026-03-26 13:16:26,168 - INFO -  INFRA                   INSTANCE              vCPUs   Mem(GB)   GPUS          COST ($)   CHOSEN
2026-03-26 13:16:26,168 - INFO - ---------------------------------------------------------------------------------------------------
2026-03-26 13:16:26,168 - INFO -  AWS (ap-southeast-1c)   p4de.24xlarge[Spot]   96      1152      A100-80GB:8   65.87      [32m   ✔[0m
2026-03-26 13:16:26,168 - INFO - ---------------------------------------------------------------------------------------------------
2026-03-26 13:16:26,168 - INFO - sky.exceptions.ResourcesUnavailableError: [33mFound no quota for p4de.24xlarge spot instances in region ap-southeast-1 in AWS. [0mTo request quotas, check the instruction: https://docs.skypilot.co/en/latest/cloud-setup/quota.html.
2026-03-26 13:16:27,374 - INFO - 
2026-03-26 13:16:27,374 - INFO - [0m[33m↺[0m Trying other potential resources.
2026-03-26 13:16:27,374 - INFO - 
2026-03-26 13:16:58,085 - INFO - [?25h[31mFailed to provision all possible launchable resources.[0m Relax the task's resource requirements: 2x AWS(p4de.24xlarge[Spot], mem=64.0+, {'A100-80GB': 8}, network_tier=best, disk_size=1000)
2026-03-26 13:16:58,085 - INFO - 
2026-03-26 13:16:58,085 - INFO - [0m[33m↺[0m Retry after 30s  [2mView logs: [1msky logs --provision rf-qwen3-235b-a22b-tp8pp2-A100-80gb[0m[0m[0m
2026-03-26 13:16:58,085 - INFO - [33mLaunching a spot job that does not automatically recover from preemptions. To get automatic recovery, use managed job instead: [0m[1msky jobs launch[0m [33mor[0m [1msky.jobs.launch()[0m.
2026-03-26 13:16:58,085 - INFO - Considered resources (2 nodes):
2026-03-26 13:16:58,186 - INFO - ---------------------------------------------------------------------------------------------------
2026-03-26 13:16:58,692 - INFO -  INFRA                   INSTANCE              vCPUs   Mem(GB)   GPUS          COST ($)   CHOSEN
2026-03-26 13:16:58,692 - INFO - ---------------------------------------------------------------------------------------------------
2026-03-26 13:16:58,692 - INFO -  AWS (ap-northeast-1a)   p4de.24xlarge[Spot]   96      1152      A100-80GB:8   24.02      [32m   ✔[0m
2026-03-26 13:16:58,692 - INFO - ---------------------------------------------------------------------------------------------------
2026-03-26 13:16:58,692 - INFO - sky.exceptions.ResourcesUnavailableError: [33mFound no quota for p4de.24xlarge spot instances in region ap-northeast-1 in AWS. [0mTo request quotas, check the instruction: https://docs.skypilot.co/en/latest/cloud-setup/quota.html.
2026-03-26 13:16:58,793 - INFO - 
2026-03-26 13:16:58,793 - INFO - [0m[33m↺[0m Trying other potential resources.
2026-03-26 13:16:58,793 - INFO - Considered resources (2 nodes):
2026-03-26 13:16:59,297 - INFO - ---------------------------------------------------------------------------------------------------
2026-03-26 13:16:59,298 - INFO -  INFRA                   INSTANCE              vCPUs   Mem(GB)   GPUS          COST ($)   CHOSEN
2026-03-26 13:16:59,298 - INFO - ---------------------------------------------------------------------------------------------------
2026-03-26 13:16:59,298 - INFO -  AWS (ap-northeast-1c)   p4de.24xlarge[Spot]   96      1152      A100-80GB:8   28.71      [32m   ✔[0m
2026-03-26 13:16:59,298 - INFO - ---------------------------------------------------------------------------------------------------
2026-03-26 13:16:59,298 - INFO - sky.exceptions.ResourcesUnavailableError: [33mFound no quota for p4de.24xlarge spot instances in region ap-northeast-1 in AWS. [0mTo request quotas, check the instruction: https://docs.skypilot.co/en/latest/cloud-setup/quota.html.
2026-03-26 13:16:59,399 - INFO - 
2026-03-26 13:16:59,399 - INFO - [0m[33m↺[0m Trying other potential resources.
2026-03-26 13:16:59,399 - INFO - Considered resources (2 nodes):
2026-03-26 13:16:59,502 - INFO - -------------------------------------------------------------------------------------------------
2026-03-26 13:17:00,106 - INFO -  INFRA                 INSTANCE              vCPUs   Mem(GB)   GPUS          COST ($)   CHOSEN
2026-03-26 13:17:00,106 - INFO - -------------------------------------------------------------------------------------------------
2026-03-26 13:17:00,106 - INFO -  AWS (eu-central-1c)   p4de.24xlarge[Spot]   96      1152      A100-80GB:8   29.85      [32m   ✔[0m
2026-03-26 13:17:00,106 - INFO - -------------------------------------------------------------------------------------------------
2026-03-26 13:17:00,106 - INFO - sky.exceptions.ResourcesUnavailableError: [33mFound no quota for p4de.24xlarge spot instances in region eu-central-1 in AWS. [0mTo request quotas, check the instruction: https://docs.skypilot.co/en/latest/cloud-setup/quota.html.
2026-03-26 13:17:00,208 - INFO - 
2026-03-26 13:17:00,208 - INFO - [0m[33m↺[0m Trying other potential resources.
2026-03-26 13:17:00,208 - INFO - Considered resources (2 nodes):
2026-03-26 13:17:01,113 - INFO - ----------------------------------------------------------------------------------------------
2026-03-26 13:17:01,113 - INFO -  INFRA              INSTANCE              vCPUs   Mem(GB)   GPUS          COST ($)   CHOSEN
2026-03-26 13:17:01,114 - INFO - ----------------------------------------------------------------------------------------------
2026-03-26 13:17:01,114 - INFO -  AWS (us-west-2c)   p4de.24xlarge[Spot]   96      1152      A100-80GB:8   32.16      [32m   ✔[0m
2026-03-26 13:17:01,114 - INFO - ----------------------------------------------------------------------------------------------
2026-03-26 13:17:01,114 - INFO - [33mInstance type p4de.24xlarge supports up to 4 EFA interfaces, but `use_internal_ips` is not enabled.
2026-03-26 13:17:01,215 - INFO - Launching with the current configuration will use only 1 EFA interface.
2026-03-26 13:17:01,216 - INFO - To use all 4 EFA interfaces, enable internal IPs by adding one of the following configurations to SkyPilot config:
2026-03-26 13:17:01,216 - INFO - Option 1 (with SSM):
2026-03-26 13:17:01,216 - INFO -   aws:
2026-03-26 13:17:01,216 - INFO -     use_internal_ips: true
2026-03-26 13:17:01,216 - INFO -     use_ssm: true
2026-03-26 13:17:01,216 - INFO - Option 2 (with SSH proxy):
2026-03-26 13:17:01,216 - INFO -   aws:
2026-03-26 13:17:01,216 - INFO -     use_internal_ips: true
2026-03-26 13:17:01,216 - INFO -     ssh_proxy_command: ssh -W %h:%p -i <ssh key path> -o StrictHostKeyChecking=no <user>@<jump server public ip>
2026-03-26 13:17:01,216 - INFO - Refer to https://docs.skypilot.co/en/latest/reference/config.html#aws-use-internal-ips for more details.[0m
2026-03-26 13:17:01,216 - INFO - [0m⚙︎ Launching on AWS us-west-2[0m (us-west-2c).
2026-03-26 13:17:22,353 - INFO - [2mW 03-26 13:17:22.262 PID=743527 instance.py:288] create_instances: Attempt failed with An error occurred (InsufficientInstanceCapacity) when calling the RunInstances operation (reached max retries: 0): We currently do not have sufficient p4de.24xlarge capacity in the Availability Zone you requested (us-west-2c). Our system will be working on provisioning additional capacity. You can currently get p4de.24xlarge capacity by not specifying an Availability Zone in your request or choosing us-west-2a, us-west-2b.[0m
2026-03-26 13:17:26,278 - INFO - AWS handler error: Failed to launch instances. Max attempts exceeded.
2026-03-26 13:17:26,380 - INFO - sky.exceptions.ResourcesUnavailableError: Failed to acquire resources in us-west-2c for {AWS(p4de.24xlarge[Spot], mem=64.0+, {'A100-80GB': 8}, network_tier=best, disk_size=1000)}.
2026-03-26 13:17:26,480 - INFO - 
2026-03-26 13:17:26,480 - INFO - [0m[33m↺[0m Trying other potential resources.
2026-03-26 13:17:26,480 - INFO - Considered resources (2 nodes):
2026-03-26 13:17:27,085 - INFO - -------------------------------------------------------------------------------------------------
2026-03-26 13:17:27,085 - INFO -  INFRA                 INSTANCE              vCPUs   Mem(GB)   GPUS          COST ($)   CHOSEN
2026-03-26 13:17:27,085 - INFO - -------------------------------------------------------------------------------------------------
2026-03-26 13:17:27,085 - INFO -  AWS (eu-central-1a)   p4de.24xlarge[Spot]   96      1152      A100-80GB:8   32.33      [32m   ✔[0m
2026-03-26 13:17:27,085 - INFO - -------------------------------------------------------------------------------------------------
2026-03-26 13:17:27,085 - INFO - sky.exceptions.ResourcesUnavailableError: [33mFound no quota for p4de.24xlarge spot instances in region eu-central-1 in AWS. [0mTo request quotas, check the instruction: https://docs.skypilot.co/en/latest/cloud-setup/quota.html.
2026-03-26 13:17:27,287 - INFO - 
2026-03-26 13:17:27,287 - INFO - [0m[33m↺[0m Trying other potential resources.
2026-03-26 13:17:27,287 - INFO - Considered resources (2 nodes):
2026-03-26 13:17:28,193 - INFO - ----------------------------------------------------------------------------------------------
2026-03-26 13:17:28,193 - INFO -  INFRA              INSTANCE              vCPUs   Mem(GB)   GPUS          COST ($)   CHOSEN
2026-03-26 13:17:28,193 - INFO - ----------------------------------------------------------------------------------------------
2026-03-26 13:17:28,193 - INFO -  AWS (us-west-2b)   p4de.24xlarge[Spot]   96      1152      A100-80GB:8   34.35      [32m   ✔[0m
2026-03-26 13:17:28,193 - INFO - ----------------------------------------------------------------------------------------------
2026-03-26 13:17:28,193 - INFO - [33mInstance type p4de.24xlarge supports up to 4 EFA interfaces, but `use_internal_ips` is not enabled.
2026-03-26 13:17:28,293 - INFO - Launching with the current configuration will use only 1 EFA interface.
2026-03-26 13:17:28,293 - INFO - To use all 4 EFA interfaces, enable internal IPs by adding one of the following configurations to SkyPilot config:
2026-03-26 13:17:28,293 - INFO - Option 1 (with SSM):
2026-03-26 13:17:28,293 - INFO -   aws:
2026-03-26 13:17:28,293 - INFO -     use_internal_ips: true
2026-03-26 13:17:28,293 - INFO -     use_ssm: true
2026-03-26 13:17:28,293 - INFO - Option 2 (with SSH proxy):
2026-03-26 13:17:28,293 - INFO -   aws:
2026-03-26 13:17:28,293 - INFO -     use_internal_ips: true
2026-03-26 13:17:28,293 - INFO -     ssh_proxy_command: ssh -W %h:%p -i <ssh key path> -o StrictHostKeyChecking=no <user>@<jump server public ip>
2026-03-26 13:17:28,293 - INFO - Refer to https://docs.skypilot.co/en/latest/reference/config.html#aws-use-internal-ips for more details.[0m
2026-03-26 13:17:28,293 - INFO - [0m⚙︎ Launching on AWS us-west-2[0m (us-west-2b).
2026-03-26 13:17:47,716 - INFO - [2mW 03-26 13:17:47.644 PID=743527 instance.py:288] create_instances: Attempt failed with An error occurred (InsufficientInstanceCapacity) when calling the RunInstances operation (reached max retries: 0): We currently do not have sufficient p4de.24xlarge capacity in the Availability Zone you requested (us-west-2b). Our system will be working on provisioning additional capacity. You can currently get p4de.24xlarge capacity by not specifying an Availability Zone in your request or choosing us-west-2a, us-west-2c.[0m
2026-03-26 13:17:51,641 - INFO - AWS handler error: Failed to launch instances. Max attempts exceeded.
2026-03-26 13:17:51,843 - INFO - sky.exceptions.ResourcesUnavailableError: Failed to acquire resources in us-west-2b for {AWS(p4de.24xlarge[Spot], mem=64.0+, {'A100-80GB': 8}, network_tier=best, disk_size=1000)}.
2026-03-26 13:17:51,846 - INFO - 
2026-03-26 13:17:51,846 - INFO - [0m[33m↺[0m Trying other potential resources.
2026-03-26 13:17:51,846 - INFO - Considered resources (2 nodes):
2026-03-26 13:17:52,550 - INFO - ----------------------------------------------------------------------------------------------
2026-03-26 13:17:52,550 - INFO -  INFRA              INSTANCE              vCPUs   Mem(GB)   GPUS          COST ($)   CHOSEN
2026-03-26 13:17:52,550 - INFO - ----------------------------------------------------------------------------------------------
2026-03-26 13:17:52,550 - INFO -  AWS (us-east-1a)   p4de.24xlarge[Spot]   96      1152      A100-80GB:8   36.92      [32m   ✔[0m
2026-03-26 13:17:52,550 - INFO - ----------------------------------------------------------------------------------------------
2026-03-26 13:17:52,550 - INFO - [33mInstance type p4de.24xlarge supports up to 4 EFA interfaces, but `use_internal_ips` is not enabled.
2026-03-26 13:17:52,751 - INFO - Launching with the current configuration will use only 1 EFA interface.
2026-03-26 13:17:52,751 - INFO - To use all 4 EFA interfaces, enable internal IPs by adding one of the following configurations to SkyPilot config:
2026-03-26 13:17:52,751 - INFO - Option 1 (with SSM):
2026-03-26 13:17:52,751 - INFO -   aws:
2026-03-26 13:17:52,751 - INFO -     use_internal_ips: true
2026-03-26 13:17:52,751 - INFO -     use_ssm: true
2026-03-26 13:17:52,751 - INFO - Option 2 (with SSH proxy):
2026-03-26 13:17:52,751 - INFO -   aws:
2026-03-26 13:17:52,751 - INFO -     use_internal_ips: true
2026-03-26 13:17:52,751 - INFO -     ssh_proxy_command: ssh -W %h:%p -i <ssh key path> -o StrictHostKeyChecking=no <user>@<jump server public ip>
2026-03-26 13:17:52,751 - INFO - Refer to https://docs.skypilot.co/en/latest/reference/config.html#aws-use-internal-ips for more details.[0m
2026-03-26 13:17:52,751 - INFO - [0m⚙︎ Launching on AWS us-east-1[0m (us-east-1a).
2026-03-26 13:18:11,779 - INFO - [2mW 03-26 13:18:11.702 PID=743527 instance.py:288] create_instances: Attempt failed with An error occurred (MaxSpotInstanceCountExceeded) when calling the RunInstances operation: Max spot instance count exceeded[0m
2026-03-26 13:18:15,204 - INFO - AWS handler error: Failed to launch instances. Max attempts exceeded.
2026-03-26 13:18:15,306 - INFO - sky.exceptions.ResourcesUnavailableError: Failed to acquire resources in us-east-1a for {AWS(p4de.24xlarge[Spot], mem=64.0+, {'A100-80GB': 8}, network_tier=best, disk_size=1000)}.
2026-03-26 13:18:15,306 - INFO - 
2026-03-26 13:18:15,407 - INFO - [0m[33m↺[0m Trying other potential resources.
2026-03-26 13:18:15,407 - INFO - Considered resources (2 nodes):
2026-03-26 13:18:16,312 - INFO - ----------------------------------------------------------------------------------------------
2026-03-26 13:18:16,312 - INFO -  INFRA              INSTANCE              vCPUs   Mem(GB)   GPUS          COST ($)   CHOSEN
2026-03-26 13:18:16,312 - INFO - ----------------------------------------------------------------------------------------------
2026-03-26 13:18:16,312 - INFO -  AWS (us-west-2a)   p4de.24xlarge[Spot]   96      1152      A100-80GB:8   39.18      [32m   ✔[0m
2026-03-26 13:18:16,312 - INFO - ----------------------------------------------------------------------------------------------
2026-03-26 13:18:16,312 - INFO - [33mInstance type p4de.24xlarge supports up to 4 EFA interfaces, but `use_internal_ips` is not enabled.
2026-03-26 13:18:16,413 - INFO - Launching with the current configuration will use only 1 EFA interface.
2026-03-26 13:18:16,413 - INFO - To use all 4 EFA interfaces, enable internal IPs by adding one of the following configurations to SkyPilot config:
2026-03-26 13:18:16,413 - INFO - Option 1 (with SSM):
2026-03-26 13:18:16,413 - INFO -   aws:
2026-03-26 13:18:16,413 - INFO -     use_internal_ips: true
2026-03-26 13:18:16,413 - INFO -     use_ssm: true
2026-03-26 13:18:16,413 - INFO - Option 2 (with SSH proxy):
2026-03-26 13:18:16,413 - INFO -   aws:
2026-03-26 13:18:16,413 - INFO -     use_internal_ips: true
2026-03-26 13:18:16,413 - INFO -     ssh_proxy_command: ssh -W %h:%p -i <ssh key path> -o StrictHostKeyChecking=no <user>@<jump server public ip>
2026-03-26 13:18:16,413 - INFO - Refer to https://docs.skypilot.co/en/latest/reference/config.html#aws-use-internal-ips for more details.[0m
2026-03-26 13:18:16,413 - INFO - [0m⚙︎ Launching on AWS us-west-2[0m (us-west-2a).
2026-03-26 13:18:36,749 - INFO - [2mW 03-26 13:18:36.648 PID=743527 instance.py:288] create_instances: Attempt failed with An error occurred (InsufficientInstanceCapacity) when calling the RunInstances operation (reached max retries: 0): We currently do not have sufficient p4de.24xlarge capacity in the Availability Zone you requested (us-west-2a). Our system will be working on provisioning additional capacity. You can currently get p4de.24xlarge capacity by not specifying an Availability Zone in your request or choosing us-west-2b, us-west-2c.[0m
2026-03-26 13:18:40,873 - INFO - AWS handler error: Failed to launch instances. Max attempts exceeded.
2026-03-26 13:18:41,075 - INFO - sky.exceptions.ResourcesUnavailableError: Failed to acquire resources in us-west-2a for {AWS(p4de.24xlarge[Spot], mem=64.0+, {'A100-80GB': 8}, network_tier=best, disk_size=1000)}.
2026-03-26 13:18:41,075 - INFO - 
2026-03-26 13:18:41,075 - INFO - [0m[33m↺[0m Trying other potential resources.
2026-03-26 13:18:41,076 - INFO - Considered resources (2 nodes):
2026-03-26 13:18:41,178 - INFO - ----------------------------------------------------------------------------------------------
2026-03-26 13:18:41,883 - INFO -  INFRA              INSTANCE              vCPUs   Mem(GB)   GPUS          COST ($)   CHOSEN
2026-03-26 13:18:41,883 - INFO - ----------------------------------------------------------------------------------------------
2026-03-26 13:18:41,883 - INFO -  AWS (us-east-1d)   p4de.24xlarge[Spot]   96      1152      A100-80GB:8   49.02      [32m   ✔[0m
2026-03-26 13:18:41,883 - INFO - ----------------------------------------------------------------------------------------------
2026-03-26 13:18:41,883 - INFO - [33mInstance type p4de.24xlarge supports up to 4 EFA interfaces, but `use_internal_ips` is not enabled.
2026-03-26 13:18:41,984 - INFO - Launching with the current configuration will use only 1 EFA interface.
2026-03-26 13:18:41,985 - INFO - To use all 4 EFA interfaces, enable internal IPs by adding one of the following configurations to SkyPilot config:
2026-03-26 13:18:41,985 - INFO - Option 1 (with SSM):
2026-03-26 13:18:41,985 - INFO -   aws:
2026-03-26 13:18:41,985 - INFO -     use_internal_ips: true
2026-03-26 13:18:41,985 - INFO -     use_ssm: true
2026-03-26 13:18:41,985 - INFO - Option 2 (with SSH proxy):
2026-03-26 13:18:41,985 - INFO -   aws:
2026-03-26 13:18:41,985 - INFO -     use_internal_ips: true
2026-03-26 13:18:41,985 - INFO -     ssh_proxy_command: ssh -W %h:%p -i <ssh key path> -o StrictHostKeyChecking=no <user>@<jump server public ip>
2026-03-26 13:18:41,985 - INFO - Refer to https://docs.skypilot.co/en/latest/reference/config.html#aws-use-internal-ips for more details.[0m
2026-03-26 13:18:41,985 - INFO - [0m⚙︎ Launching on AWS us-east-1[0m (us-east-1d).
2026-03-26 13:18:59,606 - INFO - [2mW 03-26 13:18:59.510 PID=743527 instance.py:288] create_instances: Attempt failed with An error occurred (InsufficientInstanceCapacity) when calling the RunInstances operation (reached max retries: 0): We currently do not have sufficient p4de.24xlarge capacity in the Availability Zone you requested (us-east-1d). Our system will be working on provisioning additional capacity. You can currently get p4de.24xlarge capacity by not specifying an Availability Zone in your request or choosing us-east-1a.[0m
2026-03-26 13:19:03,033 - INFO - AWS handler error: Failed to launch instances. Max attempts exceeded.
2026-03-26 13:19:03,134 - INFO - sky.exceptions.ResourcesUnavailableError: Failed to acquire resources in us-east-1d for {AWS(p4de.24xlarge[Spot], mem=64.0+, {'A100-80GB': 8}, network_tier=best, disk_size=1000)}.
2026-03-26 13:19:03,134 - INFO - 
2026-03-26 13:19:03,336 - INFO - [0m[33m↺[0m Trying other potential resources.
2026-03-26 13:19:03,336 - INFO - Considered resources (2 nodes):
2026-03-26 13:19:03,638 - INFO - ---------------------------------------------------------------------------------------------------
2026-03-26 13:19:03,638 - INFO -  INFRA                   INSTANCE              vCPUs   Mem(GB)   GPUS          COST ($)   CHOSEN
2026-03-26 13:19:03,638 - INFO - ---------------------------------------------------------------------------------------------------
2026-03-26 13:19:03,638 - INFO -  AWS (ap-southeast-1a)   p4de.24xlarge[Spot]   96      1152      A100-80GB:8   57.83      [32m   ✔[0m
2026-03-26 13:19:03,638 - INFO - ---------------------------------------------------------------------------------------------------
2026-03-26 13:19:03,638 - INFO - sky.exceptions.ResourcesUnavailableError: [33mFound no quota for p4de.24xlarge spot instances in region ap-southeast-1 in AWS. [0mTo request quotas, check the instruction: https://docs.skypilot.co/en/latest/cloud-setup/quota.html.
2026-03-26 13:19:03,839 - INFO - 
2026-03-26 13:19:03,839 - INFO - [0m[33m↺[0m Trying other potential resources.
2026-03-26 13:19:03,839 - INFO - Considered resources (2 nodes):
2026-03-26 13:19:04,143 - INFO - ---------------------------------------------------------------------------------------------------
2026-03-26 13:19:04,144 - INFO -  INFRA                   INSTANCE              vCPUs   Mem(GB)   GPUS          COST ($)   CHOSEN
2026-03-26 13:19:04,144 - INFO - ---------------------------------------------------------------------------------------------------
2026-03-26 13:19:04,144 - INFO -  AWS (ap-southeast-1c)   p4de.24xlarge[Spot]   96      1152      A100-80GB:8   65.87      [32m   ✔[0m
2026-03-26 13:19:04,144 - INFO - ---------------------------------------------------------------------------------------------------
2026-03-26 13:19:04,144 - INFO - sky.exceptions.ResourcesUnavailableError: [33mFound no quota for p4de.24xlarge spot instances in region ap-southeast-1 in AWS. [0mTo request quotas, check the instruction: https://docs.skypilot.co/en/latest/cloud-setup/quota.html.
2026-03-26 13:19:05,254 - INFO - 
2026-03-26 13:19:05,254 - INFO - [0m[33m↺[0m Trying other potential resources.
2026-03-26 13:19:05,254 - INFO - 
2026-03-26 13:19:35,867 - INFO - [?25h[31mFailed to provision all possible launchable resources.[0m Relax the task's resource requirements: 2x AWS(p4de.24xlarge[Spot], mem=64.0+, {'A100-80GB': 8}, network_tier=best, disk_size=1000)
2026-03-26 13:19:35,867 - INFO - 
2026-03-26 13:19:35,867 - INFO - [0m[33m↺[0m Retry after 30s  [2mView logs: [1msky logs --provision rf-qwen3-235b-a22b-tp8pp2-A100-80gb[0m[0m[0m
2026-03-26 13:19:35,867 - INFO - [33mLaunching a spot job that does not automatically recover from preemptions. To get automatic recovery, use managed job instead: [0m[1msky jobs launch[0m [33mor[0m [1msky.jobs.launch()[0m.
2026-03-26 13:19:35,969 - INFO - Considered resources (2 nodes):
2026-03-26 13:19:35,969 - INFO - ---------------------------------------------------------------------------------------------------
2026-03-26 13:19:36,574 - INFO -  INFRA                   INSTANCE              vCPUs   Mem(GB)   GPUS          COST ($)   CHOSEN
2026-03-26 13:19:36,574 - INFO - ---------------------------------------------------------------------------------------------------
2026-03-26 13:19:36,574 - INFO -  AWS (ap-northeast-1a)   p4de.24xlarge[Spot]   96      1152      A100-80GB:8   19.34      [32m   ✔[0m
2026-03-26 13:19:36,574 - INFO - ---------------------------------------------------------------------------------------------------
2026-03-26 13:19:36,574 - INFO - sky.exceptions.ResourcesUnavailableError: [33mFound no quota for p4de.24xlarge spot instances in region ap-northeast-1 in AWS. [0mTo request quotas, check the instruction: https://docs.skypilot.co/en/latest/cloud-setup/quota.html.
2026-03-26 13:19:36,675 - INFO - 
2026-03-26 13:19:36,675 - INFO - [0m[33m↺[0m Trying other potential resources.
2026-03-26 13:19:36,675 - INFO - Considered resources (2 nodes):
2026-03-26 13:19:36,675 - INFO - -------------------------------------------------------------------------------------------------
2026-03-26 13:19:37,181 - INFO -  INFRA                 INSTANCE              vCPUs   Mem(GB)   GPUS          COST ($)   CHOSEN
2026-03-26 13:19:37,181 - INFO - -------------------------------------------------------------------------------------------------
2026-03-26 13:19:37,181 - INFO -  AWS (eu-central-1a)   p4de.24xlarge[Spot]   96      1152      A100-80GB:8   21.26      [32m   ✔[0m
2026-03-26 13:19:37,181 - INFO - -------------------------------------------------------------------------------------------------
2026-03-26 13:19:37,181 - INFO - sky.exceptions.ResourcesUnavailableError: [33mFound no quota for p4de.24xlarge spot instances in region eu-central-1 in AWS. [0mTo request quotas, check the instruction: https://docs.skypilot.co/en/latest/cloud-setup/quota.html.
2026-03-26 13:19:37,282 - INFO - 
2026-03-26 13:19:37,383 - INFO - [0m[33m↺[0m Trying other potential resources.
2026-03-26 13:19:37,383 - INFO - Considered resources (2 nodes):
2026-03-26 13:19:37,989 - INFO - -------------------------------------------------------------------------------------------------
2026-03-26 13:19:37,989 - INFO -  INFRA                 INSTANCE              vCPUs   Mem(GB)   GPUS          COST ($)   CHOSEN
2026-03-26 13:19:37,989 - INFO - -------------------------------------------------------------------------------------------------
2026-03-26 13:19:37,989 - INFO -  AWS (eu-central-1c)   p4de.24xlarge[Spot]   96      1152      A100-80GB:8   26.21      [32m   ✔[0m
2026-03-26 13:19:37,989 - INFO - -------------------------------------------------------------------------------------------------
2026-03-26 13:19:37,989 - INFO - sky.exceptions.ResourcesUnavailableError: [33mFound no quota for p4de.24xlarge spot instances in region eu-central-1 in AWS. [0mTo request quotas, check the instruction: https://docs.skypilot.co/en/latest/cloud-setup/quota.html.
2026-03-26 13:19:38,091 - INFO - 
2026-03-26 13:19:38,091 - INFO - [0m[33m↺[0m Trying other potential resources.
2026-03-26 13:19:38,091 - INFO - Considered resources (2 nodes):
2026-03-26 13:19:39,099 - INFO - ----------------------------------------------------------------------------------------------
2026-03-26 13:19:39,099 - INFO -  INFRA              INSTANCE              vCPUs   Mem(GB)   GPUS          COST ($)   CHOSEN
2026-03-26 13:19:39,099 - INFO - ----------------------------------------------------------------------------------------------
2026-03-26 13:19:39,099 - INFO -  AWS (us-west-2a)   p4de.24xlarge[Spot]   96      1152      A100-80GB:8   27.07      [32m   ✔[0m
2026-03-26 13:19:39,099 - INFO - ----------------------------------------------------------------------------------------------
2026-03-26 13:19:39,099 - INFO - [33mInstance type p4de.24xlarge supports up to 4 EFA interfaces, but `use_internal_ips` is not enabled.
2026-03-26 13:19:39,200 - INFO - Launching with the current configuration will use only 1 EFA interface.
2026-03-26 13:19:39,200 - INFO - To use all 4 EFA interfaces, enable internal IPs by adding one of the following configurations to SkyPilot config:
2026-03-26 13:19:39,200 - INFO - Option 1 (with SSM):
2026-03-26 13:19:39,200 - INFO -   aws:
2026-03-26 13:19:39,200 - INFO -     use_internal_ips: true
2026-03-26 13:19:39,200 - INFO -     use_ssm: true
2026-03-26 13:19:39,200 - INFO - Option 2 (with SSH proxy):
2026-03-26 13:19:39,200 - INFO -   aws:
2026-03-26 13:19:39,200 - INFO -     use_internal_ips: true
2026-03-26 13:19:39,200 - INFO -     ssh_proxy_command: ssh -W %h:%p -i <ssh key path> -o StrictHostKeyChecking=no <user>@<jump server public ip>
2026-03-26 13:19:39,200 - INFO - Refer to https://docs.skypilot.co/en/latest/reference/config.html#aws-use-internal-ips for more details.[0m
2026-03-26 13:19:39,200 - INFO - [0m⚙︎ Launching on AWS us-west-2[0m (us-west-2a).
2026-03-26 13:19:59,827 - INFO - [2mW 03-26 13:19:59.797 PID=2248878 instance.py:288] create_instances: Attempt failed with An error occurred (InsufficientInstanceCapacity) when calling the RunInstances operation (reached max retries: 0): We currently do not have sufficient p4de.24xlarge capacity in the Availability Zone you requested (us-west-2a). Our system will be working on provisioning additional capacity. You can currently get p4de.24xlarge capacity by not specifying an Availability Zone in your request or choosing us-west-2b, us-west-2c.[0m
2026-03-26 13:20:04,056 - INFO - AWS handler error: Failed to launch instances. Max attempts exceeded.
2026-03-26 13:20:04,256 - INFO - sky.exceptions.ResourcesUnavailableError: Failed to acquire resources in us-west-2a for {AWS(p4de.24xlarge[Spot], mem=64.0+, {'A100-80GB': 8}, network_tier=best, disk_size=1000)}.
2026-03-26 13:20:04,257 - INFO - 
2026-03-26 13:20:04,257 - INFO - [0m[33m↺[0m Trying other potential resources.
2026-03-26 13:20:04,257 - INFO - Considered resources (2 nodes):
2026-03-26 13:20:05,163 - INFO - ----------------------------------------------------------------------------------------------
2026-03-26 13:20:05,163 - INFO -  INFRA              INSTANCE              vCPUs   Mem(GB)   GPUS          COST ($)   CHOSEN
2026-03-26 13:20:05,163 - INFO - ----------------------------------------------------------------------------------------------
2026-03-26 13:20:05,163 - INFO -  AWS (us-west-2c)   p4de.24xlarge[Spot]   96      1152      A100-80GB:8   30.74      [32m   ✔[0m
2026-03-26 13:20:05,163 - INFO - ----------------------------------------------------------------------------------------------
2026-03-26 13:20:05,163 - INFO - [33mInstance type p4de.24xlarge supports up to 4 EFA interfaces, but `use_internal_ips` is not enabled.
2026-03-26 13:20:05,264 - INFO - Launching with the current configuration will use only 1 EFA interface.
2026-03-26 13:20:05,264 - INFO - To use all 4 EFA interfaces, enable internal IPs by adding one of the following configurations to SkyPilot config:
2026-03-26 13:20:05,264 - INFO - Option 1 (with SSM):
2026-03-26 13:20:05,264 - INFO -   aws:
2026-03-26 13:20:05,264 - INFO -     use_internal_ips: true
2026-03-26 13:20:05,264 - INFO -     use_ssm: true
2026-03-26 13:20:05,264 - INFO - Option 2 (with SSH proxy):
2026-03-26 13:20:05,264 - INFO -   aws:
2026-03-26 13:20:05,264 - INFO -     use_internal_ips: true
2026-03-26 13:20:05,264 - INFO -     ssh_proxy_command: ssh -W %h:%p -i <ssh key path> -o StrictHostKeyChecking=no <user>@<jump server public ip>
2026-03-26 13:20:05,264 - INFO - Refer to https://docs.skypilot.co/en/latest/reference/config.html#aws-use-internal-ips for more details.[0m
2026-03-26 13:20:05,264 - INFO - [0m⚙︎ Launching on AWS us-west-2[0m (us-west-2c).
2026-03-26 13:20:25,486 - INFO - [2mW 03-26 13:20:25.448 PID=2248878 instance.py:288] create_instances: Attempt failed with An error occurred (InsufficientInstanceCapacity) when calling the RunInstances operation (reached max retries: 0): We currently do not have sufficient p4de.24xlarge capacity in the Availability Zone you requested (us-west-2c). Our system will be working on provisioning additional capacity. You can currently get p4de.24xlarge capacity by not specifying an Availability Zone in your request or choosing us-west-2a, us-west-2b.[0m
2026-03-26 13:20:29,220 - INFO - AWS handler error: Failed to launch instances. Max attempts exceeded.
2026-03-26 13:20:29,322 - INFO - sky.exceptions.ResourcesUnavailableError: Failed to acquire resources in us-west-2c for {AWS(p4de.24xlarge[Spot], mem=64.0+, {'A100-80GB': 8}, network_tier=best, disk_size=1000)}.
2026-03-26 13:20:29,322 - INFO - 
2026-03-26 13:20:29,322 - INFO - [0m[33m↺[0m Trying other potential resources.
2026-03-26 13:20:29,322 - INFO - Considered resources (2 nodes):
2026-03-26 13:20:29,423 - INFO - ---------------------------------------------------------------------------------------------------
2026-03-26 13:20:29,925 - INFO -  INFRA                   INSTANCE              vCPUs   Mem(GB)   GPUS          COST ($)   CHOSEN
2026-03-26 13:20:29,925 - INFO - ---------------------------------------------------------------------------------------------------
2026-03-26 13:20:29,925 - INFO -  AWS (ap-northeast-1c)   p4de.24xlarge[Spot]   96      1152      A100-80GB:8   32.78      [32m   ✔[0m
2026-03-26 13:20:29,925 - INFO - ---------------------------------------------------------------------------------------------------
2026-03-26 13:20:29,925 - INFO - sky.exceptions.ResourcesUnavailableError: [33mFound no quota for p4de.24xlarge spot instances in region ap-northeast-1 in AWS. [0mTo request quotas, check the instruction: https://docs.skypilot.co/en/latest/cloud-setup/quota.html.
2026-03-26 13:20:30,127 - INFO - 
2026-03-26 13:20:30,128 - INFO - [0m[33m↺[0m Trying other potential resources.
2026-03-26 13:20:30,128 - INFO - Considered resources (2 nodes):
2026-03-26 13:20:31,035 - INFO - ----------------------------------------------------------------------------------------------
2026-03-26 13:20:31,035 - INFO -  INFRA              INSTANCE              vCPUs   Mem(GB)   GPUS          COST ($)   CHOSEN
2026-03-26 13:20:31,035 - INFO - ----------------------------------------------------------------------------------------------
2026-03-26 13:20:31,035 - INFO -  AWS (us-west-2b)   p4de.24xlarge[Spot]   96      1152      A100-80GB:8   34.02      [32m   ✔[0m
2026-03-26 13:20:31,035 - INFO - ----------------------------------------------------------------------------------------------
2026-03-26 13:20:31,035 - INFO - [33mInstance type p4de.24xlarge supports up to 4 EFA interfaces, but `use_internal_ips` is not enabled.
2026-03-26 13:20:31,135 - INFO - Launching with the current configuration will use only 1 EFA interface.
2026-03-26 13:20:31,135 - INFO - To use all 4 EFA interfaces, enable internal IPs by adding one of the following configurations to SkyPilot config:
2026-03-26 13:20:31,135 - INFO - Option 1 (with SSM):
2026-03-26 13:20:31,135 - INFO -   aws:
2026-03-26 13:20:31,135 - INFO -     use_internal_ips: true
2026-03-26 13:20:31,135 - INFO -     use_ssm: true
2026-03-26 13:20:31,135 - INFO - Option 2 (with SSH proxy):
2026-03-26 13:20:31,135 - INFO -   aws:
2026-03-26 13:20:31,135 - INFO -     use_internal_ips: true
2026-03-26 13:20:31,135 - INFO -     ssh_proxy_command: ssh -W %h:%p -i <ssh key path> -o StrictHostKeyChecking=no <user>@<jump server public ip>
2026-03-26 13:20:31,135 - INFO - Refer to https://docs.skypilot.co/en/latest/reference/config.html#aws-use-internal-ips for more details.[0m
2026-03-26 13:20:31,135 - INFO - [0m⚙︎ Launching on AWS us-west-2[0m (us-west-2b).
2026-03-26 13:20:51,271 - INFO - [2mW 03-26 13:20:51.222 PID=2248878 instance.py:288] create_instances: Attempt failed with An error occurred (InsufficientInstanceCapacity) when calling the RunInstances operation (reached max retries: 0): We currently do not have sufficient p4de.24xlarge capacity in the Availability Zone you requested (us-west-2b). Our system will be working on provisioning additional capacity. You can currently get p4de.24xlarge capacity by not specifying an Availability Zone in your request or choosing us-west-2a, us-west-2c.[0m
2026-03-26 13:20:55,098 - INFO - AWS handler error: Failed to launch instances. Max attempts exceeded.
2026-03-26 13:20:55,299 - INFO - sky.exceptions.ResourcesUnavailableError: Failed to acquire resources in us-west-2b for {AWS(p4de.24xlarge[Spot], mem=64.0+, {'A100-80GB': 8}, network_tier=best, disk_size=1000)}.
2026-03-26 13:20:55,300 - INFO - 
2026-03-26 13:20:55,300 - INFO - [0m[33m↺[0m Trying other potential resources.
2026-03-26 13:20:55,300 - INFO - Considered resources (2 nodes):
2026-03-26 13:20:56,103 - INFO - ----------------------------------------------------------------------------------------------
2026-03-26 13:20:56,103 - INFO -  INFRA              INSTANCE              vCPUs   Mem(GB)   GPUS          COST ($)   CHOSEN
2026-03-26 13:20:56,103 - INFO - ----------------------------------------------------------------------------------------------
2026-03-26 13:20:56,104 - INFO -  AWS (us-east-1a)   p4de.24xlarge[Spot]   96      1152      A100-80GB:8   38.20      [32m   ✔[0m
2026-03-26 13:20:56,104 - INFO - ----------------------------------------------------------------------------------------------
2026-03-26 13:20:56,104 - INFO - [33mInstance type p4de.24xlarge supports up to 4 EFA interfaces, but `use_internal_ips` is not enabled.
2026-03-26 13:20:56,205 - INFO - Launching with the current configuration will use only 1 EFA interface.
2026-03-26 13:20:56,205 - INFO - To use all 4 EFA interfaces, enable internal IPs by adding one of the following configurations to SkyPilot config:
2026-03-26 13:20:56,205 - INFO - Option 1 (with SSM):
2026-03-26 13:20:56,205 - INFO -   aws:
2026-03-26 13:20:56,205 - INFO -     use_internal_ips: true
2026-03-26 13:20:56,205 - INFO -     use_ssm: true
2026-03-26 13:20:56,205 - INFO - Option 2 (with SSH proxy):
2026-03-26 13:20:56,205 - INFO -   aws:
2026-03-26 13:20:56,205 - INFO -     use_internal_ips: true
2026-03-26 13:20:56,205 - INFO -     ssh_proxy_command: ssh -W %h:%p -i <ssh key path> -o StrictHostKeyChecking=no <user>@<jump server public ip>
2026-03-26 13:20:56,205 - INFO - Refer to https://docs.skypilot.co/en/latest/reference/config.html#aws-use-internal-ips for more details.[0m
2026-03-26 13:20:56,205 - INFO - [0m⚙︎ Launching on AWS us-east-1[0m (us-east-1a).
2026-03-26 13:21:29,300 - INFO - [33mInstance type p4de.24xlarge supports up to 4 EFA interfaces, but `use_internal_ips` is not enabled.
2026-03-26 13:22:40,306 - INFO - Launching with the current configuration will use only 1 EFA interface.
2026-03-26 13:22:40,306 - INFO - To use all 4 EFA interfaces, enable internal IPs by adding one of the following configurations to SkyPilot config:
2026-03-26 13:22:40,306 - INFO - Option 1 (with SSM):
2026-03-26 13:22:40,306 - INFO -   aws:
2026-03-26 13:22:40,306 - INFO -     use_internal_ips: true
2026-03-26 13:22:40,306 - INFO -     use_ssm: true
2026-03-26 13:22:40,306 - INFO - Option 2 (with SSH proxy):
2026-03-26 13:22:40,306 - INFO -   aws:
2026-03-26 13:22:40,307 - INFO -     use_internal_ips: true
2026-03-26 13:22:40,307 - INFO -     ssh_proxy_command: ssh -W %h:%p -i <ssh key path> -o StrictHostKeyChecking=no <user>@<jump server public ip>
2026-03-26 13:22:40,307 - INFO - Refer to https://docs.skypilot.co/en/latest/reference/config.html#aws-use-internal-ips for more details.[0m
2026-03-26 13:22:40,307 - INFO - [2m└── [0m[2mInstances are up.[0m
2026-03-26 13:23:28,646 - INFO - [0m[32m✓ Cluster launched: rf-qwen3-235b-a22b-tp8pp2-A100-80gb.[0m[0m  [2mView logs: [1msky logs --provision rf-qwen3-235b-a22b-tp8pp2-A100-80gb[0m[0m
2026-03-26 13:23:28,747 - INFO - [0m⚙︎ Syncing files.
2026-03-26 13:23:38,731 - INFO -   [33mThe size of workdir '/home/orange/Desktop/tandemn/tandemn-profiling/roofline/vllm' is 515 MB. Try to keep workdir small or use .skyignore to exclude large files, as large sizes will slow down rsync.[0m
2026-03-26 13:23:38,731 - INFO -   [2mSyncing workdir (to 2 nodes): /home/orange/Desktop/tandemn/tandemn-profiling/roofline/vllm -> ~/sky_workdir[0m
2026-03-26 13:23:38,731 - INFO - [0m[32m✓ Synced workdir.[0m[0m  [2mView logs: sky api logs -l sky-2026-03-26-13-19-35-435741/workdir_sync.log[0m
2026-03-26 13:23:43,367 - INFO - [0m[32m✓ Setup detached.[0m[0m
2026-03-26 13:23:47,897 - INFO - [0m⚙︎ Job submitted, ID: 1
2026-03-26 13:24:00,503 - INFO - [2m├── [0m[2mWaiting for task resources on 2 nodes.[0m
2026-03-26 13:24:00,705 - INFO - [2m└── [0mJob started. Streaming logs... [2m(Ctrl-C to exit log streaming; job will not be killed)[0m
2026-03-26 13:24:00,705 - INFO - [36m(setup pid=7461)[0m + GPU_TYPE=A100_80gb
2026-03-26 13:24:00,706 - INFO - [36m(setup pid=7461)[0m + IS_A100=true
2026-03-26 13:24:00,706 - INFO - [36m(setup pid=7461)[0m + echo 'GPU Type: A100_80gb, Is A100: true'
2026-03-26 13:24:00,706 - INFO - [36m(setup pid=7461)[0m GPU Type: A100_80gb, Is A100: true
2026-03-26 13:24:00,706 - INFO - [36m(setup pid=7461)[0m + echo '=== Initial System Diagnostics ==='
2026-03-26 13:24:00,706 - INFO - [36m(setup pid=7461)[0m === Initial System Diagnostics ===
2026-03-26 13:24:00,706 - INFO - [36m(setup pid=7461)[0m + echo 'Checking for NVIDIA driver...'
2026-03-26 13:24:00,706 - INFO - [36m(setup pid=7461)[0m Checking for NVIDIA driver...
2026-03-26 13:24:00,706 - INFO - [36m(setup pid=7461)[0m + nvidia-smi
2026-03-26 13:24:00,706 - INFO - [36m(setup pid=7461)[0m Thu Mar 26 07:53:52 2026
2026-03-26 13:24:00,706 - INFO - [36m(setup pid=7461)[0m +-----------------------------------------------------------------------------------------+
2026-03-26 13:24:00,706 - INFO - [36m(setup pid=7461)[0m | NVIDIA-SMI 570.172.08             Driver Version: 570.172.08     CUDA Version: 12.8     |
2026-03-26 13:24:00,706 - INFO - [36m(setup pid=7461)[0m |-----------------------------------------+------------------------+----------------------+
2026-03-26 13:24:00,706 - INFO - [36m(setup pid=7461)[0m | GPU  Name                 Persistence-M | Bus-Id          Disp.A | Volatile Uncorr. ECC |
2026-03-26 13:24:00,706 - INFO - [36m(setup pid=7461)[0m | Fan  Temp   Perf          Pwr:Usage/Cap |           Memory-Usage | GPU-Util  Compute M. |
2026-03-26 13:24:00,706 - INFO - [36m(setup pid=7461)[0m |                                         |                        |               MIG M. |
2026-03-26 13:24:00,706 - INFO - [36m(setup pid=7461)[0m |=========================================+========================+======================|
2026-03-26 13:24:00,706 - INFO - [36m(setup pid=7461)[0m |   0  NVIDIA A100-SXM4-80GB          On  |   00000000:10:1C.0 Off |                    0 |
2026-03-26 13:24:00,706 - INFO - [36m(setup pid=7461)[0m | N/A   24C    P0             65W /  400W |       0MiB /  81920MiB |      0%      Default |
2026-03-26 13:24:00,706 - INFO - [36m(setup pid=7461)[0m |                                         |                        |             Disabled |
2026-03-26 13:24:00,706 - INFO - [36m(setup pid=7461)[0m +-----------------------------------------+------------------------+----------------------+
2026-03-26 13:24:00,706 - INFO - [36m(setup pid=7461)[0m |   1  NVIDIA A100-SXM4-80GB          On  |   00000000:10:1D.0 Off |                    0 |
2026-03-26 13:24:00,706 - INFO - [36m(setup pid=7461)[0m | N/A   24C    P0             61W /  400W |       0MiB /  81920MiB |      0%      Default |
2026-03-26 13:24:00,706 - INFO - [36m(setup pid=7461)[0m |                                         |                        |             Disabled |
2026-03-26 13:24:00,706 - INFO - [36m(setup pid=7461)[0m +-----------------------------------------+------------------------+----------------------+
2026-03-26 13:24:00,706 - INFO - [36m(setup pid=7461)[0m |   2  NVIDIA A100-SXM4-80GB          On  |   00000000:20:1C.0 Off |                    0 |
2026-03-26 13:24:00,706 - INFO - [36m(setup pid=7461)[0m | N/A   26C    P0             63W /  400W |       0MiB /  81920MiB |      0%      Default |
2026-03-26 13:24:00,706 - INFO - [36m(setup pid=7461)[0m |                                         |                        |             Disabled |
2026-03-26 13:24:00,706 - INFO - [36m(setup pid=7461)[0m +-----------------------------------------+------------------------+----------------------+
2026-03-26 13:24:00,706 - INFO - [36m(setup pid=7461)[0m |   3  NVIDIA A100-SXM4-80GB          On  |   00000000:20:1D.0 Off |                    0 |
2026-03-26 13:24:00,706 - INFO - [36m(setup pid=7461)[0m | N/A   24C    P0             62W /  400W |       0MiB /  81920MiB |      0%      Default |
2026-03-26 13:24:00,706 - INFO - [36m(setup pid=7461)[0m |                                         |                        |             Disabled |
2026-03-26 13:24:00,706 - INFO - [36m(setup pid=7461)[0m +-----------------------------------------+------------------------+----------------------+
2026-03-26 13:24:00,706 - INFO - [36m(setup pid=7461)[0m |   4  NVIDIA A100-SXM4-80GB          On  |   00000000:90:1C.0 Off |                    0 |
2026-03-26 13:24:00,706 - INFO - [36m(setup pid=7461)[0m | N/A   24C    P0             58W /  400W |       0MiB /  81920MiB |      0%      Default |
2026-03-26 13:24:00,706 - INFO - [36m(setup pid=7461)[0m |                                         |                        |             Disabled |
2026-03-26 13:24:00,706 - INFO - [36m(setup pid=7461)[0m +-----------------------------------------+------------------------+----------------------+
2026-03-26 13:24:00,706 - INFO - [36m(setup pid=7461)[0m |   5  NVIDIA A100-SXM4-80GB          On  |   00000000:90:1D.0 Off |                    0 |
2026-03-26 13:24:00,706 - INFO - [36m(setup pid=7461)[0m | N/A   23C    P0             61W /  400W |       0MiB /  81920MiB |      0%      Default |
2026-03-26 13:24:00,706 - INFO - [36m(setup pid=7461)[0m |                                         |                        |             Disabled |
2026-03-26 13:24:00,706 - INFO - [36m(setup pid=7461)[0m +-----------------------------------------+------------------------+----------------------+
2026-03-26 13:24:00,706 - INFO - [36m(setup pid=7461)[0m |   6  NVIDIA A100-SXM4-80GB          On  |   00000000:A0:1C.0 Off |                    0 |
2026-03-26 13:24:00,706 - INFO - [36m(setup pid=7461)[0m | N/A   23C    P0             60W /  400W |       0MiB /  81920MiB |      0%      Default |
2026-03-26 13:24:00,706 - INFO - [36m(setup pid=7461)[0m |                                         |                        |             Disabled |
2026-03-26 13:24:00,706 - INFO - [36m(setup pid=7461)[0m +-----------------------------------------+------------------------+----------------------+
2026-03-26 13:24:00,706 - INFO - [36m(setup pid=7461)[0m |   7  NVIDIA A100-SXM4-80GB          On  |   00000000:A0:1D.0 Off |                    0 |
2026-03-26 13:24:00,706 - INFO - [36m(setup pid=7461)[0m | N/A   24C    P0             58W /  400W |       0MiB /  81920MiB |      0%      Default |
2026-03-26 13:24:00,706 - INFO - [36m(setup pid=7461)[0m |                                         |                        |             Disabled |
2026-03-26 13:24:00,706 - INFO - [36m(setup pid=7461)[0m +-----------------------------------------+------------------------+----------------------+
2026-03-26 13:24:00,706 - INFO - [36m(setup pid=7461)[0m
2026-03-26 13:24:00,706 - INFO - [36m(setup pid=7461)[0m +-----------------------------------------------------------------------------------------+
2026-03-26 13:24:00,706 - INFO - [36m(setup pid=7461)[0m | Processes:                                                                              |
2026-03-26 13:24:00,706 - INFO - [36m(setup pid=7461)[0m |  GPU   GI   CI              PID   Type   Process name                        GPU Memory |
2026-03-26 13:24:00,706 - INFO - [36m(setup pid=7461)[0m |        ID   ID                                                               Usage      |
2026-03-26 13:24:00,706 - INFO - [36m(setup pid=7461)[0m |=========================================================================================|
2026-03-26 13:24:00,706 - INFO - [36m(setup pid=7461)[0m |  No running processes found                                                             |
2026-03-26 13:24:00,706 - INFO - [36m(setup pid=7461)[0m +-----------------------------------------------------------------------------------------+
2026-03-26 13:24:00,706 - INFO - [36m(setup pid=6894, ip=172.31.41.253)[0m + GPU_TYPE=A100_80gb
2026-03-26 13:24:00,706 - INFO - [36m(setup pid=6894, ip=172.31.41.253)[0m + IS_A100=true
2026-03-26 13:24:00,706 - INFO - [36m(setup pid=6894, ip=172.31.41.253)[0m + echo 'GPU Type: A100_80gb, Is A100: true'
2026-03-26 13:24:00,706 - INFO - [36m(setup pid=6894, ip=172.31.41.253)[0m GPU Type: A100_80gb, Is A100: true
2026-03-26 13:24:00,706 - INFO - [36m(setup pid=6894, ip=172.31.41.253)[0m + echo '=== Initial System Diagnostics ==='
2026-03-26 13:24:00,706 - INFO - [36m(setup pid=6894, ip=172.31.41.253)[0m === Initial System Diagnostics ===
2026-03-26 13:24:00,706 - INFO - [36m(setup pid=6894, ip=172.31.41.253)[0m + echo 'Checking for NVIDIA driver...'
2026-03-26 13:24:00,706 - INFO - [36m(setup pid=6894, ip=172.31.41.253)[0m Checking for NVIDIA driver...
2026-03-26 13:24:00,706 - INFO - [36m(setup pid=6894, ip=172.31.41.253)[0m + nvidia-smi
2026-03-26 13:24:00,706 - INFO - [36m(setup pid=6894, ip=172.31.41.253)[0m Thu Mar 26 07:53:53 2026
2026-03-26 13:24:00,706 - INFO - [36m(setup pid=6894, ip=172.31.41.253)[0m +-----------------------------------------------------------------------------------------+
2026-03-26 13:24:00,706 - INFO - [36m(setup pid=6894, ip=172.31.41.253)[0m | NVIDIA-SMI 570.172.08             Driver Version: 570.172.08     CUDA Version: 12.8     |
2026-03-26 13:24:00,706 - INFO - [36m(setup pid=6894, ip=172.31.41.253)[0m |-----------------------------------------+------------------------+----------------------+
2026-03-26 13:24:00,706 - INFO - [36m(setup pid=6894, ip=172.31.41.253)[0m | GPU  Name                 Persistence-M | Bus-Id          Disp.A | Volatile Uncorr. ECC |
2026-03-26 13:24:00,706 - INFO - [36m(setup pid=6894, ip=172.31.41.253)[0m | Fan  Temp   Perf          Pwr:Usage/Cap |           Memory-Usage | GPU-Util  Compute M. |
2026-03-26 13:24:00,706 - INFO - [36m(setup pid=6894, ip=172.31.41.253)[0m |                                         |                        |               MIG M. |
2026-03-26 13:24:00,706 - INFO - [36m(setup pid=6894, ip=172.31.41.253)[0m |=========================================+========================+======================|
2026-03-26 13:24:00,706 - INFO - [36m(setup pid=6894, ip=172.31.41.253)[0m |   0  NVIDIA A100-SXM4-80GB          On  |   00000000:10:1C.0 Off |                    0 |
2026-03-26 13:24:00,706 - INFO - [36m(setup pid=6894, ip=172.31.41.253)[0m | N/A   24C    P0             54W /  400W |       0MiB /  81920MiB |      0%      Default |
2026-03-26 13:24:00,707 - INFO - [36m(setup pid=6894, ip=172.31.41.253)[0m |                                         |                        |             Disabled |
2026-03-26 13:24:00,707 - INFO - [36m(setup pid=6894, ip=172.31.41.253)[0m +-----------------------------------------+------------------------+----------------------+
2026-03-26 13:24:00,707 - INFO - [36m(setup pid=6894, ip=172.31.41.253)[0m |   1  NVIDIA A100-SXM4-80GB          On  |   00000000:10:1D.0 Off |                    0 |
2026-03-26 13:24:00,707 - INFO - [36m(setup pid=6894, ip=172.31.41.253)[0m | N/A   23C    P0             57W /  400W |       0MiB /  81920MiB |      0%      Default |
2026-03-26 13:24:00,707 - INFO - [36m(setup pid=6894, ip=172.31.41.253)[0m |                                         |                        |             Disabled |
2026-03-26 13:24:00,707 - INFO - [36m(setup pid=6894, ip=172.31.41.253)[0m +-----------------------------------------+------------------------+----------------------+
2026-03-26 13:24:00,707 - INFO - [36m(setup pid=6894, ip=172.31.41.253)[0m |   2  NVIDIA A100-SXM4-80GB          On  |   00000000:20:1C.0 Off |                    0 |
2026-03-26 13:24:00,707 - INFO - [36m(setup pid=6894, ip=172.31.41.253)[0m | N/A   23C    P0             56W /  400W |       0MiB /  81920MiB |      0%      Default |
2026-03-26 13:24:00,707 - INFO - [36m(setup pid=6894, ip=172.31.41.253)[0m |                                         |                        |             Disabled |
2026-03-26 13:24:00,707 - INFO - [36m(setup pid=6894, ip=172.31.41.253)[0m +-----------------------------------------+------------------------+----------------------+
2026-03-26 13:24:00,707 - INFO - [36m(setup pid=6894, ip=172.31.41.253)[0m |   3  NVIDIA A100-SXM4-80GB          On  |   00000000:20:1D.0 Off |                    0 |
2026-03-26 13:24:00,707 - INFO - [36m(setup pid=6894, ip=172.31.41.253)[0m | N/A   23C    P0             57W /  400W |       0MiB /  81920MiB |      0%      Default |
2026-03-26 13:24:00,707 - INFO - [36m(setup pid=6894, ip=172.31.41.253)[0m |                                         |                        |             Disabled |
2026-03-26 13:24:00,707 - INFO - [36m(setup pid=6894, ip=172.31.41.253)[0m +-----------------------------------------+------------------------+----------------------+
2026-03-26 13:24:00,707 - INFO - [36m(setup pid=6894, ip=172.31.41.253)[0m |   4  NVIDIA A100-SXM4-80GB          On  |   00000000:90:1C.0 Off |                    0 |
2026-03-26 13:24:00,707 - INFO - [36m(setup pid=6894, ip=172.31.41.253)[0m | N/A   23C    P0             55W /  400W |       0MiB /  81920MiB |      0%      Default |
2026-03-26 13:24:00,707 - INFO - [36m(setup pid=6894, ip=172.31.41.253)[0m |                                         |                        |             Disabled |
2026-03-26 13:24:00,707 - INFO - [36m(setup pid=6894, ip=172.31.41.253)[0m +-----------------------------------------+------------------------+----------------------+
2026-03-26 13:24:00,707 - INFO - [36m(setup pid=6894, ip=172.31.41.253)[0m |   5  NVIDIA A100-SXM4-80GB          On  |   00000000:90:1D.0 Off |                    0 |
2026-03-26 13:24:00,707 - INFO - [36m(setup pid=6894, ip=172.31.41.253)[0m | N/A   23C    P0             56W /  400W |       0MiB /  81920MiB |      0%      Default |
2026-03-26 13:24:00,707 - INFO - [36m(setup pid=6894, ip=172.31.41.253)[0m |                                         |                        |             Disabled |
2026-03-26 13:24:00,707 - INFO - [36m(setup pid=6894, ip=172.31.41.253)[0m +-----------------------------------------+------------------------+----------------------+
2026-03-26 13:24:00,707 - INFO - [36m(setup pid=6894, ip=172.31.41.253)[0m |   6  NVIDIA A100-SXM4-80GB          On  |   00000000:A0:1C.0 Off |                    0 |
2026-03-26 13:24:00,707 - INFO - [36m(setup pid=6894, ip=172.31.41.253)[0m | N/A   24C    P0             59W /  400W |       0MiB /  81920MiB |      0%      Default |
2026-03-26 13:24:00,707 - INFO - [36m(setup pid=6894, ip=172.31.41.253)[0m |                                         |                        |             Disabled |
2026-03-26 13:24:00,707 - INFO - [36m(setup pid=6894, ip=172.31.41.253)[0m +-----------------------------------------+------------------------+----------------------+
2026-03-26 13:24:00,707 - INFO - [36m(setup pid=6894, ip=172.31.41.253)[0m |   7  NVIDIA A100-SXM4-80GB          On  |   00000000:A0:1D.0 Off |                    0 |
2026-03-26 13:24:00,707 - INFO - [36m(setup pid=6894, ip=172.31.41.253)[0m | N/A   22C    P0             54W /  400W |       0MiB /  81920MiB |      0%      Default |
2026-03-26 13:24:00,707 - INFO - [36m(setup pid=6894, ip=172.31.41.253)[0m |                                         |                        |             Disabled |
2026-03-26 13:24:00,707 - INFO - [36m(setup pid=6894, ip=172.31.41.253)[0m +-----------------------------------------+------------------------+----------------------+
2026-03-26 13:24:00,707 - INFO - [36m(setup pid=6894, ip=172.31.41.253)[0m
2026-03-26 13:24:00,707 - INFO - [36m(setup pid=6894, ip=172.31.41.253)[0m +-----------------------------------------------------------------------------------------+
2026-03-26 13:24:00,707 - INFO - [36m(setup pid=6894, ip=172.31.41.253)[0m | Processes:                                                                              |
2026-03-26 13:24:00,707 - INFO - [36m(setup pid=6894, ip=172.31.41.253)[0m |  GPU   GI   CI              PID   Type   Process name                        GPU Memory |
2026-03-26 13:24:00,707 - INFO - [36m(setup pid=6894, ip=172.31.41.253)[0m |        ID   ID                                                               Usage      |
2026-03-26 13:24:00,707 - INFO - [36m(setup pid=6894, ip=172.31.41.253)[0m |=========================================================================================|
2026-03-26 13:24:00,707 - INFO - [36m(setup pid=6894, ip=172.31.41.253)[0m |  No running processes found                                                             |
2026-03-26 13:24:00,707 - INFO - [36m(setup pid=6894, ip=172.31.41.253)[0m +-----------------------------------------------------------------------------------------+
2026-03-26 13:24:00,707 - INFO - [36m(setup pid=7461)[0m + echo 'Checking CUDA libraries...'
2026-03-26 13:24:00,707 - INFO - [36m(setup pid=7461)[0m Checking CUDA libraries...
2026-03-26 13:24:00,707 - INFO - [36m(setup pid=7461)[0m + ldconfig -p
2026-03-26 13:24:00,707 - INFO - [36m(setup pid=7461)[0m + grep --color=auto cuda
2026-03-26 13:24:00,707 - INFO - [36m(setup pid=7461)[0m 	libnvrtc.so.12 (libc6,x86-64) => /usr/local/cuda-12.4/targets/x86_64-linux/lib/libnvrtc.so.12
2026-03-26 13:24:00,707 - INFO - [36m(setup pid=7461)[0m 	libnvrtc.so.12 (libc6,x86-64) => /usr/local/cuda-12.5/targets/x86_64-linux/lib/libnvrtc.so.12
2026-03-26 13:24:00,707 - INFO - [36m(setup pid=7461)[0m 	libnvrtc.so.12 (libc6,x86-64) => /usr/local/cuda-12.6/targets/x86_64-linux/lib/libnvrtc.so.12
2026-03-26 13:24:00,707 - INFO - [36m(setup pid=7461)[0m 	libnvrtc.so.12 (libc6,x86-64) => /usr/local/cuda-12.8/targets/x86_64-linux/lib/libnvrtc.so.12
2026-03-26 13:24:00,707 - INFO - [36m(setup pid=7461)[0m 	libnvrtc.so (libc6,x86-64) => /usr/local/cuda-12.4/targets/x86_64-linux/lib/libnvrtc.so
2026-03-26 13:24:00,707 - INFO - [36m(setup pid=7461)[0m 	libnvrtc.so (libc6,x86-64) => /usr/local/cuda-12.5/targets/x86_64-linux/lib/libnvrtc.so
2026-03-26 13:24:00,707 - INFO - [36m(setup pid=7461)[0m 	libnvrtc.so (libc6,x86-64) => /usr/local/cuda-12.6/targets/x86_64-linux/lib/libnvrtc.so
2026-03-26 13:24:00,707 - INFO - [36m(setup pid=7461)[0m 	libnvrtc.so (libc6,x86-64) => /usr/local/cuda-12.8/targets/x86_64-linux/lib/libnvrtc.so
2026-03-26 13:24:00,707 - INFO - [36m(setup pid=7461)[0m 	libnvrtc.alt.so.12 (libc6,x86-64) => /usr/local/cuda-12.8/targets/x86_64-linux/lib/libnvrtc.alt.so.12
2026-03-26 13:24:00,707 - INFO - [36m(setup pid=7461)[0m 	libnvrtc.alt.so (libc6,x86-64) => /usr/local/cuda-12.8/targets/x86_64-linux/lib/libnvrtc.alt.so
2026-03-26 13:24:00,707 - INFO - [36m(setup pid=7461)[0m 	libnvrtc-builtins.so.12.8 (libc6,x86-64) => /usr/local/cuda-12.8/targets/x86_64-linux/lib/libnvrtc-builtins.so.12.8
2026-03-26 13:24:00,707 - INFO - [36m(setup pid=7461)[0m 	libnvrtc-builtins.so.12.6 (libc6,x86-64) => /usr/local/cuda-12.6/targets/x86_64-linux/lib/libnvrtc-builtins.so.12.6
2026-03-26 13:24:00,707 - INFO - [36m(setup pid=7461)[0m 	libnvrtc-builtins.so.12.5 (libc6,x86-64) => /usr/local/cuda-12.5/targets/x86_64-linux/lib/libnvrtc-builtins.so.12.5
2026-03-26 13:24:00,707 - INFO - [36m(setup pid=7461)[0m 	libnvrtc-builtins.so.12.4 (libc6,x86-64) => /usr/local/cuda-12.4/targets/x86_64-linux/lib/libnvrtc-builtins.so.12.4
2026-03-26 13:24:00,707 - INFO - [36m(setup pid=7461)[0m 	libnvrtc-builtins.so (libc6,x86-64) => /usr/local/cuda-12.4/targets/x86_64-linux/lib/libnvrtc-builtins.so
2026-03-26 13:24:00,707 - INFO - [36m(setup pid=7461)[0m 	libnvrtc-builtins.so (libc6,x86-64) => /usr/local/cuda-12.5/targets/x86_64-linux/lib/libnvrtc-builtins.so
2026-03-26 13:24:00,707 - INFO - [36m(setup pid=7461)[0m 	libnvrtc-builtins.so (libc6,x86-64) => /usr/local/cuda-12.6/targets/x86_64-linux/lib/libnvrtc-builtins.so
2026-03-26 13:24:00,707 - INFO - [36m(setup pid=7461)[0m 	libnvrtc-builtins.so (libc6,x86-64) => /usr/local/cuda-12.8/targets/x86_64-linux/lib/libnvrtc-builtins.so
2026-03-26 13:24:00,707 - INFO - [36m(setup pid=7461)[0m 	libnvrtc-builtins.alt.so.12.8 (libc6,x86-64) => /usr/local/cuda-12.8/targets/x86_64-linux/lib/libnvrtc-builtins.alt.so.12.8
2026-03-26 13:24:00,707 - INFO - [36m(setup pid=7461)[0m 	libnvrtc-builtins.alt.so (libc6,x86-64) => /usr/local/cuda-12.8/targets/x86_64-linux/lib/libnvrtc-builtins.alt.so
2026-03-26 13:24:00,707 - INFO - [36m(setup pid=7461)[0m 	libnvjpeg.so.12 (libc6,x86-64) => /usr/local/cuda-12.4/targets/x86_64-linux/lib/libnvjpeg.so.12
2026-03-26 13:24:00,707 - INFO - [36m(setup pid=7461)[0m 	libnvjpeg.so.12 (libc6,x86-64) => /usr/local/cuda-12.5/targets/x86_64-linux/lib/libnvjpeg.so.12
2026-03-26 13:24:00,707 - INFO - [36m(setup pid=7461)[0m 	libnvjpeg.so.12 (libc6,x86-64) => /usr/local/cuda-12.6/targets/x86_64-linux/lib/libnvjpeg.so.12
2026-03-26 13:24:00,707 - INFO - [36m(setup pid=7461)[0m 	libnvjpeg.so.12 (libc6,x86-64) => /usr/local/cuda-12.8/targets/x86_64-linux/lib/libnvjpeg.so.12
2026-03-26 13:24:00,707 - INFO - [36m(setup pid=7461)[0m 	libnvjpeg.so (libc6,x86-64) => /usr/local/cuda-12.4/targets/x86_64-linux/lib/libnvjpeg.so
2026-03-26 13:24:00,707 - INFO - [36m(setup pid=7461)[0m 	libnvjpeg.so (libc6,x86-64) => /usr/local/cuda-12.5/targets/x86_64-linux/lib/libnvjpeg.so
2026-03-26 13:24:00,707 - INFO - [36m(setup pid=7461)[0m 	libnvjpeg.so (libc6,x86-64) => /usr/local/cuda-12.6/targets/x86_64-linux/lib/libnvjpeg.so
2026-03-26 13:24:00,707 - INFO - [36m(setup pid=7461)[0m 	libnvjpeg.so (libc6,x86-64) => /usr/local/cuda-12.8/targets/x86_64-linux/lib/libnvjpeg.so
2026-03-26 13:24:00,707 - INFO - [36m(setup pid=7461)[0m 	libnvfatbin.so.12 (libc6,x86-64) => /usr/local/cuda-12.4/targets/x86_64-linux/lib/libnvfatbin.so.12
2026-03-26 13:24:00,707 - INFO - [36m(setup pid=7461)[0m 	libnvfatbin.so.12 (libc6,x86-64) => /usr/local/cuda-12.5/targets/x86_64-linux/lib/libnvfatbin.so.12
2026-03-26 13:24:00,707 - INFO - [36m(setup pid=7461)[0m 	libnvfatbin.so.12 (libc6,x86-64) => /usr/local/cuda-12.6/targets/x86_64-linux/lib/libnvfatbin.so.12
2026-03-26 13:24:00,707 - INFO - [36m(setup pid=7461)[0m 	libnvfatbin.so.12 (libc6,x86-64) => /usr/local/cuda-12.8/targets/x86_64-linux/lib/libnvfatbin.so.12
2026-03-26 13:24:00,707 - INFO - [36m(setup pid=7461)[0m 	libnvfatbin.so (libc6,x86-64) => /usr/local/cuda-12.4/targets/x86_64-linux/lib/libnvfatbin.so
2026-03-26 13:24:00,707 - INFO - [36m(setup pid=7461)[0m 	libnvfatbin.so (libc6,x86-64) => /usr/local/cuda-12.5/targets/x86_64-linux/lib/libnvfatbin.so
2026-03-26 13:24:00,707 - INFO - [36m(setup pid=7461)[0m 	libnvfatbin.so (libc6,x86-64) => /usr/local/cuda-12.6/targets/x86_64-linux/lib/libnvfatbin.so
2026-03-26 13:24:00,707 - INFO - [36m(setup pid=7461)[0m 	libnvfatbin.so (libc6,x86-64) => /usr/local/cuda-12.8/targets/x86_64-linux/lib/libnvfatbin.so
2026-03-26 13:24:00,707 - INFO - [36m(setup pid=7461)[0m 	libnvblas.so.12 (libc6,x86-64) => /usr/local/cuda-12.4/targets/x86_64-linux/lib/libnvblas.so.12
2026-03-26 13:24:00,707 - INFO - [36m(setup pid=7461)[0m 	libnvblas.so.12 (libc6,x86-64) => /usr/local/cuda-12.5/targets/x86_64-linux/lib/libnvblas.so.12
2026-03-26 13:24:00,707 - INFO - [36m(setup pid=7461)[0m 	libnvblas.so.12 (libc6,x86-64) => /usr/local/cuda-12.6/targets/x86_64-linux/lib/libnvblas.so.12
2026-03-26 13:24:00,707 - INFO - [36m(setup pid=7461)[0m 	libnvblas.so.12 (libc6,x86-64) => /usr/local/cuda-12.8/targets/x86_64-linux/lib/libnvblas.so.12
2026-03-26 13:24:00,707 - INFO - [36m(setup pid=7461)[0m 	libnvblas.so (libc6,x86-64) => /usr/local/cuda-12.4/targets/x86_64-linux/lib/libnvblas.so
2026-03-26 13:24:00,708 - INFO - [36m(setup pid=7461)[0m 	libnvblas.so (libc6,x86-64) => /usr/local/cuda-12.5/targets/x86_64-linux/lib/libnvblas.so
2026-03-26 13:24:00,708 - INFO - [36m(setup pid=7461)[0m 	libnvblas.so (libc6,x86-64) => /usr/local/cuda-12.6/targets/x86_64-linux/lib/libnvblas.so
2026-03-26 13:24:00,708 - INFO - [36m(setup pid=7461)[0m 	libnvblas.so (libc6,x86-64) => /usr/local/cuda-12.8/targets/x86_64-linux/lib/libnvblas.so
2026-03-26 13:24:00,708 - INFO - [36m(setup pid=7461)[0m 	libnvToolsExt.so.1 (libc6,x86-64) => /usr/local/cuda-12.4/targets/x86_64-linux/lib/libnvToolsExt.so.1
2026-03-26 13:24:00,708 - INFO - [36m(setup pid=7461)[0m 	libnvToolsExt.so.1 (libc6,x86-64) => /usr/local/cuda-12.5/targets/x86_64-linux/lib/libnvToolsExt.so.1
2026-03-26 13:24:00,708 - INFO - [36m(setup pid=7461)[0m 	libnvToolsExt.so.1 (libc6,x86-64) => /usr/local/cuda-12.6/targets/x86_64-linux/lib/libnvToolsExt.so.1
2026-03-26 13:24:00,708 - INFO - [36m(setup pid=7461)[0m 	libnvToolsExt.so.1 (libc6,x86-64) => /usr/local/cuda-12.8/targets/x86_64-linux/lib/libnvToolsExt.so.1
2026-03-26 13:24:00,708 - INFO - [36m(setup pid=7461)[0m 	libnvToolsExt.so (libc6,x86-64) => /usr/local/cuda-12.4/targets/x86_64-linux/lib/libnvToolsExt.so
2026-03-26 13:24:00,708 - INFO - [36m(setup pid=7461)[0m 	libnvToolsExt.so (libc6,x86-64) => /usr/local/cuda-12.5/targets/x86_64-linux/lib/libnvToolsExt.so
2026-03-26 13:24:00,708 - INFO - [36m(setup pid=7461)[0m 	libnvToolsExt.so (libc6,x86-64) => /usr/local/cuda-12.6/targets/x86_64-linux/lib/libnvToolsExt.so
2026-03-26 13:24:00,708 - INFO - [36m(setup pid=7461)[0m 	libnvToolsExt.so (libc6,x86-64) => /usr/local/cuda-12.8/targets/x86_64-linux/lib/libnvToolsExt.so
2026-03-26 13:24:00,708 - INFO - [36m(setup pid=7461)[0m 	libnvJitLink.so.12 (libc6,x86-64) => /usr/local/cuda-12.4/targets/x86_64-linux/lib/libnvJitLink.so.12
2026-03-26 13:24:00,708 - INFO - [36m(setup pid=7461)[0m 	libnvJitLink.so.12 (libc6,x86-64) => /usr/local/cuda-12.5/targets/x86_64-linux/lib/libnvJitLink.so.12
2026-03-26 13:24:00,708 - INFO - [36m(setup pid=7461)[0m 	libnvJitLink.so.12 (libc6,x86-64) => /usr/local/cuda-12.6/targets/x86_64-linux/lib/libnvJitLink.so.12
2026-03-26 13:24:00,907 - INFO - [36m(setup pid=7461)[0m 	libnvJitLink.so.12 (libc6,x86-64) => /usr/local/cuda-12.8/targets/x86_64-linux/lib/libnvJitLink.so.12
2026-03-26 13:24:00,907 - INFO - [36m(setup pid=7461)[0m 	libnvJitLink.so (libc6,x86-64) => /usr/local/cuda-12.4/targets/x86_64-linux/lib/libnvJitLink.so
2026-03-26 13:24:00,907 - INFO - [36m(setup pid=7461)[0m 	libnvJitLink.so (libc6,x86-64) => /usr/local/cuda-12.5/targets/x86_64-linux/lib/libnvJitLink.so
2026-03-26 13:24:00,907 - INFO - [36m(setup pid=7461)[0m 	libnvJitLink.so (libc6,x86-64) => /usr/local/cuda-12.6/targets/x86_64-linux/lib/libnvJitLink.so
2026-03-26 13:24:00,907 - INFO - [36m(setup pid=7461)[0m 	libnvJitLink.so (libc6,x86-64) => /usr/local/cuda-12.8/targets/x86_64-linux/lib/libnvJitLink.so
2026-03-26 13:24:00,907 - INFO - [36m(setup pid=7461)[0m 	libnpps.so.12 (libc6,x86-64) => /usr/local/cuda-12.4/targets/x86_64-linux/lib/libnpps.so.12
2026-03-26 13:24:00,907 - INFO - [36m(setup pid=7461)[0m 	libnpps.so.12 (libc6,x86-64) => /usr/local/cuda-12.5/targets/x86_64-linux/lib/libnpps.so.12
2026-03-26 13:24:00,907 - INFO - [36m(setup pid=7461)[0m 	libnpps.so.12 (libc6,x86-64) => /usr/local/cuda-12.6/targets/x86_64-linux/lib/libnpps.so.12
2026-03-26 13:24:00,907 - INFO - [36m(setup pid=7461)[0m 	libnpps.so.12 (libc6,x86-64) => /usr/local/cuda-12.8/targets/x86_64-linux/lib/libnpps.so.12
2026-03-26 13:24:00,907 - INFO - [36m(setup pid=7461)[0m 	libnpps.so (libc6,x86-64) => /usr/local/cuda-12.4/targets/x86_64-linux/lib/libnpps.so
2026-03-26 13:24:00,907 - INFO - [36m(setup pid=7461)[0m 	libnpps.so (libc6,x86-64) => /usr/local/cuda-12.5/targets/x86_64-linux/lib/libnpps.so
2026-03-26 13:24:00,907 - INFO - [36m(setup pid=7461)[0m 	libnpps.so (libc6,x86-64) => /usr/local/cuda-12.6/targets/x86_64-linux/lib/libnpps.so
2026-03-26 13:24:00,907 - INFO - [36m(setup pid=7461)[0m 	libnpps.so (libc6,x86-64) => /usr/local/cuda-12.8/targets/x86_64-linux/lib/libnpps.so
2026-03-26 13:24:00,907 - INFO - [36m(setup pid=7461)[0m 	libnppitc.so.12 (libc6,x86-64) => /usr/local/cuda-12.4/targets/x86_64-linux/lib/libnppitc.so.12
2026-03-26 13:24:00,907 - INFO - [36m(setup pid=7461)[0m 	libnppitc.so.12 (libc6,x86-64) => /usr/local/cuda-12.5/targets/x86_64-linux/lib/libnppitc.so.12
2026-03-26 13:24:00,907 - INFO - [36m(setup pid=7461)[0m 	libnppitc.so.12 (libc6,x86-64) => /usr/local/cuda-12.6/targets/x86_64-linux/lib/libnppitc.so.12
2026-03-26 13:24:00,907 - INFO - [36m(setup pid=7461)[0m 	libnppitc.so.12 (libc6,x86-64) => /usr/local/cuda-12.8/targets/x86_64-linux/lib/libnppitc.so.12
2026-03-26 13:24:00,907 - INFO - [36m(setup pid=7461)[0m 	libnppitc.so (libc6,x86-64) => /usr/local/cuda-12.4/targets/x86_64-linux/lib/libnppitc.so
2026-03-26 13:24:00,907 - INFO - [36m(setup pid=7461)[0m 	libnppitc.so (libc6,x86-64) => /usr/local/cuda-12.5/targets/x86_64-linux/lib/libnppitc.so
2026-03-26 13:24:00,907 - INFO - [36m(setup pid=7461)[0m 	libnppitc.so (libc6,x86-64) => /usr/local/cuda-12.6/targets/x86_64-linux/lib/libnppitc.so
2026-03-26 13:24:00,907 - INFO - [36m(setup pid=7461)[0m 	libnppitc.so (libc6,x86-64) => /usr/local/cuda-12.8/targets/x86_64-linux/lib/libnppitc.so
2026-03-26 13:24:00,907 - INFO - [36m(setup pid=7461)[0m 	libnppisu.so.12 (libc6,x86-64) => /usr/local/cuda-12.4/targets/x86_64-linux/lib/libnppisu.so.12
2026-03-26 13:24:00,907 - INFO - [36m(setup pid=7461)[0m 	libnppisu.so.12 (libc6,x86-64) => /usr/local/cuda-12.5/targets/x86_64-linux/lib/libnppisu.so.12
2026-03-26 13:24:00,907 - INFO - [36m(setup pid=7461)[0m 	libnppisu.so.12 (libc6,x86-64) => /usr/local/cuda-12.6/targets/x86_64-linux/lib/libnppisu.so.12
2026-03-26 13:24:00,908 - INFO - [36m(setup pid=7461)[0m 	libnppisu.so.12 (libc6,x86-64) => /usr/local/cuda-12.8/targets/x86_64-linux/lib/libnppisu.so.12
2026-03-26 13:24:00,908 - INFO - [36m(setup pid=7461)[0m 	libnppisu.so (libc6,x86-64) => /usr/local/cuda-12.4/targets/x86_64-linux/lib/libnppisu.so
2026-03-26 13:24:00,908 - INFO - [36m(setup pid=7461)[0m 	libnppisu.so (libc6,x86-64) => /usr/local/cuda-12.5/targets/x86_64-linux/lib/libnppisu.so
2026-03-26 13:24:00,908 - INFO - [36m(setup pid=7461)[0m 	libnppisu.so (libc6,x86-64) => /usr/local/cuda-12.6/targets/x86_64-linux/lib/libnppisu.so
2026-03-26 13:24:00,908 - INFO - [36m(setup pid=7461)[0m 	libnppisu.so (libc6,x86-64) => /usr/local/cuda-12.8/targets/x86_64-linux/lib/libnppisu.so
2026-03-26 13:24:00,908 - INFO - [36m(setup pid=7461)[0m 	libnppist.so.12 (libc6,x86-64) => /usr/local/cuda-12.4/targets/x86_64-linux/lib/libnppist.so.12
2026-03-26 13:24:00,908 - INFO - [36m(setup pid=7461)[0m 	libnppist.so.12 (libc6,x86-64) => /usr/local/cuda-12.5/targets/x86_64-linux/lib/libnppist.so.12
2026-03-26 13:24:00,908 - INFO - [36m(setup pid=7461)[0m 	libnppist.so.12 (libc6,x86-64) => /usr/local/cuda-12.6/targets/x86_64-linux/lib/libnppist.so.12
2026-03-26 13:24:00,908 - INFO - [36m(setup pid=7461)[0m 	libnppist.so.12 (libc6,x86-64) => /usr/local/cuda-12.8/targets/x86_64-linux/lib/libnppist.so.12
2026-03-26 13:24:00,908 - INFO - [36m(setup pid=7461)[0m 	libnppist.so (libc6,x86-64) => /usr/local/cuda-12.4/targets/x86_64-linux/lib/libnppist.so
2026-03-26 13:24:00,908 - INFO - [36m(setup pid=7461)[0m 	libnppist.so (libc6,x86-64) => /usr/local/cuda-12.5/targets/x86_64-linux/lib/libnppist.so
2026-03-26 13:24:00,908 - INFO - [36m(setup pid=7461)[0m 	libnppist.so (libc6,x86-64) => /usr/local/cuda-12.6/targets/x86_64-linux/lib/libnppist.so
2026-03-26 13:24:00,908 - INFO - [36m(setup pid=7461)[0m 	libnppist.so (libc6,x86-64) => /usr/local/cuda-12.8/targets/x86_64-linux/lib/libnppist.so
2026-03-26 13:24:00,908 - INFO - [36m(setup pid=7461)[0m 	libnppim.so.12 (libc6,x86-64) => /usr/local/cuda-12.4/targets/x86_64-linux/lib/libnppim.so.12
2026-03-26 13:24:00,908 - INFO - [36m(setup pid=7461)[0m 	libnppim.so.12 (libc6,x86-64) => /usr/local/cuda-12.5/targets/x86_64-linux/lib/libnppim.so.12
2026-03-26 13:24:00,908 - INFO - [36m(setup pid=7461)[0m 	libnppim.so.12 (libc6,x86-64) => /usr/local/cuda-12.6/targets/x86_64-linux/lib/libnppim.so.12
2026-03-26 13:24:00,908 - INFO - [36m(setup pid=7461)[0m 	libnppim.so.12 (libc6,x86-64) => /usr/local/cuda-12.8/targets/x86_64-linux/lib/libnppim.so.12
2026-03-26 13:24:00,908 - INFO - [36m(setup pid=7461)[0m 	libnppim.so (libc6,x86-64) => /usr/local/cuda-12.4/targets/x86_64-linux/lib/libnppim.so
2026-03-26 13:24:00,908 - INFO - [36m(setup pid=7461)[0m 	libnppim.so (libc6,x86-64) => /usr/local/cuda-12.5/targets/x86_64-linux/lib/libnppim.so
2026-03-26 13:24:00,908 - INFO - [36m(setup pid=7461)[0m 	libnppim.so (libc6,x86-64) => /usr/local/cuda-12.6/targets/x86_64-linux/lib/libnppim.so
2026-03-26 13:24:00,908 - INFO - [36m(setup pid=7461)[0m 	libnppim.so (libc6,x86-64) => /usr/local/cuda-12.8/targets/x86_64-linux/lib/libnppim.so
2026-03-26 13:24:00,908 - INFO - [36m(setup pid=7461)[0m 	libnppig.so.12 (libc6,x86-64) => /usr/local/cuda-12.4/targets/x86_64-linux/lib/libnppig.so.12
2026-03-26 13:24:00,908 - INFO - [36m(setup pid=7461)[0m 	libnppig.so.12 (libc6,x86-64) => /usr/local/cuda-12.5/targets/x86_64-linux/lib/libnppig.so.12
2026-03-26 13:24:00,908 - INFO - [36m(setup pid=7461)[0m 	libnppig.so.12 (libc6,x86-64) => /usr/local/cuda-12.6/targets/x86_64-linux/lib/libnppig.so.12
2026-03-26 13:24:00,908 - INFO - [36m(setup pid=7461)[0m 	libnppig.so.12 (libc6,x86-64) => /usr/local/cuda-12.8/targets/x86_64-linux/lib/libnppig.so.12
2026-03-26 13:24:00,908 - INFO - [36m(setup pid=7461)[0m 	libnppig.so (libc6,x86-64) => /usr/local/cuda-12.4/targets/x86_64-linux/lib/libnppig.so
2026-03-26 13:24:00,908 - INFO - [36m(setup pid=7461)[0m 	libnppig.so (libc6,x86-64) => /usr/local/cuda-12.5/targets/x86_64-linux/lib/libnppig.so
2026-03-26 13:24:00,908 - INFO - [36m(setup pid=7461)[0m 	libnppig.so (libc6,x86-64) => /usr/local/cuda-12.6/targets/x86_64-linux/lib/libnppig.so
2026-03-26 13:24:00,908 - INFO - [36m(setup pid=7461)[0m 	libnppig.so (libc6,x86-64) => /usr/local/cuda-12.8/targets/x86_64-linux/lib/libnppig.so
2026-03-26 13:24:00,908 - INFO - [36m(setup pid=7461)[0m 	libnppif.so.12 (libc6,x86-64) => /usr/local/cuda-12.4/targets/x86_64-linux/lib/libnppif.so.12
2026-03-26 13:24:00,908 - INFO - [36m(setup pid=7461)[0m 	libnppif.so.12 (libc6,x86-64) => /usr/local/cuda-12.5/targets/x86_64-linux/lib/libnppif.so.12
2026-03-26 13:24:00,908 - INFO - [36m(setup pid=7461)[0m 	libnppif.so.12 (libc6,x86-64) => /usr/local/cuda-12.6/targets/x86_64-linux/lib/libnppif.so.12
2026-03-26 13:24:00,908 - INFO - [36m(setup pid=7461)[0m 	libnppif.so.12 (libc6,x86-64) => /usr/local/cuda-12.8/targets/x86_64-linux/lib/libnppif.so.12
2026-03-26 13:24:00,908 - INFO - [36m(setup pid=7461)[0m 	libnppif.so (libc6,x86-64) => /usr/local/cuda-12.4/targets/x86_64-linux/lib/libnppif.so
2026-03-26 13:24:00,908 - INFO - [36m(setup pid=7461)[0m 	libnppif.so (libc6,x86-64) => /usr/local/cuda-12.5/targets/x86_64-linux/lib/libnppif.so
2026-03-26 13:24:00,908 - INFO - [36m(setup pid=7461)[0m 	libnppif.so (libc6,x86-64) => /usr/local/cuda-12.6/targets/x86_64-linux/lib/libnppif.so
2026-03-26 13:24:00,908 - INFO - [36m(setup pid=7461)[0m 	libnppif.so (libc6,x86-64) => /usr/local/cuda-12.8/targets/x86_64-linux/lib/libnppif.so
2026-03-26 13:24:00,908 - INFO - [36m(setup pid=7461)[0m 	libnppidei.so.12 (libc6,x86-64) => /usr/local/cuda-12.4/targets/x86_64-linux/lib/libnppidei.so.12
2026-03-26 13:24:00,908 - INFO - [36m(setup pid=7461)[0m 	libnppidei.so.12 (libc6,x86-64) => /usr/local/cuda-12.5/targets/x86_64-linux/lib/libnppidei.so.12
2026-03-26 13:24:00,908 - INFO - [36m(setup pid=7461)[0m 	libnppidei.so.12 (libc6,x86-64) => /usr/local/cuda-12.6/targets/x86_64-linux/lib/libnppidei.so.12
2026-03-26 13:24:00,908 - INFO - [36m(setup pid=7461)[0m 	libnppidei.so.12 (libc6,x86-64) => /usr/local/cuda-12.8/targets/x86_64-linux/lib/libnppidei.so.12
2026-03-26 13:24:00,908 - INFO - [36m(setup pid=7461)[0m 	libnppidei.so (libc6,x86-64) => /usr/local/cuda-12.4/targets/x86_64-linux/lib/libnppidei.so
2026-03-26 13:24:00,908 - INFO - [36m(setup pid=7461)[0m 	libnppidei.so (libc6,x86-64) => /usr/local/cuda-12.5/targets/x86_64-linux/lib/libnppidei.so
2026-03-26 13:24:00,908 - INFO - [36m(setup pid=7461)[0m 	libnppidei.so (libc6,x86-64) => /usr/local/cuda-12.6/targets/x86_64-linux/lib/libnppidei.so
2026-03-26 13:24:00,908 - INFO - [36m(setup pid=7461)[0m 	libnppidei.so (libc6,x86-64) => /usr/local/cuda-12.8/targets/x86_64-linux/lib/libnppidei.so
2026-03-26 13:24:00,908 - INFO - [36m(setup pid=7461)[0m 	libnppicc.so.12 (libc6,x86-64) => /usr/local/cuda-12.4/targets/x86_64-linux/lib/libnppicc.so.12
2026-03-26 13:24:00,908 - INFO - [36m(setup pid=7461)[0m 	libnppicc.so.12 (libc6,x86-64) => /usr/local/cuda-12.5/targets/x86_64-linux/lib/libnppicc.so.12
2026-03-26 13:24:00,908 - INFO - [36m(setup pid=7461)[0m 	libnppicc.so.12 (libc6,x86-64) => /usr/local/cuda-12.6/targets/x86_64-linux/lib/libnppicc.so.12
2026-03-26 13:24:00,908 - INFO - [36m(setup pid=7461)[0m 	libnppicc.so.12 (libc6,x86-64) => /usr/local/cuda-12.8/targets/x86_64-linux/lib/libnppicc.so.12
2026-03-26 13:24:00,908 - INFO - [36m(setup pid=7461)[0m 	libnppicc.so (libc6,x86-64) => /usr/local/cuda-12.4/targets/x86_64-linux/lib/libnppicc.so
2026-03-26 13:24:00,908 - INFO - [36m(setup pid=7461)[0m 	libnppicc.so (libc6,x86-64) => /usr/local/cuda-12.5/targets/x86_64-linux/lib/libnppicc.so
2026-03-26 13:24:00,908 - INFO - [36m(setup pid=7461)[0m 	libnppicc.so (libc6,x86-64) => /usr/local/cuda-12.6/targets/x86_64-linux/lib/libnppicc.so
2026-03-26 13:24:00,908 - INFO - [36m(setup pid=7461)[0m 	libnppicc.so (libc6,x86-64) => /usr/local/cuda-12.8/targets/x86_64-linux/lib/libnppicc.so
2026-03-26 13:24:00,908 - INFO - [36m(setup pid=7461)[0m 	libnppial.so.12 (libc6,x86-64) => /usr/local/cuda-12.4/targets/x86_64-linux/lib/libnppial.so.12
2026-03-26 13:24:00,908 - INFO - [36m(setup pid=7461)[0m 	libnppial.so.12 (libc6,x86-64) => /usr/local/cuda-12.5/targets/x86_64-linux/lib/libnppial.so.12
2026-03-26 13:24:00,908 - INFO - [36m(setup pid=7461)[0m 	libnppial.so.12 (libc6,x86-64) => /usr/local/cuda-12.6/targets/x86_64-linux/lib/libnppial.so.12
2026-03-26 13:24:00,908 - INFO - [36m(setup pid=7461)[0m 	libnppial.so.12 (libc6,x86-64) => /usr/local/cuda-12.8/targets/x86_64-linux/lib/libnppial.so.12
2026-03-26 13:24:00,908 - INFO - [36m(setup pid=7461)[0m 	libnppial.so (libc6,x86-64) => /usr/local/cuda-12.4/targets/x86_64-linux/lib/libnppial.so
2026-03-26 13:24:00,908 - INFO - [36m(setup pid=7461)[0m 	libnppial.so (libc6,x86-64) => /usr/local/cuda-12.5/targets/x86_64-linux/lib/libnppial.so
2026-03-26 13:24:00,908 - INFO - [36m(setup pid=7461)[0m 	libnppial.so (libc6,x86-64) => /usr/local/cuda-12.6/targets/x86_64-linux/lib/libnppial.so
2026-03-26 13:24:00,908 - INFO - [36m(setup pid=7461)[0m 	libnppial.so (libc6,x86-64) => /usr/local/cuda-12.8/targets/x86_64-linux/lib/libnppial.so
2026-03-26 13:24:00,908 - INFO - [36m(setup pid=7461)[0m 	libnppc.so.12 (libc6,x86-64) => /usr/local/cuda-12.4/targets/x86_64-linux/lib/libnppc.so.12
2026-03-26 13:24:00,908 - INFO - [36m(setup pid=7461)[0m 	libnppc.so.12 (libc6,x86-64) => /usr/local/cuda-12.5/targets/x86_64-linux/lib/libnppc.so.12
2026-03-26 13:24:00,908 - INFO - [36m(setup pid=7461)[0m 	libnppc.so.12 (libc6,x86-64) => /usr/local/cuda-12.6/targets/x86_64-linux/lib/libnppc.so.12
2026-03-26 13:24:00,908 - INFO - [36m(setup pid=7461)[0m 	libnppc.so.12 (libc6,x86-64) => /usr/local/cuda-12.8/targets/x86_64-linux/lib/libnppc.so.12
2026-03-26 13:24:00,908 - INFO - [36m(setup pid=7461)[0m 	libnppc.so (libc6,x86-64) => /usr/local/cuda-12.4/targets/x86_64-linux/lib/libnppc.so
2026-03-26 13:24:00,908 - INFO - [36m(setup pid=7461)[0m 	libnppc.so (libc6,x86-64) => /usr/local/cuda-12.5/targets/x86_64-linux/lib/libnppc.so
2026-03-26 13:24:00,908 - INFO - [36m(setup pid=7461)[0m 	libnppc.so (libc6,x86-64) => /usr/local/cuda-12.6/targets/x86_64-linux/lib/libnppc.so
2026-03-26 13:24:00,908 - INFO - [36m(setup pid=7461)[0m 	libnppc.so (libc6,x86-64) => /usr/local/cuda-12.8/targets/x86_64-linux/lib/libnppc.so
2026-03-26 13:24:00,908 - INFO - [36m(setup pid=7461)[0m 	libicudata.so.70 (libc6,x86-64) => /lib/x86_64-linux-gnu/libicudata.so.70
2026-03-26 13:24:00,908 - INFO - [36m(setup pid=7461)[0m 	libcusparse.so.12 (libc6,x86-64) => /usr/local/cuda-12.4/targets/x86_64-linux/lib/libcusparse.so.12
2026-03-26 13:24:00,908 - INFO - [36m(setup pid=7461)[0m 	libcusparse.so.12 (libc6,x86-64) => /usr/local/cuda-12.5/targets/x86_64-linux/lib/libcusparse.so.12
2026-03-26 13:24:00,908 - INFO - [36m(setup pid=7461)[0m 	libcusparse.so.12 (libc6,x86-64) => /usr/local/cuda-12.6/targets/x86_64-linux/lib/libcusparse.so.12
2026-03-26 13:24:00,908 - INFO - [36m(setup pid=7461)[0m 	libcusparse.so.12 (libc6,x86-64) => /usr/local/cuda-12.8/targets/x86_64-linux/lib/libcusparse.so.12
2026-03-26 13:24:00,908 - INFO - [36m(setup pid=7461)[0m 	libcusparse.so (libc6,x86-64) => /usr/local/cuda-12.4/targets/x86_64-linux/lib/libcusparse.so
2026-03-26 13:24:00,908 - INFO - [36m(setup pid=7461)[0m 	libcusparse.so (libc6,x86-64) => /usr/local/cuda-12.5/targets/x86_64-linux/lib/libcusparse.so
2026-03-26 13:24:00,908 - INFO - [36m(setup pid=7461)[0m 	libcusparse.so (libc6,x86-64) => /usr/local/cuda-12.6/targets/x86_64-linux/lib/libcusparse.so
2026-03-26 13:24:00,908 - INFO - [36m(setup pid=7461)[0m 	libcusparse.so (libc6,x86-64) => /usr/local/cuda-12.8/targets/x86_64-linux/lib/libcusparse.so
2026-03-26 13:24:00,908 - INFO - [36m(setup pid=7461)[0m 	libcusolverMg.so.11 (libc6,x86-64) => /usr/local/cuda-12.4/targets/x86_64-linux/lib/libcusolverMg.so.11
2026-03-26 13:24:00,908 - INFO - [36m(setup pid=7461)[0m 	libcusolverMg.so.11 (libc6,x86-64) => /usr/local/cuda-12.5/targets/x86_64-linux/lib/libcusolverMg.so.11
2026-03-26 13:24:00,909 - INFO - [36m(setup pid=7461)[0m 	libcusolverMg.so.11 (libc6,x86-64) => /usr/local/cuda-12.6/targets/x86_64-linux/lib/libcusolverMg.so.11
2026-03-26 13:24:00,909 - INFO - [36m(setup pid=7461)[0m 	libcusolverMg.so.11 (libc6,x86-64) => /usr/local/cuda-12.8/targets/x86_64-linux/lib/libcusolverMg.so.11
2026-03-26 13:24:00,909 - INFO - [36m(setup pid=7461)[0m 	libcusolverMg.so (libc6,x86-64) => /usr/local/cuda-12.4/targets/x86_64-linux/lib/libcusolverMg.so
2026-03-26 13:24:00,909 - INFO - [36m(setup pid=7461)[0m 	libcusolverMg.so (libc6,x86-64) => /usr/local/cuda-12.5/targets/x86_64-linux/lib/libcusolverMg.so
2026-03-26 13:24:00,909 - INFO - [36m(setup pid=7461)[0m 	libcusolverMg.so (libc6,x86-64) => /usr/local/cuda-12.6/targets/x86_64-linux/lib/libcusolverMg.so
2026-03-26 13:24:00,909 - INFO - [36m(setup pid=7461)[0m 	libcusolverMg.so (libc6,x86-64) => /usr/local/cuda-12.8/targets/x86_64-linux/lib/libcusolverMg.so
2026-03-26 13:24:00,909 - INFO - [36m(setup pid=7461)[0m 	libcusolver.so.11 (libc6,x86-64) => /usr/local/cuda-12.4/targets/x86_64-linux/lib/libcusolver.so.11
2026-03-26 13:24:00,909 - INFO - [36m(setup pid=7461)[0m 	libcusolver.so.11 (libc6,x86-64) => /usr/local/cuda-12.5/targets/x86_64-linux/lib/libcusolver.so.11
2026-03-26 13:24:00,909 - INFO - [36m(setup pid=7461)[0m 	libcusolver.so.11 (libc6,x86-64) => /usr/local/cuda-12.6/targets/x86_64-linux/lib/libcusolver.so.11
2026-03-26 13:24:00,909 - INFO - [36m(setup pid=7461)[0m 	libcusolver.so.11 (libc6,x86-64) => /usr/local/cuda-12.8/targets/x86_64-linux/lib/libcusolver.so.11
2026-03-26 13:24:00,909 - INFO - [36m(setup pid=7461)[0m 	libcusolver.so (libc6,x86-64) => /usr/local/cuda-12.4/targets/x86_64-linux/lib/libcusolver.so
2026-03-26 13:24:00,909 - INFO - [36m(setup pid=7461)[0m 	libcusolver.so (libc6,x86-64) => /usr/local/cuda-12.5/targets/x86_64-linux/lib/libcusolver.so
2026-03-26 13:24:00,909 - INFO - [36m(setup pid=7461)[0m 	libcusolver.so (libc6,x86-64) => /usr/local/cuda-12.6/targets/x86_64-linux/lib/libcusolver.so
2026-03-26 13:24:00,909 - INFO - [36m(setup pid=7461)[0m 	libcusolver.so (libc6,x86-64) => /usr/local/cuda-12.8/targets/x86_64-linux/lib/libcusolver.so
2026-03-26 13:24:00,909 - INFO - [36m(setup pid=7461)[0m 	libcurand.so.10 (libc6,x86-64) => /usr/local/cuda-12.4/targets/x86_64-linux/lib/libcurand.so.10
2026-03-26 13:24:00,909 - INFO - [36m(setup pid=7461)[0m 	libcurand.so.10 (libc6,x86-64) => /usr/local/cuda-12.5/targets/x86_64-linux/lib/libcurand.so.10
2026-03-26 13:24:00,909 - INFO - [36m(setup pid=7461)[0m 	libcurand.so.10 (libc6,x86-64) => /usr/local/cuda-12.6/targets/x86_64-linux/lib/libcurand.so.10
2026-03-26 13:24:00,909 - INFO - [36m(setup pid=7461)[0m 	libcurand.so.10 (libc6,x86-64) => /usr/local/cuda-12.8/targets/x86_64-linux/lib/libcurand.so.10
2026-03-26 13:24:00,909 - INFO - [36m(setup pid=7461)[0m 	libcurand.so (libc6,x86-64) => /usr/local/cuda-12.4/targets/x86_64-linux/lib/libcurand.so
2026-03-26 13:24:00,909 - INFO - [36m(setup pid=7461)[0m 	libcurand.so (libc6,x86-64) => /usr/local/cuda-12.5/targets/x86_64-linux/lib/libcurand.so
2026-03-26 13:24:00,909 - INFO - [36m(setup pid=7461)[0m 	libcurand.so (libc6,x86-64) => /usr/local/cuda-12.6/targets/x86_64-linux/lib/libcurand.so
2026-03-26 13:24:00,909 - INFO - [36m(setup pid=7461)[0m 	libcurand.so (libc6,x86-64) => /usr/local/cuda-12.8/targets/x86_64-linux/lib/libcurand.so
2026-03-26 13:24:00,909 - INFO - [36m(setup pid=7461)[0m 	libcuinj64.so.12.8 (libc6,x86-64) => /usr/local/cuda-12.8/targets/x86_64-linux/lib/libcuinj64.so.12.8
2026-03-26 13:24:00,909 - INFO - [36m(setup pid=7461)[0m 	libcuinj64.so.12.6 (libc6,x86-64) => /usr/local/cuda-12.6/targets/x86_64-linux/lib/libcuinj64.so.12.6
2026-03-26 13:24:00,909 - INFO - [36m(setup pid=7461)[0m 	libcuinj64.so.12.5 (libc6,x86-64) => /usr/local/cuda-12.5/targets/x86_64-linux/lib/libcuinj64.so.12.5
2026-03-26 13:24:00,909 - INFO - [36m(setup pid=7461)[0m 	libcuinj64.so.12.4 (libc6,x86-64) => /usr/local/cuda-12.4/targets/x86_64-linux/lib/libcuinj64.so.12.4
2026-03-26 13:24:00,909 - INFO - [36m(setup pid=7461)[0m 	libcuinj64.so (libc6,x86-64) => /usr/local/cuda-12.4/targets/x86_64-linux/lib/libcuinj64.so
2026-03-26 13:24:00,909 - INFO - [36m(setup pid=7461)[0m 	libcuinj64.so (libc6,x86-64) => /usr/local/cuda-12.5/targets/x86_64-linux/lib/libcuinj64.so
2026-03-26 13:24:00,909 - INFO - [36m(setup pid=7461)[0m 	libcuinj64.so (libc6,x86-64) => /usr/local/cuda-12.6/targets/x86_64-linux/lib/libcuinj64.so
2026-03-26 13:24:00,909 - INFO - [36m(setup pid=7461)[0m 	libcuinj64.so (libc6,x86-64) => /usr/local/cuda-12.8/targets/x86_64-linux/lib/libcuinj64.so
2026-03-26 13:24:00,909 - INFO - [36m(setup pid=7461)[0m 	libcufile_rdma.so.1 (libc6,x86-64) => /usr/local/cuda-12.4/targets/x86_64-linux/lib/libcufile_rdma.so.1
2026-03-26 13:24:00,909 - INFO - [36m(setup pid=7461)[0m 	libcufile_rdma.so.1 (libc6,x86-64) => /usr/local/cuda-12.5/targets/x86_64-linux/lib/libcufile_rdma.so.1
2026-03-26 13:24:00,909 - INFO - [36m(setup pid=7461)[0m 	libcufile_rdma.so.1 (libc6,x86-64) => /usr/local/cuda-12.6/targets/x86_64-linux/lib/libcufile_rdma.so.1
2026-03-26 13:24:00,909 - INFO - [36m(setup pid=7461)[0m 	libcufile_rdma.so.1 (libc6,x86-64) => /usr/local/cuda-12.8/targets/x86_64-linux/lib/libcufile_rdma.so.1
2026-03-26 13:24:00,909 - INFO - [36m(setup pid=7461)[0m 	libcufile_rdma.so (libc6,x86-64) => /usr/local/cuda-12.4/targets/x86_64-linux/lib/libcufile_rdma.so
2026-03-26 13:24:00,909 - INFO - [36m(setup pid=7461)[0m 	libcufile_rdma.so (libc6,x86-64) => /usr/local/cuda-12.5/targets/x86_64-linux/lib/libcufile_rdma.so
2026-03-26 13:24:00,909 - INFO - [36m(setup pid=7461)[0m 	libcufile_rdma.so (libc6,x86-64) => /usr/local/cuda-12.6/targets/x86_64-linux/lib/libcufile_rdma.so
2026-03-26 13:24:00,909 - INFO - [36m(setup pid=7461)[0m 	libcufile_rdma.so (libc6,x86-64) => /usr/local/cuda-12.8/targets/x86_64-linux/lib/libcufile_rdma.so
2026-03-26 13:24:00,909 - INFO - [36m(setup pid=7461)[0m 	libcufile.so.0 (libc6,x86-64) => /usr/local/cuda-12.4/targets/x86_64-linux/lib/libcufile.so.0
2026-03-26 13:24:00,909 - INFO - [36m(setup pid=7461)[0m 	libcufile.so.0 (libc6,x86-64) => /usr/local/cuda-12.5/targets/x86_64-linux/lib/libcufile.so.0
2026-03-26 13:24:00,909 - INFO - [36m(setup pid=7461)[0m 	libcufile.so.0 (libc6,x86-64) => /usr/local/cuda-12.6/targets/x86_64-linux/lib/libcufile.so.0
2026-03-26 13:24:00,909 - INFO - [36m(setup pid=7461)[0m 	libcufile.so.0 (libc6,x86-64) => /usr/local/cuda-12.8/targets/x86_64-linux/lib/libcufile.so.0
2026-03-26 13:24:00,909 - INFO - [36m(setup pid=7461)[0m 	libcufile.so (libc6,x86-64) => /usr/local/cuda-12.4/targets/x86_64-linux/lib/libcufile.so
2026-03-26 13:24:00,909 - INFO - [36m(setup pid=7461)[0m 	libcufile.so (libc6,x86-64) => /usr/local/cuda-12.5/targets/x86_64-linux/lib/libcufile.so
2026-03-26 13:24:00,909 - INFO - [36m(setup pid=7461)[0m 	libcufile.so (libc6,x86-64) => /usr/local/cuda-12.6/targets/x86_64-linux/lib/libcufile.so
2026-03-26 13:24:00,909 - INFO - [36m(setup pid=7461)[0m 	libcufile.so (libc6,x86-64) => /usr/local/cuda-12.8/targets/x86_64-linux/lib/libcufile.so
2026-03-26 13:24:00,909 - INFO - [36m(setup pid=7461)[0m 	libcufftw.so.11 (libc6,x86-64) => /usr/local/cuda-12.4/targets/x86_64-linux/lib/libcufftw.so.11
2026-03-26 13:24:00,909 - INFO - [36m(setup pid=7461)[0m 	libcufftw.so.11 (libc6,x86-64) => /usr/local/cuda-12.5/targets/x86_64-linux/lib/libcufftw.so.11
2026-03-26 13:24:00,909 - INFO - [36m(setup pid=7461)[0m 	libcufftw.so.11 (libc6,x86-64) => /usr/local/cuda-12.6/targets/x86_64-linux/lib/libcufftw.so.11
2026-03-26 13:24:00,909 - INFO - [36m(setup pid=7461)[0m 	libcufftw.so.11 (libc6,x86-64) => /usr/local/cuda-12.8/targets/x86_64-linux/lib/libcufftw.so.11
2026-03-26 13:24:00,909 - INFO - [36m(setup pid=7461)[0m 	libcufftw.so (libc6,x86-64) => /usr/local/cuda-12.4/targets/x86_64-linux/lib/libcufftw.so
2026-03-26 13:24:00,909 - INFO - [36m(setup pid=7461)[0m 	libcufftw.so (libc6,x86-64) => /usr/local/cuda-12.5/targets/x86_64-linux/lib/libcufftw.so
2026-03-26 13:24:00,909 - INFO - [36m(setup pid=7461)[0m 	libcufftw.so (libc6,x86-64) => /usr/local/cuda-12.6/targets/x86_64-linux/lib/libcufftw.so
2026-03-26 13:24:00,909 - INFO - [36m(setup pid=7461)[0m 	libcufftw.so (libc6,x86-64) => /usr/local/cuda-12.8/targets/x86_64-linux/lib/libcufftw.so
2026-03-26 13:24:00,909 - INFO - [36m(setup pid=7461)[0m 	libcufft.so.11 (libc6,x86-64) => /usr/local/cuda-12.4/targets/x86_64-linux/lib/libcufft.so.11
2026-03-26 13:24:00,909 - INFO - [36m(setup pid=7461)[0m 	libcufft.so.11 (libc6,x86-64) => /usr/local/cuda-12.5/targets/x86_64-linux/lib/libcufft.so.11
2026-03-26 13:24:00,909 - INFO - [36m(setup pid=7461)[0m 	libcufft.so.11 (libc6,x86-64) => /usr/local/cuda-12.6/targets/x86_64-linux/lib/libcufft.so.11
2026-03-26 13:24:00,909 - INFO - [36m(setup pid=7461)[0m 	libcufft.so.11 (libc6,x86-64) => /usr/local/cuda-12.8/targets/x86_64-linux/lib/libcufft.so.11
2026-03-26 13:24:00,909 - INFO - [36m(setup pid=7461)[0m 	libcufft.so (libc6,x86-64) => /usr/local/cuda-12.4/targets/x86_64-linux/lib/libcufft.so
2026-03-26 13:24:00,909 - INFO - [36m(setup pid=7461)[0m 	libcufft.so (libc6,x86-64) => /usr/local/cuda-12.5/targets/x86_64-linux/lib/libcufft.so
2026-03-26 13:24:00,909 - INFO - [36m(setup pid=7461)[0m 	libcufft.so (libc6,x86-64) => /usr/local/cuda-12.6/targets/x86_64-linux/lib/libcufft.so
2026-03-26 13:24:00,909 - INFO - [36m(setup pid=7461)[0m 	libcufft.so (libc6,x86-64) => /usr/local/cuda-12.8/targets/x86_64-linux/lib/libcufft.so
2026-03-26 13:24:00,909 - INFO - [36m(setup pid=7461)[0m 	libcudart.so.12 (libc6,x86-64) => /usr/local/cuda-12.4/targets/x86_64-linux/lib/libcudart.so.12
2026-03-26 13:24:00,909 - INFO - [36m(setup pid=7461)[0m 	libcudart.so.12 (libc6,x86-64) => /usr/local/cuda-12.5/targets/x86_64-linux/lib/libcudart.so.12
2026-03-26 13:24:00,909 - INFO - [36m(setup pid=7461)[0m 	libcudart.so.12 (libc6,x86-64) => /usr/local/cuda-12.6/targets/x86_64-linux/lib/libcudart.so.12
2026-03-26 13:24:00,909 - INFO - [36m(setup pid=7461)[0m 	libcudart.so.12 (libc6,x86-64) => /usr/local/cuda-12.8/targets/x86_64-linux/lib/libcudart.so.12
2026-03-26 13:24:00,909 - INFO - [36m(setup pid=7461)[0m 	libcudart.so (libc6,x86-64) => /usr/local/cuda-12.4/targets/x86_64-linux/lib/libcudart.so
2026-03-26 13:24:00,909 - INFO - [36m(setup pid=7461)[0m 	libcudart.so (libc6,x86-64) => /usr/local/cuda-12.5/targets/x86_64-linux/lib/libcudart.so
2026-03-26 13:24:00,909 - INFO - [36m(setup pid=7461)[0m 	libcudart.so (libc6,x86-64) => /usr/local/cuda-12.6/targets/x86_64-linux/lib/libcudart.so
2026-03-26 13:24:00,909 - INFO - [36m(setup pid=7461)[0m 	libcudart.so (libc6,x86-64) => /usr/local/cuda-12.8/targets/x86_64-linux/lib/libcudart.so
2026-03-26 13:24:00,909 - INFO - [36m(setup pid=7461)[0m 	libcudadebugger.so.1 (libc6,x86-64) => /lib/x86_64-linux-gnu/libcudadebugger.so.1
2026-03-26 13:24:00,909 - INFO - [36m(setup pid=7461)[0m 	libcuda.so.1 (libc6,x86-64) => /lib/x86_64-linux-gnu/libcuda.so.1
2026-03-26 13:24:00,909 - INFO - [36m(setup pid=7461)[0m 	libcuda.so (libc6,x86-64) => /lib/x86_64-linux-gnu/libcuda.so
2026-03-26 13:24:00,909 - INFO - [36m(setup pid=7461)[0m 	libcublasLt.so.12 (libc6,x86-64) => /usr/local/cuda-12.4/targets/x86_64-linux/lib/libcublasLt.so.12
2026-03-26 13:24:00,909 - INFO - [36m(setup pid=7461)[0m 	libcublasLt.so.12 (libc6,x86-64) => /usr/local/cuda-12.5/targets/x86_64-linux/lib/libcublasLt.so.12
2026-03-26 13:24:00,909 - INFO - [36m(setup pid=7461)[0m 	libcublasLt.so.12 (libc6,x86-64) => /usr/local/cuda-12.6/targets/x86_64-linux/lib/libcublasLt.so.12
2026-03-26 13:24:00,909 - INFO - [36m(setup pid=7461)[0m 	libcublasLt.so.12 (libc6,x86-64) => /usr/local/cuda-12.8/targets/x86_64-linux/lib/libcublasLt.so.12
2026-03-26 13:24:00,909 - INFO - [36m(setup pid=7461)[0m 	libcublasLt.so (libc6,x86-64) => /usr/local/cuda-12.4/targets/x86_64-linux/lib/libcublasLt.so
2026-03-26 13:24:00,909 - INFO - [36m(setup pid=7461)[0m 	libcublasLt.so (libc6,x86-64) => /usr/local/cuda-12.5/targets/x86_64-linux/lib/libcublasLt.so
2026-03-26 13:24:00,909 - INFO - [36m(setup pid=7461)[0m 	libcublasLt.so (libc6,x86-64) => /usr/local/cuda-12.6/targets/x86_64-linux/lib/libcublasLt.so
2026-03-26 13:24:00,909 - INFO - [36m(setup pid=7461)[0m 	libcublasLt.so (libc6,x86-64) => /usr/local/cuda-12.8/targets/x86_64-linux/lib/libcublasLt.so
2026-03-26 13:24:00,909 - INFO - [36m(setup pid=7461)[0m 	libcublas.so.12 (libc6,x86-64) => /usr/local/cuda-12.4/targets/x86_64-linux/lib/libcublas.so.12
2026-03-26 13:24:00,909 - INFO - [36m(setup pid=7461)[0m 	libcublas.so.12 (libc6,x86-64) => /usr/local/cuda-12.5/targets/x86_64-linux/lib/libcublas.so.12
2026-03-26 13:24:00,909 - INFO - [36m(setup pid=7461)[0m 	libcublas.so.12 (libc6,x86-64) => /usr/local/cuda-12.6/targets/x86_64-linux/lib/libcublas.so.12
2026-03-26 13:24:00,910 - INFO - [36m(setup pid=7461)[0m 	libcublas.so.12 (libc6,x86-64) => /usr/local/cuda-12.8/targets/x86_64-linux/lib/libcublas.so.12
2026-03-26 13:24:00,910 - INFO - [36m(setup pid=7461)[0m 	libcublas.so (libc6,x86-64) => /usr/local/cuda-12.4/targets/x86_64-linux/lib/libcublas.so
2026-03-26 13:24:00,910 - INFO - [36m(setup pid=7461)[0m 	libcublas.so (libc6,x86-64) => /usr/local/cuda-12.5/targets/x86_64-linux/lib/libcublas.so
2026-03-26 13:24:00,910 - INFO - [36m(setup pid=7461)[0m 	libcublas.so (libc6,x86-64) => /usr/local/cuda-12.6/targets/x86_64-linux/lib/libcublas.so
2026-03-26 13:24:00,910 - INFO - [36m(setup pid=7461)[0m 	libcublas.so (libc6,x86-64) => /usr/local/cuda-12.8/targets/x86_64-linux/lib/libcublas.so
2026-03-26 13:24:00,910 - INFO - [36m(setup pid=7461)[0m 	libaccinj64.so.12.8 (libc6,x86-64) => /usr/local/cuda-12.8/targets/x86_64-linux/lib/libaccinj64.so.12.8
2026-03-26 13:24:00,910 - INFO - [36m(setup pid=7461)[0m 	libaccinj64.so.12.6 (libc6,x86-64) => /usr/local/cuda-12.6/targets/x86_64-linux/lib/libaccinj64.so.12.6
2026-03-26 13:24:00,910 - INFO - [36m(setup pid=7461)[0m 	libaccinj64.so.12.5 (libc6,x86-64) => /usr/local/cuda-12.5/targets/x86_64-linux/lib/libaccinj64.so.12.5
2026-03-26 13:24:00,910 - INFO - [36m(setup pid=7461)[0m 	libaccinj64.so.12.4 (libc6,x86-64) => /usr/local/cuda-12.4/targets/x86_64-linux/lib/libaccinj64.so.12.4
2026-03-26 13:24:00,910 - INFO - [36m(setup pid=7461)[0m 	libaccinj64.so (libc6,x86-64) => /usr/local/cuda-12.4/targets/x86_64-linux/lib/libaccinj64.so
2026-03-26 13:24:00,910 - INFO - [36m(setup pid=7461)[0m 	libaccinj64.so (libc6,x86-64) => /usr/local/cuda-12.5/targets/x86_64-linux/lib/libaccinj64.so
2026-03-26 13:24:00,910 - INFO - [36m(setup pid=7461)[0m 	libaccinj64.so (libc6,x86-64) => /usr/local/cuda-12.6/targets/x86_64-linux/lib/libaccinj64.so
2026-03-26 13:24:00,910 - INFO - [36m(setup pid=7461)[0m 	libaccinj64.so (libc6,x86-64) => /usr/local/cuda-12.8/targets/x86_64-linux/lib/libaccinj64.so
2026-03-26 13:24:00,910 - INFO - [36m(setup pid=7461)[0m 	libOpenCL.so.1 (libc6,x86-64) => /usr/local/cuda-12.4/targets/x86_64-linux/lib/libOpenCL.so.1
2026-03-26 13:24:00,910 - INFO - [36m(setup pid=7461)[0m 	libOpenCL.so.1 (libc6,x86-64) => /usr/local/cuda-12.5/targets/x86_64-linux/lib/libOpenCL.so.1
2026-03-26 13:24:00,910 - INFO - [36m(setup pid=7461)[0m 	libOpenCL.so.1 (libc6,x86-64) => /usr/local/cuda-12.6/targets/x86_64-linux/lib/libOpenCL.so.1
2026-03-26 13:24:00,910 - INFO - [36m(setup pid=7461)[0m 	libOpenCL.so.1 (libc6,x86-64) => /usr/local/cuda-12.8/targets/x86_64-linux/lib/libOpenCL.so.1
2026-03-26 13:24:00,910 - INFO - [36m(setup pid=7461)[0m 	libOpenCL.so (libc6,x86-64) => /usr/local/cuda-12.4/targets/x86_64-linux/lib/libOpenCL.so
2026-03-26 13:24:00,910 - INFO - [36m(setup pid=7461)[0m 	libOpenCL.so (libc6,x86-64) => /usr/local/cuda-12.5/targets/x86_64-linux/lib/libOpenCL.so
2026-03-26 13:24:00,910 - INFO - [36m(setup pid=7461)[0m 	libOpenCL.so (libc6,x86-64) => /usr/local/cuda-12.6/targets/x86_64-linux/lib/libOpenCL.so
2026-03-26 13:24:00,910 - INFO - [36m(setup pid=7461)[0m 	libOpenCL.so (libc6,x86-64) => /usr/local/cuda-12.8/targets/x86_64-linux/lib/libOpenCL.so
2026-03-26 13:24:00,910 - INFO - [36m(setup pid=7461)[0m + echo 'CUDA toolkit path:'
2026-03-26 13:24:00,910 - INFO - [36m(setup pid=7461)[0m CUDA toolkit path:
2026-03-26 13:24:00,910 - INFO - [36m(setup pid=7461)[0m + ls --color=auto -la /usr/local/cuda /usr/local/cuda-12.4 /usr/local/cuda-12.5 /usr/local/cuda-12.6 /usr/local/cuda-12.8
2026-03-26 13:24:00,910 - INFO - [36m(setup pid=7461)[0m lrwxrwxrwx  1 root root   21 Aug  8  2025 /usr/local/cuda -> /usr/local/cuda-12.8/
2026-03-26 13:24:00,910 - INFO - [36m(setup pid=7461)[0m
2026-03-26 13:24:00,910 - INFO - [36m(setup pid=7461)[0m /usr/local/cuda-12.4:
2026-03-26 13:24:00,910 - INFO - [36m(setup pid=7461)[0m total 188
2026-03-26 13:24:00,910 - INFO - [36m(setup pid=7461)[0m drwxr-xr-x 19 root   root    4096 Aug  8  2025 .
2026-03-26 13:24:00,910 - INFO - [36m(setup pid=7461)[0m drwxr-xr-x 15 root   root    4096 Aug  8  2025 ..
2026-03-26 13:24:00,910 - INFO - [36m(setup pid=7461)[0m -rw-r--r--  1 root   root     160 Aug  8  2025 DOCS
2026-03-26 13:24:00,910 - INFO - [36m(setup pid=7461)[0m -rw-r--r--  1 root   root   63021 Aug  8  2025 EULA.txt
2026-03-26 13:24:00,910 - INFO - [36m(setup pid=7461)[0m -rw-r--r--  1 ubuntu ubuntu 29662 Nov 30  2023 LICENSE
2026-03-26 13:24:00,910 - INFO - [36m(setup pid=7461)[0m -rw-r--r--  1 root   root    1895 Jun 11  2024 LICENSE.txt
2026-03-26 13:24:00,910 - INFO - [36m(setup pid=7461)[0m -rw-r--r--  1 root   root     524 Aug  8  2025 README
2026-03-26 13:24:00,910 - INFO - [36m(setup pid=7461)[0m drwxr-xr-x  3 root   root    4096 Aug  8  2025 bin
2026-03-26 13:24:00,910 - INFO - [36m(setup pid=7461)[0m drwxr-xr-x  5 root   root    4096 Aug  8  2025 compute-sanitizer
2026-03-26 13:24:00,910 - INFO - [36m(setup pid=7461)[0m drwxr-xr-x  3 root   root    4096 Aug  8  2025 efa
2026-03-26 13:24:00,910 - INFO - [36m(setup pid=7461)[0m drwxr-xr-x  5 root   root    4096 Aug  8  2025 extras
2026-03-26 13:24:00,910 - INFO - [36m(setup pid=7461)[0m drwxr-xr-x  5 root   root    4096 Aug  8  2025 gds
2026-03-26 13:24:00,910 - INFO - [36m(setup pid=7461)[0m drwxr-xr-x  2 root   root    4096 Aug  8  2025 gds-12.4
2026-03-26 13:24:00,910 - INFO - [36m(setup pid=7461)[0m lrwxrwxrwx  1 root   root      28 Aug  8  2025 include -> targets/x86_64-linux/include
2026-03-26 13:24:00,910 - INFO - [36m(setup pid=7461)[0m drwxrwxr-x  3 root   root    4096 Aug  8  2025 lib
2026-03-26 13:24:00,910 - INFO - [36m(setup pid=7461)[0m lrwxrwxrwx  1 root   root      24 Aug  8  2025 lib64 -> targets/x86_64-linux/lib
2026-03-26 13:24:00,910 - INFO - [36m(setup pid=7461)[0m drwxr-xr-x  7 root   root    4096 Aug  8  2025 libnvvp
2026-03-26 13:24:00,910 - INFO - [36m(setup pid=7461)[0m drwxr-xr-x  7 root   root    4096 Aug  8  2025 nsight-compute-2024.1.1
2026-03-26 13:24:00,910 - INFO - [36m(setup pid=7461)[0m drwxr-xr-x  6 root   root    4096 Aug  8  2025 nsight-systems-2023.4.4
2026-03-26 13:24:00,910 - INFO - [36m(setup pid=7461)[0m drwxr-xr-x  2 root   root    4096 Aug  8  2025 nsightee_plugins
2026-03-26 13:24:00,910 - INFO - [36m(setup pid=7461)[0m drwxr-xr-x  3 root   root    4096 Aug  8  2025 nvml
2026-03-26 13:24:00,910 - INFO - [36m(setup pid=7461)[0m drwxr-xr-x  6 root   root    4096 Aug  8  2025 nvvm
2026-03-26 13:24:00,910 - INFO - [36m(setup pid=7461)[0m drwxr-xr-x  3 root   root    4096 Aug  8  2025 share
2026-03-26 13:24:00,910 - INFO - [36m(setup pid=7461)[0m drwxr-xr-x  2 root   root    4096 Aug  8  2025 src
2026-03-26 13:24:00,910 - INFO - [36m(setup pid=7461)[0m drwxr-xr-x  3 root   root    4096 Aug  8  2025 targets
2026-03-26 13:24:00,910 - INFO - [36m(setup pid=7461)[0m drwxr-xr-x  2 root   root    4096 Aug  8  2025 tools
2026-03-26 13:24:00,910 - INFO - [36m(setup pid=7461)[0m -rw-r--r--  1 root   root    2957 Aug  8  2025 version.json
2026-03-26 13:24:00,910 - INFO - [36m(setup pid=7461)[0m
2026-03-26 13:24:00,910 - INFO - [36m(setup pid=7461)[0m /usr/local/cuda-12.5:
2026-03-26 13:24:00,910 - INFO - [36m(setup pid=7461)[0m total 188
2026-03-26 13:24:00,910 - INFO - [36m(setup pid=7461)[0m drwxr-xr-x 19 root   root    4096 Aug  8  2025 .
2026-03-26 13:24:00,910 - INFO - [36m(setup pid=7461)[0m drwxr-xr-x 15 root   root    4096 Aug  8  2025 ..
2026-03-26 13:24:00,910 - INFO - [36m(setup pid=7461)[0m -rw-r--r--  1 root   root     160 Aug  8  2025 DOCS
2026-03-26 13:24:00,910 - INFO - [36m(setup pid=7461)[0m -rw-r--r--  1 root   root   63021 Aug  8  2025 EULA.txt
2026-03-26 13:24:00,910 - INFO - [36m(setup pid=7461)[0m -rw-r--r--  1 ubuntu ubuntu 29574 Oct 21  2024 LICENSE
2026-03-26 13:24:00,910 - INFO - [36m(setup pid=7461)[0m -rw-r--r--  1 root   root    1895 Nov  6  2024 LICENSE.txt
2026-03-26 13:24:00,910 - INFO - [36m(setup pid=7461)[0m -rw-r--r--  1 root   root     524 Aug  8  2025 README
2026-03-26 13:24:00,910 - INFO - [36m(setup pid=7461)[0m drwxr-xr-x  3 root   root    4096 Aug  8  2025 bin
2026-03-26 13:24:00,910 - INFO - [36m(setup pid=7461)[0m drwxr-xr-x  5 root   root    4096 Aug  8  2025 compute-sanitizer
2026-03-26 13:24:00,910 - INFO - [36m(setup pid=7461)[0m drwxr-xr-x  3 root   root    4096 Aug  8  2025 efa
2026-03-26 13:24:00,910 - INFO - [36m(setup pid=7461)[0m drwxr-xr-x  5 root   root    4096 Aug  8  2025 extras
2026-03-26 13:24:00,910 - INFO - [36m(setup pid=7461)[0m drwxr-xr-x  5 root   root    4096 Aug  8  2025 gds
2026-03-26 13:24:00,910 - INFO - [36m(setup pid=7461)[0m drwxr-xr-x  2 root   root    4096 Aug  8  2025 gds-12.5
2026-03-26 13:24:00,910 - INFO - [36m(setup pid=7461)[0m lrwxrwxrwx  1 root   root      28 Aug  8  2025 include -> targets/x86_64-linux/include
2026-03-26 13:24:00,910 - INFO - [36m(setup pid=7461)[0m drwxr-xr-x  3 root   root    4096 Aug  8  2025 lib
2026-03-26 13:24:00,910 - INFO - [36m(setup pid=7461)[0m lrwxrwxrwx  1 root   root      24 Aug  8  2025 lib64 -> targets/x86_64-linux/lib
2026-03-26 13:24:00,910 - INFO - [36m(setup pid=7461)[0m drwxr-xr-x  7 root   root    4096 Aug  8  2025 libnvvp
2026-03-26 13:24:00,910 - INFO - [36m(setup pid=7461)[0m drwxr-xr-x  7 root   root    4096 Aug  8  2025 nsight-compute-2024.2.0
2026-03-26 13:24:00,910 - INFO - [36m(setup pid=7461)[0m drwxr-xr-x  6 root   root    4096 Aug  8  2025 nsight-systems-2024.2.3
2026-03-26 13:24:00,910 - INFO - [36m(setup pid=7461)[0m drwxr-xr-x  2 root   root    4096 Aug  8  2025 nsightee_plugins
2026-03-26 13:24:00,910 - INFO - [36m(setup pid=7461)[0m drwxr-xr-x  3 root   root    4096 Aug  8  2025 nvml
2026-03-26 13:24:00,910 - INFO - [36m(setup pid=7461)[0m drwxr-xr-x  6 root   root    4096 Aug  8  2025 nvvm
2026-03-26 13:24:00,910 - INFO - [36m(setup pid=7461)[0m drwxr-xr-x  3 root   root    4096 Aug  8  2025 share
2026-03-26 13:24:00,910 - INFO - [36m(setup pid=7461)[0m drwxr-xr-x  2 root   root    4096 Aug  8  2025 src
2026-03-26 13:24:00,910 - INFO - [36m(setup pid=7461)[0m drwxr-xr-x  3 root   root    4096 Aug  8  2025 targets
2026-03-26 13:24:00,911 - INFO - [36m(setup pid=7461)[0m drwxr-xr-x  2 root   root    4096 Aug  8  2025 tools
2026-03-26 13:24:00,911 - INFO - [36m(setup pid=7461)[0m -rw-r--r--  1 root   root    2940 Aug  8  2025 version.json
2026-03-26 13:24:00,911 - INFO - [36m(setup pid=7461)[0m
2026-03-26 13:24:00,911 - INFO - [36m(setup pid=7461)[0m /usr/local/cuda-12.6:
2026-03-26 13:24:00,911 - INFO - [36m(setup pid=7461)[0m total 188
2026-03-26 13:24:00,911 - INFO - [36m(setup pid=7461)[0m drwxr-xr-x 19 root   root    4096 Aug  8  2025 .
2026-03-26 13:24:00,911 - INFO - [36m(setup pid=7461)[0m drwxr-xr-x 15 root   root    4096 Aug  8  2025 ..
2026-03-26 13:24:00,911 - INFO - [36m(setup pid=7461)[0m -rw-r--r--  1 root   root     160 Aug  8  2025 DOCS
2026-03-26 13:24:00,911 - INFO - [36m(setup pid=7461)[0m -rw-r--r--  1 root   root   63021 Aug  8  2025 EULA.txt
2026-03-26 13:24:00,911 - INFO - [36m(setup pid=7461)[0m -rw-r--r--  1 ubuntu ubuntu 29574 Dec 30  2024 LICENSE
2026-03-26 13:24:00,911 - INFO - [36m(setup pid=7461)[0m -rw-r--r--  1 root   root    1895 Dec  7  2024 LICENSE.txt
2026-03-26 13:24:00,911 - INFO - [36m(setup pid=7461)[0m -rw-r--r--  1 root   root     524 Aug  8  2025 README
2026-03-26 13:24:00,911 - INFO - [36m(setup pid=7461)[0m drwxrwxr-x  3 root   root    4096 Dec  7  2024 bin
2026-03-26 13:24:00,911 - INFO - [36m(setup pid=7461)[0m drwxr-xr-x  5 root   root    4096 Aug  8  2025 compute-sanitizer
2026-03-26 13:24:00,911 - INFO - [36m(setup pid=7461)[0m drwxr-xr-x  3 root   root    4096 Aug  8  2025 efa
2026-03-26 13:24:00,911 - INFO - [36m(setup pid=7461)[0m drwxr-xr-x  5 root   root    4096 Aug  8  2025 extras
2026-03-26 13:24:00,911 - INFO - [36m(setup pid=7461)[0m drwxr-xr-x  5 root   root    4096 Aug  8  2025 gds
2026-03-26 13:24:00,911 - INFO - [36m(setup pid=7461)[0m drwxr-xr-x  2 root   root    4096 Aug  8  2025 gds-12.6
2026-03-26 13:24:00,911 - INFO - [36m(setup pid=7461)[0m lrwxrwxrwx  1 root   root      28 Aug  8  2025 include -> targets/x86_64-linux/include
2026-03-26 13:24:00,911 - INFO - [36m(setup pid=6894, ip=172.31.41.253)[0m + echo 'Checking CUDA libraries...'
2026-03-26 13:24:00,911 - INFO - [36m(setup pid=6894, ip=172.31.41.253)[0m Checking CUDA libraries...
2026-03-26 13:24:00,911 - INFO - [36m(setup pid=6894, ip=172.31.41.253)[0m + ldconfig -p
2026-03-26 13:24:00,911 - INFO - [36m(setup pid=6894, ip=172.31.41.253)[0m + grep --color=auto cuda
2026-03-26 13:24:00,911 - INFO - [36m(setup pid=6894, ip=172.31.41.253)[0m 	libnvrtc.so.12 (libc6,x86-64) => /usr/local/cuda-12.4/targets/x86_64-linux/lib/libnvrtc.so.12
2026-03-26 13:24:00,911 - INFO - [36m(setup pid=6894, ip=172.31.41.253)[0m 	libnvrtc.so.12 (libc6,x86-64) => /usr/local/cuda-12.5/targets/x86_64-linux/lib/libnvrtc.so.12
2026-03-26 13:24:00,911 - INFO - [36m(setup pid=6894, ip=172.31.41.253)[0m 	libnvrtc.so.12 (libc6,x86-64) => /usr/local/cuda-12.6/targets/x86_64-linux/lib/libnvrtc.so.12
2026-03-26 13:24:00,911 - INFO - [36m(setup pid=6894, ip=172.31.41.253)[0m 	libnvrtc.so.12 (libc6,x86-64) => /usr/local/cuda-12.8/targets/x86_64-linux/lib/libnvrtc.so.12
2026-03-26 13:24:00,911 - INFO - [36m(setup pid=6894, ip=172.31.41.253)[0m 	libnvrtc.so (libc6,x86-64) => /usr/local/cuda-12.4/targets/x86_64-linux/lib/libnvrtc.so
2026-03-26 13:24:00,911 - INFO - [36m(setup pid=6894, ip=172.31.41.253)[0m 	libnvrtc.so (libc6,x86-64) => /usr/local/cuda-12.5/targets/x86_64-linux/lib/libnvrtc.so
2026-03-26 13:24:00,911 - INFO - [36m(setup pid=6894, ip=172.31.41.253)[0m 	libnvrtc.so (libc6,x86-64) => /usr/local/cuda-12.6/targets/x86_64-linux/lib/libnvrtc.so
2026-03-26 13:24:00,911 - INFO - [36m(setup pid=6894, ip=172.31.41.253)[0m 	libnvrtc.so (libc6,x86-64) => /usr/local/cuda-12.8/targets/x86_64-linux/lib/libnvrtc.so
2026-03-26 13:24:00,911 - INFO - [36m(setup pid=6894, ip=172.31.41.253)[0m 	libnvrtc.alt.so.12 (libc6,x86-64) => /usr/local/cuda-12.8/targets/x86_64-linux/lib/libnvrtc.alt.so.12
2026-03-26 13:24:00,911 - INFO - [36m(setup pid=6894, ip=172.31.41.253)[0m 	libnvrtc.alt.so (libc6,x86-64) => /usr/local/cuda-12.8/targets/x86_64-linux/lib/libnvrtc.alt.so
2026-03-26 13:24:00,911 - INFO - [36m(setup pid=6894, ip=172.31.41.253)[0m 	libnvrtc-builtins.so.12.8 (libc6,x86-64) => /usr/local/cuda-12.8/targets/x86_64-linux/lib/libnvrtc-builtins.so.12.8
2026-03-26 13:24:00,911 - INFO - [36m(setup pid=6894, ip=172.31.41.253)[0m 	libnvrtc-builtins.so.12.6 (libc6,x86-64) => /usr/local/cuda-12.6/targets/x86_64-linux/lib/libnvrtc-builtins.so.12.6
2026-03-26 13:24:00,911 - INFO - [36m(setup pid=6894, ip=172.31.41.253)[0m 	libnvrtc-builtins.so.12.5 (libc6,x86-64) => /usr/local/cuda-12.5/targets/x86_64-linux/lib/libnvrtc-builtins.so.12.5
2026-03-26 13:24:00,911 - INFO - [36m(setup pid=6894, ip=172.31.41.253)[0m 	libnvrtc-builtins.so.12.4 (libc6,x86-64) => /usr/local/cuda-12.4/targets/x86_64-linux/lib/libnvrtc-builtins.so.12.4
2026-03-26 13:24:00,911 - INFO - [36m(setup pid=6894, ip=172.31.41.253)[0m 	libnvrtc-builtins.so (libc6,x86-64) => /usr/local/cuda-12.4/targets/x86_64-linux/lib/libnvrtc-builtins.so
2026-03-26 13:24:00,911 - INFO - [36m(setup pid=6894, ip=172.31.41.253)[0m 	libnvrtc-builtins.so (libc6,x86-64) => /usr/local/cuda-12.5/targets/x86_64-linux/lib/libnvrtc-builtins.so
2026-03-26 13:24:00,911 - INFO - [36m(setup pid=6894, ip=172.31.41.253)[0m 	libnvrtc-builtins.so (libc6,x86-64) => /usr/local/cuda-12.6/targets/x86_64-linux/lib/libnvrtc-builtins.so
2026-03-26 13:24:00,911 - INFO - [36m(setup pid=6894, ip=172.31.41.253)[0m 	libnvrtc-builtins.so (libc6,x86-64) => /usr/local/cuda-12.8/targets/x86_64-linux/lib/libnvrtc-builtins.so
2026-03-26 13:24:00,911 - INFO - [36m(setup pid=6894, ip=172.31.41.253)[0m 	libnvrtc-builtins.alt.so.12.8 (libc6,x86-64) => /usr/local/cuda-12.8/targets/x86_64-linux/lib/libnvrtc-builtins.alt.so.12.8
2026-03-26 13:24:00,911 - INFO - [36m(setup pid=6894, ip=172.31.41.253)[0m 	libnvrtc-builtins.alt.so (libc6,x86-64) => /usr/local/cuda-12.8/targets/x86_64-linux/lib/libnvrtc-builtins.alt.so
2026-03-26 13:24:00,911 - INFO - [36m(setup pid=6894, ip=172.31.41.253)[0m 	libnvjpeg.so.12 (libc6,x86-64) => /usr/local/cuda-12.4/targets/x86_64-linux/lib/libnvjpeg.so.12
2026-03-26 13:24:00,911 - INFO - [36m(setup pid=6894, ip=172.31.41.253)[0m 	libnvjpeg.so.12 (libc6,x86-64) => /usr/local/cuda-12.5/targets/x86_64-linux/lib/libnvjpeg.so.12
2026-03-26 13:24:00,911 - INFO - [36m(setup pid=6894, ip=172.31.41.253)[0m 	libnvjpeg.so.12 (libc6,x86-64) => /usr/local/cuda-12.6/targets/x86_64-linux/lib/libnvjpeg.so.12
2026-03-26 13:24:00,911 - INFO - [36m(setup pid=6894, ip=172.31.41.253)[0m 	libnvjpeg.so.12 (libc6,x86-64) => /usr/local/cuda-12.8/targets/x86_64-linux/lib/libnvjpeg.so.12
2026-03-26 13:24:00,911 - INFO - [36m(setup pid=6894, ip=172.31.41.253)[0m 	libnvjpeg.so (libc6,x86-64) => /usr/local/cuda-12.4/targets/x86_64-linux/lib/libnvjpeg.so
2026-03-26 13:24:00,911 - INFO - [36m(setup pid=6894, ip=172.31.41.253)[0m 	libnvjpeg.so (libc6,x86-64) => /usr/local/cuda-12.5/targets/x86_64-linux/lib/libnvjpeg.so
2026-03-26 13:24:00,911 - INFO - [36m(setup pid=6894, ip=172.31.41.253)[0m 	libnvjpeg.so (libc6,x86-64) => /usr/local/cuda-12.6/targets/x86_64-linux/lib/libnvjpeg.so
2026-03-26 13:24:00,911 - INFO - [36m(setup pid=6894, ip=172.31.41.253)[0m 	libnvjpeg.so (libc6,x86-64) => /usr/local/cuda-12.8/targets/x86_64-linux/lib/libnvjpeg.so
2026-03-26 13:24:00,911 - INFO - [36m(setup pid=6894, ip=172.31.41.253)[0m 	libnvfatbin.so.12 (libc6,x86-64) => /usr/local/cuda-12.4/targets/x86_64-linux/lib/libnvfatbin.so.12
2026-03-26 13:24:00,911 - INFO - [36m(setup pid=6894, ip=172.31.41.253)[0m 	libnvfatbin.so.12 (libc6,x86-64) => /usr/local/cuda-12.5/targets/x86_64-linux/lib/libnvfatbin.so.12
2026-03-26 13:24:00,911 - INFO - [36m(setup pid=6894, ip=172.31.41.253)[0m 	libnvfatbin.so.12 (libc6,x86-64) => /usr/local/cuda-12.6/targets/x86_64-linux/lib/libnvfatbin.so.12
2026-03-26 13:24:00,911 - INFO - [36m(setup pid=6894, ip=172.31.41.253)[0m 	libnvfatbin.so.12 (libc6,x86-64) => /usr/local/cuda-12.8/targets/x86_64-linux/lib/libnvfatbin.so.12
2026-03-26 13:24:00,911 - INFO - [36m(setup pid=6894, ip=172.31.41.253)[0m 	libnvfatbin.so (libc6,x86-64) => /usr/local/cuda-12.4/targets/x86_64-linux/lib/libnvfatbin.so
2026-03-26 13:24:00,911 - INFO - [36m(setup pid=6894, ip=172.31.41.253)[0m 	libnvfatbin.so (libc6,x86-64) => /usr/local/cuda-12.5/targets/x86_64-linux/lib/libnvfatbin.so
2026-03-26 13:24:00,911 - INFO - [36m(setup pid=6894, ip=172.31.41.253)[0m 	libnvfatbin.so (libc6,x86-64) => /usr/local/cuda-12.6/targets/x86_64-linux/lib/libnvfatbin.so
2026-03-26 13:24:00,911 - INFO - [36m(setup pid=6894, ip=172.31.41.253)[0m 	libnvfatbin.so (libc6,x86-64) => /usr/local/cuda-12.8/targets/x86_64-linux/lib/libnvfatbin.so
2026-03-26 13:24:00,911 - INFO - [36m(setup pid=6894, ip=172.31.41.253)[0m 	libnvblas.so.12 (libc6,x86-64) => /usr/local/cuda-12.4/targets/x86_64-linux/lib/libnvblas.so.12
2026-03-26 13:24:00,911 - INFO - [36m(setup pid=6894, ip=172.31.41.253)[0m 	libnvblas.so.12 (libc6,x86-64) => /usr/local/cuda-12.5/targets/x86_64-linux/lib/libnvblas.so.12
2026-03-26 13:24:00,911 - INFO - [36m(setup pid=6894, ip=172.31.41.253)[0m 	libnvblas.so.12 (libc6,x86-64) => /usr/local/cuda-12.6/targets/x86_64-linux/lib/libnvblas.so.12
2026-03-26 13:24:00,911 - INFO - [36m(setup pid=6894, ip=172.31.41.253)[0m 	libnvblas.so.12 (libc6,x86-64) => /usr/local/cuda-12.8/targets/x86_64-linux/lib/libnvblas.so.12
2026-03-26 13:24:00,911 - INFO - [36m(setup pid=6894, ip=172.31.41.253)[0m 	libnvblas.so (libc6,x86-64) => /usr/local/cuda-12.4/targets/x86_64-linux/lib/libnvblas.so
2026-03-26 13:24:00,911 - INFO - [36m(setup pid=6894, ip=172.31.41.253)[0m 	libnvblas.so (libc6,x86-64) => /usr/local/cuda-12.5/targets/x86_64-linux/lib/libnvblas.so
2026-03-26 13:24:00,911 - INFO - [36m(setup pid=6894, ip=172.31.41.253)[0m 	libnvblas.so (libc6,x86-64) => /usr/local/cuda-12.6/targets/x86_64-linux/lib/libnvblas.so
2026-03-26 13:24:01,210 - INFO - [36m(setup pid=6894, ip=172.31.41.253)[0m 	libnvblas.so (libc6,x86-64) => /usr/local/cuda-12.8/targets/x86_64-linux/lib/libnvblas.so
2026-03-26 13:24:01,210 - INFO - [36m(setup pid=6894, ip=172.31.41.253)[0m 	libnvToolsExt.so.1 (libc6,x86-64) => /usr/local/cuda-12.4/targets/x86_64-linux/lib/libnvToolsExt.so.1
2026-03-26 13:24:01,210 - INFO - [36m(setup pid=6894, ip=172.31.41.253)[0m 	libnvToolsExt.so.1 (libc6,x86-64) => /usr/local/cuda-12.5/targets/x86_64-linux/lib/libnvToolsExt.so.1
2026-03-26 13:24:01,210 - INFO - [36m(setup pid=6894, ip=172.31.41.253)[0m 	libnvToolsExt.so.1 (libc6,x86-64) => /usr/local/cuda-12.6/targets/x86_64-linux/lib/libnvToolsExt.so.1
2026-03-26 13:24:01,210 - INFO - [36m(setup pid=6894, ip=172.31.41.253)[0m 	libnvToolsExt.so.1 (libc6,x86-64) => /usr/local/cuda-12.8/targets/x86_64-linux/lib/libnvToolsExt.so.1
2026-03-26 13:24:01,210 - INFO - [36m(setup pid=6894, ip=172.31.41.253)[0m 	libnvToolsExt.so (libc6,x86-64) => /usr/local/cuda-12.4/targets/x86_64-linux/lib/libnvToolsExt.so
2026-03-26 13:24:01,210 - INFO - [36m(setup pid=6894, ip=172.31.41.253)[0m 	libnvToolsExt.so (libc6,x86-64) => /usr/local/cuda-12.5/targets/x86_64-linux/lib/libnvToolsExt.so
2026-03-26 13:24:01,210 - INFO - [36m(setup pid=6894, ip=172.31.41.253)[0m 	libnvToolsExt.so (libc6,x86-64) => /usr/local/cuda-12.6/targets/x86_64-linux/lib/libnvToolsExt.so
2026-03-26 13:24:01,210 - INFO - [36m(setup pid=6894, ip=172.31.41.253)[0m 	libnvToolsExt.so (libc6,x86-64) => /usr/local/cuda-12.8/targets/x86_64-linux/lib/libnvToolsExt.so
2026-03-26 13:24:01,210 - INFO - [36m(setup pid=6894, ip=172.31.41.253)[0m 	libnvJitLink.so.12 (libc6,x86-64) => /usr/local/cuda-12.4/targets/x86_64-linux/lib/libnvJitLink.so.12
2026-03-26 13:24:01,210 - INFO - [36m(setup pid=6894, ip=172.31.41.253)[0m 	libnvJitLink.so.12 (libc6,x86-64) => /usr/local/cuda-12.5/targets/x86_64-linux/lib/libnvJitLink.so.12
2026-03-26 13:24:01,210 - INFO - [36m(setup pid=6894, ip=172.31.41.253)[0m 	libnvJitLink.so.12 (libc6,x86-64) => /usr/local/cuda-12.6/targets/x86_64-linux/lib/libnvJitLink.so.12
2026-03-26 13:24:01,210 - INFO - [36m(setup pid=6894, ip=172.31.41.253)[0m 	libnvJitLink.so.12 (libc6,x86-64) => /usr/local/cuda-12.8/targets/x86_64-linux/lib/libnvJitLink.so.12
2026-03-26 13:24:01,210 - INFO - [36m(setup pid=6894, ip=172.31.41.253)[0m 	libnvJitLink.so (libc6,x86-64) => /usr/local/cuda-12.4/targets/x86_64-linux/lib/libnvJitLink.so
2026-03-26 13:24:01,210 - INFO - [36m(setup pid=6894, ip=172.31.41.253)[0m 	libnvJitLink.so (libc6,x86-64) => /usr/local/cuda-12.5/targets/x86_64-linux/lib/libnvJitLink.so
2026-03-26 13:24:01,210 - INFO - [36m(setup pid=6894, ip=172.31.41.253)[0m 	libnvJitLink.so (libc6,x86-64) => /usr/local/cuda-12.6/targets/x86_64-linux/lib/libnvJitLink.so
2026-03-26 13:24:01,210 - INFO - [36m(setup pid=6894, ip=172.31.41.253)[0m 	libnvJitLink.so (libc6,x86-64) => /usr/local/cuda-12.8/targets/x86_64-linux/lib/libnvJitLink.so
2026-03-26 13:24:01,210 - INFO - [36m(setup pid=6894, ip=172.31.41.253)[0m 	libnpps.so.12 (libc6,x86-64) => /usr/local/cuda-12.4/targets/x86_64-linux/lib/libnpps.so.12
2026-03-26 13:24:01,210 - INFO - [36m(setup pid=6894, ip=172.31.41.253)[0m 	libnpps.so.12 (libc6,x86-64) => /usr/local/cuda-12.5/targets/x86_64-linux/lib/libnpps.so.12
2026-03-26 13:24:01,210 - INFO - [36m(setup pid=6894, ip=172.31.41.253)[0m 	libnpps.so.12 (libc6,x86-64) => /usr/local/cuda-12.6/targets/x86_64-linux/lib/libnpps.so.12
2026-03-26 13:24:01,210 - INFO - [36m(setup pid=6894, ip=172.31.41.253)[0m 	libnpps.so.12 (libc6,x86-64) => /usr/local/cuda-12.8/targets/x86_64-linux/lib/libnpps.so.12
2026-03-26 13:24:01,210 - INFO - [36m(setup pid=6894, ip=172.31.41.253)[0m 	libnpps.so (libc6,x86-64) => /usr/local/cuda-12.4/targets/x86_64-linux/lib/libnpps.so
2026-03-26 13:24:01,210 - INFO - [36m(setup pid=6894, ip=172.31.41.253)[0m 	libnpps.so (libc6,x86-64) => /usr/local/cuda-12.5/targets/x86_64-linux/lib/libnpps.so
2026-03-26 13:24:01,210 - INFO - [36m(setup pid=6894, ip=172.31.41.253)[0m 	libnpps.so (libc6,x86-64) => /usr/local/cuda-12.6/targets/x86_64-linux/lib/libnpps.so
2026-03-26 13:24:01,210 - INFO - [36m(setup pid=6894, ip=172.31.41.253)[0m 	libnpps.so (libc6,x86-64) => /usr/local/cuda-12.8/targets/x86_64-linux/lib/libnpps.so
2026-03-26 13:24:01,210 - INFO - [36m(setup pid=6894, ip=172.31.41.253)[0m 	libnppitc.so.12 (libc6,x86-64) => /usr/local/cuda-12.4/targets/x86_64-linux/lib/libnppitc.so.12
2026-03-26 13:24:01,210 - INFO - [36m(setup pid=6894, ip=172.31.41.253)[0m 	libnppitc.so.12 (libc6,x86-64) => /usr/local/cuda-12.5/targets/x86_64-linux/lib/libnppitc.so.12
2026-03-26 13:24:01,210 - INFO - [36m(setup pid=6894, ip=172.31.41.253)[0m 	libnppitc.so.12 (libc6,x86-64) => /usr/local/cuda-12.6/targets/x86_64-linux/lib/libnppitc.so.12
2026-03-26 13:24:01,210 - INFO - [36m(setup pid=6894, ip=172.31.41.253)[0m 	libnppitc.so.12 (libc6,x86-64) => /usr/local/cuda-12.8/targets/x86_64-linux/lib/libnppitc.so.12
2026-03-26 13:24:01,210 - INFO - [36m(setup pid=6894, ip=172.31.41.253)[0m 	libnppitc.so (libc6,x86-64) => /usr/local/cuda-12.4/targets/x86_64-linux/lib/libnppitc.so
2026-03-26 13:24:01,210 - INFO - [36m(setup pid=6894, ip=172.31.41.253)[0m 	libnppitc.so (libc6,x86-64) => /usr/local/cuda-12.5/targets/x86_64-linux/lib/libnppitc.so
2026-03-26 13:24:01,210 - INFO - [36m(setup pid=6894, ip=172.31.41.253)[0m 	libnppitc.so (libc6,x86-64) => /usr/local/cuda-12.6/targets/x86_64-linux/lib/libnppitc.so
2026-03-26 13:24:01,210 - INFO - [36m(setup pid=6894, ip=172.31.41.253)[0m 	libnppitc.so (libc6,x86-64) => /usr/local/cuda-12.8/targets/x86_64-linux/lib/libnppitc.so
2026-03-26 13:24:01,210 - INFO - [36m(setup pid=6894, ip=172.31.41.253)[0m 	libnppisu.so.12 (libc6,x86-64) => /usr/local/cuda-12.4/targets/x86_64-linux/lib/libnppisu.so.12
2026-03-26 13:24:01,210 - INFO - [36m(setup pid=6894, ip=172.31.41.253)[0m 	libnppisu.so.12 (libc6,x86-64) => /usr/local/cuda-12.5/targets/x86_64-linux/lib/libnppisu.so.12
2026-03-26 13:24:01,210 - INFO - [36m(setup pid=6894, ip=172.31.41.253)[0m 	libnppisu.so.12 (libc6,x86-64) => /usr/local/cuda-12.6/targets/x86_64-linux/lib/libnppisu.so.12
2026-03-26 13:24:01,210 - INFO - [36m(setup pid=6894, ip=172.31.41.253)[0m 	libnppisu.so.12 (libc6,x86-64) => /usr/local/cuda-12.8/targets/x86_64-linux/lib/libnppisu.so.12
2026-03-26 13:24:01,210 - INFO - [36m(setup pid=6894, ip=172.31.41.253)[0m 	libnppisu.so (libc6,x86-64) => /usr/local/cuda-12.4/targets/x86_64-linux/lib/libnppisu.so
2026-03-26 13:24:01,210 - INFO - [36m(setup pid=6894, ip=172.31.41.253)[0m 	libnppisu.so (libc6,x86-64) => /usr/local/cuda-12.5/targets/x86_64-linux/lib/libnppisu.so
2026-03-26 13:24:01,210 - INFO - [36m(setup pid=6894, ip=172.31.41.253)[0m 	libnppisu.so (libc6,x86-64) => /usr/local/cuda-12.6/targets/x86_64-linux/lib/libnppisu.so
2026-03-26 13:24:01,210 - INFO - [36m(setup pid=6894, ip=172.31.41.253)[0m 	libnppisu.so (libc6,x86-64) => /usr/local/cuda-12.8/targets/x86_64-linux/lib/libnppisu.so
2026-03-26 13:24:01,210 - INFO - [36m(setup pid=6894, ip=172.31.41.253)[0m 	libnppist.so.12 (libc6,x86-64) => /usr/local/cuda-12.4/targets/x86_64-linux/lib/libnppist.so.12
2026-03-26 13:24:01,210 - INFO - [36m(setup pid=6894, ip=172.31.41.253)[0m 	libnppist.so.12 (libc6,x86-64) => /usr/local/cuda-12.5/targets/x86_64-linux/lib/libnppist.so.12
2026-03-26 13:24:01,210 - INFO - [36m(setup pid=6894, ip=172.31.41.253)[0m 	libnppist.so.12 (libc6,x86-64) => /usr/local/cuda-12.6/targets/x86_64-linux/lib/libnppist.so.12
2026-03-26 13:24:01,210 - INFO - [36m(setup pid=6894, ip=172.31.41.253)[0m 	libnppist.so.12 (libc6,x86-64) => /usr/local/cuda-12.8/targets/x86_64-linux/lib/libnppist.so.12
2026-03-26 13:24:01,210 - INFO - [36m(setup pid=6894, ip=172.31.41.253)[0m 	libnppist.so (libc6,x86-64) => /usr/local/cuda-12.4/targets/x86_64-linux/lib/libnppist.so
2026-03-26 13:24:01,210 - INFO - [36m(setup pid=6894, ip=172.31.41.253)[0m 	libnppist.so (libc6,x86-64) => /usr/local/cuda-12.5/targets/x86_64-linux/lib/libnppist.so
2026-03-26 13:24:01,210 - INFO - [36m(setup pid=6894, ip=172.31.41.253)[0m 	libnppist.so (libc6,x86-64) => /usr/local/cuda-12.6/targets/x86_64-linux/lib/libnppist.so
2026-03-26 13:24:01,210 - INFO - [36m(setup pid=6894, ip=172.31.41.253)[0m 	libnppist.so (libc6,x86-64) => /usr/local/cuda-12.8/targets/x86_64-linux/lib/libnppist.so
2026-03-26 13:24:01,210 - INFO - [36m(setup pid=6894, ip=172.31.41.253)[0m 	libnppim.so.12 (libc6,x86-64) => /usr/local/cuda-12.4/targets/x86_64-linux/lib/libnppim.so.12
2026-03-26 13:24:01,210 - INFO - [36m(setup pid=6894, ip=172.31.41.253)[0m 	libnppim.so.12 (libc6,x86-64) => /usr/local/cuda-12.5/targets/x86_64-linux/lib/libnppim.so.12
2026-03-26 13:24:01,210 - INFO - [36m(setup pid=6894, ip=172.31.41.253)[0m 	libnppim.so.12 (libc6,x86-64) => /usr/local/cuda-12.6/targets/x86_64-linux/lib/libnppim.so.12
2026-03-26 13:24:01,210 - INFO - [36m(setup pid=6894, ip=172.31.41.253)[0m 	libnppim.so.12 (libc6,x86-64) => /usr/local/cuda-12.8/targets/x86_64-linux/lib/libnppim.so.12
2026-03-26 13:24:01,210 - INFO - [36m(setup pid=6894, ip=172.31.41.253)[0m 	libnppim.so (libc6,x86-64) => /usr/local/cuda-12.4/targets/x86_64-linux/lib/libnppim.so
2026-03-26 13:24:01,210 - INFO - [36m(setup pid=6894, ip=172.31.41.253)[0m 	libnppim.so (libc6,x86-64) => /usr/local/cuda-12.5/targets/x86_64-linux/lib/libnppim.so
2026-03-26 13:24:01,210 - INFO - [36m(setup pid=6894, ip=172.31.41.253)[0m 	libnppim.so (libc6,x86-64) => /usr/local/cuda-12.6/targets/x86_64-linux/lib/libnppim.so
2026-03-26 13:24:01,210 - INFO - [36m(setup pid=6894, ip=172.31.41.253)[0m 	libnppim.so (libc6,x86-64) => /usr/local/cuda-12.8/targets/x86_64-linux/lib/libnppim.so
2026-03-26 13:24:01,210 - INFO - [36m(setup pid=6894, ip=172.31.41.253)[0m 	libnppig.so.12 (libc6,x86-64) => /usr/local/cuda-12.4/targets/x86_64-linux/lib/libnppig.so.12
2026-03-26 13:24:01,211 - INFO - [36m(setup pid=6894, ip=172.31.41.253)[0m 	libnppig.so.12 (libc6,x86-64) => /usr/local/cuda-12.5/targets/x86_64-linux/lib/libnppig.so.12
2026-03-26 13:24:01,211 - INFO - [36m(setup pid=6894, ip=172.31.41.253)[0m 	libnppig.so.12 (libc6,x86-64) => /usr/local/cuda-12.6/targets/x86_64-linux/lib/libnppig.so.12
2026-03-26 13:24:01,211 - INFO - [36m(setup pid=6894, ip=172.31.41.253)[0m 	libnppig.so.12 (libc6,x86-64) => /usr/local/cuda-12.8/targets/x86_64-linux/lib/libnppig.so.12
2026-03-26 13:24:01,211 - INFO - [36m(setup pid=6894, ip=172.31.41.253)[0m 	libnppig.so (libc6,x86-64) => /usr/local/cuda-12.4/targets/x86_64-linux/lib/libnppig.so
2026-03-26 13:24:01,211 - INFO - [36m(setup pid=6894, ip=172.31.41.253)[0m 	libnppig.so (libc6,x86-64) => /usr/local/cuda-12.5/targets/x86_64-linux/lib/libnppig.so
2026-03-26 13:24:01,211 - INFO - [36m(setup pid=6894, ip=172.31.41.253)[0m 	libnppig.so (libc6,x86-64) => /usr/local/cuda-12.6/targets/x86_64-linux/lib/libnppig.so
2026-03-26 13:24:01,211 - INFO - [36m(setup pid=6894, ip=172.31.41.253)[0m 	libnppig.so (libc6,x86-64) => /usr/local/cuda-12.8/targets/x86_64-linux/lib/libnppig.so
2026-03-26 13:24:01,211 - INFO - [36m(setup pid=6894, ip=172.31.41.253)[0m 	libnppif.so.12 (libc6,x86-64) => /usr/local/cuda-12.4/targets/x86_64-linux/lib/libnppif.so.12
2026-03-26 13:24:01,211 - INFO - [36m(setup pid=6894, ip=172.31.41.253)[0m 	libnppif.so.12 (libc6,x86-64) => /usr/local/cuda-12.5/targets/x86_64-linux/lib/libnppif.so.12
2026-03-26 13:24:01,211 - INFO - [36m(setup pid=6894, ip=172.31.41.253)[0m 	libnppif.so.12 (libc6,x86-64) => /usr/local/cuda-12.6/targets/x86_64-linux/lib/libnppif.so.12
2026-03-26 13:24:01,211 - INFO - [36m(setup pid=6894, ip=172.31.41.253)[0m 	libnppif.so.12 (libc6,x86-64) => /usr/local/cuda-12.8/targets/x86_64-linux/lib/libnppif.so.12
2026-03-26 13:24:01,211 - INFO - [36m(setup pid=6894, ip=172.31.41.253)[0m 	libnppif.so (libc6,x86-64) => /usr/local/cuda-12.4/targets/x86_64-linux/lib/libnppif.so
2026-03-26 13:24:01,211 - INFO - [36m(setup pid=6894, ip=172.31.41.253)[0m 	libnppif.so (libc6,x86-64) => /usr/local/cuda-12.5/targets/x86_64-linux/lib/libnppif.so
2026-03-26 13:24:01,211 - INFO - [36m(setup pid=6894, ip=172.31.41.253)[0m 	libnppif.so (libc6,x86-64) => /usr/local/cuda-12.6/targets/x86_64-linux/lib/libnppif.so
2026-03-26 13:24:01,211 - INFO - [36m(setup pid=6894, ip=172.31.41.253)[0m 	libnppif.so (libc6,x86-64) => /usr/local/cuda-12.8/targets/x86_64-linux/lib/libnppif.so
2026-03-26 13:24:01,211 - INFO - [36m(setup pid=6894, ip=172.31.41.253)[0m 	libnppidei.so.12 (libc6,x86-64) => /usr/local/cuda-12.4/targets/x86_64-linux/lib/libnppidei.so.12
2026-03-26 13:24:01,211 - INFO - [36m(setup pid=6894, ip=172.31.41.253)[0m 	libnppidei.so.12 (libc6,x86-64) => /usr/local/cuda-12.5/targets/x86_64-linux/lib/libnppidei.so.12
2026-03-26 13:24:01,211 - INFO - [36m(setup pid=6894, ip=172.31.41.253)[0m 	libnppidei.so.12 (libc6,x86-64) => /usr/local/cuda-12.6/targets/x86_64-linux/lib/libnppidei.so.12
2026-03-26 13:24:01,211 - INFO - [36m(setup pid=6894, ip=172.31.41.253)[0m 	libnppidei.so.12 (libc6,x86-64) => /usr/local/cuda-12.8/targets/x86_64-linux/lib/libnppidei.so.12
2026-03-26 13:24:01,211 - INFO - [36m(setup pid=6894, ip=172.31.41.253)[0m 	libnppidei.so (libc6,x86-64) => /usr/local/cuda-12.4/targets/x86_64-linux/lib/libnppidei.so
2026-03-26 13:24:01,211 - INFO - [36m(setup pid=6894, ip=172.31.41.253)[0m 	libnppidei.so (libc6,x86-64) => /usr/local/cuda-12.5/targets/x86_64-linux/lib/libnppidei.so
2026-03-26 13:24:01,211 - INFO - [36m(setup pid=6894, ip=172.31.41.253)[0m 	libnppidei.so (libc6,x86-64) => /usr/local/cuda-12.6/targets/x86_64-linux/lib/libnppidei.so
2026-03-26 13:24:01,211 - INFO - [36m(setup pid=6894, ip=172.31.41.253)[0m 	libnppidei.so (libc6,x86-64) => /usr/local/cuda-12.8/targets/x86_64-linux/lib/libnppidei.so
2026-03-26 13:24:01,211 - INFO - [36m(setup pid=6894, ip=172.31.41.253)[0m 	libnppicc.so.12 (libc6,x86-64) => /usr/local/cuda-12.4/targets/x86_64-linux/lib/libnppicc.so.12
2026-03-26 13:24:01,211 - INFO - [36m(setup pid=6894, ip=172.31.41.253)[0m 	libnppicc.so.12 (libc6,x86-64) => /usr/local/cuda-12.5/targets/x86_64-linux/lib/libnppicc.so.12
2026-03-26 13:24:01,211 - INFO - [36m(setup pid=6894, ip=172.31.41.253)[0m 	libnppicc.so.12 (libc6,x86-64) => /usr/local/cuda-12.6/targets/x86_64-linux/lib/libnppicc.so.12
2026-03-26 13:24:01,211 - INFO - [36m(setup pid=6894, ip=172.31.41.253)[0m 	libnppicc.so.12 (libc6,x86-64) => /usr/local/cuda-12.8/targets/x86_64-linux/lib/libnppicc.so.12
2026-03-26 13:24:01,211 - INFO - [36m(setup pid=6894, ip=172.31.41.253)[0m 	libnppicc.so (libc6,x86-64) => /usr/local/cuda-12.4/targets/x86_64-linux/lib/libnppicc.so
2026-03-26 13:24:01,211 - INFO - [36m(setup pid=6894, ip=172.31.41.253)[0m 	libnppicc.so (libc6,x86-64) => /usr/local/cuda-12.5/targets/x86_64-linux/lib/libnppicc.so
2026-03-26 13:24:01,211 - INFO - [36m(setup pid=6894, ip=172.31.41.253)[0m 	libnppicc.so (libc6,x86-64) => /usr/local/cuda-12.6/targets/x86_64-linux/lib/libnppicc.so
2026-03-26 13:24:01,211 - INFO - [36m(setup pid=6894, ip=172.31.41.253)[0m 	libnppicc.so (libc6,x86-64) => /usr/local/cuda-12.8/targets/x86_64-linux/lib/libnppicc.so
2026-03-26 13:24:01,211 - INFO - [36m(setup pid=6894, ip=172.31.41.253)[0m 	libnppial.so.12 (libc6,x86-64) => /usr/local/cuda-12.4/targets/x86_64-linux/lib/libnppial.so.12
2026-03-26 13:24:01,211 - INFO - [36m(setup pid=6894, ip=172.31.41.253)[0m 	libnppial.so.12 (libc6,x86-64) => /usr/local/cuda-12.5/targets/x86_64-linux/lib/libnppial.so.12
2026-03-26 13:24:01,211 - INFO - [36m(setup pid=6894, ip=172.31.41.253)[0m 	libnppial.so.12 (libc6,x86-64) => /usr/local/cuda-12.6/targets/x86_64-linux/lib/libnppial.so.12
2026-03-26 13:24:01,211 - INFO - [36m(setup pid=6894, ip=172.31.41.253)[0m 	libnppial.so.12 (libc6,x86-64) => /usr/local/cuda-12.8/targets/x86_64-linux/lib/libnppial.so.12
2026-03-26 13:24:01,211 - INFO - [36m(setup pid=6894, ip=172.31.41.253)[0m 	libnppial.so (libc6,x86-64) => /usr/local/cuda-12.4/targets/x86_64-linux/lib/libnppial.so
2026-03-26 13:24:01,211 - INFO - [36m(setup pid=6894, ip=172.31.41.253)[0m 	libnppial.so (libc6,x86-64) => /usr/local/cuda-12.5/targets/x86_64-linux/lib/libnppial.so
2026-03-26 13:24:01,211 - INFO - [36m(setup pid=6894, ip=172.31.41.253)[0m 	libnppial.so (libc6,x86-64) => /usr/local/cuda-12.6/targets/x86_64-linux/lib/libnppial.so
2026-03-26 13:24:01,211 - INFO - [36m(setup pid=6894, ip=172.31.41.253)[0m 	libnppial.so (libc6,x86-64) => /usr/local/cuda-12.8/targets/x86_64-linux/lib/libnppial.so
2026-03-26 13:24:01,211 - INFO - [36m(setup pid=6894, ip=172.31.41.253)[0m 	libnppc.so.12 (libc6,x86-64) => /usr/local/cuda-12.4/targets/x86_64-linux/lib/libnppc.so.12
2026-03-26 13:24:01,211 - INFO - [36m(setup pid=6894, ip=172.31.41.253)[0m 	libnppc.so.12 (libc6,x86-64) => /usr/local/cuda-12.5/targets/x86_64-linux/lib/libnppc.so.12
2026-03-26 13:24:01,211 - INFO - [36m(setup pid=6894, ip=172.31.41.253)[0m 	libnppc.so.12 (libc6,x86-64) => /usr/local/cuda-12.6/targets/x86_64-linux/lib/libnppc.so.12
2026-03-26 13:24:01,211 - INFO - [36m(setup pid=6894, ip=172.31.41.253)[0m 	libnppc.so.12 (libc6,x86-64) => /usr/local/cuda-12.8/targets/x86_64-linux/lib/libnppc.so.12
2026-03-26 13:24:01,211 - INFO - [36m(setup pid=6894, ip=172.31.41.253)[0m 	libnppc.so (libc6,x86-64) => /usr/local/cuda-12.4/targets/x86_64-linux/lib/libnppc.so
2026-03-26 13:24:01,211 - INFO - [36m(setup pid=6894, ip=172.31.41.253)[0m 	libnppc.so (libc6,x86-64) => /usr/local/cuda-12.5/targets/x86_64-linux/lib/libnppc.so
2026-03-26 13:24:01,211 - INFO - [36m(setup pid=6894, ip=172.31.41.253)[0m 	libnppc.so (libc6,x86-64) => /usr/local/cuda-12.6/targets/x86_64-linux/lib/libnppc.so
2026-03-26 13:24:01,211 - INFO - [36m(setup pid=6894, ip=172.31.41.253)[0m 	libnppc.so (libc6,x86-64) => /usr/local/cuda-12.8/targets/x86_64-linux/lib/libnppc.so
2026-03-26 13:24:01,211 - INFO - [36m(setup pid=6894, ip=172.31.41.253)[0m 	libicudata.so.70 (libc6,x86-64) => /lib/x86_64-linux-gnu/libicudata.so.70
2026-03-26 13:24:01,211 - INFO - [36m(setup pid=6894, ip=172.31.41.253)[0m 	libcusparse.so.12 (libc6,x86-64) => /usr/local/cuda-12.4/targets/x86_64-linux/lib/libcusparse.so.12
2026-03-26 13:24:01,211 - INFO - [36m(setup pid=6894, ip=172.31.41.253)[0m 	libcusparse.so.12 (libc6,x86-64) => /usr/local/cuda-12.5/targets/x86_64-linux/lib/libcusparse.so.12
2026-03-26 13:24:01,211 - INFO - [36m(setup pid=6894, ip=172.31.41.253)[0m 	libcusparse.so.12 (libc6,x86-64) => /usr/local/cuda-12.6/targets/x86_64-linux/lib/libcusparse.so.12
2026-03-26 13:24:01,211 - INFO - [36m(setup pid=6894, ip=172.31.41.253)[0m 	libcusparse.so.12 (libc6,x86-64) => /usr/local/cuda-12.8/targets/x86_64-linux/lib/libcusparse.so.12
2026-03-26 13:24:01,211 - INFO - [36m(setup pid=6894, ip=172.31.41.253)[0m 	libcusparse.so (libc6,x86-64) => /usr/local/cuda-12.4/targets/x86_64-linux/lib/libcusparse.so
2026-03-26 13:24:01,211 - INFO - [36m(setup pid=6894, ip=172.31.41.253)[0m 	libcusparse.so (libc6,x86-64) => /usr/local/cuda-12.5/targets/x86_64-linux/lib/libcusparse.so
2026-03-26 13:24:01,211 - INFO - [36m(setup pid=6894, ip=172.31.41.253)[0m 	libcusparse.so (libc6,x86-64) => /usr/local/cuda-12.6/targets/x86_64-linux/lib/libcusparse.so
2026-03-26 13:24:01,211 - INFO - [36m(setup pid=6894, ip=172.31.41.253)[0m 	libcusparse.so (libc6,x86-64) => /usr/local/cuda-12.8/targets/x86_64-linux/lib/libcusparse.so
2026-03-26 13:24:01,211 - INFO - [36m(setup pid=6894, ip=172.31.41.253)[0m 	libcusolverMg.so.11 (libc6,x86-64) => /usr/local/cuda-12.4/targets/x86_64-linux/lib/libcusolverMg.so.11
2026-03-26 13:24:01,211 - INFO - [36m(setup pid=6894, ip=172.31.41.253)[0m 	libcusolverMg.so.11 (libc6,x86-64) => /usr/local/cuda-12.5/targets/x86_64-linux/lib/libcusolverMg.so.11
2026-03-26 13:24:01,211 - INFO - [36m(setup pid=6894, ip=172.31.41.253)[0m 	libcusolverMg.so.11 (libc6,x86-64) => /usr/local/cuda-12.6/targets/x86_64-linux/lib/libcusolverMg.so.11
2026-03-26 13:24:01,211 - INFO - [36m(setup pid=6894, ip=172.31.41.253)[0m 	libcusolverMg.so.11 (libc6,x86-64) => /usr/local/cuda-12.8/targets/x86_64-linux/lib/libcusolverMg.so.11
2026-03-26 13:24:01,211 - INFO - [36m(setup pid=6894, ip=172.31.41.253)[0m 	libcusolverMg.so (libc6,x86-64) => /usr/local/cuda-12.4/targets/x86_64-linux/lib/libcusolverMg.so
2026-03-26 13:24:01,211 - INFO - [36m(setup pid=6894, ip=172.31.41.253)[0m 	libcusolverMg.so (libc6,x86-64) => /usr/local/cuda-12.5/targets/x86_64-linux/lib/libcusolverMg.so
2026-03-26 13:24:01,211 - INFO - [36m(setup pid=6894, ip=172.31.41.253)[0m 	libcusolverMg.so (libc6,x86-64) => /usr/local/cuda-12.6/targets/x86_64-linux/lib/libcusolverMg.so
2026-03-26 13:24:01,211 - INFO - [36m(setup pid=6894, ip=172.31.41.253)[0m 	libcusolverMg.so (libc6,x86-64) => /usr/local/cuda-12.8/targets/x86_64-linux/lib/libcusolverMg.so
2026-03-26 13:24:01,211 - INFO - [36m(setup pid=6894, ip=172.31.41.253)[0m 	libcusolver.so.11 (libc6,x86-64) => /usr/local/cuda-12.4/targets/x86_64-linux/lib/libcusolver.so.11
2026-03-26 13:24:01,211 - INFO - [36m(setup pid=6894, ip=172.31.41.253)[0m 	libcusolver.so.11 (libc6,x86-64) => /usr/local/cuda-12.5/targets/x86_64-linux/lib/libcusolver.so.11
2026-03-26 13:24:01,211 - INFO - [36m(setup pid=6894, ip=172.31.41.253)[0m 	libcusolver.so.11 (libc6,x86-64) => /usr/local/cuda-12.6/targets/x86_64-linux/lib/libcusolver.so.11
2026-03-26 13:24:01,211 - INFO - [36m(setup pid=6894, ip=172.31.41.253)[0m 	libcusolver.so.11 (libc6,x86-64) => /usr/local/cuda-12.8/targets/x86_64-linux/lib/libcusolver.so.11
2026-03-26 13:24:01,211 - INFO - [36m(setup pid=6894, ip=172.31.41.253)[0m 	libcusolver.so (libc6,x86-64) => /usr/local/cuda-12.4/targets/x86_64-linux/lib/libcusolver.so
2026-03-26 13:24:01,211 - INFO - [36m(setup pid=6894, ip=172.31.41.253)[0m 	libcusolver.so (libc6,x86-64) => /usr/local/cuda-12.5/targets/x86_64-linux/lib/libcusolver.so
2026-03-26 13:24:01,211 - INFO - [36m(setup pid=6894, ip=172.31.41.253)[0m 	libcusolver.so (libc6,x86-64) => /usr/local/cuda-12.6/targets/x86_64-linux/lib/libcusolver.so
2026-03-26 13:24:01,211 - INFO - [36m(setup pid=6894, ip=172.31.41.253)[0m 	libcusolver.so (libc6,x86-64) => /usr/local/cuda-12.8/targets/x86_64-linux/lib/libcusolver.so
2026-03-26 13:24:01,211 - INFO - [36m(setup pid=6894, ip=172.31.41.253)[0m 	libcurand.so.10 (libc6,x86-64) => /usr/local/cuda-12.4/targets/x86_64-linux/lib/libcurand.so.10
2026-03-26 13:24:01,211 - INFO - [36m(setup pid=6894, ip=172.31.41.253)[0m 	libcurand.so.10 (libc6,x86-64) => /usr/local/cuda-12.5/targets/x86_64-linux/lib/libcurand.so.10
2026-03-26 13:24:01,211 - INFO - [36m(setup pid=6894, ip=172.31.41.253)[0m 	libcurand.so.10 (libc6,x86-64) => /usr/local/cuda-12.6/targets/x86_64-linux/lib/libcurand.so.10
2026-03-26 13:24:01,211 - INFO - [36m(setup pid=6894, ip=172.31.41.253)[0m 	libcurand.so.10 (libc6,x86-64) => /usr/local/cuda-12.8/targets/x86_64-linux/lib/libcurand.so.10
2026-03-26 13:24:01,211 - INFO - [36m(setup pid=6894, ip=172.31.41.253)[0m 	libcurand.so (libc6,x86-64) => /usr/local/cuda-12.4/targets/x86_64-linux/lib/libcurand.so
2026-03-26 13:24:01,211 - INFO - [36m(setup pid=6894, ip=172.31.41.253)[0m 	libcurand.so (libc6,x86-64) => /usr/local/cuda-12.5/targets/x86_64-linux/lib/libcurand.so
2026-03-26 13:24:01,211 - INFO - [36m(setup pid=6894, ip=172.31.41.253)[0m 	libcurand.so (libc6,x86-64) => /usr/local/cuda-12.6/targets/x86_64-linux/lib/libcurand.so
2026-03-26 13:24:01,211 - INFO - [36m(setup pid=6894, ip=172.31.41.253)[0m 	libcurand.so (libc6,x86-64) => /usr/local/cuda-12.8/targets/x86_64-linux/lib/libcurand.so
2026-03-26 13:24:01,211 - INFO - [36m(setup pid=6894, ip=172.31.41.253)[0m 	libcuinj64.so.12.8 (libc6,x86-64) => /usr/local/cuda-12.8/targets/x86_64-linux/lib/libcuinj64.so.12.8
2026-03-26 13:24:01,211 - INFO - [36m(setup pid=6894, ip=172.31.41.253)[0m 	libcuinj64.so.12.6 (libc6,x86-64) => /usr/local/cuda-12.6/targets/x86_64-linux/lib/libcuinj64.so.12.6
2026-03-26 13:24:01,211 - INFO - [36m(setup pid=6894, ip=172.31.41.253)[0m 	libcuinj64.so.12.5 (libc6,x86-64) => /usr/local/cuda-12.5/targets/x86_64-linux/lib/libcuinj64.so.12.5
2026-03-26 13:24:01,211 - INFO - [36m(setup pid=6894, ip=172.31.41.253)[0m 	libcuinj64.so.12.4 (libc6,x86-64) => /usr/local/cuda-12.4/targets/x86_64-linux/lib/libcuinj64.so.12.4
2026-03-26 13:24:01,211 - INFO - [36m(setup pid=6894, ip=172.31.41.253)[0m 	libcuinj64.so (libc6,x86-64) => /usr/local/cuda-12.4/targets/x86_64-linux/lib/libcuinj64.so
2026-03-26 13:24:01,211 - INFO - [36m(setup pid=6894, ip=172.31.41.253)[0m 	libcuinj64.so (libc6,x86-64) => /usr/local/cuda-12.5/targets/x86_64-linux/lib/libcuinj64.so
2026-03-26 13:24:01,211 - INFO - [36m(setup pid=6894, ip=172.31.41.253)[0m 	libcuinj64.so (libc6,x86-64) => /usr/local/cuda-12.6/targets/x86_64-linux/lib/libcuinj64.so
2026-03-26 13:24:01,211 - INFO - [36m(setup pid=6894, ip=172.31.41.253)[0m 	libcuinj64.so (libc6,x86-64) => /usr/local/cuda-12.8/targets/x86_64-linux/lib/libcuinj64.so
2026-03-26 13:24:01,211 - INFO - [36m(setup pid=6894, ip=172.31.41.253)[0m 	libcufile_rdma.so.1 (libc6,x86-64) => /usr/local/cuda-12.4/targets/x86_64-linux/lib/libcufile_rdma.so.1
2026-03-26 13:24:01,211 - INFO - [36m(setup pid=6894, ip=172.31.41.253)[0m 	libcufile_rdma.so.1 (libc6,x86-64) => /usr/local/cuda-12.5/targets/x86_64-linux/lib/libcufile_rdma.so.1
2026-03-26 13:24:01,211 - INFO - [36m(setup pid=6894, ip=172.31.41.253)[0m 	libcufile_rdma.so.1 (libc6,x86-64) => /usr/local/cuda-12.6/targets/x86_64-linux/lib/libcufile_rdma.so.1
2026-03-26 13:24:01,211 - INFO - [36m(setup pid=6894, ip=172.31.41.253)[0m 	libcufile_rdma.so.1 (libc6,x86-64) => /usr/local/cuda-12.8/targets/x86_64-linux/lib/libcufile_rdma.so.1
2026-03-26 13:24:01,211 - INFO - [36m(setup pid=6894, ip=172.31.41.253)[0m 	libcufile_rdma.so (libc6,x86-64) => /usr/local/cuda-12.4/targets/x86_64-linux/lib/libcufile_rdma.so
2026-03-26 13:24:01,211 - INFO - [36m(setup pid=6894, ip=172.31.41.253)[0m 	libcufile_rdma.so (libc6,x86-64) => /usr/local/cuda-12.5/targets/x86_64-linux/lib/libcufile_rdma.so
2026-03-26 13:24:01,211 - INFO - [36m(setup pid=6894, ip=172.31.41.253)[0m 	libcufile_rdma.so (libc6,x86-64) => /usr/local/cuda-12.6/targets/x86_64-linux/lib/libcufile_rdma.so
2026-03-26 13:24:01,211 - INFO - [36m(setup pid=6894, ip=172.31.41.253)[0m 	libcufile_rdma.so (libc6,x86-64) => /usr/local/cuda-12.8/targets/x86_64-linux/lib/libcufile_rdma.so
2026-03-26 13:24:01,211 - INFO - [36m(setup pid=6894, ip=172.31.41.253)[0m 	libcufile.so.0 (libc6,x86-64) => /usr/local/cuda-12.4/targets/x86_64-linux/lib/libcufile.so.0
2026-03-26 13:24:01,211 - INFO - [36m(setup pid=6894, ip=172.31.41.253)[0m 	libcufile.so.0 (libc6,x86-64) => /usr/local/cuda-12.5/targets/x86_64-linux/lib/libcufile.so.0
2026-03-26 13:24:01,211 - INFO - [36m(setup pid=6894, ip=172.31.41.253)[0m 	libcufile.so.0 (libc6,x86-64) => /usr/local/cuda-12.6/targets/x86_64-linux/lib/libcufile.so.0
2026-03-26 13:24:01,211 - INFO - [36m(setup pid=6894, ip=172.31.41.253)[0m 	libcufile.so.0 (libc6,x86-64) => /usr/local/cuda-12.8/targets/x86_64-linux/lib/libcufile.so.0
2026-03-26 13:24:01,211 - INFO - [36m(setup pid=6894, ip=172.31.41.253)[0m 	libcufile.so (libc6,x86-64) => /usr/local/cuda-12.4/targets/x86_64-linux/lib/libcufile.so
2026-03-26 13:24:01,211 - INFO - [36m(setup pid=6894, ip=172.31.41.253)[0m 	libcufile.so (libc6,x86-64) => /usr/local/cuda-12.5/targets/x86_64-linux/lib/libcufile.so
2026-03-26 13:24:01,211 - INFO - [36m(setup pid=6894, ip=172.31.41.253)[0m 	libcufile.so (libc6,x86-64) => /usr/local/cuda-12.6/targets/x86_64-linux/lib/libcufile.so
2026-03-26 13:24:01,211 - INFO - [36m(setup pid=6894, ip=172.31.41.253)[0m 	libcufile.so (libc6,x86-64) => /usr/local/cuda-12.8/targets/x86_64-linux/lib/libcufile.so
2026-03-26 13:24:01,211 - INFO - [36m(setup pid=6894, ip=172.31.41.253)[0m 	libcufftw.so.11 (libc6,x86-64) => /usr/local/cuda-12.4/targets/x86_64-linux/lib/libcufftw.so.11
2026-03-26 13:24:01,211 - INFO - [36m(setup pid=6894, ip=172.31.41.253)[0m 	libcufftw.so.11 (libc6,x86-64) => /usr/local/cuda-12.5/targets/x86_64-linux/lib/libcufftw.so.11
2026-03-26 13:24:01,211 - INFO - [36m(setup pid=6894, ip=172.31.41.253)[0m 	libcufftw.so.11 (libc6,x86-64) => /usr/local/cuda-12.6/targets/x86_64-linux/lib/libcufftw.so.11
2026-03-26 13:24:01,211 - INFO - [36m(setup pid=6894, ip=172.31.41.253)[0m 	libcufftw.so.11 (libc6,x86-64) => /usr/local/cuda-12.8/targets/x86_64-linux/lib/libcufftw.so.11
2026-03-26 13:24:01,211 - INFO - [36m(setup pid=6894, ip=172.31.41.253)[0m 	libcufftw.so (libc6,x86-64) => /usr/local/cuda-12.4/targets/x86_64-linux/lib/libcufftw.so
2026-03-26 13:24:01,211 - INFO - [36m(setup pid=6894, ip=172.31.41.253)[0m 	libcufftw.so (libc6,x86-64) => /usr/local/cuda-12.5/targets/x86_64-linux/lib/libcufftw.so
2026-03-26 13:24:01,211 - INFO - [36m(setup pid=6894, ip=172.31.41.253)[0m 	libcufftw.so (libc6,x86-64) => /usr/local/cuda-12.6/targets/x86_64-linux/lib/libcufftw.so
2026-03-26 13:24:01,211 - INFO - [36m(setup pid=6894, ip=172.31.41.253)[0m 	libcufftw.so (libc6,x86-64) => /usr/local/cuda-12.8/targets/x86_64-linux/lib/libcufftw.so
2026-03-26 13:24:01,211 - INFO - [36m(setup pid=6894, ip=172.31.41.253)[0m 	libcufft.so.11 (libc6,x86-64) => /usr/local/cuda-12.4/targets/x86_64-linux/lib/libcufft.so.11
2026-03-26 13:24:01,211 - INFO - [36m(setup pid=6894, ip=172.31.41.253)[0m 	libcufft.so.11 (libc6,x86-64) => /usr/local/cuda-12.5/targets/x86_64-linux/lib/libcufft.so.11
2026-03-26 13:24:01,211 - INFO - [36m(setup pid=6894, ip=172.31.41.253)[0m 	libcufft.so.11 (libc6,x86-64) => /usr/local/cuda-12.6/targets/x86_64-linux/lib/libcufft.so.11
2026-03-26 13:24:01,211 - INFO - [36m(setup pid=6894, ip=172.31.41.253)[0m 	libcufft.so.11 (libc6,x86-64) => /usr/local/cuda-12.8/targets/x86_64-linux/lib/libcufft.so.11
2026-03-26 13:24:01,212 - INFO - [36m(setup pid=6894, ip=172.31.41.253)[0m 	libcufft.so (libc6,x86-64) => /usr/local/cuda-12.4/targets/x86_64-linux/lib/libcufft.so
2026-03-26 13:24:01,212 - INFO - [36m(setup pid=6894, ip=172.31.41.253)[0m 	libcufft.so (libc6,x86-64) => /usr/local/cuda-12.5/targets/x86_64-linux/lib/libcufft.so
2026-03-26 13:24:01,212 - INFO - [36m(setup pid=6894, ip=172.31.41.253)[0m 	libcufft.so (libc6,x86-64) => /usr/local/cuda-12.6/targets/x86_64-linux/lib/libcufft.so
2026-03-26 13:24:01,212 - INFO - [36m(setup pid=6894, ip=172.31.41.253)[0m 	libcufft.so (libc6,x86-64) => /usr/local/cuda-12.8/targets/x86_64-linux/lib/libcufft.so
2026-03-26 13:24:01,212 - INFO - [36m(setup pid=6894, ip=172.31.41.253)[0m 	libcudart.so.12 (libc6,x86-64) => /usr/local/cuda-12.4/targets/x86_64-linux/lib/libcudart.so.12
2026-03-26 13:24:01,212 - INFO - [36m(setup pid=6894, ip=172.31.41.253)[0m 	libcudart.so.12 (libc6,x86-64) => /usr/local/cuda-12.5/targets/x86_64-linux/lib/libcudart.so.12
2026-03-26 13:24:01,212 - INFO - [36m(setup pid=6894, ip=172.31.41.253)[0m 	libcudart.so.12 (libc6,x86-64) => /usr/local/cuda-12.6/targets/x86_64-linux/lib/libcudart.so.12
2026-03-26 13:24:01,212 - INFO - [36m(setup pid=6894, ip=172.31.41.253)[0m 	libcudart.so.12 (libc6,x86-64) => /usr/local/cuda-12.8/targets/x86_64-linux/lib/libcudart.so.12
2026-03-26 13:24:01,212 - INFO - [36m(setup pid=6894, ip=172.31.41.253)[0m 	libcudart.so (libc6,x86-64) => /usr/local/cuda-12.4/targets/x86_64-linux/lib/libcudart.so
2026-03-26 13:24:01,212 - INFO - [36m(setup pid=6894, ip=172.31.41.253)[0m 	libcudart.so (libc6,x86-64) => /usr/local/cuda-12.5/targets/x86_64-linux/lib/libcudart.so
2026-03-26 13:24:01,212 - INFO - [36m(setup pid=6894, ip=172.31.41.253)[0m 	libcudart.so (libc6,x86-64) => /usr/local/cuda-12.6/targets/x86_64-linux/lib/libcudart.so
2026-03-26 13:24:01,212 - INFO - [36m(setup pid=6894, ip=172.31.41.253)[0m 	libcudart.so (libc6,x86-64) => /usr/local/cuda-12.8/targets/x86_64-linux/lib/libcudart.so
2026-03-26 13:24:01,212 - INFO - [36m(setup pid=6894, ip=172.31.41.253)[0m 	libcudadebugger.so.1 (libc6,x86-64) => /lib/x86_64-linux-gnu/libcudadebugger.so.1
2026-03-26 13:24:01,212 - INFO - [36m(setup pid=6894, ip=172.31.41.253)[0m 	libcuda.so.1 (libc6,x86-64) => /lib/x86_64-linux-gnu/libcuda.so.1
2026-03-26 13:24:01,212 - INFO - [36m(setup pid=6894, ip=172.31.41.253)[0m 	libcuda.so (libc6,x86-64) => /lib/x86_64-linux-gnu/libcuda.so
2026-03-26 13:24:01,212 - INFO - [36m(setup pid=6894, ip=172.31.41.253)[0m 	libcublasLt.so.12 (libc6,x86-64) => /usr/local/cuda-12.4/targets/x86_64-linux/lib/libcublasLt.so.12
2026-03-26 13:24:01,212 - INFO - [36m(setup pid=6894, ip=172.31.41.253)[0m 	libcublasLt.so.12 (libc6,x86-64) => /usr/local/cuda-12.5/targets/x86_64-linux/lib/libcublasLt.so.12
2026-03-26 13:24:01,212 - INFO - [36m(setup pid=6894, ip=172.31.41.253)[0m 	libcublasLt.so.12 (libc6,x86-64) => /usr/local/cuda-12.6/targets/x86_64-linux/lib/libcublasLt.so.12
2026-03-26 13:24:01,212 - INFO - [36m(setup pid=6894, ip=172.31.41.253)[0m 	libcublasLt.so.12 (libc6,x86-64) => /usr/local/cuda-12.8/targets/x86_64-linux/lib/libcublasLt.so.12
2026-03-26 13:24:01,212 - INFO - [36m(setup pid=6894, ip=172.31.41.253)[0m 	libcublasLt.so (libc6,x86-64) => /usr/local/cuda-12.4/targets/x86_64-linux/lib/libcublasLt.so
2026-03-26 13:24:01,212 - INFO - [36m(setup pid=6894, ip=172.31.41.253)[0m 	libcublasLt.so (libc6,x86-64) => /usr/local/cuda-12.5/targets/x86_64-linux/lib/libcublasLt.so
2026-03-26 13:24:01,212 - INFO - [36m(setup pid=6894, ip=172.31.41.253)[0m 	libcublasLt.so (libc6,x86-64) => /usr/local/cuda-12.6/targets/x86_64-linux/lib/libcublasLt.so
2026-03-26 13:24:01,212 - INFO - [36m(setup pid=6894, ip=172.31.41.253)[0m 	libcublasLt.so (libc6,x86-64) => /usr/local/cuda-12.8/targets/x86_64-linux/lib/libcublasLt.so
2026-03-26 13:24:01,212 - INFO - [36m(setup pid=6894, ip=172.31.41.253)[0m 	libcublas.so.12 (libc6,x86-64) => /usr/local/cuda-12.4/targets/x86_64-linux/lib/libcublas.so.12
2026-03-26 13:24:01,212 - INFO - [36m(setup pid=6894, ip=172.31.41.253)[0m 	libcublas.so.12 (libc6,x86-64) => /usr/local/cuda-12.5/targets/x86_64-linux/lib/libcublas.so.12
2026-03-26 13:24:01,212 - INFO - [36m(setup pid=6894, ip=172.31.41.253)[0m 	libcublas.so.12 (libc6,x86-64) => /usr/local/cuda-12.6/targets/x86_64-linux/lib/libcublas.so.12
2026-03-26 13:24:01,212 - INFO - [36m(setup pid=6894, ip=172.31.41.253)[0m 	libcublas.so.12 (libc6,x86-64) => /usr/local/cuda-12.8/targets/x86_64-linux/lib/libcublas.so.12
2026-03-26 13:24:01,212 - INFO - [36m(setup pid=6894, ip=172.31.41.253)[0m 	libcublas.so (libc6,x86-64) => /usr/local/cuda-12.4/targets/x86_64-linux/lib/libcublas.so
2026-03-26 13:24:01,212 - INFO - [36m(setup pid=6894, ip=172.31.41.253)[0m 	libcublas.so (libc6,x86-64) => /usr/local/cuda-12.5/targets/x86_64-linux/lib/libcublas.so
2026-03-26 13:24:01,212 - INFO - [36m(setup pid=6894, ip=172.31.41.253)[0m 	libcublas.so (libc6,x86-64) => /usr/local/cuda-12.6/targets/x86_64-linux/lib/libcublas.so
2026-03-26 13:24:01,212 - INFO - [36m(setup pid=6894, ip=172.31.41.253)[0m 	libcublas.so (libc6,x86-64) => /usr/local/cuda-12.8/targets/x86_64-linux/lib/libcublas.so
2026-03-26 13:24:01,212 - INFO - [36m(setup pid=6894, ip=172.31.41.253)[0m 	libaccinj64.so.12.8 (libc6,x86-64) => /usr/local/cuda-12.8/targets/x86_64-linux/lib/libaccinj64.so.12.8
2026-03-26 13:24:01,212 - INFO - [36m(setup pid=6894, ip=172.31.41.253)[0m 	libaccinj64.so.12.6 (libc6,x86-64) => /usr/local/cuda-12.6/targets/x86_64-linux/lib/libaccinj64.so.12.6
2026-03-26 13:24:01,212 - INFO - [36m(setup pid=6894, ip=172.31.41.253)[0m 	libaccinj64.so.12.5 (libc6,x86-64) => /usr/local/cuda-12.5/targets/x86_64-linux/lib/libaccinj64.so.12.5
2026-03-26 13:24:01,212 - INFO - [36m(setup pid=6894, ip=172.31.41.253)[0m 	libaccinj64.so.12.4 (libc6,x86-64) => /usr/local/cuda-12.4/targets/x86_64-linux/lib/libaccinj64.so.12.4
2026-03-26 13:24:01,212 - INFO - [36m(setup pid=6894, ip=172.31.41.253)[0m 	libaccinj64.so (libc6,x86-64) => /usr/local/cuda-12.4/targets/x86_64-linux/lib/libaccinj64.so
2026-03-26 13:24:01,212 - INFO - [36m(setup pid=6894, ip=172.31.41.253)[0m 	libaccinj64.so (libc6,x86-64) => /usr/local/cuda-12.5/targets/x86_64-linux/lib/libaccinj64.so
2026-03-26 13:24:01,212 - INFO - [36m(setup pid=6894, ip=172.31.41.253)[0m 	libaccinj64.so (libc6,x86-64) => /usr/local/cuda-12.6/targets/x86_64-linux/lib/libaccinj64.so
2026-03-26 13:24:01,212 - INFO - [36m(setup pid=6894, ip=172.31.41.253)[0m 	libaccinj64.so (libc6,x86-64) => /usr/local/cuda-12.8/targets/x86_64-linux/lib/libaccinj64.so
2026-03-26 13:24:01,212 - INFO - [36m(setup pid=6894, ip=172.31.41.253)[0m 	libOpenCL.so.1 (libc6,x86-64) => /usr/local/cuda-12.4/targets/x86_64-linux/lib/libOpenCL.so.1
2026-03-26 13:24:01,212 - INFO - [36m(setup pid=6894, ip=172.31.41.253)[0m 	libOpenCL.so.1 (libc6,x86-64) => /usr/local/cuda-12.5/targets/x86_64-linux/lib/libOpenCL.so.1
2026-03-26 13:24:01,212 - INFO - [36m(setup pid=6894, ip=172.31.41.253)[0m 	libOpenCL.so.1 (libc6,x86-64) => /usr/local/cuda-12.6/targets/x86_64-linux/lib/libOpenCL.so.1
2026-03-26 13:24:01,212 - INFO - [36m(setup pid=6894, ip=172.31.41.253)[0m 	libOpenCL.so.1 (libc6,x86-64) => /usr/local/cuda-12.8/targets/x86_64-linux/lib/libOpenCL.so.1
2026-03-26 13:24:01,212 - INFO - [36m(setup pid=6894, ip=172.31.41.253)[0m 	libOpenCL.so (libc6,x86-64) => /usr/local/cuda-12.4/targets/x86_64-linux/lib/libOpenCL.so
2026-03-26 13:24:01,212 - INFO - [36m(setup pid=6894, ip=172.31.41.253)[0m 	libOpenCL.so (libc6,x86-64) => /usr/local/cuda-12.5/targets/x86_64-linux/lib/libOpenCL.so
2026-03-26 13:24:01,212 - INFO - [36m(setup pid=6894, ip=172.31.41.253)[0m 	libOpenCL.so (libc6,x86-64) => /usr/local/cuda-12.6/targets/x86_64-linux/lib/libOpenCL.so
2026-03-26 13:24:01,212 - INFO - [36m(setup pid=6894, ip=172.31.41.253)[0m 	libOpenCL.so (libc6,x86-64) => /usr/local/cuda-12.8/targets/x86_64-linux/lib/libOpenCL.so
2026-03-26 13:24:01,212 - INFO - [36m(setup pid=6894, ip=172.31.41.253)[0m + echo 'CUDA toolkit path:'
2026-03-26 13:24:01,212 - INFO - [36m(setup pid=6894, ip=172.31.41.253)[0m CUDA toolkit path:
2026-03-26 13:24:01,212 - INFO - [36m(setup pid=6894, ip=172.31.41.253)[0m + ls --color=auto -la /usr/local/cuda /usr/local/cuda-12.4 /usr/local/cuda-12.5 /usr/local/cuda-12.6 /usr/local/cuda-12.8
2026-03-26 13:24:01,212 - INFO - [36m(setup pid=7461)[0m drwxrwxr-x  3 root   root    4096 Aug  8  2025 lib
2026-03-26 13:24:01,212 - INFO - [36m(setup pid=7461)[0m lrwxrwxrwx  1 root   root      24 Aug  8  2025 lib64 -> targets/x86_64-linux/lib
2026-03-26 13:24:01,212 - INFO - [36m(setup pid=7461)[0m drwxr-xr-x  7 root   root    4096 Aug  8  2025 libnvvp
2026-03-26 13:24:01,212 - INFO - [36m(setup pid=7461)[0m drwxr-xr-x  7 root   root    4096 Aug  8  2025 nsight-compute-2024.3.2
2026-03-26 13:24:01,212 - INFO - [36m(setup pid=7461)[0m drwxr-xr-x  6 root   root    4096 Aug  8  2025 nsight-systems-2024.5.1
2026-03-26 13:24:01,212 - INFO - [36m(setup pid=7461)[0m drwxr-xr-x  2 root   root    4096 Aug  8  2025 nsightee_plugins
2026-03-26 13:24:01,212 - INFO - [36m(setup pid=7461)[0m drwxr-xr-x  3 root   root    4096 Aug  8  2025 nvml
2026-03-26 13:24:01,212 - INFO - [36m(setup pid=7461)[0m drwxr-xr-x  6 root   root    4096 Aug  8  2025 nvvm
2026-03-26 13:24:01,212 - INFO - [36m(setup pid=7461)[0m drwxr-xr-x  3 root   root    4096 Aug  8  2025 share
2026-03-26 13:24:01,212 - INFO - [36m(setup pid=7461)[0m drwxr-xr-x  2 root   root    4096 Aug  8  2025 src
2026-03-26 13:24:01,212 - INFO - [36m(setup pid=7461)[0m drwxr-xr-x  3 root   root    4096 Aug  8  2025 targets
2026-03-26 13:24:01,212 - INFO - [36m(setup pid=7461)[0m drwxr-xr-x  2 root   root    4096 Aug  8  2025 tools
2026-03-26 13:24:01,212 - INFO - [36m(setup pid=7461)[0m -rw-r--r--  1 root   root    2935 Aug  8  2025 version.json
2026-03-26 13:24:01,212 - INFO - [36m(setup pid=7461)[0m
2026-03-26 13:24:01,212 - INFO - [36m(setup pid=7461)[0m /usr/local/cuda-12.8:
2026-03-26 13:24:01,212 - INFO - [36m(setup pid=7461)[0m total 188
2026-03-26 13:24:01,212 - INFO - [36m(setup pid=7461)[0m drwxr-xr-x 19 root   root    4096 Aug  8  2025 .
2026-03-26 13:24:01,212 - INFO - [36m(setup pid=7461)[0m drwxr-xr-x 15 root   root    4096 Aug  8  2025 ..
2026-03-26 13:24:01,212 - INFO - [36m(setup pid=7461)[0m -rw-r--r--  1 root   root     160 Aug  8  2025 DOCS
2026-03-26 13:24:01,212 - INFO - [36m(setup pid=7461)[0m -rw-r--r--  1 root   root   63021 Aug  8  2025 EULA.txt
2026-03-26 13:24:01,212 - INFO - [36m(setup pid=7461)[0m -rw-r--r--  1 ubuntu ubuntu 29574 May 31  2025 LICENSE
2026-03-26 13:24:01,212 - INFO - [36m(setup pid=7461)[0m -rw-r--r--  1 root   root    1895 May 15  2025 LICENSE.txt
2026-03-26 13:24:01,212 - INFO - [36m(setup pid=7461)[0m -rw-r--r--  1 root   root     524 Aug  8  2025 README
2026-03-26 13:24:01,212 - INFO - [36m(setup pid=7461)[0m drwxr-xr-x  3 root   root    4096 May 15  2025 bin
2026-03-26 13:24:01,212 - INFO - [36m(setup pid=7461)[0m drwxr-xr-x  5 root   root    4096 Aug  8  2025 compute-sanitizer
2026-03-26 13:24:01,212 - INFO - [36m(setup pid=7461)[0m lrwxrwxrwx  1 root   root      20 Aug  8  2025 cuda-12.8 -> /usr/local/cuda-12.8
2026-03-26 13:24:01,212 - INFO - [36m(setup pid=7461)[0m drwxr-xr-x  3 root   root    4096 Aug  8  2025 efa
2026-03-26 13:24:01,212 - INFO - [36m(setup pid=7461)[0m drwxr-xr-x  5 root   root    4096 Aug  8  2025 extras
2026-03-26 13:24:01,212 - INFO - [36m(setup pid=7461)[0m drwxr-xr-x  5 root   root    4096 Aug  8  2025 gds
2026-03-26 13:24:01,212 - INFO - [36m(setup pid=7461)[0m drwxr-xr-x  2 root   root    4096 Aug  8  2025 gds-12.8
2026-03-26 13:24:01,212 - INFO - [36m(setup pid=7461)[0m lrwxrwxrwx  1 root   root      28 Aug  8  2025 include -> targets/x86_64-linux/include
2026-03-26 13:24:01,212 - INFO - [36m(setup pid=7461)[0m drwxr-xr-x  3 root   root    4096 Aug  8  2025 lib
2026-03-26 13:24:01,212 - INFO - [36m(setup pid=7461)[0m lrwxrwxrwx  1 root   root      24 Aug  8  2025 lib64 -> targets/x86_64-linux/lib
2026-03-26 13:24:01,212 - INFO - [36m(setup pid=7461)[0m drwxr-xr-x  7 root   root    4096 Aug  8  2025 libnvvp
2026-03-26 13:24:01,212 - INFO - [36m(setup pid=7461)[0m drwxr-xr-x  7 root   root    4096 Aug  8  2025 nsight-compute-2025.1.1
2026-03-26 13:24:01,212 - INFO - [36m(setup pid=7461)[0m drwxr-xr-x  6 root   root    4096 Aug  8  2025 nsight-systems-2024.6.2
2026-03-26 13:24:01,212 - INFO - [36m(setup pid=7461)[0m drwxr-xr-x  2 root   root    4096 Aug  8  2025 nsightee_plugins
2026-03-26 13:24:01,212 - INFO - [36m(setup pid=7461)[0m drwxr-xr-x  3 root   root    4096 Aug  8  2025 nvml
2026-03-26 13:24:01,212 - INFO - [36m(setup pid=7461)[0m drwxr-xr-x  6 root   root    4096 Aug  8  2025 nvvm
2026-03-26 13:24:01,212 - INFO - [36m(setup pid=7461)[0m drwxr-xr-x  3 root   root    4096 Aug  8  2025 share
2026-03-26 13:24:01,212 - INFO - [36m(setup pid=7461)[0m drwxr-xr-x  2 root   root    4096 Aug  8  2025 src
2026-03-26 13:24:01,212 - INFO - [36m(setup pid=7461)[0m drwxr-xr-x  3 root   root    4096 Aug  8  2025 targets
2026-03-26 13:24:01,212 - INFO - [36m(setup pid=7461)[0m drwxr-xr-x  2 root   root    4096 Aug  8  2025 tools
2026-03-26 13:24:01,212 - INFO - [36m(setup pid=7461)[0m -rw-r--r--  1 root   root    2940 Aug  8  2025 version.json
2026-03-26 13:24:01,212 - INFO - [36m(setup pid=7461)[0m + echo ===================================
2026-03-26 13:24:01,212 - INFO - [36m(setup pid=7461)[0m ===================================
2026-03-26 13:24:01,212 - INFO - [36m(setup pid=7461)[0m + command -v nvidia-smi
2026-03-26 13:24:01,212 - INFO - [36m(setup pid=7461)[0m + '[' true = true ']'
2026-03-26 13:24:01,212 - INFO - [36m(setup pid=7461)[0m + echo '=== Fabric Manager for NVSwitch ==='
2026-03-26 13:24:01,212 - INFO - [36m(setup pid=7461)[0m === Fabric Manager for NVSwitch ===
2026-03-26 13:24:01,212 - INFO - [36m(setup pid=7461)[0m + systemctl is-active --quiet nvidia-fabricmanager
2026-03-26 13:24:01,212 - INFO - [36m(setup pid=7461)[0m + echo 'Fabric Manager already running'
2026-03-26 13:24:01,212 - INFO - [36m(setup pid=7461)[0m Fabric Manager already running
2026-03-26 13:24:01,212 - INFO - [36m(setup pid=7461)[0m + awk 'NR<=15'
2026-03-26 13:24:01,212 - INFO - [36m(setup pid=7461)[0m + nvidia-smi topo -m
2026-03-26 13:24:01,212 - INFO - [36m(setup pid=6894, ip=172.31.41.253)[0m lrwxrwxrwx  1 root root   21 Aug  8  2025 /usr/local/cuda -> /usr/local/cuda-12.8/
2026-03-26 13:24:01,212 - INFO - [36m(setup pid=6894, ip=172.31.41.253)[0m
2026-03-26 13:24:01,212 - INFO - [36m(setup pid=6894, ip=172.31.41.253)[0m /usr/local/cuda-12.4:
2026-03-26 13:24:01,212 - INFO - [36m(setup pid=6894, ip=172.31.41.253)[0m total 188
2026-03-26 13:24:01,212 - INFO - [36m(setup pid=6894, ip=172.31.41.253)[0m drwxr-xr-x 19 root   root    4096 Aug  8  2025 .
2026-03-26 13:24:01,212 - INFO - [36m(setup pid=6894, ip=172.31.41.253)[0m drwxr-xr-x 15 root   root    4096 Aug  8  2025 ..
2026-03-26 13:24:01,212 - INFO - [36m(setup pid=6894, ip=172.31.41.253)[0m -rw-r--r--  1 root   root     160 Aug  8  2025 DOCS
2026-03-26 13:24:01,212 - INFO - [36m(setup pid=6894, ip=172.31.41.253)[0m -rw-r--r--  1 root   root   63021 Aug  8  2025 EULA.txt
2026-03-26 13:24:01,212 - INFO - [36m(setup pid=6894, ip=172.31.41.253)[0m -rw-r--r--  1 ubuntu ubuntu 29662 Nov 30  2023 LICENSE
2026-03-26 13:24:01,212 - INFO - [36m(setup pid=6894, ip=172.31.41.253)[0m -rw-r--r--  1 root   root    1895 Jun 11  2024 LICENSE.txt
2026-03-26 13:24:01,212 - INFO - [36m(setup pid=6894, ip=172.31.41.253)[0m -rw-r--r--  1 root   root     524 Aug  8  2025 README
2026-03-26 13:24:01,212 - INFO - [36m(setup pid=6894, ip=172.31.41.253)[0m drwxr-xr-x  3 root   root    4096 Aug  8  2025 bin
2026-03-26 13:24:01,212 - INFO - [36m(setup pid=6894, ip=172.31.41.253)[0m drwxr-xr-x  5 root   root    4096 Aug  8  2025 compute-sanitizer
2026-03-26 13:24:01,212 - INFO - [36m(setup pid=6894, ip=172.31.41.253)[0m drwxr-xr-x  3 root   root    4096 Aug  8  2025 efa
2026-03-26 13:24:01,212 - INFO - [36m(setup pid=6894, ip=172.31.41.253)[0m drwxr-xr-x  5 root   root    4096 Aug  8  2025 extras
2026-03-26 13:24:01,212 - INFO - [36m(setup pid=6894, ip=172.31.41.253)[0m drwxr-xr-x  5 root   root    4096 Aug  8  2025 gds
2026-03-26 13:24:01,212 - INFO - [36m(setup pid=6894, ip=172.31.41.253)[0m drwxr-xr-x  2 root   root    4096 Aug  8  2025 gds-12.4
2026-03-26 13:24:01,212 - INFO - [36m(setup pid=6894, ip=172.31.41.253)[0m lrwxrwxrwx  1 root   root      28 Aug  8  2025 include -> targets/x86_64-linux/include
2026-03-26 13:24:01,212 - INFO - [36m(setup pid=6894, ip=172.31.41.253)[0m drwxrwxr-x  3 root   root    4096 Aug  8  2025 lib
2026-03-26 13:24:01,212 - INFO - [36m(setup pid=6894, ip=172.31.41.253)[0m lrwxrwxrwx  1 root   root      24 Aug  8  2025 lib64 -> targets/x86_64-linux/lib
2026-03-26 13:24:01,212 - INFO - [36m(setup pid=6894, ip=172.31.41.253)[0m drwxr-xr-x  7 root   root    4096 Aug  8  2025 libnvvp
2026-03-26 13:24:01,212 - INFO - [36m(setup pid=6894, ip=172.31.41.253)[0m drwxr-xr-x  7 root   root    4096 Aug  8  2025 nsight-compute-2024.1.1
2026-03-26 13:24:01,212 - INFO - [36m(setup pid=6894, ip=172.31.41.253)[0m drwxr-xr-x  6 root   root    4096 Aug  8  2025 nsight-systems-2023.4.4
2026-03-26 13:24:01,213 - INFO - [36m(setup pid=6894, ip=172.31.41.253)[0m drwxr-xr-x  2 root   root    4096 Aug  8  2025 nsightee_plugins
2026-03-26 13:24:01,213 - INFO - [36m(setup pid=6894, ip=172.31.41.253)[0m drwxr-xr-x  3 root   root    4096 Aug  8  2025 nvml
2026-03-26 13:24:01,213 - INFO - [36m(setup pid=6894, ip=172.31.41.253)[0m drwxr-xr-x  6 root   root    4096 Aug  8  2025 nvvm
2026-03-26 13:24:01,213 - INFO - [36m(setup pid=6894, ip=172.31.41.253)[0m drwxr-xr-x  3 root   root    4096 Aug  8  2025 share
2026-03-26 13:24:01,213 - INFO - [36m(setup pid=6894, ip=172.31.41.253)[0m drwxr-xr-x  2 root   root    4096 Aug  8  2025 src
2026-03-26 13:24:01,213 - INFO - [36m(setup pid=6894, ip=172.31.41.253)[0m drwxr-xr-x  3 root   root    4096 Aug  8  2025 targets
2026-03-26 13:24:01,213 - INFO - [36m(setup pid=6894, ip=172.31.41.253)[0m drwxr-xr-x  2 root   root    4096 Aug  8  2025 tools
2026-03-26 13:24:01,213 - INFO - [36m(setup pid=6894, ip=172.31.41.253)[0m -rw-r--r--  1 root   root    2957 Aug  8  2025 version.json
2026-03-26 13:24:01,213 - INFO - [36m(setup pid=6894, ip=172.31.41.253)[0m
2026-03-26 13:24:01,213 - INFO - [36m(setup pid=6894, ip=172.31.41.253)[0m /usr/local/cuda-12.5:
2026-03-26 13:24:01,213 - INFO - [36m(setup pid=6894, ip=172.31.41.253)[0m total 188
2026-03-26 13:24:01,213 - INFO - [36m(setup pid=6894, ip=172.31.41.253)[0m drwxr-xr-x 19 root   root    4096 Aug  8  2025 .
2026-03-26 13:24:01,213 - INFO - [36m(setup pid=6894, ip=172.31.41.253)[0m drwxr-xr-x 15 root   root    4096 Aug  8  2025 ..
2026-03-26 13:24:01,213 - INFO - [36m(setup pid=6894, ip=172.31.41.253)[0m -rw-r--r--  1 root   root     160 Aug  8  2025 DOCS
2026-03-26 13:24:01,213 - INFO - [36m(setup pid=6894, ip=172.31.41.253)[0m -rw-r--r--  1 root   root   63021 Aug  8  2025 EULA.txt
2026-03-26 13:24:01,213 - INFO - [36m(setup pid=6894, ip=172.31.41.253)[0m -rw-r--r--  1 ubuntu ubuntu 29574 Oct 21  2024 LICENSE
2026-03-26 13:24:01,213 - INFO - [36m(setup pid=6894, ip=172.31.41.253)[0m -rw-r--r--  1 root   root    1895 Nov  6  2024 LICENSE.txt
2026-03-26 13:24:01,213 - INFO - [36m(setup pid=6894, ip=172.31.41.253)[0m -rw-r--r--  1 root   root     524 Aug  8  2025 README
2026-03-26 13:24:01,213 - INFO - [36m(setup pid=6894, ip=172.31.41.253)[0m drwxr-xr-x  3 root   root    4096 Aug  8  2025 bin
2026-03-26 13:24:01,213 - INFO - [36m(setup pid=6894, ip=172.31.41.253)[0m drwxr-xr-x  5 root   root    4096 Aug  8  2025 compute-sanitizer
2026-03-26 13:24:01,213 - INFO - [36m(setup pid=6894, ip=172.31.41.253)[0m drwxr-xr-x  3 root   root    4096 Aug  8  2025 efa
2026-03-26 13:24:01,213 - INFO - [36m(setup pid=6894, ip=172.31.41.253)[0m drwxr-xr-x  5 root   root    4096 Aug  8  2025 extras
2026-03-26 13:24:01,213 - INFO - [36m(setup pid=6894, ip=172.31.41.253)[0m drwxr-xr-x  5 root   root    4096 Aug  8  2025 gds
2026-03-26 13:24:01,213 - INFO - [36m(setup pid=6894, ip=172.31.41.253)[0m drwxr-xr-x  2 root   root    4096 Aug  8  2025 gds-12.5
2026-03-26 13:24:01,213 - INFO - [36m(setup pid=6894, ip=172.31.41.253)[0m lrwxrwxrwx  1 root   root      28 Aug  8  2025 include -> targets/x86_64-linux/include
2026-03-26 13:24:01,213 - INFO - [36m(setup pid=6894, ip=172.31.41.253)[0m drwxr-xr-x  3 root   root    4096 Aug  8  2025 lib
2026-03-26 13:24:01,213 - INFO - [36m(setup pid=6894, ip=172.31.41.253)[0m lrwxrwxrwx  1 root   root      24 Aug  8  2025 lib64 -> targets/x86_64-linux/lib
2026-03-26 13:24:01,213 - INFO - [36m(setup pid=6894, ip=172.31.41.253)[0m drwxr-xr-x  7 root   root    4096 Aug  8  2025 libnvvp
2026-03-26 13:24:01,213 - INFO - [36m(setup pid=6894, ip=172.31.41.253)[0m drwxr-xr-x  7 root   root    4096 Aug  8  2025 nsight-compute-2024.2.0
2026-03-26 13:24:01,213 - INFO - [36m(setup pid=6894, ip=172.31.41.253)[0m drwxr-xr-x  6 root   root    4096 Aug  8  2025 nsight-systems-2024.2.3
2026-03-26 13:24:01,213 - INFO - [36m(setup pid=6894, ip=172.31.41.253)[0m drwxr-xr-x  2 root   root    4096 Aug  8  2025 nsightee_plugins
2026-03-26 13:24:01,213 - INFO - [36m(setup pid=6894, ip=172.31.41.253)[0m drwxr-xr-x  3 root   root    4096 Aug  8  2025 nvml
2026-03-26 13:24:01,213 - INFO - [36m(setup pid=6894, ip=172.31.41.253)[0m drwxr-xr-x  6 root   root    4096 Aug  8  2025 nvvm
2026-03-26 13:24:01,213 - INFO - [36m(setup pid=6894, ip=172.31.41.253)[0m drwxr-xr-x  3 root   root    4096 Aug  8  2025 share
2026-03-26 13:24:01,213 - INFO - [36m(setup pid=6894, ip=172.31.41.253)[0m drwxr-xr-x  2 root   root    4096 Aug  8  2025 src
2026-03-26 13:24:01,213 - INFO - [36m(setup pid=6894, ip=172.31.41.253)[0m drwxr-xr-x  3 root   root    4096 Aug  8  2025 targets
2026-03-26 13:24:01,213 - INFO - [36m(setup pid=6894, ip=172.31.41.253)[0m drwxr-xr-x  2 root   root    4096 Aug  8  2025 tools
2026-03-26 13:24:01,213 - INFO - [36m(setup pid=6894, ip=172.31.41.253)[0m -rw-r--r--  1 root   root    2940 Aug  8  2025 version.json
2026-03-26 13:24:01,213 - INFO - [36m(setup pid=6894, ip=172.31.41.253)[0m
2026-03-26 13:24:01,213 - INFO - [36m(setup pid=6894, ip=172.31.41.253)[0m /usr/local/cuda-12.6:
2026-03-26 13:24:01,213 - INFO - [36m(setup pid=6894, ip=172.31.41.253)[0m total 188
2026-03-26 13:24:01,213 - INFO - [36m(setup pid=6894, ip=172.31.41.253)[0m drwxr-xr-x 19 root   root    4096 Aug  8  2025 .
2026-03-26 13:24:01,213 - INFO - [36m(setup pid=6894, ip=172.31.41.253)[0m drwxr-xr-x 15 root   root    4096 Aug  8  2025 ..
2026-03-26 13:24:01,213 - INFO - [36m(setup pid=6894, ip=172.31.41.253)[0m -rw-r--r--  1 root   root     160 Aug  8  2025 DOCS
2026-03-26 13:24:01,213 - INFO - [36m(setup pid=6894, ip=172.31.41.253)[0m -rw-r--r--  1 root   root   63021 Aug  8  2025 EULA.txt
2026-03-26 13:24:01,213 - INFO - [36m(setup pid=6894, ip=172.31.41.253)[0m -rw-r--r--  1 ubuntu ubuntu 29574 Dec 30  2024 LICENSE
2026-03-26 13:24:01,213 - INFO - [36m(setup pid=6894, ip=172.31.41.253)[0m -rw-r--r--  1 root   root    1895 Dec  7  2024 LICENSE.txt
2026-03-26 13:24:01,213 - INFO - [36m(setup pid=6894, ip=172.31.41.253)[0m -rw-r--r--  1 root   root     524 Aug  8  2025 README
2026-03-26 13:24:01,213 - INFO - [36m(setup pid=6894, ip=172.31.41.253)[0m drwxrwxr-x  3 root   root    4096 Dec  7  2024 bin
2026-03-26 13:24:01,213 - INFO - [36m(setup pid=6894, ip=172.31.41.253)[0m drwxr-xr-x  5 root   root    4096 Aug  8  2025 compute-sanitizer
2026-03-26 13:24:01,213 - INFO - [36m(setup pid=6894, ip=172.31.41.253)[0m drwxr-xr-x  3 root   root    4096 Aug  8  2025 efa
2026-03-26 13:24:01,213 - INFO - [36m(setup pid=6894, ip=172.31.41.253)[0m drwxr-xr-x  5 root   root    4096 Aug  8  2025 extras
2026-03-26 13:24:01,213 - INFO - [36m(setup pid=6894, ip=172.31.41.253)[0m drwxr-xr-x  5 root   root    4096 Aug  8  2025 gds
2026-03-26 13:24:01,213 - INFO - [36m(setup pid=6894, ip=172.31.41.253)[0m drwxr-xr-x  2 root   root    4096 Aug  8  2025 gds-12.6
2026-03-26 13:24:01,213 - INFO - [36m(setup pid=6894, ip=172.31.41.253)[0m lrwxrwxrwx  1 root   root      28 Aug  8  2025 include -> targets/x86_64-linux/include
2026-03-26 13:24:01,213 - INFO - [36m(setup pid=6894, ip=172.31.41.253)[0m drwxrwxr-x  3 root   root    4096 Aug  8  2025 lib
2026-03-26 13:24:01,213 - INFO - [36m(setup pid=6894, ip=172.31.41.253)[0m lrwxrwxrwx  1 root   root      24 Aug  8  2025 lib64 -> targets/x86_64-linux/lib
2026-03-26 13:24:01,213 - INFO - [36m(setup pid=6894, ip=172.31.41.253)[0m drwxr-xr-x  7 root   root    4096 Aug  8  2025 libnvvp
2026-03-26 13:24:01,213 - INFO - [36m(setup pid=6894, ip=172.31.41.253)[0m drwxr-xr-x  7 root   root    4096 Aug  8  2025 nsight-compute-2024.3.2
2026-03-26 13:24:01,213 - INFO - [36m(setup pid=6894, ip=172.31.41.253)[0m drwxr-xr-x  6 root   root    4096 Aug  8  2025 nsight-systems-2024.5.1
2026-03-26 13:24:01,213 - INFO - [36m(setup pid=6894, ip=172.31.41.253)[0m drwxr-xr-x  2 root   root    4096 Aug  8  2025 nsightee_plugins
2026-03-26 13:24:01,213 - INFO - [36m(setup pid=6894, ip=172.31.41.253)[0m drwxr-xr-x  3 root   root    4096 Aug  8  2025 nvml
2026-03-26 13:24:01,213 - INFO - [36m(setup pid=6894, ip=172.31.41.253)[0m drwxr-xr-x  6 root   root    4096 Aug  8  2025 nvvm
2026-03-26 13:24:01,213 - INFO - [36m(setup pid=6894, ip=172.31.41.253)[0m drwxr-xr-x  3 root   root    4096 Aug  8  2025 share
2026-03-26 13:24:01,213 - INFO - [36m(setup pid=6894, ip=172.31.41.253)[0m drwxr-xr-x  2 root   root    4096 Aug  8  2025 src
2026-03-26 13:24:01,213 - INFO - [36m(setup pid=6894, ip=172.31.41.253)[0m drwxr-xr-x  3 root   root    4096 Aug  8  2025 targets
2026-03-26 13:24:01,213 - INFO - [36m(setup pid=6894, ip=172.31.41.253)[0m drwxr-xr-x  2 root   root    4096 Aug  8  2025 tools
2026-03-26 13:24:01,213 - INFO - [36m(setup pid=6894, ip=172.31.41.253)[0m -rw-r--r--  1 root   root    2935 Aug  8  2025 version.json
2026-03-26 13:24:01,213 - INFO - [36m(setup pid=6894, ip=172.31.41.253)[0m
2026-03-26 13:24:01,213 - INFO - [36m(setup pid=6894, ip=172.31.41.253)[0m /usr/local/cuda-12.8:
2026-03-26 13:24:01,213 - INFO - [36m(setup pid=6894, ip=172.31.41.253)[0m total 188
2026-03-26 13:24:01,213 - INFO - [36m(setup pid=6894, ip=172.31.41.253)[0m drwxr-xr-x 19 root   root    4096 Aug  8  2025 .
2026-03-26 13:24:01,213 - INFO - [36m(setup pid=6894, ip=172.31.41.253)[0m drwxr-xr-x 15 root   root    4096 Aug  8  2025 ..
2026-03-26 13:24:01,213 - INFO - [36m(setup pid=6894, ip=172.31.41.253)[0m -rw-r--r--  1 root   root     160 Aug  8  2025 DOCS
2026-03-26 13:24:01,213 - INFO - [36m(setup pid=6894, ip=172.31.41.253)[0m -rw-r--r--  1 root   root   63021 Aug  8  2025 EULA.txt
2026-03-26 13:24:01,213 - INFO - [36m(setup pid=6894, ip=172.31.41.253)[0m -rw-r--r--  1 ubuntu ubuntu 29574 May 31  2025 LICENSE
2026-03-26 13:24:01,213 - INFO - [36m(setup pid=6894, ip=172.31.41.253)[0m -rw-r--r--  1 root   root    1895 May 15  2025 LICENSE.txt
2026-03-26 13:24:01,213 - INFO - [36m(setup pid=6894, ip=172.31.41.253)[0m -rw-r--r--  1 root   root     524 Aug  8  2025 README
2026-03-26 13:24:01,213 - INFO - [36m(setup pid=6894, ip=172.31.41.253)[0m drwxr-xr-x  3 root   root    4096 May 15  2025 bin
2026-03-26 13:24:01,213 - INFO - [36m(setup pid=6894, ip=172.31.41.253)[0m drwxr-xr-x  5 root   root    4096 Aug  8  2025 compute-sanitizer
2026-03-26 13:24:01,213 - INFO - [36m(setup pid=6894, ip=172.31.41.253)[0m lrwxrwxrwx  1 root   root      20 Aug  8  2025 cuda-12.8 -> /usr/local/cuda-12.8
2026-03-26 13:24:01,213 - INFO - [36m(setup pid=6894, ip=172.31.41.253)[0m drwxr-xr-x  3 root   root    4096 Aug  8  2025 efa
2026-03-26 13:24:01,213 - INFO - [36m(setup pid=6894, ip=172.31.41.253)[0m drwxr-xr-x  5 root   root    4096 Aug  8  2025 extras
2026-03-26 13:24:01,213 - INFO - [36m(setup pid=6894, ip=172.31.41.253)[0m drwxr-xr-x  5 root   root    4096 Aug  8  2025 gds
2026-03-26 13:24:01,213 - INFO - [36m(setup pid=6894, ip=172.31.41.253)[0m drwxr-xr-x  2 root   root    4096 Aug  8  2025 gds-12.8
2026-03-26 13:24:01,213 - INFO - [36m(setup pid=6894, ip=172.31.41.253)[0m lrwxrwxrwx  1 root   root      28 Aug  8  2025 include -> targets/x86_64-linux/include
2026-03-26 13:24:01,213 - INFO - [36m(setup pid=6894, ip=172.31.41.253)[0m drwxr-xr-x  3 root   root    4096 Aug  8  2025 lib
2026-03-26 13:24:01,213 - INFO - [36m(setup pid=6894, ip=172.31.41.253)[0m lrwxrwxrwx  1 root   root      24 Aug  8  2025 lib64 -> targets/x86_64-linux/lib
2026-03-26 13:24:01,213 - INFO - [36m(setup pid=6894, ip=172.31.41.253)[0m drwxr-xr-x  7 root   root    4096 Aug  8  2025 libnvvp
2026-03-26 13:24:01,213 - INFO - [36m(setup pid=6894, ip=172.31.41.253)[0m drwxr-xr-x  7 root   root    4096 Aug  8  2025 nsight-compute-2025.1.1
2026-03-26 13:24:01,213 - INFO - [36m(setup pid=6894, ip=172.31.41.253)[0m drwxr-xr-x  6 root   root    4096 Aug  8  2025 nsight-systems-2024.6.2
2026-03-26 13:24:01,213 - INFO - [36m(setup pid=6894, ip=172.31.41.253)[0m drwxr-xr-x  2 root   root    4096 Aug  8  2025 nsightee_plugins
2026-03-26 13:24:01,213 - INFO - [36m(setup pid=6894, ip=172.31.41.253)[0m drwxr-xr-x  3 root   root    4096 Aug  8  2025 nvml
2026-03-26 13:24:01,213 - INFO - [36m(setup pid=6894, ip=172.31.41.253)[0m drwxr-xr-x  6 root   root    4096 Aug  8  2025 nvvm
2026-03-26 13:24:01,213 - INFO - [36m(setup pid=6894, ip=172.31.41.253)[0m drwxr-xr-x  3 root   root    4096 Aug  8  2025 share
2026-03-26 13:24:01,213 - INFO - [36m(setup pid=6894, ip=172.31.41.253)[0m drwxr-xr-x  2 root   root    4096 Aug  8  2025 src
2026-03-26 13:24:01,213 - INFO - [36m(setup pid=6894, ip=172.31.41.253)[0m drwxr-xr-x  3 root   root    4096 Aug  8  2025 targets
2026-03-26 13:24:01,213 - INFO - [36m(setup pid=6894, ip=172.31.41.253)[0m drwxr-xr-x  2 root   root    4096 Aug  8  2025 tools
2026-03-26 13:24:01,715 - INFO - [36m(setup pid=6894, ip=172.31.41.253)[0m -rw-r--r--  1 root   root    2940 Aug  8  2025 version.json
2026-03-26 13:24:01,715 - INFO - [36m(setup pid=6894, ip=172.31.41.253)[0m + echo ===================================
2026-03-26 13:24:01,715 - INFO - [36m(setup pid=6894, ip=172.31.41.253)[0m ===================================
2026-03-26 13:24:01,715 - INFO - [36m(setup pid=6894, ip=172.31.41.253)[0m + command -v nvidia-smi
2026-03-26 13:24:01,715 - INFO - [36m(setup pid=6894, ip=172.31.41.253)[0m + '[' true = true ']'
2026-03-26 13:24:01,715 - INFO - [36m(setup pid=6894, ip=172.31.41.253)[0m + echo '=== Fabric Manager for NVSwitch ==='
2026-03-26 13:24:01,715 - INFO - [36m(setup pid=6894, ip=172.31.41.253)[0m === Fabric Manager for NVSwitch ===
2026-03-26 13:24:01,715 - INFO - [36m(setup pid=6894, ip=172.31.41.253)[0m + systemctl is-active --quiet nvidia-fabricmanager
2026-03-26 13:24:01,715 - INFO - [36m(setup pid=6894, ip=172.31.41.253)[0m + echo 'Fabric Manager already running'
2026-03-26 13:24:01,715 - INFO - [36m(setup pid=6894, ip=172.31.41.253)[0m Fabric Manager already running
2026-03-26 13:24:01,715 - INFO - [36m(setup pid=6894, ip=172.31.41.253)[0m + awk 'NR<=15'
2026-03-26 13:24:01,715 - INFO - [36m(setup pid=6894, ip=172.31.41.253)[0m + nvidia-smi topo -m
2026-03-26 13:24:01,715 - INFO - [36m(setup pid=7461)[0m 	[4mGPU0	GPU1	GPU2	GPU3	GPU4	GPU5	GPU6	GPU7	CPU Affinity	NUMA Affinity	GPU NUMA ID[0m
2026-03-26 13:24:01,715 - INFO - [36m(setup pid=7461)[0m GPU0	 X 	NV12	NV12	NV12	NV12	NV12	NV12	NV12	0-23,48-71	0		N/A
2026-03-26 13:24:01,715 - INFO - [36m(setup pid=7461)[0m GPU1	NV12	 X 	NV12	NV12	NV12	NV12	NV12	NV12	0-23,48-71	0		N/A
2026-03-26 13:24:01,715 - INFO - [36m(setup pid=7461)[0m GPU2	NV12	NV12	 X 	NV12	NV12	NV12	NV12	NV12	0-23,48-71	0		N/A
2026-03-26 13:24:01,715 - INFO - [36m(setup pid=7461)[0m GPU3	NV12	NV12	NV12	 X 	NV12	NV12	NV12	NV12	0-23,48-71	0		N/A
2026-03-26 13:24:01,715 - INFO - [36m(setup pid=7461)[0m GPU4	NV12	NV12	NV12	NV12	 X 	NV12	NV12	NV12	24-47,72-95	1		N/A
2026-03-26 13:24:01,715 - INFO - [36m(setup pid=7461)[0m GPU5	NV12	NV12	NV12	NV12	NV12	 X 	NV12	NV12	24-47,72-95	1		N/A
2026-03-26 13:24:01,715 - INFO - [36m(setup pid=7461)[0m GPU6	NV12	NV12	NV12	NV12	NV12	NV12	 X 	NV12	24-47,72-95	1		N/A
2026-03-26 13:24:01,715 - INFO - [36m(setup pid=7461)[0m GPU7	NV12	NV12	NV12	NV12	NV12	NV12	NV12	 X 	24-47,72-95	1		N/A
2026-03-26 13:24:01,715 - INFO - [36m(setup pid=7461)[0m
2026-03-26 13:24:01,715 - INFO - [36m(setup pid=7461)[0m Legend:
2026-03-26 13:24:01,715 - INFO - [36m(setup pid=7461)[0m
2026-03-26 13:24:01,716 - INFO - [36m(setup pid=7461)[0m   X    = Self
2026-03-26 13:24:01,716 - INFO - [36m(setup pid=7461)[0m   SYS  = Connection traversing PCIe as well as the SMP interconnect between NUMA nodes (e.g., QPI/UPI)
2026-03-26 13:24:01,716 - INFO - [36m(setup pid=7461)[0m   NODE = Connection traversing PCIe as well as the interconnect between PCIe Host Bridges within a NUMA node
2026-03-26 13:24:01,716 - INFO - [36m(setup pid=7461)[0m + sudo apt-get install -y numactl
2026-03-26 13:24:01,716 - INFO - [36m(setup pid=7461)[0m Reading package lists...
2026-03-26 13:24:01,716 - INFO - [36m(setup pid=6894, ip=172.31.41.253)[0m 	[4mGPU0	GPU1	GPU2	GPU3	GPU4	GPU5	GPU6	GPU7	CPU Affinity	NUMA Affinity	GPU NUMA ID[0m
2026-03-26 13:24:01,716 - INFO - [36m(setup pid=6894, ip=172.31.41.253)[0m GPU0	 X 	NV12	NV12	NV12	NV12	NV12	NV12	NV12	0-23,48-71	0		N/A
2026-03-26 13:24:01,815 - INFO - [36m(setup pid=6894, ip=172.31.41.253)[0m GPU1	NV12	 X 	NV12	NV12	NV12	NV12	NV12	NV12	0-23,48-71	0		N/A
2026-03-26 13:24:01,816 - INFO - [36m(setup pid=6894, ip=172.31.41.253)[0m GPU2	NV12	NV12	 X 	NV12	NV12	NV12	NV12	NV12	0-23,48-71	0		N/A
2026-03-26 13:24:01,816 - INFO - [36m(setup pid=6894, ip=172.31.41.253)[0m GPU3	NV12	NV12	NV12	 X 	NV12	NV12	NV12	NV12	0-23,48-71	0		N/A
2026-03-26 13:24:01,816 - INFO - [36m(setup pid=6894, ip=172.31.41.253)[0m GPU4	NV12	NV12	NV12	NV12	 X 	NV12	NV12	NV12	24-47,72-95	1		N/A
2026-03-26 13:24:01,816 - INFO - [36m(setup pid=6894, ip=172.31.41.253)[0m GPU5	NV12	NV12	NV12	NV12	NV12	 X 	NV12	NV12	24-47,72-95	1		N/A
2026-03-26 13:24:01,816 - INFO - [36m(setup pid=6894, ip=172.31.41.253)[0m GPU6	NV12	NV12	NV12	NV12	NV12	NV12	 X 	NV12	24-47,72-95	1		N/A
2026-03-26 13:24:01,816 - INFO - [36m(setup pid=6894, ip=172.31.41.253)[0m GPU7	NV12	NV12	NV12	NV12	NV12	NV12	NV12	 X 	24-47,72-95	1		N/A
2026-03-26 13:24:01,816 - INFO - [36m(setup pid=6894, ip=172.31.41.253)[0m
2026-03-26 13:24:01,816 - INFO - [36m(setup pid=6894, ip=172.31.41.253)[0m Legend:
2026-03-26 13:24:01,816 - INFO - [36m(setup pid=6894, ip=172.31.41.253)[0m
2026-03-26 13:24:01,816 - INFO - [36m(setup pid=6894, ip=172.31.41.253)[0m   X    = Self
2026-03-26 13:24:01,816 - INFO - [36m(setup pid=6894, ip=172.31.41.253)[0m   SYS  = Connection traversing PCIe as well as the SMP interconnect between NUMA nodes (e.g., QPI/UPI)
2026-03-26 13:24:01,816 - INFO - [36m(setup pid=6894, ip=172.31.41.253)[0m   NODE = Connection traversing PCIe as well as the interconnect between PCIe Host Bridges within a NUMA node
2026-03-26 13:24:01,816 - INFO - [36m(setup pid=6894, ip=172.31.41.253)[0m + sudo apt-get install -y numactl
2026-03-26 13:24:01,816 - INFO - [36m(setup pid=6894, ip=172.31.41.253)[0m Reading package lists...
2026-03-26 13:24:01,816 - INFO - [36m(setup pid=7461)[0m Building dependency tree...
2026-03-26 13:24:01,816 - INFO - [36m(setup pid=7461)[0m Reading state information...
2026-03-26 13:24:01,816 - INFO - [36m(setup pid=6894, ip=172.31.41.253)[0m Building dependency tree...
2026-03-26 13:24:01,816 - INFO - [36m(setup pid=6894, ip=172.31.41.253)[0m Reading state information...
2026-03-26 13:24:01,816 - INFO - [36m(setup pid=7461)[0m The following NEW packages will be installed:
2026-03-26 13:24:01,816 - INFO - [36m(setup pid=7461)[0m   numactl
2026-03-26 13:24:01,816 - INFO - [36m(setup pid=7461)[0m 0 upgraded, 1 newly installed, 0 to remove and 0 not upgraded.
2026-03-26 13:24:01,816 - INFO - [36m(setup pid=7461)[0m Need to get 36.8 kB of archives.
2026-03-26 13:24:01,816 - INFO - [36m(setup pid=7461)[0m After this operation, 140 kB of additional disk space will be used.
2026-03-26 13:24:01,816 - INFO - [36m(setup pid=7461)[0m Get:1 http://us-east-1.ec2.archive.ubuntu.com/ubuntu jammy/main amd64 numactl amd64 2.0.14-3ubuntu2 [36.8 kB]
2026-03-26 13:24:01,816 - INFO - [36m(setup pid=6894, ip=172.31.41.253)[0m The following NEW packages will be installed:
2026-03-26 13:24:01,816 - INFO - [36m(setup pid=6894, ip=172.31.41.253)[0m   numactl
2026-03-26 13:24:01,816 - INFO - [36m(setup pid=6894, ip=172.31.41.253)[0m 0 upgraded, 1 newly installed, 0 to remove and 0 not upgraded.
2026-03-26 13:24:01,816 - INFO - [36m(setup pid=6894, ip=172.31.41.253)[0m Need to get 36.8 kB of archives.
2026-03-26 13:24:01,816 - INFO - [36m(setup pid=6894, ip=172.31.41.253)[0m After this operation, 140 kB of additional disk space will be used.
2026-03-26 13:24:01,816 - INFO - [36m(setup pid=6894, ip=172.31.41.253)[0m Get:1 http://us-east-1.ec2.archive.ubuntu.com/ubuntu jammy/main amd64 numactl amd64 2.0.14-3ubuntu2 [36.8 kB]
2026-03-26 13:24:01,816 - INFO - [36m(setup pid=7461)[0m Fetched 36.8 kB in 0s (2408 kB/s)
2026-03-26 13:24:01,816 - INFO - [36m(setup pid=6894, ip=172.31.41.253)[0m Fetched 36.8 kB in 0s (1231 kB/s)
2026-03-26 13:24:01,816 - INFO - [36m(setup pid=7461)[0m Selecting previously unselected package numactl.
2026-03-26 13:24:01,816 - INFO - [36m(setup pid=7461)[0m (Reading database ...
2026-03-26 13:24:01,816 - INFO - (Reading database ... 5%
2026-03-26 13:24:01,816 - INFO - (Reading database ... 10%
2026-03-26 13:24:01,816 - INFO - (Reading database ... 15%
2026-03-26 13:24:01,816 - INFO - (Reading database ... 20%
2026-03-26 13:24:01,816 - INFO - (Reading database ... 25%
2026-03-26 13:24:01,816 - INFO - (Reading database ... 30%
2026-03-26 13:24:01,816 - INFO - (Reading database ... 35%
2026-03-26 13:24:01,816 - INFO - (Reading database ... 40%
2026-03-26 13:24:01,816 - INFO - (Reading database ... 45%
2026-03-26 13:24:01,816 - INFO - [36m(setup pid=6894, ip=172.31.41.253)[0m Selecting previously unselected package numactl.
2026-03-26 13:24:01,816 - INFO - [36m(setup pid=6894, ip=172.31.41.253)[0m (Reading database ...
2026-03-26 13:24:03,726 - INFO - (Reading database ... 5%
2026-03-26 13:24:03,726 - INFO - (Reading database ... 10%
2026-03-26 13:24:03,726 - INFO - (Reading database ... 15%
2026-03-26 13:24:03,726 - INFO - (Reading database ... 20%
2026-03-26 13:24:03,726 - INFO - (Reading database ... 25%
2026-03-26 13:24:03,726 - INFO - (Reading database ... 30%
2026-03-26 13:24:03,726 - INFO - (Reading database ... 35%
2026-03-26 13:24:03,726 - INFO - (Reading database ... 40%
2026-03-26 13:24:03,726 - INFO - (Reading database ... 45%
2026-03-26 13:24:03,726 - INFO - [36m(setup pid=6894, ip=172.31.41.253)[0m (Reading database ... 50%
2026-03-26 13:24:03,726 - INFO - [36m(setup pid=7461)[0m (Reading database ... 50%
2026-03-26 13:24:03,726 - INFO - [36m(setup pid=6894, ip=172.31.41.253)[0m (Reading database ... 55%
2026-03-26 13:24:03,726 - INFO - [36m(setup pid=7461)[0m (Reading database ... 55%
2026-03-26 13:24:03,726 - INFO - [36m(setup pid=6894, ip=172.31.41.253)[0m (Reading database ... 60%
2026-03-26 13:24:03,726 - INFO - [36m(setup pid=7461)[0m (Reading database ... 60%
2026-03-26 13:24:03,726 - INFO - [36m(setup pid=6894, ip=172.31.41.253)[0m (Reading database ... 65%
2026-03-26 13:24:03,726 - INFO - [36m(setup pid=7461)[0m (Reading database ... 65%
2026-03-26 13:24:03,726 - INFO - [36m(setup pid=6894, ip=172.31.41.253)[0m (Reading database ... 70%
2026-03-26 13:24:03,726 - INFO - [36m(setup pid=7461)[0m (Reading database ... 70%
2026-03-26 13:24:03,726 - INFO - [36m(setup pid=7461)[0m (Reading database ... 75%
2026-03-26 13:24:03,726 - INFO - [36m(setup pid=6894, ip=172.31.41.253)[0m (Reading database ... 75%
2026-03-26 13:24:06,543 - INFO - [36m(setup pid=7461)[0m (Reading database ... 80%
2026-03-26 13:24:06,543 - INFO - [36m(setup pid=6894, ip=172.31.41.253)[0m (Reading database ... 80%
2026-03-26 13:24:08,152 - INFO - [36m(setup pid=7461)[0m (Reading database ... 85%
2026-03-26 13:24:08,153 - INFO - [36m(setup pid=6894, ip=172.31.41.253)[0m (Reading database ... 85%
2026-03-26 13:24:09,864 - INFO - [36m(setup pid=7461)[0m (Reading database ... 90%
2026-03-26 13:24:09,864 - INFO - [36m(setup pid=6894, ip=172.31.41.253)[0m (Reading database ... 90%
2026-03-26 13:24:10,568 - INFO - [36m(setup pid=6894, ip=172.31.41.253)[0m (Reading database ... 95%
2026-03-26 13:24:10,568 - INFO - (Reading database ... 100%
2026-03-26 13:24:10,568 - INFO - (Reading database ... 96613 files and directories currently installed.)
2026-03-26 13:24:10,568 - INFO - [36m(setup pid=6894, ip=172.31.41.253)[0m Preparing to unpack .../numactl_2.0.14-3ubuntu2_amd64.deb ...
2026-03-26 13:24:10,568 - INFO - [36m(setup pid=7461)[0m (Reading database ... 95%
2026-03-26 13:24:10,568 - INFO - (Reading database ... 100%
2026-03-26 13:24:10,568 - INFO - (Reading database ... 96613 files and directories currently installed.)
2026-03-26 13:24:10,568 - INFO - [36m(setup pid=7461)[0m Preparing to unpack .../numactl_2.0.14-3ubuntu2_amd64.deb ...
2026-03-26 13:24:10,568 - INFO - [36m(setup pid=7461)[0m Unpacking numactl (2.0.14-3ubuntu2) ...
2026-03-26 13:24:10,568 - INFO - [36m(setup pid=6894, ip=172.31.41.253)[0m Unpacking numactl (2.0.14-3ubuntu2) ...
2026-03-26 13:24:10,568 - INFO - [36m(setup pid=7461)[0m Setting up numactl (2.0.14-3ubuntu2) ...
2026-03-26 13:24:21,930 - INFO - [36m(setup pid=7461)[0m Processing triggers for man-db (2.10.2-1) ...
2026-03-26 13:24:21,930 - INFO - [36m(setup pid=6894, ip=172.31.41.253)[0m Setting up numactl (2.0.14-3ubuntu2) ...
2026-03-26 13:24:21,930 - INFO - [36m(setup pid=6894, ip=172.31.41.253)[0m Processing triggers for man-db (2.10.2-1) ...
2026-03-26 13:24:21,930 - INFO - [36m(setup pid=6894, ip=172.31.41.253)[0m
2026-03-26 13:24:22,633 - INFO - [36m(setup pid=6894, ip=172.31.41.253)[0m Running kernel seems to be up-to-date.
2026-03-26 13:24:22,633 - INFO - [36m(setup pid=6894, ip=172.31.41.253)[0m
2026-03-26 13:24:22,633 - INFO - [36m(setup pid=6894, ip=172.31.41.253)[0m No services need to be restarted.
2026-03-26 13:24:22,633 - INFO - [36m(setup pid=6894, ip=172.31.41.253)[0m
2026-03-26 13:24:22,633 - INFO - [36m(setup pid=6894, ip=172.31.41.253)[0m No containers need to be restarted.
2026-03-26 13:24:22,633 - INFO - [36m(setup pid=6894, ip=172.31.41.253)[0m
2026-03-26 13:24:22,633 - INFO - [36m(setup pid=6894, ip=172.31.41.253)[0m No user sessions are running outdated binaries.
2026-03-26 13:24:22,633 - INFO - [36m(setup pid=6894, ip=172.31.41.253)[0m
2026-03-26 13:24:22,633 - INFO - [36m(setup pid=6894, ip=172.31.41.253)[0m No VM guests are running outdated hypervisor (qemu) binaries on this host.
2026-03-26 13:24:22,633 - INFO - [36m(setup pid=7461)[0m
2026-03-26 13:24:23,337 - INFO - [36m(setup pid=7461)[0m Running kernel seems to be up-to-date.
2026-03-26 13:24:23,337 - INFO - [36m(setup pid=7461)[0m
2026-03-26 13:24:23,337 - INFO - [36m(setup pid=7461)[0m No services need to be restarted.
2026-03-26 13:24:23,337 - INFO - [36m(setup pid=7461)[0m
2026-03-26 13:24:23,337 - INFO - [36m(setup pid=7461)[0m No containers need to be restarted.
2026-03-26 13:24:23,337 - INFO - [36m(setup pid=7461)[0m
2026-03-26 13:24:23,337 - INFO - [36m(setup pid=7461)[0m No user sessions are running outdated binaries.
2026-03-26 13:24:23,337 - INFO - [36m(setup pid=7461)[0m
2026-03-26 13:24:23,337 - INFO - [36m(setup pid=7461)[0m No VM guests are running outdated hypervisor (qemu) binaries on this host.
2026-03-26 13:24:23,337 - INFO - [36m(setup pid=6894, ip=172.31.41.253)[0m + command -v uv
2026-03-26 13:24:24,243 - INFO - [36m(setup pid=6894, ip=172.31.41.253)[0m + export PATH=/home/ubuntu/.local/bin:/home/ubuntu/.local/bin:/home/ubuntu/.local/bin:/home/ubuntu/miniconda3/bin:/home/ubuntu/miniconda3/condabin:/opt/amazon/openmpi/bin:/opt/amazon/efa/bin:/usr/local/cuda-12.8/bin:/usr/local/cuda-12.8/include:/usr/local/cuda-12.8/bin:/usr/local/cuda-12.8/include:/usr/local/sbin:/usr/local/bin:/usr/sbin:/usr/bin:/sbin:/bin:/usr/games:/usr/local/games:/snap/bin
2026-03-26 13:24:24,243 - INFO - [36m(setup pid=6894, ip=172.31.41.253)[0m + PATH=/home/ubuntu/.local/bin:/home/ubuntu/.local/bin:/home/ubuntu/.local/bin:/home/ubuntu/miniconda3/bin:/home/ubuntu/miniconda3/condabin:/opt/amazon/openmpi/bin:/opt/amazon/efa/bin:/usr/local/cuda-12.8/bin:/usr/local/cuda-12.8/include:/usr/local/cuda-12.8/bin:/usr/local/cuda-12.8/include:/usr/local/sbin:/usr/local/bin:/usr/sbin:/usr/bin:/sbin:/bin:/usr/games:/usr/local/games:/snap/bin
2026-03-26 13:24:24,243 - INFO - [36m(setup pid=6894, ip=172.31.41.253)[0m + uv venv --python 3.12 --seed --allow-existing
2026-03-26 13:24:24,243 - INFO - [36m(setup pid=6894, ip=172.31.41.253)[0m Downloading cpython-3.12.13-linux-x86_64-gnu (download) (32.3MiB)
2026-03-26 13:24:27,963 - INFO - [36m(setup pid=7461)[0m + command -v uv
2026-03-26 13:24:27,963 - INFO - [36m(setup pid=7461)[0m + export PATH=/home/ubuntu/.local/bin:/home/ubuntu/.local/bin:/home/ubuntu/.local/bin:/home/ubuntu/miniconda3/bin:/home/ubuntu/miniconda3/condabin:/opt/amazon/openmpi/bin:/opt/amazon/efa/bin:/usr/local/cuda-12.8/bin:/usr/local/cuda-12.8/include:/usr/local/cuda-12.8/bin:/usr/local/cuda-12.8/include:/usr/local/sbin:/usr/local/bin:/usr/sbin:/usr/bin:/sbin:/bin:/usr/games:/usr/local/games:/snap/bin
2026-03-26 13:24:27,963 - INFO - [36m(setup pid=7461)[0m + PATH=/home/ubuntu/.local/bin:/home/ubuntu/.local/bin:/home/ubuntu/.local/bin:/home/ubuntu/miniconda3/bin:/home/ubuntu/miniconda3/condabin:/opt/amazon/openmpi/bin:/opt/amazon/efa/bin:/usr/local/cuda-12.8/bin:/usr/local/cuda-12.8/include:/usr/local/cuda-12.8/bin:/usr/local/cuda-12.8/include:/usr/local/sbin:/usr/local/bin:/usr/sbin:/usr/bin:/sbin:/bin:/usr/games:/usr/local/games:/snap/bin
2026-03-26 13:24:27,963 - INFO - [36m(setup pid=7461)[0m + uv venv --python 3.12 --seed --allow-existing
2026-03-26 13:24:27,963 - INFO - [36m(setup pid=7461)[0m Downloading cpython-3.12.13-linux-x86_64-gnu (download) (32.3MiB)
2026-03-26 13:24:28,667 - INFO - [36m(setup pid=6894, ip=172.31.41.253)[0m  Downloaded cpython-3.12.13-linux-x86_64-gnu (download)
2026-03-26 13:24:28,667 - INFO - [36m(setup pid=6894, ip=172.31.41.253)[0m Using CPython 3.12.13
2026-03-26 13:24:28,667 - INFO - [36m(setup pid=6894, ip=172.31.41.253)[0m Creating virtual environment with seed packages at: .venv
2026-03-26 13:24:28,667 - INFO - [36m(setup pid=6894, ip=172.31.41.253)[0m  + pip==26.0.1
2026-03-26 13:24:28,667 - INFO - [36m(setup pid=6894, ip=172.31.41.253)[0m Activate with: source .venv/bin/activate
2026-03-26 13:24:28,667 - INFO - [36m(setup pid=6894, ip=172.31.41.253)[0m + source .venv/bin/activate
2026-03-26 13:24:28,668 - INFO - [36m(setup pid=6894, ip=172.31.41.253)[0m ++ '[' -z '' ']'
2026-03-26 13:24:28,668 - INFO - [36m(setup pid=6894, ip=172.31.41.253)[0m ++ '[' -n x ']'
2026-03-26 13:24:28,668 - INFO - [36m(setup pid=6894, ip=172.31.41.253)[0m ++ SCRIPT_PATH=.venv/bin/activate
2026-03-26 13:24:28,668 - INFO - [36m(setup pid=6894, ip=172.31.41.253)[0m ++ '[' .venv/bin/activate = /tmp/sky_setup_sky-2026-03-26-13-19-35-435741 ']'
2026-03-26 13:24:28,668 - INFO - [36m(setup pid=6894, ip=172.31.41.253)[0m ++ deactivate nondestructive
2026-03-26 13:24:28,668 - INFO - [36m(setup pid=6894, ip=172.31.41.253)[0m ++ unset -f pydoc
2026-03-26 13:24:28,668 - INFO - [36m(setup pid=6894, ip=172.31.41.253)[0m ++ '[' -z '' ']'
2026-03-26 13:24:28,668 - INFO - [36m(setup pid=6894, ip=172.31.41.253)[0m ++ '[' -z '' ']'
2026-03-26 13:24:28,871 - INFO - [36m(setup pid=6894, ip=172.31.41.253)[0m ++ hash -r
2026-03-26 13:24:28,871 - INFO - [36m(setup pid=6894, ip=172.31.41.253)[0m ++ '[' -z '' ']'
2026-03-26 13:24:28,871 - INFO - [36m(setup pid=6894, ip=172.31.41.253)[0m ++ unset VIRTUAL_ENV
2026-03-26 13:24:28,871 - INFO - [36m(setup pid=6894, ip=172.31.41.253)[0m ++ unset VIRTUAL_ENV_PROMPT
2026-03-26 13:24:28,871 - INFO - [36m(setup pid=6894, ip=172.31.41.253)[0m ++ '[' '!' nondestructive = nondestructive ']'
2026-03-26 13:24:28,871 - INFO - [36m(setup pid=6894, ip=172.31.41.253)[0m ++ VIRTUAL_ENV=/home/ubuntu/sky_workdir/.venv
2026-03-26 13:24:28,871 - INFO - [36m(setup pid=6894, ip=172.31.41.253)[0m ++ '[' linux-gnu = cygwin ']'
2026-03-26 13:24:28,871 - INFO - [36m(setup pid=6894, ip=172.31.41.253)[0m ++ '[' linux-gnu = msys ']'
2026-03-26 13:24:28,871 - INFO - [36m(setup pid=6894, ip=172.31.41.253)[0m ++ export VIRTUAL_ENV
2026-03-26 13:24:28,871 - INFO - [36m(setup pid=6894, ip=172.31.41.253)[0m ++ '[' -z '' ']'
2026-03-26 13:24:28,871 - INFO - [36m(setup pid=6894, ip=172.31.41.253)[0m ++ unset SCRIPT_PATH
2026-03-26 13:24:28,871 - INFO - [36m(setup pid=6894, ip=172.31.41.253)[0m ++ _OLD_VIRTUAL_PATH=/home/ubuntu/.local/bin:/home/ubuntu/.local/bin:/home/ubuntu/.local/bin:/home/ubuntu/miniconda3/bin:/home/ubuntu/miniconda3/condabin:/opt/amazon/openmpi/bin:/opt/amazon/efa/bin:/usr/local/cuda-12.8/bin:/usr/local/cuda-12.8/include:/usr/local/cuda-12.8/bin:/usr/local/cuda-12.8/include:/usr/local/sbin:/usr/local/bin:/usr/sbin:/usr/bin:/sbin:/bin:/usr/games:/usr/local/games:/snap/bin
2026-03-26 13:24:28,871 - INFO - [36m(setup pid=6894, ip=172.31.41.253)[0m ++ PATH=/home/ubuntu/sky_workdir/.venv/bin:/home/ubuntu/.local/bin:/home/ubuntu/.local/bin:/home/ubuntu/.local/bin:/home/ubuntu/miniconda3/bin:/home/ubuntu/miniconda3/condabin:/opt/amazon/openmpi/bin:/opt/amazon/efa/bin:/usr/local/cuda-12.8/bin:/usr/local/cuda-12.8/include:/usr/local/cuda-12.8/bin:/usr/local/cuda-12.8/include:/usr/local/sbin:/usr/local/bin:/usr/sbin:/usr/bin:/sbin:/bin:/usr/games:/usr/local/games:/snap/bin
2026-03-26 13:24:28,871 - INFO - [36m(setup pid=6894, ip=172.31.41.253)[0m ++ export PATH
2026-03-26 13:24:28,871 - INFO - [36m(setup pid=6894, ip=172.31.41.253)[0m ++ '[' xsky_workdir '!=' x ']'
2026-03-26 13:24:28,871 - INFO - [36m(setup pid=6894, ip=172.31.41.253)[0m ++ VIRTUAL_ENV_PROMPT=sky_workdir
2026-03-26 13:24:28,871 - INFO - [36m(setup pid=6894, ip=172.31.41.253)[0m ++ export VIRTUAL_ENV_PROMPT
2026-03-26 13:24:28,871 - INFO - [36m(setup pid=6894, ip=172.31.41.253)[0m ++ '[' -z '' ']'
2026-03-26 13:24:28,871 - INFO - [36m(setup pid=6894, ip=172.31.41.253)[0m ++ '[' -z '' ']'
2026-03-26 13:24:28,871 - INFO - [36m(setup pid=6894, ip=172.31.41.253)[0m ++ _OLD_VIRTUAL_PS1='(base) ${debian_chroot:+($debian_chroot)}\u@\h:\w\$ '
2026-03-26 13:24:28,871 - INFO - [36m(setup pid=6894, ip=172.31.41.253)[0m ++ PS1='(sky_workdir) (base) ${debian_chroot:+($debian_chroot)}\u@\h:\w\$ '
2026-03-26 13:24:28,871 - INFO - [36m(setup pid=6894, ip=172.31.41.253)[0m ++ export PS1
2026-03-26 13:24:28,871 - INFO - [36m(setup pid=6894, ip=172.31.41.253)[0m ++ alias pydoc
2026-03-26 13:24:28,871 - INFO - [36m(setup pid=6894, ip=172.31.41.253)[0m ++ true
2026-03-26 13:24:28,871 - INFO - [36m(setup pid=6894, ip=172.31.41.253)[0m ++ hash -r
2026-03-26 13:24:28,871 - INFO - [36m(setup pid=6894, ip=172.31.41.253)[0m + uv pip install datasets requests pynvml aiohttp
2026-03-26 13:24:28,871 - INFO - [36m(setup pid=7461)[0m  Downloaded cpython-3.12.13-linux-x86_64-gnu (download)
2026-03-26 13:24:28,871 - INFO - [36m(setup pid=6894, ip=172.31.41.253)[0m Resolved 44 packages in 108ms
2026-03-26 13:24:28,871 - INFO - [36m(setup pid=6894, ip=172.31.41.253)[0m Downloading hf-xet (4.0MiB)
2026-03-26 13:24:28,871 - INFO - [36m(setup pid=6894, ip=172.31.41.253)[0m Downloading pandas (10.4MiB)
2026-03-26 13:24:28,871 - INFO - [36m(setup pid=6894, ip=172.31.41.253)[0m Downloading aiohttp (1.7MiB)
2026-03-26 13:24:28,871 - INFO - [36m(setup pid=6894, ip=172.31.41.253)[0m Downloading numpy (15.9MiB)
2026-03-26 13:24:28,871 - INFO - [36m(setup pid=6894, ip=172.31.41.253)[0m Downloading pyarrow (45.4MiB)
2026-03-26 13:24:28,871 - INFO - [36m(setup pid=7461)[0m Using CPython 3.12.13
2026-03-26 13:24:28,871 - INFO - [36m(setup pid=7461)[0m Creating virtual environment with seed packages at: .venv
2026-03-26 13:24:28,871 - INFO - [36m(setup pid=7461)[0m  + pip==26.0.1
2026-03-26 13:24:28,871 - INFO - [36m(setup pid=7461)[0m Activate with: source .venv/bin/activate
2026-03-26 13:24:28,871 - INFO - [36m(setup pid=7461)[0m + source .venv/bin/activate
2026-03-26 13:24:28,871 - INFO - [36m(setup pid=7461)[0m ++ '[' -z '' ']'
2026-03-26 13:24:28,871 - INFO - [36m(setup pid=7461)[0m ++ '[' -n x ']'
2026-03-26 13:24:28,871 - INFO - [36m(setup pid=7461)[0m ++ SCRIPT_PATH=.venv/bin/activate
2026-03-26 13:24:28,871 - INFO - [36m(setup pid=7461)[0m ++ '[' .venv/bin/activate = /tmp/sky_setup_sky-2026-03-26-13-19-35-435741 ']'
2026-03-26 13:24:28,871 - INFO - [36m(setup pid=7461)[0m ++ deactivate nondestructive
2026-03-26 13:24:28,871 - INFO - [36m(setup pid=7461)[0m ++ unset -f pydoc
2026-03-26 13:24:28,871 - INFO - [36m(setup pid=7461)[0m ++ '[' -z '' ']'
2026-03-26 13:24:28,871 - INFO - [36m(setup pid=7461)[0m ++ '[' -z '' ']'
2026-03-26 13:24:28,871 - INFO - [36m(setup pid=7461)[0m ++ hash -r
2026-03-26 13:24:28,871 - INFO - [36m(setup pid=7461)[0m ++ '[' -z '' ']'
2026-03-26 13:24:28,871 - INFO - [36m(setup pid=7461)[0m ++ unset VIRTUAL_ENV
2026-03-26 13:24:28,871 - INFO - [36m(setup pid=7461)[0m ++ unset VIRTUAL_ENV_PROMPT
2026-03-26 13:24:28,871 - INFO - [36m(setup pid=7461)[0m ++ '[' '!' nondestructive = nondestructive ']'
2026-03-26 13:24:28,871 - INFO - [36m(setup pid=7461)[0m ++ VIRTUAL_ENV=/home/ubuntu/sky_workdir/.venv
2026-03-26 13:24:28,871 - INFO - [36m(setup pid=7461)[0m ++ '[' linux-gnu = cygwin ']'
2026-03-26 13:24:28,871 - INFO - [36m(setup pid=7461)[0m ++ '[' linux-gnu = msys ']'
2026-03-26 13:24:28,871 - INFO - [36m(setup pid=7461)[0m ++ export VIRTUAL_ENV
2026-03-26 13:24:28,871 - INFO - [36m(setup pid=7461)[0m ++ '[' -z '' ']'
2026-03-26 13:24:28,871 - INFO - [36m(setup pid=7461)[0m ++ unset SCRIPT_PATH
2026-03-26 13:24:28,871 - INFO - [36m(setup pid=7461)[0m ++ _OLD_VIRTUAL_PATH=/home/ubuntu/.local/bin:/home/ubuntu/.local/bin:/home/ubuntu/.local/bin:/home/ubuntu/miniconda3/bin:/home/ubuntu/miniconda3/condabin:/opt/amazon/openmpi/bin:/opt/amazon/efa/bin:/usr/local/cuda-12.8/bin:/usr/local/cuda-12.8/include:/usr/local/cuda-12.8/bin:/usr/local/cuda-12.8/include:/usr/local/sbin:/usr/local/bin:/usr/sbin:/usr/bin:/sbin:/bin:/usr/games:/usr/local/games:/snap/bin
2026-03-26 13:24:28,871 - INFO - [36m(setup pid=7461)[0m ++ PATH=/home/ubuntu/sky_workdir/.venv/bin:/home/ubuntu/.local/bin:/home/ubuntu/.local/bin:/home/ubuntu/.local/bin:/home/ubuntu/miniconda3/bin:/home/ubuntu/miniconda3/condabin:/opt/amazon/openmpi/bin:/opt/amazon/efa/bin:/usr/local/cuda-12.8/bin:/usr/local/cuda-12.8/include:/usr/local/cuda-12.8/bin:/usr/local/cuda-12.8/include:/usr/local/sbin:/usr/local/bin:/usr/sbin:/usr/bin:/sbin:/bin:/usr/games:/usr/local/games:/snap/bin
2026-03-26 13:24:29,173 - INFO - [36m(setup pid=7461)[0m ++ export PATH
2026-03-26 13:24:29,173 - INFO - [36m(setup pid=7461)[0m ++ '[' xsky_workdir '!=' x ']'
2026-03-26 13:24:29,173 - INFO - [36m(setup pid=7461)[0m ++ VIRTUAL_ENV_PROMPT=sky_workdir
2026-03-26 13:24:29,173 - INFO - [36m(setup pid=7461)[0m ++ export VIRTUAL_ENV_PROMPT
2026-03-26 13:24:29,173 - INFO - [36m(setup pid=7461)[0m ++ '[' -z '' ']'
2026-03-26 13:24:29,173 - INFO - [36m(setup pid=7461)[0m ++ '[' -z '' ']'
2026-03-26 13:24:29,173 - INFO - [36m(setup pid=7461)[0m ++ _OLD_VIRTUAL_PS1='(base) ${debian_chroot:+($debian_chroot)}\u@\h:\w\$ '
2026-03-26 13:24:29,173 - INFO - [36m(setup pid=7461)[0m ++ PS1='(sky_workdir) (base) ${debian_chroot:+($debian_chroot)}\u@\h:\w\$ '
2026-03-26 13:24:29,173 - INFO - [36m(setup pid=7461)[0m ++ export PS1
2026-03-26 13:24:29,173 - INFO - [36m(setup pid=7461)[0m ++ alias pydoc
2026-03-26 13:24:29,173 - INFO - [36m(setup pid=7461)[0m ++ true
2026-03-26 13:24:29,173 - INFO - [36m(setup pid=7461)[0m ++ hash -r
2026-03-26 13:24:29,173 - INFO - [36m(setup pid=7461)[0m + uv pip install datasets requests pynvml aiohttp
2026-03-26 13:24:29,173 - INFO - [36m(setup pid=6894, ip=172.31.41.253)[0m  Downloaded hf-xet
2026-03-26 13:24:29,173 - INFO - [36m(setup pid=6894, ip=172.31.41.253)[0m  Downloaded aiohttp
2026-03-26 13:24:29,173 - INFO - [36m(setup pid=7461)[0m Resolved 44 packages in 110ms
2026-03-26 13:24:29,173 - INFO - [36m(setup pid=7461)[0m Downloading pyarrow (45.4MiB)
2026-03-26 13:24:29,173 - INFO - [36m(setup pid=7461)[0m Downloading hf-xet (4.0MiB)
2026-03-26 13:24:29,173 - INFO - [36m(setup pid=7461)[0m Downloading numpy (15.9MiB)
2026-03-26 13:24:29,173 - INFO - [36m(setup pid=7461)[0m Downloading aiohttp (1.7MiB)
2026-03-26 13:24:29,173 - INFO - [36m(setup pid=7461)[0m Downloading pandas (10.4MiB)
2026-03-26 13:24:29,174 - INFO - [36m(setup pid=7461)[0m  Downloaded hf-xet
2026-03-26 13:24:29,174 - INFO - [36m(setup pid=7461)[0m  Downloaded aiohttp
2026-03-26 13:24:29,174 - INFO - [36m(setup pid=6894, ip=172.31.41.253)[0m  Downloaded pyarrow
2026-03-26 13:24:29,174 - INFO - [36m(setup pid=6894, ip=172.31.41.253)[0m  Downloaded numpy
2026-03-26 13:24:29,174 - INFO - [36m(setup pid=6894, ip=172.31.41.253)[0m  Downloaded pandas
2026-03-26 13:24:29,174 - INFO - [36m(setup pid=6894, ip=172.31.41.253)[0m Prepared 21 packages in 817ms
2026-03-26 13:24:29,174 - INFO - [36m(setup pid=6894, ip=172.31.41.253)[0m Installed 44 packages in 98ms
2026-03-26 13:24:29,174 - INFO - [36m(setup pid=6894, ip=172.31.41.253)[0m  + aiohappyeyeballs==2.6.1
2026-03-26 13:24:29,174 - INFO - [36m(setup pid=6894, ip=172.31.41.253)[0m  + aiohttp==3.13.3
2026-03-26 13:24:29,174 - INFO - [36m(setup pid=6894, ip=172.31.41.253)[0m  + aiosignal==1.4.0
2026-03-26 13:24:29,174 - INFO - [36m(setup pid=6894, ip=172.31.41.253)[0m  + annotated-doc==0.0.4
2026-03-26 13:24:29,174 - INFO - [36m(setup pid=6894, ip=172.31.41.253)[0m  + anyio==4.13.0
2026-03-26 13:24:29,174 - INFO - [36m(setup pid=6894, ip=172.31.41.253)[0m  + attrs==26.1.0
2026-03-26 13:24:29,174 - INFO - [36m(setup pid=6894, ip=172.31.41.253)[0m  + certifi==2026.2.25
2026-03-26 13:24:29,174 - INFO - [36m(setup pid=6894, ip=172.31.41.253)[0m  + charset-normalizer==3.4.6
2026-03-26 13:24:29,174 - INFO - [36m(setup pid=6894, ip=172.31.41.253)[0m  + click==8.3.1
2026-03-26 13:24:29,174 - INFO - [36m(setup pid=6894, ip=172.31.41.253)[0m  + datasets==4.8.4
2026-03-26 13:24:29,174 - INFO - [36m(setup pid=6894, ip=172.31.41.253)[0m  + dill==0.4.1
2026-03-26 13:24:29,174 - INFO - [36m(setup pid=6894, ip=172.31.41.253)[0m  + filelock==3.25.2
2026-03-26 13:24:29,174 - INFO - [36m(setup pid=6894, ip=172.31.41.253)[0m  + frozenlist==1.8.0
2026-03-26 13:24:29,174 - INFO - [36m(setup pid=6894, ip=172.31.41.253)[0m  + fsspec==2026.2.0
2026-03-26 13:24:29,174 - INFO - [36m(setup pid=6894, ip=172.31.41.253)[0m  + h11==0.16.0
2026-03-26 13:24:29,174 - INFO - [36m(setup pid=6894, ip=172.31.41.253)[0m  + hf-xet==1.4.2
2026-03-26 13:24:29,174 - INFO - [36m(setup pid=6894, ip=172.31.41.253)[0m  + httpcore==1.0.9
2026-03-26 13:24:29,174 - INFO - [36m(setup pid=6894, ip=172.31.41.253)[0m  + httpx==0.28.1
2026-03-26 13:24:29,174 - INFO - [36m(setup pid=6894, ip=172.31.41.253)[0m  + huggingface-hub==1.8.0
2026-03-26 13:24:29,174 - INFO - [36m(setup pid=6894, ip=172.31.41.253)[0m  + idna==3.11
2026-03-26 13:24:29,174 - INFO - [36m(setup pid=6894, ip=172.31.41.253)[0m  + markdown-it-py==4.0.0
2026-03-26 13:24:29,174 - INFO - [36m(setup pid=6894, ip=172.31.41.253)[0m  + mdurl==0.1.2
2026-03-26 13:24:29,174 - INFO - [36m(setup pid=6894, ip=172.31.41.253)[0m  + multidict==6.7.1
2026-03-26 13:24:29,174 - INFO - [36m(setup pid=6894, ip=172.31.41.253)[0m  + multiprocess==0.70.19
2026-03-26 13:24:29,174 - INFO - [36m(setup pid=6894, ip=172.31.41.253)[0m  + numpy==2.4.3
2026-03-26 13:24:29,174 - INFO - [36m(setup pid=6894, ip=172.31.41.253)[0m  + nvidia-ml-py==13.595.45
2026-03-26 13:24:29,174 - INFO - [36m(setup pid=6894, ip=172.31.41.253)[0m  + packaging==26.0
2026-03-26 13:24:29,174 - INFO - [36m(setup pid=6894, ip=172.31.41.253)[0m  + pandas==3.0.1
2026-03-26 13:24:29,174 - INFO - [36m(setup pid=6894, ip=172.31.41.253)[0m  + propcache==0.4.1
2026-03-26 13:24:29,174 - INFO - [36m(setup pid=6894, ip=172.31.41.253)[0m  + pyarrow==23.0.1
2026-03-26 13:24:29,174 - INFO - [36m(setup pid=6894, ip=172.31.41.253)[0m  + pygments==2.19.2
2026-03-26 13:24:29,174 - INFO - [36m(setup pid=6894, ip=172.31.41.253)[0m  + pynvml==13.0.1
2026-03-26 13:24:29,174 - INFO - [36m(setup pid=6894, ip=172.31.41.253)[0m  + python-dateutil==2.9.0.post0
2026-03-26 13:24:29,174 - INFO - [36m(setup pid=6894, ip=172.31.41.253)[0m  + pyyaml==6.0.3
2026-03-26 13:24:29,174 - INFO - [36m(setup pid=6894, ip=172.31.41.253)[0m  + requests==2.33.0
2026-03-26 13:24:29,174 - INFO - [36m(setup pid=6894, ip=172.31.41.253)[0m  + rich==14.3.3
2026-03-26 13:24:29,174 - INFO - [36m(setup pid=6894, ip=172.31.41.253)[0m  + shellingham==1.5.4
2026-03-26 13:24:29,174 - INFO - [36m(setup pid=6894, ip=172.31.41.253)[0m  + six==1.17.0
2026-03-26 13:24:29,174 - INFO - [36m(setup pid=6894, ip=172.31.41.253)[0m  + tqdm==4.67.3
2026-03-26 13:24:29,174 - INFO - [36m(setup pid=6894, ip=172.31.41.253)[0m  + typer==0.24.1
2026-03-26 13:24:29,174 - INFO - [36m(setup pid=6894, ip=172.31.41.253)[0m  + typing-extensions==4.15.0
2026-03-26 13:24:29,174 - INFO - [36m(setup pid=6894, ip=172.31.41.253)[0m  + urllib3==2.6.3
2026-03-26 13:24:29,174 - INFO - [36m(setup pid=6894, ip=172.31.41.253)[0m  + xxhash==3.6.0
2026-03-26 13:24:29,174 - INFO - [36m(setup pid=6894, ip=172.31.41.253)[0m  + yarl==1.23.0
2026-03-26 13:24:29,174 - INFO - [36m(setup pid=6894, ip=172.31.41.253)[0m + echo '=== Installing vLLM 0.10.0 ==='
2026-03-26 13:24:29,174 - INFO - [36m(setup pid=6894, ip=172.31.41.253)[0m === Installing vLLM 0.10.0 ===
2026-03-26 13:24:29,174 - INFO - [36m(setup pid=6894, ip=172.31.41.253)[0m + uv pip install vllm==0.10.0 'ray[cgraph]'
2026-03-26 13:24:29,174 - INFO - [36m(setup pid=7461)[0m  Downloaded pyarrow
2026-03-26 13:24:29,174 - INFO - [36m(setup pid=7461)[0m  Downloaded numpy
2026-03-26 13:24:29,174 - INFO - [36m(setup pid=6894, ip=172.31.41.253)[0m Resolved 141 packages in 356ms
2026-03-26 13:24:29,174 - INFO - [36m(setup pid=6894, ip=172.31.41.253)[0m Downloading nvidia-cufft-cu12 (190.9MiB)
2026-03-26 13:24:29,174 - INFO - [36m(setup pid=6894, ip=172.31.41.253)[0m Downloading sympy (6.0MiB)
2026-03-26 13:24:29,174 - INFO - [36m(setup pid=6894, ip=172.31.41.253)[0m Downloading tokenizers (3.1MiB)
2026-03-26 13:24:29,174 - INFO - [36m(setup pid=6894, ip=172.31.41.253)[0m Downloading tiktoken (1.1MiB)
2026-03-26 13:24:29,174 - INFO - [36m(setup pid=6894, ip=172.31.41.253)[0m Downloading nvidia-cudnn-cu12 (544.5MiB)
2026-03-26 13:24:29,174 - INFO - [36m(setup pid=6894, ip=172.31.41.253)[0m Downloading nvidia-cufile-cu12 (1.1MiB)
2026-03-26 13:24:29,174 - INFO - [36m(setup pid=6894, ip=172.31.41.253)[0m Downloading llguidance (14.3MiB)
2026-03-26 13:24:29,174 - INFO - [36m(setup pid=6894, ip=172.31.41.253)[0m Downloading pillow (6.7MiB)
2026-03-26 13:24:29,174 - INFO - [36m(setup pid=6894, ip=172.31.41.253)[0m Downloading uvloop (4.2MiB)
2026-03-26 13:24:29,174 - INFO - [36m(setup pid=6894, ip=172.31.41.253)[0m Downloading nvidia-cusparselt-cu12 (149.5MiB)
2026-03-26 13:24:29,174 - INFO - [36m(setup pid=6894, ip=172.31.41.253)[0m Downloading pydantic-core (2.0MiB)
2026-03-26 13:24:29,174 - INFO - [36m(setup pid=6894, ip=172.31.41.253)[0m Downloading nvidia-nvjitlink-cu12 (18.8MiB)
2026-03-26 13:24:29,174 - INFO - [36m(setup pid=6894, ip=172.31.41.253)[0m Downloading scipy (33.6MiB)
2026-03-26 13:24:29,174 - INFO - [36m(setup pid=6894, ip=172.31.41.253)[0m Downloading llvmlite (40.4MiB)
2026-03-26 13:24:29,174 - INFO - [36m(setup pid=6894, ip=172.31.41.253)[0m Downloading mistral-common (6.2MiB)
2026-03-26 13:24:29,174 - INFO - [36m(setup pid=6894, ip=172.31.41.253)[0m Downloading nvidia-cuda-nvrtc-cu12 (22.6MiB)
2026-03-26 13:24:29,174 - INFO - [36m(setup pid=6894, ip=172.31.41.253)[0m Downloading numba (3.7MiB)
2026-03-26 13:24:29,174 - INFO - [36m(setup pid=6894, ip=172.31.41.253)[0m Downloading transformers (10.2MiB)
2026-03-26 13:24:29,174 - INFO - [36m(setup pid=6894, ip=172.31.41.253)[0m Downloading nvidia-cuda-cupti-cu12 (8.5MiB)
2026-03-26 13:24:29,174 - INFO - [36m(setup pid=6894, ip=172.31.41.253)[0m Downloading sentencepiece (1.3MiB)
2026-03-26 13:24:29,174 - INFO - [36m(setup pid=6894, ip=172.31.41.253)[0m Downloading nvidia-cusolver-cu12 (150.9MiB)
2026-03-26 13:24:29,174 - INFO - [36m(setup pid=6894, ip=172.31.41.253)[0m Downloading opencv-python-headless (57.6MiB)
2026-03-26 13:24:29,174 - INFO - [36m(setup pid=6894, ip=172.31.41.253)[0m Downloading nvidia-nccl-cu12 (192.0MiB)
2026-03-26 13:24:29,174 - INFO - [36m(setup pid=6894, ip=172.31.41.253)[0m Downloading torchaudio (3.3MiB)
2026-03-26 13:24:29,174 - INFO - [36m(setup pid=6894, ip=172.31.41.253)[0m Downloading outlines-core (2.2MiB)
2026-03-26 13:24:29,476 - INFO - [36m(setup pid=6894, ip=172.31.41.253)[0m Downloading torch (783.0MiB)
2026-03-26 13:24:29,476 - INFO - [36m(setup pid=6894, ip=172.31.41.253)[0m Downloading xformers (111.6MiB)
2026-03-26 13:24:29,476 - INFO - [36m(setup pid=6894, ip=172.31.41.253)[0m Downloading vllm (368.7MiB)
2026-03-26 13:24:29,476 - INFO - [36m(setup pid=6894, ip=172.31.41.253)[0m Downloading cupy-cuda12x (128.4MiB)
2026-03-26 13:24:29,476 - INFO - [36m(setup pid=6894, ip=172.31.41.253)[0m Downloading nvidia-cusparse-cu12 (206.5MiB)
2026-03-26 13:24:29,476 - INFO - [36m(setup pid=6894, ip=172.31.41.253)[0m Downloading nvidia-curand-cu12 (53.7MiB)
2026-03-26 13:24:29,476 - INFO - [36m(setup pid=6894, ip=172.31.41.253)[0m Downloading ray (69.3MiB)
2026-03-26 13:24:29,476 - INFO - [36m(setup pid=6894, ip=172.31.41.253)[0m Downloading numpy (15.8MiB)
2026-03-26 13:24:29,476 - INFO - [36m(setup pid=6894, ip=172.31.41.253)[0m Downloading setuptools (1.2MiB)
2026-03-26 13:24:29,476 - INFO - [36m(setup pid=6894, ip=172.31.41.253)[0m Downloading networkx (2.0MiB)
2026-03-26 13:24:29,476 - INFO - [36m(setup pid=6894, ip=172.31.41.253)[0m Downloading soundfile (1.3MiB)
2026-03-26 13:24:29,476 - INFO - [36m(setup pid=6894, ip=172.31.41.253)[0m Downloading nvidia-cublas-cu12 (374.9MiB)
2026-03-26 13:24:29,476 - INFO - [36m(setup pid=6894, ip=172.31.41.253)[0m Downloading xgrammar (11.3MiB)
2026-03-26 13:24:29,477 - INFO - [36m(setup pid=6894, ip=172.31.41.253)[0m Downloading torchvision (7.1MiB)
2026-03-26 13:24:29,477 - INFO - [36m(setup pid=6894, ip=172.31.41.253)[0m Downloading triton (148.5MiB)
2026-03-26 13:24:29,477 - INFO - [36m(setup pid=6894, ip=172.31.41.253)[0m Downloading pycountry (7.7MiB)
2026-03-26 13:24:29,477 - INFO - [36m(setup pid=7461)[0m  Downloaded pandas
2026-03-26 13:24:29,477 - INFO - [36m(setup pid=7461)[0m Prepared 21 packages in 915ms
2026-03-26 13:24:29,477 - INFO - [36m(setup pid=7461)[0m Installed 44 packages in 40ms
2026-03-26 13:24:29,477 - INFO - [36m(setup pid=7461)[0m  + aiohappyeyeballs==2.6.1
2026-03-26 13:24:29,477 - INFO - [36m(setup pid=7461)[0m  + aiohttp==3.13.3
2026-03-26 13:24:29,477 - INFO - [36m(setup pid=7461)[0m  + aiosignal==1.4.0
2026-03-26 13:24:29,477 - INFO - [36m(setup pid=7461)[0m  + annotated-doc==0.0.4
2026-03-26 13:24:29,477 - INFO - [36m(setup pid=7461)[0m  + anyio==4.13.0
2026-03-26 13:24:29,477 - INFO - [36m(setup pid=7461)[0m  + attrs==26.1.0
2026-03-26 13:24:29,477 - INFO - [36m(setup pid=7461)[0m  + certifi==2026.2.25
2026-03-26 13:24:29,477 - INFO - [36m(setup pid=7461)[0m  + charset-normalizer==3.4.6
2026-03-26 13:24:29,477 - INFO - [36m(setup pid=7461)[0m  + click==8.3.1
2026-03-26 13:24:29,477 - INFO - [36m(setup pid=7461)[0m  + datasets==4.8.4
2026-03-26 13:24:29,477 - INFO - [36m(setup pid=7461)[0m  + dill==0.4.1
2026-03-26 13:24:29,477 - INFO - [36m(setup pid=7461)[0m  + filelock==3.25.2
2026-03-26 13:24:29,477 - INFO - [36m(setup pid=7461)[0m  + frozenlist==1.8.0
2026-03-26 13:24:29,477 - INFO - [36m(setup pid=7461)[0m  + fsspec==2026.2.0
2026-03-26 13:24:29,477 - INFO - [36m(setup pid=7461)[0m  + h11==0.16.0
2026-03-26 13:24:29,477 - INFO - [36m(setup pid=7461)[0m  + hf-xet==1.4.2
2026-03-26 13:24:29,477 - INFO - [36m(setup pid=7461)[0m  + httpcore==1.0.9
2026-03-26 13:24:29,477 - INFO - [36m(setup pid=7461)[0m  + httpx==0.28.1
2026-03-26 13:24:29,477 - INFO - [36m(setup pid=7461)[0m  + huggingface-hub==1.8.0
2026-03-26 13:24:29,477 - INFO - [36m(setup pid=7461)[0m  + idna==3.11
2026-03-26 13:24:29,477 - INFO - [36m(setup pid=7461)[0m  + markdown-it-py==4.0.0
2026-03-26 13:24:29,477 - INFO - [36m(setup pid=7461)[0m  + mdurl==0.1.2
2026-03-26 13:24:29,477 - INFO - [36m(setup pid=7461)[0m  + multidict==6.7.1
2026-03-26 13:24:29,477 - INFO - [36m(setup pid=7461)[0m  + multiprocess==0.70.19
2026-03-26 13:24:29,477 - INFO - [36m(setup pid=7461)[0m  + numpy==2.4.3
2026-03-26 13:24:29,477 - INFO - [36m(setup pid=7461)[0m  + nvidia-ml-py==13.595.45
2026-03-26 13:24:29,477 - INFO - [36m(setup pid=7461)[0m  + packaging==26.0
2026-03-26 13:24:29,477 - INFO - [36m(setup pid=7461)[0m  + pandas==3.0.1
2026-03-26 13:24:29,477 - INFO - [36m(setup pid=7461)[0m  + propcache==0.4.1
2026-03-26 13:24:29,477 - INFO - [36m(setup pid=7461)[0m  + pyarrow==23.0.1
2026-03-26 13:24:29,477 - INFO - [36m(setup pid=7461)[0m  + pygments==2.19.2
2026-03-26 13:24:29,477 - INFO - [36m(setup pid=7461)[0m  + pynvml==13.0.1
2026-03-26 13:24:29,477 - INFO - [36m(setup pid=7461)[0m  + python-dateutil==2.9.0.post0
2026-03-26 13:24:29,477 - INFO - [36m(setup pid=7461)[0m  + pyyaml==6.0.3
2026-03-26 13:24:29,477 - INFO - [36m(setup pid=7461)[0m  + requests==2.33.0
2026-03-26 13:24:29,477 - INFO - [36m(setup pid=7461)[0m  + rich==14.3.3
2026-03-26 13:24:29,477 - INFO - [36m(setup pid=7461)[0m  + shellingham==1.5.4
2026-03-26 13:24:29,477 - INFO - [36m(setup pid=7461)[0m  + six==1.17.0
2026-03-26 13:24:29,477 - INFO - [36m(setup pid=7461)[0m  + tqdm==4.67.3
2026-03-26 13:24:29,477 - INFO - [36m(setup pid=7461)[0m  + typer==0.24.1
2026-03-26 13:24:29,477 - INFO - [36m(setup pid=7461)[0m  + typing-extensions==4.15.0
2026-03-26 13:24:29,477 - INFO - [36m(setup pid=7461)[0m  + urllib3==2.6.3
2026-03-26 13:24:29,477 - INFO - [36m(setup pid=7461)[0m  + xxhash==3.6.0
2026-03-26 13:24:29,477 - INFO - [36m(setup pid=7461)[0m  + yarl==1.23.0
2026-03-26 13:24:29,477 - INFO - [36m(setup pid=7461)[0m + echo '=== Installing vLLM 0.10.0 ==='
2026-03-26 13:24:29,477 - INFO - [36m(setup pid=7461)[0m === Installing vLLM 0.10.0 ===
2026-03-26 13:24:29,477 - INFO - [36m(setup pid=7461)[0m + uv pip install vllm==0.10.0 'ray[cgraph]'
2026-03-26 13:24:29,477 - INFO - [36m(setup pid=7461)[0m Resolved 141 packages in 383ms
2026-03-26 13:24:29,477 - INFO - [36m(setup pid=7461)[0m Downloading sympy (6.0MiB)
2026-03-26 13:24:29,477 - INFO - [36m(setup pid=7461)[0m Downloading mistral-common (6.2MiB)
2026-03-26 13:24:29,477 - INFO - [36m(setup pid=7461)[0m Downloading opencv-python-headless (57.6MiB)
2026-03-26 13:24:29,477 - INFO - [36m(setup pid=7461)[0m Downloading pydantic-core (2.0MiB)
2026-03-26 13:24:29,477 - INFO - [36m(setup pid=7461)[0m Downloading uvloop (4.2MiB)
2026-03-26 13:24:29,477 - INFO - [36m(setup pid=7461)[0m Downloading pycountry (7.7MiB)
2026-03-26 13:24:29,477 - INFO - [36m(setup pid=7461)[0m Downloading tokenizers (3.1MiB)
2026-03-26 13:24:29,477 - INFO - [36m(setup pid=7461)[0m Downloading tiktoken (1.1MiB)
2026-03-26 13:24:29,477 - INFO - [36m(setup pid=7461)[0m Downloading numpy (15.8MiB)
2026-03-26 13:24:29,477 - INFO - [36m(setup pid=7461)[0m Downloading nvidia-cublas-cu12 (374.9MiB)
2026-03-26 13:24:29,477 - INFO - [36m(setup pid=7461)[0m Downloading nvidia-cufft-cu12 (190.9MiB)
2026-03-26 13:24:29,477 - INFO - [36m(setup pid=7461)[0m Downloading nvidia-cuda-nvrtc-cu12 (22.6MiB)
2026-03-26 13:24:29,477 - INFO - [36m(setup pid=7461)[0m Downloading pillow (6.7MiB)
2026-03-26 13:24:29,477 - INFO - [36m(setup pid=7461)[0m Downloading nvidia-nccl-cu12 (192.0MiB)
2026-03-26 13:24:29,477 - INFO - [36m(setup pid=7461)[0m Downloading scipy (33.6MiB)
2026-03-26 13:24:29,477 - INFO - [36m(setup pid=7461)[0m Downloading nvidia-cusolver-cu12 (150.9MiB)
2026-03-26 13:24:29,477 - INFO - [36m(setup pid=7461)[0m Downloading soundfile (1.3MiB)
2026-03-26 13:24:29,477 - INFO - [36m(setup pid=7461)[0m Downloading nvidia-cusparse-cu12 (206.5MiB)
2026-03-26 13:24:29,477 - INFO - [36m(setup pid=7461)[0m Downloading transformers (10.2MiB)
2026-03-26 13:24:29,477 - INFO - [36m(setup pid=7461)[0m Downloading nvidia-cudnn-cu12 (544.5MiB)
2026-03-26 13:24:29,477 - INFO - [36m(setup pid=7461)[0m Downloading numba (3.7MiB)
2026-03-26 13:24:29,477 - INFO - [36m(setup pid=7461)[0m Downloading nvidia-curand-cu12 (53.7MiB)
2026-03-26 13:24:29,477 - INFO - [36m(setup pid=7461)[0m Downloading setuptools (1.2MiB)
2026-03-26 13:24:29,477 - INFO - [36m(setup pid=7461)[0m Downloading networkx (2.0MiB)
2026-03-26 13:24:29,477 - INFO - [36m(setup pid=7461)[0m Downloading nvidia-cuda-cupti-cu12 (8.5MiB)
2026-03-26 13:24:29,477 - INFO - [36m(setup pid=7461)[0m Downloading outlines-core (2.2MiB)
2026-03-26 13:24:29,477 - INFO - [36m(setup pid=7461)[0m Downloading sentencepiece (1.3MiB)
2026-03-26 13:24:29,477 - INFO - [36m(setup pid=7461)[0m Downloading nvidia-cusparselt-cu12 (149.5MiB)
2026-03-26 13:24:29,477 - INFO - [36m(setup pid=7461)[0m Downloading nvidia-nvjitlink-cu12 (18.8MiB)
2026-03-26 13:24:29,477 - INFO - [36m(setup pid=7461)[0m Downloading nvidia-cufile-cu12 (1.1MiB)
2026-03-26 13:24:29,477 - INFO - [36m(setup pid=7461)[0m Downloading torch (783.0MiB)
2026-03-26 13:24:29,477 - INFO - [36m(setup pid=7461)[0m Downloading llvmlite (40.4MiB)
2026-03-26 13:24:29,477 - INFO - [36m(setup pid=7461)[0m Downloading torchvision (7.1MiB)
2026-03-26 13:24:29,477 - INFO - [36m(setup pid=7461)[0m Downloading ray (69.3MiB)
2026-03-26 13:24:29,477 - INFO - [36m(setup pid=7461)[0m Downloading xgrammar (11.3MiB)
2026-03-26 13:24:29,477 - INFO - [36m(setup pid=7461)[0m Downloading llguidance (14.3MiB)
2026-03-26 13:24:29,477 - INFO - [36m(setup pid=7461)[0m Downloading xformers (111.6MiB)
2026-03-26 13:24:29,477 - INFO - [36m(setup pid=7461)[0m Downloading torchaudio (3.3MiB)
2026-03-26 13:24:29,477 - INFO - [36m(setup pid=7461)[0m Downloading vllm (368.7MiB)
2026-03-26 13:24:29,477 - INFO - [36m(setup pid=7461)[0m Downloading cupy-cuda12x (128.4MiB)
2026-03-26 13:24:29,477 - INFO - [36m(setup pid=7461)[0m Downloading triton (148.5MiB)
2026-03-26 13:24:29,477 - INFO - [36m(setup pid=6894, ip=172.31.41.253)[0m  Downloaded nvidia-cufile-cu12
2026-03-26 13:24:30,082 - INFO - [36m(setup pid=6894, ip=172.31.41.253)[0m  Downloaded tiktoken
2026-03-26 13:24:30,082 - INFO - [36m(setup pid=6894, ip=172.31.41.253)[0m  Downloaded soundfile
2026-03-26 13:24:30,082 - INFO - [36m(setup pid=6894, ip=172.31.41.253)[0m  Downloaded sentencepiece
2026-03-26 13:24:30,082 - INFO - [36m(setup pid=6894, ip=172.31.41.253)[0m  Downloaded pydantic-core
2026-03-26 13:24:30,082 - INFO - [36m(setup pid=6894, ip=172.31.41.253)[0m  Downloaded outlines-core
2026-03-26 13:24:30,082 - INFO - [36m(setup pid=7461)[0m  Downloaded nvidia-cufile-cu12
2026-03-26 13:24:30,082 - INFO - [36m(setup pid=7461)[0m  Downloaded tiktoken
2026-03-26 13:24:30,082 - INFO - [36m(setup pid=7461)[0m  Downloaded soundfile
2026-03-26 13:24:30,082 - INFO - [36m(setup pid=7461)[0m  Downloaded sentencepiece
2026-03-26 13:24:30,082 - INFO - [36m(setup pid=6894, ip=172.31.41.253)[0m  Downloaded setuptools
2026-03-26 13:24:30,082 - INFO - [36m(setup pid=6894, ip=172.31.41.253)[0m  Downloaded tokenizers
2026-03-26 13:24:30,082 - INFO - [36m(setup pid=6894, ip=172.31.41.253)[0m  Downloaded networkx
2026-03-26 13:24:30,082 - INFO - [36m(setup pid=6894, ip=172.31.41.253)[0m  Downloaded torchaudio
2026-03-26 13:24:30,082 - INFO - [36m(setup pid=7461)[0m  Downloaded pydantic-core
2026-03-26 13:24:30,082 - INFO - [36m(setup pid=7461)[0m  Downloaded outlines-core
2026-03-26 13:24:30,082 - INFO - [36m(setup pid=6894, ip=172.31.41.253)[0m  Downloaded uvloop
2026-03-26 13:24:30,082 - INFO - [36m(setup pid=7461)[0m  Downloaded setuptools
2026-03-26 13:24:30,082 - INFO - [36m(setup pid=6894, ip=172.31.41.253)[0m  Downloaded numba
2026-03-26 13:24:30,082 - INFO - [36m(setup pid=7461)[0m  Downloaded tokenizers
2026-03-26 13:24:30,082 - INFO - [36m(setup pid=7461)[0m  Downloaded networkx
2026-03-26 13:24:30,082 - INFO - [36m(setup pid=7461)[0m  Downloaded torchaudio
2026-03-26 13:24:30,082 - INFO - [36m(setup pid=7461)[0m  Downloaded uvloop
2026-03-26 13:24:30,082 - INFO - [36m(setup pid=6894, ip=172.31.41.253)[0m  Downloaded mistral-common
2026-03-26 13:24:30,082 - INFO - [36m(setup pid=7461)[0m  Downloaded numba
2026-03-26 13:24:30,082 - INFO - [36m(setup pid=6894, ip=172.31.41.253)[0m  Downloaded pillow
2026-03-26 13:24:30,082 - INFO - [36m(setup pid=6894, ip=172.31.41.253)[0m  Downloaded torchvision
2026-03-26 13:24:30,082 - INFO - [36m(setup pid=6894, ip=172.31.41.253)[0m  Downloaded pycountry
2026-03-26 13:24:30,082 - INFO - [36m(setup pid=7461)[0m  Downloaded mistral-common
2026-03-26 13:24:30,082 - INFO - [36m(setup pid=6894, ip=172.31.41.253)[0m  Downloaded nvidia-cuda-cupti-cu12
2026-03-26 13:24:30,082 - INFO - [36m(setup pid=7461)[0m  Downloaded pillow
2026-03-26 13:24:30,082 - INFO - [36m(setup pid=7461)[0m  Downloaded torchvision
2026-03-26 13:24:30,082 - INFO - [36m(setup pid=7461)[0m  Downloaded pycountry
2026-03-26 13:24:30,082 - INFO - [36m(setup pid=6894, ip=172.31.41.253)[0m  Downloaded sympy
2026-03-26 13:24:30,082 - INFO - [36m(setup pid=6894, ip=172.31.41.253)[0m  Downloaded xgrammar
2026-03-26 13:24:30,082 - INFO - [36m(setup pid=7461)[0m  Downloaded nvidia-cuda-cupti-cu12
2026-03-26 13:24:30,082 - INFO - [36m(setup pid=7461)[0m  Downloaded sympy
2026-03-26 13:24:30,082 - INFO - [36m(setup pid=7461)[0m  Downloaded xgrammar
2026-03-26 13:24:30,082 - INFO - [36m(setup pid=6894, ip=172.31.41.253)[0m  Downloaded llguidance
2026-03-26 13:24:30,082 - INFO - [36m(setup pid=6894, ip=172.31.41.253)[0m  Downloaded numpy
2026-03-26 13:24:30,684 - INFO - [36m(setup pid=7461)[0m  Downloaded llguidance
2026-03-26 13:24:30,684 - INFO - [36m(setup pid=6894, ip=172.31.41.253)[0m  Downloaded transformers
2026-03-26 13:24:30,684 - INFO - [36m(setup pid=6894, ip=172.31.41.253)[0m  Downloaded nvidia-nvjitlink-cu12
2026-03-26 13:24:31,287 - INFO - [36m(setup pid=7461)[0m  Downloaded numpy
2026-03-26 13:24:31,287 - INFO - [36m(setup pid=6894, ip=172.31.41.253)[0m  Downloaded nvidia-cuda-nvrtc-cu12
2026-03-26 13:24:31,287 - INFO - [36m(setup pid=7461)[0m  Downloaded transformers
2026-03-26 13:24:31,287 - INFO - [36m(setup pid=7461)[0m  Downloaded nvidia-nvjitlink-cu12
2026-03-26 13:24:31,287 - INFO - [36m(setup pid=7461)[0m  Downloaded nvidia-cuda-nvrtc-cu12
2026-03-26 13:24:32,091 - INFO - [36m(setup pid=6894, ip=172.31.41.253)[0m  Downloaded scipy
2026-03-26 13:24:32,695 - INFO - [36m(setup pid=7461)[0m  Downloaded scipy
2026-03-26 13:24:33,297 - INFO - [36m(setup pid=6894, ip=172.31.41.253)[0m  Downloaded llvmlite
2026-03-26 13:24:34,101 - INFO - [36m(setup pid=7461)[0m  Downloaded llvmlite
2026-03-26 13:24:34,101 - INFO - [36m(setup pid=6894, ip=172.31.41.253)[0m  Downloaded nvidia-curand-cu12
2026-03-26 13:24:34,705 - INFO - [36m(setup pid=6894, ip=172.31.41.253)[0m  Downloaded opencv-python-headless
2026-03-26 13:24:35,614 - INFO - [36m(setup pid=7461)[0m  Downloaded nvidia-curand-cu12
2026-03-26 13:24:35,614 - INFO - [36m(setup pid=7461)[0m  Downloaded opencv-python-headless
2026-03-26 13:24:38,938 - INFO - [36m(setup pid=6894, ip=172.31.41.253)[0m  Downloaded xformers
2026-03-26 13:24:39,544 - INFO - [36m(setup pid=7461)[0m  Downloaded xformers
2026-03-26 13:24:40,449 - INFO - [36m(setup pid=6894, ip=172.31.41.253)[0m  Downloaded ray
2026-03-26 13:24:41,354 - INFO - [36m(setup pid=6894, ip=172.31.41.253)[0m  Downloaded nvidia-cusparselt-cu12
2026-03-26 13:24:42,156 - INFO - [36m(setup pid=6894, ip=172.31.41.253)[0m  Downloaded nvidia-cusolver-cu12
2026-03-26 13:24:42,156 - INFO - [36m(setup pid=6894, ip=172.31.41.253)[0m  Downloaded triton
2026-03-26 13:24:42,761 - INFO - [36m(setup pid=7461)[0m  Downloaded ray
2026-03-26 13:24:42,761 - INFO - [36m(setup pid=7461)[0m  Downloaded nvidia-cusparselt-cu12
2026-03-26 13:24:42,761 - INFO - [36m(setup pid=7461)[0m  Downloaded nvidia-cusolver-cu12
2026-03-26 13:24:42,761 - INFO - [36m(setup pid=7461)[0m  Downloaded triton
2026-03-26 13:24:43,363 - INFO - [36m(setup pid=6894, ip=172.31.41.253)[0m  Downloaded cupy-cuda12x
2026-03-26 13:24:43,363 - INFO - [36m(setup pid=6894, ip=172.31.41.253)[0m  Downloaded nvidia-nccl-cu12
2026-03-26 13:24:43,363 - INFO - [36m(setup pid=6894, ip=172.31.41.253)[0m  Downloaded nvidia-cufft-cu12
2026-03-26 13:24:43,966 - INFO - [36m(setup pid=6894, ip=172.31.41.253)[0m  Downloaded nvidia-cusparse-cu12
2026-03-26 13:24:43,967 - INFO - [36m(setup pid=7461)[0m  Downloaded cupy-cuda12x
2026-03-26 13:24:43,967 - INFO - [36m(setup pid=7461)[0m  Downloaded nvidia-cufft-cu12
2026-03-26 13:24:45,574 - INFO - [36m(setup pid=7461)[0m  Downloaded nvidia-nccl-cu12
2026-03-26 13:24:45,575 - INFO - [36m(setup pid=7461)[0m  Downloaded nvidia-cusparse-cu12
2026-03-26 13:24:45,575 - INFO - [36m(setup pid=6894, ip=172.31.41.253)[0m  Downloaded nvidia-cublas-cu12
2026-03-26 13:24:46,177 - INFO - [36m(setup pid=7461)[0m  Downloaded nvidia-cublas-cu12
2026-03-26 13:24:47,886 - INFO - [36m(setup pid=6894, ip=172.31.41.253)[0m  Downloaded nvidia-cudnn-cu12
2026-03-26 13:24:48,892 - INFO - [36m(setup pid=6894, ip=172.31.41.253)[0m  Downloaded vllm
2026-03-26 13:24:48,892 - INFO - [36m(setup pid=7461)[0m  Downloaded nvidia-cudnn-cu12
2026-03-26 13:24:53,518 - INFO - [36m(setup pid=7461)[0m  Downloaded vllm
2026-03-26 13:24:53,518 - INFO - [36m(setup pid=6894, ip=172.31.41.253)[0m  Downloaded torch
2026-03-26 13:24:54,224 - INFO - [36m(setup pid=6894, ip=172.31.41.253)[0m Prepared 92 packages in 27.78s
2026-03-26 13:24:54,224 - INFO - [36m(setup pid=6894, ip=172.31.41.253)[0m Uninstalled 1 package in 9ms
2026-03-26 13:24:54,726 - INFO - [36m(setup pid=6894, ip=172.31.41.253)[0m Installed 106 packages in 241ms
2026-03-26 13:24:54,726 - INFO - [36m(setup pid=6894, ip=172.31.41.253)[0m  + annotated-types==0.7.0
2026-03-26 13:24:54,726 - INFO - [36m(setup pid=6894, ip=172.31.41.253)[0m  + astor==0.8.1
2026-03-26 13:24:54,726 - INFO - [36m(setup pid=6894, ip=172.31.41.253)[0m  + blake3==1.0.8
2026-03-26 13:24:54,726 - INFO - [36m(setup pid=6894, ip=172.31.41.253)[0m  + cachetools==7.0.5
2026-03-26 13:24:54,726 - INFO - [36m(setup pid=6894, ip=172.31.41.253)[0m  + cbor2==5.9.0
2026-03-26 13:24:54,726 - INFO - [36m(setup pid=6894, ip=172.31.41.253)[0m  + cffi==2.0.0
2026-03-26 13:24:54,726 - INFO - [36m(setup pid=6894, ip=172.31.41.253)[0m  + cloudpickle==3.1.2
2026-03-26 13:24:54,726 - INFO - [36m(setup pid=6894, ip=172.31.41.253)[0m  + compressed-tensors==0.10.2
2026-03-26 13:24:54,726 - INFO - [36m(setup pid=6894, ip=172.31.41.253)[0m  + cuda-pathfinder==1.5.0
2026-03-26 13:24:54,726 - INFO - [36m(setup pid=6894, ip=172.31.41.253)[0m  + cupy-cuda12x==14.0.1
2026-03-26 13:24:54,726 - INFO - [36m(setup pid=6894, ip=172.31.41.253)[0m  + depyf==0.19.0
2026-03-26 13:24:54,726 - INFO - [36m(setup pid=6894, ip=172.31.41.253)[0m  + diskcache==5.6.3
2026-03-26 13:24:54,726 - INFO - [36m(setup pid=6894, ip=172.31.41.253)[0m  + distro==1.9.0
2026-03-26 13:24:54,726 - INFO - [36m(setup pid=6894, ip=172.31.41.253)[0m  + dnspython==2.8.0
2026-03-26 13:24:54,726 - INFO - [36m(setup pid=6894, ip=172.31.41.253)[0m  + einops==0.8.2
2026-03-26 13:24:54,726 - INFO - [36m(setup pid=6894, ip=172.31.41.253)[0m  + email-validator==2.3.0
2026-03-26 13:24:54,726 - INFO - [36m(setup pid=6894, ip=172.31.41.253)[0m  + fastapi==0.135.2
2026-03-26 13:24:54,726 - INFO - [36m(setup pid=6894, ip=172.31.41.253)[0m  + fastapi-cli==0.0.24
2026-03-26 13:24:54,726 - INFO - [36m(setup pid=6894, ip=172.31.41.253)[0m  + fastapi-cloud-cli==0.15.0
2026-03-26 13:24:54,726 - INFO - [36m(setup pid=6894, ip=172.31.41.253)[0m  + fastar==0.9.0
2026-03-26 13:24:54,726 - INFO - [36m(setup pid=6894, ip=172.31.41.253)[0m  + gguf==0.18.0
2026-03-26 13:24:54,726 - INFO - [36m(setup pid=6894, ip=172.31.41.253)[0m  + httptools==0.7.1
2026-03-26 13:24:54,726 - INFO - [36m(setup pid=6894, ip=172.31.41.253)[0m  + interegular==0.3.3
2026-03-26 13:24:54,726 - INFO - [36m(setup pid=6894, ip=172.31.41.253)[0m  + jinja2==3.1.6
2026-03-26 13:24:54,726 - INFO - [36m(setup pid=6894, ip=172.31.41.253)[0m  + jiter==0.13.0
2026-03-26 13:24:54,726 - INFO - [36m(setup pid=6894, ip=172.31.41.253)[0m  + jsonschema==4.26.0
2026-03-26 13:24:54,726 - INFO - [36m(setup pid=6894, ip=172.31.41.253)[0m  + jsonschema-specifications==2025.9.1
2026-03-26 13:24:54,726 - INFO - [36m(setup pid=6894, ip=172.31.41.253)[0m  + lark==1.2.2
2026-03-26 13:24:54,726 - INFO - [36m(setup pid=6894, ip=172.31.41.253)[0m  + llguidance==0.7.30
2026-03-26 13:24:54,726 - INFO - [36m(setup pid=6894, ip=172.31.41.253)[0m  + llvmlite==0.44.0
2026-03-26 13:24:54,726 - INFO - [36m(setup pid=6894, ip=172.31.41.253)[0m  + lm-format-enforcer==0.10.12
2026-03-26 13:24:54,726 - INFO - [36m(setup pid=6894, ip=172.31.41.253)[0m  + markupsafe==3.0.3
2026-03-26 13:24:54,726 - INFO - [36m(setup pid=6894, ip=172.31.41.253)[0m  + mistral-common==1.10.0
2026-03-26 13:24:54,726 - INFO - [36m(setup pid=6894, ip=172.31.41.253)[0m  + mpmath==1.3.0
2026-03-26 13:24:54,726 - INFO - [36m(setup pid=6894, ip=172.31.41.253)[0m  + msgpack==1.1.2
2026-03-26 13:24:54,726 - INFO - [36m(setup pid=6894, ip=172.31.41.253)[0m  + msgspec==0.20.0
2026-03-26 13:24:54,726 - INFO - [36m(setup pid=6894, ip=172.31.41.253)[0m  + networkx==3.6.1
2026-03-26 13:24:54,726 - INFO - [36m(setup pid=6894, ip=172.31.41.253)[0m  + ninja==1.13.0
2026-03-26 13:24:54,726 - INFO - [36m(setup pid=6894, ip=172.31.41.253)[0m  + numba==0.61.2
2026-03-26 13:24:54,726 - INFO - [36m(setup pid=6894, ip=172.31.41.253)[0m  - numpy==2.4.3
2026-03-26 13:24:54,726 - INFO - [36m(setup pid=6894, ip=172.31.41.253)[0m  + numpy==2.2.6
2026-03-26 13:24:54,726 - INFO - [36m(setup pid=6894, ip=172.31.41.253)[0m  + nvidia-cublas-cu12==12.6.4.1
2026-03-26 13:24:54,726 - INFO - [36m(setup pid=6894, ip=172.31.41.253)[0m  + nvidia-cuda-cupti-cu12==12.6.80
2026-03-26 13:24:54,726 - INFO - [36m(setup pid=6894, ip=172.31.41.253)[0m  + nvidia-cuda-nvrtc-cu12==12.6.77
2026-03-26 13:24:54,726 - INFO - [36m(setup pid=6894, ip=172.31.41.253)[0m  + nvidia-cuda-runtime-cu12==12.6.77
2026-03-26 13:24:54,726 - INFO - [36m(setup pid=6894, ip=172.31.41.253)[0m  + nvidia-cudnn-cu12==9.5.1.17
2026-03-26 13:24:54,726 - INFO - [36m(setup pid=6894, ip=172.31.41.253)[0m  + nvidia-cufft-cu12==11.3.0.4
2026-03-26 13:24:54,726 - INFO - [36m(setup pid=6894, ip=172.31.41.253)[0m  + nvidia-cufile-cu12==1.11.1.6
2026-03-26 13:24:54,726 - INFO - [36m(setup pid=6894, ip=172.31.41.253)[0m  + nvidia-curand-cu12==10.3.7.77
2026-03-26 13:24:54,726 - INFO - [36m(setup pid=6894, ip=172.31.41.253)[0m  + nvidia-cusolver-cu12==11.7.1.2
2026-03-26 13:24:54,726 - INFO - [36m(setup pid=6894, ip=172.31.41.253)[0m  + nvidia-cusparse-cu12==12.5.4.2
2026-03-26 13:24:54,726 - INFO - [36m(setup pid=6894, ip=172.31.41.253)[0m  + nvidia-cusparselt-cu12==0.6.3
2026-03-26 13:24:54,726 - INFO - [36m(setup pid=6894, ip=172.31.41.253)[0m  + nvidia-nccl-cu12==2.26.2
2026-03-26 13:24:54,726 - INFO - [36m(setup pid=6894, ip=172.31.41.253)[0m  + nvidia-nvjitlink-cu12==12.6.85
2026-03-26 13:24:54,726 - INFO - [36m(setup pid=6894, ip=172.31.41.253)[0m  + nvidia-nvtx-cu12==12.6.77
2026-03-26 13:24:54,727 - INFO - [36m(setup pid=6894, ip=172.31.41.253)[0m  + openai==1.90.0
2026-03-26 13:24:54,727 - INFO - [36m(setup pid=6894, ip=172.31.41.253)[0m  + opencv-python-headless==4.13.0.92
2026-03-26 13:24:54,727 - INFO - [36m(setup pid=6894, ip=172.31.41.253)[0m  + outlines-core==0.2.10
2026-03-26 13:24:54,727 - INFO - [36m(setup pid=6894, ip=172.31.41.253)[0m  + partial-json-parser==0.2.1.1.post7
2026-03-26 13:24:54,727 - INFO - [36m(setup pid=6894, ip=172.31.41.253)[0m  + pillow==12.1.1
2026-03-26 13:24:54,727 - INFO - [36m(setup pid=6894, ip=172.31.41.253)[0m  + prometheus-client==0.24.1
2026-03-26 13:24:54,727 - INFO - [36m(setup pid=6894, ip=172.31.41.253)[0m  + prometheus-fastapi-instrumentator==7.1.0
2026-03-26 13:24:54,727 - INFO - [36m(setup pid=6894, ip=172.31.41.253)[0m  + protobuf==7.34.1
2026-03-26 13:24:54,727 - INFO - [36m(setup pid=6894, ip=172.31.41.253)[0m  + psutil==7.2.2
2026-03-26 13:24:54,727 - INFO - [36m(setup pid=6894, ip=172.31.41.253)[0m  + py-cpuinfo==9.0.0
2026-03-26 13:24:54,727 - INFO - [36m(setup pid=6894, ip=172.31.41.253)[0m  + pybase64==1.4.3
2026-03-26 13:24:54,727 - INFO - [36m(setup pid=6894, ip=172.31.41.253)[0m  + pycountry==26.2.16
2026-03-26 13:24:54,727 - INFO - [36m(setup pid=6894, ip=172.31.41.253)[0m  + pycparser==3.0
2026-03-26 13:24:54,727 - INFO - [36m(setup pid=6894, ip=172.31.41.253)[0m  + pydantic==2.12.5
2026-03-26 13:24:54,727 - INFO - [36m(setup pid=6894, ip=172.31.41.253)[0m  + pydantic-core==2.41.5
2026-03-26 13:24:54,727 - INFO - [36m(setup pid=6894, ip=172.31.41.253)[0m  + pydantic-extra-types==2.11.1
2026-03-26 13:24:54,727 - INFO - [36m(setup pid=6894, ip=172.31.41.253)[0m  + pydantic-settings==2.13.1
2026-03-26 13:24:54,727 - INFO - [36m(setup pid=6894, ip=172.31.41.253)[0m  + python-dotenv==1.2.2
2026-03-26 13:24:54,727 - INFO - [36m(setup pid=6894, ip=172.31.41.253)[0m  + python-json-logger==4.0.0
2026-03-26 13:24:54,727 - INFO - [36m(setup pid=6894, ip=172.31.41.253)[0m  + python-multipart==0.0.22
2026-03-26 13:24:54,727 - INFO - [36m(setup pid=6894, ip=172.31.41.253)[0m  + pyzmq==27.1.0
2026-03-26 13:24:54,727 - INFO - [36m(setup pid=6894, ip=172.31.41.253)[0m  + ray==2.54.1
2026-03-26 13:24:54,727 - INFO - [36m(setup pid=6894, ip=172.31.41.253)[0m  + referencing==0.37.0
2026-03-26 13:24:54,727 - INFO - [36m(setup pid=6894, ip=172.31.41.253)[0m  + regex==2026.2.28
2026-03-26 13:24:54,727 - INFO - [36m(setup pid=6894, ip=172.31.41.253)[0m  + rich-toolkit==0.19.7
2026-03-26 13:24:54,727 - INFO - [36m(setup pid=6894, ip=172.31.41.253)[0m  + rignore==0.7.6
2026-03-26 13:24:54,727 - INFO - [36m(setup pid=6894, ip=172.31.41.253)[0m  + rpds-py==0.30.0
2026-03-26 13:24:54,727 - INFO - [36m(setup pid=6894, ip=172.31.41.253)[0m  + safetensors==0.7.0
2026-03-26 13:24:54,727 - INFO - [36m(setup pid=6894, ip=172.31.41.253)[0m  + scipy==1.17.1
2026-03-26 13:24:54,727 - INFO - [36m(setup pid=6894, ip=172.31.41.253)[0m  + sentencepiece==0.2.1
2026-03-26 13:24:54,727 - INFO - [36m(setup pid=6894, ip=172.31.41.253)[0m  + sentry-sdk==2.56.0
2026-03-26 13:24:54,727 - INFO - [36m(setup pid=6894, ip=172.31.41.253)[0m  + setuptools==79.0.1
2026-03-26 13:24:54,727 - INFO - [36m(setup pid=6894, ip=172.31.41.253)[0m  + sniffio==1.3.1
2026-03-26 13:24:54,727 - INFO - [36m(setup pid=6894, ip=172.31.41.253)[0m  + soundfile==0.13.1
2026-03-26 13:24:54,727 - INFO - [36m(setup pid=6894, ip=172.31.41.253)[0m  + soxr==1.0.0
2026-03-26 13:24:54,727 - INFO - [36m(setup pid=6894, ip=172.31.41.253)[0m  + starlette==0.52.1
2026-03-26 13:24:54,727 - INFO - [36m(setup pid=6894, ip=172.31.41.253)[0m  + sympy==1.14.0
2026-03-26 13:24:54,727 - INFO - [36m(setup pid=6894, ip=172.31.41.253)[0m  + tiktoken==0.12.0
2026-03-26 13:24:54,727 - INFO - [36m(setup pid=6894, ip=172.31.41.253)[0m  + tokenizers==0.22.2
2026-03-26 13:24:54,727 - INFO - [36m(setup pid=6894, ip=172.31.41.253)[0m  + torch==2.7.1
2026-03-26 13:24:54,727 - INFO - [36m(setup pid=6894, ip=172.31.41.253)[0m  + torchaudio==2.7.1
2026-03-26 13:24:54,727 - INFO - [36m(setup pid=6894, ip=172.31.41.253)[0m  + torchvision==0.22.1
2026-03-26 13:24:54,727 - INFO - [36m(setup pid=6894, ip=172.31.41.253)[0m  + transformers==5.3.0
2026-03-26 13:24:54,727 - INFO - [36m(setup pid=6894, ip=172.31.41.253)[0m  + triton==3.3.1
2026-03-26 13:24:54,727 - INFO - [36m(setup pid=6894, ip=172.31.41.253)[0m  + typing-inspection==0.4.2
2026-03-26 13:24:54,727 - INFO - [36m(setup pid=6894, ip=172.31.41.253)[0m  + uvicorn==0.42.0
2026-03-26 13:24:54,727 - INFO - [36m(setup pid=6894, ip=172.31.41.253)[0m  + uvloop==0.22.1
2026-03-26 13:24:54,727 - INFO - [36m(setup pid=6894, ip=172.31.41.253)[0m  + vllm==0.10.0
2026-03-26 13:24:54,727 - INFO - [36m(setup pid=6894, ip=172.31.41.253)[0m  + watchfiles==1.1.1
2026-03-26 13:24:54,727 - INFO - [36m(setup pid=6894, ip=172.31.41.253)[0m  + websockets==16.0
2026-03-26 13:24:54,727 - INFO - [36m(setup pid=6894, ip=172.31.41.253)[0m  + xformers==0.0.31
2026-03-26 13:24:54,727 - INFO - [36m(setup pid=6894, ip=172.31.41.253)[0m  + xgrammar==0.1.21
2026-03-26 13:24:54,727 - INFO - [36m(setup pid=6894, ip=172.31.41.253)[0m + echo '=== Pinning transformers==4.57.3 (avoid 5.x breaking changes) ==='
2026-03-26 13:24:54,727 - INFO - [36m(setup pid=6894, ip=172.31.41.253)[0m === Pinning transformers==4.57.3 (avoid 5.x breaking changes) ===
2026-03-26 13:24:54,727 - INFO - [36m(setup pid=6894, ip=172.31.41.253)[0m + uv pip install transformers==4.57.3
2026-03-26 13:24:54,727 - INFO - [36m(setup pid=6894, ip=172.31.41.253)[0m Resolved 18 packages in 61ms
2026-03-26 13:24:54,727 - INFO - [36m(setup pid=6894, ip=172.31.41.253)[0m Downloading transformers (11.4MiB)
2026-03-26 13:24:54,727 - INFO - [36m(setup pid=6894, ip=172.31.41.253)[0m  Downloaded transformers
2026-03-26 13:24:55,332 - INFO - [36m(setup pid=6894, ip=172.31.41.253)[0m Prepared 2 packages in 300ms
2026-03-26 13:24:55,332 - INFO - [36m(setup pid=6894, ip=172.31.41.253)[0m Uninstalled 2 packages in 77ms
2026-03-26 13:24:55,332 - INFO - [36m(setup pid=6894, ip=172.31.41.253)[0m Installed 2 packages in 44ms
2026-03-26 13:24:55,332 - INFO - [36m(setup pid=6894, ip=172.31.41.253)[0m  - huggingface-hub==1.8.0
2026-03-26 13:24:55,332 - INFO - [36m(setup pid=6894, ip=172.31.41.253)[0m  + huggingface-hub==0.36.2
2026-03-26 13:24:55,332 - INFO - [36m(setup pid=6894, ip=172.31.41.253)[0m  - transformers==5.3.0
2026-03-26 13:24:55,332 - INFO - [36m(setup pid=6894, ip=172.31.41.253)[0m  + transformers==4.57.3
2026-03-26 13:24:55,332 - INFO - [36m(setup pid=6894, ip=172.31.41.253)[0m + echo '=== PyTorch CUDA Check ==='
2026-03-26 13:24:55,332 - INFO - [36m(setup pid=6894, ip=172.31.41.253)[0m === PyTorch CUDA Check ===
2026-03-26 13:24:55,332 - INFO - [36m(setup pid=6894, ip=172.31.41.253)[0m + python3 -c 'import torch; print('\''torch.cuda.is_available():'\'', torch.cuda.is_available()); print('\''torch.version.cuda:'\'', torch.version.cuda); print('\''torch.__version__:'\'', torch.__version__); print('\''torch.cuda.device_count():'\'', torch.cuda.device_count() if torch.cuda.is_available() else '\''N/A'\'')'
2026-03-26 13:24:55,332 - INFO - [36m(setup pid=7461)[0m  Downloaded torch
2026-03-26 13:24:55,332 - INFO - [36m(setup pid=7461)[0m Prepared 92 packages in 28.36s
2026-03-26 13:24:55,332 - INFO - [36m(setup pid=7461)[0m Uninstalled 1 package in 10ms
2026-03-26 13:24:55,332 - INFO - [36m(setup pid=7461)[0m Installed 106 packages in 281ms
2026-03-26 13:24:56,037 - INFO - [36m(setup pid=7461)[0m  + annotated-types==0.7.0
2026-03-26 13:24:56,037 - INFO - [36m(setup pid=7461)[0m  + astor==0.8.1
2026-03-26 13:24:56,037 - INFO - [36m(setup pid=7461)[0m  + blake3==1.0.8
2026-03-26 13:24:56,037 - INFO - [36m(setup pid=7461)[0m  + cachetools==7.0.5
2026-03-26 13:24:56,037 - INFO - [36m(setup pid=7461)[0m  + cbor2==5.9.0
2026-03-26 13:24:56,037 - INFO - [36m(setup pid=7461)[0m  + cffi==2.0.0
2026-03-26 13:24:56,037 - INFO - [36m(setup pid=7461)[0m  + cloudpickle==3.1.2
2026-03-26 13:24:56,037 - INFO - [36m(setup pid=7461)[0m  + compressed-tensors==0.10.2
2026-03-26 13:24:56,037 - INFO - [36m(setup pid=7461)[0m  + cuda-pathfinder==1.5.0
2026-03-26 13:24:56,037 - INFO - [36m(setup pid=7461)[0m  + cupy-cuda12x==14.0.1
2026-03-26 13:24:56,037 - INFO - [36m(setup pid=7461)[0m  + depyf==0.19.0
2026-03-26 13:24:56,037 - INFO - [36m(setup pid=7461)[0m  + diskcache==5.6.3
2026-03-26 13:24:56,037 - INFO - [36m(setup pid=7461)[0m  + distro==1.9.0
2026-03-26 13:24:56,037 - INFO - [36m(setup pid=7461)[0m  + dnspython==2.8.0
2026-03-26 13:24:56,037 - INFO - [36m(setup pid=7461)[0m  + einops==0.8.2
2026-03-26 13:24:56,037 - INFO - [36m(setup pid=7461)[0m  + email-validator==2.3.0
2026-03-26 13:24:56,037 - INFO - [36m(setup pid=7461)[0m  + fastapi==0.135.2
2026-03-26 13:24:56,037 - INFO - [36m(setup pid=7461)[0m  + fastapi-cli==0.0.24
2026-03-26 13:24:56,037 - INFO - [36m(setup pid=7461)[0m  + fastapi-cloud-cli==0.15.0
2026-03-26 13:24:56,037 - INFO - [36m(setup pid=7461)[0m  + fastar==0.9.0
2026-03-26 13:24:56,037 - INFO - [36m(setup pid=7461)[0m  + gguf==0.18.0
2026-03-26 13:24:56,037 - INFO - [36m(setup pid=7461)[0m  + httptools==0.7.1
2026-03-26 13:24:56,037 - INFO - [36m(setup pid=7461)[0m  + interegular==0.3.3
2026-03-26 13:24:56,037 - INFO - [36m(setup pid=7461)[0m  + jinja2==3.1.6
2026-03-26 13:24:56,037 - INFO - [36m(setup pid=7461)[0m  + jiter==0.13.0
2026-03-26 13:24:56,037 - INFO - [36m(setup pid=7461)[0m  + jsonschema==4.26.0
2026-03-26 13:24:56,037 - INFO - [36m(setup pid=7461)[0m  + jsonschema-specifications==2025.9.1
2026-03-26 13:24:56,037 - INFO - [36m(setup pid=7461)[0m  + lark==1.2.2
2026-03-26 13:24:56,037 - INFO - [36m(setup pid=7461)[0m  + llguidance==0.7.30
2026-03-26 13:24:56,037 - INFO - [36m(setup pid=7461)[0m  + llvmlite==0.44.0
2026-03-26 13:24:56,037 - INFO - [36m(setup pid=7461)[0m  + lm-format-enforcer==0.10.12
2026-03-26 13:24:56,037 - INFO - [36m(setup pid=7461)[0m  + markupsafe==3.0.3
2026-03-26 13:24:56,037 - INFO - [36m(setup pid=7461)[0m  + mistral-common==1.10.0
2026-03-26 13:24:56,037 - INFO - [36m(setup pid=7461)[0m  + mpmath==1.3.0
2026-03-26 13:24:56,037 - INFO - [36m(setup pid=7461)[0m  + msgpack==1.1.2
2026-03-26 13:24:56,037 - INFO - [36m(setup pid=7461)[0m  + msgspec==0.20.0
2026-03-26 13:24:56,037 - INFO - [36m(setup pid=7461)[0m  + networkx==3.6.1
2026-03-26 13:24:56,037 - INFO - [36m(setup pid=7461)[0m  + ninja==1.13.0
2026-03-26 13:24:56,038 - INFO - [36m(setup pid=7461)[0m  + numba==0.61.2
2026-03-26 13:24:56,038 - INFO - [36m(setup pid=7461)[0m  - numpy==2.4.3
2026-03-26 13:24:56,038 - INFO - [36m(setup pid=7461)[0m  + numpy==2.2.6
2026-03-26 13:24:56,038 - INFO - [36m(setup pid=7461)[0m  + nvidia-cublas-cu12==12.6.4.1
2026-03-26 13:24:56,038 - INFO - [36m(setup pid=7461)[0m  + nvidia-cuda-cupti-cu12==12.6.80
2026-03-26 13:24:56,038 - INFO - [36m(setup pid=7461)[0m  + nvidia-cuda-nvrtc-cu12==12.6.77
2026-03-26 13:24:56,038 - INFO - [36m(setup pid=7461)[0m  + nvidia-cuda-runtime-cu12==12.6.77
2026-03-26 13:24:56,038 - INFO - [36m(setup pid=7461)[0m  + nvidia-cudnn-cu12==9.5.1.17
2026-03-26 13:24:56,038 - INFO - [36m(setup pid=7461)[0m  + nvidia-cufft-cu12==11.3.0.4
2026-03-26 13:24:56,038 - INFO - [36m(setup pid=7461)[0m  + nvidia-cufile-cu12==1.11.1.6
2026-03-26 13:24:56,038 - INFO - [36m(setup pid=7461)[0m  + nvidia-curand-cu12==10.3.7.77
2026-03-26 13:24:56,038 - INFO - [36m(setup pid=7461)[0m  + nvidia-cusolver-cu12==11.7.1.2
2026-03-26 13:24:56,038 - INFO - [36m(setup pid=7461)[0m  + nvidia-cusparse-cu12==12.5.4.2
2026-03-26 13:24:56,038 - INFO - [36m(setup pid=7461)[0m  + nvidia-cusparselt-cu12==0.6.3
2026-03-26 13:24:56,038 - INFO - [36m(setup pid=7461)[0m  + nvidia-nccl-cu12==2.26.2
2026-03-26 13:24:56,038 - INFO - [36m(setup pid=7461)[0m  + nvidia-nvjitlink-cu12==12.6.85
2026-03-26 13:24:56,038 - INFO - [36m(setup pid=7461)[0m  + nvidia-nvtx-cu12==12.6.77
2026-03-26 13:24:56,038 - INFO - [36m(setup pid=7461)[0m  + openai==1.90.0
2026-03-26 13:24:56,038 - INFO - [36m(setup pid=7461)[0m  + opencv-python-headless==4.13.0.92
2026-03-26 13:24:56,038 - INFO - [36m(setup pid=7461)[0m  + outlines-core==0.2.10
2026-03-26 13:24:56,038 - INFO - [36m(setup pid=7461)[0m  + partial-json-parser==0.2.1.1.post7
2026-03-26 13:24:56,038 - INFO - [36m(setup pid=7461)[0m  + pillow==12.1.1
2026-03-26 13:24:56,038 - INFO - [36m(setup pid=7461)[0m  + prometheus-client==0.24.1
2026-03-26 13:24:56,038 - INFO - [36m(setup pid=7461)[0m  + prometheus-fastapi-instrumentator==7.1.0
2026-03-26 13:24:56,038 - INFO - [36m(setup pid=7461)[0m  + protobuf==7.34.1
2026-03-26 13:24:56,038 - INFO - [36m(setup pid=7461)[0m  + psutil==7.2.2
2026-03-26 13:24:56,038 - INFO - [36m(setup pid=7461)[0m  + py-cpuinfo==9.0.0
2026-03-26 13:24:56,038 - INFO - [36m(setup pid=7461)[0m  + pybase64==1.4.3
2026-03-26 13:24:56,038 - INFO - [36m(setup pid=7461)[0m  + pycountry==26.2.16
2026-03-26 13:24:56,038 - INFO - [36m(setup pid=7461)[0m  + pycparser==3.0
2026-03-26 13:24:56,038 - INFO - [36m(setup pid=7461)[0m  + pydantic==2.12.5
2026-03-26 13:24:56,038 - INFO - [36m(setup pid=7461)[0m  + pydantic-core==2.41.5
2026-03-26 13:24:56,038 - INFO - [36m(setup pid=7461)[0m  + pydantic-extra-types==2.11.1
2026-03-26 13:24:56,038 - INFO - [36m(setup pid=7461)[0m  + pydantic-settings==2.13.1
2026-03-26 13:24:56,038 - INFO - [36m(setup pid=7461)[0m  + python-dotenv==1.2.2
2026-03-26 13:24:56,038 - INFO - [36m(setup pid=7461)[0m  + python-json-logger==4.0.0
2026-03-26 13:24:56,038 - INFO - [36m(setup pid=7461)[0m  + python-multipart==0.0.22
2026-03-26 13:24:56,038 - INFO - [36m(setup pid=7461)[0m  + pyzmq==27.1.0
2026-03-26 13:24:56,038 - INFO - [36m(setup pid=7461)[0m  + ray==2.54.1
2026-03-26 13:24:56,038 - INFO - [36m(setup pid=7461)[0m  + referencing==0.37.0
2026-03-26 13:24:56,038 - INFO - [36m(setup pid=7461)[0m  + regex==2026.2.28
2026-03-26 13:24:56,038 - INFO - [36m(setup pid=7461)[0m  + rich-toolkit==0.19.7
2026-03-26 13:24:56,038 - INFO - [36m(setup pid=7461)[0m  + rignore==0.7.6
2026-03-26 13:24:56,038 - INFO - [36m(setup pid=7461)[0m  + rpds-py==0.30.0
2026-03-26 13:24:56,038 - INFO - [36m(setup pid=7461)[0m  + safetensors==0.7.0
2026-03-26 13:24:56,038 - INFO - [36m(setup pid=7461)[0m  + scipy==1.17.1
2026-03-26 13:24:56,038 - INFO - [36m(setup pid=7461)[0m  + sentencepiece==0.2.1
2026-03-26 13:24:56,038 - INFO - [36m(setup pid=7461)[0m  + sentry-sdk==2.56.0
2026-03-26 13:24:56,038 - INFO - [36m(setup pid=7461)[0m  + setuptools==79.0.1
2026-03-26 13:24:56,038 - INFO - [36m(setup pid=7461)[0m  + sniffio==1.3.1
2026-03-26 13:24:56,038 - INFO - [36m(setup pid=7461)[0m  + soundfile==0.13.1
2026-03-26 13:24:56,038 - INFO - [36m(setup pid=7461)[0m  + soxr==1.0.0
2026-03-26 13:24:56,038 - INFO - [36m(setup pid=7461)[0m  + starlette==0.52.1
2026-03-26 13:24:56,038 - INFO - [36m(setup pid=7461)[0m  + sympy==1.14.0
2026-03-26 13:24:56,038 - INFO - [36m(setup pid=7461)[0m  + tiktoken==0.12.0
2026-03-26 13:24:56,038 - INFO - [36m(setup pid=7461)[0m  + tokenizers==0.22.2
2026-03-26 13:24:56,038 - INFO - [36m(setup pid=7461)[0m  + torch==2.7.1
2026-03-26 13:24:56,038 - INFO - [36m(setup pid=7461)[0m  + torchaudio==2.7.1
2026-03-26 13:24:56,038 - INFO - [36m(setup pid=7461)[0m  + torchvision==0.22.1
2026-03-26 13:24:56,038 - INFO - [36m(setup pid=7461)[0m  + transformers==5.3.0
2026-03-26 13:24:56,038 - INFO - [36m(setup pid=7461)[0m  + triton==3.3.1
2026-03-26 13:24:56,038 - INFO - [36m(setup pid=7461)[0m  + typing-inspection==0.4.2
2026-03-26 13:24:56,038 - INFO - [36m(setup pid=7461)[0m  + uvicorn==0.42.0
2026-03-26 13:24:56,038 - INFO - [36m(setup pid=7461)[0m  + uvloop==0.22.1
2026-03-26 13:24:56,038 - INFO - [36m(setup pid=7461)[0m  + vllm==0.10.0
2026-03-26 13:24:56,038 - INFO - [36m(setup pid=7461)[0m  + watchfiles==1.1.1
2026-03-26 13:24:56,038 - INFO - [36m(setup pid=7461)[0m  + websockets==16.0
2026-03-26 13:24:56,038 - INFO - [36m(setup pid=7461)[0m  + xformers==0.0.31
2026-03-26 13:24:56,038 - INFO - [36m(setup pid=7461)[0m  + xgrammar==0.1.21
2026-03-26 13:24:56,038 - INFO - [36m(setup pid=7461)[0m + echo '=== Pinning transformers==4.57.3 (avoid 5.x breaking changes) ==='
2026-03-26 13:24:56,038 - INFO - [36m(setup pid=7461)[0m === Pinning transformers==4.57.3 (avoid 5.x breaking changes) ===
2026-03-26 13:24:56,038 - INFO - [36m(setup pid=7461)[0m + uv pip install transformers==4.57.3
2026-03-26 13:24:56,038 - INFO - [36m(setup pid=7461)[0m Resolved 18 packages in 60ms
2026-03-26 13:24:56,038 - INFO - [36m(setup pid=7461)[0m Downloading transformers (11.4MiB)
2026-03-26 13:24:56,038 - INFO - [36m(setup pid=7461)[0m  Downloaded transformers
2026-03-26 13:24:56,038 - INFO - [36m(setup pid=7461)[0m Prepared 2 packages in 305ms
2026-03-26 13:24:56,038 - INFO - [36m(setup pid=7461)[0m Uninstalled 2 packages in 54ms
2026-03-26 13:24:56,038 - INFO - [36m(setup pid=7461)[0m Installed 2 packages in 68ms
2026-03-26 13:25:03,598 - INFO - [36m(setup pid=7461)[0m  - huggingface-hub==1.8.0
2026-03-26 13:25:03,598 - INFO - [36m(setup pid=7461)[0m  + huggingface-hub==0.36.2
2026-03-26 13:25:03,598 - INFO - [36m(setup pid=7461)[0m  - transformers==5.3.0
2026-03-26 13:25:03,598 - INFO - [36m(setup pid=7461)[0m  + transformers==4.57.3
2026-03-26 13:25:03,598 - INFO - [36m(setup pid=7461)[0m + echo '=== PyTorch CUDA Check ==='
2026-03-26 13:25:03,598 - INFO - [36m(setup pid=7461)[0m === PyTorch CUDA Check ===
2026-03-26 13:25:03,598 - INFO - [36m(setup pid=7461)[0m + python3 -c 'import torch; print('\''torch.cuda.is_available():'\'', torch.cuda.is_available()); print('\''torch.version.cuda:'\'', torch.version.cuda); print('\''torch.__version__:'\'', torch.__version__); print('\''torch.cuda.device_count():'\'', torch.cuda.device_count() if torch.cuda.is_available() else '\''N/A'\'')'
2026-03-26 13:25:03,598 - INFO - [36m(setup pid=6894, ip=172.31.41.253)[0m torch.cuda.is_available(): True
2026-03-26 13:25:04,804 - INFO - [36m(setup pid=6894, ip=172.31.41.253)[0m torch.version.cuda: 12.6
2026-03-26 13:25:04,804 - INFO - [36m(setup pid=6894, ip=172.31.41.253)[0m torch.__version__: 2.7.1+cu126
2026-03-26 13:25:04,804 - INFO - [36m(setup pid=6894, ip=172.31.41.253)[0m torch.cuda.device_count(): 8
2026-03-26 13:25:04,804 - INFO - [36m(setup pid=7461)[0m torch.cuda.is_available(): True
2026-03-26 13:25:05,613 - INFO - [36m(setup pid=7461)[0m torch.version.cuda: 12.6
2026-03-26 13:25:05,613 - INFO - [36m(setup pid=7461)[0m torch.__version__: 2.7.1+cu126
2026-03-26 13:25:05,613 - INFO - [36m(setup pid=7461)[0m torch.cuda.device_count(): 8
2026-03-26 13:25:05,613 - INFO - [36m(setup pid=6894, ip=172.31.41.253)[0m + echo ===========================
2026-03-26 13:25:06,320 - INFO - [36m(setup pid=6894, ip=172.31.41.253)[0m ===========================
2026-03-26 13:25:06,320 - INFO - [36m(setup pid=6894, ip=172.31.41.253)[0m + echo '=== Setup complete ==='
2026-03-26 13:25:06,320 - INFO - [36m(setup pid=6894, ip=172.31.41.253)[0m === Setup complete ===
2026-03-26 13:25:06,320 - INFO - [36m(setup pid=7461)[0m + echo ===========================
2026-03-26 13:25:06,920 - INFO - [36m(setup pid=7461)[0m ===========================
2026-03-26 13:25:06,921 - INFO - [36m(setup pid=7461)[0m + echo '=== Setup complete ==='
2026-03-26 13:25:06,921 - INFO - [36m(setup pid=7461)[0m === Setup complete ===
2026-03-26 13:25:06,921 - INFO - [36m(head, rank=0, pid=7461)[0m + export LD_LIBRARY_PATH=/usr/local/cuda/lib64:/usr/local/cuda/targets/x86_64-linux/lib:/usr/local/cuda-12.8/lib:/usr/local/cuda-12.8/lib64:/usr/local/cuda-12.8:/usr/local/cuda-12.8/targets/x86_64-linux/lib/:/usr/local/cuda-12.8/extras/CUPTI/lib64:/opt/amazon/efa/lib:/opt/amazon/openmpi/lib:/opt/amazon/ofi-nccl/lib/x86_64-linux-gnu:/usr/local/lib:/usr/lib:/usr/local/cuda-12.8/lib:/usr/local/cuda-12.8/lib64:/usr/local/cuda-12.8:/usr/local/cuda-12.8/targets/x86_64-linux/lib/:/usr/local/cuda-12.8/extras/CUPTI/lib64:/opt/amazon/efa/lib:/opt/amazon/openmpi/lib:/opt/amazon/ofi-nccl/lib/x86_64-linux-gnu:/usr/local/lib:/usr/lib
2026-03-26 13:25:07,220 - INFO - [36m(head, rank=0, pid=7461)[0m + LD_LIBRARY_PATH=/usr/local/cuda/lib64:/usr/local/cuda/targets/x86_64-linux/lib:/usr/local/cuda-12.8/lib:/usr/local/cuda-12.8/lib64:/usr/local/cuda-12.8:/usr/local/cuda-12.8/targets/x86_64-linux/lib/:/usr/local/cuda-12.8/extras/CUPTI/lib64:/opt/amazon/efa/lib:/opt/amazon/openmpi/lib:/opt/amazon/ofi-nccl/lib/x86_64-linux-gnu:/usr/local/lib:/usr/lib:/usr/local/cuda-12.8/lib:/usr/local/cuda-12.8/lib64:/usr/local/cuda-12.8:/usr/local/cuda-12.8/targets/x86_64-linux/lib/:/usr/local/cuda-12.8/extras/CUPTI/lib64:/opt/amazon/efa/lib:/opt/amazon/openmpi/lib:/opt/amazon/ofi-nccl/lib/x86_64-linux-gnu:/usr/local/lib:/usr/lib
2026-03-26 13:25:07,220 - INFO - [36m(head, rank=0, pid=7461)[0m + export CUDA_HOME=/usr/local/cuda
2026-03-26 13:25:07,220 - INFO - [36m(head, rank=0, pid=7461)[0m + CUDA_HOME=/usr/local/cuda
2026-03-26 13:25:07,220 - INFO - [36m(head, rank=0, pid=7461)[0m + echo '=== Pre-run Diagnostics ==='
2026-03-26 13:25:07,220 - INFO - [36m(head, rank=0, pid=7461)[0m === Pre-run Diagnostics ===
2026-03-26 13:25:07,220 - INFO - [36m(head, rank=0, pid=7461)[0m + nvidia-smi
2026-03-26 13:25:07,220 - INFO - [36m(worker1, rank=1, pid=6894, ip=172.31.41.253)[0m + export LD_LIBRARY_PATH=/usr/local/cuda/lib64:/usr/local/cuda/targets/x86_64-linux/lib:/usr/local/cuda-12.8/lib:/usr/local/cuda-12.8/lib64:/usr/local/cuda-12.8:/usr/local/cuda-12.8/targets/x86_64-linux/lib/:/usr/local/cuda-12.8/extras/CUPTI/lib64:/opt/amazon/efa/lib:/opt/amazon/openmpi/lib:/opt/amazon/ofi-nccl/lib/x86_64-linux-gnu:/usr/local/lib:/usr/lib:/usr/local/cuda-12.8/lib:/usr/local/cuda-12.8/lib64:/usr/local/cuda-12.8:/usr/local/cuda-12.8/targets/x86_64-linux/lib/:/usr/local/cuda-12.8/extras/CUPTI/lib64:/opt/amazon/efa/lib:/opt/amazon/openmpi/lib:/opt/amazon/ofi-nccl/lib/x86_64-linux-gnu:/usr/local/lib:/usr/lib
2026-03-26 13:25:07,924 - INFO - [36m(worker1, rank=1, pid=6894, ip=172.31.41.253)[0m + LD_LIBRARY_PATH=/usr/local/cuda/lib64:/usr/local/cuda/targets/x86_64-linux/lib:/usr/local/cuda-12.8/lib:/usr/local/cuda-12.8/lib64:/usr/local/cuda-12.8:/usr/local/cuda-12.8/targets/x86_64-linux/lib/:/usr/local/cuda-12.8/extras/CUPTI/lib64:/opt/amazon/efa/lib:/opt/amazon/openmpi/lib:/opt/amazon/ofi-nccl/lib/x86_64-linux-gnu:/usr/local/lib:/usr/lib:/usr/local/cuda-12.8/lib:/usr/local/cuda-12.8/lib64:/usr/local/cuda-12.8:/usr/local/cuda-12.8/targets/x86_64-linux/lib/:/usr/local/cuda-12.8/extras/CUPTI/lib64:/opt/amazon/efa/lib:/opt/amazon/openmpi/lib:/opt/amazon/ofi-nccl/lib/x86_64-linux-gnu:/usr/local/lib:/usr/lib
2026-03-26 13:25:07,924 - INFO - [36m(worker1, rank=1, pid=6894, ip=172.31.41.253)[0m + export CUDA_HOME=/usr/local/cuda
2026-03-26 13:25:07,924 - INFO - [36m(worker1, rank=1, pid=6894, ip=172.31.41.253)[0m + CUDA_HOME=/usr/local/cuda
2026-03-26 13:25:07,924 - INFO - [36m(worker1, rank=1, pid=6894, ip=172.31.41.253)[0m + echo '=== Pre-run Diagnostics ==='
2026-03-26 13:25:07,925 - INFO - [36m(worker1, rank=1, pid=6894, ip=172.31.41.253)[0m === Pre-run Diagnostics ===
2026-03-26 13:25:07,925 - INFO - [36m(worker1, rank=1, pid=6894, ip=172.31.41.253)[0m + nvidia-smi
2026-03-26 13:25:07,925 - INFO - [36m(head, rank=0, pid=7461)[0m Thu Mar 26 07:55:06 2026
2026-03-26 13:25:07,925 - INFO - [36m(head, rank=0, pid=7461)[0m +-----------------------------------------------------------------------------------------+
2026-03-26 13:25:07,925 - INFO - [36m(head, rank=0, pid=7461)[0m | NVIDIA-SMI 570.172.08             Driver Version: 570.172.08     CUDA Version: 12.8     |
2026-03-26 13:25:07,925 - INFO - [36m(head, rank=0, pid=7461)[0m |-----------------------------------------+------------------------+----------------------+
2026-03-26 13:25:07,925 - INFO - [36m(head, rank=0, pid=7461)[0m | GPU  Name                 Persistence-M | Bus-Id          Disp.A | Volatile Uncorr. ECC |
2026-03-26 13:25:07,925 - INFO - [36m(head, rank=0, pid=7461)[0m | Fan  Temp   Perf          Pwr:Usage/Cap |           Memory-Usage | GPU-Util  Compute M. |
2026-03-26 13:25:07,925 - INFO - [36m(head, rank=0, pid=7461)[0m |                                         |                        |               MIG M. |
2026-03-26 13:25:07,925 - INFO - [36m(head, rank=0, pid=7461)[0m |=========================================+========================+======================|
2026-03-26 13:25:07,925 - INFO - [36m(head, rank=0, pid=7461)[0m |   0  NVIDIA A100-SXM4-80GB          On  |   00000000:10:1C.0 Off |                    0 |
2026-03-26 13:25:07,925 - INFO - [36m(head, rank=0, pid=7461)[0m | N/A   26C    P0             65W /  400W |       0MiB /  81920MiB |      0%      Default |
2026-03-26 13:25:07,925 - INFO - [36m(head, rank=0, pid=7461)[0m |                                         |                        |             Disabled |
2026-03-26 13:25:07,925 - INFO - [36m(head, rank=0, pid=7461)[0m +-----------------------------------------+------------------------+----------------------+
2026-03-26 13:25:07,925 - INFO - [36m(head, rank=0, pid=7461)[0m |   1  NVIDIA A100-SXM4-80GB          On  |   00000000:10:1D.0 Off |                    0 |
2026-03-26 13:25:07,925 - INFO - [36m(head, rank=0, pid=7461)[0m | N/A   25C    P0             61W /  400W |       0MiB /  81920MiB |      0%      Default |
2026-03-26 13:25:07,925 - INFO - [36m(head, rank=0, pid=7461)[0m |                                         |                        |             Disabled |
2026-03-26 13:25:07,925 - INFO - [36m(head, rank=0, pid=7461)[0m +-----------------------------------------+------------------------+----------------------+
2026-03-26 13:25:07,925 - INFO - [36m(head, rank=0, pid=7461)[0m |   2  NVIDIA A100-SXM4-80GB          On  |   00000000:20:1C.0 Off |                    0 |
2026-03-26 13:25:07,925 - INFO - [36m(head, rank=0, pid=7461)[0m | N/A   27C    P0             63W /  400W |       0MiB /  81920MiB |      0%      Default |
2026-03-26 13:25:07,925 - INFO - [36m(head, rank=0, pid=7461)[0m |                                         |                        |             Disabled |
2026-03-26 13:25:07,925 - INFO - [36m(head, rank=0, pid=7461)[0m +-----------------------------------------+------------------------+----------------------+
2026-03-26 13:25:07,925 - INFO - [36m(worker1, rank=1, pid=6894, ip=172.31.41.253)[0m Thu Mar 26 07:55:06 2026
2026-03-26 13:25:07,925 - INFO - [36m(worker1, rank=1, pid=6894, ip=172.31.41.253)[0m +-----------------------------------------------------------------------------------------+
2026-03-26 13:25:07,925 - INFO - [36m(worker1, rank=1, pid=6894, ip=172.31.41.253)[0m | NVIDIA-SMI 570.172.08             Driver Version: 570.172.08     CUDA Version: 12.8     |
2026-03-26 13:25:07,925 - INFO - [36m(worker1, rank=1, pid=6894, ip=172.31.41.253)[0m |-----------------------------------------+------------------------+----------------------+
2026-03-26 13:25:07,925 - INFO - [36m(worker1, rank=1, pid=6894, ip=172.31.41.253)[0m | GPU  Name                 Persistence-M | Bus-Id          Disp.A | Volatile Uncorr. ECC |
2026-03-26 13:25:07,925 - INFO - [36m(worker1, rank=1, pid=6894, ip=172.31.41.253)[0m | Fan  Temp   Perf          Pwr:Usage/Cap |           Memory-Usage | GPU-Util  Compute M. |
2026-03-26 13:25:07,925 - INFO - [36m(worker1, rank=1, pid=6894, ip=172.31.41.253)[0m |                                         |                        |               MIG M. |
2026-03-26 13:25:07,925 - INFO - [36m(worker1, rank=1, pid=6894, ip=172.31.41.253)[0m |=========================================+========================+======================|
2026-03-26 13:25:07,925 - INFO - [36m(worker1, rank=1, pid=6894, ip=172.31.41.253)[0m |   0  NVIDIA A100-SXM4-80GB          On  |   00000000:10:1C.0 Off |                    0 |
2026-03-26 13:25:07,925 - INFO - [36m(worker1, rank=1, pid=6894, ip=172.31.41.253)[0m | N/A   25C    P0             54W /  400W |       0MiB /  81920MiB |      0%      Default |
2026-03-26 13:25:07,925 - INFO - [36m(worker1, rank=1, pid=6894, ip=172.31.41.253)[0m |                                         |                        |             Disabled |
2026-03-26 13:25:07,925 - INFO - [36m(worker1, rank=1, pid=6894, ip=172.31.41.253)[0m +-----------------------------------------+------------------------+----------------------+
2026-03-26 13:25:07,925 - INFO - [36m(worker1, rank=1, pid=6894, ip=172.31.41.253)[0m |   1  NVIDIA A100-SXM4-80GB          On  |   00000000:10:1D.0 Off |                    0 |
2026-03-26 13:25:07,925 - INFO - [36m(worker1, rank=1, pid=6894, ip=172.31.41.253)[0m | N/A   24C    P0             57W /  400W |       0MiB /  81920MiB |      0%      Default |
2026-03-26 13:25:07,925 - INFO - [36m(worker1, rank=1, pid=6894, ip=172.31.41.253)[0m |                                         |                        |             Disabled |
2026-03-26 13:25:07,925 - INFO - [36m(worker1, rank=1, pid=6894, ip=172.31.41.253)[0m +-----------------------------------------+------------------------+----------------------+
2026-03-26 13:25:07,925 - INFO - [36m(worker1, rank=1, pid=6894, ip=172.31.41.253)[0m |   2  NVIDIA A100-SXM4-80GB          On  |   00000000:20:1C.0 Off |                    0 |
2026-03-26 13:25:07,925 - INFO - [36m(worker1, rank=1, pid=6894, ip=172.31.41.253)[0m | N/A   24C    P0             56W /  400W |       0MiB /  81920MiB |      0%      Default |
2026-03-26 13:25:07,925 - INFO - [36m(worker1, rank=1, pid=6894, ip=172.31.41.253)[0m |                                         |                        |             Disabled |
2026-03-26 13:25:07,925 - INFO - [36m(worker1, rank=1, pid=6894, ip=172.31.41.253)[0m +-----------------------------------------+------------------------+----------------------+
2026-03-26 13:25:07,925 - INFO - [36m(worker1, rank=1, pid=6894, ip=172.31.41.253)[0m |   3  NVIDIA A100-SXM4-80GB          On  |   00000000:20:1D.0 Off |                    0 |
2026-03-26 13:25:07,925 - INFO - [36m(worker1, rank=1, pid=6894, ip=172.31.41.253)[0m | N/A   24C    P0             57W /  400W |       0MiB /  81920MiB |      0%      Default |
2026-03-26 13:25:07,925 - INFO - [36m(worker1, rank=1, pid=6894, ip=172.31.41.253)[0m |                                         |                        |             Disabled |
2026-03-26 13:25:10,343 - INFO - [36m(worker1, rank=1, pid=6894, ip=172.31.41.253)[0m +-----------------------------------------+------------------------+----------------------+
2026-03-26 13:25:10,343 - INFO - [36m(worker1, rank=1, pid=6894, ip=172.31.41.253)[0m |   4  NVIDIA A100-SXM4-80GB          On  |   00000000:90:1C.0 Off |                    0 |
2026-03-26 13:25:10,343 - INFO - [36m(worker1, rank=1, pid=6894, ip=172.31.41.253)[0m | N/A   24C    P0             55W /  400W |       0MiB /  81920MiB |      0%      Default |
2026-03-26 13:25:10,343 - INFO - [36m(worker1, rank=1, pid=6894, ip=172.31.41.253)[0m |                                         |                        |             Disabled |
2026-03-26 13:25:10,343 - INFO - [36m(worker1, rank=1, pid=6894, ip=172.31.41.253)[0m +-----------------------------------------+------------------------+----------------------+
2026-03-26 13:25:10,343 - INFO - [36m(head, rank=0, pid=7461)[0m |   3  NVIDIA A100-SXM4-80GB          On  |   00000000:20:1D.0 Off |                    0 |
2026-03-26 13:25:10,343 - INFO - [36m(head, rank=0, pid=7461)[0m | N/A   25C    P0             62W /  400W |       0MiB /  81920MiB |      0%      Default |
2026-03-26 13:25:10,343 - INFO - [36m(head, rank=0, pid=7461)[0m |                                         |                        |             Disabled |
2026-03-26 13:25:10,343 - INFO - [36m(head, rank=0, pid=7461)[0m +-----------------------------------------+------------------------+----------------------+
2026-03-26 13:25:10,343 - INFO - [36m(head, rank=0, pid=7461)[0m |   4  NVIDIA A100-SXM4-80GB          On  |   00000000:90:1C.0 Off |                    0 |
2026-03-26 13:25:10,343 - INFO - [36m(head, rank=0, pid=7461)[0m | N/A   25C    P0             58W /  400W |       0MiB /  81920MiB |      0%      Default |
2026-03-26 13:25:10,343 - INFO - [36m(head, rank=0, pid=7461)[0m |                                         |                        |             Disabled |
2026-03-26 13:25:10,343 - INFO - [36m(head, rank=0, pid=7461)[0m +-----------------------------------------+------------------------+----------------------+
2026-03-26 13:25:10,343 - INFO - [36m(head, rank=0, pid=7461)[0m |   5  NVIDIA A100-SXM4-80GB          On  |   00000000:90:1D.0 Off |                    0 |
2026-03-26 13:25:10,343 - INFO - [36m(head, rank=0, pid=7461)[0m | N/A   24C    P0             61W /  400W |       0MiB /  81920MiB |      0%      Default |
2026-03-26 13:25:10,343 - INFO - [36m(head, rank=0, pid=7461)[0m |                                         |                        |             Disabled |
2026-03-26 13:25:10,343 - INFO - [36m(head, rank=0, pid=7461)[0m +-----------------------------------------+------------------------+----------------------+
2026-03-26 13:25:10,343 - INFO - [36m(head, rank=0, pid=7461)[0m |   6  NVIDIA A100-SXM4-80GB          On  |   00000000:A0:1C.0 Off |                    0 |
2026-03-26 13:25:10,343 - INFO - [36m(head, rank=0, pid=7461)[0m | N/A   24C    P0             60W /  400W |       0MiB /  81920MiB |      0%      Default |
2026-03-26 13:25:10,343 - INFO - [36m(head, rank=0, pid=7461)[0m |                                         |                        |             Disabled |
2026-03-26 13:25:10,343 - INFO - [36m(head, rank=0, pid=7461)[0m +-----------------------------------------+------------------------+----------------------+
2026-03-26 13:25:10,343 - INFO - [36m(head, rank=0, pid=7461)[0m |   7  NVIDIA A100-SXM4-80GB          On  |   00000000:A0:1D.0 Off |                    0 |
2026-03-26 13:25:10,343 - INFO - [36m(head, rank=0, pid=7461)[0m | N/A   25C    P0             58W /  400W |       0MiB /  81920MiB |      0%      Default |
2026-03-26 13:25:10,343 - INFO - [36m(head, rank=0, pid=7461)[0m |                                         |                        |             Disabled |
2026-03-26 13:25:10,343 - INFO - [36m(head, rank=0, pid=7461)[0m +-----------------------------------------+------------------------+----------------------+
2026-03-26 13:25:10,343 - INFO - [36m(head, rank=0, pid=7461)[0m
2026-03-26 13:25:10,343 - INFO - [36m(head, rank=0, pid=7461)[0m +-----------------------------------------------------------------------------------------+
2026-03-26 13:25:10,343 - INFO - [36m(head, rank=0, pid=7461)[0m | Processes:                                                                              |
2026-03-26 13:25:10,343 - INFO - [36m(head, rank=0, pid=7461)[0m |  GPU   GI   CI              PID   Type   Process name                        GPU Memory |
2026-03-26 13:25:10,343 - INFO - [36m(head, rank=0, pid=7461)[0m |        ID   ID                                                               Usage      |
2026-03-26 13:25:10,343 - INFO - [36m(head, rank=0, pid=7461)[0m |=========================================================================================|
2026-03-26 13:25:10,343 - INFO - [36m(head, rank=0, pid=7461)[0m |  No running processes found                                                             |
2026-03-26 13:25:10,343 - INFO - [36m(head, rank=0, pid=7461)[0m +-----------------------------------------------------------------------------------------+
2026-03-26 13:25:10,343 - INFO - [36m(worker1, rank=1, pid=6894, ip=172.31.41.253)[0m |   5  NVIDIA A100-SXM4-80GB          On  |   00000000:90:1D.0 Off |                    0 |
2026-03-26 13:25:10,343 - INFO - [36m(worker1, rank=1, pid=6894, ip=172.31.41.253)[0m | N/A   23C    P0             55W /  400W |       0MiB /  81920MiB |      0%      Default |
2026-03-26 13:25:10,343 - INFO - [36m(worker1, rank=1, pid=6894, ip=172.31.41.253)[0m |                                         |                        |             Disabled |
2026-03-26 13:25:10,343 - INFO - [36m(worker1, rank=1, pid=6894, ip=172.31.41.253)[0m +-----------------------------------------+------------------------+----------------------+
2026-03-26 13:25:10,343 - INFO - [36m(worker1, rank=1, pid=6894, ip=172.31.41.253)[0m |   6  NVIDIA A100-SXM4-80GB          On  |   00000000:A0:1C.0 Off |                    0 |
2026-03-26 13:25:10,343 - INFO - [36m(worker1, rank=1, pid=6894, ip=172.31.41.253)[0m | N/A   25C    P0             59W /  400W |       0MiB /  81920MiB |      0%      Default |
2026-03-26 13:25:10,343 - INFO - [36m(worker1, rank=1, pid=6894, ip=172.31.41.253)[0m |                                         |                        |             Disabled |
2026-03-26 13:25:10,343 - INFO - [36m(worker1, rank=1, pid=6894, ip=172.31.41.253)[0m +-----------------------------------------+------------------------+----------------------+
2026-03-26 13:25:10,343 - INFO - [36m(worker1, rank=1, pid=6894, ip=172.31.41.253)[0m |   7  NVIDIA A100-SXM4-80GB          On  |   00000000:A0:1D.0 Off |                    0 |
2026-03-26 13:25:10,343 - INFO - [36m(worker1, rank=1, pid=6894, ip=172.31.41.253)[0m | N/A   23C    P0             54W /  400W |       0MiB /  81920MiB |      0%      Default |
2026-03-26 13:25:10,343 - INFO - [36m(worker1, rank=1, pid=6894, ip=172.31.41.253)[0m |                                         |                        |             Disabled |
2026-03-26 13:25:10,343 - INFO - [36m(worker1, rank=1, pid=6894, ip=172.31.41.253)[0m +-----------------------------------------+------------------------+----------------------+
2026-03-26 13:25:10,343 - INFO - [36m(worker1, rank=1, pid=6894, ip=172.31.41.253)[0m
2026-03-26 13:25:10,343 - INFO - [36m(worker1, rank=1, pid=6894, ip=172.31.41.253)[0m +-----------------------------------------------------------------------------------------+
2026-03-26 13:25:10,343 - INFO - [36m(worker1, rank=1, pid=6894, ip=172.31.41.253)[0m | Processes:                                                                              |
2026-03-26 13:25:10,343 - INFO - [36m(worker1, rank=1, pid=6894, ip=172.31.41.253)[0m |  GPU   GI   CI              PID   Type   Process name                        GPU Memory |
2026-03-26 13:25:10,343 - INFO - [36m(worker1, rank=1, pid=6894, ip=172.31.41.253)[0m |        ID   ID                                                               Usage      |
2026-03-26 13:25:10,343 - INFO - [36m(worker1, rank=1, pid=6894, ip=172.31.41.253)[0m |=========================================================================================|
2026-03-26 13:25:10,343 - INFO - [36m(worker1, rank=1, pid=6894, ip=172.31.41.253)[0m |  No running processes found                                                             |
2026-03-26 13:25:10,343 - INFO - [36m(worker1, rank=1, pid=6894, ip=172.31.41.253)[0m +-----------------------------------------------------------------------------------------+
2026-03-26 13:25:10,343 - INFO - [36m(worker1, rank=1, pid=6894, ip=172.31.41.253)[0m + echo '--- A100 SXM4 Diagnostics ---'
2026-03-26 13:25:10,645 - INFO - [36m(worker1, rank=1, pid=6894, ip=172.31.41.253)[0m --- A100 SXM4 Diagnostics ---
2026-03-26 13:25:10,648 - INFO - [36m(worker1, rank=1, pid=6894, ip=172.31.41.253)[0m + echo 'Checking NVIDIA Fabric Manager (required for NVSwitch on A100-SXM4)...'
2026-03-26 13:25:10,648 - INFO - [36m(worker1, rank=1, pid=6894, ip=172.31.41.253)[0m Checking NVIDIA Fabric Manager (required for NVSwitch on A100-SXM4)...
2026-03-26 13:25:10,648 - INFO - [36m(worker1, rank=1, pid=6894, ip=172.31.41.253)[0m + systemctl status nvidia-fabricmanager
2026-03-26 13:25:10,648 - INFO - [36m(head, rank=0, pid=7461)[0m + echo '--- A100 SXM4 Diagnostics ---'
2026-03-26 13:25:10,648 - INFO - [36m(head, rank=0, pid=7461)[0m --- A100 SXM4 Diagnostics ---
2026-03-26 13:25:10,648 - INFO - [36m(head, rank=0, pid=7461)[0m + echo 'Checking NVIDIA Fabric Manager (required for NVSwitch on A100-SXM4)...'
2026-03-26 13:25:10,648 - INFO - [36m(head, rank=0, pid=7461)[0m Checking NVIDIA Fabric Manager (required for NVSwitch on A100-SXM4)...
2026-03-26 13:25:10,648 - INFO - [36m(head, rank=0, pid=7461)[0m + systemctl status nvidia-fabricmanager
2026-03-26 13:25:10,648 - INFO - [36m(worker1, rank=1, pid=6894, ip=172.31.41.253)[0m ● nvidia-fabricmanager.service - NVIDIA fabric manager service
2026-03-26 13:25:11,351 - INFO - [36m(worker1, rank=1, pid=6894, ip=172.31.41.253)[0m      Loaded: loaded (/lib/systemd/system/nvidia-fabricmanager.service; enabled; vendor preset: enabled)
2026-03-26 13:25:11,351 - INFO - [36m(worker1, rank=1, pid=6894, ip=172.31.41.253)[0m      Active: active (running) since Thu 2026-03-26 07:52:54 UTC; 2min 15s ago
2026-03-26 13:25:11,351 - INFO - [36m(worker1, rank=1, pid=6894, ip=172.31.41.253)[0m    Main PID: 3700 (nv-fabricmanage)
2026-03-26 13:25:11,351 - INFO - [36m(worker1, rank=1, pid=6894, ip=172.31.41.253)[0m       Tasks: 19
2026-03-26 13:25:11,351 - INFO - [36m(worker1, rank=1, pid=6894, ip=172.31.41.253)[0m      Memory: 26.9M
2026-03-26 13:25:11,351 - INFO - [36m(worker1, rank=1, pid=6894, ip=172.31.41.253)[0m         CPU: 11.377s
2026-03-26 13:25:11,351 - INFO - [36m(worker1, rank=1, pid=6894, ip=172.31.41.253)[0m      CGroup: /system.slice/nvidia-fabricmanager.service
2026-03-26 13:25:11,351 - INFO - [36m(worker1, rank=1, pid=6894, ip=172.31.41.253)[0m              └─3700 /usr/bin/nv-fabricmanager -c /usr/share/nvidia/nvswitch/fabricmanager.cfg
2026-03-26 13:25:11,351 - INFO - [36m(worker1, rank=1, pid=6894, ip=172.31.41.253)[0m
2026-03-26 13:25:11,351 - INFO - [36m(worker1, rank=1, pid=6894, ip=172.31.41.253)[0m Mar 26 07:52:41 ip-172-31-41-253 systemd[1]: Starting NVIDIA fabric manager service...
2026-03-26 13:25:11,351 - INFO - [36m(worker1, rank=1, pid=6894, ip=172.31.41.253)[0m Mar 26 07:52:41 ip-172-31-41-253 nvidia-fabricmanager-start.sh[3455]: Detected Pre-NVL5 system
2026-03-26 13:25:11,351 - INFO - [36m(worker1, rank=1, pid=6894, ip=172.31.41.253)[0m Mar 26 07:52:44 ip-172-31-41-253 nv-fabricmanager[3700]: Connected to 1 node.
2026-03-26 13:25:11,351 - INFO - [36m(worker1, rank=1, pid=6894, ip=172.31.41.253)[0m Mar 26 07:52:54 ip-172-31-41-253 nv-fabricmanager[3700]: Successfully configured all the available GPUs and NVSwitches to route NVLink traffic.
2026-03-26 13:25:11,351 - INFO - [36m(worker1, rank=1, pid=6894, ip=172.31.41.253)[0m Mar 26 07:52:54 ip-172-31-41-253 nvidia-fabricmanager-start.sh[3455]: Started "Nvidia Fabric Manager"
2026-03-26 13:25:11,351 - INFO - [36m(worker1, rank=1, pid=6894, ip=172.31.41.253)[0m Mar 26 07:52:54 ip-172-31-41-253 systemd[1]: Started NVIDIA fabric manager service.
2026-03-26 13:25:11,351 - INFO - [36m(worker1, rank=1, pid=6894, ip=172.31.41.253)[0m + echo 'Checking for NVLink topology...'
2026-03-26 13:25:11,351 - INFO - [36m(worker1, rank=1, pid=6894, ip=172.31.41.253)[0m Checking for NVLink topology...
2026-03-26 13:25:11,351 - INFO - [36m(worker1, rank=1, pid=6894, ip=172.31.41.253)[0m + nvidia-smi topo -m
2026-03-26 13:25:11,351 - INFO - [36m(head, rank=0, pid=7461)[0m ● nvidia-fabricmanager.service - NVIDIA fabric manager service
2026-03-26 13:25:11,351 - INFO - [36m(head, rank=0, pid=7461)[0m      Loaded: loaded (/lib/systemd/system/nvidia-fabricmanager.service; enabled; vendor preset: enabled)
2026-03-26 13:25:11,351 - INFO - [36m(head, rank=0, pid=7461)[0m      Active: active (running) since Thu 2026-03-26 07:52:55 UTC; 2min 15s ago
2026-03-26 13:25:11,351 - INFO - [36m(head, rank=0, pid=7461)[0m    Main PID: 3705 (nv-fabricmanage)
2026-03-26 13:25:11,351 - INFO - [36m(head, rank=0, pid=7461)[0m       Tasks: 19
2026-03-26 13:25:11,351 - INFO - [36m(head, rank=0, pid=7461)[0m      Memory: 26.7M
2026-03-26 13:25:11,351 - INFO - [36m(head, rank=0, pid=7461)[0m         CPU: 11.398s
2026-03-26 13:25:11,351 - INFO - [36m(head, rank=0, pid=7461)[0m      CGroup: /system.slice/nvidia-fabricmanager.service
2026-03-26 13:25:11,351 - INFO - [36m(head, rank=0, pid=7461)[0m              └─3705 /usr/bin/nv-fabricmanager -c /usr/share/nvidia/nvswitch/fabricmanager.cfg
2026-03-26 13:25:11,351 - INFO - [36m(head, rank=0, pid=7461)[0m
2026-03-26 13:25:11,351 - INFO - [36m(head, rank=0, pid=7461)[0m Mar 26 07:52:41 ip-172-31-40-7 systemd[1]: Starting NVIDIA fabric manager service...
2026-03-26 13:25:11,351 - INFO - [36m(head, rank=0, pid=7461)[0m Mar 26 07:52:41 ip-172-31-40-7 nvidia-fabricmanager-start.sh[3458]: Detected Pre-NVL5 system
2026-03-26 13:25:11,351 - INFO - [36m(head, rank=0, pid=7461)[0m Mar 26 07:52:45 ip-172-31-40-7 nv-fabricmanager[3705]: Connected to 1 node.
2026-03-26 13:25:11,351 - INFO - [36m(head, rank=0, pid=7461)[0m Mar 26 07:52:55 ip-172-31-40-7 nv-fabricmanager[3705]: Successfully configured all the available GPUs and NVSwitches to route NVLink traffic.
2026-03-26 13:25:11,351 - INFO - [36m(head, rank=0, pid=7461)[0m Mar 26 07:52:55 ip-172-31-40-7 nvidia-fabricmanager-start.sh[3458]: Started "Nvidia Fabric Manager"
2026-03-26 13:25:11,351 - INFO - [36m(head, rank=0, pid=7461)[0m Mar 26 07:52:55 ip-172-31-40-7 systemd[1]: Started NVIDIA fabric manager service.
2026-03-26 13:25:11,351 - INFO - [36m(head, rank=0, pid=7461)[0m + echo 'Checking for NVLink topology...'
2026-03-26 13:25:11,351 - INFO - [36m(head, rank=0, pid=7461)[0m Checking for NVLink topology...
2026-03-26 13:25:11,351 - INFO - [36m(head, rank=0, pid=7461)[0m + nvidia-smi topo -m
2026-03-26 13:25:11,351 - INFO - [36m(worker1, rank=1, pid=6894, ip=172.31.41.253)[0m 	[4mGPU0	GPU1	GPU2	GPU3	GPU4	GPU5	GPU6	GPU7	CPU Affinity	NUMA Affinity	GPU NUMA ID[0m
2026-03-26 13:25:11,351 - INFO - [36m(worker1, rank=1, pid=6894, ip=172.31.41.253)[0m GPU0	 X 	NV12	NV12	NV12	NV12	NV12	NV12	NV12	0-23,48-71	0		N/A
2026-03-26 13:25:11,351 - INFO - [36m(worker1, rank=1, pid=6894, ip=172.31.41.253)[0m GPU1	NV12	 X 	NV12	NV12	NV12	NV12	NV12	NV12	0-23,48-71	0		N/A
2026-03-26 13:25:11,351 - INFO - [36m(worker1, rank=1, pid=6894, ip=172.31.41.253)[0m GPU2	NV12	NV12	 X 	NV12	NV12	NV12	NV12	NV12	0-23,48-71	0		N/A
2026-03-26 13:25:11,351 - INFO - [36m(worker1, rank=1, pid=6894, ip=172.31.41.253)[0m GPU3	NV12	NV12	NV12	 X 	NV12	NV12	NV12	NV12	0-23,48-71	0		N/A
2026-03-26 13:25:11,351 - INFO - [36m(worker1, rank=1, pid=6894, ip=172.31.41.253)[0m GPU4	NV12	NV12	NV12	NV12	 X 	NV12	NV12	NV12	24-47,72-95	1		N/A
2026-03-26 13:25:11,351 - INFO - [36m(worker1, rank=1, pid=6894, ip=172.31.41.253)[0m GPU5	NV12	NV12	NV12	NV12	NV12	 X 	NV12	NV12	24-47,72-95	1		N/A
2026-03-26 13:25:11,351 - INFO - [36m(worker1, rank=1, pid=6894, ip=172.31.41.253)[0m GPU6	NV12	NV12	NV12	NV12	NV12	NV12	 X 	NV12	24-47,72-95	1		N/A
2026-03-26 13:25:11,351 - INFO - [36m(worker1, rank=1, pid=6894, ip=172.31.41.253)[0m GPU7	NV12	NV12	NV12	NV12	NV12	NV12	NV12	 X 	24-47,72-95	1		N/A
2026-03-26 13:25:11,351 - INFO - [36m(worker1, rank=1, pid=6894, ip=172.31.41.253)[0m
2026-03-26 13:25:11,351 - INFO - [36m(worker1, rank=1, pid=6894, ip=172.31.41.253)[0m Legend:
2026-03-26 13:25:11,351 - INFO - [36m(worker1, rank=1, pid=6894, ip=172.31.41.253)[0m
2026-03-26 13:25:11,351 - INFO - [36m(worker1, rank=1, pid=6894, ip=172.31.41.253)[0m   X    = Self
2026-03-26 13:25:11,351 - INFO - [36m(worker1, rank=1, pid=6894, ip=172.31.41.253)[0m   SYS  = Connection traversing PCIe as well as the SMP interconnect between NUMA nodes (e.g., QPI/UPI)
2026-03-26 13:25:11,351 - INFO - [36m(worker1, rank=1, pid=6894, ip=172.31.41.253)[0m   NODE = Connection traversing PCIe as well as the interconnect between PCIe Host Bridges within a NUMA node
2026-03-26 13:25:11,351 - INFO - [36m(worker1, rank=1, pid=6894, ip=172.31.41.253)[0m   PHB  = Connection traversing PCIe as well as a PCIe Host Bridge (typically the CPU)
2026-03-26 13:25:11,351 - INFO - [36m(worker1, rank=1, pid=6894, ip=172.31.41.253)[0m   PXB  = Connection traversing multiple PCIe bridges (without traversing the PCIe Host Bridge)
2026-03-26 13:25:11,351 - INFO - [36m(worker1, rank=1, pid=6894, ip=172.31.41.253)[0m   PIX  = Connection traversing at most a single PCIe bridge
2026-03-26 13:25:11,351 - INFO - [36m(worker1, rank=1, pid=6894, ip=172.31.41.253)[0m   NV#  = Connection traversing a bonded set of # NVLinks
2026-03-26 13:25:11,351 - INFO - [36m(worker1, rank=1, pid=6894, ip=172.31.41.253)[0m + echo '--- NUMA Topology and GPU-NUMA Mapping ---'
2026-03-26 13:25:11,351 - INFO - [36m(worker1, rank=1, pid=6894, ip=172.31.41.253)[0m --- NUMA Topology and GPU-NUMA Mapping ---
2026-03-26 13:25:11,351 - INFO - [36m(worker1, rank=1, pid=6894, ip=172.31.41.253)[0m + echo 'NUMA hardware layout:'
2026-03-26 13:25:11,352 - INFO - [36m(worker1, rank=1, pid=6894, ip=172.31.41.253)[0m NUMA hardware layout:
2026-03-26 13:25:11,352 - INFO - [36m(worker1, rank=1, pid=6894, ip=172.31.41.253)[0m + numactl --hardware
2026-03-26 13:25:11,352 - INFO - [36m(worker1, rank=1, pid=6894, ip=172.31.41.253)[0m available: 2 nodes (0-1)
2026-03-26 13:25:11,352 - INFO - [36m(worker1, rank=1, pid=6894, ip=172.31.41.253)[0m node 0 cpus: 0 1 2 3 4 5 6 7 8 9 10 11 12 13 14 15 16 17 18 19 20 21 22 23 48 49 50 51 52 53 54 55 56 57 58 59 60 61 62 63 64 65 66 67 68 69 70 71
2026-03-26 13:25:12,961 - INFO - [36m(worker1, rank=1, pid=6894, ip=172.31.41.253)[0m node 0 size: 574309 MB
2026-03-26 13:25:12,961 - INFO - [36m(worker1, rank=1, pid=6894, ip=172.31.41.253)[0m node 0 free: 554415 MB
2026-03-26 13:25:12,961 - INFO - [36m(worker1, rank=1, pid=6894, ip=172.31.41.253)[0m node 1 cpus: 24 25 26 27 28 29 30 31 32 33 34 35 36 37 38 39 40 41 42 43 44 45 46 47 72 73 74 75 76 77 78 79 80 81 82 83 84 85 86 87 88 89 90 91 92 93 94 95
2026-03-26 13:25:12,961 - INFO - [36m(worker1, rank=1, pid=6894, ip=172.31.41.253)[0m node 1 size: 574411 MB
2026-03-26 13:25:12,961 - INFO - [36m(worker1, rank=1, pid=6894, ip=172.31.41.253)[0m node 1 free: 546965 MB
2026-03-26 13:25:12,961 - INFO - [36m(worker1, rank=1, pid=6894, ip=172.31.41.253)[0m node distances:
2026-03-26 13:25:12,961 - INFO - [36m(worker1, rank=1, pid=6894, ip=172.31.41.253)[0m node   0   1
2026-03-26 13:25:12,961 - INFO - [36m(worker1, rank=1, pid=6894, ip=172.31.41.253)[0m   0:  10  21
2026-03-26 13:25:12,961 - INFO - [36m(worker1, rank=1, pid=6894, ip=172.31.41.253)[0m   1:  21  10
2026-03-26 13:25:12,961 - INFO - [36m(worker1, rank=1, pid=6894, ip=172.31.41.253)[0m + echo ''
2026-03-26 13:25:12,962 - INFO - [36m(worker1, rank=1, pid=6894, ip=172.31.41.253)[0m
2026-03-26 13:25:12,962 - INFO - [36m(worker1, rank=1, pid=6894, ip=172.31.41.253)[0m + echo 'GPU PCIe Bus IDs and NUMA node assignments:'
2026-03-26 13:25:12,962 - INFO - [36m(worker1, rank=1, pid=6894, ip=172.31.41.253)[0m GPU PCIe Bus IDs and NUMA node assignments:
2026-03-26 13:25:12,962 - INFO - [36m(worker1, rank=1, pid=6894, ip=172.31.41.253)[0m ++ nvidia-smi --query-gpu=count --format=csv,noheader
2026-03-26 13:25:12,962 - INFO - [36m(worker1, rank=1, pid=6894, ip=172.31.41.253)[0m ++ head -1
2026-03-26 13:25:12,962 - INFO - [36m(head, rank=0, pid=7461)[0m 	[4mGPU0	GPU1	GPU2	GPU3	GPU4	GPU5	GPU6	GPU7	CPU Affinity	NUMA Affinity	GPU NUMA ID[0m
2026-03-26 13:25:12,962 - INFO - [36m(head, rank=0, pid=7461)[0m GPU0	 X 	NV12	NV12	NV12	NV12	NV12	NV12	NV12	0-23,48-71	0		N/A
2026-03-26 13:25:12,962 - INFO - [36m(head, rank=0, pid=7461)[0m GPU1	NV12	 X 	NV12	NV12	NV12	NV12	NV12	NV12	0-23,48-71	0		N/A
2026-03-26 13:25:12,962 - INFO - [36m(head, rank=0, pid=7461)[0m GPU2	NV12	NV12	 X 	NV12	NV12	NV12	NV12	NV12	0-23,48-71	0		N/A
2026-03-26 13:25:12,962 - INFO - [36m(head, rank=0, pid=7461)[0m GPU3	NV12	NV12	NV12	 X 	NV12	NV12	NV12	NV12	0-23,48-71	0		N/A
2026-03-26 13:25:12,962 - INFO - [36m(head, rank=0, pid=7461)[0m GPU4	NV12	NV12	NV12	NV12	 X 	NV12	NV12	NV12	24-47,72-95	1		N/A
2026-03-26 13:25:12,962 - INFO - [36m(head, rank=0, pid=7461)[0m GPU5	NV12	NV12	NV12	NV12	NV12	 X 	NV12	NV12	24-47,72-95	1		N/A
2026-03-26 13:25:12,962 - INFO - [36m(head, rank=0, pid=7461)[0m GPU6	NV12	NV12	NV12	NV12	NV12	NV12	 X 	NV12	24-47,72-95	1		N/A
2026-03-26 13:25:12,962 - INFO - [36m(head, rank=0, pid=7461)[0m GPU7	NV12	NV12	NV12	NV12	NV12	NV12	NV12	 X 	24-47,72-95	1		N/A
2026-03-26 13:25:12,962 - INFO - [36m(head, rank=0, pid=7461)[0m
2026-03-26 13:25:12,962 - INFO - [36m(head, rank=0, pid=7461)[0m Legend:
2026-03-26 13:25:12,962 - INFO - [36m(head, rank=0, pid=7461)[0m
2026-03-26 13:25:12,962 - INFO - [36m(head, rank=0, pid=7461)[0m   X    = Self
2026-03-26 13:25:12,962 - INFO - [36m(head, rank=0, pid=7461)[0m   SYS  = Connection traversing PCIe as well as the SMP interconnect between NUMA nodes (e.g., QPI/UPI)
2026-03-26 13:25:12,962 - INFO - [36m(head, rank=0, pid=7461)[0m   NODE = Connection traversing PCIe as well as the interconnect between PCIe Host Bridges within a NUMA node
2026-03-26 13:25:12,962 - INFO - [36m(head, rank=0, pid=7461)[0m   PHB  = Connection traversing PCIe as well as a PCIe Host Bridge (typically the CPU)
2026-03-26 13:25:12,962 - INFO - [36m(head, rank=0, pid=7461)[0m   PXB  = Connection traversing multiple PCIe bridges (without traversing the PCIe Host Bridge)
2026-03-26 13:25:12,962 - INFO - [36m(head, rank=0, pid=7461)[0m   PIX  = Connection traversing at most a single PCIe bridge
2026-03-26 13:25:12,962 - INFO - [36m(head, rank=0, pid=7461)[0m   NV#  = Connection traversing a bonded set of # NVLinks
2026-03-26 13:25:12,962 - INFO - [36m(head, rank=0, pid=7461)[0m + echo '--- NUMA Topology and GPU-NUMA Mapping ---'
2026-03-26 13:25:12,962 - INFO - [36m(head, rank=0, pid=7461)[0m --- NUMA Topology and GPU-NUMA Mapping ---
2026-03-26 13:25:12,962 - INFO - [36m(head, rank=0, pid=7461)[0m + echo 'NUMA hardware layout:'
2026-03-26 13:25:12,962 - INFO - [36m(head, rank=0, pid=7461)[0m NUMA hardware layout:
2026-03-26 13:25:12,962 - INFO - [36m(head, rank=0, pid=7461)[0m + numactl --hardware
2026-03-26 13:25:12,962 - INFO - [36m(head, rank=0, pid=7461)[0m available: 2 nodes (0-1)
2026-03-26 13:25:12,962 - INFO - [36m(head, rank=0, pid=7461)[0m node 0 cpus: 0 1 2 3 4 5 6 7 8 9 10 11 12 13 14 15 16 17 18 19 20 21 22 23 48 49 50 51 52 53 54 55 56 57 58 59 60 61 62 63 64 65 66 67 68 69 70 71
2026-03-26 13:25:12,962 - INFO - [36m(head, rank=0, pid=7461)[0m node 0 size: 574309 MB
2026-03-26 13:25:12,962 - INFO - [36m(head, rank=0, pid=7461)[0m node 0 free: 553657 MB
2026-03-26 13:25:12,962 - INFO - [36m(head, rank=0, pid=7461)[0m node 1 cpus: 24 25 26 27 28 29 30 31 32 33 34 35 36 37 38 39 40 41 42 43 44 45 46 47 72 73 74 75 76 77 78 79 80 81 82 83 84 85 86 87 88 89 90 91 92 93 94 95
2026-03-26 13:25:12,962 - INFO - [36m(head, rank=0, pid=7461)[0m node 1 size: 574411 MB
2026-03-26 13:25:12,962 - INFO - [36m(head, rank=0, pid=7461)[0m node 1 free: 542235 MB
2026-03-26 13:25:12,962 - INFO - [36m(head, rank=0, pid=7461)[0m node distances:
2026-03-26 13:25:12,962 - INFO - [36m(head, rank=0, pid=7461)[0m node   0   1
2026-03-26 13:25:12,962 - INFO - [36m(head, rank=0, pid=7461)[0m   0:  10  21
2026-03-26 13:25:12,962 - INFO - [36m(head, rank=0, pid=7461)[0m   1:  21  10
2026-03-26 13:25:12,962 - INFO - [36m(head, rank=0, pid=7461)[0m + echo ''
2026-03-26 13:25:12,962 - INFO - [36m(head, rank=0, pid=7461)[0m
2026-03-26 13:25:12,962 - INFO - [36m(head, rank=0, pid=7461)[0m + echo 'GPU PCIe Bus IDs and NUMA node assignments:'
2026-03-26 13:25:12,962 - INFO - [36m(head, rank=0, pid=7461)[0m GPU PCIe Bus IDs and NUMA node assignments:
2026-03-26 13:25:12,962 - INFO - [36m(head, rank=0, pid=7461)[0m ++ nvidia-smi --query-gpu=count --format=csv,noheader
2026-03-26 13:25:12,962 - INFO - [36m(head, rank=0, pid=7461)[0m ++ head -1
2026-03-26 13:25:12,962 - INFO - [36m(worker1, rank=1, pid=6894, ip=172.31.41.253)[0m ++ echo 0
2026-03-26 13:25:12,962 - INFO - [36m(worker1, rank=1, pid=6894, ip=172.31.41.253)[0m + gpu_count='8
2026-03-26 13:25:12,962 - INFO - [36m(worker1, rank=1, pid=6894, ip=172.31.41.253)[0m 0'
2026-03-26 13:25:12,962 - INFO - [36m(worker1, rank=1, pid=6894, ip=172.31.41.253)[0m + '[' '8
2026-03-26 13:25:12,962 - INFO - [36m(worker1, rank=1, pid=6894, ip=172.31.41.253)[0m 0' -gt 0 ']'
2026-03-26 13:25:12,962 - INFO - [36m(worker1, rank=1, pid=6894, ip=172.31.41.253)[0m + echo 'Could not detect GPU count'
2026-03-26 13:25:12,962 - INFO - [36m(worker1, rank=1, pid=6894, ip=172.31.41.253)[0m Could not detect GPU count
2026-03-26 13:25:12,962 - INFO - [36m(worker1, rank=1, pid=6894, ip=172.31.41.253)[0m + echo -------------------------------------------
2026-03-26 13:25:12,962 - INFO - [36m(worker1, rank=1, pid=6894, ip=172.31.41.253)[0m -------------------------------------------
2026-03-26 13:25:12,962 - INFO - [36m(worker1, rank=1, pid=6894, ip=172.31.41.253)[0m + echo 'Checking for GPU processes and errors...'
2026-03-26 13:25:12,962 - INFO - [36m(worker1, rank=1, pid=6894, ip=172.31.41.253)[0m Checking for GPU processes and errors...
2026-03-26 13:25:12,962 - INFO - [36m(worker1, rank=1, pid=6894, ip=172.31.41.253)[0m + awk 'NR<=50'
2026-03-26 13:25:12,962 - INFO - [36m(worker1, rank=1, pid=6894, ip=172.31.41.253)[0m + nvidia-smi -q -d ERRORS
2026-03-26 13:25:12,962 - INFO - [36m(worker1, rank=1, pid=6894, ip=172.31.41.253)[0m Failed to parse --display/-d flags
2026-03-26 13:25:12,962 - INFO - [36m(worker1, rank=1, pid=6894, ip=172.31.41.253)[0m + echo 'Error check failed'
2026-03-26 13:25:12,962 - INFO - [36m(worker1, rank=1, pid=6894, ip=172.31.41.253)[0m Error check failed
2026-03-26 13:25:12,962 - INFO - [36m(worker1, rank=1, pid=6894, ip=172.31.41.253)[0m + echo '--- CUDA Device Query ---'
2026-03-26 13:25:12,962 - INFO - [36m(worker1, rank=1, pid=6894, ip=172.31.41.253)[0m --- CUDA Device Query ---
2026-03-26 13:25:12,962 - INFO - [36m(worker1, rank=1, pid=6894, ip=172.31.41.253)[0m + python3 -c 'import ctypes; cudart = ctypes.CDLL('\''libcudart.so.12'\''); count = ctypes.c_int(); result = cudart.cudaGetDeviceCount(ctypes.byref(count)); print(f'\''cudaGetDeviceCount result: {result} (0=success), device count: {count.value}'\'')'
2026-03-26 13:25:12,962 - INFO - [36m(head, rank=0, pid=7461)[0m ++ echo 0
2026-03-26 13:25:12,962 - INFO - [36m(head, rank=0, pid=7461)[0m + gpu_count='8
2026-03-26 13:25:12,962 - INFO - [36m(head, rank=0, pid=7461)[0m 0'
2026-03-26 13:25:12,962 - INFO - [36m(head, rank=0, pid=7461)[0m + '[' '8
2026-03-26 13:25:12,962 - INFO - [36m(head, rank=0, pid=7461)[0m 0' -gt 0 ']'
2026-03-26 13:25:12,962 - INFO - [36m(head, rank=0, pid=7461)[0m + echo 'Could not detect GPU count'
2026-03-26 13:25:12,962 - INFO - [36m(head, rank=0, pid=7461)[0m Could not detect GPU count
2026-03-26 13:25:12,962 - INFO - [36m(head, rank=0, pid=7461)[0m + echo -------------------------------------------
2026-03-26 13:25:12,962 - INFO - [36m(head, rank=0, pid=7461)[0m -------------------------------------------
2026-03-26 13:25:12,962 - INFO - [36m(head, rank=0, pid=7461)[0m + echo 'Checking for GPU processes and errors...'
2026-03-26 13:25:12,962 - INFO - [36m(head, rank=0, pid=7461)[0m Checking for GPU processes and errors...
2026-03-26 13:25:12,962 - INFO - [36m(head, rank=0, pid=7461)[0m + awk 'NR<=50'
2026-03-26 13:25:12,962 - INFO - [36m(head, rank=0, pid=7461)[0m + nvidia-smi -q -d ERRORS
2026-03-26 13:25:12,962 - INFO - [36m(head, rank=0, pid=7461)[0m Failed to parse --display/-d flags
2026-03-26 13:25:12,962 - INFO - [36m(head, rank=0, pid=7461)[0m + echo 'Error check failed'
2026-03-26 13:25:12,962 - INFO - [36m(head, rank=0, pid=7461)[0m Error check failed
2026-03-26 13:25:12,962 - INFO - [36m(head, rank=0, pid=7461)[0m + echo '--- CUDA Device Query ---'
2026-03-26 13:25:12,962 - INFO - [36m(head, rank=0, pid=7461)[0m --- CUDA Device Query ---
2026-03-26 13:25:12,962 - INFO - [36m(head, rank=0, pid=7461)[0m + python3 -c 'import ctypes; cudart = ctypes.CDLL('\''libcudart.so.12'\''); count = ctypes.c_int(); result = cudart.cudaGetDeviceCount(ctypes.byref(count)); print(f'\''cudaGetDeviceCount result: {result} (0=success), device count: {count.value}'\'')'
2026-03-26 13:25:12,962 - INFO - [36m(worker1, rank=1, pid=6894, ip=172.31.41.253)[0m cudaGetDeviceCount result: 0 (0=success), device count: 8
2026-03-26 13:25:13,669 - INFO - [36m(head, rank=0, pid=7461)[0m cudaGetDeviceCount result: 0 (0=success), device count: 8
2026-03-26 13:25:14,376 - INFO - [36m(head, rank=0, pid=7461)[0m + echo ===========================
2026-03-26 13:25:14,778 - INFO - [36m(head, rank=0, pid=7461)[0m ===========================
2026-03-26 13:25:14,778 - INFO - [36m(head, rank=0, pid=7461)[0m + source .venv/bin/activate
2026-03-26 13:25:14,778 - INFO - [36m(head, rank=0, pid=7461)[0m ++ '[' -z '' ']'
2026-03-26 13:25:14,778 - INFO - [36m(head, rank=0, pid=7461)[0m ++ '[' -n x ']'
2026-03-26 13:25:14,778 - INFO - [36m(head, rank=0, pid=7461)[0m ++ SCRIPT_PATH=.venv/bin/activate
2026-03-26 13:25:14,778 - INFO - [36m(head, rank=0, pid=7461)[0m ++ '[' .venv/bin/activate = /tmp/sky_app_e42kr2bx ']'
2026-03-26 13:25:14,778 - INFO - [36m(head, rank=0, pid=7461)[0m ++ deactivate nondestructive
2026-03-26 13:25:14,778 - INFO - [36m(head, rank=0, pid=7461)[0m ++ unset -f pydoc
2026-03-26 13:25:14,778 - INFO - [36m(head, rank=0, pid=7461)[0m ++ '[' -z '' ']'
2026-03-26 13:25:14,778 - INFO - [36m(head, rank=0, pid=7461)[0m ++ '[' -z '' ']'
2026-03-26 13:25:14,778 - INFO - [36m(head, rank=0, pid=7461)[0m ++ hash -r
2026-03-26 13:25:14,778 - INFO - [36m(head, rank=0, pid=7461)[0m ++ '[' -z '' ']'
2026-03-26 13:25:14,778 - INFO - [36m(head, rank=0, pid=7461)[0m ++ unset VIRTUAL_ENV
2026-03-26 13:25:14,778 - INFO - [36m(head, rank=0, pid=7461)[0m ++ unset VIRTUAL_ENV_PROMPT
2026-03-26 13:25:14,778 - INFO - [36m(head, rank=0, pid=7461)[0m ++ '[' '!' nondestructive = nondestructive ']'
2026-03-26 13:25:14,778 - INFO - [36m(head, rank=0, pid=7461)[0m ++ VIRTUAL_ENV=/home/ubuntu/sky_workdir/.venv
2026-03-26 13:25:14,778 - INFO - [36m(head, rank=0, pid=7461)[0m ++ '[' linux-gnu = cygwin ']'
2026-03-26 13:25:14,778 - INFO - [36m(head, rank=0, pid=7461)[0m ++ '[' linux-gnu = msys ']'
2026-03-26 13:25:14,778 - INFO - [36m(head, rank=0, pid=7461)[0m ++ export VIRTUAL_ENV
2026-03-26 13:25:14,778 - INFO - [36m(head, rank=0, pid=7461)[0m ++ '[' -z '' ']'
2026-03-26 13:25:14,778 - INFO - [36m(head, rank=0, pid=7461)[0m ++ unset SCRIPT_PATH
2026-03-26 13:25:14,778 - INFO - [36m(head, rank=0, pid=7461)[0m ++ _OLD_VIRTUAL_PATH=/home/ubuntu/.local/bin:/home/ubuntu/.local/bin:/home/ubuntu/miniconda3/bin:/home/ubuntu/miniconda3/condabin:/opt/amazon/openmpi/bin:/opt/amazon/efa/bin:/usr/local/cuda-12.8/bin:/usr/local/cuda-12.8/include:/usr/local/cuda-12.8/bin:/usr/local/cuda-12.8/include:/usr/local/sbin:/usr/local/bin:/usr/sbin:/usr/bin:/sbin:/bin:/usr/games:/usr/local/games:/snap/bin
2026-03-26 13:25:14,778 - INFO - [36m(head, rank=0, pid=7461)[0m ++ PATH=/home/ubuntu/sky_workdir/.venv/bin:/home/ubuntu/.local/bin:/home/ubuntu/.local/bin:/home/ubuntu/miniconda3/bin:/home/ubuntu/miniconda3/condabin:/opt/amazon/openmpi/bin:/opt/amazon/efa/bin:/usr/local/cuda-12.8/bin:/usr/local/cuda-12.8/include:/usr/local/cuda-12.8/bin:/usr/local/cuda-12.8/include:/usr/local/sbin:/usr/local/bin:/usr/sbin:/usr/bin:/sbin:/bin:/usr/games:/usr/local/games:/snap/bin
2026-03-26 13:25:14,778 - INFO - [36m(head, rank=0, pid=7461)[0m ++ export PATH
2026-03-26 13:25:14,778 - INFO - [36m(head, rank=0, pid=7461)[0m ++ '[' xsky_workdir '!=' x ']'
2026-03-26 13:25:14,778 - INFO - [36m(head, rank=0, pid=7461)[0m ++ VIRTUAL_ENV_PROMPT=sky_workdir
2026-03-26 13:25:14,778 - INFO - [36m(head, rank=0, pid=7461)[0m ++ export VIRTUAL_ENV_PROMPT
2026-03-26 13:25:14,778 - INFO - [36m(head, rank=0, pid=7461)[0m ++ '[' -z '' ']'
2026-03-26 13:25:14,778 - INFO - [36m(head, rank=0, pid=7461)[0m ++ '[' -z '' ']'
2026-03-26 13:25:14,778 - INFO - [36m(head, rank=0, pid=7461)[0m ++ _OLD_VIRTUAL_PS1='(base) ${debian_chroot:+($debian_chroot)}\u@\h:\w\$ '
2026-03-26 13:25:14,778 - INFO - [36m(head, rank=0, pid=7461)[0m ++ PS1='(sky_workdir) (base) ${debian_chroot:+($debian_chroot)}\u@\h:\w\$ '
2026-03-26 13:25:14,778 - INFO - [36m(head, rank=0, pid=7461)[0m ++ export PS1
2026-03-26 13:25:14,778 - INFO - [36m(head, rank=0, pid=7461)[0m ++ alias pydoc
2026-03-26 13:25:14,778 - INFO - [36m(head, rank=0, pid=7461)[0m ++ true
2026-03-26 13:25:14,778 - INFO - [36m(head, rank=0, pid=7461)[0m ++ hash -r
2026-03-26 13:25:14,778 - INFO - [36m(head, rank=0, pid=7461)[0m + echo '=== DETAILED PyTorch CUDA Diagnostics (in run phase) ==='
2026-03-26 13:25:14,778 - INFO - [36m(head, rank=0, pid=7461)[0m === DETAILED PyTorch CUDA Diagnostics (in run phase) ===
2026-03-26 13:25:14,778 - INFO - [36m(head, rank=0, pid=7461)[0m + echo '--- Environment ---'
2026-03-26 13:25:14,778 - INFO - [36m(head, rank=0, pid=7461)[0m --- Environment ---
2026-03-26 13:25:15,283 - INFO - [36m(head, rank=0, pid=7461)[0m + echo 'LD_LIBRARY_PATH: /usr/local/cuda/lib64:/usr/local/cuda/targets/x86_64-linux/lib:/usr/local/cuda-12.8/lib:/usr/local/cuda-12.8/lib64:/usr/local/cuda-12.8:/usr/local/cuda-12.8/targets/x86_64-linux/lib/:/usr/local/cuda-12.8/extras/CUPTI/lib64:/opt/amazon/efa/lib:/opt/amazon/openmpi/lib:/opt/amazon/ofi-nccl/lib/x86_64-linux-gnu:/usr/local/lib:/usr/lib:/usr/local/cuda-12.8/lib:/usr/local/cuda-12.8/lib64:/usr/local/cuda-12.8:/usr/local/cuda-12.8/targets/x86_64-linux/lib/:/usr/local/cuda-12.8/extras/CUPTI/lib64:/opt/amazon/efa/lib:/opt/amazon/openmpi/lib:/opt/amazon/ofi-nccl/lib/x86_64-linux-gnu:/usr/local/lib:/usr/lib'
2026-03-26 13:25:15,283 - INFO - [36m(head, rank=0, pid=7461)[0m LD_LIBRARY_PATH: /usr/local/cuda/lib64:/usr/local/cuda/targets/x86_64-linux/lib:/usr/local/cuda-12.8/lib:/usr/local/cuda-12.8/lib64:/usr/local/cuda-12.8:/usr/local/cuda-12.8/targets/x86_64-linux/lib/:/usr/local/cuda-12.8/extras/CUPTI/lib64:/opt/amazon/efa/lib:/opt/amazon/openmpi/lib:/opt/amazon/ofi-nccl/lib/x86_64-linux-gnu:/usr/local/lib:/usr/lib:/usr/local/cuda-12.8/lib:/usr/local/cuda-12.8/lib64:/usr/local/cuda-12.8:/usr/local/cuda-12.8/targets/x86_64-linux/lib/:/usr/local/cuda-12.8/extras/CUPTI/lib64:/opt/amazon/efa/lib:/opt/amazon/openmpi/lib:/opt/amazon/ofi-nccl/lib/x86_64-linux-gnu:/usr/local/lib:/usr/lib
2026-03-26 13:25:15,283 - INFO - [36m(head, rank=0, pid=7461)[0m + echo 'CUDA_HOME: /usr/local/cuda'
2026-03-26 13:25:15,283 - INFO - [36m(head, rank=0, pid=7461)[0m CUDA_HOME: /usr/local/cuda
2026-03-26 13:25:15,283 - INFO - [36m(head, rank=0, pid=7461)[0m + which python3
2026-03-26 13:25:15,283 - INFO - [36m(head, rank=0, pid=7461)[0m /home/ubuntu/sky_workdir/.venv/bin/python3
2026-03-26 13:25:15,283 - INFO - [36m(head, rank=0, pid=7461)[0m + echo '--- Torch info ---'
2026-03-26 13:25:15,283 - INFO - [36m(head, rank=0, pid=7461)[0m --- Torch info ---
2026-03-26 13:25:15,283 - INFO - [36m(head, rank=0, pid=7461)[0m + python3 -c 'import torch; print('\''torch.__version__:'\'', torch.__version__); print('\''torch.__file__:'\'', torch.__file__); print('\''torch.version.cuda:'\'', torch.version.cuda); print('\''torch.backends.cuda.is_built():'\'', torch.backends.cuda.is_built())'
2026-03-26 13:25:15,283 - INFO - [36m(worker1, rank=1, pid=6894, ip=172.31.41.253)[0m + echo ===========================
2026-03-26 13:25:15,283 - INFO - [36m(worker1, rank=1, pid=6894, ip=172.31.41.253)[0m ===========================
2026-03-26 13:25:15,283 - INFO - [36m(worker1, rank=1, pid=6894, ip=172.31.41.253)[0m + source .venv/bin/activate
2026-03-26 13:25:15,284 - INFO - [36m(worker1, rank=1, pid=6894, ip=172.31.41.253)[0m ++ '[' -z '' ']'
2026-03-26 13:25:15,284 - INFO - [36m(worker1, rank=1, pid=6894, ip=172.31.41.253)[0m ++ '[' -n x ']'
2026-03-26 13:25:15,284 - INFO - [36m(worker1, rank=1, pid=6894, ip=172.31.41.253)[0m ++ SCRIPT_PATH=.venv/bin/activate
2026-03-26 13:25:15,284 - INFO - [36m(worker1, rank=1, pid=6894, ip=172.31.41.253)[0m ++ '[' .venv/bin/activate = /tmp/sky_app_l1k7zxfl ']'
2026-03-26 13:25:15,284 - INFO - [36m(worker1, rank=1, pid=6894, ip=172.31.41.253)[0m ++ deactivate nondestructive
2026-03-26 13:25:15,284 - INFO - [36m(worker1, rank=1, pid=6894, ip=172.31.41.253)[0m ++ unset -f pydoc
2026-03-26 13:25:15,284 - INFO - [36m(worker1, rank=1, pid=6894, ip=172.31.41.253)[0m ++ '[' -z '' ']'
2026-03-26 13:25:15,284 - INFO - [36m(worker1, rank=1, pid=6894, ip=172.31.41.253)[0m ++ '[' -z '' ']'
2026-03-26 13:25:15,284 - INFO - [36m(worker1, rank=1, pid=6894, ip=172.31.41.253)[0m ++ hash -r
2026-03-26 13:25:15,284 - INFO - [36m(worker1, rank=1, pid=6894, ip=172.31.41.253)[0m ++ '[' -z '' ']'
2026-03-26 13:25:15,284 - INFO - [36m(worker1, rank=1, pid=6894, ip=172.31.41.253)[0m ++ unset VIRTUAL_ENV
2026-03-26 13:25:15,284 - INFO - [36m(worker1, rank=1, pid=6894, ip=172.31.41.253)[0m ++ unset VIRTUAL_ENV_PROMPT
2026-03-26 13:25:15,284 - INFO - [36m(worker1, rank=1, pid=6894, ip=172.31.41.253)[0m ++ '[' '!' nondestructive = nondestructive ']'
2026-03-26 13:25:15,284 - INFO - [36m(worker1, rank=1, pid=6894, ip=172.31.41.253)[0m ++ VIRTUAL_ENV=/home/ubuntu/sky_workdir/.venv
2026-03-26 13:25:15,284 - INFO - [36m(worker1, rank=1, pid=6894, ip=172.31.41.253)[0m ++ '[' linux-gnu = cygwin ']'
2026-03-26 13:25:15,284 - INFO - [36m(worker1, rank=1, pid=6894, ip=172.31.41.253)[0m ++ '[' linux-gnu = msys ']'
2026-03-26 13:25:15,284 - INFO - [36m(worker1, rank=1, pid=6894, ip=172.31.41.253)[0m ++ export VIRTUAL_ENV
2026-03-26 13:25:15,284 - INFO - [36m(worker1, rank=1, pid=6894, ip=172.31.41.253)[0m ++ '[' -z '' ']'
2026-03-26 13:25:15,284 - INFO - [36m(worker1, rank=1, pid=6894, ip=172.31.41.253)[0m ++ unset SCRIPT_PATH
2026-03-26 13:25:15,284 - INFO - [36m(worker1, rank=1, pid=6894, ip=172.31.41.253)[0m ++ _OLD_VIRTUAL_PATH=/home/ubuntu/.local/bin:/home/ubuntu/.local/bin:/home/ubuntu/miniconda3/bin:/home/ubuntu/miniconda3/condabin:/opt/amazon/openmpi/bin:/opt/amazon/efa/bin:/usr/local/cuda-12.8/bin:/usr/local/cuda-12.8/include:/usr/local/cuda-12.8/bin:/usr/local/cuda-12.8/include:/usr/local/sbin:/usr/local/bin:/usr/sbin:/usr/bin:/sbin:/bin:/usr/games:/usr/local/games:/snap/bin
2026-03-26 13:25:15,284 - INFO - [36m(worker1, rank=1, pid=6894, ip=172.31.41.253)[0m ++ PATH=/home/ubuntu/sky_workdir/.venv/bin:/home/ubuntu/.local/bin:/home/ubuntu/.local/bin:/home/ubuntu/miniconda3/bin:/home/ubuntu/miniconda3/condabin:/opt/amazon/openmpi/bin:/opt/amazon/efa/bin:/usr/local/cuda-12.8/bin:/usr/local/cuda-12.8/include:/usr/local/cuda-12.8/bin:/usr/local/cuda-12.8/include:/usr/local/sbin:/usr/local/bin:/usr/sbin:/usr/bin:/sbin:/bin:/usr/games:/usr/local/games:/snap/bin
2026-03-26 13:25:15,284 - INFO - [36m(worker1, rank=1, pid=6894, ip=172.31.41.253)[0m ++ export PATH
2026-03-26 13:25:15,284 - INFO - [36m(worker1, rank=1, pid=6894, ip=172.31.41.253)[0m ++ '[' xsky_workdir '!=' x ']'
2026-03-26 13:25:15,284 - INFO - [36m(worker1, rank=1, pid=6894, ip=172.31.41.253)[0m ++ VIRTUAL_ENV_PROMPT=sky_workdir
2026-03-26 13:25:15,284 - INFO - [36m(worker1, rank=1, pid=6894, ip=172.31.41.253)[0m ++ export VIRTUAL_ENV_PROMPT
2026-03-26 13:25:15,285 - INFO - [36m(worker1, rank=1, pid=6894, ip=172.31.41.253)[0m ++ '[' -z '' ']'
2026-03-26 13:25:15,285 - INFO - [36m(worker1, rank=1, pid=6894, ip=172.31.41.253)[0m ++ '[' -z '' ']'
2026-03-26 13:25:15,285 - INFO - [36m(worker1, rank=1, pid=6894, ip=172.31.41.253)[0m ++ _OLD_VIRTUAL_PS1='(base) ${debian_chroot:+($debian_chroot)}\u@\h:\w\$ '
2026-03-26 13:25:15,285 - INFO - [36m(worker1, rank=1, pid=6894, ip=172.31.41.253)[0m ++ PS1='(sky_workdir) (base) ${debian_chroot:+($debian_chroot)}\u@\h:\w\$ '
2026-03-26 13:25:15,285 - INFO - [36m(worker1, rank=1, pid=6894, ip=172.31.41.253)[0m ++ export PS1
2026-03-26 13:25:15,285 - INFO - [36m(worker1, rank=1, pid=6894, ip=172.31.41.253)[0m ++ alias pydoc
2026-03-26 13:25:15,285 - INFO - [36m(worker1, rank=1, pid=6894, ip=172.31.41.253)[0m ++ true
2026-03-26 13:25:15,285 - INFO - [36m(worker1, rank=1, pid=6894, ip=172.31.41.253)[0m ++ hash -r
2026-03-26 13:25:15,285 - INFO - [36m(worker1, rank=1, pid=6894, ip=172.31.41.253)[0m + echo '=== DETAILED PyTorch CUDA Diagnostics (in run phase) ==='
2026-03-26 13:25:15,285 - INFO - [36m(worker1, rank=1, pid=6894, ip=172.31.41.253)[0m === DETAILED PyTorch CUDA Diagnostics (in run phase) ===
2026-03-26 13:25:15,285 - INFO - [36m(worker1, rank=1, pid=6894, ip=172.31.41.253)[0m + echo '--- Environment ---'
2026-03-26 13:25:15,285 - INFO - [36m(worker1, rank=1, pid=6894, ip=172.31.41.253)[0m --- Environment ---
2026-03-26 13:25:15,285 - INFO - [36m(worker1, rank=1, pid=6894, ip=172.31.41.253)[0m + echo 'LD_LIBRARY_PATH: /usr/local/cuda/lib64:/usr/local/cuda/targets/x86_64-linux/lib:/usr/local/cuda-12.8/lib:/usr/local/cuda-12.8/lib64:/usr/local/cuda-12.8:/usr/local/cuda-12.8/targets/x86_64-linux/lib/:/usr/local/cuda-12.8/extras/CUPTI/lib64:/opt/amazon/efa/lib:/opt/amazon/openmpi/lib:/opt/amazon/ofi-nccl/lib/x86_64-linux-gnu:/usr/local/lib:/usr/lib:/usr/local/cuda-12.8/lib:/usr/local/cuda-12.8/lib64:/usr/local/cuda-12.8:/usr/local/cuda-12.8/targets/x86_64-linux/lib/:/usr/local/cuda-12.8/extras/CUPTI/lib64:/opt/amazon/efa/lib:/opt/amazon/openmpi/lib:/opt/amazon/ofi-nccl/lib/x86_64-linux-gnu:/usr/local/lib:/usr/lib'
2026-03-26 13:25:15,788 - INFO - [36m(worker1, rank=1, pid=6894, ip=172.31.41.253)[0m LD_LIBRARY_PATH: /usr/local/cuda/lib64:/usr/local/cuda/targets/x86_64-linux/lib:/usr/local/cuda-12.8/lib:/usr/local/cuda-12.8/lib64:/usr/local/cuda-12.8:/usr/local/cuda-12.8/targets/x86_64-linux/lib/:/usr/local/cuda-12.8/extras/CUPTI/lib64:/opt/amazon/efa/lib:/opt/amazon/openmpi/lib:/opt/amazon/ofi-nccl/lib/x86_64-linux-gnu:/usr/local/lib:/usr/lib:/usr/local/cuda-12.8/lib:/usr/local/cuda-12.8/lib64:/usr/local/cuda-12.8:/usr/local/cuda-12.8/targets/x86_64-linux/lib/:/usr/local/cuda-12.8/extras/CUPTI/lib64:/opt/amazon/efa/lib:/opt/amazon/openmpi/lib:/opt/amazon/ofi-nccl/lib/x86_64-linux-gnu:/usr/local/lib:/usr/lib
2026-03-26 13:25:15,788 - INFO - [36m(worker1, rank=1, pid=6894, ip=172.31.41.253)[0m + echo 'CUDA_HOME: /usr/local/cuda'
2026-03-26 13:25:15,788 - INFO - [36m(worker1, rank=1, pid=6894, ip=172.31.41.253)[0m CUDA_HOME: /usr/local/cuda
2026-03-26 13:25:15,788 - INFO - [36m(worker1, rank=1, pid=6894, ip=172.31.41.253)[0m + which python3
2026-03-26 13:25:15,788 - INFO - [36m(worker1, rank=1, pid=6894, ip=172.31.41.253)[0m /home/ubuntu/sky_workdir/.venv/bin/python3
2026-03-26 13:25:15,788 - INFO - [36m(worker1, rank=1, pid=6894, ip=172.31.41.253)[0m + echo '--- Torch info ---'
2026-03-26 13:25:15,788 - INFO - [36m(worker1, rank=1, pid=6894, ip=172.31.41.253)[0m --- Torch info ---
2026-03-26 13:25:15,788 - INFO - [36m(worker1, rank=1, pid=6894, ip=172.31.41.253)[0m + python3 -c 'import torch; print('\''torch.__version__:'\'', torch.__version__); print('\''torch.__file__:'\'', torch.__file__); print('\''torch.version.cuda:'\'', torch.version.cuda); print('\''torch.backends.cuda.is_built():'\'', torch.backends.cuda.is_built())'
2026-03-26 13:25:15,788 - INFO - [36m(head, rank=0, pid=7461)[0m torch.__version__: 2.7.1+cu126
2026-03-26 13:25:16,389 - INFO - [36m(head, rank=0, pid=7461)[0m torch.__file__: /home/ubuntu/sky_workdir/.venv/lib/python3.12/site-packages/torch/__init__.py
2026-03-26 13:25:16,390 - INFO - [36m(head, rank=0, pid=7461)[0m torch.version.cuda: 12.6
2026-03-26 13:25:16,390 - INFO - [36m(head, rank=0, pid=7461)[0m torch.backends.cuda.is_built(): True
2026-03-26 13:25:16,390 - INFO - [36m(head, rank=0, pid=7461)[0m + echo '--- CUDA check ---'
2026-03-26 13:25:19,412 - INFO - [36m(head, rank=0, pid=7461)[0m --- CUDA check ---
2026-03-26 13:25:19,412 - INFO - [36m(head, rank=0, pid=7461)[0m + python3 -c 'import torch; print('\''torch.cuda.is_available():'\'', torch.cuda.is_available()); print('\''torch.cuda.device_count():'\'', torch.cuda.device_count() if torch.cuda.is_available() else '\''N/A - checking why...'\'')'
2026-03-26 13:25:19,412 - INFO - [36m(worker1, rank=1, pid=6894, ip=172.31.41.253)[0m torch.__version__: 2.7.1+cu126
2026-03-26 13:25:19,412 - INFO - [36m(worker1, rank=1, pid=6894, ip=172.31.41.253)[0m torch.__file__: /home/ubuntu/sky_workdir/.venv/lib/python3.12/site-packages/torch/__init__.py
2026-03-26 13:25:19,412 - INFO - [36m(worker1, rank=1, pid=6894, ip=172.31.41.253)[0m torch.version.cuda: 12.6
2026-03-26 13:25:19,412 - INFO - [36m(worker1, rank=1, pid=6894, ip=172.31.41.253)[0m torch.backends.cuda.is_built(): True
2026-03-26 13:25:19,412 - INFO - [36m(worker1, rank=1, pid=6894, ip=172.31.41.253)[0m + echo '--- CUDA check ---'
2026-03-26 13:25:19,412 - INFO - [36m(worker1, rank=1, pid=6894, ip=172.31.41.253)[0m --- CUDA check ---
2026-03-26 13:25:19,412 - INFO - [36m(worker1, rank=1, pid=6894, ip=172.31.41.253)[0m + python3 -c 'import torch; print('\''torch.cuda.is_available():'\'', torch.cuda.is_available()); print('\''torch.cuda.device_count():'\'', torch.cuda.device_count() if torch.cuda.is_available() else '\''N/A - checking why...'\'')'
2026-03-26 13:25:19,412 - INFO - [36m(head, rank=0, pid=7461)[0m torch.cuda.is_available(): True
2026-03-26 13:25:20,017 - INFO - [36m(head, rank=0, pid=7461)[0m torch.cuda.device_count(): 8
2026-03-26 13:25:21,024 - INFO - [36m(worker1, rank=1, pid=6894, ip=172.31.41.253)[0m torch.cuda.is_available(): True
2026-03-26 13:25:21,024 - INFO - [36m(worker1, rank=1, pid=6894, ip=172.31.41.253)[0m torch.cuda.device_count(): 8
2026-03-26 13:25:21,024 - INFO - [36m(head, rank=0, pid=7461)[0m + echo '--- Loading CUDA libs directly ---'
2026-03-26 13:25:22,232 - INFO - [36m(head, rank=0, pid=7461)[0m --- Loading CUDA libs directly ---
2026-03-26 13:25:22,233 - INFO - [36m(head, rank=0, pid=7461)[0m + python3 -c 'import ctypes; libs=['\''libcuda.so.1'\'','\''libcudart.so.12'\'','\''libnvidia-ml.so.1'\'']; [print(l+'\'': OK'\'') if ctypes.CDLL(l) else None for l in libs]'
2026-03-26 13:25:22,233 - INFO - [36m(head, rank=0, pid=7461)[0m libcuda.so.1: OK
2026-03-26 13:25:22,233 - INFO - [36m(head, rank=0, pid=7461)[0m libcudart.so.12: OK
2026-03-26 13:25:22,233 - INFO - [36m(head, rank=0, pid=7461)[0m libnvidia-ml.so.1: OK
2026-03-26 13:25:22,233 - INFO - [36m(head, rank=0, pid=7461)[0m + echo '--- Manual CUDA init attempt ---'
2026-03-26 13:25:22,233 - INFO - [36m(head, rank=0, pid=7461)[0m --- Manual CUDA init attempt ---
2026-03-26 13:25:22,233 - INFO - [36m(head, rank=0, pid=7461)[0m + python3 -c 'import torch; torch.cuda.init(); print('\''torch.cuda.init() OK, device_count:'\'', torch.cuda.device_count())'
2026-03-26 13:25:22,233 - INFO - [36m(worker1, rank=1, pid=6894, ip=172.31.41.253)[0m + echo '--- Loading CUDA libs directly ---'
2026-03-26 13:25:24,547 - INFO - [36m(worker1, rank=1, pid=6894, ip=172.31.41.253)[0m --- Loading CUDA libs directly ---
2026-03-26 13:25:24,547 - INFO - [36m(worker1, rank=1, pid=6894, ip=172.31.41.253)[0m + python3 -c 'import ctypes; libs=['\''libcuda.so.1'\'','\''libcudart.so.12'\'','\''libnvidia-ml.so.1'\'']; [print(l+'\'': OK'\'') if ctypes.CDLL(l) else None for l in libs]'
2026-03-26 13:25:24,547 - INFO - [36m(worker1, rank=1, pid=6894, ip=172.31.41.253)[0m libcuda.so.1: OK
2026-03-26 13:25:24,547 - INFO - [36m(worker1, rank=1, pid=6894, ip=172.31.41.253)[0m libcudart.so.12: OK
2026-03-26 13:25:24,547 - INFO - [36m(worker1, rank=1, pid=6894, ip=172.31.41.253)[0m libnvidia-ml.so.1: OK
2026-03-26 13:25:24,547 - INFO - [36m(worker1, rank=1, pid=6894, ip=172.31.41.253)[0m + echo '--- Manual CUDA init attempt ---'
2026-03-26 13:25:24,547 - INFO - [36m(worker1, rank=1, pid=6894, ip=172.31.41.253)[0m --- Manual CUDA init attempt ---
2026-03-26 13:25:24,547 - INFO - [36m(worker1, rank=1, pid=6894, ip=172.31.41.253)[0m + python3 -c 'import torch; torch.cuda.init(); print('\''torch.cuda.init() OK, device_count:'\'', torch.cuda.device_count())'
2026-03-26 13:25:24,547 - INFO - [36m(head, rank=0, pid=7461)[0m torch.cuda.init() OK, device_count: 8
2026-03-26 13:25:25,756 - INFO - [36m(worker1, rank=1, pid=6894, ip=172.31.41.253)[0m torch.cuda.init() OK, device_count: 8
2026-03-26 13:25:26,682 - INFO - [36m(head, rank=0, pid=7461)[0m + echo '--- Installed torch packages ---'
2026-03-26 13:25:27,284 - INFO - [36m(head, rank=0, pid=7461)[0m --- Installed torch packages ---
2026-03-26 13:25:27,284 - INFO - [36m(head, rank=0, pid=7461)[0m + pip list
2026-03-26 13:25:27,284 - INFO - [36m(head, rank=0, pid=7461)[0m + grep --color=auto -i -E 'torch|nvidia|cuda|triton'
2026-03-26 13:25:27,284 - INFO - [36m(head, rank=0, pid=7461)[0m cuda-pathfinder                   1.5.0
2026-03-26 13:25:27,890 - INFO - [36m(head, rank=0, pid=7461)[0m cupy-cuda12x                      14.0.1
2026-03-26 13:25:27,890 - INFO - [36m(head, rank=0, pid=7461)[0m nvidia-cublas-cu12                12.6.4.1
2026-03-26 13:25:27,890 - INFO - [36m(head, rank=0, pid=7461)[0m nvidia-cuda-cupti-cu12            12.6.80
2026-03-26 13:25:27,890 - INFO - [36m(head, rank=0, pid=7461)[0m nvidia-cuda-nvrtc-cu12            12.6.77
2026-03-26 13:25:27,890 - INFO - [36m(head, rank=0, pid=7461)[0m nvidia-cuda-runtime-cu12          12.6.77
2026-03-26 13:25:27,890 - INFO - [36m(head, rank=0, pid=7461)[0m nvidia-cudnn-cu12                 9.5.1.17
2026-03-26 13:25:27,890 - INFO - [36m(head, rank=0, pid=7461)[0m nvidia-cufft-cu12                 11.3.0.4
2026-03-26 13:25:27,890 - INFO - [36m(head, rank=0, pid=7461)[0m nvidia-cufile-cu12                1.11.1.6
2026-03-26 13:25:27,890 - INFO - [36m(head, rank=0, pid=7461)[0m nvidia-curand-cu12                10.3.7.77
2026-03-26 13:25:27,890 - INFO - [36m(head, rank=0, pid=7461)[0m nvidia-cusolver-cu12              11.7.1.2
2026-03-26 13:25:27,890 - INFO - [36m(head, rank=0, pid=7461)[0m nvidia-cusparse-cu12              12.5.4.2
2026-03-26 13:25:27,891 - INFO - [36m(head, rank=0, pid=7461)[0m nvidia-cusparselt-cu12            0.6.3
2026-03-26 13:25:27,891 - INFO - [36m(head, rank=0, pid=7461)[0m nvidia-ml-py                      13.595.45
2026-03-26 13:25:27,891 - INFO - [36m(head, rank=0, pid=7461)[0m nvidia-nccl-cu12                  2.26.2
2026-03-26 13:25:27,891 - INFO - [36m(head, rank=0, pid=7461)[0m nvidia-nvjitlink-cu12             12.6.85
2026-03-26 13:25:27,891 - INFO - [36m(head, rank=0, pid=7461)[0m nvidia-nvtx-cu12                  12.6.77
2026-03-26 13:25:27,891 - INFO - [36m(head, rank=0, pid=7461)[0m torch                             2.7.1
2026-03-26 13:25:27,891 - INFO - [36m(head, rank=0, pid=7461)[0m torchaudio                        2.7.1
2026-03-26 13:25:27,891 - INFO - [36m(head, rank=0, pid=7461)[0m torchvision                       0.22.1
2026-03-26 13:25:27,891 - INFO - [36m(head, rank=0, pid=7461)[0m triton                            3.3.1
2026-03-26 13:25:27,891 - INFO - [36m(head, rank=0, pid=7461)[0m + echo =========================================
2026-03-26 13:25:27,891 - INFO - [36m(head, rank=0, pid=7461)[0m =========================================
2026-03-26 13:25:27,891 - INFO - [36m(head, rank=0, pid=7461)[0m + export LD_LIBRARY_PATH=/usr/local/cuda/lib64:/usr/local/cuda/targets/x86_64-linux/lib:/usr/local/cuda/lib64:/usr/local/cuda/targets/x86_64-linux/lib:/usr/local/cuda-12.8/lib:/usr/local/cuda-12.8/lib64:/usr/local/cuda-12.8:/usr/local/cuda-12.8/targets/x86_64-linux/lib/:/usr/local/cuda-12.8/extras/CUPTI/lib64:/opt/amazon/efa/lib:/opt/amazon/openmpi/lib:/opt/amazon/ofi-nccl/lib/x86_64-linux-gnu:/usr/local/lib:/usr/lib:/usr/local/cuda-12.8/lib:/usr/local/cuda-12.8/lib64:/usr/local/cuda-12.8:/usr/local/cuda-12.8/targets/x86_64-linux/lib/:/usr/local/cuda-12.8/extras/CUPTI/lib64:/opt/amazon/efa/lib:/opt/amazon/openmpi/lib:/opt/amazon/ofi-nccl/lib/x86_64-linux-gnu:/usr/local/lib:/usr/lib
2026-03-26 13:25:27,891 - INFO - [36m(head, rank=0, pid=7461)[0m + LD_LIBRARY_PATH=/usr/local/cuda/lib64:/usr/local/cuda/targets/x86_64-linux/lib:/usr/local/cuda/lib64:/usr/local/cuda/targets/x86_64-linux/lib:/usr/local/cuda-12.8/lib:/usr/local/cuda-12.8/lib64:/usr/local/cuda-12.8:/usr/local/cuda-12.8/targets/x86_64-linux/lib/:/usr/local/cuda-12.8/extras/CUPTI/lib64:/opt/amazon/efa/lib:/opt/amazon/openmpi/lib:/opt/amazon/ofi-nccl/lib/x86_64-linux-gnu:/usr/local/lib:/usr/lib:/usr/local/cuda-12.8/lib:/usr/local/cuda-12.8/lib64:/usr/local/cuda-12.8:/usr/local/cuda-12.8/targets/x86_64-linux/lib/:/usr/local/cuda-12.8/extras/CUPTI/lib64:/opt/amazon/efa/lib:/opt/amazon/openmpi/lib:/opt/amazon/ofi-nccl/lib/x86_64-linux-gnu:/usr/local/lib:/usr/lib
2026-03-26 13:25:27,891 - INFO - [36m(head, rank=0, pid=7461)[0m + export NCCL_P2P_DISABLE=0
2026-03-26 13:25:27,891 - INFO - [36m(head, rank=0, pid=7461)[0m + NCCL_P2P_DISABLE=0
2026-03-26 13:25:27,891 - INFO - [36m(head, rank=0, pid=7461)[0m + export NCCL_TIMEOUT=3600
2026-03-26 13:25:27,891 - INFO - [36m(head, rank=0, pid=7461)[0m + NCCL_TIMEOUT=3600
2026-03-26 13:25:27,891 - INFO - [36m(head, rank=0, pid=7461)[0m + export TORCH_NCCL_BLOCKING_WAIT=1
2026-03-26 13:25:27,891 - INFO - [36m(head, rank=0, pid=7461)[0m + TORCH_NCCL_BLOCKING_WAIT=1
2026-03-26 13:25:27,891 - INFO - [36m(head, rank=0, pid=7461)[0m + export TORCH_NCCL_ASYNC_ERROR_HANDLING=1
2026-03-26 13:25:27,891 - INFO - [36m(head, rank=0, pid=7461)[0m + TORCH_NCCL_ASYNC_ERROR_HANDLING=1
2026-03-26 13:25:27,891 - INFO - [36m(head, rank=0, pid=7461)[0m + export TORCH_NCCL_TRACE_BUFFER_SIZE=10000
2026-03-26 13:25:27,891 - INFO - [36m(head, rank=0, pid=7461)[0m + TORCH_NCCL_TRACE_BUFFER_SIZE=10000
2026-03-26 13:25:27,891 - INFO - [36m(head, rank=0, pid=7461)[0m + export TORCH_DISTRIBUTED_DEBUG=DETAIL
2026-03-26 13:25:27,891 - INFO - [36m(head, rank=0, pid=7461)[0m + TORCH_DISTRIBUTED_DEBUG=DETAIL
2026-03-26 13:25:27,891 - INFO - [36m(head, rank=0, pid=7461)[0m + export NCCL_DEBUG=INFO
2026-03-26 13:25:27,892 - INFO - [36m(head, rank=0, pid=7461)[0m + NCCL_DEBUG=INFO
2026-03-26 13:25:27,892 - INFO - [36m(head, rank=0, pid=7461)[0m + export LD_LIBRARY_PATH=/opt/amazon/ofi-nccl/lib:/opt/amazon/efa/lib:/usr/local/cuda/lib64:/usr/local/cuda/targets/x86_64-linux/lib:/usr/local/cuda/lib64:/usr/local/cuda/targets/x86_64-linux/lib:/usr/local/cuda-12.8/lib:/usr/local/cuda-12.8/lib64:/usr/local/cuda-12.8:/usr/local/cuda-12.8/targets/x86_64-linux/lib/:/usr/local/cuda-12.8/extras/CUPTI/lib64:/opt/amazon/efa/lib:/opt/amazon/openmpi/lib:/opt/amazon/ofi-nccl/lib/x86_64-linux-gnu:/usr/local/lib:/usr/lib:/usr/local/cuda-12.8/lib:/usr/local/cuda-12.8/lib64:/usr/local/cuda-12.8:/usr/local/cuda-12.8/targets/x86_64-linux/lib/:/usr/local/cuda-12.8/extras/CUPTI/lib64:/opt/amazon/efa/lib:/opt/amazon/openmpi/lib:/opt/amazon/ofi-nccl/lib/x86_64-linux-gnu:/usr/local/lib:/usr/lib
2026-03-26 13:25:27,892 - INFO - [36m(head, rank=0, pid=7461)[0m + LD_LIBRARY_PATH=/opt/amazon/ofi-nccl/lib:/opt/amazon/efa/lib:/usr/local/cuda/lib64:/usr/local/cuda/targets/x86_64-linux/lib:/usr/local/cuda/lib64:/usr/local/cuda/targets/x86_64-linux/lib:/usr/local/cuda-12.8/lib:/usr/local/cuda-12.8/lib64:/usr/local/cuda-12.8:/usr/local/cuda-12.8/targets/x86_64-linux/lib/:/usr/local/cuda-12.8/extras/CUPTI/lib64:/opt/amazon/efa/lib:/opt/amazon/openmpi/lib:/opt/amazon/ofi-nccl/lib/x86_64-linux-gnu:/usr/local/lib:/usr/lib:/usr/local/cuda-12.8/lib:/usr/local/cuda-12.8/lib64:/usr/local/cuda-12.8:/usr/local/cuda-12.8/targets/x86_64-linux/lib/:/usr/local/cuda-12.8/extras/CUPTI/lib64:/opt/amazon/efa/lib:/opt/amazon/openmpi/lib:/opt/amazon/ofi-nccl/lib/x86_64-linux-gnu:/usr/local/lib:/usr/lib
2026-03-26 13:25:27,892 - INFO - [36m(head, rank=0, pid=7461)[0m + export NCCL_NET_PLUGIN=ofi
2026-03-26 13:25:27,892 - INFO - [36m(head, rank=0, pid=7461)[0m + NCCL_NET_PLUGIN=ofi
2026-03-26 13:25:27,892 - INFO - [36m(head, rank=0, pid=7461)[0m + export FI_EFA_USE_DEVICE_RDMA=1
2026-03-26 13:25:27,892 - INFO - [36m(head, rank=0, pid=7461)[0m + FI_EFA_USE_DEVICE_RDMA=1
2026-03-26 13:25:27,892 - INFO - [36m(head, rank=0, pid=7461)[0m + export FI_PROVIDER=efa
2026-03-26 13:25:27,892 - INFO - [36m(head, rank=0, pid=7461)[0m + FI_PROVIDER=efa
2026-03-26 13:25:27,892 - INFO - [36m(head, rank=0, pid=7461)[0m + export NCCL_DEBUG_SUBSYS=NET
2026-03-26 13:25:27,892 - INFO - [36m(head, rank=0, pid=7461)[0m + NCCL_DEBUG_SUBSYS=NET
2026-03-26 13:25:27,892 - INFO - [36m(head, rank=0, pid=7461)[0m + export 'RAY_CMD=uv run ray'
2026-03-26 13:25:27,892 - INFO - [36m(head, rank=0, pid=7461)[0m + RAY_CMD='uv run ray'
2026-03-26 13:25:27,892 - INFO - [36m(head, rank=0, pid=7461)[0m + export RAY_DASHBOARD_HOST=0.0.0.0
2026-03-26 13:25:27,892 - INFO - [36m(head, rank=0, pid=7461)[0m + RAY_DASHBOARD_HOST=0.0.0.0
2026-03-26 13:25:27,892 - INFO - [36m(head, rank=0, pid=7461)[0m + export RAY_HEAD_PORT=6379
2026-03-26 13:25:27,892 - INFO - [36m(head, rank=0, pid=7461)[0m + RAY_HEAD_PORT=6379
2026-03-26 13:25:27,892 - INFO - [36m(head, rank=0, pid=7461)[0m + export RAY_DASHBOARD_PORT=8265
2026-03-26 13:25:27,892 - INFO - [36m(head, rank=0, pid=7461)[0m + RAY_DASHBOARD_PORT=8265
2026-03-26 13:25:27,892 - INFO - [36m(head, rank=0, pid=7461)[0m + export RAY_CGRAPH_get_timeout=1800
2026-03-26 13:25:27,892 - INFO - [36m(head, rank=0, pid=7461)[0m + RAY_CGRAPH_get_timeout=1800
2026-03-26 13:25:27,892 - INFO - [36m(head, rank=0, pid=7461)[0m + export RAY_CGRAPH_submit_timeout=180
2026-03-26 13:25:27,892 - INFO - [36m(head, rank=0, pid=7461)[0m + RAY_CGRAPH_submit_timeout=180
2026-03-26 13:25:27,892 - INFO - [36m(head, rank=0, pid=7461)[0m + /home/ubuntu/sky_templates/ray/start_cluster
2026-03-26 13:25:27,892 - INFO - [36m(head, rank=0, pid=7461)[0m [0;32mStarting Ray cluster...[0m
2026-03-26 13:25:27,892 - INFO - [36m(worker1, rank=1, pid=6894, ip=172.31.41.253)[0m + echo '--- Installed torch packages ---'
2026-03-26 13:25:27,992 - INFO - [36m(worker1, rank=1, pid=6894, ip=172.31.41.253)[0m --- Installed torch packages ---
2026-03-26 13:25:27,992 - INFO - [36m(worker1, rank=1, pid=6894, ip=172.31.41.253)[0m + pip list
2026-03-26 13:25:27,992 - INFO - [36m(worker1, rank=1, pid=6894, ip=172.31.41.253)[0m + grep --color=auto -i -E 'torch|nvidia|cuda|triton'
2026-03-26 13:25:27,992 - INFO - [36m(worker1, rank=1, pid=6894, ip=172.31.41.253)[0m cuda-pathfinder                   1.5.0
2026-03-26 13:25:28,496 - INFO - [36m(worker1, rank=1, pid=6894, ip=172.31.41.253)[0m cupy-cuda12x                      14.0.1
2026-03-26 13:25:28,496 - INFO - [36m(worker1, rank=1, pid=6894, ip=172.31.41.253)[0m nvidia-cublas-cu12                12.6.4.1
2026-03-26 13:25:28,496 - INFO - [36m(worker1, rank=1, pid=6894, ip=172.31.41.253)[0m nvidia-cuda-cupti-cu12            12.6.80
2026-03-26 13:25:28,497 - INFO - [36m(worker1, rank=1, pid=6894, ip=172.31.41.253)[0m nvidia-cuda-nvrtc-cu12            12.6.77
2026-03-26 13:25:28,497 - INFO - [36m(worker1, rank=1, pid=6894, ip=172.31.41.253)[0m nvidia-cuda-runtime-cu12          12.6.77
2026-03-26 13:25:28,497 - INFO - [36m(worker1, rank=1, pid=6894, ip=172.31.41.253)[0m nvidia-cudnn-cu12                 9.5.1.17
2026-03-26 13:25:28,497 - INFO - [36m(worker1, rank=1, pid=6894, ip=172.31.41.253)[0m nvidia-cufft-cu12                 11.3.0.4
2026-03-26 13:25:28,497 - INFO - [36m(worker1, rank=1, pid=6894, ip=172.31.41.253)[0m nvidia-cufile-cu12                1.11.1.6
2026-03-26 13:25:28,497 - INFO - [36m(worker1, rank=1, pid=6894, ip=172.31.41.253)[0m nvidia-curand-cu12                10.3.7.77
2026-03-26 13:25:28,497 - INFO - [36m(worker1, rank=1, pid=6894, ip=172.31.41.253)[0m nvidia-cusolver-cu12              11.7.1.2
2026-03-26 13:25:28,497 - INFO - [36m(worker1, rank=1, pid=6894, ip=172.31.41.253)[0m nvidia-cusparse-cu12              12.5.4.2
2026-03-26 13:25:28,497 - INFO - [36m(worker1, rank=1, pid=6894, ip=172.31.41.253)[0m nvidia-cusparselt-cu12            0.6.3
2026-03-26 13:25:28,497 - INFO - [36m(worker1, rank=1, pid=6894, ip=172.31.41.253)[0m nvidia-ml-py                      13.595.45
2026-03-26 13:25:28,497 - INFO - [36m(worker1, rank=1, pid=6894, ip=172.31.41.253)[0m nvidia-nccl-cu12                  2.26.2
2026-03-26 13:25:28,497 - INFO - [36m(worker1, rank=1, pid=6894, ip=172.31.41.253)[0m nvidia-nvjitlink-cu12             12.6.85
2026-03-26 13:25:28,497 - INFO - [36m(worker1, rank=1, pid=6894, ip=172.31.41.253)[0m nvidia-nvtx-cu12                  12.6.77
2026-03-26 13:25:28,497 - INFO - [36m(worker1, rank=1, pid=6894, ip=172.31.41.253)[0m torch                             2.7.1
2026-03-26 13:25:28,497 - INFO - [36m(worker1, rank=1, pid=6894, ip=172.31.41.253)[0m torchaudio                        2.7.1
2026-03-26 13:25:28,497 - INFO - [36m(worker1, rank=1, pid=6894, ip=172.31.41.253)[0m torchvision                       0.22.1
2026-03-26 13:25:28,497 - INFO - [36m(worker1, rank=1, pid=6894, ip=172.31.41.253)[0m triton                            3.3.1
2026-03-26 13:25:28,497 - INFO - [36m(worker1, rank=1, pid=6894, ip=172.31.41.253)[0m + echo =========================================
2026-03-26 13:25:28,497 - INFO - [36m(worker1, rank=1, pid=6894, ip=172.31.41.253)[0m =========================================
2026-03-26 13:25:28,497 - INFO - [36m(worker1, rank=1, pid=6894, ip=172.31.41.253)[0m + export LD_LIBRARY_PATH=/usr/local/cuda/lib64:/usr/local/cuda/targets/x86_64-linux/lib:/usr/local/cuda/lib64:/usr/local/cuda/targets/x86_64-linux/lib:/usr/local/cuda-12.8/lib:/usr/local/cuda-12.8/lib64:/usr/local/cuda-12.8:/usr/local/cuda-12.8/targets/x86_64-linux/lib/:/usr/local/cuda-12.8/extras/CUPTI/lib64:/opt/amazon/efa/lib:/opt/amazon/openmpi/lib:/opt/amazon/ofi-nccl/lib/x86_64-linux-gnu:/usr/local/lib:/usr/lib:/usr/local/cuda-12.8/lib:/usr/local/cuda-12.8/lib64:/usr/local/cuda-12.8:/usr/local/cuda-12.8/targets/x86_64-linux/lib/:/usr/local/cuda-12.8/extras/CUPTI/lib64:/opt/amazon/efa/lib:/opt/amazon/openmpi/lib:/opt/amazon/ofi-nccl/lib/x86_64-linux-gnu:/usr/local/lib:/usr/lib
2026-03-26 13:25:28,497 - INFO - [36m(worker1, rank=1, pid=6894, ip=172.31.41.253)[0m + LD_LIBRARY_PATH=/usr/local/cuda/lib64:/usr/local/cuda/targets/x86_64-linux/lib:/usr/local/cuda/lib64:/usr/local/cuda/targets/x86_64-linux/lib:/usr/local/cuda-12.8/lib:/usr/local/cuda-12.8/lib64:/usr/local/cuda-12.8:/usr/local/cuda-12.8/targets/x86_64-linux/lib/:/usr/local/cuda-12.8/extras/CUPTI/lib64:/opt/amazon/efa/lib:/opt/amazon/openmpi/lib:/opt/amazon/ofi-nccl/lib/x86_64-linux-gnu:/usr/local/lib:/usr/lib:/usr/local/cuda-12.8/lib:/usr/local/cuda-12.8/lib64:/usr/local/cuda-12.8:/usr/local/cuda-12.8/targets/x86_64-linux/lib/:/usr/local/cuda-12.8/extras/CUPTI/lib64:/opt/amazon/efa/lib:/opt/amazon/openmpi/lib:/opt/amazon/ofi-nccl/lib/x86_64-linux-gnu:/usr/local/lib:/usr/lib
2026-03-26 13:25:28,497 - INFO - [36m(worker1, rank=1, pid=6894, ip=172.31.41.253)[0m + export NCCL_P2P_DISABLE=0
2026-03-26 13:25:28,497 - INFO - [36m(worker1, rank=1, pid=6894, ip=172.31.41.253)[0m + NCCL_P2P_DISABLE=0
2026-03-26 13:25:28,497 - INFO - [36m(worker1, rank=1, pid=6894, ip=172.31.41.253)[0m + export NCCL_TIMEOUT=3600
2026-03-26 13:25:28,497 - INFO - [36m(worker1, rank=1, pid=6894, ip=172.31.41.253)[0m + NCCL_TIMEOUT=3600
2026-03-26 13:25:28,497 - INFO - [36m(worker1, rank=1, pid=6894, ip=172.31.41.253)[0m + export TORCH_NCCL_BLOCKING_WAIT=1
2026-03-26 13:25:28,497 - INFO - [36m(worker1, rank=1, pid=6894, ip=172.31.41.253)[0m + TORCH_NCCL_BLOCKING_WAIT=1
2026-03-26 13:25:28,497 - INFO - [36m(worker1, rank=1, pid=6894, ip=172.31.41.253)[0m + export TORCH_NCCL_ASYNC_ERROR_HANDLING=1
2026-03-26 13:25:28,497 - INFO - [36m(worker1, rank=1, pid=6894, ip=172.31.41.253)[0m + TORCH_NCCL_ASYNC_ERROR_HANDLING=1
2026-03-26 13:25:28,497 - INFO - [36m(worker1, rank=1, pid=6894, ip=172.31.41.253)[0m + export TORCH_NCCL_TRACE_BUFFER_SIZE=10000
2026-03-26 13:25:28,497 - INFO - [36m(worker1, rank=1, pid=6894, ip=172.31.41.253)[0m + TORCH_NCCL_TRACE_BUFFER_SIZE=10000
2026-03-26 13:25:28,497 - INFO - [36m(worker1, rank=1, pid=6894, ip=172.31.41.253)[0m + export TORCH_DISTRIBUTED_DEBUG=DETAIL
2026-03-26 13:25:28,497 - INFO - [36m(worker1, rank=1, pid=6894, ip=172.31.41.253)[0m + TORCH_DISTRIBUTED_DEBUG=DETAIL
2026-03-26 13:25:28,497 - INFO - [36m(worker1, rank=1, pid=6894, ip=172.31.41.253)[0m + export NCCL_DEBUG=INFO
2026-03-26 13:25:28,497 - INFO - [36m(worker1, rank=1, pid=6894, ip=172.31.41.253)[0m + NCCL_DEBUG=INFO
2026-03-26 13:25:28,497 - INFO - [36m(worker1, rank=1, pid=6894, ip=172.31.41.253)[0m + export LD_LIBRARY_PATH=/opt/amazon/ofi-nccl/lib:/opt/amazon/efa/lib:/usr/local/cuda/lib64:/usr/local/cuda/targets/x86_64-linux/lib:/usr/local/cuda/lib64:/usr/local/cuda/targets/x86_64-linux/lib:/usr/local/cuda-12.8/lib:/usr/local/cuda-12.8/lib64:/usr/local/cuda-12.8:/usr/local/cuda-12.8/targets/x86_64-linux/lib/:/usr/local/cuda-12.8/extras/CUPTI/lib64:/opt/amazon/efa/lib:/opt/amazon/openmpi/lib:/opt/amazon/ofi-nccl/lib/x86_64-linux-gnu:/usr/local/lib:/usr/lib:/usr/local/cuda-12.8/lib:/usr/local/cuda-12.8/lib64:/usr/local/cuda-12.8:/usr/local/cuda-12.8/targets/x86_64-linux/lib/:/usr/local/cuda-12.8/extras/CUPTI/lib64:/opt/amazon/efa/lib:/opt/amazon/openmpi/lib:/opt/amazon/ofi-nccl/lib/x86_64-linux-gnu:/usr/local/lib:/usr/lib
2026-03-26 13:25:28,497 - INFO - [36m(worker1, rank=1, pid=6894, ip=172.31.41.253)[0m + LD_LIBRARY_PATH=/opt/amazon/ofi-nccl/lib:/opt/amazon/efa/lib:/usr/local/cuda/lib64:/usr/local/cuda/targets/x86_64-linux/lib:/usr/local/cuda/lib64:/usr/local/cuda/targets/x86_64-linux/lib:/usr/local/cuda-12.8/lib:/usr/local/cuda-12.8/lib64:/usr/local/cuda-12.8:/usr/local/cuda-12.8/targets/x86_64-linux/lib/:/usr/local/cuda-12.8/extras/CUPTI/lib64:/opt/amazon/efa/lib:/opt/amazon/openmpi/lib:/opt/amazon/ofi-nccl/lib/x86_64-linux-gnu:/usr/local/lib:/usr/lib:/usr/local/cuda-12.8/lib:/usr/local/cuda-12.8/lib64:/usr/local/cuda-12.8:/usr/local/cuda-12.8/targets/x86_64-linux/lib/:/usr/local/cuda-12.8/extras/CUPTI/lib64:/opt/amazon/efa/lib:/opt/amazon/openmpi/lib:/opt/amazon/ofi-nccl/lib/x86_64-linux-gnu:/usr/local/lib:/usr/lib
2026-03-26 13:25:28,497 - INFO - [36m(worker1, rank=1, pid=6894, ip=172.31.41.253)[0m + export NCCL_NET_PLUGIN=ofi
2026-03-26 13:25:28,497 - INFO - [36m(worker1, rank=1, pid=6894, ip=172.31.41.253)[0m + NCCL_NET_PLUGIN=ofi
2026-03-26 13:25:28,497 - INFO - [36m(worker1, rank=1, pid=6894, ip=172.31.41.253)[0m + export FI_EFA_USE_DEVICE_RDMA=1
2026-03-26 13:25:28,497 - INFO - [36m(worker1, rank=1, pid=6894, ip=172.31.41.253)[0m + FI_EFA_USE_DEVICE_RDMA=1
2026-03-26 13:25:28,497 - INFO - [36m(worker1, rank=1, pid=6894, ip=172.31.41.253)[0m + export FI_PROVIDER=efa
2026-03-26 13:25:28,497 - INFO - [36m(worker1, rank=1, pid=6894, ip=172.31.41.253)[0m + FI_PROVIDER=efa
2026-03-26 13:25:28,497 - INFO - [36m(worker1, rank=1, pid=6894, ip=172.31.41.253)[0m + export NCCL_DEBUG_SUBSYS=NET
2026-03-26 13:25:28,497 - INFO - [36m(worker1, rank=1, pid=6894, ip=172.31.41.253)[0m + NCCL_DEBUG_SUBSYS=NET
2026-03-26 13:25:28,497 - INFO - [36m(worker1, rank=1, pid=6894, ip=172.31.41.253)[0m + export 'RAY_CMD=uv run ray'
2026-03-26 13:25:28,497 - INFO - [36m(worker1, rank=1, pid=6894, ip=172.31.41.253)[0m + RAY_CMD='uv run ray'
2026-03-26 13:25:28,497 - INFO - [36m(worker1, rank=1, pid=6894, ip=172.31.41.253)[0m + export RAY_DASHBOARD_HOST=0.0.0.0
2026-03-26 13:25:28,497 - INFO - [36m(worker1, rank=1, pid=6894, ip=172.31.41.253)[0m + RAY_DASHBOARD_HOST=0.0.0.0
2026-03-26 13:25:28,498 - INFO - [36m(worker1, rank=1, pid=6894, ip=172.31.41.253)[0m + export RAY_HEAD_PORT=6379
2026-03-26 13:25:28,498 - INFO - [36m(worker1, rank=1, pid=6894, ip=172.31.41.253)[0m + RAY_HEAD_PORT=6379
2026-03-26 13:25:28,498 - INFO - [36m(worker1, rank=1, pid=6894, ip=172.31.41.253)[0m + export RAY_DASHBOARD_PORT=8265
2026-03-26 13:25:28,498 - INFO - [36m(worker1, rank=1, pid=6894, ip=172.31.41.253)[0m + RAY_DASHBOARD_PORT=8265
2026-03-26 13:25:28,498 - INFO - [36m(worker1, rank=1, pid=6894, ip=172.31.41.253)[0m + export RAY_CGRAPH_get_timeout=1800
2026-03-26 13:25:28,498 - INFO - [36m(worker1, rank=1, pid=6894, ip=172.31.41.253)[0m + RAY_CGRAPH_get_timeout=1800
2026-03-26 13:25:28,498 - INFO - [36m(worker1, rank=1, pid=6894, ip=172.31.41.253)[0m + export RAY_CGRAPH_submit_timeout=180
2026-03-26 13:25:28,498 - INFO - [36m(worker1, rank=1, pid=6894, ip=172.31.41.253)[0m + RAY_CGRAPH_submit_timeout=180
2026-03-26 13:25:28,498 - INFO - [36m(worker1, rank=1, pid=6894, ip=172.31.41.253)[0m + /home/ubuntu/sky_templates/ray/start_cluster
2026-03-26 13:25:29,000 - INFO - [36m(worker1, rank=1, pid=6894, ip=172.31.41.253)[0m [0;32mStarting Ray cluster...[0m
2026-03-26 13:25:29,000 - INFO - [36m(head, rank=0, pid=7461)[0m Resolved 59 packages in 135ms
2026-03-26 13:25:29,704 - INFO - [36m(head, rank=0, pid=7461)[0m Downloading cryptography (4.3MiB)
2026-03-26 13:25:29,704 - INFO - [36m(head, rank=0, pid=7461)[0m Downloading grpcio (6.4MiB)
2026-03-26 13:25:29,704 - INFO - [36m(head, rank=0, pid=7461)[0m  Downloaded grpcio
2026-03-26 13:25:29,705 - INFO - [36m(head, rank=0, pid=7461)[0m  Downloaded cryptography
2026-03-26 13:25:29,705 - INFO - [36m(head, rank=0, pid=7461)[0m Prepared 14 packages in 167ms
2026-03-26 13:25:29,705 - INFO - [36m(head, rank=0, pid=7461)[0m Uninstalled 2 packages in 1ms
2026-03-26 13:25:29,705 - INFO - [36m(head, rank=0, pid=7461)[0m Installed 28 packages in 123ms
2026-03-26 13:25:30,207 - INFO - [36m(head, rank=0, pid=7461)[0m  + aiohttp-cors==0.8.1
2026-03-26 13:25:30,207 - INFO - [36m(head, rank=0, pid=7461)[0m  - click==8.3.1
2026-03-26 13:25:30,207 - INFO - [36m(head, rank=0, pid=7461)[0m  + click==8.2.1
2026-03-26 13:25:30,207 - INFO - [36m(head, rank=0, pid=7461)[0m  + colorful==0.5.8
2026-03-26 13:25:30,207 - INFO - [36m(head, rank=0, pid=7461)[0m  + cryptography==46.0.6
2026-03-26 13:25:30,207 - INFO - [36m(head, rank=0, pid=7461)[0m  + distlib==0.4.0
2026-03-26 13:25:30,207 - INFO - [36m(head, rank=0, pid=7461)[0m  + google-api-core==2.30.0
2026-03-26 13:25:30,207 - INFO - [36m(head, rank=0, pid=7461)[0m  + google-auth==2.49.1
2026-03-26 13:25:30,207 - INFO - [36m(head, rank=0, pid=7461)[0m  + googleapis-common-protos==1.73.0
2026-03-26 13:25:30,207 - INFO - [36m(head, rank=0, pid=7461)[0m  + grpcio==1.78.0
2026-03-26 13:25:30,207 - INFO - [36m(head, rank=0, pid=7461)[0m  + importlib-metadata==8.7.1
2026-03-26 13:25:30,207 - INFO - [36m(head, rank=0, pid=7461)[0m  + opencensus==0.11.4
2026-03-26 13:25:30,207 - INFO - [36m(head, rank=0, pid=7461)[0m  + opencensus-context==0.1.3
2026-03-26 13:25:30,207 - INFO - [36m(head, rank=0, pid=7461)[0m  + opentelemetry-api==1.40.0
2026-03-26 13:25:30,207 - INFO - [36m(head, rank=0, pid=7461)[0m  + opentelemetry-exporter-prometheus==0.61b0
2026-03-26 13:25:30,207 - INFO - [36m(head, rank=0, pid=7461)[0m  + opentelemetry-proto==1.40.0
2026-03-26 13:25:30,207 - INFO - [36m(head, rank=0, pid=7461)[0m  + opentelemetry-sdk==1.40.0
2026-03-26 13:25:30,207 - INFO - [36m(head, rank=0, pid=7461)[0m  + opentelemetry-semantic-conventions==0.61b0
2026-03-26 13:25:30,207 - INFO - [36m(head, rank=0, pid=7461)[0m  + platformdirs==4.9.4
2026-03-26 13:25:30,207 - INFO - [36m(head, rank=0, pid=7461)[0m  + proto-plus==1.27.1
2026-03-26 13:25:30,207 - INFO - [36m(head, rank=0, pid=7461)[0m  - protobuf==7.34.1
2026-03-26 13:25:30,207 - INFO - [36m(head, rank=0, pid=7461)[0m  + protobuf==6.33.6
2026-03-26 13:25:30,207 - INFO - [36m(head, rank=0, pid=7461)[0m  + py-spy==0.4.1
2026-03-26 13:25:30,207 - INFO - [36m(head, rank=0, pid=7461)[0m  + pyasn1==0.6.3
2026-03-26 13:25:30,207 - INFO - [36m(head, rank=0, pid=7461)[0m  + pyasn1-modules==0.4.2
2026-03-26 13:25:30,207 - INFO - [36m(head, rank=0, pid=7461)[0m  + python-discovery==1.2.0
2026-03-26 13:25:30,207 - INFO - [36m(head, rank=0, pid=7461)[0m  + smart-open==7.5.1
2026-03-26 13:25:30,207 - INFO - [36m(head, rank=0, pid=7461)[0m  + virtualenv==21.2.0
2026-03-26 13:25:30,207 - INFO - [36m(head, rank=0, pid=7461)[0m  + wrapt==2.1.2
2026-03-26 13:25:30,207 - INFO - [36m(head, rank=0, pid=7461)[0m  + zipp==3.23.0
2026-03-26 13:25:30,207 - INFO - [36m(worker1, rank=1, pid=6894, ip=172.31.41.253)[0m Resolved 59 packages in 144ms
2026-03-26 13:25:30,911 - INFO - [36m(worker1, rank=1, pid=6894, ip=172.31.41.253)[0m Downloading grpcio (6.4MiB)
2026-03-26 13:25:30,911 - INFO - [36m(worker1, rank=1, pid=6894, ip=172.31.41.253)[0m Downloading cryptography (4.3MiB)
2026-03-26 13:25:30,911 - INFO - [36m(worker1, rank=1, pid=6894, ip=172.31.41.253)[0m  Downloaded grpcio
2026-03-26 13:25:30,911 - INFO - [36m(worker1, rank=1, pid=6894, ip=172.31.41.253)[0m  Downloaded cryptography
2026-03-26 13:25:30,911 - INFO - [36m(worker1, rank=1, pid=6894, ip=172.31.41.253)[0m Prepared 14 packages in 213ms
2026-03-26 13:25:30,911 - INFO - [36m(worker1, rank=1, pid=6894, ip=172.31.41.253)[0m Uninstalled 2 packages in 1ms
2026-03-26 13:25:30,911 - INFO - [36m(worker1, rank=1, pid=6894, ip=172.31.41.253)[0m Installed 28 packages in 46ms
2026-03-26 13:25:33,228 - INFO - [36m(worker1, rank=1, pid=6894, ip=172.31.41.253)[0m  + aiohttp-cors==0.8.1
2026-03-26 13:25:33,228 - INFO - [36m(worker1, rank=1, pid=6894, ip=172.31.41.253)[0m  - click==8.3.1
2026-03-26 13:25:33,228 - INFO - [36m(worker1, rank=1, pid=6894, ip=172.31.41.253)[0m  + click==8.2.1
2026-03-26 13:25:33,228 - INFO - [36m(worker1, rank=1, pid=6894, ip=172.31.41.253)[0m  + colorful==0.5.8
2026-03-26 13:25:33,228 - INFO - [36m(worker1, rank=1, pid=6894, ip=172.31.41.253)[0m  + cryptography==46.0.6
2026-03-26 13:25:33,228 - INFO - [36m(worker1, rank=1, pid=6894, ip=172.31.41.253)[0m  + distlib==0.4.0
2026-03-26 13:25:33,228 - INFO - [36m(worker1, rank=1, pid=6894, ip=172.31.41.253)[0m  + google-api-core==2.30.0
2026-03-26 13:25:33,228 - INFO - [36m(worker1, rank=1, pid=6894, ip=172.31.41.253)[0m  + google-auth==2.49.1
2026-03-26 13:25:33,228 - INFO - [36m(worker1, rank=1, pid=6894, ip=172.31.41.253)[0m  + googleapis-common-protos==1.73.0
2026-03-26 13:25:33,228 - INFO - [36m(worker1, rank=1, pid=6894, ip=172.31.41.253)[0m  + grpcio==1.78.0
2026-03-26 13:25:33,228 - INFO - [36m(worker1, rank=1, pid=6894, ip=172.31.41.253)[0m  + importlib-metadata==8.7.1
2026-03-26 13:25:33,228 - INFO - [36m(worker1, rank=1, pid=6894, ip=172.31.41.253)[0m  + opencensus==0.11.4
2026-03-26 13:25:33,228 - INFO - [36m(worker1, rank=1, pid=6894, ip=172.31.41.253)[0m  + opencensus-context==0.1.3
2026-03-26 13:25:33,228 - INFO - [36m(worker1, rank=1, pid=6894, ip=172.31.41.253)[0m  + opentelemetry-api==1.40.0
2026-03-26 13:25:33,228 - INFO - [36m(worker1, rank=1, pid=6894, ip=172.31.41.253)[0m  + opentelemetry-exporter-prometheus==0.61b0
2026-03-26 13:25:33,228 - INFO - [36m(worker1, rank=1, pid=6894, ip=172.31.41.253)[0m  + opentelemetry-proto==1.40.0
2026-03-26 13:25:33,228 - INFO - [36m(worker1, rank=1, pid=6894, ip=172.31.41.253)[0m  + opentelemetry-sdk==1.40.0
2026-03-26 13:25:33,228 - INFO - [36m(worker1, rank=1, pid=6894, ip=172.31.41.253)[0m  + opentelemetry-semantic-conventions==0.61b0
2026-03-26 13:25:33,228 - INFO - [36m(worker1, rank=1, pid=6894, ip=172.31.41.253)[0m  + platformdirs==4.9.4
2026-03-26 13:25:33,228 - INFO - [36m(worker1, rank=1, pid=6894, ip=172.31.41.253)[0m  + proto-plus==1.27.1
2026-03-26 13:25:33,228 - INFO - [36m(worker1, rank=1, pid=6894, ip=172.31.41.253)[0m  - protobuf==7.34.1
2026-03-26 13:25:33,228 - INFO - [36m(worker1, rank=1, pid=6894, ip=172.31.41.253)[0m  + protobuf==6.33.6
2026-03-26 13:25:33,228 - INFO - [36m(worker1, rank=1, pid=6894, ip=172.31.41.253)[0m  + py-spy==0.4.1
2026-03-26 13:25:33,228 - INFO - [36m(worker1, rank=1, pid=6894, ip=172.31.41.253)[0m  + pyasn1==0.6.3
2026-03-26 13:25:33,229 - INFO - [36m(worker1, rank=1, pid=6894, ip=172.31.41.253)[0m  + pyasn1-modules==0.4.2
2026-03-26 13:25:33,229 - INFO - [36m(worker1, rank=1, pid=6894, ip=172.31.41.253)[0m  + python-discovery==1.2.0
2026-03-26 13:25:33,229 - INFO - [36m(worker1, rank=1, pid=6894, ip=172.31.41.253)[0m  + smart-open==7.5.1
2026-03-26 13:25:33,229 - INFO - [36m(worker1, rank=1, pid=6894, ip=172.31.41.253)[0m  + virtualenv==21.2.0
2026-03-26 13:25:33,229 - INFO - [36m(worker1, rank=1, pid=6894, ip=172.31.41.253)[0m  + wrapt==2.1.2
2026-03-26 13:25:33,229 - INFO - [36m(worker1, rank=1, pid=6894, ip=172.31.41.253)[0m  + zipp==3.23.0
2026-03-26 13:25:33,229 - INFO - [36m(head, rank=0, pid=7461)[0m [0;32mRay 2.54.1 is installed.[0m
2026-03-26 13:25:34,233 - INFO - [36m(worker1, rank=1, pid=6894, ip=172.31.41.253)[0m [0;32mRay 2.54.1 is installed.[0m
2026-03-26 13:26:09,653 - INFO - [36m(head, rank=0, pid=7461)[0m [0;32mStarting Ray head node...[0m
2026-03-26 13:26:10,659 - INFO - [36m(worker1, rank=1, pid=6894, ip=172.31.41.253)[0m [0;32mStarting Ray worker node...[0m
2026-03-26 13:26:12,267 - INFO - [36m(worker1, rank=1, pid=6894, ip=172.31.41.253)[0m Waiting for head node at 172.31.40.7:6379...
2026-03-26 13:26:12,267 - INFO - [36m(head, rank=0, pid=7461)[0m 2026-03-26 07:56:10,425	INFO usage_lib.py:447 -- Usage stats collection is disabled.
2026-03-26 13:26:12,267 - INFO - [36m(head, rank=0, pid=7461)[0m 2026-03-26 07:56:10,426	INFO scripts.py:936 -- [37mLocal node IP[39m: [1m172.31.40.7[22m
2026-03-26 13:26:12,267 - INFO - [36m(worker1, rank=1, pid=6894, ip=172.31.41.253)[0m Head node not healthy yet. Retrying in 1s...
2026-03-26 13:26:14,485 - INFO - [36m(worker1, rank=1, pid=6894, ip=172.31.41.253)[0m [0;32mHead node is healthy. Starting worker node...[0m
2026-03-26 13:26:15,697 - INFO - [36m(worker1, rank=1, pid=6894, ip=172.31.41.253)[0m 2026-03-26 07:56:15,380	INFO scripts.py:1124 -- [37mLocal node IP[39m: [1m172.31.41.253[22m
2026-03-26 13:26:22,035 - INFO - [36m(head, rank=0, pid=7461)[0m 2026-03-26 07:56:21,835	SUCC scripts.py:975 -- [32m--------------------[39m
2026-03-26 13:26:23,846 - INFO - [36m(head, rank=0, pid=7461)[0m 2026-03-26 07:56:21,835	SUCC scripts.py:976 -- [32mRay runtime started.[39m
2026-03-26 13:26:23,846 - INFO - [36m(head, rank=0, pid=7461)[0m 2026-03-26 07:56:21,835	SUCC scripts.py:977 -- [32m--------------------[39m
2026-03-26 13:26:23,846 - INFO - [36m(head, rank=0, pid=7461)[0m 2026-03-26 07:56:21,836	INFO scripts.py:979 -- [36mNext steps[39m
2026-03-26 13:26:23,846 - INFO - [36m(head, rank=0, pid=7461)[0m 2026-03-26 07:56:21,836	INFO scripts.py:982 -- To add another node to this Ray cluster, run
2026-03-26 13:26:23,846 - INFO - [36m(head, rank=0, pid=7461)[0m 2026-03-26 07:56:21,836	INFO scripts.py:985 -- [1m  ray start --address='172.31.40.7:6379'[22m
2026-03-26 13:26:23,847 - INFO - [36m(head, rank=0, pid=7461)[0m 2026-03-26 07:56:21,836	INFO scripts.py:996 -- To connect to this Ray cluster:
2026-03-26 13:26:23,847 - INFO - [36m(head, rank=0, pid=7461)[0m 2026-03-26 07:56:21,836	INFO scripts.py:998 -- [35mimport[39m[26m ray
2026-03-26 13:26:23,847 - INFO - [36m(head, rank=0, pid=7461)[0m 2026-03-26 07:56:21,836	INFO scripts.py:999 -- ray[35m.[39m[26minit()
2026-03-26 13:26:23,847 - INFO - [36m(head, rank=0, pid=7461)[0m 2026-03-26 07:56:21,836	INFO scripts.py:1013 -- To submit a Ray job using the Ray Jobs CLI:
2026-03-26 13:26:23,847 - INFO - [36m(head, rank=0, pid=7461)[0m 2026-03-26 07:56:21,836	INFO scripts.py:1014 -- [1m  RAY_API_SERVER_ADDRESS='http://172.31.40.7:8265' ray job submit --working-dir . -- python my_script.py[22m
2026-03-26 13:26:23,847 - INFO - [36m(head, rank=0, pid=7461)[0m 2026-03-26 07:56:21,836	INFO scripts.py:1023 -- See https://docs.ray.io/en/latest/cluster/running-applications/job-submission/index.html
2026-03-26 13:26:23,847 - INFO - [36m(head, rank=0, pid=7461)[0m 2026-03-26 07:56:21,836	INFO scripts.py:1027 -- for more information on submitting Ray jobs to the Ray cluster.
2026-03-26 13:26:23,847 - INFO - [36m(head, rank=0, pid=7461)[0m 2026-03-26 07:56:21,836	INFO scripts.py:1032 -- To terminate the Ray runtime, run
2026-03-26 13:26:23,847 - INFO - [36m(head, rank=0, pid=7461)[0m 2026-03-26 07:56:21,836	INFO scripts.py:1033 -- [1m  ray stop[22m
2026-03-26 13:26:23,847 - INFO - [36m(head, rank=0, pid=7461)[0m 2026-03-26 07:56:21,836	INFO scripts.py:1036 -- To view the status of the cluster, use
2026-03-26 13:26:23,847 - INFO - [36m(head, rank=0, pid=7461)[0m 2026-03-26 07:56:21,836	INFO scripts.py:1037 --   [1mray status[22m[26m
2026-03-26 13:26:23,847 - INFO - [36m(head, rank=0, pid=7461)[0m 2026-03-26 07:56:21,836	INFO scripts.py:1041 -- To monitor and debug Ray, view the dashboard at
2026-03-26 13:26:23,847 - INFO - [36m(head, rank=0, pid=7461)[0m 2026-03-26 07:56:21,836	INFO scripts.py:1042 --   [1m172.31.40.7:8265[22m[26m
2026-03-26 13:26:23,847 - INFO - [36m(head, rank=0, pid=7461)[0m 2026-03-26 07:56:21,836	INFO scripts.py:1049 -- [4mIf connection to the dashboard fails, check your firewall settings and network configuration.[24m
2026-03-26 13:26:23,847 - INFO - [36m(head, rank=0, pid=7461)[0m [0;32mHead node started successfully.[0m
2026-03-26 13:26:24,752 - INFO - [36m(head, rank=0, pid=7461)[0m Waiting for all 2 nodes to join...
2026-03-26 13:26:24,752 - INFO - [36m(worker1, rank=1, pid=6894, ip=172.31.41.253)[0m 2026-03-26 07:56:23,717	SUCC scripts.py:1140 -- [32m--------------------[39m
2026-03-26 13:26:25,253 - INFO - [36m(worker1, rank=1, pid=6894, ip=172.31.41.253)[0m 2026-03-26 07:56:23,717	SUCC scripts.py:1141 -- [32mRay runtime started.[39m
2026-03-26 13:26:25,253 - INFO - [36m(worker1, rank=1, pid=6894, ip=172.31.41.253)[0m 2026-03-26 07:56:23,717	SUCC scripts.py:1142 -- [32m--------------------[39m
2026-03-26 13:26:25,253 - INFO - [36m(worker1, rank=1, pid=6894, ip=172.31.41.253)[0m 2026-03-26 07:56:23,717	INFO scripts.py:1144 -- To terminate the Ray runtime, run
2026-03-26 13:26:25,253 - INFO - [36m(worker1, rank=1, pid=6894, ip=172.31.41.253)[0m 2026-03-26 07:56:23,717	INFO scripts.py:1145 -- [1m  ray stop[22m
2026-03-26 13:26:25,253 - INFO - [36m(worker1, rank=1, pid=6894, ip=172.31.41.253)[0m [0;32mWorker node started successfully.[0m
2026-03-26 13:26:25,253 - INFO - [36m(head, rank=0, pid=7461)[0m [0;32mAll 2 nodes have joined.[0m
2026-03-26 13:26:29,284 - INFO - [36m(worker1, rank=1, pid=6894, ip=172.31.41.253)[0m + '[' 1 = 0 ']'
2026-03-26 13:26:30,288 - INFO - [36m(worker1, rank=1, pid=6894, ip=172.31.41.253)[0m + echo 'Cluster ready for benchmarking'
2026-03-26 13:26:30,289 - INFO - [36m(worker1, rank=1, pid=6894, ip=172.31.41.253)[0m Cluster ready for benchmarking
2026-03-26 13:26:30,289 - INFO - [36m(worker1, rank=1, pid=6894, ip=172.31.41.253)[0m ++ findmnt -t fuse.rclone --noheading
2026-03-26 13:26:30,289 - INFO - [36m(worker1, rank=1, pid=6894, ip=172.31.41.253)[0m ++ wc -l
2026-03-26 13:26:30,289 - INFO - [36m(worker1, rank=1, pid=6894, ip=172.31.41.253)[0m + '[' 0 -gt 0 ']'
2026-03-26 13:26:30,289 - INFO - [36m(head, rank=0, pid=7461)[0m + '[' 0 = 0 ']'
2026-03-26 13:26:31,296 - INFO - [36m(head, rank=0, pid=7461)[0m + echo 'Ray cluster started on head node'
2026-03-26 13:26:31,296 - INFO - [36m(head, rank=0, pid=7461)[0m Ray cluster started on head node
2026-03-26 13:26:31,296 - INFO - [36m(head, rank=0, pid=7461)[0m + ray status --address=127.0.0.1:6379
2026-03-26 13:26:31,296 - INFO - [36m(head, rank=0, pid=7461)[0m ======== Autoscaler status: 2026-03-26 07:56:27.160401 ========
2026-03-26 13:26:32,203 - INFO - [36m(head, rank=0, pid=7461)[0m Node status
2026-03-26 13:26:32,203 - INFO - [36m(head, rank=0, pid=7461)[0m ---------------------------------------------------------------
2026-03-26 13:26:32,203 - INFO - [36m(head, rank=0, pid=7461)[0m Active:
2026-03-26 13:26:32,203 - INFO - [36m(head, rank=0, pid=7461)[0m  1 node_e981b9356ff7a3e8423c4842607353c114edfafd72da8660788d20b5
2026-03-26 13:26:32,203 - INFO - [36m(head, rank=0, pid=7461)[0m  1 node_294045ec421584084dcc01ad3f7c530e51030216f3d681437b60d88e
2026-03-26 13:26:32,203 - INFO - [36m(head, rank=0, pid=7461)[0m Pending:
2026-03-26 13:26:32,203 - INFO - [36m(head, rank=0, pid=7461)[0m  (no pending nodes)
2026-03-26 13:26:32,203 - INFO - [36m(head, rank=0, pid=7461)[0m Recent failures:
2026-03-26 13:26:32,203 - INFO - [36m(head, rank=0, pid=7461)[0m  (no failures)
2026-03-26 13:26:32,203 - INFO - [36m(head, rank=0, pid=7461)[0m
2026-03-26 13:26:32,203 - INFO - [36m(head, rank=0, pid=7461)[0m Resources
2026-03-26 13:26:32,203 - INFO - [36m(head, rank=0, pid=7461)[0m ---------------------------------------------------------------
2026-03-26 13:26:32,203 - INFO - [36m(head, rank=0, pid=7461)[0m Total Usage:
2026-03-26 13:26:32,203 - INFO - [36m(head, rank=0, pid=7461)[0m  0.0/192.0 CPU
2026-03-26 13:26:32,203 - INFO - [36m(head, rank=0, pid=7461)[0m  0.0/16.0 GPU
2026-03-26 13:26:32,203 - INFO - [36m(head, rank=0, pid=7461)[0m  0B/1.75TiB memory
2026-03-26 13:26:32,203 - INFO - [36m(head, rank=0, pid=7461)[0m  0B/372.53GiB object_store_memory
2026-03-26 13:26:32,203 - INFO - [36m(head, rank=0, pid=7461)[0m
2026-03-26 13:26:32,203 - INFO - [36m(head, rank=0, pid=7461)[0m From request_resources:
2026-03-26 13:26:32,203 - INFO - [36m(head, rank=0, pid=7461)[0m  (none)
2026-03-26 13:26:32,203 - INFO - [36m(head, rank=0, pid=7461)[0m Pending Demands:
2026-03-26 13:26:32,203 - INFO - [36m(head, rank=0, pid=7461)[0m  (no resource demands)
2026-03-26 13:26:32,204 - INFO - [36m(head, rank=0, pid=7461)[0m + PYTHONHASHSEED=0
2026-03-26 13:26:33,312 - INFO - [36m(head, rank=0, pid=7461)[0m + python roofline_benchmarks/benchmark_rf-qwen3-235b-a22b-tp8pp2-A100-80gb.py
2026-03-26 13:26:33,312 - INFO - [36m(head, rank=0, pid=7461)[0m 🚀 Starting vLLM server: /home/ubuntu/sky_workdir/.venv/bin/python -m vllm.entrypoints.openai.api_server --model Qwen/Qwen3-235B-A22B --tensor-parallel-size 8 --pipeline-parallel-size 2 --max-model-len 8448 --gpu-memory-utilization 0.85 --enforce-eager --no-enable-prefix-caching --disable-log-requests --port 8000 --distributed-executor-backend ray
2026-03-26 13:49:57,394 - INFO - [36m(head, rank=0, pid=7461)[0m ⏳ Waiting for server health (timeout=1800s)...
2026-03-26 13:49:57,394 - INFO - [36m(head, rank=0, pid=7461)[0m ✅ Server healthy after 1403.0s
2026-03-26 13:49:58,401 - INFO - [36m(head, rank=0, pid=7461)[0m 📊 Parsed from server log: KV cache=1722448 tokens, num_gpu_blocks=107653, block_size=16
2026-03-26 13:49:58,401 - INFO - [36m(head, rank=0, pid=7461)[0m 📊 target_concurrency = 203 (107653 blocks × 16 / 8448)
2026-03-26 13:49:58,401 - INFO - [36m(head, rank=0, pid=7461)[0m
2026-03-26 13:49:58,401 - INFO - [36m(head, rank=0, pid=7461)[0m ======================================================================
2026-03-26 13:49:58,401 - INFO - [36m(head, rank=0, pid=7461)[0m Running: TP=8, PP=2, input=8192, output=256
2026-03-26 13:49:58,401 - INFO - [36m(head, rank=0, pid=7461)[0m Target concurrency: 203
2026-03-26 13:49:58,401 - INFO - [36m(head, rank=0, pid=7461)[0m ======================================================================
2026-03-26 13:49:58,401 - INFO - [36m(head, rank=0, pid=7461)[0m 2026-03-26 08:19:57,995	INFO worker.py:1810 -- Connecting to existing Ray cluster at address: 172.31.40.7:6379...
2026-03-26 13:49:59,106 - INFO - [36m(head, rank=0, pid=7461)[0m 2026-03-26 08:19:58,081	INFO worker.py:2004 -- Connected to Ray cluster. View the dashboard at [1m[32mhttp://172.31.40.7:8265 [39m[22m
2026-03-26 13:49:59,106 - INFO - [36m(head, rank=0, pid=7461)[0m 📡 Using distributed GPU monitoring (2 nodes)
2026-03-26 13:50:02,729 - INFO - [36m(head, rank=0, pid=7461)[0m 🔥 Running warmup (5 requests)...
2026-03-26 13:50:02,729 - INFO - [36m(head, rank=0, pid=7461)[0m Loading tokenizer for Qwen/Qwen3-235B-A22B...
2026-03-26 13:50:03,331 - INFO - [36m(head, rank=0, pid=7461)[0m Loading dataset emozilla/pg19-test...
2026-03-26 13:50:07,045 - INFO - [36m(head, rank=0, pid=7461)[0m `trust_remote_code` is not supported anymore.
2026-03-26 13:50:07,045 - INFO - [36m(head, rank=0, pid=7461)[0m Please check that the Hugging Face dataset 'emozilla/pg19-test' isn't based on a loading script and remove `trust_remote_code`.
2026-03-26 13:50:07,045 - INFO - [36m(head, rank=0, pid=7461)[0m If the dataset is based on a loading script, please ask the dataset author to remove it and convert it to a standard format like Parquet.
2026-03-26 13:50:07,850 - INFO - [36m(head, rank=0, pid=7461)[0m
2026-03-26 13:50:08,354 - INFO - [36m(head, rank=0, pid=7461)[0m Generating test split:   0%|          | 0/100 [00:00<?, ? examples/s]
2026-03-26 13:50:08,354 - INFO - Generating test split: 100%|██████████| 100/100 [00:00<00:00, 404.34 examples/s]
2026-03-26 13:50:08,354 - INFO - Generating test split: 100%|██████████| 100/100 [00:00<00:00, 399.54 examples/s]
2026-03-26 13:50:08,354 - INFO - [36m(head, rank=0, pid=7461)[0m Running 5 benchmark requests (concurrency=2)...
2026-03-26 13:50:45,402 - INFO - [36m(head, rank=0, pid=7461)[0m   Progress: 1/5 (37s elapsed)
2026-03-26 13:50:46,307 - INFO - [36m(head, rank=0, pid=7461)[0m   Progress: 2/5 (37s elapsed)
2026-03-26 13:51:16,544 - INFO - [36m(head, rank=0, pid=7461)[0m   Progress: 3/5 (68s elapsed)
2026-03-26 13:51:17,351 - INFO - [36m(head, rank=0, pid=7461)[0m   Progress: 4/5 (68s elapsed)
2026-03-26 13:51:46,572 - INFO - [36m(head, rank=0, pid=7461)[0m   Progress: 5/5 (98s elapsed)
2026-03-26 13:51:47,374 - INFO - [36m(head, rank=0, pid=7461)[0m
2026-03-26 13:51:47,374 - INFO - [36m(head, rank=0, pid=7461)[0m ============================================================
2026-03-26 13:51:47,374 - INFO - [36m(head, rank=0, pid=7461)[0m Benchmark complete: 5/5 successful
2026-03-26 13:51:47,374 - INFO - [36m(head, rank=0, pid=7461)[0m Wall clock: 98.1s
2026-03-26 13:51:47,374 - INFO - [36m(head, rank=0, pid=7461)[0m Results saved to: /tmp/warmup_results.json
2026-03-26 13:51:47,374 - INFO - [36m(head, rank=0, pid=7461)[0m TTFT p50/p95/p99: 772.4 / 5073.5 / 5551.1 ms
2026-03-26 13:51:47,374 - INFO - [36m(head, rank=0, pid=7461)[0m E2E  p50/p95/p99: 31050.4 / 37328.2 / 37412.2 ms
2026-03-26 13:51:47,374 - INFO - [36m(head, rank=0, pid=7461)[0m ✅ Warmup complete
2026-03-26 13:51:49,483 - INFO - [36m(head, rank=0, pid=7461)[0m 📡 Found 2 Ray nodes for GPU monitoring
2026-03-26 13:51:50,084 - INFO - [36m(head, rank=0, pid=7461)[0m    Created placement group with 2 bundles
2026-03-26 13:51:54,106 - INFO - [36m(head, rank=0, pid=7461)[0m   ✓ Deployed monitor on node0 (172.31.40.7) using placement group
2026-03-26 13:51:54,106 - INFO - [36m(head, rank=0, pid=7461)[0m   ✓ Deployed monitor on node1 (172.31.41.253) using placement group
2026-03-26 13:51:54,106 - INFO - [36m(head, rank=0, pid=7461)[0m    Starting monitoring on 2 nodes...
2026-03-26 13:51:54,106 - INFO - [36m(head, rank=0, pid=7461)[0m    Starting monitor on node0...
2026-03-26 13:51:54,106 - INFO - [36m(head, rank=0, pid=7461)[0m    ✓ Started monitor on node0
2026-03-26 13:51:54,106 - INFO - [36m(head, rank=0, pid=7461)[0m    Starting monitor on node1...
2026-03-26 13:51:54,106 - INFO - [36m(head, rank=0, pid=7461)[0m    ✓ Started monitor on node1
2026-03-26 13:51:54,106 - INFO - [36m(head, rank=0, pid=7461)[0m 📊 GPU monitoring started on 2/2 nodes
2026-03-26 13:51:54,106 - INFO - [36m(head, rank=0, pid=7461)[0m 📊 Running benchmark: 812 requests, concurrency=203
2026-03-26 13:51:54,106 - INFO - [36m(head, rank=0, pid=7461)[0m Loading tokenizer for Qwen/Qwen3-235B-A22B...
2026-03-26 13:51:55,007 - INFO - [36m(head, rank=0, pid=7461)[0m Loading dataset emozilla/pg19-test...
2026-03-26 13:51:58,319 - INFO - [36m(head, rank=0, pid=7461)[0m `trust_remote_code` is not supported anymore.
2026-03-26 13:51:58,319 - INFO - [36m(head, rank=0, pid=7461)[0m Please check that the Hugging Face dataset 'emozilla/pg19-test' isn't based on a loading script and remove `trust_remote_code`.
2026-03-26 13:51:58,319 - INFO - [36m(head, rank=0, pid=7461)[0m If the dataset is based on a loading script, please ask the dataset author to remove it and convert it to a standard format like Parquet.
2026-03-26 13:51:58,319 - INFO - [36m(head, rank=0, pid=7461)[0m Token indices sequence length is longer than the specified maximum sequence length for this model (136936 > 131072). Running this sequence through the model will result in indexing errors
2026-03-26 13:52:25,361 - INFO - [36m(head, rank=0, pid=7461)[0m ⚠️  Only found 95 prompts with >= 8192 tokens, recycling to reach 812
2026-03-26 13:52:26,066 - INFO - [36m(head, rank=0, pid=7461)[0m Running 812 benchmark requests (concurrency=203)...
2026-03-26 13:54:54,831 - INFO - [36m(head, rank=0, pid=7461)[0m   Progress: 81/812 (149s elapsed)
2026-03-26 13:56:00,054 - INFO - [36m(head, rank=0, pid=7461)[0m   Progress: 162/812 (215s elapsed)
2026-03-26 13:57:06,022 - INFO - [36m(head, rank=0, pid=7461)[0m   Progress: 243/812 (280s elapsed)
2026-03-26 13:58:12,031 - INFO - [36m(head, rank=0, pid=7461)[0m   Progress: 324/812 (347s elapsed)
2026-03-26 13:59:18,557 - INFO - [36m(head, rank=0, pid=7461)[0m   Progress: 405/812 (413s elapsed)
2026-03-26 14:00:25,890 - INFO - [36m(head, rank=0, pid=7461)[0m   Progress: 486/812 (480s elapsed)
2026-03-26 14:01:32,402 - INFO - [36m(head, rank=0, pid=7461)[0m   Progress: 567/812 (547s elapsed)
2026-03-26 14:02:39,025 - INFO - [36m(head, rank=0, pid=7461)[0m   Progress: 648/812 (614s elapsed)
2026-03-26 14:03:34,692 - INFO - [36m(head, rank=0, pid=7461)[0m   Progress: 729/812 (669s elapsed)
2026-03-26 14:04:10,361 - INFO - [36m(head, rank=0, pid=7461)[0m   Progress: 810/812 (705s elapsed)
2026-03-26 14:04:10,965 - INFO - [36m(head, rank=0, pid=7461)[0m   Progress: 812/812 (705s elapsed)
2026-03-26 14:04:11,768 - INFO - [36m(head, rank=0, pid=7461)[0m
2026-03-26 14:04:11,768 - INFO - [36m(head, rank=0, pid=7461)[0m ============================================================
2026-03-26 14:04:11,768 - INFO - [36m(head, rank=0, pid=7461)[0m Benchmark complete: 812/812 successful
2026-03-26 14:04:11,768 - INFO - [36m(head, rank=0, pid=7461)[0m Wall clock: 705.4s
2026-03-26 14:04:11,768 - INFO - [36m(head, rank=0, pid=7461)[0m Results saved to: /tmp/client_results_tp8_pp2_in8192_out256.json
2026-03-26 14:04:11,768 - INFO - [36m(head, rank=0, pid=7461)[0m TTFT p50/p95/p99: 65090.4 / 114922.3 / 141188.4 ms
2026-03-26 14:04:11,768 - INFO - [36m(head, rank=0, pid=7461)[0m E2E  p50/p95/p99: 166064.4 / 214930.8 / 241252.3 ms
2026-03-26 14:04:11,768 - INFO - [36m(head, rank=0, pid=7461)[0m 📊 GPU monitoring: 2 nodes monitored
2026-03-26 14:04:12,673 - INFO - [36m(head, rank=0, pid=7461)[0m 📈 Time-series saved to /tmp/timeseries_tp8_pp2_in8192_out256.json
2026-03-26 14:04:15,385 - INFO - [36m(head, rank=0, pid=7461)[0m Result: success
2026-03-26 14:04:15,385 - INFO - [36m(head, rank=0, pid=7461)[0m
2026-03-26 14:04:15,385 - INFO - [36m(head, rank=0, pid=7461)[0m ✅ All done! Results in /tmp/benchmark_results.json
2026-03-26 14:04:15,385 - INFO - [36m(head, rank=0, pid=7461)[0m 🛑 Stopping vLLM server...
2026-03-26 14:04:15,385 - INFO - [36m(head, rank=0, pid=7461)[0m ✅ Server stopped
2026-03-26 14:04:17,593 - INFO - [36m(head, rank=0, pid=7461)[0m + echo 'Cluster ready for benchmarking'
2026-03-26 14:04:18,905 - INFO - [36m(head, rank=0, pid=7461)[0m Cluster ready for benchmarking
2026-03-26 14:04:18,905 - INFO - [36m(head, rank=0, pid=7461)[0m ++ findmnt -t fuse.rclone --noheading
2026-03-26 14:04:18,905 - INFO - [36m(head, rank=0, pid=7461)[0m ++ wc -l
2026-03-26 14:04:18,905 - INFO - [36m(head, rank=0, pid=7461)[0m + '[' 0 -gt 0 ']'
2026-03-26 14:04:18,905 - INFO - [0m[32m✓ Job finished (status: SUCCEEDED).[0m[0m
2026-03-26 14:04:18,905 - INFO - 
2026-03-26 14:04:19,873 - INFO - 📋 Useful Commands
2026-03-26 14:04:19,873 - INFO - Job ID: 1
2026-03-26 14:04:19,873 - INFO - ├── To cancel the job:		sky cancel rf-qwen3-235b-a22b-tp8pp2-A100-80gb 1
2026-03-26 14:04:19,873 - INFO - ├── To stream job logs:		sky logs rf-qwen3-235b-a22b-tp8pp2-A100-80gb 1
2026-03-26 14:04:19,873 - INFO - └── To view job queue:		sky queue rf-qwen3-235b-a22b-tp8pp2-A100-80gb
2026-03-26 14:04:19,873 - INFO - Cluster name: rf-qwen3-235b-a22b-tp8pp2-A100-80gb
2026-03-26 14:04:19,873 - INFO - ├── To log into the head VM:	ssh rf-qwen3-235b-a22b-tp8pp2-A100-80gb
2026-03-26 14:04:19,873 - INFO - ├── To submit a job:		sky exec rf-qwen3-235b-a22b-tp8pp2-A100-80gb yaml_file
2026-03-26 14:04:19,873 - INFO - ├── To stop the cluster:	sky stop rf-qwen3-235b-a22b-tp8pp2-A100-80gb
2026-03-26 14:04:19,873 - INFO - └── To teardown the cluster:	sky down rf-qwen3-235b-a22b-tp8pp2-A100-80gb
2026-03-26 14:04:19,873 - INFO - 📥 Fetching results...
2026-03-26 14:04:24,820 - INFO - 📈 Fetching timeseries data...
2026-03-26 14:04:32,731 - INFO - 📁 Renaming directory: tp8-pp2-2x_p4de_24xlarge-20260326_130904 -> tp8-pp2-2x_p4de_24xlarge-20260326_130904-success
2026-03-26 14:04:32,732 - INFO - 📈 Plotting timeseries for 1 successful experiment(s)...
2026-03-26 14:04:32,753 - INFO - ✅ Results saved to results/aws_p4de_A100_80gb/tp8-pp2-2x_p4de_24xlarge-20260326_130904-success/
2026-03-26 14:04:33,330 - INFO - 🗑️  Tearing down rf-qwen3-235b-a22b-tp8pp2-A100-80gb...
