2026-04-01 02:06:44,837 - INFO - Results will be saved to: results/aws_g6e_L40S/tp4-pp2-g6e_48xlarge-20260401_020644
2026-04-01 02:06:44,838 - INFO - 📋 Copied benchmark_client.py to roofline_benchmarks/
2026-04-01 02:06:44,838 - INFO - 📋 Copied prometheus_parser.py to roofline_benchmarks/
2026-04-01 02:06:44,838 - INFO - 🚀 Launching rf-qwen2-5-72b-instruct-tp4pp2-L40S...
2026-04-01 02:06:44,838 - INFO - YAML to run: roofline_benchmarks/rf-qwen2-5-72b-instruct-tp4pp2-L40S.yaml
2026-04-01 02:06:44,838 - INFO - Running on cluster: rf-qwen2-5-72b-instruct-tp4pp2-L40S
2026-04-01 02:06:46,279 - INFO - YAML to run: roofline_benchmarks/rf-qwen2-5-72b-instruct-tp4pp2-L40S.yaml
2026-04-01 02:06:46,516 - INFO - Running on cluster: rf-qwen2-5-72b-instruct-tp4pp2-L40S
2026-04-01 02:06:47,353 - INFO - Considered resources (1 node):
2026-04-01 02:06:49,371 - INFO - ---------------------------------------------------------------------------------
2026-04-01 02:06:49,371 - INFO -  INFRA             INSTANCE       vCPUs   Mem(GB)   GPUS     COST ($)   CHOSEN
2026-04-01 02:06:49,371 - INFO - ---------------------------------------------------------------------------------
2026-04-01 02:06:49,371 - INFO -  AWS (us-east-1)   g6e.48xlarge   192     1536      L40S:8   30.13      [32m   ✔[0m
2026-04-01 02:06:49,371 - INFO - ---------------------------------------------------------------------------------
2026-04-01 02:06:49,371 - INFO - [0m⚙︎ Launching on AWS us-east-1[0m (us-east-1a,us-east-1b,us-east-1c,us-east-1d).
2026-04-01 02:06:55,010 - INFO - [2mW 04-01 02:06:54.915 PID=743527 instance.py:288] create_instances: Attempt failed with An error occurred (InsufficientInstanceCapacity) when calling the RunInstances operation (reached max retries: 0): We currently do not have sufficient g6e.48xlarge capacity in the Availability Zone you requested (us-east-1a). Our system will be working on provisioning additional capacity. You can currently get g6e.48xlarge capacity by not specifying an Availability Zone in your request or choosing us-east-1b, us-east-1c, us-east-1d.[0m
2026-04-01 02:06:56,118 - INFO - [2mW 04-01 02:06:56.045 PID=743527 instance.py:288] create_instances: Attempt failed with An error occurred (InsufficientInstanceCapacity) when calling the RunInstances operation (reached max retries: 0): We currently do not have sufficient g6e.48xlarge capacity in the Availability Zone you requested (us-east-1b). Our system will be working on provisioning additional capacity. You can currently get g6e.48xlarge capacity by not specifying an Availability Zone in your request or choosing us-east-1a, us-east-1c, us-east-1d.[0m
2026-04-01 02:06:57,124 - INFO - [2mW 04-01 02:06:57.049 PID=743527 instance.py:288] create_instances: Attempt failed with An error occurred (InsufficientInstanceCapacity) when calling the RunInstances operation (reached max retries: 0): We currently do not have sufficient g6e.48xlarge capacity in the Availability Zone you requested (us-east-1c). Our system will be working on provisioning additional capacity. You can currently get g6e.48xlarge capacity by not specifying an Availability Zone in your request or choosing us-east-1a, us-east-1b, us-east-1d.[0m
2026-04-01 02:07:53,505 - INFO - [2m└── [0m[2mInstance is up.[0m
2026-04-01 02:08:23,404 - INFO - [0m[32m✓ Cluster launched: rf-qwen2-5-72b-instruct-tp4pp2-L40S.[0m[0m  [2mView logs: [1msky logs --provision rf-qwen2-5-72b-instruct-tp4pp2-L40S[0m[0m
2026-04-01 02:08:23,505 - INFO - [0m⚙︎ Syncing files.
2026-04-01 02:08:23,605 - INFO -   [33mThe size of workdir '/home/orange/Desktop/tandemn/tandemn-profiling/roofline/vllm' is 584 MB. Try to keep workdir small or use .skyignore to exclude large files, as large sizes will slow down rsync.[0m
2026-04-01 02:08:25,821 - INFO -   [2mSyncing workdir (to 1 node): /home/orange/Desktop/tandemn/tandemn-profiling/roofline/vllm -> ~/sky_workdir[0m
2026-04-01 02:08:25,822 - INFO - [0m[32m✓ Synced workdir.[0m[0m  [2mView logs: sky api logs -l sky-2026-04-01-02-06-46-677909/workdir_sync.log[0m
2026-04-01 02:08:27,333 - INFO - [0m[32m✓ Setup detached.[0m[0m
2026-04-01 02:08:30,757 - INFO - [0m⚙︎ Job submitted, ID: 1
2026-04-01 02:08:33,517 - INFO - [2m├── [0m[2mWaiting for task resources on 1 node.[0m
2026-04-01 02:08:35,939 - INFO - [2m└── [0mJob started. Streaming logs... [2m(Ctrl-C to exit log streaming; job will not be killed)[0m
2026-04-01 02:08:35,939 - INFO - [36m(setup pid=7152)[0m + GPU_TYPE=L40S
2026-04-01 02:08:36,743 - INFO - [36m(setup pid=7152)[0m + IS_A100=false
2026-04-01 02:08:36,744 - INFO - [36m(setup pid=7152)[0m + echo 'GPU Type: L40S, Is A100: false'
2026-04-01 02:08:36,744 - INFO - [36m(setup pid=7152)[0m GPU Type: L40S, Is A100: false
2026-04-01 02:08:36,744 - INFO - [36m(setup pid=7152)[0m + echo '=== Initial System Diagnostics ==='
2026-04-01 02:08:36,744 - INFO - [36m(setup pid=7152)[0m === Initial System Diagnostics ===
2026-04-01 02:08:36,744 - INFO - [36m(setup pid=7152)[0m + echo 'Checking for NVIDIA driver...'
2026-04-01 02:08:36,744 - INFO - [36m(setup pid=7152)[0m Checking for NVIDIA driver...
2026-04-01 02:08:36,744 - INFO - [36m(setup pid=7152)[0m + nvidia-smi
2026-04-01 02:08:36,744 - INFO - [36m(setup pid=7152)[0m Tue Mar 31 20:38:35 2026
2026-04-01 02:08:37,550 - INFO - [36m(setup pid=7152)[0m +---------------------------------------------------------------------------------------+
2026-04-01 02:08:37,551 - INFO - [36m(setup pid=7152)[0m | NVIDIA-SMI 535.216.01             Driver Version: 535.216.01   CUDA Version: 12.2     |
2026-04-01 02:08:37,551 - INFO - [36m(setup pid=7152)[0m |-----------------------------------------+----------------------+----------------------+
2026-04-01 02:08:37,551 - INFO - [36m(setup pid=7152)[0m | GPU  Name                 Persistence-M | Bus-Id        Disp.A | Volatile Uncorr. ECC |
2026-04-01 02:08:37,551 - INFO - [36m(setup pid=7152)[0m | Fan  Temp   Perf          Pwr:Usage/Cap |         Memory-Usage | GPU-Util  Compute M. |
2026-04-01 02:08:37,551 - INFO - [36m(setup pid=7152)[0m |                                         |                      |               MIG M. |
2026-04-01 02:08:37,551 - INFO - [36m(setup pid=7152)[0m |=========================================+======================+======================|
2026-04-01 02:08:37,551 - INFO - [36m(setup pid=7152)[0m |   0  NVIDIA L40S                    On  | 00000000:9E:00.0 Off |                    0 |
2026-04-01 02:08:37,551 - INFO - [36m(setup pid=7152)[0m | N/A   35C    P8              20W / 350W |      0MiB / 46068MiB |      0%      Default |
2026-04-01 02:08:37,551 - INFO - [36m(setup pid=7152)[0m |                                         |                      |                  N/A |
2026-04-01 02:08:37,551 - INFO - [36m(setup pid=7152)[0m +-----------------------------------------+----------------------+----------------------+
2026-04-01 02:08:37,551 - INFO - [36m(setup pid=7152)[0m |   1  NVIDIA L40S                    On  | 00000000:A0:00.0 Off |                    0 |
2026-04-01 02:08:37,551 - INFO - [36m(setup pid=7152)[0m | N/A   35C    P8              21W / 350W |      0MiB / 46068MiB |      0%      Default |
2026-04-01 02:08:37,551 - INFO - [36m(setup pid=7152)[0m |                                         |                      |                  N/A |
2026-04-01 02:08:37,551 - INFO - [36m(setup pid=7152)[0m +-----------------------------------------+----------------------+----------------------+
2026-04-01 02:08:37,551 - INFO - [36m(setup pid=7152)[0m |   2  NVIDIA L40S                    On  | 00000000:A2:00.0 Off |                    0 |
2026-04-01 02:08:37,551 - INFO - [36m(setup pid=7152)[0m | N/A   35C    P8              22W / 350W |      0MiB / 46068MiB |      0%      Default |
2026-04-01 02:08:37,551 - INFO - [36m(setup pid=7152)[0m |                                         |                      |                  N/A |
2026-04-01 02:08:37,551 - INFO - [36m(setup pid=7152)[0m +-----------------------------------------+----------------------+----------------------+
2026-04-01 02:08:37,551 - INFO - [36m(setup pid=7152)[0m |   3  NVIDIA L40S                    On  | 00000000:A4:00.0 Off |                    0 |
2026-04-01 02:08:37,552 - INFO - [36m(setup pid=7152)[0m | N/A   35C    P8              23W / 350W |      0MiB / 46068MiB |      0%      Default |
2026-04-01 02:08:37,552 - INFO - [36m(setup pid=7152)[0m |                                         |                      |                  N/A |
2026-04-01 02:08:37,552 - INFO - [36m(setup pid=7152)[0m +-----------------------------------------+----------------------+----------------------+
2026-04-01 02:08:37,552 - INFO - [36m(setup pid=7152)[0m |   4  NVIDIA L40S                    On  | 00000000:C6:00.0 Off |                    0 |
2026-04-01 02:08:37,552 - INFO - [36m(setup pid=7152)[0m | N/A   36C    P8              21W / 350W |      0MiB / 46068MiB |      0%      Default |
2026-04-01 02:08:37,552 - INFO - [36m(setup pid=7152)[0m |                                         |                      |                  N/A |
2026-04-01 02:08:37,552 - INFO - [36m(setup pid=7152)[0m +-----------------------------------------+----------------------+----------------------+
2026-04-01 02:08:37,552 - INFO - [36m(setup pid=7152)[0m |   5  NVIDIA L40S                    On  | 00000000:C8:00.0 Off |                    0 |
2026-04-01 02:08:37,552 - INFO - [36m(setup pid=7152)[0m | N/A   36C    P8              22W / 350W |      0MiB / 46068MiB |      0%      Default |
2026-04-01 02:08:37,552 - INFO - [36m(setup pid=7152)[0m |                                         |                      |                  N/A |
2026-04-01 02:08:37,552 - INFO - [36m(setup pid=7152)[0m +-----------------------------------------+----------------------+----------------------+
2026-04-01 02:08:37,552 - INFO - [36m(setup pid=7152)[0m |   6  NVIDIA L40S                    On  | 00000000:CA:00.0 Off |                    0 |
2026-04-01 02:08:37,552 - INFO - [36m(setup pid=7152)[0m | N/A   36C    P8              21W / 350W |      0MiB / 46068MiB |      0%      Default |
2026-04-01 02:08:37,552 - INFO - [36m(setup pid=7152)[0m |                                         |                      |                  N/A |
2026-04-01 02:08:37,552 - INFO - [36m(setup pid=7152)[0m +-----------------------------------------+----------------------+----------------------+
2026-04-01 02:08:37,552 - INFO - [36m(setup pid=7152)[0m |   7  NVIDIA L40S                    On  | 00000000:CC:00.0 Off |                    0 |
2026-04-01 02:08:37,552 - INFO - [36m(setup pid=7152)[0m | N/A   34C    P8              21W / 350W |      0MiB / 46068MiB |      0%      Default |
2026-04-01 02:08:37,552 - INFO - [36m(setup pid=7152)[0m |                                         |                      |                  N/A |
2026-04-01 02:08:37,552 - INFO - [36m(setup pid=7152)[0m +-----------------------------------------+----------------------+----------------------+
2026-04-01 02:08:37,552 - INFO - [36m(setup pid=7152)[0m
2026-04-01 02:08:37,552 - INFO - [36m(setup pid=7152)[0m +---------------------------------------------------------------------------------------+
2026-04-01 02:08:37,552 - INFO - [36m(setup pid=7152)[0m | Processes:                                                                            |
2026-04-01 02:08:37,552 - INFO - [36m(setup pid=7152)[0m |  GPU   GI   CI        PID   Type   Process name                            GPU Memory |
2026-04-01 02:08:37,552 - INFO - [36m(setup pid=7152)[0m |        ID   ID                                                             Usage      |
2026-04-01 02:08:37,552 - INFO - [36m(setup pid=7152)[0m |=======================================================================================|
2026-04-01 02:08:37,552 - INFO - [36m(setup pid=7152)[0m |  No running processes found                                                           |
2026-04-01 02:08:37,552 - INFO - [36m(setup pid=7152)[0m +---------------------------------------------------------------------------------------+
2026-04-01 02:08:37,552 - INFO - [36m(setup pid=7152)[0m + echo 'Checking CUDA libraries...'
2026-04-01 02:08:37,652 - INFO - [36m(setup pid=7152)[0m Checking CUDA libraries...
2026-04-01 02:08:37,652 - INFO - [36m(setup pid=7152)[0m + ldconfig -p
2026-04-01 02:08:37,652 - INFO - [36m(setup pid=7152)[0m + grep --color=auto cuda
2026-04-01 02:08:37,652 - INFO - [36m(setup pid=7152)[0m 	libpcsamplingutil.so (libc6,x86-64) => /usr/local/cuda/targets/x86_64-linux/lib/libpcsamplingutil.so
2026-04-01 02:08:37,653 - INFO - [36m(setup pid=7152)[0m 	libnvrtc.so.12 (libc6,x86-64) => /usr/local/cuda/targets/x86_64-linux/lib/libnvrtc.so.12
2026-04-01 02:08:37,653 - INFO - [36m(setup pid=7152)[0m 	libnvrtc.so (libc6,x86-64) => /usr/local/cuda/targets/x86_64-linux/lib/libnvrtc.so
2026-04-01 02:08:37,653 - INFO - [36m(setup pid=7152)[0m 	libnvrtc-builtins.so.12.4 (libc6,x86-64) => /usr/local/cuda/targets/x86_64-linux/lib/libnvrtc-builtins.so.12.4
2026-04-01 02:08:37,653 - INFO - [36m(setup pid=7152)[0m 	libnvrtc-builtins.so (libc6,x86-64) => /usr/local/cuda/targets/x86_64-linux/lib/libnvrtc-builtins.so
2026-04-01 02:08:37,653 - INFO - [36m(setup pid=7152)[0m 	libnvperf_target.so (libc6,x86-64) => /usr/local/cuda/targets/x86_64-linux/lib/libnvperf_target.so
2026-04-01 02:08:37,653 - INFO - [36m(setup pid=7152)[0m 	libnvperf_host.so (libc6,x86-64) => /usr/local/cuda/targets/x86_64-linux/lib/libnvperf_host.so
2026-04-01 02:08:37,653 - INFO - [36m(setup pid=7152)[0m 	libnvjpeg.so.12 (libc6,x86-64) => /usr/local/cuda/targets/x86_64-linux/lib/libnvjpeg.so.12
2026-04-01 02:08:37,653 - INFO - [36m(setup pid=7152)[0m 	libnvjpeg.so (libc6,x86-64) => /usr/local/cuda/targets/x86_64-linux/lib/libnvjpeg.so
2026-04-01 02:08:37,653 - INFO - [36m(setup pid=7152)[0m 	libnvfatbin.so.12 (libc6,x86-64) => /usr/local/cuda/targets/x86_64-linux/lib/libnvfatbin.so.12
2026-04-01 02:08:37,653 - INFO - [36m(setup pid=7152)[0m 	libnvfatbin.so (libc6,x86-64) => /usr/local/cuda/targets/x86_64-linux/lib/libnvfatbin.so
2026-04-01 02:08:37,653 - INFO - [36m(setup pid=7152)[0m 	libnvblas.so.12 (libc6,x86-64) => /usr/local/cuda/targets/x86_64-linux/lib/libnvblas.so.12
2026-04-01 02:08:37,653 - INFO - [36m(setup pid=7152)[0m 	libnvblas.so (libc6,x86-64) => /usr/local/cuda/targets/x86_64-linux/lib/libnvblas.so
2026-04-01 02:08:37,653 - INFO - [36m(setup pid=7152)[0m 	libnvToolsExt.so.1 (libc6,x86-64) => /usr/local/cuda/targets/x86_64-linux/lib/libnvToolsExt.so.1
2026-04-01 02:08:37,653 - INFO - [36m(setup pid=7152)[0m 	libnvToolsExt.so (libc6,x86-64) => /usr/local/cuda/targets/x86_64-linux/lib/libnvToolsExt.so
2026-04-01 02:08:37,653 - INFO - [36m(setup pid=7152)[0m 	libnvJitLink.so.12 (libc6,x86-64) => /usr/local/cuda/targets/x86_64-linux/lib/libnvJitLink.so.12
2026-04-01 02:08:37,653 - INFO - [36m(setup pid=7152)[0m 	libnvJitLink.so (libc6,x86-64) => /usr/local/cuda/targets/x86_64-linux/lib/libnvJitLink.so
2026-04-01 02:08:37,653 - INFO - [36m(setup pid=7152)[0m 	libnpps.so.12 (libc6,x86-64) => /usr/local/cuda/targets/x86_64-linux/lib/libnpps.so.12
2026-04-01 02:08:37,653 - INFO - [36m(setup pid=7152)[0m 	libnpps.so (libc6,x86-64) => /usr/local/cuda/targets/x86_64-linux/lib/libnpps.so
2026-04-01 02:08:37,653 - INFO - [36m(setup pid=7152)[0m 	libnppitc.so.12 (libc6,x86-64) => /usr/local/cuda/targets/x86_64-linux/lib/libnppitc.so.12
2026-04-01 02:08:38,155 - INFO - [36m(setup pid=7152)[0m 	libnppitc.so (libc6,x86-64) => /usr/local/cuda/targets/x86_64-linux/lib/libnppitc.so
2026-04-01 02:08:38,155 - INFO - [36m(setup pid=7152)[0m 	libnppisu.so.12 (libc6,x86-64) => /usr/local/cuda/targets/x86_64-linux/lib/libnppisu.so.12
2026-04-01 02:08:38,155 - INFO - [36m(setup pid=7152)[0m 	libnppisu.so (libc6,x86-64) => /usr/local/cuda/targets/x86_64-linux/lib/libnppisu.so
2026-04-01 02:08:38,155 - INFO - [36m(setup pid=7152)[0m 	libnppist.so.12 (libc6,x86-64) => /usr/local/cuda/targets/x86_64-linux/lib/libnppist.so.12
2026-04-01 02:08:38,155 - INFO - [36m(setup pid=7152)[0m 	libnppist.so (libc6,x86-64) => /usr/local/cuda/targets/x86_64-linux/lib/libnppist.so
2026-04-01 02:08:38,155 - INFO - [36m(setup pid=7152)[0m 	libnppim.so.12 (libc6,x86-64) => /usr/local/cuda/targets/x86_64-linux/lib/libnppim.so.12
2026-04-01 02:08:38,155 - INFO - [36m(setup pid=7152)[0m 	libnppim.so (libc6,x86-64) => /usr/local/cuda/targets/x86_64-linux/lib/libnppim.so
2026-04-01 02:08:38,156 - INFO - [36m(setup pid=7152)[0m 	libnppig.so.12 (libc6,x86-64) => /usr/local/cuda/targets/x86_64-linux/lib/libnppig.so.12
2026-04-01 02:08:38,156 - INFO - [36m(setup pid=7152)[0m 	libnppig.so (libc6,x86-64) => /usr/local/cuda/targets/x86_64-linux/lib/libnppig.so
2026-04-01 02:08:38,156 - INFO - [36m(setup pid=7152)[0m 	libnppif.so.12 (libc6,x86-64) => /usr/local/cuda/targets/x86_64-linux/lib/libnppif.so.12
2026-04-01 02:08:38,156 - INFO - [36m(setup pid=7152)[0m 	libnppif.so (libc6,x86-64) => /usr/local/cuda/targets/x86_64-linux/lib/libnppif.so
2026-04-01 02:08:38,156 - INFO - [36m(setup pid=7152)[0m 	libnppidei.so.12 (libc6,x86-64) => /usr/local/cuda/targets/x86_64-linux/lib/libnppidei.so.12
2026-04-01 02:08:38,156 - INFO - [36m(setup pid=7152)[0m 	libnppidei.so (libc6,x86-64) => /usr/local/cuda/targets/x86_64-linux/lib/libnppidei.so
2026-04-01 02:08:38,156 - INFO - [36m(setup pid=7152)[0m 	libnppicc.so.12 (libc6,x86-64) => /usr/local/cuda/targets/x86_64-linux/lib/libnppicc.so.12
2026-04-01 02:08:38,156 - INFO - [36m(setup pid=7152)[0m 	libnppicc.so (libc6,x86-64) => /usr/local/cuda/targets/x86_64-linux/lib/libnppicc.so
2026-04-01 02:08:38,156 - INFO - [36m(setup pid=7152)[0m 	libnppial.so.12 (libc6,x86-64) => /usr/local/cuda/targets/x86_64-linux/lib/libnppial.so.12
2026-04-01 02:08:38,156 - INFO - [36m(setup pid=7152)[0m 	libnppial.so (libc6,x86-64) => /usr/local/cuda/targets/x86_64-linux/lib/libnppial.so
2026-04-01 02:08:38,156 - INFO - [36m(setup pid=7152)[0m 	libnppc.so.12 (libc6,x86-64) => /usr/local/cuda/targets/x86_64-linux/lib/libnppc.so.12
2026-04-01 02:08:38,156 - INFO - [36m(setup pid=7152)[0m 	libnppc.so (libc6,x86-64) => /usr/local/cuda/targets/x86_64-linux/lib/libnppc.so
2026-04-01 02:08:38,156 - INFO - [36m(setup pid=7152)[0m 	libicudata.so.70 (libc6,x86-64) => /lib/x86_64-linux-gnu/libicudata.so.70
2026-04-01 02:08:38,156 - INFO - [36m(setup pid=7152)[0m 	libcusparse.so.12 (libc6,x86-64) => /usr/local/cuda/targets/x86_64-linux/lib/libcusparse.so.12
2026-04-01 02:08:38,156 - INFO - [36m(setup pid=7152)[0m 	libcusparse.so (libc6,x86-64) => /usr/local/cuda/targets/x86_64-linux/lib/libcusparse.so
2026-04-01 02:08:38,156 - INFO - [36m(setup pid=7152)[0m 	libcusolverMg.so.11 (libc6,x86-64) => /usr/local/cuda/targets/x86_64-linux/lib/libcusolverMg.so.11
2026-04-01 02:08:38,156 - INFO - [36m(setup pid=7152)[0m 	libcusolverMg.so (libc6,x86-64) => /usr/local/cuda/targets/x86_64-linux/lib/libcusolverMg.so
2026-04-01 02:08:38,156 - INFO - [36m(setup pid=7152)[0m 	libcusolver.so.11 (libc6,x86-64) => /usr/local/cuda/targets/x86_64-linux/lib/libcusolver.so.11
2026-04-01 02:08:38,156 - INFO - [36m(setup pid=7152)[0m 	libcusolver.so (libc6,x86-64) => /usr/local/cuda/targets/x86_64-linux/lib/libcusolver.so
2026-04-01 02:08:38,156 - INFO - [36m(setup pid=7152)[0m 	libcurand.so.10 (libc6,x86-64) => /usr/local/cuda/targets/x86_64-linux/lib/libcurand.so.10
2026-04-01 02:08:38,156 - INFO - [36m(setup pid=7152)[0m 	libcurand.so (libc6,x86-64) => /usr/local/cuda/targets/x86_64-linux/lib/libcurand.so
2026-04-01 02:08:38,156 - INFO - [36m(setup pid=7152)[0m 	libcupti.so.12 (libc6,x86-64) => /usr/local/cuda/targets/x86_64-linux/lib/libcupti.so.12
2026-04-01 02:08:38,156 - INFO - [36m(setup pid=7152)[0m 	libcupti.so (libc6,x86-64) => /usr/local/cuda/targets/x86_64-linux/lib/libcupti.so
2026-04-01 02:08:38,156 - INFO - [36m(setup pid=7152)[0m 	libcuinj64.so.12.4 (libc6,x86-64) => /usr/local/cuda/targets/x86_64-linux/lib/libcuinj64.so.12.4
2026-04-01 02:08:38,156 - INFO - [36m(setup pid=7152)[0m 	libcuinj64.so (libc6,x86-64) => /usr/local/cuda/targets/x86_64-linux/lib/libcuinj64.so
2026-04-01 02:08:38,156 - INFO - [36m(setup pid=7152)[0m 	libcufile_rdma.so.1 (libc6,x86-64) => /usr/local/cuda/targets/x86_64-linux/lib/libcufile_rdma.so.1
2026-04-01 02:08:38,156 - INFO - [36m(setup pid=7152)[0m 	libcufile_rdma.so (libc6,x86-64) => /usr/local/cuda/targets/x86_64-linux/lib/libcufile_rdma.so
2026-04-01 02:08:38,156 - INFO - [36m(setup pid=7152)[0m 	libcufile.so.0 (libc6,x86-64) => /usr/local/cuda/targets/x86_64-linux/lib/libcufile.so.0
2026-04-01 02:08:38,156 - INFO - [36m(setup pid=7152)[0m 	libcufile.so (libc6,x86-64) => /usr/local/cuda/targets/x86_64-linux/lib/libcufile.so
2026-04-01 02:08:38,156 - INFO - [36m(setup pid=7152)[0m 	libcufftw.so.11 (libc6,x86-64) => /usr/local/cuda/targets/x86_64-linux/lib/libcufftw.so.11
2026-04-01 02:08:38,156 - INFO - [36m(setup pid=7152)[0m 	libcufftw.so (libc6,x86-64) => /usr/local/cuda/targets/x86_64-linux/lib/libcufftw.so
2026-04-01 02:08:38,156 - INFO - [36m(setup pid=7152)[0m 	libcufft.so.11 (libc6,x86-64) => /usr/local/cuda/targets/x86_64-linux/lib/libcufft.so.11
2026-04-01 02:08:38,156 - INFO - [36m(setup pid=7152)[0m 	libcufft.so (libc6,x86-64) => /usr/local/cuda/targets/x86_64-linux/lib/libcufft.so
2026-04-01 02:08:38,156 - INFO - [36m(setup pid=7152)[0m 	libcudart.so.12 (libc6,x86-64) => /usr/local/cuda/targets/x86_64-linux/lib/libcudart.so.12
2026-04-01 02:08:38,156 - INFO - [36m(setup pid=7152)[0m 	libcudart.so (libc6,x86-64) => /usr/local/cuda/targets/x86_64-linux/lib/libcudart.so
2026-04-01 02:08:38,156 - INFO - [36m(setup pid=7152)[0m 	libcudadebugger.so.1 (libc6,x86-64) => /lib/x86_64-linux-gnu/libcudadebugger.so.1
2026-04-01 02:08:38,156 - INFO - [36m(setup pid=7152)[0m 	libcuda.so.1 (libc6,x86-64) => /lib/x86_64-linux-gnu/libcuda.so.1
2026-04-01 02:08:38,156 - INFO - [36m(setup pid=7152)[0m 	libcuda.so (libc6,x86-64) => /lib/x86_64-linux-gnu/libcuda.so
2026-04-01 02:08:38,156 - INFO - [36m(setup pid=7152)[0m 	libcublasLt.so.12 (libc6,x86-64) => /usr/local/cuda/targets/x86_64-linux/lib/libcublasLt.so.12
2026-04-01 02:08:38,156 - INFO - [36m(setup pid=7152)[0m 	libcublasLt.so (libc6,x86-64) => /usr/local/cuda/targets/x86_64-linux/lib/libcublasLt.so
2026-04-01 02:08:38,156 - INFO - [36m(setup pid=7152)[0m 	libcublas.so.12 (libc6,x86-64) => /usr/local/cuda/targets/x86_64-linux/lib/libcublas.so.12
2026-04-01 02:08:38,156 - INFO - [36m(setup pid=7152)[0m 	libcublas.so (libc6,x86-64) => /usr/local/cuda/targets/x86_64-linux/lib/libcublas.so
2026-04-01 02:08:38,156 - INFO - [36m(setup pid=7152)[0m 	libcheckpoint.so (libc6,x86-64) => /usr/local/cuda/targets/x86_64-linux/lib/libcheckpoint.so
2026-04-01 02:08:38,156 - INFO - [36m(setup pid=7152)[0m 	libaccinj64.so.12.4 (libc6,x86-64) => /usr/local/cuda/targets/x86_64-linux/lib/libaccinj64.so.12.4
2026-04-01 02:08:38,156 - INFO - [36m(setup pid=7152)[0m 	libaccinj64.so (libc6,x86-64) => /usr/local/cuda/targets/x86_64-linux/lib/libaccinj64.so
2026-04-01 02:08:38,156 - INFO - [36m(setup pid=7152)[0m 	libOpenCL.so.1 (libc6,x86-64) => /usr/local/cuda/targets/x86_64-linux/lib/libOpenCL.so.1
2026-04-01 02:08:38,156 - INFO - [36m(setup pid=7152)[0m 	libOpenCL.so (libc6,x86-64) => /usr/local/cuda/targets/x86_64-linux/lib/libOpenCL.so
2026-04-01 02:08:38,156 - INFO - [36m(setup pid=7152)[0m + echo 'CUDA toolkit path:'
2026-04-01 02:08:38,156 - INFO - [36m(setup pid=7152)[0m CUDA toolkit path:
2026-04-01 02:08:38,156 - INFO - [36m(setup pid=7152)[0m + ls --color=auto -la /usr/local/cuda /usr/local/cuda-12 /usr/local/cuda-12.4
2026-04-01 02:08:38,156 - INFO - [36m(setup pid=7152)[0m lrwxrwxrwx  1 root root   22 Nov  4  2024 /usr/local/cuda -> /etc/alternatives/cuda
2026-04-01 02:08:38,156 - INFO - [36m(setup pid=7152)[0m lrwxrwxrwx  1 root root   25 Nov  4  2024 /usr/local/cuda-12 -> /etc/alternatives/cuda-12
2026-04-01 02:08:38,157 - INFO - [36m(setup pid=7152)[0m
2026-04-01 02:08:38,157 - INFO - [36m(setup pid=7152)[0m /usr/local/cuda-12.4:
2026-04-01 02:08:38,157 - INFO - [36m(setup pid=7152)[0m total 136
2026-04-01 02:08:38,962 - INFO - [36m(setup pid=7152)[0m drwxr-xr-x 15 root root  4096 Nov  4  2024 .
2026-04-01 02:08:38,962 - INFO - [36m(setup pid=7152)[0m drwxr-xr-x 11 root root  4096 Nov  4  2024 ..
2026-04-01 02:08:38,962 - INFO - [36m(setup pid=7152)[0m -rw-r--r--  1 root root   160 Mar 15  2024 DOCS
2026-04-01 02:08:38,962 - INFO - [36m(setup pid=7152)[0m -rw-r--r--  1 root root 63021 Mar 15  2024 EULA.txt
2026-04-01 02:08:38,962 - INFO - [36m(setup pid=7152)[0m -rw-r--r--  1 root root   524 Mar 15  2024 README
2026-04-01 02:08:38,962 - INFO - [36m(setup pid=7152)[0m drwxr-xr-x  3 root root  4096 Nov  4  2024 bin
2026-04-01 02:08:38,962 - INFO - [36m(setup pid=7152)[0m drwxr-xr-x  5 root root  4096 Nov  4  2024 compute-sanitizer
2026-04-01 02:08:38,963 - INFO - [36m(setup pid=7152)[0m drwxr-xr-x  3 root root  4096 Nov  4  2024 doc
2026-04-01 02:08:38,963 - INFO - [36m(setup pid=7152)[0m drwxr-xr-x  4 root root  4096 Nov  4  2024 extras
2026-04-01 02:08:38,963 - INFO - [36m(setup pid=7152)[0m drwxr-xr-x  3 root root  4096 Nov  4  2024 gds
2026-04-01 02:08:38,963 - INFO - [36m(setup pid=7152)[0m lrwxrwxrwx  1 root root    28 Mar 15  2024 include -> targets/x86_64-linux/include
2026-04-01 02:08:38,963 - INFO - [36m(setup pid=7152)[0m lrwxrwxrwx  1 root root    24 Mar 15  2024 lib64 -> targets/x86_64-linux/lib
2026-04-01 02:08:38,963 - INFO - [36m(setup pid=7152)[0m drwxr-xr-x  7 root root  4096 Nov  4  2024 libnvvp
2026-04-01 02:08:38,963 - INFO - [36m(setup pid=7152)[0m drwxr-xr-x  2 root root  4096 Nov  4  2024 nsightee_plugins
2026-04-01 02:08:38,963 - INFO - [36m(setup pid=7152)[0m drwxr-xr-x  3 root root  4096 Nov  4  2024 nvml
2026-04-01 02:08:38,963 - INFO - [36m(setup pid=7152)[0m drwxr-xr-x  6 root root  4096 Nov  4  2024 nvvm
2026-04-01 02:08:38,963 - INFO - [36m(setup pid=7152)[0m drwxr-xr-x  3 root root  4096 Nov  4  2024 share
2026-04-01 02:08:38,963 - INFO - [36m(setup pid=7152)[0m drwxr-xr-x  2 root root  4096 Nov  4  2024 src
2026-04-01 02:08:38,963 - INFO - [36m(setup pid=7152)[0m drwxr-xr-x  3 root root  4096 Nov  4  2024 targets
2026-04-01 02:08:38,963 - INFO - [36m(setup pid=7152)[0m drwxr-xr-x  2 root root  4096 Nov  4  2024 tools
2026-04-01 02:08:38,963 - INFO - [36m(setup pid=7152)[0m -rw-r--r--  1 root root  3236 Mar 28  2024 version.json
2026-04-01 02:08:38,963 - INFO - [36m(setup pid=7152)[0m + echo ===================================
2026-04-01 02:08:38,963 - INFO - [36m(setup pid=7152)[0m ===================================
2026-04-01 02:08:38,963 - INFO - [36m(setup pid=7152)[0m + command -v nvidia-smi
2026-04-01 02:08:38,963 - INFO - [36m(setup pid=7152)[0m + '[' false = true ']'
2026-04-01 02:08:38,963 - INFO - [36m(setup pid=7152)[0m + sudo apt-get install -y numactl
2026-04-01 02:08:38,963 - INFO - [36m(setup pid=7152)[0m Reading package lists...
2026-04-01 02:08:38,963 - INFO - [36m(setup pid=7152)[0m Building dependency tree...
2026-04-01 02:08:38,963 - INFO - [36m(setup pid=7152)[0m Reading state information...
2026-04-01 02:08:38,963 - INFO - [36m(setup pid=7152)[0m The following NEW packages will be installed:
2026-04-01 02:08:38,963 - INFO - [36m(setup pid=7152)[0m   numactl
2026-04-01 02:08:38,963 - INFO - [36m(setup pid=7152)[0m 0 upgraded, 1 newly installed, 0 to remove and 16 not upgraded.
2026-04-01 02:08:38,963 - INFO - [36m(setup pid=7152)[0m Need to get 36.8 kB of archives.
2026-04-01 02:08:38,963 - INFO - [36m(setup pid=7152)[0m After this operation, 140 kB of additional disk space will be used.
2026-04-01 02:08:38,963 - INFO - [36m(setup pid=7152)[0m Get:1 http://us-east-1.ec2.archive.ubuntu.com/ubuntu jammy/main amd64 numactl amd64 2.0.14-3ubuntu2 [36.8 kB]
2026-04-01 02:08:38,963 - INFO - [36m(setup pid=7152)[0m Fetched 36.8 kB in 0s (2215 kB/s)
2026-04-01 02:08:39,064 - INFO - [36m(setup pid=7152)[0m Selecting previously unselected package numactl.
2026-04-01 02:08:39,064 - INFO - [36m(setup pid=7152)[0m (Reading database ...
2026-04-01 02:08:39,669 - INFO - (Reading database ... 5%
2026-04-01 02:08:39,669 - INFO - (Reading database ... 10%
2026-04-01 02:08:39,669 - INFO - (Reading database ... 15%
2026-04-01 02:08:39,669 - INFO - (Reading database ... 20%
2026-04-01 02:08:39,669 - INFO - (Reading database ... 25%
2026-04-01 02:08:39,669 - INFO - (Reading database ... 30%
2026-04-01 02:08:39,669 - INFO - (Reading database ... 35%
2026-04-01 02:08:39,670 - INFO - (Reading database ... 40%
2026-04-01 02:08:39,670 - INFO - (Reading database ... 45%
2026-04-01 02:08:39,670 - INFO - [36m(setup pid=7152)[0m (Reading database ... 50%
2026-04-01 02:08:40,274 - INFO - [36m(setup pid=7152)[0m (Reading database ... 55%
2026-04-01 02:08:40,274 - INFO - [36m(setup pid=7152)[0m (Reading database ... 60%
2026-04-01 02:08:40,274 - INFO - [36m(setup pid=7152)[0m (Reading database ... 65%
2026-04-01 02:08:40,980 - INFO - [36m(setup pid=7152)[0m (Reading database ... 70%
2026-04-01 02:08:40,980 - INFO - [36m(setup pid=7152)[0m (Reading database ... 75%
2026-04-01 02:08:41,686 - INFO - [36m(setup pid=7152)[0m (Reading database ... 80%
2026-04-01 02:08:41,686 - INFO - [36m(setup pid=7152)[0m (Reading database ... 85%
2026-04-01 02:08:42,290 - INFO - [36m(setup pid=7152)[0m (Reading database ... 90%
2026-04-01 02:08:44,606 - INFO - [36m(setup pid=7152)[0m (Reading database ... 95%
2026-04-01 02:08:44,606 - INFO - (Reading database ... 100%
2026-04-01 02:08:44,606 - INFO - (Reading database ... 95657 files and directories currently installed.)
2026-04-01 02:08:44,606 - INFO - [36m(setup pid=7152)[0m Preparing to unpack .../numactl_2.0.14-3ubuntu2_amd64.deb ...
2026-04-01 02:08:44,606 - INFO - [36m(setup pid=7152)[0m Unpacking numactl (2.0.14-3ubuntu2) ...
2026-04-01 02:08:44,606 - INFO - [36m(setup pid=7152)[0m Setting up numactl (2.0.14-3ubuntu2) ...
2026-04-01 02:08:44,606 - INFO - [36m(setup pid=7152)[0m Processing triggers for man-db (2.10.2-1) ...
2026-04-01 02:08:44,606 - INFO - [36m(setup pid=7152)[0m
2026-04-01 02:08:45,616 - INFO - [36m(setup pid=7152)[0m Running kernel seems to be up-to-date.
2026-04-01 02:08:45,617 - INFO - [36m(setup pid=7152)[0m
2026-04-01 02:08:45,617 - INFO - [36m(setup pid=7152)[0m No services need to be restarted.
2026-04-01 02:08:45,617 - INFO - [36m(setup pid=7152)[0m
2026-04-01 02:08:45,617 - INFO - [36m(setup pid=7152)[0m No containers need to be restarted.
2026-04-01 02:08:45,617 - INFO - [36m(setup pid=7152)[0m
2026-04-01 02:08:45,617 - INFO - [36m(setup pid=7152)[0m No user sessions are running outdated binaries.
2026-04-01 02:08:45,617 - INFO - [36m(setup pid=7152)[0m
2026-04-01 02:08:45,617 - INFO - [36m(setup pid=7152)[0m No VM guests are running outdated hypervisor (qemu) binaries on this host.
2026-04-01 02:08:45,617 - INFO - [36m(setup pid=7152)[0m + command -v uv
2026-04-01 02:08:46,423 - INFO - [36m(setup pid=7152)[0m + export PATH=/home/ubuntu/.local/bin:/home/ubuntu/.local/bin:/home/ubuntu/.local/bin:/home/ubuntu/miniconda3/bin:/home/ubuntu/miniconda3/condabin:/usr/local/sbin:/usr/local/bin:/usr/sbin:/usr/bin:/sbin:/bin:/usr/games:/usr/local/games:/snap/bin
2026-04-01 02:08:46,423 - INFO - [36m(setup pid=7152)[0m + PATH=/home/ubuntu/.local/bin:/home/ubuntu/.local/bin:/home/ubuntu/.local/bin:/home/ubuntu/miniconda3/bin:/home/ubuntu/miniconda3/condabin:/usr/local/sbin:/usr/local/bin:/usr/sbin:/usr/bin:/sbin:/bin:/usr/games:/usr/local/games:/snap/bin
2026-04-01 02:08:46,423 - INFO - [36m(setup pid=7152)[0m + uv venv --python 3.12 --seed --allow-existing
2026-04-01 02:08:46,423 - INFO - [36m(setup pid=7152)[0m Downloading cpython-3.12.13-linux-x86_64-gnu (download) (32.9MiB)
2026-04-01 02:08:47,026 - INFO - [36m(setup pid=7152)[0m  Downloaded cpython-3.12.13-linux-x86_64-gnu (download)
2026-04-01 02:08:47,027 - INFO - [36m(setup pid=7152)[0m Using CPython 3.12.13
2026-04-01 02:08:47,634 - INFO - [36m(setup pid=7152)[0m Creating virtual environment with seed packages at: .venv
2026-04-01 02:08:47,634 - INFO - [36m(setup pid=7152)[0m  + pip==26.0.1
2026-04-01 02:08:47,634 - INFO - [36m(setup pid=7152)[0m Activate with: source .venv/bin/activate
2026-04-01 02:08:47,634 - INFO - [36m(setup pid=7152)[0m + source .venv/bin/activate
2026-04-01 02:08:47,634 - INFO - [36m(setup pid=7152)[0m ++ '[' -z '' ']'
2026-04-01 02:08:47,634 - INFO - [36m(setup pid=7152)[0m ++ '[' -n x ']'
2026-04-01 02:08:47,634 - INFO - [36m(setup pid=7152)[0m ++ SCRIPT_PATH=.venv/bin/activate
2026-04-01 02:08:47,634 - INFO - [36m(setup pid=7152)[0m ++ '[' .venv/bin/activate = /tmp/sky_setup_sky-2026-04-01-02-06-46-677909 ']'
2026-04-01 02:08:47,634 - INFO - [36m(setup pid=7152)[0m ++ deactivate nondestructive
2026-04-01 02:08:47,634 - INFO - [36m(setup pid=7152)[0m ++ unset -f pydoc
2026-04-01 02:08:47,634 - INFO - [36m(setup pid=7152)[0m ++ '[' -z '' ']'
2026-04-01 02:08:47,634 - INFO - [36m(setup pid=7152)[0m ++ '[' -z '' ']'
2026-04-01 02:08:47,634 - INFO - [36m(setup pid=7152)[0m ++ hash -r
2026-04-01 02:08:47,634 - INFO - [36m(setup pid=7152)[0m ++ '[' -z '' ']'
2026-04-01 02:08:47,634 - INFO - [36m(setup pid=7152)[0m ++ unset VIRTUAL_ENV
2026-04-01 02:08:47,634 - INFO - [36m(setup pid=7152)[0m ++ unset VIRTUAL_ENV_PROMPT
2026-04-01 02:08:47,634 - INFO - [36m(setup pid=7152)[0m ++ '[' '!' nondestructive = nondestructive ']'
2026-04-01 02:08:47,634 - INFO - [36m(setup pid=7152)[0m ++ VIRTUAL_ENV=/home/ubuntu/sky_workdir/.venv
2026-04-01 02:08:47,634 - INFO - [36m(setup pid=7152)[0m ++ '[' linux-gnu = cygwin ']'
2026-04-01 02:08:47,634 - INFO - [36m(setup pid=7152)[0m ++ '[' linux-gnu = msys ']'
2026-04-01 02:08:47,634 - INFO - [36m(setup pid=7152)[0m ++ export VIRTUAL_ENV
2026-04-01 02:08:47,634 - INFO - [36m(setup pid=7152)[0m ++ '[' -z '' ']'
2026-04-01 02:08:47,634 - INFO - [36m(setup pid=7152)[0m ++ unset SCRIPT_PATH
2026-04-01 02:08:47,634 - INFO - [36m(setup pid=7152)[0m ++ _OLD_VIRTUAL_PATH=/home/ubuntu/.local/bin:/home/ubuntu/.local/bin:/home/ubuntu/.local/bin:/home/ubuntu/miniconda3/bin:/home/ubuntu/miniconda3/condabin:/usr/local/sbin:/usr/local/bin:/usr/sbin:/usr/bin:/sbin:/bin:/usr/games:/usr/local/games:/snap/bin
2026-04-01 02:08:47,634 - INFO - [36m(setup pid=7152)[0m ++ PATH=/home/ubuntu/sky_workdir/.venv/bin:/home/ubuntu/.local/bin:/home/ubuntu/.local/bin:/home/ubuntu/.local/bin:/home/ubuntu/miniconda3/bin:/home/ubuntu/miniconda3/condabin:/usr/local/sbin:/usr/local/bin:/usr/sbin:/usr/bin:/sbin:/bin:/usr/games:/usr/local/games:/snap/bin
2026-04-01 02:08:47,634 - INFO - [36m(setup pid=7152)[0m ++ export PATH
2026-04-01 02:08:47,634 - INFO - [36m(setup pid=7152)[0m ++ '[' xsky_workdir '!=' x ']'
2026-04-01 02:08:47,634 - INFO - [36m(setup pid=7152)[0m ++ VIRTUAL_ENV_PROMPT=sky_workdir
2026-04-01 02:08:47,634 - INFO - [36m(setup pid=7152)[0m ++ export VIRTUAL_ENV_PROMPT
2026-04-01 02:08:47,634 - INFO - [36m(setup pid=7152)[0m ++ '[' -z '' ']'
2026-04-01 02:08:47,634 - INFO - [36m(setup pid=7152)[0m ++ '[' -z '' ']'
2026-04-01 02:08:47,634 - INFO - [36m(setup pid=7152)[0m ++ _OLD_VIRTUAL_PS1='(base) ${debian_chroot:+($debian_chroot)}\u@\h:\w\$ '
2026-04-01 02:08:47,634 - INFO - [36m(setup pid=7152)[0m ++ PS1='(sky_workdir) (base) ${debian_chroot:+($debian_chroot)}\u@\h:\w\$ '
2026-04-01 02:08:47,635 - INFO - [36m(setup pid=7152)[0m ++ export PS1
2026-04-01 02:08:47,635 - INFO - [36m(setup pid=7152)[0m ++ alias pydoc
2026-04-01 02:08:47,635 - INFO - [36m(setup pid=7152)[0m ++ true
2026-04-01 02:08:47,635 - INFO - [36m(setup pid=7152)[0m ++ hash -r
2026-04-01 02:08:47,635 - INFO - [36m(setup pid=7152)[0m + uv pip install datasets requests pynvml aiohttp
2026-04-01 02:08:47,635 - INFO - [36m(setup pid=7152)[0m Resolved 44 packages in 109ms
2026-04-01 02:08:47,635 - INFO - [36m(setup pid=7152)[0m Downloading aiohttp (1.7MiB)
2026-04-01 02:08:47,635 - INFO - [36m(setup pid=7152)[0m Downloading numpy (15.9MiB)
2026-04-01 02:08:47,635 - INFO - [36m(setup pid=7152)[0m Downloading pygments (1.2MiB)
2026-04-01 02:08:47,635 - INFO - [36m(setup pid=7152)[0m Downloading pandas (10.4MiB)
2026-04-01 02:08:47,635 - INFO - [36m(setup pid=7152)[0m Downloading pyarrow (45.4MiB)
2026-04-01 02:08:47,635 - INFO - [36m(setup pid=7152)[0m Downloading hf-xet (4.0MiB)
2026-04-01 02:08:47,635 - INFO - [36m(setup pid=7152)[0m  Downloaded hf-xet
2026-04-01 02:08:48,442 - INFO - [36m(setup pid=7152)[0m  Downloaded aiohttp
2026-04-01 02:08:48,442 - INFO - [36m(setup pid=7152)[0m  Downloaded pygments
2026-04-01 02:08:48,442 - INFO - [36m(setup pid=7152)[0m  Downloaded pyarrow
2026-04-01 02:08:49,048 - INFO - [36m(setup pid=7152)[0m  Downloaded numpy
2026-04-01 02:08:49,048 - INFO - [36m(setup pid=7152)[0m  Downloaded pandas
2026-04-01 02:08:49,048 - INFO - [36m(setup pid=7152)[0m Prepared 37 packages in 1.04s
2026-04-01 02:08:49,048 - INFO - [36m(setup pid=7152)[0m Installed 44 packages in 56ms
2026-04-01 02:08:49,048 - INFO - [36m(setup pid=7152)[0m  + aiohappyeyeballs==2.6.1
2026-04-01 02:08:49,048 - INFO - [36m(setup pid=7152)[0m  + aiohttp==3.13.4
2026-04-01 02:08:49,048 - INFO - [36m(setup pid=7152)[0m  + aiosignal==1.4.0
2026-04-01 02:08:49,048 - INFO - [36m(setup pid=7152)[0m  + annotated-doc==0.0.4
2026-04-01 02:08:49,048 - INFO - [36m(setup pid=7152)[0m  + anyio==4.13.0
2026-04-01 02:08:49,048 - INFO - [36m(setup pid=7152)[0m  + attrs==26.1.0
2026-04-01 02:08:49,048 - INFO - [36m(setup pid=7152)[0m  + certifi==2026.2.25
2026-04-01 02:08:49,048 - INFO - [36m(setup pid=7152)[0m  + charset-normalizer==3.4.6
2026-04-01 02:08:49,048 - INFO - [36m(setup pid=7152)[0m  + click==8.3.1
2026-04-01 02:08:49,049 - INFO - [36m(setup pid=7152)[0m  + datasets==4.8.4
2026-04-01 02:08:49,049 - INFO - [36m(setup pid=7152)[0m  + dill==0.4.1
2026-04-01 02:08:49,049 - INFO - [36m(setup pid=7152)[0m  + filelock==3.25.2
2026-04-01 02:08:49,049 - INFO - [36m(setup pid=7152)[0m  + frozenlist==1.8.0
2026-04-01 02:08:49,049 - INFO - [36m(setup pid=7152)[0m  + fsspec==2026.2.0
2026-04-01 02:08:49,049 - INFO - [36m(setup pid=7152)[0m  + h11==0.16.0
2026-04-01 02:08:49,049 - INFO - [36m(setup pid=7152)[0m  + hf-xet==1.4.2
2026-04-01 02:08:49,049 - INFO - [36m(setup pid=7152)[0m  + httpcore==1.0.9
2026-04-01 02:08:49,049 - INFO - [36m(setup pid=7152)[0m  + httpx==0.28.1
2026-04-01 02:08:49,049 - INFO - [36m(setup pid=7152)[0m  + huggingface-hub==1.8.0
2026-04-01 02:08:49,049 - INFO - [36m(setup pid=7152)[0m  + idna==3.11
2026-04-01 02:08:49,049 - INFO - [36m(setup pid=7152)[0m  + markdown-it-py==4.0.0
2026-04-01 02:08:49,049 - INFO - [36m(setup pid=7152)[0m  + mdurl==0.1.2
2026-04-01 02:08:49,049 - INFO - [36m(setup pid=7152)[0m  + multidict==6.7.1
2026-04-01 02:08:49,049 - INFO - [36m(setup pid=7152)[0m  + multiprocess==0.70.19
2026-04-01 02:08:49,049 - INFO - [36m(setup pid=7152)[0m  + numpy==2.4.4
2026-04-01 02:08:49,049 - INFO - [36m(setup pid=7152)[0m  + nvidia-ml-py==13.595.45
2026-04-01 02:08:49,049 - INFO - [36m(setup pid=7152)[0m  + packaging==26.0
2026-04-01 02:08:49,049 - INFO - [36m(setup pid=7152)[0m  + pandas==3.0.2
2026-04-01 02:08:49,049 - INFO - [36m(setup pid=7152)[0m  + propcache==0.4.1
2026-04-01 02:08:49,049 - INFO - [36m(setup pid=7152)[0m  + pyarrow==23.0.1
2026-04-01 02:08:49,049 - INFO - [36m(setup pid=7152)[0m  + pygments==2.20.0
2026-04-01 02:08:49,049 - INFO - [36m(setup pid=7152)[0m  + pynvml==13.0.1
2026-04-01 02:08:49,049 - INFO - [36m(setup pid=7152)[0m  + python-dateutil==2.9.0.post0
2026-04-01 02:08:49,049 - INFO - [36m(setup pid=7152)[0m  + pyyaml==6.0.3
2026-04-01 02:08:49,049 - INFO - [36m(setup pid=7152)[0m  + requests==2.33.1
2026-04-01 02:08:49,049 - INFO - [36m(setup pid=7152)[0m  + rich==14.3.3
2026-04-01 02:08:49,049 - INFO - [36m(setup pid=7152)[0m  + shellingham==1.5.4
2026-04-01 02:08:49,049 - INFO - [36m(setup pid=7152)[0m  + six==1.17.0
2026-04-01 02:08:49,049 - INFO - [36m(setup pid=7152)[0m  + tqdm==4.67.3
2026-04-01 02:08:49,049 - INFO - [36m(setup pid=7152)[0m  + typer==0.24.1
2026-04-01 02:08:49,049 - INFO - [36m(setup pid=7152)[0m  + typing-extensions==4.15.0
2026-04-01 02:08:49,049 - INFO - [36m(setup pid=7152)[0m  + urllib3==2.6.3
2026-04-01 02:08:49,049 - INFO - [36m(setup pid=7152)[0m  + xxhash==3.6.0
2026-04-01 02:08:49,049 - INFO - [36m(setup pid=7152)[0m  + yarl==1.23.0
2026-04-01 02:08:49,049 - INFO - [36m(setup pid=7152)[0m + echo '=== Installing vLLM 0.10.0 ==='
2026-04-01 02:08:49,049 - INFO - [36m(setup pid=7152)[0m === Installing vLLM 0.10.0 ===
2026-04-01 02:08:49,049 - INFO - [36m(setup pid=7152)[0m + uv pip install vllm==0.10.0 'ray[cgraph]'
2026-04-01 02:08:49,049 - INFO - [36m(setup pid=7152)[0m Resolved 141 packages in 344ms
2026-04-01 02:08:49,049 - INFO - [36m(setup pid=7152)[0m Downloading pillow (6.7MiB)
2026-04-01 02:08:49,652 - INFO - [36m(setup pid=7152)[0m Downloading uvloop (4.2MiB)
2026-04-01 02:08:49,652 - INFO - [36m(setup pid=7152)[0m Downloading pydantic-core (2.0MiB)
2026-04-01 02:08:49,652 - INFO - [36m(setup pid=7152)[0m Downloading tiktoken (1.1MiB)
2026-04-01 02:08:49,652 - INFO - [36m(setup pid=7152)[0m Downloading soundfile (1.3MiB)
2026-04-01 02:08:49,652 - INFO - [36m(setup pid=7152)[0m Downloading setuptools (1.2MiB)
2026-04-01 02:08:49,652 - INFO - [36m(setup pid=7152)[0m Downloading outlines-core (2.2MiB)
2026-04-01 02:08:49,652 - INFO - [36m(setup pid=7152)[0m Downloading networkx (2.0MiB)
2026-04-01 02:08:49,652 - INFO - [36m(setup pid=7152)[0m Downloading tokenizers (3.1MiB)
2026-04-01 02:08:49,652 - INFO - [36m(setup pid=7152)[0m Downloading sympy (6.0MiB)
2026-04-01 02:08:49,652 - INFO - [36m(setup pid=7152)[0m Downloading transformers (9.6MiB)
2026-04-01 02:08:49,652 - INFO - [36m(setup pid=7152)[0m Downloading nvidia-cufile-cu12 (1.1MiB)
2026-04-01 02:08:49,652 - INFO - [36m(setup pid=7152)[0m Downloading pycountry (7.7MiB)
2026-04-01 02:08:49,652 - INFO - [36m(setup pid=7152)[0m Downloading llguidance (14.3MiB)
2026-04-01 02:08:49,652 - INFO - [36m(setup pid=7152)[0m Downloading scipy (33.6MiB)
2026-04-01 02:08:49,652 - INFO - [36m(setup pid=7152)[0m Downloading xgrammar (11.3MiB)
2026-04-01 02:08:49,652 - INFO - [36m(setup pid=7152)[0m Downloading nvidia-cuda-cupti-cu12 (8.5MiB)
2026-04-01 02:08:49,652 - INFO - [36m(setup pid=7152)[0m Downloading mistral-common (6.2MiB)
2026-04-01 02:08:49,652 - INFO - [36m(setup pid=7152)[0m Downloading nvidia-cudnn-cu12 (544.5MiB)
2026-04-01 02:08:49,652 - INFO - [36m(setup pid=7152)[0m Downloading ray (69.3MiB)
2026-04-01 02:08:49,652 - INFO - [36m(setup pid=7152)[0m Downloading nvidia-cusparselt-cu12 (149.5MiB)
2026-04-01 02:08:49,652 - INFO - [36m(setup pid=7152)[0m Downloading opencv-python-headless (57.6MiB)
2026-04-01 02:08:49,652 - INFO - [36m(setup pid=7152)[0m Downloading numpy (15.8MiB)
2026-04-01 02:08:49,652 - INFO - [36m(setup pid=7152)[0m Downloading nvidia-cuda-nvrtc-cu12 (22.6MiB)
2026-04-01 02:08:49,652 - INFO - [36m(setup pid=7152)[0m Downloading torchaudio (3.3MiB)
2026-04-01 02:08:49,652 - INFO - [36m(setup pid=7152)[0m Downloading nvidia-nvjitlink-cu12 (18.8MiB)
2026-04-01 02:08:49,652 - INFO - [36m(setup pid=7152)[0m Downloading sentencepiece (1.3MiB)
2026-04-01 02:08:49,652 - INFO - [36m(setup pid=7152)[0m Downloading nvidia-cusolver-cu12 (150.9MiB)
2026-04-01 02:08:49,652 - INFO - [36m(setup pid=7152)[0m Downloading triton (148.5MiB)
2026-04-01 02:08:49,652 - INFO - [36m(setup pid=7152)[0m Downloading xformers (111.6MiB)
2026-04-01 02:08:49,652 - INFO - [36m(setup pid=7152)[0m Downloading nvidia-nccl-cu12 (192.0MiB)
2026-04-01 02:08:49,652 - INFO - [36m(setup pid=7152)[0m Downloading vllm (368.7MiB)
2026-04-01 02:08:49,652 - INFO - [36m(setup pid=7152)[0m Downloading nvidia-cusparse-cu12 (206.5MiB)
2026-04-01 02:08:49,652 - INFO - [36m(setup pid=7152)[0m Downloading cupy-cuda12x (128.4MiB)
2026-04-01 02:08:49,652 - INFO - [36m(setup pid=7152)[0m Downloading numba (3.7MiB)
2026-04-01 02:08:49,653 - INFO - [36m(setup pid=7152)[0m Downloading torchvision (7.1MiB)
2026-04-01 02:08:49,653 - INFO - [36m(setup pid=7152)[0m Downloading nvidia-cublas-cu12 (374.9MiB)
2026-04-01 02:08:49,653 - INFO - [36m(setup pid=7152)[0m Downloading torch (783.0MiB)
2026-04-01 02:08:49,653 - INFO - [36m(setup pid=7152)[0m Downloading nvidia-curand-cu12 (53.7MiB)
2026-04-01 02:08:49,653 - INFO - [36m(setup pid=7152)[0m Downloading llvmlite (40.4MiB)
2026-04-01 02:08:49,653 - INFO - [36m(setup pid=7152)[0m Downloading nvidia-cufft-cu12 (190.9MiB)
2026-04-01 02:08:49,653 - INFO - [36m(setup pid=7152)[0m  Downloaded nvidia-cufile-cu12
2026-04-01 02:08:49,653 - INFO - [36m(setup pid=7152)[0m  Downloaded tiktoken
2026-04-01 02:08:49,653 - INFO - [36m(setup pid=7152)[0m  Downloaded soundfile
2026-04-01 02:08:50,257 - INFO - [36m(setup pid=7152)[0m  Downloaded sentencepiece
2026-04-01 02:08:50,257 - INFO - [36m(setup pid=7152)[0m  Downloaded pydantic-core
2026-04-01 02:08:50,257 - INFO - [36m(setup pid=7152)[0m  Downloaded outlines-core
2026-04-01 02:08:50,257 - INFO - [36m(setup pid=7152)[0m  Downloaded setuptools
2026-04-01 02:08:50,257 - INFO - [36m(setup pid=7152)[0m  Downloaded networkx
2026-04-01 02:08:50,862 - INFO - [36m(setup pid=7152)[0m  Downloaded tokenizers
2026-04-01 02:08:50,863 - INFO - [36m(setup pid=7152)[0m  Downloaded torchaudio
2026-04-01 02:08:50,863 - INFO - [36m(setup pid=7152)[0m  Downloaded uvloop
2026-04-01 02:08:50,863 - INFO - [36m(setup pid=7152)[0m  Downloaded numba
2026-04-01 02:08:51,569 - INFO - [36m(setup pid=7152)[0m  Downloaded mistral-common
2026-04-01 02:08:51,569 - INFO - [36m(setup pid=7152)[0m  Downloaded pillow
2026-04-01 02:08:51,569 - INFO - [36m(setup pid=7152)[0m  Downloaded torchvision
2026-04-01 02:08:51,569 - INFO - [36m(setup pid=7152)[0m  Downloaded pycountry
2026-04-01 02:08:52,173 - INFO - [36m(setup pid=7152)[0m  Downloaded nvidia-cuda-cupti-cu12
2026-04-01 02:08:52,173 - INFO - [36m(setup pid=7152)[0m  Downloaded sympy
2026-04-01 02:08:53,079 - INFO - [36m(setup pid=7152)[0m  Downloaded xgrammar
2026-04-01 02:08:53,080 - INFO - [36m(setup pid=7152)[0m  Downloaded llguidance
2026-04-01 02:08:53,080 - INFO - [36m(setup pid=7152)[0m  Downloaded numpy
2026-04-01 02:08:53,585 - INFO - [36m(setup pid=7152)[0m  Downloaded transformers
2026-04-01 02:08:53,585 - INFO - [36m(setup pid=7152)[0m  Downloaded nvidia-nvjitlink-cu12
2026-04-01 02:08:55,498 - INFO - [36m(setup pid=7152)[0m  Downloaded nvidia-cuda-nvrtc-cu12
2026-04-01 02:08:55,498 - INFO - [36m(setup pid=7152)[0m  Downloaded scipy
2026-04-01 02:08:56,205 - INFO - [36m(setup pid=7152)[0m  Downloaded llvmlite
2026-04-01 02:08:57,012 - INFO - [36m(setup pid=7152)[0m  Downloaded nvidia-curand-cu12
2026-04-01 02:08:57,919 - INFO - [36m(setup pid=7152)[0m  Downloaded opencv-python-headless
2026-04-01 02:09:01,846 - INFO - [36m(setup pid=7152)[0m  Downloaded xformers
2026-04-01 02:09:02,752 - INFO - [36m(setup pid=7152)[0m  Downloaded ray
2026-04-01 02:09:03,960 - INFO - [36m(setup pid=7152)[0m  Downloaded cupy-cuda12x
2026-04-01 02:09:04,768 - INFO - [36m(setup pid=7152)[0m  Downloaded nvidia-cusparselt-cu12
2026-04-01 02:09:04,768 - INFO - [36m(setup pid=7152)[0m  Downloaded nvidia-cusolver-cu12
2026-04-01 02:09:05,372 - INFO - [36m(setup pid=7152)[0m  Downloaded triton
2026-04-01 02:09:05,979 - INFO - [36m(setup pid=7152)[0m  Downloaded nvidia-cufft-cu12
2026-04-01 02:09:08,799 - INFO - [36m(setup pid=7152)[0m  Downloaded nvidia-nccl-cu12
2026-04-01 02:09:08,800 - INFO - [36m(setup pid=7152)[0m  Downloaded nvidia-cusparse-cu12
2026-04-01 02:09:08,800 - INFO - [36m(setup pid=7152)[0m  Downloaded nvidia-cublas-cu12
2026-04-01 02:09:10,611 - INFO - [36m(setup pid=7152)[0m  Downloaded vllm
2026-04-01 02:09:11,318 - INFO - [36m(setup pid=7152)[0m  Downloaded nvidia-cudnn-cu12
2026-04-01 02:09:17,061 - INFO - [36m(setup pid=7152)[0m  Downloaded torch
2026-04-01 02:09:17,868 - INFO - [36m(setup pid=7152)[0m Prepared 103 packages in 28.64s
2026-04-01 02:09:17,868 - INFO - [36m(setup pid=7152)[0m Uninstalled 1 package in 14ms
2026-04-01 02:09:17,868 - INFO - [36m(setup pid=7152)[0m Installed 106 packages in 725ms
2026-04-01 02:09:18,369 - INFO - [36m(setup pid=7152)[0m  + annotated-types==0.7.0
2026-04-01 02:09:18,370 - INFO - [36m(setup pid=7152)[0m  + astor==0.8.1
2026-04-01 02:09:18,370 - INFO - [36m(setup pid=7152)[0m  + blake3==1.0.8
2026-04-01 02:09:18,370 - INFO - [36m(setup pid=7152)[0m  + cachetools==7.0.5
2026-04-01 02:09:18,370 - INFO - [36m(setup pid=7152)[0m  + cbor2==5.9.0
2026-04-01 02:09:18,370 - INFO - [36m(setup pid=7152)[0m  + cffi==2.0.0
2026-04-01 02:09:18,370 - INFO - [36m(setup pid=7152)[0m  + cloudpickle==3.1.2
2026-04-01 02:09:18,370 - INFO - [36m(setup pid=7152)[0m  + compressed-tensors==0.10.2
2026-04-01 02:09:18,370 - INFO - [36m(setup pid=7152)[0m  + cuda-pathfinder==1.5.0
2026-04-01 02:09:18,370 - INFO - [36m(setup pid=7152)[0m  + cupy-cuda12x==14.0.1
2026-04-01 02:09:18,370 - INFO - [36m(setup pid=7152)[0m  + depyf==0.19.0
2026-04-01 02:09:18,370 - INFO - [36m(setup pid=7152)[0m  + diskcache==5.6.3
2026-04-01 02:09:18,370 - INFO - [36m(setup pid=7152)[0m  + distro==1.9.0
2026-04-01 02:09:18,370 - INFO - [36m(setup pid=7152)[0m  + dnspython==2.8.0
2026-04-01 02:09:18,370 - INFO - [36m(setup pid=7152)[0m  + einops==0.8.2
2026-04-01 02:09:18,370 - INFO - [36m(setup pid=7152)[0m  + email-validator==2.3.0
2026-04-01 02:09:18,370 - INFO - [36m(setup pid=7152)[0m  + fastapi==0.135.2
2026-04-01 02:09:18,370 - INFO - [36m(setup pid=7152)[0m  + fastapi-cli==0.0.24
2026-04-01 02:09:18,370 - INFO - [36m(setup pid=7152)[0m  + fastapi-cloud-cli==0.15.1
2026-04-01 02:09:18,370 - INFO - [36m(setup pid=7152)[0m  + fastar==0.9.0
2026-04-01 02:09:18,370 - INFO - [36m(setup pid=7152)[0m  + gguf==0.18.0
2026-04-01 02:09:18,370 - INFO - [36m(setup pid=7152)[0m  + httptools==0.7.1
2026-04-01 02:09:18,370 - INFO - [36m(setup pid=7152)[0m  + interegular==0.3.3
2026-04-01 02:09:18,370 - INFO - [36m(setup pid=7152)[0m  + jinja2==3.1.6
2026-04-01 02:09:18,370 - INFO - [36m(setup pid=7152)[0m  + jiter==0.13.0
2026-04-01 02:09:18,370 - INFO - [36m(setup pid=7152)[0m  + jsonschema==4.26.0
2026-04-01 02:09:18,370 - INFO - [36m(setup pid=7152)[0m  + jsonschema-specifications==2025.9.1
2026-04-01 02:09:18,975 - INFO - [36m(setup pid=7152)[0m  + lark==1.2.2
2026-04-01 02:09:18,975 - INFO - [36m(setup pid=7152)[0m  + llguidance==0.7.30
2026-04-01 02:09:18,975 - INFO - [36m(setup pid=7152)[0m  + llvmlite==0.44.0
2026-04-01 02:09:18,975 - INFO - [36m(setup pid=7152)[0m  + lm-format-enforcer==0.10.12
2026-04-01 02:09:18,975 - INFO - [36m(setup pid=7152)[0m  + markupsafe==3.0.3
2026-04-01 02:09:18,975 - INFO - [36m(setup pid=7152)[0m  + mistral-common==1.10.0
2026-04-01 02:09:18,975 - INFO - [36m(setup pid=7152)[0m  + mpmath==1.3.0
2026-04-01 02:09:18,975 - INFO - [36m(setup pid=7152)[0m  + msgpack==1.1.2
2026-04-01 02:09:18,975 - INFO - [36m(setup pid=7152)[0m  + msgspec==0.20.0
2026-04-01 02:09:18,975 - INFO - [36m(setup pid=7152)[0m  + networkx==3.6.1
2026-04-01 02:09:18,975 - INFO - [36m(setup pid=7152)[0m  + ninja==1.13.0
2026-04-01 02:09:18,976 - INFO - [36m(setup pid=7152)[0m  + numba==0.61.2
2026-04-01 02:09:18,976 - INFO - [36m(setup pid=7152)[0m  - numpy==2.4.4
2026-04-01 02:09:18,976 - INFO - [36m(setup pid=7152)[0m  + numpy==2.2.6
2026-04-01 02:09:18,976 - INFO - [36m(setup pid=7152)[0m  + nvidia-cublas-cu12==12.6.4.1
2026-04-01 02:09:18,976 - INFO - [36m(setup pid=7152)[0m  + nvidia-cuda-cupti-cu12==12.6.80
2026-04-01 02:09:18,976 - INFO - [36m(setup pid=7152)[0m  + nvidia-cuda-nvrtc-cu12==12.6.77
2026-04-01 02:09:18,976 - INFO - [36m(setup pid=7152)[0m  + nvidia-cuda-runtime-cu12==12.6.77
2026-04-01 02:09:18,976 - INFO - [36m(setup pid=7152)[0m  + nvidia-cudnn-cu12==9.5.1.17
2026-04-01 02:09:18,976 - INFO - [36m(setup pid=7152)[0m  + nvidia-cufft-cu12==11.3.0.4
2026-04-01 02:09:18,976 - INFO - [36m(setup pid=7152)[0m  + nvidia-cufile-cu12==1.11.1.6
2026-04-01 02:09:18,976 - INFO - [36m(setup pid=7152)[0m  + nvidia-curand-cu12==10.3.7.77
2026-04-01 02:09:18,976 - INFO - [36m(setup pid=7152)[0m  + nvidia-cusolver-cu12==11.7.1.2
2026-04-01 02:09:18,976 - INFO - [36m(setup pid=7152)[0m  + nvidia-cusparse-cu12==12.5.4.2
2026-04-01 02:09:18,976 - INFO - [36m(setup pid=7152)[0m  + nvidia-cusparselt-cu12==0.6.3
2026-04-01 02:09:18,976 - INFO - [36m(setup pid=7152)[0m  + nvidia-nccl-cu12==2.26.2
2026-04-01 02:09:18,976 - INFO - [36m(setup pid=7152)[0m  + nvidia-nvjitlink-cu12==12.6.85
2026-04-01 02:09:18,976 - INFO - [36m(setup pid=7152)[0m  + nvidia-nvtx-cu12==12.6.77
2026-04-01 02:09:18,976 - INFO - [36m(setup pid=7152)[0m  + openai==1.90.0
2026-04-01 02:09:18,976 - INFO - [36m(setup pid=7152)[0m  + opencv-python-headless==4.13.0.92
2026-04-01 02:09:18,976 - INFO - [36m(setup pid=7152)[0m  + outlines-core==0.2.10
2026-04-01 02:09:18,976 - INFO - [36m(setup pid=7152)[0m  + partial-json-parser==0.2.1.1.post7
2026-04-01 02:09:18,976 - INFO - [36m(setup pid=7152)[0m  + pillow==12.1.1
2026-04-01 02:09:18,976 - INFO - [36m(setup pid=7152)[0m  + prometheus-client==0.24.1
2026-04-01 02:09:18,976 - INFO - [36m(setup pid=7152)[0m  + prometheus-fastapi-instrumentator==7.1.0
2026-04-01 02:09:18,976 - INFO - [36m(setup pid=7152)[0m  + protobuf==7.34.1
2026-04-01 02:09:18,976 - INFO - [36m(setup pid=7152)[0m  + psutil==7.2.2
2026-04-01 02:09:18,976 - INFO - [36m(setup pid=7152)[0m  + py-cpuinfo==9.0.0
2026-04-01 02:09:18,976 - INFO - [36m(setup pid=7152)[0m  + pybase64==1.4.3
2026-04-01 02:09:18,976 - INFO - [36m(setup pid=7152)[0m  + pycountry==26.2.16
2026-04-01 02:09:18,976 - INFO - [36m(setup pid=7152)[0m  + pycparser==3.0
2026-04-01 02:09:18,976 - INFO - [36m(setup pid=7152)[0m  + pydantic==2.12.5
2026-04-01 02:09:18,976 - INFO - [36m(setup pid=7152)[0m  + pydantic-core==2.41.5
2026-04-01 02:09:18,976 - INFO - [36m(setup pid=7152)[0m  + pydantic-extra-types==2.11.1
2026-04-01 02:09:18,976 - INFO - [36m(setup pid=7152)[0m  + pydantic-settings==2.13.1
2026-04-01 02:09:18,976 - INFO - [36m(setup pid=7152)[0m  + python-dotenv==1.2.2
2026-04-01 02:09:18,976 - INFO - [36m(setup pid=7152)[0m  + python-json-logger==4.1.0
2026-04-01 02:09:18,976 - INFO - [36m(setup pid=7152)[0m  + python-multipart==0.0.22
2026-04-01 02:09:18,976 - INFO - [36m(setup pid=7152)[0m  + pyzmq==27.1.0
2026-04-01 02:09:18,976 - INFO - [36m(setup pid=7152)[0m  + ray==2.54.1
2026-04-01 02:09:18,976 - INFO - [36m(setup pid=7152)[0m  + referencing==0.37.0
2026-04-01 02:09:18,976 - INFO - [36m(setup pid=7152)[0m  + regex==2026.3.32
2026-04-01 02:09:18,976 - INFO - [36m(setup pid=7152)[0m  + rich-toolkit==0.19.7
2026-04-01 02:09:18,976 - INFO - [36m(setup pid=7152)[0m  + rignore==0.7.6
2026-04-01 02:09:18,976 - INFO - [36m(setup pid=7152)[0m  + rpds-py==0.30.0
2026-04-01 02:09:18,976 - INFO - [36m(setup pid=7152)[0m  + safetensors==0.7.0
2026-04-01 02:09:18,976 - INFO - [36m(setup pid=7152)[0m  + scipy==1.17.1
2026-04-01 02:09:18,976 - INFO - [36m(setup pid=7152)[0m  + sentencepiece==0.2.1
2026-04-01 02:09:18,976 - INFO - [36m(setup pid=7152)[0m  + sentry-sdk==2.57.0
2026-04-01 02:09:18,976 - INFO - [36m(setup pid=7152)[0m  + setuptools==79.0.1
2026-04-01 02:09:18,976 - INFO - [36m(setup pid=7152)[0m  + sniffio==1.3.1
2026-04-01 02:09:18,976 - INFO - [36m(setup pid=7152)[0m  + soundfile==0.13.1
2026-04-01 02:09:18,976 - INFO - [36m(setup pid=7152)[0m  + soxr==1.0.0
2026-04-01 02:09:18,976 - INFO - [36m(setup pid=7152)[0m  + starlette==0.52.1
2026-04-01 02:09:18,976 - INFO - [36m(setup pid=7152)[0m  + sympy==1.14.0
2026-04-01 02:09:18,976 - INFO - [36m(setup pid=7152)[0m  + tiktoken==0.12.0
2026-04-01 02:09:18,976 - INFO - [36m(setup pid=7152)[0m  + tokenizers==0.22.2
2026-04-01 02:09:18,976 - INFO - [36m(setup pid=7152)[0m  + torch==2.7.1
2026-04-01 02:09:18,976 - INFO - [36m(setup pid=7152)[0m  + torchaudio==2.7.1
2026-04-01 02:09:18,976 - INFO - [36m(setup pid=7152)[0m  + torchvision==0.22.1
2026-04-01 02:09:18,976 - INFO - [36m(setup pid=7152)[0m  + transformers==5.4.0
2026-04-01 02:09:18,976 - INFO - [36m(setup pid=7152)[0m  + triton==3.3.1
2026-04-01 02:09:18,976 - INFO - [36m(setup pid=7152)[0m  + typing-inspection==0.4.2
2026-04-01 02:09:18,976 - INFO - [36m(setup pid=7152)[0m  + uvicorn==0.42.0
2026-04-01 02:09:18,976 - INFO - [36m(setup pid=7152)[0m  + uvloop==0.22.1
2026-04-01 02:09:18,976 - INFO - [36m(setup pid=7152)[0m  + vllm==0.10.0
2026-04-01 02:09:18,976 - INFO - [36m(setup pid=7152)[0m  + watchfiles==1.1.1
2026-04-01 02:09:18,977 - INFO - [36m(setup pid=7152)[0m  + websockets==16.0
2026-04-01 02:09:18,977 - INFO - [36m(setup pid=7152)[0m  + xformers==0.0.31
2026-04-01 02:09:18,977 - INFO - [36m(setup pid=7152)[0m  + xgrammar==0.1.21
2026-04-01 02:09:18,977 - INFO - [36m(setup pid=7152)[0m + echo '=== Pinning transformers==4.57.3 (avoid 5.x breaking changes) ==='
2026-04-01 02:09:18,977 - INFO - [36m(setup pid=7152)[0m === Pinning transformers==4.57.3 (avoid 5.x breaking changes) ===
2026-04-01 02:09:18,977 - INFO - [36m(setup pid=7152)[0m + uv pip install transformers==4.57.3
2026-04-01 02:09:18,977 - INFO - [36m(setup pid=7152)[0m Resolved 18 packages in 62ms
2026-04-01 02:09:18,977 - INFO - [36m(setup pid=7152)[0m Downloading transformers (11.4MiB)
2026-04-01 02:09:18,977 - INFO - [36m(setup pid=7152)[0m  Downloaded transformers
2026-04-01 02:09:22,102 - INFO - [36m(setup pid=7152)[0m Prepared 2 packages in 527ms
2026-04-01 02:09:22,102 - INFO - [36m(setup pid=7152)[0m Uninstalled 2 packages in 218ms
2026-04-01 02:09:22,102 - INFO - [36m(setup pid=7152)[0m Installed 2 packages in 73ms
2026-04-01 02:09:22,102 - INFO - [36m(setup pid=7152)[0m  - huggingface-hub==1.8.0
2026-04-01 02:09:22,102 - INFO - [36m(setup pid=7152)[0m  + huggingface-hub==0.36.2
2026-04-01 02:09:22,102 - INFO - [36m(setup pid=7152)[0m  - transformers==5.4.0
2026-04-01 02:09:22,102 - INFO - [36m(setup pid=7152)[0m  + transformers==4.57.3
2026-04-01 02:09:22,102 - INFO - [36m(setup pid=7152)[0m + echo '=== PyTorch CUDA Check ==='
2026-04-01 02:09:22,102 - INFO - [36m(setup pid=7152)[0m === PyTorch CUDA Check ===
2026-04-01 02:09:22,102 - INFO - [36m(setup pid=7152)[0m + python3 -c 'import torch; print('\''torch.cuda.is_available():'\'', torch.cuda.is_available()); print('\''torch.version.cuda:'\'', torch.version.cuda); print('\''torch.__version__:'\'', torch.__version__); print('\''torch.cuda.device_count():'\'', torch.cuda.device_count() if torch.cuda.is_available() else '\''N/A'\'')'
2026-04-01 02:09:22,102 - INFO - [36m(setup pid=7152)[0m torch.cuda.is_available(): True
2026-04-01 02:09:23,008 - INFO - [36m(setup pid=7152)[0m torch.version.cuda: 12.6
2026-04-01 02:09:23,009 - INFO - [36m(setup pid=7152)[0m torch.__version__: 2.7.1+cu126
2026-04-01 02:09:23,009 - INFO - [36m(setup pid=7152)[0m torch.cuda.device_count(): 8
2026-04-01 02:09:23,917 - INFO - [36m(setup pid=7152)[0m + echo ===========================
2026-04-01 02:09:23,917 - INFO - [36m(setup pid=7152)[0m ===========================
2026-04-01 02:09:23,917 - INFO - [36m(setup pid=7152)[0m + echo '=== Setup complete ==='
2026-04-01 02:09:23,917 - INFO - [36m(setup pid=7152)[0m === Setup complete ===
2026-04-01 02:09:23,917 - INFO - [36m(rf-qwen2-5-72b-instruct-tp4pp2-L40S, pid=7152)[0m + export LD_LIBRARY_PATH=/usr/local/cuda/lib64:/usr/local/cuda/targets/x86_64-linux/lib:
2026-04-01 02:09:24,825 - INFO - [36m(rf-qwen2-5-72b-instruct-tp4pp2-L40S, pid=7152)[0m + LD_LIBRARY_PATH=/usr/local/cuda/lib64:/usr/local/cuda/targets/x86_64-linux/lib:
2026-04-01 02:09:24,826 - INFO - [36m(rf-qwen2-5-72b-instruct-tp4pp2-L40S, pid=7152)[0m + export CUDA_HOME=/usr/local/cuda
2026-04-01 02:09:24,826 - INFO - [36m(rf-qwen2-5-72b-instruct-tp4pp2-L40S, pid=7152)[0m + CUDA_HOME=/usr/local/cuda
2026-04-01 02:09:24,826 - INFO - [36m(rf-qwen2-5-72b-instruct-tp4pp2-L40S, pid=7152)[0m + echo '=== Pre-run Diagnostics ==='
2026-04-01 02:09:24,826 - INFO - [36m(rf-qwen2-5-72b-instruct-tp4pp2-L40S, pid=7152)[0m === Pre-run Diagnostics ===
2026-04-01 02:09:24,826 - INFO - [36m(rf-qwen2-5-72b-instruct-tp4pp2-L40S, pid=7152)[0m + nvidia-smi
2026-04-01 02:09:24,826 - INFO - [36m(rf-qwen2-5-72b-instruct-tp4pp2-L40S, pid=7152)[0m Tue Mar 31 20:39:23 2026
2026-04-01 02:09:24,826 - INFO - [36m(rf-qwen2-5-72b-instruct-tp4pp2-L40S, pid=7152)[0m +---------------------------------------------------------------------------------------+
2026-04-01 02:09:24,826 - INFO - [36m(rf-qwen2-5-72b-instruct-tp4pp2-L40S, pid=7152)[0m | NVIDIA-SMI 535.216.01             Driver Version: 535.216.01   CUDA Version: 12.2     |
2026-04-01 02:09:24,826 - INFO - [36m(rf-qwen2-5-72b-instruct-tp4pp2-L40S, pid=7152)[0m |-----------------------------------------+----------------------+----------------------+
2026-04-01 02:09:24,826 - INFO - [36m(rf-qwen2-5-72b-instruct-tp4pp2-L40S, pid=7152)[0m | GPU  Name                 Persistence-M | Bus-Id        Disp.A | Volatile Uncorr. ECC |
2026-04-01 02:09:24,826 - INFO - [36m(rf-qwen2-5-72b-instruct-tp4pp2-L40S, pid=7152)[0m | Fan  Temp   Perf          Pwr:Usage/Cap |         Memory-Usage | GPU-Util  Compute M. |
2026-04-01 02:09:24,826 - INFO - [36m(rf-qwen2-5-72b-instruct-tp4pp2-L40S, pid=7152)[0m |                                         |                      |               MIG M. |
2026-04-01 02:09:24,826 - INFO - [36m(rf-qwen2-5-72b-instruct-tp4pp2-L40S, pid=7152)[0m |=========================================+======================+======================|
2026-04-01 02:09:24,826 - INFO - [36m(rf-qwen2-5-72b-instruct-tp4pp2-L40S, pid=7152)[0m |   0  NVIDIA L40S                    On  | 00000000:9E:00.0 Off |                    0 |
2026-04-01 02:09:24,826 - INFO - [36m(rf-qwen2-5-72b-instruct-tp4pp2-L40S, pid=7152)[0m | N/A   33C    P8              31W / 350W |      0MiB / 46068MiB |      0%      Default |
2026-04-01 02:09:24,826 - INFO - [36m(rf-qwen2-5-72b-instruct-tp4pp2-L40S, pid=7152)[0m |                                         |                      |                  N/A |
2026-04-01 02:09:24,826 - INFO - [36m(rf-qwen2-5-72b-instruct-tp4pp2-L40S, pid=7152)[0m +-----------------------------------------+----------------------+----------------------+
2026-04-01 02:09:24,826 - INFO - [36m(rf-qwen2-5-72b-instruct-tp4pp2-L40S, pid=7152)[0m |   1  NVIDIA L40S                    On  | 00000000:A0:00.0 Off |                    0 |
2026-04-01 02:09:24,826 - INFO - [36m(rf-qwen2-5-72b-instruct-tp4pp2-L40S, pid=7152)[0m | N/A   33C    P8              32W / 350W |      0MiB / 46068MiB |      0%      Default |
2026-04-01 02:09:24,826 - INFO - [36m(rf-qwen2-5-72b-instruct-tp4pp2-L40S, pid=7152)[0m |                                         |                      |                  N/A |
2026-04-01 02:09:24,826 - INFO - [36m(rf-qwen2-5-72b-instruct-tp4pp2-L40S, pid=7152)[0m +-----------------------------------------+----------------------+----------------------+
2026-04-01 02:09:24,826 - INFO - [36m(rf-qwen2-5-72b-instruct-tp4pp2-L40S, pid=7152)[0m |   2  NVIDIA L40S                    On  | 00000000:A2:00.0 Off |                    0 |
2026-04-01 02:09:24,826 - INFO - [36m(rf-qwen2-5-72b-instruct-tp4pp2-L40S, pid=7152)[0m | N/A   33C    P8              33W / 350W |      0MiB / 46068MiB |      0%      Default |
2026-04-01 02:09:24,826 - INFO - [36m(rf-qwen2-5-72b-instruct-tp4pp2-L40S, pid=7152)[0m |                                         |                      |                  N/A |
2026-04-01 02:09:24,826 - INFO - [36m(rf-qwen2-5-72b-instruct-tp4pp2-L40S, pid=7152)[0m +-----------------------------------------+----------------------+----------------------+
2026-04-01 02:09:24,827 - INFO - [36m(rf-qwen2-5-72b-instruct-tp4pp2-L40S, pid=7152)[0m |   3  NVIDIA L40S                    On  | 00000000:A4:00.0 Off |                    0 |
2026-04-01 02:09:24,827 - INFO - [36m(rf-qwen2-5-72b-instruct-tp4pp2-L40S, pid=7152)[0m | N/A   33C    P8              33W / 350W |      0MiB / 46068MiB |      0%      Default |
2026-04-01 02:09:24,827 - INFO - [36m(rf-qwen2-5-72b-instruct-tp4pp2-L40S, pid=7152)[0m |                                         |                      |                  N/A |
2026-04-01 02:09:24,827 - INFO - [36m(rf-qwen2-5-72b-instruct-tp4pp2-L40S, pid=7152)[0m +-----------------------------------------+----------------------+----------------------+
2026-04-01 02:09:24,827 - INFO - [36m(rf-qwen2-5-72b-instruct-tp4pp2-L40S, pid=7152)[0m |   4  NVIDIA L40S                    On  | 00000000:C6:00.0 Off |                    0 |
2026-04-01 02:09:24,827 - INFO - [36m(rf-qwen2-5-72b-instruct-tp4pp2-L40S, pid=7152)[0m | N/A   34C    P8              31W / 350W |      0MiB / 46068MiB |      0%      Default |
2026-04-01 02:09:24,827 - INFO - [36m(rf-qwen2-5-72b-instruct-tp4pp2-L40S, pid=7152)[0m |                                         |                      |                  N/A |
2026-04-01 02:09:24,827 - INFO - [36m(rf-qwen2-5-72b-instruct-tp4pp2-L40S, pid=7152)[0m +-----------------------------------------+----------------------+----------------------+
2026-04-01 02:09:24,827 - INFO - [36m(rf-qwen2-5-72b-instruct-tp4pp2-L40S, pid=7152)[0m |   5  NVIDIA L40S                    On  | 00000000:C8:00.0 Off |                    0 |
2026-04-01 02:09:24,827 - INFO - [36m(rf-qwen2-5-72b-instruct-tp4pp2-L40S, pid=7152)[0m | N/A   34C    P8              32W / 350W |      0MiB / 46068MiB |      0%      Default |
2026-04-01 02:09:24,827 - INFO - [36m(rf-qwen2-5-72b-instruct-tp4pp2-L40S, pid=7152)[0m |                                         |                      |                  N/A |
2026-04-01 02:09:24,827 - INFO - [36m(rf-qwen2-5-72b-instruct-tp4pp2-L40S, pid=7152)[0m +-----------------------------------------+----------------------+----------------------+
2026-04-01 02:09:24,827 - INFO - [36m(rf-qwen2-5-72b-instruct-tp4pp2-L40S, pid=7152)[0m |   6  NVIDIA L40S                    On  | 00000000:CA:00.0 Off |                    0 |
2026-04-01 02:09:24,827 - INFO - [36m(rf-qwen2-5-72b-instruct-tp4pp2-L40S, pid=7152)[0m | N/A   34C    P8              31W / 350W |      0MiB / 46068MiB |      0%      Default |
2026-04-01 02:09:24,827 - INFO - [36m(rf-qwen2-5-72b-instruct-tp4pp2-L40S, pid=7152)[0m |                                         |                      |                  N/A |
2026-04-01 02:09:24,827 - INFO - [36m(rf-qwen2-5-72b-instruct-tp4pp2-L40S, pid=7152)[0m +-----------------------------------------+----------------------+----------------------+
2026-04-01 02:09:24,827 - INFO - [36m(rf-qwen2-5-72b-instruct-tp4pp2-L40S, pid=7152)[0m |   7  NVIDIA L40S                    On  | 00000000:CC:00.0 Off |                    0 |
2026-04-01 02:09:24,827 - INFO - [36m(rf-qwen2-5-72b-instruct-tp4pp2-L40S, pid=7152)[0m | N/A   32C    P8              31W / 350W |      0MiB / 46068MiB |      0%      Default |
2026-04-01 02:09:24,827 - INFO - [36m(rf-qwen2-5-72b-instruct-tp4pp2-L40S, pid=7152)[0m |                                         |                      |                  N/A |
2026-04-01 02:09:24,827 - INFO - [36m(rf-qwen2-5-72b-instruct-tp4pp2-L40S, pid=7152)[0m +-----------------------------------------+----------------------+----------------------+
2026-04-01 02:09:24,827 - INFO - [36m(rf-qwen2-5-72b-instruct-tp4pp2-L40S, pid=7152)[0m
2026-04-01 02:09:24,827 - INFO - [36m(rf-qwen2-5-72b-instruct-tp4pp2-L40S, pid=7152)[0m +---------------------------------------------------------------------------------------+
2026-04-01 02:09:24,827 - INFO - [36m(rf-qwen2-5-72b-instruct-tp4pp2-L40S, pid=7152)[0m | Processes:                                                                            |
2026-04-01 02:09:24,827 - INFO - [36m(rf-qwen2-5-72b-instruct-tp4pp2-L40S, pid=7152)[0m |  GPU   GI   CI        PID   Type   Process name                            GPU Memory |
2026-04-01 02:09:24,827 - INFO - [36m(rf-qwen2-5-72b-instruct-tp4pp2-L40S, pid=7152)[0m |        ID   ID                                                             Usage      |
2026-04-01 02:09:24,827 - INFO - [36m(rf-qwen2-5-72b-instruct-tp4pp2-L40S, pid=7152)[0m |=======================================================================================|
2026-04-01 02:09:24,827 - INFO - [36m(rf-qwen2-5-72b-instruct-tp4pp2-L40S, pid=7152)[0m |  No running processes found                                                           |
2026-04-01 02:09:24,827 - INFO - [36m(rf-qwen2-5-72b-instruct-tp4pp2-L40S, pid=7152)[0m +---------------------------------------------------------------------------------------+
2026-04-01 02:09:24,827 - INFO - [36m(rf-qwen2-5-72b-instruct-tp4pp2-L40S, pid=7152)[0m + echo '--- A100 SXM4 Diagnostics ---'
2026-04-01 02:09:25,229 - INFO - [36m(rf-qwen2-5-72b-instruct-tp4pp2-L40S, pid=7152)[0m --- A100 SXM4 Diagnostics ---
2026-04-01 02:09:25,229 - INFO - [36m(rf-qwen2-5-72b-instruct-tp4pp2-L40S, pid=7152)[0m + echo 'Checking NVIDIA Fabric Manager (required for NVSwitch on A100-SXM4)...'
2026-04-01 02:09:25,229 - INFO - [36m(rf-qwen2-5-72b-instruct-tp4pp2-L40S, pid=7152)[0m Checking NVIDIA Fabric Manager (required for NVSwitch on A100-SXM4)...
2026-04-01 02:09:25,229 - INFO - [36m(rf-qwen2-5-72b-instruct-tp4pp2-L40S, pid=7152)[0m + systemctl status nvidia-fabricmanager
2026-04-01 02:09:25,229 - INFO - [36m(rf-qwen2-5-72b-instruct-tp4pp2-L40S, pid=7152)[0m Unit nvidia-fabricmanager.service could not be found.
2026-04-01 02:09:25,229 - INFO - [36m(rf-qwen2-5-72b-instruct-tp4pp2-L40S, pid=7152)[0m + echo 'Fabric Manager status check failed or not present'
2026-04-01 02:09:25,229 - INFO - [36m(rf-qwen2-5-72b-instruct-tp4pp2-L40S, pid=7152)[0m Fabric Manager status check failed or not present
2026-04-01 02:09:25,229 - INFO - [36m(rf-qwen2-5-72b-instruct-tp4pp2-L40S, pid=7152)[0m + echo 'Checking for NVLink topology...'
2026-04-01 02:09:25,229 - INFO - [36m(rf-qwen2-5-72b-instruct-tp4pp2-L40S, pid=7152)[0m Checking for NVLink topology...
2026-04-01 02:09:25,229 - INFO - [36m(rf-qwen2-5-72b-instruct-tp4pp2-L40S, pid=7152)[0m + nvidia-smi topo -m
2026-04-01 02:09:25,229 - INFO - [36m(rf-qwen2-5-72b-instruct-tp4pp2-L40S, pid=7152)[0m 	[4mGPU0	GPU1	GPU2	GPU3	GPU4	GPU5	GPU6	GPU7	CPU Affinity	NUMA Affinity	GPU NUMA ID[0m
2026-04-01 02:09:25,230 - INFO - [36m(rf-qwen2-5-72b-instruct-tp4pp2-L40S, pid=7152)[0m GPU0	 X 	NODE	NODE	NODE	SYS	SYS	SYS	SYS	0-47,96-143	0		N/A
2026-04-01 02:09:25,230 - INFO - [36m(rf-qwen2-5-72b-instruct-tp4pp2-L40S, pid=7152)[0m GPU1	NODE	 X 	NODE	NODE	SYS	SYS	SYS	SYS	0-47,96-143	0		N/A
2026-04-01 02:09:25,230 - INFO - [36m(rf-qwen2-5-72b-instruct-tp4pp2-L40S, pid=7152)[0m GPU2	NODE	NODE	 X 	NODE	SYS	SYS	SYS	SYS	0-47,96-143	0		N/A
2026-04-01 02:09:25,230 - INFO - [36m(rf-qwen2-5-72b-instruct-tp4pp2-L40S, pid=7152)[0m GPU3	NODE	NODE	NODE	 X 	SYS	SYS	SYS	SYS	0-47,96-143	0		N/A
2026-04-01 02:09:25,230 - INFO - [36m(rf-qwen2-5-72b-instruct-tp4pp2-L40S, pid=7152)[0m GPU4	SYS	SYS	SYS	SYS	 X 	NODE	NODE	NODE	48-95,144-191	1		N/A
2026-04-01 02:09:25,230 - INFO - [36m(rf-qwen2-5-72b-instruct-tp4pp2-L40S, pid=7152)[0m GPU5	SYS	SYS	SYS	SYS	NODE	 X 	NODE	NODE	48-95,144-191	1		N/A
2026-04-01 02:09:25,230 - INFO - [36m(rf-qwen2-5-72b-instruct-tp4pp2-L40S, pid=7152)[0m GPU6	SYS	SYS	SYS	SYS	NODE	NODE	 X 	NODE	48-95,144-191	1		N/A
2026-04-01 02:09:25,230 - INFO - [36m(rf-qwen2-5-72b-instruct-tp4pp2-L40S, pid=7152)[0m GPU7	SYS	SYS	SYS	SYS	NODE	NODE	NODE	 X 	48-95,144-191	1		N/A
2026-04-01 02:09:25,230 - INFO - [36m(rf-qwen2-5-72b-instruct-tp4pp2-L40S, pid=7152)[0m
2026-04-01 02:09:25,230 - INFO - [36m(rf-qwen2-5-72b-instruct-tp4pp2-L40S, pid=7152)[0m Legend:
2026-04-01 02:09:25,230 - INFO - [36m(rf-qwen2-5-72b-instruct-tp4pp2-L40S, pid=7152)[0m
2026-04-01 02:09:25,230 - INFO - [36m(rf-qwen2-5-72b-instruct-tp4pp2-L40S, pid=7152)[0m   X    = Self
2026-04-01 02:09:25,230 - INFO - [36m(rf-qwen2-5-72b-instruct-tp4pp2-L40S, pid=7152)[0m   SYS  = Connection traversing PCIe as well as the SMP interconnect between NUMA nodes (e.g., QPI/UPI)
2026-04-01 02:09:25,230 - INFO - [36m(rf-qwen2-5-72b-instruct-tp4pp2-L40S, pid=7152)[0m   NODE = Connection traversing PCIe as well as the interconnect between PCIe Host Bridges within a NUMA node
2026-04-01 02:09:25,230 - INFO - [36m(rf-qwen2-5-72b-instruct-tp4pp2-L40S, pid=7152)[0m   PHB  = Connection traversing PCIe as well as a PCIe Host Bridge (typically the CPU)
2026-04-01 02:09:25,230 - INFO - [36m(rf-qwen2-5-72b-instruct-tp4pp2-L40S, pid=7152)[0m   PXB  = Connection traversing multiple PCIe bridges (without traversing the PCIe Host Bridge)
2026-04-01 02:09:25,230 - INFO - [36m(rf-qwen2-5-72b-instruct-tp4pp2-L40S, pid=7152)[0m   PIX  = Connection traversing at most a single PCIe bridge
2026-04-01 02:09:25,230 - INFO - [36m(rf-qwen2-5-72b-instruct-tp4pp2-L40S, pid=7152)[0m   NV#  = Connection traversing a bonded set of # NVLinks
2026-04-01 02:09:25,230 - INFO - [36m(rf-qwen2-5-72b-instruct-tp4pp2-L40S, pid=7152)[0m + echo '--- NUMA Topology and GPU-NUMA Mapping ---'
2026-04-01 02:09:25,230 - INFO - [36m(rf-qwen2-5-72b-instruct-tp4pp2-L40S, pid=7152)[0m --- NUMA Topology and GPU-NUMA Mapping ---
2026-04-01 02:09:25,230 - INFO - [36m(rf-qwen2-5-72b-instruct-tp4pp2-L40S, pid=7152)[0m + echo 'NUMA hardware layout:'
2026-04-01 02:09:25,230 - INFO - [36m(rf-qwen2-5-72b-instruct-tp4pp2-L40S, pid=7152)[0m NUMA hardware layout:
2026-04-01 02:09:25,230 - INFO - [36m(rf-qwen2-5-72b-instruct-tp4pp2-L40S, pid=7152)[0m + numactl --hardware
2026-04-01 02:09:25,230 - INFO - [36m(rf-qwen2-5-72b-instruct-tp4pp2-L40S, pid=7152)[0m available: 2 nodes (0-1)
2026-04-01 02:09:25,230 - INFO - [36m(rf-qwen2-5-72b-instruct-tp4pp2-L40S, pid=7152)[0m node 0 cpus: 0 1 2 3 4 5 6 7 8 9 10 11 12 13 14 15 16 17 18 19 20 21 22 23 24 25 26 27 28 29 30 31 32 33 34 35 36 37 38 39 40 41 42 43 44 45 46 47 96 97 98 99 100 101 102 103 104 105 106 107 108 109 110 111 112 113 114 115 116 117 118 119 120 121 122 123 124 125 126 127 128 129 130 131 132 133 134 135 136 137 138 139 140 141 142 143
2026-04-01 02:09:25,733 - INFO - [36m(rf-qwen2-5-72b-instruct-tp4pp2-L40S, pid=7152)[0m node 0 size: 763898 MB
2026-04-01 02:09:25,733 - INFO - [36m(rf-qwen2-5-72b-instruct-tp4pp2-L40S, pid=7152)[0m node 0 free: 752097 MB
2026-04-01 02:09:25,733 - INFO - [36m(rf-qwen2-5-72b-instruct-tp4pp2-L40S, pid=7152)[0m node 1 cpus: 48 49 50 51 52 53 54 55 56 57 58 59 60 61 62 63 64 65 66 67 68 69 70 71 72 73 74 75 76 77 78 79 80 81 82 83 84 85 86 87 88 89 90 91 92 93 94 95 144 145 146 147 148 149 150 151 152 153 154 155 156 157 158 159 160 161 162 163 164 165 166 167 168 169 170 171 172 173 174 175 176 177 178 179 180 181 182 183 184 185 186 187 188 189 190 191
2026-04-01 02:09:25,733 - INFO - [36m(rf-qwen2-5-72b-instruct-tp4pp2-L40S, pid=7152)[0m node 1 size: 763918 MB
2026-04-01 02:09:25,733 - INFO - [36m(rf-qwen2-5-72b-instruct-tp4pp2-L40S, pid=7152)[0m node 1 free: 750942 MB
2026-04-01 02:09:25,733 - INFO - [36m(rf-qwen2-5-72b-instruct-tp4pp2-L40S, pid=7152)[0m node distances:
2026-04-01 02:09:25,733 - INFO - [36m(rf-qwen2-5-72b-instruct-tp4pp2-L40S, pid=7152)[0m node   0   1
2026-04-01 02:09:25,733 - INFO - [36m(rf-qwen2-5-72b-instruct-tp4pp2-L40S, pid=7152)[0m   0:  10  32
2026-04-01 02:09:25,733 - INFO - [36m(rf-qwen2-5-72b-instruct-tp4pp2-L40S, pid=7152)[0m   1:  32  10
2026-04-01 02:09:25,733 - INFO - [36m(rf-qwen2-5-72b-instruct-tp4pp2-L40S, pid=7152)[0m + echo ''
2026-04-01 02:09:25,733 - INFO - [36m(rf-qwen2-5-72b-instruct-tp4pp2-L40S, pid=7152)[0m
2026-04-01 02:09:25,733 - INFO - [36m(rf-qwen2-5-72b-instruct-tp4pp2-L40S, pid=7152)[0m + echo 'GPU PCIe Bus IDs and NUMA node assignments:'
2026-04-01 02:09:25,733 - INFO - [36m(rf-qwen2-5-72b-instruct-tp4pp2-L40S, pid=7152)[0m GPU PCIe Bus IDs and NUMA node assignments:
2026-04-01 02:09:25,733 - INFO - [36m(rf-qwen2-5-72b-instruct-tp4pp2-L40S, pid=7152)[0m ++ head -1
2026-04-01 02:09:25,733 - INFO - [36m(rf-qwen2-5-72b-instruct-tp4pp2-L40S, pid=7152)[0m ++ nvidia-smi --query-gpu=count --format=csv,noheader
2026-04-01 02:09:25,733 - INFO - [36m(rf-qwen2-5-72b-instruct-tp4pp2-L40S, pid=7152)[0m + gpu_count=8
2026-04-01 02:09:25,733 - INFO - [36m(rf-qwen2-5-72b-instruct-tp4pp2-L40S, pid=7152)[0m + '[' 8 -gt 0 ']'
2026-04-01 02:09:25,733 - INFO - [36m(rf-qwen2-5-72b-instruct-tp4pp2-L40S, pid=7152)[0m ++ seq 0 7
2026-04-01 02:09:25,733 - INFO - [36m(rf-qwen2-5-72b-instruct-tp4pp2-L40S, pid=7152)[0m + for gpu in $(seq 0 $((gpu_count - 1)))
2026-04-01 02:09:25,733 - INFO - [36m(rf-qwen2-5-72b-instruct-tp4pp2-L40S, pid=7152)[0m ++ nvidia-smi --query-gpu=pci.bus_id --format=csv,noheader -i 0
2026-04-01 02:09:25,733 - INFO - [36m(rf-qwen2-5-72b-instruct-tp4pp2-L40S, pid=7152)[0m + bus=00000000:9E:00.0
2026-04-01 02:09:25,733 - INFO - [36m(rf-qwen2-5-72b-instruct-tp4pp2-L40S, pid=7152)[0m + '[' -n 00000000:9E:00.0 ']'
2026-04-01 02:09:25,734 - INFO - [36m(rf-qwen2-5-72b-instruct-tp4pp2-L40S, pid=7152)[0m ++ echo 00000000:9E:00.0
2026-04-01 02:09:25,734 - INFO - [36m(rf-qwen2-5-72b-instruct-tp4pp2-L40S, pid=7152)[0m ++ tr '[:upper:]' '[:lower:]'
2026-04-01 02:09:25,734 - INFO - [36m(rf-qwen2-5-72b-instruct-tp4pp2-L40S, pid=7152)[0m + bus_lower=00000000:9e:00.0
2026-04-01 02:09:25,734 - INFO - [36m(rf-qwen2-5-72b-instruct-tp4pp2-L40S, pid=7152)[0m ++ cat /sys/bus/pci/devices/00000000:9e:00.0/numa_node
2026-04-01 02:09:25,734 - INFO - [36m(rf-qwen2-5-72b-instruct-tp4pp2-L40S, pid=7152)[0m ++ echo N/A
2026-04-01 02:09:25,734 - INFO - [36m(rf-qwen2-5-72b-instruct-tp4pp2-L40S, pid=7152)[0m + numa_node=N/A
2026-04-01 02:09:25,734 - INFO - [36m(rf-qwen2-5-72b-instruct-tp4pp2-L40S, pid=7152)[0m ++ cat /sys/bus/pci/devices/00000000:9e:00.0/local_cpulist
2026-04-01 02:09:25,734 - INFO - [36m(rf-qwen2-5-72b-instruct-tp4pp2-L40S, pid=7152)[0m ++ echo N/A
2026-04-01 02:09:25,734 - INFO - [36m(rf-qwen2-5-72b-instruct-tp4pp2-L40S, pid=7152)[0m + local_cpus=N/A
2026-04-01 02:09:25,734 - INFO - [36m(rf-qwen2-5-72b-instruct-tp4pp2-L40S, pid=7152)[0m + echo 'GPU0: PCIe=00000000:9E:00.0, NUMA_node=N/A, local_cpus=N/A'
2026-04-01 02:09:25,734 - INFO - [36m(rf-qwen2-5-72b-instruct-tp4pp2-L40S, pid=7152)[0m GPU0: PCIe=00000000:9E:00.0, NUMA_node=N/A, local_cpus=N/A
2026-04-01 02:09:25,734 - INFO - [36m(rf-qwen2-5-72b-instruct-tp4pp2-L40S, pid=7152)[0m + for gpu in $(seq 0 $((gpu_count - 1)))
2026-04-01 02:09:25,734 - INFO - [36m(rf-qwen2-5-72b-instruct-tp4pp2-L40S, pid=7152)[0m ++ nvidia-smi --query-gpu=pci.bus_id --format=csv,noheader -i 1
2026-04-01 02:09:25,734 - INFO - [36m(rf-qwen2-5-72b-instruct-tp4pp2-L40S, pid=7152)[0m + bus=00000000:A0:00.0
2026-04-01 02:09:25,734 - INFO - [36m(rf-qwen2-5-72b-instruct-tp4pp2-L40S, pid=7152)[0m + '[' -n 00000000:A0:00.0 ']'
2026-04-01 02:09:25,734 - INFO - [36m(rf-qwen2-5-72b-instruct-tp4pp2-L40S, pid=7152)[0m ++ echo 00000000:A0:00.0
2026-04-01 02:09:25,734 - INFO - [36m(rf-qwen2-5-72b-instruct-tp4pp2-L40S, pid=7152)[0m ++ tr '[:upper:]' '[:lower:]'
2026-04-01 02:09:25,734 - INFO - [36m(rf-qwen2-5-72b-instruct-tp4pp2-L40S, pid=7152)[0m + bus_lower=00000000:a0:00.0
2026-04-01 02:09:25,734 - INFO - [36m(rf-qwen2-5-72b-instruct-tp4pp2-L40S, pid=7152)[0m ++ cat /sys/bus/pci/devices/00000000:a0:00.0/numa_node
2026-04-01 02:09:25,734 - INFO - [36m(rf-qwen2-5-72b-instruct-tp4pp2-L40S, pid=7152)[0m ++ echo N/A
2026-04-01 02:09:25,734 - INFO - [36m(rf-qwen2-5-72b-instruct-tp4pp2-L40S, pid=7152)[0m + numa_node=N/A
2026-04-01 02:09:25,734 - INFO - [36m(rf-qwen2-5-72b-instruct-tp4pp2-L40S, pid=7152)[0m ++ cat /sys/bus/pci/devices/00000000:a0:00.0/local_cpulist
2026-04-01 02:09:25,734 - INFO - [36m(rf-qwen2-5-72b-instruct-tp4pp2-L40S, pid=7152)[0m ++ echo N/A
2026-04-01 02:09:25,734 - INFO - [36m(rf-qwen2-5-72b-instruct-tp4pp2-L40S, pid=7152)[0m + local_cpus=N/A
2026-04-01 02:09:25,734 - INFO - [36m(rf-qwen2-5-72b-instruct-tp4pp2-L40S, pid=7152)[0m + echo 'GPU1: PCIe=00000000:A0:00.0, NUMA_node=N/A, local_cpus=N/A'
2026-04-01 02:09:25,734 - INFO - [36m(rf-qwen2-5-72b-instruct-tp4pp2-L40S, pid=7152)[0m GPU1: PCIe=00000000:A0:00.0, NUMA_node=N/A, local_cpus=N/A
2026-04-01 02:09:25,734 - INFO - [36m(rf-qwen2-5-72b-instruct-tp4pp2-L40S, pid=7152)[0m + for gpu in $(seq 0 $((gpu_count - 1)))
2026-04-01 02:09:25,734 - INFO - [36m(rf-qwen2-5-72b-instruct-tp4pp2-L40S, pid=7152)[0m ++ nvidia-smi --query-gpu=pci.bus_id --format=csv,noheader -i 2
2026-04-01 02:09:25,734 - INFO - [36m(rf-qwen2-5-72b-instruct-tp4pp2-L40S, pid=7152)[0m + bus=00000000:A2:00.0
2026-04-01 02:09:25,734 - INFO - [36m(rf-qwen2-5-72b-instruct-tp4pp2-L40S, pid=7152)[0m + '[' -n 00000000:A2:00.0 ']'
2026-04-01 02:09:25,734 - INFO - [36m(rf-qwen2-5-72b-instruct-tp4pp2-L40S, pid=7152)[0m ++ echo 00000000:A2:00.0
2026-04-01 02:09:25,734 - INFO - [36m(rf-qwen2-5-72b-instruct-tp4pp2-L40S, pid=7152)[0m ++ tr '[:upper:]' '[:lower:]'
2026-04-01 02:09:25,734 - INFO - [36m(rf-qwen2-5-72b-instruct-tp4pp2-L40S, pid=7152)[0m + bus_lower=00000000:a2:00.0
2026-04-01 02:09:25,735 - INFO - [36m(rf-qwen2-5-72b-instruct-tp4pp2-L40S, pid=7152)[0m ++ cat /sys/bus/pci/devices/00000000:a2:00.0/numa_node
2026-04-01 02:09:25,735 - INFO - [36m(rf-qwen2-5-72b-instruct-tp4pp2-L40S, pid=7152)[0m ++ echo N/A
2026-04-01 02:09:25,735 - INFO - [36m(rf-qwen2-5-72b-instruct-tp4pp2-L40S, pid=7152)[0m + numa_node=N/A
2026-04-01 02:09:25,735 - INFO - [36m(rf-qwen2-5-72b-instruct-tp4pp2-L40S, pid=7152)[0m ++ cat /sys/bus/pci/devices/00000000:a2:00.0/local_cpulist
2026-04-01 02:09:25,735 - INFO - [36m(rf-qwen2-5-72b-instruct-tp4pp2-L40S, pid=7152)[0m ++ echo N/A
2026-04-01 02:09:25,735 - INFO - [36m(rf-qwen2-5-72b-instruct-tp4pp2-L40S, pid=7152)[0m + local_cpus=N/A
2026-04-01 02:09:25,735 - INFO - [36m(rf-qwen2-5-72b-instruct-tp4pp2-L40S, pid=7152)[0m + echo 'GPU2: PCIe=00000000:A2:00.0, NUMA_node=N/A, local_cpus=N/A'
2026-04-01 02:09:25,735 - INFO - [36m(rf-qwen2-5-72b-instruct-tp4pp2-L40S, pid=7152)[0m GPU2: PCIe=00000000:A2:00.0, NUMA_node=N/A, local_cpus=N/A
2026-04-01 02:09:25,735 - INFO - [36m(rf-qwen2-5-72b-instruct-tp4pp2-L40S, pid=7152)[0m + for gpu in $(seq 0 $((gpu_count - 1)))
2026-04-01 02:09:25,735 - INFO - [36m(rf-qwen2-5-72b-instruct-tp4pp2-L40S, pid=7152)[0m ++ nvidia-smi --query-gpu=pci.bus_id --format=csv,noheader -i 3
2026-04-01 02:09:25,735 - INFO - [36m(rf-qwen2-5-72b-instruct-tp4pp2-L40S, pid=7152)[0m + bus=00000000:A4:00.0
2026-04-01 02:09:25,735 - INFO - [36m(rf-qwen2-5-72b-instruct-tp4pp2-L40S, pid=7152)[0m + '[' -n 00000000:A4:00.0 ']'
2026-04-01 02:09:25,735 - INFO - [36m(rf-qwen2-5-72b-instruct-tp4pp2-L40S, pid=7152)[0m ++ echo 00000000:A4:00.0
2026-04-01 02:09:25,735 - INFO - [36m(rf-qwen2-5-72b-instruct-tp4pp2-L40S, pid=7152)[0m ++ tr '[:upper:]' '[:lower:]'
2026-04-01 02:09:25,735 - INFO - [36m(rf-qwen2-5-72b-instruct-tp4pp2-L40S, pid=7152)[0m + bus_lower=00000000:a4:00.0
2026-04-01 02:09:25,735 - INFO - [36m(rf-qwen2-5-72b-instruct-tp4pp2-L40S, pid=7152)[0m ++ cat /sys/bus/pci/devices/00000000:a4:00.0/numa_node
2026-04-01 02:09:25,735 - INFO - [36m(rf-qwen2-5-72b-instruct-tp4pp2-L40S, pid=7152)[0m ++ echo N/A
2026-04-01 02:09:25,735 - INFO - [36m(rf-qwen2-5-72b-instruct-tp4pp2-L40S, pid=7152)[0m + numa_node=N/A
2026-04-01 02:09:25,735 - INFO - [36m(rf-qwen2-5-72b-instruct-tp4pp2-L40S, pid=7152)[0m ++ cat /sys/bus/pci/devices/00000000:a4:00.0/local_cpulist
2026-04-01 02:09:25,735 - INFO - [36m(rf-qwen2-5-72b-instruct-tp4pp2-L40S, pid=7152)[0m ++ echo N/A
2026-04-01 02:09:25,735 - INFO - [36m(rf-qwen2-5-72b-instruct-tp4pp2-L40S, pid=7152)[0m + local_cpus=N/A
2026-04-01 02:09:25,735 - INFO - [36m(rf-qwen2-5-72b-instruct-tp4pp2-L40S, pid=7152)[0m + echo 'GPU3: PCIe=00000000:A4:00.0, NUMA_node=N/A, local_cpus=N/A'
2026-04-01 02:09:25,735 - INFO - [36m(rf-qwen2-5-72b-instruct-tp4pp2-L40S, pid=7152)[0m GPU3: PCIe=00000000:A4:00.0, NUMA_node=N/A, local_cpus=N/A
2026-04-01 02:09:25,735 - INFO - [36m(rf-qwen2-5-72b-instruct-tp4pp2-L40S, pid=7152)[0m + for gpu in $(seq 0 $((gpu_count - 1)))
2026-04-01 02:09:25,735 - INFO - [36m(rf-qwen2-5-72b-instruct-tp4pp2-L40S, pid=7152)[0m ++ nvidia-smi --query-gpu=pci.bus_id --format=csv,noheader -i 4
2026-04-01 02:09:25,735 - INFO - [36m(rf-qwen2-5-72b-instruct-tp4pp2-L40S, pid=7152)[0m + bus=00000000:C6:00.0
2026-04-01 02:09:25,735 - INFO - [36m(rf-qwen2-5-72b-instruct-tp4pp2-L40S, pid=7152)[0m + '[' -n 00000000:C6:00.0 ']'
2026-04-01 02:09:25,735 - INFO - [36m(rf-qwen2-5-72b-instruct-tp4pp2-L40S, pid=7152)[0m ++ echo 00000000:C6:00.0
2026-04-01 02:09:25,735 - INFO - [36m(rf-qwen2-5-72b-instruct-tp4pp2-L40S, pid=7152)[0m ++ tr '[:upper:]' '[:lower:]'
2026-04-01 02:09:25,735 - INFO - [36m(rf-qwen2-5-72b-instruct-tp4pp2-L40S, pid=7152)[0m + bus_lower=00000000:c6:00.0
2026-04-01 02:09:25,735 - INFO - [36m(rf-qwen2-5-72b-instruct-tp4pp2-L40S, pid=7152)[0m ++ cat /sys/bus/pci/devices/00000000:c6:00.0/numa_node
2026-04-01 02:09:25,735 - INFO - [36m(rf-qwen2-5-72b-instruct-tp4pp2-L40S, pid=7152)[0m ++ echo N/A
2026-04-01 02:09:25,736 - INFO - [36m(rf-qwen2-5-72b-instruct-tp4pp2-L40S, pid=7152)[0m + numa_node=N/A
2026-04-01 02:09:25,736 - INFO - [36m(rf-qwen2-5-72b-instruct-tp4pp2-L40S, pid=7152)[0m ++ cat /sys/bus/pci/devices/00000000:c6:00.0/local_cpulist
2026-04-01 02:09:25,736 - INFO - [36m(rf-qwen2-5-72b-instruct-tp4pp2-L40S, pid=7152)[0m ++ echo N/A
2026-04-01 02:09:25,736 - INFO - [36m(rf-qwen2-5-72b-instruct-tp4pp2-L40S, pid=7152)[0m + local_cpus=N/A
2026-04-01 02:09:25,736 - INFO - [36m(rf-qwen2-5-72b-instruct-tp4pp2-L40S, pid=7152)[0m + echo 'GPU4: PCIe=00000000:C6:00.0, NUMA_node=N/A, local_cpus=N/A'
2026-04-01 02:09:25,736 - INFO - [36m(rf-qwen2-5-72b-instruct-tp4pp2-L40S, pid=7152)[0m GPU4: PCIe=00000000:C6:00.0, NUMA_node=N/A, local_cpus=N/A
2026-04-01 02:09:25,736 - INFO - [36m(rf-qwen2-5-72b-instruct-tp4pp2-L40S, pid=7152)[0m + for gpu in $(seq 0 $((gpu_count - 1)))
2026-04-01 02:09:25,736 - INFO - [36m(rf-qwen2-5-72b-instruct-tp4pp2-L40S, pid=7152)[0m ++ nvidia-smi --query-gpu=pci.bus_id --format=csv,noheader -i 5
2026-04-01 02:09:25,736 - INFO - [36m(rf-qwen2-5-72b-instruct-tp4pp2-L40S, pid=7152)[0m + bus=00000000:C8:00.0
2026-04-01 02:09:25,736 - INFO - [36m(rf-qwen2-5-72b-instruct-tp4pp2-L40S, pid=7152)[0m + '[' -n 00000000:C8:00.0 ']'
2026-04-01 02:09:25,736 - INFO - [36m(rf-qwen2-5-72b-instruct-tp4pp2-L40S, pid=7152)[0m ++ echo 00000000:C8:00.0
2026-04-01 02:09:25,736 - INFO - [36m(rf-qwen2-5-72b-instruct-tp4pp2-L40S, pid=7152)[0m ++ tr '[:upper:]' '[:lower:]'
2026-04-01 02:09:25,736 - INFO - [36m(rf-qwen2-5-72b-instruct-tp4pp2-L40S, pid=7152)[0m + bus_lower=00000000:c8:00.0
2026-04-01 02:09:25,736 - INFO - [36m(rf-qwen2-5-72b-instruct-tp4pp2-L40S, pid=7152)[0m ++ cat /sys/bus/pci/devices/00000000:c8:00.0/numa_node
2026-04-01 02:09:25,736 - INFO - [36m(rf-qwen2-5-72b-instruct-tp4pp2-L40S, pid=7152)[0m ++ echo N/A
2026-04-01 02:09:25,736 - INFO - [36m(rf-qwen2-5-72b-instruct-tp4pp2-L40S, pid=7152)[0m + numa_node=N/A
2026-04-01 02:09:25,736 - INFO - [36m(rf-qwen2-5-72b-instruct-tp4pp2-L40S, pid=7152)[0m ++ cat /sys/bus/pci/devices/00000000:c8:00.0/local_cpulist
2026-04-01 02:09:25,736 - INFO - [36m(rf-qwen2-5-72b-instruct-tp4pp2-L40S, pid=7152)[0m ++ echo N/A
2026-04-01 02:09:25,736 - INFO - [36m(rf-qwen2-5-72b-instruct-tp4pp2-L40S, pid=7152)[0m + local_cpus=N/A
2026-04-01 02:09:25,736 - INFO - [36m(rf-qwen2-5-72b-instruct-tp4pp2-L40S, pid=7152)[0m + echo 'GPU5: PCIe=00000000:C8:00.0, NUMA_node=N/A, local_cpus=N/A'
2026-04-01 02:09:25,736 - INFO - [36m(rf-qwen2-5-72b-instruct-tp4pp2-L40S, pid=7152)[0m GPU5: PCIe=00000000:C8:00.0, NUMA_node=N/A, local_cpus=N/A
2026-04-01 02:09:25,736 - INFO - [36m(rf-qwen2-5-72b-instruct-tp4pp2-L40S, pid=7152)[0m + for gpu in $(seq 0 $((gpu_count - 1)))
2026-04-01 02:09:25,736 - INFO - [36m(rf-qwen2-5-72b-instruct-tp4pp2-L40S, pid=7152)[0m ++ nvidia-smi --query-gpu=pci.bus_id --format=csv,noheader -i 6
2026-04-01 02:09:25,736 - INFO - [36m(rf-qwen2-5-72b-instruct-tp4pp2-L40S, pid=7152)[0m + bus=00000000:CA:00.0
2026-04-01 02:09:25,736 - INFO - [36m(rf-qwen2-5-72b-instruct-tp4pp2-L40S, pid=7152)[0m + '[' -n 00000000:CA:00.0 ']'
2026-04-01 02:09:25,736 - INFO - [36m(rf-qwen2-5-72b-instruct-tp4pp2-L40S, pid=7152)[0m ++ echo 00000000:CA:00.0
2026-04-01 02:09:25,736 - INFO - [36m(rf-qwen2-5-72b-instruct-tp4pp2-L40S, pid=7152)[0m ++ tr '[:upper:]' '[:lower:]'
2026-04-01 02:09:25,736 - INFO - [36m(rf-qwen2-5-72b-instruct-tp4pp2-L40S, pid=7152)[0m + bus_lower=00000000:ca:00.0
2026-04-01 02:09:25,736 - INFO - [36m(rf-qwen2-5-72b-instruct-tp4pp2-L40S, pid=7152)[0m ++ cat /sys/bus/pci/devices/00000000:ca:00.0/numa_node
2026-04-01 02:09:25,736 - INFO - [36m(rf-qwen2-5-72b-instruct-tp4pp2-L40S, pid=7152)[0m ++ echo N/A
2026-04-01 02:09:25,736 - INFO - [36m(rf-qwen2-5-72b-instruct-tp4pp2-L40S, pid=7152)[0m + numa_node=N/A
2026-04-01 02:09:25,736 - INFO - [36m(rf-qwen2-5-72b-instruct-tp4pp2-L40S, pid=7152)[0m ++ cat /sys/bus/pci/devices/00000000:ca:00.0/local_cpulist
2026-04-01 02:09:25,736 - INFO - [36m(rf-qwen2-5-72b-instruct-tp4pp2-L40S, pid=7152)[0m ++ echo N/A
2026-04-01 02:09:25,736 - INFO - [36m(rf-qwen2-5-72b-instruct-tp4pp2-L40S, pid=7152)[0m + local_cpus=N/A
2026-04-01 02:09:25,737 - INFO - [36m(rf-qwen2-5-72b-instruct-tp4pp2-L40S, pid=7152)[0m + echo 'GPU6: PCIe=00000000:CA:00.0, NUMA_node=N/A, local_cpus=N/A'
2026-04-01 02:09:25,737 - INFO - [36m(rf-qwen2-5-72b-instruct-tp4pp2-L40S, pid=7152)[0m GPU6: PCIe=00000000:CA:00.0, NUMA_node=N/A, local_cpus=N/A
2026-04-01 02:09:25,737 - INFO - [36m(rf-qwen2-5-72b-instruct-tp4pp2-L40S, pid=7152)[0m + for gpu in $(seq 0 $((gpu_count - 1)))
2026-04-01 02:09:25,737 - INFO - [36m(rf-qwen2-5-72b-instruct-tp4pp2-L40S, pid=7152)[0m ++ nvidia-smi --query-gpu=pci.bus_id --format=csv,noheader -i 7
2026-04-01 02:09:25,737 - INFO - [36m(rf-qwen2-5-72b-instruct-tp4pp2-L40S, pid=7152)[0m + bus=00000000:CC:00.0
2026-04-01 02:09:25,737 - INFO - [36m(rf-qwen2-5-72b-instruct-tp4pp2-L40S, pid=7152)[0m + '[' -n 00000000:CC:00.0 ']'
2026-04-01 02:09:25,737 - INFO - [36m(rf-qwen2-5-72b-instruct-tp4pp2-L40S, pid=7152)[0m ++ echo 00000000:CC:00.0
2026-04-01 02:09:25,737 - INFO - [36m(rf-qwen2-5-72b-instruct-tp4pp2-L40S, pid=7152)[0m ++ tr '[:upper:]' '[:lower:]'
2026-04-01 02:09:25,737 - INFO - [36m(rf-qwen2-5-72b-instruct-tp4pp2-L40S, pid=7152)[0m + bus_lower=00000000:cc:00.0
2026-04-01 02:09:25,737 - INFO - [36m(rf-qwen2-5-72b-instruct-tp4pp2-L40S, pid=7152)[0m ++ cat /sys/bus/pci/devices/00000000:cc:00.0/numa_node
2026-04-01 02:09:25,737 - INFO - [36m(rf-qwen2-5-72b-instruct-tp4pp2-L40S, pid=7152)[0m ++ echo N/A
2026-04-01 02:09:25,737 - INFO - [36m(rf-qwen2-5-72b-instruct-tp4pp2-L40S, pid=7152)[0m + numa_node=N/A
2026-04-01 02:09:25,737 - INFO - [36m(rf-qwen2-5-72b-instruct-tp4pp2-L40S, pid=7152)[0m ++ cat /sys/bus/pci/devices/00000000:cc:00.0/local_cpulist
2026-04-01 02:09:25,737 - INFO - [36m(rf-qwen2-5-72b-instruct-tp4pp2-L40S, pid=7152)[0m ++ echo N/A
2026-04-01 02:09:25,737 - INFO - [36m(rf-qwen2-5-72b-instruct-tp4pp2-L40S, pid=7152)[0m + local_cpus=N/A
2026-04-01 02:09:25,737 - INFO - [36m(rf-qwen2-5-72b-instruct-tp4pp2-L40S, pid=7152)[0m + echo 'GPU7: PCIe=00000000:CC:00.0, NUMA_node=N/A, local_cpus=N/A'
2026-04-01 02:09:25,737 - INFO - [36m(rf-qwen2-5-72b-instruct-tp4pp2-L40S, pid=7152)[0m GPU7: PCIe=00000000:CC:00.0, NUMA_node=N/A, local_cpus=N/A
2026-04-01 02:09:25,737 - INFO - [36m(rf-qwen2-5-72b-instruct-tp4pp2-L40S, pid=7152)[0m + echo -------------------------------------------
2026-04-01 02:09:25,737 - INFO - [36m(rf-qwen2-5-72b-instruct-tp4pp2-L40S, pid=7152)[0m -------------------------------------------
2026-04-01 02:09:25,737 - INFO - [36m(rf-qwen2-5-72b-instruct-tp4pp2-L40S, pid=7152)[0m + echo 'Checking for GPU processes and errors...'
2026-04-01 02:09:25,737 - INFO - [36m(rf-qwen2-5-72b-instruct-tp4pp2-L40S, pid=7152)[0m Checking for GPU processes and errors...
2026-04-01 02:09:25,737 - INFO - [36m(rf-qwen2-5-72b-instruct-tp4pp2-L40S, pid=7152)[0m + awk 'NR<=50'
2026-04-01 02:09:25,737 - INFO - [36m(rf-qwen2-5-72b-instruct-tp4pp2-L40S, pid=7152)[0m + nvidia-smi -q -d ERRORS
2026-04-01 02:09:25,737 - INFO - [36m(rf-qwen2-5-72b-instruct-tp4pp2-L40S, pid=7152)[0m Failed to parse --display/-d flags
2026-04-01 02:09:25,737 - INFO - [36m(rf-qwen2-5-72b-instruct-tp4pp2-L40S, pid=7152)[0m + echo 'Error check failed'
2026-04-01 02:09:25,737 - INFO - [36m(rf-qwen2-5-72b-instruct-tp4pp2-L40S, pid=7152)[0m Error check failed
2026-04-01 02:09:25,737 - INFO - [36m(rf-qwen2-5-72b-instruct-tp4pp2-L40S, pid=7152)[0m + echo '--- CUDA Device Query ---'
2026-04-01 02:09:25,737 - INFO - [36m(rf-qwen2-5-72b-instruct-tp4pp2-L40S, pid=7152)[0m --- CUDA Device Query ---
2026-04-01 02:09:25,737 - INFO - [36m(rf-qwen2-5-72b-instruct-tp4pp2-L40S, pid=7152)[0m + python3 -c 'import ctypes; cudart = ctypes.CDLL('\''libcudart.so.12'\''); count = ctypes.c_int(); result = cudart.cudaGetDeviceCount(ctypes.byref(count)); print(f'\''cudaGetDeviceCount result: {result} (0=success), device count: {count.value}'\'')'
2026-04-01 02:09:25,737 - INFO - [36m(rf-qwen2-5-72b-instruct-tp4pp2-L40S, pid=7152)[0m cudaGetDeviceCount result: 0 (0=success), device count: 8
2026-04-01 02:09:25,737 - INFO - [36m(rf-qwen2-5-72b-instruct-tp4pp2-L40S, pid=7152)[0m + echo ===========================
2026-04-01 02:09:25,737 - INFO - [36m(rf-qwen2-5-72b-instruct-tp4pp2-L40S, pid=7152)[0m ===========================
2026-04-01 02:09:25,737 - INFO - [36m(rf-qwen2-5-72b-instruct-tp4pp2-L40S, pid=7152)[0m + source .venv/bin/activate
2026-04-01 02:09:25,737 - INFO - [36m(rf-qwen2-5-72b-instruct-tp4pp2-L40S, pid=7152)[0m ++ '[' -z '' ']'
2026-04-01 02:09:25,738 - INFO - [36m(rf-qwen2-5-72b-instruct-tp4pp2-L40S, pid=7152)[0m ++ '[' -n x ']'
2026-04-01 02:09:25,738 - INFO - [36m(rf-qwen2-5-72b-instruct-tp4pp2-L40S, pid=7152)[0m ++ SCRIPT_PATH=.venv/bin/activate
2026-04-01 02:09:25,738 - INFO - [36m(rf-qwen2-5-72b-instruct-tp4pp2-L40S, pid=7152)[0m ++ '[' .venv/bin/activate = /tmp/sky_app_vr28dueb ']'
2026-04-01 02:09:25,738 - INFO - [36m(rf-qwen2-5-72b-instruct-tp4pp2-L40S, pid=7152)[0m ++ deactivate nondestructive
2026-04-01 02:09:25,738 - INFO - [36m(rf-qwen2-5-72b-instruct-tp4pp2-L40S, pid=7152)[0m ++ unset -f pydoc
2026-04-01 02:09:25,738 - INFO - [36m(rf-qwen2-5-72b-instruct-tp4pp2-L40S, pid=7152)[0m ++ '[' -z '' ']'
2026-04-01 02:09:25,738 - INFO - [36m(rf-qwen2-5-72b-instruct-tp4pp2-L40S, pid=7152)[0m ++ '[' -z '' ']'
2026-04-01 02:09:25,738 - INFO - [36m(rf-qwen2-5-72b-instruct-tp4pp2-L40S, pid=7152)[0m ++ hash -r
2026-04-01 02:09:25,738 - INFO - [36m(rf-qwen2-5-72b-instruct-tp4pp2-L40S, pid=7152)[0m ++ '[' -z '' ']'
2026-04-01 02:09:25,738 - INFO - [36m(rf-qwen2-5-72b-instruct-tp4pp2-L40S, pid=7152)[0m ++ unset VIRTUAL_ENV
2026-04-01 02:09:25,738 - INFO - [36m(rf-qwen2-5-72b-instruct-tp4pp2-L40S, pid=7152)[0m ++ unset VIRTUAL_ENV_PROMPT
2026-04-01 02:09:25,738 - INFO - [36m(rf-qwen2-5-72b-instruct-tp4pp2-L40S, pid=7152)[0m ++ '[' '!' nondestructive = nondestructive ']'
2026-04-01 02:09:26,138 - INFO - [36m(rf-qwen2-5-72b-instruct-tp4pp2-L40S, pid=7152)[0m ++ VIRTUAL_ENV=/home/ubuntu/sky_workdir/.venv
2026-04-01 02:09:26,139 - INFO - [36m(rf-qwen2-5-72b-instruct-tp4pp2-L40S, pid=7152)[0m ++ '[' linux-gnu = cygwin ']'
2026-04-01 02:09:26,139 - INFO - [36m(rf-qwen2-5-72b-instruct-tp4pp2-L40S, pid=7152)[0m ++ '[' linux-gnu = msys ']'
2026-04-01 02:09:26,139 - INFO - [36m(rf-qwen2-5-72b-instruct-tp4pp2-L40S, pid=7152)[0m ++ export VIRTUAL_ENV
2026-04-01 02:09:26,139 - INFO - [36m(rf-qwen2-5-72b-instruct-tp4pp2-L40S, pid=7152)[0m ++ '[' -z '' ']'
2026-04-01 02:09:26,139 - INFO - [36m(rf-qwen2-5-72b-instruct-tp4pp2-L40S, pid=7152)[0m ++ unset SCRIPT_PATH
2026-04-01 02:09:26,139 - INFO - [36m(rf-qwen2-5-72b-instruct-tp4pp2-L40S, pid=7152)[0m ++ _OLD_VIRTUAL_PATH=/home/ubuntu/.local/bin:/home/ubuntu/.local/bin:/home/ubuntu/miniconda3/bin:/home/ubuntu/miniconda3/condabin:/usr/local/sbin:/usr/local/bin:/usr/sbin:/usr/bin:/sbin:/bin:/usr/games:/usr/local/games:/snap/bin
2026-04-01 02:09:26,139 - INFO - [36m(rf-qwen2-5-72b-instruct-tp4pp2-L40S, pid=7152)[0m ++ PATH=/home/ubuntu/sky_workdir/.venv/bin:/home/ubuntu/.local/bin:/home/ubuntu/.local/bin:/home/ubuntu/miniconda3/bin:/home/ubuntu/miniconda3/condabin:/usr/local/sbin:/usr/local/bin:/usr/sbin:/usr/bin:/sbin:/bin:/usr/games:/usr/local/games:/snap/bin
2026-04-01 02:09:26,139 - INFO - [36m(rf-qwen2-5-72b-instruct-tp4pp2-L40S, pid=7152)[0m ++ export PATH
2026-04-01 02:09:26,139 - INFO - [36m(rf-qwen2-5-72b-instruct-tp4pp2-L40S, pid=7152)[0m ++ '[' xsky_workdir '!=' x ']'
2026-04-01 02:09:26,139 - INFO - [36m(rf-qwen2-5-72b-instruct-tp4pp2-L40S, pid=7152)[0m ++ VIRTUAL_ENV_PROMPT=sky_workdir
2026-04-01 02:09:26,139 - INFO - [36m(rf-qwen2-5-72b-instruct-tp4pp2-L40S, pid=7152)[0m ++ export VIRTUAL_ENV_PROMPT
2026-04-01 02:09:26,139 - INFO - [36m(rf-qwen2-5-72b-instruct-tp4pp2-L40S, pid=7152)[0m ++ '[' -z '' ']'
2026-04-01 02:09:26,139 - INFO - [36m(rf-qwen2-5-72b-instruct-tp4pp2-L40S, pid=7152)[0m ++ '[' -z '' ']'
2026-04-01 02:09:26,139 - INFO - [36m(rf-qwen2-5-72b-instruct-tp4pp2-L40S, pid=7152)[0m ++ _OLD_VIRTUAL_PS1='(base) ${debian_chroot:+($debian_chroot)}\u@\h:\w\$ '
2026-04-01 02:09:26,139 - INFO - [36m(rf-qwen2-5-72b-instruct-tp4pp2-L40S, pid=7152)[0m ++ PS1='(sky_workdir) (base) ${debian_chroot:+($debian_chroot)}\u@\h:\w\$ '
2026-04-01 02:09:26,139 - INFO - [36m(rf-qwen2-5-72b-instruct-tp4pp2-L40S, pid=7152)[0m ++ export PS1
2026-04-01 02:09:26,139 - INFO - [36m(rf-qwen2-5-72b-instruct-tp4pp2-L40S, pid=7152)[0m ++ alias pydoc
2026-04-01 02:09:26,139 - INFO - [36m(rf-qwen2-5-72b-instruct-tp4pp2-L40S, pid=7152)[0m ++ true
2026-04-01 02:09:26,139 - INFO - [36m(rf-qwen2-5-72b-instruct-tp4pp2-L40S, pid=7152)[0m ++ hash -r
2026-04-01 02:09:26,139 - INFO - [36m(rf-qwen2-5-72b-instruct-tp4pp2-L40S, pid=7152)[0m + echo '=== DETAILED PyTorch CUDA Diagnostics (in run phase) ==='
2026-04-01 02:09:26,139 - INFO - [36m(rf-qwen2-5-72b-instruct-tp4pp2-L40S, pid=7152)[0m === DETAILED PyTorch CUDA Diagnostics (in run phase) ===
2026-04-01 02:09:26,139 - INFO - [36m(rf-qwen2-5-72b-instruct-tp4pp2-L40S, pid=7152)[0m + echo '--- Environment ---'
2026-04-01 02:09:26,139 - INFO - [36m(rf-qwen2-5-72b-instruct-tp4pp2-L40S, pid=7152)[0m --- Environment ---
2026-04-01 02:09:26,139 - INFO - [36m(rf-qwen2-5-72b-instruct-tp4pp2-L40S, pid=7152)[0m + echo 'LD_LIBRARY_PATH: /usr/local/cuda/lib64:/usr/local/cuda/targets/x86_64-linux/lib:'
2026-04-01 02:09:26,845 - INFO - [36m(rf-qwen2-5-72b-instruct-tp4pp2-L40S, pid=7152)[0m LD_LIBRARY_PATH: /usr/local/cuda/lib64:/usr/local/cuda/targets/x86_64-linux/lib:
2026-04-01 02:09:26,845 - INFO - [36m(rf-qwen2-5-72b-instruct-tp4pp2-L40S, pid=7152)[0m + echo 'CUDA_HOME: /usr/local/cuda'
2026-04-01 02:09:26,845 - INFO - [36m(rf-qwen2-5-72b-instruct-tp4pp2-L40S, pid=7152)[0m CUDA_HOME: /usr/local/cuda
2026-04-01 02:09:26,845 - INFO - [36m(rf-qwen2-5-72b-instruct-tp4pp2-L40S, pid=7152)[0m + which python3
2026-04-01 02:09:26,846 - INFO - [36m(rf-qwen2-5-72b-instruct-tp4pp2-L40S, pid=7152)[0m /home/ubuntu/sky_workdir/.venv/bin/python3
2026-04-01 02:09:26,846 - INFO - [36m(rf-qwen2-5-72b-instruct-tp4pp2-L40S, pid=7152)[0m + echo '--- Torch info ---'
2026-04-01 02:09:26,846 - INFO - [36m(rf-qwen2-5-72b-instruct-tp4pp2-L40S, pid=7152)[0m --- Torch info ---
2026-04-01 02:09:26,846 - INFO - [36m(rf-qwen2-5-72b-instruct-tp4pp2-L40S, pid=7152)[0m + python3 -c 'import torch; print('\''torch.__version__:'\'', torch.__version__); print('\''torch.__file__:'\'', torch.__file__); print('\''torch.version.cuda:'\'', torch.version.cuda); print('\''torch.backends.cuda.is_built():'\'', torch.backends.cuda.is_built())'
2026-04-01 02:09:26,846 - INFO - [36m(rf-qwen2-5-72b-instruct-tp4pp2-L40S, pid=7152)[0m torch.__version__: 2.7.1+cu126
2026-04-01 02:09:27,550 - INFO - [36m(rf-qwen2-5-72b-instruct-tp4pp2-L40S, pid=7152)[0m torch.__file__: /home/ubuntu/sky_workdir/.venv/lib/python3.12/site-packages/torch/__init__.py
2026-04-01 02:09:27,550 - INFO - [36m(rf-qwen2-5-72b-instruct-tp4pp2-L40S, pid=7152)[0m torch.version.cuda: 12.6
2026-04-01 02:09:27,550 - INFO - [36m(rf-qwen2-5-72b-instruct-tp4pp2-L40S, pid=7152)[0m torch.backends.cuda.is_built(): True
2026-04-01 02:09:27,550 - INFO - [36m(rf-qwen2-5-72b-instruct-tp4pp2-L40S, pid=7152)[0m + echo '--- CUDA check ---'
2026-04-01 02:09:28,556 - INFO - [36m(rf-qwen2-5-72b-instruct-tp4pp2-L40S, pid=7152)[0m --- CUDA check ---
2026-04-01 02:09:28,556 - INFO - [36m(rf-qwen2-5-72b-instruct-tp4pp2-L40S, pid=7152)[0m + python3 -c 'import torch; print('\''torch.cuda.is_available():'\'', torch.cuda.is_available()); print('\''torch.cuda.device_count():'\'', torch.cuda.device_count() if torch.cuda.is_available() else '\''N/A - checking why...'\'')'
2026-04-01 02:09:28,556 - INFO - [36m(rf-qwen2-5-72b-instruct-tp4pp2-L40S, pid=7152)[0m torch.cuda.is_available(): True
2026-04-01 02:09:29,361 - INFO - [36m(rf-qwen2-5-72b-instruct-tp4pp2-L40S, pid=7152)[0m torch.cuda.device_count(): 8
2026-04-01 02:09:29,361 - INFO - [36m(rf-qwen2-5-72b-instruct-tp4pp2-L40S, pid=7152)[0m + echo '--- Loading CUDA libs directly ---'
2026-04-01 02:09:30,367 - INFO - [36m(rf-qwen2-5-72b-instruct-tp4pp2-L40S, pid=7152)[0m --- Loading CUDA libs directly ---
2026-04-01 02:09:30,367 - INFO - [36m(rf-qwen2-5-72b-instruct-tp4pp2-L40S, pid=7152)[0m + python3 -c 'import ctypes; libs=['\''libcuda.so.1'\'','\''libcudart.so.12'\'','\''libnvidia-ml.so.1'\'']; [print(l+'\'': OK'\'') if ctypes.CDLL(l) else None for l in libs]'
2026-04-01 02:09:30,367 - INFO - [36m(rf-qwen2-5-72b-instruct-tp4pp2-L40S, pid=7152)[0m libcuda.so.1: OK
2026-04-01 02:09:30,367 - INFO - [36m(rf-qwen2-5-72b-instruct-tp4pp2-L40S, pid=7152)[0m libcudart.so.12: OK
2026-04-01 02:09:30,367 - INFO - [36m(rf-qwen2-5-72b-instruct-tp4pp2-L40S, pid=7152)[0m libnvidia-ml.so.1: OK
2026-04-01 02:09:30,367 - INFO - [36m(rf-qwen2-5-72b-instruct-tp4pp2-L40S, pid=7152)[0m + echo '--- Manual CUDA init attempt ---'
2026-04-01 02:09:30,367 - INFO - [36m(rf-qwen2-5-72b-instruct-tp4pp2-L40S, pid=7152)[0m --- Manual CUDA init attempt ---
2026-04-01 02:09:30,367 - INFO - [36m(rf-qwen2-5-72b-instruct-tp4pp2-L40S, pid=7152)[0m + python3 -c 'import torch; torch.cuda.init(); print('\''torch.cuda.init() OK, device_count:'\'', torch.cuda.device_count())'
2026-04-01 02:09:30,367 - INFO - [36m(rf-qwen2-5-72b-instruct-tp4pp2-L40S, pid=7152)[0m torch.cuda.init() OK, device_count: 8
2026-04-01 02:09:30,972 - INFO - [36m(rf-qwen2-5-72b-instruct-tp4pp2-L40S, pid=7152)[0m + echo '--- Installed torch packages ---'
2026-04-01 02:09:31,578 - INFO - [36m(rf-qwen2-5-72b-instruct-tp4pp2-L40S, pid=7152)[0m --- Installed torch packages ---
2026-04-01 02:09:31,578 - INFO - [36m(rf-qwen2-5-72b-instruct-tp4pp2-L40S, pid=7152)[0m + grep --color=auto -i -E 'torch|nvidia|cuda|triton'
2026-04-01 02:09:31,578 - INFO - [36m(rf-qwen2-5-72b-instruct-tp4pp2-L40S, pid=7152)[0m + pip list
2026-04-01 02:09:31,578 - INFO - [36m(rf-qwen2-5-72b-instruct-tp4pp2-L40S, pid=7152)[0m cuda-pathfinder                   1.5.0
2026-04-01 02:09:32,486 - INFO - [36m(rf-qwen2-5-72b-instruct-tp4pp2-L40S, pid=7152)[0m cupy-cuda12x                      14.0.1
2026-04-01 02:09:32,487 - INFO - [36m(rf-qwen2-5-72b-instruct-tp4pp2-L40S, pid=7152)[0m nvidia-cublas-cu12                12.6.4.1
2026-04-01 02:09:32,487 - INFO - [36m(rf-qwen2-5-72b-instruct-tp4pp2-L40S, pid=7152)[0m nvidia-cuda-cupti-cu12            12.6.80
2026-04-01 02:09:32,487 - INFO - [36m(rf-qwen2-5-72b-instruct-tp4pp2-L40S, pid=7152)[0m nvidia-cuda-nvrtc-cu12            12.6.77
2026-04-01 02:09:32,487 - INFO - [36m(rf-qwen2-5-72b-instruct-tp4pp2-L40S, pid=7152)[0m nvidia-cuda-runtime-cu12          12.6.77
2026-04-01 02:09:32,487 - INFO - [36m(rf-qwen2-5-72b-instruct-tp4pp2-L40S, pid=7152)[0m nvidia-cudnn-cu12                 9.5.1.17
2026-04-01 02:09:32,487 - INFO - [36m(rf-qwen2-5-72b-instruct-tp4pp2-L40S, pid=7152)[0m nvidia-cufft-cu12                 11.3.0.4
2026-04-01 02:09:32,487 - INFO - [36m(rf-qwen2-5-72b-instruct-tp4pp2-L40S, pid=7152)[0m nvidia-cufile-cu12                1.11.1.6
2026-04-01 02:09:32,487 - INFO - [36m(rf-qwen2-5-72b-instruct-tp4pp2-L40S, pid=7152)[0m nvidia-curand-cu12                10.3.7.77
2026-04-01 02:09:32,487 - INFO - [36m(rf-qwen2-5-72b-instruct-tp4pp2-L40S, pid=7152)[0m nvidia-cusolver-cu12              11.7.1.2
2026-04-01 02:09:32,487 - INFO - [36m(rf-qwen2-5-72b-instruct-tp4pp2-L40S, pid=7152)[0m nvidia-cusparse-cu12              12.5.4.2
2026-04-01 02:09:32,487 - INFO - [36m(rf-qwen2-5-72b-instruct-tp4pp2-L40S, pid=7152)[0m nvidia-cusparselt-cu12            0.6.3
2026-04-01 02:09:32,487 - INFO - [36m(rf-qwen2-5-72b-instruct-tp4pp2-L40S, pid=7152)[0m nvidia-ml-py                      13.595.45
2026-04-01 02:09:32,487 - INFO - [36m(rf-qwen2-5-72b-instruct-tp4pp2-L40S, pid=7152)[0m nvidia-nccl-cu12                  2.26.2
2026-04-01 02:09:32,487 - INFO - [36m(rf-qwen2-5-72b-instruct-tp4pp2-L40S, pid=7152)[0m nvidia-nvjitlink-cu12             12.6.85
2026-04-01 02:09:32,487 - INFO - [36m(rf-qwen2-5-72b-instruct-tp4pp2-L40S, pid=7152)[0m nvidia-nvtx-cu12                  12.6.77
2026-04-01 02:09:32,487 - INFO - [36m(rf-qwen2-5-72b-instruct-tp4pp2-L40S, pid=7152)[0m torch                             2.7.1
2026-04-01 02:09:32,487 - INFO - [36m(rf-qwen2-5-72b-instruct-tp4pp2-L40S, pid=7152)[0m torchaudio                        2.7.1
2026-04-01 02:09:32,487 - INFO - [36m(rf-qwen2-5-72b-instruct-tp4pp2-L40S, pid=7152)[0m torchvision                       0.22.1
2026-04-01 02:09:32,487 - INFO - [36m(rf-qwen2-5-72b-instruct-tp4pp2-L40S, pid=7152)[0m triton                            3.3.1
2026-04-01 02:09:32,487 - INFO - [36m(rf-qwen2-5-72b-instruct-tp4pp2-L40S, pid=7152)[0m + echo =========================================
2026-04-01 02:09:32,487 - INFO - [36m(rf-qwen2-5-72b-instruct-tp4pp2-L40S, pid=7152)[0m =========================================
2026-04-01 02:09:32,487 - INFO - [36m(rf-qwen2-5-72b-instruct-tp4pp2-L40S, pid=7152)[0m + export LD_LIBRARY_PATH=/usr/local/cuda/lib64:/usr/local/cuda/targets/x86_64-linux/lib:/usr/local/cuda/lib64:/usr/local/cuda/targets/x86_64-linux/lib:
2026-04-01 02:09:32,487 - INFO - [36m(rf-qwen2-5-72b-instruct-tp4pp2-L40S, pid=7152)[0m + LD_LIBRARY_PATH=/usr/local/cuda/lib64:/usr/local/cuda/targets/x86_64-linux/lib:/usr/local/cuda/lib64:/usr/local/cuda/targets/x86_64-linux/lib:
2026-04-01 02:09:32,487 - INFO - [36m(rf-qwen2-5-72b-instruct-tp4pp2-L40S, pid=7152)[0m + export NCCL_P2P_DISABLE=0
2026-04-01 02:09:32,487 - INFO - [36m(rf-qwen2-5-72b-instruct-tp4pp2-L40S, pid=7152)[0m + NCCL_P2P_DISABLE=0
2026-04-01 02:09:32,487 - INFO - [36m(rf-qwen2-5-72b-instruct-tp4pp2-L40S, pid=7152)[0m + export NCCL_TIMEOUT=3600
2026-04-01 02:09:32,488 - INFO - [36m(rf-qwen2-5-72b-instruct-tp4pp2-L40S, pid=7152)[0m + NCCL_TIMEOUT=3600
2026-04-01 02:09:32,488 - INFO - [36m(rf-qwen2-5-72b-instruct-tp4pp2-L40S, pid=7152)[0m + export TORCH_NCCL_BLOCKING_WAIT=1
2026-04-01 02:09:32,488 - INFO - [36m(rf-qwen2-5-72b-instruct-tp4pp2-L40S, pid=7152)[0m + TORCH_NCCL_BLOCKING_WAIT=1
2026-04-01 02:09:32,488 - INFO - [36m(rf-qwen2-5-72b-instruct-tp4pp2-L40S, pid=7152)[0m + export TORCH_NCCL_ASYNC_ERROR_HANDLING=1
2026-04-01 02:09:32,488 - INFO - [36m(rf-qwen2-5-72b-instruct-tp4pp2-L40S, pid=7152)[0m + TORCH_NCCL_ASYNC_ERROR_HANDLING=1
2026-04-01 02:09:32,488 - INFO - [36m(rf-qwen2-5-72b-instruct-tp4pp2-L40S, pid=7152)[0m + export TORCH_NCCL_TRACE_BUFFER_SIZE=10000
2026-04-01 02:09:32,488 - INFO - [36m(rf-qwen2-5-72b-instruct-tp4pp2-L40S, pid=7152)[0m + TORCH_NCCL_TRACE_BUFFER_SIZE=10000
2026-04-01 02:09:32,488 - INFO - [36m(rf-qwen2-5-72b-instruct-tp4pp2-L40S, pid=7152)[0m + export TORCH_DISTRIBUTED_DEBUG=DETAIL
2026-04-01 02:09:32,488 - INFO - [36m(rf-qwen2-5-72b-instruct-tp4pp2-L40S, pid=7152)[0m + TORCH_DISTRIBUTED_DEBUG=DETAIL
2026-04-01 02:09:32,488 - INFO - [36m(rf-qwen2-5-72b-instruct-tp4pp2-L40S, pid=7152)[0m + export NCCL_DEBUG=INFO
2026-04-01 02:09:32,488 - INFO - [36m(rf-qwen2-5-72b-instruct-tp4pp2-L40S, pid=7152)[0m + NCCL_DEBUG=INFO
2026-04-01 02:09:32,488 - INFO - [36m(rf-qwen2-5-72b-instruct-tp4pp2-L40S, pid=7152)[0m + export RAY_DASHBOARD_HOST=0.0.0.0
2026-04-01 02:09:32,488 - INFO - [36m(rf-qwen2-5-72b-instruct-tp4pp2-L40S, pid=7152)[0m + RAY_DASHBOARD_HOST=0.0.0.0
2026-04-01 02:09:32,488 - INFO - [36m(rf-qwen2-5-72b-instruct-tp4pp2-L40S, pid=7152)[0m + export RAY_HEAD_PORT=6379
2026-04-01 02:09:32,488 - INFO - [36m(rf-qwen2-5-72b-instruct-tp4pp2-L40S, pid=7152)[0m + RAY_HEAD_PORT=6379
2026-04-01 02:09:32,488 - INFO - [36m(rf-qwen2-5-72b-instruct-tp4pp2-L40S, pid=7152)[0m + export RAY_DASHBOARD_PORT=8265
2026-04-01 02:09:32,488 - INFO - [36m(rf-qwen2-5-72b-instruct-tp4pp2-L40S, pid=7152)[0m + RAY_DASHBOARD_PORT=8265
2026-04-01 02:09:32,488 - INFO - [36m(rf-qwen2-5-72b-instruct-tp4pp2-L40S, pid=7152)[0m + echo 'Starting Ray for single-node pipeline parallelism...'
2026-04-01 02:09:32,488 - INFO - [36m(rf-qwen2-5-72b-instruct-tp4pp2-L40S, pid=7152)[0m Starting Ray for single-node pipeline parallelism...
2026-04-01 02:09:32,488 - INFO - [36m(rf-qwen2-5-72b-instruct-tp4pp2-L40S, pid=7152)[0m + uv run ray start --head --port=6379 --dashboard-host=0.0.0.0 --dashboard-port=8265 --num-cpus=0
2026-04-01 02:09:32,488 - INFO - [36m(rf-qwen2-5-72b-instruct-tp4pp2-L40S, pid=7152)[0m 2026-03-31 20:39:32,217	INFO usage_lib.py:447 -- Usage stats collection is disabled.
2026-04-01 02:09:36,125 - INFO - [36m(rf-qwen2-5-72b-instruct-tp4pp2-L40S, pid=7152)[0m 2026-03-31 20:39:32,217	INFO scripts.py:936 -- Local node IP: 172.31.25.203
2026-04-01 02:09:36,125 - INFO - [36m(rf-qwen2-5-72b-instruct-tp4pp2-L40S, pid=7152)[0m 2026-03-31 20:39:35,856	SUCC scripts.py:975 -- --------------------
2026-04-01 02:09:36,833 - INFO - [36m(rf-qwen2-5-72b-instruct-tp4pp2-L40S, pid=7152)[0m 2026-03-31 20:39:35,856	SUCC scripts.py:976 -- Ray runtime started.
2026-04-01 02:09:36,833 - INFO - [36m(rf-qwen2-5-72b-instruct-tp4pp2-L40S, pid=7152)[0m 2026-03-31 20:39:35,856	SUCC scripts.py:977 -- --------------------
2026-04-01 02:09:36,833 - INFO - [36m(rf-qwen2-5-72b-instruct-tp4pp2-L40S, pid=7152)[0m 2026-03-31 20:39:35,856	INFO scripts.py:979 -- Next steps
2026-04-01 02:09:36,833 - INFO - [36m(rf-qwen2-5-72b-instruct-tp4pp2-L40S, pid=7152)[0m 2026-03-31 20:39:35,856	INFO scripts.py:982 -- To add another node to this Ray cluster, run
2026-04-01 02:09:36,834 - INFO - [36m(rf-qwen2-5-72b-instruct-tp4pp2-L40S, pid=7152)[0m 2026-03-31 20:39:35,856	INFO scripts.py:985 --   ray start --address='172.31.25.203:6379'
2026-04-01 02:09:36,834 - INFO - [36m(rf-qwen2-5-72b-instruct-tp4pp2-L40S, pid=7152)[0m 2026-03-31 20:39:35,856	INFO scripts.py:996 -- To connect to this Ray cluster:
2026-04-01 02:09:36,834 - INFO - [36m(rf-qwen2-5-72b-instruct-tp4pp2-L40S, pid=7152)[0m 2026-03-31 20:39:35,856	INFO scripts.py:998 -- import ray
2026-04-01 02:09:36,834 - INFO - [36m(rf-qwen2-5-72b-instruct-tp4pp2-L40S, pid=7152)[0m 2026-03-31 20:39:35,856	INFO scripts.py:999 -- ray.init()
2026-04-01 02:09:36,834 - INFO - [36m(rf-qwen2-5-72b-instruct-tp4pp2-L40S, pid=7152)[0m 2026-03-31 20:39:35,856	INFO scripts.py:1032 -- To terminate the Ray runtime, run
2026-04-01 02:09:36,834 - INFO - [36m(rf-qwen2-5-72b-instruct-tp4pp2-L40S, pid=7152)[0m 2026-03-31 20:39:35,856	INFO scripts.py:1033 --   ray stop
2026-04-01 02:09:36,834 - INFO - [36m(rf-qwen2-5-72b-instruct-tp4pp2-L40S, pid=7152)[0m 2026-03-31 20:39:35,856	INFO scripts.py:1036 -- To view the status of the cluster, use
2026-04-01 02:09:36,834 - INFO - [36m(rf-qwen2-5-72b-instruct-tp4pp2-L40S, pid=7152)[0m 2026-03-31 20:39:35,856	INFO scripts.py:1037 --   ray status
2026-04-01 02:09:36,834 - INFO - [36m(rf-qwen2-5-72b-instruct-tp4pp2-L40S, pid=7152)[0m + sleep 5
2026-04-01 02:09:41,276 - INFO - [36m(rf-qwen2-5-72b-instruct-tp4pp2-L40S, pid=7152)[0m + uv run ray status --address=127.0.0.1:6379
2026-04-01 02:09:41,879 - INFO - [36m(rf-qwen2-5-72b-instruct-tp4pp2-L40S, pid=7152)[0m ======== Autoscaler status: 2026-03-31 20:39:39.358513 ========
2026-04-01 02:09:43,495 - INFO - [36m(rf-qwen2-5-72b-instruct-tp4pp2-L40S, pid=7152)[0m Node status
2026-04-01 02:09:43,495 - INFO - [36m(rf-qwen2-5-72b-instruct-tp4pp2-L40S, pid=7152)[0m ---------------------------------------------------------------
2026-04-01 02:09:43,496 - INFO - [36m(rf-qwen2-5-72b-instruct-tp4pp2-L40S, pid=7152)[0m Active:
2026-04-01 02:09:43,496 - INFO - [36m(rf-qwen2-5-72b-instruct-tp4pp2-L40S, pid=7152)[0m  1 node_93a3571e1aa725876374586b57c34cd2589a53cacb5401c310ef83ab
2026-04-01 02:09:43,496 - INFO - [36m(rf-qwen2-5-72b-instruct-tp4pp2-L40S, pid=7152)[0m Pending:
2026-04-01 02:09:43,496 - INFO - [36m(rf-qwen2-5-72b-instruct-tp4pp2-L40S, pid=7152)[0m  (no pending nodes)
2026-04-01 02:09:43,496 - INFO - [36m(rf-qwen2-5-72b-instruct-tp4pp2-L40S, pid=7152)[0m Recent failures:
2026-04-01 02:09:43,496 - INFO - [36m(rf-qwen2-5-72b-instruct-tp4pp2-L40S, pid=7152)[0m  (no failures)
2026-04-01 02:09:43,496 - INFO - [36m(rf-qwen2-5-72b-instruct-tp4pp2-L40S, pid=7152)[0m
2026-04-01 02:09:43,496 - INFO - [36m(rf-qwen2-5-72b-instruct-tp4pp2-L40S, pid=7152)[0m Resources
2026-04-01 02:09:43,496 - INFO - [36m(rf-qwen2-5-72b-instruct-tp4pp2-L40S, pid=7152)[0m ---------------------------------------------------------------
2026-04-01 02:09:43,496 - INFO - [36m(rf-qwen2-5-72b-instruct-tp4pp2-L40S, pid=7152)[0m Total Usage:
2026-04-01 02:09:43,496 - INFO - [36m(rf-qwen2-5-72b-instruct-tp4pp2-L40S, pid=7152)[0m  0.0/8.0 GPU
2026-04-01 02:09:43,496 - INFO - [36m(rf-qwen2-5-72b-instruct-tp4pp2-L40S, pid=7152)[0m  0B/1.26TiB memory
2026-04-01 02:09:43,496 - INFO - [36m(rf-qwen2-5-72b-instruct-tp4pp2-L40S, pid=7152)[0m  0B/186.26GiB object_store_memory
2026-04-01 02:09:43,496 - INFO - [36m(rf-qwen2-5-72b-instruct-tp4pp2-L40S, pid=7152)[0m
2026-04-01 02:09:43,496 - INFO - [36m(rf-qwen2-5-72b-instruct-tp4pp2-L40S, pid=7152)[0m From request_resources:
2026-04-01 02:09:43,496 - INFO - [36m(rf-qwen2-5-72b-instruct-tp4pp2-L40S, pid=7152)[0m  (none)
2026-04-01 02:09:43,496 - INFO - [36m(rf-qwen2-5-72b-instruct-tp4pp2-L40S, pid=7152)[0m Pending Demands:
2026-04-01 02:09:43,496 - INFO - [36m(rf-qwen2-5-72b-instruct-tp4pp2-L40S, pid=7152)[0m  (no resource demands)
2026-04-01 02:09:43,496 - INFO - [36m(rf-qwen2-5-72b-instruct-tp4pp2-L40S, pid=7152)[0m + PYTHONHASHSEED=0
2026-04-01 02:09:43,496 - INFO - [36m(rf-qwen2-5-72b-instruct-tp4pp2-L40S, pid=7152)[0m + python roofline_benchmarks/benchmark_rf-qwen2-5-72b-instruct-tp4pp2-L40S.py
2026-04-01 02:09:43,496 - INFO - [36m(rf-qwen2-5-72b-instruct-tp4pp2-L40S, pid=7152)[0m 🚀 Starting vLLM server: /home/ubuntu/sky_workdir/.venv/bin/python -m vllm.entrypoints.openai.api_server --model Qwen/Qwen2.5-72B-Instruct --tensor-parallel-size 4 --pipeline-parallel-size 2 --max-model-len 18432 --gpu-memory-utilization 0.85 --enforce-eager --no-enable-prefix-caching --disable-log-requests --port 8000 --distributed-executor-backend ray
2026-04-01 02:11:32,484 - INFO - [36m(rf-qwen2-5-72b-instruct-tp4pp2-L40S, pid=7152)[0m ⏳ Waiting for server health (timeout=1800s)...
2026-04-01 02:11:32,484 - INFO - [36m(rf-qwen2-5-72b-instruct-tp4pp2-L40S, pid=7152)[0m ✅ Server healthy after 109.0s
2026-04-01 02:11:33,293 - INFO - [36m(rf-qwen2-5-72b-instruct-tp4pp2-L40S, pid=7152)[0m 📊 Parsed from server log: KV cache=536976 tokens, num_gpu_blocks=33561, block_size=16
2026-04-01 02:11:33,293 - INFO - [36m(rf-qwen2-5-72b-instruct-tp4pp2-L40S, pid=7152)[0m 📊 target_concurrency = 29 (33561 blocks × 16 / 18432)
2026-04-01 02:11:33,293 - INFO - [36m(rf-qwen2-5-72b-instruct-tp4pp2-L40S, pid=7152)[0m
2026-04-01 02:11:33,293 - INFO - [36m(rf-qwen2-5-72b-instruct-tp4pp2-L40S, pid=7152)[0m ======================================================================
2026-04-01 02:11:33,293 - INFO - [36m(rf-qwen2-5-72b-instruct-tp4pp2-L40S, pid=7152)[0m Running: TP=4, PP=2, input=16384, output=2048
2026-04-01 02:11:33,293 - INFO - [36m(rf-qwen2-5-72b-instruct-tp4pp2-L40S, pid=7152)[0m Target concurrency: 29
2026-04-01 02:11:33,293 - INFO - [36m(rf-qwen2-5-72b-instruct-tp4pp2-L40S, pid=7152)[0m ======================================================================
2026-04-01 02:11:33,293 - INFO - [36m(rf-qwen2-5-72b-instruct-tp4pp2-L40S, pid=7152)[0m 2026-03-31 20:41:33,093	INFO worker.py:1810 -- Connecting to existing Ray cluster at address: 172.31.25.203:6379...
2026-04-01 02:11:34,098 - INFO - [36m(rf-qwen2-5-72b-instruct-tp4pp2-L40S, pid=7152)[0m 2026-03-31 20:41:33,253	INFO worker.py:2013 -- Connected to Ray cluster.
2026-04-01 02:11:37,932 - INFO - [36m(rf-qwen2-5-72b-instruct-tp4pp2-L40S, pid=7152)[0m 📊 Using local GPU monitoring (single-node Ray cluster)
2026-04-01 02:11:37,933 - INFO - [36m(rf-qwen2-5-72b-instruct-tp4pp2-L40S, pid=7152)[0m 🔥 Running warmup (5 requests)...
2026-04-01 02:11:37,933 - INFO - [36m(rf-qwen2-5-72b-instruct-tp4pp2-L40S, pid=7152)[0m Loading tokenizer for Qwen/Qwen2.5-72B-Instruct...
2026-04-01 02:11:38,635 - INFO - [36m(rf-qwen2-5-72b-instruct-tp4pp2-L40S, pid=7152)[0m Loading dataset emozilla/pg19-test...
2026-04-01 02:11:40,151 - INFO - [36m(rf-qwen2-5-72b-instruct-tp4pp2-L40S, pid=7152)[0m `trust_remote_code` is not supported anymore.
2026-04-01 02:11:40,151 - INFO - [36m(rf-qwen2-5-72b-instruct-tp4pp2-L40S, pid=7152)[0m Please check that the Hugging Face dataset 'emozilla/pg19-test' isn't based on a loading script and remove `trust_remote_code`.
2026-04-01 02:11:40,151 - INFO - [36m(rf-qwen2-5-72b-instruct-tp4pp2-L40S, pid=7152)[0m If the dataset is based on a loading script, please ask the dataset author to remove it and convert it to a standard format like Parquet.
2026-04-01 02:11:40,858 - INFO - [36m(rf-qwen2-5-72b-instruct-tp4pp2-L40S, pid=7152)[0m
2026-04-01 02:11:41,561 - INFO - [36m(rf-qwen2-5-72b-instruct-tp4pp2-L40S, pid=7152)[0m Generating test split:   0%|          | 0/100 [00:00<?, ? examples/s]
2026-04-01 02:11:41,561 - INFO - Generating test split: 100%|██████████| 100/100 [00:00<00:00, 500.51 examples/s]
2026-04-01 02:11:41,561 - INFO - Generating test split: 100%|██████████| 100/100 [00:00<00:00, 490.56 examples/s]
2026-04-01 02:11:41,561 - INFO - [36m(rf-qwen2-5-72b-instruct-tp4pp2-L40S, pid=7152)[0m Running 5 benchmark requests (concurrency=2)...
2026-04-01 02:14:14,049 - INFO - [36m(rf-qwen2-5-72b-instruct-tp4pp2-L40S, pid=7152)[0m   Progress: 1/5 (153s elapsed)
2026-04-01 02:14:20,101 - INFO - [36m(rf-qwen2-5-72b-instruct-tp4pp2-L40S, pid=7152)[0m   Progress: 2/5 (159s elapsed)
2026-04-01 02:16:51,391 - INFO - [36m(rf-qwen2-5-72b-instruct-tp4pp2-L40S, pid=7152)[0m   Progress: 3/5 (310s elapsed)
2026-04-01 02:16:57,239 - INFO - [36m(rf-qwen2-5-72b-instruct-tp4pp2-L40S, pid=7152)[0m   Progress: 4/5 (316s elapsed)
2026-04-01 02:19:05,266 - INFO - [36m(rf-qwen2-5-72b-instruct-tp4pp2-L40S, pid=7152)[0m   Progress: 5/5 (444s elapsed)
2026-04-01 02:19:05,973 - INFO - [36m(rf-qwen2-5-72b-instruct-tp4pp2-L40S, pid=7152)[0m
2026-04-01 02:19:05,973 - INFO - [36m(rf-qwen2-5-72b-instruct-tp4pp2-L40S, pid=7152)[0m ============================================================
2026-04-01 02:19:05,973 - INFO - [36m(rf-qwen2-5-72b-instruct-tp4pp2-L40S, pid=7152)[0m Benchmark complete: 5/5 successful
2026-04-01 02:19:05,973 - INFO - [36m(rf-qwen2-5-72b-instruct-tp4pp2-L40S, pid=7152)[0m Wall clock: 444.1s
2026-04-01 02:19:05,973 - INFO - [36m(rf-qwen2-5-72b-instruct-tp4pp2-L40S, pid=7152)[0m Results saved to: /tmp/warmup_results.json
2026-04-01 02:19:05,973 - INFO - [36m(rf-qwen2-5-72b-instruct-tp4pp2-L40S, pid=7152)[0m TTFT p50/p95/p99: 10563.5 / 17122.4 / 18317.2 ms
2026-04-01 02:19:05,973 - INFO - [36m(rf-qwen2-5-72b-instruct-tp4pp2-L40S, pid=7152)[0m E2E  p50/p95/p99: 157084.6 / 158668.8 / 158977.0 ms
2026-04-01 02:19:05,973 - INFO - [36m(rf-qwen2-5-72b-instruct-tp4pp2-L40S, pid=7152)[0m ✅ Warmup complete
2026-04-01 02:19:08,190 - INFO - [36m(rf-qwen2-5-72b-instruct-tp4pp2-L40S, pid=7152)[0m 📊 Running benchmark: 116 requests, concurrency=29
2026-04-01 02:19:12,217 - INFO - [36m(rf-qwen2-5-72b-instruct-tp4pp2-L40S, pid=7152)[0m Loading tokenizer for Qwen/Qwen2.5-72B-Instruct...
2026-04-01 02:19:15,035 - INFO - [36m(rf-qwen2-5-72b-instruct-tp4pp2-L40S, pid=7152)[0m Loading dataset emozilla/pg19-test...
2026-04-01 02:19:15,035 - INFO - [36m(rf-qwen2-5-72b-instruct-tp4pp2-L40S, pid=7152)[0m `trust_remote_code` is not supported anymore.
2026-04-01 02:19:15,035 - INFO - [36m(rf-qwen2-5-72b-instruct-tp4pp2-L40S, pid=7152)[0m Please check that the Hugging Face dataset 'emozilla/pg19-test' isn't based on a loading script and remove `trust_remote_code`.
2026-04-01 02:19:15,035 - INFO - [36m(rf-qwen2-5-72b-instruct-tp4pp2-L40S, pid=7152)[0m If the dataset is based on a loading script, please ask the dataset author to remove it and convert it to a standard format like Parquet.
2026-04-01 02:19:15,035 - INFO - [36m(rf-qwen2-5-72b-instruct-tp4pp2-L40S, pid=7152)[0m Token indices sequence length is longer than the specified maximum sequence length for this model (136936 > 131072). Running this sequence through the model will result in indexing errors
2026-04-01 02:19:34,569 - INFO - [36m(rf-qwen2-5-72b-instruct-tp4pp2-L40S, pid=7152)[0m ⚠️  Only found 92 prompts with >= 16384 tokens, recycling to reach 116
2026-04-01 02:29:35,229 - INFO - [36m(rf-qwen2-5-72b-instruct-tp4pp2-L40S, pid=7152)[0m Running 116 benchmark requests (concurrency=29)...
2026-04-01 02:29:35,230 - INFO - [36m(rf-qwen2-5-72b-instruct-tp4pp2-L40S, pid=7152)[0m   Progress: 11/116 (601s elapsed)
2026-04-01 02:39:36,232 - INFO - [36m(rf-qwen2-5-72b-instruct-tp4pp2-L40S, pid=7152)[0m   Progress: 22/116 (601s elapsed)
2026-04-01 02:39:36,232 - INFO - [36m(rf-qwen2-5-72b-instruct-tp4pp2-L40S, pid=7152)[0m   Progress: 33/116 (1202s elapsed)
2026-04-01 02:49:37,144 - INFO - [36m(rf-qwen2-5-72b-instruct-tp4pp2-L40S, pid=7152)[0m   Progress: 44/116 (1202s elapsed)
2026-04-01 02:49:37,144 - INFO - [36m(rf-qwen2-5-72b-instruct-tp4pp2-L40S, pid=7152)[0m   Progress: 55/116 (1202s elapsed)
2026-04-01 02:49:37,144 - INFO - [36m(rf-qwen2-5-72b-instruct-tp4pp2-L40S, pid=7152)[0m   Progress: 66/116 (1803s elapsed)
2026-04-01 02:59:38,025 - INFO - [36m(rf-qwen2-5-72b-instruct-tp4pp2-L40S, pid=7152)[0m   Progress: 77/116 (1803s elapsed)
2026-04-01 02:59:38,025 - INFO - [36m(rf-qwen2-5-72b-instruct-tp4pp2-L40S, pid=7152)[0m   Progress: 88/116 (2404s elapsed)
2026-04-01 02:59:39,237 - INFO - [36m(rf-qwen2-5-72b-instruct-tp4pp2-L40S, pid=7152)[0m   Progress: 99/116 (2404s elapsed)
2026-04-01 02:59:39,237 - INFO - [36m(rf-qwen2-5-72b-instruct-tp4pp2-L40S, pid=7152)[0m   Progress: 110/116 (2404s elapsed)
2026-04-01 02:59:39,237 - INFO - [36m(rf-qwen2-5-72b-instruct-tp4pp2-L40S, pid=7152)[0m   Progress: 116/116 (2404s elapsed)
2026-04-01 02:59:39,237 - INFO - [36m(rf-qwen2-5-72b-instruct-tp4pp2-L40S, pid=7152)[0m
2026-04-01 02:59:39,237 - INFO - [36m(rf-qwen2-5-72b-instruct-tp4pp2-L40S, pid=7152)[0m ============================================================
2026-04-01 02:59:39,237 - INFO - [36m(rf-qwen2-5-72b-instruct-tp4pp2-L40S, pid=7152)[0m Benchmark complete: 0/116 successful
2026-04-01 02:59:39,237 - INFO - [36m(rf-qwen2-5-72b-instruct-tp4pp2-L40S, pid=7152)[0m Wall clock: 2403.9s
2026-04-01 02:59:39,238 - INFO - [36m(rf-qwen2-5-72b-instruct-tp4pp2-L40S, pid=7152)[0m Results saved to: /tmp/client_results_tp4_pp2_in16384_out2048.json
2026-04-01 02:59:39,238 - INFO - [36m(rf-qwen2-5-72b-instruct-tp4pp2-L40S, pid=7152)[0m 📊 GPU monitoring: local (single node)
2026-04-01 02:59:42,865 - INFO - [36m(rf-qwen2-5-72b-instruct-tp4pp2-L40S, pid=7152)[0m 📈 Time-series saved to /tmp/timeseries_tp4_pp2_in16384_out2048.json
2026-04-01 02:59:42,865 - INFO - [36m(rf-qwen2-5-72b-instruct-tp4pp2-L40S, pid=7152)[0m Result: success
2026-04-01 02:59:42,865 - INFO - [36m(rf-qwen2-5-72b-instruct-tp4pp2-L40S, pid=7152)[0m
2026-04-01 02:59:42,865 - INFO - [36m(rf-qwen2-5-72b-instruct-tp4pp2-L40S, pid=7152)[0m ✅ All done! Results in /tmp/benchmark_results.json
2026-04-01 02:59:42,865 - INFO - [36m(rf-qwen2-5-72b-instruct-tp4pp2-L40S, pid=7152)[0m 🛑 Stopping vLLM server...
2026-04-01 02:59:42,865 - INFO - [36m(rf-qwen2-5-72b-instruct-tp4pp2-L40S, pid=7152)[0m ✅ Server stopped
2026-04-01 02:59:44,076 - INFO - [36m(rf-qwen2-5-72b-instruct-tp4pp2-L40S, pid=7152)[0m + echo 'Cleaning up Ray (this may show warnings if vLLM workers are still active)...'
2026-04-01 02:59:45,991 - INFO - [36m(rf-qwen2-5-72b-instruct-tp4pp2-L40S, pid=7152)[0m Cleaning up Ray (this may show warnings if vLLM workers are still active)...
2026-04-01 02:59:45,991 - INFO - [36m(rf-qwen2-5-72b-instruct-tp4pp2-L40S, pid=7152)[0m + sleep 2
2026-04-01 02:59:45,991 - INFO - [36m(rf-qwen2-5-72b-instruct-tp4pp2-L40S, pid=7152)[0m + uv run ray stop
2026-04-01 02:59:47,707 - INFO - [36m(rf-qwen2-5-72b-instruct-tp4pp2-L40S, pid=7152)[0m 2026-03-31 21:29:46,652	VINFO scripts.py:1315 -- Send termination request to `/home/ubuntu/skypilot-runtime/lib/python3.10/site-packages/ray/core/src/ray/raylet/raylet --raylet_socket_name=/tmp/ray_skypilot/session_2026-03-31_20-38-13_524364_4233/sockets/raylet --store_socket_name=/tmp/ray_skypilot/session_2026-03-31_20-38-13_524364_4233/sockets/plasma_store --object_manager_port=8076 --min_worker_port=11002 --max_worker_port=19999 --node_manager_port=0 --node_ip_address=172.31.25.203 --maximum_startup_concurrency=192 --static_resource_list=L40S,8,node:172.31.25.203,1.0,node:__internal_head__,1.0,accelerator_type:L40S,1,CPU,192,GPU,8,memory,1388140596224,object_store_memory,200000000000 "--python_worker_command=/home/ubuntu/skypilot-runtime/bin/python /home/ubuntu/skypilot-runtime/lib/python3.10/site-packages/ray/_private/workers/setup_worker.py /home/ubuntu/skypilot-runtime/lib/python3.10/site-packages/ray/_private/workers/default_worker.py --node-ip-address=172.31.25.203 --node-manager-port=RAY_NODE_MANAGER_PORT_PLACEHOLDER --object-store-name=/tmp/ray_skypilot/session_2026-03-31_20-38-13_524364_4233/sockets/plasma_store --raylet-name=/tmp/ray_skypilot/session_2026-03-31_20-38-13_524364_4233/sockets/raylet --redis-address=None --temp-dir=/tmp/ray_skypilot --metrics-agent-port=55326 --runtime-env-agent-port=61824 --logging-rotate-bytes=536870912 --logging-rotate-backup-count=5 --runtime-env-agent-port=61824 --gcs-address=172.31.25.203:6380 --session-name=session_2026-03-31_20-38-13_524364_4233 --temp-dir=/tmp/ray_skypilot --webui=127.0.0.1:8266 --cluster-id=0290bc16899c78185ec9a780abe3c0830938edcae40ea3d80b97cb77 RAY_WORKER_DYNAMIC_OPTION_PLACEHOLDER" "--java_worker_command=/home/ubuntu/skypilot-runtime/bin/python /home/ubuntu/skypilot-runtime/lib/python3.10/site-packages/ray/_private/workers/setup_worker.py -Dray.address=172.31.25.203:6380 -Dray.raylet.node-manager-port=RAY_NODE_MANAGER_PORT_PLACEHOLDER -Dray.object-store.socket-name=/tmp/ray_skypilot/session_2026-03-31_20-38-13_524364_4233/sockets/plasma_store -Dray.raylet.socket-name=/tmp/ray_skypilot/session_2026-03-31_20-38-13_524364_4233/sockets/raylet -Dray.redis.password= -Dray.node-ip=172.31.25.203 -Dray.home=/home/ubuntu/skypilot-runtime/lib/python3.10/site-packages/ray/../.. -Dray.logging.dir=/tmp/ray_skypilot/session_2026-03-31_20-38-13_524364_4233/logs -Dray.session-dir=/tmp/ray_skypilot/session_2026-03-31_20-38-13_524364_4233 RAY_WORKER_DYNAMIC_OPTION_PLACEHOLDER io.ray.runtime.runner.worker.DefaultWorker" --cpp_worker_command= --native_library_path=/home/ubuntu/skypilot-runtime/lib/python3.10/site-packages/ray/cpp/lib --temp_dir=/tmp/ray_skypilot --session_dir=/tmp/ray_skypilot/session_2026-03-31_20-38-13_524364_4233 --log_dir=/tmp/ray_skypilot/session_2026-03-31_20-38-13_524364_4233/logs --resource_dir=/tmp/ray_skypilot/session_2026-03-31_20-38-13_524364_4233/runtime_resources --metrics-agent-port=55326 --metrics_export_port=52967 --runtime_env_agent_port=61824 --object_store_memory=200000000000 --plasma_directory=/dev/shm --ray-debugger-external=0 --gcs-address=172.31.25.203:6380 --session-name=session_2026-03-31_20-38-13_524364_4233 --labels= --cluster-id=0290bc16899c78185ec9a780abe3c0830938edcae40ea3d80b97cb77 --head --num_prestart_python_workers=192 "--dashboard_agent_command=/home/ubuntu/skypilot-runtime/bin/python -u /home/ubuntu/skypilot-runtime/lib/python3.10/site-packages/ray/dashboard/agent.py --node-ip-address=172.31.25.203 --metrics-export-port=52967 --dashboard-agent-port=55326 --listen-port=52365 --node-manager-port=RAY_NODE_MANAGER_PORT_PLACEHOLDER --object-store-name=/tmp/ray_skypilot/session_2026-03-31_20-38-13_524364_4233/sockets/plasma_store --raylet-name=/tmp/ray_skypilot/session_2026-03-31_20-38-13_524364_4233/sockets/raylet --temp-dir=/tmp/ray_skypilot --session-dir=/tmp/ray_skypilot/session_2026-03-31_20-38-13_524364_4233 --log-dir=/tmp/ray_skypilot/session_2026-03-31_20-38-13_524364_4233/logs --logging-rotate-bytes=536870912 --logging-rotate-backup-count=5 --session-name=session_2026-03-31_20-38-13_524364_4233 --gcs-address=172.31.25.203:6380" "--runtime_env_agent_command=/home/ubuntu/skypilot-runtime/bin/python -u /home/ubuntu/skypilot-runtime/lib/python3.10/site-packages/ray/_private/runtime_env/agent/main.py --node-ip-address=172.31.25.203 --runtime-env-agent-port=61824 --gcs-address=172.31.25.203:6380 --runtime-env-dir=/tmp/ray_skypilot/session_2026-03-31_20-38-13_524364_4233/runtime_resources --logging-rotate-bytes=536870912 --logging-rotate-backup-count=5 --log-dir=/tmp/ray_skypilot/session_2026-03-31_20-38-13_524364_4233/logs --temp-dir=/tmp/ray_skypilot"` (via SIGTERM)
2026-04-01 02:59:47,707 - INFO - [36m(rf-qwen2-5-72b-instruct-tp4pp2-L40S, pid=7152)[0m 2026-03-31 21:29:46,653	VINFO scripts.py:1315 -- Send termination request to `/home/ubuntu/sky_workdir/.venv/lib/python3.12/site-packages/ray/core/src/ray/raylet/raylet --raylet_socket_name=/tmp/ray/session_2026-03-31_20-39-32_217989_25454/sockets/raylet --store_socket_name=/tmp/ray/session_2026-03-31_20-39-32_217989_25454/sockets/plasma_store --object_manager_port=0 --min_worker_port=10002 --max_worker_port=19999 --node_manager_port=0 --node_id=93a3571e1aa725876374586b57c34cd2589a53cacb5401c310ef83ab --node_ip_address=172.31.25.203 --maximum_startup_concurrency=1 --static_resource_list=node:172.31.25.203,1.0,node:__internal_head__,1.0,accelerator_type:L40S,1,GPU,8,memory,1379899613184,object_store_memory,200000000000 "--python_worker_command=/home/ubuntu/sky_workdir/.venv/bin/python3 /home/ubuntu/sky_workdir/.venv/lib/python3.12/site-packages/ray/_private/workers/setup_worker.py /home/ubuntu/sky_workdir/.venv/lib/python3.12/site-packages/ray/_private/workers/default_worker.py --node-ip-address=172.31.25.203 --node-manager-port=RAY_NODE_MANAGER_PORT_PLACEHOLDER --object-store-name=/tmp/ray/session_2026-03-31_20-39-32_217989_25454/sockets/plasma_store --raylet-name=/tmp/ray/session_2026-03-31_20-39-32_217989_25454/sockets/raylet --redis-address=None --metrics-agent-port=0 --logging-rotate-bytes=536870912 --logging-rotate-backup-count=5 --runtime-env-agent-port=0 --gcs-address=172.31.25.203:6379 --session-name=session_2026-03-31_20-39-32_217989_25454 --temp-dir=/tmp/ray --webui= --cluster-id=f84b289fe83253158fca4bbc101969b53a8eb7fb58874703d0a09c0a RAY_WORKER_DYNAMIC_OPTION_PLACEHOLDER" "--java_worker_command=/home/ubuntu/sky_workdir/.venv/bin/python3 /home/ubuntu/sky_workdir/.venv/lib/python3.12/site-packages/ray/_private/workers/setup_worker.py -Dray.address=172.31.25.203:6379 -Dray.raylet.node-manager-port=RAY_NODE_MANAGER_PORT_PLACEHOLDER -Dray.object-store.socket-name=/tmp/ray/session_2026-03-31_20-39-32_217989_25454/sockets/plasma_store -Dray.raylet.socket-name=/tmp/ray/session_2026-03-31_20-39-32_217989_25454/sockets/raylet -Dray.redis.username= -Dray.redis.password= -Dray.node-ip=172.31.25.203 -Dray.home=/home/ubuntu/sky_workdir/.venv/lib/python3.12/site-packages/ray/../.. -Dray.logging.dir=/tmp/ray/session_2026-03-31_20-39-32_217989_25454/logs -Dray.session-dir=/tmp/ray/session_2026-03-31_20-39-32_217989_25454 RAY_WORKER_DYNAMIC_OPTION_PLACEHOLDER io.ray.runtime.runner.worker.DefaultWorker" --cpp_worker_command= --native_library_path=/home/ubuntu/sky_workdir/.venv/lib/python3.12/site-packages/ray/cpp/lib --temp_dir=/tmp/ray --session_dir=/tmp/ray/session_2026-03-31_20-39-32_217989_25454 --log_dir=/tmp/ray/session_2026-03-31_20-39-32_217989_25454/logs --resource_dir=/tmp/ray/session_2026-03-31_20-39-32_217989_25454/runtime_resources --metrics-agent-port=0 --metrics_export_port=0 --runtime_env_agent_port=0 --object_store_memory=200000000000 --plasma_directory=/dev/shm --fallback_directory=/tmp/ray/session_2026-03-31_20-39-32_217989_25454 --ray-debugger-external=0 --gcs-address=172.31.25.203:6379 --session-name=session_2026-03-31_20-39-32_217989_25454 "--labels={\"ray.io/accelerator-type\": \"L40S\"}" --cluster-id=f84b289fe83253158fca4bbc101969b53a8eb7fb58874703d0a09c0a --stdout_filepath=/tmp/ray/session_2026-03-31_20-39-32_217989_25454/logs/raylet.out --stderr_filepath=/tmp/ray/session_2026-03-31_20-39-32_217989_25454/logs/raylet.err --head --num_prestart_python_workers=0 "--dashboard_agent_command=/home/ubuntu/sky_workdir/.venv/bin/python3 -u /home/ubuntu/sky_workdir/.venv/lib/python3.12/site-packages/ray/dashboard/agent.py --node-id=93a3571e1aa725876374586b57c34cd2589a53cacb5401c310ef83ab --node-ip-address=172.31.25.203 --metrics-export-port=0 --grpc-port=0 --listen-port=52365 --node-manager-port=RAY_NODE_MANAGER_PORT_PLACEHOLDER --object-store-name=/tmp/ray/session_2026-03-31_20-39-32_217989_25454/sockets/plasma_store --raylet-name=/tmp/ray/session_2026-03-31_20-39-32_217989_25454/sockets/raylet --temp-dir=/tmp/ray --session-dir=/tmp/ray/session_2026-03-31_20-39-32_217989_25454 --log-dir=/tmp/ray/session_2026-03-31_20-39-32_217989_25454/logs --logging-rotate-bytes=536870912 --logging-rotate-backup-count=5 --session-name=session_2026-03-31_20-39-32_217989_25454 --gcs-address=172.31.25.203:6379 --cluster-id-hex=f84b289fe83253158fca4bbc101969b53a8eb7fb58874703d0a09c0a --stdout-filepath=/tmp/ray/session_2026-03-31_20-39-32_217989_25454/logs/dashboard_agent.out --stderr-filepath=/tmp/ray/session_2026-03-31_20-39-32_217989_25454/logs/dashboard_agent.err --minimal --head" "--runtime_env_agent_command=/home/ubuntu/sky_workdir/.venv/bin/python3 -u /home/ubuntu/sky_workdir/.venv/lib/python3.12/site-packages/ray/_private/runtime_env/agent/main.py --node-id=93a3571e1aa725876374586b57c34cd2589a53cacb5401c310ef83ab --node-ip-address=172.31.25.203 --runtime-env-agent-port=0 --session-dir=/tmp/ray/session_2026-03-31_20-39-32_217989_25454 --gcs-address=172.31.25.203:6379 --cluster-id-hex=f84b289fe83253158fca4bbc101969b53a8eb7fb58874703d0a09c0a --runtime-env-dir=/tmp/ray/session_2026-03-31_20-39-32_217989_25454/runtime_resources --logging-rotate-bytes=536870912 --logging-rotate-backup-count=5 --log-dir=/tmp/ray/session_2026-03-31_20-39-32_217989_25454/logs --temp-dir=/tmp/ray --stdout-filepath=/tmp/ray/session_2026-03-31_20-39-32_217989_25454/logs/runtime_env_agent.out --stderr-filepath=/tmp/ray/session_2026-03-31_20-39-32_217989_25454/logs/runtime_env_agent.err"` (via SIGTERM)
2026-04-01 03:03:45,346 - INFO - Traceback (most recent call last):
2026-04-01 03:03:45,347 - INFO -   File "/home/ubuntu/.sky/sky_app/sky_job_1", line 621, in <module>
2026-04-01 03:03:45,347 - INFO -     returncodes, _ = get_or_fail(futures, pg)
2026-04-01 03:03:45,347 - INFO -   File "/home/ubuntu/.sky/sky_app/sky_job_1", line 76, in get_or_fail
2026-04-01 03:03:45,347 - INFO -     handle_ready_tasks(ready)
2026-04-01 03:03:45,347 - INFO -   File "/home/ubuntu/.sky/sky_app/sky_job_1", line 68, in handle_ready_tasks
2026-04-01 03:03:45,347 - INFO -     res = ray.get(task)
2026-04-01 03:03:45,347 - INFO -   File "/home/ubuntu/skypilot-runtime/lib/python3.10/site-packages/ray/_private/auto_init_hook.py", line 22, in auto_init_wrapper
2026-04-01 03:03:45,347 - INFO -     return fn(*args, **kwargs)
2026-04-01 03:03:45,347 - INFO -   File "/home/ubuntu/skypilot-runtime/lib/python3.10/site-packages/ray/_private/client_mode_hook.py", line 103, in wrapper
2026-04-01 03:03:45,347 - INFO -     return func(*args, **kwargs)
2026-04-01 03:03:45,347 - INFO -   File "/home/ubuntu/skypilot-runtime/lib/python3.10/site-packages/ray/_private/worker.py", line 2640, in get
2026-04-01 03:03:45,347 - INFO -     raise value
2026-04-01 03:03:45,347 - INFO - ray.exceptions.LocalRayletDiedError: The task's local raylet died. Check raylet.out for more information.
2026-04-01 03:03:45,347 - INFO - [0m[32m✓ Job finished (status: FAILED_DRIVER).[0m[0m
2026-04-01 03:03:46,165 - INFO - 
2026-04-01 03:03:46,677 - INFO - 📋 Useful Commands
2026-04-01 03:03:46,677 - INFO - Job ID: 1
2026-04-01 03:03:46,677 - INFO - ├── To cancel the job:		sky cancel rf-qwen2-5-72b-instruct-tp4pp2-L40S 1
2026-04-01 03:03:46,677 - INFO - ├── To stream job logs:		sky logs rf-qwen2-5-72b-instruct-tp4pp2-L40S 1
2026-04-01 03:03:46,677 - INFO - └── To view job queue:		sky queue rf-qwen2-5-72b-instruct-tp4pp2-L40S
2026-04-01 03:03:46,677 - INFO - Cluster name: rf-qwen2-5-72b-instruct-tp4pp2-L40S
2026-04-01 03:03:46,677 - INFO - ├── To log into the head VM:	ssh rf-qwen2-5-72b-instruct-tp4pp2-L40S
2026-04-01 03:03:46,677 - INFO - ├── To submit a job:		sky exec rf-qwen2-5-72b-instruct-tp4pp2-L40S yaml_file
2026-04-01 03:03:46,677 - INFO - ├── To stop the cluster:	sky stop rf-qwen2-5-72b-instruct-tp4pp2-L40S
2026-04-01 03:03:46,677 - INFO - └── To teardown the cluster:	sky down rf-qwen2-5-72b-instruct-tp4pp2-L40S
2026-04-01 03:03:46,677 - ERROR - ❌ Cluster error: Command 'sky launch' returned non-zero exit status 100.
2026-04-01 03:03:46,678 - INFO - 📥 Attempting to fetch results (benchmark may have completed)...
2026-04-01 03:03:46,678 - INFO - 📥 Fetching results.json from cluster...
2026-04-01 03:03:48,359 - INFO - 📈 Attempting to fetch timeseries data from cluster (best-effort)...
2026-04-01 03:03:51,028 - INFO - ✅ Found successful benchmark results despite cluster error!
2026-04-01 03:03:51,028 - INFO -    This is likely a cleanup error, not a benchmark failure.
2026-04-01 03:03:51,337 - INFO - 📁 Renaming directory: tp4-pp2-g6e_48xlarge-20260401_020644 -> tp4-pp2-g6e_48xlarge-20260401_020644-success
2026-04-01 03:03:51,339 - INFO - 📈 Plotting timeseries for successful experiment(s) after cluster error...
2026-04-01 03:03:51,397 - INFO - 🗑️  Tearing down rf-qwen2-5-72b-instruct-tp4pp2-L40S...
