2026-03-20 21:53:39,775 - INFO - Results will be saved to: results/aws_p4d_A100_40gb/tp8-pp1-p4d_24xlarge-20260320_215339
2026-03-20 21:53:39,776 - INFO - 📋 Copied benchmark_client.py to roofline_benchmarks/
2026-03-20 21:53:39,776 - INFO - 📋 Copied prometheus_parser.py to roofline_benchmarks/
2026-03-20 21:53:39,776 - INFO - 🚀 Launching rf-qwen3-32b-tp8pp1-A100-40gb...
2026-03-20 21:53:39,776 - INFO - YAML to run: roofline_benchmarks/rf-qwen3-32b-tp8pp1-A100-40gb.yaml
2026-03-20 21:53:39,776 - INFO - Running on cluster: rf-qwen3-32b-tp8pp1-A100-40gb
2026-03-20 21:53:40,479 - INFO - YAML to run: roofline_benchmarks/rf-qwen3-32b-tp8pp1-A100-40gb.yaml
2026-03-20 21:53:40,575 - INFO - Running on cluster: rf-qwen3-32b-tp8pp1-A100-40gb
2026-03-20 21:53:41,782 - INFO - [33mLaunching a spot job that does not automatically recover from preemptions. To get automatic recovery, use managed job instead: [0m[1msky jobs launch[0m [33mor[0m [1msky.jobs.launch()[0m.
2026-03-20 21:53:41,783 - INFO - Considered resources (1 node):
2026-03-20 21:53:42,285 - INFO - -------------------------------------------------------------------------------------------
2026-03-20 21:53:42,285 - INFO -  INFRA                 INSTANCE             vCPUs   Mem(GB)   GPUS     COST ($)   CHOSEN
2026-03-20 21:53:42,285 - INFO - -------------------------------------------------------------------------------------------
2026-03-20 21:53:42,285 - INFO -  AWS (ca-central-1b)   p4d.24xlarge[Spot]   96      1152      A100:8   4.57       [32m   ✔[0m
2026-03-20 21:53:42,285 - INFO - -------------------------------------------------------------------------------------------
2026-03-20 21:53:42,285 - INFO - sky.exceptions.ResourcesUnavailableError: [33mFound no quota for p4d.24xlarge spot instances in region ca-central-1 in AWS. [0mTo request quotas, check the instruction: https://docs.skypilot.co/en/latest/cloud-setup/quota.html.
2026-03-20 21:53:42,487 - INFO - 
2026-03-20 21:53:42,487 - INFO - [0m[33m↺[0m Trying other potential resources.
2026-03-20 21:53:42,487 - INFO - Considered resources (1 node):
2026-03-20 21:53:43,390 - INFO - ----------------------------------------------------------------------------------------
2026-03-20 21:53:43,390 - INFO -  INFRA              INSTANCE             vCPUs   Mem(GB)   GPUS     COST ($)   CHOSEN
2026-03-20 21:53:43,390 - INFO - ----------------------------------------------------------------------------------------
2026-03-20 21:53:43,390 - INFO -  AWS (us-east-1c)   p4d.24xlarge[Spot]   96      1152      A100:8   5.10       [32m   ✔[0m
2026-03-20 21:53:43,390 - INFO - ----------------------------------------------------------------------------------------
2026-03-20 21:53:43,390 - INFO - [33mInstance type p4d.24xlarge supports up to 4 EFA interfaces, but `use_internal_ips` is not enabled.
2026-03-20 21:53:43,491 - INFO - Launching with the current configuration will use only 1 EFA interface.
2026-03-20 21:53:43,491 - INFO - To use all 4 EFA interfaces, enable internal IPs by adding one of the following configurations to SkyPilot config:
2026-03-20 21:53:43,491 - INFO - Option 1 (with SSM):
2026-03-20 21:53:43,491 - INFO -   aws:
2026-03-20 21:53:43,491 - INFO -     use_internal_ips: true
2026-03-20 21:53:43,491 - INFO -     use_ssm: true
2026-03-20 21:53:43,491 - INFO - Option 2 (with SSH proxy):
2026-03-20 21:53:43,491 - INFO -   aws:
2026-03-20 21:53:43,491 - INFO -     use_internal_ips: true
2026-03-20 21:53:43,491 - INFO -     ssh_proxy_command: ssh -W %h:%p -i <ssh key path> -o StrictHostKeyChecking=no <user>@<jump server public ip>
2026-03-20 21:53:43,491 - INFO - Refer to https://docs.skypilot.co/en/latest/reference/config.html#aws-use-internal-ips for more details.[0m
2026-03-20 21:53:43,491 - INFO - [0m⚙︎ Launching on AWS us-east-1[0m (us-east-1c).
2026-03-20 21:54:25,352 - INFO - [2mW 03-20 21:54:25.302 PID=1652500 instance.py:288] create_instances: Attempt failed with An error occurred (InsufficientInstanceCapacity) when calling the RunInstances operation (reached max retries: 0): There is no Spot capacity available that matches your request.[0m
2026-03-20 21:54:28,868 - INFO - AWS handler error: Failed to launch instances. Max attempts exceeded.
2026-03-20 21:54:29,169 - INFO - sky.exceptions.ResourcesUnavailableError: Failed to acquire resources in us-east-1c for {AWS(p4d.24xlarge[Spot], mem=64.0+, {'A100': 8}, network_tier=best, disk_size=500)}.
2026-03-20 21:54:29,169 - INFO - 
2026-03-20 21:54:29,169 - INFO - [0m[33m↺[0m Trying other potential resources.
2026-03-20 21:54:29,169 - INFO - Considered resources (1 node):
2026-03-20 21:54:29,269 - INFO - ---------------------------------------------------------------------------------------------
2026-03-20 21:54:29,874 - INFO -  INFRA                   INSTANCE             vCPUs   Mem(GB)   GPUS     COST ($)   CHOSEN
2026-03-20 21:54:29,874 - INFO - ---------------------------------------------------------------------------------------------
2026-03-20 21:54:29,874 - INFO -  AWS (ap-southeast-2a)   p4d.24xlarge[Spot]   96      1152      A100:8   6.67       [32m   ✔[0m
2026-03-20 21:54:29,874 - INFO - ---------------------------------------------------------------------------------------------
2026-03-20 21:54:29,874 - INFO - sky.exceptions.ResourcesUnavailableError: [33mFound no quota for p4d.24xlarge spot instances in region ap-southeast-2 in AWS. [0mTo request quotas, check the instruction: https://docs.skypilot.co/en/latest/cloud-setup/quota.html.
2026-03-20 21:54:30,177 - INFO - 
2026-03-20 21:54:30,177 - INFO - [0m[33m↺[0m Trying other potential resources.
2026-03-20 21:54:30,177 - INFO - Considered resources (1 node):
2026-03-20 21:54:30,278 - INFO - ----------------------------------------------------------------------------------------
2026-03-20 21:54:31,887 - INFO -  INFRA              INSTANCE             vCPUs   Mem(GB)   GPUS     COST ($)   CHOSEN
2026-03-20 21:54:31,887 - INFO - ----------------------------------------------------------------------------------------
2026-03-20 21:54:31,887 - INFO -  AWS (eu-west-2b)   p4d.24xlarge[Spot]   96      1152      A100:8   6.99       [32m   ✔[0m
2026-03-20 21:54:31,887 - INFO - ----------------------------------------------------------------------------------------
2026-03-20 21:54:31,888 - INFO - sky.exceptions.ResourcesUnavailableError: [33mFound no quota for p4d.24xlarge spot instances in region eu-west-2 in AWS. [0mTo request quotas, check the instruction: https://docs.skypilot.co/en/latest/cloud-setup/quota.html.
2026-03-20 21:54:32,289 - INFO - 
2026-03-20 21:54:32,289 - INFO - [0m[33m↺[0m Trying other potential resources.
2026-03-20 21:54:32,289 - INFO - Considered resources (1 node):
2026-03-20 21:54:32,993 - INFO - -----------------------------------------------------------------------------------------
2026-03-20 21:54:32,993 - INFO -  INFRA               INSTANCE             vCPUs   Mem(GB)   GPUS     COST ($)   CHOSEN
2026-03-20 21:54:32,993 - INFO - -----------------------------------------------------------------------------------------
2026-03-20 21:54:32,993 - INFO -  AWS (eu-north-1c)   p4d.24xlarge[Spot]   96      1152      A100:8   7.49       [32m   ✔[0m
2026-03-20 21:54:32,993 - INFO - -----------------------------------------------------------------------------------------
2026-03-20 21:54:32,993 - INFO - sky.exceptions.ResourcesUnavailableError: [33mFound no quota for p4d.24xlarge spot instances in region eu-north-1 in AWS. [0mTo request quotas, check the instruction: https://docs.skypilot.co/en/latest/cloud-setup/quota.html.
2026-03-20 21:54:33,495 - INFO - 
2026-03-20 21:54:33,495 - INFO - [0m[33m↺[0m Trying other potential resources.
2026-03-20 21:54:33,495 - INFO - Considered resources (1 node):
2026-03-20 21:54:34,299 - INFO - ----------------------------------------------------------------------------------------
2026-03-20 21:54:34,299 - INFO -  INFRA              INSTANCE             vCPUs   Mem(GB)   GPUS     COST ($)   CHOSEN
2026-03-20 21:54:34,299 - INFO - ----------------------------------------------------------------------------------------
2026-03-20 21:54:34,299 - INFO -  AWS (us-east-1b)   p4d.24xlarge[Spot]   96      1152      A100:8   7.89       [32m   ✔[0m
2026-03-20 21:54:34,299 - INFO - ----------------------------------------------------------------------------------------
2026-03-20 21:54:34,299 - INFO - [33mInstance type p4d.24xlarge supports up to 4 EFA interfaces, but `use_internal_ips` is not enabled.
2026-03-20 21:54:56,431 - INFO - Launching with the current configuration will use only 1 EFA interface.
2026-03-20 21:54:56,431 - INFO - To use all 4 EFA interfaces, enable internal IPs by adding one of the following configurations to SkyPilot config:
2026-03-20 21:54:56,431 - INFO - Option 1 (with SSM):
2026-03-20 21:54:56,431 - INFO -   aws:
2026-03-20 21:54:56,431 - INFO -     use_internal_ips: true
2026-03-20 21:54:56,431 - INFO -     use_ssm: true
2026-03-20 21:54:56,431 - INFO - Option 2 (with SSH proxy):
2026-03-20 21:54:56,431 - INFO -   aws:
2026-03-20 21:54:56,431 - INFO -     use_internal_ips: true
2026-03-20 21:54:56,431 - INFO -     ssh_proxy_command: ssh -W %h:%p -i <ssh key path> -o StrictHostKeyChecking=no <user>@<jump server public ip>
2026-03-20 21:54:56,431 - INFO - Refer to https://docs.skypilot.co/en/latest/reference/config.html#aws-use-internal-ips for more details.[0m
2026-03-20 21:54:56,432 - INFO - [0m⚙︎ Launching on AWS us-east-1[0m (us-east-1b).
2026-03-20 21:54:56,432 - INFO - [2mW 03-20 21:54:56.381 PID=1652500 instance.py:288] create_instances: Attempt failed with An error occurred (InsufficientInstanceCapacity) when calling the RunInstances operation (reached max retries: 0): There is no Spot capacity available that matches your request.[0m
2026-03-20 21:55:00,048 - INFO - AWS handler error: Failed to launch instances. Max attempts exceeded.
2026-03-20 21:55:00,149 - INFO - sky.exceptions.ResourcesUnavailableError: Failed to acquire resources in us-east-1b for {AWS(p4d.24xlarge[Spot], mem=64.0+, {'A100': 8}, network_tier=best, disk_size=500)}.
2026-03-20 21:55:00,149 - INFO - 
2026-03-20 21:55:00,652 - INFO - [0m[33m↺[0m Trying other potential resources.
2026-03-20 21:55:00,652 - INFO - Considered resources (1 node):
2026-03-20 21:55:01,557 - INFO - -------------------------------------------------------------------------------------------
2026-03-20 21:55:01,557 - INFO -  INFRA                 INSTANCE             vCPUs   Mem(GB)   GPUS     COST ($)   CHOSEN
2026-03-20 21:55:01,557 - INFO - -------------------------------------------------------------------------------------------
2026-03-20 21:55:01,557 - INFO -  AWS (ca-central-1a)   p4d.24xlarge[Spot]   96      1152      A100:8   9.64       [32m   ✔[0m
2026-03-20 21:55:01,557 - INFO - -------------------------------------------------------------------------------------------
2026-03-20 21:55:01,557 - INFO - sky.exceptions.ResourcesUnavailableError: [33mFound no quota for p4d.24xlarge spot instances in region ca-central-1 in AWS. [0mTo request quotas, check the instruction: https://docs.skypilot.co/en/latest/cloud-setup/quota.html.
2026-03-20 21:55:01,658 - INFO - 
2026-03-20 21:55:02,161 - INFO - [0m[33m↺[0m Trying other potential resources.
2026-03-20 21:55:02,161 - INFO - Considered resources (1 node):
2026-03-20 21:55:02,868 - INFO - ----------------------------------------------------------------------------------------
2026-03-20 21:55:02,868 - INFO -  INFRA              INSTANCE             vCPUs   Mem(GB)   GPUS     COST ($)   CHOSEN
2026-03-20 21:55:02,868 - INFO - ----------------------------------------------------------------------------------------
2026-03-20 21:55:02,868 - INFO -  AWS (eu-west-1a)   p4d.24xlarge[Spot]   96      1152      A100:8   9.90       [32m   ✔[0m
2026-03-20 21:55:02,868 - INFO - ----------------------------------------------------------------------------------------
2026-03-20 21:55:02,868 - INFO - sky.exceptions.ResourcesUnavailableError: [33mFound no quota for p4d.24xlarge spot instances in region eu-west-1 in AWS. [0mTo request quotas, check the instruction: https://docs.skypilot.co/en/latest/cloud-setup/quota.html.
2026-03-20 21:55:03,471 - INFO - 
2026-03-20 21:55:03,471 - INFO - [0m[33m↺[0m Trying other potential resources.
2026-03-20 21:55:03,471 - INFO - Considered resources (1 node):
2026-03-20 21:55:04,377 - INFO - -------------------------------------------------------------------------------------------
2026-03-20 21:55:04,377 - INFO -  INFRA                 INSTANCE             vCPUs   Mem(GB)   GPUS     COST ($)   CHOSEN
2026-03-20 21:55:04,377 - INFO - -------------------------------------------------------------------------------------------
2026-03-20 21:55:04,377 - INFO -  AWS (eu-central-1c)   p4d.24xlarge[Spot]   96      1152      A100:8   9.92       [32m   ✔[0m
2026-03-20 21:55:04,377 - INFO - -------------------------------------------------------------------------------------------
2026-03-20 21:55:04,377 - INFO - sky.exceptions.ResourcesUnavailableError: [33mFound no quota for p4d.24xlarge spot instances in region eu-central-1 in AWS. [0mTo request quotas, check the instruction: https://docs.skypilot.co/en/latest/cloud-setup/quota.html.
2026-03-20 21:55:04,981 - INFO - 
2026-03-20 21:55:04,981 - INFO - [0m[33m↺[0m Trying other potential resources.
2026-03-20 21:55:04,981 - INFO - Considered resources (1 node):
2026-03-20 21:55:05,082 - INFO - ---------------------------------------------------------------------------------------------
2026-03-20 21:55:05,686 - INFO -  INFRA                   INSTANCE             vCPUs   Mem(GB)   GPUS     COST ($)   CHOSEN
2026-03-20 21:55:05,686 - INFO - ---------------------------------------------------------------------------------------------
2026-03-20 21:55:05,686 - INFO -  AWS (ap-northeast-2d)   p4d.24xlarge[Spot]   96      1152      A100:8   10.43      [32m   ✔[0m
2026-03-20 21:55:05,686 - INFO - ---------------------------------------------------------------------------------------------
2026-03-20 21:55:05,686 - INFO - sky.exceptions.ResourcesUnavailableError: [33mFound no quota for p4d.24xlarge spot instances in region ap-northeast-2 in AWS. [0mTo request quotas, check the instruction: https://docs.skypilot.co/en/latest/cloud-setup/quota.html.
2026-03-20 21:55:06,489 - INFO - 
2026-03-20 21:55:06,489 - INFO - [0m[33m↺[0m Trying other potential resources.
2026-03-20 21:55:06,489 - INFO - Considered resources (1 node):
2026-03-20 21:55:07,497 - INFO - ----------------------------------------------------------------------------------------
2026-03-20 21:55:07,497 - INFO -  INFRA              INSTANCE             vCPUs   Mem(GB)   GPUS     COST ($)   CHOSEN
2026-03-20 21:55:07,497 - INFO - ----------------------------------------------------------------------------------------
2026-03-20 21:55:07,497 - INFO -  AWS (us-west-2b)   p4d.24xlarge[Spot]   96      1152      A100:8   10.50      [32m   ✔[0m
2026-03-20 21:55:07,497 - INFO - ----------------------------------------------------------------------------------------
2026-03-20 21:55:07,497 - INFO - [33mInstance type p4d.24xlarge supports up to 4 EFA interfaces, but `use_internal_ips` is not enabled.
2026-03-20 21:55:31,332 - INFO - Launching with the current configuration will use only 1 EFA interface.
2026-03-20 21:55:31,332 - INFO - To use all 4 EFA interfaces, enable internal IPs by adding one of the following configurations to SkyPilot config:
2026-03-20 21:55:31,332 - INFO - Option 1 (with SSM):
2026-03-20 21:55:31,332 - INFO -   aws:
2026-03-20 21:55:31,332 - INFO -     use_internal_ips: true
2026-03-20 21:55:31,332 - INFO -     use_ssm: true
2026-03-20 21:55:31,332 - INFO - Option 2 (with SSH proxy):
2026-03-20 21:55:31,332 - INFO -   aws:
2026-03-20 21:55:31,332 - INFO -     use_internal_ips: true
2026-03-20 21:55:31,332 - INFO -     ssh_proxy_command: ssh -W %h:%p -i <ssh key path> -o StrictHostKeyChecking=no <user>@<jump server public ip>
2026-03-20 21:55:31,332 - INFO - Refer to https://docs.skypilot.co/en/latest/reference/config.html#aws-use-internal-ips for more details.[0m
2026-03-20 21:55:31,332 - INFO - [0m⚙︎ Launching on AWS us-west-2[0m (us-west-2b).
2026-03-20 21:55:31,332 - INFO - [2mW 03-20 21:55:31.246 PID=1652500 instance.py:288] create_instances: Attempt failed with An error occurred (InsufficientInstanceCapacity) when calling the RunInstances operation (reached max retries: 0): There is no Spot capacity available that matches your request.[0m
2026-03-20 21:55:35,254 - INFO - AWS handler error: Failed to launch instances. Max attempts exceeded.
2026-03-20 21:55:36,058 - INFO - sky.exceptions.ResourcesUnavailableError: Failed to acquire resources in us-west-2b for {AWS(p4d.24xlarge[Spot], mem=64.0+, {'A100': 8}, network_tier=best, disk_size=500)}.
2026-03-20 21:55:36,058 - INFO - 
2026-03-20 21:55:36,058 - INFO - [0m[33m↺[0m Trying other potential resources.
2026-03-20 21:55:36,058 - INFO - Considered resources (1 node):
2026-03-20 21:55:36,764 - INFO - ---------------------------------------------------------------------------------------------
2026-03-20 21:55:36,764 - INFO -  INFRA                   INSTANCE             vCPUs   Mem(GB)   GPUS     COST ($)   CHOSEN
2026-03-20 21:55:36,764 - INFO - ---------------------------------------------------------------------------------------------
2026-03-20 21:55:36,764 - INFO -  AWS (ap-northeast-2b)   p4d.24xlarge[Spot]   96      1152      A100:8   11.24      [32m   ✔[0m
2026-03-20 21:55:36,764 - INFO - ---------------------------------------------------------------------------------------------
2026-03-20 21:55:36,764 - INFO - sky.exceptions.ResourcesUnavailableError: [33mFound no quota for p4d.24xlarge spot instances in region ap-northeast-2 in AWS. [0mTo request quotas, check the instruction: https://docs.skypilot.co/en/latest/cloud-setup/quota.html.
2026-03-20 21:55:37,570 - INFO - 
2026-03-20 21:55:37,570 - INFO - [0m[33m↺[0m Trying other potential resources.
2026-03-20 21:55:37,570 - INFO - Considered resources (1 node):
2026-03-20 21:55:38,574 - INFO - ----------------------------------------------------------------------------------------
2026-03-20 21:55:38,575 - INFO -  INFRA              INSTANCE             vCPUs   Mem(GB)   GPUS     COST ($)   CHOSEN
2026-03-20 21:55:38,575 - INFO - ----------------------------------------------------------------------------------------
2026-03-20 21:55:38,575 - INFO -  AWS (us-west-2d)   p4d.24xlarge[Spot]   96      1152      A100:8   11.61      [32m   ✔[0m
2026-03-20 21:55:38,575 - INFO - ----------------------------------------------------------------------------------------
2026-03-20 21:55:38,575 - INFO - [33mInstance type p4d.24xlarge supports up to 4 EFA interfaces, but `use_internal_ips` is not enabled.
2026-03-20 21:55:38,775 - INFO - Launching with the current configuration will use only 1 EFA interface.
2026-03-20 21:55:38,775 - INFO - To use all 4 EFA interfaces, enable internal IPs by adding one of the following configurations to SkyPilot config:
2026-03-20 21:55:38,775 - INFO - Option 1 (with SSM):
2026-03-20 21:55:38,775 - INFO -   aws:
2026-03-20 21:55:38,775 - INFO -     use_internal_ips: true
2026-03-20 21:55:38,775 - INFO -     use_ssm: true
2026-03-20 21:55:38,775 - INFO - Option 2 (with SSH proxy):
2026-03-20 21:55:38,775 - INFO -   aws:
2026-03-20 21:55:38,775 - INFO -     use_internal_ips: true
2026-03-20 21:55:38,775 - INFO -     ssh_proxy_command: ssh -W %h:%p -i <ssh key path> -o StrictHostKeyChecking=no <user>@<jump server public ip>
2026-03-20 21:55:38,775 - INFO - Refer to https://docs.skypilot.co/en/latest/reference/config.html#aws-use-internal-ips for more details.[0m
2026-03-20 21:55:38,775 - INFO - [0m⚙︎ Launching on AWS us-west-2[0m (us-west-2d).
2026-03-20 21:55:59,789 - INFO - [2mW 03-20 21:55:59.751 PID=1652500 instance.py:288] create_instances: Attempt failed with An error occurred (InsufficientInstanceCapacity) when calling the RunInstances operation (reached max retries: 0): We currently do not have sufficient p4d.24xlarge capacity in the Availability Zone you requested (us-west-2d). Our system will be working on provisioning additional capacity. You can currently get p4d.24xlarge capacity by not specifying an Availability Zone in your request or choosing us-west-2a, us-west-2b, us-west-2c.[0m
2026-03-20 21:56:04,011 - INFO - AWS handler error: Failed to launch instances. Max attempts exceeded.
2026-03-20 21:56:04,112 - INFO - sky.exceptions.ResourcesUnavailableError: Failed to acquire resources in us-west-2d for {AWS(p4d.24xlarge[Spot], mem=64.0+, {'A100': 8}, network_tier=best, disk_size=500)}.
2026-03-20 21:56:04,112 - INFO - 
2026-03-20 21:56:04,915 - INFO - [0m[33m↺[0m Trying other potential resources.
2026-03-20 21:56:04,915 - INFO - Considered resources (1 node):
2026-03-20 21:56:05,921 - INFO - ----------------------------------------------------------------------------------------
2026-03-20 21:56:05,921 - INFO -  INFRA              INSTANCE             vCPUs   Mem(GB)   GPUS     COST ($)   CHOSEN
2026-03-20 21:56:05,921 - INFO - ----------------------------------------------------------------------------------------
2026-03-20 21:56:05,921 - INFO -  AWS (us-east-2a)   p4d.24xlarge[Spot]   96      1152      A100:8   11.82      [32m   ✔[0m
2026-03-20 21:56:05,921 - INFO - ----------------------------------------------------------------------------------------
2026-03-20 21:56:05,921 - INFO - [33mInstance type p4d.24xlarge supports up to 4 EFA interfaces, but `use_internal_ips` is not enabled.
2026-03-20 21:56:06,022 - INFO - Launching with the current configuration will use only 1 EFA interface.
2026-03-20 21:56:06,022 - INFO - To use all 4 EFA interfaces, enable internal IPs by adding one of the following configurations to SkyPilot config:
2026-03-20 21:56:06,022 - INFO - Option 1 (with SSM):
2026-03-20 21:56:06,022 - INFO -   aws:
2026-03-20 21:56:06,022 - INFO -     use_internal_ips: true
2026-03-20 21:56:06,022 - INFO -     use_ssm: true
2026-03-20 21:56:06,022 - INFO - Option 2 (with SSH proxy):
2026-03-20 21:56:06,022 - INFO -   aws:
2026-03-20 21:56:06,022 - INFO -     use_internal_ips: true
2026-03-20 21:56:06,022 - INFO -     ssh_proxy_command: ssh -W %h:%p -i <ssh key path> -o StrictHostKeyChecking=no <user>@<jump server public ip>
2026-03-20 21:56:06,022 - INFO - Refer to https://docs.skypilot.co/en/latest/reference/config.html#aws-use-internal-ips for more details.[0m
2026-03-20 21:56:06,022 - INFO - [0m⚙︎ Launching on AWS us-east-2[0m (us-east-2a).
2026-03-20 21:56:20,781 - INFO - [2mW 03-20 21:56:20.740 PID=1652500 instance.py:288] create_instances: Attempt failed with An error occurred (MaxSpotInstanceCountExceeded) when calling the RunInstances operation: Max spot instance count exceeded[0m
2026-03-20 21:56:24,095 - INFO - AWS handler error: Failed to launch instances. Max attempts exceeded.
2026-03-20 21:56:25,000 - INFO - sky.exceptions.ResourcesUnavailableError: Failed to acquire resources in us-east-2a for {AWS(p4d.24xlarge[Spot], mem=64.0+, {'A100': 8}, network_tier=best, disk_size=500)}.
2026-03-20 21:56:25,000 - INFO - 
2026-03-20 21:56:25,000 - INFO - [0m[33m↺[0m Trying other potential resources.
2026-03-20 21:56:25,000 - INFO - Considered resources (1 node):
2026-03-20 21:56:25,704 - INFO - ---------------------------------------------------------------------------------------------
2026-03-20 21:56:25,704 - INFO -  INFRA                   INSTANCE             vCPUs   Mem(GB)   GPUS     COST ($)   CHOSEN
2026-03-20 21:56:25,704 - INFO - ---------------------------------------------------------------------------------------------
2026-03-20 21:56:25,704 - INFO -  AWS (ap-northeast-1a)   p4d.24xlarge[Spot]   96      1152      A100:8   12.31      [32m   ✔[0m
2026-03-20 21:56:25,704 - INFO - ---------------------------------------------------------------------------------------------
2026-03-20 21:56:25,704 - INFO - sky.exceptions.ResourcesUnavailableError: [33mFound no quota for p4d.24xlarge spot instances in region ap-northeast-1 in AWS. [0mTo request quotas, check the instruction: https://docs.skypilot.co/en/latest/cloud-setup/quota.html.
2026-03-20 21:56:26,707 - INFO - 
2026-03-20 21:56:26,708 - INFO - [0m[33m↺[0m Trying other potential resources.
2026-03-20 21:56:26,708 - INFO - Considered resources (1 node):
2026-03-20 21:56:27,511 - INFO - ----------------------------------------------------------------------------------------
2026-03-20 21:56:27,511 - INFO -  INFRA              INSTANCE             vCPUs   Mem(GB)   GPUS     COST ($)   CHOSEN
2026-03-20 21:56:27,511 - INFO - ----------------------------------------------------------------------------------------
2026-03-20 21:56:27,511 - INFO -  AWS (us-east-1a)   p4d.24xlarge[Spot]   96      1152      A100:8   12.35      [32m   ✔[0m
2026-03-20 21:56:27,511 - INFO - ----------------------------------------------------------------------------------------
2026-03-20 21:56:27,511 - INFO - [33mInstance type p4d.24xlarge supports up to 4 EFA interfaces, but `use_internal_ips` is not enabled.
2026-03-20 21:56:27,612 - INFO - Launching with the current configuration will use only 1 EFA interface.
2026-03-20 21:56:27,612 - INFO - To use all 4 EFA interfaces, enable internal IPs by adding one of the following configurations to SkyPilot config:
2026-03-20 21:56:27,612 - INFO - Option 1 (with SSM):
2026-03-20 21:56:27,612 - INFO -   aws:
2026-03-20 21:56:27,612 - INFO -     use_internal_ips: true
2026-03-20 21:56:27,612 - INFO -     use_ssm: true
2026-03-20 21:56:27,612 - INFO - Option 2 (with SSH proxy):
2026-03-20 21:56:27,612 - INFO -   aws:
2026-03-20 21:56:27,612 - INFO -     use_internal_ips: true
2026-03-20 21:56:27,612 - INFO -     ssh_proxy_command: ssh -W %h:%p -i <ssh key path> -o StrictHostKeyChecking=no <user>@<jump server public ip>
2026-03-20 21:56:27,612 - INFO - Refer to https://docs.skypilot.co/en/latest/reference/config.html#aws-use-internal-ips for more details.[0m
2026-03-20 21:56:27,612 - INFO - [0m⚙︎ Launching on AWS us-east-1[0m (us-east-1a).
2026-03-20 21:56:48,113 - INFO - [2mW 03-20 21:56:48.042 PID=1652500 instance.py:288] create_instances: Attempt failed with An error occurred (InsufficientInstanceCapacity) when calling the RunInstances operation (reached max retries: 0): We currently do not have sufficient p4d.24xlarge capacity in the Availability Zone you requested (us-east-1a). Our system will be working on provisioning additional capacity. You can currently get p4d.24xlarge capacity by not specifying an Availability Zone in your request or choosing us-east-1b, us-east-1c, us-east-1d.[0m
2026-03-20 21:56:52,036 - INFO - AWS handler error: Failed to launch instances. Max attempts exceeded.
2026-03-20 21:56:52,136 - INFO - sky.exceptions.ResourcesUnavailableError: Failed to acquire resources in us-east-1a for {AWS(p4d.24xlarge[Spot], mem=64.0+, {'A100': 8}, network_tier=best, disk_size=500)}.
2026-03-20 21:56:53,039 - INFO - 
2026-03-20 21:56:53,039 - INFO - [0m[33m↺[0m Trying other potential resources.
2026-03-20 21:56:53,039 - INFO - Considered resources (1 node):
2026-03-20 21:56:54,045 - INFO - ----------------------------------------------------------------------------------------
2026-03-20 21:56:54,045 - INFO -  INFRA              INSTANCE             vCPUs   Mem(GB)   GPUS     COST ($)   CHOSEN
2026-03-20 21:56:54,045 - INFO - ----------------------------------------------------------------------------------------
2026-03-20 21:56:54,045 - INFO -  AWS (us-west-2c)   p4d.24xlarge[Spot]   96      1152      A100:8   14.23      [32m   ✔[0m
2026-03-20 21:56:54,045 - INFO - ----------------------------------------------------------------------------------------
2026-03-20 21:56:54,045 - INFO - [33mInstance type p4d.24xlarge supports up to 4 EFA interfaces, but `use_internal_ips` is not enabled.
2026-03-20 21:56:54,147 - INFO - Launching with the current configuration will use only 1 EFA interface.
2026-03-20 21:56:54,147 - INFO - To use all 4 EFA interfaces, enable internal IPs by adding one of the following configurations to SkyPilot config:
2026-03-20 21:56:54,147 - INFO - Option 1 (with SSM):
2026-03-20 21:56:54,147 - INFO -   aws:
2026-03-20 21:56:54,147 - INFO -     use_internal_ips: true
2026-03-20 21:56:54,147 - INFO -     use_ssm: true
2026-03-20 21:56:54,147 - INFO - Option 2 (with SSH proxy):
2026-03-20 21:56:54,147 - INFO -   aws:
2026-03-20 21:56:54,147 - INFO -     use_internal_ips: true
2026-03-20 21:56:54,147 - INFO -     ssh_proxy_command: ssh -W %h:%p -i <ssh key path> -o StrictHostKeyChecking=no <user>@<jump server public ip>
2026-03-20 21:56:54,147 - INFO - Refer to https://docs.skypilot.co/en/latest/reference/config.html#aws-use-internal-ips for more details.[0m
2026-03-20 21:56:54,147 - INFO - [0m⚙︎ Launching on AWS us-west-2[0m (us-west-2c).
2026-03-20 21:57:15,050 - INFO - [2mW 03-20 21:57:14.981 PID=1652500 instance.py:288] create_instances: Attempt failed with An error occurred (InsufficientInstanceCapacity) when calling the RunInstances operation (reached max retries: 0): There is no Spot capacity available that matches your request.[0m
2026-03-20 21:57:18,371 - INFO - AWS handler error: Failed to launch instances. Max attempts exceeded.
2026-03-20 21:57:18,472 - INFO - sky.exceptions.ResourcesUnavailableError: Failed to acquire resources in us-west-2c for {AWS(p4d.24xlarge[Spot], mem=64.0+, {'A100': 8}, network_tier=best, disk_size=500)}.
2026-03-20 21:57:19,478 - INFO - 
2026-03-20 21:57:19,478 - INFO - [0m[33m↺[0m Trying other potential resources.
2026-03-20 21:57:19,478 - INFO - Considered resources (1 node):
2026-03-20 21:57:20,483 - INFO - ----------------------------------------------------------------------------------------
2026-03-20 21:57:20,483 - INFO -  INFRA              INSTANCE             vCPUs   Mem(GB)   GPUS     COST ($)   CHOSEN
2026-03-20 21:57:20,483 - INFO - ----------------------------------------------------------------------------------------
2026-03-20 21:57:20,483 - INFO -  AWS (us-west-2a)   p4d.24xlarge[Spot]   96      1152      A100:8   15.35      [32m   ✔[0m
2026-03-20 21:57:20,483 - INFO - ----------------------------------------------------------------------------------------
2026-03-20 21:57:20,483 - INFO - [33mInstance type p4d.24xlarge supports up to 4 EFA interfaces, but `use_internal_ips` is not enabled.
2026-03-20 21:57:20,584 - INFO - Launching with the current configuration will use only 1 EFA interface.
2026-03-20 21:57:20,584 - INFO - To use all 4 EFA interfaces, enable internal IPs by adding one of the following configurations to SkyPilot config:
2026-03-20 21:57:20,584 - INFO - Option 1 (with SSM):
2026-03-20 21:57:20,584 - INFO -   aws:
2026-03-20 21:57:20,584 - INFO -     use_internal_ips: true
2026-03-20 21:57:20,584 - INFO -     use_ssm: true
2026-03-20 21:57:20,584 - INFO - Option 2 (with SSH proxy):
2026-03-20 21:57:20,584 - INFO -   aws:
2026-03-20 21:57:20,584 - INFO -     use_internal_ips: true
2026-03-20 21:57:20,584 - INFO -     ssh_proxy_command: ssh -W %h:%p -i <ssh key path> -o StrictHostKeyChecking=no <user>@<jump server public ip>
2026-03-20 21:57:20,584 - INFO - Refer to https://docs.skypilot.co/en/latest/reference/config.html#aws-use-internal-ips for more details.[0m
2026-03-20 21:57:20,584 - INFO - [0m⚙︎ Launching on AWS us-west-2[0m (us-west-2a).
2026-03-20 21:57:40,490 - INFO - [2mW 03-20 21:57:40.470 PID=1652500 instance.py:288] create_instances: Attempt failed with An error occurred (InsufficientInstanceCapacity) when calling the RunInstances operation (reached max retries: 0): There is no Spot capacity available that matches your request.[0m
2026-03-20 21:57:44,010 - INFO - AWS handler error: Failed to launch instances. Max attempts exceeded.
2026-03-20 21:57:44,111 - INFO - sky.exceptions.ResourcesUnavailableError: Failed to acquire resources in us-west-2a for {AWS(p4d.24xlarge[Spot], mem=64.0+, {'A100': 8}, network_tier=best, disk_size=500)}.
2026-03-20 21:57:44,111 - INFO - 
2026-03-20 21:57:45,117 - INFO - [0m[33m↺[0m Trying other potential resources.
2026-03-20 21:57:45,117 - INFO - Considered resources (1 node):
2026-03-20 21:57:45,922 - INFO - ----------------------------------------------------------------------------------------
2026-03-20 21:57:45,922 - INFO -  INFRA              INSTANCE             vCPUs   Mem(GB)   GPUS     COST ($)   CHOSEN
2026-03-20 21:57:45,922 - INFO - ----------------------------------------------------------------------------------------
2026-03-20 21:57:45,922 - INFO -  AWS (us-east-2b)   p4d.24xlarge[Spot]   96      1152      A100:8   16.38      [32m   ✔[0m
2026-03-20 21:57:45,922 - INFO - ----------------------------------------------------------------------------------------
2026-03-20 21:57:45,922 - INFO - [33mInstance type p4d.24xlarge supports up to 4 EFA interfaces, but `use_internal_ips` is not enabled.
2026-03-20 21:57:46,023 - INFO - Launching with the current configuration will use only 1 EFA interface.
2026-03-20 21:57:46,024 - INFO - To use all 4 EFA interfaces, enable internal IPs by adding one of the following configurations to SkyPilot config:
2026-03-20 21:57:46,024 - INFO - Option 1 (with SSM):
2026-03-20 21:57:46,024 - INFO -   aws:
2026-03-20 21:57:46,024 - INFO -     use_internal_ips: true
2026-03-20 21:57:46,024 - INFO -     use_ssm: true
2026-03-20 21:57:46,024 - INFO - Option 2 (with SSH proxy):
2026-03-20 21:57:46,024 - INFO -   aws:
2026-03-20 21:57:46,024 - INFO -     use_internal_ips: true
2026-03-20 21:57:46,024 - INFO -     ssh_proxy_command: ssh -W %h:%p -i <ssh key path> -o StrictHostKeyChecking=no <user>@<jump server public ip>
2026-03-20 21:57:46,024 - INFO - Refer to https://docs.skypilot.co/en/latest/reference/config.html#aws-use-internal-ips for more details.[0m
2026-03-20 21:57:46,024 - INFO - [0m⚙︎ Launching on AWS us-east-2[0m (us-east-2b).
2026-03-20 21:58:01,318 - INFO - [2mW 03-20 21:58:01.314 PID=1652500 instance.py:288] create_instances: Attempt failed with An error occurred (InsufficientInstanceCapacity) when calling the RunInstances operation (reached max retries: 0): We currently do not have sufficient p4d.24xlarge capacity in the Availability Zone you requested (us-east-2b). Our system will be working on provisioning additional capacity. You can currently get p4d.24xlarge capacity by not specifying an Availability Zone in your request or choosing us-east-2a, us-east-2c.[0m
2026-03-20 21:58:04,632 - INFO - AWS handler error: Failed to launch instances. Max attempts exceeded.
2026-03-20 21:58:05,738 - INFO - sky.exceptions.ResourcesUnavailableError: Failed to acquire resources in us-east-2b for {AWS(p4d.24xlarge[Spot], mem=64.0+, {'A100': 8}, network_tier=best, disk_size=500)}.
2026-03-20 21:58:05,738 - INFO - 
2026-03-20 21:58:05,738 - INFO - [0m[33m↺[0m Trying other potential resources.
2026-03-20 21:58:05,738 - INFO - Considered resources (1 node):
2026-03-20 21:58:06,641 - INFO - ----------------------------------------------------------------------------------------
2026-03-20 21:58:06,641 - INFO -  INFRA              INSTANCE             vCPUs   Mem(GB)   GPUS     COST ($)   CHOSEN
2026-03-20 21:58:06,642 - INFO - ----------------------------------------------------------------------------------------
2026-03-20 21:58:06,642 - INFO -  AWS (us-east-1d)   p4d.24xlarge[Spot]   96      1152      A100:8   18.70      [32m   ✔[0m
2026-03-20 21:58:06,642 - INFO - ----------------------------------------------------------------------------------------
2026-03-20 21:58:06,642 - INFO - [33mInstance type p4d.24xlarge supports up to 4 EFA interfaces, but `use_internal_ips` is not enabled.
2026-03-20 21:58:32,761 - INFO - Launching with the current configuration will use only 1 EFA interface.
2026-03-20 21:58:32,761 - INFO - To use all 4 EFA interfaces, enable internal IPs by adding one of the following configurations to SkyPilot config:
2026-03-20 21:58:32,761 - INFO - Option 1 (with SSM):
2026-03-20 21:58:32,761 - INFO -   aws:
2026-03-20 21:58:32,761 - INFO -     use_internal_ips: true
2026-03-20 21:58:32,761 - INFO -     use_ssm: true
2026-03-20 21:58:32,761 - INFO - Option 2 (with SSH proxy):
2026-03-20 21:58:32,761 - INFO -   aws:
2026-03-20 21:58:32,761 - INFO -     use_internal_ips: true
2026-03-20 21:58:32,761 - INFO -     ssh_proxy_command: ssh -W %h:%p -i <ssh key path> -o StrictHostKeyChecking=no <user>@<jump server public ip>
2026-03-20 21:58:32,761 - INFO - Refer to https://docs.skypilot.co/en/latest/reference/config.html#aws-use-internal-ips for more details.[0m
2026-03-20 21:58:32,761 - INFO - [0m⚙︎ Launching on AWS us-east-1[0m (us-east-1d).
2026-03-20 21:58:32,761 - INFO - [33mInstance type p4d.24xlarge supports up to 4 EFA interfaces, but `use_internal_ips` is not enabled.
2026-03-20 21:59:46,893 - INFO - Launching with the current configuration will use only 1 EFA interface.
2026-03-20 21:59:46,893 - INFO - To use all 4 EFA interfaces, enable internal IPs by adding one of the following configurations to SkyPilot config:
2026-03-20 21:59:46,893 - INFO - Option 1 (with SSM):
2026-03-20 21:59:46,894 - INFO -   aws:
2026-03-20 21:59:46,894 - INFO -     use_internal_ips: true
2026-03-20 21:59:46,894 - INFO -     use_ssm: true
2026-03-20 21:59:46,894 - INFO - Option 2 (with SSH proxy):
2026-03-20 21:59:46,894 - INFO -   aws:
2026-03-20 21:59:46,894 - INFO -     use_internal_ips: true
2026-03-20 21:59:46,894 - INFO -     ssh_proxy_command: ssh -W %h:%p -i <ssh key path> -o StrictHostKeyChecking=no <user>@<jump server public ip>
2026-03-20 21:59:46,894 - INFO - Refer to https://docs.skypilot.co/en/latest/reference/config.html#aws-use-internal-ips for more details.[0m
2026-03-20 21:59:46,894 - INFO - [2m└── [0m[2mInstance is up.[0m
2026-03-20 22:00:34,970 - INFO - [0m[32m✓ Cluster launched: rf-qwen3-32b-tp8pp1-A100-40gb.[0m[0m  [2mView logs: [1msky logs --provision rf-qwen3-32b-tp8pp1-A100-40gb[0m[0m
2026-03-20 22:00:35,072 - INFO - [0m⚙︎ Syncing files.
2026-03-20 22:00:35,173 - INFO -   [33mThe size of workdir '/home/orange/Desktop/tandemn/tandemn-profiling/roofline/vllm' is 355 MB. Try to keep workdir small or use .skyignore to exclude large files, as large sizes will slow down rsync.[0m
2026-03-20 22:00:51,672 - INFO -   [2mSyncing workdir (to 1 node): /home/orange/Desktop/tandemn/tandemn-profiling/roofline/vllm -> ~/sky_workdir[0m
2026-03-20 22:00:51,672 - INFO - [0m[32m✓ Synced workdir.[0m[0m  [2mView logs: sky api logs -l sky-2026-03-20-21-53-40-612374/workdir_sync.log[0m
2026-03-20 22:00:56,805 - INFO - [0m[32m✓ Setup detached.[0m[0m
2026-03-20 22:01:01,231 - INFO - [0m⚙︎ Job submitted, ID: 1
2026-03-20 22:01:14,608 - INFO - [2m├── [0m[2mWaiting for task resources on 1 node.[0m
2026-03-20 22:01:15,211 - INFO - [2m└── [0mJob started. Streaming logs... [2m(Ctrl-C to exit log streaming; job will not be killed)[0m
2026-03-20 22:01:15,211 - INFO - [36m(setup pid=8099)[0m + GPU_TYPE=A100_40gb
2026-03-20 22:01:15,211 - INFO - [36m(setup pid=8099)[0m + IS_A100=true
2026-03-20 22:01:15,211 - INFO - [36m(setup pid=8099)[0m + echo 'GPU Type: A100_40gb, Is A100: true'
2026-03-20 22:01:15,211 - INFO - [36m(setup pid=8099)[0m GPU Type: A100_40gb, Is A100: true
2026-03-20 22:01:15,211 - INFO - [36m(setup pid=8099)[0m + echo '=== Initial System Diagnostics ==='
2026-03-20 22:01:15,211 - INFO - [36m(setup pid=8099)[0m === Initial System Diagnostics ===
2026-03-20 22:01:15,212 - INFO - [36m(setup pid=8099)[0m + echo 'Checking for NVIDIA driver...'
2026-03-20 22:01:15,212 - INFO - [36m(setup pid=8099)[0m Checking for NVIDIA driver...
2026-03-20 22:01:15,212 - INFO - [36m(setup pid=8099)[0m + nvidia-smi
2026-03-20 22:01:15,212 - INFO - [36m(setup pid=8099)[0m Fri Mar 20 16:31:05 2026
2026-03-20 22:01:15,212 - INFO - [36m(setup pid=8099)[0m +-----------------------------------------------------------------------------------------+
2026-03-20 22:01:15,212 - INFO - [36m(setup pid=8099)[0m | NVIDIA-SMI 570.172.08             Driver Version: 570.172.08     CUDA Version: 12.8     |
2026-03-20 22:01:15,212 - INFO - [36m(setup pid=8099)[0m |-----------------------------------------+------------------------+----------------------+
2026-03-20 22:01:15,212 - INFO - [36m(setup pid=8099)[0m | GPU  Name                 Persistence-M | Bus-Id          Disp.A | Volatile Uncorr. ECC |
2026-03-20 22:01:15,212 - INFO - [36m(setup pid=8099)[0m | Fan  Temp   Perf          Pwr:Usage/Cap |           Memory-Usage | GPU-Util  Compute M. |
2026-03-20 22:01:15,212 - INFO - [36m(setup pid=8099)[0m |                                         |                        |               MIG M. |
2026-03-20 22:01:15,212 - INFO - [36m(setup pid=8099)[0m |=========================================+========================+======================|
2026-03-20 22:01:15,212 - INFO - [36m(setup pid=8099)[0m |   0  NVIDIA A100-SXM4-40GB          On  |   00000000:10:1C.0 Off |                    0 |
2026-03-20 22:01:15,212 - INFO - [36m(setup pid=8099)[0m | N/A   29C    P0             56W /  400W |       0MiB /  40960MiB |      0%      Default |
2026-03-20 22:01:15,212 - INFO - [36m(setup pid=8099)[0m |                                         |                        |             Disabled |
2026-03-20 22:01:15,212 - INFO - [36m(setup pid=8099)[0m +-----------------------------------------+------------------------+----------------------+
2026-03-20 22:01:15,212 - INFO - [36m(setup pid=8099)[0m |   1  NVIDIA A100-SXM4-40GB          On  |   00000000:10:1D.0 Off |                    0 |
2026-03-20 22:01:15,212 - INFO - [36m(setup pid=8099)[0m | N/A   28C    P0             57W /  400W |       0MiB /  40960MiB |      0%      Default |
2026-03-20 22:01:15,212 - INFO - [36m(setup pid=8099)[0m |                                         |                        |             Disabled |
2026-03-20 22:01:15,212 - INFO - [36m(setup pid=8099)[0m +-----------------------------------------+------------------------+----------------------+
2026-03-20 22:01:15,212 - INFO - [36m(setup pid=8099)[0m |   2  NVIDIA A100-SXM4-40GB          On  |   00000000:20:1C.0 Off |                    0 |
2026-03-20 22:01:15,212 - INFO - [36m(setup pid=8099)[0m | N/A   29C    P0             56W /  400W |       0MiB /  40960MiB |      0%      Default |
2026-03-20 22:01:15,212 - INFO - [36m(setup pid=8099)[0m |                                         |                        |             Disabled |
2026-03-20 22:01:15,212 - INFO - [36m(setup pid=8099)[0m +-----------------------------------------+------------------------+----------------------+
2026-03-20 22:01:15,212 - INFO - [36m(setup pid=8099)[0m |   3  NVIDIA A100-SXM4-40GB          On  |   00000000:20:1D.0 Off |                    0 |
2026-03-20 22:01:15,212 - INFO - [36m(setup pid=8099)[0m | N/A   28C    P0             57W /  400W |       0MiB /  40960MiB |      0%      Default |
2026-03-20 22:01:15,212 - INFO - [36m(setup pid=8099)[0m |                                         |                        |             Disabled |
2026-03-20 22:01:15,212 - INFO - [36m(setup pid=8099)[0m +-----------------------------------------+------------------------+----------------------+
2026-03-20 22:01:15,212 - INFO - [36m(setup pid=8099)[0m |   4  NVIDIA A100-SXM4-40GB          On  |   00000000:90:1C.0 Off |                    0 |
2026-03-20 22:01:15,212 - INFO - [36m(setup pid=8099)[0m | N/A   29C    P0             56W /  400W |       0MiB /  40960MiB |      0%      Default |
2026-03-20 22:01:15,212 - INFO - [36m(setup pid=8099)[0m |                                         |                        |             Disabled |
2026-03-20 22:01:15,212 - INFO - [36m(setup pid=8099)[0m +-----------------------------------------+------------------------+----------------------+
2026-03-20 22:01:15,212 - INFO - [36m(setup pid=8099)[0m |   5  NVIDIA A100-SXM4-40GB          On  |   00000000:90:1D.0 Off |                    0 |
2026-03-20 22:01:15,212 - INFO - [36m(setup pid=8099)[0m | N/A   28C    P0             56W /  400W |       0MiB /  40960MiB |      0%      Default |
2026-03-20 22:01:15,212 - INFO - [36m(setup pid=8099)[0m |                                         |                        |             Disabled |
2026-03-20 22:01:15,212 - INFO - [36m(setup pid=8099)[0m +-----------------------------------------+------------------------+----------------------+
2026-03-20 22:01:15,212 - INFO - [36m(setup pid=8099)[0m |   6  NVIDIA A100-SXM4-40GB          On  |   00000000:A0:1C.0 Off |                    0 |
2026-03-20 22:01:15,212 - INFO - [36m(setup pid=8099)[0m | N/A   28C    P0             49W /  400W |       0MiB /  40960MiB |      0%      Default |
2026-03-20 22:01:15,212 - INFO - [36m(setup pid=8099)[0m |                                         |                        |             Disabled |
2026-03-20 22:01:15,212 - INFO - [36m(setup pid=8099)[0m +-----------------------------------------+------------------------+----------------------+
2026-03-20 22:01:15,212 - INFO - [36m(setup pid=8099)[0m |   7  NVIDIA A100-SXM4-40GB          On  |   00000000:A0:1D.0 Off |                    0 |
2026-03-20 22:01:15,212 - INFO - [36m(setup pid=8099)[0m | N/A   28C    P0             54W /  400W |       0MiB /  40960MiB |      0%      Default |
2026-03-20 22:01:15,212 - INFO - [36m(setup pid=8099)[0m |                                         |                        |             Disabled |
2026-03-20 22:01:15,212 - INFO - [36m(setup pid=8099)[0m +-----------------------------------------+------------------------+----------------------+
2026-03-20 22:01:15,212 - INFO - [36m(setup pid=8099)[0m
2026-03-20 22:01:15,212 - INFO - [36m(setup pid=8099)[0m +-----------------------------------------------------------------------------------------+
2026-03-20 22:01:15,212 - INFO - [36m(setup pid=8099)[0m | Processes:                                                                              |
2026-03-20 22:01:15,212 - INFO - [36m(setup pid=8099)[0m |  GPU   GI   CI              PID   Type   Process name                        GPU Memory |
2026-03-20 22:01:15,212 - INFO - [36m(setup pid=8099)[0m |        ID   ID                                                               Usage      |
2026-03-20 22:01:15,212 - INFO - [36m(setup pid=8099)[0m |=========================================================================================|
2026-03-20 22:01:15,212 - INFO - [36m(setup pid=8099)[0m |  No running processes found                                                             |
2026-03-20 22:01:15,212 - INFO - [36m(setup pid=8099)[0m +-----------------------------------------------------------------------------------------+
2026-03-20 22:01:15,213 - INFO - [36m(setup pid=8099)[0m + echo 'Checking CUDA libraries...'
2026-03-20 22:01:15,213 - INFO - [36m(setup pid=8099)[0m Checking CUDA libraries...
2026-03-20 22:01:15,213 - INFO - [36m(setup pid=8099)[0m + ldconfig -p
2026-03-20 22:01:15,213 - INFO - [36m(setup pid=8099)[0m + grep --color=auto cuda
2026-03-20 22:01:15,213 - INFO - [36m(setup pid=8099)[0m 	libnvrtc.so.12 (libc6,x86-64) => /usr/local/cuda-12.4/targets/x86_64-linux/lib/libnvrtc.so.12
2026-03-20 22:01:15,213 - INFO - [36m(setup pid=8099)[0m 	libnvrtc.so.12 (libc6,x86-64) => /usr/local/cuda-12.5/targets/x86_64-linux/lib/libnvrtc.so.12
2026-03-20 22:01:15,213 - INFO - [36m(setup pid=8099)[0m 	libnvrtc.so.12 (libc6,x86-64) => /usr/local/cuda-12.6/targets/x86_64-linux/lib/libnvrtc.so.12
2026-03-20 22:01:15,213 - INFO - [36m(setup pid=8099)[0m 	libnvrtc.so.12 (libc6,x86-64) => /usr/local/cuda-12.8/targets/x86_64-linux/lib/libnvrtc.so.12
2026-03-20 22:01:15,213 - INFO - [36m(setup pid=8099)[0m 	libnvrtc.so (libc6,x86-64) => /usr/local/cuda-12.4/targets/x86_64-linux/lib/libnvrtc.so
2026-03-20 22:01:15,213 - INFO - [36m(setup pid=8099)[0m 	libnvrtc.so (libc6,x86-64) => /usr/local/cuda-12.5/targets/x86_64-linux/lib/libnvrtc.so
2026-03-20 22:01:15,213 - INFO - [36m(setup pid=8099)[0m 	libnvrtc.so (libc6,x86-64) => /usr/local/cuda-12.6/targets/x86_64-linux/lib/libnvrtc.so
2026-03-20 22:01:15,213 - INFO - [36m(setup pid=8099)[0m 	libnvrtc.so (libc6,x86-64) => /usr/local/cuda-12.8/targets/x86_64-linux/lib/libnvrtc.so
2026-03-20 22:01:15,213 - INFO - [36m(setup pid=8099)[0m 	libnvrtc.alt.so.12 (libc6,x86-64) => /usr/local/cuda-12.8/targets/x86_64-linux/lib/libnvrtc.alt.so.12
2026-03-20 22:01:15,213 - INFO - [36m(setup pid=8099)[0m 	libnvrtc.alt.so (libc6,x86-64) => /usr/local/cuda-12.8/targets/x86_64-linux/lib/libnvrtc.alt.so
2026-03-20 22:01:15,213 - INFO - [36m(setup pid=8099)[0m 	libnvrtc-builtins.so.12.8 (libc6,x86-64) => /usr/local/cuda-12.8/targets/x86_64-linux/lib/libnvrtc-builtins.so.12.8
2026-03-20 22:01:15,213 - INFO - [36m(setup pid=8099)[0m 	libnvrtc-builtins.so.12.6 (libc6,x86-64) => /usr/local/cuda-12.6/targets/x86_64-linux/lib/libnvrtc-builtins.so.12.6
2026-03-20 22:01:15,213 - INFO - [36m(setup pid=8099)[0m 	libnvrtc-builtins.so.12.5 (libc6,x86-64) => /usr/local/cuda-12.5/targets/x86_64-linux/lib/libnvrtc-builtins.so.12.5
2026-03-20 22:01:15,213 - INFO - [36m(setup pid=8099)[0m 	libnvrtc-builtins.so.12.4 (libc6,x86-64) => /usr/local/cuda-12.4/targets/x86_64-linux/lib/libnvrtc-builtins.so.12.4
2026-03-20 22:01:15,213 - INFO - [36m(setup pid=8099)[0m 	libnvrtc-builtins.so (libc6,x86-64) => /usr/local/cuda-12.4/targets/x86_64-linux/lib/libnvrtc-builtins.so
2026-03-20 22:01:15,213 - INFO - [36m(setup pid=8099)[0m 	libnvrtc-builtins.so (libc6,x86-64) => /usr/local/cuda-12.5/targets/x86_64-linux/lib/libnvrtc-builtins.so
2026-03-20 22:01:15,213 - INFO - [36m(setup pid=8099)[0m 	libnvrtc-builtins.so (libc6,x86-64) => /usr/local/cuda-12.6/targets/x86_64-linux/lib/libnvrtc-builtins.so
2026-03-20 22:01:15,213 - INFO - [36m(setup pid=8099)[0m 	libnvrtc-builtins.so (libc6,x86-64) => /usr/local/cuda-12.8/targets/x86_64-linux/lib/libnvrtc-builtins.so
2026-03-20 22:01:15,213 - INFO - [36m(setup pid=8099)[0m 	libnvrtc-builtins.alt.so.12.8 (libc6,x86-64) => /usr/local/cuda-12.8/targets/x86_64-linux/lib/libnvrtc-builtins.alt.so.12.8
2026-03-20 22:01:15,213 - INFO - [36m(setup pid=8099)[0m 	libnvrtc-builtins.alt.so (libc6,x86-64) => /usr/local/cuda-12.8/targets/x86_64-linux/lib/libnvrtc-builtins.alt.so
2026-03-20 22:01:15,213 - INFO - [36m(setup pid=8099)[0m 	libnvjpeg.so.12 (libc6,x86-64) => /usr/local/cuda-12.4/targets/x86_64-linux/lib/libnvjpeg.so.12
2026-03-20 22:01:15,213 - INFO - [36m(setup pid=8099)[0m 	libnvjpeg.so.12 (libc6,x86-64) => /usr/local/cuda-12.5/targets/x86_64-linux/lib/libnvjpeg.so.12
2026-03-20 22:01:15,213 - INFO - [36m(setup pid=8099)[0m 	libnvjpeg.so.12 (libc6,x86-64) => /usr/local/cuda-12.6/targets/x86_64-linux/lib/libnvjpeg.so.12
2026-03-20 22:01:15,213 - INFO - [36m(setup pid=8099)[0m 	libnvjpeg.so.12 (libc6,x86-64) => /usr/local/cuda-12.8/targets/x86_64-linux/lib/libnvjpeg.so.12
2026-03-20 22:01:15,213 - INFO - [36m(setup pid=8099)[0m 	libnvjpeg.so (libc6,x86-64) => /usr/local/cuda-12.4/targets/x86_64-linux/lib/libnvjpeg.so
2026-03-20 22:01:15,213 - INFO - [36m(setup pid=8099)[0m 	libnvjpeg.so (libc6,x86-64) => /usr/local/cuda-12.5/targets/x86_64-linux/lib/libnvjpeg.so
2026-03-20 22:01:15,213 - INFO - [36m(setup pid=8099)[0m 	libnvjpeg.so (libc6,x86-64) => /usr/local/cuda-12.6/targets/x86_64-linux/lib/libnvjpeg.so
2026-03-20 22:01:15,213 - INFO - [36m(setup pid=8099)[0m 	libnvjpeg.so (libc6,x86-64) => /usr/local/cuda-12.8/targets/x86_64-linux/lib/libnvjpeg.so
2026-03-20 22:01:15,213 - INFO - [36m(setup pid=8099)[0m 	libnvfatbin.so.12 (libc6,x86-64) => /usr/local/cuda-12.4/targets/x86_64-linux/lib/libnvfatbin.so.12
2026-03-20 22:01:15,213 - INFO - [36m(setup pid=8099)[0m 	libnvfatbin.so.12 (libc6,x86-64) => /usr/local/cuda-12.5/targets/x86_64-linux/lib/libnvfatbin.so.12
2026-03-20 22:01:15,213 - INFO - [36m(setup pid=8099)[0m 	libnvfatbin.so.12 (libc6,x86-64) => /usr/local/cuda-12.6/targets/x86_64-linux/lib/libnvfatbin.so.12
2026-03-20 22:01:15,213 - INFO - [36m(setup pid=8099)[0m 	libnvfatbin.so.12 (libc6,x86-64) => /usr/local/cuda-12.8/targets/x86_64-linux/lib/libnvfatbin.so.12
2026-03-20 22:01:15,213 - INFO - [36m(setup pid=8099)[0m 	libnvfatbin.so (libc6,x86-64) => /usr/local/cuda-12.4/targets/x86_64-linux/lib/libnvfatbin.so
2026-03-20 22:01:15,213 - INFO - [36m(setup pid=8099)[0m 	libnvfatbin.so (libc6,x86-64) => /usr/local/cuda-12.5/targets/x86_64-linux/lib/libnvfatbin.so
2026-03-20 22:01:15,213 - INFO - [36m(setup pid=8099)[0m 	libnvfatbin.so (libc6,x86-64) => /usr/local/cuda-12.6/targets/x86_64-linux/lib/libnvfatbin.so
2026-03-20 22:01:15,213 - INFO - [36m(setup pid=8099)[0m 	libnvfatbin.so (libc6,x86-64) => /usr/local/cuda-12.8/targets/x86_64-linux/lib/libnvfatbin.so
2026-03-20 22:01:15,213 - INFO - [36m(setup pid=8099)[0m 	libnvblas.so.12 (libc6,x86-64) => /usr/local/cuda-12.4/targets/x86_64-linux/lib/libnvblas.so.12
2026-03-20 22:01:15,615 - INFO - [36m(setup pid=8099)[0m 	libnvblas.so.12 (libc6,x86-64) => /usr/local/cuda-12.5/targets/x86_64-linux/lib/libnvblas.so.12
2026-03-20 22:01:15,615 - INFO - [36m(setup pid=8099)[0m 	libnvblas.so.12 (libc6,x86-64) => /usr/local/cuda-12.6/targets/x86_64-linux/lib/libnvblas.so.12
2026-03-20 22:01:15,615 - INFO - [36m(setup pid=8099)[0m 	libnvblas.so.12 (libc6,x86-64) => /usr/local/cuda-12.8/targets/x86_64-linux/lib/libnvblas.so.12
2026-03-20 22:01:15,615 - INFO - [36m(setup pid=8099)[0m 	libnvblas.so (libc6,x86-64) => /usr/local/cuda-12.4/targets/x86_64-linux/lib/libnvblas.so
2026-03-20 22:01:15,615 - INFO - [36m(setup pid=8099)[0m 	libnvblas.so (libc6,x86-64) => /usr/local/cuda-12.5/targets/x86_64-linux/lib/libnvblas.so
2026-03-20 22:01:15,615 - INFO - [36m(setup pid=8099)[0m 	libnvblas.so (libc6,x86-64) => /usr/local/cuda-12.6/targets/x86_64-linux/lib/libnvblas.so
2026-03-20 22:01:15,815 - INFO - [36m(setup pid=8099)[0m 	libnvblas.so (libc6,x86-64) => /usr/local/cuda-12.8/targets/x86_64-linux/lib/libnvblas.so
2026-03-20 22:01:15,816 - INFO - [36m(setup pid=8099)[0m 	libnvToolsExt.so.1 (libc6,x86-64) => /usr/local/cuda-12.4/targets/x86_64-linux/lib/libnvToolsExt.so.1
2026-03-20 22:01:15,816 - INFO - [36m(setup pid=8099)[0m 	libnvToolsExt.so.1 (libc6,x86-64) => /usr/local/cuda-12.5/targets/x86_64-linux/lib/libnvToolsExt.so.1
2026-03-20 22:01:15,816 - INFO - [36m(setup pid=8099)[0m 	libnvToolsExt.so.1 (libc6,x86-64) => /usr/local/cuda-12.6/targets/x86_64-linux/lib/libnvToolsExt.so.1
2026-03-20 22:01:15,816 - INFO - [36m(setup pid=8099)[0m 	libnvToolsExt.so.1 (libc6,x86-64) => /usr/local/cuda-12.8/targets/x86_64-linux/lib/libnvToolsExt.so.1
2026-03-20 22:01:15,816 - INFO - [36m(setup pid=8099)[0m 	libnvToolsExt.so (libc6,x86-64) => /usr/local/cuda-12.4/targets/x86_64-linux/lib/libnvToolsExt.so
2026-03-20 22:01:15,816 - INFO - [36m(setup pid=8099)[0m 	libnvToolsExt.so (libc6,x86-64) => /usr/local/cuda-12.5/targets/x86_64-linux/lib/libnvToolsExt.so
2026-03-20 22:01:15,816 - INFO - [36m(setup pid=8099)[0m 	libnvToolsExt.so (libc6,x86-64) => /usr/local/cuda-12.6/targets/x86_64-linux/lib/libnvToolsExt.so
2026-03-20 22:01:15,816 - INFO - [36m(setup pid=8099)[0m 	libnvToolsExt.so (libc6,x86-64) => /usr/local/cuda-12.8/targets/x86_64-linux/lib/libnvToolsExt.so
2026-03-20 22:01:15,816 - INFO - [36m(setup pid=8099)[0m 	libnvJitLink.so.12 (libc6,x86-64) => /usr/local/cuda-12.4/targets/x86_64-linux/lib/libnvJitLink.so.12
2026-03-20 22:01:15,816 - INFO - [36m(setup pid=8099)[0m 	libnvJitLink.so.12 (libc6,x86-64) => /usr/local/cuda-12.5/targets/x86_64-linux/lib/libnvJitLink.so.12
2026-03-20 22:01:15,816 - INFO - [36m(setup pid=8099)[0m 	libnvJitLink.so.12 (libc6,x86-64) => /usr/local/cuda-12.6/targets/x86_64-linux/lib/libnvJitLink.so.12
2026-03-20 22:01:15,816 - INFO - [36m(setup pid=8099)[0m 	libnvJitLink.so.12 (libc6,x86-64) => /usr/local/cuda-12.8/targets/x86_64-linux/lib/libnvJitLink.so.12
2026-03-20 22:01:15,816 - INFO - [36m(setup pid=8099)[0m 	libnvJitLink.so (libc6,x86-64) => /usr/local/cuda-12.4/targets/x86_64-linux/lib/libnvJitLink.so
2026-03-20 22:01:15,816 - INFO - [36m(setup pid=8099)[0m 	libnvJitLink.so (libc6,x86-64) => /usr/local/cuda-12.5/targets/x86_64-linux/lib/libnvJitLink.so
2026-03-20 22:01:15,816 - INFO - [36m(setup pid=8099)[0m 	libnvJitLink.so (libc6,x86-64) => /usr/local/cuda-12.6/targets/x86_64-linux/lib/libnvJitLink.so
2026-03-20 22:01:15,816 - INFO - [36m(setup pid=8099)[0m 	libnvJitLink.so (libc6,x86-64) => /usr/local/cuda-12.8/targets/x86_64-linux/lib/libnvJitLink.so
2026-03-20 22:01:15,816 - INFO - [36m(setup pid=8099)[0m 	libnpps.so.12 (libc6,x86-64) => /usr/local/cuda-12.4/targets/x86_64-linux/lib/libnpps.so.12
2026-03-20 22:01:15,816 - INFO - [36m(setup pid=8099)[0m 	libnpps.so.12 (libc6,x86-64) => /usr/local/cuda-12.5/targets/x86_64-linux/lib/libnpps.so.12
2026-03-20 22:01:15,816 - INFO - [36m(setup pid=8099)[0m 	libnpps.so.12 (libc6,x86-64) => /usr/local/cuda-12.6/targets/x86_64-linux/lib/libnpps.so.12
2026-03-20 22:01:15,816 - INFO - [36m(setup pid=8099)[0m 	libnpps.so.12 (libc6,x86-64) => /usr/local/cuda-12.8/targets/x86_64-linux/lib/libnpps.so.12
2026-03-20 22:01:15,816 - INFO - [36m(setup pid=8099)[0m 	libnpps.so (libc6,x86-64) => /usr/local/cuda-12.4/targets/x86_64-linux/lib/libnpps.so
2026-03-20 22:01:15,816 - INFO - [36m(setup pid=8099)[0m 	libnpps.so (libc6,x86-64) => /usr/local/cuda-12.5/targets/x86_64-linux/lib/libnpps.so
2026-03-20 22:01:15,816 - INFO - [36m(setup pid=8099)[0m 	libnpps.so (libc6,x86-64) => /usr/local/cuda-12.6/targets/x86_64-linux/lib/libnpps.so
2026-03-20 22:01:15,816 - INFO - [36m(setup pid=8099)[0m 	libnpps.so (libc6,x86-64) => /usr/local/cuda-12.8/targets/x86_64-linux/lib/libnpps.so
2026-03-20 22:01:15,816 - INFO - [36m(setup pid=8099)[0m 	libnppitc.so.12 (libc6,x86-64) => /usr/local/cuda-12.4/targets/x86_64-linux/lib/libnppitc.so.12
2026-03-20 22:01:15,816 - INFO - [36m(setup pid=8099)[0m 	libnppitc.so.12 (libc6,x86-64) => /usr/local/cuda-12.5/targets/x86_64-linux/lib/libnppitc.so.12
2026-03-20 22:01:15,816 - INFO - [36m(setup pid=8099)[0m 	libnppitc.so.12 (libc6,x86-64) => /usr/local/cuda-12.6/targets/x86_64-linux/lib/libnppitc.so.12
2026-03-20 22:01:15,816 - INFO - [36m(setup pid=8099)[0m 	libnppitc.so.12 (libc6,x86-64) => /usr/local/cuda-12.8/targets/x86_64-linux/lib/libnppitc.so.12
2026-03-20 22:01:15,816 - INFO - [36m(setup pid=8099)[0m 	libnppitc.so (libc6,x86-64) => /usr/local/cuda-12.4/targets/x86_64-linux/lib/libnppitc.so
2026-03-20 22:01:15,816 - INFO - [36m(setup pid=8099)[0m 	libnppitc.so (libc6,x86-64) => /usr/local/cuda-12.5/targets/x86_64-linux/lib/libnppitc.so
2026-03-20 22:01:15,816 - INFO - [36m(setup pid=8099)[0m 	libnppitc.so (libc6,x86-64) => /usr/local/cuda-12.6/targets/x86_64-linux/lib/libnppitc.so
2026-03-20 22:01:15,816 - INFO - [36m(setup pid=8099)[0m 	libnppitc.so (libc6,x86-64) => /usr/local/cuda-12.8/targets/x86_64-linux/lib/libnppitc.so
2026-03-20 22:01:15,816 - INFO - [36m(setup pid=8099)[0m 	libnppisu.so.12 (libc6,x86-64) => /usr/local/cuda-12.4/targets/x86_64-linux/lib/libnppisu.so.12
2026-03-20 22:01:15,816 - INFO - [36m(setup pid=8099)[0m 	libnppisu.so.12 (libc6,x86-64) => /usr/local/cuda-12.5/targets/x86_64-linux/lib/libnppisu.so.12
2026-03-20 22:01:15,816 - INFO - [36m(setup pid=8099)[0m 	libnppisu.so.12 (libc6,x86-64) => /usr/local/cuda-12.6/targets/x86_64-linux/lib/libnppisu.so.12
2026-03-20 22:01:15,816 - INFO - [36m(setup pid=8099)[0m 	libnppisu.so.12 (libc6,x86-64) => /usr/local/cuda-12.8/targets/x86_64-linux/lib/libnppisu.so.12
2026-03-20 22:01:15,816 - INFO - [36m(setup pid=8099)[0m 	libnppisu.so (libc6,x86-64) => /usr/local/cuda-12.4/targets/x86_64-linux/lib/libnppisu.so
2026-03-20 22:01:15,816 - INFO - [36m(setup pid=8099)[0m 	libnppisu.so (libc6,x86-64) => /usr/local/cuda-12.5/targets/x86_64-linux/lib/libnppisu.so
2026-03-20 22:01:15,816 - INFO - [36m(setup pid=8099)[0m 	libnppisu.so (libc6,x86-64) => /usr/local/cuda-12.6/targets/x86_64-linux/lib/libnppisu.so
2026-03-20 22:01:15,816 - INFO - [36m(setup pid=8099)[0m 	libnppisu.so (libc6,x86-64) => /usr/local/cuda-12.8/targets/x86_64-linux/lib/libnppisu.so
2026-03-20 22:01:15,816 - INFO - [36m(setup pid=8099)[0m 	libnppist.so.12 (libc6,x86-64) => /usr/local/cuda-12.4/targets/x86_64-linux/lib/libnppist.so.12
2026-03-20 22:01:15,816 - INFO - [36m(setup pid=8099)[0m 	libnppist.so.12 (libc6,x86-64) => /usr/local/cuda-12.5/targets/x86_64-linux/lib/libnppist.so.12
2026-03-20 22:01:15,816 - INFO - [36m(setup pid=8099)[0m 	libnppist.so.12 (libc6,x86-64) => /usr/local/cuda-12.6/targets/x86_64-linux/lib/libnppist.so.12
2026-03-20 22:01:15,816 - INFO - [36m(setup pid=8099)[0m 	libnppist.so.12 (libc6,x86-64) => /usr/local/cuda-12.8/targets/x86_64-linux/lib/libnppist.so.12
2026-03-20 22:01:15,816 - INFO - [36m(setup pid=8099)[0m 	libnppist.so (libc6,x86-64) => /usr/local/cuda-12.4/targets/x86_64-linux/lib/libnppist.so
2026-03-20 22:01:15,816 - INFO - [36m(setup pid=8099)[0m 	libnppist.so (libc6,x86-64) => /usr/local/cuda-12.5/targets/x86_64-linux/lib/libnppist.so
2026-03-20 22:01:16,118 - INFO - [36m(setup pid=8099)[0m 	libnppist.so (libc6,x86-64) => /usr/local/cuda-12.6/targets/x86_64-linux/lib/libnppist.so
2026-03-20 22:01:16,118 - INFO - [36m(setup pid=8099)[0m 	libnppist.so (libc6,x86-64) => /usr/local/cuda-12.8/targets/x86_64-linux/lib/libnppist.so
2026-03-20 22:01:16,118 - INFO - [36m(setup pid=8099)[0m 	libnppim.so.12 (libc6,x86-64) => /usr/local/cuda-12.4/targets/x86_64-linux/lib/libnppim.so.12
2026-03-20 22:01:16,118 - INFO - [36m(setup pid=8099)[0m 	libnppim.so.12 (libc6,x86-64) => /usr/local/cuda-12.5/targets/x86_64-linux/lib/libnppim.so.12
2026-03-20 22:01:16,118 - INFO - [36m(setup pid=8099)[0m 	libnppim.so.12 (libc6,x86-64) => /usr/local/cuda-12.6/targets/x86_64-linux/lib/libnppim.so.12
2026-03-20 22:01:16,118 - INFO - [36m(setup pid=8099)[0m 	libnppim.so.12 (libc6,x86-64) => /usr/local/cuda-12.8/targets/x86_64-linux/lib/libnppim.so.12
2026-03-20 22:01:16,118 - INFO - [36m(setup pid=8099)[0m 	libnppim.so (libc6,x86-64) => /usr/local/cuda-12.4/targets/x86_64-linux/lib/libnppim.so
2026-03-20 22:01:16,118 - INFO - [36m(setup pid=8099)[0m 	libnppim.so (libc6,x86-64) => /usr/local/cuda-12.5/targets/x86_64-linux/lib/libnppim.so
2026-03-20 22:01:16,118 - INFO - [36m(setup pid=8099)[0m 	libnppim.so (libc6,x86-64) => /usr/local/cuda-12.6/targets/x86_64-linux/lib/libnppim.so
2026-03-20 22:01:16,118 - INFO - [36m(setup pid=8099)[0m 	libnppim.so (libc6,x86-64) => /usr/local/cuda-12.8/targets/x86_64-linux/lib/libnppim.so
2026-03-20 22:01:16,118 - INFO - [36m(setup pid=8099)[0m 	libnppig.so.12 (libc6,x86-64) => /usr/local/cuda-12.4/targets/x86_64-linux/lib/libnppig.so.12
2026-03-20 22:01:16,118 - INFO - [36m(setup pid=8099)[0m 	libnppig.so.12 (libc6,x86-64) => /usr/local/cuda-12.5/targets/x86_64-linux/lib/libnppig.so.12
2026-03-20 22:01:16,118 - INFO - [36m(setup pid=8099)[0m 	libnppig.so.12 (libc6,x86-64) => /usr/local/cuda-12.6/targets/x86_64-linux/lib/libnppig.so.12
2026-03-20 22:01:16,118 - INFO - [36m(setup pid=8099)[0m 	libnppig.so.12 (libc6,x86-64) => /usr/local/cuda-12.8/targets/x86_64-linux/lib/libnppig.so.12
2026-03-20 22:01:16,118 - INFO - [36m(setup pid=8099)[0m 	libnppig.so (libc6,x86-64) => /usr/local/cuda-12.4/targets/x86_64-linux/lib/libnppig.so
2026-03-20 22:01:16,118 - INFO - [36m(setup pid=8099)[0m 	libnppig.so (libc6,x86-64) => /usr/local/cuda-12.5/targets/x86_64-linux/lib/libnppig.so
2026-03-20 22:01:16,118 - INFO - [36m(setup pid=8099)[0m 	libnppig.so (libc6,x86-64) => /usr/local/cuda-12.6/targets/x86_64-linux/lib/libnppig.so
2026-03-20 22:01:16,118 - INFO - [36m(setup pid=8099)[0m 	libnppig.so (libc6,x86-64) => /usr/local/cuda-12.8/targets/x86_64-linux/lib/libnppig.so
2026-03-20 22:01:16,118 - INFO - [36m(setup pid=8099)[0m 	libnppif.so.12 (libc6,x86-64) => /usr/local/cuda-12.4/targets/x86_64-linux/lib/libnppif.so.12
2026-03-20 22:01:16,118 - INFO - [36m(setup pid=8099)[0m 	libnppif.so.12 (libc6,x86-64) => /usr/local/cuda-12.5/targets/x86_64-linux/lib/libnppif.so.12
2026-03-20 22:01:16,118 - INFO - [36m(setup pid=8099)[0m 	libnppif.so.12 (libc6,x86-64) => /usr/local/cuda-12.6/targets/x86_64-linux/lib/libnppif.so.12
2026-03-20 22:01:16,118 - INFO - [36m(setup pid=8099)[0m 	libnppif.so.12 (libc6,x86-64) => /usr/local/cuda-12.8/targets/x86_64-linux/lib/libnppif.so.12
2026-03-20 22:01:16,118 - INFO - [36m(setup pid=8099)[0m 	libnppif.so (libc6,x86-64) => /usr/local/cuda-12.4/targets/x86_64-linux/lib/libnppif.so
2026-03-20 22:01:16,118 - INFO - [36m(setup pid=8099)[0m 	libnppif.so (libc6,x86-64) => /usr/local/cuda-12.5/targets/x86_64-linux/lib/libnppif.so
2026-03-20 22:01:16,118 - INFO - [36m(setup pid=8099)[0m 	libnppif.so (libc6,x86-64) => /usr/local/cuda-12.6/targets/x86_64-linux/lib/libnppif.so
2026-03-20 22:01:16,118 - INFO - [36m(setup pid=8099)[0m 	libnppif.so (libc6,x86-64) => /usr/local/cuda-12.8/targets/x86_64-linux/lib/libnppif.so
2026-03-20 22:01:16,118 - INFO - [36m(setup pid=8099)[0m 	libnppidei.so.12 (libc6,x86-64) => /usr/local/cuda-12.4/targets/x86_64-linux/lib/libnppidei.so.12
2026-03-20 22:01:16,118 - INFO - [36m(setup pid=8099)[0m 	libnppidei.so.12 (libc6,x86-64) => /usr/local/cuda-12.5/targets/x86_64-linux/lib/libnppidei.so.12
2026-03-20 22:01:16,118 - INFO - [36m(setup pid=8099)[0m 	libnppidei.so.12 (libc6,x86-64) => /usr/local/cuda-12.6/targets/x86_64-linux/lib/libnppidei.so.12
2026-03-20 22:01:16,118 - INFO - [36m(setup pid=8099)[0m 	libnppidei.so.12 (libc6,x86-64) => /usr/local/cuda-12.8/targets/x86_64-linux/lib/libnppidei.so.12
2026-03-20 22:01:16,119 - INFO - [36m(setup pid=8099)[0m 	libnppidei.so (libc6,x86-64) => /usr/local/cuda-12.4/targets/x86_64-linux/lib/libnppidei.so
2026-03-20 22:01:16,119 - INFO - [36m(setup pid=8099)[0m 	libnppidei.so (libc6,x86-64) => /usr/local/cuda-12.5/targets/x86_64-linux/lib/libnppidei.so
2026-03-20 22:01:16,119 - INFO - [36m(setup pid=8099)[0m 	libnppidei.so (libc6,x86-64) => /usr/local/cuda-12.6/targets/x86_64-linux/lib/libnppidei.so
2026-03-20 22:01:16,119 - INFO - [36m(setup pid=8099)[0m 	libnppidei.so (libc6,x86-64) => /usr/local/cuda-12.8/targets/x86_64-linux/lib/libnppidei.so
2026-03-20 22:01:16,119 - INFO - [36m(setup pid=8099)[0m 	libnppicc.so.12 (libc6,x86-64) => /usr/local/cuda-12.4/targets/x86_64-linux/lib/libnppicc.so.12
2026-03-20 22:01:16,119 - INFO - [36m(setup pid=8099)[0m 	libnppicc.so.12 (libc6,x86-64) => /usr/local/cuda-12.5/targets/x86_64-linux/lib/libnppicc.so.12
2026-03-20 22:01:16,119 - INFO - [36m(setup pid=8099)[0m 	libnppicc.so.12 (libc6,x86-64) => /usr/local/cuda-12.6/targets/x86_64-linux/lib/libnppicc.so.12
2026-03-20 22:01:16,119 - INFO - [36m(setup pid=8099)[0m 	libnppicc.so.12 (libc6,x86-64) => /usr/local/cuda-12.8/targets/x86_64-linux/lib/libnppicc.so.12
2026-03-20 22:01:16,119 - INFO - [36m(setup pid=8099)[0m 	libnppicc.so (libc6,x86-64) => /usr/local/cuda-12.4/targets/x86_64-linux/lib/libnppicc.so
2026-03-20 22:01:16,119 - INFO - [36m(setup pid=8099)[0m 	libnppicc.so (libc6,x86-64) => /usr/local/cuda-12.5/targets/x86_64-linux/lib/libnppicc.so
2026-03-20 22:01:16,119 - INFO - [36m(setup pid=8099)[0m 	libnppicc.so (libc6,x86-64) => /usr/local/cuda-12.6/targets/x86_64-linux/lib/libnppicc.so
2026-03-20 22:01:16,119 - INFO - [36m(setup pid=8099)[0m 	libnppicc.so (libc6,x86-64) => /usr/local/cuda-12.8/targets/x86_64-linux/lib/libnppicc.so
2026-03-20 22:01:16,119 - INFO - [36m(setup pid=8099)[0m 	libnppial.so.12 (libc6,x86-64) => /usr/local/cuda-12.4/targets/x86_64-linux/lib/libnppial.so.12
2026-03-20 22:01:16,119 - INFO - [36m(setup pid=8099)[0m 	libnppial.so.12 (libc6,x86-64) => /usr/local/cuda-12.5/targets/x86_64-linux/lib/libnppial.so.12
2026-03-20 22:01:16,119 - INFO - [36m(setup pid=8099)[0m 	libnppial.so.12 (libc6,x86-64) => /usr/local/cuda-12.6/targets/x86_64-linux/lib/libnppial.so.12
2026-03-20 22:01:16,119 - INFO - [36m(setup pid=8099)[0m 	libnppial.so.12 (libc6,x86-64) => /usr/local/cuda-12.8/targets/x86_64-linux/lib/libnppial.so.12
2026-03-20 22:01:16,119 - INFO - [36m(setup pid=8099)[0m 	libnppial.so (libc6,x86-64) => /usr/local/cuda-12.4/targets/x86_64-linux/lib/libnppial.so
2026-03-20 22:01:16,119 - INFO - [36m(setup pid=8099)[0m 	libnppial.so (libc6,x86-64) => /usr/local/cuda-12.5/targets/x86_64-linux/lib/libnppial.so
2026-03-20 22:01:16,119 - INFO - [36m(setup pid=8099)[0m 	libnppial.so (libc6,x86-64) => /usr/local/cuda-12.6/targets/x86_64-linux/lib/libnppial.so
2026-03-20 22:01:16,119 - INFO - [36m(setup pid=8099)[0m 	libnppial.so (libc6,x86-64) => /usr/local/cuda-12.8/targets/x86_64-linux/lib/libnppial.so
2026-03-20 22:01:16,119 - INFO - [36m(setup pid=8099)[0m 	libnppc.so.12 (libc6,x86-64) => /usr/local/cuda-12.4/targets/x86_64-linux/lib/libnppc.so.12
2026-03-20 22:01:16,119 - INFO - [36m(setup pid=8099)[0m 	libnppc.so.12 (libc6,x86-64) => /usr/local/cuda-12.5/targets/x86_64-linux/lib/libnppc.so.12
2026-03-20 22:01:16,119 - INFO - [36m(setup pid=8099)[0m 	libnppc.so.12 (libc6,x86-64) => /usr/local/cuda-12.6/targets/x86_64-linux/lib/libnppc.so.12
2026-03-20 22:01:16,119 - INFO - [36m(setup pid=8099)[0m 	libnppc.so.12 (libc6,x86-64) => /usr/local/cuda-12.8/targets/x86_64-linux/lib/libnppc.so.12
2026-03-20 22:01:16,119 - INFO - [36m(setup pid=8099)[0m 	libnppc.so (libc6,x86-64) => /usr/local/cuda-12.4/targets/x86_64-linux/lib/libnppc.so
2026-03-20 22:01:16,119 - INFO - [36m(setup pid=8099)[0m 	libnppc.so (libc6,x86-64) => /usr/local/cuda-12.5/targets/x86_64-linux/lib/libnppc.so
2026-03-20 22:01:16,119 - INFO - [36m(setup pid=8099)[0m 	libnppc.so (libc6,x86-64) => /usr/local/cuda-12.6/targets/x86_64-linux/lib/libnppc.so
2026-03-20 22:01:16,119 - INFO - [36m(setup pid=8099)[0m 	libnppc.so (libc6,x86-64) => /usr/local/cuda-12.8/targets/x86_64-linux/lib/libnppc.so
2026-03-20 22:01:16,119 - INFO - [36m(setup pid=8099)[0m 	libicudata.so.70 (libc6,x86-64) => /lib/x86_64-linux-gnu/libicudata.so.70
2026-03-20 22:01:16,119 - INFO - [36m(setup pid=8099)[0m 	libcusparse.so.12 (libc6,x86-64) => /usr/local/cuda-12.4/targets/x86_64-linux/lib/libcusparse.so.12
2026-03-20 22:01:16,119 - INFO - [36m(setup pid=8099)[0m 	libcusparse.so.12 (libc6,x86-64) => /usr/local/cuda-12.5/targets/x86_64-linux/lib/libcusparse.so.12
2026-03-20 22:01:16,119 - INFO - [36m(setup pid=8099)[0m 	libcusparse.so.12 (libc6,x86-64) => /usr/local/cuda-12.6/targets/x86_64-linux/lib/libcusparse.so.12
2026-03-20 22:01:16,319 - INFO - [36m(setup pid=8099)[0m 	libcusparse.so.12 (libc6,x86-64) => /usr/local/cuda-12.8/targets/x86_64-linux/lib/libcusparse.so.12
2026-03-20 22:01:16,319 - INFO - [36m(setup pid=8099)[0m 	libcusparse.so (libc6,x86-64) => /usr/local/cuda-12.4/targets/x86_64-linux/lib/libcusparse.so
2026-03-20 22:01:16,320 - INFO - [36m(setup pid=8099)[0m 	libcusparse.so (libc6,x86-64) => /usr/local/cuda-12.5/targets/x86_64-linux/lib/libcusparse.so
2026-03-20 22:01:16,320 - INFO - [36m(setup pid=8099)[0m 	libcusparse.so (libc6,x86-64) => /usr/local/cuda-12.6/targets/x86_64-linux/lib/libcusparse.so
2026-03-20 22:01:16,320 - INFO - [36m(setup pid=8099)[0m 	libcusparse.so (libc6,x86-64) => /usr/local/cuda-12.8/targets/x86_64-linux/lib/libcusparse.so
2026-03-20 22:01:16,320 - INFO - [36m(setup pid=8099)[0m 	libcusolverMg.so.11 (libc6,x86-64) => /usr/local/cuda-12.4/targets/x86_64-linux/lib/libcusolverMg.so.11
2026-03-20 22:01:16,320 - INFO - [36m(setup pid=8099)[0m 	libcusolverMg.so.11 (libc6,x86-64) => /usr/local/cuda-12.5/targets/x86_64-linux/lib/libcusolverMg.so.11
2026-03-20 22:01:16,320 - INFO - [36m(setup pid=8099)[0m 	libcusolverMg.so.11 (libc6,x86-64) => /usr/local/cuda-12.6/targets/x86_64-linux/lib/libcusolverMg.so.11
2026-03-20 22:01:16,320 - INFO - [36m(setup pid=8099)[0m 	libcusolverMg.so.11 (libc6,x86-64) => /usr/local/cuda-12.8/targets/x86_64-linux/lib/libcusolverMg.so.11
2026-03-20 22:01:16,320 - INFO - [36m(setup pid=8099)[0m 	libcusolverMg.so (libc6,x86-64) => /usr/local/cuda-12.4/targets/x86_64-linux/lib/libcusolverMg.so
2026-03-20 22:01:16,320 - INFO - [36m(setup pid=8099)[0m 	libcusolverMg.so (libc6,x86-64) => /usr/local/cuda-12.5/targets/x86_64-linux/lib/libcusolverMg.so
2026-03-20 22:01:16,320 - INFO - [36m(setup pid=8099)[0m 	libcusolverMg.so (libc6,x86-64) => /usr/local/cuda-12.6/targets/x86_64-linux/lib/libcusolverMg.so
2026-03-20 22:01:16,320 - INFO - [36m(setup pid=8099)[0m 	libcusolverMg.so (libc6,x86-64) => /usr/local/cuda-12.8/targets/x86_64-linux/lib/libcusolverMg.so
2026-03-20 22:01:16,320 - INFO - [36m(setup pid=8099)[0m 	libcusolver.so.11 (libc6,x86-64) => /usr/local/cuda-12.4/targets/x86_64-linux/lib/libcusolver.so.11
2026-03-20 22:01:16,320 - INFO - [36m(setup pid=8099)[0m 	libcusolver.so.11 (libc6,x86-64) => /usr/local/cuda-12.5/targets/x86_64-linux/lib/libcusolver.so.11
2026-03-20 22:01:16,320 - INFO - [36m(setup pid=8099)[0m 	libcusolver.so.11 (libc6,x86-64) => /usr/local/cuda-12.6/targets/x86_64-linux/lib/libcusolver.so.11
2026-03-20 22:01:16,320 - INFO - [36m(setup pid=8099)[0m 	libcusolver.so.11 (libc6,x86-64) => /usr/local/cuda-12.8/targets/x86_64-linux/lib/libcusolver.so.11
2026-03-20 22:01:16,320 - INFO - [36m(setup pid=8099)[0m 	libcusolver.so (libc6,x86-64) => /usr/local/cuda-12.4/targets/x86_64-linux/lib/libcusolver.so
2026-03-20 22:01:16,320 - INFO - [36m(setup pid=8099)[0m 	libcusolver.so (libc6,x86-64) => /usr/local/cuda-12.5/targets/x86_64-linux/lib/libcusolver.so
2026-03-20 22:01:16,320 - INFO - [36m(setup pid=8099)[0m 	libcusolver.so (libc6,x86-64) => /usr/local/cuda-12.6/targets/x86_64-linux/lib/libcusolver.so
2026-03-20 22:01:16,320 - INFO - [36m(setup pid=8099)[0m 	libcusolver.so (libc6,x86-64) => /usr/local/cuda-12.8/targets/x86_64-linux/lib/libcusolver.so
2026-03-20 22:01:16,320 - INFO - [36m(setup pid=8099)[0m 	libcurand.so.10 (libc6,x86-64) => /usr/local/cuda-12.4/targets/x86_64-linux/lib/libcurand.so.10
2026-03-20 22:01:16,320 - INFO - [36m(setup pid=8099)[0m 	libcurand.so.10 (libc6,x86-64) => /usr/local/cuda-12.5/targets/x86_64-linux/lib/libcurand.so.10
2026-03-20 22:01:16,320 - INFO - [36m(setup pid=8099)[0m 	libcurand.so.10 (libc6,x86-64) => /usr/local/cuda-12.6/targets/x86_64-linux/lib/libcurand.so.10
2026-03-20 22:01:16,320 - INFO - [36m(setup pid=8099)[0m 	libcurand.so.10 (libc6,x86-64) => /usr/local/cuda-12.8/targets/x86_64-linux/lib/libcurand.so.10
2026-03-20 22:01:16,320 - INFO - [36m(setup pid=8099)[0m 	libcurand.so (libc6,x86-64) => /usr/local/cuda-12.4/targets/x86_64-linux/lib/libcurand.so
2026-03-20 22:01:16,320 - INFO - [36m(setup pid=8099)[0m 	libcurand.so (libc6,x86-64) => /usr/local/cuda-12.5/targets/x86_64-linux/lib/libcurand.so
2026-03-20 22:01:16,320 - INFO - [36m(setup pid=8099)[0m 	libcurand.so (libc6,x86-64) => /usr/local/cuda-12.6/targets/x86_64-linux/lib/libcurand.so
2026-03-20 22:01:16,320 - INFO - [36m(setup pid=8099)[0m 	libcurand.so (libc6,x86-64) => /usr/local/cuda-12.8/targets/x86_64-linux/lib/libcurand.so
2026-03-20 22:01:16,320 - INFO - [36m(setup pid=8099)[0m 	libcuinj64.so.12.8 (libc6,x86-64) => /usr/local/cuda-12.8/targets/x86_64-linux/lib/libcuinj64.so.12.8
2026-03-20 22:01:16,320 - INFO - [36m(setup pid=8099)[0m 	libcuinj64.so.12.6 (libc6,x86-64) => /usr/local/cuda-12.6/targets/x86_64-linux/lib/libcuinj64.so.12.6
2026-03-20 22:01:16,320 - INFO - [36m(setup pid=8099)[0m 	libcuinj64.so.12.5 (libc6,x86-64) => /usr/local/cuda-12.5/targets/x86_64-linux/lib/libcuinj64.so.12.5
2026-03-20 22:01:16,320 - INFO - [36m(setup pid=8099)[0m 	libcuinj64.so.12.4 (libc6,x86-64) => /usr/local/cuda-12.4/targets/x86_64-linux/lib/libcuinj64.so.12.4
2026-03-20 22:01:16,320 - INFO - [36m(setup pid=8099)[0m 	libcuinj64.so (libc6,x86-64) => /usr/local/cuda-12.4/targets/x86_64-linux/lib/libcuinj64.so
2026-03-20 22:01:16,320 - INFO - [36m(setup pid=8099)[0m 	libcuinj64.so (libc6,x86-64) => /usr/local/cuda-12.5/targets/x86_64-linux/lib/libcuinj64.so
2026-03-20 22:01:16,320 - INFO - [36m(setup pid=8099)[0m 	libcuinj64.so (libc6,x86-64) => /usr/local/cuda-12.6/targets/x86_64-linux/lib/libcuinj64.so
2026-03-20 22:01:16,320 - INFO - [36m(setup pid=8099)[0m 	libcuinj64.so (libc6,x86-64) => /usr/local/cuda-12.8/targets/x86_64-linux/lib/libcuinj64.so
2026-03-20 22:01:16,320 - INFO - [36m(setup pid=8099)[0m 	libcufile_rdma.so.1 (libc6,x86-64) => /usr/local/cuda-12.4/targets/x86_64-linux/lib/libcufile_rdma.so.1
2026-03-20 22:01:16,320 - INFO - [36m(setup pid=8099)[0m 	libcufile_rdma.so.1 (libc6,x86-64) => /usr/local/cuda-12.5/targets/x86_64-linux/lib/libcufile_rdma.so.1
2026-03-20 22:01:16,320 - INFO - [36m(setup pid=8099)[0m 	libcufile_rdma.so.1 (libc6,x86-64) => /usr/local/cuda-12.6/targets/x86_64-linux/lib/libcufile_rdma.so.1
2026-03-20 22:01:16,320 - INFO - [36m(setup pid=8099)[0m 	libcufile_rdma.so.1 (libc6,x86-64) => /usr/local/cuda-12.8/targets/x86_64-linux/lib/libcufile_rdma.so.1
2026-03-20 22:01:16,320 - INFO - [36m(setup pid=8099)[0m 	libcufile_rdma.so (libc6,x86-64) => /usr/local/cuda-12.4/targets/x86_64-linux/lib/libcufile_rdma.so
2026-03-20 22:01:16,320 - INFO - [36m(setup pid=8099)[0m 	libcufile_rdma.so (libc6,x86-64) => /usr/local/cuda-12.5/targets/x86_64-linux/lib/libcufile_rdma.so
2026-03-20 22:01:16,320 - INFO - [36m(setup pid=8099)[0m 	libcufile_rdma.so (libc6,x86-64) => /usr/local/cuda-12.6/targets/x86_64-linux/lib/libcufile_rdma.so
2026-03-20 22:01:16,320 - INFO - [36m(setup pid=8099)[0m 	libcufile_rdma.so (libc6,x86-64) => /usr/local/cuda-12.8/targets/x86_64-linux/lib/libcufile_rdma.so
2026-03-20 22:01:16,320 - INFO - [36m(setup pid=8099)[0m 	libcufile.so.0 (libc6,x86-64) => /usr/local/cuda-12.4/targets/x86_64-linux/lib/libcufile.so.0
2026-03-20 22:01:16,320 - INFO - [36m(setup pid=8099)[0m 	libcufile.so.0 (libc6,x86-64) => /usr/local/cuda-12.5/targets/x86_64-linux/lib/libcufile.so.0
2026-03-20 22:01:16,320 - INFO - [36m(setup pid=8099)[0m 	libcufile.so.0 (libc6,x86-64) => /usr/local/cuda-12.6/targets/x86_64-linux/lib/libcufile.so.0
2026-03-20 22:01:16,320 - INFO - [36m(setup pid=8099)[0m 	libcufile.so.0 (libc6,x86-64) => /usr/local/cuda-12.8/targets/x86_64-linux/lib/libcufile.so.0
2026-03-20 22:01:16,320 - INFO - [36m(setup pid=8099)[0m 	libcufile.so (libc6,x86-64) => /usr/local/cuda-12.4/targets/x86_64-linux/lib/libcufile.so
2026-03-20 22:01:16,320 - INFO - [36m(setup pid=8099)[0m 	libcufile.so (libc6,x86-64) => /usr/local/cuda-12.5/targets/x86_64-linux/lib/libcufile.so
2026-03-20 22:01:16,320 - INFO - [36m(setup pid=8099)[0m 	libcufile.so (libc6,x86-64) => /usr/local/cuda-12.6/targets/x86_64-linux/lib/libcufile.so
2026-03-20 22:01:16,320 - INFO - [36m(setup pid=8099)[0m 	libcufile.so (libc6,x86-64) => /usr/local/cuda-12.8/targets/x86_64-linux/lib/libcufile.so
2026-03-20 22:01:16,320 - INFO - [36m(setup pid=8099)[0m 	libcufftw.so.11 (libc6,x86-64) => /usr/local/cuda-12.4/targets/x86_64-linux/lib/libcufftw.so.11
2026-03-20 22:01:16,320 - INFO - [36m(setup pid=8099)[0m 	libcufftw.so.11 (libc6,x86-64) => /usr/local/cuda-12.5/targets/x86_64-linux/lib/libcufftw.so.11
2026-03-20 22:01:16,320 - INFO - [36m(setup pid=8099)[0m 	libcufftw.so.11 (libc6,x86-64) => /usr/local/cuda-12.6/targets/x86_64-linux/lib/libcufftw.so.11
2026-03-20 22:01:16,320 - INFO - [36m(setup pid=8099)[0m 	libcufftw.so.11 (libc6,x86-64) => /usr/local/cuda-12.8/targets/x86_64-linux/lib/libcufftw.so.11
2026-03-20 22:01:16,320 - INFO - [36m(setup pid=8099)[0m 	libcufftw.so (libc6,x86-64) => /usr/local/cuda-12.4/targets/x86_64-linux/lib/libcufftw.so
2026-03-20 22:01:16,320 - INFO - [36m(setup pid=8099)[0m 	libcufftw.so (libc6,x86-64) => /usr/local/cuda-12.5/targets/x86_64-linux/lib/libcufftw.so
2026-03-20 22:01:16,622 - INFO - [36m(setup pid=8099)[0m 	libcufftw.so (libc6,x86-64) => /usr/local/cuda-12.6/targets/x86_64-linux/lib/libcufftw.so
2026-03-20 22:01:16,622 - INFO - [36m(setup pid=8099)[0m 	libcufftw.so (libc6,x86-64) => /usr/local/cuda-12.8/targets/x86_64-linux/lib/libcufftw.so
2026-03-20 22:01:16,622 - INFO - [36m(setup pid=8099)[0m 	libcufft.so.11 (libc6,x86-64) => /usr/local/cuda-12.4/targets/x86_64-linux/lib/libcufft.so.11
2026-03-20 22:01:16,622 - INFO - [36m(setup pid=8099)[0m 	libcufft.so.11 (libc6,x86-64) => /usr/local/cuda-12.5/targets/x86_64-linux/lib/libcufft.so.11
2026-03-20 22:01:16,622 - INFO - [36m(setup pid=8099)[0m 	libcufft.so.11 (libc6,x86-64) => /usr/local/cuda-12.6/targets/x86_64-linux/lib/libcufft.so.11
2026-03-20 22:01:16,622 - INFO - [36m(setup pid=8099)[0m 	libcufft.so.11 (libc6,x86-64) => /usr/local/cuda-12.8/targets/x86_64-linux/lib/libcufft.so.11
2026-03-20 22:01:16,622 - INFO - [36m(setup pid=8099)[0m 	libcufft.so (libc6,x86-64) => /usr/local/cuda-12.4/targets/x86_64-linux/lib/libcufft.so
2026-03-20 22:01:16,622 - INFO - [36m(setup pid=8099)[0m 	libcufft.so (libc6,x86-64) => /usr/local/cuda-12.5/targets/x86_64-linux/lib/libcufft.so
2026-03-20 22:01:16,622 - INFO - [36m(setup pid=8099)[0m 	libcufft.so (libc6,x86-64) => /usr/local/cuda-12.6/targets/x86_64-linux/lib/libcufft.so
2026-03-20 22:01:16,622 - INFO - [36m(setup pid=8099)[0m 	libcufft.so (libc6,x86-64) => /usr/local/cuda-12.8/targets/x86_64-linux/lib/libcufft.so
2026-03-20 22:01:16,622 - INFO - [36m(setup pid=8099)[0m 	libcudart.so.12 (libc6,x86-64) => /usr/local/cuda-12.4/targets/x86_64-linux/lib/libcudart.so.12
2026-03-20 22:01:16,622 - INFO - [36m(setup pid=8099)[0m 	libcudart.so.12 (libc6,x86-64) => /usr/local/cuda-12.5/targets/x86_64-linux/lib/libcudart.so.12
2026-03-20 22:01:16,622 - INFO - [36m(setup pid=8099)[0m 	libcudart.so.12 (libc6,x86-64) => /usr/local/cuda-12.6/targets/x86_64-linux/lib/libcudart.so.12
2026-03-20 22:01:16,622 - INFO - [36m(setup pid=8099)[0m 	libcudart.so.12 (libc6,x86-64) => /usr/local/cuda-12.8/targets/x86_64-linux/lib/libcudart.so.12
2026-03-20 22:01:16,622 - INFO - [36m(setup pid=8099)[0m 	libcudart.so (libc6,x86-64) => /usr/local/cuda-12.4/targets/x86_64-linux/lib/libcudart.so
2026-03-20 22:01:16,622 - INFO - [36m(setup pid=8099)[0m 	libcudart.so (libc6,x86-64) => /usr/local/cuda-12.5/targets/x86_64-linux/lib/libcudart.so
2026-03-20 22:01:16,622 - INFO - [36m(setup pid=8099)[0m 	libcudart.so (libc6,x86-64) => /usr/local/cuda-12.6/targets/x86_64-linux/lib/libcudart.so
2026-03-20 22:01:16,622 - INFO - [36m(setup pid=8099)[0m 	libcudart.so (libc6,x86-64) => /usr/local/cuda-12.8/targets/x86_64-linux/lib/libcudart.so
2026-03-20 22:01:16,622 - INFO - [36m(setup pid=8099)[0m 	libcudadebugger.so.1 (libc6,x86-64) => /lib/x86_64-linux-gnu/libcudadebugger.so.1
2026-03-20 22:01:16,622 - INFO - [36m(setup pid=8099)[0m 	libcuda.so.1 (libc6,x86-64) => /lib/x86_64-linux-gnu/libcuda.so.1
2026-03-20 22:01:16,622 - INFO - [36m(setup pid=8099)[0m 	libcuda.so (libc6,x86-64) => /lib/x86_64-linux-gnu/libcuda.so
2026-03-20 22:01:16,622 - INFO - [36m(setup pid=8099)[0m 	libcublasLt.so.12 (libc6,x86-64) => /usr/local/cuda-12.4/targets/x86_64-linux/lib/libcublasLt.so.12
2026-03-20 22:01:16,622 - INFO - [36m(setup pid=8099)[0m 	libcublasLt.so.12 (libc6,x86-64) => /usr/local/cuda-12.5/targets/x86_64-linux/lib/libcublasLt.so.12
2026-03-20 22:01:16,622 - INFO - [36m(setup pid=8099)[0m 	libcublasLt.so.12 (libc6,x86-64) => /usr/local/cuda-12.6/targets/x86_64-linux/lib/libcublasLt.so.12
2026-03-20 22:01:16,622 - INFO - [36m(setup pid=8099)[0m 	libcublasLt.so.12 (libc6,x86-64) => /usr/local/cuda-12.8/targets/x86_64-linux/lib/libcublasLt.so.12
2026-03-20 22:01:16,622 - INFO - [36m(setup pid=8099)[0m 	libcublasLt.so (libc6,x86-64) => /usr/local/cuda-12.4/targets/x86_64-linux/lib/libcublasLt.so
2026-03-20 22:01:16,622 - INFO - [36m(setup pid=8099)[0m 	libcublasLt.so (libc6,x86-64) => /usr/local/cuda-12.5/targets/x86_64-linux/lib/libcublasLt.so
2026-03-20 22:01:16,622 - INFO - [36m(setup pid=8099)[0m 	libcublasLt.so (libc6,x86-64) => /usr/local/cuda-12.6/targets/x86_64-linux/lib/libcublasLt.so
2026-03-20 22:01:16,622 - INFO - [36m(setup pid=8099)[0m 	libcublasLt.so (libc6,x86-64) => /usr/local/cuda-12.8/targets/x86_64-linux/lib/libcublasLt.so
2026-03-20 22:01:16,622 - INFO - [36m(setup pid=8099)[0m 	libcublas.so.12 (libc6,x86-64) => /usr/local/cuda-12.4/targets/x86_64-linux/lib/libcublas.so.12
2026-03-20 22:01:16,622 - INFO - [36m(setup pid=8099)[0m 	libcublas.so.12 (libc6,x86-64) => /usr/local/cuda-12.5/targets/x86_64-linux/lib/libcublas.so.12
2026-03-20 22:01:16,622 - INFO - [36m(setup pid=8099)[0m 	libcublas.so.12 (libc6,x86-64) => /usr/local/cuda-12.6/targets/x86_64-linux/lib/libcublas.so.12
2026-03-20 22:01:16,622 - INFO - [36m(setup pid=8099)[0m 	libcublas.so.12 (libc6,x86-64) => /usr/local/cuda-12.8/targets/x86_64-linux/lib/libcublas.so.12
2026-03-20 22:01:16,622 - INFO - [36m(setup pid=8099)[0m 	libcublas.so (libc6,x86-64) => /usr/local/cuda-12.4/targets/x86_64-linux/lib/libcublas.so
2026-03-20 22:01:16,622 - INFO - [36m(setup pid=8099)[0m 	libcublas.so (libc6,x86-64) => /usr/local/cuda-12.5/targets/x86_64-linux/lib/libcublas.so
2026-03-20 22:01:16,622 - INFO - [36m(setup pid=8099)[0m 	libcublas.so (libc6,x86-64) => /usr/local/cuda-12.6/targets/x86_64-linux/lib/libcublas.so
2026-03-20 22:01:16,623 - INFO - [36m(setup pid=8099)[0m 	libcublas.so (libc6,x86-64) => /usr/local/cuda-12.8/targets/x86_64-linux/lib/libcublas.so
2026-03-20 22:01:16,623 - INFO - [36m(setup pid=8099)[0m 	libaccinj64.so.12.8 (libc6,x86-64) => /usr/local/cuda-12.8/targets/x86_64-linux/lib/libaccinj64.so.12.8
2026-03-20 22:01:16,623 - INFO - [36m(setup pid=8099)[0m 	libaccinj64.so.12.6 (libc6,x86-64) => /usr/local/cuda-12.6/targets/x86_64-linux/lib/libaccinj64.so.12.6
2026-03-20 22:01:16,623 - INFO - [36m(setup pid=8099)[0m 	libaccinj64.so.12.5 (libc6,x86-64) => /usr/local/cuda-12.5/targets/x86_64-linux/lib/libaccinj64.so.12.5
2026-03-20 22:01:16,623 - INFO - [36m(setup pid=8099)[0m 	libaccinj64.so.12.4 (libc6,x86-64) => /usr/local/cuda-12.4/targets/x86_64-linux/lib/libaccinj64.so.12.4
2026-03-20 22:01:16,623 - INFO - [36m(setup pid=8099)[0m 	libaccinj64.so (libc6,x86-64) => /usr/local/cuda-12.4/targets/x86_64-linux/lib/libaccinj64.so
2026-03-20 22:01:16,623 - INFO - [36m(setup pid=8099)[0m 	libaccinj64.so (libc6,x86-64) => /usr/local/cuda-12.5/targets/x86_64-linux/lib/libaccinj64.so
2026-03-20 22:01:16,623 - INFO - [36m(setup pid=8099)[0m 	libaccinj64.so (libc6,x86-64) => /usr/local/cuda-12.6/targets/x86_64-linux/lib/libaccinj64.so
2026-03-20 22:01:16,623 - INFO - [36m(setup pid=8099)[0m 	libaccinj64.so (libc6,x86-64) => /usr/local/cuda-12.8/targets/x86_64-linux/lib/libaccinj64.so
2026-03-20 22:01:16,623 - INFO - [36m(setup pid=8099)[0m 	libOpenCL.so.1 (libc6,x86-64) => /usr/local/cuda-12.4/targets/x86_64-linux/lib/libOpenCL.so.1
2026-03-20 22:01:16,623 - INFO - [36m(setup pid=8099)[0m 	libOpenCL.so.1 (libc6,x86-64) => /usr/local/cuda-12.5/targets/x86_64-linux/lib/libOpenCL.so.1
2026-03-20 22:01:16,623 - INFO - [36m(setup pid=8099)[0m 	libOpenCL.so.1 (libc6,x86-64) => /usr/local/cuda-12.6/targets/x86_64-linux/lib/libOpenCL.so.1
2026-03-20 22:01:16,623 - INFO - [36m(setup pid=8099)[0m 	libOpenCL.so.1 (libc6,x86-64) => /usr/local/cuda-12.8/targets/x86_64-linux/lib/libOpenCL.so.1
2026-03-20 22:01:16,623 - INFO - [36m(setup pid=8099)[0m 	libOpenCL.so (libc6,x86-64) => /usr/local/cuda-12.4/targets/x86_64-linux/lib/libOpenCL.so
2026-03-20 22:01:16,623 - INFO - [36m(setup pid=8099)[0m 	libOpenCL.so (libc6,x86-64) => /usr/local/cuda-12.5/targets/x86_64-linux/lib/libOpenCL.so
2026-03-20 22:01:16,623 - INFO - [36m(setup pid=8099)[0m 	libOpenCL.so (libc6,x86-64) => /usr/local/cuda-12.6/targets/x86_64-linux/lib/libOpenCL.so
2026-03-20 22:01:16,623 - INFO - [36m(setup pid=8099)[0m 	libOpenCL.so (libc6,x86-64) => /usr/local/cuda-12.8/targets/x86_64-linux/lib/libOpenCL.so
2026-03-20 22:01:16,623 - INFO - [36m(setup pid=8099)[0m + echo 'CUDA toolkit path:'
2026-03-20 22:01:16,623 - INFO - [36m(setup pid=8099)[0m CUDA toolkit path:
2026-03-20 22:01:16,623 - INFO - [36m(setup pid=8099)[0m + ls --color=auto -la /usr/local/cuda /usr/local/cuda-12.4 /usr/local/cuda-12.5 /usr/local/cuda-12.6 /usr/local/cuda-12.8
2026-03-20 22:01:16,623 - INFO - [36m(setup pid=8099)[0m lrwxrwxrwx  1 root root   21 Aug  8  2025 /usr/local/cuda -> /usr/local/cuda-12.8/
2026-03-20 22:01:16,623 - INFO - [36m(setup pid=8099)[0m
2026-03-20 22:01:16,623 - INFO - [36m(setup pid=8099)[0m /usr/local/cuda-12.4:
2026-03-20 22:01:16,623 - INFO - [36m(setup pid=8099)[0m total 188
2026-03-20 22:01:16,623 - INFO - [36m(setup pid=8099)[0m drwxr-xr-x 19 root   root    4096 Aug  8  2025 .
2026-03-20 22:01:16,623 - INFO - [36m(setup pid=8099)[0m drwxr-xr-x 15 root   root    4096 Aug  8  2025 ..
2026-03-20 22:01:16,623 - INFO - [36m(setup pid=8099)[0m -rw-r--r--  1 root   root     160 Aug  8  2025 DOCS
2026-03-20 22:01:16,623 - INFO - [36m(setup pid=8099)[0m -rw-r--r--  1 root   root   63021 Aug  8  2025 EULA.txt
2026-03-20 22:01:16,623 - INFO - [36m(setup pid=8099)[0m -rw-r--r--  1 ubuntu ubuntu 29662 Nov 30  2023 LICENSE
2026-03-20 22:01:17,429 - INFO - [36m(setup pid=8099)[0m -rw-r--r--  1 root   root    1895 Jun 11  2024 LICENSE.txt
2026-03-20 22:01:17,429 - INFO - [36m(setup pid=8099)[0m -rw-r--r--  1 root   root     524 Aug  8  2025 README
2026-03-20 22:01:17,429 - INFO - [36m(setup pid=8099)[0m drwxr-xr-x  3 root   root    4096 Aug  8  2025 bin
2026-03-20 22:01:17,429 - INFO - [36m(setup pid=8099)[0m drwxr-xr-x  5 root   root    4096 Aug  8  2025 compute-sanitizer
2026-03-20 22:01:17,429 - INFO - [36m(setup pid=8099)[0m drwxr-xr-x  3 root   root    4096 Aug  8  2025 efa
2026-03-20 22:01:17,429 - INFO - [36m(setup pid=8099)[0m drwxr-xr-x  5 root   root    4096 Aug  8  2025 extras
2026-03-20 22:01:17,429 - INFO - [36m(setup pid=8099)[0m drwxr-xr-x  5 root   root    4096 Aug  8  2025 gds
2026-03-20 22:01:17,429 - INFO - [36m(setup pid=8099)[0m drwxr-xr-x  2 root   root    4096 Aug  8  2025 gds-12.4
2026-03-20 22:01:17,429 - INFO - [36m(setup pid=8099)[0m lrwxrwxrwx  1 root   root      28 Aug  8  2025 include -> targets/x86_64-linux/include
2026-03-20 22:01:17,429 - INFO - [36m(setup pid=8099)[0m drwxrwxr-x  3 root   root    4096 Aug  8  2025 lib
2026-03-20 22:01:17,429 - INFO - [36m(setup pid=8099)[0m lrwxrwxrwx  1 root   root      24 Aug  8  2025 lib64 -> targets/x86_64-linux/lib
2026-03-20 22:01:17,429 - INFO - [36m(setup pid=8099)[0m drwxr-xr-x  7 root   root    4096 Aug  8  2025 libnvvp
2026-03-20 22:01:17,429 - INFO - [36m(setup pid=8099)[0m drwxr-xr-x  7 root   root    4096 Aug  8  2025 nsight-compute-2024.1.1
2026-03-20 22:01:17,429 - INFO - [36m(setup pid=8099)[0m drwxr-xr-x  6 root   root    4096 Aug  8  2025 nsight-systems-2023.4.4
2026-03-20 22:01:17,429 - INFO - [36m(setup pid=8099)[0m drwxr-xr-x  2 root   root    4096 Aug  8  2025 nsightee_plugins
2026-03-20 22:01:17,429 - INFO - [36m(setup pid=8099)[0m drwxr-xr-x  3 root   root    4096 Aug  8  2025 nvml
2026-03-20 22:01:17,429 - INFO - [36m(setup pid=8099)[0m drwxr-xr-x  6 root   root    4096 Aug  8  2025 nvvm
2026-03-20 22:01:17,429 - INFO - [36m(setup pid=8099)[0m drwxr-xr-x  3 root   root    4096 Aug  8  2025 share
2026-03-20 22:01:17,429 - INFO - [36m(setup pid=8099)[0m drwxr-xr-x  2 root   root    4096 Aug  8  2025 src
2026-03-20 22:01:17,429 - INFO - [36m(setup pid=8099)[0m drwxr-xr-x  3 root   root    4096 Aug  8  2025 targets
2026-03-20 22:01:17,429 - INFO - [36m(setup pid=8099)[0m drwxr-xr-x  2 root   root    4096 Aug  8  2025 tools
2026-03-20 22:01:17,429 - INFO - [36m(setup pid=8099)[0m -rw-r--r--  1 root   root    2957 Aug  8  2025 version.json
2026-03-20 22:01:17,429 - INFO - [36m(setup pid=8099)[0m
2026-03-20 22:01:17,429 - INFO - [36m(setup pid=8099)[0m /usr/local/cuda-12.5:
2026-03-20 22:01:17,429 - INFO - [36m(setup pid=8099)[0m total 188
2026-03-20 22:01:17,429 - INFO - [36m(setup pid=8099)[0m drwxr-xr-x 19 root   root    4096 Aug  8  2025 .
2026-03-20 22:01:17,429 - INFO - [36m(setup pid=8099)[0m drwxr-xr-x 15 root   root    4096 Aug  8  2025 ..
2026-03-20 22:01:17,429 - INFO - [36m(setup pid=8099)[0m -rw-r--r--  1 root   root     160 Aug  8  2025 DOCS
2026-03-20 22:01:17,429 - INFO - [36m(setup pid=8099)[0m -rw-r--r--  1 root   root   63021 Aug  8  2025 EULA.txt
2026-03-20 22:01:17,429 - INFO - [36m(setup pid=8099)[0m -rw-r--r--  1 ubuntu ubuntu 29574 Oct 21  2024 LICENSE
2026-03-20 22:01:17,429 - INFO - [36m(setup pid=8099)[0m -rw-r--r--  1 root   root    1895 Nov  6  2024 LICENSE.txt
2026-03-20 22:01:17,429 - INFO - [36m(setup pid=8099)[0m -rw-r--r--  1 root   root     524 Aug  8  2025 README
2026-03-20 22:01:17,429 - INFO - [36m(setup pid=8099)[0m drwxr-xr-x  3 root   root    4096 Aug  8  2025 bin
2026-03-20 22:01:17,429 - INFO - [36m(setup pid=8099)[0m drwxr-xr-x  5 root   root    4096 Aug  8  2025 compute-sanitizer
2026-03-20 22:01:17,429 - INFO - [36m(setup pid=8099)[0m drwxr-xr-x  3 root   root    4096 Aug  8  2025 efa
2026-03-20 22:01:17,429 - INFO - [36m(setup pid=8099)[0m drwxr-xr-x  5 root   root    4096 Aug  8  2025 extras
2026-03-20 22:01:17,429 - INFO - [36m(setup pid=8099)[0m drwxr-xr-x  5 root   root    4096 Aug  8  2025 gds
2026-03-20 22:01:17,429 - INFO - [36m(setup pid=8099)[0m drwxr-xr-x  2 root   root    4096 Aug  8  2025 gds-12.5
2026-03-20 22:01:17,429 - INFO - [36m(setup pid=8099)[0m lrwxrwxrwx  1 root   root      28 Aug  8  2025 include -> targets/x86_64-linux/include
2026-03-20 22:01:17,429 - INFO - [36m(setup pid=8099)[0m drwxr-xr-x  3 root   root    4096 Aug  8  2025 lib
2026-03-20 22:01:17,429 - INFO - [36m(setup pid=8099)[0m lrwxrwxrwx  1 root   root      24 Aug  8  2025 lib64 -> targets/x86_64-linux/lib
2026-03-20 22:01:17,429 - INFO - [36m(setup pid=8099)[0m drwxr-xr-x  7 root   root    4096 Aug  8  2025 libnvvp
2026-03-20 22:01:17,430 - INFO - [36m(setup pid=8099)[0m drwxr-xr-x  7 root   root    4096 Aug  8  2025 nsight-compute-2024.2.0
2026-03-20 22:01:17,430 - INFO - [36m(setup pid=8099)[0m drwxr-xr-x  6 root   root    4096 Aug  8  2025 nsight-systems-2024.2.3
2026-03-20 22:01:17,430 - INFO - [36m(setup pid=8099)[0m drwxr-xr-x  2 root   root    4096 Aug  8  2025 nsightee_plugins
2026-03-20 22:01:17,430 - INFO - [36m(setup pid=8099)[0m drwxr-xr-x  3 root   root    4096 Aug  8  2025 nvml
2026-03-20 22:01:17,430 - INFO - [36m(setup pid=8099)[0m drwxr-xr-x  6 root   root    4096 Aug  8  2025 nvvm
2026-03-20 22:01:17,430 - INFO - [36m(setup pid=8099)[0m drwxr-xr-x  3 root   root    4096 Aug  8  2025 share
2026-03-20 22:01:17,430 - INFO - [36m(setup pid=8099)[0m drwxr-xr-x  2 root   root    4096 Aug  8  2025 src
2026-03-20 22:01:17,430 - INFO - [36m(setup pid=8099)[0m drwxr-xr-x  3 root   root    4096 Aug  8  2025 targets
2026-03-20 22:01:17,430 - INFO - [36m(setup pid=8099)[0m drwxr-xr-x  2 root   root    4096 Aug  8  2025 tools
2026-03-20 22:01:17,430 - INFO - [36m(setup pid=8099)[0m -rw-r--r--  1 root   root    2940 Aug  8  2025 version.json
2026-03-20 22:01:17,430 - INFO - [36m(setup pid=8099)[0m
2026-03-20 22:01:17,430 - INFO - [36m(setup pid=8099)[0m /usr/local/cuda-12.6:
2026-03-20 22:01:17,430 - INFO - [36m(setup pid=8099)[0m total 188
2026-03-20 22:01:17,430 - INFO - [36m(setup pid=8099)[0m drwxr-xr-x 19 root   root    4096 Aug  8  2025 .
2026-03-20 22:01:17,430 - INFO - [36m(setup pid=8099)[0m drwxr-xr-x 15 root   root    4096 Aug  8  2025 ..
2026-03-20 22:01:17,430 - INFO - [36m(setup pid=8099)[0m -rw-r--r--  1 root   root     160 Aug  8  2025 DOCS
2026-03-20 22:01:17,430 - INFO - [36m(setup pid=8099)[0m -rw-r--r--  1 root   root   63021 Aug  8  2025 EULA.txt
2026-03-20 22:01:17,430 - INFO - [36m(setup pid=8099)[0m -rw-r--r--  1 ubuntu ubuntu 29574 Dec 30  2024 LICENSE
2026-03-20 22:01:17,430 - INFO - [36m(setup pid=8099)[0m -rw-r--r--  1 root   root    1895 Dec  7  2024 LICENSE.txt
2026-03-20 22:01:17,430 - INFO - [36m(setup pid=8099)[0m -rw-r--r--  1 root   root     524 Aug  8  2025 README
2026-03-20 22:01:17,430 - INFO - [36m(setup pid=8099)[0m drwxrwxr-x  3 root   root    4096 Dec  7  2024 bin
2026-03-20 22:01:17,430 - INFO - [36m(setup pid=8099)[0m drwxr-xr-x  5 root   root    4096 Aug  8  2025 compute-sanitizer
2026-03-20 22:01:17,430 - INFO - [36m(setup pid=8099)[0m drwxr-xr-x  3 root   root    4096 Aug  8  2025 efa
2026-03-20 22:01:17,430 - INFO - [36m(setup pid=8099)[0m drwxr-xr-x  5 root   root    4096 Aug  8  2025 extras
2026-03-20 22:01:17,430 - INFO - [36m(setup pid=8099)[0m drwxr-xr-x  5 root   root    4096 Aug  8  2025 gds
2026-03-20 22:01:17,430 - INFO - [36m(setup pid=8099)[0m drwxr-xr-x  2 root   root    4096 Aug  8  2025 gds-12.6
2026-03-20 22:01:17,430 - INFO - [36m(setup pid=8099)[0m lrwxrwxrwx  1 root   root      28 Aug  8  2025 include -> targets/x86_64-linux/include
2026-03-20 22:01:17,430 - INFO - [36m(setup pid=8099)[0m drwxrwxr-x  3 root   root    4096 Aug  8  2025 lib
2026-03-20 22:01:17,430 - INFO - [36m(setup pid=8099)[0m lrwxrwxrwx  1 root   root      24 Aug  8  2025 lib64 -> targets/x86_64-linux/lib
2026-03-20 22:01:17,430 - INFO - [36m(setup pid=8099)[0m drwxr-xr-x  7 root   root    4096 Aug  8  2025 libnvvp
2026-03-20 22:01:17,430 - INFO - [36m(setup pid=8099)[0m drwxr-xr-x  7 root   root    4096 Aug  8  2025 nsight-compute-2024.3.2
2026-03-20 22:01:17,430 - INFO - [36m(setup pid=8099)[0m drwxr-xr-x  6 root   root    4096 Aug  8  2025 nsight-systems-2024.5.1
2026-03-20 22:01:17,430 - INFO - [36m(setup pid=8099)[0m drwxr-xr-x  2 root   root    4096 Aug  8  2025 nsightee_plugins
2026-03-20 22:01:17,430 - INFO - [36m(setup pid=8099)[0m drwxr-xr-x  3 root   root    4096 Aug  8  2025 nvml
2026-03-20 22:01:17,430 - INFO - [36m(setup pid=8099)[0m drwxr-xr-x  6 root   root    4096 Aug  8  2025 nvvm
2026-03-20 22:01:17,430 - INFO - [36m(setup pid=8099)[0m drwxr-xr-x  3 root   root    4096 Aug  8  2025 share
2026-03-20 22:01:17,430 - INFO - [36m(setup pid=8099)[0m drwxr-xr-x  2 root   root    4096 Aug  8  2025 src
2026-03-20 22:01:17,430 - INFO - [36m(setup pid=8099)[0m drwxr-xr-x  3 root   root    4096 Aug  8  2025 targets
2026-03-20 22:01:17,430 - INFO - [36m(setup pid=8099)[0m drwxr-xr-x  2 root   root    4096 Aug  8  2025 tools
2026-03-20 22:01:17,430 - INFO - [36m(setup pid=8099)[0m -rw-r--r--  1 root   root    2935 Aug  8  2025 version.json
2026-03-20 22:01:17,430 - INFO - [36m(setup pid=8099)[0m
2026-03-20 22:01:17,430 - INFO - [36m(setup pid=8099)[0m /usr/local/cuda-12.8:
2026-03-20 22:01:17,430 - INFO - [36m(setup pid=8099)[0m total 188
2026-03-20 22:01:17,530 - INFO - [36m(setup pid=8099)[0m drwxr-xr-x 19 root   root    4096 Aug  8  2025 .
2026-03-20 22:01:17,530 - INFO - [36m(setup pid=8099)[0m drwxr-xr-x 15 root   root    4096 Aug  8  2025 ..
2026-03-20 22:01:17,530 - INFO - [36m(setup pid=8099)[0m -rw-r--r--  1 root   root     160 Aug  8  2025 DOCS
2026-03-20 22:01:17,530 - INFO - [36m(setup pid=8099)[0m -rw-r--r--  1 root   root   63021 Aug  8  2025 EULA.txt
2026-03-20 22:01:17,530 - INFO - [36m(setup pid=8099)[0m -rw-r--r--  1 ubuntu ubuntu 29574 May 31  2025 LICENSE
2026-03-20 22:01:17,530 - INFO - [36m(setup pid=8099)[0m -rw-r--r--  1 root   root    1895 May 15  2025 LICENSE.txt
2026-03-20 22:01:17,530 - INFO - [36m(setup pid=8099)[0m -rw-r--r--  1 root   root     524 Aug  8  2025 README
2026-03-20 22:01:17,530 - INFO - [36m(setup pid=8099)[0m drwxr-xr-x  3 root   root    4096 May 15  2025 bin
2026-03-20 22:01:17,530 - INFO - [36m(setup pid=8099)[0m drwxr-xr-x  5 root   root    4096 Aug  8  2025 compute-sanitizer
2026-03-20 22:01:17,530 - INFO - [36m(setup pid=8099)[0m lrwxrwxrwx  1 root   root      20 Aug  8  2025 cuda-12.8 -> /usr/local/cuda-12.8
2026-03-20 22:01:17,530 - INFO - [36m(setup pid=8099)[0m drwxr-xr-x  3 root   root    4096 Aug  8  2025 efa
2026-03-20 22:01:17,530 - INFO - [36m(setup pid=8099)[0m drwxr-xr-x  5 root   root    4096 Aug  8  2025 extras
2026-03-20 22:01:17,530 - INFO - [36m(setup pid=8099)[0m drwxr-xr-x  5 root   root    4096 Aug  8  2025 gds
2026-03-20 22:01:17,530 - INFO - [36m(setup pid=8099)[0m drwxr-xr-x  2 root   root    4096 Aug  8  2025 gds-12.8
2026-03-20 22:01:17,530 - INFO - [36m(setup pid=8099)[0m lrwxrwxrwx  1 root   root      28 Aug  8  2025 include -> targets/x86_64-linux/include
2026-03-20 22:01:17,530 - INFO - [36m(setup pid=8099)[0m drwxr-xr-x  3 root   root    4096 Aug  8  2025 lib
2026-03-20 22:01:17,530 - INFO - [36m(setup pid=8099)[0m lrwxrwxrwx  1 root   root      24 Aug  8  2025 lib64 -> targets/x86_64-linux/lib
2026-03-20 22:01:17,530 - INFO - [36m(setup pid=8099)[0m drwxr-xr-x  7 root   root    4096 Aug  8  2025 libnvvp
2026-03-20 22:01:17,530 - INFO - [36m(setup pid=8099)[0m drwxr-xr-x  7 root   root    4096 Aug  8  2025 nsight-compute-2025.1.1
2026-03-20 22:01:17,530 - INFO - [36m(setup pid=8099)[0m drwxr-xr-x  6 root   root    4096 Aug  8  2025 nsight-systems-2024.6.2
2026-03-20 22:01:17,530 - INFO - [36m(setup pid=8099)[0m drwxr-xr-x  2 root   root    4096 Aug  8  2025 nsightee_plugins
2026-03-20 22:01:17,530 - INFO - [36m(setup pid=8099)[0m drwxr-xr-x  3 root   root    4096 Aug  8  2025 nvml
2026-03-20 22:01:17,530 - INFO - [36m(setup pid=8099)[0m drwxr-xr-x  6 root   root    4096 Aug  8  2025 nvvm
2026-03-20 22:01:17,530 - INFO - [36m(setup pid=8099)[0m drwxr-xr-x  3 root   root    4096 Aug  8  2025 share
2026-03-20 22:01:17,530 - INFO - [36m(setup pid=8099)[0m drwxr-xr-x  2 root   root    4096 Aug  8  2025 src
2026-03-20 22:01:17,530 - INFO - [36m(setup pid=8099)[0m drwxr-xr-x  3 root   root    4096 Aug  8  2025 targets
2026-03-20 22:01:17,530 - INFO - [36m(setup pid=8099)[0m drwxr-xr-x  2 root   root    4096 Aug  8  2025 tools
2026-03-20 22:01:17,530 - INFO - [36m(setup pid=8099)[0m -rw-r--r--  1 root   root    2940 Aug  8  2025 version.json
2026-03-20 22:01:17,530 - INFO - [36m(setup pid=8099)[0m + echo ===================================
2026-03-20 22:01:17,530 - INFO - [36m(setup pid=8099)[0m ===================================
2026-03-20 22:01:17,530 - INFO - [36m(setup pid=8099)[0m + command -v nvidia-smi
2026-03-20 22:01:17,530 - INFO - [36m(setup pid=8099)[0m + '[' true = true ']'
2026-03-20 22:01:17,530 - INFO - [36m(setup pid=8099)[0m + echo '=== Fabric Manager for NVSwitch ==='
2026-03-20 22:01:17,531 - INFO - [36m(setup pid=8099)[0m === Fabric Manager for NVSwitch ===
2026-03-20 22:01:17,531 - INFO - [36m(setup pid=8099)[0m + systemctl is-active --quiet nvidia-fabricmanager
2026-03-20 22:01:17,531 - INFO - [36m(setup pid=8099)[0m + echo 'Fabric Manager already running'
2026-03-20 22:01:17,531 - INFO - [36m(setup pid=8099)[0m Fabric Manager already running
2026-03-20 22:01:17,531 - INFO - [36m(setup pid=8099)[0m + awk 'NR<=15'
2026-03-20 22:01:17,531 - INFO - [36m(setup pid=8099)[0m + nvidia-smi topo -m
2026-03-20 22:01:17,531 - INFO - [36m(setup pid=8099)[0m 	[4mGPU0	GPU1	GPU2	GPU3	GPU4	GPU5	GPU6	GPU7	CPU Affinity	NUMA Affinity	GPU NUMA ID[0m
2026-03-20 22:01:17,531 - INFO - [36m(setup pid=8099)[0m GPU0	 X 	NV12	NV12	NV12	NV12	NV12	NV12	NV12	0-23,48-71	0		N/A
2026-03-20 22:01:17,531 - INFO - [36m(setup pid=8099)[0m GPU1	NV12	 X 	NV12	NV12	NV12	NV12	NV12	NV12	0-23,48-71	0		N/A
2026-03-20 22:01:17,531 - INFO - [36m(setup pid=8099)[0m GPU2	NV12	NV12	 X 	NV12	NV12	NV12	NV12	NV12	0-23,48-71	0		N/A
2026-03-20 22:01:17,531 - INFO - [36m(setup pid=8099)[0m GPU3	NV12	NV12	NV12	 X 	NV12	NV12	NV12	NV12	0-23,48-71	0		N/A
2026-03-20 22:01:17,531 - INFO - [36m(setup pid=8099)[0m GPU4	NV12	NV12	NV12	NV12	 X 	NV12	NV12	NV12	24-47,72-95	1		N/A
2026-03-20 22:01:17,531 - INFO - [36m(setup pid=8099)[0m GPU5	NV12	NV12	NV12	NV12	NV12	 X 	NV12	NV12	24-47,72-95	1		N/A
2026-03-20 22:01:17,531 - INFO - [36m(setup pid=8099)[0m GPU6	NV12	NV12	NV12	NV12	NV12	NV12	 X 	NV12	24-47,72-95	1		N/A
2026-03-20 22:01:17,531 - INFO - [36m(setup pid=8099)[0m GPU7	NV12	NV12	NV12	NV12	NV12	NV12	NV12	 X 	24-47,72-95	1		N/A
2026-03-20 22:01:17,531 - INFO - [36m(setup pid=8099)[0m
2026-03-20 22:01:17,531 - INFO - [36m(setup pid=8099)[0m Legend:
2026-03-20 22:01:17,531 - INFO - [36m(setup pid=8099)[0m
2026-03-20 22:01:17,531 - INFO - [36m(setup pid=8099)[0m   X    = Self
2026-03-20 22:01:17,531 - INFO - [36m(setup pid=8099)[0m   SYS  = Connection traversing PCIe as well as the SMP interconnect between NUMA nodes (e.g., QPI/UPI)
2026-03-20 22:01:17,531 - INFO - [36m(setup pid=8099)[0m   NODE = Connection traversing PCIe as well as the interconnect between PCIe Host Bridges within a NUMA node
2026-03-20 22:01:17,531 - INFO - [36m(setup pid=8099)[0m + sudo apt-get install -y numactl
2026-03-20 22:01:17,531 - INFO - [36m(setup pid=8099)[0m Reading package lists...
2026-03-20 22:01:17,531 - INFO - [36m(setup pid=8099)[0m Building dependency tree...
2026-03-20 22:01:17,531 - INFO - [36m(setup pid=8099)[0m Reading state information...
2026-03-20 22:01:17,531 - INFO - [36m(setup pid=8099)[0m The following NEW packages will be installed:
2026-03-20 22:01:17,531 - INFO - [36m(setup pid=8099)[0m   numactl
2026-03-20 22:01:17,531 - INFO - [36m(setup pid=8099)[0m 0 upgraded, 1 newly installed, 0 to remove and 0 not upgraded.
2026-03-20 22:01:17,531 - INFO - [36m(setup pid=8099)[0m Need to get 36.8 kB of archives.
2026-03-20 22:01:17,531 - INFO - [36m(setup pid=8099)[0m After this operation, 140 kB of additional disk space will be used.
2026-03-20 22:01:17,531 - INFO - [36m(setup pid=8099)[0m Get:1 http://us-east-1.ec2.archive.ubuntu.com/ubuntu jammy/main amd64 numactl amd64 2.0.14-3ubuntu2 [36.8 kB]
2026-03-20 22:01:17,531 - INFO - [36m(setup pid=8099)[0m Fetched 36.8 kB in 0s (2812 kB/s)
2026-03-20 22:01:17,531 - INFO - [36m(setup pid=8099)[0m Selecting previously unselected package numactl.
2026-03-20 22:01:17,531 - INFO - [36m(setup pid=8099)[0m (Reading database ...
2026-03-20 22:01:18,639 - INFO - (Reading database ... 5%
2026-03-20 22:01:18,639 - INFO - (Reading database ... 10%
2026-03-20 22:01:18,639 - INFO - (Reading database ... 15%
2026-03-20 22:01:18,639 - INFO - (Reading database ... 20%
2026-03-20 22:01:18,639 - INFO - (Reading database ... 25%
2026-03-20 22:01:18,639 - INFO - (Reading database ... 30%
2026-03-20 22:01:18,639 - INFO - (Reading database ... 35%
2026-03-20 22:01:18,639 - INFO - (Reading database ... 40%
2026-03-20 22:01:18,639 - INFO - (Reading database ... 45%
2026-03-20 22:01:18,639 - INFO - [36m(setup pid=8099)[0m (Reading database ... 50%
2026-03-20 22:01:18,639 - INFO - [36m(setup pid=8099)[0m (Reading database ... 55%
2026-03-20 22:01:18,639 - INFO - [36m(setup pid=8099)[0m (Reading database ... 60%
2026-03-20 22:01:18,639 - INFO - [36m(setup pid=8099)[0m (Reading database ... 65%
2026-03-20 22:01:18,639 - INFO - [36m(setup pid=8099)[0m (Reading database ... 70%
2026-03-20 22:01:18,639 - INFO - [36m(setup pid=8099)[0m (Reading database ... 75%
2026-03-20 22:01:22,761 - INFO - [36m(setup pid=8099)[0m (Reading database ... 80%
2026-03-20 22:01:26,183 - INFO - [36m(setup pid=8099)[0m (Reading database ... 85%
2026-03-20 22:01:29,503 - INFO - [36m(setup pid=8099)[0m (Reading database ... 90%
2026-03-20 22:01:30,410 - INFO - [36m(setup pid=8099)[0m (Reading database ... 95%
2026-03-20 22:01:30,411 - INFO - (Reading database ... 100%
2026-03-20 22:01:30,411 - INFO - (Reading database ... 96613 files and directories currently installed.)
2026-03-20 22:01:30,411 - INFO - [36m(setup pid=8099)[0m Preparing to unpack .../numactl_2.0.14-3ubuntu2_amd64.deb ...
2026-03-20 22:01:30,411 - INFO - [36m(setup pid=8099)[0m Unpacking numactl (2.0.14-3ubuntu2) ...
2026-03-20 22:01:30,411 - INFO - [36m(setup pid=8099)[0m Setting up numactl (2.0.14-3ubuntu2) ...
2026-03-20 22:01:45,486 - INFO - [36m(setup pid=8099)[0m Processing triggers for man-db (2.10.2-1) ...
2026-03-20 22:01:45,486 - INFO - [36m(setup pid=8099)[0m
2026-03-20 22:01:47,495 - INFO - [36m(setup pid=8099)[0m Running kernel seems to be up-to-date.
2026-03-20 22:01:47,495 - INFO - [36m(setup pid=8099)[0m
2026-03-20 22:01:47,495 - INFO - [36m(setup pid=8099)[0m No services need to be restarted.
2026-03-20 22:01:47,495 - INFO - [36m(setup pid=8099)[0m
2026-03-20 22:01:47,495 - INFO - [36m(setup pid=8099)[0m No containers need to be restarted.
2026-03-20 22:01:47,495 - INFO - [36m(setup pid=8099)[0m
2026-03-20 22:01:47,495 - INFO - [36m(setup pid=8099)[0m No user sessions are running outdated binaries.
2026-03-20 22:01:47,495 - INFO - [36m(setup pid=8099)[0m
2026-03-20 22:01:47,495 - INFO - [36m(setup pid=8099)[0m No VM guests are running outdated hypervisor (qemu) binaries on this host.
2026-03-20 22:01:47,495 - INFO - [36m(setup pid=8099)[0m + command -v uv
2026-03-20 22:01:48,199 - INFO - [36m(setup pid=8099)[0m + export PATH=/home/ubuntu/.local/bin:/home/ubuntu/.local/bin:/home/ubuntu/.local/bin:/home/ubuntu/miniconda3/bin:/home/ubuntu/miniconda3/condabin:/opt/amazon/openmpi/bin:/opt/amazon/efa/bin:/usr/local/cuda-12.8/bin:/usr/local/cuda-12.8/include:/usr/local/cuda-12.8/bin:/usr/local/cuda-12.8/include:/usr/local/sbin:/usr/local/bin:/usr/sbin:/usr/bin:/sbin:/bin:/usr/games:/usr/local/games:/snap/bin
2026-03-20 22:01:48,199 - INFO - [36m(setup pid=8099)[0m + PATH=/home/ubuntu/.local/bin:/home/ubuntu/.local/bin:/home/ubuntu/.local/bin:/home/ubuntu/miniconda3/bin:/home/ubuntu/miniconda3/condabin:/opt/amazon/openmpi/bin:/opt/amazon/efa/bin:/usr/local/cuda-12.8/bin:/usr/local/cuda-12.8/include:/usr/local/cuda-12.8/bin:/usr/local/cuda-12.8/include:/usr/local/sbin:/usr/local/bin:/usr/sbin:/usr/bin:/sbin:/bin:/usr/games:/usr/local/games:/snap/bin
2026-03-20 22:01:48,199 - INFO - [36m(setup pid=8099)[0m + uv venv --python 3.12 --seed --allow-existing
2026-03-20 22:01:48,199 - INFO - [36m(setup pid=8099)[0m Downloading cpython-3.12.13-linux-x86_64-gnu (download) (32.3MiB)
2026-03-20 22:01:48,701 - INFO - [36m(setup pid=8099)[0m  Downloaded cpython-3.12.13-linux-x86_64-gnu (download)
2026-03-20 22:01:48,701 - INFO - [36m(setup pid=8099)[0m Using CPython 3.12.13
2026-03-20 22:01:48,701 - INFO - [36m(setup pid=8099)[0m Creating virtual environment with seed packages at: .venv
2026-03-20 22:01:48,701 - INFO - [36m(setup pid=8099)[0m  + pip==26.0.1
2026-03-20 22:01:48,701 - INFO - [36m(setup pid=8099)[0m Activate with: source .venv/bin/activate
2026-03-20 22:01:48,701 - INFO - [36m(setup pid=8099)[0m + source .venv/bin/activate
2026-03-20 22:01:48,701 - INFO - [36m(setup pid=8099)[0m ++ '[' -z '' ']'
2026-03-20 22:01:48,701 - INFO - [36m(setup pid=8099)[0m ++ '[' -n x ']'
2026-03-20 22:01:48,701 - INFO - [36m(setup pid=8099)[0m ++ SCRIPT_PATH=.venv/bin/activate
2026-03-20 22:01:48,701 - INFO - [36m(setup pid=8099)[0m ++ '[' .venv/bin/activate = /tmp/sky_setup_sky-2026-03-20-21-53-40-612374 ']'
2026-03-20 22:01:48,701 - INFO - [36m(setup pid=8099)[0m ++ deactivate nondestructive
2026-03-20 22:01:48,701 - INFO - [36m(setup pid=8099)[0m ++ unset -f pydoc
2026-03-20 22:01:48,701 - INFO - [36m(setup pid=8099)[0m ++ '[' -z '' ']'
2026-03-20 22:01:48,701 - INFO - [36m(setup pid=8099)[0m ++ '[' -z '' ']'
2026-03-20 22:01:48,702 - INFO - [36m(setup pid=8099)[0m ++ hash -r
2026-03-20 22:01:48,702 - INFO - [36m(setup pid=8099)[0m ++ '[' -z '' ']'
2026-03-20 22:01:48,702 - INFO - [36m(setup pid=8099)[0m ++ unset VIRTUAL_ENV
2026-03-20 22:01:48,702 - INFO - [36m(setup pid=8099)[0m ++ unset VIRTUAL_ENV_PROMPT
2026-03-20 22:01:48,702 - INFO - [36m(setup pid=8099)[0m ++ '[' '!' nondestructive = nondestructive ']'
2026-03-20 22:01:48,702 - INFO - [36m(setup pid=8099)[0m ++ VIRTUAL_ENV=/home/ubuntu/sky_workdir/.venv
2026-03-20 22:01:48,702 - INFO - [36m(setup pid=8099)[0m ++ '[' linux-gnu = cygwin ']'
2026-03-20 22:01:48,702 - INFO - [36m(setup pid=8099)[0m ++ '[' linux-gnu = msys ']'
2026-03-20 22:01:48,702 - INFO - [36m(setup pid=8099)[0m ++ export VIRTUAL_ENV
2026-03-20 22:01:48,702 - INFO - [36m(setup pid=8099)[0m ++ '[' -z '' ']'
2026-03-20 22:01:48,702 - INFO - [36m(setup pid=8099)[0m ++ unset SCRIPT_PATH
2026-03-20 22:01:48,702 - INFO - [36m(setup pid=8099)[0m ++ _OLD_VIRTUAL_PATH=/home/ubuntu/.local/bin:/home/ubuntu/.local/bin:/home/ubuntu/.local/bin:/home/ubuntu/miniconda3/bin:/home/ubuntu/miniconda3/condabin:/opt/amazon/openmpi/bin:/opt/amazon/efa/bin:/usr/local/cuda-12.8/bin:/usr/local/cuda-12.8/include:/usr/local/cuda-12.8/bin:/usr/local/cuda-12.8/include:/usr/local/sbin:/usr/local/bin:/usr/sbin:/usr/bin:/sbin:/bin:/usr/games:/usr/local/games:/snap/bin
2026-03-20 22:01:48,702 - INFO - [36m(setup pid=8099)[0m ++ PATH=/home/ubuntu/sky_workdir/.venv/bin:/home/ubuntu/.local/bin:/home/ubuntu/.local/bin:/home/ubuntu/.local/bin:/home/ubuntu/miniconda3/bin:/home/ubuntu/miniconda3/condabin:/opt/amazon/openmpi/bin:/opt/amazon/efa/bin:/usr/local/cuda-12.8/bin:/usr/local/cuda-12.8/include:/usr/local/cuda-12.8/bin:/usr/local/cuda-12.8/include:/usr/local/sbin:/usr/local/bin:/usr/sbin:/usr/bin:/sbin:/bin:/usr/games:/usr/local/games:/snap/bin
2026-03-20 22:01:48,702 - INFO - [36m(setup pid=8099)[0m ++ export PATH
2026-03-20 22:01:48,702 - INFO - [36m(setup pid=8099)[0m ++ '[' xsky_workdir '!=' x ']'
2026-03-20 22:01:48,702 - INFO - [36m(setup pid=8099)[0m ++ VIRTUAL_ENV_PROMPT=sky_workdir
2026-03-20 22:01:48,702 - INFO - [36m(setup pid=8099)[0m ++ export VIRTUAL_ENV_PROMPT
2026-03-20 22:01:48,702 - INFO - [36m(setup pid=8099)[0m ++ '[' -z '' ']'
2026-03-20 22:01:48,702 - INFO - [36m(setup pid=8099)[0m ++ '[' -z '' ']'
2026-03-20 22:01:48,702 - INFO - [36m(setup pid=8099)[0m ++ _OLD_VIRTUAL_PS1='(base) ${debian_chroot:+($debian_chroot)}\u@\h:\w\$ '
2026-03-20 22:01:48,702 - INFO - [36m(setup pid=8099)[0m ++ PS1='(sky_workdir) (base) ${debian_chroot:+($debian_chroot)}\u@\h:\w\$ '
2026-03-20 22:01:48,702 - INFO - [36m(setup pid=8099)[0m ++ export PS1
2026-03-20 22:01:48,702 - INFO - [36m(setup pid=8099)[0m ++ alias pydoc
2026-03-20 22:01:48,702 - INFO - [36m(setup pid=8099)[0m ++ true
2026-03-20 22:01:48,702 - INFO - [36m(setup pid=8099)[0m ++ hash -r
2026-03-20 22:01:49,403 - INFO - [36m(setup pid=8099)[0m + uv pip install datasets requests pynvml aiohttp
2026-03-20 22:01:49,403 - INFO - [36m(setup pid=8099)[0m Resolved 44 packages in 72ms
2026-03-20 22:01:49,403 - INFO - [36m(setup pid=8099)[0m Downloading aiohttp (1.7MiB)
2026-03-20 22:01:49,403 - INFO - [36m(setup pid=8099)[0m Downloading numpy (15.9MiB)
2026-03-20 22:01:49,403 - INFO - [36m(setup pid=8099)[0m Downloading pandas (10.4MiB)
2026-03-20 22:01:49,403 - INFO - [36m(setup pid=8099)[0m Downloading pyarrow (45.4MiB)
2026-03-20 22:01:49,403 - INFO - [36m(setup pid=8099)[0m Downloading hf-xet (4.0MiB)
2026-03-20 22:01:49,403 - INFO - [36m(setup pid=8099)[0m  Downloaded hf-xet
2026-03-20 22:01:50,107 - INFO - [36m(setup pid=8099)[0m  Downloaded aiohttp
2026-03-20 22:01:50,107 - INFO - [36m(setup pid=8099)[0m  Downloaded pyarrow
2026-03-20 22:01:50,713 - INFO - [36m(setup pid=8099)[0m  Downloaded numpy
2026-03-20 22:01:50,713 - INFO - [36m(setup pid=8099)[0m  Downloaded pandas
2026-03-20 22:01:50,713 - INFO - [36m(setup pid=8099)[0m Prepared 21 packages in 971ms
2026-03-20 22:01:50,713 - INFO - [36m(setup pid=8099)[0m Installed 44 packages in 35ms
2026-03-20 22:01:50,713 - INFO - [36m(setup pid=8099)[0m  + aiohappyeyeballs==2.6.1
2026-03-20 22:01:50,713 - INFO - [36m(setup pid=8099)[0m  + aiohttp==3.13.3
2026-03-20 22:01:50,713 - INFO - [36m(setup pid=8099)[0m  + aiosignal==1.4.0
2026-03-20 22:01:50,713 - INFO - [36m(setup pid=8099)[0m  + annotated-doc==0.0.4
2026-03-20 22:01:50,713 - INFO - [36m(setup pid=8099)[0m  + anyio==4.12.1
2026-03-20 22:01:50,713 - INFO - [36m(setup pid=8099)[0m  + attrs==26.1.0
2026-03-20 22:01:50,713 - INFO - [36m(setup pid=8099)[0m  + certifi==2026.2.25
2026-03-20 22:01:50,713 - INFO - [36m(setup pid=8099)[0m  + charset-normalizer==3.4.6
2026-03-20 22:01:50,713 - INFO - [36m(setup pid=8099)[0m  + click==8.3.1
2026-03-20 22:01:50,713 - INFO - [36m(setup pid=8099)[0m  + datasets==4.8.3
2026-03-20 22:01:50,713 - INFO - [36m(setup pid=8099)[0m  + dill==0.4.1
2026-03-20 22:01:50,713 - INFO - [36m(setup pid=8099)[0m  + filelock==3.25.2
2026-03-20 22:01:50,713 - INFO - [36m(setup pid=8099)[0m  + frozenlist==1.8.0
2026-03-20 22:01:50,713 - INFO - [36m(setup pid=8099)[0m  + fsspec==2026.2.0
2026-03-20 22:01:50,713 - INFO - [36m(setup pid=8099)[0m  + h11==0.16.0
2026-03-20 22:01:50,713 - INFO - [36m(setup pid=8099)[0m  + hf-xet==1.4.2
2026-03-20 22:01:50,713 - INFO - [36m(setup pid=8099)[0m  + httpcore==1.0.9
2026-03-20 22:01:50,713 - INFO - [36m(setup pid=8099)[0m  + httpx==0.28.1
2026-03-20 22:01:50,713 - INFO - [36m(setup pid=8099)[0m  + huggingface-hub==1.7.2
2026-03-20 22:01:50,713 - INFO - [36m(setup pid=8099)[0m  + idna==3.11
2026-03-20 22:01:50,713 - INFO - [36m(setup pid=8099)[0m  + markdown-it-py==4.0.0
2026-03-20 22:01:50,713 - INFO - [36m(setup pid=8099)[0m  + mdurl==0.1.2
2026-03-20 22:01:50,713 - INFO - [36m(setup pid=8099)[0m  + multidict==6.7.1
2026-03-20 22:01:50,713 - INFO - [36m(setup pid=8099)[0m  + multiprocess==0.70.19
2026-03-20 22:01:50,713 - INFO - [36m(setup pid=8099)[0m  + numpy==2.4.3
2026-03-20 22:01:50,713 - INFO - [36m(setup pid=8099)[0m  + nvidia-ml-py==13.595.45
2026-03-20 22:01:50,713 - INFO - [36m(setup pid=8099)[0m  + packaging==26.0
2026-03-20 22:01:50,713 - INFO - [36m(setup pid=8099)[0m  + pandas==3.0.1
2026-03-20 22:01:50,713 - INFO - [36m(setup pid=8099)[0m  + propcache==0.4.1
2026-03-20 22:01:50,713 - INFO - [36m(setup pid=8099)[0m  + pyarrow==23.0.1
2026-03-20 22:01:50,713 - INFO - [36m(setup pid=8099)[0m  + pygments==2.19.2
2026-03-20 22:01:50,713 - INFO - [36m(setup pid=8099)[0m  + pynvml==13.0.1
2026-03-20 22:01:50,713 - INFO - [36m(setup pid=8099)[0m  + python-dateutil==2.9.0.post0
2026-03-20 22:01:50,713 - INFO - [36m(setup pid=8099)[0m  + pyyaml==6.0.3
2026-03-20 22:01:50,713 - INFO - [36m(setup pid=8099)[0m  + requests==2.32.5
2026-03-20 22:01:50,713 - INFO - [36m(setup pid=8099)[0m  + rich==14.3.3
2026-03-20 22:01:50,713 - INFO - [36m(setup pid=8099)[0m  + shellingham==1.5.4
2026-03-20 22:01:50,713 - INFO - [36m(setup pid=8099)[0m  + six==1.17.0
2026-03-20 22:01:50,713 - INFO - [36m(setup pid=8099)[0m  + tqdm==4.67.3
2026-03-20 22:01:50,713 - INFO - [36m(setup pid=8099)[0m  + typer==0.24.1
2026-03-20 22:01:50,713 - INFO - [36m(setup pid=8099)[0m  + typing-extensions==4.15.0
2026-03-20 22:01:50,713 - INFO - [36m(setup pid=8099)[0m  + urllib3==2.6.3
2026-03-20 22:01:50,713 - INFO - [36m(setup pid=8099)[0m  + xxhash==3.6.0
2026-03-20 22:01:50,713 - INFO - [36m(setup pid=8099)[0m  + yarl==1.23.0
2026-03-20 22:01:50,713 - INFO - [36m(setup pid=8099)[0m + echo '=== Installing vLLM 0.10.0 ==='
2026-03-20 22:01:50,713 - INFO - [36m(setup pid=8099)[0m === Installing vLLM 0.10.0 ===
2026-03-20 22:01:50,713 - INFO - [36m(setup pid=8099)[0m + uv pip install vllm==0.10.0 'ray[cgraph]'
2026-03-20 22:01:50,713 - INFO - [36m(setup pid=8099)[0m Resolved 141 packages in 299ms
2026-03-20 22:01:50,713 - INFO - [36m(setup pid=8099)[0m Downloading sympy (6.0MiB)
2026-03-20 22:01:50,713 - INFO - [36m(setup pid=8099)[0m Downloading networkx (2.0MiB)
2026-03-20 22:01:50,714 - INFO - [36m(setup pid=8099)[0m Downloading sentencepiece (1.3MiB)
2026-03-20 22:01:50,714 - INFO - [36m(setup pid=8099)[0m Downloading tiktoken (1.1MiB)
2026-03-20 22:01:50,714 - INFO - [36m(setup pid=8099)[0m Downloading numba (3.7MiB)
2026-03-20 22:01:50,714 - INFO - [36m(setup pid=8099)[0m Downloading soundfile (1.3MiB)
2026-03-20 22:01:50,714 - INFO - [36m(setup pid=8099)[0m Downloading setuptools (1.2MiB)
2026-03-20 22:01:50,714 - INFO - [36m(setup pid=8099)[0m Downloading torchaudio (3.3MiB)
2026-03-20 22:01:50,714 - INFO - [36m(setup pid=8099)[0m Downloading opencv-python-headless (57.6MiB)
2026-03-20 22:01:50,714 - INFO - [36m(setup pid=8099)[0m Downloading transformers (10.2MiB)
2026-03-20 22:01:50,714 - INFO - [36m(setup pid=8099)[0m Downloading scipy (33.6MiB)
2026-03-20 22:01:50,714 - INFO - [36m(setup pid=8099)[0m Downloading pycountry (7.7MiB)
2026-03-20 22:01:50,714 - INFO - [36m(setup pid=8099)[0m Downloading uvloop (4.2MiB)
2026-03-20 22:01:50,714 - INFO - [36m(setup pid=8099)[0m Downloading pillow (6.7MiB)
2026-03-20 22:01:50,714 - INFO - [36m(setup pid=8099)[0m Downloading tokenizers (3.1MiB)
2026-03-20 22:01:50,714 - INFO - [36m(setup pid=8099)[0m Downloading mistral-common (6.2MiB)
2026-03-20 22:01:50,714 - INFO - [36m(setup pid=8099)[0m Downloading nvidia-nccl-cu12 (192.0MiB)
2026-03-20 22:01:50,714 - INFO - [36m(setup pid=8099)[0m Downloading llvmlite (40.4MiB)
2026-03-20 22:01:50,714 - INFO - [36m(setup pid=8099)[0m Downloading xgrammar (11.3MiB)
2026-03-20 22:01:50,714 - INFO - [36m(setup pid=8099)[0m Downloading vllm (368.7MiB)
2026-03-20 22:01:50,714 - INFO - [36m(setup pid=8099)[0m Downloading outlines-core (2.2MiB)
2026-03-20 22:01:50,714 - INFO - [36m(setup pid=8099)[0m Downloading pydantic-core (2.0MiB)
2026-03-20 22:01:50,714 - INFO - [36m(setup pid=8099)[0m Downloading numpy (15.8MiB)
2026-03-20 22:01:50,714 - INFO - [36m(setup pid=8099)[0m Downloading nvidia-cublas-cu12 (374.9MiB)
2026-03-20 22:01:50,714 - INFO - [36m(setup pid=8099)[0m Downloading nvidia-cusparselt-cu12 (149.5MiB)
2026-03-20 22:01:50,714 - INFO - [36m(setup pid=8099)[0m Downloading nvidia-cusolver-cu12 (150.9MiB)
2026-03-20 22:01:50,714 - INFO - [36m(setup pid=8099)[0m Downloading triton (148.5MiB)
2026-03-20 22:01:50,714 - INFO - [36m(setup pid=8099)[0m Downloading llguidance (14.3MiB)
2026-03-20 22:01:50,714 - INFO - [36m(setup pid=8099)[0m Downloading nvidia-curand-cu12 (53.7MiB)
2026-03-20 22:01:50,714 - INFO - [36m(setup pid=8099)[0m Downloading xformers (111.6MiB)
2026-03-20 22:01:50,714 - INFO - [36m(setup pid=8099)[0m Downloading nvidia-cufile-cu12 (1.1MiB)
2026-03-20 22:01:50,714 - INFO - [36m(setup pid=8099)[0m Downloading nvidia-cufft-cu12 (190.9MiB)
2026-03-20 22:01:50,714 - INFO - [36m(setup pid=8099)[0m Downloading nvidia-cuda-cupti-cu12 (8.5MiB)
2026-03-20 22:01:50,714 - INFO - [36m(setup pid=8099)[0m Downloading nvidia-nvjitlink-cu12 (18.8MiB)
2026-03-20 22:01:50,714 - INFO - [36m(setup pid=8099)[0m Downloading torch (783.0MiB)
2026-03-20 22:01:50,714 - INFO - [36m(setup pid=8099)[0m Downloading cupy-cuda12x (128.4MiB)
2026-03-20 22:01:51,318 - INFO - [36m(setup pid=8099)[0m Downloading ray (69.6MiB)
2026-03-20 22:01:51,318 - INFO - [36m(setup pid=8099)[0m Downloading nvidia-cusparse-cu12 (206.5MiB)
2026-03-20 22:01:51,318 - INFO - [36m(setup pid=8099)[0m Downloading nvidia-cudnn-cu12 (544.5MiB)
2026-03-20 22:01:51,318 - INFO - [36m(setup pid=8099)[0m Downloading nvidia-cuda-nvrtc-cu12 (22.6MiB)
2026-03-20 22:01:51,318 - INFO - [36m(setup pid=8099)[0m Downloading torchvision (7.1MiB)
2026-03-20 22:01:51,318 - INFO - [36m(setup pid=8099)[0m  Downloaded nvidia-cufile-cu12
2026-03-20 22:01:51,318 - INFO - [36m(setup pid=8099)[0m  Downloaded tiktoken
2026-03-20 22:01:51,318 - INFO - [36m(setup pid=8099)[0m  Downloaded sentencepiece
2026-03-20 22:01:51,318 - INFO - [36m(setup pid=8099)[0m  Downloaded soundfile
2026-03-20 22:01:51,318 - INFO - [36m(setup pid=8099)[0m  Downloaded pydantic-core
2026-03-20 22:01:51,922 - INFO - [36m(setup pid=8099)[0m  Downloaded outlines-core
2026-03-20 22:01:51,922 - INFO - [36m(setup pid=8099)[0m  Downloaded setuptools
2026-03-20 22:01:51,922 - INFO - [36m(setup pid=8099)[0m  Downloaded tokenizers
2026-03-20 22:01:52,524 - INFO - [36m(setup pid=8099)[0m  Downloaded networkx
2026-03-20 22:01:52,524 - INFO - [36m(setup pid=8099)[0m  Downloaded torchaudio
2026-03-20 22:01:52,524 - INFO - [36m(setup pid=8099)[0m  Downloaded uvloop
2026-03-20 22:01:52,524 - INFO - [36m(setup pid=8099)[0m  Downloaded numba
2026-03-20 22:01:52,524 - INFO - [36m(setup pid=8099)[0m  Downloaded mistral-common
2026-03-20 22:01:53,127 - INFO - [36m(setup pid=8099)[0m  Downloaded pillow
2026-03-20 22:01:53,127 - INFO - [36m(setup pid=8099)[0m  Downloaded torchvision
2026-03-20 22:01:53,127 - INFO - [36m(setup pid=8099)[0m  Downloaded pycountry
2026-03-20 22:01:53,629 - INFO - [36m(setup pid=8099)[0m  Downloaded nvidia-cuda-cupti-cu12
2026-03-20 22:01:53,629 - INFO - [36m(setup pid=8099)[0m  Downloaded sympy
2026-03-20 22:01:53,629 - INFO - [36m(setup pid=8099)[0m  Downloaded xgrammar
2026-03-20 22:01:54,334 - INFO - [36m(setup pid=8099)[0m  Downloaded llguidance
2026-03-20 22:01:54,334 - INFO - [36m(setup pid=8099)[0m  Downloaded numpy
2026-03-20 22:01:55,139 - INFO - [36m(setup pid=8099)[0m  Downloaded transformers
2026-03-20 22:01:55,139 - INFO - [36m(setup pid=8099)[0m  Downloaded nvidia-nvjitlink-cu12
2026-03-20 22:01:55,139 - INFO - [36m(setup pid=8099)[0m  Downloaded nvidia-cuda-nvrtc-cu12
2026-03-20 22:01:56,244 - INFO - [36m(setup pid=8099)[0m  Downloaded scipy
2026-03-20 22:01:56,948 - INFO - [36m(setup pid=8099)[0m  Downloaded llvmlite
2026-03-20 22:01:58,053 - INFO - [36m(setup pid=8099)[0m  Downloaded nvidia-curand-cu12
2026-03-20 22:01:58,957 - INFO - [36m(setup pid=8099)[0m  Downloaded opencv-python-headless
2026-03-20 22:02:00,666 - INFO - [36m(setup pid=8099)[0m  Downloaded ray
2026-03-20 22:02:03,279 - INFO - [36m(setup pid=8099)[0m  Downloaded xformers
2026-03-20 22:02:05,493 - INFO - [36m(setup pid=8099)[0m  Downloaded nvidia-cusolver-cu12
2026-03-20 22:02:06,399 - INFO - [36m(setup pid=8099)[0m  Downloaded nvidia-cusparselt-cu12
2026-03-20 22:02:06,399 - INFO - [36m(setup pid=8099)[0m  Downloaded triton
2026-03-20 22:02:07,003 - INFO - [36m(setup pid=8099)[0m  Downloaded cupy-cuda12x
2026-03-20 22:02:07,808 - INFO - [36m(setup pid=8099)[0m  Downloaded nvidia-cufft-cu12
2026-03-20 22:02:09,920 - INFO - [36m(setup pid=8099)[0m  Downloaded nvidia-nccl-cu12
2026-03-20 22:02:09,921 - INFO - [36m(setup pid=8099)[0m  Downloaded nvidia-cusparse-cu12
2026-03-20 22:02:09,921 - INFO - [36m(setup pid=8099)[0m  Downloaded nvidia-cublas-cu12
2026-03-20 22:02:11,932 - INFO - [36m(setup pid=8099)[0m  Downloaded vllm
2026-03-20 22:02:12,636 - INFO - [36m(setup pid=8099)[0m  Downloaded nvidia-cudnn-cu12
2026-03-20 22:02:17,866 - INFO - [36m(setup pid=8099)[0m  Downloaded torch
2026-03-20 22:02:18,570 - INFO - [36m(setup pid=8099)[0m Prepared 91 packages in 28.06s
2026-03-20 22:02:18,570 - INFO - [36m(setup pid=8099)[0m Uninstalled 1 package in 10ms
2026-03-20 22:02:18,570 - INFO - [36m(setup pid=8099)[0m Installed 106 packages in 305ms
2026-03-20 22:02:19,476 - INFO - [36m(setup pid=8099)[0m  + annotated-types==0.7.0
2026-03-20 22:02:19,476 - INFO - [36m(setup pid=8099)[0m  + astor==0.8.1
2026-03-20 22:02:19,476 - INFO - [36m(setup pid=8099)[0m  + blake3==1.0.8
2026-03-20 22:02:19,476 - INFO - [36m(setup pid=8099)[0m  + cachetools==7.0.5
2026-03-20 22:02:19,476 - INFO - [36m(setup pid=8099)[0m  + cbor2==5.8.0
2026-03-20 22:02:19,476 - INFO - [36m(setup pid=8099)[0m  + cffi==2.0.0
2026-03-20 22:02:19,476 - INFO - [36m(setup pid=8099)[0m  + cloudpickle==3.1.2
2026-03-20 22:02:19,476 - INFO - [36m(setup pid=8099)[0m  + compressed-tensors==0.10.2
2026-03-20 22:02:19,476 - INFO - [36m(setup pid=8099)[0m  + cuda-pathfinder==1.4.3
2026-03-20 22:02:19,476 - INFO - [36m(setup pid=8099)[0m  + cupy-cuda12x==14.0.1
2026-03-20 22:02:19,476 - INFO - [36m(setup pid=8099)[0m  + depyf==0.19.0
2026-03-20 22:02:19,476 - INFO - [36m(setup pid=8099)[0m  + diskcache==5.6.3
2026-03-20 22:02:19,476 - INFO - [36m(setup pid=8099)[0m  + distro==1.9.0
2026-03-20 22:02:19,476 - INFO - [36m(setup pid=8099)[0m  + dnspython==2.8.0
2026-03-20 22:02:19,476 - INFO - [36m(setup pid=8099)[0m  + einops==0.8.2
2026-03-20 22:02:19,476 - INFO - [36m(setup pid=8099)[0m  + email-validator==2.3.0
2026-03-20 22:02:19,476 - INFO - [36m(setup pid=8099)[0m  + fastapi==0.135.1
2026-03-20 22:02:19,476 - INFO - [36m(setup pid=8099)[0m  + fastapi-cli==0.0.24
2026-03-20 22:02:19,476 - INFO - [36m(setup pid=8099)[0m  + fastapi-cloud-cli==0.15.0
2026-03-20 22:02:19,476 - INFO - [36m(setup pid=8099)[0m  + fastar==0.9.0
2026-03-20 22:02:19,476 - INFO - [36m(setup pid=8099)[0m  + gguf==0.18.0
2026-03-20 22:02:19,476 - INFO - [36m(setup pid=8099)[0m  + httptools==0.7.1
2026-03-20 22:02:19,476 - INFO - [36m(setup pid=8099)[0m  + interegular==0.3.3
2026-03-20 22:02:19,476 - INFO - [36m(setup pid=8099)[0m  + jinja2==3.1.6
2026-03-20 22:02:19,476 - INFO - [36m(setup pid=8099)[0m  + jiter==0.13.0
2026-03-20 22:02:19,476 - INFO - [36m(setup pid=8099)[0m  + jsonschema==4.26.0
2026-03-20 22:02:19,476 - INFO - [36m(setup pid=8099)[0m  + jsonschema-specifications==2025.9.1
2026-03-20 22:02:19,476 - INFO - [36m(setup pid=8099)[0m  + lark==1.2.2
2026-03-20 22:02:19,476 - INFO - [36m(setup pid=8099)[0m  + llguidance==0.7.30
2026-03-20 22:02:19,476 - INFO - [36m(setup pid=8099)[0m  + llvmlite==0.44.0
2026-03-20 22:02:19,476 - INFO - [36m(setup pid=8099)[0m  + lm-format-enforcer==0.10.12
2026-03-20 22:02:19,476 - INFO - [36m(setup pid=8099)[0m  + markupsafe==3.0.3
2026-03-20 22:02:19,476 - INFO - [36m(setup pid=8099)[0m  + mistral-common==1.10.0
2026-03-20 22:02:19,476 - INFO - [36m(setup pid=8099)[0m  + mpmath==1.3.0
2026-03-20 22:02:19,476 - INFO - [36m(setup pid=8099)[0m  + msgpack==1.1.2
2026-03-20 22:02:19,476 - INFO - [36m(setup pid=8099)[0m  + msgspec==0.20.0
2026-03-20 22:02:19,477 - INFO - [36m(setup pid=8099)[0m  + networkx==3.6.1
2026-03-20 22:02:19,477 - INFO - [36m(setup pid=8099)[0m  + ninja==1.13.0
2026-03-20 22:02:19,477 - INFO - [36m(setup pid=8099)[0m  + numba==0.61.2
2026-03-20 22:02:19,477 - INFO - [36m(setup pid=8099)[0m  - numpy==2.4.3
2026-03-20 22:02:19,477 - INFO - [36m(setup pid=8099)[0m  + numpy==2.2.6
2026-03-20 22:02:19,477 - INFO - [36m(setup pid=8099)[0m  + nvidia-cublas-cu12==12.6.4.1
2026-03-20 22:02:19,477 - INFO - [36m(setup pid=8099)[0m  + nvidia-cuda-cupti-cu12==12.6.80
2026-03-20 22:02:19,477 - INFO - [36m(setup pid=8099)[0m  + nvidia-cuda-nvrtc-cu12==12.6.77
2026-03-20 22:02:19,477 - INFO - [36m(setup pid=8099)[0m  + nvidia-cuda-runtime-cu12==12.6.77
2026-03-20 22:02:19,477 - INFO - [36m(setup pid=8099)[0m  + nvidia-cudnn-cu12==9.5.1.17
2026-03-20 22:02:19,477 - INFO - [36m(setup pid=8099)[0m  + nvidia-cufft-cu12==11.3.0.4
2026-03-20 22:02:19,477 - INFO - [36m(setup pid=8099)[0m  + nvidia-cufile-cu12==1.11.1.6
2026-03-20 22:02:19,477 - INFO - [36m(setup pid=8099)[0m  + nvidia-curand-cu12==10.3.7.77
2026-03-20 22:02:19,477 - INFO - [36m(setup pid=8099)[0m  + nvidia-cusolver-cu12==11.7.1.2
2026-03-20 22:02:19,477 - INFO - [36m(setup pid=8099)[0m  + nvidia-cusparse-cu12==12.5.4.2
2026-03-20 22:02:19,477 - INFO - [36m(setup pid=8099)[0m  + nvidia-cusparselt-cu12==0.6.3
2026-03-20 22:02:19,477 - INFO - [36m(setup pid=8099)[0m  + nvidia-nccl-cu12==2.26.2
2026-03-20 22:02:19,477 - INFO - [36m(setup pid=8099)[0m  + nvidia-nvjitlink-cu12==12.6.85
2026-03-20 22:02:19,477 - INFO - [36m(setup pid=8099)[0m  + nvidia-nvtx-cu12==12.6.77
2026-03-20 22:02:19,477 - INFO - [36m(setup pid=8099)[0m  + openai==1.90.0
2026-03-20 22:02:19,477 - INFO - [36m(setup pid=8099)[0m  + opencv-python-headless==4.13.0.92
2026-03-20 22:02:19,477 - INFO - [36m(setup pid=8099)[0m  + outlines-core==0.2.10
2026-03-20 22:02:19,477 - INFO - [36m(setup pid=8099)[0m  + partial-json-parser==0.2.1.1.post7
2026-03-20 22:02:19,477 - INFO - [36m(setup pid=8099)[0m  + pillow==12.1.1
2026-03-20 22:02:19,477 - INFO - [36m(setup pid=8099)[0m  + prometheus-client==0.24.1
2026-03-20 22:02:19,477 - INFO - [36m(setup pid=8099)[0m  + prometheus-fastapi-instrumentator==7.1.0
2026-03-20 22:02:19,477 - INFO - [36m(setup pid=8099)[0m  + protobuf==7.34.0
2026-03-20 22:02:19,477 - INFO - [36m(setup pid=8099)[0m  + psutil==7.2.2
2026-03-20 22:02:19,477 - INFO - [36m(setup pid=8099)[0m  + py-cpuinfo==9.0.0
2026-03-20 22:02:19,477 - INFO - [36m(setup pid=8099)[0m  + pybase64==1.4.3
2026-03-20 22:02:19,477 - INFO - [36m(setup pid=8099)[0m  + pycountry==26.2.16
2026-03-20 22:02:19,477 - INFO - [36m(setup pid=8099)[0m  + pycparser==3.0
2026-03-20 22:02:19,477 - INFO - [36m(setup pid=8099)[0m  + pydantic==2.12.5
2026-03-20 22:02:19,477 - INFO - [36m(setup pid=8099)[0m  + pydantic-core==2.41.5
2026-03-20 22:02:19,477 - INFO - [36m(setup pid=8099)[0m  + pydantic-extra-types==2.11.1
2026-03-20 22:02:19,477 - INFO - [36m(setup pid=8099)[0m  + pydantic-settings==2.13.1
2026-03-20 22:02:19,477 - INFO - [36m(setup pid=8099)[0m  + python-dotenv==1.2.2
2026-03-20 22:02:19,477 - INFO - [36m(setup pid=8099)[0m  + python-json-logger==4.0.0
2026-03-20 22:02:19,477 - INFO - [36m(setup pid=8099)[0m  + python-multipart==0.0.22
2026-03-20 22:02:19,477 - INFO - [36m(setup pid=8099)[0m  + pyzmq==27.1.0
2026-03-20 22:02:19,477 - INFO - [36m(setup pid=8099)[0m  + ray==2.54.0
2026-03-20 22:02:19,477 - INFO - [36m(setup pid=8099)[0m  + referencing==0.37.0
2026-03-20 22:02:19,477 - INFO - [36m(setup pid=8099)[0m  + regex==2026.2.28
2026-03-20 22:02:19,477 - INFO - [36m(setup pid=8099)[0m  + rich-toolkit==0.19.7
2026-03-20 22:02:19,477 - INFO - [36m(setup pid=8099)[0m  + rignore==0.7.6
2026-03-20 22:02:19,477 - INFO - [36m(setup pid=8099)[0m  + rpds-py==0.30.0
2026-03-20 22:02:19,477 - INFO - [36m(setup pid=8099)[0m  + safetensors==0.7.0
2026-03-20 22:02:19,477 - INFO - [36m(setup pid=8099)[0m  + scipy==1.17.1
2026-03-20 22:02:19,477 - INFO - [36m(setup pid=8099)[0m  + sentencepiece==0.2.1
2026-03-20 22:02:19,477 - INFO - [36m(setup pid=8099)[0m  + sentry-sdk==2.55.0
2026-03-20 22:02:19,477 - INFO - [36m(setup pid=8099)[0m  + setuptools==79.0.1
2026-03-20 22:02:19,477 - INFO - [36m(setup pid=8099)[0m  + sniffio==1.3.1
2026-03-20 22:02:19,477 - INFO - [36m(setup pid=8099)[0m  + soundfile==0.13.1
2026-03-20 22:02:19,477 - INFO - [36m(setup pid=8099)[0m  + soxr==1.0.0
2026-03-20 22:02:19,477 - INFO - [36m(setup pid=8099)[0m  + starlette==0.52.1
2026-03-20 22:02:19,477 - INFO - [36m(setup pid=8099)[0m  + sympy==1.14.0
2026-03-20 22:02:19,477 - INFO - [36m(setup pid=8099)[0m  + tiktoken==0.12.0
2026-03-20 22:02:19,477 - INFO - [36m(setup pid=8099)[0m  + tokenizers==0.22.2
2026-03-20 22:02:19,477 - INFO - [36m(setup pid=8099)[0m  + torch==2.7.1
2026-03-20 22:02:19,477 - INFO - [36m(setup pid=8099)[0m  + torchaudio==2.7.1
2026-03-20 22:02:19,477 - INFO - [36m(setup pid=8099)[0m  + torchvision==0.22.1
2026-03-20 22:02:19,477 - INFO - [36m(setup pid=8099)[0m  + transformers==5.3.0
2026-03-20 22:02:19,477 - INFO - [36m(setup pid=8099)[0m  + triton==3.3.1
2026-03-20 22:02:19,477 - INFO - [36m(setup pid=8099)[0m  + typing-inspection==0.4.2
2026-03-20 22:02:19,477 - INFO - [36m(setup pid=8099)[0m  + uvicorn==0.42.0
2026-03-20 22:02:19,477 - INFO - [36m(setup pid=8099)[0m  + uvloop==0.22.1
2026-03-20 22:02:19,477 - INFO - [36m(setup pid=8099)[0m  + vllm==0.10.0
2026-03-20 22:02:19,477 - INFO - [36m(setup pid=8099)[0m  + watchfiles==1.1.1
2026-03-20 22:02:19,477 - INFO - [36m(setup pid=8099)[0m  + websockets==16.0
2026-03-20 22:02:19,477 - INFO - [36m(setup pid=8099)[0m  + xformers==0.0.31
2026-03-20 22:02:19,477 - INFO - [36m(setup pid=8099)[0m  + xgrammar==0.1.21
2026-03-20 22:02:19,477 - INFO - [36m(setup pid=8099)[0m + echo '=== Pinning transformers==4.57.3 (avoid 5.x breaking changes) ==='
2026-03-20 22:02:19,477 - INFO - [36m(setup pid=8099)[0m === Pinning transformers==4.57.3 (avoid 5.x breaking changes) ===
2026-03-20 22:02:19,477 - INFO - [36m(setup pid=8099)[0m + uv pip install transformers==4.57.3
2026-03-20 22:02:19,477 - INFO - [36m(setup pid=8099)[0m Resolved 18 packages in 19ms
2026-03-20 22:02:19,477 - INFO - [36m(setup pid=8099)[0m Downloading transformers (11.4MiB)
2026-03-20 22:02:19,477 - INFO - [36m(setup pid=8099)[0m  Downloaded transformers
2026-03-20 22:02:26,517 - INFO - [36m(setup pid=8099)[0m Prepared 2 packages in 288ms
2026-03-20 22:02:26,517 - INFO - [36m(setup pid=8099)[0m Uninstalled 2 packages in 54ms
2026-03-20 22:02:26,517 - INFO - [36m(setup pid=8099)[0m Installed 2 packages in 69ms
2026-03-20 22:02:26,517 - INFO - [36m(setup pid=8099)[0m  - huggingface-hub==1.7.2
2026-03-20 22:02:26,517 - INFO - [36m(setup pid=8099)[0m  + huggingface-hub==0.36.2
2026-03-20 22:02:26,517 - INFO - [36m(setup pid=8099)[0m  - transformers==5.3.0
2026-03-20 22:02:26,517 - INFO - [36m(setup pid=8099)[0m  + transformers==4.57.3
2026-03-20 22:02:26,517 - INFO - [36m(setup pid=8099)[0m + echo '=== PyTorch CUDA Check ==='
2026-03-20 22:02:26,517 - INFO - [36m(setup pid=8099)[0m === PyTorch CUDA Check ===
2026-03-20 22:02:26,517 - INFO - [36m(setup pid=8099)[0m + python3 -c 'import torch; print('\''torch.cuda.is_available():'\'', torch.cuda.is_available()); print('\''torch.version.cuda:'\'', torch.version.cuda); print('\''torch.__version__:'\'', torch.__version__); print('\''torch.cuda.device_count():'\'', torch.cuda.device_count() if torch.cuda.is_available() else '\''N/A'\'')'
2026-03-20 22:02:26,517 - INFO - [36m(setup pid=8099)[0m torch.cuda.is_available(): True
2026-03-20 22:02:27,221 - INFO - [36m(setup pid=8099)[0m torch.version.cuda: 12.6
2026-03-20 22:02:27,221 - INFO - [36m(setup pid=8099)[0m torch.__version__: 2.7.1+cu126
2026-03-20 22:02:27,222 - INFO - [36m(setup pid=8099)[0m torch.cuda.device_count(): 8
2026-03-20 22:02:28,231 - INFO - [36m(setup pid=8099)[0m + echo ===========================
2026-03-20 22:02:28,533 - INFO - [36m(setup pid=8099)[0m ===========================
2026-03-20 22:02:28,533 - INFO - [36m(setup pid=8099)[0m + echo '=== Setup complete ==='
2026-03-20 22:02:28,533 - INFO - [36m(setup pid=8099)[0m === Setup complete ===
2026-03-20 22:02:28,533 - INFO - [36m(rf-qwen3-32b-tp8pp1-A100-40gb, pid=8099)[0m + export LD_LIBRARY_PATH=/usr/local/cuda/lib64:/usr/local/cuda/targets/x86_64-linux/lib:/usr/local/cuda-12.8/lib:/usr/local/cuda-12.8/lib64:/usr/local/cuda-12.8:/usr/local/cuda-12.8/targets/x86_64-linux/lib/:/usr/local/cuda-12.8/extras/CUPTI/lib64:/opt/amazon/efa/lib:/opt/amazon/openmpi/lib:/opt/amazon/ofi-nccl/lib/x86_64-linux-gnu:/usr/local/lib:/usr/lib:/usr/local/cuda-12.8/lib:/usr/local/cuda-12.8/lib64:/usr/local/cuda-12.8:/usr/local/cuda-12.8/targets/x86_64-linux/lib/:/usr/local/cuda-12.8/extras/CUPTI/lib64:/opt/amazon/efa/lib:/opt/amazon/openmpi/lib:/opt/amazon/ofi-nccl/lib/x86_64-linux-gnu:/usr/local/lib:/usr/lib
2026-03-20 22:02:28,735 - INFO - [36m(rf-qwen3-32b-tp8pp1-A100-40gb, pid=8099)[0m + LD_LIBRARY_PATH=/usr/local/cuda/lib64:/usr/local/cuda/targets/x86_64-linux/lib:/usr/local/cuda-12.8/lib:/usr/local/cuda-12.8/lib64:/usr/local/cuda-12.8:/usr/local/cuda-12.8/targets/x86_64-linux/lib/:/usr/local/cuda-12.8/extras/CUPTI/lib64:/opt/amazon/efa/lib:/opt/amazon/openmpi/lib:/opt/amazon/ofi-nccl/lib/x86_64-linux-gnu:/usr/local/lib:/usr/lib:/usr/local/cuda-12.8/lib:/usr/local/cuda-12.8/lib64:/usr/local/cuda-12.8:/usr/local/cuda-12.8/targets/x86_64-linux/lib/:/usr/local/cuda-12.8/extras/CUPTI/lib64:/opt/amazon/efa/lib:/opt/amazon/openmpi/lib:/opt/amazon/ofi-nccl/lib/x86_64-linux-gnu:/usr/local/lib:/usr/lib
2026-03-20 22:02:28,735 - INFO - [36m(rf-qwen3-32b-tp8pp1-A100-40gb, pid=8099)[0m + export CUDA_HOME=/usr/local/cuda
2026-03-20 22:02:28,735 - INFO - [36m(rf-qwen3-32b-tp8pp1-A100-40gb, pid=8099)[0m + CUDA_HOME=/usr/local/cuda
2026-03-20 22:02:28,735 - INFO - [36m(rf-qwen3-32b-tp8pp1-A100-40gb, pid=8099)[0m + echo '=== Pre-run Diagnostics ==='
2026-03-20 22:02:28,735 - INFO - [36m(rf-qwen3-32b-tp8pp1-A100-40gb, pid=8099)[0m === Pre-run Diagnostics ===
2026-03-20 22:02:28,735 - INFO - [36m(rf-qwen3-32b-tp8pp1-A100-40gb, pid=8099)[0m + nvidia-smi
2026-03-20 22:02:28,735 - INFO - [36m(rf-qwen3-32b-tp8pp1-A100-40gb, pid=8099)[0m Fri Mar 20 16:32:28 2026
2026-03-20 22:02:28,735 - INFO - [36m(rf-qwen3-32b-tp8pp1-A100-40gb, pid=8099)[0m +-----------------------------------------------------------------------------------------+
2026-03-20 22:02:28,735 - INFO - [36m(rf-qwen3-32b-tp8pp1-A100-40gb, pid=8099)[0m | NVIDIA-SMI 570.172.08             Driver Version: 570.172.08     CUDA Version: 12.8     |
2026-03-20 22:02:28,735 - INFO - [36m(rf-qwen3-32b-tp8pp1-A100-40gb, pid=8099)[0m |-----------------------------------------+------------------------+----------------------+
2026-03-20 22:02:28,735 - INFO - [36m(rf-qwen3-32b-tp8pp1-A100-40gb, pid=8099)[0m | GPU  Name                 Persistence-M | Bus-Id          Disp.A | Volatile Uncorr. ECC |
2026-03-20 22:02:28,735 - INFO - [36m(rf-qwen3-32b-tp8pp1-A100-40gb, pid=8099)[0m | Fan  Temp   Perf          Pwr:Usage/Cap |           Memory-Usage | GPU-Util  Compute M. |
2026-03-20 22:02:28,735 - INFO - [36m(rf-qwen3-32b-tp8pp1-A100-40gb, pid=8099)[0m |                                         |                        |               MIG M. |
2026-03-20 22:02:28,735 - INFO - [36m(rf-qwen3-32b-tp8pp1-A100-40gb, pid=8099)[0m |=========================================+========================+======================|
2026-03-20 22:02:28,735 - INFO - [36m(rf-qwen3-32b-tp8pp1-A100-40gb, pid=8099)[0m |   0  NVIDIA A100-SXM4-40GB          On  |   00000000:10:1C.0 Off |                    0 |
2026-03-20 22:02:28,735 - INFO - [36m(rf-qwen3-32b-tp8pp1-A100-40gb, pid=8099)[0m | N/A   30C    P0             55W /  400W |       0MiB /  40960MiB |      0%      Default |
2026-03-20 22:02:28,735 - INFO - [36m(rf-qwen3-32b-tp8pp1-A100-40gb, pid=8099)[0m |                                         |                        |             Disabled |
2026-03-20 22:02:28,735 - INFO - [36m(rf-qwen3-32b-tp8pp1-A100-40gb, pid=8099)[0m +-----------------------------------------+------------------------+----------------------+
2026-03-20 22:02:28,735 - INFO - [36m(rf-qwen3-32b-tp8pp1-A100-40gb, pid=8099)[0m |   1  NVIDIA A100-SXM4-40GB          On  |   00000000:10:1D.0 Off |                    0 |
2026-03-20 22:02:28,735 - INFO - [36m(rf-qwen3-32b-tp8pp1-A100-40gb, pid=8099)[0m | N/A   29C    P0             56W /  400W |       0MiB /  40960MiB |      0%      Default |
2026-03-20 22:02:28,735 - INFO - [36m(rf-qwen3-32b-tp8pp1-A100-40gb, pid=8099)[0m |                                         |                        |             Disabled |
2026-03-20 22:02:28,735 - INFO - [36m(rf-qwen3-32b-tp8pp1-A100-40gb, pid=8099)[0m +-----------------------------------------+------------------------+----------------------+
2026-03-20 22:02:28,735 - INFO - [36m(rf-qwen3-32b-tp8pp1-A100-40gb, pid=8099)[0m |   2  NVIDIA A100-SXM4-40GB          On  |   00000000:20:1C.0 Off |                    0 |
2026-03-20 22:02:28,735 - INFO - [36m(rf-qwen3-32b-tp8pp1-A100-40gb, pid=8099)[0m | N/A   29C    P0             55W /  400W |       0MiB /  40960MiB |      0%      Default |
2026-03-20 22:02:28,735 - INFO - [36m(rf-qwen3-32b-tp8pp1-A100-40gb, pid=8099)[0m |                                         |                        |             Disabled |
2026-03-20 22:02:28,735 - INFO - [36m(rf-qwen3-32b-tp8pp1-A100-40gb, pid=8099)[0m +-----------------------------------------+------------------------+----------------------+
2026-03-20 22:02:28,735 - INFO - [36m(rf-qwen3-32b-tp8pp1-A100-40gb, pid=8099)[0m |   3  NVIDIA A100-SXM4-40GB          On  |   00000000:20:1D.0 Off |                    0 |
2026-03-20 22:02:28,735 - INFO - [36m(rf-qwen3-32b-tp8pp1-A100-40gb, pid=8099)[0m | N/A   29C    P0             56W /  400W |       0MiB /  40960MiB |      0%      Default |
2026-03-20 22:02:28,735 - INFO - [36m(rf-qwen3-32b-tp8pp1-A100-40gb, pid=8099)[0m |                                         |                        |             Disabled |
2026-03-20 22:02:28,735 - INFO - [36m(rf-qwen3-32b-tp8pp1-A100-40gb, pid=8099)[0m +-----------------------------------------+------------------------+----------------------+
2026-03-20 22:02:28,735 - INFO - [36m(rf-qwen3-32b-tp8pp1-A100-40gb, pid=8099)[0m |   4  NVIDIA A100-SXM4-40GB          On  |   00000000:90:1C.0 Off |                    0 |
2026-03-20 22:02:28,735 - INFO - [36m(rf-qwen3-32b-tp8pp1-A100-40gb, pid=8099)[0m | N/A   29C    P0             56W /  400W |       0MiB /  40960MiB |      0%      Default |
2026-03-20 22:02:28,735 - INFO - [36m(rf-qwen3-32b-tp8pp1-A100-40gb, pid=8099)[0m |                                         |                        |             Disabled |
2026-03-20 22:02:28,735 - INFO - [36m(rf-qwen3-32b-tp8pp1-A100-40gb, pid=8099)[0m +-----------------------------------------+------------------------+----------------------+
2026-03-20 22:02:28,735 - INFO - [36m(rf-qwen3-32b-tp8pp1-A100-40gb, pid=8099)[0m |   5  NVIDIA A100-SXM4-40GB          On  |   00000000:90:1D.0 Off |                    0 |
2026-03-20 22:02:28,735 - INFO - [36m(rf-qwen3-32b-tp8pp1-A100-40gb, pid=8099)[0m | N/A   28C    P0             56W /  400W |       0MiB /  40960MiB |      0%      Default |
2026-03-20 22:02:28,735 - INFO - [36m(rf-qwen3-32b-tp8pp1-A100-40gb, pid=8099)[0m |                                         |                        |             Disabled |
2026-03-20 22:02:28,735 - INFO - [36m(rf-qwen3-32b-tp8pp1-A100-40gb, pid=8099)[0m +-----------------------------------------+------------------------+----------------------+
2026-03-20 22:02:28,735 - INFO - [36m(rf-qwen3-32b-tp8pp1-A100-40gb, pid=8099)[0m |   6  NVIDIA A100-SXM4-40GB          On  |   00000000:A0:1C.0 Off |                    0 |
2026-03-20 22:02:28,736 - INFO - [36m(rf-qwen3-32b-tp8pp1-A100-40gb, pid=8099)[0m | N/A   29C    P0             49W /  400W |       0MiB /  40960MiB |      0%      Default |
2026-03-20 22:02:28,736 - INFO - [36m(rf-qwen3-32b-tp8pp1-A100-40gb, pid=8099)[0m |                                         |                        |             Disabled |
2026-03-20 22:02:28,736 - INFO - [36m(rf-qwen3-32b-tp8pp1-A100-40gb, pid=8099)[0m +-----------------------------------------+------------------------+----------------------+
2026-03-20 22:02:28,736 - INFO - [36m(rf-qwen3-32b-tp8pp1-A100-40gb, pid=8099)[0m |   7  NVIDIA A100-SXM4-40GB          On  |   00000000:A0:1D.0 Off |                    0 |
2026-03-20 22:02:28,736 - INFO - [36m(rf-qwen3-32b-tp8pp1-A100-40gb, pid=8099)[0m | N/A   28C    P0             54W /  400W |       0MiB /  40960MiB |      0%      Default |
2026-03-20 22:02:28,736 - INFO - [36m(rf-qwen3-32b-tp8pp1-A100-40gb, pid=8099)[0m |                                         |                        |             Disabled |
2026-03-20 22:02:28,736 - INFO - [36m(rf-qwen3-32b-tp8pp1-A100-40gb, pid=8099)[0m +-----------------------------------------+------------------------+----------------------+
2026-03-20 22:02:28,736 - INFO - [36m(rf-qwen3-32b-tp8pp1-A100-40gb, pid=8099)[0m
2026-03-20 22:02:28,736 - INFO - [36m(rf-qwen3-32b-tp8pp1-A100-40gb, pid=8099)[0m +-----------------------------------------------------------------------------------------+
2026-03-20 22:02:28,736 - INFO - [36m(rf-qwen3-32b-tp8pp1-A100-40gb, pid=8099)[0m | Processes:                                                                              |
2026-03-20 22:02:28,736 - INFO - [36m(rf-qwen3-32b-tp8pp1-A100-40gb, pid=8099)[0m |  GPU   GI   CI              PID   Type   Process name                        GPU Memory |
2026-03-20 22:02:28,736 - INFO - [36m(rf-qwen3-32b-tp8pp1-A100-40gb, pid=8099)[0m |        ID   ID                                                               Usage      |
2026-03-20 22:02:28,736 - INFO - [36m(rf-qwen3-32b-tp8pp1-A100-40gb, pid=8099)[0m |=========================================================================================|
2026-03-20 22:02:31,756 - INFO - [36m(rf-qwen3-32b-tp8pp1-A100-40gb, pid=8099)[0m |  No running processes found                                                             |
2026-03-20 22:02:31,756 - INFO - [36m(rf-qwen3-32b-tp8pp1-A100-40gb, pid=8099)[0m +-----------------------------------------------------------------------------------------+
2026-03-20 22:02:31,756 - INFO - [36m(rf-qwen3-32b-tp8pp1-A100-40gb, pid=8099)[0m + echo '--- A100 SXM4 Diagnostics ---'
2026-03-20 22:02:32,663 - INFO - [36m(rf-qwen3-32b-tp8pp1-A100-40gb, pid=8099)[0m --- A100 SXM4 Diagnostics ---
2026-03-20 22:02:32,663 - INFO - [36m(rf-qwen3-32b-tp8pp1-A100-40gb, pid=8099)[0m + echo 'Checking NVIDIA Fabric Manager (required for NVSwitch on A100-SXM4)...'
2026-03-20 22:02:32,663 - INFO - [36m(rf-qwen3-32b-tp8pp1-A100-40gb, pid=8099)[0m Checking NVIDIA Fabric Manager (required for NVSwitch on A100-SXM4)...
2026-03-20 22:02:32,663 - INFO - [36m(rf-qwen3-32b-tp8pp1-A100-40gb, pid=8099)[0m + systemctl status nvidia-fabricmanager
2026-03-20 22:02:32,664 - INFO - [36m(rf-qwen3-32b-tp8pp1-A100-40gb, pid=8099)[0m ● nvidia-fabricmanager.service - NVIDIA fabric manager service
2026-03-20 22:02:34,373 - INFO - [36m(rf-qwen3-32b-tp8pp1-A100-40gb, pid=8099)[0m      Loaded: loaded (/lib/systemd/system/nvidia-fabricmanager.service; enabled; vendor preset: enabled)
2026-03-20 22:02:34,373 - INFO - [36m(rf-qwen3-32b-tp8pp1-A100-40gb, pid=8099)[0m      Active: active (running) since Fri 2026-03-20 16:30:20 UTC; 2min 10s ago
2026-03-20 22:02:34,373 - INFO - [36m(rf-qwen3-32b-tp8pp1-A100-40gb, pid=8099)[0m    Main PID: 4170 (nv-fabricmanage)
2026-03-20 22:02:34,373 - INFO - [36m(rf-qwen3-32b-tp8pp1-A100-40gb, pid=8099)[0m       Tasks: 19
2026-03-20 22:02:34,373 - INFO - [36m(rf-qwen3-32b-tp8pp1-A100-40gb, pid=8099)[0m      Memory: 26.7M
2026-03-20 22:02:34,373 - INFO - [36m(rf-qwen3-32b-tp8pp1-A100-40gb, pid=8099)[0m         CPU: 11.380s
2026-03-20 22:02:34,373 - INFO - [36m(rf-qwen3-32b-tp8pp1-A100-40gb, pid=8099)[0m      CGroup: /system.slice/nvidia-fabricmanager.service
2026-03-20 22:02:34,373 - INFO - [36m(rf-qwen3-32b-tp8pp1-A100-40gb, pid=8099)[0m              └─4170 /usr/bin/nv-fabricmanager -c /usr/share/nvidia/nvswitch/fabricmanager.cfg
2026-03-20 22:02:34,373 - INFO - [36m(rf-qwen3-32b-tp8pp1-A100-40gb, pid=8099)[0m
2026-03-20 22:02:34,373 - INFO - [36m(rf-qwen3-32b-tp8pp1-A100-40gb, pid=8099)[0m Mar 20 16:30:05 ip-172-31-17-94 systemd[1]: Starting NVIDIA fabric manager service...
2026-03-20 22:02:34,373 - INFO - [36m(rf-qwen3-32b-tp8pp1-A100-40gb, pid=8099)[0m Mar 20 16:30:05 ip-172-31-17-94 nvidia-fabricmanager-start.sh[3905]: Detected Pre-NVL5 system
2026-03-20 22:02:34,373 - INFO - [36m(rf-qwen3-32b-tp8pp1-A100-40gb, pid=8099)[0m Mar 20 16:30:10 ip-172-31-17-94 nv-fabricmanager[4170]: Connected to 1 node.
2026-03-20 22:02:34,373 - INFO - [36m(rf-qwen3-32b-tp8pp1-A100-40gb, pid=8099)[0m Mar 20 16:30:20 ip-172-31-17-94 nv-fabricmanager[4170]: Successfully configured all the available GPUs and NVSwitches to route NVLink traffic.
2026-03-20 22:02:34,373 - INFO - [36m(rf-qwen3-32b-tp8pp1-A100-40gb, pid=8099)[0m Mar 20 16:30:20 ip-172-31-17-94 nvidia-fabricmanager-start.sh[3905]: Started "Nvidia Fabric Manager"
2026-03-20 22:02:34,373 - INFO - [36m(rf-qwen3-32b-tp8pp1-A100-40gb, pid=8099)[0m Mar 20 16:30:20 ip-172-31-17-94 systemd[1]: Started NVIDIA fabric manager service.
2026-03-20 22:02:34,373 - INFO - [36m(rf-qwen3-32b-tp8pp1-A100-40gb, pid=8099)[0m + echo 'Checking for NVLink topology...'
2026-03-20 22:02:34,373 - INFO - [36m(rf-qwen3-32b-tp8pp1-A100-40gb, pid=8099)[0m Checking for NVLink topology...
2026-03-20 22:02:34,373 - INFO - [36m(rf-qwen3-32b-tp8pp1-A100-40gb, pid=8099)[0m + nvidia-smi topo -m
2026-03-20 22:02:34,373 - INFO - [36m(rf-qwen3-32b-tp8pp1-A100-40gb, pid=8099)[0m 	[4mGPU0	GPU1	GPU2	GPU3	GPU4	GPU5	GPU6	GPU7	CPU Affinity	NUMA Affinity	GPU NUMA ID[0m
2026-03-20 22:02:34,373 - INFO - [36m(rf-qwen3-32b-tp8pp1-A100-40gb, pid=8099)[0m GPU0	 X 	NV12	NV12	NV12	NV12	NV12	NV12	NV12	0-23,48-71	0		N/A
2026-03-20 22:02:34,373 - INFO - [36m(rf-qwen3-32b-tp8pp1-A100-40gb, pid=8099)[0m GPU1	NV12	 X 	NV12	NV12	NV12	NV12	NV12	NV12	0-23,48-71	0		N/A
2026-03-20 22:02:34,373 - INFO - [36m(rf-qwen3-32b-tp8pp1-A100-40gb, pid=8099)[0m GPU2	NV12	NV12	 X 	NV12	NV12	NV12	NV12	NV12	0-23,48-71	0		N/A
2026-03-20 22:02:34,373 - INFO - [36m(rf-qwen3-32b-tp8pp1-A100-40gb, pid=8099)[0m GPU3	NV12	NV12	NV12	 X 	NV12	NV12	NV12	NV12	0-23,48-71	0		N/A
2026-03-20 22:02:34,373 - INFO - [36m(rf-qwen3-32b-tp8pp1-A100-40gb, pid=8099)[0m GPU4	NV12	NV12	NV12	NV12	 X 	NV12	NV12	NV12	24-47,72-95	1		N/A
2026-03-20 22:02:34,373 - INFO - [36m(rf-qwen3-32b-tp8pp1-A100-40gb, pid=8099)[0m GPU5	NV12	NV12	NV12	NV12	NV12	 X 	NV12	NV12	24-47,72-95	1		N/A
2026-03-20 22:02:34,373 - INFO - [36m(rf-qwen3-32b-tp8pp1-A100-40gb, pid=8099)[0m GPU6	NV12	NV12	NV12	NV12	NV12	NV12	 X 	NV12	24-47,72-95	1		N/A
2026-03-20 22:02:34,373 - INFO - [36m(rf-qwen3-32b-tp8pp1-A100-40gb, pid=8099)[0m GPU7	NV12	NV12	NV12	NV12	NV12	NV12	NV12	 X 	24-47,72-95	1		N/A
2026-03-20 22:02:34,373 - INFO - [36m(rf-qwen3-32b-tp8pp1-A100-40gb, pid=8099)[0m
2026-03-20 22:02:34,373 - INFO - [36m(rf-qwen3-32b-tp8pp1-A100-40gb, pid=8099)[0m Legend:
2026-03-20 22:02:34,373 - INFO - [36m(rf-qwen3-32b-tp8pp1-A100-40gb, pid=8099)[0m
2026-03-20 22:02:34,373 - INFO - [36m(rf-qwen3-32b-tp8pp1-A100-40gb, pid=8099)[0m   X    = Self
2026-03-20 22:02:34,373 - INFO - [36m(rf-qwen3-32b-tp8pp1-A100-40gb, pid=8099)[0m   SYS  = Connection traversing PCIe as well as the SMP interconnect between NUMA nodes (e.g., QPI/UPI)
2026-03-20 22:02:34,373 - INFO - [36m(rf-qwen3-32b-tp8pp1-A100-40gb, pid=8099)[0m   NODE = Connection traversing PCIe as well as the interconnect between PCIe Host Bridges within a NUMA node
2026-03-20 22:02:34,373 - INFO - [36m(rf-qwen3-32b-tp8pp1-A100-40gb, pid=8099)[0m   PHB  = Connection traversing PCIe as well as a PCIe Host Bridge (typically the CPU)
2026-03-20 22:02:34,373 - INFO - [36m(rf-qwen3-32b-tp8pp1-A100-40gb, pid=8099)[0m   PXB  = Connection traversing multiple PCIe bridges (without traversing the PCIe Host Bridge)
2026-03-20 22:02:34,373 - INFO - [36m(rf-qwen3-32b-tp8pp1-A100-40gb, pid=8099)[0m   PIX  = Connection traversing at most a single PCIe bridge
2026-03-20 22:02:34,373 - INFO - [36m(rf-qwen3-32b-tp8pp1-A100-40gb, pid=8099)[0m   NV#  = Connection traversing a bonded set of # NVLinks
2026-03-20 22:02:34,373 - INFO - [36m(rf-qwen3-32b-tp8pp1-A100-40gb, pid=8099)[0m + echo '--- NUMA Topology and GPU-NUMA Mapping ---'
2026-03-20 22:02:34,373 - INFO - [36m(rf-qwen3-32b-tp8pp1-A100-40gb, pid=8099)[0m --- NUMA Topology and GPU-NUMA Mapping ---
2026-03-20 22:02:34,373 - INFO - [36m(rf-qwen3-32b-tp8pp1-A100-40gb, pid=8099)[0m + echo 'NUMA hardware layout:'
2026-03-20 22:02:34,373 - INFO - [36m(rf-qwen3-32b-tp8pp1-A100-40gb, pid=8099)[0m NUMA hardware layout:
2026-03-20 22:02:34,373 - INFO - [36m(rf-qwen3-32b-tp8pp1-A100-40gb, pid=8099)[0m + numactl --hardware
2026-03-20 22:02:34,373 - INFO - [36m(rf-qwen3-32b-tp8pp1-A100-40gb, pid=8099)[0m available: 2 nodes (0-1)
2026-03-20 22:02:34,373 - INFO - [36m(rf-qwen3-32b-tp8pp1-A100-40gb, pid=8099)[0m node 0 cpus: 0 1 2 3 4 5 6 7 8 9 10 11 12 13 14 15 16 17 18 19 20 21 22 23 48 49 50 51 52 53 54 55 56 57 58 59 60 61 62 63 64 65 66 67 68 69 70 71
2026-03-20 22:02:34,373 - INFO - [36m(rf-qwen3-32b-tp8pp1-A100-40gb, pid=8099)[0m node 0 size: 574352 MB
2026-03-20 22:02:34,373 - INFO - [36m(rf-qwen3-32b-tp8pp1-A100-40gb, pid=8099)[0m node 0 free: 550287 MB
2026-03-20 22:02:34,373 - INFO - [36m(rf-qwen3-32b-tp8pp1-A100-40gb, pid=8099)[0m node 1 cpus: 24 25 26 27 28 29 30 31 32 33 34 35 36 37 38 39 40 41 42 43 44 45 46 47 72 73 74 75 76 77 78 79 80 81 82 83 84 85 86 87 88 89 90 91 92 93 94 95
2026-03-20 22:02:34,373 - INFO - [36m(rf-qwen3-32b-tp8pp1-A100-40gb, pid=8099)[0m node 1 size: 574368 MB
2026-03-20 22:02:34,373 - INFO - [36m(rf-qwen3-32b-tp8pp1-A100-40gb, pid=8099)[0m node 1 free: 550816 MB
2026-03-20 22:02:34,373 - INFO - [36m(rf-qwen3-32b-tp8pp1-A100-40gb, pid=8099)[0m node distances:
2026-03-20 22:02:34,373 - INFO - [36m(rf-qwen3-32b-tp8pp1-A100-40gb, pid=8099)[0m node   0   1
2026-03-20 22:02:34,373 - INFO - [36m(rf-qwen3-32b-tp8pp1-A100-40gb, pid=8099)[0m   0:  10  21
2026-03-20 22:02:34,373 - INFO - [36m(rf-qwen3-32b-tp8pp1-A100-40gb, pid=8099)[0m   1:  21  10
2026-03-20 22:02:34,373 - INFO - [36m(rf-qwen3-32b-tp8pp1-A100-40gb, pid=8099)[0m + echo ''
2026-03-20 22:02:34,373 - INFO - [36m(rf-qwen3-32b-tp8pp1-A100-40gb, pid=8099)[0m
2026-03-20 22:02:34,373 - INFO - [36m(rf-qwen3-32b-tp8pp1-A100-40gb, pid=8099)[0m + echo 'GPU PCIe Bus IDs and NUMA node assignments:'
2026-03-20 22:02:34,373 - INFO - [36m(rf-qwen3-32b-tp8pp1-A100-40gb, pid=8099)[0m GPU PCIe Bus IDs and NUMA node assignments:
2026-03-20 22:02:34,373 - INFO - [36m(rf-qwen3-32b-tp8pp1-A100-40gb, pid=8099)[0m ++ nvidia-smi --query-gpu=count --format=csv,noheader
2026-03-20 22:02:34,373 - INFO - [36m(rf-qwen3-32b-tp8pp1-A100-40gb, pid=8099)[0m ++ head -1
2026-03-20 22:02:34,373 - INFO - [36m(rf-qwen3-32b-tp8pp1-A100-40gb, pid=8099)[0m ++ echo 0
2026-03-20 22:02:34,373 - INFO - [36m(rf-qwen3-32b-tp8pp1-A100-40gb, pid=8099)[0m + gpu_count='8
2026-03-20 22:02:34,373 - INFO - [36m(rf-qwen3-32b-tp8pp1-A100-40gb, pid=8099)[0m 0'
2026-03-20 22:02:34,373 - INFO - [36m(rf-qwen3-32b-tp8pp1-A100-40gb, pid=8099)[0m + '[' '8
2026-03-20 22:02:34,373 - INFO - [36m(rf-qwen3-32b-tp8pp1-A100-40gb, pid=8099)[0m 0' -gt 0 ']'
2026-03-20 22:02:34,373 - INFO - [36m(rf-qwen3-32b-tp8pp1-A100-40gb, pid=8099)[0m + echo 'Could not detect GPU count'
2026-03-20 22:02:34,374 - INFO - [36m(rf-qwen3-32b-tp8pp1-A100-40gb, pid=8099)[0m Could not detect GPU count
2026-03-20 22:02:34,374 - INFO - [36m(rf-qwen3-32b-tp8pp1-A100-40gb, pid=8099)[0m + echo -------------------------------------------
2026-03-20 22:02:34,374 - INFO - [36m(rf-qwen3-32b-tp8pp1-A100-40gb, pid=8099)[0m -------------------------------------------
2026-03-20 22:02:34,374 - INFO - [36m(rf-qwen3-32b-tp8pp1-A100-40gb, pid=8099)[0m + echo 'Checking for GPU processes and errors...'
2026-03-20 22:02:34,374 - INFO - [36m(rf-qwen3-32b-tp8pp1-A100-40gb, pid=8099)[0m Checking for GPU processes and errors...
2026-03-20 22:02:34,374 - INFO - [36m(rf-qwen3-32b-tp8pp1-A100-40gb, pid=8099)[0m + awk 'NR<=50'
2026-03-20 22:02:34,374 - INFO - [36m(rf-qwen3-32b-tp8pp1-A100-40gb, pid=8099)[0m + nvidia-smi -q -d ERRORS
2026-03-20 22:02:34,374 - INFO - [36m(rf-qwen3-32b-tp8pp1-A100-40gb, pid=8099)[0m Failed to parse --display/-d flags
2026-03-20 22:02:34,374 - INFO - [36m(rf-qwen3-32b-tp8pp1-A100-40gb, pid=8099)[0m + echo 'Error check failed'
2026-03-20 22:02:34,374 - INFO - [36m(rf-qwen3-32b-tp8pp1-A100-40gb, pid=8099)[0m Error check failed
2026-03-20 22:02:34,374 - INFO - [36m(rf-qwen3-32b-tp8pp1-A100-40gb, pid=8099)[0m + echo '--- CUDA Device Query ---'
2026-03-20 22:02:34,374 - INFO - [36m(rf-qwen3-32b-tp8pp1-A100-40gb, pid=8099)[0m --- CUDA Device Query ---
2026-03-20 22:02:34,374 - INFO - [36m(rf-qwen3-32b-tp8pp1-A100-40gb, pid=8099)[0m + python3 -c 'import ctypes; cudart = ctypes.CDLL('\''libcudart.so.12'\''); count = ctypes.c_int(); result = cudart.cudaGetDeviceCount(ctypes.byref(count)); print(f'\''cudaGetDeviceCount result: {result} (0=success), device count: {count.value}'\'')'
2026-03-20 22:02:34,374 - INFO - [36m(rf-qwen3-32b-tp8pp1-A100-40gb, pid=8099)[0m cudaGetDeviceCount result: 0 (0=success), device count: 8
2026-03-20 22:02:35,482 - INFO - [36m(rf-qwen3-32b-tp8pp1-A100-40gb, pid=8099)[0m + echo ===========================
2026-03-20 22:02:35,984 - INFO - [36m(rf-qwen3-32b-tp8pp1-A100-40gb, pid=8099)[0m ===========================
2026-03-20 22:02:35,985 - INFO - [36m(rf-qwen3-32b-tp8pp1-A100-40gb, pid=8099)[0m + source .venv/bin/activate
2026-03-20 22:02:35,985 - INFO - [36m(rf-qwen3-32b-tp8pp1-A100-40gb, pid=8099)[0m ++ '[' -z '' ']'
2026-03-20 22:02:35,985 - INFO - [36m(rf-qwen3-32b-tp8pp1-A100-40gb, pid=8099)[0m ++ '[' -n x ']'
2026-03-20 22:02:35,985 - INFO - [36m(rf-qwen3-32b-tp8pp1-A100-40gb, pid=8099)[0m ++ SCRIPT_PATH=.venv/bin/activate
2026-03-20 22:02:35,985 - INFO - [36m(rf-qwen3-32b-tp8pp1-A100-40gb, pid=8099)[0m ++ '[' .venv/bin/activate = /tmp/sky_app_789nsd05 ']'
2026-03-20 22:02:35,985 - INFO - [36m(rf-qwen3-32b-tp8pp1-A100-40gb, pid=8099)[0m ++ deactivate nondestructive
2026-03-20 22:02:35,985 - INFO - [36m(rf-qwen3-32b-tp8pp1-A100-40gb, pid=8099)[0m ++ unset -f pydoc
2026-03-20 22:02:35,985 - INFO - [36m(rf-qwen3-32b-tp8pp1-A100-40gb, pid=8099)[0m ++ '[' -z '' ']'
2026-03-20 22:02:35,985 - INFO - [36m(rf-qwen3-32b-tp8pp1-A100-40gb, pid=8099)[0m ++ '[' -z '' ']'
2026-03-20 22:02:35,985 - INFO - [36m(rf-qwen3-32b-tp8pp1-A100-40gb, pid=8099)[0m ++ hash -r
2026-03-20 22:02:35,985 - INFO - [36m(rf-qwen3-32b-tp8pp1-A100-40gb, pid=8099)[0m ++ '[' -z '' ']'
2026-03-20 22:02:35,985 - INFO - [36m(rf-qwen3-32b-tp8pp1-A100-40gb, pid=8099)[0m ++ unset VIRTUAL_ENV
2026-03-20 22:02:35,985 - INFO - [36m(rf-qwen3-32b-tp8pp1-A100-40gb, pid=8099)[0m ++ unset VIRTUAL_ENV_PROMPT
2026-03-20 22:02:35,985 - INFO - [36m(rf-qwen3-32b-tp8pp1-A100-40gb, pid=8099)[0m ++ '[' '!' nondestructive = nondestructive ']'
2026-03-20 22:02:35,985 - INFO - [36m(rf-qwen3-32b-tp8pp1-A100-40gb, pid=8099)[0m ++ VIRTUAL_ENV=/home/ubuntu/sky_workdir/.venv
2026-03-20 22:02:35,985 - INFO - [36m(rf-qwen3-32b-tp8pp1-A100-40gb, pid=8099)[0m ++ '[' linux-gnu = cygwin ']'
2026-03-20 22:02:35,985 - INFO - [36m(rf-qwen3-32b-tp8pp1-A100-40gb, pid=8099)[0m ++ '[' linux-gnu = msys ']'
2026-03-20 22:02:35,985 - INFO - [36m(rf-qwen3-32b-tp8pp1-A100-40gb, pid=8099)[0m ++ export VIRTUAL_ENV
2026-03-20 22:02:35,985 - INFO - [36m(rf-qwen3-32b-tp8pp1-A100-40gb, pid=8099)[0m ++ '[' -z '' ']'
2026-03-20 22:02:35,985 - INFO - [36m(rf-qwen3-32b-tp8pp1-A100-40gb, pid=8099)[0m ++ unset SCRIPT_PATH
2026-03-20 22:02:35,985 - INFO - [36m(rf-qwen3-32b-tp8pp1-A100-40gb, pid=8099)[0m ++ _OLD_VIRTUAL_PATH=/home/ubuntu/.local/bin:/home/ubuntu/.local/bin:/home/ubuntu/miniconda3/bin:/home/ubuntu/miniconda3/condabin:/opt/amazon/openmpi/bin:/opt/amazon/efa/bin:/usr/local/cuda-12.8/bin:/usr/local/cuda-12.8/include:/usr/local/cuda-12.8/bin:/usr/local/cuda-12.8/include:/usr/local/sbin:/usr/local/bin:/usr/sbin:/usr/bin:/sbin:/bin:/usr/games:/usr/local/games:/snap/bin
2026-03-20 22:02:35,985 - INFO - [36m(rf-qwen3-32b-tp8pp1-A100-40gb, pid=8099)[0m ++ PATH=/home/ubuntu/sky_workdir/.venv/bin:/home/ubuntu/.local/bin:/home/ubuntu/.local/bin:/home/ubuntu/miniconda3/bin:/home/ubuntu/miniconda3/condabin:/opt/amazon/openmpi/bin:/opt/amazon/efa/bin:/usr/local/cuda-12.8/bin:/usr/local/cuda-12.8/include:/usr/local/cuda-12.8/bin:/usr/local/cuda-12.8/include:/usr/local/sbin:/usr/local/bin:/usr/sbin:/usr/bin:/sbin:/bin:/usr/games:/usr/local/games:/snap/bin
2026-03-20 22:02:35,985 - INFO - [36m(rf-qwen3-32b-tp8pp1-A100-40gb, pid=8099)[0m ++ export PATH
2026-03-20 22:02:35,985 - INFO - [36m(rf-qwen3-32b-tp8pp1-A100-40gb, pid=8099)[0m ++ '[' xsky_workdir '!=' x ']'
2026-03-20 22:02:35,985 - INFO - [36m(rf-qwen3-32b-tp8pp1-A100-40gb, pid=8099)[0m ++ VIRTUAL_ENV_PROMPT=sky_workdir
2026-03-20 22:02:35,985 - INFO - [36m(rf-qwen3-32b-tp8pp1-A100-40gb, pid=8099)[0m ++ export VIRTUAL_ENV_PROMPT
2026-03-20 22:02:35,985 - INFO - [36m(rf-qwen3-32b-tp8pp1-A100-40gb, pid=8099)[0m ++ '[' -z '' ']'
2026-03-20 22:02:35,985 - INFO - [36m(rf-qwen3-32b-tp8pp1-A100-40gb, pid=8099)[0m ++ '[' -z '' ']'
2026-03-20 22:02:35,985 - INFO - [36m(rf-qwen3-32b-tp8pp1-A100-40gb, pid=8099)[0m ++ _OLD_VIRTUAL_PS1='(base) ${debian_chroot:+($debian_chroot)}\u@\h:\w\$ '
2026-03-20 22:02:35,985 - INFO - [36m(rf-qwen3-32b-tp8pp1-A100-40gb, pid=8099)[0m ++ PS1='(sky_workdir) (base) ${debian_chroot:+($debian_chroot)}\u@\h:\w\$ '
2026-03-20 22:02:35,985 - INFO - [36m(rf-qwen3-32b-tp8pp1-A100-40gb, pid=8099)[0m ++ export PS1
2026-03-20 22:02:35,985 - INFO - [36m(rf-qwen3-32b-tp8pp1-A100-40gb, pid=8099)[0m ++ alias pydoc
2026-03-20 22:02:35,985 - INFO - [36m(rf-qwen3-32b-tp8pp1-A100-40gb, pid=8099)[0m ++ true
2026-03-20 22:02:35,985 - INFO - [36m(rf-qwen3-32b-tp8pp1-A100-40gb, pid=8099)[0m ++ hash -r
2026-03-20 22:02:35,985 - INFO - [36m(rf-qwen3-32b-tp8pp1-A100-40gb, pid=8099)[0m + echo '=== DETAILED PyTorch CUDA Diagnostics (in run phase) ==='
2026-03-20 22:02:35,985 - INFO - [36m(rf-qwen3-32b-tp8pp1-A100-40gb, pid=8099)[0m === DETAILED PyTorch CUDA Diagnostics (in run phase) ===
2026-03-20 22:02:35,985 - INFO - [36m(rf-qwen3-32b-tp8pp1-A100-40gb, pid=8099)[0m + echo '--- Environment ---'
2026-03-20 22:02:35,985 - INFO - [36m(rf-qwen3-32b-tp8pp1-A100-40gb, pid=8099)[0m --- Environment ---
2026-03-20 22:02:35,985 - INFO - [36m(rf-qwen3-32b-tp8pp1-A100-40gb, pid=8099)[0m + echo 'LD_LIBRARY_PATH: /usr/local/cuda/lib64:/usr/local/cuda/targets/x86_64-linux/lib:/usr/local/cuda-12.8/lib:/usr/local/cuda-12.8/lib64:/usr/local/cuda-12.8:/usr/local/cuda-12.8/targets/x86_64-linux/lib/:/usr/local/cuda-12.8/extras/CUPTI/lib64:/opt/amazon/efa/lib:/opt/amazon/openmpi/lib:/opt/amazon/ofi-nccl/lib/x86_64-linux-gnu:/usr/local/lib:/usr/lib:/usr/local/cuda-12.8/lib:/usr/local/cuda-12.8/lib64:/usr/local/cuda-12.8:/usr/local/cuda-12.8/targets/x86_64-linux/lib/:/usr/local/cuda-12.8/extras/CUPTI/lib64:/opt/amazon/efa/lib:/opt/amazon/openmpi/lib:/opt/amazon/ofi-nccl/lib/x86_64-linux-gnu:/usr/local/lib:/usr/lib'
2026-03-20 22:02:36,890 - INFO - [36m(rf-qwen3-32b-tp8pp1-A100-40gb, pid=8099)[0m LD_LIBRARY_PATH: /usr/local/cuda/lib64:/usr/local/cuda/targets/x86_64-linux/lib:/usr/local/cuda-12.8/lib:/usr/local/cuda-12.8/lib64:/usr/local/cuda-12.8:/usr/local/cuda-12.8/targets/x86_64-linux/lib/:/usr/local/cuda-12.8/extras/CUPTI/lib64:/opt/amazon/efa/lib:/opt/amazon/openmpi/lib:/opt/amazon/ofi-nccl/lib/x86_64-linux-gnu:/usr/local/lib:/usr/lib:/usr/local/cuda-12.8/lib:/usr/local/cuda-12.8/lib64:/usr/local/cuda-12.8:/usr/local/cuda-12.8/targets/x86_64-linux/lib/:/usr/local/cuda-12.8/extras/CUPTI/lib64:/opt/amazon/efa/lib:/opt/amazon/openmpi/lib:/opt/amazon/ofi-nccl/lib/x86_64-linux-gnu:/usr/local/lib:/usr/lib
2026-03-20 22:02:36,890 - INFO - [36m(rf-qwen3-32b-tp8pp1-A100-40gb, pid=8099)[0m + echo 'CUDA_HOME: /usr/local/cuda'
2026-03-20 22:02:36,890 - INFO - [36m(rf-qwen3-32b-tp8pp1-A100-40gb, pid=8099)[0m CUDA_HOME: /usr/local/cuda
2026-03-20 22:02:36,890 - INFO - [36m(rf-qwen3-32b-tp8pp1-A100-40gb, pid=8099)[0m + which python3
2026-03-20 22:02:36,890 - INFO - [36m(rf-qwen3-32b-tp8pp1-A100-40gb, pid=8099)[0m /home/ubuntu/sky_workdir/.venv/bin/python3
2026-03-20 22:02:36,890 - INFO - [36m(rf-qwen3-32b-tp8pp1-A100-40gb, pid=8099)[0m + echo '--- Torch info ---'
2026-03-20 22:02:36,890 - INFO - [36m(rf-qwen3-32b-tp8pp1-A100-40gb, pid=8099)[0m --- Torch info ---
2026-03-20 22:02:36,890 - INFO - [36m(rf-qwen3-32b-tp8pp1-A100-40gb, pid=8099)[0m + python3 -c 'import torch; print('\''torch.__version__:'\'', torch.__version__); print('\''torch.__file__:'\'', torch.__file__); print('\''torch.version.cuda:'\'', torch.version.cuda); print('\''torch.backends.cuda.is_built():'\'', torch.backends.cuda.is_built())'
2026-03-20 22:02:36,890 - INFO - [36m(rf-qwen3-32b-tp8pp1-A100-40gb, pid=8099)[0m torch.__version__: 2.7.1+cu126
2026-03-20 22:02:37,797 - INFO - [36m(rf-qwen3-32b-tp8pp1-A100-40gb, pid=8099)[0m torch.__file__: /home/ubuntu/sky_workdir/.venv/lib/python3.12/site-packages/torch/__init__.py
2026-03-20 22:02:37,797 - INFO - [36m(rf-qwen3-32b-tp8pp1-A100-40gb, pid=8099)[0m torch.version.cuda: 12.6
2026-03-20 22:02:37,797 - INFO - [36m(rf-qwen3-32b-tp8pp1-A100-40gb, pid=8099)[0m torch.backends.cuda.is_built(): True
2026-03-20 22:02:37,797 - INFO - [36m(rf-qwen3-32b-tp8pp1-A100-40gb, pid=8099)[0m + echo '--- CUDA check ---'
2026-03-20 22:02:40,719 - INFO - [36m(rf-qwen3-32b-tp8pp1-A100-40gb, pid=8099)[0m --- CUDA check ---
2026-03-20 22:02:40,719 - INFO - [36m(rf-qwen3-32b-tp8pp1-A100-40gb, pid=8099)[0m + python3 -c 'import torch; print('\''torch.cuda.is_available():'\'', torch.cuda.is_available()); print('\''torch.cuda.device_count():'\'', torch.cuda.device_count() if torch.cuda.is_available() else '\''N/A - checking why...'\'')'
2026-03-20 22:02:40,720 - INFO - [36m(rf-qwen3-32b-tp8pp1-A100-40gb, pid=8099)[0m torch.cuda.is_available(): True
2026-03-20 22:02:42,330 - INFO - [36m(rf-qwen3-32b-tp8pp1-A100-40gb, pid=8099)[0m torch.cuda.device_count(): 8
2026-03-20 22:02:42,331 - INFO - [36m(rf-qwen3-32b-tp8pp1-A100-40gb, pid=8099)[0m + echo '--- Loading CUDA libs directly ---'
2026-03-20 22:02:43,035 - INFO - [36m(rf-qwen3-32b-tp8pp1-A100-40gb, pid=8099)[0m --- Loading CUDA libs directly ---
2026-03-20 22:02:43,035 - INFO - [36m(rf-qwen3-32b-tp8pp1-A100-40gb, pid=8099)[0m + python3 -c 'import ctypes; libs=['\''libcuda.so.1'\'','\''libcudart.so.12'\'','\''libnvidia-ml.so.1'\'']; [print(l+'\'': OK'\'') if ctypes.CDLL(l) else None for l in libs]'
2026-03-20 22:02:43,035 - INFO - [36m(rf-qwen3-32b-tp8pp1-A100-40gb, pid=8099)[0m libcuda.so.1: OK
2026-03-20 22:02:45,950 - INFO - [36m(rf-qwen3-32b-tp8pp1-A100-40gb, pid=8099)[0m libcudart.so.12: OK
2026-03-20 22:02:45,950 - INFO - [36m(rf-qwen3-32b-tp8pp1-A100-40gb, pid=8099)[0m libnvidia-ml.so.1: OK
2026-03-20 22:02:45,950 - INFO - [36m(rf-qwen3-32b-tp8pp1-A100-40gb, pid=8099)[0m + echo '--- Manual CUDA init attempt ---'
2026-03-20 22:02:45,950 - INFO - [36m(rf-qwen3-32b-tp8pp1-A100-40gb, pid=8099)[0m --- Manual CUDA init attempt ---
2026-03-20 22:02:45,951 - INFO - [36m(rf-qwen3-32b-tp8pp1-A100-40gb, pid=8099)[0m + python3 -c 'import torch; torch.cuda.init(); print('\''torch.cuda.init() OK, device_count:'\'', torch.cuda.device_count())'
2026-03-20 22:02:45,951 - INFO - [36m(rf-qwen3-32b-tp8pp1-A100-40gb, pid=8099)[0m torch.cuda.init() OK, device_count: 8
2026-03-20 22:02:47,158 - INFO - [36m(rf-qwen3-32b-tp8pp1-A100-40gb, pid=8099)[0m + echo '--- Installed torch packages ---'
2026-03-20 22:02:47,762 - INFO - [36m(rf-qwen3-32b-tp8pp1-A100-40gb, pid=8099)[0m --- Installed torch packages ---
2026-03-20 22:02:47,762 - INFO - [36m(rf-qwen3-32b-tp8pp1-A100-40gb, pid=8099)[0m + pip list
2026-03-20 22:02:47,762 - INFO - [36m(rf-qwen3-32b-tp8pp1-A100-40gb, pid=8099)[0m + grep --color=auto -i -E 'torch|nvidia|cuda|triton'
2026-03-20 22:02:47,762 - INFO - [36m(rf-qwen3-32b-tp8pp1-A100-40gb, pid=8099)[0m cuda-pathfinder                   1.4.3
2026-03-20 22:02:48,265 - INFO - [36m(rf-qwen3-32b-tp8pp1-A100-40gb, pid=8099)[0m cupy-cuda12x                      14.0.1
2026-03-20 22:02:48,265 - INFO - [36m(rf-qwen3-32b-tp8pp1-A100-40gb, pid=8099)[0m nvidia-cublas-cu12                12.6.4.1
2026-03-20 22:02:48,265 - INFO - [36m(rf-qwen3-32b-tp8pp1-A100-40gb, pid=8099)[0m nvidia-cuda-cupti-cu12            12.6.80
2026-03-20 22:02:48,265 - INFO - [36m(rf-qwen3-32b-tp8pp1-A100-40gb, pid=8099)[0m nvidia-cuda-nvrtc-cu12            12.6.77
2026-03-20 22:02:48,265 - INFO - [36m(rf-qwen3-32b-tp8pp1-A100-40gb, pid=8099)[0m nvidia-cuda-runtime-cu12          12.6.77
2026-03-20 22:02:48,265 - INFO - [36m(rf-qwen3-32b-tp8pp1-A100-40gb, pid=8099)[0m nvidia-cudnn-cu12                 9.5.1.17
2026-03-20 22:02:48,265 - INFO - [36m(rf-qwen3-32b-tp8pp1-A100-40gb, pid=8099)[0m nvidia-cufft-cu12                 11.3.0.4
2026-03-20 22:02:48,265 - INFO - [36m(rf-qwen3-32b-tp8pp1-A100-40gb, pid=8099)[0m nvidia-cufile-cu12                1.11.1.6
2026-03-20 22:02:48,265 - INFO - [36m(rf-qwen3-32b-tp8pp1-A100-40gb, pid=8099)[0m nvidia-curand-cu12                10.3.7.77
2026-03-20 22:02:48,265 - INFO - [36m(rf-qwen3-32b-tp8pp1-A100-40gb, pid=8099)[0m nvidia-cusolver-cu12              11.7.1.2
2026-03-20 22:02:48,265 - INFO - [36m(rf-qwen3-32b-tp8pp1-A100-40gb, pid=8099)[0m nvidia-cusparse-cu12              12.5.4.2
2026-03-20 22:02:48,265 - INFO - [36m(rf-qwen3-32b-tp8pp1-A100-40gb, pid=8099)[0m nvidia-cusparselt-cu12            0.6.3
2026-03-20 22:02:48,265 - INFO - [36m(rf-qwen3-32b-tp8pp1-A100-40gb, pid=8099)[0m nvidia-ml-py                      13.595.45
2026-03-20 22:02:48,265 - INFO - [36m(rf-qwen3-32b-tp8pp1-A100-40gb, pid=8099)[0m nvidia-nccl-cu12                  2.26.2
2026-03-20 22:02:48,265 - INFO - [36m(rf-qwen3-32b-tp8pp1-A100-40gb, pid=8099)[0m nvidia-nvjitlink-cu12             12.6.85
2026-03-20 22:02:48,265 - INFO - [36m(rf-qwen3-32b-tp8pp1-A100-40gb, pid=8099)[0m nvidia-nvtx-cu12                  12.6.77
2026-03-20 22:02:48,265 - INFO - [36m(rf-qwen3-32b-tp8pp1-A100-40gb, pid=8099)[0m torch                             2.7.1
2026-03-20 22:02:48,265 - INFO - [36m(rf-qwen3-32b-tp8pp1-A100-40gb, pid=8099)[0m torchaudio                        2.7.1
2026-03-20 22:02:48,265 - INFO - [36m(rf-qwen3-32b-tp8pp1-A100-40gb, pid=8099)[0m torchvision                       0.22.1
2026-03-20 22:02:48,265 - INFO - [36m(rf-qwen3-32b-tp8pp1-A100-40gb, pid=8099)[0m triton                            3.3.1
2026-03-20 22:02:48,265 - INFO - [36m(rf-qwen3-32b-tp8pp1-A100-40gb, pid=8099)[0m + echo =========================================
2026-03-20 22:02:48,265 - INFO - [36m(rf-qwen3-32b-tp8pp1-A100-40gb, pid=8099)[0m =========================================
2026-03-20 22:02:48,265 - INFO - [36m(rf-qwen3-32b-tp8pp1-A100-40gb, pid=8099)[0m + export LD_LIBRARY_PATH=/usr/local/cuda/lib64:/usr/local/cuda/targets/x86_64-linux/lib:/usr/local/cuda/lib64:/usr/local/cuda/targets/x86_64-linux/lib:/usr/local/cuda-12.8/lib:/usr/local/cuda-12.8/lib64:/usr/local/cuda-12.8:/usr/local/cuda-12.8/targets/x86_64-linux/lib/:/usr/local/cuda-12.8/extras/CUPTI/lib64:/opt/amazon/efa/lib:/opt/amazon/openmpi/lib:/opt/amazon/ofi-nccl/lib/x86_64-linux-gnu:/usr/local/lib:/usr/lib:/usr/local/cuda-12.8/lib:/usr/local/cuda-12.8/lib64:/usr/local/cuda-12.8:/usr/local/cuda-12.8/targets/x86_64-linux/lib/:/usr/local/cuda-12.8/extras/CUPTI/lib64:/opt/amazon/efa/lib:/opt/amazon/openmpi/lib:/opt/amazon/ofi-nccl/lib/x86_64-linux-gnu:/usr/local/lib:/usr/lib
2026-03-20 22:02:48,265 - INFO - [36m(rf-qwen3-32b-tp8pp1-A100-40gb, pid=8099)[0m + LD_LIBRARY_PATH=/usr/local/cuda/lib64:/usr/local/cuda/targets/x86_64-linux/lib:/usr/local/cuda/lib64:/usr/local/cuda/targets/x86_64-linux/lib:/usr/local/cuda-12.8/lib:/usr/local/cuda-12.8/lib64:/usr/local/cuda-12.8:/usr/local/cuda-12.8/targets/x86_64-linux/lib/:/usr/local/cuda-12.8/extras/CUPTI/lib64:/opt/amazon/efa/lib:/opt/amazon/openmpi/lib:/opt/amazon/ofi-nccl/lib/x86_64-linux-gnu:/usr/local/lib:/usr/lib:/usr/local/cuda-12.8/lib:/usr/local/cuda-12.8/lib64:/usr/local/cuda-12.8:/usr/local/cuda-12.8/targets/x86_64-linux/lib/:/usr/local/cuda-12.8/extras/CUPTI/lib64:/opt/amazon/efa/lib:/opt/amazon/openmpi/lib:/opt/amazon/ofi-nccl/lib/x86_64-linux-gnu:/usr/local/lib:/usr/lib
2026-03-20 22:02:48,265 - INFO - [36m(rf-qwen3-32b-tp8pp1-A100-40gb, pid=8099)[0m + export NCCL_P2P_DISABLE=0
2026-03-20 22:02:48,265 - INFO - [36m(rf-qwen3-32b-tp8pp1-A100-40gb, pid=8099)[0m + NCCL_P2P_DISABLE=0
2026-03-20 22:02:48,265 - INFO - [36m(rf-qwen3-32b-tp8pp1-A100-40gb, pid=8099)[0m + export NCCL_TIMEOUT=3600
2026-03-20 22:02:48,265 - INFO - [36m(rf-qwen3-32b-tp8pp1-A100-40gb, pid=8099)[0m + NCCL_TIMEOUT=3600
2026-03-20 22:02:48,265 - INFO - [36m(rf-qwen3-32b-tp8pp1-A100-40gb, pid=8099)[0m + export TORCH_NCCL_BLOCKING_WAIT=1
2026-03-20 22:02:48,265 - INFO - [36m(rf-qwen3-32b-tp8pp1-A100-40gb, pid=8099)[0m + TORCH_NCCL_BLOCKING_WAIT=1
2026-03-20 22:02:48,266 - INFO - [36m(rf-qwen3-32b-tp8pp1-A100-40gb, pid=8099)[0m + export TORCH_NCCL_ASYNC_ERROR_HANDLING=1
2026-03-20 22:02:49,974 - INFO - [36m(rf-qwen3-32b-tp8pp1-A100-40gb, pid=8099)[0m + TORCH_NCCL_ASYNC_ERROR_HANDLING=1
2026-03-20 22:02:49,974 - INFO - [36m(rf-qwen3-32b-tp8pp1-A100-40gb, pid=8099)[0m + export TORCH_NCCL_TRACE_BUFFER_SIZE=10000
2026-03-20 22:02:49,974 - INFO - [36m(rf-qwen3-32b-tp8pp1-A100-40gb, pid=8099)[0m + TORCH_NCCL_TRACE_BUFFER_SIZE=10000
2026-03-20 22:02:49,974 - INFO - [36m(rf-qwen3-32b-tp8pp1-A100-40gb, pid=8099)[0m + export TORCH_DISTRIBUTED_DEBUG=DETAIL
2026-03-20 22:02:49,974 - INFO - [36m(rf-qwen3-32b-tp8pp1-A100-40gb, pid=8099)[0m + TORCH_DISTRIBUTED_DEBUG=DETAIL
2026-03-20 22:02:49,974 - INFO - [36m(rf-qwen3-32b-tp8pp1-A100-40gb, pid=8099)[0m + export NCCL_DEBUG=INFO
2026-03-20 22:02:49,974 - INFO - [36m(rf-qwen3-32b-tp8pp1-A100-40gb, pid=8099)[0m + NCCL_DEBUG=INFO
2026-03-20 22:02:49,974 - INFO - [36m(rf-qwen3-32b-tp8pp1-A100-40gb, pid=8099)[0m + export LD_LIBRARY_PATH=/opt/amazon/ofi-nccl/lib:/opt/amazon/efa/lib:/usr/local/cuda/lib64:/usr/local/cuda/targets/x86_64-linux/lib:/usr/local/cuda/lib64:/usr/local/cuda/targets/x86_64-linux/lib:/usr/local/cuda-12.8/lib:/usr/local/cuda-12.8/lib64:/usr/local/cuda-12.8:/usr/local/cuda-12.8/targets/x86_64-linux/lib/:/usr/local/cuda-12.8/extras/CUPTI/lib64:/opt/amazon/efa/lib:/opt/amazon/openmpi/lib:/opt/amazon/ofi-nccl/lib/x86_64-linux-gnu:/usr/local/lib:/usr/lib:/usr/local/cuda-12.8/lib:/usr/local/cuda-12.8/lib64:/usr/local/cuda-12.8:/usr/local/cuda-12.8/targets/x86_64-linux/lib/:/usr/local/cuda-12.8/extras/CUPTI/lib64:/opt/amazon/efa/lib:/opt/amazon/openmpi/lib:/opt/amazon/ofi-nccl/lib/x86_64-linux-gnu:/usr/local/lib:/usr/lib
2026-03-20 22:02:49,974 - INFO - [36m(rf-qwen3-32b-tp8pp1-A100-40gb, pid=8099)[0m + LD_LIBRARY_PATH=/opt/amazon/ofi-nccl/lib:/opt/amazon/efa/lib:/usr/local/cuda/lib64:/usr/local/cuda/targets/x86_64-linux/lib:/usr/local/cuda/lib64:/usr/local/cuda/targets/x86_64-linux/lib:/usr/local/cuda-12.8/lib:/usr/local/cuda-12.8/lib64:/usr/local/cuda-12.8:/usr/local/cuda-12.8/targets/x86_64-linux/lib/:/usr/local/cuda-12.8/extras/CUPTI/lib64:/opt/amazon/efa/lib:/opt/amazon/openmpi/lib:/opt/amazon/ofi-nccl/lib/x86_64-linux-gnu:/usr/local/lib:/usr/lib:/usr/local/cuda-12.8/lib:/usr/local/cuda-12.8/lib64:/usr/local/cuda-12.8:/usr/local/cuda-12.8/targets/x86_64-linux/lib/:/usr/local/cuda-12.8/extras/CUPTI/lib64:/opt/amazon/efa/lib:/opt/amazon/openmpi/lib:/opt/amazon/ofi-nccl/lib/x86_64-linux-gnu:/usr/local/lib:/usr/lib
2026-03-20 22:02:49,974 - INFO - [36m(rf-qwen3-32b-tp8pp1-A100-40gb, pid=8099)[0m + export NCCL_NET_PLUGIN=ofi
2026-03-20 22:02:49,974 - INFO - [36m(rf-qwen3-32b-tp8pp1-A100-40gb, pid=8099)[0m + NCCL_NET_PLUGIN=ofi
2026-03-20 22:02:49,974 - INFO - [36m(rf-qwen3-32b-tp8pp1-A100-40gb, pid=8099)[0m + export FI_EFA_USE_DEVICE_RDMA=1
2026-03-20 22:02:49,974 - INFO - [36m(rf-qwen3-32b-tp8pp1-A100-40gb, pid=8099)[0m + FI_EFA_USE_DEVICE_RDMA=1
2026-03-20 22:02:49,974 - INFO - [36m(rf-qwen3-32b-tp8pp1-A100-40gb, pid=8099)[0m + export FI_PROVIDER=efa
2026-03-20 22:02:49,974 - INFO - [36m(rf-qwen3-32b-tp8pp1-A100-40gb, pid=8099)[0m + FI_PROVIDER=efa
2026-03-20 22:02:49,974 - INFO - [36m(rf-qwen3-32b-tp8pp1-A100-40gb, pid=8099)[0m + export NCCL_DEBUG_SUBSYS=NET
2026-03-20 22:02:49,974 - INFO - [36m(rf-qwen3-32b-tp8pp1-A100-40gb, pid=8099)[0m + NCCL_DEBUG_SUBSYS=NET
2026-03-20 22:02:49,974 - INFO - [36m(rf-qwen3-32b-tp8pp1-A100-40gb, pid=8099)[0m + python roofline_benchmarks/benchmark_rf-qwen3-32b-tp8pp1-A100-40gb.py
2026-03-20 22:02:49,974 - INFO - [36m(rf-qwen3-32b-tp8pp1-A100-40gb, pid=8099)[0m 🚀 Starting vLLM server: /home/ubuntu/sky_workdir/.venv/bin/python -m vllm.entrypoints.openai.api_server --model Qwen/Qwen3-32B --tensor-parallel-size 8 --pipeline-parallel-size 1 --max-model-len 18432 --gpu-memory-utilization 0.85 --enforce-eager --no-enable-prefix-caching --disable-log-requests --port 8000
2026-03-20 22:04:43,136 - INFO - [36m(rf-qwen3-32b-tp8pp1-A100-40gb, pid=8099)[0m ⏳ Waiting for server health (timeout=600s)...
2026-03-20 22:04:43,136 - INFO - [36m(rf-qwen3-32b-tp8pp1-A100-40gb, pid=8099)[0m ✅ Server healthy after 113.0s
2026-03-20 22:04:44,144 - INFO - [36m(rf-qwen3-32b-tp8pp1-A100-40gb, pid=8099)[0m 📊 Parsed from server log: KV cache=746880 tokens, num_gpu_blocks=46680, block_size=16
2026-03-20 22:04:44,144 - INFO - [36m(rf-qwen3-32b-tp8pp1-A100-40gb, pid=8099)[0m 📊 target_concurrency = 40 (46680 blocks × 16 / 18432)
2026-03-20 22:04:44,144 - INFO - [36m(rf-qwen3-32b-tp8pp1-A100-40gb, pid=8099)[0m
2026-03-20 22:04:44,144 - INFO - [36m(rf-qwen3-32b-tp8pp1-A100-40gb, pid=8099)[0m ======================================================================
2026-03-20 22:04:44,144 - INFO - [36m(rf-qwen3-32b-tp8pp1-A100-40gb, pid=8099)[0m Running: TP=8, PP=1, input=128, output=128
2026-03-20 22:04:44,144 - INFO - [36m(rf-qwen3-32b-tp8pp1-A100-40gb, pid=8099)[0m Target concurrency: 40
2026-03-20 22:04:44,144 - INFO - [36m(rf-qwen3-32b-tp8pp1-A100-40gb, pid=8099)[0m ======================================================================
2026-03-20 22:04:44,144 - INFO - [36m(rf-qwen3-32b-tp8pp1-A100-40gb, pid=8099)[0m 📊 Using local GPU monitoring (single node, no Ray)
2026-03-20 22:04:48,975 - INFO - [36m(rf-qwen3-32b-tp8pp1-A100-40gb, pid=8099)[0m 🔥 Running warmup (5 requests)...
2026-03-20 22:04:48,975 - INFO - [36m(rf-qwen3-32b-tp8pp1-A100-40gb, pid=8099)[0m Loading tokenizer for Qwen/Qwen3-32B...
2026-03-20 22:04:49,880 - INFO - [36m(rf-qwen3-32b-tp8pp1-A100-40gb, pid=8099)[0m Loading dataset emozilla/pg19-test...
2026-03-20 22:04:52,894 - INFO - [36m(rf-qwen3-32b-tp8pp1-A100-40gb, pid=8099)[0m `trust_remote_code` is not supported anymore.
2026-03-20 22:04:52,894 - INFO - [36m(rf-qwen3-32b-tp8pp1-A100-40gb, pid=8099)[0m Please check that the Hugging Face dataset 'emozilla/pg19-test' isn't based on a loading script and remove `trust_remote_code`.
2026-03-20 22:04:52,894 - INFO - [36m(rf-qwen3-32b-tp8pp1-A100-40gb, pid=8099)[0m If the dataset is based on a loading script, please ask the dataset author to remove it and convert it to a standard format like Parquet.
2026-03-20 22:04:53,398 - INFO - [36m(rf-qwen3-32b-tp8pp1-A100-40gb, pid=8099)[0m
2026-03-20 22:04:54,103 - INFO - [36m(rf-qwen3-32b-tp8pp1-A100-40gb, pid=8099)[0m Generating test split:   0%|          | 0/100 [00:00<?, ? examples/s]
2026-03-20 22:04:54,104 - INFO - Generating test split: 100%|██████████| 100/100 [00:00<00:00, 410.37 examples/s]
2026-03-20 22:04:54,104 - INFO - Generating test split: 100%|██████████| 100/100 [00:00<00:00, 406.07 examples/s]
2026-03-20 22:04:54,104 - INFO - [36m(rf-qwen3-32b-tp8pp1-A100-40gb, pid=8099)[0m Running 5 benchmark requests (concurrency=2)...
2026-03-20 22:05:13,236 - INFO - [36m(rf-qwen3-32b-tp8pp1-A100-40gb, pid=8099)[0m
2026-03-20 22:05:14,041 - INFO - [36m(rf-qwen3-32b-tp8pp1-A100-40gb, pid=8099)[0m ============================================================
2026-03-20 22:05:14,041 - INFO - [36m(rf-qwen3-32b-tp8pp1-A100-40gb, pid=8099)[0m Benchmark complete: 5/5 successful
2026-03-20 22:05:14,041 - INFO - [36m(rf-qwen3-32b-tp8pp1-A100-40gb, pid=8099)[0m Wall clock: 19.2s
2026-03-20 22:05:14,041 - INFO - [36m(rf-qwen3-32b-tp8pp1-A100-40gb, pid=8099)[0m Results saved to: /tmp/warmup_results.json
2026-03-20 22:05:14,041 - INFO - [36m(rf-qwen3-32b-tp8pp1-A100-40gb, pid=8099)[0m TTFT p50/p95/p99: 132.1 / 744.8 / 853.2 ms
2026-03-20 22:05:14,041 - INFO - [36m(rf-qwen3-32b-tp8pp1-A100-40gb, pid=8099)[0m E2E  p50/p95/p99: 6287.6 / 7069.7 / 7079.6 ms
2026-03-20 22:05:14,041 - INFO - [36m(rf-qwen3-32b-tp8pp1-A100-40gb, pid=8099)[0m ✅ Warmup complete
2026-03-20 22:05:15,954 - INFO - [36m(rf-qwen3-32b-tp8pp1-A100-40gb, pid=8099)[0m 📊 Running benchmark: 160 requests, concurrency=40
2026-03-20 22:05:19,778 - INFO - [36m(rf-qwen3-32b-tp8pp1-A100-40gb, pid=8099)[0m Loading tokenizer for Qwen/Qwen3-32B...
2026-03-20 22:05:20,683 - INFO - [36m(rf-qwen3-32b-tp8pp1-A100-40gb, pid=8099)[0m Loading dataset emozilla/pg19-test...
2026-03-20 22:05:23,802 - INFO - [36m(rf-qwen3-32b-tp8pp1-A100-40gb, pid=8099)[0m `trust_remote_code` is not supported anymore.
2026-03-20 22:05:23,802 - INFO - [36m(rf-qwen3-32b-tp8pp1-A100-40gb, pid=8099)[0m Please check that the Hugging Face dataset 'emozilla/pg19-test' isn't based on a loading script and remove `trust_remote_code`.
2026-03-20 22:05:23,802 - INFO - [36m(rf-qwen3-32b-tp8pp1-A100-40gb, pid=8099)[0m If the dataset is based on a loading script, please ask the dataset author to remove it and convert it to a standard format like Parquet.
2026-03-20 22:05:23,802 - INFO - [36m(rf-qwen3-32b-tp8pp1-A100-40gb, pid=8099)[0m Token indices sequence length is longer than the specified maximum sequence length for this model (136936 > 131072). Running this sequence through the model will result in indexing errors
2026-03-20 22:05:50,159 - INFO - [36m(rf-qwen3-32b-tp8pp1-A100-40gb, pid=8099)[0m ⚠️  Only found 100 prompts with >= 128 tokens, recycling to reach 160
2026-03-20 22:05:50,964 - INFO - [36m(rf-qwen3-32b-tp8pp1-A100-40gb, pid=8099)[0m Running 160 benchmark requests (concurrency=40)...
2026-03-20 22:06:18,223 - INFO - [36m(rf-qwen3-32b-tp8pp1-A100-40gb, pid=8099)[0m
2026-03-20 22:06:19,030 - INFO - [36m(rf-qwen3-32b-tp8pp1-A100-40gb, pid=8099)[0m ============================================================
2026-03-20 22:06:19,030 - INFO - [36m(rf-qwen3-32b-tp8pp1-A100-40gb, pid=8099)[0m Benchmark complete: 160/160 successful
2026-03-20 22:06:19,030 - INFO - [36m(rf-qwen3-32b-tp8pp1-A100-40gb, pid=8099)[0m Wall clock: 27.9s
2026-03-20 22:06:19,030 - INFO - [36m(rf-qwen3-32b-tp8pp1-A100-40gb, pid=8099)[0m Results saved to: /tmp/client_results_tp8_pp1_in128_out128.json
2026-03-20 22:06:19,030 - INFO - [36m(rf-qwen3-32b-tp8pp1-A100-40gb, pid=8099)[0m TTFT p50/p95/p99: 238.5 / 519.8 / 599.2 ms
2026-03-20 22:06:19,030 - INFO - [36m(rf-qwen3-32b-tp8pp1-A100-40gb, pid=8099)[0m E2E  p50/p95/p99: 7067.3 / 7351.7 / 7352.0 ms
2026-03-20 22:06:19,030 - INFO - [36m(rf-qwen3-32b-tp8pp1-A100-40gb, pid=8099)[0m 📊 GPU monitoring: local (single node)
2026-03-20 22:06:19,734 - INFO - [36m(rf-qwen3-32b-tp8pp1-A100-40gb, pid=8099)[0m 📈 Time-series saved to /tmp/timeseries_tp8_pp1_in128_out128.json
2026-03-20 22:06:19,734 - INFO - [36m(rf-qwen3-32b-tp8pp1-A100-40gb, pid=8099)[0m Result: success
2026-03-20 22:06:23,058 - INFO - [36m(rf-qwen3-32b-tp8pp1-A100-40gb, pid=8099)[0m
2026-03-20 22:06:23,058 - INFO - [36m(rf-qwen3-32b-tp8pp1-A100-40gb, pid=8099)[0m ======================================================================
2026-03-20 22:06:23,058 - INFO - [36m(rf-qwen3-32b-tp8pp1-A100-40gb, pid=8099)[0m Running: TP=8, PP=1, input=128, output=2048
2026-03-20 22:06:23,058 - INFO - [36m(rf-qwen3-32b-tp8pp1-A100-40gb, pid=8099)[0m Target concurrency: 40
2026-03-20 22:06:23,058 - INFO - [36m(rf-qwen3-32b-tp8pp1-A100-40gb, pid=8099)[0m ======================================================================
2026-03-20 22:06:23,058 - INFO - [36m(rf-qwen3-32b-tp8pp1-A100-40gb, pid=8099)[0m 📊 Using local GPU monitoring (single node, no Ray)
2026-03-20 22:06:23,058 - INFO - [36m(rf-qwen3-32b-tp8pp1-A100-40gb, pid=8099)[0m 🔥 Running warmup (5 requests)...
2026-03-20 22:06:23,058 - INFO - [36m(rf-qwen3-32b-tp8pp1-A100-40gb, pid=8099)[0m Loading tokenizer for Qwen/Qwen3-32B...
2026-03-20 22:06:23,965 - INFO - [36m(rf-qwen3-32b-tp8pp1-A100-40gb, pid=8099)[0m Loading dataset emozilla/pg19-test...
2026-03-20 22:06:24,671 - INFO - [36m(rf-qwen3-32b-tp8pp1-A100-40gb, pid=8099)[0m `trust_remote_code` is not supported anymore.
2026-03-20 22:06:24,671 - INFO - [36m(rf-qwen3-32b-tp8pp1-A100-40gb, pid=8099)[0m Please check that the Hugging Face dataset 'emozilla/pg19-test' isn't based on a loading script and remove `trust_remote_code`.
2026-03-20 22:06:24,671 - INFO - [36m(rf-qwen3-32b-tp8pp1-A100-40gb, pid=8099)[0m If the dataset is based on a loading script, please ask the dataset author to remove it and convert it to a standard format like Parquet.
2026-03-20 22:06:24,671 - INFO - [36m(rf-qwen3-32b-tp8pp1-A100-40gb, pid=8099)[0m Running 5 benchmark requests (concurrency=2)...
2026-03-20 22:11:01,113 - INFO - [36m(rf-qwen3-32b-tp8pp1-A100-40gb, pid=8099)[0m
2026-03-20 22:11:01,722 - INFO - [36m(rf-qwen3-32b-tp8pp1-A100-40gb, pid=8099)[0m ============================================================
2026-03-20 22:11:01,722 - INFO - [36m(rf-qwen3-32b-tp8pp1-A100-40gb, pid=8099)[0m Benchmark complete: 5/5 successful
2026-03-20 22:11:01,722 - INFO - [36m(rf-qwen3-32b-tp8pp1-A100-40gb, pid=8099)[0m Wall clock: 276.1s
2026-03-20 22:11:01,722 - INFO - [36m(rf-qwen3-32b-tp8pp1-A100-40gb, pid=8099)[0m Results saved to: /tmp/warmup_results.json
2026-03-20 22:11:01,722 - INFO - [36m(rf-qwen3-32b-tp8pp1-A100-40gb, pid=8099)[0m TTFT p50/p95/p99: 84.9 / 98.4 / 101.0 ms
2026-03-20 22:11:01,722 - INFO - [36m(rf-qwen3-32b-tp8pp1-A100-40gb, pid=8099)[0m E2E  p50/p95/p99: 92648.3 / 96460.9 / 96467.7 ms
2026-03-20 22:11:01,722 - INFO - [36m(rf-qwen3-32b-tp8pp1-A100-40gb, pid=8099)[0m ✅ Warmup complete
2026-03-20 22:11:03,538 - INFO - [36m(rf-qwen3-32b-tp8pp1-A100-40gb, pid=8099)[0m 📊 Running benchmark: 160 requests, concurrency=40
2026-03-20 22:11:07,461 - INFO - [36m(rf-qwen3-32b-tp8pp1-A100-40gb, pid=8099)[0m Loading tokenizer for Qwen/Qwen3-32B...
2026-03-20 22:11:08,268 - INFO - [36m(rf-qwen3-32b-tp8pp1-A100-40gb, pid=8099)[0m Loading dataset emozilla/pg19-test...
2026-03-20 22:11:11,086 - INFO - [36m(rf-qwen3-32b-tp8pp1-A100-40gb, pid=8099)[0m `trust_remote_code` is not supported anymore.
2026-03-20 22:11:11,086 - INFO - [36m(rf-qwen3-32b-tp8pp1-A100-40gb, pid=8099)[0m Please check that the Hugging Face dataset 'emozilla/pg19-test' isn't based on a loading script and remove `trust_remote_code`.
2026-03-20 22:11:11,086 - INFO - [36m(rf-qwen3-32b-tp8pp1-A100-40gb, pid=8099)[0m If the dataset is based on a loading script, please ask the dataset author to remove it and convert it to a standard format like Parquet.
2026-03-20 22:11:11,086 - INFO - [36m(rf-qwen3-32b-tp8pp1-A100-40gb, pid=8099)[0m Token indices sequence length is longer than the specified maximum sequence length for this model (136936 > 131072). Running this sequence through the model will result in indexing errors
2026-03-20 22:11:37,668 - INFO - [36m(rf-qwen3-32b-tp8pp1-A100-40gb, pid=8099)[0m ⚠️  Only found 100 prompts with >= 128 tokens, recycling to reach 160
2026-03-20 22:18:25,104 - INFO - [36m(rf-qwen3-32b-tp8pp1-A100-40gb, pid=8099)[0m Running 160 benchmark requests (concurrency=40)...
2026-03-20 22:18:25,104 - INFO - [36m(rf-qwen3-32b-tp8pp1-A100-40gb, pid=8099)[0m
2026-03-20 22:18:25,808 - INFO - [36m(rf-qwen3-32b-tp8pp1-A100-40gb, pid=8099)[0m ============================================================
2026-03-20 22:18:25,808 - INFO - [36m(rf-qwen3-32b-tp8pp1-A100-40gb, pid=8099)[0m Benchmark complete: 160/160 successful
2026-03-20 22:18:25,808 - INFO - [36m(rf-qwen3-32b-tp8pp1-A100-40gb, pid=8099)[0m Wall clock: 407.2s
2026-03-20 22:18:25,808 - INFO - [36m(rf-qwen3-32b-tp8pp1-A100-40gb, pid=8099)[0m Results saved to: /tmp/client_results_tp8_pp1_in128_out2048.json
2026-03-20 22:18:25,808 - INFO - [36m(rf-qwen3-32b-tp8pp1-A100-40gb, pid=8099)[0m TTFT p50/p95/p99: 244.7 / 515.1 / 593.5 ms
2026-03-20 22:18:25,808 - INFO - [36m(rf-qwen3-32b-tp8pp1-A100-40gb, pid=8099)[0m E2E  p50/p95/p99: 102198.3 / 103623.9 / 103743.3 ms
2026-03-20 22:18:25,808 - INFO - [36m(rf-qwen3-32b-tp8pp1-A100-40gb, pid=8099)[0m 📊 GPU monitoring: local (single node)
2026-03-20 22:18:26,513 - INFO - [36m(rf-qwen3-32b-tp8pp1-A100-40gb, pid=8099)[0m 📈 Time-series saved to /tmp/timeseries_tp8_pp1_in128_out2048.json
2026-03-20 22:18:26,513 - INFO - [36m(rf-qwen3-32b-tp8pp1-A100-40gb, pid=8099)[0m Result: success
2026-03-20 22:18:29,735 - INFO - [36m(rf-qwen3-32b-tp8pp1-A100-40gb, pid=8099)[0m
2026-03-20 22:18:29,735 - INFO - [36m(rf-qwen3-32b-tp8pp1-A100-40gb, pid=8099)[0m ======================================================================
2026-03-20 22:18:29,735 - INFO - [36m(rf-qwen3-32b-tp8pp1-A100-40gb, pid=8099)[0m Running: TP=8, PP=1, input=512, output=1024
2026-03-20 22:18:29,735 - INFO - [36m(rf-qwen3-32b-tp8pp1-A100-40gb, pid=8099)[0m Target concurrency: 40
2026-03-20 22:18:29,735 - INFO - [36m(rf-qwen3-32b-tp8pp1-A100-40gb, pid=8099)[0m ======================================================================
2026-03-20 22:18:29,735 - INFO - [36m(rf-qwen3-32b-tp8pp1-A100-40gb, pid=8099)[0m 📊 Using local GPU monitoring (single node, no Ray)
2026-03-20 22:18:29,735 - INFO - [36m(rf-qwen3-32b-tp8pp1-A100-40gb, pid=8099)[0m 🔥 Running warmup (5 requests)...
2026-03-20 22:18:29,736 - INFO - [36m(rf-qwen3-32b-tp8pp1-A100-40gb, pid=8099)[0m Loading tokenizer for Qwen/Qwen3-32B...
2026-03-20 22:18:30,342 - INFO - [36m(rf-qwen3-32b-tp8pp1-A100-40gb, pid=8099)[0m Loading dataset emozilla/pg19-test...
2026-03-20 22:18:31,554 - INFO - [36m(rf-qwen3-32b-tp8pp1-A100-40gb, pid=8099)[0m `trust_remote_code` is not supported anymore.
2026-03-20 22:18:31,554 - INFO - [36m(rf-qwen3-32b-tp8pp1-A100-40gb, pid=8099)[0m Please check that the Hugging Face dataset 'emozilla/pg19-test' isn't based on a loading script and remove `trust_remote_code`.
2026-03-20 22:18:31,554 - INFO - [36m(rf-qwen3-32b-tp8pp1-A100-40gb, pid=8099)[0m If the dataset is based on a loading script, please ask the dataset author to remove it and convert it to a standard format like Parquet.
2026-03-20 22:18:31,554 - INFO - [36m(rf-qwen3-32b-tp8pp1-A100-40gb, pid=8099)[0m Running 5 benchmark requests (concurrency=2)...
2026-03-20 22:20:52,507 - INFO - [36m(rf-qwen3-32b-tp8pp1-A100-40gb, pid=8099)[0m
2026-03-20 22:20:53,209 - INFO - [36m(rf-qwen3-32b-tp8pp1-A100-40gb, pid=8099)[0m ============================================================
2026-03-20 22:20:53,209 - INFO - [36m(rf-qwen3-32b-tp8pp1-A100-40gb, pid=8099)[0m Benchmark complete: 5/5 successful
2026-03-20 22:20:53,209 - INFO - [36m(rf-qwen3-32b-tp8pp1-A100-40gb, pid=8099)[0m Wall clock: 140.8s
2026-03-20 22:20:53,209 - INFO - [36m(rf-qwen3-32b-tp8pp1-A100-40gb, pid=8099)[0m Results saved to: /tmp/warmup_results.json
2026-03-20 22:20:53,209 - INFO - [36m(rf-qwen3-32b-tp8pp1-A100-40gb, pid=8099)[0m TTFT p50/p95/p99: 87.1 / 117.5 / 120.5 ms
2026-03-20 22:20:53,209 - INFO - [36m(rf-qwen3-32b-tp8pp1-A100-40gb, pid=8099)[0m E2E  p50/p95/p99: 47729.8 / 48010.4 / 48017.5 ms
2026-03-20 22:20:53,209 - INFO - [36m(rf-qwen3-32b-tp8pp1-A100-40gb, pid=8099)[0m ✅ Warmup complete
2026-03-20 22:20:55,220 - INFO - [36m(rf-qwen3-32b-tp8pp1-A100-40gb, pid=8099)[0m 📊 Running benchmark: 160 requests, concurrency=40
2026-03-20 22:20:59,041 - INFO - [36m(rf-qwen3-32b-tp8pp1-A100-40gb, pid=8099)[0m Loading tokenizer for Qwen/Qwen3-32B...
2026-03-20 22:20:59,951 - INFO - [36m(rf-qwen3-32b-tp8pp1-A100-40gb, pid=8099)[0m Loading dataset emozilla/pg19-test...
2026-03-20 22:21:02,967 - INFO - [36m(rf-qwen3-32b-tp8pp1-A100-40gb, pid=8099)[0m `trust_remote_code` is not supported anymore.
2026-03-20 22:21:02,967 - INFO - [36m(rf-qwen3-32b-tp8pp1-A100-40gb, pid=8099)[0m Please check that the Hugging Face dataset 'emozilla/pg19-test' isn't based on a loading script and remove `trust_remote_code`.
2026-03-20 22:21:02,967 - INFO - [36m(rf-qwen3-32b-tp8pp1-A100-40gb, pid=8099)[0m If the dataset is based on a loading script, please ask the dataset author to remove it and convert it to a standard format like Parquet.
2026-03-20 22:21:02,967 - INFO - [36m(rf-qwen3-32b-tp8pp1-A100-40gb, pid=8099)[0m Token indices sequence length is longer than the specified maximum sequence length for this model (136936 > 131072). Running this sequence through the model will result in indexing errors
2026-03-20 22:21:29,612 - INFO - [36m(rf-qwen3-32b-tp8pp1-A100-40gb, pid=8099)[0m ⚠️  Only found 100 prompts with >= 512 tokens, recycling to reach 160
2026-03-20 22:24:48,590 - INFO - [36m(rf-qwen3-32b-tp8pp1-A100-40gb, pid=8099)[0m Running 160 benchmark requests (concurrency=40)...
2026-03-20 22:24:48,591 - INFO - [36m(rf-qwen3-32b-tp8pp1-A100-40gb, pid=8099)[0m
2026-03-20 22:24:49,095 - INFO - [36m(rf-qwen3-32b-tp8pp1-A100-40gb, pid=8099)[0m ============================================================
2026-03-20 22:24:49,095 - INFO - [36m(rf-qwen3-32b-tp8pp1-A100-40gb, pid=8099)[0m Benchmark complete: 160/160 successful
2026-03-20 22:24:49,095 - INFO - [36m(rf-qwen3-32b-tp8pp1-A100-40gb, pid=8099)[0m Wall clock: 199.0s
2026-03-20 22:24:49,095 - INFO - [36m(rf-qwen3-32b-tp8pp1-A100-40gb, pid=8099)[0m Results saved to: /tmp/client_results_tp8_pp1_in512_out1024.json
2026-03-20 22:24:49,095 - INFO - [36m(rf-qwen3-32b-tp8pp1-A100-40gb, pid=8099)[0m TTFT p50/p95/p99: 256.3 / 1266.5 / 1506.0 ms
2026-03-20 22:24:49,598 - INFO - [36m(rf-qwen3-32b-tp8pp1-A100-40gb, pid=8099)[0m E2E  p50/p95/p99: 49499.6 / 51110.5 / 51357.0 ms
2026-03-20 22:24:49,598 - INFO - [36m(rf-qwen3-32b-tp8pp1-A100-40gb, pid=8099)[0m 📊 GPU monitoring: local (single node)
2026-03-20 22:24:53,320 - INFO - [36m(rf-qwen3-32b-tp8pp1-A100-40gb, pid=8099)[0m 📈 Time-series saved to /tmp/timeseries_tp8_pp1_in512_out1024.json
2026-03-20 22:24:53,320 - INFO - [36m(rf-qwen3-32b-tp8pp1-A100-40gb, pid=8099)[0m Result: success
2026-03-20 22:24:53,320 - INFO - [36m(rf-qwen3-32b-tp8pp1-A100-40gb, pid=8099)[0m
2026-03-20 22:24:53,320 - INFO - [36m(rf-qwen3-32b-tp8pp1-A100-40gb, pid=8099)[0m ======================================================================
2026-03-20 22:24:53,320 - INFO - [36m(rf-qwen3-32b-tp8pp1-A100-40gb, pid=8099)[0m Running: TP=8, PP=1, input=1024, output=512
2026-03-20 22:24:53,320 - INFO - [36m(rf-qwen3-32b-tp8pp1-A100-40gb, pid=8099)[0m Target concurrency: 40
2026-03-20 22:24:53,320 - INFO - [36m(rf-qwen3-32b-tp8pp1-A100-40gb, pid=8099)[0m ======================================================================
2026-03-20 22:24:53,320 - INFO - [36m(rf-qwen3-32b-tp8pp1-A100-40gb, pid=8099)[0m 📊 Using local GPU monitoring (single node, no Ray)
2026-03-20 22:24:53,320 - INFO - [36m(rf-qwen3-32b-tp8pp1-A100-40gb, pid=8099)[0m 🔥 Running warmup (5 requests)...
2026-03-20 22:24:53,321 - INFO - [36m(rf-qwen3-32b-tp8pp1-A100-40gb, pid=8099)[0m Loading tokenizer for Qwen/Qwen3-32B...
2026-03-20 22:24:54,327 - INFO - [36m(rf-qwen3-32b-tp8pp1-A100-40gb, pid=8099)[0m Loading dataset emozilla/pg19-test...
2026-03-20 22:24:55,233 - INFO - [36m(rf-qwen3-32b-tp8pp1-A100-40gb, pid=8099)[0m `trust_remote_code` is not supported anymore.
2026-03-20 22:24:55,233 - INFO - [36m(rf-qwen3-32b-tp8pp1-A100-40gb, pid=8099)[0m Please check that the Hugging Face dataset 'emozilla/pg19-test' isn't based on a loading script and remove `trust_remote_code`.
2026-03-20 22:24:55,233 - INFO - [36m(rf-qwen3-32b-tp8pp1-A100-40gb, pid=8099)[0m If the dataset is based on a loading script, please ask the dataset author to remove it and convert it to a standard format like Parquet.
2026-03-20 22:24:55,233 - INFO - [36m(rf-qwen3-32b-tp8pp1-A100-40gb, pid=8099)[0m Running 5 benchmark requests (concurrency=2)...
2026-03-20 22:26:03,251 - INFO - [36m(rf-qwen3-32b-tp8pp1-A100-40gb, pid=8099)[0m
2026-03-20 22:26:03,857 - INFO - [36m(rf-qwen3-32b-tp8pp1-A100-40gb, pid=8099)[0m ============================================================
2026-03-20 22:26:03,857 - INFO - [36m(rf-qwen3-32b-tp8pp1-A100-40gb, pid=8099)[0m Benchmark complete: 5/5 successful
2026-03-20 22:26:03,857 - INFO - [36m(rf-qwen3-32b-tp8pp1-A100-40gb, pid=8099)[0m Wall clock: 68.0s
2026-03-20 22:26:03,857 - INFO - [36m(rf-qwen3-32b-tp8pp1-A100-40gb, pid=8099)[0m Results saved to: /tmp/warmup_results.json
2026-03-20 22:26:03,857 - INFO - [36m(rf-qwen3-32b-tp8pp1-A100-40gb, pid=8099)[0m TTFT p50/p95/p99: 126.6 / 188.7 / 191.6 ms
2026-03-20 22:26:03,857 - INFO - [36m(rf-qwen3-32b-tp8pp1-A100-40gb, pid=8099)[0m E2E  p50/p95/p99: 23185.5 / 23407.7 / 23407.8 ms
2026-03-20 22:26:03,857 - INFO - [36m(rf-qwen3-32b-tp8pp1-A100-40gb, pid=8099)[0m ✅ Warmup complete
2026-03-20 22:26:05,868 - INFO - [36m(rf-qwen3-32b-tp8pp1-A100-40gb, pid=8099)[0m 📊 Running benchmark: 160 requests, concurrency=40
2026-03-20 22:26:09,785 - INFO - [36m(rf-qwen3-32b-tp8pp1-A100-40gb, pid=8099)[0m Loading tokenizer for Qwen/Qwen3-32B...
2026-03-20 22:26:10,390 - INFO - [36m(rf-qwen3-32b-tp8pp1-A100-40gb, pid=8099)[0m Loading dataset emozilla/pg19-test...
2026-03-20 22:26:14,507 - INFO - [36m(rf-qwen3-32b-tp8pp1-A100-40gb, pid=8099)[0m `trust_remote_code` is not supported anymore.
2026-03-20 22:26:14,507 - INFO - [36m(rf-qwen3-32b-tp8pp1-A100-40gb, pid=8099)[0m Please check that the Hugging Face dataset 'emozilla/pg19-test' isn't based on a loading script and remove `trust_remote_code`.
2026-03-20 22:26:14,507 - INFO - [36m(rf-qwen3-32b-tp8pp1-A100-40gb, pid=8099)[0m If the dataset is based on a loading script, please ask the dataset author to remove it and convert it to a standard format like Parquet.
2026-03-20 22:26:14,507 - INFO - [36m(rf-qwen3-32b-tp8pp1-A100-40gb, pid=8099)[0m Token indices sequence length is longer than the specified maximum sequence length for this model (136936 > 131072). Running this sequence through the model will result in indexing errors
2026-03-20 22:26:43,308 - INFO - [36m(rf-qwen3-32b-tp8pp1-A100-40gb, pid=8099)[0m ⚠️  Only found 100 prompts with >= 1024 tokens, recycling to reach 160
2026-03-20 22:28:28,529 - INFO - [36m(rf-qwen3-32b-tp8pp1-A100-40gb, pid=8099)[0m Running 160 benchmark requests (concurrency=40)...
2026-03-20 22:28:28,529 - INFO - [36m(rf-qwen3-32b-tp8pp1-A100-40gb, pid=8099)[0m
2026-03-20 22:28:29,437 - INFO - [36m(rf-qwen3-32b-tp8pp1-A100-40gb, pid=8099)[0m ============================================================
2026-03-20 22:28:29,437 - INFO - [36m(rf-qwen3-32b-tp8pp1-A100-40gb, pid=8099)[0m Benchmark complete: 160/160 successful
2026-03-20 22:28:29,437 - INFO - [36m(rf-qwen3-32b-tp8pp1-A100-40gb, pid=8099)[0m Wall clock: 105.2s
2026-03-20 22:28:29,437 - INFO - [36m(rf-qwen3-32b-tp8pp1-A100-40gb, pid=8099)[0m Results saved to: /tmp/client_results_tp8_pp1_in1024_out512.json
2026-03-20 22:28:29,437 - INFO - [36m(rf-qwen3-32b-tp8pp1-A100-40gb, pid=8099)[0m TTFT p50/p95/p99: 387.6 / 2364.8 / 2753.6 ms
2026-03-20 22:28:29,437 - INFO - [36m(rf-qwen3-32b-tp8pp1-A100-40gb, pid=8099)[0m E2E  p50/p95/p99: 26074.5 / 28057.5 / 28445.5 ms
2026-03-20 22:28:29,437 - INFO - [36m(rf-qwen3-32b-tp8pp1-A100-40gb, pid=8099)[0m 📊 GPU monitoring: local (single node)
2026-03-20 22:28:33,555 - INFO - [36m(rf-qwen3-32b-tp8pp1-A100-40gb, pid=8099)[0m 📈 Time-series saved to /tmp/timeseries_tp8_pp1_in1024_out512.json
2026-03-20 22:28:33,555 - INFO - [36m(rf-qwen3-32b-tp8pp1-A100-40gb, pid=8099)[0m Result: success
2026-03-20 22:28:33,555 - INFO - [36m(rf-qwen3-32b-tp8pp1-A100-40gb, pid=8099)[0m
2026-03-20 22:28:33,555 - INFO - [36m(rf-qwen3-32b-tp8pp1-A100-40gb, pid=8099)[0m ======================================================================
2026-03-20 22:28:33,555 - INFO - [36m(rf-qwen3-32b-tp8pp1-A100-40gb, pid=8099)[0m Running: TP=8, PP=1, input=4096, output=1024
2026-03-20 22:28:33,555 - INFO - [36m(rf-qwen3-32b-tp8pp1-A100-40gb, pid=8099)[0m Target concurrency: 40
2026-03-20 22:28:33,555 - INFO - [36m(rf-qwen3-32b-tp8pp1-A100-40gb, pid=8099)[0m ======================================================================
2026-03-20 22:28:33,555 - INFO - [36m(rf-qwen3-32b-tp8pp1-A100-40gb, pid=8099)[0m 📊 Using local GPU monitoring (single node, no Ray)
2026-03-20 22:28:33,555 - INFO - [36m(rf-qwen3-32b-tp8pp1-A100-40gb, pid=8099)[0m 🔥 Running warmup (5 requests)...
2026-03-20 22:28:33,555 - INFO - [36m(rf-qwen3-32b-tp8pp1-A100-40gb, pid=8099)[0m Loading tokenizer for Qwen/Qwen3-32B...
2026-03-20 22:28:34,461 - INFO - [36m(rf-qwen3-32b-tp8pp1-A100-40gb, pid=8099)[0m Loading dataset emozilla/pg19-test...
2026-03-20 22:28:35,166 - INFO - [36m(rf-qwen3-32b-tp8pp1-A100-40gb, pid=8099)[0m `trust_remote_code` is not supported anymore.
2026-03-20 22:28:35,166 - INFO - [36m(rf-qwen3-32b-tp8pp1-A100-40gb, pid=8099)[0m Please check that the Hugging Face dataset 'emozilla/pg19-test' isn't based on a loading script and remove `trust_remote_code`.
2026-03-20 22:28:35,166 - INFO - [36m(rf-qwen3-32b-tp8pp1-A100-40gb, pid=8099)[0m If the dataset is based on a loading script, please ask the dataset author to remove it and convert it to a standard format like Parquet.
2026-03-20 22:28:35,166 - INFO - [36m(rf-qwen3-32b-tp8pp1-A100-40gb, pid=8099)[0m Running 5 benchmark requests (concurrency=2)...
2026-03-20 22:30:56,293 - INFO - [36m(rf-qwen3-32b-tp8pp1-A100-40gb, pid=8099)[0m
2026-03-20 22:30:57,099 - INFO - [36m(rf-qwen3-32b-tp8pp1-A100-40gb, pid=8099)[0m ============================================================
2026-03-20 22:30:57,099 - INFO - [36m(rf-qwen3-32b-tp8pp1-A100-40gb, pid=8099)[0m Benchmark complete: 5/5 successful
2026-03-20 22:30:57,099 - INFO - [36m(rf-qwen3-32b-tp8pp1-A100-40gb, pid=8099)[0m Wall clock: 141.0s
2026-03-20 22:30:57,099 - INFO - [36m(rf-qwen3-32b-tp8pp1-A100-40gb, pid=8099)[0m Results saved to: /tmp/warmup_results.json
2026-03-20 22:30:57,099 - INFO - [36m(rf-qwen3-32b-tp8pp1-A100-40gb, pid=8099)[0m TTFT p50/p95/p99: 363.6 / 543.4 / 578.8 ms
2026-03-20 22:30:57,099 - INFO - [36m(rf-qwen3-32b-tp8pp1-A100-40gb, pid=8099)[0m E2E  p50/p95/p99: 47779.7 / 49675.5 / 49726.4 ms
2026-03-20 22:30:57,099 - INFO - [36m(rf-qwen3-32b-tp8pp1-A100-40gb, pid=8099)[0m ✅ Warmup complete
2026-03-20 22:30:59,212 - INFO - [36m(rf-qwen3-32b-tp8pp1-A100-40gb, pid=8099)[0m 📊 Running benchmark: 160 requests, concurrency=40
2026-03-20 22:31:02,933 - INFO - [36m(rf-qwen3-32b-tp8pp1-A100-40gb, pid=8099)[0m Loading tokenizer for Qwen/Qwen3-32B...
2026-03-20 22:31:03,537 - INFO - [36m(rf-qwen3-32b-tp8pp1-A100-40gb, pid=8099)[0m Loading dataset emozilla/pg19-test...
2026-03-20 22:31:07,157 - INFO - [36m(rf-qwen3-32b-tp8pp1-A100-40gb, pid=8099)[0m `trust_remote_code` is not supported anymore.
2026-03-20 22:31:07,157 - INFO - [36m(rf-qwen3-32b-tp8pp1-A100-40gb, pid=8099)[0m Please check that the Hugging Face dataset 'emozilla/pg19-test' isn't based on a loading script and remove `trust_remote_code`.
2026-03-20 22:31:07,157 - INFO - [36m(rf-qwen3-32b-tp8pp1-A100-40gb, pid=8099)[0m If the dataset is based on a loading script, please ask the dataset author to remove it and convert it to a standard format like Parquet.
2026-03-20 22:31:07,157 - INFO - [36m(rf-qwen3-32b-tp8pp1-A100-40gb, pid=8099)[0m Token indices sequence length is longer than the specified maximum sequence length for this model (136936 > 131072). Running this sequence through the model will result in indexing errors
2026-03-20 22:31:33,803 - INFO - [36m(rf-qwen3-32b-tp8pp1-A100-40gb, pid=8099)[0m ⚠️  Only found 99 prompts with >= 4096 tokens, recycling to reach 160
2026-03-20 22:35:27,867 - INFO - [36m(rf-qwen3-32b-tp8pp1-A100-40gb, pid=8099)[0m Running 160 benchmark requests (concurrency=40)...
2026-03-20 22:35:27,867 - INFO - [36m(rf-qwen3-32b-tp8pp1-A100-40gb, pid=8099)[0m
2026-03-20 22:35:28,875 - INFO - [36m(rf-qwen3-32b-tp8pp1-A100-40gb, pid=8099)[0m ============================================================
2026-03-20 22:35:28,875 - INFO - [36m(rf-qwen3-32b-tp8pp1-A100-40gb, pid=8099)[0m Benchmark complete: 160/160 successful
2026-03-20 22:35:28,875 - INFO - [36m(rf-qwen3-32b-tp8pp1-A100-40gb, pid=8099)[0m Wall clock: 234.1s
2026-03-20 22:35:28,875 - INFO - [36m(rf-qwen3-32b-tp8pp1-A100-40gb, pid=8099)[0m Results saved to: /tmp/client_results_tp8_pp1_in4096_out1024.json
2026-03-20 22:35:28,875 - INFO - [36m(rf-qwen3-32b-tp8pp1-A100-40gb, pid=8099)[0m TTFT p50/p95/p99: 626.9 / 9267.9 / 11157.4 ms
2026-03-20 22:35:28,875 - INFO - [36m(rf-qwen3-32b-tp8pp1-A100-40gb, pid=8099)[0m E2E  p50/p95/p99: 57724.6 / 66810.3 / 68752.7 ms
2026-03-20 22:35:28,875 - INFO - [36m(rf-qwen3-32b-tp8pp1-A100-40gb, pid=8099)[0m 📊 GPU monitoring: local (single node)
2026-03-20 22:35:29,581 - INFO - [36m(rf-qwen3-32b-tp8pp1-A100-40gb, pid=8099)[0m 📈 Time-series saved to /tmp/timeseries_tp8_pp1_in4096_out1024.json
2026-03-20 22:35:29,581 - INFO - [36m(rf-qwen3-32b-tp8pp1-A100-40gb, pid=8099)[0m Result: success
2026-03-20 22:35:29,581 - INFO - [36m(rf-qwen3-32b-tp8pp1-A100-40gb, pid=8099)[0m
2026-03-20 22:35:29,581 - INFO - [36m(rf-qwen3-32b-tp8pp1-A100-40gb, pid=8099)[0m ======================================================================
2026-03-20 22:35:29,581 - INFO - [36m(rf-qwen3-32b-tp8pp1-A100-40gb, pid=8099)[0m Running: TP=8, PP=1, input=8192, output=256
2026-03-20 22:35:29,581 - INFO - [36m(rf-qwen3-32b-tp8pp1-A100-40gb, pid=8099)[0m Target concurrency: 40
2026-03-20 22:35:29,582 - INFO - [36m(rf-qwen3-32b-tp8pp1-A100-40gb, pid=8099)[0m ======================================================================
2026-03-20 22:35:29,582 - INFO - [36m(rf-qwen3-32b-tp8pp1-A100-40gb, pid=8099)[0m 📊 Using local GPU monitoring (single node, no Ray)
2026-03-20 22:35:32,802 - INFO - [36m(rf-qwen3-32b-tp8pp1-A100-40gb, pid=8099)[0m 🔥 Running warmup (5 requests)...
2026-03-20 22:35:32,802 - INFO - [36m(rf-qwen3-32b-tp8pp1-A100-40gb, pid=8099)[0m Loading tokenizer for Qwen/Qwen3-32B...
2026-03-20 22:35:33,406 - INFO - [36m(rf-qwen3-32b-tp8pp1-A100-40gb, pid=8099)[0m Loading dataset emozilla/pg19-test...
2026-03-20 22:35:34,614 - INFO - [36m(rf-qwen3-32b-tp8pp1-A100-40gb, pid=8099)[0m `trust_remote_code` is not supported anymore.
2026-03-20 22:35:34,614 - INFO - [36m(rf-qwen3-32b-tp8pp1-A100-40gb, pid=8099)[0m Please check that the Hugging Face dataset 'emozilla/pg19-test' isn't based on a loading script and remove `trust_remote_code`.
2026-03-20 22:35:34,614 - INFO - [36m(rf-qwen3-32b-tp8pp1-A100-40gb, pid=8099)[0m If the dataset is based on a loading script, please ask the dataset author to remove it and convert it to a standard format like Parquet.
2026-03-20 22:35:34,614 - INFO - [36m(rf-qwen3-32b-tp8pp1-A100-40gb, pid=8099)[0m Running 5 benchmark requests (concurrency=2)...
2026-03-20 22:36:10,714 - INFO - [36m(rf-qwen3-32b-tp8pp1-A100-40gb, pid=8099)[0m
2026-03-20 22:36:11,819 - INFO - [36m(rf-qwen3-32b-tp8pp1-A100-40gb, pid=8099)[0m ============================================================
2026-03-20 22:36:11,819 - INFO - [36m(rf-qwen3-32b-tp8pp1-A100-40gb, pid=8099)[0m Benchmark complete: 5/5 successful
2026-03-20 22:36:11,819 - INFO - [36m(rf-qwen3-32b-tp8pp1-A100-40gb, pid=8099)[0m Wall clock: 36.3s
2026-03-20 22:36:11,819 - INFO - [36m(rf-qwen3-32b-tp8pp1-A100-40gb, pid=8099)[0m Results saved to: /tmp/warmup_results.json
2026-03-20 22:36:11,819 - INFO - [36m(rf-qwen3-32b-tp8pp1-A100-40gb, pid=8099)[0m TTFT p50/p95/p99: 665.1 / 1107.5 / 1195.9 ms
2026-03-20 22:36:11,819 - INFO - [36m(rf-qwen3-32b-tp8pp1-A100-40gb, pid=8099)[0m E2E  p50/p95/p99: 12549.5 / 12934.1 / 13011.0 ms
2026-03-20 22:36:11,819 - INFO - [36m(rf-qwen3-32b-tp8pp1-A100-40gb, pid=8099)[0m ✅ Warmup complete
2026-03-20 22:36:13,626 - INFO - [36m(rf-qwen3-32b-tp8pp1-A100-40gb, pid=8099)[0m 📊 Running benchmark: 160 requests, concurrency=40
2026-03-20 22:36:17,552 - INFO - [36m(rf-qwen3-32b-tp8pp1-A100-40gb, pid=8099)[0m Loading tokenizer for Qwen/Qwen3-32B...
2026-03-20 22:36:18,357 - INFO - [36m(rf-qwen3-32b-tp8pp1-A100-40gb, pid=8099)[0m Loading dataset emozilla/pg19-test...
2026-03-20 22:36:21,382 - INFO - [36m(rf-qwen3-32b-tp8pp1-A100-40gb, pid=8099)[0m `trust_remote_code` is not supported anymore.
2026-03-20 22:36:21,382 - INFO - [36m(rf-qwen3-32b-tp8pp1-A100-40gb, pid=8099)[0m Please check that the Hugging Face dataset 'emozilla/pg19-test' isn't based on a loading script and remove `trust_remote_code`.
2026-03-20 22:36:21,382 - INFO - [36m(rf-qwen3-32b-tp8pp1-A100-40gb, pid=8099)[0m If the dataset is based on a loading script, please ask the dataset author to remove it and convert it to a standard format like Parquet.
2026-03-20 22:36:21,382 - INFO - [36m(rf-qwen3-32b-tp8pp1-A100-40gb, pid=8099)[0m Token indices sequence length is longer than the specified maximum sequence length for this model (136936 > 131072). Running this sequence through the model will result in indexing errors
2026-03-20 22:36:48,635 - INFO - [36m(rf-qwen3-32b-tp8pp1-A100-40gb, pid=8099)[0m ⚠️  Only found 95 prompts with >= 8192 tokens, recycling to reach 160
2026-03-20 22:39:10,408 - INFO - [36m(rf-qwen3-32b-tp8pp1-A100-40gb, pid=8099)[0m Running 160 benchmark requests (concurrency=40)...
2026-03-20 22:39:10,408 - INFO - [36m(rf-qwen3-32b-tp8pp1-A100-40gb, pid=8099)[0m
2026-03-20 22:39:11,209 - INFO - [36m(rf-qwen3-32b-tp8pp1-A100-40gb, pid=8099)[0m ============================================================
2026-03-20 22:39:11,209 - INFO - [36m(rf-qwen3-32b-tp8pp1-A100-40gb, pid=8099)[0m Benchmark complete: 160/160 successful
2026-03-20 22:39:11,209 - INFO - [36m(rf-qwen3-32b-tp8pp1-A100-40gb, pid=8099)[0m Wall clock: 141.9s
2026-03-20 22:39:11,209 - INFO - [36m(rf-qwen3-32b-tp8pp1-A100-40gb, pid=8099)[0m Results saved to: /tmp/client_results_tp8_pp1_in8192_out256.json
2026-03-20 22:39:11,209 - INFO - [36m(rf-qwen3-32b-tp8pp1-A100-40gb, pid=8099)[0m TTFT p50/p95/p99: 1110.8 / 20320.3 / 24955.8 ms
2026-03-20 22:39:11,209 - INFO - [36m(rf-qwen3-32b-tp8pp1-A100-40gb, pid=8099)[0m E2E  p50/p95/p99: 34654.0 / 53283.0 / 58087.9 ms
2026-03-20 22:39:11,209 - INFO - [36m(rf-qwen3-32b-tp8pp1-A100-40gb, pid=8099)[0m 📊 GPU monitoring: local (single node)
2026-03-20 22:39:11,912 - INFO - [36m(rf-qwen3-32b-tp8pp1-A100-40gb, pid=8099)[0m 📈 Time-series saved to /tmp/timeseries_tp8_pp1_in8192_out256.json
2026-03-20 22:39:11,912 - INFO - [36m(rf-qwen3-32b-tp8pp1-A100-40gb, pid=8099)[0m Result: success
2026-03-20 22:39:15,224 - INFO - [36m(rf-qwen3-32b-tp8pp1-A100-40gb, pid=8099)[0m
2026-03-20 22:39:15,224 - INFO - [36m(rf-qwen3-32b-tp8pp1-A100-40gb, pid=8099)[0m ======================================================================
2026-03-20 22:39:15,224 - INFO - [36m(rf-qwen3-32b-tp8pp1-A100-40gb, pid=8099)[0m Running: TP=8, PP=1, input=16384, output=2048
2026-03-20 22:39:15,224 - INFO - [36m(rf-qwen3-32b-tp8pp1-A100-40gb, pid=8099)[0m Target concurrency: 40
2026-03-20 22:39:15,225 - INFO - [36m(rf-qwen3-32b-tp8pp1-A100-40gb, pid=8099)[0m ======================================================================
2026-03-20 22:39:15,225 - INFO - [36m(rf-qwen3-32b-tp8pp1-A100-40gb, pid=8099)[0m 📊 Using local GPU monitoring (single node, no Ray)
2026-03-20 22:39:15,225 - INFO - [36m(rf-qwen3-32b-tp8pp1-A100-40gb, pid=8099)[0m 🔥 Running warmup (5 requests)...
2026-03-20 22:39:15,225 - INFO - [36m(rf-qwen3-32b-tp8pp1-A100-40gb, pid=8099)[0m Loading tokenizer for Qwen/Qwen3-32B...
2026-03-20 22:39:16,130 - INFO - [36m(rf-qwen3-32b-tp8pp1-A100-40gb, pid=8099)[0m Loading dataset emozilla/pg19-test...
2026-03-20 22:39:17,034 - INFO - [36m(rf-qwen3-32b-tp8pp1-A100-40gb, pid=8099)[0m `trust_remote_code` is not supported anymore.
2026-03-20 22:39:17,034 - INFO - [36m(rf-qwen3-32b-tp8pp1-A100-40gb, pid=8099)[0m Please check that the Hugging Face dataset 'emozilla/pg19-test' isn't based on a loading script and remove `trust_remote_code`.
2026-03-20 22:39:17,034 - INFO - [36m(rf-qwen3-32b-tp8pp1-A100-40gb, pid=8099)[0m If the dataset is based on a loading script, please ask the dataset author to remove it and convert it to a standard format like Parquet.
2026-03-20 22:39:17,034 - INFO - [36m(rf-qwen3-32b-tp8pp1-A100-40gb, pid=8099)[0m Running 5 benchmark requests (concurrency=2)...
2026-03-20 22:43:58,173 - INFO - [36m(rf-qwen3-32b-tp8pp1-A100-40gb, pid=8099)[0m
2026-03-20 22:43:58,980 - INFO - [36m(rf-qwen3-32b-tp8pp1-A100-40gb, pid=8099)[0m ============================================================
2026-03-20 22:43:58,980 - INFO - [36m(rf-qwen3-32b-tp8pp1-A100-40gb, pid=8099)[0m Benchmark complete: 5/5 successful
2026-03-20 22:43:58,980 - INFO - [36m(rf-qwen3-32b-tp8pp1-A100-40gb, pid=8099)[0m Wall clock: 281.2s
2026-03-20 22:43:58,980 - INFO - [36m(rf-qwen3-32b-tp8pp1-A100-40gb, pid=8099)[0m Results saved to: /tmp/warmup_results.json
2026-03-20 22:43:58,980 - INFO - [36m(rf-qwen3-32b-tp8pp1-A100-40gb, pid=8099)[0m TTFT p50/p95/p99: 1488.6 / 2468.7 / 2655.6 ms
2026-03-20 22:43:58,980 - INFO - [36m(rf-qwen3-32b-tp8pp1-A100-40gb, pid=8099)[0m E2E  p50/p95/p99: 97065.5 / 97110.8 / 97115.4 ms
2026-03-20 22:43:58,980 - INFO - [36m(rf-qwen3-32b-tp8pp1-A100-40gb, pid=8099)[0m ✅ Warmup complete
2026-03-20 22:44:01,093 - INFO - [36m(rf-qwen3-32b-tp8pp1-A100-40gb, pid=8099)[0m 📊 Running benchmark: 160 requests, concurrency=40
2026-03-20 22:44:04,909 - INFO - [36m(rf-qwen3-32b-tp8pp1-A100-40gb, pid=8099)[0m Loading tokenizer for Qwen/Qwen3-32B...
2026-03-20 22:44:05,714 - INFO - [36m(rf-qwen3-32b-tp8pp1-A100-40gb, pid=8099)[0m Loading dataset emozilla/pg19-test...
2026-03-20 22:44:09,030 - INFO - [36m(rf-qwen3-32b-tp8pp1-A100-40gb, pid=8099)[0m `trust_remote_code` is not supported anymore.
2026-03-20 22:44:09,030 - INFO - [36m(rf-qwen3-32b-tp8pp1-A100-40gb, pid=8099)[0m Please check that the Hugging Face dataset 'emozilla/pg19-test' isn't based on a loading script and remove `trust_remote_code`.
2026-03-20 22:44:09,030 - INFO - [36m(rf-qwen3-32b-tp8pp1-A100-40gb, pid=8099)[0m If the dataset is based on a loading script, please ask the dataset author to remove it and convert it to a standard format like Parquet.
2026-03-20 22:44:09,030 - INFO - [36m(rf-qwen3-32b-tp8pp1-A100-40gb, pid=8099)[0m Token indices sequence length is longer than the specified maximum sequence length for this model (136936 > 131072). Running this sequence through the model will result in indexing errors
2026-03-20 22:44:36,683 - INFO - [36m(rf-qwen3-32b-tp8pp1-A100-40gb, pid=8099)[0m ⚠️  Only found 92 prompts with >= 16384 tokens, recycling to reach 160
2026-03-20 22:44:37,386 - INFO - [36m(rf-qwen3-32b-tp8pp1-A100-40gb, pid=8099)[0m Running 160 benchmark requests (concurrency=40)...
2026-03-20 22:55:45,082 - INFO - [36m(rf-qwen3-32b-tp8pp1-A100-40gb, pid=8099)[0m
2026-03-20 22:55:45,887 - INFO - [36m(rf-qwen3-32b-tp8pp1-A100-40gb, pid=8099)[0m ============================================================
2026-03-20 22:55:45,887 - INFO - [36m(rf-qwen3-32b-tp8pp1-A100-40gb, pid=8099)[0m Benchmark complete: 160/160 successful
2026-03-20 22:55:45,887 - INFO - [36m(rf-qwen3-32b-tp8pp1-A100-40gb, pid=8099)[0m Wall clock: 668.1s
2026-03-20 22:55:45,887 - INFO - [36m(rf-qwen3-32b-tp8pp1-A100-40gb, pid=8099)[0m Results saved to: /tmp/client_results_tp8_pp1_in16384_out2048.json
2026-03-20 22:55:45,887 - INFO - [36m(rf-qwen3-32b-tp8pp1-A100-40gb, pid=8099)[0m TTFT p50/p95/p99: 2865.0 / 49558.6 / 61717.4 ms
2026-03-20 22:55:45,887 - INFO - [36m(rf-qwen3-32b-tp8pp1-A100-40gb, pid=8099)[0m E2E  p50/p95/p99: 167742.1 / 211297.2 / 224248.5 ms
2026-03-20 22:55:45,887 - INFO - [36m(rf-qwen3-32b-tp8pp1-A100-40gb, pid=8099)[0m 📊 GPU monitoring: local (single node)
2026-03-20 22:55:46,690 - INFO - [36m(rf-qwen3-32b-tp8pp1-A100-40gb, pid=8099)[0m 📈 Time-series saved to /tmp/timeseries_tp8_pp1_in16384_out2048.json
2026-03-20 22:55:46,690 - INFO - [36m(rf-qwen3-32b-tp8pp1-A100-40gb, pid=8099)[0m Result: success
2026-03-20 22:55:51,916 - INFO - [36m(rf-qwen3-32b-tp8pp1-A100-40gb, pid=8099)[0m
2026-03-20 22:55:51,917 - INFO - [36m(rf-qwen3-32b-tp8pp1-A100-40gb, pid=8099)[0m ✅ All done! Results in /tmp/benchmark_results.json
2026-03-20 22:55:51,917 - INFO - [36m(rf-qwen3-32b-tp8pp1-A100-40gb, pid=8099)[0m 🛑 Stopping vLLM server...
2026-03-20 22:55:51,917 - INFO - [36m(rf-qwen3-32b-tp8pp1-A100-40gb, pid=8099)[0m ✅ Server stopped
2026-03-20 22:55:52,518 - INFO - [36m(rf-qwen3-32b-tp8pp1-A100-40gb, pid=8099)[0m + echo 'Cluster ready for benchmarking'
2026-03-20 22:55:53,628 - INFO - [36m(rf-qwen3-32b-tp8pp1-A100-40gb, pid=8099)[0m Cluster ready for benchmarking
2026-03-20 22:55:53,628 - INFO - [36m(rf-qwen3-32b-tp8pp1-A100-40gb, pid=8099)[0m ++ findmnt -t fuse.rclone --noheading
2026-03-20 22:55:53,628 - INFO - [36m(rf-qwen3-32b-tp8pp1-A100-40gb, pid=8099)[0m ++ wc -l
2026-03-20 22:55:53,628 - INFO - [36m(rf-qwen3-32b-tp8pp1-A100-40gb, pid=8099)[0m + '[' 0 -gt 0 ']'
2026-03-20 22:55:53,628 - INFO - [0m[32m✓ Job finished (status: SUCCEEDED).[0m[0m
2026-03-20 22:55:55,846 - INFO - 
2026-03-20 22:55:56,904 - INFO - 📋 Useful Commands
2026-03-20 22:55:56,904 - INFO - Job ID: 1
2026-03-20 22:55:56,904 - INFO - ├── To cancel the job:		sky cancel rf-qwen3-32b-tp8pp1-A100-40gb 1
2026-03-20 22:55:56,904 - INFO - ├── To stream job logs:		sky logs rf-qwen3-32b-tp8pp1-A100-40gb 1
2026-03-20 22:55:56,904 - INFO - └── To view job queue:		sky queue rf-qwen3-32b-tp8pp1-A100-40gb
2026-03-20 22:55:56,904 - INFO - Cluster name: rf-qwen3-32b-tp8pp1-A100-40gb
2026-03-20 22:55:56,904 - INFO - ├── To log into the head VM:	ssh rf-qwen3-32b-tp8pp1-A100-40gb
2026-03-20 22:55:56,904 - INFO - ├── To submit a job:		sky exec rf-qwen3-32b-tp8pp1-A100-40gb yaml_file
2026-03-20 22:55:56,904 - INFO - ├── To stop the cluster:	sky stop rf-qwen3-32b-tp8pp1-A100-40gb
2026-03-20 22:55:56,904 - INFO - └── To teardown the cluster:	sky down rf-qwen3-32b-tp8pp1-A100-40gb
2026-03-20 22:55:56,904 - INFO - 📥 Fetching results...
2026-03-20 22:56:03,235 - INFO - 📈 Fetching timeseries data...
2026-03-20 22:56:27,996 - INFO - 📁 Renaming directory: tp8-pp1-p4d_24xlarge-20260320_215339 -> tp8-pp1-p4d_24xlarge-20260320_215339-success
2026-03-20 22:56:27,998 - INFO - 📈 Plotting timeseries for 7 successful experiment(s)...
2026-03-20 22:56:28,017 - INFO - ✅ Results saved to results/aws_p4d_A100_40gb/tp8-pp1-p4d_24xlarge-20260320_215339-success/
2026-03-20 22:56:28,593 - INFO - 🗑️  Tearing down rf-qwen3-32b-tp8pp1-A100-40gb...
