2026-03-25 18:45:20,823 - INFO - Results will be saved to: results/aws_p4de_A100_80gb/tp8-pp2-2x_p4de_24xlarge-20260325_184520
2026-03-25 18:45:20,825 - INFO - 📋 Copied benchmark_client.py to roofline_benchmarks/
2026-03-25 18:45:20,826 - INFO - 📋 Copied prometheus_parser.py to roofline_benchmarks/
2026-03-25 18:45:20,826 - INFO - 🚀 Launching rf-qwen3-32b-tp8pp2-A100-80gb...
2026-03-25 18:45:20,826 - INFO - YAML to run: roofline_benchmarks/rf-qwen3-32b-tp8pp2-A100-80gb.yaml
2026-03-25 18:45:20,826 - INFO - Running on cluster: rf-qwen3-32b-tp8pp2-A100-80gb
2026-03-25 18:45:22,254 - INFO - YAML to run: roofline_benchmarks/rf-qwen3-32b-tp8pp2-A100-80gb.yaml
2026-03-25 18:45:22,395 - INFO - Running on cluster: rf-qwen3-32b-tp8pp2-A100-80gb
2026-03-25 18:45:23,700 - INFO - [33mLaunching a spot job that does not automatically recover from preemptions. To get automatic recovery, use managed job instead: [0m[1msky jobs launch[0m [33mor[0m [1msky.jobs.launch()[0m.
2026-03-25 18:45:23,701 - INFO - Considered resources (2 nodes):
2026-03-25 18:45:24,205 - INFO - ---------------------------------------------------------------------------------------------------
2026-03-25 18:45:24,206 - INFO -  INFRA                   INSTANCE              vCPUs   Mem(GB)   GPUS          COST ($)   CHOSEN
2026-03-25 18:45:24,206 - INFO - ---------------------------------------------------------------------------------------------------
2026-03-25 18:45:24,206 - INFO -  AWS (ap-northeast-1a)   p4de.24xlarge[Spot]   96      1152      A100-80GB:8   19.34      [32m   ✔[0m
2026-03-25 18:45:24,206 - INFO - ---------------------------------------------------------------------------------------------------
2026-03-25 18:45:24,206 - INFO - sky.exceptions.ResourcesUnavailableError: [33mFound no quota for p4de.24xlarge spot instances in region ap-northeast-1 in AWS. [0mTo request quotas, check the instruction: https://docs.skypilot.co/en/latest/cloud-setup/quota.html.
2026-03-25 18:45:24,407 - INFO - 
2026-03-25 18:45:24,407 - INFO - [0m[33m↺[0m Trying other potential resources.
2026-03-25 18:45:24,407 - INFO - Considered resources (2 nodes):
2026-03-25 18:45:25,114 - INFO - -------------------------------------------------------------------------------------------------
2026-03-25 18:45:25,114 - INFO -  INFRA                 INSTANCE              vCPUs   Mem(GB)   GPUS          COST ($)   CHOSEN
2026-03-25 18:45:25,114 - INFO - -------------------------------------------------------------------------------------------------
2026-03-25 18:45:25,114 - INFO -  AWS (eu-central-1a)   p4de.24xlarge[Spot]   96      1152      A100-80GB:8   21.26      [32m   ✔[0m
2026-03-25 18:45:25,114 - INFO - -------------------------------------------------------------------------------------------------
2026-03-25 18:45:25,114 - INFO - sky.exceptions.ResourcesUnavailableError: [33mFound no quota for p4de.24xlarge spot instances in region eu-central-1 in AWS. [0mTo request quotas, check the instruction: https://docs.skypilot.co/en/latest/cloud-setup/quota.html.
2026-03-25 18:45:25,415 - INFO - 
2026-03-25 18:45:25,415 - INFO - [0m[33m↺[0m Trying other potential resources.
2026-03-25 18:45:25,415 - INFO - Considered resources (2 nodes):
2026-03-25 18:45:26,322 - INFO - -------------------------------------------------------------------------------------------------
2026-03-25 18:45:26,322 - INFO -  INFRA                 INSTANCE              vCPUs   Mem(GB)   GPUS          COST ($)   CHOSEN
2026-03-25 18:45:26,322 - INFO - -------------------------------------------------------------------------------------------------
2026-03-25 18:45:26,322 - INFO -  AWS (eu-central-1c)   p4de.24xlarge[Spot]   96      1152      A100-80GB:8   26.21      [32m   ✔[0m
2026-03-25 18:45:26,322 - INFO - -------------------------------------------------------------------------------------------------
2026-03-25 18:45:26,322 - INFO - sky.exceptions.ResourcesUnavailableError: [33mFound no quota for p4de.24xlarge spot instances in region eu-central-1 in AWS. [0mTo request quotas, check the instruction: https://docs.skypilot.co/en/latest/cloud-setup/quota.html.
2026-03-25 18:45:26,625 - INFO - 
2026-03-25 18:45:26,626 - INFO - [0m[33m↺[0m Trying other potential resources.
2026-03-25 18:45:26,626 - INFO - Considered resources (2 nodes):
2026-03-25 18:45:27,634 - INFO - ----------------------------------------------------------------------------------------------
2026-03-25 18:45:27,635 - INFO -  INFRA              INSTANCE              vCPUs   Mem(GB)   GPUS          COST ($)   CHOSEN
2026-03-25 18:45:27,635 - INFO - ----------------------------------------------------------------------------------------------
2026-03-25 18:45:27,635 - INFO -  AWS (us-west-2a)   p4de.24xlarge[Spot]   96      1152      A100-80GB:8   27.07      [32m   ✔[0m
2026-03-25 18:45:27,635 - INFO - ----------------------------------------------------------------------------------------------
2026-03-25 18:45:27,635 - INFO - [33mInstance type p4de.24xlarge supports up to 4 EFA interfaces, but `use_internal_ips` is not enabled.
2026-03-25 18:45:27,737 - INFO - Launching with the current configuration will use only 1 EFA interface.
2026-03-25 18:45:27,737 - INFO - To use all 4 EFA interfaces, enable internal IPs by adding one of the following configurations to SkyPilot config:
2026-03-25 18:45:27,737 - INFO - Option 1 (with SSM):
2026-03-25 18:45:27,737 - INFO -   aws:
2026-03-25 18:45:27,737 - INFO -     use_internal_ips: true
2026-03-25 18:45:27,737 - INFO -     use_ssm: true
2026-03-25 18:45:27,737 - INFO - Option 2 (with SSH proxy):
2026-03-25 18:45:27,737 - INFO -   aws:
2026-03-25 18:45:27,737 - INFO -     use_internal_ips: true
2026-03-25 18:45:27,737 - INFO -     ssh_proxy_command: ssh -W %h:%p -i <ssh key path> -o StrictHostKeyChecking=no <user>@<jump server public ip>
2026-03-25 18:45:27,737 - INFO - Refer to https://docs.skypilot.co/en/latest/reference/config.html#aws-use-internal-ips for more details.[0m
2026-03-25 18:45:27,738 - INFO - [0m⚙︎ Launching on AWS us-west-2[0m (us-west-2a).
2026-03-25 18:45:49,788 - INFO - [2mW 03-25 18:45:49.749 PID=2248878 instance.py:288] create_instances: Attempt failed with An error occurred (InsufficientInstanceCapacity) when calling the RunInstances operation (reached max retries: 0): We currently do not have sufficient p4de.24xlarge capacity in the Availability Zone you requested (us-west-2a). Our system will be working on provisioning additional capacity. You can currently get p4de.24xlarge capacity by not specifying an Availability Zone in your request or choosing us-west-2b, us-west-2c.[0m
2026-03-25 18:45:54,224 - INFO - AWS handler error: Failed to launch instances. Max attempts exceeded.
2026-03-25 18:45:54,529 - INFO - sky.exceptions.ResourcesUnavailableError: Failed to acquire resources in us-west-2a for {AWS(p4de.24xlarge[Spot], mem=64.0+, {'A100-80GB': 8}, network_tier=best, disk_size=500)}.
2026-03-25 18:45:54,529 - INFO - 
2026-03-25 18:45:54,529 - INFO - [0m[33m↺[0m Trying other potential resources.
2026-03-25 18:45:54,529 - INFO - Considered resources (2 nodes):
2026-03-25 18:45:55,534 - INFO - ----------------------------------------------------------------------------------------------
2026-03-25 18:45:55,534 - INFO -  INFRA              INSTANCE              vCPUs   Mem(GB)   GPUS          COST ($)   CHOSEN
2026-03-25 18:45:55,534 - INFO - ----------------------------------------------------------------------------------------------
2026-03-25 18:45:55,534 - INFO -  AWS (us-west-2c)   p4de.24xlarge[Spot]   96      1152      A100-80GB:8   30.74      [32m   ✔[0m
2026-03-25 18:45:55,534 - INFO - ----------------------------------------------------------------------------------------------
2026-03-25 18:45:55,534 - INFO - [33mInstance type p4de.24xlarge supports up to 4 EFA interfaces, but `use_internal_ips` is not enabled.
2026-03-25 18:45:55,635 - INFO - Launching with the current configuration will use only 1 EFA interface.
2026-03-25 18:45:55,635 - INFO - To use all 4 EFA interfaces, enable internal IPs by adding one of the following configurations to SkyPilot config:
2026-03-25 18:45:55,635 - INFO - Option 1 (with SSM):
2026-03-25 18:45:55,635 - INFO -   aws:
2026-03-25 18:45:55,635 - INFO -     use_internal_ips: true
2026-03-25 18:45:55,635 - INFO -     use_ssm: true
2026-03-25 18:45:55,635 - INFO - Option 2 (with SSH proxy):
2026-03-25 18:45:55,635 - INFO -   aws:
2026-03-25 18:45:55,635 - INFO -     use_internal_ips: true
2026-03-25 18:45:55,635 - INFO -     ssh_proxy_command: ssh -W %h:%p -i <ssh key path> -o StrictHostKeyChecking=no <user>@<jump server public ip>
2026-03-25 18:45:55,635 - INFO - Refer to https://docs.skypilot.co/en/latest/reference/config.html#aws-use-internal-ips for more details.[0m
2026-03-25 18:45:55,635 - INFO - [0m⚙︎ Launching on AWS us-west-2[0m (us-west-2c).
2026-03-25 18:46:17,702 - INFO - [2mW 03-25 18:46:17.691 PID=2248878 instance.py:288] create_instances: Attempt failed with An error occurred (InsufficientInstanceCapacity) when calling the RunInstances operation (reached max retries: 0): We currently do not have sufficient p4de.24xlarge capacity in the Availability Zone you requested (us-west-2c). Our system will be working on provisioning additional capacity. You can currently get p4de.24xlarge capacity by not specifying an Availability Zone in your request or choosing us-west-2a, us-west-2b.[0m
2026-03-25 18:46:21,133 - INFO - AWS handler error: Failed to launch instances. Max attempts exceeded.
2026-03-25 18:46:21,234 - INFO - sky.exceptions.ResourcesUnavailableError: Failed to acquire resources in us-west-2c for {AWS(p4de.24xlarge[Spot], mem=64.0+, {'A100-80GB': 8}, network_tier=best, disk_size=500)}.
2026-03-25 18:46:21,537 - INFO - 
2026-03-25 18:46:21,537 - INFO - [0m[33m↺[0m Trying other potential resources.
2026-03-25 18:46:21,537 - INFO - Considered resources (2 nodes):
2026-03-25 18:46:22,246 - INFO - ---------------------------------------------------------------------------------------------------
2026-03-25 18:46:22,246 - INFO -  INFRA                   INSTANCE              vCPUs   Mem(GB)   GPUS          COST ($)   CHOSEN
2026-03-25 18:46:22,246 - INFO - ---------------------------------------------------------------------------------------------------
2026-03-25 18:46:22,246 - INFO -  AWS (ap-northeast-1c)   p4de.24xlarge[Spot]   96      1152      A100-80GB:8   32.78      [32m   ✔[0m
2026-03-25 18:46:22,246 - INFO - ---------------------------------------------------------------------------------------------------
2026-03-25 18:46:22,246 - INFO - sky.exceptions.ResourcesUnavailableError: [33mFound no quota for p4de.24xlarge spot instances in region ap-northeast-1 in AWS. [0mTo request quotas, check the instruction: https://docs.skypilot.co/en/latest/cloud-setup/quota.html.
2026-03-25 18:46:22,651 - INFO - 
2026-03-25 18:46:22,651 - INFO - [0m[33m↺[0m Trying other potential resources.
2026-03-25 18:46:22,651 - INFO - Considered resources (2 nodes):
2026-03-25 18:46:23,760 - INFO - ----------------------------------------------------------------------------------------------
2026-03-25 18:46:23,760 - INFO -  INFRA              INSTANCE              vCPUs   Mem(GB)   GPUS          COST ($)   CHOSEN
2026-03-25 18:46:23,760 - INFO - ----------------------------------------------------------------------------------------------
2026-03-25 18:46:23,760 - INFO -  AWS (us-west-2b)   p4de.24xlarge[Spot]   96      1152      A100-80GB:8   34.02      [32m   ✔[0m
2026-03-25 18:46:23,760 - INFO - ----------------------------------------------------------------------------------------------
2026-03-25 18:46:23,761 - INFO - [33mInstance type p4de.24xlarge supports up to 4 EFA interfaces, but `use_internal_ips` is not enabled.
2026-03-25 18:46:23,862 - INFO - Launching with the current configuration will use only 1 EFA interface.
2026-03-25 18:46:23,862 - INFO - To use all 4 EFA interfaces, enable internal IPs by adding one of the following configurations to SkyPilot config:
2026-03-25 18:46:23,863 - INFO - Option 1 (with SSM):
2026-03-25 18:46:23,863 - INFO -   aws:
2026-03-25 18:46:23,863 - INFO -     use_internal_ips: true
2026-03-25 18:46:23,863 - INFO -     use_ssm: true
2026-03-25 18:46:23,863 - INFO - Option 2 (with SSH proxy):
2026-03-25 18:46:23,863 - INFO -   aws:
2026-03-25 18:46:23,863 - INFO -     use_internal_ips: true
2026-03-25 18:46:23,863 - INFO -     ssh_proxy_command: ssh -W %h:%p -i <ssh key path> -o StrictHostKeyChecking=no <user>@<jump server public ip>
2026-03-25 18:46:23,863 - INFO - Refer to https://docs.skypilot.co/en/latest/reference/config.html#aws-use-internal-ips for more details.[0m
2026-03-25 18:46:23,863 - INFO - [0m⚙︎ Launching on AWS us-west-2[0m (us-west-2b).
2026-03-25 18:46:44,014 - INFO - [2mW 03-25 18:46:43.913 PID=2248878 instance.py:288] create_instances: Attempt failed with An error occurred (InsufficientInstanceCapacity) when calling the RunInstances operation (reached max retries: 0): We currently do not have sufficient p4de.24xlarge capacity in the Availability Zone you requested (us-west-2b). Our system will be working on provisioning additional capacity. You can currently get p4de.24xlarge capacity by not specifying an Availability Zone in your request or choosing us-west-2a, us-west-2c.[0m
2026-03-25 18:46:47,642 - INFO - AWS handler error: Failed to launch instances. Max attempts exceeded.
2026-03-25 18:46:48,047 - INFO - sky.exceptions.ResourcesUnavailableError: Failed to acquire resources in us-west-2b for {AWS(p4de.24xlarge[Spot], mem=64.0+, {'A100-80GB': 8}, network_tier=best, disk_size=500)}.
2026-03-25 18:46:48,047 - INFO - 
2026-03-25 18:46:48,047 - INFO - [0m[33m↺[0m Trying other potential resources.
2026-03-25 18:46:48,047 - INFO - Considered resources (2 nodes):
2026-03-25 18:46:48,955 - INFO - ----------------------------------------------------------------------------------------------
2026-03-25 18:46:48,955 - INFO -  INFRA              INSTANCE              vCPUs   Mem(GB)   GPUS          COST ($)   CHOSEN
2026-03-25 18:46:48,955 - INFO - ----------------------------------------------------------------------------------------------
2026-03-25 18:46:48,955 - INFO -  AWS (us-east-1a)   p4de.24xlarge[Spot]   96      1152      A100-80GB:8   38.20      [32m   ✔[0m
2026-03-25 18:46:48,955 - INFO - ----------------------------------------------------------------------------------------------
2026-03-25 18:46:48,955 - INFO - [33mInstance type p4de.24xlarge supports up to 4 EFA interfaces, but `use_internal_ips` is not enabled.
2026-03-25 18:46:49,157 - INFO - Launching with the current configuration will use only 1 EFA interface.
2026-03-25 18:46:49,157 - INFO - To use all 4 EFA interfaces, enable internal IPs by adding one of the following configurations to SkyPilot config:
2026-03-25 18:46:49,157 - INFO - Option 1 (with SSM):
2026-03-25 18:46:49,157 - INFO -   aws:
2026-03-25 18:46:49,157 - INFO -     use_internal_ips: true
2026-03-25 18:46:49,157 - INFO -     use_ssm: true
2026-03-25 18:46:49,157 - INFO - Option 2 (with SSH proxy):
2026-03-25 18:46:49,157 - INFO -   aws:
2026-03-25 18:46:49,157 - INFO -     use_internal_ips: true
2026-03-25 18:46:49,157 - INFO -     ssh_proxy_command: ssh -W %h:%p -i <ssh key path> -o StrictHostKeyChecking=no <user>@<jump server public ip>
2026-03-25 18:46:49,157 - INFO - Refer to https://docs.skypilot.co/en/latest/reference/config.html#aws-use-internal-ips for more details.[0m
2026-03-25 18:46:49,157 - INFO - [0m⚙︎ Launching on AWS us-east-1[0m (us-east-1a).
2026-03-25 18:47:29,857 - INFO - [33mInstance type p4de.24xlarge supports up to 4 EFA interfaces, but `use_internal_ips` is not enabled.
2026-03-25 18:48:37,896 - INFO - Launching with the current configuration will use only 1 EFA interface.
2026-03-25 18:48:37,896 - INFO - To use all 4 EFA interfaces, enable internal IPs by adding one of the following configurations to SkyPilot config:
2026-03-25 18:48:37,896 - INFO - Option 1 (with SSM):
2026-03-25 18:48:37,896 - INFO -   aws:
2026-03-25 18:48:37,896 - INFO -     use_internal_ips: true
2026-03-25 18:48:37,896 - INFO -     use_ssm: true
2026-03-25 18:48:37,896 - INFO - Option 2 (with SSH proxy):
2026-03-25 18:48:37,896 - INFO -   aws:
2026-03-25 18:48:37,896 - INFO -     use_internal_ips: true
2026-03-25 18:48:37,896 - INFO -     ssh_proxy_command: ssh -W %h:%p -i <ssh key path> -o StrictHostKeyChecking=no <user>@<jump server public ip>
2026-03-25 18:48:37,897 - INFO - Refer to https://docs.skypilot.co/en/latest/reference/config.html#aws-use-internal-ips for more details.[0m
2026-03-25 18:48:37,897 - INFO - [2m└── [0m[2mInstances are up.[0m
2026-03-25 18:49:30,298 - INFO - [0m[32m✓ Cluster launched: rf-qwen3-32b-tp8pp2-A100-80gb.[0m[0m  [2mView logs: [1msky logs --provision rf-qwen3-32b-tp8pp2-A100-80gb[0m[0m
2026-03-25 18:49:30,298 - INFO - [0m⚙︎ Syncing files.
2026-03-25 18:49:30,399 - INFO -   [33mThe size of workdir '/home/orange/Desktop/tandemn/tandemn-profiling/roofline/vllm' is 455 MB. Try to keep workdir small or use .skyignore to exclude large files, as large sizes will slow down rsync.[0m
2026-03-25 18:49:43,287 - INFO -   [2mSyncing workdir (to 2 nodes): /home/orange/Desktop/tandemn/tandemn-profiling/roofline/vllm -> ~/sky_workdir[0m
2026-03-25 18:49:43,287 - INFO - [0m[32m✓ Synced workdir.[0m[0m  [2mView logs: sky api logs -l sky-2026-03-25-18-45-22-475539/workdir_sync.log[0m
2026-03-25 18:49:48,532 - INFO - [0m[32m✓ Setup detached.[0m[0m
2026-03-25 18:49:53,273 - INFO - [0m⚙︎ Job submitted, ID: 1
2026-03-25 18:50:06,633 - INFO - [2m├── [0m[2mWaiting for task resources on 2 nodes.[0m
2026-03-25 18:50:06,633 - INFO - [2m└── [0mJob started. Streaming logs... [2m(Ctrl-C to exit log streaming; job will not be killed)[0m
2026-03-25 18:50:06,633 - INFO - [36m(setup pid=6356)[0m + GPU_TYPE=A100_80gb
2026-03-25 18:50:06,633 - INFO - [36m(setup pid=6356)[0m + IS_A100=true
2026-03-25 18:50:06,633 - INFO - [36m(setup pid=6356)[0m + echo 'GPU Type: A100_80gb, Is A100: true'
2026-03-25 18:50:06,633 - INFO - [36m(setup pid=6356)[0m GPU Type: A100_80gb, Is A100: true
2026-03-25 18:50:06,633 - INFO - [36m(setup pid=6356)[0m + echo '=== Initial System Diagnostics ==='
2026-03-25 18:50:06,633 - INFO - [36m(setup pid=6356)[0m === Initial System Diagnostics ===
2026-03-25 18:50:06,633 - INFO - [36m(setup pid=6356)[0m + echo 'Checking for NVIDIA driver...'
2026-03-25 18:50:06,633 - INFO - [36m(setup pid=6356)[0m Checking for NVIDIA driver...
2026-03-25 18:50:06,633 - INFO - [36m(setup pid=6356)[0m + nvidia-smi
2026-03-25 18:50:06,633 - INFO - [36m(setup pid=6356)[0m Wed Mar 25 13:19:57 2026
2026-03-25 18:50:06,633 - INFO - [36m(setup pid=6356)[0m +-----------------------------------------------------------------------------------------+
2026-03-25 18:50:06,633 - INFO - [36m(setup pid=6356)[0m | NVIDIA-SMI 570.172.08             Driver Version: 570.172.08     CUDA Version: 12.8     |
2026-03-25 18:50:06,938 - INFO - [36m(setup pid=6356)[0m |-----------------------------------------+------------------------+----------------------+
2026-03-25 18:50:06,938 - INFO - [36m(setup pid=6356)[0m | GPU  Name                 Persistence-M | Bus-Id          Disp.A | Volatile Uncorr. ECC |
2026-03-25 18:50:06,938 - INFO - [36m(setup pid=6356)[0m | Fan  Temp   Perf          Pwr:Usage/Cap |           Memory-Usage | GPU-Util  Compute M. |
2026-03-25 18:50:06,938 - INFO - [36m(setup pid=6356)[0m |                                         |                        |               MIG M. |
2026-03-25 18:50:06,938 - INFO - [36m(setup pid=6356)[0m |=========================================+========================+======================|
2026-03-25 18:50:06,938 - INFO - [36m(setup pid=6356)[0m |   0  NVIDIA A100-SXM4-80GB          On  |   00000000:10:1C.0 Off |                    0 |
2026-03-25 18:50:06,938 - INFO - [36m(setup pid=6356)[0m | N/A   22C    P0             60W /  400W |       0MiB /  81920MiB |      0%      Default |
2026-03-25 18:50:06,938 - INFO - [36m(setup pid=6356)[0m |                                         |                        |             Disabled |
2026-03-25 18:50:06,938 - INFO - [36m(setup pid=6356)[0m +-----------------------------------------+------------------------+----------------------+
2026-03-25 18:50:06,938 - INFO - [36m(setup pid=6356)[0m |   1  NVIDIA A100-SXM4-80GB          On  |   00000000:10:1D.0 Off |                    0 |
2026-03-25 18:50:06,938 - INFO - [36m(setup pid=6356)[0m | N/A   21C    P0             58W /  400W |       0MiB /  81920MiB |      0%      Default |
2026-03-25 18:50:06,938 - INFO - [36m(setup pid=6356)[0m |                                         |                        |             Disabled |
2026-03-25 18:50:06,938 - INFO - [36m(setup pid=6356)[0m +-----------------------------------------+------------------------+----------------------+
2026-03-25 18:50:06,938 - INFO - [36m(setup pid=6356)[0m |   2  NVIDIA A100-SXM4-80GB          On  |   00000000:20:1C.0 Off |                    0 |
2026-03-25 18:50:06,938 - INFO - [36m(setup pid=6356)[0m | N/A   23C    P0             62W /  400W |       0MiB /  81920MiB |      0%      Default |
2026-03-25 18:50:06,938 - INFO - [36m(setup pid=6356)[0m |                                         |                        |             Disabled |
2026-03-25 18:50:06,938 - INFO - [36m(setup pid=6356)[0m +-----------------------------------------+------------------------+----------------------+
2026-03-25 18:50:06,938 - INFO - [36m(setup pid=6356)[0m |   3  NVIDIA A100-SXM4-80GB          On  |   00000000:20:1D.0 Off |                    0 |
2026-03-25 18:50:06,938 - INFO - [36m(setup pid=6356)[0m | N/A   21C    P0             59W /  400W |       0MiB /  81920MiB |      0%      Default |
2026-03-25 18:50:06,938 - INFO - [36m(setup pid=6356)[0m |                                         |                        |             Disabled |
2026-03-25 18:50:06,938 - INFO - [36m(setup pid=6356)[0m +-----------------------------------------+------------------------+----------------------+
2026-03-25 18:50:06,938 - INFO - [36m(setup pid=6356)[0m |   4  NVIDIA A100-SXM4-80GB          On  |   00000000:90:1C.0 Off |                    0 |
2026-03-25 18:50:06,938 - INFO - [36m(setup pid=6356)[0m | N/A   22C    P0             59W /  400W |       0MiB /  81920MiB |      0%      Default |
2026-03-25 18:50:06,938 - INFO - [36m(setup pid=6356)[0m |                                         |                        |             Disabled |
2026-03-25 18:50:06,938 - INFO - [36m(setup pid=6356)[0m +-----------------------------------------+------------------------+----------------------+
2026-03-25 18:50:06,938 - INFO - [36m(setup pid=6356)[0m |   5  NVIDIA A100-SXM4-80GB          On  |   00000000:90:1D.0 Off |                    0 |
2026-03-25 18:50:06,938 - INFO - [36m(setup pid=6356)[0m | N/A   21C    P0             59W /  400W |       0MiB /  81920MiB |      0%      Default |
2026-03-25 18:50:07,140 - INFO - [36m(setup pid=6356)[0m |                                         |                        |             Disabled |
2026-03-25 18:50:07,140 - INFO - [36m(setup pid=6356)[0m +-----------------------------------------+------------------------+----------------------+
2026-03-25 18:50:07,140 - INFO - [36m(setup pid=6356)[0m |   6  NVIDIA A100-SXM4-80GB          On  |   00000000:A0:1C.0 Off |                    0 |
2026-03-25 18:50:07,140 - INFO - [36m(setup pid=6356)[0m | N/A   24C    P0             63W /  400W |       0MiB /  81920MiB |      0%      Default |
2026-03-25 18:50:07,140 - INFO - [36m(setup pid=6356)[0m |                                         |                        |             Disabled |
2026-03-25 18:50:07,140 - INFO - [36m(setup pid=6356)[0m +-----------------------------------------+------------------------+----------------------+
2026-03-25 18:50:07,140 - INFO - [36m(setup pid=6356)[0m |   7  NVIDIA A100-SXM4-80GB          On  |   00000000:A0:1D.0 Off |                    0 |
2026-03-25 18:50:07,140 - INFO - [36m(setup pid=6356)[0m | N/A   22C    P0             60W /  400W |       0MiB /  81920MiB |      0%      Default |
2026-03-25 18:50:07,140 - INFO - [36m(setup pid=6356)[0m |                                         |                        |             Disabled |
2026-03-25 18:50:07,140 - INFO - [36m(setup pid=6356)[0m +-----------------------------------------+------------------------+----------------------+
2026-03-25 18:50:07,141 - INFO - [36m(setup pid=6356)[0m
2026-03-25 18:50:07,141 - INFO - [36m(setup pid=6356)[0m +-----------------------------------------------------------------------------------------+
2026-03-25 18:50:07,141 - INFO - [36m(setup pid=6356)[0m | Processes:                                                                              |
2026-03-25 18:50:07,141 - INFO - [36m(setup pid=6356)[0m |  GPU   GI   CI              PID   Type   Process name                        GPU Memory |
2026-03-25 18:50:07,141 - INFO - [36m(setup pid=6356)[0m |        ID   ID                                                               Usage      |
2026-03-25 18:50:07,141 - INFO - [36m(setup pid=6356)[0m |=========================================================================================|
2026-03-25 18:50:07,141 - INFO - [36m(setup pid=6356)[0m |  No running processes found                                                             |
2026-03-25 18:50:07,141 - INFO - [36m(setup pid=6356)[0m +-----------------------------------------------------------------------------------------+
2026-03-25 18:50:07,141 - INFO - [36m(setup pid=4352, ip=172.31.33.82)[0m + GPU_TYPE=A100_80gb
2026-03-25 18:50:07,141 - INFO - [36m(setup pid=4352, ip=172.31.33.82)[0m + IS_A100=true
2026-03-25 18:50:07,141 - INFO - [36m(setup pid=4352, ip=172.31.33.82)[0m + echo 'GPU Type: A100_80gb, Is A100: true'
2026-03-25 18:50:07,141 - INFO - [36m(setup pid=4352, ip=172.31.33.82)[0m GPU Type: A100_80gb, Is A100: true
2026-03-25 18:50:07,141 - INFO - [36m(setup pid=4352, ip=172.31.33.82)[0m + echo '=== Initial System Diagnostics ==='
2026-03-25 18:50:07,141 - INFO - [36m(setup pid=4352, ip=172.31.33.82)[0m === Initial System Diagnostics ===
2026-03-25 18:50:07,141 - INFO - [36m(setup pid=4352, ip=172.31.33.82)[0m + echo 'Checking for NVIDIA driver...'
2026-03-25 18:50:07,141 - INFO - [36m(setup pid=4352, ip=172.31.33.82)[0m Checking for NVIDIA driver...
2026-03-25 18:50:07,141 - INFO - [36m(setup pid=4352, ip=172.31.33.82)[0m + nvidia-smi
2026-03-25 18:50:07,141 - INFO - [36m(setup pid=4352, ip=172.31.33.82)[0m Wed Mar 25 13:19:58 2026
2026-03-25 18:50:07,141 - INFO - [36m(setup pid=4352, ip=172.31.33.82)[0m +-----------------------------------------------------------------------------------------+
2026-03-25 18:50:07,141 - INFO - [36m(setup pid=4352, ip=172.31.33.82)[0m | NVIDIA-SMI 570.172.08             Driver Version: 570.172.08     CUDA Version: 12.8     |
2026-03-25 18:50:07,141 - INFO - [36m(setup pid=4352, ip=172.31.33.82)[0m |-----------------------------------------+------------------------+----------------------+
2026-03-25 18:50:07,141 - INFO - [36m(setup pid=4352, ip=172.31.33.82)[0m | GPU  Name                 Persistence-M | Bus-Id          Disp.A | Volatile Uncorr. ECC |
2026-03-25 18:50:07,141 - INFO - [36m(setup pid=4352, ip=172.31.33.82)[0m | Fan  Temp   Perf          Pwr:Usage/Cap |           Memory-Usage | GPU-Util  Compute M. |
2026-03-25 18:50:07,141 - INFO - [36m(setup pid=4352, ip=172.31.33.82)[0m |                                         |                        |               MIG M. |
2026-03-25 18:50:07,141 - INFO - [36m(setup pid=4352, ip=172.31.33.82)[0m |=========================================+========================+======================|
2026-03-25 18:50:07,141 - INFO - [36m(setup pid=4352, ip=172.31.33.82)[0m |   0  NVIDIA A100-SXM4-80GB          On  |   00000000:10:1C.0 Off |                    0 |
2026-03-25 18:50:07,141 - INFO - [36m(setup pid=4352, ip=172.31.33.82)[0m | N/A   25C    P0             54W /  400W |       0MiB /  81920MiB |      0%      Default |
2026-03-25 18:50:07,141 - INFO - [36m(setup pid=4352, ip=172.31.33.82)[0m |                                         |                        |             Disabled |
2026-03-25 18:50:07,141 - INFO - [36m(setup pid=4352, ip=172.31.33.82)[0m +-----------------------------------------+------------------------+----------------------+
2026-03-25 18:50:07,141 - INFO - [36m(setup pid=4352, ip=172.31.33.82)[0m |   1  NVIDIA A100-SXM4-80GB          On  |   00000000:10:1D.0 Off |                    0 |
2026-03-25 18:50:07,141 - INFO - [36m(setup pid=4352, ip=172.31.33.82)[0m | N/A   24C    P0             57W /  400W |       0MiB /  81920MiB |      0%      Default |
2026-03-25 18:50:07,141 - INFO - [36m(setup pid=4352, ip=172.31.33.82)[0m |                                         |                        |             Disabled |
2026-03-25 18:50:07,141 - INFO - [36m(setup pid=4352, ip=172.31.33.82)[0m +-----------------------------------------+------------------------+----------------------+
2026-03-25 18:50:07,141 - INFO - [36m(setup pid=4352, ip=172.31.33.82)[0m |   2  NVIDIA A100-SXM4-80GB          On  |   00000000:20:1C.0 Off |                    0 |
2026-03-25 18:50:07,141 - INFO - [36m(setup pid=4352, ip=172.31.33.82)[0m | N/A   24C    P0             56W /  400W |       0MiB /  81920MiB |      0%      Default |
2026-03-25 18:50:07,141 - INFO - [36m(setup pid=4352, ip=172.31.33.82)[0m |                                         |                        |             Disabled |
2026-03-25 18:50:07,141 - INFO - [36m(setup pid=4352, ip=172.31.33.82)[0m +-----------------------------------------+------------------------+----------------------+
2026-03-25 18:50:07,141 - INFO - [36m(setup pid=4352, ip=172.31.33.82)[0m |   3  NVIDIA A100-SXM4-80GB          On  |   00000000:20:1D.0 Off |                    0 |
2026-03-25 18:50:07,141 - INFO - [36m(setup pid=4352, ip=172.31.33.82)[0m | N/A   24C    P0             57W /  400W |       0MiB /  81920MiB |      0%      Default |
2026-03-25 18:50:07,141 - INFO - [36m(setup pid=4352, ip=172.31.33.82)[0m |                                         |                        |             Disabled |
2026-03-25 18:50:07,141 - INFO - [36m(setup pid=4352, ip=172.31.33.82)[0m +-----------------------------------------+------------------------+----------------------+
2026-03-25 18:50:07,141 - INFO - [36m(setup pid=4352, ip=172.31.33.82)[0m |   4  NVIDIA A100-SXM4-80GB          On  |   00000000:90:1C.0 Off |                    0 |
2026-03-25 18:50:07,141 - INFO - [36m(setup pid=4352, ip=172.31.33.82)[0m | N/A   24C    P0             56W /  400W |       0MiB /  81920MiB |      0%      Default |
2026-03-25 18:50:07,141 - INFO - [36m(setup pid=4352, ip=172.31.33.82)[0m |                                         |                        |             Disabled |
2026-03-25 18:50:07,141 - INFO - [36m(setup pid=4352, ip=172.31.33.82)[0m +-----------------------------------------+------------------------+----------------------+
2026-03-25 18:50:07,141 - INFO - [36m(setup pid=4352, ip=172.31.33.82)[0m |   5  NVIDIA A100-SXM4-80GB          On  |   00000000:90:1D.0 Off |                    0 |
2026-03-25 18:50:07,141 - INFO - [36m(setup pid=4352, ip=172.31.33.82)[0m | N/A   24C    P0             56W /  400W |       0MiB /  81920MiB |      0%      Default |
2026-03-25 18:50:07,141 - INFO - [36m(setup pid=4352, ip=172.31.33.82)[0m |                                         |                        |             Disabled |
2026-03-25 18:50:07,142 - INFO - [36m(setup pid=4352, ip=172.31.33.82)[0m +-----------------------------------------+------------------------+----------------------+
2026-03-25 18:50:07,142 - INFO - [36m(setup pid=4352, ip=172.31.33.82)[0m |   6  NVIDIA A100-SXM4-80GB          On  |   00000000:A0:1C.0 Off |                    0 |
2026-03-25 18:50:07,142 - INFO - [36m(setup pid=4352, ip=172.31.33.82)[0m | N/A   25C    P0             59W /  400W |       0MiB /  81920MiB |      0%      Default |
2026-03-25 18:50:07,142 - INFO - [36m(setup pid=4352, ip=172.31.33.82)[0m |                                         |                        |             Disabled |
2026-03-25 18:50:07,142 - INFO - [36m(setup pid=4352, ip=172.31.33.82)[0m +-----------------------------------------+------------------------+----------------------+
2026-03-25 18:50:07,142 - INFO - [36m(setup pid=4352, ip=172.31.33.82)[0m |   7  NVIDIA A100-SXM4-80GB          On  |   00000000:A0:1D.0 Off |                    0 |
2026-03-25 18:50:07,142 - INFO - [36m(setup pid=4352, ip=172.31.33.82)[0m | N/A   23C    P0             54W /  400W |       0MiB /  81920MiB |      0%      Default |
2026-03-25 18:50:07,142 - INFO - [36m(setup pid=4352, ip=172.31.33.82)[0m |                                         |                        |             Disabled |
2026-03-25 18:50:07,142 - INFO - [36m(setup pid=4352, ip=172.31.33.82)[0m +-----------------------------------------+------------------------+----------------------+
2026-03-25 18:50:07,142 - INFO - [36m(setup pid=4352, ip=172.31.33.82)[0m
2026-03-25 18:50:07,142 - INFO - [36m(setup pid=4352, ip=172.31.33.82)[0m +-----------------------------------------------------------------------------------------+
2026-03-25 18:50:07,142 - INFO - [36m(setup pid=4352, ip=172.31.33.82)[0m | Processes:                                                                              |
2026-03-25 18:50:07,142 - INFO - [36m(setup pid=4352, ip=172.31.33.82)[0m |  GPU   GI   CI              PID   Type   Process name                        GPU Memory |
2026-03-25 18:50:07,142 - INFO - [36m(setup pid=4352, ip=172.31.33.82)[0m |        ID   ID                                                               Usage      |
2026-03-25 18:50:07,142 - INFO - [36m(setup pid=4352, ip=172.31.33.82)[0m |=========================================================================================|
2026-03-25 18:50:07,142 - INFO - [36m(setup pid=4352, ip=172.31.33.82)[0m |  No running processes found                                                             |
2026-03-25 18:50:07,142 - INFO - [36m(setup pid=4352, ip=172.31.33.82)[0m +-----------------------------------------------------------------------------------------+
2026-03-25 18:50:07,142 - INFO - [36m(setup pid=6356)[0m + echo 'Checking CUDA libraries...'
2026-03-25 18:50:07,142 - INFO - [36m(setup pid=6356)[0m Checking CUDA libraries...
2026-03-25 18:50:07,142 - INFO - [36m(setup pid=6356)[0m + ldconfig -p
2026-03-25 18:50:07,142 - INFO - [36m(setup pid=6356)[0m + grep --color=auto cuda
2026-03-25 18:50:07,142 - INFO - [36m(setup pid=6356)[0m 	libnvrtc.so.12 (libc6,x86-64) => /usr/local/cuda-12.4/targets/x86_64-linux/lib/libnvrtc.so.12
2026-03-25 18:50:07,142 - INFO - [36m(setup pid=6356)[0m 	libnvrtc.so.12 (libc6,x86-64) => /usr/local/cuda-12.5/targets/x86_64-linux/lib/libnvrtc.so.12
2026-03-25 18:50:07,142 - INFO - [36m(setup pid=6356)[0m 	libnvrtc.so.12 (libc6,x86-64) => /usr/local/cuda-12.6/targets/x86_64-linux/lib/libnvrtc.so.12
2026-03-25 18:50:07,142 - INFO - [36m(setup pid=6356)[0m 	libnvrtc.so.12 (libc6,x86-64) => /usr/local/cuda-12.8/targets/x86_64-linux/lib/libnvrtc.so.12
2026-03-25 18:50:07,142 - INFO - [36m(setup pid=6356)[0m 	libnvrtc.so (libc6,x86-64) => /usr/local/cuda-12.4/targets/x86_64-linux/lib/libnvrtc.so
2026-03-25 18:50:07,142 - INFO - [36m(setup pid=6356)[0m 	libnvrtc.so (libc6,x86-64) => /usr/local/cuda-12.5/targets/x86_64-linux/lib/libnvrtc.so
2026-03-25 18:50:07,142 - INFO - [36m(setup pid=6356)[0m 	libnvrtc.so (libc6,x86-64) => /usr/local/cuda-12.6/targets/x86_64-linux/lib/libnvrtc.so
2026-03-25 18:50:07,142 - INFO - [36m(setup pid=6356)[0m 	libnvrtc.so (libc6,x86-64) => /usr/local/cuda-12.8/targets/x86_64-linux/lib/libnvrtc.so
2026-03-25 18:50:07,142 - INFO - [36m(setup pid=6356)[0m 	libnvrtc.alt.so.12 (libc6,x86-64) => /usr/local/cuda-12.8/targets/x86_64-linux/lib/libnvrtc.alt.so.12
2026-03-25 18:50:07,142 - INFO - [36m(setup pid=6356)[0m 	libnvrtc.alt.so (libc6,x86-64) => /usr/local/cuda-12.8/targets/x86_64-linux/lib/libnvrtc.alt.so
2026-03-25 18:50:07,142 - INFO - [36m(setup pid=6356)[0m 	libnvrtc-builtins.so.12.8 (libc6,x86-64) => /usr/local/cuda-12.8/targets/x86_64-linux/lib/libnvrtc-builtins.so.12.8
2026-03-25 18:50:07,142 - INFO - [36m(setup pid=6356)[0m 	libnvrtc-builtins.so.12.6 (libc6,x86-64) => /usr/local/cuda-12.6/targets/x86_64-linux/lib/libnvrtc-builtins.so.12.6
2026-03-25 18:50:07,142 - INFO - [36m(setup pid=6356)[0m 	libnvrtc-builtins.so.12.5 (libc6,x86-64) => /usr/local/cuda-12.5/targets/x86_64-linux/lib/libnvrtc-builtins.so.12.5
2026-03-25 18:50:07,142 - INFO - [36m(setup pid=6356)[0m 	libnvrtc-builtins.so.12.4 (libc6,x86-64) => /usr/local/cuda-12.4/targets/x86_64-linux/lib/libnvrtc-builtins.so.12.4
2026-03-25 18:50:07,142 - INFO - [36m(setup pid=6356)[0m 	libnvrtc-builtins.so (libc6,x86-64) => /usr/local/cuda-12.4/targets/x86_64-linux/lib/libnvrtc-builtins.so
2026-03-25 18:50:07,142 - INFO - [36m(setup pid=6356)[0m 	libnvrtc-builtins.so (libc6,x86-64) => /usr/local/cuda-12.5/targets/x86_64-linux/lib/libnvrtc-builtins.so
2026-03-25 18:50:07,142 - INFO - [36m(setup pid=6356)[0m 	libnvrtc-builtins.so (libc6,x86-64) => /usr/local/cuda-12.6/targets/x86_64-linux/lib/libnvrtc-builtins.so
2026-03-25 18:50:07,142 - INFO - [36m(setup pid=6356)[0m 	libnvrtc-builtins.so (libc6,x86-64) => /usr/local/cuda-12.8/targets/x86_64-linux/lib/libnvrtc-builtins.so
2026-03-25 18:50:07,142 - INFO - [36m(setup pid=6356)[0m 	libnvrtc-builtins.alt.so.12.8 (libc6,x86-64) => /usr/local/cuda-12.8/targets/x86_64-linux/lib/libnvrtc-builtins.alt.so.12.8
2026-03-25 18:50:07,142 - INFO - [36m(setup pid=6356)[0m 	libnvrtc-builtins.alt.so (libc6,x86-64) => /usr/local/cuda-12.8/targets/x86_64-linux/lib/libnvrtc-builtins.alt.so
2026-03-25 18:50:07,142 - INFO - [36m(setup pid=6356)[0m 	libnvjpeg.so.12 (libc6,x86-64) => /usr/local/cuda-12.4/targets/x86_64-linux/lib/libnvjpeg.so.12
2026-03-25 18:50:07,142 - INFO - [36m(setup pid=6356)[0m 	libnvjpeg.so.12 (libc6,x86-64) => /usr/local/cuda-12.5/targets/x86_64-linux/lib/libnvjpeg.so.12
2026-03-25 18:50:07,142 - INFO - [36m(setup pid=6356)[0m 	libnvjpeg.so.12 (libc6,x86-64) => /usr/local/cuda-12.6/targets/x86_64-linux/lib/libnvjpeg.so.12
2026-03-25 18:50:07,142 - INFO - [36m(setup pid=6356)[0m 	libnvjpeg.so.12 (libc6,x86-64) => /usr/local/cuda-12.8/targets/x86_64-linux/lib/libnvjpeg.so.12
2026-03-25 18:50:07,142 - INFO - [36m(setup pid=6356)[0m 	libnvjpeg.so (libc6,x86-64) => /usr/local/cuda-12.4/targets/x86_64-linux/lib/libnvjpeg.so
2026-03-25 18:50:07,142 - INFO - [36m(setup pid=6356)[0m 	libnvjpeg.so (libc6,x86-64) => /usr/local/cuda-12.5/targets/x86_64-linux/lib/libnvjpeg.so
2026-03-25 18:50:07,142 - INFO - [36m(setup pid=6356)[0m 	libnvjpeg.so (libc6,x86-64) => /usr/local/cuda-12.6/targets/x86_64-linux/lib/libnvjpeg.so
2026-03-25 18:50:07,142 - INFO - [36m(setup pid=6356)[0m 	libnvjpeg.so (libc6,x86-64) => /usr/local/cuda-12.8/targets/x86_64-linux/lib/libnvjpeg.so
2026-03-25 18:50:07,142 - INFO - [36m(setup pid=6356)[0m 	libnvfatbin.so.12 (libc6,x86-64) => /usr/local/cuda-12.4/targets/x86_64-linux/lib/libnvfatbin.so.12
2026-03-25 18:50:07,142 - INFO - [36m(setup pid=6356)[0m 	libnvfatbin.so.12 (libc6,x86-64) => /usr/local/cuda-12.5/targets/x86_64-linux/lib/libnvfatbin.so.12
2026-03-25 18:50:07,143 - INFO - [36m(setup pid=6356)[0m 	libnvfatbin.so.12 (libc6,x86-64) => /usr/local/cuda-12.6/targets/x86_64-linux/lib/libnvfatbin.so.12
2026-03-25 18:50:07,143 - INFO - [36m(setup pid=6356)[0m 	libnvfatbin.so.12 (libc6,x86-64) => /usr/local/cuda-12.8/targets/x86_64-linux/lib/libnvfatbin.so.12
2026-03-25 18:50:07,143 - INFO - [36m(setup pid=6356)[0m 	libnvfatbin.so (libc6,x86-64) => /usr/local/cuda-12.4/targets/x86_64-linux/lib/libnvfatbin.so
2026-03-25 18:50:07,143 - INFO - [36m(setup pid=6356)[0m 	libnvfatbin.so (libc6,x86-64) => /usr/local/cuda-12.5/targets/x86_64-linux/lib/libnvfatbin.so
2026-03-25 18:50:07,143 - INFO - [36m(setup pid=6356)[0m 	libnvfatbin.so (libc6,x86-64) => /usr/local/cuda-12.6/targets/x86_64-linux/lib/libnvfatbin.so
2026-03-25 18:50:07,143 - INFO - [36m(setup pid=6356)[0m 	libnvfatbin.so (libc6,x86-64) => /usr/local/cuda-12.8/targets/x86_64-linux/lib/libnvfatbin.so
2026-03-25 18:50:07,143 - INFO - [36m(setup pid=6356)[0m 	libnvblas.so.12 (libc6,x86-64) => /usr/local/cuda-12.4/targets/x86_64-linux/lib/libnvblas.so.12
2026-03-25 18:50:07,143 - INFO - [36m(setup pid=6356)[0m 	libnvblas.so.12 (libc6,x86-64) => /usr/local/cuda-12.5/targets/x86_64-linux/lib/libnvblas.so.12
2026-03-25 18:50:07,143 - INFO - [36m(setup pid=6356)[0m 	libnvblas.so.12 (libc6,x86-64) => /usr/local/cuda-12.6/targets/x86_64-linux/lib/libnvblas.so.12
2026-03-25 18:50:07,143 - INFO - [36m(setup pid=6356)[0m 	libnvblas.so.12 (libc6,x86-64) => /usr/local/cuda-12.8/targets/x86_64-linux/lib/libnvblas.so.12
2026-03-25 18:50:07,143 - INFO - [36m(setup pid=6356)[0m 	libnvblas.so (libc6,x86-64) => /usr/local/cuda-12.4/targets/x86_64-linux/lib/libnvblas.so
2026-03-25 18:50:07,143 - INFO - [36m(setup pid=6356)[0m 	libnvblas.so (libc6,x86-64) => /usr/local/cuda-12.5/targets/x86_64-linux/lib/libnvblas.so
2026-03-25 18:50:07,143 - INFO - [36m(setup pid=6356)[0m 	libnvblas.so (libc6,x86-64) => /usr/local/cuda-12.6/targets/x86_64-linux/lib/libnvblas.so
2026-03-25 18:50:07,143 - INFO - [36m(setup pid=6356)[0m 	libnvblas.so (libc6,x86-64) => /usr/local/cuda-12.8/targets/x86_64-linux/lib/libnvblas.so
2026-03-25 18:50:07,342 - INFO - [36m(setup pid=6356)[0m 	libnvToolsExt.so.1 (libc6,x86-64) => /usr/local/cuda-12.4/targets/x86_64-linux/lib/libnvToolsExt.so.1
2026-03-25 18:50:07,343 - INFO - [36m(setup pid=6356)[0m 	libnvToolsExt.so.1 (libc6,x86-64) => /usr/local/cuda-12.5/targets/x86_64-linux/lib/libnvToolsExt.so.1
2026-03-25 18:50:07,343 - INFO - [36m(setup pid=6356)[0m 	libnvToolsExt.so.1 (libc6,x86-64) => /usr/local/cuda-12.6/targets/x86_64-linux/lib/libnvToolsExt.so.1
2026-03-25 18:50:07,343 - INFO - [36m(setup pid=6356)[0m 	libnvToolsExt.so.1 (libc6,x86-64) => /usr/local/cuda-12.8/targets/x86_64-linux/lib/libnvToolsExt.so.1
2026-03-25 18:50:07,343 - INFO - [36m(setup pid=6356)[0m 	libnvToolsExt.so (libc6,x86-64) => /usr/local/cuda-12.4/targets/x86_64-linux/lib/libnvToolsExt.so
2026-03-25 18:50:07,343 - INFO - [36m(setup pid=6356)[0m 	libnvToolsExt.so (libc6,x86-64) => /usr/local/cuda-12.5/targets/x86_64-linux/lib/libnvToolsExt.so
2026-03-25 18:50:07,343 - INFO - [36m(setup pid=6356)[0m 	libnvToolsExt.so (libc6,x86-64) => /usr/local/cuda-12.6/targets/x86_64-linux/lib/libnvToolsExt.so
2026-03-25 18:50:07,343 - INFO - [36m(setup pid=6356)[0m 	libnvToolsExt.so (libc6,x86-64) => /usr/local/cuda-12.8/targets/x86_64-linux/lib/libnvToolsExt.so
2026-03-25 18:50:07,343 - INFO - [36m(setup pid=6356)[0m 	libnvJitLink.so.12 (libc6,x86-64) => /usr/local/cuda-12.4/targets/x86_64-linux/lib/libnvJitLink.so.12
2026-03-25 18:50:07,343 - INFO - [36m(setup pid=6356)[0m 	libnvJitLink.so.12 (libc6,x86-64) => /usr/local/cuda-12.5/targets/x86_64-linux/lib/libnvJitLink.so.12
2026-03-25 18:50:07,343 - INFO - [36m(setup pid=6356)[0m 	libnvJitLink.so.12 (libc6,x86-64) => /usr/local/cuda-12.6/targets/x86_64-linux/lib/libnvJitLink.so.12
2026-03-25 18:50:07,343 - INFO - [36m(setup pid=6356)[0m 	libnvJitLink.so.12 (libc6,x86-64) => /usr/local/cuda-12.8/targets/x86_64-linux/lib/libnvJitLink.so.12
2026-03-25 18:50:07,343 - INFO - [36m(setup pid=6356)[0m 	libnvJitLink.so (libc6,x86-64) => /usr/local/cuda-12.4/targets/x86_64-linux/lib/libnvJitLink.so
2026-03-25 18:50:07,343 - INFO - [36m(setup pid=6356)[0m 	libnvJitLink.so (libc6,x86-64) => /usr/local/cuda-12.5/targets/x86_64-linux/lib/libnvJitLink.so
2026-03-25 18:50:07,343 - INFO - [36m(setup pid=6356)[0m 	libnvJitLink.so (libc6,x86-64) => /usr/local/cuda-12.6/targets/x86_64-linux/lib/libnvJitLink.so
2026-03-25 18:50:07,343 - INFO - [36m(setup pid=6356)[0m 	libnvJitLink.so (libc6,x86-64) => /usr/local/cuda-12.8/targets/x86_64-linux/lib/libnvJitLink.so
2026-03-25 18:50:07,343 - INFO - [36m(setup pid=6356)[0m 	libnpps.so.12 (libc6,x86-64) => /usr/local/cuda-12.4/targets/x86_64-linux/lib/libnpps.so.12
2026-03-25 18:50:07,343 - INFO - [36m(setup pid=6356)[0m 	libnpps.so.12 (libc6,x86-64) => /usr/local/cuda-12.5/targets/x86_64-linux/lib/libnpps.so.12
2026-03-25 18:50:07,343 - INFO - [36m(setup pid=6356)[0m 	libnpps.so.12 (libc6,x86-64) => /usr/local/cuda-12.6/targets/x86_64-linux/lib/libnpps.so.12
2026-03-25 18:50:07,343 - INFO - [36m(setup pid=6356)[0m 	libnpps.so.12 (libc6,x86-64) => /usr/local/cuda-12.8/targets/x86_64-linux/lib/libnpps.so.12
2026-03-25 18:50:07,343 - INFO - [36m(setup pid=6356)[0m 	libnpps.so (libc6,x86-64) => /usr/local/cuda-12.4/targets/x86_64-linux/lib/libnpps.so
2026-03-25 18:50:07,343 - INFO - [36m(setup pid=6356)[0m 	libnpps.so (libc6,x86-64) => /usr/local/cuda-12.5/targets/x86_64-linux/lib/libnpps.so
2026-03-25 18:50:07,343 - INFO - [36m(setup pid=6356)[0m 	libnpps.so (libc6,x86-64) => /usr/local/cuda-12.6/targets/x86_64-linux/lib/libnpps.so
2026-03-25 18:50:07,343 - INFO - [36m(setup pid=6356)[0m 	libnpps.so (libc6,x86-64) => /usr/local/cuda-12.8/targets/x86_64-linux/lib/libnpps.so
2026-03-25 18:50:07,343 - INFO - [36m(setup pid=6356)[0m 	libnppitc.so.12 (libc6,x86-64) => /usr/local/cuda-12.4/targets/x86_64-linux/lib/libnppitc.so.12
2026-03-25 18:50:07,343 - INFO - [36m(setup pid=6356)[0m 	libnppitc.so.12 (libc6,x86-64) => /usr/local/cuda-12.5/targets/x86_64-linux/lib/libnppitc.so.12
2026-03-25 18:50:07,343 - INFO - [36m(setup pid=6356)[0m 	libnppitc.so.12 (libc6,x86-64) => /usr/local/cuda-12.6/targets/x86_64-linux/lib/libnppitc.so.12
2026-03-25 18:50:07,343 - INFO - [36m(setup pid=6356)[0m 	libnppitc.so.12 (libc6,x86-64) => /usr/local/cuda-12.8/targets/x86_64-linux/lib/libnppitc.so.12
2026-03-25 18:50:07,343 - INFO - [36m(setup pid=6356)[0m 	libnppitc.so (libc6,x86-64) => /usr/local/cuda-12.4/targets/x86_64-linux/lib/libnppitc.so
2026-03-25 18:50:07,343 - INFO - [36m(setup pid=6356)[0m 	libnppitc.so (libc6,x86-64) => /usr/local/cuda-12.5/targets/x86_64-linux/lib/libnppitc.so
2026-03-25 18:50:07,343 - INFO - [36m(setup pid=6356)[0m 	libnppitc.so (libc6,x86-64) => /usr/local/cuda-12.6/targets/x86_64-linux/lib/libnppitc.so
2026-03-25 18:50:07,343 - INFO - [36m(setup pid=6356)[0m 	libnppitc.so (libc6,x86-64) => /usr/local/cuda-12.8/targets/x86_64-linux/lib/libnppitc.so
2026-03-25 18:50:07,343 - INFO - [36m(setup pid=6356)[0m 	libnppisu.so.12 (libc6,x86-64) => /usr/local/cuda-12.4/targets/x86_64-linux/lib/libnppisu.so.12
2026-03-25 18:50:07,343 - INFO - [36m(setup pid=6356)[0m 	libnppisu.so.12 (libc6,x86-64) => /usr/local/cuda-12.5/targets/x86_64-linux/lib/libnppisu.so.12
2026-03-25 18:50:07,343 - INFO - [36m(setup pid=6356)[0m 	libnppisu.so.12 (libc6,x86-64) => /usr/local/cuda-12.6/targets/x86_64-linux/lib/libnppisu.so.12
2026-03-25 18:50:07,343 - INFO - [36m(setup pid=6356)[0m 	libnppisu.so.12 (libc6,x86-64) => /usr/local/cuda-12.8/targets/x86_64-linux/lib/libnppisu.so.12
2026-03-25 18:50:07,343 - INFO - [36m(setup pid=6356)[0m 	libnppisu.so (libc6,x86-64) => /usr/local/cuda-12.4/targets/x86_64-linux/lib/libnppisu.so
2026-03-25 18:50:07,343 - INFO - [36m(setup pid=6356)[0m 	libnppisu.so (libc6,x86-64) => /usr/local/cuda-12.5/targets/x86_64-linux/lib/libnppisu.so
2026-03-25 18:50:07,343 - INFO - [36m(setup pid=6356)[0m 	libnppisu.so (libc6,x86-64) => /usr/local/cuda-12.6/targets/x86_64-linux/lib/libnppisu.so
2026-03-25 18:50:07,343 - INFO - [36m(setup pid=6356)[0m 	libnppisu.so (libc6,x86-64) => /usr/local/cuda-12.8/targets/x86_64-linux/lib/libnppisu.so
2026-03-25 18:50:07,344 - INFO - [36m(setup pid=6356)[0m 	libnppist.so.12 (libc6,x86-64) => /usr/local/cuda-12.4/targets/x86_64-linux/lib/libnppist.so.12
2026-03-25 18:50:07,344 - INFO - [36m(setup pid=6356)[0m 	libnppist.so.12 (libc6,x86-64) => /usr/local/cuda-12.5/targets/x86_64-linux/lib/libnppist.so.12
2026-03-25 18:50:07,344 - INFO - [36m(setup pid=6356)[0m 	libnppist.so.12 (libc6,x86-64) => /usr/local/cuda-12.6/targets/x86_64-linux/lib/libnppist.so.12
2026-03-25 18:50:07,344 - INFO - [36m(setup pid=6356)[0m 	libnppist.so.12 (libc6,x86-64) => /usr/local/cuda-12.8/targets/x86_64-linux/lib/libnppist.so.12
2026-03-25 18:50:07,344 - INFO - [36m(setup pid=6356)[0m 	libnppist.so (libc6,x86-64) => /usr/local/cuda-12.4/targets/x86_64-linux/lib/libnppist.so
2026-03-25 18:50:07,344 - INFO - [36m(setup pid=6356)[0m 	libnppist.so (libc6,x86-64) => /usr/local/cuda-12.5/targets/x86_64-linux/lib/libnppist.so
2026-03-25 18:50:07,344 - INFO - [36m(setup pid=6356)[0m 	libnppist.so (libc6,x86-64) => /usr/local/cuda-12.6/targets/x86_64-linux/lib/libnppist.so
2026-03-25 18:50:07,344 - INFO - [36m(setup pid=6356)[0m 	libnppist.so (libc6,x86-64) => /usr/local/cuda-12.8/targets/x86_64-linux/lib/libnppist.so
2026-03-25 18:50:07,344 - INFO - [36m(setup pid=6356)[0m 	libnppim.so.12 (libc6,x86-64) => /usr/local/cuda-12.4/targets/x86_64-linux/lib/libnppim.so.12
2026-03-25 18:50:07,344 - INFO - [36m(setup pid=6356)[0m 	libnppim.so.12 (libc6,x86-64) => /usr/local/cuda-12.5/targets/x86_64-linux/lib/libnppim.so.12
2026-03-25 18:50:07,344 - INFO - [36m(setup pid=6356)[0m 	libnppim.so.12 (libc6,x86-64) => /usr/local/cuda-12.6/targets/x86_64-linux/lib/libnppim.so.12
2026-03-25 18:50:07,344 - INFO - [36m(setup pid=6356)[0m 	libnppim.so.12 (libc6,x86-64) => /usr/local/cuda-12.8/targets/x86_64-linux/lib/libnppim.so.12
2026-03-25 18:50:07,344 - INFO - [36m(setup pid=6356)[0m 	libnppim.so (libc6,x86-64) => /usr/local/cuda-12.4/targets/x86_64-linux/lib/libnppim.so
2026-03-25 18:50:07,344 - INFO - [36m(setup pid=6356)[0m 	libnppim.so (libc6,x86-64) => /usr/local/cuda-12.5/targets/x86_64-linux/lib/libnppim.so
2026-03-25 18:50:07,344 - INFO - [36m(setup pid=6356)[0m 	libnppim.so (libc6,x86-64) => /usr/local/cuda-12.6/targets/x86_64-linux/lib/libnppim.so
2026-03-25 18:50:07,344 - INFO - [36m(setup pid=6356)[0m 	libnppim.so (libc6,x86-64) => /usr/local/cuda-12.8/targets/x86_64-linux/lib/libnppim.so
2026-03-25 18:50:07,344 - INFO - [36m(setup pid=6356)[0m 	libnppig.so.12 (libc6,x86-64) => /usr/local/cuda-12.4/targets/x86_64-linux/lib/libnppig.so.12
2026-03-25 18:50:07,344 - INFO - [36m(setup pid=6356)[0m 	libnppig.so.12 (libc6,x86-64) => /usr/local/cuda-12.5/targets/x86_64-linux/lib/libnppig.so.12
2026-03-25 18:50:07,344 - INFO - [36m(setup pid=6356)[0m 	libnppig.so.12 (libc6,x86-64) => /usr/local/cuda-12.6/targets/x86_64-linux/lib/libnppig.so.12
2026-03-25 18:50:07,344 - INFO - [36m(setup pid=6356)[0m 	libnppig.so.12 (libc6,x86-64) => /usr/local/cuda-12.8/targets/x86_64-linux/lib/libnppig.so.12
2026-03-25 18:50:07,344 - INFO - [36m(setup pid=6356)[0m 	libnppig.so (libc6,x86-64) => /usr/local/cuda-12.4/targets/x86_64-linux/lib/libnppig.so
2026-03-25 18:50:07,344 - INFO - [36m(setup pid=6356)[0m 	libnppig.so (libc6,x86-64) => /usr/local/cuda-12.5/targets/x86_64-linux/lib/libnppig.so
2026-03-25 18:50:07,344 - INFO - [36m(setup pid=6356)[0m 	libnppig.so (libc6,x86-64) => /usr/local/cuda-12.6/targets/x86_64-linux/lib/libnppig.so
2026-03-25 18:50:07,344 - INFO - [36m(setup pid=6356)[0m 	libnppig.so (libc6,x86-64) => /usr/local/cuda-12.8/targets/x86_64-linux/lib/libnppig.so
2026-03-25 18:50:07,344 - INFO - [36m(setup pid=6356)[0m 	libnppif.so.12 (libc6,x86-64) => /usr/local/cuda-12.4/targets/x86_64-linux/lib/libnppif.so.12
2026-03-25 18:50:07,344 - INFO - [36m(setup pid=6356)[0m 	libnppif.so.12 (libc6,x86-64) => /usr/local/cuda-12.5/targets/x86_64-linux/lib/libnppif.so.12
2026-03-25 18:50:07,344 - INFO - [36m(setup pid=6356)[0m 	libnppif.so.12 (libc6,x86-64) => /usr/local/cuda-12.6/targets/x86_64-linux/lib/libnppif.so.12
2026-03-25 18:50:07,344 - INFO - [36m(setup pid=6356)[0m 	libnppif.so.12 (libc6,x86-64) => /usr/local/cuda-12.8/targets/x86_64-linux/lib/libnppif.so.12
2026-03-25 18:50:07,344 - INFO - [36m(setup pid=6356)[0m 	libnppif.so (libc6,x86-64) => /usr/local/cuda-12.4/targets/x86_64-linux/lib/libnppif.so
2026-03-25 18:50:07,344 - INFO - [36m(setup pid=6356)[0m 	libnppif.so (libc6,x86-64) => /usr/local/cuda-12.5/targets/x86_64-linux/lib/libnppif.so
2026-03-25 18:50:07,344 - INFO - [36m(setup pid=6356)[0m 	libnppif.so (libc6,x86-64) => /usr/local/cuda-12.6/targets/x86_64-linux/lib/libnppif.so
2026-03-25 18:50:07,344 - INFO - [36m(setup pid=6356)[0m 	libnppif.so (libc6,x86-64) => /usr/local/cuda-12.8/targets/x86_64-linux/lib/libnppif.so
2026-03-25 18:50:07,344 - INFO - [36m(setup pid=6356)[0m 	libnppidei.so.12 (libc6,x86-64) => /usr/local/cuda-12.4/targets/x86_64-linux/lib/libnppidei.so.12
2026-03-25 18:50:07,344 - INFO - [36m(setup pid=6356)[0m 	libnppidei.so.12 (libc6,x86-64) => /usr/local/cuda-12.5/targets/x86_64-linux/lib/libnppidei.so.12
2026-03-25 18:50:07,344 - INFO - [36m(setup pid=6356)[0m 	libnppidei.so.12 (libc6,x86-64) => /usr/local/cuda-12.6/targets/x86_64-linux/lib/libnppidei.so.12
2026-03-25 18:50:07,344 - INFO - [36m(setup pid=6356)[0m 	libnppidei.so.12 (libc6,x86-64) => /usr/local/cuda-12.8/targets/x86_64-linux/lib/libnppidei.so.12
2026-03-25 18:50:07,344 - INFO - [36m(setup pid=6356)[0m 	libnppidei.so (libc6,x86-64) => /usr/local/cuda-12.4/targets/x86_64-linux/lib/libnppidei.so
2026-03-25 18:50:07,344 - INFO - [36m(setup pid=6356)[0m 	libnppidei.so (libc6,x86-64) => /usr/local/cuda-12.5/targets/x86_64-linux/lib/libnppidei.so
2026-03-25 18:50:07,344 - INFO - [36m(setup pid=6356)[0m 	libnppidei.so (libc6,x86-64) => /usr/local/cuda-12.6/targets/x86_64-linux/lib/libnppidei.so
2026-03-25 18:50:07,344 - INFO - [36m(setup pid=6356)[0m 	libnppidei.so (libc6,x86-64) => /usr/local/cuda-12.8/targets/x86_64-linux/lib/libnppidei.so
2026-03-25 18:50:07,344 - INFO - [36m(setup pid=6356)[0m 	libnppicc.so.12 (libc6,x86-64) => /usr/local/cuda-12.4/targets/x86_64-linux/lib/libnppicc.so.12
2026-03-25 18:50:07,646 - INFO - [36m(setup pid=6356)[0m 	libnppicc.so.12 (libc6,x86-64) => /usr/local/cuda-12.5/targets/x86_64-linux/lib/libnppicc.so.12
2026-03-25 18:50:07,646 - INFO - [36m(setup pid=6356)[0m 	libnppicc.so.12 (libc6,x86-64) => /usr/local/cuda-12.6/targets/x86_64-linux/lib/libnppicc.so.12
2026-03-25 18:50:07,647 - INFO - [36m(setup pid=6356)[0m 	libnppicc.so.12 (libc6,x86-64) => /usr/local/cuda-12.8/targets/x86_64-linux/lib/libnppicc.so.12
2026-03-25 18:50:07,647 - INFO - [36m(setup pid=6356)[0m 	libnppicc.so (libc6,x86-64) => /usr/local/cuda-12.4/targets/x86_64-linux/lib/libnppicc.so
2026-03-25 18:50:07,647 - INFO - [36m(setup pid=6356)[0m 	libnppicc.so (libc6,x86-64) => /usr/local/cuda-12.5/targets/x86_64-linux/lib/libnppicc.so
2026-03-25 18:50:07,647 - INFO - [36m(setup pid=6356)[0m 	libnppicc.so (libc6,x86-64) => /usr/local/cuda-12.6/targets/x86_64-linux/lib/libnppicc.so
2026-03-25 18:50:07,647 - INFO - [36m(setup pid=6356)[0m 	libnppicc.so (libc6,x86-64) => /usr/local/cuda-12.8/targets/x86_64-linux/lib/libnppicc.so
2026-03-25 18:50:07,647 - INFO - [36m(setup pid=6356)[0m 	libnppial.so.12 (libc6,x86-64) => /usr/local/cuda-12.4/targets/x86_64-linux/lib/libnppial.so.12
2026-03-25 18:50:07,647 - INFO - [36m(setup pid=6356)[0m 	libnppial.so.12 (libc6,x86-64) => /usr/local/cuda-12.5/targets/x86_64-linux/lib/libnppial.so.12
2026-03-25 18:50:07,647 - INFO - [36m(setup pid=6356)[0m 	libnppial.so.12 (libc6,x86-64) => /usr/local/cuda-12.6/targets/x86_64-linux/lib/libnppial.so.12
2026-03-25 18:50:07,647 - INFO - [36m(setup pid=6356)[0m 	libnppial.so.12 (libc6,x86-64) => /usr/local/cuda-12.8/targets/x86_64-linux/lib/libnppial.so.12
2026-03-25 18:50:07,647 - INFO - [36m(setup pid=6356)[0m 	libnppial.so (libc6,x86-64) => /usr/local/cuda-12.4/targets/x86_64-linux/lib/libnppial.so
2026-03-25 18:50:07,647 - INFO - [36m(setup pid=6356)[0m 	libnppial.so (libc6,x86-64) => /usr/local/cuda-12.5/targets/x86_64-linux/lib/libnppial.so
2026-03-25 18:50:07,647 - INFO - [36m(setup pid=6356)[0m 	libnppial.so (libc6,x86-64) => /usr/local/cuda-12.6/targets/x86_64-linux/lib/libnppial.so
2026-03-25 18:50:07,647 - INFO - [36m(setup pid=6356)[0m 	libnppial.so (libc6,x86-64) => /usr/local/cuda-12.8/targets/x86_64-linux/lib/libnppial.so
2026-03-25 18:50:07,647 - INFO - [36m(setup pid=6356)[0m 	libnppc.so.12 (libc6,x86-64) => /usr/local/cuda-12.4/targets/x86_64-linux/lib/libnppc.so.12
2026-03-25 18:50:07,647 - INFO - [36m(setup pid=6356)[0m 	libnppc.so.12 (libc6,x86-64) => /usr/local/cuda-12.5/targets/x86_64-linux/lib/libnppc.so.12
2026-03-25 18:50:07,647 - INFO - [36m(setup pid=6356)[0m 	libnppc.so.12 (libc6,x86-64) => /usr/local/cuda-12.6/targets/x86_64-linux/lib/libnppc.so.12
2026-03-25 18:50:07,647 - INFO - [36m(setup pid=6356)[0m 	libnppc.so.12 (libc6,x86-64) => /usr/local/cuda-12.8/targets/x86_64-linux/lib/libnppc.so.12
2026-03-25 18:50:07,647 - INFO - [36m(setup pid=6356)[0m 	libnppc.so (libc6,x86-64) => /usr/local/cuda-12.4/targets/x86_64-linux/lib/libnppc.so
2026-03-25 18:50:07,647 - INFO - [36m(setup pid=6356)[0m 	libnppc.so (libc6,x86-64) => /usr/local/cuda-12.5/targets/x86_64-linux/lib/libnppc.so
2026-03-25 18:50:07,647 - INFO - [36m(setup pid=6356)[0m 	libnppc.so (libc6,x86-64) => /usr/local/cuda-12.6/targets/x86_64-linux/lib/libnppc.so
2026-03-25 18:50:07,647 - INFO - [36m(setup pid=6356)[0m 	libnppc.so (libc6,x86-64) => /usr/local/cuda-12.8/targets/x86_64-linux/lib/libnppc.so
2026-03-25 18:50:07,647 - INFO - [36m(setup pid=6356)[0m 	libicudata.so.70 (libc6,x86-64) => /lib/x86_64-linux-gnu/libicudata.so.70
2026-03-25 18:50:07,647 - INFO - [36m(setup pid=6356)[0m 	libcusparse.so.12 (libc6,x86-64) => /usr/local/cuda-12.4/targets/x86_64-linux/lib/libcusparse.so.12
2026-03-25 18:50:07,647 - INFO - [36m(setup pid=6356)[0m 	libcusparse.so.12 (libc6,x86-64) => /usr/local/cuda-12.5/targets/x86_64-linux/lib/libcusparse.so.12
2026-03-25 18:50:07,647 - INFO - [36m(setup pid=6356)[0m 	libcusparse.so.12 (libc6,x86-64) => /usr/local/cuda-12.6/targets/x86_64-linux/lib/libcusparse.so.12
2026-03-25 18:50:07,647 - INFO - [36m(setup pid=6356)[0m 	libcusparse.so.12 (libc6,x86-64) => /usr/local/cuda-12.8/targets/x86_64-linux/lib/libcusparse.so.12
2026-03-25 18:50:07,647 - INFO - [36m(setup pid=6356)[0m 	libcusparse.so (libc6,x86-64) => /usr/local/cuda-12.4/targets/x86_64-linux/lib/libcusparse.so
2026-03-25 18:50:07,647 - INFO - [36m(setup pid=6356)[0m 	libcusparse.so (libc6,x86-64) => /usr/local/cuda-12.5/targets/x86_64-linux/lib/libcusparse.so
2026-03-25 18:50:07,647 - INFO - [36m(setup pid=6356)[0m 	libcusparse.so (libc6,x86-64) => /usr/local/cuda-12.6/targets/x86_64-linux/lib/libcusparse.so
2026-03-25 18:50:07,647 - INFO - [36m(setup pid=6356)[0m 	libcusparse.so (libc6,x86-64) => /usr/local/cuda-12.8/targets/x86_64-linux/lib/libcusparse.so
2026-03-25 18:50:07,647 - INFO - [36m(setup pid=6356)[0m 	libcusolverMg.so.11 (libc6,x86-64) => /usr/local/cuda-12.4/targets/x86_64-linux/lib/libcusolverMg.so.11
2026-03-25 18:50:07,647 - INFO - [36m(setup pid=6356)[0m 	libcusolverMg.so.11 (libc6,x86-64) => /usr/local/cuda-12.5/targets/x86_64-linux/lib/libcusolverMg.so.11
2026-03-25 18:50:07,647 - INFO - [36m(setup pid=6356)[0m 	libcusolverMg.so.11 (libc6,x86-64) => /usr/local/cuda-12.6/targets/x86_64-linux/lib/libcusolverMg.so.11
2026-03-25 18:50:07,647 - INFO - [36m(setup pid=6356)[0m 	libcusolverMg.so.11 (libc6,x86-64) => /usr/local/cuda-12.8/targets/x86_64-linux/lib/libcusolverMg.so.11
2026-03-25 18:50:07,647 - INFO - [36m(setup pid=6356)[0m 	libcusolverMg.so (libc6,x86-64) => /usr/local/cuda-12.4/targets/x86_64-linux/lib/libcusolverMg.so
2026-03-25 18:50:07,647 - INFO - [36m(setup pid=6356)[0m 	libcusolverMg.so (libc6,x86-64) => /usr/local/cuda-12.5/targets/x86_64-linux/lib/libcusolverMg.so
2026-03-25 18:50:07,647 - INFO - [36m(setup pid=6356)[0m 	libcusolverMg.so (libc6,x86-64) => /usr/local/cuda-12.6/targets/x86_64-linux/lib/libcusolverMg.so
2026-03-25 18:50:07,647 - INFO - [36m(setup pid=6356)[0m 	libcusolverMg.so (libc6,x86-64) => /usr/local/cuda-12.8/targets/x86_64-linux/lib/libcusolverMg.so
2026-03-25 18:50:07,647 - INFO - [36m(setup pid=6356)[0m 	libcusolver.so.11 (libc6,x86-64) => /usr/local/cuda-12.4/targets/x86_64-linux/lib/libcusolver.so.11
2026-03-25 18:50:07,647 - INFO - [36m(setup pid=6356)[0m 	libcusolver.so.11 (libc6,x86-64) => /usr/local/cuda-12.5/targets/x86_64-linux/lib/libcusolver.so.11
2026-03-25 18:50:07,647 - INFO - [36m(setup pid=6356)[0m 	libcusolver.so.11 (libc6,x86-64) => /usr/local/cuda-12.6/targets/x86_64-linux/lib/libcusolver.so.11
2026-03-25 18:50:07,647 - INFO - [36m(setup pid=6356)[0m 	libcusolver.so.11 (libc6,x86-64) => /usr/local/cuda-12.8/targets/x86_64-linux/lib/libcusolver.so.11
2026-03-25 18:50:07,647 - INFO - [36m(setup pid=6356)[0m 	libcusolver.so (libc6,x86-64) => /usr/local/cuda-12.4/targets/x86_64-linux/lib/libcusolver.so
2026-03-25 18:50:07,647 - INFO - [36m(setup pid=6356)[0m 	libcusolver.so (libc6,x86-64) => /usr/local/cuda-12.5/targets/x86_64-linux/lib/libcusolver.so
2026-03-25 18:50:07,647 - INFO - [36m(setup pid=6356)[0m 	libcusolver.so (libc6,x86-64) => /usr/local/cuda-12.6/targets/x86_64-linux/lib/libcusolver.so
2026-03-25 18:50:07,648 - INFO - [36m(setup pid=6356)[0m 	libcusolver.so (libc6,x86-64) => /usr/local/cuda-12.8/targets/x86_64-linux/lib/libcusolver.so
2026-03-25 18:50:07,648 - INFO - [36m(setup pid=6356)[0m 	libcurand.so.10 (libc6,x86-64) => /usr/local/cuda-12.4/targets/x86_64-linux/lib/libcurand.so.10
2026-03-25 18:50:07,648 - INFO - [36m(setup pid=6356)[0m 	libcurand.so.10 (libc6,x86-64) => /usr/local/cuda-12.5/targets/x86_64-linux/lib/libcurand.so.10
2026-03-25 18:50:07,648 - INFO - [36m(setup pid=6356)[0m 	libcurand.so.10 (libc6,x86-64) => /usr/local/cuda-12.6/targets/x86_64-linux/lib/libcurand.so.10
2026-03-25 18:50:07,648 - INFO - [36m(setup pid=6356)[0m 	libcurand.so.10 (libc6,x86-64) => /usr/local/cuda-12.8/targets/x86_64-linux/lib/libcurand.so.10
2026-03-25 18:50:07,648 - INFO - [36m(setup pid=6356)[0m 	libcurand.so (libc6,x86-64) => /usr/local/cuda-12.4/targets/x86_64-linux/lib/libcurand.so
2026-03-25 18:50:07,648 - INFO - [36m(setup pid=6356)[0m 	libcurand.so (libc6,x86-64) => /usr/local/cuda-12.5/targets/x86_64-linux/lib/libcurand.so
2026-03-25 18:50:07,648 - INFO - [36m(setup pid=6356)[0m 	libcurand.so (libc6,x86-64) => /usr/local/cuda-12.6/targets/x86_64-linux/lib/libcurand.so
2026-03-25 18:50:07,648 - INFO - [36m(setup pid=6356)[0m 	libcurand.so (libc6,x86-64) => /usr/local/cuda-12.8/targets/x86_64-linux/lib/libcurand.so
2026-03-25 18:50:07,648 - INFO - [36m(setup pid=6356)[0m 	libcuinj64.so.12.8 (libc6,x86-64) => /usr/local/cuda-12.8/targets/x86_64-linux/lib/libcuinj64.so.12.8
2026-03-25 18:50:07,648 - INFO - [36m(setup pid=6356)[0m 	libcuinj64.so.12.6 (libc6,x86-64) => /usr/local/cuda-12.6/targets/x86_64-linux/lib/libcuinj64.so.12.6
2026-03-25 18:50:07,648 - INFO - [36m(setup pid=6356)[0m 	libcuinj64.so.12.5 (libc6,x86-64) => /usr/local/cuda-12.5/targets/x86_64-linux/lib/libcuinj64.so.12.5
2026-03-25 18:50:07,648 - INFO - [36m(setup pid=6356)[0m 	libcuinj64.so.12.4 (libc6,x86-64) => /usr/local/cuda-12.4/targets/x86_64-linux/lib/libcuinj64.so.12.4
2026-03-25 18:50:07,648 - INFO - [36m(setup pid=6356)[0m 	libcuinj64.so (libc6,x86-64) => /usr/local/cuda-12.4/targets/x86_64-linux/lib/libcuinj64.so
2026-03-25 18:50:07,648 - INFO - [36m(setup pid=6356)[0m 	libcuinj64.so (libc6,x86-64) => /usr/local/cuda-12.5/targets/x86_64-linux/lib/libcuinj64.so
2026-03-25 18:50:07,648 - INFO - [36m(setup pid=6356)[0m 	libcuinj64.so (libc6,x86-64) => /usr/local/cuda-12.6/targets/x86_64-linux/lib/libcuinj64.so
2026-03-25 18:50:07,648 - INFO - [36m(setup pid=6356)[0m 	libcuinj64.so (libc6,x86-64) => /usr/local/cuda-12.8/targets/x86_64-linux/lib/libcuinj64.so
2026-03-25 18:50:07,648 - INFO - [36m(setup pid=6356)[0m 	libcufile_rdma.so.1 (libc6,x86-64) => /usr/local/cuda-12.4/targets/x86_64-linux/lib/libcufile_rdma.so.1
2026-03-25 18:50:07,648 - INFO - [36m(setup pid=6356)[0m 	libcufile_rdma.so.1 (libc6,x86-64) => /usr/local/cuda-12.5/targets/x86_64-linux/lib/libcufile_rdma.so.1
2026-03-25 18:50:07,648 - INFO - [36m(setup pid=6356)[0m 	libcufile_rdma.so.1 (libc6,x86-64) => /usr/local/cuda-12.6/targets/x86_64-linux/lib/libcufile_rdma.so.1
2026-03-25 18:50:07,851 - INFO - [36m(setup pid=6356)[0m 	libcufile_rdma.so.1 (libc6,x86-64) => /usr/local/cuda-12.8/targets/x86_64-linux/lib/libcufile_rdma.so.1
2026-03-25 18:50:07,851 - INFO - [36m(setup pid=6356)[0m 	libcufile_rdma.so (libc6,x86-64) => /usr/local/cuda-12.4/targets/x86_64-linux/lib/libcufile_rdma.so
2026-03-25 18:50:07,851 - INFO - [36m(setup pid=6356)[0m 	libcufile_rdma.so (libc6,x86-64) => /usr/local/cuda-12.5/targets/x86_64-linux/lib/libcufile_rdma.so
2026-03-25 18:50:07,851 - INFO - [36m(setup pid=6356)[0m 	libcufile_rdma.so (libc6,x86-64) => /usr/local/cuda-12.6/targets/x86_64-linux/lib/libcufile_rdma.so
2026-03-25 18:50:07,851 - INFO - [36m(setup pid=6356)[0m 	libcufile_rdma.so (libc6,x86-64) => /usr/local/cuda-12.8/targets/x86_64-linux/lib/libcufile_rdma.so
2026-03-25 18:50:07,851 - INFO - [36m(setup pid=6356)[0m 	libcufile.so.0 (libc6,x86-64) => /usr/local/cuda-12.4/targets/x86_64-linux/lib/libcufile.so.0
2026-03-25 18:50:07,851 - INFO - [36m(setup pid=6356)[0m 	libcufile.so.0 (libc6,x86-64) => /usr/local/cuda-12.5/targets/x86_64-linux/lib/libcufile.so.0
2026-03-25 18:50:07,851 - INFO - [36m(setup pid=6356)[0m 	libcufile.so.0 (libc6,x86-64) => /usr/local/cuda-12.6/targets/x86_64-linux/lib/libcufile.so.0
2026-03-25 18:50:07,851 - INFO - [36m(setup pid=6356)[0m 	libcufile.so.0 (libc6,x86-64) => /usr/local/cuda-12.8/targets/x86_64-linux/lib/libcufile.so.0
2026-03-25 18:50:07,851 - INFO - [36m(setup pid=6356)[0m 	libcufile.so (libc6,x86-64) => /usr/local/cuda-12.4/targets/x86_64-linux/lib/libcufile.so
2026-03-25 18:50:07,851 - INFO - [36m(setup pid=6356)[0m 	libcufile.so (libc6,x86-64) => /usr/local/cuda-12.5/targets/x86_64-linux/lib/libcufile.so
2026-03-25 18:50:07,851 - INFO - [36m(setup pid=6356)[0m 	libcufile.so (libc6,x86-64) => /usr/local/cuda-12.6/targets/x86_64-linux/lib/libcufile.so
2026-03-25 18:50:07,851 - INFO - [36m(setup pid=6356)[0m 	libcufile.so (libc6,x86-64) => /usr/local/cuda-12.8/targets/x86_64-linux/lib/libcufile.so
2026-03-25 18:50:07,851 - INFO - [36m(setup pid=6356)[0m 	libcufftw.so.11 (libc6,x86-64) => /usr/local/cuda-12.4/targets/x86_64-linux/lib/libcufftw.so.11
2026-03-25 18:50:07,851 - INFO - [36m(setup pid=6356)[0m 	libcufftw.so.11 (libc6,x86-64) => /usr/local/cuda-12.5/targets/x86_64-linux/lib/libcufftw.so.11
2026-03-25 18:50:07,851 - INFO - [36m(setup pid=6356)[0m 	libcufftw.so.11 (libc6,x86-64) => /usr/local/cuda-12.6/targets/x86_64-linux/lib/libcufftw.so.11
2026-03-25 18:50:07,851 - INFO - [36m(setup pid=6356)[0m 	libcufftw.so.11 (libc6,x86-64) => /usr/local/cuda-12.8/targets/x86_64-linux/lib/libcufftw.so.11
2026-03-25 18:50:07,852 - INFO - [36m(setup pid=6356)[0m 	libcufftw.so (libc6,x86-64) => /usr/local/cuda-12.4/targets/x86_64-linux/lib/libcufftw.so
2026-03-25 18:50:07,852 - INFO - [36m(setup pid=6356)[0m 	libcufftw.so (libc6,x86-64) => /usr/local/cuda-12.5/targets/x86_64-linux/lib/libcufftw.so
2026-03-25 18:50:07,852 - INFO - [36m(setup pid=6356)[0m 	libcufftw.so (libc6,x86-64) => /usr/local/cuda-12.6/targets/x86_64-linux/lib/libcufftw.so
2026-03-25 18:50:07,852 - INFO - [36m(setup pid=6356)[0m 	libcufftw.so (libc6,x86-64) => /usr/local/cuda-12.8/targets/x86_64-linux/lib/libcufftw.so
2026-03-25 18:50:07,852 - INFO - [36m(setup pid=6356)[0m 	libcufft.so.11 (libc6,x86-64) => /usr/local/cuda-12.4/targets/x86_64-linux/lib/libcufft.so.11
2026-03-25 18:50:07,852 - INFO - [36m(setup pid=6356)[0m 	libcufft.so.11 (libc6,x86-64) => /usr/local/cuda-12.5/targets/x86_64-linux/lib/libcufft.so.11
2026-03-25 18:50:07,852 - INFO - [36m(setup pid=6356)[0m 	libcufft.so.11 (libc6,x86-64) => /usr/local/cuda-12.6/targets/x86_64-linux/lib/libcufft.so.11
2026-03-25 18:50:07,852 - INFO - [36m(setup pid=6356)[0m 	libcufft.so.11 (libc6,x86-64) => /usr/local/cuda-12.8/targets/x86_64-linux/lib/libcufft.so.11
2026-03-25 18:50:07,852 - INFO - [36m(setup pid=6356)[0m 	libcufft.so (libc6,x86-64) => /usr/local/cuda-12.4/targets/x86_64-linux/lib/libcufft.so
2026-03-25 18:50:07,852 - INFO - [36m(setup pid=6356)[0m 	libcufft.so (libc6,x86-64) => /usr/local/cuda-12.5/targets/x86_64-linux/lib/libcufft.so
2026-03-25 18:50:07,852 - INFO - [36m(setup pid=6356)[0m 	libcufft.so (libc6,x86-64) => /usr/local/cuda-12.6/targets/x86_64-linux/lib/libcufft.so
2026-03-25 18:50:07,852 - INFO - [36m(setup pid=6356)[0m 	libcufft.so (libc6,x86-64) => /usr/local/cuda-12.8/targets/x86_64-linux/lib/libcufft.so
2026-03-25 18:50:07,852 - INFO - [36m(setup pid=6356)[0m 	libcudart.so.12 (libc6,x86-64) => /usr/local/cuda-12.4/targets/x86_64-linux/lib/libcudart.so.12
2026-03-25 18:50:07,852 - INFO - [36m(setup pid=6356)[0m 	libcudart.so.12 (libc6,x86-64) => /usr/local/cuda-12.5/targets/x86_64-linux/lib/libcudart.so.12
2026-03-25 18:50:07,852 - INFO - [36m(setup pid=6356)[0m 	libcudart.so.12 (libc6,x86-64) => /usr/local/cuda-12.6/targets/x86_64-linux/lib/libcudart.so.12
2026-03-25 18:50:07,852 - INFO - [36m(setup pid=6356)[0m 	libcudart.so.12 (libc6,x86-64) => /usr/local/cuda-12.8/targets/x86_64-linux/lib/libcudart.so.12
2026-03-25 18:50:07,852 - INFO - [36m(setup pid=6356)[0m 	libcudart.so (libc6,x86-64) => /usr/local/cuda-12.4/targets/x86_64-linux/lib/libcudart.so
2026-03-25 18:50:07,852 - INFO - [36m(setup pid=6356)[0m 	libcudart.so (libc6,x86-64) => /usr/local/cuda-12.5/targets/x86_64-linux/lib/libcudart.so
2026-03-25 18:50:07,852 - INFO - [36m(setup pid=6356)[0m 	libcudart.so (libc6,x86-64) => /usr/local/cuda-12.6/targets/x86_64-linux/lib/libcudart.so
2026-03-25 18:50:07,852 - INFO - [36m(setup pid=6356)[0m 	libcudart.so (libc6,x86-64) => /usr/local/cuda-12.8/targets/x86_64-linux/lib/libcudart.so
2026-03-25 18:50:07,852 - INFO - [36m(setup pid=6356)[0m 	libcudadebugger.so.1 (libc6,x86-64) => /lib/x86_64-linux-gnu/libcudadebugger.so.1
2026-03-25 18:50:07,852 - INFO - [36m(setup pid=6356)[0m 	libcuda.so.1 (libc6,x86-64) => /lib/x86_64-linux-gnu/libcuda.so.1
2026-03-25 18:50:07,852 - INFO - [36m(setup pid=6356)[0m 	libcuda.so (libc6,x86-64) => /lib/x86_64-linux-gnu/libcuda.so
2026-03-25 18:50:07,852 - INFO - [36m(setup pid=6356)[0m 	libcublasLt.so.12 (libc6,x86-64) => /usr/local/cuda-12.4/targets/x86_64-linux/lib/libcublasLt.so.12
2026-03-25 18:50:07,853 - INFO - [36m(setup pid=6356)[0m 	libcublasLt.so.12 (libc6,x86-64) => /usr/local/cuda-12.5/targets/x86_64-linux/lib/libcublasLt.so.12
2026-03-25 18:50:07,853 - INFO - [36m(setup pid=6356)[0m 	libcublasLt.so.12 (libc6,x86-64) => /usr/local/cuda-12.6/targets/x86_64-linux/lib/libcublasLt.so.12
2026-03-25 18:50:07,853 - INFO - [36m(setup pid=6356)[0m 	libcublasLt.so.12 (libc6,x86-64) => /usr/local/cuda-12.8/targets/x86_64-linux/lib/libcublasLt.so.12
2026-03-25 18:50:07,853 - INFO - [36m(setup pid=6356)[0m 	libcublasLt.so (libc6,x86-64) => /usr/local/cuda-12.4/targets/x86_64-linux/lib/libcublasLt.so
2026-03-25 18:50:07,853 - INFO - [36m(setup pid=6356)[0m 	libcublasLt.so (libc6,x86-64) => /usr/local/cuda-12.5/targets/x86_64-linux/lib/libcublasLt.so
2026-03-25 18:50:07,853 - INFO - [36m(setup pid=6356)[0m 	libcublasLt.so (libc6,x86-64) => /usr/local/cuda-12.6/targets/x86_64-linux/lib/libcublasLt.so
2026-03-25 18:50:07,853 - INFO - [36m(setup pid=6356)[0m 	libcublasLt.so (libc6,x86-64) => /usr/local/cuda-12.8/targets/x86_64-linux/lib/libcublasLt.so
2026-03-25 18:50:07,853 - INFO - [36m(setup pid=6356)[0m 	libcublas.so.12 (libc6,x86-64) => /usr/local/cuda-12.4/targets/x86_64-linux/lib/libcublas.so.12
2026-03-25 18:50:07,853 - INFO - [36m(setup pid=6356)[0m 	libcublas.so.12 (libc6,x86-64) => /usr/local/cuda-12.5/targets/x86_64-linux/lib/libcublas.so.12
2026-03-25 18:50:07,853 - INFO - [36m(setup pid=6356)[0m 	libcublas.so.12 (libc6,x86-64) => /usr/local/cuda-12.6/targets/x86_64-linux/lib/libcublas.so.12
2026-03-25 18:50:07,853 - INFO - [36m(setup pid=6356)[0m 	libcublas.so.12 (libc6,x86-64) => /usr/local/cuda-12.8/targets/x86_64-linux/lib/libcublas.so.12
2026-03-25 18:50:07,853 - INFO - [36m(setup pid=6356)[0m 	libcublas.so (libc6,x86-64) => /usr/local/cuda-12.4/targets/x86_64-linux/lib/libcublas.so
2026-03-25 18:50:07,853 - INFO - [36m(setup pid=6356)[0m 	libcublas.so (libc6,x86-64) => /usr/local/cuda-12.5/targets/x86_64-linux/lib/libcublas.so
2026-03-25 18:50:07,853 - INFO - [36m(setup pid=6356)[0m 	libcublas.so (libc6,x86-64) => /usr/local/cuda-12.6/targets/x86_64-linux/lib/libcublas.so
2026-03-25 18:50:07,853 - INFO - [36m(setup pid=6356)[0m 	libcublas.so (libc6,x86-64) => /usr/local/cuda-12.8/targets/x86_64-linux/lib/libcublas.so
2026-03-25 18:50:07,853 - INFO - [36m(setup pid=6356)[0m 	libaccinj64.so.12.8 (libc6,x86-64) => /usr/local/cuda-12.8/targets/x86_64-linux/lib/libaccinj64.so.12.8
2026-03-25 18:50:07,853 - INFO - [36m(setup pid=6356)[0m 	libaccinj64.so.12.6 (libc6,x86-64) => /usr/local/cuda-12.6/targets/x86_64-linux/lib/libaccinj64.so.12.6
2026-03-25 18:50:07,853 - INFO - [36m(setup pid=6356)[0m 	libaccinj64.so.12.5 (libc6,x86-64) => /usr/local/cuda-12.5/targets/x86_64-linux/lib/libaccinj64.so.12.5
2026-03-25 18:50:07,853 - INFO - [36m(setup pid=6356)[0m 	libaccinj64.so.12.4 (libc6,x86-64) => /usr/local/cuda-12.4/targets/x86_64-linux/lib/libaccinj64.so.12.4
2026-03-25 18:50:07,853 - INFO - [36m(setup pid=6356)[0m 	libaccinj64.so (libc6,x86-64) => /usr/local/cuda-12.4/targets/x86_64-linux/lib/libaccinj64.so
2026-03-25 18:50:07,854 - INFO - [36m(setup pid=6356)[0m 	libaccinj64.so (libc6,x86-64) => /usr/local/cuda-12.5/targets/x86_64-linux/lib/libaccinj64.so
2026-03-25 18:50:07,854 - INFO - [36m(setup pid=6356)[0m 	libaccinj64.so (libc6,x86-64) => /usr/local/cuda-12.6/targets/x86_64-linux/lib/libaccinj64.so
2026-03-25 18:50:07,854 - INFO - [36m(setup pid=6356)[0m 	libaccinj64.so (libc6,x86-64) => /usr/local/cuda-12.8/targets/x86_64-linux/lib/libaccinj64.so
2026-03-25 18:50:07,854 - INFO - [36m(setup pid=6356)[0m 	libOpenCL.so.1 (libc6,x86-64) => /usr/local/cuda-12.4/targets/x86_64-linux/lib/libOpenCL.so.1
2026-03-25 18:50:07,854 - INFO - [36m(setup pid=6356)[0m 	libOpenCL.so.1 (libc6,x86-64) => /usr/local/cuda-12.5/targets/x86_64-linux/lib/libOpenCL.so.1
2026-03-25 18:50:07,854 - INFO - [36m(setup pid=6356)[0m 	libOpenCL.so.1 (libc6,x86-64) => /usr/local/cuda-12.6/targets/x86_64-linux/lib/libOpenCL.so.1
2026-03-25 18:50:07,854 - INFO - [36m(setup pid=6356)[0m 	libOpenCL.so.1 (libc6,x86-64) => /usr/local/cuda-12.8/targets/x86_64-linux/lib/libOpenCL.so.1
2026-03-25 18:50:07,854 - INFO - [36m(setup pid=6356)[0m 	libOpenCL.so (libc6,x86-64) => /usr/local/cuda-12.4/targets/x86_64-linux/lib/libOpenCL.so
2026-03-25 18:50:07,854 - INFO - [36m(setup pid=6356)[0m 	libOpenCL.so (libc6,x86-64) => /usr/local/cuda-12.5/targets/x86_64-linux/lib/libOpenCL.so
2026-03-25 18:50:07,854 - INFO - [36m(setup pid=6356)[0m 	libOpenCL.so (libc6,x86-64) => /usr/local/cuda-12.6/targets/x86_64-linux/lib/libOpenCL.so
2026-03-25 18:50:07,854 - INFO - [36m(setup pid=6356)[0m 	libOpenCL.so (libc6,x86-64) => /usr/local/cuda-12.8/targets/x86_64-linux/lib/libOpenCL.so
2026-03-25 18:50:07,854 - INFO - [36m(setup pid=6356)[0m + echo 'CUDA toolkit path:'
2026-03-25 18:50:07,854 - INFO - [36m(setup pid=6356)[0m CUDA toolkit path:
2026-03-25 18:50:07,854 - INFO - [36m(setup pid=6356)[0m + ls --color=auto -la /usr/local/cuda /usr/local/cuda-12.4 /usr/local/cuda-12.5 /usr/local/cuda-12.6 /usr/local/cuda-12.8
2026-03-25 18:50:07,854 - INFO - [36m(setup pid=4352, ip=172.31.33.82)[0m + echo 'Checking CUDA libraries...'
2026-03-25 18:50:07,854 - INFO - [36m(setup pid=4352, ip=172.31.33.82)[0m Checking CUDA libraries...
2026-03-25 18:50:07,854 - INFO - [36m(setup pid=4352, ip=172.31.33.82)[0m + grep --color=auto cuda
2026-03-25 18:50:07,855 - INFO - [36m(setup pid=4352, ip=172.31.33.82)[0m + ldconfig -p
2026-03-25 18:50:07,855 - INFO - [36m(setup pid=4352, ip=172.31.33.82)[0m 	libnvrtc.so.12 (libc6,x86-64) => /usr/local/cuda-12.4/targets/x86_64-linux/lib/libnvrtc.so.12
2026-03-25 18:50:07,855 - INFO - [36m(setup pid=4352, ip=172.31.33.82)[0m 	libnvrtc.so.12 (libc6,x86-64) => /usr/local/cuda-12.5/targets/x86_64-linux/lib/libnvrtc.so.12
2026-03-25 18:50:07,855 - INFO - [36m(setup pid=4352, ip=172.31.33.82)[0m 	libnvrtc.so.12 (libc6,x86-64) => /usr/local/cuda-12.6/targets/x86_64-linux/lib/libnvrtc.so.12
2026-03-25 18:50:07,855 - INFO - [36m(setup pid=4352, ip=172.31.33.82)[0m 	libnvrtc.so.12 (libc6,x86-64) => /usr/local/cuda-12.8/targets/x86_64-linux/lib/libnvrtc.so.12
2026-03-25 18:50:07,855 - INFO - [36m(setup pid=4352, ip=172.31.33.82)[0m 	libnvrtc.so (libc6,x86-64) => /usr/local/cuda-12.4/targets/x86_64-linux/lib/libnvrtc.so
2026-03-25 18:50:07,855 - INFO - [36m(setup pid=4352, ip=172.31.33.82)[0m 	libnvrtc.so (libc6,x86-64) => /usr/local/cuda-12.5/targets/x86_64-linux/lib/libnvrtc.so
2026-03-25 18:50:07,855 - INFO - [36m(setup pid=4352, ip=172.31.33.82)[0m 	libnvrtc.so (libc6,x86-64) => /usr/local/cuda-12.6/targets/x86_64-linux/lib/libnvrtc.so
2026-03-25 18:50:07,855 - INFO - [36m(setup pid=4352, ip=172.31.33.82)[0m 	libnvrtc.so (libc6,x86-64) => /usr/local/cuda-12.8/targets/x86_64-linux/lib/libnvrtc.so
2026-03-25 18:50:07,855 - INFO - [36m(setup pid=4352, ip=172.31.33.82)[0m 	libnvrtc.alt.so.12 (libc6,x86-64) => /usr/local/cuda-12.8/targets/x86_64-linux/lib/libnvrtc.alt.so.12
2026-03-25 18:50:07,855 - INFO - [36m(setup pid=4352, ip=172.31.33.82)[0m 	libnvrtc.alt.so (libc6,x86-64) => /usr/local/cuda-12.8/targets/x86_64-linux/lib/libnvrtc.alt.so
2026-03-25 18:50:07,855 - INFO - [36m(setup pid=4352, ip=172.31.33.82)[0m 	libnvrtc-builtins.so.12.8 (libc6,x86-64) => /usr/local/cuda-12.8/targets/x86_64-linux/lib/libnvrtc-builtins.so.12.8
2026-03-25 18:50:07,855 - INFO - [36m(setup pid=4352, ip=172.31.33.82)[0m 	libnvrtc-builtins.so.12.6 (libc6,x86-64) => /usr/local/cuda-12.6/targets/x86_64-linux/lib/libnvrtc-builtins.so.12.6
2026-03-25 18:50:07,855 - INFO - [36m(setup pid=4352, ip=172.31.33.82)[0m 	libnvrtc-builtins.so.12.5 (libc6,x86-64) => /usr/local/cuda-12.5/targets/x86_64-linux/lib/libnvrtc-builtins.so.12.5
2026-03-25 18:50:07,855 - INFO - [36m(setup pid=4352, ip=172.31.33.82)[0m 	libnvrtc-builtins.so.12.4 (libc6,x86-64) => /usr/local/cuda-12.4/targets/x86_64-linux/lib/libnvrtc-builtins.so.12.4
2026-03-25 18:50:07,855 - INFO - [36m(setup pid=4352, ip=172.31.33.82)[0m 	libnvrtc-builtins.so (libc6,x86-64) => /usr/local/cuda-12.4/targets/x86_64-linux/lib/libnvrtc-builtins.so
2026-03-25 18:50:07,855 - INFO - [36m(setup pid=4352, ip=172.31.33.82)[0m 	libnvrtc-builtins.so (libc6,x86-64) => /usr/local/cuda-12.5/targets/x86_64-linux/lib/libnvrtc-builtins.so
2026-03-25 18:50:07,855 - INFO - [36m(setup pid=4352, ip=172.31.33.82)[0m 	libnvrtc-builtins.so (libc6,x86-64) => /usr/local/cuda-12.6/targets/x86_64-linux/lib/libnvrtc-builtins.so
2026-03-25 18:50:07,855 - INFO - [36m(setup pid=4352, ip=172.31.33.82)[0m 	libnvrtc-builtins.so (libc6,x86-64) => /usr/local/cuda-12.8/targets/x86_64-linux/lib/libnvrtc-builtins.so
2026-03-25 18:50:07,855 - INFO - [36m(setup pid=4352, ip=172.31.33.82)[0m 	libnvrtc-builtins.alt.so.12.8 (libc6,x86-64) => /usr/local/cuda-12.8/targets/x86_64-linux/lib/libnvrtc-builtins.alt.so.12.8
2026-03-25 18:50:07,855 - INFO - [36m(setup pid=4352, ip=172.31.33.82)[0m 	libnvrtc-builtins.alt.so (libc6,x86-64) => /usr/local/cuda-12.8/targets/x86_64-linux/lib/libnvrtc-builtins.alt.so
2026-03-25 18:50:07,855 - INFO - [36m(setup pid=4352, ip=172.31.33.82)[0m 	libnvjpeg.so.12 (libc6,x86-64) => /usr/local/cuda-12.4/targets/x86_64-linux/lib/libnvjpeg.so.12
2026-03-25 18:50:07,855 - INFO - [36m(setup pid=4352, ip=172.31.33.82)[0m 	libnvjpeg.so.12 (libc6,x86-64) => /usr/local/cuda-12.5/targets/x86_64-linux/lib/libnvjpeg.so.12
2026-03-25 18:50:07,855 - INFO - [36m(setup pid=4352, ip=172.31.33.82)[0m 	libnvjpeg.so.12 (libc6,x86-64) => /usr/local/cuda-12.6/targets/x86_64-linux/lib/libnvjpeg.so.12
2026-03-25 18:50:07,855 - INFO - [36m(setup pid=4352, ip=172.31.33.82)[0m 	libnvjpeg.so.12 (libc6,x86-64) => /usr/local/cuda-12.8/targets/x86_64-linux/lib/libnvjpeg.so.12
2026-03-25 18:50:07,856 - INFO - [36m(setup pid=4352, ip=172.31.33.82)[0m 	libnvjpeg.so (libc6,x86-64) => /usr/local/cuda-12.4/targets/x86_64-linux/lib/libnvjpeg.so
2026-03-25 18:50:07,856 - INFO - [36m(setup pid=4352, ip=172.31.33.82)[0m 	libnvjpeg.so (libc6,x86-64) => /usr/local/cuda-12.5/targets/x86_64-linux/lib/libnvjpeg.so
2026-03-25 18:50:07,856 - INFO - [36m(setup pid=4352, ip=172.31.33.82)[0m 	libnvjpeg.so (libc6,x86-64) => /usr/local/cuda-12.6/targets/x86_64-linux/lib/libnvjpeg.so
2026-03-25 18:50:07,856 - INFO - [36m(setup pid=4352, ip=172.31.33.82)[0m 	libnvjpeg.so (libc6,x86-64) => /usr/local/cuda-12.8/targets/x86_64-linux/lib/libnvjpeg.so
2026-03-25 18:50:07,856 - INFO - [36m(setup pid=4352, ip=172.31.33.82)[0m 	libnvfatbin.so.12 (libc6,x86-64) => /usr/local/cuda-12.4/targets/x86_64-linux/lib/libnvfatbin.so.12
2026-03-25 18:50:07,856 - INFO - [36m(setup pid=4352, ip=172.31.33.82)[0m 	libnvfatbin.so.12 (libc6,x86-64) => /usr/local/cuda-12.5/targets/x86_64-linux/lib/libnvfatbin.so.12
2026-03-25 18:50:07,856 - INFO - [36m(setup pid=4352, ip=172.31.33.82)[0m 	libnvfatbin.so.12 (libc6,x86-64) => /usr/local/cuda-12.6/targets/x86_64-linux/lib/libnvfatbin.so.12
2026-03-25 18:50:07,856 - INFO - [36m(setup pid=4352, ip=172.31.33.82)[0m 	libnvfatbin.so.12 (libc6,x86-64) => /usr/local/cuda-12.8/targets/x86_64-linux/lib/libnvfatbin.so.12
2026-03-25 18:50:07,856 - INFO - [36m(setup pid=4352, ip=172.31.33.82)[0m 	libnvfatbin.so (libc6,x86-64) => /usr/local/cuda-12.4/targets/x86_64-linux/lib/libnvfatbin.so
2026-03-25 18:50:07,856 - INFO - [36m(setup pid=4352, ip=172.31.33.82)[0m 	libnvfatbin.so (libc6,x86-64) => /usr/local/cuda-12.5/targets/x86_64-linux/lib/libnvfatbin.so
2026-03-25 18:50:07,856 - INFO - [36m(setup pid=4352, ip=172.31.33.82)[0m 	libnvfatbin.so (libc6,x86-64) => /usr/local/cuda-12.6/targets/x86_64-linux/lib/libnvfatbin.so
2026-03-25 18:50:07,856 - INFO - [36m(setup pid=4352, ip=172.31.33.82)[0m 	libnvfatbin.so (libc6,x86-64) => /usr/local/cuda-12.8/targets/x86_64-linux/lib/libnvfatbin.so
2026-03-25 18:50:07,856 - INFO - [36m(setup pid=4352, ip=172.31.33.82)[0m 	libnvblas.so.12 (libc6,x86-64) => /usr/local/cuda-12.4/targets/x86_64-linux/lib/libnvblas.so.12
2026-03-25 18:50:07,856 - INFO - [36m(setup pid=4352, ip=172.31.33.82)[0m 	libnvblas.so.12 (libc6,x86-64) => /usr/local/cuda-12.5/targets/x86_64-linux/lib/libnvblas.so.12
2026-03-25 18:50:07,856 - INFO - [36m(setup pid=4352, ip=172.31.33.82)[0m 	libnvblas.so.12 (libc6,x86-64) => /usr/local/cuda-12.6/targets/x86_64-linux/lib/libnvblas.so.12
2026-03-25 18:50:07,856 - INFO - [36m(setup pid=4352, ip=172.31.33.82)[0m 	libnvblas.so.12 (libc6,x86-64) => /usr/local/cuda-12.8/targets/x86_64-linux/lib/libnvblas.so.12
2026-03-25 18:50:07,856 - INFO - [36m(setup pid=4352, ip=172.31.33.82)[0m 	libnvblas.so (libc6,x86-64) => /usr/local/cuda-12.4/targets/x86_64-linux/lib/libnvblas.so
2026-03-25 18:50:07,856 - INFO - [36m(setup pid=4352, ip=172.31.33.82)[0m 	libnvblas.so (libc6,x86-64) => /usr/local/cuda-12.5/targets/x86_64-linux/lib/libnvblas.so
2026-03-25 18:50:07,856 - INFO - [36m(setup pid=4352, ip=172.31.33.82)[0m 	libnvblas.so (libc6,x86-64) => /usr/local/cuda-12.6/targets/x86_64-linux/lib/libnvblas.so
2026-03-25 18:50:07,856 - INFO - [36m(setup pid=4352, ip=172.31.33.82)[0m 	libnvblas.so (libc6,x86-64) => /usr/local/cuda-12.8/targets/x86_64-linux/lib/libnvblas.so
2026-03-25 18:50:07,856 - INFO - [36m(setup pid=4352, ip=172.31.33.82)[0m 	libnvToolsExt.so.1 (libc6,x86-64) => /usr/local/cuda-12.4/targets/x86_64-linux/lib/libnvToolsExt.so.1
2026-03-25 18:50:07,856 - INFO - [36m(setup pid=4352, ip=172.31.33.82)[0m 	libnvToolsExt.so.1 (libc6,x86-64) => /usr/local/cuda-12.5/targets/x86_64-linux/lib/libnvToolsExt.so.1
2026-03-25 18:50:07,856 - INFO - [36m(setup pid=4352, ip=172.31.33.82)[0m 	libnvToolsExt.so.1 (libc6,x86-64) => /usr/local/cuda-12.6/targets/x86_64-linux/lib/libnvToolsExt.so.1
2026-03-25 18:50:07,856 - INFO - [36m(setup pid=4352, ip=172.31.33.82)[0m 	libnvToolsExt.so.1 (libc6,x86-64) => /usr/local/cuda-12.8/targets/x86_64-linux/lib/libnvToolsExt.so.1
2026-03-25 18:50:07,856 - INFO - [36m(setup pid=4352, ip=172.31.33.82)[0m 	libnvToolsExt.so (libc6,x86-64) => /usr/local/cuda-12.4/targets/x86_64-linux/lib/libnvToolsExt.so
2026-03-25 18:50:07,857 - INFO - [36m(setup pid=4352, ip=172.31.33.82)[0m 	libnvToolsExt.so (libc6,x86-64) => /usr/local/cuda-12.5/targets/x86_64-linux/lib/libnvToolsExt.so
2026-03-25 18:50:07,857 - INFO - [36m(setup pid=4352, ip=172.31.33.82)[0m 	libnvToolsExt.so (libc6,x86-64) => /usr/local/cuda-12.6/targets/x86_64-linux/lib/libnvToolsExt.so
2026-03-25 18:50:07,857 - INFO - [36m(setup pid=4352, ip=172.31.33.82)[0m 	libnvToolsExt.so (libc6,x86-64) => /usr/local/cuda-12.8/targets/x86_64-linux/lib/libnvToolsExt.so
2026-03-25 18:50:07,857 - INFO - [36m(setup pid=4352, ip=172.31.33.82)[0m 	libnvJitLink.so.12 (libc6,x86-64) => /usr/local/cuda-12.4/targets/x86_64-linux/lib/libnvJitLink.so.12
2026-03-25 18:50:07,857 - INFO - [36m(setup pid=4352, ip=172.31.33.82)[0m 	libnvJitLink.so.12 (libc6,x86-64) => /usr/local/cuda-12.5/targets/x86_64-linux/lib/libnvJitLink.so.12
2026-03-25 18:50:07,857 - INFO - [36m(setup pid=4352, ip=172.31.33.82)[0m 	libnvJitLink.so.12 (libc6,x86-64) => /usr/local/cuda-12.6/targets/x86_64-linux/lib/libnvJitLink.so.12
2026-03-25 18:50:07,857 - INFO - [36m(setup pid=4352, ip=172.31.33.82)[0m 	libnvJitLink.so.12 (libc6,x86-64) => /usr/local/cuda-12.8/targets/x86_64-linux/lib/libnvJitLink.so.12
2026-03-25 18:50:07,857 - INFO - [36m(setup pid=4352, ip=172.31.33.82)[0m 	libnvJitLink.so (libc6,x86-64) => /usr/local/cuda-12.4/targets/x86_64-linux/lib/libnvJitLink.so
2026-03-25 18:50:07,857 - INFO - [36m(setup pid=4352, ip=172.31.33.82)[0m 	libnvJitLink.so (libc6,x86-64) => /usr/local/cuda-12.5/targets/x86_64-linux/lib/libnvJitLink.so
2026-03-25 18:50:07,857 - INFO - [36m(setup pid=4352, ip=172.31.33.82)[0m 	libnvJitLink.so (libc6,x86-64) => /usr/local/cuda-12.6/targets/x86_64-linux/lib/libnvJitLink.so
2026-03-25 18:50:07,857 - INFO - [36m(setup pid=4352, ip=172.31.33.82)[0m 	libnvJitLink.so (libc6,x86-64) => /usr/local/cuda-12.8/targets/x86_64-linux/lib/libnvJitLink.so
2026-03-25 18:50:07,857 - INFO - [36m(setup pid=4352, ip=172.31.33.82)[0m 	libnpps.so.12 (libc6,x86-64) => /usr/local/cuda-12.4/targets/x86_64-linux/lib/libnpps.so.12
2026-03-25 18:50:07,857 - INFO - [36m(setup pid=4352, ip=172.31.33.82)[0m 	libnpps.so.12 (libc6,x86-64) => /usr/local/cuda-12.5/targets/x86_64-linux/lib/libnpps.so.12
2026-03-25 18:50:07,857 - INFO - [36m(setup pid=4352, ip=172.31.33.82)[0m 	libnpps.so.12 (libc6,x86-64) => /usr/local/cuda-12.6/targets/x86_64-linux/lib/libnpps.so.12
2026-03-25 18:50:07,857 - INFO - [36m(setup pid=4352, ip=172.31.33.82)[0m 	libnpps.so.12 (libc6,x86-64) => /usr/local/cuda-12.8/targets/x86_64-linux/lib/libnpps.so.12
2026-03-25 18:50:07,857 - INFO - [36m(setup pid=4352, ip=172.31.33.82)[0m 	libnpps.so (libc6,x86-64) => /usr/local/cuda-12.4/targets/x86_64-linux/lib/libnpps.so
2026-03-25 18:50:07,857 - INFO - [36m(setup pid=4352, ip=172.31.33.82)[0m 	libnpps.so (libc6,x86-64) => /usr/local/cuda-12.5/targets/x86_64-linux/lib/libnpps.so
2026-03-25 18:50:07,857 - INFO - [36m(setup pid=4352, ip=172.31.33.82)[0m 	libnpps.so (libc6,x86-64) => /usr/local/cuda-12.6/targets/x86_64-linux/lib/libnpps.so
2026-03-25 18:50:07,857 - INFO - [36m(setup pid=4352, ip=172.31.33.82)[0m 	libnpps.so (libc6,x86-64) => /usr/local/cuda-12.8/targets/x86_64-linux/lib/libnpps.so
2026-03-25 18:50:07,857 - INFO - [36m(setup pid=4352, ip=172.31.33.82)[0m 	libnppitc.so.12 (libc6,x86-64) => /usr/local/cuda-12.4/targets/x86_64-linux/lib/libnppitc.so.12
2026-03-25 18:50:07,857 - INFO - [36m(setup pid=4352, ip=172.31.33.82)[0m 	libnppitc.so.12 (libc6,x86-64) => /usr/local/cuda-12.5/targets/x86_64-linux/lib/libnppitc.so.12
2026-03-25 18:50:07,857 - INFO - [36m(setup pid=4352, ip=172.31.33.82)[0m 	libnppitc.so.12 (libc6,x86-64) => /usr/local/cuda-12.6/targets/x86_64-linux/lib/libnppitc.so.12
2026-03-25 18:50:07,857 - INFO - [36m(setup pid=4352, ip=172.31.33.82)[0m 	libnppitc.so.12 (libc6,x86-64) => /usr/local/cuda-12.8/targets/x86_64-linux/lib/libnppitc.so.12
2026-03-25 18:50:07,857 - INFO - [36m(setup pid=4352, ip=172.31.33.82)[0m 	libnppitc.so (libc6,x86-64) => /usr/local/cuda-12.4/targets/x86_64-linux/lib/libnppitc.so
2026-03-25 18:50:07,857 - INFO - [36m(setup pid=4352, ip=172.31.33.82)[0m 	libnppitc.so (libc6,x86-64) => /usr/local/cuda-12.5/targets/x86_64-linux/lib/libnppitc.so
2026-03-25 18:50:07,858 - INFO - [36m(setup pid=4352, ip=172.31.33.82)[0m 	libnppitc.so (libc6,x86-64) => /usr/local/cuda-12.6/targets/x86_64-linux/lib/libnppitc.so
2026-03-25 18:50:07,858 - INFO - [36m(setup pid=4352, ip=172.31.33.82)[0m 	libnppitc.so (libc6,x86-64) => /usr/local/cuda-12.8/targets/x86_64-linux/lib/libnppitc.so
2026-03-25 18:50:07,858 - INFO - [36m(setup pid=4352, ip=172.31.33.82)[0m 	libnppisu.so.12 (libc6,x86-64) => /usr/local/cuda-12.4/targets/x86_64-linux/lib/libnppisu.so.12
2026-03-25 18:50:07,858 - INFO - [36m(setup pid=4352, ip=172.31.33.82)[0m 	libnppisu.so.12 (libc6,x86-64) => /usr/local/cuda-12.5/targets/x86_64-linux/lib/libnppisu.so.12
2026-03-25 18:50:07,858 - INFO - [36m(setup pid=4352, ip=172.31.33.82)[0m 	libnppisu.so.12 (libc6,x86-64) => /usr/local/cuda-12.6/targets/x86_64-linux/lib/libnppisu.so.12
2026-03-25 18:50:07,858 - INFO - [36m(setup pid=4352, ip=172.31.33.82)[0m 	libnppisu.so.12 (libc6,x86-64) => /usr/local/cuda-12.8/targets/x86_64-linux/lib/libnppisu.so.12
2026-03-25 18:50:07,858 - INFO - [36m(setup pid=4352, ip=172.31.33.82)[0m 	libnppisu.so (libc6,x86-64) => /usr/local/cuda-12.4/targets/x86_64-linux/lib/libnppisu.so
2026-03-25 18:50:07,858 - INFO - [36m(setup pid=4352, ip=172.31.33.82)[0m 	libnppisu.so (libc6,x86-64) => /usr/local/cuda-12.5/targets/x86_64-linux/lib/libnppisu.so
2026-03-25 18:50:07,858 - INFO - [36m(setup pid=4352, ip=172.31.33.82)[0m 	libnppisu.so (libc6,x86-64) => /usr/local/cuda-12.6/targets/x86_64-linux/lib/libnppisu.so
2026-03-25 18:50:07,858 - INFO - [36m(setup pid=4352, ip=172.31.33.82)[0m 	libnppisu.so (libc6,x86-64) => /usr/local/cuda-12.8/targets/x86_64-linux/lib/libnppisu.so
2026-03-25 18:50:07,858 - INFO - [36m(setup pid=4352, ip=172.31.33.82)[0m 	libnppist.so.12 (libc6,x86-64) => /usr/local/cuda-12.4/targets/x86_64-linux/lib/libnppist.so.12
2026-03-25 18:50:07,858 - INFO - [36m(setup pid=4352, ip=172.31.33.82)[0m 	libnppist.so.12 (libc6,x86-64) => /usr/local/cuda-12.5/targets/x86_64-linux/lib/libnppist.so.12
2026-03-25 18:50:07,858 - INFO - [36m(setup pid=4352, ip=172.31.33.82)[0m 	libnppist.so.12 (libc6,x86-64) => /usr/local/cuda-12.6/targets/x86_64-linux/lib/libnppist.so.12
2026-03-25 18:50:07,858 - INFO - [36m(setup pid=4352, ip=172.31.33.82)[0m 	libnppist.so.12 (libc6,x86-64) => /usr/local/cuda-12.8/targets/x86_64-linux/lib/libnppist.so.12
2026-03-25 18:50:07,858 - INFO - [36m(setup pid=4352, ip=172.31.33.82)[0m 	libnppist.so (libc6,x86-64) => /usr/local/cuda-12.4/targets/x86_64-linux/lib/libnppist.so
2026-03-25 18:50:07,858 - INFO - [36m(setup pid=4352, ip=172.31.33.82)[0m 	libnppist.so (libc6,x86-64) => /usr/local/cuda-12.5/targets/x86_64-linux/lib/libnppist.so
2026-03-25 18:50:07,858 - INFO - [36m(setup pid=4352, ip=172.31.33.82)[0m 	libnppist.so (libc6,x86-64) => /usr/local/cuda-12.6/targets/x86_64-linux/lib/libnppist.so
2026-03-25 18:50:07,858 - INFO - [36m(setup pid=4352, ip=172.31.33.82)[0m 	libnppist.so (libc6,x86-64) => /usr/local/cuda-12.8/targets/x86_64-linux/lib/libnppist.so
2026-03-25 18:50:07,858 - INFO - [36m(setup pid=4352, ip=172.31.33.82)[0m 	libnppim.so.12 (libc6,x86-64) => /usr/local/cuda-12.4/targets/x86_64-linux/lib/libnppim.so.12
2026-03-25 18:50:07,858 - INFO - [36m(setup pid=4352, ip=172.31.33.82)[0m 	libnppim.so.12 (libc6,x86-64) => /usr/local/cuda-12.5/targets/x86_64-linux/lib/libnppim.so.12
2026-03-25 18:50:07,858 - INFO - [36m(setup pid=4352, ip=172.31.33.82)[0m 	libnppim.so.12 (libc6,x86-64) => /usr/local/cuda-12.6/targets/x86_64-linux/lib/libnppim.so.12
2026-03-25 18:50:07,858 - INFO - [36m(setup pid=4352, ip=172.31.33.82)[0m 	libnppim.so.12 (libc6,x86-64) => /usr/local/cuda-12.8/targets/x86_64-linux/lib/libnppim.so.12
2026-03-25 18:50:07,858 - INFO - [36m(setup pid=4352, ip=172.31.33.82)[0m 	libnppim.so (libc6,x86-64) => /usr/local/cuda-12.4/targets/x86_64-linux/lib/libnppim.so
2026-03-25 18:50:07,858 - INFO - [36m(setup pid=4352, ip=172.31.33.82)[0m 	libnppim.so (libc6,x86-64) => /usr/local/cuda-12.5/targets/x86_64-linux/lib/libnppim.so
2026-03-25 18:50:07,858 - INFO - [36m(setup pid=4352, ip=172.31.33.82)[0m 	libnppim.so (libc6,x86-64) => /usr/local/cuda-12.6/targets/x86_64-linux/lib/libnppim.so
2026-03-25 18:50:07,859 - INFO - [36m(setup pid=4352, ip=172.31.33.82)[0m 	libnppim.so (libc6,x86-64) => /usr/local/cuda-12.8/targets/x86_64-linux/lib/libnppim.so
2026-03-25 18:50:07,859 - INFO - [36m(setup pid=4352, ip=172.31.33.82)[0m 	libnppig.so.12 (libc6,x86-64) => /usr/local/cuda-12.4/targets/x86_64-linux/lib/libnppig.so.12
2026-03-25 18:50:07,859 - INFO - [36m(setup pid=4352, ip=172.31.33.82)[0m 	libnppig.so.12 (libc6,x86-64) => /usr/local/cuda-12.5/targets/x86_64-linux/lib/libnppig.so.12
2026-03-25 18:50:07,859 - INFO - [36m(setup pid=4352, ip=172.31.33.82)[0m 	libnppig.so.12 (libc6,x86-64) => /usr/local/cuda-12.6/targets/x86_64-linux/lib/libnppig.so.12
2026-03-25 18:50:07,859 - INFO - [36m(setup pid=4352, ip=172.31.33.82)[0m 	libnppig.so.12 (libc6,x86-64) => /usr/local/cuda-12.8/targets/x86_64-linux/lib/libnppig.so.12
2026-03-25 18:50:07,859 - INFO - [36m(setup pid=4352, ip=172.31.33.82)[0m 	libnppig.so (libc6,x86-64) => /usr/local/cuda-12.4/targets/x86_64-linux/lib/libnppig.so
2026-03-25 18:50:07,859 - INFO - [36m(setup pid=4352, ip=172.31.33.82)[0m 	libnppig.so (libc6,x86-64) => /usr/local/cuda-12.5/targets/x86_64-linux/lib/libnppig.so
2026-03-25 18:50:07,859 - INFO - [36m(setup pid=4352, ip=172.31.33.82)[0m 	libnppig.so (libc6,x86-64) => /usr/local/cuda-12.6/targets/x86_64-linux/lib/libnppig.so
2026-03-25 18:50:07,859 - INFO - [36m(setup pid=4352, ip=172.31.33.82)[0m 	libnppig.so (libc6,x86-64) => /usr/local/cuda-12.8/targets/x86_64-linux/lib/libnppig.so
2026-03-25 18:50:08,155 - INFO - [36m(setup pid=4352, ip=172.31.33.82)[0m 	libnppif.so.12 (libc6,x86-64) => /usr/local/cuda-12.4/targets/x86_64-linux/lib/libnppif.so.12
2026-03-25 18:50:08,155 - INFO - [36m(setup pid=4352, ip=172.31.33.82)[0m 	libnppif.so.12 (libc6,x86-64) => /usr/local/cuda-12.5/targets/x86_64-linux/lib/libnppif.so.12
2026-03-25 18:50:08,155 - INFO - [36m(setup pid=4352, ip=172.31.33.82)[0m 	libnppif.so.12 (libc6,x86-64) => /usr/local/cuda-12.6/targets/x86_64-linux/lib/libnppif.so.12
2026-03-25 18:50:08,155 - INFO - [36m(setup pid=4352, ip=172.31.33.82)[0m 	libnppif.so.12 (libc6,x86-64) => /usr/local/cuda-12.8/targets/x86_64-linux/lib/libnppif.so.12
2026-03-25 18:50:08,155 - INFO - [36m(setup pid=4352, ip=172.31.33.82)[0m 	libnppif.so (libc6,x86-64) => /usr/local/cuda-12.4/targets/x86_64-linux/lib/libnppif.so
2026-03-25 18:50:08,155 - INFO - [36m(setup pid=4352, ip=172.31.33.82)[0m 	libnppif.so (libc6,x86-64) => /usr/local/cuda-12.5/targets/x86_64-linux/lib/libnppif.so
2026-03-25 18:50:08,155 - INFO - [36m(setup pid=4352, ip=172.31.33.82)[0m 	libnppif.so (libc6,x86-64) => /usr/local/cuda-12.6/targets/x86_64-linux/lib/libnppif.so
2026-03-25 18:50:08,155 - INFO - [36m(setup pid=4352, ip=172.31.33.82)[0m 	libnppif.so (libc6,x86-64) => /usr/local/cuda-12.8/targets/x86_64-linux/lib/libnppif.so
2026-03-25 18:50:08,155 - INFO - [36m(setup pid=4352, ip=172.31.33.82)[0m 	libnppidei.so.12 (libc6,x86-64) => /usr/local/cuda-12.4/targets/x86_64-linux/lib/libnppidei.so.12
2026-03-25 18:50:08,156 - INFO - [36m(setup pid=4352, ip=172.31.33.82)[0m 	libnppidei.so.12 (libc6,x86-64) => /usr/local/cuda-12.5/targets/x86_64-linux/lib/libnppidei.so.12
2026-03-25 18:50:08,156 - INFO - [36m(setup pid=4352, ip=172.31.33.82)[0m 	libnppidei.so.12 (libc6,x86-64) => /usr/local/cuda-12.6/targets/x86_64-linux/lib/libnppidei.so.12
2026-03-25 18:50:08,156 - INFO - [36m(setup pid=4352, ip=172.31.33.82)[0m 	libnppidei.so.12 (libc6,x86-64) => /usr/local/cuda-12.8/targets/x86_64-linux/lib/libnppidei.so.12
2026-03-25 18:50:08,156 - INFO - [36m(setup pid=4352, ip=172.31.33.82)[0m 	libnppidei.so (libc6,x86-64) => /usr/local/cuda-12.4/targets/x86_64-linux/lib/libnppidei.so
2026-03-25 18:50:08,156 - INFO - [36m(setup pid=4352, ip=172.31.33.82)[0m 	libnppidei.so (libc6,x86-64) => /usr/local/cuda-12.5/targets/x86_64-linux/lib/libnppidei.so
2026-03-25 18:50:08,156 - INFO - [36m(setup pid=4352, ip=172.31.33.82)[0m 	libnppidei.so (libc6,x86-64) => /usr/local/cuda-12.6/targets/x86_64-linux/lib/libnppidei.so
2026-03-25 18:50:08,156 - INFO - [36m(setup pid=4352, ip=172.31.33.82)[0m 	libnppidei.so (libc6,x86-64) => /usr/local/cuda-12.8/targets/x86_64-linux/lib/libnppidei.so
2026-03-25 18:50:08,156 - INFO - [36m(setup pid=4352, ip=172.31.33.82)[0m 	libnppicc.so.12 (libc6,x86-64) => /usr/local/cuda-12.4/targets/x86_64-linux/lib/libnppicc.so.12
2026-03-25 18:50:08,156 - INFO - [36m(setup pid=4352, ip=172.31.33.82)[0m 	libnppicc.so.12 (libc6,x86-64) => /usr/local/cuda-12.5/targets/x86_64-linux/lib/libnppicc.so.12
2026-03-25 18:50:08,156 - INFO - [36m(setup pid=4352, ip=172.31.33.82)[0m 	libnppicc.so.12 (libc6,x86-64) => /usr/local/cuda-12.6/targets/x86_64-linux/lib/libnppicc.so.12
2026-03-25 18:50:08,156 - INFO - [36m(setup pid=4352, ip=172.31.33.82)[0m 	libnppicc.so.12 (libc6,x86-64) => /usr/local/cuda-12.8/targets/x86_64-linux/lib/libnppicc.so.12
2026-03-25 18:50:08,156 - INFO - [36m(setup pid=4352, ip=172.31.33.82)[0m 	libnppicc.so (libc6,x86-64) => /usr/local/cuda-12.4/targets/x86_64-linux/lib/libnppicc.so
2026-03-25 18:50:08,156 - INFO - [36m(setup pid=4352, ip=172.31.33.82)[0m 	libnppicc.so (libc6,x86-64) => /usr/local/cuda-12.5/targets/x86_64-linux/lib/libnppicc.so
2026-03-25 18:50:08,156 - INFO - [36m(setup pid=4352, ip=172.31.33.82)[0m 	libnppicc.so (libc6,x86-64) => /usr/local/cuda-12.6/targets/x86_64-linux/lib/libnppicc.so
2026-03-25 18:50:08,156 - INFO - [36m(setup pid=4352, ip=172.31.33.82)[0m 	libnppicc.so (libc6,x86-64) => /usr/local/cuda-12.8/targets/x86_64-linux/lib/libnppicc.so
2026-03-25 18:50:08,156 - INFO - [36m(setup pid=4352, ip=172.31.33.82)[0m 	libnppial.so.12 (libc6,x86-64) => /usr/local/cuda-12.4/targets/x86_64-linux/lib/libnppial.so.12
2026-03-25 18:50:08,156 - INFO - [36m(setup pid=4352, ip=172.31.33.82)[0m 	libnppial.so.12 (libc6,x86-64) => /usr/local/cuda-12.5/targets/x86_64-linux/lib/libnppial.so.12
2026-03-25 18:50:08,156 - INFO - [36m(setup pid=4352, ip=172.31.33.82)[0m 	libnppial.so.12 (libc6,x86-64) => /usr/local/cuda-12.6/targets/x86_64-linux/lib/libnppial.so.12
2026-03-25 18:50:08,156 - INFO - [36m(setup pid=4352, ip=172.31.33.82)[0m 	libnppial.so.12 (libc6,x86-64) => /usr/local/cuda-12.8/targets/x86_64-linux/lib/libnppial.so.12
2026-03-25 18:50:08,156 - INFO - [36m(setup pid=4352, ip=172.31.33.82)[0m 	libnppial.so (libc6,x86-64) => /usr/local/cuda-12.4/targets/x86_64-linux/lib/libnppial.so
2026-03-25 18:50:08,156 - INFO - [36m(setup pid=4352, ip=172.31.33.82)[0m 	libnppial.so (libc6,x86-64) => /usr/local/cuda-12.5/targets/x86_64-linux/lib/libnppial.so
2026-03-25 18:50:08,156 - INFO - [36m(setup pid=4352, ip=172.31.33.82)[0m 	libnppial.so (libc6,x86-64) => /usr/local/cuda-12.6/targets/x86_64-linux/lib/libnppial.so
2026-03-25 18:50:08,156 - INFO - [36m(setup pid=4352, ip=172.31.33.82)[0m 	libnppial.so (libc6,x86-64) => /usr/local/cuda-12.8/targets/x86_64-linux/lib/libnppial.so
2026-03-25 18:50:08,156 - INFO - [36m(setup pid=4352, ip=172.31.33.82)[0m 	libnppc.so.12 (libc6,x86-64) => /usr/local/cuda-12.4/targets/x86_64-linux/lib/libnppc.so.12
2026-03-25 18:50:08,156 - INFO - [36m(setup pid=4352, ip=172.31.33.82)[0m 	libnppc.so.12 (libc6,x86-64) => /usr/local/cuda-12.5/targets/x86_64-linux/lib/libnppc.so.12
2026-03-25 18:50:08,157 - INFO - [36m(setup pid=4352, ip=172.31.33.82)[0m 	libnppc.so.12 (libc6,x86-64) => /usr/local/cuda-12.6/targets/x86_64-linux/lib/libnppc.so.12
2026-03-25 18:50:08,157 - INFO - [36m(setup pid=4352, ip=172.31.33.82)[0m 	libnppc.so.12 (libc6,x86-64) => /usr/local/cuda-12.8/targets/x86_64-linux/lib/libnppc.so.12
2026-03-25 18:50:08,157 - INFO - [36m(setup pid=4352, ip=172.31.33.82)[0m 	libnppc.so (libc6,x86-64) => /usr/local/cuda-12.4/targets/x86_64-linux/lib/libnppc.so
2026-03-25 18:50:08,157 - INFO - [36m(setup pid=4352, ip=172.31.33.82)[0m 	libnppc.so (libc6,x86-64) => /usr/local/cuda-12.5/targets/x86_64-linux/lib/libnppc.so
2026-03-25 18:50:08,157 - INFO - [36m(setup pid=4352, ip=172.31.33.82)[0m 	libnppc.so (libc6,x86-64) => /usr/local/cuda-12.6/targets/x86_64-linux/lib/libnppc.so
2026-03-25 18:50:08,157 - INFO - [36m(setup pid=4352, ip=172.31.33.82)[0m 	libnppc.so (libc6,x86-64) => /usr/local/cuda-12.8/targets/x86_64-linux/lib/libnppc.so
2026-03-25 18:50:08,157 - INFO - [36m(setup pid=4352, ip=172.31.33.82)[0m 	libicudata.so.70 (libc6,x86-64) => /lib/x86_64-linux-gnu/libicudata.so.70
2026-03-25 18:50:08,157 - INFO - [36m(setup pid=4352, ip=172.31.33.82)[0m 	libcusparse.so.12 (libc6,x86-64) => /usr/local/cuda-12.4/targets/x86_64-linux/lib/libcusparse.so.12
2026-03-25 18:50:08,157 - INFO - [36m(setup pid=4352, ip=172.31.33.82)[0m 	libcusparse.so.12 (libc6,x86-64) => /usr/local/cuda-12.5/targets/x86_64-linux/lib/libcusparse.so.12
2026-03-25 18:50:08,157 - INFO - [36m(setup pid=4352, ip=172.31.33.82)[0m 	libcusparse.so.12 (libc6,x86-64) => /usr/local/cuda-12.6/targets/x86_64-linux/lib/libcusparse.so.12
2026-03-25 18:50:08,157 - INFO - [36m(setup pid=4352, ip=172.31.33.82)[0m 	libcusparse.so.12 (libc6,x86-64) => /usr/local/cuda-12.8/targets/x86_64-linux/lib/libcusparse.so.12
2026-03-25 18:50:08,157 - INFO - [36m(setup pid=4352, ip=172.31.33.82)[0m 	libcusparse.so (libc6,x86-64) => /usr/local/cuda-12.4/targets/x86_64-linux/lib/libcusparse.so
2026-03-25 18:50:08,157 - INFO - [36m(setup pid=4352, ip=172.31.33.82)[0m 	libcusparse.so (libc6,x86-64) => /usr/local/cuda-12.5/targets/x86_64-linux/lib/libcusparse.so
2026-03-25 18:50:08,157 - INFO - [36m(setup pid=4352, ip=172.31.33.82)[0m 	libcusparse.so (libc6,x86-64) => /usr/local/cuda-12.6/targets/x86_64-linux/lib/libcusparse.so
2026-03-25 18:50:08,157 - INFO - [36m(setup pid=4352, ip=172.31.33.82)[0m 	libcusparse.so (libc6,x86-64) => /usr/local/cuda-12.8/targets/x86_64-linux/lib/libcusparse.so
2026-03-25 18:50:08,157 - INFO - [36m(setup pid=4352, ip=172.31.33.82)[0m 	libcusolverMg.so.11 (libc6,x86-64) => /usr/local/cuda-12.4/targets/x86_64-linux/lib/libcusolverMg.so.11
2026-03-25 18:50:08,157 - INFO - [36m(setup pid=4352, ip=172.31.33.82)[0m 	libcusolverMg.so.11 (libc6,x86-64) => /usr/local/cuda-12.5/targets/x86_64-linux/lib/libcusolverMg.so.11
2026-03-25 18:50:08,157 - INFO - [36m(setup pid=4352, ip=172.31.33.82)[0m 	libcusolverMg.so.11 (libc6,x86-64) => /usr/local/cuda-12.6/targets/x86_64-linux/lib/libcusolverMg.so.11
2026-03-25 18:50:08,157 - INFO - [36m(setup pid=4352, ip=172.31.33.82)[0m 	libcusolverMg.so.11 (libc6,x86-64) => /usr/local/cuda-12.8/targets/x86_64-linux/lib/libcusolverMg.so.11
2026-03-25 18:50:08,157 - INFO - [36m(setup pid=4352, ip=172.31.33.82)[0m 	libcusolverMg.so (libc6,x86-64) => /usr/local/cuda-12.4/targets/x86_64-linux/lib/libcusolverMg.so
2026-03-25 18:50:08,157 - INFO - [36m(setup pid=4352, ip=172.31.33.82)[0m 	libcusolverMg.so (libc6,x86-64) => /usr/local/cuda-12.5/targets/x86_64-linux/lib/libcusolverMg.so
2026-03-25 18:50:08,157 - INFO - [36m(setup pid=4352, ip=172.31.33.82)[0m 	libcusolverMg.so (libc6,x86-64) => /usr/local/cuda-12.6/targets/x86_64-linux/lib/libcusolverMg.so
2026-03-25 18:50:08,157 - INFO - [36m(setup pid=4352, ip=172.31.33.82)[0m 	libcusolverMg.so (libc6,x86-64) => /usr/local/cuda-12.8/targets/x86_64-linux/lib/libcusolverMg.so
2026-03-25 18:50:08,157 - INFO - [36m(setup pid=4352, ip=172.31.33.82)[0m 	libcusolver.so.11 (libc6,x86-64) => /usr/local/cuda-12.4/targets/x86_64-linux/lib/libcusolver.so.11
2026-03-25 18:50:08,157 - INFO - [36m(setup pid=4352, ip=172.31.33.82)[0m 	libcusolver.so.11 (libc6,x86-64) => /usr/local/cuda-12.5/targets/x86_64-linux/lib/libcusolver.so.11
2026-03-25 18:50:08,157 - INFO - [36m(setup pid=4352, ip=172.31.33.82)[0m 	libcusolver.so.11 (libc6,x86-64) => /usr/local/cuda-12.6/targets/x86_64-linux/lib/libcusolver.so.11
2026-03-25 18:50:08,158 - INFO - [36m(setup pid=4352, ip=172.31.33.82)[0m 	libcusolver.so.11 (libc6,x86-64) => /usr/local/cuda-12.8/targets/x86_64-linux/lib/libcusolver.so.11
2026-03-25 18:50:08,158 - INFO - [36m(setup pid=4352, ip=172.31.33.82)[0m 	libcusolver.so (libc6,x86-64) => /usr/local/cuda-12.4/targets/x86_64-linux/lib/libcusolver.so
2026-03-25 18:50:08,158 - INFO - [36m(setup pid=4352, ip=172.31.33.82)[0m 	libcusolver.so (libc6,x86-64) => /usr/local/cuda-12.5/targets/x86_64-linux/lib/libcusolver.so
2026-03-25 18:50:08,158 - INFO - [36m(setup pid=4352, ip=172.31.33.82)[0m 	libcusolver.so (libc6,x86-64) => /usr/local/cuda-12.6/targets/x86_64-linux/lib/libcusolver.so
2026-03-25 18:50:08,158 - INFO - [36m(setup pid=4352, ip=172.31.33.82)[0m 	libcusolver.so (libc6,x86-64) => /usr/local/cuda-12.8/targets/x86_64-linux/lib/libcusolver.so
2026-03-25 18:50:08,158 - INFO - [36m(setup pid=4352, ip=172.31.33.82)[0m 	libcurand.so.10 (libc6,x86-64) => /usr/local/cuda-12.4/targets/x86_64-linux/lib/libcurand.so.10
2026-03-25 18:50:08,158 - INFO - [36m(setup pid=4352, ip=172.31.33.82)[0m 	libcurand.so.10 (libc6,x86-64) => /usr/local/cuda-12.5/targets/x86_64-linux/lib/libcurand.so.10
2026-03-25 18:50:08,158 - INFO - [36m(setup pid=4352, ip=172.31.33.82)[0m 	libcurand.so.10 (libc6,x86-64) => /usr/local/cuda-12.6/targets/x86_64-linux/lib/libcurand.so.10
2026-03-25 18:50:08,158 - INFO - [36m(setup pid=4352, ip=172.31.33.82)[0m 	libcurand.so.10 (libc6,x86-64) => /usr/local/cuda-12.8/targets/x86_64-linux/lib/libcurand.so.10
2026-03-25 18:50:08,158 - INFO - [36m(setup pid=4352, ip=172.31.33.82)[0m 	libcurand.so (libc6,x86-64) => /usr/local/cuda-12.4/targets/x86_64-linux/lib/libcurand.so
2026-03-25 18:50:08,158 - INFO - [36m(setup pid=4352, ip=172.31.33.82)[0m 	libcurand.so (libc6,x86-64) => /usr/local/cuda-12.5/targets/x86_64-linux/lib/libcurand.so
2026-03-25 18:50:08,158 - INFO - [36m(setup pid=4352, ip=172.31.33.82)[0m 	libcurand.so (libc6,x86-64) => /usr/local/cuda-12.6/targets/x86_64-linux/lib/libcurand.so
2026-03-25 18:50:08,158 - INFO - [36m(setup pid=4352, ip=172.31.33.82)[0m 	libcurand.so (libc6,x86-64) => /usr/local/cuda-12.8/targets/x86_64-linux/lib/libcurand.so
2026-03-25 18:50:08,158 - INFO - [36m(setup pid=4352, ip=172.31.33.82)[0m 	libcuinj64.so.12.8 (libc6,x86-64) => /usr/local/cuda-12.8/targets/x86_64-linux/lib/libcuinj64.so.12.8
2026-03-25 18:50:08,158 - INFO - [36m(setup pid=4352, ip=172.31.33.82)[0m 	libcuinj64.so.12.6 (libc6,x86-64) => /usr/local/cuda-12.6/targets/x86_64-linux/lib/libcuinj64.so.12.6
2026-03-25 18:50:08,158 - INFO - [36m(setup pid=4352, ip=172.31.33.82)[0m 	libcuinj64.so.12.5 (libc6,x86-64) => /usr/local/cuda-12.5/targets/x86_64-linux/lib/libcuinj64.so.12.5
2026-03-25 18:50:08,158 - INFO - [36m(setup pid=4352, ip=172.31.33.82)[0m 	libcuinj64.so.12.4 (libc6,x86-64) => /usr/local/cuda-12.4/targets/x86_64-linux/lib/libcuinj64.so.12.4
2026-03-25 18:50:08,158 - INFO - [36m(setup pid=4352, ip=172.31.33.82)[0m 	libcuinj64.so (libc6,x86-64) => /usr/local/cuda-12.4/targets/x86_64-linux/lib/libcuinj64.so
2026-03-25 18:50:08,158 - INFO - [36m(setup pid=4352, ip=172.31.33.82)[0m 	libcuinj64.so (libc6,x86-64) => /usr/local/cuda-12.5/targets/x86_64-linux/lib/libcuinj64.so
2026-03-25 18:50:08,158 - INFO - [36m(setup pid=4352, ip=172.31.33.82)[0m 	libcuinj64.so (libc6,x86-64) => /usr/local/cuda-12.6/targets/x86_64-linux/lib/libcuinj64.so
2026-03-25 18:50:08,158 - INFO - [36m(setup pid=4352, ip=172.31.33.82)[0m 	libcuinj64.so (libc6,x86-64) => /usr/local/cuda-12.8/targets/x86_64-linux/lib/libcuinj64.so
2026-03-25 18:50:08,158 - INFO - [36m(setup pid=4352, ip=172.31.33.82)[0m 	libcufile_rdma.so.1 (libc6,x86-64) => /usr/local/cuda-12.4/targets/x86_64-linux/lib/libcufile_rdma.so.1
2026-03-25 18:50:08,158 - INFO - [36m(setup pid=4352, ip=172.31.33.82)[0m 	libcufile_rdma.so.1 (libc6,x86-64) => /usr/local/cuda-12.5/targets/x86_64-linux/lib/libcufile_rdma.so.1
2026-03-25 18:50:08,158 - INFO - [36m(setup pid=4352, ip=172.31.33.82)[0m 	libcufile_rdma.so.1 (libc6,x86-64) => /usr/local/cuda-12.6/targets/x86_64-linux/lib/libcufile_rdma.so.1
2026-03-25 18:50:08,158 - INFO - [36m(setup pid=4352, ip=172.31.33.82)[0m 	libcufile_rdma.so.1 (libc6,x86-64) => /usr/local/cuda-12.8/targets/x86_64-linux/lib/libcufile_rdma.so.1
2026-03-25 18:50:08,158 - INFO - [36m(setup pid=4352, ip=172.31.33.82)[0m 	libcufile_rdma.so (libc6,x86-64) => /usr/local/cuda-12.4/targets/x86_64-linux/lib/libcufile_rdma.so
2026-03-25 18:50:08,357 - INFO - [36m(setup pid=4352, ip=172.31.33.82)[0m 	libcufile_rdma.so (libc6,x86-64) => /usr/local/cuda-12.5/targets/x86_64-linux/lib/libcufile_rdma.so
2026-03-25 18:50:08,357 - INFO - [36m(setup pid=4352, ip=172.31.33.82)[0m 	libcufile_rdma.so (libc6,x86-64) => /usr/local/cuda-12.6/targets/x86_64-linux/lib/libcufile_rdma.so
2026-03-25 18:50:08,357 - INFO - [36m(setup pid=4352, ip=172.31.33.82)[0m 	libcufile_rdma.so (libc6,x86-64) => /usr/local/cuda-12.8/targets/x86_64-linux/lib/libcufile_rdma.so
2026-03-25 18:50:08,357 - INFO - [36m(setup pid=4352, ip=172.31.33.82)[0m 	libcufile.so.0 (libc6,x86-64) => /usr/local/cuda-12.4/targets/x86_64-linux/lib/libcufile.so.0
2026-03-25 18:50:08,357 - INFO - [36m(setup pid=4352, ip=172.31.33.82)[0m 	libcufile.so.0 (libc6,x86-64) => /usr/local/cuda-12.5/targets/x86_64-linux/lib/libcufile.so.0
2026-03-25 18:50:08,357 - INFO - [36m(setup pid=4352, ip=172.31.33.82)[0m 	libcufile.so.0 (libc6,x86-64) => /usr/local/cuda-12.6/targets/x86_64-linux/lib/libcufile.so.0
2026-03-25 18:50:08,358 - INFO - [36m(setup pid=4352, ip=172.31.33.82)[0m 	libcufile.so.0 (libc6,x86-64) => /usr/local/cuda-12.8/targets/x86_64-linux/lib/libcufile.so.0
2026-03-25 18:50:08,358 - INFO - [36m(setup pid=4352, ip=172.31.33.82)[0m 	libcufile.so (libc6,x86-64) => /usr/local/cuda-12.4/targets/x86_64-linux/lib/libcufile.so
2026-03-25 18:50:08,358 - INFO - [36m(setup pid=4352, ip=172.31.33.82)[0m 	libcufile.so (libc6,x86-64) => /usr/local/cuda-12.5/targets/x86_64-linux/lib/libcufile.so
2026-03-25 18:50:08,358 - INFO - [36m(setup pid=4352, ip=172.31.33.82)[0m 	libcufile.so (libc6,x86-64) => /usr/local/cuda-12.6/targets/x86_64-linux/lib/libcufile.so
2026-03-25 18:50:08,358 - INFO - [36m(setup pid=4352, ip=172.31.33.82)[0m 	libcufile.so (libc6,x86-64) => /usr/local/cuda-12.8/targets/x86_64-linux/lib/libcufile.so
2026-03-25 18:50:08,358 - INFO - [36m(setup pid=4352, ip=172.31.33.82)[0m 	libcufftw.so.11 (libc6,x86-64) => /usr/local/cuda-12.4/targets/x86_64-linux/lib/libcufftw.so.11
2026-03-25 18:50:08,358 - INFO - [36m(setup pid=4352, ip=172.31.33.82)[0m 	libcufftw.so.11 (libc6,x86-64) => /usr/local/cuda-12.5/targets/x86_64-linux/lib/libcufftw.so.11
2026-03-25 18:50:08,358 - INFO - [36m(setup pid=4352, ip=172.31.33.82)[0m 	libcufftw.so.11 (libc6,x86-64) => /usr/local/cuda-12.6/targets/x86_64-linux/lib/libcufftw.so.11
2026-03-25 18:50:08,358 - INFO - [36m(setup pid=4352, ip=172.31.33.82)[0m 	libcufftw.so.11 (libc6,x86-64) => /usr/local/cuda-12.8/targets/x86_64-linux/lib/libcufftw.so.11
2026-03-25 18:50:08,358 - INFO - [36m(setup pid=4352, ip=172.31.33.82)[0m 	libcufftw.so (libc6,x86-64) => /usr/local/cuda-12.4/targets/x86_64-linux/lib/libcufftw.so
2026-03-25 18:50:08,358 - INFO - [36m(setup pid=4352, ip=172.31.33.82)[0m 	libcufftw.so (libc6,x86-64) => /usr/local/cuda-12.5/targets/x86_64-linux/lib/libcufftw.so
2026-03-25 18:50:08,358 - INFO - [36m(setup pid=4352, ip=172.31.33.82)[0m 	libcufftw.so (libc6,x86-64) => /usr/local/cuda-12.6/targets/x86_64-linux/lib/libcufftw.so
2026-03-25 18:50:08,358 - INFO - [36m(setup pid=4352, ip=172.31.33.82)[0m 	libcufftw.so (libc6,x86-64) => /usr/local/cuda-12.8/targets/x86_64-linux/lib/libcufftw.so
2026-03-25 18:50:08,358 - INFO - [36m(setup pid=4352, ip=172.31.33.82)[0m 	libcufft.so.11 (libc6,x86-64) => /usr/local/cuda-12.4/targets/x86_64-linux/lib/libcufft.so.11
2026-03-25 18:50:08,358 - INFO - [36m(setup pid=4352, ip=172.31.33.82)[0m 	libcufft.so.11 (libc6,x86-64) => /usr/local/cuda-12.5/targets/x86_64-linux/lib/libcufft.so.11
2026-03-25 18:50:08,358 - INFO - [36m(setup pid=4352, ip=172.31.33.82)[0m 	libcufft.so.11 (libc6,x86-64) => /usr/local/cuda-12.6/targets/x86_64-linux/lib/libcufft.so.11
2026-03-25 18:50:08,358 - INFO - [36m(setup pid=4352, ip=172.31.33.82)[0m 	libcufft.so.11 (libc6,x86-64) => /usr/local/cuda-12.8/targets/x86_64-linux/lib/libcufft.so.11
2026-03-25 18:50:08,358 - INFO - [36m(setup pid=4352, ip=172.31.33.82)[0m 	libcufft.so (libc6,x86-64) => /usr/local/cuda-12.4/targets/x86_64-linux/lib/libcufft.so
2026-03-25 18:50:08,358 - INFO - [36m(setup pid=4352, ip=172.31.33.82)[0m 	libcufft.so (libc6,x86-64) => /usr/local/cuda-12.5/targets/x86_64-linux/lib/libcufft.so
2026-03-25 18:50:08,359 - INFO - [36m(setup pid=4352, ip=172.31.33.82)[0m 	libcufft.so (libc6,x86-64) => /usr/local/cuda-12.6/targets/x86_64-linux/lib/libcufft.so
2026-03-25 18:50:08,359 - INFO - [36m(setup pid=4352, ip=172.31.33.82)[0m 	libcufft.so (libc6,x86-64) => /usr/local/cuda-12.8/targets/x86_64-linux/lib/libcufft.so
2026-03-25 18:50:08,359 - INFO - [36m(setup pid=4352, ip=172.31.33.82)[0m 	libcudart.so.12 (libc6,x86-64) => /usr/local/cuda-12.4/targets/x86_64-linux/lib/libcudart.so.12
2026-03-25 18:50:08,359 - INFO - [36m(setup pid=4352, ip=172.31.33.82)[0m 	libcudart.so.12 (libc6,x86-64) => /usr/local/cuda-12.5/targets/x86_64-linux/lib/libcudart.so.12
2026-03-25 18:50:08,359 - INFO - [36m(setup pid=4352, ip=172.31.33.82)[0m 	libcudart.so.12 (libc6,x86-64) => /usr/local/cuda-12.6/targets/x86_64-linux/lib/libcudart.so.12
2026-03-25 18:50:08,359 - INFO - [36m(setup pid=4352, ip=172.31.33.82)[0m 	libcudart.so.12 (libc6,x86-64) => /usr/local/cuda-12.8/targets/x86_64-linux/lib/libcudart.so.12
2026-03-25 18:50:08,359 - INFO - [36m(setup pid=4352, ip=172.31.33.82)[0m 	libcudart.so (libc6,x86-64) => /usr/local/cuda-12.4/targets/x86_64-linux/lib/libcudart.so
2026-03-25 18:50:08,359 - INFO - [36m(setup pid=4352, ip=172.31.33.82)[0m 	libcudart.so (libc6,x86-64) => /usr/local/cuda-12.5/targets/x86_64-linux/lib/libcudart.so
2026-03-25 18:50:08,359 - INFO - [36m(setup pid=4352, ip=172.31.33.82)[0m 	libcudart.so (libc6,x86-64) => /usr/local/cuda-12.6/targets/x86_64-linux/lib/libcudart.so
2026-03-25 18:50:08,359 - INFO - [36m(setup pid=4352, ip=172.31.33.82)[0m 	libcudart.so (libc6,x86-64) => /usr/local/cuda-12.8/targets/x86_64-linux/lib/libcudart.so
2026-03-25 18:50:08,359 - INFO - [36m(setup pid=4352, ip=172.31.33.82)[0m 	libcudadebugger.so.1 (libc6,x86-64) => /lib/x86_64-linux-gnu/libcudadebugger.so.1
2026-03-25 18:50:08,359 - INFO - [36m(setup pid=4352, ip=172.31.33.82)[0m 	libcuda.so.1 (libc6,x86-64) => /lib/x86_64-linux-gnu/libcuda.so.1
2026-03-25 18:50:08,359 - INFO - [36m(setup pid=4352, ip=172.31.33.82)[0m 	libcuda.so (libc6,x86-64) => /lib/x86_64-linux-gnu/libcuda.so
2026-03-25 18:50:08,359 - INFO - [36m(setup pid=4352, ip=172.31.33.82)[0m 	libcublasLt.so.12 (libc6,x86-64) => /usr/local/cuda-12.4/targets/x86_64-linux/lib/libcublasLt.so.12
2026-03-25 18:50:08,359 - INFO - [36m(setup pid=4352, ip=172.31.33.82)[0m 	libcublasLt.so.12 (libc6,x86-64) => /usr/local/cuda-12.5/targets/x86_64-linux/lib/libcublasLt.so.12
2026-03-25 18:50:08,359 - INFO - [36m(setup pid=4352, ip=172.31.33.82)[0m 	libcublasLt.so.12 (libc6,x86-64) => /usr/local/cuda-12.6/targets/x86_64-linux/lib/libcublasLt.so.12
2026-03-25 18:50:08,359 - INFO - [36m(setup pid=4352, ip=172.31.33.82)[0m 	libcublasLt.so.12 (libc6,x86-64) => /usr/local/cuda-12.8/targets/x86_64-linux/lib/libcublasLt.so.12
2026-03-25 18:50:08,359 - INFO - [36m(setup pid=4352, ip=172.31.33.82)[0m 	libcublasLt.so (libc6,x86-64) => /usr/local/cuda-12.4/targets/x86_64-linux/lib/libcublasLt.so
2026-03-25 18:50:08,359 - INFO - [36m(setup pid=4352, ip=172.31.33.82)[0m 	libcublasLt.so (libc6,x86-64) => /usr/local/cuda-12.5/targets/x86_64-linux/lib/libcublasLt.so
2026-03-25 18:50:08,359 - INFO - [36m(setup pid=4352, ip=172.31.33.82)[0m 	libcublasLt.so (libc6,x86-64) => /usr/local/cuda-12.6/targets/x86_64-linux/lib/libcublasLt.so
2026-03-25 18:50:08,359 - INFO - [36m(setup pid=4352, ip=172.31.33.82)[0m 	libcublasLt.so (libc6,x86-64) => /usr/local/cuda-12.8/targets/x86_64-linux/lib/libcublasLt.so
2026-03-25 18:50:08,359 - INFO - [36m(setup pid=4352, ip=172.31.33.82)[0m 	libcublas.so.12 (libc6,x86-64) => /usr/local/cuda-12.4/targets/x86_64-linux/lib/libcublas.so.12
2026-03-25 18:50:08,359 - INFO - [36m(setup pid=4352, ip=172.31.33.82)[0m 	libcublas.so.12 (libc6,x86-64) => /usr/local/cuda-12.5/targets/x86_64-linux/lib/libcublas.so.12
2026-03-25 18:50:08,359 - INFO - [36m(setup pid=4352, ip=172.31.33.82)[0m 	libcublas.so.12 (libc6,x86-64) => /usr/local/cuda-12.6/targets/x86_64-linux/lib/libcublas.so.12
2026-03-25 18:50:08,360 - INFO - [36m(setup pid=4352, ip=172.31.33.82)[0m 	libcublas.so.12 (libc6,x86-64) => /usr/local/cuda-12.8/targets/x86_64-linux/lib/libcublas.so.12
2026-03-25 18:50:08,360 - INFO - [36m(setup pid=4352, ip=172.31.33.82)[0m 	libcublas.so (libc6,x86-64) => /usr/local/cuda-12.4/targets/x86_64-linux/lib/libcublas.so
2026-03-25 18:50:08,360 - INFO - [36m(setup pid=4352, ip=172.31.33.82)[0m 	libcublas.so (libc6,x86-64) => /usr/local/cuda-12.5/targets/x86_64-linux/lib/libcublas.so
2026-03-25 18:50:08,360 - INFO - [36m(setup pid=4352, ip=172.31.33.82)[0m 	libcublas.so (libc6,x86-64) => /usr/local/cuda-12.6/targets/x86_64-linux/lib/libcublas.so
2026-03-25 18:50:08,360 - INFO - [36m(setup pid=4352, ip=172.31.33.82)[0m 	libcublas.so (libc6,x86-64) => /usr/local/cuda-12.8/targets/x86_64-linux/lib/libcublas.so
2026-03-25 18:50:08,360 - INFO - [36m(setup pid=4352, ip=172.31.33.82)[0m 	libaccinj64.so.12.8 (libc6,x86-64) => /usr/local/cuda-12.8/targets/x86_64-linux/lib/libaccinj64.so.12.8
2026-03-25 18:50:08,360 - INFO - [36m(setup pid=4352, ip=172.31.33.82)[0m 	libaccinj64.so.12.6 (libc6,x86-64) => /usr/local/cuda-12.6/targets/x86_64-linux/lib/libaccinj64.so.12.6
2026-03-25 18:50:08,360 - INFO - [36m(setup pid=4352, ip=172.31.33.82)[0m 	libaccinj64.so.12.5 (libc6,x86-64) => /usr/local/cuda-12.5/targets/x86_64-linux/lib/libaccinj64.so.12.5
2026-03-25 18:50:08,360 - INFO - [36m(setup pid=4352, ip=172.31.33.82)[0m 	libaccinj64.so.12.4 (libc6,x86-64) => /usr/local/cuda-12.4/targets/x86_64-linux/lib/libaccinj64.so.12.4
2026-03-25 18:50:08,360 - INFO - [36m(setup pid=4352, ip=172.31.33.82)[0m 	libaccinj64.so (libc6,x86-64) => /usr/local/cuda-12.4/targets/x86_64-linux/lib/libaccinj64.so
2026-03-25 18:50:08,360 - INFO - [36m(setup pid=4352, ip=172.31.33.82)[0m 	libaccinj64.so (libc6,x86-64) => /usr/local/cuda-12.5/targets/x86_64-linux/lib/libaccinj64.so
2026-03-25 18:50:08,360 - INFO - [36m(setup pid=4352, ip=172.31.33.82)[0m 	libaccinj64.so (libc6,x86-64) => /usr/local/cuda-12.6/targets/x86_64-linux/lib/libaccinj64.so
2026-03-25 18:50:08,360 - INFO - [36m(setup pid=4352, ip=172.31.33.82)[0m 	libaccinj64.so (libc6,x86-64) => /usr/local/cuda-12.8/targets/x86_64-linux/lib/libaccinj64.so
2026-03-25 18:50:08,360 - INFO - [36m(setup pid=4352, ip=172.31.33.82)[0m 	libOpenCL.so.1 (libc6,x86-64) => /usr/local/cuda-12.4/targets/x86_64-linux/lib/libOpenCL.so.1
2026-03-25 18:50:08,360 - INFO - [36m(setup pid=4352, ip=172.31.33.82)[0m 	libOpenCL.so.1 (libc6,x86-64) => /usr/local/cuda-12.5/targets/x86_64-linux/lib/libOpenCL.so.1
2026-03-25 18:50:08,360 - INFO - [36m(setup pid=4352, ip=172.31.33.82)[0m 	libOpenCL.so.1 (libc6,x86-64) => /usr/local/cuda-12.6/targets/x86_64-linux/lib/libOpenCL.so.1
2026-03-25 18:50:08,360 - INFO - [36m(setup pid=4352, ip=172.31.33.82)[0m 	libOpenCL.so.1 (libc6,x86-64) => /usr/local/cuda-12.8/targets/x86_64-linux/lib/libOpenCL.so.1
2026-03-25 18:50:08,360 - INFO - [36m(setup pid=4352, ip=172.31.33.82)[0m 	libOpenCL.so (libc6,x86-64) => /usr/local/cuda-12.4/targets/x86_64-linux/lib/libOpenCL.so
2026-03-25 18:50:08,360 - INFO - [36m(setup pid=4352, ip=172.31.33.82)[0m 	libOpenCL.so (libc6,x86-64) => /usr/local/cuda-12.5/targets/x86_64-linux/lib/libOpenCL.so
2026-03-25 18:50:08,360 - INFO - [36m(setup pid=4352, ip=172.31.33.82)[0m 	libOpenCL.so (libc6,x86-64) => /usr/local/cuda-12.6/targets/x86_64-linux/lib/libOpenCL.so
2026-03-25 18:50:08,360 - INFO - [36m(setup pid=4352, ip=172.31.33.82)[0m 	libOpenCL.so (libc6,x86-64) => /usr/local/cuda-12.8/targets/x86_64-linux/lib/libOpenCL.so
2026-03-25 18:50:08,360 - INFO - [36m(setup pid=4352, ip=172.31.33.82)[0m + echo 'CUDA toolkit path:'
2026-03-25 18:50:08,360 - INFO - [36m(setup pid=4352, ip=172.31.33.82)[0m CUDA toolkit path:
2026-03-25 18:50:08,360 - INFO - [36m(setup pid=4352, ip=172.31.33.82)[0m + ls --color=auto -la /usr/local/cuda /usr/local/cuda-12.4 /usr/local/cuda-12.5 /usr/local/cuda-12.6 /usr/local/cuda-12.8
2026-03-25 18:50:08,360 - INFO - [36m(setup pid=6356)[0m lrwxrwxrwx  1 root root   21 Aug  8  2025 /usr/local/cuda -> /usr/local/cuda-12.8/
2026-03-25 18:50:08,361 - INFO - [36m(setup pid=6356)[0m
2026-03-25 18:50:08,361 - INFO - [36m(setup pid=6356)[0m /usr/local/cuda-12.4:
2026-03-25 18:50:08,361 - INFO - [36m(setup pid=6356)[0m total 188
2026-03-25 18:50:08,361 - INFO - [36m(setup pid=6356)[0m drwxr-xr-x 19 root   root    4096 Aug  8  2025 .
2026-03-25 18:50:08,361 - INFO - [36m(setup pid=6356)[0m drwxr-xr-x 15 root   root    4096 Aug  8  2025 ..
2026-03-25 18:50:08,361 - INFO - [36m(setup pid=6356)[0m -rw-r--r--  1 root   root     160 Aug  8  2025 DOCS
2026-03-25 18:50:08,361 - INFO - [36m(setup pid=6356)[0m -rw-r--r--  1 root   root   63021 Aug  8  2025 EULA.txt
2026-03-25 18:50:08,361 - INFO - [36m(setup pid=6356)[0m -rw-r--r--  1 ubuntu ubuntu 29662 Nov 30  2023 LICENSE
2026-03-25 18:50:08,361 - INFO - [36m(setup pid=6356)[0m -rw-r--r--  1 root   root    1895 Jun 11  2024 LICENSE.txt
2026-03-25 18:50:08,361 - INFO - [36m(setup pid=6356)[0m -rw-r--r--  1 root   root     524 Aug  8  2025 README
2026-03-25 18:50:08,361 - INFO - [36m(setup pid=6356)[0m drwxr-xr-x  3 root   root    4096 Aug  8  2025 bin
2026-03-25 18:50:08,361 - INFO - [36m(setup pid=6356)[0m drwxr-xr-x  5 root   root    4096 Aug  8  2025 compute-sanitizer
2026-03-25 18:50:08,361 - INFO - [36m(setup pid=6356)[0m drwxr-xr-x  3 root   root    4096 Aug  8  2025 efa
2026-03-25 18:50:08,361 - INFO - [36m(setup pid=6356)[0m drwxr-xr-x  5 root   root    4096 Aug  8  2025 extras
2026-03-25 18:50:08,361 - INFO - [36m(setup pid=6356)[0m drwxr-xr-x  5 root   root    4096 Aug  8  2025 gds
2026-03-25 18:50:08,361 - INFO - [36m(setup pid=6356)[0m drwxr-xr-x  2 root   root    4096 Aug  8  2025 gds-12.4
2026-03-25 18:50:08,361 - INFO - [36m(setup pid=6356)[0m lrwxrwxrwx  1 root   root      28 Aug  8  2025 include -> targets/x86_64-linux/include
2026-03-25 18:50:08,361 - INFO - [36m(setup pid=6356)[0m drwxrwxr-x  3 root   root    4096 Aug  8  2025 lib
2026-03-25 18:50:08,361 - INFO - [36m(setup pid=6356)[0m lrwxrwxrwx  1 root   root      24 Aug  8  2025 lib64 -> targets/x86_64-linux/lib
2026-03-25 18:50:08,361 - INFO - [36m(setup pid=6356)[0m drwxr-xr-x  7 root   root    4096 Aug  8  2025 libnvvp
2026-03-25 18:50:08,361 - INFO - [36m(setup pid=6356)[0m drwxr-xr-x  7 root   root    4096 Aug  8  2025 nsight-compute-2024.1.1
2026-03-25 18:50:08,361 - INFO - [36m(setup pid=6356)[0m drwxr-xr-x  6 root   root    4096 Aug  8  2025 nsight-systems-2023.4.4
2026-03-25 18:50:08,361 - INFO - [36m(setup pid=6356)[0m drwxr-xr-x  2 root   root    4096 Aug  8  2025 nsightee_plugins
2026-03-25 18:50:08,361 - INFO - [36m(setup pid=6356)[0m drwxr-xr-x  3 root   root    4096 Aug  8  2025 nvml
2026-03-25 18:50:08,362 - INFO - [36m(setup pid=6356)[0m drwxr-xr-x  6 root   root    4096 Aug  8  2025 nvvm
2026-03-25 18:50:08,362 - INFO - [36m(setup pid=6356)[0m drwxr-xr-x  3 root   root    4096 Aug  8  2025 share
2026-03-25 18:50:08,362 - INFO - [36m(setup pid=6356)[0m drwxr-xr-x  2 root   root    4096 Aug  8  2025 src
2026-03-25 18:50:08,362 - INFO - [36m(setup pid=6356)[0m drwxr-xr-x  3 root   root    4096 Aug  8  2025 targets
2026-03-25 18:50:08,362 - INFO - [36m(setup pid=6356)[0m drwxr-xr-x  2 root   root    4096 Aug  8  2025 tools
2026-03-25 18:50:08,362 - INFO - [36m(setup pid=6356)[0m -rw-r--r--  1 root   root    2957 Aug  8  2025 version.json
2026-03-25 18:50:08,362 - INFO - [36m(setup pid=6356)[0m
2026-03-25 18:50:08,362 - INFO - [36m(setup pid=6356)[0m /usr/local/cuda-12.5:
2026-03-25 18:50:08,362 - INFO - [36m(setup pid=6356)[0m total 188
2026-03-25 18:50:08,362 - INFO - [36m(setup pid=6356)[0m drwxr-xr-x 19 root   root    4096 Aug  8  2025 .
2026-03-25 18:50:08,362 - INFO - [36m(setup pid=6356)[0m drwxr-xr-x 15 root   root    4096 Aug  8  2025 ..
2026-03-25 18:50:08,662 - INFO - [36m(setup pid=6356)[0m -rw-r--r--  1 root   root     160 Aug  8  2025 DOCS
2026-03-25 18:50:08,662 - INFO - [36m(setup pid=6356)[0m -rw-r--r--  1 root   root   63021 Aug  8  2025 EULA.txt
2026-03-25 18:50:08,662 - INFO - [36m(setup pid=6356)[0m -rw-r--r--  1 ubuntu ubuntu 29574 Oct 21  2024 LICENSE
2026-03-25 18:50:08,662 - INFO - [36m(setup pid=6356)[0m -rw-r--r--  1 root   root    1895 Nov  6  2024 LICENSE.txt
2026-03-25 18:50:08,662 - INFO - [36m(setup pid=6356)[0m -rw-r--r--  1 root   root     524 Aug  8  2025 README
2026-03-25 18:50:08,662 - INFO - [36m(setup pid=6356)[0m drwxr-xr-x  3 root   root    4096 Aug  8  2025 bin
2026-03-25 18:50:08,662 - INFO - [36m(setup pid=6356)[0m drwxr-xr-x  5 root   root    4096 Aug  8  2025 compute-sanitizer
2026-03-25 18:50:08,662 - INFO - [36m(setup pid=6356)[0m drwxr-xr-x  3 root   root    4096 Aug  8  2025 efa
2026-03-25 18:50:08,662 - INFO - [36m(setup pid=6356)[0m drwxr-xr-x  5 root   root    4096 Aug  8  2025 extras
2026-03-25 18:50:08,662 - INFO - [36m(setup pid=6356)[0m drwxr-xr-x  5 root   root    4096 Aug  8  2025 gds
2026-03-25 18:50:08,663 - INFO - [36m(setup pid=6356)[0m drwxr-xr-x  2 root   root    4096 Aug  8  2025 gds-12.5
2026-03-25 18:50:08,663 - INFO - [36m(setup pid=6356)[0m lrwxrwxrwx  1 root   root      28 Aug  8  2025 include -> targets/x86_64-linux/include
2026-03-25 18:50:08,663 - INFO - [36m(setup pid=6356)[0m drwxr-xr-x  3 root   root    4096 Aug  8  2025 lib
2026-03-25 18:50:08,663 - INFO - [36m(setup pid=6356)[0m lrwxrwxrwx  1 root   root      24 Aug  8  2025 lib64 -> targets/x86_64-linux/lib
2026-03-25 18:50:08,663 - INFO - [36m(setup pid=6356)[0m drwxr-xr-x  7 root   root    4096 Aug  8  2025 libnvvp
2026-03-25 18:50:08,663 - INFO - [36m(setup pid=6356)[0m drwxr-xr-x  7 root   root    4096 Aug  8  2025 nsight-compute-2024.2.0
2026-03-25 18:50:08,663 - INFO - [36m(setup pid=6356)[0m drwxr-xr-x  6 root   root    4096 Aug  8  2025 nsight-systems-2024.2.3
2026-03-25 18:50:08,663 - INFO - [36m(setup pid=6356)[0m drwxr-xr-x  2 root   root    4096 Aug  8  2025 nsightee_plugins
2026-03-25 18:50:08,663 - INFO - [36m(setup pid=6356)[0m drwxr-xr-x  3 root   root    4096 Aug  8  2025 nvml
2026-03-25 18:50:08,663 - INFO - [36m(setup pid=6356)[0m drwxr-xr-x  6 root   root    4096 Aug  8  2025 nvvm
2026-03-25 18:50:08,663 - INFO - [36m(setup pid=6356)[0m drwxr-xr-x  3 root   root    4096 Aug  8  2025 share
2026-03-25 18:50:08,663 - INFO - [36m(setup pid=6356)[0m drwxr-xr-x  2 root   root    4096 Aug  8  2025 src
2026-03-25 18:50:08,663 - INFO - [36m(setup pid=6356)[0m drwxr-xr-x  3 root   root    4096 Aug  8  2025 targets
2026-03-25 18:50:08,663 - INFO - [36m(setup pid=6356)[0m drwxr-xr-x  2 root   root    4096 Aug  8  2025 tools
2026-03-25 18:50:08,663 - INFO - [36m(setup pid=6356)[0m -rw-r--r--  1 root   root    2940 Aug  8  2025 version.json
2026-03-25 18:50:08,663 - INFO - [36m(setup pid=6356)[0m
2026-03-25 18:50:08,663 - INFO - [36m(setup pid=6356)[0m /usr/local/cuda-12.6:
2026-03-25 18:50:08,663 - INFO - [36m(setup pid=6356)[0m total 188
2026-03-25 18:50:08,663 - INFO - [36m(setup pid=6356)[0m drwxr-xr-x 19 root   root    4096 Aug  8  2025 .
2026-03-25 18:50:08,663 - INFO - [36m(setup pid=6356)[0m drwxr-xr-x 15 root   root    4096 Aug  8  2025 ..
2026-03-25 18:50:08,663 - INFO - [36m(setup pid=6356)[0m -rw-r--r--  1 root   root     160 Aug  8  2025 DOCS
2026-03-25 18:50:08,663 - INFO - [36m(setup pid=6356)[0m -rw-r--r--  1 root   root   63021 Aug  8  2025 EULA.txt
2026-03-25 18:50:08,663 - INFO - [36m(setup pid=6356)[0m -rw-r--r--  1 ubuntu ubuntu 29574 Dec 30  2024 LICENSE
2026-03-25 18:50:08,663 - INFO - [36m(setup pid=6356)[0m -rw-r--r--  1 root   root    1895 Dec  7  2024 LICENSE.txt
2026-03-25 18:50:08,663 - INFO - [36m(setup pid=6356)[0m -rw-r--r--  1 root   root     524 Aug  8  2025 README
2026-03-25 18:50:08,664 - INFO - [36m(setup pid=6356)[0m drwxrwxr-x  3 root   root    4096 Dec  7  2024 bin
2026-03-25 18:50:08,664 - INFO - [36m(setup pid=6356)[0m drwxr-xr-x  5 root   root    4096 Aug  8  2025 compute-sanitizer
2026-03-25 18:50:08,664 - INFO - [36m(setup pid=6356)[0m drwxr-xr-x  3 root   root    4096 Aug  8  2025 efa
2026-03-25 18:50:08,664 - INFO - [36m(setup pid=6356)[0m drwxr-xr-x  5 root   root    4096 Aug  8  2025 extras
2026-03-25 18:50:08,664 - INFO - [36m(setup pid=6356)[0m drwxr-xr-x  5 root   root    4096 Aug  8  2025 gds
2026-03-25 18:50:08,664 - INFO - [36m(setup pid=6356)[0m drwxr-xr-x  2 root   root    4096 Aug  8  2025 gds-12.6
2026-03-25 18:50:08,664 - INFO - [36m(setup pid=6356)[0m lrwxrwxrwx  1 root   root      28 Aug  8  2025 include -> targets/x86_64-linux/include
2026-03-25 18:50:08,664 - INFO - [36m(setup pid=6356)[0m drwxrwxr-x  3 root   root    4096 Aug  8  2025 lib
2026-03-25 18:50:08,664 - INFO - [36m(setup pid=6356)[0m lrwxrwxrwx  1 root   root      24 Aug  8  2025 lib64 -> targets/x86_64-linux/lib
2026-03-25 18:50:08,664 - INFO - [36m(setup pid=6356)[0m drwxr-xr-x  7 root   root    4096 Aug  8  2025 libnvvp
2026-03-25 18:50:08,664 - INFO - [36m(setup pid=6356)[0m drwxr-xr-x  7 root   root    4096 Aug  8  2025 nsight-compute-2024.3.2
2026-03-25 18:50:08,664 - INFO - [36m(setup pid=6356)[0m drwxr-xr-x  6 root   root    4096 Aug  8  2025 nsight-systems-2024.5.1
2026-03-25 18:50:08,664 - INFO - [36m(setup pid=6356)[0m drwxr-xr-x  2 root   root    4096 Aug  8  2025 nsightee_plugins
2026-03-25 18:50:08,664 - INFO - [36m(setup pid=6356)[0m drwxr-xr-x  3 root   root    4096 Aug  8  2025 nvml
2026-03-25 18:50:08,664 - INFO - [36m(setup pid=6356)[0m drwxr-xr-x  6 root   root    4096 Aug  8  2025 nvvm
2026-03-25 18:50:08,664 - INFO - [36m(setup pid=6356)[0m drwxr-xr-x  3 root   root    4096 Aug  8  2025 share
2026-03-25 18:50:08,664 - INFO - [36m(setup pid=6356)[0m drwxr-xr-x  2 root   root    4096 Aug  8  2025 src
2026-03-25 18:50:08,664 - INFO - [36m(setup pid=6356)[0m drwxr-xr-x  3 root   root    4096 Aug  8  2025 targets
2026-03-25 18:50:08,664 - INFO - [36m(setup pid=6356)[0m drwxr-xr-x  2 root   root    4096 Aug  8  2025 tools
2026-03-25 18:50:08,664 - INFO - [36m(setup pid=6356)[0m -rw-r--r--  1 root   root    2935 Aug  8  2025 version.json
2026-03-25 18:50:08,664 - INFO - [36m(setup pid=6356)[0m
2026-03-25 18:50:08,664 - INFO - [36m(setup pid=6356)[0m /usr/local/cuda-12.8:
2026-03-25 18:50:08,664 - INFO - [36m(setup pid=6356)[0m total 188
2026-03-25 18:50:08,664 - INFO - [36m(setup pid=6356)[0m drwxr-xr-x 19 root   root    4096 Aug  8  2025 .
2026-03-25 18:50:08,664 - INFO - [36m(setup pid=6356)[0m drwxr-xr-x 15 root   root    4096 Aug  8  2025 ..
2026-03-25 18:50:08,664 - INFO - [36m(setup pid=6356)[0m -rw-r--r--  1 root   root     160 Aug  8  2025 DOCS
2026-03-25 18:50:08,665 - INFO - [36m(setup pid=6356)[0m -rw-r--r--  1 root   root   63021 Aug  8  2025 EULA.txt
2026-03-25 18:50:08,665 - INFO - [36m(setup pid=6356)[0m -rw-r--r--  1 ubuntu ubuntu 29574 May 31  2025 LICENSE
2026-03-25 18:50:08,665 - INFO - [36m(setup pid=6356)[0m -rw-r--r--  1 root   root    1895 May 15  2025 LICENSE.txt
2026-03-25 18:50:08,665 - INFO - [36m(setup pid=6356)[0m -rw-r--r--  1 root   root     524 Aug  8  2025 README
2026-03-25 18:50:08,665 - INFO - [36m(setup pid=6356)[0m drwxr-xr-x  3 root   root    4096 May 15  2025 bin
2026-03-25 18:50:08,665 - INFO - [36m(setup pid=6356)[0m drwxr-xr-x  5 root   root    4096 Aug  8  2025 compute-sanitizer
2026-03-25 18:50:08,665 - INFO - [36m(setup pid=6356)[0m lrwxrwxrwx  1 root   root      20 Aug  8  2025 cuda-12.8 -> /usr/local/cuda-12.8
2026-03-25 18:50:08,665 - INFO - [36m(setup pid=6356)[0m drwxr-xr-x  3 root   root    4096 Aug  8  2025 efa
2026-03-25 18:50:08,665 - INFO - [36m(setup pid=6356)[0m drwxr-xr-x  5 root   root    4096 Aug  8  2025 extras
2026-03-25 18:50:08,665 - INFO - [36m(setup pid=6356)[0m drwxr-xr-x  5 root   root    4096 Aug  8  2025 gds
2026-03-25 18:50:08,665 - INFO - [36m(setup pid=6356)[0m drwxr-xr-x  2 root   root    4096 Aug  8  2025 gds-12.8
2026-03-25 18:50:08,665 - INFO - [36m(setup pid=6356)[0m lrwxrwxrwx  1 root   root      28 Aug  8  2025 include -> targets/x86_64-linux/include
2026-03-25 18:50:08,665 - INFO - [36m(setup pid=6356)[0m drwxr-xr-x  3 root   root    4096 Aug  8  2025 lib
2026-03-25 18:50:08,665 - INFO - [36m(setup pid=6356)[0m lrwxrwxrwx  1 root   root      24 Aug  8  2025 lib64 -> targets/x86_64-linux/lib
2026-03-25 18:50:08,665 - INFO - [36m(setup pid=6356)[0m drwxr-xr-x  7 root   root    4096 Aug  8  2025 libnvvp
2026-03-25 18:50:08,665 - INFO - [36m(setup pid=6356)[0m drwxr-xr-x  7 root   root    4096 Aug  8  2025 nsight-compute-2025.1.1
2026-03-25 18:50:08,665 - INFO - [36m(setup pid=6356)[0m drwxr-xr-x  6 root   root    4096 Aug  8  2025 nsight-systems-2024.6.2
2026-03-25 18:50:08,665 - INFO - [36m(setup pid=6356)[0m drwxr-xr-x  2 root   root    4096 Aug  8  2025 nsightee_plugins
2026-03-25 18:50:08,665 - INFO - [36m(setup pid=6356)[0m drwxr-xr-x  3 root   root    4096 Aug  8  2025 nvml
2026-03-25 18:50:08,665 - INFO - [36m(setup pid=6356)[0m drwxr-xr-x  6 root   root    4096 Aug  8  2025 nvvm
2026-03-25 18:50:08,665 - INFO - [36m(setup pid=6356)[0m drwxr-xr-x  3 root   root    4096 Aug  8  2025 share
2026-03-25 18:50:08,665 - INFO - [36m(setup pid=6356)[0m drwxr-xr-x  2 root   root    4096 Aug  8  2025 src
2026-03-25 18:50:08,665 - INFO - [36m(setup pid=6356)[0m drwxr-xr-x  3 root   root    4096 Aug  8  2025 targets
2026-03-25 18:50:08,665 - INFO - [36m(setup pid=6356)[0m drwxr-xr-x  2 root   root    4096 Aug  8  2025 tools
2026-03-25 18:50:08,665 - INFO - [36m(setup pid=6356)[0m -rw-r--r--  1 root   root    2940 Aug  8  2025 version.json
2026-03-25 18:50:08,665 - INFO - [36m(setup pid=6356)[0m + echo ===================================
2026-03-25 18:50:08,665 - INFO - [36m(setup pid=6356)[0m ===================================
2026-03-25 18:50:08,666 - INFO - [36m(setup pid=6356)[0m + command -v nvidia-smi
2026-03-25 18:50:08,666 - INFO - [36m(setup pid=6356)[0m + '[' true = true ']'
2026-03-25 18:50:08,666 - INFO - [36m(setup pid=6356)[0m + echo '=== Fabric Manager for NVSwitch ==='
2026-03-25 18:50:08,666 - INFO - [36m(setup pid=6356)[0m === Fabric Manager for NVSwitch ===
2026-03-25 18:50:08,666 - INFO - [36m(setup pid=6356)[0m + systemctl is-active --quiet nvidia-fabricmanager
2026-03-25 18:50:08,666 - INFO - [36m(setup pid=6356)[0m + echo 'Fabric Manager already running'
2026-03-25 18:50:08,666 - INFO - [36m(setup pid=6356)[0m Fabric Manager already running
2026-03-25 18:50:08,666 - INFO - [36m(setup pid=6356)[0m + awk 'NR<=15'
2026-03-25 18:50:08,666 - INFO - [36m(setup pid=6356)[0m + nvidia-smi topo -m
2026-03-25 18:50:08,666 - INFO - [36m(setup pid=6356)[0m 	[4mGPU0	GPU1	GPU2	GPU3	GPU4	GPU5	GPU6	GPU7	CPU Affinity	NUMA Affinity	GPU NUMA ID[0m
2026-03-25 18:50:08,666 - INFO - [36m(setup pid=6356)[0m GPU0	 X 	NV12	NV12	NV12	NV12	NV12	NV12	NV12	0-23,48-71	0		N/A
2026-03-25 18:50:08,666 - INFO - [36m(setup pid=6356)[0m GPU1	NV12	 X 	NV12	NV12	NV12	NV12	NV12	NV12	0-23,48-71	0		N/A
2026-03-25 18:50:08,666 - INFO - [36m(setup pid=6356)[0m GPU2	NV12	NV12	 X 	NV12	NV12	NV12	NV12	NV12	0-23,48-71	0		N/A
2026-03-25 18:50:08,666 - INFO - [36m(setup pid=6356)[0m GPU3	NV12	NV12	NV12	 X 	NV12	NV12	NV12	NV12	0-23,48-71	0		N/A
2026-03-25 18:50:08,666 - INFO - [36m(setup pid=6356)[0m GPU4	NV12	NV12	NV12	NV12	 X 	NV12	NV12	NV12	24-47,72-95	1		N/A
2026-03-25 18:50:08,666 - INFO - [36m(setup pid=6356)[0m GPU5	NV12	NV12	NV12	NV12	NV12	 X 	NV12	NV12	24-47,72-95	1		N/A
2026-03-25 18:50:08,666 - INFO - [36m(setup pid=6356)[0m GPU6	NV12	NV12	NV12	NV12	NV12	NV12	 X 	NV12	24-47,72-95	1		N/A
2026-03-25 18:50:08,666 - INFO - [36m(setup pid=6356)[0m GPU7	NV12	NV12	NV12	NV12	NV12	NV12	NV12	 X 	24-47,72-95	1		N/A
2026-03-25 18:50:08,666 - INFO - [36m(setup pid=6356)[0m
2026-03-25 18:50:08,666 - INFO - [36m(setup pid=6356)[0m Legend:
2026-03-25 18:50:08,666 - INFO - [36m(setup pid=6356)[0m
2026-03-25 18:50:08,666 - INFO - [36m(setup pid=6356)[0m   X    = Self
2026-03-25 18:50:08,666 - INFO - [36m(setup pid=6356)[0m   SYS  = Connection traversing PCIe as well as the SMP interconnect between NUMA nodes (e.g., QPI/UPI)
2026-03-25 18:50:08,666 - INFO - [36m(setup pid=6356)[0m   NODE = Connection traversing PCIe as well as the interconnect between PCIe Host Bridges within a NUMA node
2026-03-25 18:50:08,666 - INFO - [36m(setup pid=6356)[0m + sudo apt-get install -y numactl
2026-03-25 18:50:08,666 - INFO - [36m(setup pid=4352, ip=172.31.33.82)[0m lrwxrwxrwx  1 root root   21 Aug  8  2025 /usr/local/cuda -> /usr/local/cuda-12.8/
2026-03-25 18:50:08,667 - INFO - [36m(setup pid=4352, ip=172.31.33.82)[0m
2026-03-25 18:50:08,667 - INFO - [36m(setup pid=4352, ip=172.31.33.82)[0m /usr/local/cuda-12.4:
2026-03-25 18:50:08,667 - INFO - [36m(setup pid=4352, ip=172.31.33.82)[0m total 188
2026-03-25 18:50:08,667 - INFO - [36m(setup pid=4352, ip=172.31.33.82)[0m drwxr-xr-x 19 root   root    4096 Aug  8  2025 .
2026-03-25 18:50:08,667 - INFO - [36m(setup pid=4352, ip=172.31.33.82)[0m drwxr-xr-x 15 root   root    4096 Aug  8  2025 ..
2026-03-25 18:50:08,667 - INFO - [36m(setup pid=4352, ip=172.31.33.82)[0m -rw-r--r--  1 root   root     160 Aug  8  2025 DOCS
2026-03-25 18:50:08,667 - INFO - [36m(setup pid=4352, ip=172.31.33.82)[0m -rw-r--r--  1 root   root   63021 Aug  8  2025 EULA.txt
2026-03-25 18:50:08,667 - INFO - [36m(setup pid=4352, ip=172.31.33.82)[0m -rw-r--r--  1 ubuntu ubuntu 29662 Nov 30  2023 LICENSE
2026-03-25 18:50:08,667 - INFO - [36m(setup pid=4352, ip=172.31.33.82)[0m -rw-r--r--  1 root   root    1895 Jun 11  2024 LICENSE.txt
2026-03-25 18:50:08,667 - INFO - [36m(setup pid=4352, ip=172.31.33.82)[0m -rw-r--r--  1 root   root     524 Aug  8  2025 README
2026-03-25 18:50:08,667 - INFO - [36m(setup pid=4352, ip=172.31.33.82)[0m drwxr-xr-x  3 root   root    4096 Aug  8  2025 bin
2026-03-25 18:50:08,667 - INFO - [36m(setup pid=4352, ip=172.31.33.82)[0m drwxr-xr-x  5 root   root    4096 Aug  8  2025 compute-sanitizer
2026-03-25 18:50:08,667 - INFO - [36m(setup pid=4352, ip=172.31.33.82)[0m drwxr-xr-x  3 root   root    4096 Aug  8  2025 efa
2026-03-25 18:50:08,667 - INFO - [36m(setup pid=4352, ip=172.31.33.82)[0m drwxr-xr-x  5 root   root    4096 Aug  8  2025 extras
2026-03-25 18:50:08,667 - INFO - [36m(setup pid=4352, ip=172.31.33.82)[0m drwxr-xr-x  5 root   root    4096 Aug  8  2025 gds
2026-03-25 18:50:08,667 - INFO - [36m(setup pid=4352, ip=172.31.33.82)[0m drwxr-xr-x  2 root   root    4096 Aug  8  2025 gds-12.4
2026-03-25 18:50:08,667 - INFO - [36m(setup pid=4352, ip=172.31.33.82)[0m lrwxrwxrwx  1 root   root      28 Aug  8  2025 include -> targets/x86_64-linux/include
2026-03-25 18:50:08,667 - INFO - [36m(setup pid=4352, ip=172.31.33.82)[0m drwxrwxr-x  3 root   root    4096 Aug  8  2025 lib
2026-03-25 18:50:08,667 - INFO - [36m(setup pid=4352, ip=172.31.33.82)[0m lrwxrwxrwx  1 root   root      24 Aug  8  2025 lib64 -> targets/x86_64-linux/lib
2026-03-25 18:50:08,667 - INFO - [36m(setup pid=4352, ip=172.31.33.82)[0m drwxr-xr-x  7 root   root    4096 Aug  8  2025 libnvvp
2026-03-25 18:50:08,667 - INFO - [36m(setup pid=4352, ip=172.31.33.82)[0m drwxr-xr-x  7 root   root    4096 Aug  8  2025 nsight-compute-2024.1.1
2026-03-25 18:50:08,667 - INFO - [36m(setup pid=4352, ip=172.31.33.82)[0m drwxr-xr-x  6 root   root    4096 Aug  8  2025 nsight-systems-2023.4.4
2026-03-25 18:50:08,667 - INFO - [36m(setup pid=4352, ip=172.31.33.82)[0m drwxr-xr-x  2 root   root    4096 Aug  8  2025 nsightee_plugins
2026-03-25 18:50:08,667 - INFO - [36m(setup pid=4352, ip=172.31.33.82)[0m drwxr-xr-x  3 root   root    4096 Aug  8  2025 nvml
2026-03-25 18:50:08,667 - INFO - [36m(setup pid=4352, ip=172.31.33.82)[0m drwxr-xr-x  6 root   root    4096 Aug  8  2025 nvvm
2026-03-25 18:50:08,667 - INFO - [36m(setup pid=4352, ip=172.31.33.82)[0m drwxr-xr-x  3 root   root    4096 Aug  8  2025 share
2026-03-25 18:50:08,667 - INFO - [36m(setup pid=4352, ip=172.31.33.82)[0m drwxr-xr-x  2 root   root    4096 Aug  8  2025 src
2026-03-25 18:50:08,668 - INFO - [36m(setup pid=4352, ip=172.31.33.82)[0m drwxr-xr-x  3 root   root    4096 Aug  8  2025 targets
2026-03-25 18:50:08,668 - INFO - [36m(setup pid=4352, ip=172.31.33.82)[0m drwxr-xr-x  2 root   root    4096 Aug  8  2025 tools
2026-03-25 18:50:08,668 - INFO - [36m(setup pid=4352, ip=172.31.33.82)[0m -rw-r--r--  1 root   root    2957 Aug  8  2025 version.json
2026-03-25 18:50:08,668 - INFO - [36m(setup pid=4352, ip=172.31.33.82)[0m
2026-03-25 18:50:08,668 - INFO - [36m(setup pid=4352, ip=172.31.33.82)[0m /usr/local/cuda-12.5:
2026-03-25 18:50:08,668 - INFO - [36m(setup pid=4352, ip=172.31.33.82)[0m total 188
2026-03-25 18:50:08,668 - INFO - [36m(setup pid=4352, ip=172.31.33.82)[0m drwxr-xr-x 19 root   root    4096 Aug  8  2025 .
2026-03-25 18:50:08,668 - INFO - [36m(setup pid=4352, ip=172.31.33.82)[0m drwxr-xr-x 15 root   root    4096 Aug  8  2025 ..
2026-03-25 18:50:08,668 - INFO - [36m(setup pid=4352, ip=172.31.33.82)[0m -rw-r--r--  1 root   root     160 Aug  8  2025 DOCS
2026-03-25 18:50:08,668 - INFO - [36m(setup pid=4352, ip=172.31.33.82)[0m -rw-r--r--  1 root   root   63021 Aug  8  2025 EULA.txt
2026-03-25 18:50:08,668 - INFO - [36m(setup pid=4352, ip=172.31.33.82)[0m -rw-r--r--  1 ubuntu ubuntu 29574 Oct 21  2024 LICENSE
2026-03-25 18:50:08,668 - INFO - [36m(setup pid=4352, ip=172.31.33.82)[0m -rw-r--r--  1 root   root    1895 Nov  6  2024 LICENSE.txt
2026-03-25 18:50:08,864 - INFO - [36m(setup pid=4352, ip=172.31.33.82)[0m -rw-r--r--  1 root   root     524 Aug  8  2025 README
2026-03-25 18:50:08,864 - INFO - [36m(setup pid=4352, ip=172.31.33.82)[0m drwxr-xr-x  3 root   root    4096 Aug  8  2025 bin
2026-03-25 18:50:08,864 - INFO - [36m(setup pid=4352, ip=172.31.33.82)[0m drwxr-xr-x  5 root   root    4096 Aug  8  2025 compute-sanitizer
2026-03-25 18:50:08,864 - INFO - [36m(setup pid=4352, ip=172.31.33.82)[0m drwxr-xr-x  3 root   root    4096 Aug  8  2025 efa
2026-03-25 18:50:08,864 - INFO - [36m(setup pid=4352, ip=172.31.33.82)[0m drwxr-xr-x  5 root   root    4096 Aug  8  2025 extras
2026-03-25 18:50:08,864 - INFO - [36m(setup pid=4352, ip=172.31.33.82)[0m drwxr-xr-x  5 root   root    4096 Aug  8  2025 gds
2026-03-25 18:50:08,864 - INFO - [36m(setup pid=4352, ip=172.31.33.82)[0m drwxr-xr-x  2 root   root    4096 Aug  8  2025 gds-12.5
2026-03-25 18:50:08,864 - INFO - [36m(setup pid=4352, ip=172.31.33.82)[0m lrwxrwxrwx  1 root   root      28 Aug  8  2025 include -> targets/x86_64-linux/include
2026-03-25 18:50:08,864 - INFO - [36m(setup pid=4352, ip=172.31.33.82)[0m drwxr-xr-x  3 root   root    4096 Aug  8  2025 lib
2026-03-25 18:50:08,864 - INFO - [36m(setup pid=4352, ip=172.31.33.82)[0m lrwxrwxrwx  1 root   root      24 Aug  8  2025 lib64 -> targets/x86_64-linux/lib
2026-03-25 18:50:08,864 - INFO - [36m(setup pid=4352, ip=172.31.33.82)[0m drwxr-xr-x  7 root   root    4096 Aug  8  2025 libnvvp
2026-03-25 18:50:08,864 - INFO - [36m(setup pid=4352, ip=172.31.33.82)[0m drwxr-xr-x  7 root   root    4096 Aug  8  2025 nsight-compute-2024.2.0
2026-03-25 18:50:08,864 - INFO - [36m(setup pid=4352, ip=172.31.33.82)[0m drwxr-xr-x  6 root   root    4096 Aug  8  2025 nsight-systems-2024.2.3
2026-03-25 18:50:08,864 - INFO - [36m(setup pid=4352, ip=172.31.33.82)[0m drwxr-xr-x  2 root   root    4096 Aug  8  2025 nsightee_plugins
2026-03-25 18:50:08,864 - INFO - [36m(setup pid=4352, ip=172.31.33.82)[0m drwxr-xr-x  3 root   root    4096 Aug  8  2025 nvml
2026-03-25 18:50:08,864 - INFO - [36m(setup pid=4352, ip=172.31.33.82)[0m drwxr-xr-x  6 root   root    4096 Aug  8  2025 nvvm
2026-03-25 18:50:08,864 - INFO - [36m(setup pid=4352, ip=172.31.33.82)[0m drwxr-xr-x  3 root   root    4096 Aug  8  2025 share
2026-03-25 18:50:08,865 - INFO - [36m(setup pid=4352, ip=172.31.33.82)[0m drwxr-xr-x  2 root   root    4096 Aug  8  2025 src
2026-03-25 18:50:08,865 - INFO - [36m(setup pid=4352, ip=172.31.33.82)[0m drwxr-xr-x  3 root   root    4096 Aug  8  2025 targets
2026-03-25 18:50:08,865 - INFO - [36m(setup pid=4352, ip=172.31.33.82)[0m drwxr-xr-x  2 root   root    4096 Aug  8  2025 tools
2026-03-25 18:50:08,865 - INFO - [36m(setup pid=4352, ip=172.31.33.82)[0m -rw-r--r--  1 root   root    2940 Aug  8  2025 version.json
2026-03-25 18:50:08,865 - INFO - [36m(setup pid=4352, ip=172.31.33.82)[0m
2026-03-25 18:50:08,865 - INFO - [36m(setup pid=4352, ip=172.31.33.82)[0m /usr/local/cuda-12.6:
2026-03-25 18:50:08,865 - INFO - [36m(setup pid=4352, ip=172.31.33.82)[0m total 188
2026-03-25 18:50:08,865 - INFO - [36m(setup pid=4352, ip=172.31.33.82)[0m drwxr-xr-x 19 root   root    4096 Aug  8  2025 .
2026-03-25 18:50:08,865 - INFO - [36m(setup pid=4352, ip=172.31.33.82)[0m drwxr-xr-x 15 root   root    4096 Aug  8  2025 ..
2026-03-25 18:50:08,865 - INFO - [36m(setup pid=4352, ip=172.31.33.82)[0m -rw-r--r--  1 root   root     160 Aug  8  2025 DOCS
2026-03-25 18:50:08,865 - INFO - [36m(setup pid=4352, ip=172.31.33.82)[0m -rw-r--r--  1 root   root   63021 Aug  8  2025 EULA.txt
2026-03-25 18:50:08,865 - INFO - [36m(setup pid=4352, ip=172.31.33.82)[0m -rw-r--r--  1 ubuntu ubuntu 29574 Dec 30  2024 LICENSE
2026-03-25 18:50:08,865 - INFO - [36m(setup pid=4352, ip=172.31.33.82)[0m -rw-r--r--  1 root   root    1895 Dec  7  2024 LICENSE.txt
2026-03-25 18:50:08,865 - INFO - [36m(setup pid=4352, ip=172.31.33.82)[0m -rw-r--r--  1 root   root     524 Aug  8  2025 README
2026-03-25 18:50:08,865 - INFO - [36m(setup pid=4352, ip=172.31.33.82)[0m drwxrwxr-x  3 root   root    4096 Dec  7  2024 bin
2026-03-25 18:50:08,865 - INFO - [36m(setup pid=4352, ip=172.31.33.82)[0m drwxr-xr-x  5 root   root    4096 Aug  8  2025 compute-sanitizer
2026-03-25 18:50:08,865 - INFO - [36m(setup pid=4352, ip=172.31.33.82)[0m drwxr-xr-x  3 root   root    4096 Aug  8  2025 efa
2026-03-25 18:50:08,865 - INFO - [36m(setup pid=4352, ip=172.31.33.82)[0m drwxr-xr-x  5 root   root    4096 Aug  8  2025 extras
2026-03-25 18:50:08,865 - INFO - [36m(setup pid=4352, ip=172.31.33.82)[0m drwxr-xr-x  5 root   root    4096 Aug  8  2025 gds
2026-03-25 18:50:08,865 - INFO - [36m(setup pid=4352, ip=172.31.33.82)[0m drwxr-xr-x  2 root   root    4096 Aug  8  2025 gds-12.6
2026-03-25 18:50:08,865 - INFO - [36m(setup pid=4352, ip=172.31.33.82)[0m lrwxrwxrwx  1 root   root      28 Aug  8  2025 include -> targets/x86_64-linux/include
2026-03-25 18:50:08,865 - INFO - [36m(setup pid=6356)[0m Reading package lists...
2026-03-25 18:50:08,865 - INFO - [36m(setup pid=4352, ip=172.31.33.82)[0m drwxrwxr-x  3 root   root    4096 Aug  8  2025 lib
2026-03-25 18:50:08,865 - INFO - [36m(setup pid=4352, ip=172.31.33.82)[0m lrwxrwxrwx  1 root   root      24 Aug  8  2025 lib64 -> targets/x86_64-linux/lib
2026-03-25 18:50:08,866 - INFO - [36m(setup pid=4352, ip=172.31.33.82)[0m drwxr-xr-x  7 root   root    4096 Aug  8  2025 libnvvp
2026-03-25 18:50:08,866 - INFO - [36m(setup pid=4352, ip=172.31.33.82)[0m drwxr-xr-x  7 root   root    4096 Aug  8  2025 nsight-compute-2024.3.2
2026-03-25 18:50:08,866 - INFO - [36m(setup pid=4352, ip=172.31.33.82)[0m drwxr-xr-x  6 root   root    4096 Aug  8  2025 nsight-systems-2024.5.1
2026-03-25 18:50:08,866 - INFO - [36m(setup pid=4352, ip=172.31.33.82)[0m drwxr-xr-x  2 root   root    4096 Aug  8  2025 nsightee_plugins
2026-03-25 18:50:08,866 - INFO - [36m(setup pid=4352, ip=172.31.33.82)[0m drwxr-xr-x  3 root   root    4096 Aug  8  2025 nvml
2026-03-25 18:50:08,866 - INFO - [36m(setup pid=4352, ip=172.31.33.82)[0m drwxr-xr-x  6 root   root    4096 Aug  8  2025 nvvm
2026-03-25 18:50:08,866 - INFO - [36m(setup pid=4352, ip=172.31.33.82)[0m drwxr-xr-x  3 root   root    4096 Aug  8  2025 share
2026-03-25 18:50:08,866 - INFO - [36m(setup pid=4352, ip=172.31.33.82)[0m drwxr-xr-x  2 root   root    4096 Aug  8  2025 src
2026-03-25 18:50:08,866 - INFO - [36m(setup pid=4352, ip=172.31.33.82)[0m drwxr-xr-x  3 root   root    4096 Aug  8  2025 targets
2026-03-25 18:50:08,866 - INFO - [36m(setup pid=4352, ip=172.31.33.82)[0m drwxr-xr-x  2 root   root    4096 Aug  8  2025 tools
2026-03-25 18:50:08,866 - INFO - [36m(setup pid=4352, ip=172.31.33.82)[0m -rw-r--r--  1 root   root    2935 Aug  8  2025 version.json
2026-03-25 18:50:08,866 - INFO - [36m(setup pid=4352, ip=172.31.33.82)[0m
2026-03-25 18:50:08,866 - INFO - [36m(setup pid=4352, ip=172.31.33.82)[0m /usr/local/cuda-12.8:
2026-03-25 18:50:08,866 - INFO - [36m(setup pid=4352, ip=172.31.33.82)[0m total 188
2026-03-25 18:50:08,866 - INFO - [36m(setup pid=4352, ip=172.31.33.82)[0m drwxr-xr-x 19 root   root    4096 Aug  8  2025 .
2026-03-25 18:50:08,866 - INFO - [36m(setup pid=4352, ip=172.31.33.82)[0m drwxr-xr-x 15 root   root    4096 Aug  8  2025 ..
2026-03-25 18:50:08,866 - INFO - [36m(setup pid=4352, ip=172.31.33.82)[0m -rw-r--r--  1 root   root     160 Aug  8  2025 DOCS
2026-03-25 18:50:08,866 - INFO - [36m(setup pid=4352, ip=172.31.33.82)[0m -rw-r--r--  1 root   root   63021 Aug  8  2025 EULA.txt
2026-03-25 18:50:08,866 - INFO - [36m(setup pid=4352, ip=172.31.33.82)[0m -rw-r--r--  1 ubuntu ubuntu 29574 May 31  2025 LICENSE
2026-03-25 18:50:08,866 - INFO - [36m(setup pid=4352, ip=172.31.33.82)[0m -rw-r--r--  1 root   root    1895 May 15  2025 LICENSE.txt
2026-03-25 18:50:08,866 - INFO - [36m(setup pid=4352, ip=172.31.33.82)[0m -rw-r--r--  1 root   root     524 Aug  8  2025 README
2026-03-25 18:50:08,866 - INFO - [36m(setup pid=4352, ip=172.31.33.82)[0m drwxr-xr-x  3 root   root    4096 May 15  2025 bin
2026-03-25 18:50:08,866 - INFO - [36m(setup pid=4352, ip=172.31.33.82)[0m drwxr-xr-x  5 root   root    4096 Aug  8  2025 compute-sanitizer
2026-03-25 18:50:08,866 - INFO - [36m(setup pid=4352, ip=172.31.33.82)[0m lrwxrwxrwx  1 root   root      20 Aug  8  2025 cuda-12.8 -> /usr/local/cuda-12.8
2026-03-25 18:50:08,866 - INFO - [36m(setup pid=4352, ip=172.31.33.82)[0m drwxr-xr-x  3 root   root    4096 Aug  8  2025 efa
2026-03-25 18:50:08,866 - INFO - [36m(setup pid=4352, ip=172.31.33.82)[0m drwxr-xr-x  5 root   root    4096 Aug  8  2025 extras
2026-03-25 18:50:08,866 - INFO - [36m(setup pid=4352, ip=172.31.33.82)[0m drwxr-xr-x  5 root   root    4096 Aug  8  2025 gds
2026-03-25 18:50:08,867 - INFO - [36m(setup pid=4352, ip=172.31.33.82)[0m drwxr-xr-x  2 root   root    4096 Aug  8  2025 gds-12.8
2026-03-25 18:50:08,867 - INFO - [36m(setup pid=4352, ip=172.31.33.82)[0m lrwxrwxrwx  1 root   root      28 Aug  8  2025 include -> targets/x86_64-linux/include
2026-03-25 18:50:08,867 - INFO - [36m(setup pid=4352, ip=172.31.33.82)[0m drwxr-xr-x  3 root   root    4096 Aug  8  2025 lib
2026-03-25 18:50:08,867 - INFO - [36m(setup pid=4352, ip=172.31.33.82)[0m lrwxrwxrwx  1 root   root      24 Aug  8  2025 lib64 -> targets/x86_64-linux/lib
2026-03-25 18:50:08,867 - INFO - [36m(setup pid=4352, ip=172.31.33.82)[0m drwxr-xr-x  7 root   root    4096 Aug  8  2025 libnvvp
2026-03-25 18:50:08,867 - INFO - [36m(setup pid=4352, ip=172.31.33.82)[0m drwxr-xr-x  7 root   root    4096 Aug  8  2025 nsight-compute-2025.1.1
2026-03-25 18:50:08,867 - INFO - [36m(setup pid=4352, ip=172.31.33.82)[0m drwxr-xr-x  6 root   root    4096 Aug  8  2025 nsight-systems-2024.6.2
2026-03-25 18:50:08,867 - INFO - [36m(setup pid=4352, ip=172.31.33.82)[0m drwxr-xr-x  2 root   root    4096 Aug  8  2025 nsightee_plugins
2026-03-25 18:50:08,965 - INFO - [36m(setup pid=4352, ip=172.31.33.82)[0m drwxr-xr-x  3 root   root    4096 Aug  8  2025 nvml
2026-03-25 18:50:08,966 - INFO - [36m(setup pid=4352, ip=172.31.33.82)[0m drwxr-xr-x  6 root   root    4096 Aug  8  2025 nvvm
2026-03-25 18:50:08,966 - INFO - [36m(setup pid=4352, ip=172.31.33.82)[0m drwxr-xr-x  3 root   root    4096 Aug  8  2025 share
2026-03-25 18:50:08,966 - INFO - [36m(setup pid=4352, ip=172.31.33.82)[0m drwxr-xr-x  2 root   root    4096 Aug  8  2025 src
2026-03-25 18:50:08,966 - INFO - [36m(setup pid=4352, ip=172.31.33.82)[0m drwxr-xr-x  3 root   root    4096 Aug  8  2025 targets
2026-03-25 18:50:08,966 - INFO - [36m(setup pid=4352, ip=172.31.33.82)[0m drwxr-xr-x  2 root   root    4096 Aug  8  2025 tools
2026-03-25 18:50:08,966 - INFO - [36m(setup pid=4352, ip=172.31.33.82)[0m -rw-r--r--  1 root   root    2940 Aug  8  2025 version.json
2026-03-25 18:50:08,966 - INFO - [36m(setup pid=4352, ip=172.31.33.82)[0m + echo ===================================
2026-03-25 18:50:08,966 - INFO - [36m(setup pid=4352, ip=172.31.33.82)[0m ===================================
2026-03-25 18:50:08,966 - INFO - [36m(setup pid=4352, ip=172.31.33.82)[0m + command -v nvidia-smi
2026-03-25 18:50:08,966 - INFO - [36m(setup pid=4352, ip=172.31.33.82)[0m + '[' true = true ']'
2026-03-25 18:50:08,966 - INFO - [36m(setup pid=4352, ip=172.31.33.82)[0m + echo '=== Fabric Manager for NVSwitch ==='
2026-03-25 18:50:08,966 - INFO - [36m(setup pid=4352, ip=172.31.33.82)[0m === Fabric Manager for NVSwitch ===
2026-03-25 18:50:08,966 - INFO - [36m(setup pid=4352, ip=172.31.33.82)[0m + systemctl is-active --quiet nvidia-fabricmanager
2026-03-25 18:50:08,966 - INFO - [36m(setup pid=4352, ip=172.31.33.82)[0m + echo 'Fabric Manager already running'
2026-03-25 18:50:08,966 - INFO - [36m(setup pid=4352, ip=172.31.33.82)[0m Fabric Manager already running
2026-03-25 18:50:08,966 - INFO - [36m(setup pid=4352, ip=172.31.33.82)[0m + awk 'NR<=15'
2026-03-25 18:50:08,966 - INFO - [36m(setup pid=4352, ip=172.31.33.82)[0m + nvidia-smi topo -m
2026-03-25 18:50:08,966 - INFO - [36m(setup pid=4352, ip=172.31.33.82)[0m 	[4mGPU0	GPU1	GPU2	GPU3	GPU4	GPU5	GPU6	GPU7	CPU Affinity	NUMA Affinity	GPU NUMA ID[0m
2026-03-25 18:50:08,966 - INFO - [36m(setup pid=4352, ip=172.31.33.82)[0m GPU0	 X 	NV12	NV12	NV12	NV12	NV12	NV12	NV12	0-23,48-71	0		N/A
2026-03-25 18:50:08,966 - INFO - [36m(setup pid=4352, ip=172.31.33.82)[0m GPU1	NV12	 X 	NV12	NV12	NV12	NV12	NV12	NV12	0-23,48-71	0		N/A
2026-03-25 18:50:08,967 - INFO - [36m(setup pid=4352, ip=172.31.33.82)[0m GPU2	NV12	NV12	 X 	NV12	NV12	NV12	NV12	NV12	0-23,48-71	0		N/A
2026-03-25 18:50:08,967 - INFO - [36m(setup pid=4352, ip=172.31.33.82)[0m GPU3	NV12	NV12	NV12	 X 	NV12	NV12	NV12	NV12	0-23,48-71	0		N/A
2026-03-25 18:50:08,967 - INFO - [36m(setup pid=4352, ip=172.31.33.82)[0m GPU4	NV12	NV12	NV12	NV12	 X 	NV12	NV12	NV12	24-47,72-95	1		N/A
2026-03-25 18:50:08,967 - INFO - [36m(setup pid=4352, ip=172.31.33.82)[0m GPU5	NV12	NV12	NV12	NV12	NV12	 X 	NV12	NV12	24-47,72-95	1		N/A
2026-03-25 18:50:08,967 - INFO - [36m(setup pid=4352, ip=172.31.33.82)[0m GPU6	NV12	NV12	NV12	NV12	NV12	NV12	 X 	NV12	24-47,72-95	1		N/A
2026-03-25 18:50:08,967 - INFO - [36m(setup pid=4352, ip=172.31.33.82)[0m GPU7	NV12	NV12	NV12	NV12	NV12	NV12	NV12	 X 	24-47,72-95	1		N/A
2026-03-25 18:50:08,967 - INFO - [36m(setup pid=4352, ip=172.31.33.82)[0m
2026-03-25 18:50:08,967 - INFO - [36m(setup pid=4352, ip=172.31.33.82)[0m Legend:
2026-03-25 18:50:08,967 - INFO - [36m(setup pid=4352, ip=172.31.33.82)[0m
2026-03-25 18:50:08,967 - INFO - [36m(setup pid=4352, ip=172.31.33.82)[0m   X    = Self
2026-03-25 18:50:08,967 - INFO - [36m(setup pid=4352, ip=172.31.33.82)[0m   SYS  = Connection traversing PCIe as well as the SMP interconnect between NUMA nodes (e.g., QPI/UPI)
2026-03-25 18:50:08,967 - INFO - [36m(setup pid=4352, ip=172.31.33.82)[0m   NODE = Connection traversing PCIe as well as the interconnect between PCIe Host Bridges within a NUMA node
2026-03-25 18:50:08,967 - INFO - [36m(setup pid=4352, ip=172.31.33.82)[0m + sudo apt-get install -y numactl
2026-03-25 18:50:08,967 - INFO - [36m(setup pid=4352, ip=172.31.33.82)[0m Reading package lists...
2026-03-25 18:50:08,967 - INFO - [36m(setup pid=6356)[0m Building dependency tree...
2026-03-25 18:50:08,967 - INFO - [36m(setup pid=6356)[0m Reading state information...
2026-03-25 18:50:08,967 - INFO - [36m(setup pid=4352, ip=172.31.33.82)[0m Building dependency tree...
2026-03-25 18:50:08,967 - INFO - [36m(setup pid=4352, ip=172.31.33.82)[0m Reading state information...
2026-03-25 18:50:08,967 - INFO - [36m(setup pid=6356)[0m The following NEW packages will be installed:
2026-03-25 18:50:08,967 - INFO - [36m(setup pid=6356)[0m   numactl
2026-03-25 18:50:08,967 - INFO - [36m(setup pid=6356)[0m 0 upgraded, 1 newly installed, 0 to remove and 0 not upgraded.
2026-03-25 18:50:08,967 - INFO - [36m(setup pid=6356)[0m Need to get 36.8 kB of archives.
2026-03-25 18:50:08,967 - INFO - [36m(setup pid=6356)[0m After this operation, 140 kB of additional disk space will be used.
2026-03-25 18:50:08,967 - INFO - [36m(setup pid=6356)[0m Get:1 http://us-east-1.ec2.archive.ubuntu.com/ubuntu jammy/main amd64 numactl amd64 2.0.14-3ubuntu2 [36.8 kB]
2026-03-25 18:50:08,967 - INFO - [36m(setup pid=4352, ip=172.31.33.82)[0m The following NEW packages will be installed:
2026-03-25 18:50:08,967 - INFO - [36m(setup pid=4352, ip=172.31.33.82)[0m   numactl
2026-03-25 18:50:08,967 - INFO - [36m(setup pid=4352, ip=172.31.33.82)[0m 0 upgraded, 1 newly installed, 0 to remove and 0 not upgraded.
2026-03-25 18:50:08,968 - INFO - [36m(setup pid=4352, ip=172.31.33.82)[0m Need to get 36.8 kB of archives.
2026-03-25 18:50:08,968 - INFO - [36m(setup pid=4352, ip=172.31.33.82)[0m After this operation, 140 kB of additional disk space will be used.
2026-03-25 18:50:08,968 - INFO - [36m(setup pid=4352, ip=172.31.33.82)[0m Get:1 http://us-east-1.ec2.archive.ubuntu.com/ubuntu jammy/main amd64 numactl amd64 2.0.14-3ubuntu2 [36.8 kB]
2026-03-25 18:50:08,968 - INFO - [36m(setup pid=6356)[0m Fetched 36.8 kB in 0s (2784 kB/s)
2026-03-25 18:50:08,968 - INFO - [36m(setup pid=4352, ip=172.31.33.82)[0m Fetched 36.8 kB in 0s (1382 kB/s)
2026-03-25 18:50:08,968 - INFO - [36m(setup pid=4352, ip=172.31.33.82)[0m Selecting previously unselected package numactl.
2026-03-25 18:50:08,968 - INFO - [36m(setup pid=6356)[0m Selecting previously unselected package numactl.
2026-03-25 18:50:08,968 - INFO - [36m(setup pid=6356)[0m (Reading database ...
2026-03-25 18:50:09,871 - INFO - (Reading database ... 5%
2026-03-25 18:50:09,872 - INFO - (Reading database ... 10%
2026-03-25 18:50:09,872 - INFO - (Reading database ... 15%
2026-03-25 18:50:09,872 - INFO - (Reading database ... 20%
2026-03-25 18:50:09,872 - INFO - (Reading database ... 25%
2026-03-25 18:50:09,872 - INFO - (Reading database ... 30%
2026-03-25 18:50:09,872 - INFO - (Reading database ... 35%
2026-03-25 18:50:09,872 - INFO - (Reading database ... 40%
2026-03-25 18:50:09,872 - INFO - (Reading database ... 45%
2026-03-25 18:50:09,872 - INFO - [36m(setup pid=4352, ip=172.31.33.82)[0m (Reading database ...
2026-03-25 18:50:09,872 - INFO - (Reading database ... 5%
2026-03-25 18:50:09,872 - INFO - (Reading database ... 10%
2026-03-25 18:50:09,872 - INFO - (Reading database ... 15%
2026-03-25 18:50:09,872 - INFO - (Reading database ... 20%
2026-03-25 18:50:09,872 - INFO - (Reading database ... 25%
2026-03-25 18:50:09,872 - INFO - (Reading database ... 30%
2026-03-25 18:50:09,872 - INFO - (Reading database ... 35%
2026-03-25 18:50:09,872 - INFO - (Reading database ... 40%
2026-03-25 18:50:09,872 - INFO - (Reading database ... 45%
2026-03-25 18:50:09,872 - INFO - [36m(setup pid=4352, ip=172.31.33.82)[0m (Reading database ... 50%
2026-03-25 18:50:09,872 - INFO - [36m(setup pid=6356)[0m (Reading database ... 50%
2026-03-25 18:50:09,872 - INFO - [36m(setup pid=6356)[0m (Reading database ... 55%
2026-03-25 18:50:09,872 - INFO - [36m(setup pid=4352, ip=172.31.33.82)[0m (Reading database ... 55%
2026-03-25 18:50:09,872 - INFO - [36m(setup pid=6356)[0m (Reading database ... 60%
2026-03-25 18:50:09,872 - INFO - [36m(setup pid=4352, ip=172.31.33.82)[0m (Reading database ... 60%
2026-03-25 18:50:09,872 - INFO - [36m(setup pid=6356)[0m (Reading database ... 65%
2026-03-25 18:50:09,873 - INFO - [36m(setup pid=4352, ip=172.31.33.82)[0m (Reading database ... 65%
2026-03-25 18:50:09,873 - INFO - [36m(setup pid=6356)[0m (Reading database ... 70%
2026-03-25 18:50:09,873 - INFO - [36m(setup pid=4352, ip=172.31.33.82)[0m (Reading database ... 70%
2026-03-25 18:50:09,873 - INFO - [36m(setup pid=4352, ip=172.31.33.82)[0m (Reading database ... 75%
2026-03-25 18:50:09,873 - INFO - [36m(setup pid=6356)[0m (Reading database ... 75%
2026-03-25 18:50:13,901 - INFO - [36m(setup pid=6356)[0m (Reading database ... 80%
2026-03-25 18:50:13,901 - INFO - [36m(setup pid=4352, ip=172.31.33.82)[0m (Reading database ... 80%
2026-03-25 18:50:16,724 - INFO - [36m(setup pid=6356)[0m (Reading database ... 85%
2026-03-25 18:50:16,724 - INFO - [36m(setup pid=4352, ip=172.31.33.82)[0m (Reading database ... 85%
2026-03-25 18:50:18,342 - INFO - [36m(setup pid=4352, ip=172.31.33.82)[0m (Reading database ... 90%
2026-03-25 18:50:18,342 - INFO - [36m(setup pid=6356)[0m (Reading database ... 90%
2026-03-25 18:50:19,048 - INFO - [36m(setup pid=4352, ip=172.31.33.82)[0m (Reading database ... 95%
2026-03-25 18:50:19,048 - INFO - (Reading database ... 100%
2026-03-25 18:50:19,048 - INFO - (Reading database ... 96613 files and directories currently installed.)
2026-03-25 18:50:19,048 - INFO - [36m(setup pid=4352, ip=172.31.33.82)[0m Preparing to unpack .../numactl_2.0.14-3ubuntu2_amd64.deb ...
2026-03-25 18:50:19,048 - INFO - [36m(setup pid=6356)[0m (Reading database ... 95%
2026-03-25 18:50:19,048 - INFO - (Reading database ... 100%
2026-03-25 18:50:19,048 - INFO - (Reading database ... 96613 files and directories currently installed.)
2026-03-25 18:50:19,048 - INFO - [36m(setup pid=6356)[0m Preparing to unpack .../numactl_2.0.14-3ubuntu2_amd64.deb ...
2026-03-25 18:50:19,048 - INFO - [36m(setup pid=6356)[0m Unpacking numactl (2.0.14-3ubuntu2) ...
2026-03-25 18:50:19,048 - INFO - [36m(setup pid=4352, ip=172.31.33.82)[0m Unpacking numactl (2.0.14-3ubuntu2) ...
2026-03-25 18:50:19,048 - INFO - [36m(setup pid=6356)[0m Setting up numactl (2.0.14-3ubuntu2) ...
2026-03-25 18:50:32,996 - INFO - [36m(setup pid=6356)[0m Processing triggers for man-db (2.10.2-1) ...
2026-03-25 18:50:32,996 - INFO - [36m(setup pid=4352, ip=172.31.33.82)[0m Setting up numactl (2.0.14-3ubuntu2) ...
2026-03-25 18:50:32,996 - INFO - [36m(setup pid=4352, ip=172.31.33.82)[0m Processing triggers for man-db (2.10.2-1) ...
2026-03-25 18:50:32,996 - INFO - [36m(setup pid=4352, ip=172.31.33.82)[0m
2026-03-25 18:50:33,703 - INFO - [36m(setup pid=4352, ip=172.31.33.82)[0m Running kernel seems to be up-to-date.
2026-03-25 18:50:33,704 - INFO - [36m(setup pid=4352, ip=172.31.33.82)[0m
2026-03-25 18:50:33,704 - INFO - [36m(setup pid=4352, ip=172.31.33.82)[0m No services need to be restarted.
2026-03-25 18:50:33,704 - INFO - [36m(setup pid=4352, ip=172.31.33.82)[0m
2026-03-25 18:50:33,704 - INFO - [36m(setup pid=4352, ip=172.31.33.82)[0m No containers need to be restarted.
2026-03-25 18:50:33,704 - INFO - [36m(setup pid=4352, ip=172.31.33.82)[0m
2026-03-25 18:50:33,704 - INFO - [36m(setup pid=4352, ip=172.31.33.82)[0m No user sessions are running outdated binaries.
2026-03-25 18:50:33,704 - INFO - [36m(setup pid=4352, ip=172.31.33.82)[0m
2026-03-25 18:50:33,704 - INFO - [36m(setup pid=4352, ip=172.31.33.82)[0m No VM guests are running outdated hypervisor (qemu) binaries on this host.
2026-03-25 18:50:33,704 - INFO - [36m(setup pid=6356)[0m
2026-03-25 18:50:34,812 - INFO - [36m(setup pid=6356)[0m Running kernel seems to be up-to-date.
2026-03-25 18:50:34,813 - INFO - [36m(setup pid=6356)[0m
2026-03-25 18:50:34,813 - INFO - [36m(setup pid=6356)[0m No services need to be restarted.
2026-03-25 18:50:34,813 - INFO - [36m(setup pid=6356)[0m
2026-03-25 18:50:34,813 - INFO - [36m(setup pid=6356)[0m No containers need to be restarted.
2026-03-25 18:50:34,813 - INFO - [36m(setup pid=6356)[0m
2026-03-25 18:50:34,813 - INFO - [36m(setup pid=6356)[0m No user sessions are running outdated binaries.
2026-03-25 18:50:34,813 - INFO - [36m(setup pid=6356)[0m
2026-03-25 18:50:34,813 - INFO - [36m(setup pid=6356)[0m No VM guests are running outdated hypervisor (qemu) binaries on this host.
2026-03-25 18:50:34,813 - INFO - [36m(setup pid=4352, ip=172.31.33.82)[0m + command -v uv
2026-03-25 18:50:35,518 - INFO - [36m(setup pid=4352, ip=172.31.33.82)[0m + export PATH=/home/ubuntu/.local/bin:/home/ubuntu/.local/bin:/home/ubuntu/.local/bin:/home/ubuntu/miniconda3/bin:/home/ubuntu/miniconda3/condabin:/opt/amazon/openmpi/bin:/opt/amazon/efa/bin:/usr/local/cuda-12.8/bin:/usr/local/cuda-12.8/include:/usr/local/cuda-12.8/bin:/usr/local/cuda-12.8/include:/usr/local/sbin:/usr/local/bin:/usr/sbin:/usr/bin:/sbin:/bin:/usr/games:/usr/local/games:/snap/bin
2026-03-25 18:50:35,518 - INFO - [36m(setup pid=4352, ip=172.31.33.82)[0m + PATH=/home/ubuntu/.local/bin:/home/ubuntu/.local/bin:/home/ubuntu/.local/bin:/home/ubuntu/miniconda3/bin:/home/ubuntu/miniconda3/condabin:/opt/amazon/openmpi/bin:/opt/amazon/efa/bin:/usr/local/cuda-12.8/bin:/usr/local/cuda-12.8/include:/usr/local/cuda-12.8/bin:/usr/local/cuda-12.8/include:/usr/local/sbin:/usr/local/bin:/usr/sbin:/usr/bin:/sbin:/bin:/usr/games:/usr/local/games:/snap/bin
2026-03-25 18:50:35,518 - INFO - [36m(setup pid=4352, ip=172.31.33.82)[0m + uv venv --python 3.12 --seed --allow-existing
2026-03-25 18:50:35,518 - INFO - [36m(setup pid=6356)[0m + command -v uv
2026-03-25 18:50:35,518 - INFO - [36m(setup pid=6356)[0m + export PATH=/home/ubuntu/.local/bin:/home/ubuntu/.local/bin:/home/ubuntu/.local/bin:/home/ubuntu/miniconda3/bin:/home/ubuntu/miniconda3/condabin:/opt/amazon/openmpi/bin:/opt/amazon/efa/bin:/usr/local/cuda-12.8/bin:/usr/local/cuda-12.8/include:/usr/local/cuda-12.8/bin:/usr/local/cuda-12.8/include:/usr/local/sbin:/usr/local/bin:/usr/sbin:/usr/bin:/sbin:/bin:/usr/games:/usr/local/games:/snap/bin
2026-03-25 18:50:35,518 - INFO - [36m(setup pid=6356)[0m + PATH=/home/ubuntu/.local/bin:/home/ubuntu/.local/bin:/home/ubuntu/.local/bin:/home/ubuntu/miniconda3/bin:/home/ubuntu/miniconda3/condabin:/opt/amazon/openmpi/bin:/opt/amazon/efa/bin:/usr/local/cuda-12.8/bin:/usr/local/cuda-12.8/include:/usr/local/cuda-12.8/bin:/usr/local/cuda-12.8/include:/usr/local/sbin:/usr/local/bin:/usr/sbin:/usr/bin:/sbin:/bin:/usr/games:/usr/local/games:/snap/bin
2026-03-25 18:50:35,518 - INFO - [36m(setup pid=6356)[0m + uv venv --python 3.12 --seed --allow-existing
2026-03-25 18:50:35,518 - INFO - [36m(setup pid=4352, ip=172.31.33.82)[0m Downloading cpython-3.12.13-linux-x86_64-gnu (download) (32.3MiB)
2026-03-25 18:50:36,023 - INFO - [36m(setup pid=6356)[0m Downloading cpython-3.12.13-linux-x86_64-gnu (download) (32.3MiB)
2026-03-25 18:50:36,023 - INFO - [36m(setup pid=4352, ip=172.31.33.82)[0m  Downloaded cpython-3.12.13-linux-x86_64-gnu (download)
2026-03-25 18:50:36,828 - INFO - [36m(setup pid=6356)[0m  Downloaded cpython-3.12.13-linux-x86_64-gnu (download)
2026-03-25 18:50:36,828 - INFO - [36m(setup pid=4352, ip=172.31.33.82)[0m Using CPython 3.12.13
2026-03-25 18:50:36,828 - INFO - [36m(setup pid=4352, ip=172.31.33.82)[0m Creating virtual environment with seed packages at: .venv
2026-03-25 18:50:36,828 - INFO - [36m(setup pid=4352, ip=172.31.33.82)[0m  + pip==26.0.1
2026-03-25 18:50:36,828 - INFO - [36m(setup pid=4352, ip=172.31.33.82)[0m Activate with: source .venv/bin/activate
2026-03-25 18:50:36,828 - INFO - [36m(setup pid=4352, ip=172.31.33.82)[0m + source .venv/bin/activate
2026-03-25 18:50:36,828 - INFO - [36m(setup pid=4352, ip=172.31.33.82)[0m ++ '[' -z '' ']'
2026-03-25 18:50:36,828 - INFO - [36m(setup pid=4352, ip=172.31.33.82)[0m ++ '[' -n x ']'
2026-03-25 18:50:36,828 - INFO - [36m(setup pid=4352, ip=172.31.33.82)[0m ++ SCRIPT_PATH=.venv/bin/activate
2026-03-25 18:50:36,828 - INFO - [36m(setup pid=4352, ip=172.31.33.82)[0m ++ '[' .venv/bin/activate = /tmp/sky_setup_sky-2026-03-25-18-45-22-475539 ']'
2026-03-25 18:50:36,828 - INFO - [36m(setup pid=4352, ip=172.31.33.82)[0m ++ deactivate nondestructive
2026-03-25 18:50:36,828 - INFO - [36m(setup pid=4352, ip=172.31.33.82)[0m ++ unset -f pydoc
2026-03-25 18:50:36,828 - INFO - [36m(setup pid=4352, ip=172.31.33.82)[0m ++ '[' -z '' ']'
2026-03-25 18:50:36,828 - INFO - [36m(setup pid=4352, ip=172.31.33.82)[0m ++ '[' -z '' ']'
2026-03-25 18:50:36,828 - INFO - [36m(setup pid=4352, ip=172.31.33.82)[0m ++ hash -r
2026-03-25 18:50:36,828 - INFO - [36m(setup pid=4352, ip=172.31.33.82)[0m ++ '[' -z '' ']'
2026-03-25 18:50:36,828 - INFO - [36m(setup pid=4352, ip=172.31.33.82)[0m ++ unset VIRTUAL_ENV
2026-03-25 18:50:36,828 - INFO - [36m(setup pid=4352, ip=172.31.33.82)[0m ++ unset VIRTUAL_ENV_PROMPT
2026-03-25 18:50:36,829 - INFO - [36m(setup pid=4352, ip=172.31.33.82)[0m ++ '[' '!' nondestructive = nondestructive ']'
2026-03-25 18:50:36,829 - INFO - [36m(setup pid=4352, ip=172.31.33.82)[0m ++ VIRTUAL_ENV=/home/ubuntu/sky_workdir/.venv
2026-03-25 18:50:36,829 - INFO - [36m(setup pid=4352, ip=172.31.33.82)[0m ++ '[' linux-gnu = cygwin ']'
2026-03-25 18:50:36,829 - INFO - [36m(setup pid=4352, ip=172.31.33.82)[0m ++ '[' linux-gnu = msys ']'
2026-03-25 18:50:36,829 - INFO - [36m(setup pid=4352, ip=172.31.33.82)[0m ++ export VIRTUAL_ENV
2026-03-25 18:50:36,829 - INFO - [36m(setup pid=4352, ip=172.31.33.82)[0m ++ '[' -z '' ']'
2026-03-25 18:50:36,829 - INFO - [36m(setup pid=4352, ip=172.31.33.82)[0m ++ unset SCRIPT_PATH
2026-03-25 18:50:36,829 - INFO - [36m(setup pid=4352, ip=172.31.33.82)[0m ++ _OLD_VIRTUAL_PATH=/home/ubuntu/.local/bin:/home/ubuntu/.local/bin:/home/ubuntu/.local/bin:/home/ubuntu/miniconda3/bin:/home/ubuntu/miniconda3/condabin:/opt/amazon/openmpi/bin:/opt/amazon/efa/bin:/usr/local/cuda-12.8/bin:/usr/local/cuda-12.8/include:/usr/local/cuda-12.8/bin:/usr/local/cuda-12.8/include:/usr/local/sbin:/usr/local/bin:/usr/sbin:/usr/bin:/sbin:/bin:/usr/games:/usr/local/games:/snap/bin
2026-03-25 18:50:36,829 - INFO - [36m(setup pid=4352, ip=172.31.33.82)[0m ++ PATH=/home/ubuntu/sky_workdir/.venv/bin:/home/ubuntu/.local/bin:/home/ubuntu/.local/bin:/home/ubuntu/.local/bin:/home/ubuntu/miniconda3/bin:/home/ubuntu/miniconda3/condabin:/opt/amazon/openmpi/bin:/opt/amazon/efa/bin:/usr/local/cuda-12.8/bin:/usr/local/cuda-12.8/include:/usr/local/cuda-12.8/bin:/usr/local/cuda-12.8/include:/usr/local/sbin:/usr/local/bin:/usr/sbin:/usr/bin:/sbin:/bin:/usr/games:/usr/local/games:/snap/bin
2026-03-25 18:50:36,829 - INFO - [36m(setup pid=4352, ip=172.31.33.82)[0m ++ export PATH
2026-03-25 18:50:36,829 - INFO - [36m(setup pid=4352, ip=172.31.33.82)[0m ++ '[' xsky_workdir '!=' x ']'
2026-03-25 18:50:36,829 - INFO - [36m(setup pid=4352, ip=172.31.33.82)[0m ++ VIRTUAL_ENV_PROMPT=sky_workdir
2026-03-25 18:50:36,829 - INFO - [36m(setup pid=4352, ip=172.31.33.82)[0m ++ export VIRTUAL_ENV_PROMPT
2026-03-25 18:50:36,829 - INFO - [36m(setup pid=4352, ip=172.31.33.82)[0m ++ '[' -z '' ']'
2026-03-25 18:50:36,829 - INFO - [36m(setup pid=4352, ip=172.31.33.82)[0m ++ '[' -z '' ']'
2026-03-25 18:50:36,829 - INFO - [36m(setup pid=4352, ip=172.31.33.82)[0m ++ _OLD_VIRTUAL_PS1='(base) ${debian_chroot:+($debian_chroot)}\u@\h:\w\$ '
2026-03-25 18:50:36,829 - INFO - [36m(setup pid=4352, ip=172.31.33.82)[0m ++ PS1='(sky_workdir) (base) ${debian_chroot:+($debian_chroot)}\u@\h:\w\$ '
2026-03-25 18:50:36,829 - INFO - [36m(setup pid=4352, ip=172.31.33.82)[0m ++ export PS1
2026-03-25 18:50:36,829 - INFO - [36m(setup pid=4352, ip=172.31.33.82)[0m ++ alias pydoc
2026-03-25 18:50:36,829 - INFO - [36m(setup pid=4352, ip=172.31.33.82)[0m ++ true
2026-03-25 18:50:36,829 - INFO - [36m(setup pid=4352, ip=172.31.33.82)[0m ++ hash -r
2026-03-25 18:50:36,829 - INFO - [36m(setup pid=4352, ip=172.31.33.82)[0m + uv pip install datasets requests pynvml aiohttp
2026-03-25 18:50:36,829 - INFO - [36m(setup pid=6356)[0m Using CPython 3.12.13
2026-03-25 18:50:36,829 - INFO - [36m(setup pid=6356)[0m Creating virtual environment with seed packages at: .venv
2026-03-25 18:50:36,829 - INFO - [36m(setup pid=6356)[0m  + pip==26.0.1
2026-03-25 18:50:36,829 - INFO - [36m(setup pid=6356)[0m Activate with: source .venv/bin/activate
2026-03-25 18:50:36,829 - INFO - [36m(setup pid=6356)[0m + source .venv/bin/activate
2026-03-25 18:50:36,829 - INFO - [36m(setup pid=6356)[0m ++ '[' -z '' ']'
2026-03-25 18:50:36,830 - INFO - [36m(setup pid=6356)[0m ++ '[' -n x ']'
2026-03-25 18:50:36,830 - INFO - [36m(setup pid=6356)[0m ++ SCRIPT_PATH=.venv/bin/activate
2026-03-25 18:50:36,830 - INFO - [36m(setup pid=6356)[0m ++ '[' .venv/bin/activate = /tmp/sky_setup_sky-2026-03-25-18-45-22-475539 ']'
2026-03-25 18:50:36,830 - INFO - [36m(setup pid=6356)[0m ++ deactivate nondestructive
2026-03-25 18:50:36,830 - INFO - [36m(setup pid=6356)[0m ++ unset -f pydoc
2026-03-25 18:50:36,830 - INFO - [36m(setup pid=6356)[0m ++ '[' -z '' ']'
2026-03-25 18:50:36,830 - INFO - [36m(setup pid=6356)[0m ++ '[' -z '' ']'
2026-03-25 18:50:36,830 - INFO - [36m(setup pid=6356)[0m ++ hash -r
2026-03-25 18:50:36,830 - INFO - [36m(setup pid=6356)[0m ++ '[' -z '' ']'
2026-03-25 18:50:36,830 - INFO - [36m(setup pid=6356)[0m ++ unset VIRTUAL_ENV
2026-03-25 18:50:36,830 - INFO - [36m(setup pid=6356)[0m ++ unset VIRTUAL_ENV_PROMPT
2026-03-25 18:50:36,830 - INFO - [36m(setup pid=6356)[0m ++ '[' '!' nondestructive = nondestructive ']'
2026-03-25 18:50:36,830 - INFO - [36m(setup pid=6356)[0m ++ VIRTUAL_ENV=/home/ubuntu/sky_workdir/.venv
2026-03-25 18:50:36,830 - INFO - [36m(setup pid=6356)[0m ++ '[' linux-gnu = cygwin ']'
2026-03-25 18:50:36,830 - INFO - [36m(setup pid=6356)[0m ++ '[' linux-gnu = msys ']'
2026-03-25 18:50:36,830 - INFO - [36m(setup pid=6356)[0m ++ export VIRTUAL_ENV
2026-03-25 18:50:36,830 - INFO - [36m(setup pid=6356)[0m ++ '[' -z '' ']'
2026-03-25 18:50:36,830 - INFO - [36m(setup pid=6356)[0m ++ unset SCRIPT_PATH
2026-03-25 18:50:36,830 - INFO - [36m(setup pid=6356)[0m ++ _OLD_VIRTUAL_PATH=/home/ubuntu/.local/bin:/home/ubuntu/.local/bin:/home/ubuntu/.local/bin:/home/ubuntu/miniconda3/bin:/home/ubuntu/miniconda3/condabin:/opt/amazon/openmpi/bin:/opt/amazon/efa/bin:/usr/local/cuda-12.8/bin:/usr/local/cuda-12.8/include:/usr/local/cuda-12.8/bin:/usr/local/cuda-12.8/include:/usr/local/sbin:/usr/local/bin:/usr/sbin:/usr/bin:/sbin:/bin:/usr/games:/usr/local/games:/snap/bin
2026-03-25 18:50:37,431 - INFO - [36m(setup pid=6356)[0m ++ PATH=/home/ubuntu/sky_workdir/.venv/bin:/home/ubuntu/.local/bin:/home/ubuntu/.local/bin:/home/ubuntu/.local/bin:/home/ubuntu/miniconda3/bin:/home/ubuntu/miniconda3/condabin:/opt/amazon/openmpi/bin:/opt/amazon/efa/bin:/usr/local/cuda-12.8/bin:/usr/local/cuda-12.8/include:/usr/local/cuda-12.8/bin:/usr/local/cuda-12.8/include:/usr/local/sbin:/usr/local/bin:/usr/sbin:/usr/bin:/sbin:/bin:/usr/games:/usr/local/games:/snap/bin
2026-03-25 18:50:37,431 - INFO - [36m(setup pid=6356)[0m ++ export PATH
2026-03-25 18:50:37,431 - INFO - [36m(setup pid=6356)[0m ++ '[' xsky_workdir '!=' x ']'
2026-03-25 18:50:37,431 - INFO - [36m(setup pid=6356)[0m ++ VIRTUAL_ENV_PROMPT=sky_workdir
2026-03-25 18:50:37,431 - INFO - [36m(setup pid=6356)[0m ++ export VIRTUAL_ENV_PROMPT
2026-03-25 18:50:37,431 - INFO - [36m(setup pid=6356)[0m ++ '[' -z '' ']'
2026-03-25 18:50:37,431 - INFO - [36m(setup pid=6356)[0m ++ '[' -z '' ']'
2026-03-25 18:50:37,431 - INFO - [36m(setup pid=6356)[0m ++ _OLD_VIRTUAL_PS1='(base) ${debian_chroot:+($debian_chroot)}\u@\h:\w\$ '
2026-03-25 18:50:37,431 - INFO - [36m(setup pid=6356)[0m ++ PS1='(sky_workdir) (base) ${debian_chroot:+($debian_chroot)}\u@\h:\w\$ '
2026-03-25 18:50:37,431 - INFO - [36m(setup pid=6356)[0m ++ export PS1
2026-03-25 18:50:37,431 - INFO - [36m(setup pid=6356)[0m ++ alias pydoc
2026-03-25 18:50:37,431 - INFO - [36m(setup pid=6356)[0m ++ true
2026-03-25 18:50:37,431 - INFO - [36m(setup pid=6356)[0m ++ hash -r
2026-03-25 18:50:37,431 - INFO - [36m(setup pid=6356)[0m + uv pip install datasets requests pynvml aiohttp
2026-03-25 18:50:37,431 - INFO - [36m(setup pid=4352, ip=172.31.33.82)[0m Resolved 44 packages in 116ms
2026-03-25 18:50:37,431 - INFO - [36m(setup pid=4352, ip=172.31.33.82)[0m Downloading pandas (10.4MiB)
2026-03-25 18:50:37,431 - INFO - [36m(setup pid=4352, ip=172.31.33.82)[0m Downloading hf-xet (4.0MiB)
2026-03-25 18:50:37,431 - INFO - [36m(setup pid=4352, ip=172.31.33.82)[0m Downloading pyarrow (45.4MiB)
2026-03-25 18:50:37,431 - INFO - [36m(setup pid=4352, ip=172.31.33.82)[0m Downloading aiohttp (1.7MiB)
2026-03-25 18:50:37,431 - INFO - [36m(setup pid=4352, ip=172.31.33.82)[0m Downloading numpy (15.9MiB)
2026-03-25 18:50:37,431 - INFO - [36m(setup pid=6356)[0m Resolved 44 packages in 113ms
2026-03-25 18:50:37,431 - INFO - [36m(setup pid=6356)[0m Downloading hf-xet (4.0MiB)
2026-03-25 18:50:37,431 - INFO - [36m(setup pid=6356)[0m Downloading pandas (10.4MiB)
2026-03-25 18:50:37,431 - INFO - [36m(setup pid=6356)[0m Downloading aiohttp (1.7MiB)
2026-03-25 18:50:37,431 - INFO - [36m(setup pid=6356)[0m Downloading numpy (15.9MiB)
2026-03-25 18:50:37,431 - INFO - [36m(setup pid=6356)[0m Downloading pyarrow (45.4MiB)
2026-03-25 18:50:37,431 - INFO - [36m(setup pid=4352, ip=172.31.33.82)[0m  Downloaded hf-xet
2026-03-25 18:50:37,432 - INFO - [36m(setup pid=4352, ip=172.31.33.82)[0m  Downloaded aiohttp
2026-03-25 18:50:37,432 - INFO - [36m(setup pid=6356)[0m  Downloaded hf-xet
2026-03-25 18:50:37,432 - INFO - [36m(setup pid=6356)[0m  Downloaded aiohttp
2026-03-25 18:50:37,432 - INFO - [36m(setup pid=4352, ip=172.31.33.82)[0m  Downloaded pyarrow
2026-03-25 18:50:37,432 - INFO - [36m(setup pid=4352, ip=172.31.33.82)[0m  Downloaded numpy
2026-03-25 18:50:37,432 - INFO - [36m(setup pid=6356)[0m  Downloaded pyarrow
2026-03-25 18:50:37,432 - INFO - [36m(setup pid=4352, ip=172.31.33.82)[0m  Downloaded pandas
2026-03-25 18:50:37,432 - INFO - [36m(setup pid=4352, ip=172.31.33.82)[0m Prepared 21 packages in 875ms
2026-03-25 18:50:37,432 - INFO - [36m(setup pid=4352, ip=172.31.33.82)[0m Installed 44 packages in 66ms
2026-03-25 18:50:37,432 - INFO - [36m(setup pid=4352, ip=172.31.33.82)[0m  + aiohappyeyeballs==2.6.1
2026-03-25 18:50:37,432 - INFO - [36m(setup pid=4352, ip=172.31.33.82)[0m  + aiohttp==3.13.3
2026-03-25 18:50:37,432 - INFO - [36m(setup pid=4352, ip=172.31.33.82)[0m  + aiosignal==1.4.0
2026-03-25 18:50:37,432 - INFO - [36m(setup pid=4352, ip=172.31.33.82)[0m  + annotated-doc==0.0.4
2026-03-25 18:50:37,432 - INFO - [36m(setup pid=4352, ip=172.31.33.82)[0m  + anyio==4.13.0
2026-03-25 18:50:37,432 - INFO - [36m(setup pid=4352, ip=172.31.33.82)[0m  + attrs==26.1.0
2026-03-25 18:50:37,432 - INFO - [36m(setup pid=4352, ip=172.31.33.82)[0m  + certifi==2026.2.25
2026-03-25 18:50:37,432 - INFO - [36m(setup pid=4352, ip=172.31.33.82)[0m  + charset-normalizer==3.4.6
2026-03-25 18:50:37,432 - INFO - [36m(setup pid=4352, ip=172.31.33.82)[0m  + click==8.3.1
2026-03-25 18:50:37,432 - INFO - [36m(setup pid=4352, ip=172.31.33.82)[0m  + datasets==4.8.4
2026-03-25 18:50:37,432 - INFO - [36m(setup pid=4352, ip=172.31.33.82)[0m  + dill==0.4.1
2026-03-25 18:50:37,432 - INFO - [36m(setup pid=4352, ip=172.31.33.82)[0m  + filelock==3.25.2
2026-03-25 18:50:37,432 - INFO - [36m(setup pid=4352, ip=172.31.33.82)[0m  + frozenlist==1.8.0
2026-03-25 18:50:37,432 - INFO - [36m(setup pid=4352, ip=172.31.33.82)[0m  + fsspec==2026.2.0
2026-03-25 18:50:37,432 - INFO - [36m(setup pid=4352, ip=172.31.33.82)[0m  + h11==0.16.0
2026-03-25 18:50:37,432 - INFO - [36m(setup pid=4352, ip=172.31.33.82)[0m  + hf-xet==1.4.2
2026-03-25 18:50:37,432 - INFO - [36m(setup pid=4352, ip=172.31.33.82)[0m  + httpcore==1.0.9
2026-03-25 18:50:37,432 - INFO - [36m(setup pid=4352, ip=172.31.33.82)[0m  + httpx==0.28.1
2026-03-25 18:50:37,432 - INFO - [36m(setup pid=4352, ip=172.31.33.82)[0m  + huggingface-hub==1.7.2
2026-03-25 18:50:37,432 - INFO - [36m(setup pid=4352, ip=172.31.33.82)[0m  + idna==3.11
2026-03-25 18:50:37,432 - INFO - [36m(setup pid=4352, ip=172.31.33.82)[0m  + markdown-it-py==4.0.0
2026-03-25 18:50:37,432 - INFO - [36m(setup pid=4352, ip=172.31.33.82)[0m  + mdurl==0.1.2
2026-03-25 18:50:37,432 - INFO - [36m(setup pid=4352, ip=172.31.33.82)[0m  + multidict==6.7.1
2026-03-25 18:50:37,432 - INFO - [36m(setup pid=4352, ip=172.31.33.82)[0m  + multiprocess==0.70.19
2026-03-25 18:50:37,432 - INFO - [36m(setup pid=4352, ip=172.31.33.82)[0m  + numpy==2.4.3
2026-03-25 18:50:37,432 - INFO - [36m(setup pid=4352, ip=172.31.33.82)[0m  + nvidia-ml-py==13.595.45
2026-03-25 18:50:37,432 - INFO - [36m(setup pid=4352, ip=172.31.33.82)[0m  + packaging==26.0
2026-03-25 18:50:37,432 - INFO - [36m(setup pid=4352, ip=172.31.33.82)[0m  + pandas==3.0.1
2026-03-25 18:50:37,432 - INFO - [36m(setup pid=4352, ip=172.31.33.82)[0m  + propcache==0.4.1
2026-03-25 18:50:37,432 - INFO - [36m(setup pid=4352, ip=172.31.33.82)[0m  + pyarrow==23.0.1
2026-03-25 18:50:37,432 - INFO - [36m(setup pid=4352, ip=172.31.33.82)[0m  + pygments==2.19.2
2026-03-25 18:50:37,432 - INFO - [36m(setup pid=4352, ip=172.31.33.82)[0m  + pynvml==13.0.1
2026-03-25 18:50:37,432 - INFO - [36m(setup pid=4352, ip=172.31.33.82)[0m  + python-dateutil==2.9.0.post0
2026-03-25 18:50:37,432 - INFO - [36m(setup pid=4352, ip=172.31.33.82)[0m  + pyyaml==6.0.3
2026-03-25 18:50:37,432 - INFO - [36m(setup pid=4352, ip=172.31.33.82)[0m  + requests==2.32.5
2026-03-25 18:50:37,432 - INFO - [36m(setup pid=4352, ip=172.31.33.82)[0m  + rich==14.3.3
2026-03-25 18:50:37,432 - INFO - [36m(setup pid=4352, ip=172.31.33.82)[0m  + shellingham==1.5.4
2026-03-25 18:50:37,432 - INFO - [36m(setup pid=4352, ip=172.31.33.82)[0m  + six==1.17.0
2026-03-25 18:50:37,432 - INFO - [36m(setup pid=4352, ip=172.31.33.82)[0m  + tqdm==4.67.3
2026-03-25 18:50:37,432 - INFO - [36m(setup pid=4352, ip=172.31.33.82)[0m  + typer==0.24.1
2026-03-25 18:50:37,432 - INFO - [36m(setup pid=4352, ip=172.31.33.82)[0m  + typing-extensions==4.15.0
2026-03-25 18:50:37,433 - INFO - [36m(setup pid=4352, ip=172.31.33.82)[0m  + urllib3==2.6.3
2026-03-25 18:50:37,433 - INFO - [36m(setup pid=4352, ip=172.31.33.82)[0m  + xxhash==3.6.0
2026-03-25 18:50:37,433 - INFO - [36m(setup pid=4352, ip=172.31.33.82)[0m  + yarl==1.23.0
2026-03-25 18:50:37,433 - INFO - [36m(setup pid=6356)[0m  Downloaded numpy
2026-03-25 18:50:37,433 - INFO - [36m(setup pid=6356)[0m  Downloaded pandas
2026-03-25 18:50:37,433 - INFO - [36m(setup pid=6356)[0m Prepared 21 packages in 906ms
2026-03-25 18:50:37,433 - INFO - [36m(setup pid=6356)[0m Installed 44 packages in 34ms
2026-03-25 18:50:37,433 - INFO - [36m(setup pid=6356)[0m  + aiohappyeyeballs==2.6.1
2026-03-25 18:50:37,433 - INFO - [36m(setup pid=6356)[0m  + aiohttp==3.13.3
2026-03-25 18:50:37,433 - INFO - [36m(setup pid=6356)[0m  + aiosignal==1.4.0
2026-03-25 18:50:37,433 - INFO - [36m(setup pid=6356)[0m  + annotated-doc==0.0.4
2026-03-25 18:50:37,433 - INFO - [36m(setup pid=6356)[0m  + anyio==4.13.0
2026-03-25 18:50:37,433 - INFO - [36m(setup pid=6356)[0m  + attrs==26.1.0
2026-03-25 18:50:37,433 - INFO - [36m(setup pid=6356)[0m  + certifi==2026.2.25
2026-03-25 18:50:37,433 - INFO - [36m(setup pid=6356)[0m  + charset-normalizer==3.4.6
2026-03-25 18:50:37,433 - INFO - [36m(setup pid=6356)[0m  + click==8.3.1
2026-03-25 18:50:37,433 - INFO - [36m(setup pid=6356)[0m  + datasets==4.8.4
2026-03-25 18:50:37,433 - INFO - [36m(setup pid=6356)[0m  + dill==0.4.1
2026-03-25 18:50:37,433 - INFO - [36m(setup pid=6356)[0m  + filelock==3.25.2
2026-03-25 18:50:37,433 - INFO - [36m(setup pid=6356)[0m  + frozenlist==1.8.0
2026-03-25 18:50:37,433 - INFO - [36m(setup pid=6356)[0m  + fsspec==2026.2.0
2026-03-25 18:50:37,433 - INFO - [36m(setup pid=6356)[0m  + h11==0.16.0
2026-03-25 18:50:37,433 - INFO - [36m(setup pid=6356)[0m  + hf-xet==1.4.2
2026-03-25 18:50:37,433 - INFO - [36m(setup pid=6356)[0m  + httpcore==1.0.9
2026-03-25 18:50:37,433 - INFO - [36m(setup pid=6356)[0m  + httpx==0.28.1
2026-03-25 18:50:37,433 - INFO - [36m(setup pid=6356)[0m  + huggingface-hub==1.7.2
2026-03-25 18:50:37,433 - INFO - [36m(setup pid=6356)[0m  + idna==3.11
2026-03-25 18:50:37,433 - INFO - [36m(setup pid=6356)[0m  + markdown-it-py==4.0.0
2026-03-25 18:50:37,433 - INFO - [36m(setup pid=6356)[0m  + mdurl==0.1.2
2026-03-25 18:50:37,433 - INFO - [36m(setup pid=6356)[0m  + multidict==6.7.1
2026-03-25 18:50:37,433 - INFO - [36m(setup pid=6356)[0m  + multiprocess==0.70.19
2026-03-25 18:50:37,433 - INFO - [36m(setup pid=6356)[0m  + numpy==2.4.3
2026-03-25 18:50:37,433 - INFO - [36m(setup pid=6356)[0m  + nvidia-ml-py==13.595.45
2026-03-25 18:50:37,433 - INFO - [36m(setup pid=6356)[0m  + packaging==26.0
2026-03-25 18:50:37,433 - INFO - [36m(setup pid=6356)[0m  + pandas==3.0.1
2026-03-25 18:50:37,433 - INFO - [36m(setup pid=6356)[0m  + propcache==0.4.1
2026-03-25 18:50:37,433 - INFO - [36m(setup pid=6356)[0m  + pyarrow==23.0.1
2026-03-25 18:50:37,433 - INFO - [36m(setup pid=6356)[0m  + pygments==2.19.2
2026-03-25 18:50:37,433 - INFO - [36m(setup pid=6356)[0m  + pynvml==13.0.1
2026-03-25 18:50:37,433 - INFO - [36m(setup pid=6356)[0m  + python-dateutil==2.9.0.post0
2026-03-25 18:50:37,433 - INFO - [36m(setup pid=6356)[0m  + pyyaml==6.0.3
2026-03-25 18:50:37,433 - INFO - [36m(setup pid=6356)[0m  + requests==2.32.5
2026-03-25 18:50:37,433 - INFO - [36m(setup pid=6356)[0m  + rich==14.3.3
2026-03-25 18:50:37,433 - INFO - [36m(setup pid=6356)[0m  + shellingham==1.5.4
2026-03-25 18:50:37,433 - INFO - [36m(setup pid=6356)[0m  + six==1.17.0
2026-03-25 18:50:37,433 - INFO - [36m(setup pid=6356)[0m  + tqdm==4.67.3
2026-03-25 18:50:37,433 - INFO - [36m(setup pid=6356)[0m  + typer==0.24.1
2026-03-25 18:50:37,433 - INFO - [36m(setup pid=6356)[0m  + typing-extensions==4.15.0
2026-03-25 18:50:37,433 - INFO - [36m(setup pid=6356)[0m  + urllib3==2.6.3
2026-03-25 18:50:37,433 - INFO - [36m(setup pid=6356)[0m  + xxhash==3.6.0
2026-03-25 18:50:37,433 - INFO - [36m(setup pid=6356)[0m  + yarl==1.23.0
2026-03-25 18:50:37,433 - INFO - [36m(setup pid=4352, ip=172.31.33.82)[0m + echo '=== Installing vLLM 0.10.0 ==='
2026-03-25 18:50:37,433 - INFO - [36m(setup pid=4352, ip=172.31.33.82)[0m === Installing vLLM 0.10.0 ===
2026-03-25 18:50:37,433 - INFO - [36m(setup pid=4352, ip=172.31.33.82)[0m + uv pip install vllm==0.10.0 'ray[cgraph]'
2026-03-25 18:50:37,433 - INFO - [36m(setup pid=6356)[0m + echo '=== Installing vLLM 0.10.0 ==='
2026-03-25 18:50:37,434 - INFO - [36m(setup pid=6356)[0m === Installing vLLM 0.10.0 ===
2026-03-25 18:50:37,434 - INFO - [36m(setup pid=6356)[0m + uv pip install vllm==0.10.0 'ray[cgraph]'
2026-03-25 18:50:37,434 - INFO - [36m(setup pid=4352, ip=172.31.33.82)[0m Resolved 141 packages in 368ms
2026-03-25 18:50:37,434 - INFO - [36m(setup pid=4352, ip=172.31.33.82)[0m Downloading sentencepiece (1.3MiB)
2026-03-25 18:50:37,434 - INFO - [36m(setup pid=4352, ip=172.31.33.82)[0m Downloading setuptools (1.2MiB)
2026-03-25 18:50:37,434 - INFO - [36m(setup pid=4352, ip=172.31.33.82)[0m Downloading uvloop (4.2MiB)
2026-03-25 18:50:37,434 - INFO - [36m(setup pid=4352, ip=172.31.33.82)[0m Downloading networkx (2.0MiB)
2026-03-25 18:50:37,434 - INFO - [36m(setup pid=4352, ip=172.31.33.82)[0m Downloading pycountry (7.7MiB)
2026-03-25 18:50:37,434 - INFO - [36m(setup pid=4352, ip=172.31.33.82)[0m Downloading sympy (6.0MiB)
2026-03-25 18:50:37,434 - INFO - [36m(setup pid=4352, ip=172.31.33.82)[0m Downloading pydantic-core (2.0MiB)
2026-03-25 18:50:37,434 - INFO - [36m(setup pid=4352, ip=172.31.33.82)[0m Downloading transformers (10.2MiB)
2026-03-25 18:50:37,434 - INFO - [36m(setup pid=4352, ip=172.31.33.82)[0m Downloading scipy (33.6MiB)
2026-03-25 18:50:37,434 - INFO - [36m(setup pid=4352, ip=172.31.33.82)[0m Downloading llvmlite (40.4MiB)
2026-03-25 18:50:37,434 - INFO - [36m(setup pid=4352, ip=172.31.33.82)[0m Downloading tiktoken (1.1MiB)
2026-03-25 18:50:37,434 - INFO - [36m(setup pid=4352, ip=172.31.33.82)[0m Downloading numba (3.7MiB)
2026-03-25 18:50:37,434 - INFO - [36m(setup pid=4352, ip=172.31.33.82)[0m Downloading xgrammar (11.3MiB)
2026-03-25 18:50:37,434 - INFO - [36m(setup pid=4352, ip=172.31.33.82)[0m Downloading tokenizers (3.1MiB)
2026-03-25 18:50:37,434 - INFO - [36m(setup pid=4352, ip=172.31.33.82)[0m Downloading ray (69.6MiB)
2026-03-25 18:50:37,434 - INFO - [36m(setup pid=4352, ip=172.31.33.82)[0m Downloading numpy (15.8MiB)
2026-03-25 18:50:37,434 - INFO - [36m(setup pid=4352, ip=172.31.33.82)[0m Downloading nvidia-cufft-cu12 (190.9MiB)
2026-03-25 18:50:37,434 - INFO - [36m(setup pid=4352, ip=172.31.33.82)[0m Downloading pillow (6.7MiB)
2026-03-25 18:50:37,434 - INFO - [36m(setup pid=4352, ip=172.31.33.82)[0m Downloading nvidia-cublas-cu12 (374.9MiB)
2026-03-25 18:50:37,434 - INFO - [36m(setup pid=4352, ip=172.31.33.82)[0m Downloading nvidia-nccl-cu12 (192.0MiB)
2026-03-25 18:50:37,434 - INFO - [36m(setup pid=4352, ip=172.31.33.82)[0m Downloading xformers (111.6MiB)
2026-03-25 18:50:37,434 - INFO - [36m(setup pid=4352, ip=172.31.33.82)[0m Downloading cupy-cuda12x (128.4MiB)
2026-03-25 18:50:37,434 - INFO - [36m(setup pid=4352, ip=172.31.33.82)[0m Downloading soundfile (1.3MiB)
2026-03-25 18:50:37,434 - INFO - [36m(setup pid=4352, ip=172.31.33.82)[0m Downloading vllm (368.7MiB)
2026-03-25 18:50:37,434 - INFO - [36m(setup pid=4352, ip=172.31.33.82)[0m Downloading outlines-core (2.2MiB)
2026-03-25 18:50:37,434 - INFO - [36m(setup pid=4352, ip=172.31.33.82)[0m Downloading torchaudio (3.3MiB)
2026-03-25 18:50:37,434 - INFO - [36m(setup pid=4352, ip=172.31.33.82)[0m Downloading nvidia-cufile-cu12 (1.1MiB)
2026-03-25 18:50:37,434 - INFO - [36m(setup pid=4352, ip=172.31.33.82)[0m Downloading opencv-python-headless (57.6MiB)
2026-03-25 18:50:37,434 - INFO - [36m(setup pid=4352, ip=172.31.33.82)[0m Downloading nvidia-cusparse-cu12 (206.5MiB)
2026-03-25 18:50:37,434 - INFO - [36m(setup pid=4352, ip=172.31.33.82)[0m Downloading llguidance (14.3MiB)
2026-03-25 18:50:37,434 - INFO - [36m(setup pid=4352, ip=172.31.33.82)[0m Downloading triton (148.5MiB)
2026-03-25 18:50:37,434 - INFO - [36m(setup pid=4352, ip=172.31.33.82)[0m Downloading nvidia-cudnn-cu12 (544.5MiB)
2026-03-25 18:50:37,434 - INFO - [36m(setup pid=4352, ip=172.31.33.82)[0m Downloading torchvision (7.1MiB)
2026-03-25 18:50:38,036 - INFO - [36m(setup pid=4352, ip=172.31.33.82)[0m Downloading nvidia-curand-cu12 (53.7MiB)
2026-03-25 18:50:38,036 - INFO - [36m(setup pid=4352, ip=172.31.33.82)[0m Downloading mistral-common (6.2MiB)
2026-03-25 18:50:38,036 - INFO - [36m(setup pid=4352, ip=172.31.33.82)[0m Downloading nvidia-cuda-cupti-cu12 (8.5MiB)
2026-03-25 18:50:38,036 - INFO - [36m(setup pid=4352, ip=172.31.33.82)[0m Downloading nvidia-nvjitlink-cu12 (18.8MiB)
2026-03-25 18:50:38,036 - INFO - [36m(setup pid=4352, ip=172.31.33.82)[0m Downloading nvidia-cusparselt-cu12 (149.5MiB)
2026-03-25 18:50:38,036 - INFO - [36m(setup pid=4352, ip=172.31.33.82)[0m Downloading nvidia-cusolver-cu12 (150.9MiB)
2026-03-25 18:50:38,036 - INFO - [36m(setup pid=4352, ip=172.31.33.82)[0m Downloading nvidia-cuda-nvrtc-cu12 (22.6MiB)
2026-03-25 18:50:38,036 - INFO - [36m(setup pid=4352, ip=172.31.33.82)[0m Downloading torch (783.0MiB)
2026-03-25 18:50:38,036 - INFO - [36m(setup pid=6356)[0m Resolved 141 packages in 358ms
2026-03-25 18:50:38,036 - INFO - [36m(setup pid=6356)[0m Downloading uvloop (4.2MiB)
2026-03-25 18:50:38,036 - INFO - [36m(setup pid=6356)[0m Downloading pydantic-core (2.0MiB)
2026-03-25 18:50:38,036 - INFO - [36m(setup pid=6356)[0m Downloading networkx (2.0MiB)
2026-03-25 18:50:38,036 - INFO - [36m(setup pid=6356)[0m Downloading setuptools (1.2MiB)
2026-03-25 18:50:38,037 - INFO - [36m(setup pid=6356)[0m Downloading transformers (10.2MiB)
2026-03-25 18:50:38,037 - INFO - [36m(setup pid=6356)[0m Downloading tiktoken (1.1MiB)
2026-03-25 18:50:38,037 - INFO - [36m(setup pid=6356)[0m Downloading nvidia-cusparselt-cu12 (149.5MiB)
2026-03-25 18:50:38,037 - INFO - [36m(setup pid=6356)[0m Downloading pycountry (7.7MiB)
2026-03-25 18:50:38,037 - INFO - [36m(setup pid=6356)[0m Downloading scipy (33.6MiB)
2026-03-25 18:50:38,037 - INFO - [36m(setup pid=6356)[0m Downloading sentencepiece (1.3MiB)
2026-03-25 18:50:38,037 - INFO - [36m(setup pid=6356)[0m Downloading opencv-python-headless (57.6MiB)
2026-03-25 18:50:38,037 - INFO - [36m(setup pid=6356)[0m Downloading ray (69.6MiB)
2026-03-25 18:50:38,037 - INFO - [36m(setup pid=6356)[0m Downloading sympy (6.0MiB)
2026-03-25 18:50:38,037 - INFO - [36m(setup pid=6356)[0m Downloading llvmlite (40.4MiB)
2026-03-25 18:50:38,641 - INFO - [36m(setup pid=6356)[0m Downloading tokenizers (3.1MiB)
2026-03-25 18:50:38,641 - INFO - [36m(setup pid=6356)[0m Downloading nvidia-cufile-cu12 (1.1MiB)
2026-03-25 18:50:38,641 - INFO - [36m(setup pid=6356)[0m Downloading nvidia-cuda-nvrtc-cu12 (22.6MiB)
2026-03-25 18:50:38,641 - INFO - [36m(setup pid=6356)[0m Downloading cupy-cuda12x (128.4MiB)
2026-03-25 18:50:38,641 - INFO - [36m(setup pid=6356)[0m Downloading numba (3.7MiB)
2026-03-25 18:50:38,641 - INFO - [36m(setup pid=6356)[0m Downloading nvidia-curand-cu12 (53.7MiB)
2026-03-25 18:50:38,641 - INFO - [36m(setup pid=6356)[0m Downloading nvidia-cublas-cu12 (374.9MiB)
2026-03-25 18:50:38,641 - INFO - [36m(setup pid=6356)[0m Downloading outlines-core (2.2MiB)
2026-03-25 18:50:38,641 - INFO - [36m(setup pid=6356)[0m Downloading pillow (6.7MiB)
2026-03-25 18:50:38,641 - INFO - [36m(setup pid=6356)[0m Downloading torch (783.0MiB)
2026-03-25 18:50:38,641 - INFO - [36m(setup pid=6356)[0m Downloading nvidia-cudnn-cu12 (544.5MiB)
2026-03-25 18:50:38,641 - INFO - [36m(setup pid=6356)[0m Downloading triton (148.5MiB)
2026-03-25 18:50:38,641 - INFO - [36m(setup pid=6356)[0m Downloading xformers (111.6MiB)
2026-03-25 18:50:38,642 - INFO - [36m(setup pid=6356)[0m Downloading nvidia-cusolver-cu12 (150.9MiB)
2026-03-25 18:50:38,642 - INFO - [36m(setup pid=6356)[0m Downloading llguidance (14.3MiB)
2026-03-25 18:50:38,642 - INFO - [36m(setup pid=6356)[0m Downloading torchaudio (3.3MiB)
2026-03-25 18:50:38,642 - INFO - [36m(setup pid=6356)[0m Downloading nvidia-cufft-cu12 (190.9MiB)
2026-03-25 18:50:38,642 - INFO - [36m(setup pid=6356)[0m Downloading torchvision (7.1MiB)
2026-03-25 18:50:38,642 - INFO - [36m(setup pid=6356)[0m Downloading nvidia-cuda-cupti-cu12 (8.5MiB)
2026-03-25 18:50:38,642 - INFO - [36m(setup pid=6356)[0m Downloading mistral-common (6.2MiB)
2026-03-25 18:50:38,642 - INFO - [36m(setup pid=6356)[0m Downloading numpy (15.8MiB)
2026-03-25 18:50:38,642 - INFO - [36m(setup pid=6356)[0m Downloading nvidia-nvjitlink-cu12 (18.8MiB)
2026-03-25 18:50:38,642 - INFO - [36m(setup pid=6356)[0m Downloading vllm (368.7MiB)
2026-03-25 18:50:38,642 - INFO - [36m(setup pid=6356)[0m Downloading xgrammar (11.3MiB)
2026-03-25 18:50:38,642 - INFO - [36m(setup pid=6356)[0m Downloading soundfile (1.3MiB)
2026-03-25 18:50:38,642 - INFO - [36m(setup pid=6356)[0m Downloading nvidia-cusparse-cu12 (206.5MiB)
2026-03-25 18:50:38,642 - INFO - [36m(setup pid=6356)[0m Downloading nvidia-nccl-cu12 (192.0MiB)
2026-03-25 18:50:38,642 - INFO - [36m(setup pid=4352, ip=172.31.33.82)[0m  Downloaded tiktoken
2026-03-25 18:50:38,642 - INFO - [36m(setup pid=4352, ip=172.31.33.82)[0m  Downloaded nvidia-cufile-cu12
2026-03-25 18:50:38,642 - INFO - [36m(setup pid=6356)[0m  Downloaded tiktoken
2026-03-25 18:50:38,642 - INFO - [36m(setup pid=4352, ip=172.31.33.82)[0m  Downloaded soundfile
2026-03-25 18:50:38,642 - INFO - [36m(setup pid=4352, ip=172.31.33.82)[0m  Downloaded sentencepiece
2026-03-25 18:50:38,642 - INFO - [36m(setup pid=6356)[0m  Downloaded nvidia-cufile-cu12
2026-03-25 18:50:38,642 - INFO - [36m(setup pid=6356)[0m  Downloaded sentencepiece
2026-03-25 18:50:38,642 - INFO - [36m(setup pid=6356)[0m  Downloaded soundfile
2026-03-25 18:50:39,245 - INFO - [36m(setup pid=4352, ip=172.31.33.82)[0m  Downloaded pydantic-core
2026-03-25 18:50:39,246 - INFO - [36m(setup pid=4352, ip=172.31.33.82)[0m  Downloaded outlines-core
2026-03-25 18:50:39,246 - INFO - [36m(setup pid=6356)[0m  Downloaded pydantic-core
2026-03-25 18:50:39,246 - INFO - [36m(setup pid=6356)[0m  Downloaded outlines-core
2026-03-25 18:50:39,246 - INFO - [36m(setup pid=4352, ip=172.31.33.82)[0m  Downloaded setuptools
2026-03-25 18:50:39,246 - INFO - [36m(setup pid=4352, ip=172.31.33.82)[0m  Downloaded tokenizers
2026-03-25 18:50:39,246 - INFO - [36m(setup pid=6356)[0m  Downloaded setuptools
2026-03-25 18:50:39,849 - INFO - [36m(setup pid=4352, ip=172.31.33.82)[0m  Downloaded networkx
2026-03-25 18:50:39,850 - INFO - [36m(setup pid=4352, ip=172.31.33.82)[0m  Downloaded torchaudio
2026-03-25 18:50:39,850 - INFO - [36m(setup pid=6356)[0m  Downloaded networkx
2026-03-25 18:50:39,850 - INFO - [36m(setup pid=6356)[0m  Downloaded tokenizers
2026-03-25 18:50:39,850 - INFO - [36m(setup pid=6356)[0m  Downloaded torchaudio
2026-03-25 18:50:39,850 - INFO - [36m(setup pid=4352, ip=172.31.33.82)[0m  Downloaded uvloop
2026-03-25 18:50:39,850 - INFO - [36m(setup pid=6356)[0m  Downloaded uvloop
2026-03-25 18:50:39,850 - INFO - [36m(setup pid=4352, ip=172.31.33.82)[0m  Downloaded numba
2026-03-25 18:50:39,850 - INFO - [36m(setup pid=6356)[0m  Downloaded numba
2026-03-25 18:50:39,850 - INFO - [36m(setup pid=4352, ip=172.31.33.82)[0m  Downloaded mistral-common
2026-03-25 18:50:40,456 - INFO - [36m(setup pid=6356)[0m  Downloaded mistral-common
2026-03-25 18:50:40,456 - INFO - [36m(setup pid=4352, ip=172.31.33.82)[0m  Downloaded pillow
2026-03-25 18:50:40,456 - INFO - [36m(setup pid=4352, ip=172.31.33.82)[0m  Downloaded torchvision
2026-03-25 18:50:40,456 - INFO - [36m(setup pid=6356)[0m  Downloaded pillow
2026-03-25 18:50:40,456 - INFO - [36m(setup pid=6356)[0m  Downloaded torchvision
2026-03-25 18:50:40,456 - INFO - [36m(setup pid=4352, ip=172.31.33.82)[0m  Downloaded pycountry
2026-03-25 18:50:40,456 - INFO - [36m(setup pid=4352, ip=172.31.33.82)[0m  Downloaded nvidia-cuda-cupti-cu12
2026-03-25 18:50:41,060 - INFO - [36m(setup pid=6356)[0m  Downloaded pycountry
2026-03-25 18:50:41,061 - INFO - [36m(setup pid=6356)[0m  Downloaded nvidia-cuda-cupti-cu12
2026-03-25 18:50:41,061 - INFO - [36m(setup pid=4352, ip=172.31.33.82)[0m  Downloaded sympy
2026-03-25 18:50:41,061 - INFO - [36m(setup pid=4352, ip=172.31.33.82)[0m  Downloaded xgrammar
2026-03-25 18:50:41,061 - INFO - [36m(setup pid=6356)[0m  Downloaded sympy
2026-03-25 18:50:41,564 - INFO - [36m(setup pid=6356)[0m  Downloaded xgrammar
2026-03-25 18:50:41,565 - INFO - [36m(setup pid=4352, ip=172.31.33.82)[0m  Downloaded llguidance
2026-03-25 18:50:41,565 - INFO - [36m(setup pid=6356)[0m  Downloaded llguidance
2026-03-25 18:50:42,170 - INFO - [36m(setup pid=4352, ip=172.31.33.82)[0m  Downloaded numpy
2026-03-25 18:50:42,171 - INFO - [36m(setup pid=6356)[0m  Downloaded numpy
2026-03-25 18:50:42,171 - INFO - [36m(setup pid=4352, ip=172.31.33.82)[0m  Downloaded transformers
2026-03-25 18:50:42,171 - INFO - [36m(setup pid=6356)[0m  Downloaded transformers
2026-03-25 18:50:43,584 - INFO - [36m(setup pid=4352, ip=172.31.33.82)[0m  Downloaded nvidia-nvjitlink-cu12
2026-03-25 18:50:43,584 - INFO - [36m(setup pid=6356)[0m  Downloaded nvidia-nvjitlink-cu12
2026-03-25 18:50:43,584 - INFO - [36m(setup pid=4352, ip=172.31.33.82)[0m  Downloaded nvidia-cuda-nvrtc-cu12
2026-03-25 18:50:43,584 - INFO - [36m(setup pid=6356)[0m  Downloaded nvidia-cuda-nvrtc-cu12
2026-03-25 18:50:43,584 - INFO - [36m(setup pid=4352, ip=172.31.33.82)[0m  Downloaded scipy
2026-03-25 18:50:44,290 - INFO - [36m(setup pid=6356)[0m  Downloaded scipy
2026-03-25 18:50:44,994 - INFO - [36m(setup pid=4352, ip=172.31.33.82)[0m  Downloaded llvmlite
2026-03-25 18:50:44,994 - INFO - [36m(setup pid=6356)[0m  Downloaded llvmlite
2026-03-25 18:50:45,600 - INFO - [36m(setup pid=4352, ip=172.31.33.82)[0m  Downloaded nvidia-curand-cu12
2026-03-25 18:50:46,204 - INFO - [36m(setup pid=6356)[0m  Downloaded nvidia-curand-cu12
2026-03-25 18:50:46,205 - INFO - [36m(setup pid=4352, ip=172.31.33.82)[0m  Downloaded opencv-python-headless
2026-03-25 18:50:50,443 - INFO - [36m(setup pid=6356)[0m  Downloaded opencv-python-headless
2026-03-25 18:50:50,443 - INFO - [36m(setup pid=4352, ip=172.31.33.82)[0m  Downloaded xformers
2026-03-25 18:50:51,150 - INFO - [36m(setup pid=6356)[0m  Downloaded xformers
2026-03-25 18:50:52,160 - INFO - [36m(setup pid=6356)[0m  Downloaded ray
2026-03-25 18:50:52,867 - INFO - [36m(setup pid=4352, ip=172.31.33.82)[0m  Downloaded ray
2026-03-25 18:50:52,868 - INFO - [36m(setup pid=4352, ip=172.31.33.82)[0m  Downloaded nvidia-cusparselt-cu12
2026-03-25 18:50:53,675 - INFO - [36m(setup pid=4352, ip=172.31.33.82)[0m  Downloaded triton
2026-03-25 18:50:53,675 - INFO - [36m(setup pid=4352, ip=172.31.33.82)[0m  Downloaded nvidia-cusolver-cu12
2026-03-25 18:50:53,675 - INFO - [36m(setup pid=6356)[0m  Downloaded nvidia-cusolver-cu12
2026-03-25 18:50:54,179 - INFO - [36m(setup pid=6356)[0m  Downloaded nvidia-cusparselt-cu12
2026-03-25 18:50:54,179 - INFO - [36m(setup pid=6356)[0m  Downloaded triton
2026-03-25 18:50:54,179 - INFO - [36m(setup pid=4352, ip=172.31.33.82)[0m  Downloaded cupy-cuda12x
2026-03-25 18:50:54,179 - INFO - [36m(setup pid=6356)[0m  Downloaded cupy-cuda12x
2026-03-25 18:50:54,786 - INFO - [36m(setup pid=4352, ip=172.31.33.82)[0m  Downloaded nvidia-cufft-cu12
2026-03-25 18:50:56,803 - INFO - [36m(setup pid=4352, ip=172.31.33.82)[0m  Downloaded nvidia-nccl-cu12
2026-03-25 18:50:56,804 - INFO - [36m(setup pid=6356)[0m  Downloaded nvidia-cufft-cu12
2026-03-25 18:50:56,804 - INFO - [36m(setup pid=6356)[0m  Downloaded nvidia-nccl-cu12
2026-03-25 18:50:56,804 - INFO - [36m(setup pid=4352, ip=172.31.33.82)[0m  Downloaded nvidia-cusparse-cu12
2026-03-25 18:50:56,804 - INFO - [36m(setup pid=6356)[0m  Downloaded nvidia-cusparse-cu12
2026-03-25 18:50:56,804 - INFO - [36m(setup pid=4352, ip=172.31.33.82)[0m  Downloaded nvidia-cublas-cu12
2026-03-25 18:50:57,709 - INFO - [36m(setup pid=6356)[0m  Downloaded nvidia-cublas-cu12
2026-03-25 18:50:59,638 - INFO - [36m(setup pid=4352, ip=172.31.33.82)[0m  Downloaded nvidia-cudnn-cu12
2026-03-25 18:51:05,279 - INFO - [36m(setup pid=4352, ip=172.31.33.82)[0m  Downloaded vllm
2026-03-25 18:51:05,279 - INFO - [36m(setup pid=6356)[0m  Downloaded nvidia-cudnn-cu12
2026-03-25 18:51:05,279 - INFO - [36m(setup pid=6356)[0m  Downloaded vllm
2026-03-25 18:51:05,279 - INFO - [36m(setup pid=4352, ip=172.31.33.82)[0m  Downloaded torch
2026-03-25 18:51:05,886 - INFO - [36m(setup pid=4352, ip=172.31.33.82)[0m Prepared 92 packages in 27.91s
2026-03-25 18:51:05,886 - INFO - [36m(setup pid=4352, ip=172.31.33.82)[0m Uninstalled 1 package in 9ms
2026-03-25 18:51:05,886 - INFO - [36m(setup pid=6356)[0m  Downloaded torch
2026-03-25 18:51:05,886 - INFO - [36m(setup pid=6356)[0m Prepared 92 packages in 28.00s
2026-03-25 18:51:05,886 - INFO - [36m(setup pid=6356)[0m Uninstalled 1 package in 9ms
2026-03-25 18:51:05,886 - INFO - [36m(setup pid=4352, ip=172.31.33.82)[0m Installed 106 packages in 302ms
2026-03-25 18:51:05,886 - INFO - [36m(setup pid=4352, ip=172.31.33.82)[0m  + annotated-types==0.7.0
2026-03-25 18:51:05,886 - INFO - [36m(setup pid=4352, ip=172.31.33.82)[0m  + astor==0.8.1
2026-03-25 18:51:05,886 - INFO - [36m(setup pid=4352, ip=172.31.33.82)[0m  + blake3==1.0.8
2026-03-25 18:51:05,886 - INFO - [36m(setup pid=4352, ip=172.31.33.82)[0m  + cachetools==7.0.5
2026-03-25 18:51:05,886 - INFO - [36m(setup pid=4352, ip=172.31.33.82)[0m  + cbor2==5.9.0
2026-03-25 18:51:05,886 - INFO - [36m(setup pid=4352, ip=172.31.33.82)[0m  + cffi==2.0.0
2026-03-25 18:51:05,886 - INFO - [36m(setup pid=4352, ip=172.31.33.82)[0m  + cloudpickle==3.1.2
2026-03-25 18:51:05,886 - INFO - [36m(setup pid=4352, ip=172.31.33.82)[0m  + compressed-tensors==0.10.2
2026-03-25 18:51:05,886 - INFO - [36m(setup pid=4352, ip=172.31.33.82)[0m  + cuda-pathfinder==1.5.0
2026-03-25 18:51:05,886 - INFO - [36m(setup pid=4352, ip=172.31.33.82)[0m  + cupy-cuda12x==14.0.1
2026-03-25 18:51:05,886 - INFO - [36m(setup pid=4352, ip=172.31.33.82)[0m  + depyf==0.19.0
2026-03-25 18:51:05,886 - INFO - [36m(setup pid=4352, ip=172.31.33.82)[0m  + diskcache==5.6.3
2026-03-25 18:51:05,886 - INFO - [36m(setup pid=4352, ip=172.31.33.82)[0m  + distro==1.9.0
2026-03-25 18:51:05,886 - INFO - [36m(setup pid=4352, ip=172.31.33.82)[0m  + dnspython==2.8.0
2026-03-25 18:51:05,886 - INFO - [36m(setup pid=4352, ip=172.31.33.82)[0m  + einops==0.8.2
2026-03-25 18:51:05,886 - INFO - [36m(setup pid=4352, ip=172.31.33.82)[0m  + email-validator==2.3.0
2026-03-25 18:51:05,886 - INFO - [36m(setup pid=4352, ip=172.31.33.82)[0m  + fastapi==0.135.2
2026-03-25 18:51:05,886 - INFO - [36m(setup pid=4352, ip=172.31.33.82)[0m  + fastapi-cli==0.0.24
2026-03-25 18:51:05,886 - INFO - [36m(setup pid=4352, ip=172.31.33.82)[0m  + fastapi-cloud-cli==0.15.0
2026-03-25 18:51:05,886 - INFO - [36m(setup pid=4352, ip=172.31.33.82)[0m  + fastar==0.9.0
2026-03-25 18:51:05,886 - INFO - [36m(setup pid=4352, ip=172.31.33.82)[0m  + gguf==0.18.0
2026-03-25 18:51:05,886 - INFO - [36m(setup pid=4352, ip=172.31.33.82)[0m  + httptools==0.7.1
2026-03-25 18:51:05,886 - INFO - [36m(setup pid=4352, ip=172.31.33.82)[0m  + interegular==0.3.3
2026-03-25 18:51:05,886 - INFO - [36m(setup pid=4352, ip=172.31.33.82)[0m  + jinja2==3.1.6
2026-03-25 18:51:05,887 - INFO - [36m(setup pid=4352, ip=172.31.33.82)[0m  + jiter==0.13.0
2026-03-25 18:51:05,887 - INFO - [36m(setup pid=4352, ip=172.31.33.82)[0m  + jsonschema==4.26.0
2026-03-25 18:51:05,887 - INFO - [36m(setup pid=4352, ip=172.31.33.82)[0m  + jsonschema-specifications==2025.9.1
2026-03-25 18:51:05,887 - INFO - [36m(setup pid=4352, ip=172.31.33.82)[0m  + lark==1.2.2
2026-03-25 18:51:05,887 - INFO - [36m(setup pid=4352, ip=172.31.33.82)[0m  + llguidance==0.7.30
2026-03-25 18:51:05,887 - INFO - [36m(setup pid=4352, ip=172.31.33.82)[0m  + llvmlite==0.44.0
2026-03-25 18:51:05,887 - INFO - [36m(setup pid=4352, ip=172.31.33.82)[0m  + lm-format-enforcer==0.10.12
2026-03-25 18:51:05,887 - INFO - [36m(setup pid=4352, ip=172.31.33.82)[0m  + markupsafe==3.0.3
2026-03-25 18:51:05,887 - INFO - [36m(setup pid=4352, ip=172.31.33.82)[0m  + mistral-common==1.10.0
2026-03-25 18:51:05,887 - INFO - [36m(setup pid=4352, ip=172.31.33.82)[0m  + mpmath==1.3.0
2026-03-25 18:51:05,887 - INFO - [36m(setup pid=4352, ip=172.31.33.82)[0m  + msgpack==1.1.2
2026-03-25 18:51:05,887 - INFO - [36m(setup pid=4352, ip=172.31.33.82)[0m  + msgspec==0.20.0
2026-03-25 18:51:05,887 - INFO - [36m(setup pid=4352, ip=172.31.33.82)[0m  + networkx==3.6.1
2026-03-25 18:51:05,887 - INFO - [36m(setup pid=4352, ip=172.31.33.82)[0m  + ninja==1.13.0
2026-03-25 18:51:05,887 - INFO - [36m(setup pid=4352, ip=172.31.33.82)[0m  + numba==0.61.2
2026-03-25 18:51:05,887 - INFO - [36m(setup pid=4352, ip=172.31.33.82)[0m  - numpy==2.4.3
2026-03-25 18:51:05,887 - INFO - [36m(setup pid=4352, ip=172.31.33.82)[0m  + numpy==2.2.6
2026-03-25 18:51:05,887 - INFO - [36m(setup pid=4352, ip=172.31.33.82)[0m  + nvidia-cublas-cu12==12.6.4.1
2026-03-25 18:51:05,887 - INFO - [36m(setup pid=4352, ip=172.31.33.82)[0m  + nvidia-cuda-cupti-cu12==12.6.80
2026-03-25 18:51:05,887 - INFO - [36m(setup pid=4352, ip=172.31.33.82)[0m  + nvidia-cuda-nvrtc-cu12==12.6.77
2026-03-25 18:51:05,887 - INFO - [36m(setup pid=4352, ip=172.31.33.82)[0m  + nvidia-cuda-runtime-cu12==12.6.77
2026-03-25 18:51:05,887 - INFO - [36m(setup pid=4352, ip=172.31.33.82)[0m  + nvidia-cudnn-cu12==9.5.1.17
2026-03-25 18:51:05,887 - INFO - [36m(setup pid=4352, ip=172.31.33.82)[0m  + nvidia-cufft-cu12==11.3.0.4
2026-03-25 18:51:05,887 - INFO - [36m(setup pid=4352, ip=172.31.33.82)[0m  + nvidia-cufile-cu12==1.11.1.6
2026-03-25 18:51:05,887 - INFO - [36m(setup pid=4352, ip=172.31.33.82)[0m  + nvidia-curand-cu12==10.3.7.77
2026-03-25 18:51:05,887 - INFO - [36m(setup pid=4352, ip=172.31.33.82)[0m  + nvidia-cusolver-cu12==11.7.1.2
2026-03-25 18:51:05,887 - INFO - [36m(setup pid=4352, ip=172.31.33.82)[0m  + nvidia-cusparse-cu12==12.5.4.2
2026-03-25 18:51:05,887 - INFO - [36m(setup pid=4352, ip=172.31.33.82)[0m  + nvidia-cusparselt-cu12==0.6.3
2026-03-25 18:51:05,887 - INFO - [36m(setup pid=4352, ip=172.31.33.82)[0m  + nvidia-nccl-cu12==2.26.2
2026-03-25 18:51:05,887 - INFO - [36m(setup pid=4352, ip=172.31.33.82)[0m  + nvidia-nvjitlink-cu12==12.6.85
2026-03-25 18:51:05,887 - INFO - [36m(setup pid=4352, ip=172.31.33.82)[0m  + nvidia-nvtx-cu12==12.6.77
2026-03-25 18:51:05,887 - INFO - [36m(setup pid=4352, ip=172.31.33.82)[0m  + openai==1.90.0
2026-03-25 18:51:05,887 - INFO - [36m(setup pid=4352, ip=172.31.33.82)[0m  + opencv-python-headless==4.13.0.92
2026-03-25 18:51:05,887 - INFO - [36m(setup pid=4352, ip=172.31.33.82)[0m  + outlines-core==0.2.10
2026-03-25 18:51:05,887 - INFO - [36m(setup pid=4352, ip=172.31.33.82)[0m  + partial-json-parser==0.2.1.1.post7
2026-03-25 18:51:05,887 - INFO - [36m(setup pid=4352, ip=172.31.33.82)[0m  + pillow==12.1.1
2026-03-25 18:51:05,887 - INFO - [36m(setup pid=4352, ip=172.31.33.82)[0m  + prometheus-client==0.24.1
2026-03-25 18:51:05,887 - INFO - [36m(setup pid=4352, ip=172.31.33.82)[0m  + prometheus-fastapi-instrumentator==7.1.0
2026-03-25 18:51:05,887 - INFO - [36m(setup pid=4352, ip=172.31.33.82)[0m  + protobuf==7.34.1
2026-03-25 18:51:05,887 - INFO - [36m(setup pid=4352, ip=172.31.33.82)[0m  + psutil==7.2.2
2026-03-25 18:51:05,887 - INFO - [36m(setup pid=4352, ip=172.31.33.82)[0m  + py-cpuinfo==9.0.0
2026-03-25 18:51:05,887 - INFO - [36m(setup pid=4352, ip=172.31.33.82)[0m  + pybase64==1.4.3
2026-03-25 18:51:05,887 - INFO - [36m(setup pid=4352, ip=172.31.33.82)[0m  + pycountry==26.2.16
2026-03-25 18:51:05,887 - INFO - [36m(setup pid=4352, ip=172.31.33.82)[0m  + pycparser==3.0
2026-03-25 18:51:05,887 - INFO - [36m(setup pid=4352, ip=172.31.33.82)[0m  + pydantic==2.12.5
2026-03-25 18:51:05,887 - INFO - [36m(setup pid=4352, ip=172.31.33.82)[0m  + pydantic-core==2.41.5
2026-03-25 18:51:05,887 - INFO - [36m(setup pid=4352, ip=172.31.33.82)[0m  + pydantic-extra-types==2.11.1
2026-03-25 18:51:05,887 - INFO - [36m(setup pid=4352, ip=172.31.33.82)[0m  + pydantic-settings==2.13.1
2026-03-25 18:51:05,887 - INFO - [36m(setup pid=4352, ip=172.31.33.82)[0m  + python-dotenv==1.2.2
2026-03-25 18:51:05,887 - INFO - [36m(setup pid=4352, ip=172.31.33.82)[0m  + python-json-logger==4.0.0
2026-03-25 18:51:05,887 - INFO - [36m(setup pid=4352, ip=172.31.33.82)[0m  + python-multipart==0.0.22
2026-03-25 18:51:05,887 - INFO - [36m(setup pid=4352, ip=172.31.33.82)[0m  + pyzmq==27.1.0
2026-03-25 18:51:05,888 - INFO - [36m(setup pid=4352, ip=172.31.33.82)[0m  + ray==2.54.0
2026-03-25 18:51:05,888 - INFO - [36m(setup pid=4352, ip=172.31.33.82)[0m  + referencing==0.37.0
2026-03-25 18:51:05,888 - INFO - [36m(setup pid=4352, ip=172.31.33.82)[0m  + regex==2026.2.28
2026-03-25 18:51:05,888 - INFO - [36m(setup pid=4352, ip=172.31.33.82)[0m  + rich-toolkit==0.19.7
2026-03-25 18:51:05,888 - INFO - [36m(setup pid=4352, ip=172.31.33.82)[0m  + rignore==0.7.6
2026-03-25 18:51:05,888 - INFO - [36m(setup pid=4352, ip=172.31.33.82)[0m  + rpds-py==0.30.0
2026-03-25 18:51:05,888 - INFO - [36m(setup pid=4352, ip=172.31.33.82)[0m  + safetensors==0.7.0
2026-03-25 18:51:05,888 - INFO - [36m(setup pid=4352, ip=172.31.33.82)[0m  + scipy==1.17.1
2026-03-25 18:51:05,888 - INFO - [36m(setup pid=4352, ip=172.31.33.82)[0m  + sentencepiece==0.2.1
2026-03-25 18:51:05,888 - INFO - [36m(setup pid=4352, ip=172.31.33.82)[0m  + sentry-sdk==2.56.0
2026-03-25 18:51:05,888 - INFO - [36m(setup pid=4352, ip=172.31.33.82)[0m  + setuptools==79.0.1
2026-03-25 18:51:05,888 - INFO - [36m(setup pid=4352, ip=172.31.33.82)[0m  + sniffio==1.3.1
2026-03-25 18:51:05,888 - INFO - [36m(setup pid=4352, ip=172.31.33.82)[0m  + soundfile==0.13.1
2026-03-25 18:51:05,888 - INFO - [36m(setup pid=4352, ip=172.31.33.82)[0m  + soxr==1.0.0
2026-03-25 18:51:05,888 - INFO - [36m(setup pid=4352, ip=172.31.33.82)[0m  + starlette==0.52.1
2026-03-25 18:51:05,888 - INFO - [36m(setup pid=4352, ip=172.31.33.82)[0m  + sympy==1.14.0
2026-03-25 18:51:05,888 - INFO - [36m(setup pid=4352, ip=172.31.33.82)[0m  + tiktoken==0.12.0
2026-03-25 18:51:05,888 - INFO - [36m(setup pid=4352, ip=172.31.33.82)[0m  + tokenizers==0.22.2
2026-03-25 18:51:05,888 - INFO - [36m(setup pid=4352, ip=172.31.33.82)[0m  + torch==2.7.1
2026-03-25 18:51:05,888 - INFO - [36m(setup pid=4352, ip=172.31.33.82)[0m  + torchaudio==2.7.1
2026-03-25 18:51:05,888 - INFO - [36m(setup pid=4352, ip=172.31.33.82)[0m  + torchvision==0.22.1
2026-03-25 18:51:05,888 - INFO - [36m(setup pid=4352, ip=172.31.33.82)[0m  + transformers==5.3.0
2026-03-25 18:51:05,888 - INFO - [36m(setup pid=4352, ip=172.31.33.82)[0m  + triton==3.3.1
2026-03-25 18:51:05,888 - INFO - [36m(setup pid=4352, ip=172.31.33.82)[0m  + typing-inspection==0.4.2
2026-03-25 18:51:05,888 - INFO - [36m(setup pid=4352, ip=172.31.33.82)[0m  + uvicorn==0.42.0
2026-03-25 18:51:05,888 - INFO - [36m(setup pid=4352, ip=172.31.33.82)[0m  + uvloop==0.22.1
2026-03-25 18:51:05,888 - INFO - [36m(setup pid=4352, ip=172.31.33.82)[0m  + vllm==0.10.0
2026-03-25 18:51:05,888 - INFO - [36m(setup pid=4352, ip=172.31.33.82)[0m  + watchfiles==1.1.1
2026-03-25 18:51:05,888 - INFO - [36m(setup pid=4352, ip=172.31.33.82)[0m  + websockets==16.0
2026-03-25 18:51:05,888 - INFO - [36m(setup pid=4352, ip=172.31.33.82)[0m  + xformers==0.0.31
2026-03-25 18:51:05,888 - INFO - [36m(setup pid=4352, ip=172.31.33.82)[0m  + xgrammar==0.1.21
2026-03-25 18:51:05,888 - INFO - [36m(setup pid=4352, ip=172.31.33.82)[0m + echo '=== Pinning transformers==4.57.3 (avoid 5.x breaking changes) ==='
2026-03-25 18:51:05,888 - INFO - [36m(setup pid=4352, ip=172.31.33.82)[0m === Pinning transformers==4.57.3 (avoid 5.x breaking changes) ===
2026-03-25 18:51:05,888 - INFO - [36m(setup pid=4352, ip=172.31.33.82)[0m + uv pip install transformers==4.57.3
2026-03-25 18:51:05,888 - INFO - [36m(setup pid=4352, ip=172.31.33.82)[0m Resolved 18 packages in 61ms
2026-03-25 18:51:05,888 - INFO - [36m(setup pid=4352, ip=172.31.33.82)[0m Downloading transformers (11.4MiB)
2026-03-25 18:51:05,888 - INFO - [36m(setup pid=6356)[0m Installed 106 packages in 254ms
2026-03-25 18:51:05,888 - INFO - [36m(setup pid=6356)[0m  + annotated-types==0.7.0
2026-03-25 18:51:05,888 - INFO - [36m(setup pid=6356)[0m  + astor==0.8.1
2026-03-25 18:51:05,888 - INFO - [36m(setup pid=6356)[0m  + blake3==1.0.8
2026-03-25 18:51:05,888 - INFO - [36m(setup pid=6356)[0m  + cachetools==7.0.5
2026-03-25 18:51:05,888 - INFO - [36m(setup pid=6356)[0m  + cbor2==5.9.0
2026-03-25 18:51:05,888 - INFO - [36m(setup pid=6356)[0m  + cffi==2.0.0
2026-03-25 18:51:05,888 - INFO - [36m(setup pid=6356)[0m  + cloudpickle==3.1.2
2026-03-25 18:51:05,888 - INFO - [36m(setup pid=6356)[0m  + compressed-tensors==0.10.2
2026-03-25 18:51:05,888 - INFO - [36m(setup pid=6356)[0m  + cuda-pathfinder==1.5.0
2026-03-25 18:51:06,792 - INFO - [36m(setup pid=6356)[0m  + cupy-cuda12x==14.0.1
2026-03-25 18:51:06,792 - INFO - [36m(setup pid=6356)[0m  + depyf==0.19.0
2026-03-25 18:51:06,792 - INFO - [36m(setup pid=6356)[0m  + diskcache==5.6.3
2026-03-25 18:51:06,792 - INFO - [36m(setup pid=6356)[0m  + distro==1.9.0
2026-03-25 18:51:06,792 - INFO - [36m(setup pid=6356)[0m  + dnspython==2.8.0
2026-03-25 18:51:06,792 - INFO - [36m(setup pid=6356)[0m  + einops==0.8.2
2026-03-25 18:51:06,792 - INFO - [36m(setup pid=6356)[0m  + email-validator==2.3.0
2026-03-25 18:51:06,792 - INFO - [36m(setup pid=6356)[0m  + fastapi==0.135.2
2026-03-25 18:51:06,792 - INFO - [36m(setup pid=6356)[0m  + fastapi-cli==0.0.24
2026-03-25 18:51:06,792 - INFO - [36m(setup pid=6356)[0m  + fastapi-cloud-cli==0.15.0
2026-03-25 18:51:06,792 - INFO - [36m(setup pid=6356)[0m  + fastar==0.9.0
2026-03-25 18:51:06,792 - INFO - [36m(setup pid=6356)[0m  + gguf==0.18.0
2026-03-25 18:51:06,792 - INFO - [36m(setup pid=6356)[0m  + httptools==0.7.1
2026-03-25 18:51:06,792 - INFO - [36m(setup pid=6356)[0m  + interegular==0.3.3
2026-03-25 18:51:06,792 - INFO - [36m(setup pid=6356)[0m  + jinja2==3.1.6
2026-03-25 18:51:06,792 - INFO - [36m(setup pid=6356)[0m  + jiter==0.13.0
2026-03-25 18:51:06,792 - INFO - [36m(setup pid=6356)[0m  + jsonschema==4.26.0
2026-03-25 18:51:06,793 - INFO - [36m(setup pid=6356)[0m  + jsonschema-specifications==2025.9.1
2026-03-25 18:51:06,793 - INFO - [36m(setup pid=6356)[0m  + lark==1.2.2
2026-03-25 18:51:06,793 - INFO - [36m(setup pid=6356)[0m  + llguidance==0.7.30
2026-03-25 18:51:06,793 - INFO - [36m(setup pid=6356)[0m  + llvmlite==0.44.0
2026-03-25 18:51:06,793 - INFO - [36m(setup pid=6356)[0m  + lm-format-enforcer==0.10.12
2026-03-25 18:51:06,793 - INFO - [36m(setup pid=6356)[0m  + markupsafe==3.0.3
2026-03-25 18:51:06,793 - INFO - [36m(setup pid=6356)[0m  + mistral-common==1.10.0
2026-03-25 18:51:06,793 - INFO - [36m(setup pid=6356)[0m  + mpmath==1.3.0
2026-03-25 18:51:06,793 - INFO - [36m(setup pid=6356)[0m  + msgpack==1.1.2
2026-03-25 18:51:06,793 - INFO - [36m(setup pid=6356)[0m  + msgspec==0.20.0
2026-03-25 18:51:06,793 - INFO - [36m(setup pid=6356)[0m  + networkx==3.6.1
2026-03-25 18:51:06,793 - INFO - [36m(setup pid=6356)[0m  + ninja==1.13.0
2026-03-25 18:51:06,793 - INFO - [36m(setup pid=6356)[0m  + numba==0.61.2
2026-03-25 18:51:06,793 - INFO - [36m(setup pid=6356)[0m  - numpy==2.4.3
2026-03-25 18:51:06,793 - INFO - [36m(setup pid=6356)[0m  + numpy==2.2.6
2026-03-25 18:51:06,793 - INFO - [36m(setup pid=6356)[0m  + nvidia-cublas-cu12==12.6.4.1
2026-03-25 18:51:06,793 - INFO - [36m(setup pid=6356)[0m  + nvidia-cuda-cupti-cu12==12.6.80
2026-03-25 18:51:06,793 - INFO - [36m(setup pid=6356)[0m  + nvidia-cuda-nvrtc-cu12==12.6.77
2026-03-25 18:51:06,793 - INFO - [36m(setup pid=6356)[0m  + nvidia-cuda-runtime-cu12==12.6.77
2026-03-25 18:51:06,793 - INFO - [36m(setup pid=6356)[0m  + nvidia-cudnn-cu12==9.5.1.17
2026-03-25 18:51:06,793 - INFO - [36m(setup pid=6356)[0m  + nvidia-cufft-cu12==11.3.0.4
2026-03-25 18:51:06,793 - INFO - [36m(setup pid=6356)[0m  + nvidia-cufile-cu12==1.11.1.6
2026-03-25 18:51:06,793 - INFO - [36m(setup pid=6356)[0m  + nvidia-curand-cu12==10.3.7.77
2026-03-25 18:51:06,793 - INFO - [36m(setup pid=6356)[0m  + nvidia-cusolver-cu12==11.7.1.2
2026-03-25 18:51:06,793 - INFO - [36m(setup pid=6356)[0m  + nvidia-cusparse-cu12==12.5.4.2
2026-03-25 18:51:06,793 - INFO - [36m(setup pid=6356)[0m  + nvidia-cusparselt-cu12==0.6.3
2026-03-25 18:51:06,793 - INFO - [36m(setup pid=6356)[0m  + nvidia-nccl-cu12==2.26.2
2026-03-25 18:51:06,793 - INFO - [36m(setup pid=6356)[0m  + nvidia-nvjitlink-cu12==12.6.85
2026-03-25 18:51:06,793 - INFO - [36m(setup pid=6356)[0m  + nvidia-nvtx-cu12==12.6.77
2026-03-25 18:51:06,793 - INFO - [36m(setup pid=6356)[0m  + openai==1.90.0
2026-03-25 18:51:06,793 - INFO - [36m(setup pid=6356)[0m  + opencv-python-headless==4.13.0.92
2026-03-25 18:51:06,793 - INFO - [36m(setup pid=6356)[0m  + outlines-core==0.2.10
2026-03-25 18:51:06,793 - INFO - [36m(setup pid=6356)[0m  + partial-json-parser==0.2.1.1.post7
2026-03-25 18:51:06,793 - INFO - [36m(setup pid=6356)[0m  + pillow==12.1.1
2026-03-25 18:51:06,793 - INFO - [36m(setup pid=6356)[0m  + prometheus-client==0.24.1
2026-03-25 18:51:06,793 - INFO - [36m(setup pid=6356)[0m  + prometheus-fastapi-instrumentator==7.1.0
2026-03-25 18:51:06,793 - INFO - [36m(setup pid=6356)[0m  + protobuf==7.34.1
2026-03-25 18:51:06,793 - INFO - [36m(setup pid=6356)[0m  + psutil==7.2.2
2026-03-25 18:51:06,793 - INFO - [36m(setup pid=6356)[0m  + py-cpuinfo==9.0.0
2026-03-25 18:51:06,793 - INFO - [36m(setup pid=6356)[0m  + pybase64==1.4.3
2026-03-25 18:51:06,793 - INFO - [36m(setup pid=6356)[0m  + pycountry==26.2.16
2026-03-25 18:51:06,793 - INFO - [36m(setup pid=6356)[0m  + pycparser==3.0
2026-03-25 18:51:06,793 - INFO - [36m(setup pid=6356)[0m  + pydantic==2.12.5
2026-03-25 18:51:06,793 - INFO - [36m(setup pid=6356)[0m  + pydantic-core==2.41.5
2026-03-25 18:51:06,793 - INFO - [36m(setup pid=6356)[0m  + pydantic-extra-types==2.11.1
2026-03-25 18:51:06,793 - INFO - [36m(setup pid=6356)[0m  + pydantic-settings==2.13.1
2026-03-25 18:51:06,793 - INFO - [36m(setup pid=6356)[0m  + python-dotenv==1.2.2
2026-03-25 18:51:06,793 - INFO - [36m(setup pid=6356)[0m  + python-json-logger==4.0.0
2026-03-25 18:51:06,793 - INFO - [36m(setup pid=6356)[0m  + python-multipart==0.0.22
2026-03-25 18:51:06,793 - INFO - [36m(setup pid=6356)[0m  + pyzmq==27.1.0
2026-03-25 18:51:06,793 - INFO - [36m(setup pid=6356)[0m  + ray==2.54.0
2026-03-25 18:51:06,793 - INFO - [36m(setup pid=6356)[0m  + referencing==0.37.0
2026-03-25 18:51:06,793 - INFO - [36m(setup pid=6356)[0m  + regex==2026.2.28
2026-03-25 18:51:06,794 - INFO - [36m(setup pid=6356)[0m  + rich-toolkit==0.19.7
2026-03-25 18:51:15,557 - INFO - [36m(setup pid=6356)[0m  + rignore==0.7.6
2026-03-25 18:51:15,558 - INFO - [36m(setup pid=6356)[0m  + rpds-py==0.30.0
2026-03-25 18:51:15,558 - INFO - [36m(setup pid=6356)[0m  + safetensors==0.7.0
2026-03-25 18:51:15,558 - INFO - [36m(setup pid=6356)[0m  + scipy==1.17.1
2026-03-25 18:51:15,558 - INFO - [36m(setup pid=6356)[0m  + sentencepiece==0.2.1
2026-03-25 18:51:15,558 - INFO - [36m(setup pid=6356)[0m  + sentry-sdk==2.56.0
2026-03-25 18:51:15,558 - INFO - [36m(setup pid=6356)[0m  + setuptools==79.0.1
2026-03-25 18:51:15,558 - INFO - [36m(setup pid=6356)[0m  + sniffio==1.3.1
2026-03-25 18:51:15,558 - INFO - [36m(setup pid=6356)[0m  + soundfile==0.13.1
2026-03-25 18:51:15,558 - INFO - [36m(setup pid=6356)[0m  + soxr==1.0.0
2026-03-25 18:51:15,558 - INFO - [36m(setup pid=6356)[0m  + starlette==0.52.1
2026-03-25 18:51:15,558 - INFO - [36m(setup pid=6356)[0m  + sympy==1.14.0
2026-03-25 18:51:15,558 - INFO - [36m(setup pid=6356)[0m  + tiktoken==0.12.0
2026-03-25 18:51:15,558 - INFO - [36m(setup pid=6356)[0m  + tokenizers==0.22.2
2026-03-25 18:51:15,558 - INFO - [36m(setup pid=6356)[0m  + torch==2.7.1
2026-03-25 18:51:15,558 - INFO - [36m(setup pid=6356)[0m  + torchaudio==2.7.1
2026-03-25 18:51:15,558 - INFO - [36m(setup pid=6356)[0m  + torchvision==0.22.1
2026-03-25 18:51:15,558 - INFO - [36m(setup pid=6356)[0m  + transformers==5.3.0
2026-03-25 18:51:15,558 - INFO - [36m(setup pid=6356)[0m  + triton==3.3.1
2026-03-25 18:51:15,558 - INFO - [36m(setup pid=6356)[0m  + typing-inspection==0.4.2
2026-03-25 18:51:15,558 - INFO - [36m(setup pid=6356)[0m  + uvicorn==0.42.0
2026-03-25 18:51:15,558 - INFO - [36m(setup pid=6356)[0m  + uvloop==0.22.1
2026-03-25 18:51:15,558 - INFO - [36m(setup pid=6356)[0m  + vllm==0.10.0
2026-03-25 18:51:15,558 - INFO - [36m(setup pid=6356)[0m  + watchfiles==1.1.1
2026-03-25 18:51:15,558 - INFO - [36m(setup pid=6356)[0m  + websockets==16.0
2026-03-25 18:51:15,558 - INFO - [36m(setup pid=6356)[0m  + xformers==0.0.31
2026-03-25 18:51:15,558 - INFO - [36m(setup pid=6356)[0m  + xgrammar==0.1.21
2026-03-25 18:51:15,558 - INFO - [36m(setup pid=6356)[0m + echo '=== Pinning transformers==4.57.3 (avoid 5.x breaking changes) ==='
2026-03-25 18:51:15,558 - INFO - [36m(setup pid=6356)[0m === Pinning transformers==4.57.3 (avoid 5.x breaking changes) ===
2026-03-25 18:51:15,558 - INFO - [36m(setup pid=6356)[0m + uv pip install transformers==4.57.3
2026-03-25 18:51:15,558 - INFO - [36m(setup pid=6356)[0m Resolved 18 packages in 61ms
2026-03-25 18:51:15,558 - INFO - [36m(setup pid=6356)[0m Downloading transformers (11.4MiB)
2026-03-25 18:51:15,558 - INFO - [36m(setup pid=4352, ip=172.31.33.82)[0m  Downloaded transformers
2026-03-25 18:51:15,558 - INFO - [36m(setup pid=4352, ip=172.31.33.82)[0m Prepared 2 packages in 283ms
2026-03-25 18:51:15,558 - INFO - [36m(setup pid=4352, ip=172.31.33.82)[0m Uninstalled 2 packages in 78ms
2026-03-25 18:51:15,558 - INFO - [36m(setup pid=4352, ip=172.31.33.82)[0m Installed 2 packages in 44ms
2026-03-25 18:51:15,558 - INFO - [36m(setup pid=4352, ip=172.31.33.82)[0m  - huggingface-hub==1.7.2
2026-03-25 18:51:15,558 - INFO - [36m(setup pid=4352, ip=172.31.33.82)[0m  + huggingface-hub==0.36.2
2026-03-25 18:51:15,558 - INFO - [36m(setup pid=4352, ip=172.31.33.82)[0m  - transformers==5.3.0
2026-03-25 18:51:15,558 - INFO - [36m(setup pid=4352, ip=172.31.33.82)[0m  + transformers==4.57.3
2026-03-25 18:51:15,558 - INFO - [36m(setup pid=4352, ip=172.31.33.82)[0m + echo '=== PyTorch CUDA Check ==='
2026-03-25 18:51:15,559 - INFO - [36m(setup pid=4352, ip=172.31.33.82)[0m === PyTorch CUDA Check ===
2026-03-25 18:51:15,559 - INFO - [36m(setup pid=4352, ip=172.31.33.82)[0m + python3 -c 'import torch; print('\''torch.cuda.is_available():'\'', torch.cuda.is_available()); print('\''torch.version.cuda:'\'', torch.version.cuda); print('\''torch.__version__:'\'', torch.__version__); print('\''torch.cuda.device_count():'\'', torch.cuda.device_count() if torch.cuda.is_available() else '\''N/A'\'')'
2026-03-25 18:51:15,559 - INFO - [36m(setup pid=6356)[0m  Downloaded transformers
2026-03-25 18:51:15,559 - INFO - [36m(setup pid=6356)[0m Prepared 2 packages in 305ms
2026-03-25 18:51:15,559 - INFO - [36m(setup pid=6356)[0m Uninstalled 2 packages in 95ms
2026-03-25 18:51:15,559 - INFO - [36m(setup pid=6356)[0m Installed 2 packages in 44ms
2026-03-25 18:51:15,559 - INFO - [36m(setup pid=6356)[0m  - huggingface-hub==1.7.2
2026-03-25 18:51:15,559 - INFO - [36m(setup pid=6356)[0m  + huggingface-hub==0.36.2
2026-03-25 18:51:15,559 - INFO - [36m(setup pid=6356)[0m  - transformers==5.3.0
2026-03-25 18:51:15,559 - INFO - [36m(setup pid=6356)[0m  + transformers==4.57.3
2026-03-25 18:51:15,559 - INFO - [36m(setup pid=6356)[0m + echo '=== PyTorch CUDA Check ==='
2026-03-25 18:51:15,559 - INFO - [36m(setup pid=6356)[0m === PyTorch CUDA Check ===
2026-03-25 18:51:15,559 - INFO - [36m(setup pid=6356)[0m + python3 -c 'import torch; print('\''torch.cuda.is_available():'\'', torch.cuda.is_available()); print('\''torch.version.cuda:'\'', torch.version.cuda); print('\''torch.__version__:'\'', torch.__version__); print('\''torch.cuda.device_count():'\'', torch.cuda.device_count() if torch.cuda.is_available() else '\''N/A'\'')'
2026-03-25 18:51:15,559 - INFO - [36m(setup pid=4352, ip=172.31.33.82)[0m torch.cuda.is_available(): True
2026-03-25 18:51:17,173 - INFO - [36m(setup pid=4352, ip=172.31.33.82)[0m torch.version.cuda: 12.6
2026-03-25 18:51:17,174 - INFO - [36m(setup pid=4352, ip=172.31.33.82)[0m torch.__version__: 2.7.1+cu126
2026-03-25 18:51:17,174 - INFO - [36m(setup pid=4352, ip=172.31.33.82)[0m torch.cuda.device_count(): 8
2026-03-25 18:51:17,174 - INFO - [36m(setup pid=6356)[0m torch.cuda.is_available(): True
2026-03-25 18:51:17,174 - INFO - [36m(setup pid=6356)[0m torch.version.cuda: 12.6
2026-03-25 18:51:17,174 - INFO - [36m(setup pid=6356)[0m torch.__version__: 2.7.1+cu126
2026-03-25 18:51:17,174 - INFO - [36m(setup pid=6356)[0m torch.cuda.device_count(): 8
2026-03-25 18:51:17,174 - INFO - [36m(setup pid=4352, ip=172.31.33.82)[0m + echo ===========================
2026-03-25 18:51:17,780 - INFO - [36m(setup pid=4352, ip=172.31.33.82)[0m ===========================
2026-03-25 18:51:17,821 - INFO - [36m(setup pid=4352, ip=172.31.33.82)[0m + echo '=== Setup complete ==='
2026-03-25 18:51:17,821 - INFO - [36m(setup pid=4352, ip=172.31.33.82)[0m === Setup complete ===
2026-03-25 18:51:17,821 - INFO - [36m(setup pid=6356)[0m + echo ===========================
2026-03-25 18:51:18,083 - INFO - [36m(setup pid=6356)[0m ===========================
2026-03-25 18:51:18,083 - INFO - [36m(setup pid=6356)[0m + echo '=== Setup complete ==='
2026-03-25 18:51:18,083 - INFO - [36m(setup pid=6356)[0m === Setup complete ===
2026-03-25 18:51:18,083 - INFO - [36m(head, rank=0, pid=6356)[0m + export LD_LIBRARY_PATH=/usr/local/cuda/lib64:/usr/local/cuda/targets/x86_64-linux/lib:/usr/local/cuda-12.8/lib:/usr/local/cuda-12.8/lib64:/usr/local/cuda-12.8:/usr/local/cuda-12.8/targets/x86_64-linux/lib/:/usr/local/cuda-12.8/extras/CUPTI/lib64:/opt/amazon/efa/lib:/opt/amazon/openmpi/lib:/opt/amazon/ofi-nccl/lib/x86_64-linux-gnu:/usr/local/lib:/usr/lib:/usr/local/cuda-12.8/lib:/usr/local/cuda-12.8/lib64:/usr/local/cuda-12.8:/usr/local/cuda-12.8/targets/x86_64-linux/lib/:/usr/local/cuda-12.8/extras/CUPTI/lib64:/opt/amazon/efa/lib:/opt/amazon/openmpi/lib:/opt/amazon/ofi-nccl/lib/x86_64-linux-gnu:/usr/local/lib:/usr/lib
2026-03-25 18:51:18,185 - INFO - [36m(head, rank=0, pid=6356)[0m + LD_LIBRARY_PATH=/usr/local/cuda/lib64:/usr/local/cuda/targets/x86_64-linux/lib:/usr/local/cuda-12.8/lib:/usr/local/cuda-12.8/lib64:/usr/local/cuda-12.8:/usr/local/cuda-12.8/targets/x86_64-linux/lib/:/usr/local/cuda-12.8/extras/CUPTI/lib64:/opt/amazon/efa/lib:/opt/amazon/openmpi/lib:/opt/amazon/ofi-nccl/lib/x86_64-linux-gnu:/usr/local/lib:/usr/lib:/usr/local/cuda-12.8/lib:/usr/local/cuda-12.8/lib64:/usr/local/cuda-12.8:/usr/local/cuda-12.8/targets/x86_64-linux/lib/:/usr/local/cuda-12.8/extras/CUPTI/lib64:/opt/amazon/efa/lib:/opt/amazon/openmpi/lib:/opt/amazon/ofi-nccl/lib/x86_64-linux-gnu:/usr/local/lib:/usr/lib
2026-03-25 18:51:18,185 - INFO - [36m(head, rank=0, pid=6356)[0m + export CUDA_HOME=/usr/local/cuda
2026-03-25 18:51:18,185 - INFO - [36m(head, rank=0, pid=6356)[0m + CUDA_HOME=/usr/local/cuda
2026-03-25 18:51:18,186 - INFO - [36m(head, rank=0, pid=6356)[0m + echo '=== Pre-run Diagnostics ==='
2026-03-25 18:51:18,186 - INFO - [36m(head, rank=0, pid=6356)[0m === Pre-run Diagnostics ===
2026-03-25 18:51:18,186 - INFO - [36m(head, rank=0, pid=6356)[0m + nvidia-smi
2026-03-25 18:51:18,186 - INFO - [36m(worker1, rank=1, pid=4352, ip=172.31.33.82)[0m + export LD_LIBRARY_PATH=/usr/local/cuda/lib64:/usr/local/cuda/targets/x86_64-linux/lib:/usr/local/cuda-12.8/lib:/usr/local/cuda-12.8/lib64:/usr/local/cuda-12.8:/usr/local/cuda-12.8/targets/x86_64-linux/lib/:/usr/local/cuda-12.8/extras/CUPTI/lib64:/opt/amazon/efa/lib:/opt/amazon/openmpi/lib:/opt/amazon/ofi-nccl/lib/x86_64-linux-gnu:/usr/local/lib:/usr/lib:/usr/local/cuda-12.8/lib:/usr/local/cuda-12.8/lib64:/usr/local/cuda-12.8:/usr/local/cuda-12.8/targets/x86_64-linux/lib/:/usr/local/cuda-12.8/extras/CUPTI/lib64:/opt/amazon/efa/lib:/opt/amazon/openmpi/lib:/opt/amazon/ofi-nccl/lib/x86_64-linux-gnu:/usr/local/lib:/usr/lib
2026-03-25 18:51:18,186 - INFO - [36m(worker1, rank=1, pid=4352, ip=172.31.33.82)[0m + LD_LIBRARY_PATH=/usr/local/cuda/lib64:/usr/local/cuda/targets/x86_64-linux/lib:/usr/local/cuda-12.8/lib:/usr/local/cuda-12.8/lib64:/usr/local/cuda-12.8:/usr/local/cuda-12.8/targets/x86_64-linux/lib/:/usr/local/cuda-12.8/extras/CUPTI/lib64:/opt/amazon/efa/lib:/opt/amazon/openmpi/lib:/opt/amazon/ofi-nccl/lib/x86_64-linux-gnu:/usr/local/lib:/usr/lib:/usr/local/cuda-12.8/lib:/usr/local/cuda-12.8/lib64:/usr/local/cuda-12.8:/usr/local/cuda-12.8/targets/x86_64-linux/lib/:/usr/local/cuda-12.8/extras/CUPTI/lib64:/opt/amazon/efa/lib:/opt/amazon/openmpi/lib:/opt/amazon/ofi-nccl/lib/x86_64-linux-gnu:/usr/local/lib:/usr/lib
2026-03-25 18:51:18,186 - INFO - [36m(worker1, rank=1, pid=4352, ip=172.31.33.82)[0m + export CUDA_HOME=/usr/local/cuda
2026-03-25 18:51:18,186 - INFO - [36m(worker1, rank=1, pid=4352, ip=172.31.33.82)[0m + CUDA_HOME=/usr/local/cuda
2026-03-25 18:51:18,186 - INFO - [36m(worker1, rank=1, pid=4352, ip=172.31.33.82)[0m + echo '=== Pre-run Diagnostics ==='
2026-03-25 18:51:18,186 - INFO - [36m(worker1, rank=1, pid=4352, ip=172.31.33.82)[0m === Pre-run Diagnostics ===
2026-03-25 18:51:18,186 - INFO - [36m(worker1, rank=1, pid=4352, ip=172.31.33.82)[0m + nvidia-smi
2026-03-25 18:51:18,186 - INFO - [36m(worker1, rank=1, pid=4352, ip=172.31.33.82)[0m Wed Mar 25 13:21:17 2026
2026-03-25 18:51:18,186 - INFO - [36m(worker1, rank=1, pid=4352, ip=172.31.33.82)[0m +-----------------------------------------------------------------------------------------+
2026-03-25 18:51:18,186 - INFO - [36m(worker1, rank=1, pid=4352, ip=172.31.33.82)[0m | NVIDIA-SMI 570.172.08             Driver Version: 570.172.08     CUDA Version: 12.8     |
2026-03-25 18:51:18,186 - INFO - [36m(worker1, rank=1, pid=4352, ip=172.31.33.82)[0m |-----------------------------------------+------------------------+----------------------+
2026-03-25 18:51:18,186 - INFO - [36m(worker1, rank=1, pid=4352, ip=172.31.33.82)[0m | GPU  Name                 Persistence-M | Bus-Id          Disp.A | Volatile Uncorr. ECC |
2026-03-25 18:51:18,186 - INFO - [36m(worker1, rank=1, pid=4352, ip=172.31.33.82)[0m | Fan  Temp   Perf          Pwr:Usage/Cap |           Memory-Usage | GPU-Util  Compute M. |
2026-03-25 18:51:18,186 - INFO - [36m(worker1, rank=1, pid=4352, ip=172.31.33.82)[0m |                                         |                        |               MIG M. |
2026-03-25 18:51:18,186 - INFO - [36m(worker1, rank=1, pid=4352, ip=172.31.33.82)[0m |=========================================+========================+======================|
2026-03-25 18:51:18,186 - INFO - [36m(head, rank=0, pid=6356)[0m Wed Mar 25 13:21:17 2026
2026-03-25 18:51:18,691 - INFO - [36m(head, rank=0, pid=6356)[0m +-----------------------------------------------------------------------------------------+
2026-03-25 18:51:18,691 - INFO - [36m(head, rank=0, pid=6356)[0m | NVIDIA-SMI 570.172.08             Driver Version: 570.172.08     CUDA Version: 12.8     |
2026-03-25 18:51:18,691 - INFO - [36m(head, rank=0, pid=6356)[0m |-----------------------------------------+------------------------+----------------------+
2026-03-25 18:51:18,691 - INFO - [36m(head, rank=0, pid=6356)[0m | GPU  Name                 Persistence-M | Bus-Id          Disp.A | Volatile Uncorr. ECC |
2026-03-25 18:51:18,691 - INFO - [36m(head, rank=0, pid=6356)[0m | Fan  Temp   Perf          Pwr:Usage/Cap |           Memory-Usage | GPU-Util  Compute M. |
2026-03-25 18:51:18,691 - INFO - [36m(head, rank=0, pid=6356)[0m |                                         |                        |               MIG M. |
2026-03-25 18:51:18,691 - INFO - [36m(head, rank=0, pid=6356)[0m |=========================================+========================+======================|
2026-03-25 18:51:18,692 - INFO - [36m(head, rank=0, pid=6356)[0m |   0  NVIDIA A100-SXM4-80GB          On  |   00000000:10:1C.0 Off |                    0 |
2026-03-25 18:51:18,692 - INFO - [36m(head, rank=0, pid=6356)[0m | N/A   24C    P0             60W /  400W |       0MiB /  81920MiB |      0%      Default |
2026-03-25 18:51:18,692 - INFO - [36m(head, rank=0, pid=6356)[0m |                                         |                        |             Disabled |
2026-03-25 18:51:18,692 - INFO - [36m(head, rank=0, pid=6356)[0m +-----------------------------------------+------------------------+----------------------+
2026-03-25 18:51:18,692 - INFO - [36m(head, rank=0, pid=6356)[0m |   1  NVIDIA A100-SXM4-80GB          On  |   00000000:10:1D.0 Off |                    0 |
2026-03-25 18:51:18,692 - INFO - [36m(head, rank=0, pid=6356)[0m | N/A   23C    P0             58W /  400W |       0MiB /  81920MiB |      0%      Default |
2026-03-25 18:51:18,692 - INFO - [36m(head, rank=0, pid=6356)[0m |                                         |                        |             Disabled |
2026-03-25 18:51:18,692 - INFO - [36m(head, rank=0, pid=6356)[0m +-----------------------------------------+------------------------+----------------------+
2026-03-25 18:51:18,692 - INFO - [36m(head, rank=0, pid=6356)[0m |   2  NVIDIA A100-SXM4-80GB          On  |   00000000:20:1C.0 Off |                    0 |
2026-03-25 18:51:18,692 - INFO - [36m(head, rank=0, pid=6356)[0m | N/A   24C    P0             62W /  400W |       0MiB /  81920MiB |      0%      Default |
2026-03-25 18:51:18,692 - INFO - [36m(head, rank=0, pid=6356)[0m |                                         |                        |             Disabled |
2026-03-25 18:51:18,692 - INFO - [36m(head, rank=0, pid=6356)[0m +-----------------------------------------+------------------------+----------------------+
2026-03-25 18:51:18,692 - INFO - [36m(head, rank=0, pid=6356)[0m |   3  NVIDIA A100-SXM4-80GB          On  |   00000000:20:1D.0 Off |                    0 |
2026-03-25 18:51:18,692 - INFO - [36m(head, rank=0, pid=6356)[0m | N/A   23C    P0             59W /  400W |       0MiB /  81920MiB |      0%      Default |
2026-03-25 18:51:18,692 - INFO - [36m(head, rank=0, pid=6356)[0m |                                         |                        |             Disabled |
2026-03-25 18:51:18,692 - INFO - [36m(head, rank=0, pid=6356)[0m +-----------------------------------------+------------------------+----------------------+
2026-03-25 18:51:18,692 - INFO - [36m(head, rank=0, pid=6356)[0m |   4  NVIDIA A100-SXM4-80GB          On  |   00000000:90:1C.0 Off |                    0 |
2026-03-25 18:51:18,692 - INFO - [36m(head, rank=0, pid=6356)[0m | N/A   24C    P0             59W /  400W |       0MiB /  81920MiB |      0%      Default |
2026-03-25 18:51:18,692 - INFO - [36m(head, rank=0, pid=6356)[0m |                                         |                        |             Disabled |
2026-03-25 18:51:18,692 - INFO - [36m(head, rank=0, pid=6356)[0m +-----------------------------------------+------------------------+----------------------+
2026-03-25 18:51:18,692 - INFO - [36m(head, rank=0, pid=6356)[0m |   5  NVIDIA A100-SXM4-80GB          On  |   00000000:90:1D.0 Off |                    0 |
2026-03-25 18:51:18,692 - INFO - [36m(head, rank=0, pid=6356)[0m | N/A   23C    P0             60W /  400W |       0MiB /  81920MiB |      0%      Default |
2026-03-25 18:51:18,692 - INFO - [36m(head, rank=0, pid=6356)[0m |                                         |                        |             Disabled |
2026-03-25 18:51:18,692 - INFO - [36m(head, rank=0, pid=6356)[0m +-----------------------------------------+------------------------+----------------------+
2026-03-25 18:51:18,692 - INFO - [36m(head, rank=0, pid=6356)[0m |   6  NVIDIA A100-SXM4-80GB          On  |   00000000:A0:1C.0 Off |                    0 |
2026-03-25 18:51:18,692 - INFO - [36m(head, rank=0, pid=6356)[0m | N/A   25C    P0             63W /  400W |       0MiB /  81920MiB |      0%      Default |
2026-03-25 18:51:18,692 - INFO - [36m(head, rank=0, pid=6356)[0m |                                         |                        |             Disabled |
2026-03-25 18:51:18,692 - INFO - [36m(head, rank=0, pid=6356)[0m +-----------------------------------------+------------------------+----------------------+
2026-03-25 18:51:18,692 - INFO - [36m(worker1, rank=1, pid=4352, ip=172.31.33.82)[0m |   0  NVIDIA A100-SXM4-80GB          On  |   00000000:10:1C.0 Off |                    0 |
2026-03-25 18:51:18,692 - INFO - [36m(worker1, rank=1, pid=4352, ip=172.31.33.82)[0m | N/A   25C    P0             54W /  400W |       0MiB /  81920MiB |      0%      Default |
2026-03-25 18:51:18,692 - INFO - [36m(worker1, rank=1, pid=4352, ip=172.31.33.82)[0m |                                         |                        |             Disabled |
2026-03-25 18:51:18,692 - INFO - [36m(worker1, rank=1, pid=4352, ip=172.31.33.82)[0m +-----------------------------------------+------------------------+----------------------+
2026-03-25 18:51:18,692 - INFO - [36m(worker1, rank=1, pid=4352, ip=172.31.33.82)[0m |   1  NVIDIA A100-SXM4-80GB          On  |   00000000:10:1D.0 Off |                    0 |
2026-03-25 18:51:18,692 - INFO - [36m(worker1, rank=1, pid=4352, ip=172.31.33.82)[0m | N/A   24C    P0             57W /  400W |       0MiB /  81920MiB |      0%      Default |
2026-03-25 18:51:18,692 - INFO - [36m(worker1, rank=1, pid=4352, ip=172.31.33.82)[0m |                                         |                        |             Disabled |
2026-03-25 18:51:18,692 - INFO - [36m(worker1, rank=1, pid=4352, ip=172.31.33.82)[0m +-----------------------------------------+------------------------+----------------------+
2026-03-25 18:51:18,692 - INFO - [36m(worker1, rank=1, pid=4352, ip=172.31.33.82)[0m |   2  NVIDIA A100-SXM4-80GB          On  |   00000000:20:1C.0 Off |                    0 |
2026-03-25 18:51:18,692 - INFO - [36m(worker1, rank=1, pid=4352, ip=172.31.33.82)[0m | N/A   24C    P0             56W /  400W |       0MiB /  81920MiB |      0%      Default |
2026-03-25 18:51:18,692 - INFO - [36m(worker1, rank=1, pid=4352, ip=172.31.33.82)[0m |                                         |                        |             Disabled |
2026-03-25 18:51:18,692 - INFO - [36m(worker1, rank=1, pid=4352, ip=172.31.33.82)[0m +-----------------------------------------+------------------------+----------------------+
2026-03-25 18:51:18,692 - INFO - [36m(worker1, rank=1, pid=4352, ip=172.31.33.82)[0m |   3  NVIDIA A100-SXM4-80GB          On  |   00000000:20:1D.0 Off |                    0 |
2026-03-25 18:51:18,692 - INFO - [36m(worker1, rank=1, pid=4352, ip=172.31.33.82)[0m | N/A   24C    P0             57W /  400W |       0MiB /  81920MiB |      0%      Default |
2026-03-25 18:51:18,692 - INFO - [36m(worker1, rank=1, pid=4352, ip=172.31.33.82)[0m |                                         |                        |             Disabled |
2026-03-25 18:51:18,692 - INFO - [36m(worker1, rank=1, pid=4352, ip=172.31.33.82)[0m +-----------------------------------------+------------------------+----------------------+
2026-03-25 18:51:18,692 - INFO - [36m(worker1, rank=1, pid=4352, ip=172.31.33.82)[0m |   4  NVIDIA A100-SXM4-80GB          On  |   00000000:90:1C.0 Off |                    0 |
2026-03-25 18:51:18,692 - INFO - [36m(worker1, rank=1, pid=4352, ip=172.31.33.82)[0m | N/A   25C    P0             55W /  400W |       0MiB /  81920MiB |      0%      Default |
2026-03-25 18:51:18,692 - INFO - [36m(worker1, rank=1, pid=4352, ip=172.31.33.82)[0m |                                         |                        |             Disabled |
2026-03-25 18:51:18,692 - INFO - [36m(worker1, rank=1, pid=4352, ip=172.31.33.82)[0m +-----------------------------------------+------------------------+----------------------+
2026-03-25 18:51:18,693 - INFO - [36m(worker1, rank=1, pid=4352, ip=172.31.33.82)[0m |   5  NVIDIA A100-SXM4-80GB          On  |   00000000:90:1D.0 Off |                    0 |
2026-03-25 18:51:18,693 - INFO - [36m(worker1, rank=1, pid=4352, ip=172.31.33.82)[0m | N/A   24C    P0             55W /  400W |       0MiB /  81920MiB |      0%      Default |
2026-03-25 18:51:18,693 - INFO - [36m(worker1, rank=1, pid=4352, ip=172.31.33.82)[0m |                                         |                        |             Disabled |
2026-03-25 18:51:18,693 - INFO - [36m(worker1, rank=1, pid=4352, ip=172.31.33.82)[0m +-----------------------------------------+------------------------+----------------------+
2026-03-25 18:51:18,693 - INFO - [36m(worker1, rank=1, pid=4352, ip=172.31.33.82)[0m |   6  NVIDIA A100-SXM4-80GB          On  |   00000000:A0:1C.0 Off |                    0 |
2026-03-25 18:51:21,314 - INFO - [36m(worker1, rank=1, pid=4352, ip=172.31.33.82)[0m | N/A   26C    P0             59W /  400W |       0MiB /  81920MiB |      0%      Default |
2026-03-25 18:51:21,314 - INFO - [36m(worker1, rank=1, pid=4352, ip=172.31.33.82)[0m |                                         |                        |             Disabled |
2026-03-25 18:51:21,314 - INFO - [36m(worker1, rank=1, pid=4352, ip=172.31.33.82)[0m +-----------------------------------------+------------------------+----------------------+
2026-03-25 18:51:21,314 - INFO - [36m(worker1, rank=1, pid=4352, ip=172.31.33.82)[0m |   7  NVIDIA A100-SXM4-80GB          On  |   00000000:A0:1D.0 Off |                    0 |
2026-03-25 18:51:21,314 - INFO - [36m(worker1, rank=1, pid=4352, ip=172.31.33.82)[0m | N/A   23C    P0             54W /  400W |       0MiB /  81920MiB |      0%      Default |
2026-03-25 18:51:21,314 - INFO - [36m(worker1, rank=1, pid=4352, ip=172.31.33.82)[0m |                                         |                        |             Disabled |
2026-03-25 18:51:21,314 - INFO - [36m(worker1, rank=1, pid=4352, ip=172.31.33.82)[0m +-----------------------------------------+------------------------+----------------------+
2026-03-25 18:51:21,314 - INFO - [36m(worker1, rank=1, pid=4352, ip=172.31.33.82)[0m
2026-03-25 18:51:21,314 - INFO - [36m(worker1, rank=1, pid=4352, ip=172.31.33.82)[0m +-----------------------------------------------------------------------------------------+
2026-03-25 18:51:21,314 - INFO - [36m(worker1, rank=1, pid=4352, ip=172.31.33.82)[0m | Processes:                                                                              |
2026-03-25 18:51:21,314 - INFO - [36m(worker1, rank=1, pid=4352, ip=172.31.33.82)[0m |  GPU   GI   CI              PID   Type   Process name                        GPU Memory |
2026-03-25 18:51:21,314 - INFO - [36m(worker1, rank=1, pid=4352, ip=172.31.33.82)[0m |        ID   ID                                                               Usage      |
2026-03-25 18:51:21,314 - INFO - [36m(worker1, rank=1, pid=4352, ip=172.31.33.82)[0m |=========================================================================================|
2026-03-25 18:51:21,314 - INFO - [36m(worker1, rank=1, pid=4352, ip=172.31.33.82)[0m |  No running processes found                                                             |
2026-03-25 18:51:21,314 - INFO - [36m(worker1, rank=1, pid=4352, ip=172.31.33.82)[0m +-----------------------------------------------------------------------------------------+
2026-03-25 18:51:21,314 - INFO - [36m(head, rank=0, pid=6356)[0m |   7  NVIDIA A100-SXM4-80GB          On  |   00000000:A0:1D.0 Off |                    0 |
2026-03-25 18:51:21,314 - INFO - [36m(head, rank=0, pid=6356)[0m | N/A   24C    P0             60W /  400W |       0MiB /  81920MiB |      0%      Default |
2026-03-25 18:51:21,314 - INFO - [36m(head, rank=0, pid=6356)[0m |                                         |                        |             Disabled |
2026-03-25 18:51:21,314 - INFO - [36m(head, rank=0, pid=6356)[0m +-----------------------------------------+------------------------+----------------------+
2026-03-25 18:51:21,314 - INFO - [36m(head, rank=0, pid=6356)[0m
2026-03-25 18:51:21,314 - INFO - [36m(head, rank=0, pid=6356)[0m +-----------------------------------------------------------------------------------------+
2026-03-25 18:51:21,314 - INFO - [36m(head, rank=0, pid=6356)[0m | Processes:                                                                              |
2026-03-25 18:51:21,314 - INFO - [36m(head, rank=0, pid=6356)[0m |  GPU   GI   CI              PID   Type   Process name                        GPU Memory |
2026-03-25 18:51:21,314 - INFO - [36m(head, rank=0, pid=6356)[0m |        ID   ID                                                               Usage      |
2026-03-25 18:51:21,314 - INFO - [36m(head, rank=0, pid=6356)[0m |=========================================================================================|
2026-03-25 18:51:21,315 - INFO - [36m(head, rank=0, pid=6356)[0m |  No running processes found                                                             |
2026-03-25 18:51:21,315 - INFO - [36m(head, rank=0, pid=6356)[0m +-----------------------------------------------------------------------------------------+
2026-03-25 18:51:21,315 - INFO - [36m(head, rank=0, pid=6356)[0m + echo '--- A100 SXM4 Diagnostics ---'
2026-03-25 18:51:21,617 - INFO - [36m(head, rank=0, pid=6356)[0m --- A100 SXM4 Diagnostics ---
2026-03-25 18:51:21,617 - INFO - [36m(head, rank=0, pid=6356)[0m + echo 'Checking NVIDIA Fabric Manager (required for NVSwitch on A100-SXM4)...'
2026-03-25 18:51:21,618 - INFO - [36m(head, rank=0, pid=6356)[0m Checking NVIDIA Fabric Manager (required for NVSwitch on A100-SXM4)...
2026-03-25 18:51:21,618 - INFO - [36m(head, rank=0, pid=6356)[0m + systemctl status nvidia-fabricmanager
2026-03-25 18:51:21,618 - INFO - [36m(head, rank=0, pid=6356)[0m ● nvidia-fabricmanager.service - NVIDIA fabric manager service
2026-03-25 18:51:21,618 - INFO - [36m(head, rank=0, pid=6356)[0m      Loaded: loaded (/lib/systemd/system/nvidia-fabricmanager.service; enabled; vendor preset: enabled)
2026-03-25 18:51:21,618 - INFO - [36m(head, rank=0, pid=6356)[0m      Active: active (running) since Wed 2026-03-25 13:19:02 UTC; 2min 18s ago
2026-03-25 18:51:21,618 - INFO - [36m(head, rank=0, pid=6356)[0m    Main PID: 3955 (nv-fabricmanage)
2026-03-25 18:51:21,618 - INFO - [36m(head, rank=0, pid=6356)[0m       Tasks: 19
2026-03-25 18:51:21,618 - INFO - [36m(head, rank=0, pid=6356)[0m      Memory: 26.7M
2026-03-25 18:51:21,618 - INFO - [36m(head, rank=0, pid=6356)[0m         CPU: 11.375s
2026-03-25 18:51:21,618 - INFO - [36m(head, rank=0, pid=6356)[0m      CGroup: /system.slice/nvidia-fabricmanager.service
2026-03-25 18:51:21,618 - INFO - [36m(head, rank=0, pid=6356)[0m              └─3955 /usr/bin/nv-fabricmanager -c /usr/share/nvidia/nvswitch/fabricmanager.cfg
2026-03-25 18:51:21,618 - INFO - [36m(head, rank=0, pid=6356)[0m
2026-03-25 18:51:21,618 - INFO - [36m(head, rank=0, pid=6356)[0m Mar 25 13:18:48 ip-172-31-38-234 systemd[1]: Starting NVIDIA fabric manager service...
2026-03-25 18:51:21,618 - INFO - [36m(head, rank=0, pid=6356)[0m Mar 25 13:18:48 ip-172-31-38-234 nvidia-fabricmanager-start.sh[3755]: Detected Pre-NVL5 system
2026-03-25 18:51:21,618 - INFO - [36m(head, rank=0, pid=6356)[0m Mar 25 13:18:52 ip-172-31-38-234 nv-fabricmanager[3955]: Connected to 1 node.
2026-03-25 18:51:21,618 - INFO - [36m(head, rank=0, pid=6356)[0m Mar 25 13:19:02 ip-172-31-38-234 nv-fabricmanager[3955]: Successfully configured all the available GPUs and NVSwitches to route NVLink traffic.
2026-03-25 18:51:21,618 - INFO - [36m(head, rank=0, pid=6356)[0m Mar 25 13:19:02 ip-172-31-38-234 nvidia-fabricmanager-start.sh[3755]: Started "Nvidia Fabric Manager"
2026-03-25 18:51:22,122 - INFO - [36m(head, rank=0, pid=6356)[0m Mar 25 13:19:02 ip-172-31-38-234 systemd[1]: Started NVIDIA fabric manager service.
2026-03-25 18:51:22,123 - INFO - [36m(head, rank=0, pid=6356)[0m + echo 'Checking for NVLink topology...'
2026-03-25 18:51:22,123 - INFO - [36m(head, rank=0, pid=6356)[0m Checking for NVLink topology...
2026-03-25 18:51:22,123 - INFO - [36m(head, rank=0, pid=6356)[0m + nvidia-smi topo -m
2026-03-25 18:51:22,123 - INFO - [36m(worker1, rank=1, pid=4352, ip=172.31.33.82)[0m + echo '--- A100 SXM4 Diagnostics ---'
2026-03-25 18:51:22,123 - INFO - [36m(worker1, rank=1, pid=4352, ip=172.31.33.82)[0m --- A100 SXM4 Diagnostics ---
2026-03-25 18:51:22,123 - INFO - [36m(worker1, rank=1, pid=4352, ip=172.31.33.82)[0m + echo 'Checking NVIDIA Fabric Manager (required for NVSwitch on A100-SXM4)...'
2026-03-25 18:51:22,123 - INFO - [36m(worker1, rank=1, pid=4352, ip=172.31.33.82)[0m Checking NVIDIA Fabric Manager (required for NVSwitch on A100-SXM4)...
2026-03-25 18:51:22,123 - INFO - [36m(worker1, rank=1, pid=4352, ip=172.31.33.82)[0m + systemctl status nvidia-fabricmanager
2026-03-25 18:51:22,123 - INFO - [36m(worker1, rank=1, pid=4352, ip=172.31.33.82)[0m ● nvidia-fabricmanager.service - NVIDIA fabric manager service
2026-03-25 18:51:22,123 - INFO - [36m(worker1, rank=1, pid=4352, ip=172.31.33.82)[0m      Loaded: loaded (/lib/systemd/system/nvidia-fabricmanager.service; enabled; vendor preset: enabled)
2026-03-25 18:51:22,123 - INFO - [36m(worker1, rank=1, pid=4352, ip=172.31.33.82)[0m      Active: active (running) since Wed 2026-03-25 13:19:02 UTC; 2min 18s ago
2026-03-25 18:51:22,123 - INFO - [36m(worker1, rank=1, pid=4352, ip=172.31.33.82)[0m    Main PID: 3126 (nv-fabricmanage)
2026-03-25 18:51:22,123 - INFO - [36m(worker1, rank=1, pid=4352, ip=172.31.33.82)[0m       Tasks: 19
2026-03-25 18:51:22,123 - INFO - [36m(worker1, rank=1, pid=4352, ip=172.31.33.82)[0m      Memory: 27.1M
2026-03-25 18:51:22,123 - INFO - [36m(worker1, rank=1, pid=4352, ip=172.31.33.82)[0m         CPU: 11.369s
2026-03-25 18:51:22,123 - INFO - [36m(worker1, rank=1, pid=4352, ip=172.31.33.82)[0m      CGroup: /system.slice/nvidia-fabricmanager.service
2026-03-25 18:51:22,123 - INFO - [36m(worker1, rank=1, pid=4352, ip=172.31.33.82)[0m              └─3126 /usr/bin/nv-fabricmanager -c /usr/share/nvidia/nvswitch/fabricmanager.cfg
2026-03-25 18:51:22,123 - INFO - [36m(worker1, rank=1, pid=4352, ip=172.31.33.82)[0m
2026-03-25 18:51:22,123 - INFO - [36m(worker1, rank=1, pid=4352, ip=172.31.33.82)[0m Mar 25 13:18:48 ip-172-31-33-82 systemd[1]: Starting NVIDIA fabric manager service...
2026-03-25 18:51:22,123 - INFO - [36m(worker1, rank=1, pid=4352, ip=172.31.33.82)[0m Mar 25 13:18:48 ip-172-31-33-82 nvidia-fabricmanager-start.sh[2926]: Detected Pre-NVL5 system
2026-03-25 18:51:22,123 - INFO - [36m(worker1, rank=1, pid=4352, ip=172.31.33.82)[0m Mar 25 13:18:52 ip-172-31-33-82 nv-fabricmanager[3126]: Connected to 1 node.
2026-03-25 18:51:22,123 - INFO - [36m(worker1, rank=1, pid=4352, ip=172.31.33.82)[0m Mar 25 13:19:02 ip-172-31-33-82 nv-fabricmanager[3126]: Successfully configured all the available GPUs and NVSwitches to route NVLink traffic.
2026-03-25 18:51:22,123 - INFO - [36m(worker1, rank=1, pid=4352, ip=172.31.33.82)[0m Mar 25 13:19:02 ip-172-31-33-82 nvidia-fabricmanager-start.sh[2926]: Started "Nvidia Fabric Manager"
2026-03-25 18:51:22,123 - INFO - [36m(worker1, rank=1, pid=4352, ip=172.31.33.82)[0m Mar 25 13:19:02 ip-172-31-33-82 systemd[1]: Started NVIDIA fabric manager service.
2026-03-25 18:51:22,123 - INFO - [36m(worker1, rank=1, pid=4352, ip=172.31.33.82)[0m + echo 'Checking for NVLink topology...'
2026-03-25 18:51:22,123 - INFO - [36m(worker1, rank=1, pid=4352, ip=172.31.33.82)[0m Checking for NVLink topology...
2026-03-25 18:51:22,123 - INFO - [36m(worker1, rank=1, pid=4352, ip=172.31.33.82)[0m + nvidia-smi topo -m
2026-03-25 18:51:22,123 - INFO - [36m(head, rank=0, pid=6356)[0m 	[4mGPU0	GPU1	GPU2	GPU3	GPU4	GPU5	GPU6	GPU7	CPU Affinity	NUMA Affinity	GPU NUMA ID[0m
2026-03-25 18:51:22,123 - INFO - [36m(worker1, rank=1, pid=4352, ip=172.31.33.82)[0m 	[4mGPU0	GPU1	GPU2	GPU3	GPU4	GPU5	GPU6	GPU7	CPU Affinity	NUMA Affinity	GPU NUMA ID[0m
2026-03-25 18:51:22,123 - INFO - [36m(worker1, rank=1, pid=4352, ip=172.31.33.82)[0m GPU0	 X 	NV12	NV12	NV12	NV12	NV12	NV12	NV12	0-23,48-71	0		N/A
2026-03-25 18:51:22,123 - INFO - [36m(worker1, rank=1, pid=4352, ip=172.31.33.82)[0m GPU1	NV12	 X 	NV12	NV12	NV12	NV12	NV12	NV12	0-23,48-71	0		N/A
2026-03-25 18:51:22,123 - INFO - [36m(worker1, rank=1, pid=4352, ip=172.31.33.82)[0m GPU2	NV12	NV12	 X 	NV12	NV12	NV12	NV12	NV12	0-23,48-71	0		N/A
2026-03-25 18:51:22,123 - INFO - [36m(worker1, rank=1, pid=4352, ip=172.31.33.82)[0m GPU3	NV12	NV12	NV12	 X 	NV12	NV12	NV12	NV12	0-23,48-71	0		N/A
2026-03-25 18:51:22,123 - INFO - [36m(worker1, rank=1, pid=4352, ip=172.31.33.82)[0m GPU4	NV12	NV12	NV12	NV12	 X 	NV12	NV12	NV12	24-47,72-95	1		N/A
2026-03-25 18:51:22,123 - INFO - [36m(worker1, rank=1, pid=4352, ip=172.31.33.82)[0m GPU5	NV12	NV12	NV12	NV12	NV12	 X 	NV12	NV12	24-47,72-95	1		N/A
2026-03-25 18:51:22,123 - INFO - [36m(worker1, rank=1, pid=4352, ip=172.31.33.82)[0m GPU6	NV12	NV12	NV12	NV12	NV12	NV12	 X 	NV12	24-47,72-95	1		N/A
2026-03-25 18:51:22,123 - INFO - [36m(worker1, rank=1, pid=4352, ip=172.31.33.82)[0m GPU7	NV12	NV12	NV12	NV12	NV12	NV12	NV12	 X 	24-47,72-95	1		N/A
2026-03-25 18:51:22,123 - INFO - [36m(worker1, rank=1, pid=4352, ip=172.31.33.82)[0m
2026-03-25 18:51:22,123 - INFO - [36m(worker1, rank=1, pid=4352, ip=172.31.33.82)[0m Legend:
2026-03-25 18:51:22,123 - INFO - [36m(worker1, rank=1, pid=4352, ip=172.31.33.82)[0m
2026-03-25 18:51:22,124 - INFO - [36m(worker1, rank=1, pid=4352, ip=172.31.33.82)[0m   X    = Self
2026-03-25 18:51:22,124 - INFO - [36m(worker1, rank=1, pid=4352, ip=172.31.33.82)[0m   SYS  = Connection traversing PCIe as well as the SMP interconnect between NUMA nodes (e.g., QPI/UPI)
2026-03-25 18:51:22,124 - INFO - [36m(worker1, rank=1, pid=4352, ip=172.31.33.82)[0m   NODE = Connection traversing PCIe as well as the interconnect between PCIe Host Bridges within a NUMA node
2026-03-25 18:51:22,124 - INFO - [36m(worker1, rank=1, pid=4352, ip=172.31.33.82)[0m   PHB  = Connection traversing PCIe as well as a PCIe Host Bridge (typically the CPU)
2026-03-25 18:51:22,124 - INFO - [36m(worker1, rank=1, pid=4352, ip=172.31.33.82)[0m   PXB  = Connection traversing multiple PCIe bridges (without traversing the PCIe Host Bridge)
2026-03-25 18:51:22,124 - INFO - [36m(worker1, rank=1, pid=4352, ip=172.31.33.82)[0m   PIX  = Connection traversing at most a single PCIe bridge
2026-03-25 18:51:22,124 - INFO - [36m(worker1, rank=1, pid=4352, ip=172.31.33.82)[0m   NV#  = Connection traversing a bonded set of # NVLinks
2026-03-25 18:51:22,124 - INFO - [36m(worker1, rank=1, pid=4352, ip=172.31.33.82)[0m + echo '--- NUMA Topology and GPU-NUMA Mapping ---'
2026-03-25 18:51:22,124 - INFO - [36m(worker1, rank=1, pid=4352, ip=172.31.33.82)[0m --- NUMA Topology and GPU-NUMA Mapping ---
2026-03-25 18:51:22,124 - INFO - [36m(worker1, rank=1, pid=4352, ip=172.31.33.82)[0m + echo 'NUMA hardware layout:'
2026-03-25 18:51:22,124 - INFO - [36m(worker1, rank=1, pid=4352, ip=172.31.33.82)[0m NUMA hardware layout:
2026-03-25 18:51:22,124 - INFO - [36m(worker1, rank=1, pid=4352, ip=172.31.33.82)[0m + numactl --hardware
2026-03-25 18:51:22,124 - INFO - [36m(worker1, rank=1, pid=4352, ip=172.31.33.82)[0m available: 2 nodes (0-1)
2026-03-25 18:51:22,124 - INFO - [36m(worker1, rank=1, pid=4352, ip=172.31.33.82)[0m node 0 cpus: 0 1 2 3 4 5 6 7 8 9 10 11 12 13 14 15 16 17 18 19 20 21 22 23 48 49 50 51 52 53 54 55 56 57 58 59 60 61 62 63 64 65 66 67 68 69 70 71
2026-03-25 18:51:22,124 - INFO - [36m(worker1, rank=1, pid=4352, ip=172.31.33.82)[0m node 0 size: 574352 MB
2026-03-25 18:51:22,124 - INFO - [36m(worker1, rank=1, pid=4352, ip=172.31.33.82)[0m node 0 free: 552780 MB
2026-03-25 18:51:22,124 - INFO - [36m(worker1, rank=1, pid=4352, ip=172.31.33.82)[0m node 1 cpus: 24 25 26 27 28 29 30 31 32 33 34 35 36 37 38 39 40 41 42 43 44 45 46 47 72 73 74 75 76 77 78 79 80 81 82 83 84 85 86 87 88 89 90 91 92 93 94 95
2026-03-25 18:51:22,124 - INFO - [36m(worker1, rank=1, pid=4352, ip=172.31.33.82)[0m node 1 size: 574368 MB
2026-03-25 18:51:22,124 - INFO - [36m(worker1, rank=1, pid=4352, ip=172.31.33.82)[0m node 1 free: 548966 MB
2026-03-25 18:51:22,124 - INFO - [36m(worker1, rank=1, pid=4352, ip=172.31.33.82)[0m node distances:
2026-03-25 18:51:22,124 - INFO - [36m(worker1, rank=1, pid=4352, ip=172.31.33.82)[0m node   0   1
2026-03-25 18:51:22,124 - INFO - [36m(worker1, rank=1, pid=4352, ip=172.31.33.82)[0m   0:  10  21
2026-03-25 18:51:22,124 - INFO - [36m(worker1, rank=1, pid=4352, ip=172.31.33.82)[0m   1:  21  10
2026-03-25 18:51:22,124 - INFO - [36m(worker1, rank=1, pid=4352, ip=172.31.33.82)[0m + echo ''
2026-03-25 18:51:23,935 - INFO - [36m(worker1, rank=1, pid=4352, ip=172.31.33.82)[0m
2026-03-25 18:51:23,935 - INFO - [36m(worker1, rank=1, pid=4352, ip=172.31.33.82)[0m + echo 'GPU PCIe Bus IDs and NUMA node assignments:'
2026-03-25 18:51:23,935 - INFO - [36m(worker1, rank=1, pid=4352, ip=172.31.33.82)[0m GPU PCIe Bus IDs and NUMA node assignments:
2026-03-25 18:51:23,935 - INFO - [36m(worker1, rank=1, pid=4352, ip=172.31.33.82)[0m ++ nvidia-smi --query-gpu=count --format=csv,noheader
2026-03-25 18:51:23,935 - INFO - [36m(worker1, rank=1, pid=4352, ip=172.31.33.82)[0m ++ head -1
2026-03-25 18:51:23,935 - INFO - [36m(head, rank=0, pid=6356)[0m GPU0	 X 	NV12	NV12	NV12	NV12	NV12	NV12	NV12	0-23,48-71	0		N/A
2026-03-25 18:51:23,935 - INFO - [36m(head, rank=0, pid=6356)[0m GPU1	NV12	 X 	NV12	NV12	NV12	NV12	NV12	NV12	0-23,48-71	0		N/A
2026-03-25 18:51:23,935 - INFO - [36m(head, rank=0, pid=6356)[0m GPU2	NV12	NV12	 X 	NV12	NV12	NV12	NV12	NV12	0-23,48-71	0		N/A
2026-03-25 18:51:23,935 - INFO - [36m(head, rank=0, pid=6356)[0m GPU3	NV12	NV12	NV12	 X 	NV12	NV12	NV12	NV12	0-23,48-71	0		N/A
2026-03-25 18:51:23,935 - INFO - [36m(head, rank=0, pid=6356)[0m GPU4	NV12	NV12	NV12	NV12	 X 	NV12	NV12	NV12	24-47,72-95	1		N/A
2026-03-25 18:51:23,935 - INFO - [36m(head, rank=0, pid=6356)[0m GPU5	NV12	NV12	NV12	NV12	NV12	 X 	NV12	NV12	24-47,72-95	1		N/A
2026-03-25 18:51:23,935 - INFO - [36m(head, rank=0, pid=6356)[0m GPU6	NV12	NV12	NV12	NV12	NV12	NV12	 X 	NV12	24-47,72-95	1		N/A
2026-03-25 18:51:23,935 - INFO - [36m(head, rank=0, pid=6356)[0m GPU7	NV12	NV12	NV12	NV12	NV12	NV12	NV12	 X 	24-47,72-95	1		N/A
2026-03-25 18:51:23,935 - INFO - [36m(head, rank=0, pid=6356)[0m
2026-03-25 18:51:23,935 - INFO - [36m(head, rank=0, pid=6356)[0m Legend:
2026-03-25 18:51:23,935 - INFO - [36m(head, rank=0, pid=6356)[0m
2026-03-25 18:51:23,935 - INFO - [36m(head, rank=0, pid=6356)[0m   X    = Self
2026-03-25 18:51:23,935 - INFO - [36m(head, rank=0, pid=6356)[0m   SYS  = Connection traversing PCIe as well as the SMP interconnect between NUMA nodes (e.g., QPI/UPI)
2026-03-25 18:51:23,936 - INFO - [36m(head, rank=0, pid=6356)[0m   NODE = Connection traversing PCIe as well as the interconnect between PCIe Host Bridges within a NUMA node
2026-03-25 18:51:23,936 - INFO - [36m(head, rank=0, pid=6356)[0m   PHB  = Connection traversing PCIe as well as a PCIe Host Bridge (typically the CPU)
2026-03-25 18:51:23,936 - INFO - [36m(head, rank=0, pid=6356)[0m   PXB  = Connection traversing multiple PCIe bridges (without traversing the PCIe Host Bridge)
2026-03-25 18:51:23,936 - INFO - [36m(head, rank=0, pid=6356)[0m   PIX  = Connection traversing at most a single PCIe bridge
2026-03-25 18:51:23,936 - INFO - [36m(head, rank=0, pid=6356)[0m   NV#  = Connection traversing a bonded set of # NVLinks
2026-03-25 18:51:23,936 - INFO - [36m(head, rank=0, pid=6356)[0m + echo '--- NUMA Topology and GPU-NUMA Mapping ---'
2026-03-25 18:51:23,936 - INFO - [36m(head, rank=0, pid=6356)[0m --- NUMA Topology and GPU-NUMA Mapping ---
2026-03-25 18:51:23,936 - INFO - [36m(head, rank=0, pid=6356)[0m + echo 'NUMA hardware layout:'
2026-03-25 18:51:23,936 - INFO - [36m(head, rank=0, pid=6356)[0m NUMA hardware layout:
2026-03-25 18:51:23,936 - INFO - [36m(head, rank=0, pid=6356)[0m + numactl --hardware
2026-03-25 18:51:23,936 - INFO - [36m(head, rank=0, pid=6356)[0m available: 2 nodes (0-1)
2026-03-25 18:51:23,936 - INFO - [36m(head, rank=0, pid=6356)[0m node 0 cpus: 0 1 2 3 4 5 6 7 8 9 10 11 12 13 14 15 16 17 18 19 20 21 22 23 48 49 50 51 52 53 54 55 56 57 58 59 60 61 62 63 64 65 66 67 68 69 70 71
2026-03-25 18:51:23,936 - INFO - [36m(head, rank=0, pid=6356)[0m node 0 size: 574352 MB
2026-03-25 18:51:23,936 - INFO - [36m(head, rank=0, pid=6356)[0m node 0 free: 551078 MB
2026-03-25 18:51:23,936 - INFO - [36m(head, rank=0, pid=6356)[0m node 1 cpus: 24 25 26 27 28 29 30 31 32 33 34 35 36 37 38 39 40 41 42 43 44 45 46 47 72 73 74 75 76 77 78 79 80 81 82 83 84 85 86 87 88 89 90 91 92 93 94 95
2026-03-25 18:51:23,936 - INFO - [36m(head, rank=0, pid=6356)[0m node 1 size: 574368 MB
2026-03-25 18:51:23,936 - INFO - [36m(head, rank=0, pid=6356)[0m node 1 free: 545029 MB
2026-03-25 18:51:23,936 - INFO - [36m(head, rank=0, pid=6356)[0m node distances:
2026-03-25 18:51:23,936 - INFO - [36m(head, rank=0, pid=6356)[0m node   0   1
2026-03-25 18:51:23,936 - INFO - [36m(head, rank=0, pid=6356)[0m   0:  10  21
2026-03-25 18:51:23,936 - INFO - [36m(head, rank=0, pid=6356)[0m   1:  21  10
2026-03-25 18:51:23,936 - INFO - [36m(head, rank=0, pid=6356)[0m + echo ''
2026-03-25 18:51:23,936 - INFO - [36m(head, rank=0, pid=6356)[0m
2026-03-25 18:51:23,936 - INFO - [36m(head, rank=0, pid=6356)[0m + echo 'GPU PCIe Bus IDs and NUMA node assignments:'
2026-03-25 18:51:23,936 - INFO - [36m(head, rank=0, pid=6356)[0m GPU PCIe Bus IDs and NUMA node assignments:
2026-03-25 18:51:23,936 - INFO - [36m(head, rank=0, pid=6356)[0m ++ nvidia-smi --query-gpu=count --format=csv,noheader
2026-03-25 18:51:23,936 - INFO - [36m(head, rank=0, pid=6356)[0m ++ head -1
2026-03-25 18:51:23,936 - INFO - [36m(worker1, rank=1, pid=4352, ip=172.31.33.82)[0m ++ echo 0
2026-03-25 18:51:23,936 - INFO - [36m(worker1, rank=1, pid=4352, ip=172.31.33.82)[0m + gpu_count='8
2026-03-25 18:51:23,936 - INFO - [36m(worker1, rank=1, pid=4352, ip=172.31.33.82)[0m 0'
2026-03-25 18:51:23,936 - INFO - [36m(worker1, rank=1, pid=4352, ip=172.31.33.82)[0m + '[' '8
2026-03-25 18:51:23,936 - INFO - [36m(worker1, rank=1, pid=4352, ip=172.31.33.82)[0m 0' -gt 0 ']'
2026-03-25 18:51:23,936 - INFO - [36m(worker1, rank=1, pid=4352, ip=172.31.33.82)[0m + echo 'Could not detect GPU count'
2026-03-25 18:51:23,936 - INFO - [36m(worker1, rank=1, pid=4352, ip=172.31.33.82)[0m Could not detect GPU count
2026-03-25 18:51:23,936 - INFO - [36m(worker1, rank=1, pid=4352, ip=172.31.33.82)[0m + echo -------------------------------------------
2026-03-25 18:51:23,936 - INFO - [36m(worker1, rank=1, pid=4352, ip=172.31.33.82)[0m -------------------------------------------
2026-03-25 18:51:23,936 - INFO - [36m(worker1, rank=1, pid=4352, ip=172.31.33.82)[0m + echo 'Checking for GPU processes and errors...'
2026-03-25 18:51:23,936 - INFO - [36m(worker1, rank=1, pid=4352, ip=172.31.33.82)[0m Checking for GPU processes and errors...
2026-03-25 18:51:23,936 - INFO - [36m(worker1, rank=1, pid=4352, ip=172.31.33.82)[0m + awk 'NR<=50'
2026-03-25 18:51:23,936 - INFO - [36m(worker1, rank=1, pid=4352, ip=172.31.33.82)[0m + nvidia-smi -q -d ERRORS
2026-03-25 18:51:23,936 - INFO - [36m(worker1, rank=1, pid=4352, ip=172.31.33.82)[0m Failed to parse --display/-d flags
2026-03-25 18:51:23,936 - INFO - [36m(worker1, rank=1, pid=4352, ip=172.31.33.82)[0m + echo 'Error check failed'
2026-03-25 18:51:23,936 - INFO - [36m(worker1, rank=1, pid=4352, ip=172.31.33.82)[0m Error check failed
2026-03-25 18:51:23,936 - INFO - [36m(worker1, rank=1, pid=4352, ip=172.31.33.82)[0m + echo '--- CUDA Device Query ---'
2026-03-25 18:51:23,936 - INFO - [36m(worker1, rank=1, pid=4352, ip=172.31.33.82)[0m --- CUDA Device Query ---
2026-03-25 18:51:23,936 - INFO - [36m(worker1, rank=1, pid=4352, ip=172.31.33.82)[0m + python3 -c 'import ctypes; cudart = ctypes.CDLL('\''libcudart.so.12'\''); count = ctypes.c_int(); result = cudart.cudaGetDeviceCount(ctypes.byref(count)); print(f'\''cudaGetDeviceCount result: {result} (0=success), device count: {count.value}'\'')'
2026-03-25 18:51:23,936 - INFO - [36m(head, rank=0, pid=6356)[0m ++ echo 0
2026-03-25 18:51:23,936 - INFO - [36m(head, rank=0, pid=6356)[0m + gpu_count='8
2026-03-25 18:51:23,936 - INFO - [36m(head, rank=0, pid=6356)[0m 0'
2026-03-25 18:51:23,936 - INFO - [36m(head, rank=0, pid=6356)[0m + '[' '8
2026-03-25 18:51:23,936 - INFO - [36m(head, rank=0, pid=6356)[0m 0' -gt 0 ']'
2026-03-25 18:51:23,937 - INFO - [36m(head, rank=0, pid=6356)[0m + echo 'Could not detect GPU count'
2026-03-25 18:51:23,937 - INFO - [36m(head, rank=0, pid=6356)[0m Could not detect GPU count
2026-03-25 18:51:23,937 - INFO - [36m(head, rank=0, pid=6356)[0m + echo -------------------------------------------
2026-03-25 18:51:23,937 - INFO - [36m(head, rank=0, pid=6356)[0m -------------------------------------------
2026-03-25 18:51:23,937 - INFO - [36m(head, rank=0, pid=6356)[0m + echo 'Checking for GPU processes and errors...'
2026-03-25 18:51:23,937 - INFO - [36m(head, rank=0, pid=6356)[0m Checking for GPU processes and errors...
2026-03-25 18:51:23,937 - INFO - [36m(head, rank=0, pid=6356)[0m + awk 'NR<=50'
2026-03-25 18:51:23,937 - INFO - [36m(head, rank=0, pid=6356)[0m + nvidia-smi -q -d ERRORS
2026-03-25 18:51:23,937 - INFO - [36m(head, rank=0, pid=6356)[0m Failed to parse --display/-d flags
2026-03-25 18:51:23,937 - INFO - [36m(head, rank=0, pid=6356)[0m + echo 'Error check failed'
2026-03-25 18:51:23,937 - INFO - [36m(head, rank=0, pid=6356)[0m Error check failed
2026-03-25 18:51:23,937 - INFO - [36m(head, rank=0, pid=6356)[0m + echo '--- CUDA Device Query ---'
2026-03-25 18:51:23,937 - INFO - [36m(head, rank=0, pid=6356)[0m --- CUDA Device Query ---
2026-03-25 18:51:23,937 - INFO - [36m(head, rank=0, pid=6356)[0m + python3 -c 'import ctypes; cudart = ctypes.CDLL('\''libcudart.so.12'\''); count = ctypes.c_int(); result = cudart.cudaGetDeviceCount(ctypes.byref(count)); print(f'\''cudaGetDeviceCount result: {result} (0=success), device count: {count.value}'\'')'
2026-03-25 18:51:23,937 - INFO - [36m(head, rank=0, pid=6356)[0m cudaGetDeviceCount result: 0 (0=success), device count: 8
2026-03-25 18:51:25,045 - INFO - [36m(worker1, rank=1, pid=4352, ip=172.31.33.82)[0m cudaGetDeviceCount result: 0 (0=success), device count: 8
2026-03-25 18:51:25,045 - INFO - [36m(head, rank=0, pid=6356)[0m + echo ===========================
2026-03-25 18:51:25,449 - INFO - [36m(head, rank=0, pid=6356)[0m ===========================
2026-03-25 18:51:25,449 - INFO - [36m(head, rank=0, pid=6356)[0m + source .venv/bin/activate
2026-03-25 18:51:25,449 - INFO - [36m(head, rank=0, pid=6356)[0m ++ '[' -z '' ']'
2026-03-25 18:51:25,450 - INFO - [36m(head, rank=0, pid=6356)[0m ++ '[' -n x ']'
2026-03-25 18:51:25,450 - INFO - [36m(head, rank=0, pid=6356)[0m ++ SCRIPT_PATH=.venv/bin/activate
2026-03-25 18:51:25,450 - INFO - [36m(head, rank=0, pid=6356)[0m ++ '[' .venv/bin/activate = /tmp/sky_app_yuic8dzg ']'
2026-03-25 18:51:25,450 - INFO - [36m(head, rank=0, pid=6356)[0m ++ deactivate nondestructive
2026-03-25 18:51:25,450 - INFO - [36m(head, rank=0, pid=6356)[0m ++ unset -f pydoc
2026-03-25 18:51:25,450 - INFO - [36m(head, rank=0, pid=6356)[0m ++ '[' -z '' ']'
2026-03-25 18:51:25,450 - INFO - [36m(head, rank=0, pid=6356)[0m ++ '[' -z '' ']'
2026-03-25 18:51:25,450 - INFO - [36m(head, rank=0, pid=6356)[0m ++ hash -r
2026-03-25 18:51:25,450 - INFO - [36m(head, rank=0, pid=6356)[0m ++ '[' -z '' ']'
2026-03-25 18:51:25,450 - INFO - [36m(head, rank=0, pid=6356)[0m ++ unset VIRTUAL_ENV
2026-03-25 18:51:25,450 - INFO - [36m(head, rank=0, pid=6356)[0m ++ unset VIRTUAL_ENV_PROMPT
2026-03-25 18:51:25,450 - INFO - [36m(head, rank=0, pid=6356)[0m ++ '[' '!' nondestructive = nondestructive ']'
2026-03-25 18:51:25,450 - INFO - [36m(head, rank=0, pid=6356)[0m ++ VIRTUAL_ENV=/home/ubuntu/sky_workdir/.venv
2026-03-25 18:51:25,450 - INFO - [36m(head, rank=0, pid=6356)[0m ++ '[' linux-gnu = cygwin ']'
2026-03-25 18:51:25,450 - INFO - [36m(head, rank=0, pid=6356)[0m ++ '[' linux-gnu = msys ']'
2026-03-25 18:51:25,450 - INFO - [36m(head, rank=0, pid=6356)[0m ++ export VIRTUAL_ENV
2026-03-25 18:51:25,450 - INFO - [36m(head, rank=0, pid=6356)[0m ++ '[' -z '' ']'
2026-03-25 18:51:25,450 - INFO - [36m(head, rank=0, pid=6356)[0m ++ unset SCRIPT_PATH
2026-03-25 18:51:25,450 - INFO - [36m(head, rank=0, pid=6356)[0m ++ _OLD_VIRTUAL_PATH=/home/ubuntu/.local/bin:/home/ubuntu/.local/bin:/home/ubuntu/miniconda3/bin:/home/ubuntu/miniconda3/condabin:/opt/amazon/openmpi/bin:/opt/amazon/efa/bin:/usr/local/cuda-12.8/bin:/usr/local/cuda-12.8/include:/usr/local/cuda-12.8/bin:/usr/local/cuda-12.8/include:/usr/local/sbin:/usr/local/bin:/usr/sbin:/usr/bin:/sbin:/bin:/usr/games:/usr/local/games:/snap/bin
2026-03-25 18:51:25,450 - INFO - [36m(head, rank=0, pid=6356)[0m ++ PATH=/home/ubuntu/sky_workdir/.venv/bin:/home/ubuntu/.local/bin:/home/ubuntu/.local/bin:/home/ubuntu/miniconda3/bin:/home/ubuntu/miniconda3/condabin:/opt/amazon/openmpi/bin:/opt/amazon/efa/bin:/usr/local/cuda-12.8/bin:/usr/local/cuda-12.8/include:/usr/local/cuda-12.8/bin:/usr/local/cuda-12.8/include:/usr/local/sbin:/usr/local/bin:/usr/sbin:/usr/bin:/sbin:/bin:/usr/games:/usr/local/games:/snap/bin
2026-03-25 18:51:25,450 - INFO - [36m(head, rank=0, pid=6356)[0m ++ export PATH
2026-03-25 18:51:25,450 - INFO - [36m(head, rank=0, pid=6356)[0m ++ '[' xsky_workdir '!=' x ']'
2026-03-25 18:51:25,450 - INFO - [36m(head, rank=0, pid=6356)[0m ++ VIRTUAL_ENV_PROMPT=sky_workdir
2026-03-25 18:51:25,450 - INFO - [36m(head, rank=0, pid=6356)[0m ++ export VIRTUAL_ENV_PROMPT
2026-03-25 18:51:25,450 - INFO - [36m(head, rank=0, pid=6356)[0m ++ '[' -z '' ']'
2026-03-25 18:51:25,450 - INFO - [36m(head, rank=0, pid=6356)[0m ++ '[' -z '' ']'
2026-03-25 18:51:25,450 - INFO - [36m(head, rank=0, pid=6356)[0m ++ _OLD_VIRTUAL_PS1='(base) ${debian_chroot:+($debian_chroot)}\u@\h:\w\$ '
2026-03-25 18:51:25,450 - INFO - [36m(head, rank=0, pid=6356)[0m ++ PS1='(sky_workdir) (base) ${debian_chroot:+($debian_chroot)}\u@\h:\w\$ '
2026-03-25 18:51:25,450 - INFO - [36m(head, rank=0, pid=6356)[0m ++ export PS1
2026-03-25 18:51:25,450 - INFO - [36m(head, rank=0, pid=6356)[0m ++ alias pydoc
2026-03-25 18:51:25,450 - INFO - [36m(head, rank=0, pid=6356)[0m ++ true
2026-03-25 18:51:25,450 - INFO - [36m(head, rank=0, pid=6356)[0m ++ hash -r
2026-03-25 18:51:25,954 - INFO - [36m(head, rank=0, pid=6356)[0m + echo '=== DETAILED PyTorch CUDA Diagnostics (in run phase) ==='
2026-03-25 18:51:25,954 - INFO - [36m(head, rank=0, pid=6356)[0m === DETAILED PyTorch CUDA Diagnostics (in run phase) ===
2026-03-25 18:51:25,954 - INFO - [36m(head, rank=0, pid=6356)[0m + echo '--- Environment ---'
2026-03-25 18:51:25,954 - INFO - [36m(head, rank=0, pid=6356)[0m --- Environment ---
2026-03-25 18:51:25,954 - INFO - [36m(head, rank=0, pid=6356)[0m + echo 'LD_LIBRARY_PATH: /usr/local/cuda/lib64:/usr/local/cuda/targets/x86_64-linux/lib:/usr/local/cuda-12.8/lib:/usr/local/cuda-12.8/lib64:/usr/local/cuda-12.8:/usr/local/cuda-12.8/targets/x86_64-linux/lib/:/usr/local/cuda-12.8/extras/CUPTI/lib64:/opt/amazon/efa/lib:/opt/amazon/openmpi/lib:/opt/amazon/ofi-nccl/lib/x86_64-linux-gnu:/usr/local/lib:/usr/lib:/usr/local/cuda-12.8/lib:/usr/local/cuda-12.8/lib64:/usr/local/cuda-12.8:/usr/local/cuda-12.8/targets/x86_64-linux/lib/:/usr/local/cuda-12.8/extras/CUPTI/lib64:/opt/amazon/efa/lib:/opt/amazon/openmpi/lib:/opt/amazon/ofi-nccl/lib/x86_64-linux-gnu:/usr/local/lib:/usr/lib'
2026-03-25 18:51:25,954 - INFO - [36m(head, rank=0, pid=6356)[0m LD_LIBRARY_PATH: /usr/local/cuda/lib64:/usr/local/cuda/targets/x86_64-linux/lib:/usr/local/cuda-12.8/lib:/usr/local/cuda-12.8/lib64:/usr/local/cuda-12.8:/usr/local/cuda-12.8/targets/x86_64-linux/lib/:/usr/local/cuda-12.8/extras/CUPTI/lib64:/opt/amazon/efa/lib:/opt/amazon/openmpi/lib:/opt/amazon/ofi-nccl/lib/x86_64-linux-gnu:/usr/local/lib:/usr/lib:/usr/local/cuda-12.8/lib:/usr/local/cuda-12.8/lib64:/usr/local/cuda-12.8:/usr/local/cuda-12.8/targets/x86_64-linux/lib/:/usr/local/cuda-12.8/extras/CUPTI/lib64:/opt/amazon/efa/lib:/opt/amazon/openmpi/lib:/opt/amazon/ofi-nccl/lib/x86_64-linux-gnu:/usr/local/lib:/usr/lib
2026-03-25 18:51:25,954 - INFO - [36m(head, rank=0, pid=6356)[0m + echo 'CUDA_HOME: /usr/local/cuda'
2026-03-25 18:51:25,955 - INFO - [36m(head, rank=0, pid=6356)[0m CUDA_HOME: /usr/local/cuda
2026-03-25 18:51:25,955 - INFO - [36m(head, rank=0, pid=6356)[0m + which python3
2026-03-25 18:51:25,955 - INFO - [36m(head, rank=0, pid=6356)[0m /home/ubuntu/sky_workdir/.venv/bin/python3
2026-03-25 18:51:25,955 - INFO - [36m(head, rank=0, pid=6356)[0m + echo '--- Torch info ---'
2026-03-25 18:51:25,955 - INFO - [36m(head, rank=0, pid=6356)[0m --- Torch info ---
2026-03-25 18:51:25,955 - INFO - [36m(head, rank=0, pid=6356)[0m + python3 -c 'import torch; print('\''torch.__version__:'\'', torch.__version__); print('\''torch.__file__:'\'', torch.__file__); print('\''torch.version.cuda:'\'', torch.version.cuda); print('\''torch.backends.cuda.is_built():'\'', torch.backends.cuda.is_built())'
2026-03-25 18:51:25,955 - INFO - [36m(worker1, rank=1, pid=4352, ip=172.31.33.82)[0m + echo ===========================
2026-03-25 18:51:25,955 - INFO - [36m(worker1, rank=1, pid=4352, ip=172.31.33.82)[0m ===========================
2026-03-25 18:51:25,955 - INFO - [36m(worker1, rank=1, pid=4352, ip=172.31.33.82)[0m + source .venv/bin/activate
2026-03-25 18:51:25,955 - INFO - [36m(worker1, rank=1, pid=4352, ip=172.31.33.82)[0m ++ '[' -z '' ']'
2026-03-25 18:51:25,955 - INFO - [36m(worker1, rank=1, pid=4352, ip=172.31.33.82)[0m ++ '[' -n x ']'
2026-03-25 18:51:25,955 - INFO - [36m(worker1, rank=1, pid=4352, ip=172.31.33.82)[0m ++ SCRIPT_PATH=.venv/bin/activate
2026-03-25 18:51:25,955 - INFO - [36m(worker1, rank=1, pid=4352, ip=172.31.33.82)[0m ++ '[' .venv/bin/activate = /tmp/sky_app_7lfufjpn ']'
2026-03-25 18:51:25,955 - INFO - [36m(worker1, rank=1, pid=4352, ip=172.31.33.82)[0m ++ deactivate nondestructive
2026-03-25 18:51:25,955 - INFO - [36m(worker1, rank=1, pid=4352, ip=172.31.33.82)[0m ++ unset -f pydoc
2026-03-25 18:51:25,955 - INFO - [36m(worker1, rank=1, pid=4352, ip=172.31.33.82)[0m ++ '[' -z '' ']'
2026-03-25 18:51:25,955 - INFO - [36m(worker1, rank=1, pid=4352, ip=172.31.33.82)[0m ++ '[' -z '' ']'
2026-03-25 18:51:25,955 - INFO - [36m(worker1, rank=1, pid=4352, ip=172.31.33.82)[0m ++ hash -r
2026-03-25 18:51:25,955 - INFO - [36m(worker1, rank=1, pid=4352, ip=172.31.33.82)[0m ++ '[' -z '' ']'
2026-03-25 18:51:25,955 - INFO - [36m(worker1, rank=1, pid=4352, ip=172.31.33.82)[0m ++ unset VIRTUAL_ENV
2026-03-25 18:51:25,955 - INFO - [36m(worker1, rank=1, pid=4352, ip=172.31.33.82)[0m ++ unset VIRTUAL_ENV_PROMPT
2026-03-25 18:51:25,955 - INFO - [36m(worker1, rank=1, pid=4352, ip=172.31.33.82)[0m ++ '[' '!' nondestructive = nondestructive ']'
2026-03-25 18:51:25,955 - INFO - [36m(worker1, rank=1, pid=4352, ip=172.31.33.82)[0m ++ VIRTUAL_ENV=/home/ubuntu/sky_workdir/.venv
2026-03-25 18:51:25,955 - INFO - [36m(worker1, rank=1, pid=4352, ip=172.31.33.82)[0m ++ '[' linux-gnu = cygwin ']'
2026-03-25 18:51:25,955 - INFO - [36m(worker1, rank=1, pid=4352, ip=172.31.33.82)[0m ++ '[' linux-gnu = msys ']'
2026-03-25 18:51:25,955 - INFO - [36m(worker1, rank=1, pid=4352, ip=172.31.33.82)[0m ++ export VIRTUAL_ENV
2026-03-25 18:51:25,955 - INFO - [36m(worker1, rank=1, pid=4352, ip=172.31.33.82)[0m ++ '[' -z '' ']'
2026-03-25 18:51:25,955 - INFO - [36m(worker1, rank=1, pid=4352, ip=172.31.33.82)[0m ++ unset SCRIPT_PATH
2026-03-25 18:51:25,955 - INFO - [36m(worker1, rank=1, pid=4352, ip=172.31.33.82)[0m ++ _OLD_VIRTUAL_PATH=/home/ubuntu/.local/bin:/home/ubuntu/.local/bin:/home/ubuntu/miniconda3/bin:/home/ubuntu/miniconda3/condabin:/opt/amazon/openmpi/bin:/opt/amazon/efa/bin:/usr/local/cuda-12.8/bin:/usr/local/cuda-12.8/include:/usr/local/cuda-12.8/bin:/usr/local/cuda-12.8/include:/usr/local/sbin:/usr/local/bin:/usr/sbin:/usr/bin:/sbin:/bin:/usr/games:/usr/local/games:/snap/bin
2026-03-25 18:51:25,955 - INFO - [36m(worker1, rank=1, pid=4352, ip=172.31.33.82)[0m ++ PATH=/home/ubuntu/sky_workdir/.venv/bin:/home/ubuntu/.local/bin:/home/ubuntu/.local/bin:/home/ubuntu/miniconda3/bin:/home/ubuntu/miniconda3/condabin:/opt/amazon/openmpi/bin:/opt/amazon/efa/bin:/usr/local/cuda-12.8/bin:/usr/local/cuda-12.8/include:/usr/local/cuda-12.8/bin:/usr/local/cuda-12.8/include:/usr/local/sbin:/usr/local/bin:/usr/sbin:/usr/bin:/sbin:/bin:/usr/games:/usr/local/games:/snap/bin
2026-03-25 18:51:25,955 - INFO - [36m(worker1, rank=1, pid=4352, ip=172.31.33.82)[0m ++ export PATH
2026-03-25 18:51:25,955 - INFO - [36m(worker1, rank=1, pid=4352, ip=172.31.33.82)[0m ++ '[' xsky_workdir '!=' x ']'
2026-03-25 18:51:25,955 - INFO - [36m(worker1, rank=1, pid=4352, ip=172.31.33.82)[0m ++ VIRTUAL_ENV_PROMPT=sky_workdir
2026-03-25 18:51:25,955 - INFO - [36m(worker1, rank=1, pid=4352, ip=172.31.33.82)[0m ++ export VIRTUAL_ENV_PROMPT
2026-03-25 18:51:25,955 - INFO - [36m(worker1, rank=1, pid=4352, ip=172.31.33.82)[0m ++ '[' -z '' ']'
2026-03-25 18:51:25,955 - INFO - [36m(worker1, rank=1, pid=4352, ip=172.31.33.82)[0m ++ '[' -z '' ']'
2026-03-25 18:51:25,955 - INFO - [36m(worker1, rank=1, pid=4352, ip=172.31.33.82)[0m ++ _OLD_VIRTUAL_PS1='(base) ${debian_chroot:+($debian_chroot)}\u@\h:\w\$ '
2026-03-25 18:51:25,955 - INFO - [36m(worker1, rank=1, pid=4352, ip=172.31.33.82)[0m ++ PS1='(sky_workdir) (base) ${debian_chroot:+($debian_chroot)}\u@\h:\w\$ '
2026-03-25 18:51:25,956 - INFO - [36m(worker1, rank=1, pid=4352, ip=172.31.33.82)[0m ++ export PS1
2026-03-25 18:51:25,956 - INFO - [36m(worker1, rank=1, pid=4352, ip=172.31.33.82)[0m ++ alias pydoc
2026-03-25 18:51:25,956 - INFO - [36m(worker1, rank=1, pid=4352, ip=172.31.33.82)[0m ++ true
2026-03-25 18:51:25,956 - INFO - [36m(worker1, rank=1, pid=4352, ip=172.31.33.82)[0m ++ hash -r
2026-03-25 18:51:25,956 - INFO - [36m(worker1, rank=1, pid=4352, ip=172.31.33.82)[0m + echo '=== DETAILED PyTorch CUDA Diagnostics (in run phase) ==='
2026-03-25 18:51:25,956 - INFO - [36m(worker1, rank=1, pid=4352, ip=172.31.33.82)[0m === DETAILED PyTorch CUDA Diagnostics (in run phase) ===
2026-03-25 18:51:25,956 - INFO - [36m(worker1, rank=1, pid=4352, ip=172.31.33.82)[0m + echo '--- Environment ---'
2026-03-25 18:51:25,956 - INFO - [36m(worker1, rank=1, pid=4352, ip=172.31.33.82)[0m --- Environment ---
2026-03-25 18:51:25,956 - INFO - [36m(worker1, rank=1, pid=4352, ip=172.31.33.82)[0m + echo 'LD_LIBRARY_PATH: /usr/local/cuda/lib64:/usr/local/cuda/targets/x86_64-linux/lib:/usr/local/cuda-12.8/lib:/usr/local/cuda-12.8/lib64:/usr/local/cuda-12.8:/usr/local/cuda-12.8/targets/x86_64-linux/lib/:/usr/local/cuda-12.8/extras/CUPTI/lib64:/opt/amazon/efa/lib:/opt/amazon/openmpi/lib:/opt/amazon/ofi-nccl/lib/x86_64-linux-gnu:/usr/local/lib:/usr/lib:/usr/local/cuda-12.8/lib:/usr/local/cuda-12.8/lib64:/usr/local/cuda-12.8:/usr/local/cuda-12.8/targets/x86_64-linux/lib/:/usr/local/cuda-12.8/extras/CUPTI/lib64:/opt/amazon/efa/lib:/opt/amazon/openmpi/lib:/opt/amazon/ofi-nccl/lib/x86_64-linux-gnu:/usr/local/lib:/usr/lib'
2026-03-25 18:51:25,956 - INFO - [36m(worker1, rank=1, pid=4352, ip=172.31.33.82)[0m LD_LIBRARY_PATH: /usr/local/cuda/lib64:/usr/local/cuda/targets/x86_64-linux/lib:/usr/local/cuda-12.8/lib:/usr/local/cuda-12.8/lib64:/usr/local/cuda-12.8:/usr/local/cuda-12.8/targets/x86_64-linux/lib/:/usr/local/cuda-12.8/extras/CUPTI/lib64:/opt/amazon/efa/lib:/opt/amazon/openmpi/lib:/opt/amazon/ofi-nccl/lib/x86_64-linux-gnu:/usr/local/lib:/usr/lib:/usr/local/cuda-12.8/lib:/usr/local/cuda-12.8/lib64:/usr/local/cuda-12.8:/usr/local/cuda-12.8/targets/x86_64-linux/lib/:/usr/local/cuda-12.8/extras/CUPTI/lib64:/opt/amazon/efa/lib:/opt/amazon/openmpi/lib:/opt/amazon/ofi-nccl/lib/x86_64-linux-gnu:/usr/local/lib:/usr/lib
2026-03-25 18:51:25,956 - INFO - [36m(worker1, rank=1, pid=4352, ip=172.31.33.82)[0m + echo 'CUDA_HOME: /usr/local/cuda'
2026-03-25 18:51:26,660 - INFO - [36m(worker1, rank=1, pid=4352, ip=172.31.33.82)[0m CUDA_HOME: /usr/local/cuda
2026-03-25 18:51:26,660 - INFO - [36m(worker1, rank=1, pid=4352, ip=172.31.33.82)[0m + which python3
2026-03-25 18:51:26,660 - INFO - [36m(worker1, rank=1, pid=4352, ip=172.31.33.82)[0m /home/ubuntu/sky_workdir/.venv/bin/python3
2026-03-25 18:51:26,660 - INFO - [36m(worker1, rank=1, pid=4352, ip=172.31.33.82)[0m + echo '--- Torch info ---'
2026-03-25 18:51:26,660 - INFO - [36m(worker1, rank=1, pid=4352, ip=172.31.33.82)[0m --- Torch info ---
2026-03-25 18:51:26,661 - INFO - [36m(worker1, rank=1, pid=4352, ip=172.31.33.82)[0m + python3 -c 'import torch; print('\''torch.__version__:'\'', torch.__version__); print('\''torch.__file__:'\'', torch.__file__); print('\''torch.version.cuda:'\'', torch.version.cuda); print('\''torch.backends.cuda.is_built():'\'', torch.backends.cuda.is_built())'
2026-03-25 18:51:26,661 - INFO - [36m(head, rank=0, pid=6356)[0m torch.__version__: 2.7.1+cu126
2026-03-25 18:51:27,564 - INFO - [36m(head, rank=0, pid=6356)[0m torch.__file__: /home/ubuntu/sky_workdir/.venv/lib/python3.12/site-packages/torch/__init__.py
2026-03-25 18:51:27,564 - INFO - [36m(head, rank=0, pid=6356)[0m torch.version.cuda: 12.6
2026-03-25 18:51:27,565 - INFO - [36m(head, rank=0, pid=6356)[0m torch.backends.cuda.is_built(): True
2026-03-25 18:51:27,565 - INFO - [36m(head, rank=0, pid=6356)[0m + echo '--- CUDA check ---'
2026-03-25 18:51:27,565 - INFO - [36m(head, rank=0, pid=6356)[0m --- CUDA check ---
2026-03-25 18:51:27,565 - INFO - [36m(head, rank=0, pid=6356)[0m + python3 -c 'import torch; print('\''torch.cuda.is_available():'\'', torch.cuda.is_available()); print('\''torch.cuda.device_count():'\'', torch.cuda.device_count() if torch.cuda.is_available() else '\''N/A - checking why...'\'')'
2026-03-25 18:51:27,565 - INFO - [36m(worker1, rank=1, pid=4352, ip=172.31.33.82)[0m torch.__version__: 2.7.1+cu126
2026-03-25 18:51:30,081 - INFO - [36m(worker1, rank=1, pid=4352, ip=172.31.33.82)[0m torch.__file__: /home/ubuntu/sky_workdir/.venv/lib/python3.12/site-packages/torch/__init__.py
2026-03-25 18:51:30,081 - INFO - [36m(worker1, rank=1, pid=4352, ip=172.31.33.82)[0m torch.version.cuda: 12.6
2026-03-25 18:51:30,081 - INFO - [36m(worker1, rank=1, pid=4352, ip=172.31.33.82)[0m torch.backends.cuda.is_built(): True
2026-03-25 18:51:30,081 - INFO - [36m(worker1, rank=1, pid=4352, ip=172.31.33.82)[0m + echo '--- CUDA check ---'
2026-03-25 18:51:30,081 - INFO - [36m(worker1, rank=1, pid=4352, ip=172.31.33.82)[0m --- CUDA check ---
2026-03-25 18:51:30,081 - INFO - [36m(worker1, rank=1, pid=4352, ip=172.31.33.82)[0m + python3 -c 'import torch; print('\''torch.cuda.is_available():'\'', torch.cuda.is_available()); print('\''torch.cuda.device_count():'\'', torch.cuda.device_count() if torch.cuda.is_available() else '\''N/A - checking why...'\'')'
2026-03-25 18:51:30,081 - INFO - [36m(head, rank=0, pid=6356)[0m torch.cuda.is_available(): True
2026-03-25 18:51:30,685 - INFO - [36m(head, rank=0, pid=6356)[0m torch.cuda.device_count(): 8
2026-03-25 18:51:30,685 - INFO - [36m(worker1, rank=1, pid=4352, ip=172.31.33.82)[0m torch.cuda.is_available(): True
2026-03-25 18:51:32,298 - INFO - [36m(worker1, rank=1, pid=4352, ip=172.31.33.82)[0m torch.cuda.device_count(): 8
2026-03-25 18:51:32,299 - INFO - [36m(head, rank=0, pid=6356)[0m + echo '--- Loading CUDA libs directly ---'
2026-03-25 18:51:32,907 - INFO - [36m(head, rank=0, pid=6356)[0m --- Loading CUDA libs directly ---
2026-03-25 18:51:32,907 - INFO - [36m(head, rank=0, pid=6356)[0m + python3 -c 'import ctypes; libs=['\''libcuda.so.1'\'','\''libcudart.so.12'\'','\''libnvidia-ml.so.1'\'']; [print(l+'\'': OK'\'') if ctypes.CDLL(l) else None for l in libs]'
2026-03-25 18:51:32,907 - INFO - [36m(head, rank=0, pid=6356)[0m libcuda.so.1: OK
2026-03-25 18:51:32,907 - INFO - [36m(head, rank=0, pid=6356)[0m libcudart.so.12: OK
2026-03-25 18:51:32,907 - INFO - [36m(head, rank=0, pid=6356)[0m libnvidia-ml.so.1: OK
2026-03-25 18:51:32,907 - INFO - [36m(head, rank=0, pid=6356)[0m + echo '--- Manual CUDA init attempt ---'
2026-03-25 18:51:32,907 - INFO - [36m(head, rank=0, pid=6356)[0m --- Manual CUDA init attempt ---
2026-03-25 18:51:32,907 - INFO - [36m(head, rank=0, pid=6356)[0m + python3 -c 'import torch; torch.cuda.init(); print('\''torch.cuda.init() OK, device_count:'\'', torch.cuda.device_count())'
2026-03-25 18:51:32,907 - INFO - [36m(worker1, rank=1, pid=4352, ip=172.31.33.82)[0m + echo '--- Loading CUDA libs directly ---'
2026-03-25 18:51:35,938 - INFO - [36m(worker1, rank=1, pid=4352, ip=172.31.33.82)[0m --- Loading CUDA libs directly ---
2026-03-25 18:51:35,938 - INFO - [36m(worker1, rank=1, pid=4352, ip=172.31.33.82)[0m + python3 -c 'import ctypes; libs=['\''libcuda.so.1'\'','\''libcudart.so.12'\'','\''libnvidia-ml.so.1'\'']; [print(l+'\'': OK'\'') if ctypes.CDLL(l) else None for l in libs]'
2026-03-25 18:51:35,938 - INFO - [36m(worker1, rank=1, pid=4352, ip=172.31.33.82)[0m libcuda.so.1: OK
2026-03-25 18:51:35,938 - INFO - [36m(worker1, rank=1, pid=4352, ip=172.31.33.82)[0m libcudart.so.12: OK
2026-03-25 18:51:35,938 - INFO - [36m(worker1, rank=1, pid=4352, ip=172.31.33.82)[0m libnvidia-ml.so.1: OK
2026-03-25 18:51:35,938 - INFO - [36m(worker1, rank=1, pid=4352, ip=172.31.33.82)[0m + echo '--- Manual CUDA init attempt ---'
2026-03-25 18:51:35,938 - INFO - [36m(worker1, rank=1, pid=4352, ip=172.31.33.82)[0m --- Manual CUDA init attempt ---
2026-03-25 18:51:35,938 - INFO - [36m(worker1, rank=1, pid=4352, ip=172.31.33.82)[0m + python3 -c 'import torch; torch.cuda.init(); print('\''torch.cuda.init() OK, device_count:'\'', torch.cuda.device_count())'
2026-03-25 18:51:35,938 - INFO - [36m(head, rank=0, pid=6356)[0m torch.cuda.init() OK, device_count: 8
2026-03-25 18:51:36,442 - INFO - [36m(worker1, rank=1, pid=4352, ip=172.31.33.82)[0m torch.cuda.init() OK, device_count: 8
2026-03-25 18:51:38,360 - INFO - [36m(head, rank=0, pid=6356)[0m + echo '--- Installed torch packages ---'
2026-03-25 18:51:38,866 - INFO - [36m(head, rank=0, pid=6356)[0m --- Installed torch packages ---
2026-03-25 18:51:38,866 - INFO - [36m(head, rank=0, pid=6356)[0m + pip list
2026-03-25 18:51:38,867 - INFO - [36m(head, rank=0, pid=6356)[0m + grep --color=auto -i -E 'torch|nvidia|cuda|triton'
2026-03-25 18:51:38,867 - INFO - [36m(worker1, rank=1, pid=4352, ip=172.31.33.82)[0m + echo '--- Installed torch packages ---'
2026-03-25 18:51:39,371 - INFO - [36m(worker1, rank=1, pid=4352, ip=172.31.33.82)[0m --- Installed torch packages ---
2026-03-25 18:51:39,371 - INFO - [36m(worker1, rank=1, pid=4352, ip=172.31.33.82)[0m + pip list
2026-03-25 18:51:39,371 - INFO - [36m(worker1, rank=1, pid=4352, ip=172.31.33.82)[0m + grep --color=auto -i -E 'torch|nvidia|cuda|triton'
2026-03-25 18:51:39,371 - INFO - [36m(head, rank=0, pid=6356)[0m cuda-pathfinder                   1.5.0
2026-03-25 18:51:39,371 - INFO - [36m(head, rank=0, pid=6356)[0m cupy-cuda12x                      14.0.1
2026-03-25 18:51:39,371 - INFO - [36m(head, rank=0, pid=6356)[0m nvidia-cublas-cu12                12.6.4.1
2026-03-25 18:51:39,371 - INFO - [36m(head, rank=0, pid=6356)[0m nvidia-cuda-cupti-cu12            12.6.80
2026-03-25 18:51:39,371 - INFO - [36m(head, rank=0, pid=6356)[0m nvidia-cuda-nvrtc-cu12            12.6.77
2026-03-25 18:51:39,371 - INFO - [36m(head, rank=0, pid=6356)[0m nvidia-cuda-runtime-cu12          12.6.77
2026-03-25 18:51:39,371 - INFO - [36m(head, rank=0, pid=6356)[0m nvidia-cudnn-cu12                 9.5.1.17
2026-03-25 18:51:39,371 - INFO - [36m(head, rank=0, pid=6356)[0m nvidia-cufft-cu12                 11.3.0.4
2026-03-25 18:51:39,371 - INFO - [36m(head, rank=0, pid=6356)[0m nvidia-cufile-cu12                1.11.1.6
2026-03-25 18:51:39,371 - INFO - [36m(head, rank=0, pid=6356)[0m nvidia-curand-cu12                10.3.7.77
2026-03-25 18:51:39,371 - INFO - [36m(head, rank=0, pid=6356)[0m nvidia-cusolver-cu12              11.7.1.2
2026-03-25 18:51:39,371 - INFO - [36m(head, rank=0, pid=6356)[0m nvidia-cusparse-cu12              12.5.4.2
2026-03-25 18:51:39,371 - INFO - [36m(head, rank=0, pid=6356)[0m nvidia-cusparselt-cu12            0.6.3
2026-03-25 18:51:39,371 - INFO - [36m(head, rank=0, pid=6356)[0m nvidia-ml-py                      13.595.45
2026-03-25 18:51:39,372 - INFO - [36m(head, rank=0, pid=6356)[0m nvidia-nccl-cu12                  2.26.2
2026-03-25 18:51:39,372 - INFO - [36m(head, rank=0, pid=6356)[0m nvidia-nvjitlink-cu12             12.6.85
2026-03-25 18:51:39,372 - INFO - [36m(head, rank=0, pid=6356)[0m nvidia-nvtx-cu12                  12.6.77
2026-03-25 18:51:39,372 - INFO - [36m(head, rank=0, pid=6356)[0m torch                             2.7.1
2026-03-25 18:51:39,372 - INFO - [36m(head, rank=0, pid=6356)[0m torchaudio                        2.7.1
2026-03-25 18:51:39,372 - INFO - [36m(head, rank=0, pid=6356)[0m torchvision                       0.22.1
2026-03-25 18:51:39,372 - INFO - [36m(head, rank=0, pid=6356)[0m triton                            3.3.1
2026-03-25 18:51:39,372 - INFO - [36m(head, rank=0, pid=6356)[0m + echo =========================================
2026-03-25 18:51:39,372 - INFO - [36m(head, rank=0, pid=6356)[0m =========================================
2026-03-25 18:51:39,372 - INFO - [36m(head, rank=0, pid=6356)[0m + export LD_LIBRARY_PATH=/usr/local/cuda/lib64:/usr/local/cuda/targets/x86_64-linux/lib:/usr/local/cuda/lib64:/usr/local/cuda/targets/x86_64-linux/lib:/usr/local/cuda-12.8/lib:/usr/local/cuda-12.8/lib64:/usr/local/cuda-12.8:/usr/local/cuda-12.8/targets/x86_64-linux/lib/:/usr/local/cuda-12.8/extras/CUPTI/lib64:/opt/amazon/efa/lib:/opt/amazon/openmpi/lib:/opt/amazon/ofi-nccl/lib/x86_64-linux-gnu:/usr/local/lib:/usr/lib:/usr/local/cuda-12.8/lib:/usr/local/cuda-12.8/lib64:/usr/local/cuda-12.8:/usr/local/cuda-12.8/targets/x86_64-linux/lib/:/usr/local/cuda-12.8/extras/CUPTI/lib64:/opt/amazon/efa/lib:/opt/amazon/openmpi/lib:/opt/amazon/ofi-nccl/lib/x86_64-linux-gnu:/usr/local/lib:/usr/lib
2026-03-25 18:51:39,372 - INFO - [36m(head, rank=0, pid=6356)[0m + LD_LIBRARY_PATH=/usr/local/cuda/lib64:/usr/local/cuda/targets/x86_64-linux/lib:/usr/local/cuda/lib64:/usr/local/cuda/targets/x86_64-linux/lib:/usr/local/cuda-12.8/lib:/usr/local/cuda-12.8/lib64:/usr/local/cuda-12.8:/usr/local/cuda-12.8/targets/x86_64-linux/lib/:/usr/local/cuda-12.8/extras/CUPTI/lib64:/opt/amazon/efa/lib:/opt/amazon/openmpi/lib:/opt/amazon/ofi-nccl/lib/x86_64-linux-gnu:/usr/local/lib:/usr/lib:/usr/local/cuda-12.8/lib:/usr/local/cuda-12.8/lib64:/usr/local/cuda-12.8:/usr/local/cuda-12.8/targets/x86_64-linux/lib/:/usr/local/cuda-12.8/extras/CUPTI/lib64:/opt/amazon/efa/lib:/opt/amazon/openmpi/lib:/opt/amazon/ofi-nccl/lib/x86_64-linux-gnu:/usr/local/lib:/usr/lib
2026-03-25 18:51:39,372 - INFO - [36m(head, rank=0, pid=6356)[0m + export NCCL_P2P_DISABLE=0
2026-03-25 18:51:39,372 - INFO - [36m(head, rank=0, pid=6356)[0m + NCCL_P2P_DISABLE=0
2026-03-25 18:51:39,372 - INFO - [36m(head, rank=0, pid=6356)[0m + export NCCL_TIMEOUT=3600
2026-03-25 18:51:39,372 - INFO - [36m(head, rank=0, pid=6356)[0m + NCCL_TIMEOUT=3600
2026-03-25 18:51:39,372 - INFO - [36m(head, rank=0, pid=6356)[0m + export TORCH_NCCL_BLOCKING_WAIT=1
2026-03-25 18:51:39,372 - INFO - [36m(head, rank=0, pid=6356)[0m + TORCH_NCCL_BLOCKING_WAIT=1
2026-03-25 18:51:39,372 - INFO - [36m(head, rank=0, pid=6356)[0m + export TORCH_NCCL_ASYNC_ERROR_HANDLING=1
2026-03-25 18:51:39,372 - INFO - [36m(head, rank=0, pid=6356)[0m + TORCH_NCCL_ASYNC_ERROR_HANDLING=1
2026-03-25 18:51:39,372 - INFO - [36m(head, rank=0, pid=6356)[0m + export TORCH_NCCL_TRACE_BUFFER_SIZE=10000
2026-03-25 18:51:39,471 - INFO - [36m(head, rank=0, pid=6356)[0m + TORCH_NCCL_TRACE_BUFFER_SIZE=10000
2026-03-25 18:51:39,513 - INFO - [36m(head, rank=0, pid=6356)[0m + export TORCH_DISTRIBUTED_DEBUG=DETAIL
2026-03-25 18:51:39,513 - INFO - [36m(head, rank=0, pid=6356)[0m + TORCH_DISTRIBUTED_DEBUG=DETAIL
2026-03-25 18:51:39,513 - INFO - [36m(head, rank=0, pid=6356)[0m + export NCCL_DEBUG=INFO
2026-03-25 18:51:39,513 - INFO - [36m(head, rank=0, pid=6356)[0m + NCCL_DEBUG=INFO
2026-03-25 18:51:39,513 - INFO - [36m(head, rank=0, pid=6356)[0m + export LD_LIBRARY_PATH=/opt/amazon/ofi-nccl/lib:/opt/amazon/efa/lib:/usr/local/cuda/lib64:/usr/local/cuda/targets/x86_64-linux/lib:/usr/local/cuda/lib64:/usr/local/cuda/targets/x86_64-linux/lib:/usr/local/cuda-12.8/lib:/usr/local/cuda-12.8/lib64:/usr/local/cuda-12.8:/usr/local/cuda-12.8/targets/x86_64-linux/lib/:/usr/local/cuda-12.8/extras/CUPTI/lib64:/opt/amazon/efa/lib:/opt/amazon/openmpi/lib:/opt/amazon/ofi-nccl/lib/x86_64-linux-gnu:/usr/local/lib:/usr/lib:/usr/local/cuda-12.8/lib:/usr/local/cuda-12.8/lib64:/usr/local/cuda-12.8:/usr/local/cuda-12.8/targets/x86_64-linux/lib/:/usr/local/cuda-12.8/extras/CUPTI/lib64:/opt/amazon/efa/lib:/opt/amazon/openmpi/lib:/opt/amazon/ofi-nccl/lib/x86_64-linux-gnu:/usr/local/lib:/usr/lib
2026-03-25 18:51:39,513 - INFO - [36m(head, rank=0, pid=6356)[0m + LD_LIBRARY_PATH=/opt/amazon/ofi-nccl/lib:/opt/amazon/efa/lib:/usr/local/cuda/lib64:/usr/local/cuda/targets/x86_64-linux/lib:/usr/local/cuda/lib64:/usr/local/cuda/targets/x86_64-linux/lib:/usr/local/cuda-12.8/lib:/usr/local/cuda-12.8/lib64:/usr/local/cuda-12.8:/usr/local/cuda-12.8/targets/x86_64-linux/lib/:/usr/local/cuda-12.8/extras/CUPTI/lib64:/opt/amazon/efa/lib:/opt/amazon/openmpi/lib:/opt/amazon/ofi-nccl/lib/x86_64-linux-gnu:/usr/local/lib:/usr/lib:/usr/local/cuda-12.8/lib:/usr/local/cuda-12.8/lib64:/usr/local/cuda-12.8:/usr/local/cuda-12.8/targets/x86_64-linux/lib/:/usr/local/cuda-12.8/extras/CUPTI/lib64:/opt/amazon/efa/lib:/opt/amazon/openmpi/lib:/opt/amazon/ofi-nccl/lib/x86_64-linux-gnu:/usr/local/lib:/usr/lib
2026-03-25 18:51:39,513 - INFO - [36m(head, rank=0, pid=6356)[0m + export NCCL_NET_PLUGIN=ofi
2026-03-25 18:51:39,513 - INFO - [36m(head, rank=0, pid=6356)[0m + NCCL_NET_PLUGIN=ofi
2026-03-25 18:51:39,513 - INFO - [36m(head, rank=0, pid=6356)[0m + export FI_EFA_USE_DEVICE_RDMA=1
2026-03-25 18:51:39,513 - INFO - [36m(head, rank=0, pid=6356)[0m + FI_EFA_USE_DEVICE_RDMA=1
2026-03-25 18:51:39,513 - INFO - [36m(head, rank=0, pid=6356)[0m + export FI_PROVIDER=efa
2026-03-25 18:51:39,513 - INFO - [36m(head, rank=0, pid=6356)[0m + FI_PROVIDER=efa
2026-03-25 18:51:39,514 - INFO - [36m(head, rank=0, pid=6356)[0m + export NCCL_DEBUG_SUBSYS=NET
2026-03-25 18:51:39,514 - INFO - [36m(head, rank=0, pid=6356)[0m + NCCL_DEBUG_SUBSYS=NET
2026-03-25 18:51:39,514 - INFO - [36m(head, rank=0, pid=6356)[0m + export 'RAY_CMD=uv run ray'
2026-03-25 18:51:39,514 - INFO - [36m(head, rank=0, pid=6356)[0m + RAY_CMD='uv run ray'
2026-03-25 18:51:39,514 - INFO - [36m(head, rank=0, pid=6356)[0m + export RAY_DASHBOARD_HOST=0.0.0.0
2026-03-25 18:51:39,514 - INFO - [36m(head, rank=0, pid=6356)[0m + RAY_DASHBOARD_HOST=0.0.0.0
2026-03-25 18:51:39,514 - INFO - [36m(head, rank=0, pid=6356)[0m + export RAY_HEAD_PORT=6379
2026-03-25 18:51:39,514 - INFO - [36m(head, rank=0, pid=6356)[0m + RAY_HEAD_PORT=6379
2026-03-25 18:51:39,514 - INFO - [36m(head, rank=0, pid=6356)[0m + export RAY_DASHBOARD_PORT=8265
2026-03-25 18:51:39,514 - INFO - [36m(head, rank=0, pid=6356)[0m + RAY_DASHBOARD_PORT=8265
2026-03-25 18:51:39,514 - INFO - [36m(head, rank=0, pid=6356)[0m + export RAY_CGRAPH_get_timeout=1800
2026-03-25 18:51:39,514 - INFO - [36m(head, rank=0, pid=6356)[0m + RAY_CGRAPH_get_timeout=1800
2026-03-25 18:51:39,514 - INFO - [36m(head, rank=0, pid=6356)[0m + export RAY_CGRAPH_submit_timeout=180
2026-03-25 18:51:39,514 - INFO - [36m(head, rank=0, pid=6356)[0m + RAY_CGRAPH_submit_timeout=180
2026-03-25 18:51:39,514 - INFO - [36m(head, rank=0, pid=6356)[0m + /home/ubuntu/sky_templates/ray/start_cluster
2026-03-25 18:51:39,514 - INFO - [36m(head, rank=0, pid=6356)[0m [0;32mStarting Ray cluster...[0m
2026-03-25 18:51:39,514 - INFO - [36m(worker1, rank=1, pid=4352, ip=172.31.33.82)[0m cuda-pathfinder                   1.5.0
2026-03-25 18:51:39,977 - INFO - [36m(worker1, rank=1, pid=4352, ip=172.31.33.82)[0m cupy-cuda12x                      14.0.1
2026-03-25 18:51:39,978 - INFO - [36m(worker1, rank=1, pid=4352, ip=172.31.33.82)[0m nvidia-cublas-cu12                12.6.4.1
2026-03-25 18:51:39,978 - INFO - [36m(worker1, rank=1, pid=4352, ip=172.31.33.82)[0m nvidia-cuda-cupti-cu12            12.6.80
2026-03-25 18:51:39,978 - INFO - [36m(worker1, rank=1, pid=4352, ip=172.31.33.82)[0m nvidia-cuda-nvrtc-cu12            12.6.77
2026-03-25 18:51:39,978 - INFO - [36m(worker1, rank=1, pid=4352, ip=172.31.33.82)[0m nvidia-cuda-runtime-cu12          12.6.77
2026-03-25 18:51:39,978 - INFO - [36m(worker1, rank=1, pid=4352, ip=172.31.33.82)[0m nvidia-cudnn-cu12                 9.5.1.17
2026-03-25 18:51:39,978 - INFO - [36m(worker1, rank=1, pid=4352, ip=172.31.33.82)[0m nvidia-cufft-cu12                 11.3.0.4
2026-03-25 18:51:39,978 - INFO - [36m(worker1, rank=1, pid=4352, ip=172.31.33.82)[0m nvidia-cufile-cu12                1.11.1.6
2026-03-25 18:51:39,978 - INFO - [36m(worker1, rank=1, pid=4352, ip=172.31.33.82)[0m nvidia-curand-cu12                10.3.7.77
2026-03-25 18:51:39,978 - INFO - [36m(worker1, rank=1, pid=4352, ip=172.31.33.82)[0m nvidia-cusolver-cu12              11.7.1.2
2026-03-25 18:51:39,978 - INFO - [36m(worker1, rank=1, pid=4352, ip=172.31.33.82)[0m nvidia-cusparse-cu12              12.5.4.2
2026-03-25 18:51:39,978 - INFO - [36m(worker1, rank=1, pid=4352, ip=172.31.33.82)[0m nvidia-cusparselt-cu12            0.6.3
2026-03-25 18:51:39,978 - INFO - [36m(worker1, rank=1, pid=4352, ip=172.31.33.82)[0m nvidia-ml-py                      13.595.45
2026-03-25 18:51:39,978 - INFO - [36m(worker1, rank=1, pid=4352, ip=172.31.33.82)[0m nvidia-nccl-cu12                  2.26.2
2026-03-25 18:51:39,978 - INFO - [36m(worker1, rank=1, pid=4352, ip=172.31.33.82)[0m nvidia-nvjitlink-cu12             12.6.85
2026-03-25 18:51:39,978 - INFO - [36m(worker1, rank=1, pid=4352, ip=172.31.33.82)[0m nvidia-nvtx-cu12                  12.6.77
2026-03-25 18:51:39,978 - INFO - [36m(worker1, rank=1, pid=4352, ip=172.31.33.82)[0m torch                             2.7.1
2026-03-25 18:51:39,979 - INFO - [36m(worker1, rank=1, pid=4352, ip=172.31.33.82)[0m torchaudio                        2.7.1
2026-03-25 18:51:39,979 - INFO - [36m(worker1, rank=1, pid=4352, ip=172.31.33.82)[0m torchvision                       0.22.1
2026-03-25 18:51:39,979 - INFO - [36m(worker1, rank=1, pid=4352, ip=172.31.33.82)[0m triton                            3.3.1
2026-03-25 18:51:39,979 - INFO - [36m(worker1, rank=1, pid=4352, ip=172.31.33.82)[0m + echo =========================================
2026-03-25 18:51:39,979 - INFO - [36m(worker1, rank=1, pid=4352, ip=172.31.33.82)[0m =========================================
2026-03-25 18:51:39,979 - INFO - [36m(worker1, rank=1, pid=4352, ip=172.31.33.82)[0m + export LD_LIBRARY_PATH=/usr/local/cuda/lib64:/usr/local/cuda/targets/x86_64-linux/lib:/usr/local/cuda/lib64:/usr/local/cuda/targets/x86_64-linux/lib:/usr/local/cuda-12.8/lib:/usr/local/cuda-12.8/lib64:/usr/local/cuda-12.8:/usr/local/cuda-12.8/targets/x86_64-linux/lib/:/usr/local/cuda-12.8/extras/CUPTI/lib64:/opt/amazon/efa/lib:/opt/amazon/openmpi/lib:/opt/amazon/ofi-nccl/lib/x86_64-linux-gnu:/usr/local/lib:/usr/lib:/usr/local/cuda-12.8/lib:/usr/local/cuda-12.8/lib64:/usr/local/cuda-12.8:/usr/local/cuda-12.8/targets/x86_64-linux/lib/:/usr/local/cuda-12.8/extras/CUPTI/lib64:/opt/amazon/efa/lib:/opt/amazon/openmpi/lib:/opt/amazon/ofi-nccl/lib/x86_64-linux-gnu:/usr/local/lib:/usr/lib
2026-03-25 18:51:39,979 - INFO - [36m(worker1, rank=1, pid=4352, ip=172.31.33.82)[0m + LD_LIBRARY_PATH=/usr/local/cuda/lib64:/usr/local/cuda/targets/x86_64-linux/lib:/usr/local/cuda/lib64:/usr/local/cuda/targets/x86_64-linux/lib:/usr/local/cuda-12.8/lib:/usr/local/cuda-12.8/lib64:/usr/local/cuda-12.8:/usr/local/cuda-12.8/targets/x86_64-linux/lib/:/usr/local/cuda-12.8/extras/CUPTI/lib64:/opt/amazon/efa/lib:/opt/amazon/openmpi/lib:/opt/amazon/ofi-nccl/lib/x86_64-linux-gnu:/usr/local/lib:/usr/lib:/usr/local/cuda-12.8/lib:/usr/local/cuda-12.8/lib64:/usr/local/cuda-12.8:/usr/local/cuda-12.8/targets/x86_64-linux/lib/:/usr/local/cuda-12.8/extras/CUPTI/lib64:/opt/amazon/efa/lib:/opt/amazon/openmpi/lib:/opt/amazon/ofi-nccl/lib/x86_64-linux-gnu:/usr/local/lib:/usr/lib
2026-03-25 18:51:39,979 - INFO - [36m(worker1, rank=1, pid=4352, ip=172.31.33.82)[0m + export NCCL_P2P_DISABLE=0
2026-03-25 18:51:39,979 - INFO - [36m(worker1, rank=1, pid=4352, ip=172.31.33.82)[0m + NCCL_P2P_DISABLE=0
2026-03-25 18:51:39,979 - INFO - [36m(worker1, rank=1, pid=4352, ip=172.31.33.82)[0m + export NCCL_TIMEOUT=3600
2026-03-25 18:51:39,979 - INFO - [36m(worker1, rank=1, pid=4352, ip=172.31.33.82)[0m + NCCL_TIMEOUT=3600
2026-03-25 18:51:39,979 - INFO - [36m(worker1, rank=1, pid=4352, ip=172.31.33.82)[0m + export TORCH_NCCL_BLOCKING_WAIT=1
2026-03-25 18:51:39,979 - INFO - [36m(worker1, rank=1, pid=4352, ip=172.31.33.82)[0m + TORCH_NCCL_BLOCKING_WAIT=1
2026-03-25 18:51:39,979 - INFO - [36m(worker1, rank=1, pid=4352, ip=172.31.33.82)[0m + export TORCH_NCCL_ASYNC_ERROR_HANDLING=1
2026-03-25 18:51:39,979 - INFO - [36m(worker1, rank=1, pid=4352, ip=172.31.33.82)[0m + TORCH_NCCL_ASYNC_ERROR_HANDLING=1
2026-03-25 18:51:39,979 - INFO - [36m(worker1, rank=1, pid=4352, ip=172.31.33.82)[0m + export TORCH_NCCL_TRACE_BUFFER_SIZE=10000
2026-03-25 18:51:39,979 - INFO - [36m(worker1, rank=1, pid=4352, ip=172.31.33.82)[0m + TORCH_NCCL_TRACE_BUFFER_SIZE=10000
2026-03-25 18:51:39,979 - INFO - [36m(worker1, rank=1, pid=4352, ip=172.31.33.82)[0m + export TORCH_DISTRIBUTED_DEBUG=DETAIL
2026-03-25 18:51:39,979 - INFO - [36m(worker1, rank=1, pid=4352, ip=172.31.33.82)[0m + TORCH_DISTRIBUTED_DEBUG=DETAIL
2026-03-25 18:51:39,979 - INFO - [36m(worker1, rank=1, pid=4352, ip=172.31.33.82)[0m + export NCCL_DEBUG=INFO
2026-03-25 18:51:39,979 - INFO - [36m(worker1, rank=1, pid=4352, ip=172.31.33.82)[0m + NCCL_DEBUG=INFO
2026-03-25 18:51:39,979 - INFO - [36m(worker1, rank=1, pid=4352, ip=172.31.33.82)[0m + export LD_LIBRARY_PATH=/opt/amazon/ofi-nccl/lib:/opt/amazon/efa/lib:/usr/local/cuda/lib64:/usr/local/cuda/targets/x86_64-linux/lib:/usr/local/cuda/lib64:/usr/local/cuda/targets/x86_64-linux/lib:/usr/local/cuda-12.8/lib:/usr/local/cuda-12.8/lib64:/usr/local/cuda-12.8:/usr/local/cuda-12.8/targets/x86_64-linux/lib/:/usr/local/cuda-12.8/extras/CUPTI/lib64:/opt/amazon/efa/lib:/opt/amazon/openmpi/lib:/opt/amazon/ofi-nccl/lib/x86_64-linux-gnu:/usr/local/lib:/usr/lib:/usr/local/cuda-12.8/lib:/usr/local/cuda-12.8/lib64:/usr/local/cuda-12.8:/usr/local/cuda-12.8/targets/x86_64-linux/lib/:/usr/local/cuda-12.8/extras/CUPTI/lib64:/opt/amazon/efa/lib:/opt/amazon/openmpi/lib:/opt/amazon/ofi-nccl/lib/x86_64-linux-gnu:/usr/local/lib:/usr/lib
2026-03-25 18:51:39,980 - INFO - [36m(worker1, rank=1, pid=4352, ip=172.31.33.82)[0m + LD_LIBRARY_PATH=/opt/amazon/ofi-nccl/lib:/opt/amazon/efa/lib:/usr/local/cuda/lib64:/usr/local/cuda/targets/x86_64-linux/lib:/usr/local/cuda/lib64:/usr/local/cuda/targets/x86_64-linux/lib:/usr/local/cuda-12.8/lib:/usr/local/cuda-12.8/lib64:/usr/local/cuda-12.8:/usr/local/cuda-12.8/targets/x86_64-linux/lib/:/usr/local/cuda-12.8/extras/CUPTI/lib64:/opt/amazon/efa/lib:/opt/amazon/openmpi/lib:/opt/amazon/ofi-nccl/lib/x86_64-linux-gnu:/usr/local/lib:/usr/lib:/usr/local/cuda-12.8/lib:/usr/local/cuda-12.8/lib64:/usr/local/cuda-12.8:/usr/local/cuda-12.8/targets/x86_64-linux/lib/:/usr/local/cuda-12.8/extras/CUPTI/lib64:/opt/amazon/efa/lib:/opt/amazon/openmpi/lib:/opt/amazon/ofi-nccl/lib/x86_64-linux-gnu:/usr/local/lib:/usr/lib
2026-03-25 18:51:39,980 - INFO - [36m(worker1, rank=1, pid=4352, ip=172.31.33.82)[0m + export NCCL_NET_PLUGIN=ofi
2026-03-25 18:51:39,980 - INFO - [36m(worker1, rank=1, pid=4352, ip=172.31.33.82)[0m + NCCL_NET_PLUGIN=ofi
2026-03-25 18:51:39,980 - INFO - [36m(worker1, rank=1, pid=4352, ip=172.31.33.82)[0m + export FI_EFA_USE_DEVICE_RDMA=1
2026-03-25 18:51:39,980 - INFO - [36m(worker1, rank=1, pid=4352, ip=172.31.33.82)[0m + FI_EFA_USE_DEVICE_RDMA=1
2026-03-25 18:51:39,980 - INFO - [36m(worker1, rank=1, pid=4352, ip=172.31.33.82)[0m + export FI_PROVIDER=efa
2026-03-25 18:51:39,980 - INFO - [36m(worker1, rank=1, pid=4352, ip=172.31.33.82)[0m + FI_PROVIDER=efa
2026-03-25 18:51:39,980 - INFO - [36m(worker1, rank=1, pid=4352, ip=172.31.33.82)[0m + export NCCL_DEBUG_SUBSYS=NET
2026-03-25 18:51:39,980 - INFO - [36m(worker1, rank=1, pid=4352, ip=172.31.33.82)[0m + NCCL_DEBUG_SUBSYS=NET
2026-03-25 18:51:39,980 - INFO - [36m(worker1, rank=1, pid=4352, ip=172.31.33.82)[0m + export 'RAY_CMD=uv run ray'
2026-03-25 18:51:39,980 - INFO - [36m(worker1, rank=1, pid=4352, ip=172.31.33.82)[0m + RAY_CMD='uv run ray'
2026-03-25 18:51:39,980 - INFO - [36m(worker1, rank=1, pid=4352, ip=172.31.33.82)[0m + export RAY_DASHBOARD_HOST=0.0.0.0
2026-03-25 18:51:39,980 - INFO - [36m(worker1, rank=1, pid=4352, ip=172.31.33.82)[0m + RAY_DASHBOARD_HOST=0.0.0.0
2026-03-25 18:51:39,980 - INFO - [36m(worker1, rank=1, pid=4352, ip=172.31.33.82)[0m + export RAY_HEAD_PORT=6379
2026-03-25 18:51:39,980 - INFO - [36m(worker1, rank=1, pid=4352, ip=172.31.33.82)[0m + RAY_HEAD_PORT=6379
2026-03-25 18:51:39,980 - INFO - [36m(worker1, rank=1, pid=4352, ip=172.31.33.82)[0m + export RAY_DASHBOARD_PORT=8265
2026-03-25 18:51:39,980 - INFO - [36m(worker1, rank=1, pid=4352, ip=172.31.33.82)[0m + RAY_DASHBOARD_PORT=8265
2026-03-25 18:51:39,980 - INFO - [36m(worker1, rank=1, pid=4352, ip=172.31.33.82)[0m + export RAY_CGRAPH_get_timeout=1800
2026-03-25 18:51:39,980 - INFO - [36m(worker1, rank=1, pid=4352, ip=172.31.33.82)[0m + RAY_CGRAPH_get_timeout=1800
2026-03-25 18:51:39,980 - INFO - [36m(worker1, rank=1, pid=4352, ip=172.31.33.82)[0m + export RAY_CGRAPH_submit_timeout=180
2026-03-25 18:51:39,980 - INFO - [36m(worker1, rank=1, pid=4352, ip=172.31.33.82)[0m + RAY_CGRAPH_submit_timeout=180
2026-03-25 18:51:39,980 - INFO - [36m(worker1, rank=1, pid=4352, ip=172.31.33.82)[0m + /home/ubuntu/sky_templates/ray/start_cluster
2026-03-25 18:51:40,884 - INFO - [36m(worker1, rank=1, pid=4352, ip=172.31.33.82)[0m [0;32mStarting Ray cluster...[0m
2026-03-25 18:51:40,885 - INFO - [36m(head, rank=0, pid=6356)[0m Resolved 59 packages in 155ms
2026-03-25 18:51:41,489 - INFO - [36m(head, rank=0, pid=6356)[0m Downloading cryptography (4.3MiB)
2026-03-25 18:51:42,397 - INFO - [36m(head, rank=0, pid=6356)[0m Downloading grpcio (6.4MiB)
2026-03-25 18:51:42,398 - INFO - [36m(head, rank=0, pid=6356)[0m  Downloaded grpcio
2026-03-25 18:51:42,398 - INFO - [36m(head, rank=0, pid=6356)[0m  Downloaded cryptography
2026-03-25 18:51:42,398 - INFO - [36m(head, rank=0, pid=6356)[0m Prepared 14 packages in 206ms
2026-03-25 18:51:42,398 - INFO - [36m(head, rank=0, pid=6356)[0m Uninstalled 2 packages in 1ms
2026-03-25 18:51:42,398 - INFO - [36m(head, rank=0, pid=6356)[0m Installed 28 packages in 27ms
2026-03-25 18:51:42,398 - INFO - [36m(head, rank=0, pid=6356)[0m  + aiohttp-cors==0.8.1
2026-03-25 18:51:42,398 - INFO - [36m(head, rank=0, pid=6356)[0m  - click==8.3.1
2026-03-25 18:51:42,398 - INFO - [36m(head, rank=0, pid=6356)[0m  + click==8.2.1
2026-03-25 18:51:42,398 - INFO - [36m(head, rank=0, pid=6356)[0m  + colorful==0.5.8
2026-03-25 18:51:42,398 - INFO - [36m(head, rank=0, pid=6356)[0m  + cryptography==46.0.5
2026-03-25 18:51:42,398 - INFO - [36m(head, rank=0, pid=6356)[0m  + distlib==0.4.0
2026-03-25 18:51:42,398 - INFO - [36m(head, rank=0, pid=6356)[0m  + google-api-core==2.30.0
2026-03-25 18:51:42,398 - INFO - [36m(head, rank=0, pid=6356)[0m  + google-auth==2.49.1
2026-03-25 18:51:42,398 - INFO - [36m(head, rank=0, pid=6356)[0m  + googleapis-common-protos==1.73.0
2026-03-25 18:51:42,398 - INFO - [36m(head, rank=0, pid=6356)[0m  + grpcio==1.78.0
2026-03-25 18:51:42,398 - INFO - [36m(head, rank=0, pid=6356)[0m  + importlib-metadata==8.7.1
2026-03-25 18:51:42,398 - INFO - [36m(head, rank=0, pid=6356)[0m  + opencensus==0.11.4
2026-03-25 18:51:42,398 - INFO - [36m(head, rank=0, pid=6356)[0m  + opencensus-context==0.1.3
2026-03-25 18:51:42,399 - INFO - [36m(head, rank=0, pid=6356)[0m  + opentelemetry-api==1.40.0
2026-03-25 18:51:42,399 - INFO - [36m(head, rank=0, pid=6356)[0m  + opentelemetry-exporter-prometheus==0.61b0
2026-03-25 18:51:42,399 - INFO - [36m(head, rank=0, pid=6356)[0m  + opentelemetry-proto==1.40.0
2026-03-25 18:51:42,399 - INFO - [36m(head, rank=0, pid=6356)[0m  + opentelemetry-sdk==1.40.0
2026-03-25 18:51:42,399 - INFO - [36m(head, rank=0, pid=6356)[0m  + opentelemetry-semantic-conventions==0.61b0
2026-03-25 18:51:42,399 - INFO - [36m(head, rank=0, pid=6356)[0m  + platformdirs==4.9.4
2026-03-25 18:51:42,399 - INFO - [36m(head, rank=0, pid=6356)[0m  + proto-plus==1.27.1
2026-03-25 18:51:42,399 - INFO - [36m(head, rank=0, pid=6356)[0m  - protobuf==7.34.1
2026-03-25 18:51:42,399 - INFO - [36m(head, rank=0, pid=6356)[0m  + protobuf==6.33.6
2026-03-25 18:51:42,399 - INFO - [36m(head, rank=0, pid=6356)[0m  + py-spy==0.4.1
2026-03-25 18:51:42,399 - INFO - [36m(head, rank=0, pid=6356)[0m  + pyasn1==0.6.3
2026-03-25 18:51:42,399 - INFO - [36m(head, rank=0, pid=6356)[0m  + pyasn1-modules==0.4.2
2026-03-25 18:51:42,399 - INFO - [36m(head, rank=0, pid=6356)[0m  + python-discovery==1.2.0
2026-03-25 18:51:42,399 - INFO - [36m(head, rank=0, pid=6356)[0m  + smart-open==7.5.1
2026-03-25 18:51:42,399 - INFO - [36m(head, rank=0, pid=6356)[0m  + virtualenv==21.2.0
2026-03-25 18:51:42,399 - INFO - [36m(head, rank=0, pid=6356)[0m  + wrapt==2.1.2
2026-03-25 18:51:42,399 - INFO - [36m(head, rank=0, pid=6356)[0m  + zipp==3.23.0
2026-03-25 18:51:42,399 - INFO - [36m(worker1, rank=1, pid=4352, ip=172.31.33.82)[0m Resolved 59 packages in 143ms
2026-03-25 18:51:42,399 - INFO - [36m(worker1, rank=1, pid=4352, ip=172.31.33.82)[0m Downloading cryptography (4.3MiB)
2026-03-25 18:51:45,121 - INFO - [36m(worker1, rank=1, pid=4352, ip=172.31.33.82)[0m Downloading grpcio (6.4MiB)
2026-03-25 18:51:45,121 - INFO - [36m(worker1, rank=1, pid=4352, ip=172.31.33.82)[0m  Downloaded grpcio
2026-03-25 18:51:45,121 - INFO - [36m(worker1, rank=1, pid=4352, ip=172.31.33.82)[0m  Downloaded cryptography
2026-03-25 18:51:45,121 - INFO - [36m(worker1, rank=1, pid=4352, ip=172.31.33.82)[0m Prepared 14 packages in 301ms
2026-03-25 18:51:45,121 - INFO - [36m(worker1, rank=1, pid=4352, ip=172.31.33.82)[0m Uninstalled 2 packages in 1ms
2026-03-25 18:51:45,121 - INFO - [36m(worker1, rank=1, pid=4352, ip=172.31.33.82)[0m Installed 28 packages in 31ms
2026-03-25 18:51:45,121 - INFO - [36m(worker1, rank=1, pid=4352, ip=172.31.33.82)[0m  + aiohttp-cors==0.8.1
2026-03-25 18:51:45,121 - INFO - [36m(worker1, rank=1, pid=4352, ip=172.31.33.82)[0m  - click==8.3.1
2026-03-25 18:51:45,121 - INFO - [36m(worker1, rank=1, pid=4352, ip=172.31.33.82)[0m  + click==8.2.1
2026-03-25 18:51:45,121 - INFO - [36m(worker1, rank=1, pid=4352, ip=172.31.33.82)[0m  + colorful==0.5.8
2026-03-25 18:51:45,121 - INFO - [36m(worker1, rank=1, pid=4352, ip=172.31.33.82)[0m  + cryptography==46.0.5
2026-03-25 18:51:45,121 - INFO - [36m(worker1, rank=1, pid=4352, ip=172.31.33.82)[0m  + distlib==0.4.0
2026-03-25 18:51:45,121 - INFO - [36m(worker1, rank=1, pid=4352, ip=172.31.33.82)[0m  + google-api-core==2.30.0
2026-03-25 18:51:45,121 - INFO - [36m(worker1, rank=1, pid=4352, ip=172.31.33.82)[0m  + google-auth==2.49.1
2026-03-25 18:51:45,122 - INFO - [36m(worker1, rank=1, pid=4352, ip=172.31.33.82)[0m  + googleapis-common-protos==1.73.0
2026-03-25 18:51:45,122 - INFO - [36m(worker1, rank=1, pid=4352, ip=172.31.33.82)[0m  + grpcio==1.78.0
2026-03-25 18:51:45,122 - INFO - [36m(worker1, rank=1, pid=4352, ip=172.31.33.82)[0m  + importlib-metadata==8.7.1
2026-03-25 18:51:45,122 - INFO - [36m(worker1, rank=1, pid=4352, ip=172.31.33.82)[0m  + opencensus==0.11.4
2026-03-25 18:51:45,122 - INFO - [36m(worker1, rank=1, pid=4352, ip=172.31.33.82)[0m  + opencensus-context==0.1.3
2026-03-25 18:51:45,122 - INFO - [36m(worker1, rank=1, pid=4352, ip=172.31.33.82)[0m  + opentelemetry-api==1.40.0
2026-03-25 18:51:45,122 - INFO - [36m(worker1, rank=1, pid=4352, ip=172.31.33.82)[0m  + opentelemetry-exporter-prometheus==0.61b0
2026-03-25 18:51:45,122 - INFO - [36m(worker1, rank=1, pid=4352, ip=172.31.33.82)[0m  + opentelemetry-proto==1.40.0
2026-03-25 18:51:45,122 - INFO - [36m(worker1, rank=1, pid=4352, ip=172.31.33.82)[0m  + opentelemetry-sdk==1.40.0
2026-03-25 18:51:45,122 - INFO - [36m(worker1, rank=1, pid=4352, ip=172.31.33.82)[0m  + opentelemetry-semantic-conventions==0.61b0
2026-03-25 18:51:45,122 - INFO - [36m(worker1, rank=1, pid=4352, ip=172.31.33.82)[0m  + platformdirs==4.9.4
2026-03-25 18:51:45,122 - INFO - [36m(worker1, rank=1, pid=4352, ip=172.31.33.82)[0m  + proto-plus==1.27.1
2026-03-25 18:51:45,122 - INFO - [36m(worker1, rank=1, pid=4352, ip=172.31.33.82)[0m  - protobuf==7.34.1
2026-03-25 18:51:45,122 - INFO - [36m(worker1, rank=1, pid=4352, ip=172.31.33.82)[0m  + protobuf==6.33.6
2026-03-25 18:51:45,122 - INFO - [36m(worker1, rank=1, pid=4352, ip=172.31.33.82)[0m  + py-spy==0.4.1
2026-03-25 18:51:45,122 - INFO - [36m(worker1, rank=1, pid=4352, ip=172.31.33.82)[0m  + pyasn1==0.6.3
2026-03-25 18:51:45,122 - INFO - [36m(worker1, rank=1, pid=4352, ip=172.31.33.82)[0m  + pyasn1-modules==0.4.2
2026-03-25 18:51:45,122 - INFO - [36m(worker1, rank=1, pid=4352, ip=172.31.33.82)[0m  + python-discovery==1.2.0
2026-03-25 18:51:45,122 - INFO - [36m(worker1, rank=1, pid=4352, ip=172.31.33.82)[0m  + smart-open==7.5.1
2026-03-25 18:51:45,122 - INFO - [36m(worker1, rank=1, pid=4352, ip=172.31.33.82)[0m  + virtualenv==21.2.0
2026-03-25 18:51:45,122 - INFO - [36m(worker1, rank=1, pid=4352, ip=172.31.33.82)[0m  + wrapt==2.1.2
2026-03-25 18:51:45,122 - INFO - [36m(worker1, rank=1, pid=4352, ip=172.31.33.82)[0m  + zipp==3.23.0
2026-03-25 18:51:45,123 - INFO - [36m(head, rank=0, pid=6356)[0m [0;32mRay 2.54.0 is installed.[0m
2026-03-25 18:51:45,929 - INFO - [36m(worker1, rank=1, pid=4352, ip=172.31.33.82)[0m [0;32mRay 2.54.0 is installed.[0m
2026-03-25 18:52:21,581 - INFO - [36m(head, rank=0, pid=6356)[0m [0;32mStarting Ray head node...[0m
2026-03-25 18:52:22,184 - INFO - [36m(worker1, rank=1, pid=4352, ip=172.31.33.82)[0m [0;32mStarting Ray worker node...[0m
2026-03-25 18:52:22,789 - INFO - [36m(worker1, rank=1, pid=4352, ip=172.31.33.82)[0m Waiting for head node at 172.31.38.234:6379...
2026-03-25 18:52:22,789 - INFO - [36m(head, rank=0, pid=6356)[0m 2026-03-25 13:22:22,387	INFO usage_lib.py:447 -- Usage stats collection is disabled.
2026-03-25 18:52:24,199 - INFO - [36m(head, rank=0, pid=6356)[0m 2026-03-25 13:22:22,388	INFO scripts.py:936 -- [37mLocal node IP[39m: [1m172.31.38.234[22m
2026-03-25 18:52:24,199 - INFO - [36m(worker1, rank=1, pid=4352, ip=172.31.33.82)[0m Head node not healthy yet. Retrying in 1s...
2026-03-25 18:52:26,622 - INFO - [36m(worker1, rank=1, pid=4352, ip=172.31.33.82)[0m [0;32mHead node is healthy. Starting worker node...[0m
2026-03-25 18:52:27,529 - INFO - [36m(worker1, rank=1, pid=4352, ip=172.31.33.82)[0m 2026-03-25 13:22:27,368	INFO scripts.py:1124 -- [37mLocal node IP[39m: [1m172.31.33.82[22m
2026-03-25 18:52:34,290 - INFO - [36m(head, rank=0, pid=6356)[0m 2026-03-25 13:22:33,761	SUCC scripts.py:975 -- [32m--------------------[39m
2026-03-25 18:52:34,290 - INFO - [36m(head, rank=0, pid=6356)[0m 2026-03-25 13:22:33,762	SUCC scripts.py:976 -- [32mRay runtime started.[39m
2026-03-25 18:52:34,290 - INFO - [36m(head, rank=0, pid=6356)[0m 2026-03-25 13:22:33,762	SUCC scripts.py:977 -- [32m--------------------[39m
2026-03-25 18:52:34,290 - INFO - [36m(head, rank=0, pid=6356)[0m 2026-03-25 13:22:33,762	INFO scripts.py:979 -- [36mNext steps[39m
2026-03-25 18:52:35,598 - INFO - [36m(head, rank=0, pid=6356)[0m 2026-03-25 13:22:33,762	INFO scripts.py:982 -- To add another node to this Ray cluster, run
2026-03-25 18:52:35,598 - INFO - [36m(head, rank=0, pid=6356)[0m 2026-03-25 13:22:33,762	INFO scripts.py:985 -- [1m  ray start --address='172.31.38.234:6379'[22m
2026-03-25 18:52:35,598 - INFO - [36m(head, rank=0, pid=6356)[0m 2026-03-25 13:22:33,762	INFO scripts.py:996 -- To connect to this Ray cluster:
2026-03-25 18:52:35,598 - INFO - [36m(head, rank=0, pid=6356)[0m 2026-03-25 13:22:33,762	INFO scripts.py:998 -- [35mimport[39m[26m ray
2026-03-25 18:52:35,598 - INFO - [36m(head, rank=0, pid=6356)[0m 2026-03-25 13:22:33,762	INFO scripts.py:999 -- ray[35m.[39m[26minit()
2026-03-25 18:52:35,598 - INFO - [36m(head, rank=0, pid=6356)[0m 2026-03-25 13:22:33,762	INFO scripts.py:1013 -- To submit a Ray job using the Ray Jobs CLI:
2026-03-25 18:52:35,598 - INFO - [36m(head, rank=0, pid=6356)[0m 2026-03-25 13:22:33,762	INFO scripts.py:1014 -- [1m  RAY_API_SERVER_ADDRESS='http://172.31.38.234:8265' ray job submit --working-dir . -- python my_script.py[22m
2026-03-25 18:52:35,598 - INFO - [36m(head, rank=0, pid=6356)[0m 2026-03-25 13:22:33,762	INFO scripts.py:1023 -- See https://docs.ray.io/en/latest/cluster/running-applications/job-submission/index.html
2026-03-25 18:52:35,598 - INFO - [36m(head, rank=0, pid=6356)[0m 2026-03-25 13:22:33,762	INFO scripts.py:1027 -- for more information on submitting Ray jobs to the Ray cluster.
2026-03-25 18:52:35,598 - INFO - [36m(head, rank=0, pid=6356)[0m 2026-03-25 13:22:33,762	INFO scripts.py:1032 -- To terminate the Ray runtime, run
2026-03-25 18:52:35,599 - INFO - [36m(head, rank=0, pid=6356)[0m 2026-03-25 13:22:33,762	INFO scripts.py:1033 -- [1m  ray stop[22m
2026-03-25 18:52:35,599 - INFO - [36m(head, rank=0, pid=6356)[0m 2026-03-25 13:22:33,762	INFO scripts.py:1036 -- To view the status of the cluster, use
2026-03-25 18:52:35,599 - INFO - [36m(head, rank=0, pid=6356)[0m 2026-03-25 13:22:33,762	INFO scripts.py:1037 --   [1mray status[22m[26m
2026-03-25 18:52:35,599 - INFO - [36m(head, rank=0, pid=6356)[0m 2026-03-25 13:22:33,762	INFO scripts.py:1041 -- To monitor and debug Ray, view the dashboard at
2026-03-25 18:52:35,599 - INFO - [36m(head, rank=0, pid=6356)[0m 2026-03-25 13:22:33,762	INFO scripts.py:1042 --   [1m172.31.38.234:8265[22m[26m
2026-03-25 18:52:35,599 - INFO - [36m(head, rank=0, pid=6356)[0m 2026-03-25 13:22:33,762	INFO scripts.py:1049 -- [4mIf connection to the dashboard fails, check your firewall settings and network configuration.[24m
2026-03-25 18:52:35,599 - INFO - [36m(head, rank=0, pid=6356)[0m [0;32mHead node started successfully.[0m
2026-03-25 18:52:36,408 - INFO - [36m(head, rank=0, pid=6356)[0m Waiting for all 2 nodes to join...
2026-03-25 18:52:36,408 - INFO - [36m(worker1, rank=1, pid=4352, ip=172.31.33.82)[0m 2026-03-25 13:22:35,701	SUCC scripts.py:1140 -- [32m--------------------[39m
2026-03-25 18:52:37,011 - INFO - [36m(worker1, rank=1, pid=4352, ip=172.31.33.82)[0m 2026-03-25 13:22:35,701	SUCC scripts.py:1141 -- [32mRay runtime started.[39m
2026-03-25 18:52:37,012 - INFO - [36m(worker1, rank=1, pid=4352, ip=172.31.33.82)[0m 2026-03-25 13:22:35,701	SUCC scripts.py:1142 -- [32m--------------------[39m
2026-03-25 18:52:37,012 - INFO - [36m(worker1, rank=1, pid=4352, ip=172.31.33.82)[0m 2026-03-25 13:22:35,701	INFO scripts.py:1144 -- To terminate the Ray runtime, run
2026-03-25 18:52:37,012 - INFO - [36m(worker1, rank=1, pid=4352, ip=172.31.33.82)[0m 2026-03-25 13:22:35,701	INFO scripts.py:1145 -- [1m  ray stop[22m
2026-03-25 18:52:37,012 - INFO - [36m(worker1, rank=1, pid=4352, ip=172.31.33.82)[0m [0;32mWorker node started successfully.[0m
2026-03-25 18:52:37,012 - INFO - [36m(head, rank=0, pid=6356)[0m [0;32mAll 2 nodes have joined.[0m
2026-03-25 18:52:41,354 - INFO - [36m(worker1, rank=1, pid=4352, ip=172.31.33.82)[0m + '[' 1 = 0 ']'
2026-03-25 18:52:42,057 - INFO - [36m(worker1, rank=1, pid=4352, ip=172.31.33.82)[0m + echo 'Cluster ready for benchmarking'
2026-03-25 18:52:42,057 - INFO - [36m(worker1, rank=1, pid=4352, ip=172.31.33.82)[0m Cluster ready for benchmarking
2026-03-25 18:52:42,058 - INFO - [36m(worker1, rank=1, pid=4352, ip=172.31.33.82)[0m ++ findmnt -t fuse.rclone --noheading
2026-03-25 18:52:42,058 - INFO - [36m(worker1, rank=1, pid=4352, ip=172.31.33.82)[0m ++ wc -l
2026-03-25 18:52:42,058 - INFO - [36m(worker1, rank=1, pid=4352, ip=172.31.33.82)[0m + '[' 0 -gt 0 ']'
2026-03-25 18:52:42,058 - INFO - [36m(head, rank=0, pid=6356)[0m + '[' 0 = 0 ']'
2026-03-25 18:52:43,166 - INFO - [36m(head, rank=0, pid=6356)[0m + echo 'Ray cluster started on head node'
2026-03-25 18:52:43,166 - INFO - [36m(head, rank=0, pid=6356)[0m Ray cluster started on head node
2026-03-25 18:52:43,166 - INFO - [36m(head, rank=0, pid=6356)[0m + ray status --address=127.0.0.1:6379
2026-03-25 18:52:43,166 - INFO - [36m(head, rank=0, pid=6356)[0m ======== Autoscaler status: 2026-03-25 13:22:39.127182 ========
2026-03-25 18:52:43,972 - INFO - [36m(head, rank=0, pid=6356)[0m Node status
2026-03-25 18:52:43,972 - INFO - [36m(head, rank=0, pid=6356)[0m ---------------------------------------------------------------
2026-03-25 18:52:43,972 - INFO - [36m(head, rank=0, pid=6356)[0m Active:
2026-03-25 18:52:43,972 - INFO - [36m(head, rank=0, pid=6356)[0m  1 node_81d7a4c8840efdfb433d3ed23457a75a4286d25dddbcb60457cb9ac5
2026-03-25 18:52:43,972 - INFO - [36m(head, rank=0, pid=6356)[0m  1 node_2baa6505b05b8586ba1ba97ac0b272968a181d858ba60db0e5bcd382
2026-03-25 18:52:43,972 - INFO - [36m(head, rank=0, pid=6356)[0m Pending:
2026-03-25 18:52:43,972 - INFO - [36m(head, rank=0, pid=6356)[0m  (no pending nodes)
2026-03-25 18:52:43,972 - INFO - [36m(head, rank=0, pid=6356)[0m Recent failures:
2026-03-25 18:52:43,972 - INFO - [36m(head, rank=0, pid=6356)[0m  (no failures)
2026-03-25 18:52:43,972 - INFO - [36m(head, rank=0, pid=6356)[0m
2026-03-25 18:52:43,972 - INFO - [36m(head, rank=0, pid=6356)[0m Resources
2026-03-25 18:52:43,972 - INFO - [36m(head, rank=0, pid=6356)[0m ---------------------------------------------------------------
2026-03-25 18:52:43,972 - INFO - [36m(head, rank=0, pid=6356)[0m Total Usage:
2026-03-25 18:52:43,972 - INFO - [36m(head, rank=0, pid=6356)[0m  0.0/192.0 CPU
2026-03-25 18:52:43,972 - INFO - [36m(head, rank=0, pid=6356)[0m  0.0/16.0 GPU
2026-03-25 18:52:43,973 - INFO - [36m(head, rank=0, pid=6356)[0m  0B/1.74TiB memory
2026-03-25 18:52:43,973 - INFO - [36m(head, rank=0, pid=6356)[0m  0B/372.53GiB object_store_memory
2026-03-25 18:52:43,973 - INFO - [36m(head, rank=0, pid=6356)[0m
2026-03-25 18:52:43,973 - INFO - [36m(head, rank=0, pid=6356)[0m From request_resources:
2026-03-25 18:52:43,973 - INFO - [36m(head, rank=0, pid=6356)[0m  (none)
2026-03-25 18:52:43,973 - INFO - [36m(head, rank=0, pid=6356)[0m Pending Demands:
2026-03-25 18:52:43,973 - INFO - [36m(head, rank=0, pid=6356)[0m  (no resource demands)
2026-03-25 18:52:43,973 - INFO - [36m(head, rank=0, pid=6356)[0m + PYTHONHASHSEED=0
2026-03-25 18:52:44,975 - INFO - [36m(head, rank=0, pid=6356)[0m + python roofline_benchmarks/benchmark_rf-qwen3-32b-tp8pp2-A100-80gb.py
2026-03-25 18:52:44,975 - INFO - [36m(head, rank=0, pid=6356)[0m 🚀 Starting vLLM server: /home/ubuntu/sky_workdir/.venv/bin/python -m vllm.entrypoints.openai.api_server --model Qwen/Qwen3-32B --tensor-parallel-size 8 --pipeline-parallel-size 2 --max-model-len 18432 --gpu-memory-utilization 0.85 --enforce-eager --no-enable-prefix-caching --disable-log-requests --port 8000 --distributed-executor-backend ray
2026-03-25 18:54:50,995 - INFO - [36m(head, rank=0, pid=6356)[0m ⏳ Waiting for server health (timeout=1800s)...
2026-03-25 18:54:50,995 - INFO - [36m(head, rank=0, pid=6356)[0m ✅ Server healthy after 126.0s
2026-03-25 18:54:52,001 - INFO - [36m(head, rank=0, pid=6356)[0m 📊 Parsed from server log: KV cache=4089872 tokens, num_gpu_blocks=255617, block_size=16
2026-03-25 18:54:52,001 - INFO - [36m(head, rank=0, pid=6356)[0m 📊 target_concurrency = 221 (255617 blocks × 16 / 18432)
2026-03-25 18:54:52,002 - INFO - [36m(head, rank=0, pid=6356)[0m
2026-03-25 18:54:52,002 - INFO - [36m(head, rank=0, pid=6356)[0m ======================================================================
2026-03-25 18:54:52,002 - INFO - [36m(head, rank=0, pid=6356)[0m Running: TP=8, PP=2, input=128, output=128
2026-03-25 18:54:52,002 - INFO - [36m(head, rank=0, pid=6356)[0m Target concurrency: 221
2026-03-25 18:54:52,002 - INFO - [36m(head, rank=0, pid=6356)[0m ======================================================================
2026-03-25 18:54:52,002 - INFO - [36m(head, rank=0, pid=6356)[0m 2026-03-25 13:24:51,701	INFO worker.py:1810 -- Connecting to existing Ray cluster at address: 172.31.38.234:6379...
2026-03-25 18:54:52,707 - INFO - [36m(head, rank=0, pid=6356)[0m 2026-03-25 13:24:51,790	INFO worker.py:2004 -- Connected to Ray cluster. View the dashboard at [1m[32mhttp://172.31.38.234:8265 [39m[22m
2026-03-25 18:54:52,707 - INFO - [36m(head, rank=0, pid=6356)[0m 📡 Using distributed GPU monitoring (2 nodes)
2026-03-25 18:54:56,338 - INFO - [36m(head, rank=0, pid=6356)[0m 🔥 Running warmup (5 requests)...
2026-03-25 18:54:56,338 - INFO - [36m(head, rank=0, pid=6356)[0m Loading tokenizer for Qwen/Qwen3-32B...
2026-03-25 18:54:56,945 - INFO - [36m(head, rank=0, pid=6356)[0m Loading dataset emozilla/pg19-test...
2026-03-25 18:55:00,677 - INFO - [36m(head, rank=0, pid=6356)[0m `trust_remote_code` is not supported anymore.
2026-03-25 18:55:00,677 - INFO - [36m(head, rank=0, pid=6356)[0m Please check that the Hugging Face dataset 'emozilla/pg19-test' isn't based on a loading script and remove `trust_remote_code`.
2026-03-25 18:55:00,677 - INFO - [36m(head, rank=0, pid=6356)[0m If the dataset is based on a loading script, please ask the dataset author to remove it and convert it to a standard format like Parquet.
2026-03-25 18:55:01,285 - INFO - [36m(head, rank=0, pid=6356)[0m
2026-03-25 18:55:01,792 - INFO - [36m(head, rank=0, pid=6356)[0m Generating test split:   0%|          | 0/100 [00:00<?, ? examples/s]
2026-03-25 18:55:01,792 - INFO - Generating test split: 100%|██████████| 100/100 [00:00<00:00, 405.23 examples/s]
2026-03-25 18:55:01,792 - INFO - Generating test split: 100%|██████████| 100/100 [00:00<00:00, 400.68 examples/s]
2026-03-25 18:55:01,792 - INFO - [36m(head, rank=0, pid=6356)[0m Running 5 benchmark requests (concurrency=2)...
2026-03-25 18:55:12,482 - INFO - [36m(head, rank=0, pid=6356)[0m   Progress: 1/5 (11s elapsed)
2026-03-25 18:55:19,036 - INFO - [36m(head, rank=0, pid=6356)[0m   Progress: 2/5 (11s elapsed)
2026-03-25 18:55:19,036 - INFO - [36m(head, rank=0, pid=6356)[0m   Progress: 3/5 (17s elapsed)
2026-03-25 18:55:19,744 - INFO - [36m(head, rank=0, pid=6356)[0m   Progress: 4/5 (17s elapsed)
2026-03-25 18:58:13,696 - INFO - 'sky.logs' request 70d725b9-0957-4f68-81c4-164d72ca62a8 cancelled
2026-03-25 18:58:15,251 - INFO - sky.exceptions.RequestCancelled: [33mCurrent 'sky.logs' request (70d725b9-0957-4f68-81c4-164d72ca62a8) is cancelled by another process.[0m
2026-03-25 18:58:15,693 - ERROR - ❌ Cluster error: Command 'sky launch' returned non-zero exit status 1.
2026-03-25 18:58:15,693 - INFO - 📥 Attempting to fetch results (benchmark may have completed)...
2026-03-25 18:58:15,693 - INFO - 📥 Fetching results.json from cluster...
2026-03-25 18:58:21,031 - WARNING - ⚠️  Could not fetch results: Command '['scp', 'rf-qwen3-32b-tp8pp2-A100-80gb:/tmp/benchmark_results.json', 'results/aws_p4de_A100_80gb/tp8-pp2-2x_p4de_24xlarge-20260325_184520/results.json']' returned non-zero exit status 1.
2026-03-25 18:58:22,057 - INFO - 📁 Renaming directory: tp8-pp2-2x_p4de_24xlarge-20260325_184520 -> tp8-pp2-2x_p4de_24xlarge-20260325_184520-fail
2026-03-25 18:58:22,058 - INFO - 🗑️  Tearing down rf-qwen3-32b-tp8pp2-A100-80gb...
