2026-03-28 01:47:05,583 - INFO - Results will be saved to: results/aws_g6_L4/tp4-pp2-g6_48xlarge-20260328_014705
2026-03-28 01:47:05,584 - INFO - 📋 Copied benchmark_client.py to roofline_benchmarks/
2026-03-28 01:47:05,584 - INFO - 📋 Copied prometheus_parser.py to roofline_benchmarks/
2026-03-28 01:47:05,584 - INFO - 🚀 Launching rf-qwen3-32b-tp4pp2-L4...
2026-03-28 01:47:05,584 - INFO - YAML to run: roofline_benchmarks/rf-qwen3-32b-tp4pp2-L4.yaml
2026-03-28 01:47:05,584 - INFO - Running on cluster: rf-qwen3-32b-tp4pp2-L4
2026-03-28 01:47:06,334 - INFO - YAML to run: roofline_benchmarks/rf-qwen3-32b-tp4pp2-L4.yaml
2026-03-28 01:47:06,421 - INFO - Running on cluster: rf-qwen3-32b-tp4pp2-L4
2026-03-28 01:47:07,554 - INFO - Considered resources (1 node):
2026-03-28 01:47:08,159 - INFO - ------------------------------------------------------------------------------
2026-03-28 01:47:08,159 - INFO -  INFRA             INSTANCE      vCPUs   Mem(GB)   GPUS   COST ($)   CHOSEN
2026-03-28 01:47:08,159 - INFO - ------------------------------------------------------------------------------
2026-03-28 01:47:08,159 - INFO -  AWS (us-east-1)   g6.48xlarge   192     768       L4:8   13.35      [32m   ✔[0m
2026-03-28 01:47:08,159 - INFO - ------------------------------------------------------------------------------
2026-03-28 01:47:08,159 - INFO - [0m⚙︎ Launching on AWS us-east-1[0m (us-east-1a,us-east-1b,us-east-1c,us-east-1d,us-east-1f).
2026-03-28 01:47:20,618 - INFO - [2mW 03-28 01:47:20.526 PID=2248878 instance.py:288] create_instances: Attempt failed with An error occurred (InsufficientInstanceCapacity) when calling the RunInstances operation (reached max retries: 0): We currently do not have sufficient g6.48xlarge capacity in the Availability Zone you requested (us-east-1a). Our system will be working on provisioning additional capacity. You can currently get g6.48xlarge capacity by not specifying an Availability Zone in your request or choosing us-east-1b, us-east-1c, us-east-1d, us-east-1f.[0m
2026-03-28 01:47:22,426 - INFO - [2mW 03-28 01:47:22.342 PID=2248878 instance.py:288] create_instances: Attempt failed with An error occurred (InsufficientInstanceCapacity) when calling the RunInstances operation (reached max retries: 0): We currently do not have sufficient g6.48xlarge capacity in the Availability Zone you requested (us-east-1b). Our system will be working on provisioning additional capacity. You can currently get g6.48xlarge capacity by not specifying an Availability Zone in your request or choosing us-east-1a, us-east-1c, us-east-1d, us-east-1f.[0m
2026-03-28 01:47:24,037 - INFO - [2mW 03-28 01:47:23.969 PID=2248878 instance.py:288] create_instances: Attempt failed with An error occurred (InsufficientInstanceCapacity) when calling the RunInstances operation (reached max retries: 0): We currently do not have sufficient g6.48xlarge capacity in the Availability Zone you requested (us-east-1c). Our system will be working on provisioning additional capacity. You can currently get g6.48xlarge capacity by not specifying an Availability Zone in your request or choosing us-east-1a, us-east-1b, us-east-1d, us-east-1f.[0m
2026-03-28 01:47:25,650 - INFO - [2mW 03-28 01:47:25.635 PID=2248878 instance.py:288] create_instances: Attempt failed with An error occurred (InsufficientInstanceCapacity) when calling the RunInstances operation (reached max retries: 0): We currently do not have sufficient g6.48xlarge capacity in the Availability Zone you requested (us-east-1d). Our system will be working on provisioning additional capacity. You can currently get g6.48xlarge capacity by not specifying an Availability Zone in your request or choosing us-east-1a, us-east-1b, us-east-1c, us-east-1f.[0m
2026-03-28 01:47:27,356 - INFO - [2mW 03-28 01:47:27.285 PID=2248878 instance.py:288] create_instances: Attempt failed with An error occurred (InsufficientInstanceCapacity) when calling the RunInstances operation (reached max retries: 0): We currently do not have sufficient g6.48xlarge capacity in the Availability Zone you requested (us-east-1f). Our system will be working on provisioning additional capacity. You can currently get g6.48xlarge capacity by not specifying an Availability Zone in your request or choosing us-east-1a, us-east-1b, us-east-1c, us-east-1d.[0m
2026-03-28 01:47:30,676 - INFO - AWS handler error: Failed to launch instances. Max attempts exceeded.
2026-03-28 01:47:30,777 - INFO - sky.exceptions.ResourcesUnavailableError: Failed to acquire resources in all zones in us-east-1 for {AWS(mem=64.0+, {'L4': 8}, disk_size=500)}.
2026-03-28 01:47:31,078 - INFO - 
2026-03-28 01:47:31,079 - INFO - [0m[33m↺[0m Trying other potential resources.
2026-03-28 01:47:31,079 - INFO - Considered resources (1 node):
2026-03-28 01:47:31,179 - INFO - ------------------------------------------------------------------------------
2026-03-28 01:47:31,180 - INFO -  INFRA             INSTANCE      vCPUs   Mem(GB)   GPUS   COST ($)   CHOSEN
2026-03-28 01:47:31,180 - INFO - ------------------------------------------------------------------------------
2026-03-28 01:47:31,180 - INFO -  AWS (us-east-2)   g6.48xlarge   192     768       L4:8   13.35      [32m   ✔[0m
2026-03-28 01:47:31,180 - INFO - ------------------------------------------------------------------------------
2026-03-28 01:47:31,180 - INFO - [0m⚙︎ Launching on AWS us-east-2[0m (us-east-2a,us-east-2b,us-east-2c).
2026-03-28 01:47:38,712 - INFO - [2mW 03-28 01:47:38.689 PID=2248878 instance.py:288] create_instances: Attempt failed with An error occurred (VcpuLimitExceeded) when calling the RunInstances operation: You have requested more vCPU capacity than your current vCPU limit of 128 allows for the instance bucket that the specified instance type belongs to. Please visit http://aws.amazon.com/contact-us/ec2-request to request an adjustment to this limit.[0m
2026-03-28 01:47:40,315 - INFO - [2mW 03-28 01:47:40.285 PID=2248878 instance.py:288] create_instances: Attempt failed with An error occurred (VcpuLimitExceeded) when calling the RunInstances operation: You have requested more vCPU capacity than your current vCPU limit of 128 allows for the instance bucket that the specified instance type belongs to. Please visit http://aws.amazon.com/contact-us/ec2-request to request an adjustment to this limit.[0m
2026-03-28 01:47:41,921 - INFO - [2mW 03-28 01:47:41.904 PID=2248878 instance.py:288] create_instances: Attempt failed with An error occurred (VcpuLimitExceeded) when calling the RunInstances operation: You have requested more vCPU capacity than your current vCPU limit of 128 allows for the instance bucket that the specified instance type belongs to. Please visit http://aws.amazon.com/contact-us/ec2-request to request an adjustment to this limit.[0m
2026-03-28 01:47:45,237 - INFO - AWS handler error: Failed to launch instances. Max attempts exceeded.
2026-03-28 01:47:45,337 - INFO - sky.exceptions.ResourcesUnavailableError: Failed to acquire resources in all zones in us-east-2 for {AWS(mem=64.0+, {'L4': 8}, disk_size=500)}.
2026-03-28 01:47:45,739 - INFO - 
2026-03-28 01:47:45,739 - INFO - [0m[33m↺[0m Trying other potential resources.
2026-03-28 01:47:45,739 - INFO - Considered resources (1 node):
2026-03-28 01:47:46,040 - INFO - ------------------------------------------------------------------------------
2026-03-28 01:47:46,040 - INFO -  INFRA             INSTANCE      vCPUs   Mem(GB)   GPUS   COST ($)   CHOSEN
2026-03-28 01:47:46,040 - INFO - ------------------------------------------------------------------------------
2026-03-28 01:47:46,040 - INFO -  AWS (us-west-2)   g6.48xlarge   192     768       L4:8   13.35      [32m   ✔[0m
2026-03-28 01:47:46,040 - INFO - ------------------------------------------------------------------------------
2026-03-28 01:47:46,040 - INFO - [0m⚙︎ Launching on AWS us-west-2[0m (us-west-2a,us-west-2b,us-west-2c,us-west-2d).
2026-03-28 01:47:59,203 - INFO - [2mW 03-28 01:47:59.143 PID=2248878 instance.py:288] create_instances: Attempt failed with An error occurred (VcpuLimitExceeded) when calling the RunInstances operation: You have requested more vCPU capacity than your current vCPU limit of 128 allows for the instance bucket that the specified instance type belongs to. Please visit http://aws.amazon.com/contact-us/ec2-request to request an adjustment to this limit.[0m
2026-03-28 01:48:01,206 - INFO - [2mW 03-28 01:48:01.137 PID=2248878 instance.py:288] create_instances: Attempt failed with An error occurred (VcpuLimitExceeded) when calling the RunInstances operation: You have requested more vCPU capacity than your current vCPU limit of 128 allows for the instance bucket that the specified instance type belongs to. Please visit http://aws.amazon.com/contact-us/ec2-request to request an adjustment to this limit.[0m
2026-03-28 01:48:03,012 - INFO - [2mW 03-28 01:48:02.990 PID=2248878 instance.py:288] create_instances: Attempt failed with An error occurred (VcpuLimitExceeded) when calling the RunInstances operation: You have requested more vCPU capacity than your current vCPU limit of 128 allows for the instance bucket that the specified instance type belongs to. Please visit http://aws.amazon.com/contact-us/ec2-request to request an adjustment to this limit.[0m
2026-03-28 01:48:05,122 - INFO - [2mW 03-28 01:48:05.079 PID=2248878 instance.py:288] create_instances: Attempt failed with An error occurred (VcpuLimitExceeded) when calling the RunInstances operation: You have requested more vCPU capacity than your current vCPU limit of 128 allows for the instance bucket that the specified instance type belongs to. Please visit http://aws.amazon.com/contact-us/ec2-request to request an adjustment to this limit.[0m
2026-03-28 01:48:09,332 - INFO - AWS handler error: Failed to launch instances. Max attempts exceeded.
2026-03-28 01:48:09,434 - INFO - sky.exceptions.ResourcesUnavailableError: Failed to acquire resources in all zones in us-west-2 for {AWS(mem=64.0+, {'L4': 8}, disk_size=500)}.
2026-03-28 01:48:09,938 - INFO - 
2026-03-28 01:48:09,938 - INFO - [0m[33m↺[0m Trying other potential resources.
2026-03-28 01:48:09,938 - INFO - Considered resources (1 node):
2026-03-28 01:48:10,139 - INFO - -------------------------------------------------------------------------------
2026-03-28 01:48:10,139 - INFO -  INFRA              INSTANCE      vCPUs   Mem(GB)   GPUS   COST ($)   CHOSEN
2026-03-28 01:48:10,139 - INFO - -------------------------------------------------------------------------------
2026-03-28 01:48:10,139 - INFO -  AWS (eu-north-1)   g6.48xlarge   192     768       L4:8   14.16      [32m   ✔[0m
2026-03-28 01:48:10,139 - INFO - -------------------------------------------------------------------------------
2026-03-28 01:48:10,139 - INFO - [0m⚙︎ Launching on AWS eu-north-1[0m (eu-north-1a,eu-north-1b).
2026-03-28 01:48:17,573 - INFO - [2mW 03-28 01:48:17.568 PID=2248878 instance.py:288] create_instances: Attempt failed with An error occurred (VcpuLimitExceeded) when calling the RunInstances operation: You have requested more vCPU capacity than your current vCPU limit of 8 allows for the instance bucket that the specified instance type belongs to. Please visit http://aws.amazon.com/contact-us/ec2-request to request an adjustment to this limit.[0m
2026-03-28 01:48:20,293 - INFO - [2mW 03-28 01:48:20.251 PID=2248878 instance.py:288] create_instances: Attempt failed with An error occurred (VcpuLimitExceeded) when calling the RunInstances operation: You have requested more vCPU capacity than your current vCPU limit of 8 allows for the instance bucket that the specified instance type belongs to. Please visit http://aws.amazon.com/contact-us/ec2-request to request an adjustment to this limit.[0m
2026-03-28 01:48:22,807 - INFO - AWS handler error: Failed to launch instances. Max attempts exceeded.
2026-03-28 01:48:22,909 - INFO - sky.exceptions.ResourcesUnavailableError: Failed to acquire resources in all zones in eu-north-1 for {AWS(mem=64.0+, {'L4': 8}, disk_size=500)}.
2026-03-28 01:48:23,512 - INFO - 
2026-03-28 01:48:23,512 - INFO - [0m[33m↺[0m Trying other potential resources.
2026-03-28 01:48:23,512 - INFO - Considered resources (1 node):
2026-03-28 01:48:23,713 - INFO - ---------------------------------------------------------------------------------
2026-03-28 01:48:23,713 - INFO -  INFRA                INSTANCE      vCPUs   Mem(GB)   GPUS   COST ($)   CHOSEN
2026-03-28 01:48:23,713 - INFO - ---------------------------------------------------------------------------------
2026-03-28 01:48:23,713 - INFO -  AWS (ca-central-1)   g6.48xlarge   192     768       L4:8   14.82      [32m   ✔[0m
2026-03-28 01:48:23,713 - INFO - ---------------------------------------------------------------------------------
2026-03-28 01:48:23,713 - INFO - [0m⚙︎ Launching on AWS ca-central-1[0m (ca-central-1a,ca-central-1b,ca-central-1d).
2026-03-28 01:48:31,348 - INFO - [2mW 03-28 01:48:31.282 PID=2248878 instance.py:288] create_instances: Attempt failed with An error occurred (VcpuLimitExceeded) when calling the RunInstances operation: You have requested more vCPU capacity than your current vCPU limit of 0 allows for the instance bucket that the specified instance type belongs to. Please visit http://aws.amazon.com/contact-us/ec2-request to request an adjustment to this limit.[0m
2026-03-28 01:48:33,262 - INFO - [2mW 03-28 01:48:33.204 PID=2248878 instance.py:288] create_instances: Attempt failed with An error occurred (VcpuLimitExceeded) when calling the RunInstances operation: You have requested more vCPU capacity than your current vCPU limit of 0 allows for the instance bucket that the specified instance type belongs to. Please visit http://aws.amazon.com/contact-us/ec2-request to request an adjustment to this limit.[0m
2026-03-28 01:48:34,776 - INFO - [2mW 03-28 01:48:34.761 PID=2248878 instance.py:288] create_instances: Attempt failed with An error occurred (VcpuLimitExceeded) when calling the RunInstances operation: You have requested more vCPU capacity than your current vCPU limit of 0 allows for the instance bucket that the specified instance type belongs to. Please visit http://aws.amazon.com/contact-us/ec2-request to request an adjustment to this limit.[0m
2026-03-28 01:48:37,491 - INFO - AWS handler error: Failed to launch instances. Max attempts exceeded.
2026-03-28 01:48:37,693 - INFO - sky.exceptions.ResourcesUnavailableError: Failed to acquire resources in all zones in ca-central-1 for {AWS(mem=64.0+, {'L4': 8}, disk_size=500)}.
2026-03-28 01:48:37,793 - INFO - 
2026-03-28 01:48:38,438 - INFO - [0m[33m↺[0m Trying other potential resources.
2026-03-28 01:48:38,438 - INFO - Considered resources (1 node):
2026-03-28 01:48:38,639 - INFO - -------------------------------------------------------------------------------
2026-03-28 01:48:38,640 - INFO -  INFRA              INSTANCE      vCPUs   Mem(GB)   GPUS   COST ($)   CHOSEN
2026-03-28 01:48:38,640 - INFO - -------------------------------------------------------------------------------
2026-03-28 01:48:38,640 - INFO -  AWS (ap-south-1)   g6.48xlarge   192     768       L4:8   16.03      [32m   ✔[0m
2026-03-28 01:48:38,640 - INFO - -------------------------------------------------------------------------------
2026-03-28 01:48:38,640 - INFO - [0m⚙︎ Launching on AWS ap-south-1[0m (ap-south-1a,ap-south-1b).
2026-03-28 01:48:42,357 - INFO - [2mW 03-28 01:48:42.330 PID=2248878 instance.py:288] create_instances: Attempt failed with An error occurred (VcpuLimitExceeded) when calling the RunInstances operation: You have requested more vCPU capacity than your current vCPU limit of 0 allows for the instance bucket that the specified instance type belongs to. Please visit http://aws.amazon.com/contact-us/ec2-request to request an adjustment to this limit.[0m
2026-03-28 01:48:43,864 - INFO - [2mW 03-28 01:48:43.821 PID=2248878 instance.py:288] create_instances: Attempt failed with An error occurred (VcpuLimitExceeded) when calling the RunInstances operation: You have requested more vCPU capacity than your current vCPU limit of 0 allows for the instance bucket that the specified instance type belongs to. Please visit http://aws.amazon.com/contact-us/ec2-request to request an adjustment to this limit.[0m
2026-03-28 01:48:44,566 - INFO - AWS handler error: Failed to launch instances. Max attempts exceeded.
2026-03-28 01:48:44,666 - INFO - sky.exceptions.ResourcesUnavailableError: Failed to acquire resources in all zones in ap-south-1 for {AWS(mem=64.0+, {'L4': 8}, disk_size=500)}.
2026-03-28 01:48:44,767 - INFO - 
2026-03-28 01:48:45,371 - INFO - [0m[33m↺[0m Trying other potential resources.
2026-03-28 01:48:45,371 - INFO - Considered resources (1 node):
2026-03-28 01:48:45,673 - INFO - -----------------------------------------------------------------------------------
2026-03-28 01:48:45,673 - INFO -  INFRA                  INSTANCE      vCPUs   Mem(GB)   GPUS   COST ($)   CHOSEN
2026-03-28 01:48:45,673 - INFO - -----------------------------------------------------------------------------------
2026-03-28 01:48:45,673 - INFO -  AWS (ap-northeast-2)   g6.48xlarge   192     768       L4:8   16.42      [32m   ✔[0m
2026-03-28 01:48:45,673 - INFO - -----------------------------------------------------------------------------------
2026-03-28 01:48:45,673 - INFO - [0m⚙︎ Launching on AWS ap-northeast-2[0m (ap-northeast-2a,ap-northeast-2c,ap-northeast-2d).
2026-03-28 01:48:51,396 - INFO - [2mW 03-28 01:48:51.386 PID=2248878 instance.py:288] create_instances: Attempt failed with An error occurred (VcpuLimitExceeded) when calling the RunInstances operation: You have requested more vCPU capacity than your current vCPU limit of 8 allows for the instance bucket that the specified instance type belongs to. Please visit http://aws.amazon.com/contact-us/ec2-request to request an adjustment to this limit.[0m
2026-03-28 01:48:52,704 - INFO - [2mW 03-28 01:48:52.665 PID=2248878 instance.py:288] create_instances: Attempt failed with An error occurred (VcpuLimitExceeded) when calling the RunInstances operation: You have requested more vCPU capacity than your current vCPU limit of 8 allows for the instance bucket that the specified instance type belongs to. Please visit http://aws.amazon.com/contact-us/ec2-request to request an adjustment to this limit.[0m
2026-03-28 01:48:54,014 - INFO - [2mW 03-28 01:48:53.915 PID=2248878 instance.py:288] create_instances: Attempt failed with An error occurred (VcpuLimitExceeded) when calling the RunInstances operation: You have requested more vCPU capacity than your current vCPU limit of 8 allows for the instance bucket that the specified instance type belongs to. Please visit http://aws.amazon.com/contact-us/ec2-request to request an adjustment to this limit.[0m
2026-03-28 01:48:56,022 - INFO - AWS handler error: Failed to launch instances. Max attempts exceeded.
2026-03-28 01:48:56,224 - INFO - sky.exceptions.ResourcesUnavailableError: Failed to acquire resources in all zones in ap-northeast-2 for {AWS(mem=64.0+, {'L4': 8}, disk_size=500)}.
2026-03-28 01:48:56,325 - INFO - 
2026-03-28 01:48:56,928 - INFO - [0m[33m↺[0m Trying other potential resources.
2026-03-28 01:48:56,928 - INFO - Considered resources (1 node):
2026-03-28 01:48:57,330 - INFO - ---------------------------------------------------------------------------------
2026-03-28 01:48:57,330 - INFO -  INFRA                INSTANCE      vCPUs   Mem(GB)   GPUS   COST ($)   CHOSEN
2026-03-28 01:48:57,331 - INFO - ---------------------------------------------------------------------------------
2026-03-28 01:48:57,331 - INFO -  AWS (eu-central-1)   g6.48xlarge   192     768       L4:8   16.69      [32m   ✔[0m
2026-03-28 01:48:57,331 - INFO - ---------------------------------------------------------------------------------
2026-03-28 01:48:57,331 - INFO - [0m⚙︎ Launching on AWS eu-central-1[0m (eu-central-1a,eu-central-1b,eu-central-1c).
2026-03-28 01:49:03,166 - INFO - [2mW 03-28 01:49:03.150 PID=2248878 instance.py:288] create_instances: Attempt failed with An error occurred (VcpuLimitExceeded) when calling the RunInstances operation: You have requested more vCPU capacity than your current vCPU limit of 8 allows for the instance bucket that the specified instance type belongs to. Please visit http://aws.amazon.com/contact-us/ec2-request to request an adjustment to this limit.[0m
2026-03-28 01:49:04,471 - INFO - [2mW 03-28 01:49:04.466 PID=2248878 instance.py:288] create_instances: Attempt failed with An error occurred (VcpuLimitExceeded) when calling the RunInstances operation: You have requested more vCPU capacity than your current vCPU limit of 8 allows for the instance bucket that the specified instance type belongs to. Please visit http://aws.amazon.com/contact-us/ec2-request to request an adjustment to this limit.[0m
2026-03-28 01:49:05,877 - INFO - [2mW 03-28 01:49:05.803 PID=2248878 instance.py:288] create_instances: Attempt failed with An error occurred (VcpuLimitExceeded) when calling the RunInstances operation: You have requested more vCPU capacity than your current vCPU limit of 8 allows for the instance bucket that the specified instance type belongs to. Please visit http://aws.amazon.com/contact-us/ec2-request to request an adjustment to this limit.[0m
2026-03-28 01:49:08,189 - INFO - AWS handler error: Failed to launch instances. Max attempts exceeded.
2026-03-28 01:49:08,390 - INFO - sky.exceptions.ResourcesUnavailableError: Failed to acquire resources in all zones in eu-central-1 for {AWS(mem=64.0+, {'L4': 8}, disk_size=500)}.
2026-03-28 01:49:08,490 - INFO - 
2026-03-28 01:49:09,192 - INFO - [0m[33m↺[0m Trying other potential resources.
2026-03-28 01:49:09,193 - INFO - Considered resources (1 node):
2026-03-28 01:49:09,293 - INFO - ------------------------------------------------------------------------------
2026-03-28 01:49:09,595 - INFO -  INFRA             INSTANCE      vCPUs   Mem(GB)   GPUS   COST ($)   CHOSEN
2026-03-28 01:49:09,595 - INFO - ------------------------------------------------------------------------------
2026-03-28 01:49:09,595 - INFO -  AWS (eu-west-2)   g6.48xlarge   192     768       L4:8   16.95      [32m   ✔[0m
2026-03-28 01:49:09,595 - INFO - ------------------------------------------------------------------------------
2026-03-28 01:49:09,595 - INFO - [0m⚙︎ Launching on AWS eu-west-2[0m (eu-west-2a,eu-west-2b,eu-west-2c).
2026-03-28 01:49:15,018 - INFO - [2mW 03-28 01:49:14.977 PID=2248878 instance.py:288] create_instances: Attempt failed with An error occurred (VcpuLimitExceeded) when calling the RunInstances operation: You have requested more vCPU capacity than your current vCPU limit of 0 allows for the instance bucket that the specified instance type belongs to. Please visit http://aws.amazon.com/contact-us/ec2-request to request an adjustment to this limit.[0m
2026-03-28 01:49:16,322 - INFO - [2mW 03-28 01:49:16.236 PID=2248878 instance.py:288] create_instances: Attempt failed with An error occurred (VcpuLimitExceeded) when calling the RunInstances operation: You have requested more vCPU capacity than your current vCPU limit of 0 allows for the instance bucket that the specified instance type belongs to. Please visit http://aws.amazon.com/contact-us/ec2-request to request an adjustment to this limit.[0m
2026-03-28 01:49:17,531 - INFO - [2mW 03-28 01:49:17.469 PID=2248878 instance.py:288] create_instances: Attempt failed with An error occurred (VcpuLimitExceeded) when calling the RunInstances operation: You have requested more vCPU capacity than your current vCPU limit of 0 allows for the instance bucket that the specified instance type belongs to. Please visit http://aws.amazon.com/contact-us/ec2-request to request an adjustment to this limit.[0m
2026-03-28 01:49:19,543 - INFO - AWS handler error: Failed to launch instances. Max attempts exceeded.
2026-03-28 01:49:19,847 - INFO - sky.exceptions.ResourcesUnavailableError: Failed to acquire resources in all zones in eu-west-2 for {AWS(mem=64.0+, {'L4': 8}, disk_size=500)}.
2026-03-28 01:49:19,948 - INFO - 
2026-03-28 01:49:20,651 - INFO - [0m[33m↺[0m Trying other potential resources.
2026-03-28 01:49:20,651 - INFO - Considered resources (1 node):
2026-03-28 01:49:20,954 - INFO - ------------------------------------------------------------------------------
2026-03-28 01:49:20,954 - INFO -  INFRA             INSTANCE      vCPUs   Mem(GB)   GPUS   COST ($)   CHOSEN
2026-03-28 01:49:20,954 - INFO - ------------------------------------------------------------------------------
2026-03-28 01:49:20,954 - INFO -  AWS (eu-west-3)   g6.48xlarge   192     768       L4:8   16.95      [32m   ✔[0m
2026-03-28 01:49:20,954 - INFO - ------------------------------------------------------------------------------
2026-03-28 01:49:20,954 - INFO - [0m⚙︎ Launching on AWS eu-west-3[0m (eu-west-3b,eu-west-3c).
2026-03-28 01:49:27,892 - INFO - [2mW 03-28 01:49:27.856 PID=2248878 instance.py:288] create_instances: Attempt failed with An error occurred (VcpuLimitExceeded) when calling the RunInstances operation: You have requested more vCPU capacity than your current vCPU limit of 0 allows for the instance bucket that the specified instance type belongs to. Please visit http://aws.amazon.com/contact-us/ec2-request to request an adjustment to this limit.[0m
2026-03-28 01:49:30,602 - INFO - [2mW 03-28 01:49:30.502 PID=2248878 instance.py:288] create_instances: Attempt failed with An error occurred (VcpuLimitExceeded) when calling the RunInstances operation: You have requested more vCPU capacity than your current vCPU limit of 0 allows for the instance bucket that the specified instance type belongs to. Please visit http://aws.amazon.com/contact-us/ec2-request to request an adjustment to this limit.[0m
2026-03-28 01:49:32,612 - INFO - AWS handler error: Failed to launch instances. Max attempts exceeded.
2026-03-28 01:49:32,812 - INFO - sky.exceptions.ResourcesUnavailableError: Failed to acquire resources in all zones in eu-west-3 for {AWS(mem=64.0+, {'L4': 8}, disk_size=500)}.
2026-03-28 01:49:32,914 - INFO - 
2026-03-28 01:49:33,716 - INFO - [0m[33m↺[0m Trying other potential resources.
2026-03-28 01:49:33,716 - INFO - Considered resources (1 node):
2026-03-28 01:49:34,120 - INFO - -----------------------------------------------------------------------------------
2026-03-28 01:49:34,120 - INFO -  INFRA                  INSTANCE      vCPUs   Mem(GB)   GPUS   COST ($)   CHOSEN
2026-03-28 01:49:34,120 - INFO - -----------------------------------------------------------------------------------
2026-03-28 01:49:34,120 - INFO -  AWS (ap-southeast-2)   g6.48xlarge   192     768       L4:8   17.36      [32m   ✔[0m
2026-03-28 01:49:34,120 - INFO - -----------------------------------------------------------------------------------
2026-03-28 01:49:34,120 - INFO - [0m⚙︎ Launching on AWS ap-southeast-2[0m (ap-southeast-2a,ap-southeast-2b,ap-southeast-2c).
2026-03-28 01:49:39,851 - INFO - [2mW 03-28 01:49:39.826 PID=2248878 instance.py:288] create_instances: Attempt failed with An error occurred (VcpuLimitExceeded) when calling the RunInstances operation: You have requested more vCPU capacity than your current vCPU limit of 0 allows for the instance bucket that the specified instance type belongs to. Please visit http://aws.amazon.com/contact-us/ec2-request to request an adjustment to this limit.[0m
2026-03-28 01:49:41,159 - INFO - [2mW 03-28 01:49:41.099 PID=2248878 instance.py:288] create_instances: Attempt failed with An error occurred (VcpuLimitExceeded) when calling the RunInstances operation: You have requested more vCPU capacity than your current vCPU limit of 0 allows for the instance bucket that the specified instance type belongs to. Please visit http://aws.amazon.com/contact-us/ec2-request to request an adjustment to this limit.[0m
2026-03-28 01:49:42,367 - INFO - [2mW 03-28 01:49:42.332 PID=2248878 instance.py:288] create_instances: Attempt failed with An error occurred (VcpuLimitExceeded) when calling the RunInstances operation: You have requested more vCPU capacity than your current vCPU limit of 0 allows for the instance bucket that the specified instance type belongs to. Please visit http://aws.amazon.com/contact-us/ec2-request to request an adjustment to this limit.[0m
2026-03-28 01:49:44,475 - INFO - AWS handler error: Failed to launch instances. Max attempts exceeded.
2026-03-28 01:49:44,777 - INFO - sky.exceptions.ResourcesUnavailableError: Failed to acquire resources in all zones in ap-southeast-2 for {AWS(mem=64.0+, {'L4': 8}, disk_size=500)}.
2026-03-28 01:49:44,977 - INFO - 
2026-03-28 01:49:45,679 - INFO - [0m[33m↺[0m Trying other potential resources.
2026-03-28 01:49:45,679 - INFO - Considered resources (1 node):
2026-03-28 01:49:46,083 - INFO - -----------------------------------------------------------------------------------
2026-03-28 01:49:46,084 - INFO -  INFRA                  INSTANCE      vCPUs   Mem(GB)   GPUS   COST ($)   CHOSEN
2026-03-28 01:49:46,084 - INFO - -----------------------------------------------------------------------------------
2026-03-28 01:49:46,084 - INFO -  AWS (ap-northeast-1)   g6.48xlarge   192     768       L4:8   19.36      [32m   ✔[0m
2026-03-28 01:49:46,084 - INFO - -----------------------------------------------------------------------------------
2026-03-28 01:49:46,084 - INFO - [0m⚙︎ Launching on AWS ap-northeast-1[0m (ap-northeast-1a,ap-northeast-1c).
2026-03-28 01:49:52,714 - INFO - [2mW 03-28 01:49:52.703 PID=2248878 instance.py:288] create_instances: Attempt failed with An error occurred (VcpuLimitExceeded) when calling the RunInstances operation: You have requested more vCPU capacity than your current vCPU limit of 8 allows for the instance bucket that the specified instance type belongs to. Please visit http://aws.amazon.com/contact-us/ec2-request to request an adjustment to this limit.[0m
2026-03-28 01:49:55,425 - INFO - [2mW 03-28 01:49:55.421 PID=2248878 instance.py:288] create_instances: Attempt failed with An error occurred (VcpuLimitExceeded) when calling the RunInstances operation: You have requested more vCPU capacity than your current vCPU limit of 8 allows for the instance bucket that the specified instance type belongs to. Please visit http://aws.amazon.com/contact-us/ec2-request to request an adjustment to this limit.[0m
2026-03-28 01:49:57,532 - INFO - AWS handler error: Failed to launch instances. Max attempts exceeded.
2026-03-28 01:49:57,834 - INFO - sky.exceptions.ResourcesUnavailableError: Failed to acquire resources in all zones in ap-northeast-1 for {AWS(mem=64.0+, {'L4': 8}, disk_size=500)}.
2026-03-28 01:49:57,934 - INFO - 
2026-03-28 01:49:59,741 - INFO - [0m[33m↺[0m Trying other potential resources.
2026-03-28 01:49:59,741 - INFO - 
2026-03-28 01:50:31,285 - INFO - [?25h[31mFailed to provision all possible launchable resources.[0m Relax the task's resource requirements: 1x AWS(mem=64.0+, {'L4': 8}, disk_size=500)
2026-03-28 01:50:31,285 - INFO - 
2026-03-28 01:50:31,285 - INFO - [0m[33m↺[0m Retry after 30s  [2mView logs: [1msky logs --provision rf-qwen3-32b-tp4pp2-L4[0m[0m[0m
2026-03-28 01:50:31,285 - INFO - The cluster 'rf-qwen3-32b-tp4pp2-L4' (status: INIT) was not found on the cloud: it may be autodowned, manually terminated, or its launch never succeeded. Provisioning a new cluster by using the same resources as its original launch.
2026-03-28 01:50:31,385 - INFO - [0m⚙︎ Launching on AWS ap-northeast-1[0m (ap-northeast-1a,ap-northeast-1c).
2026-03-28 01:50:37,715 - INFO - [2mW 03-28 01:50:37.658 PID=1652500 instance.py:288] create_instances: Attempt failed with An error occurred (VcpuLimitExceeded) when calling the RunInstances operation: You have requested more vCPU capacity than your current vCPU limit of 8 allows for the instance bucket that the specified instance type belongs to. Please visit http://aws.amazon.com/contact-us/ec2-request to request an adjustment to this limit.[0m
2026-03-28 01:50:40,327 - INFO - [2mW 03-28 01:50:40.227 PID=1652500 instance.py:288] create_instances: Attempt failed with An error occurred (VcpuLimitExceeded) when calling the RunInstances operation: You have requested more vCPU capacity than your current vCPU limit of 8 allows for the instance bucket that the specified instance type belongs to. Please visit http://aws.amazon.com/contact-us/ec2-request to request an adjustment to this limit.[0m
2026-03-28 01:50:42,234 - INFO - AWS handler error: Failed to launch instances. Max attempts exceeded.
2026-03-28 01:50:42,336 - INFO - sky.exceptions.ResourcesUnavailableError: Failed to acquire resources in all zones in ap-northeast-1 for {AWS(mem=64.0+, {'L4': 8}, disk_size=500)}.
2026-03-28 01:50:42,336 - INFO - 
2026-03-28 01:50:42,538 - INFO - [0m[33m↺[0m Trying other potential resources.
2026-03-28 01:50:42,538 - INFO - Considered resources (1 node):
2026-03-28 01:50:42,638 - INFO - ------------------------------------------------------------------------------
2026-03-28 01:50:42,639 - INFO -  INFRA             INSTANCE      vCPUs   Mem(GB)   GPUS   COST ($)   CHOSEN
2026-03-28 01:50:42,639 - INFO - ------------------------------------------------------------------------------
2026-03-28 01:50:42,639 - INFO -  AWS (us-east-1)   g6.48xlarge   192     768       L4:8   13.35      [32m   ✔[0m
2026-03-28 01:50:42,639 - INFO - ------------------------------------------------------------------------------
2026-03-28 01:50:42,639 - INFO - [0m⚙︎ Launching on AWS us-east-1[0m (us-east-1a,us-east-1b,us-east-1c,us-east-1d,us-east-1f).
2026-03-28 01:51:44,549 - INFO - [2m└── [0m[2mInstance is up.[0m
2026-03-28 01:52:18,617 - INFO - [0m[32m✓ Cluster launched: rf-qwen3-32b-tp4pp2-L4.[0m[0m  [2mView logs: [1msky logs --provision rf-qwen3-32b-tp4pp2-L4[0m[0m
2026-03-28 01:52:18,718 - INFO - [0m⚙︎ Syncing files.
2026-03-28 01:52:29,265 - INFO -   [33mThe size of workdir '/home/orange/Desktop/tandemn/tandemn-profiling/roofline/vllm' is 558 MB. Try to keep workdir small or use .skyignore to exclude large files, as large sizes will slow down rsync.[0m
2026-03-28 01:52:29,265 - INFO -   [2mSyncing workdir (to 1 node): /home/orange/Desktop/tandemn/tandemn-profiling/roofline/vllm -> ~/sky_workdir[0m
2026-03-28 01:52:29,265 - INFO - [0m[32m✓ Synced workdir.[0m[0m  [2mView logs: sky api logs -l sky-2026-03-28-01-50-29-996595/workdir_sync.log[0m
2026-03-28 01:52:30,472 - INFO -   [2mSyncing (to 1 node): s3://tandemn-model-shards/hf-models/Qwen/Qwen3-32B -> /models/Qwen/Qwen3-32B[0m
2026-03-28 01:56:27,387 - INFO - [0m[32m✓ Synced file_mounts.[0m[0m  [2mView logs: sky api logs -l sky-2026-03-28-01-50-29-996595/file_mounts.log[0m
2026-03-28 01:56:32,220 - INFO - [0m[32m✓ Setup detached.[0m[0m
2026-03-28 01:56:39,253 - INFO - [0m⚙︎ Job submitted, ID: 1
2026-03-28 01:56:43,023 - INFO - [2m├── [0m[2mWaiting for task resources on 1 node.[0m
2026-03-28 01:56:44,427 - INFO - [2m└── [0mJob started. Streaming logs... [2m(Ctrl-C to exit log streaming; job will not be killed)[0m
2026-03-28 01:56:44,427 - INFO - [36m(setup pid=8610)[0m + GPU_TYPE=L4
2026-03-28 01:56:45,029 - INFO - [36m(setup pid=8610)[0m + IS_A100=false
2026-03-28 01:56:45,029 - INFO - [36m(setup pid=8610)[0m + echo 'GPU Type: L4, Is A100: false'
2026-03-28 01:56:45,029 - INFO - [36m(setup pid=8610)[0m GPU Type: L4, Is A100: false
2026-03-28 01:56:45,029 - INFO - [36m(setup pid=8610)[0m + echo '=== Initial System Diagnostics ==='
2026-03-28 01:56:45,029 - INFO - [36m(setup pid=8610)[0m === Initial System Diagnostics ===
2026-03-28 01:56:45,029 - INFO - [36m(setup pid=8610)[0m + echo 'Checking for NVIDIA driver...'
2026-03-28 01:56:45,029 - INFO - [36m(setup pid=8610)[0m Checking for NVIDIA driver...
2026-03-28 01:56:45,029 - INFO - [36m(setup pid=8610)[0m + nvidia-smi
2026-03-28 01:56:45,029 - INFO - [36m(setup pid=8610)[0m Fri Mar 27 20:26:44 2026
2026-03-28 01:56:45,730 - INFO - [36m(setup pid=8610)[0m +---------------------------------------------------------------------------------------+
2026-03-28 01:56:45,730 - INFO - [36m(setup pid=8610)[0m | NVIDIA-SMI 535.216.01             Driver Version: 535.216.01   CUDA Version: 12.2     |
2026-03-28 01:56:45,730 - INFO - [36m(setup pid=8610)[0m |-----------------------------------------+----------------------+----------------------+
2026-03-28 01:56:45,730 - INFO - [36m(setup pid=8610)[0m | GPU  Name                 Persistence-M | Bus-Id        Disp.A | Volatile Uncorr. ECC |
2026-03-28 01:56:45,730 - INFO - [36m(setup pid=8610)[0m | Fan  Temp   Perf          Pwr:Usage/Cap |         Memory-Usage | GPU-Util  Compute M. |
2026-03-28 01:56:45,730 - INFO - [36m(setup pid=8610)[0m |                                         |                      |               MIG M. |
2026-03-28 01:56:45,730 - INFO - [36m(setup pid=8610)[0m |=========================================+======================+======================|
2026-03-28 01:56:45,730 - INFO - [36m(setup pid=8610)[0m |   0  NVIDIA L4                      On  | 00000000:9F:00.0 Off |                    0 |
2026-03-28 01:56:45,730 - INFO - [36m(setup pid=8610)[0m | N/A   29C    P8              11W /  72W |      0MiB / 23034MiB |      0%      Default |
2026-03-28 01:56:45,730 - INFO - [36m(setup pid=8610)[0m |                                         |                      |                  N/A |
2026-03-28 01:56:45,730 - INFO - [36m(setup pid=8610)[0m +-----------------------------------------+----------------------+----------------------+
2026-03-28 01:56:45,730 - INFO - [36m(setup pid=8610)[0m |   1  NVIDIA L4                      On  | 00000000:A1:00.0 Off |                    0 |
2026-03-28 01:56:47,033 - INFO - [36m(setup pid=8610)[0m | N/A   29C    P8              12W /  72W |      0MiB / 23034MiB |      0%      Default |
2026-03-28 01:56:47,033 - INFO - [36m(setup pid=8610)[0m |                                         |                      |                  N/A |
2026-03-28 01:56:47,033 - INFO - [36m(setup pid=8610)[0m +-----------------------------------------+----------------------+----------------------+
2026-03-28 01:56:47,033 - INFO - [36m(setup pid=8610)[0m |   2  NVIDIA L4                      On  | 00000000:A3:00.0 Off |                    0 |
2026-03-28 01:56:47,033 - INFO - [36m(setup pid=8610)[0m | N/A   30C    P8              11W /  72W |      0MiB / 23034MiB |      0%      Default |
2026-03-28 01:56:47,033 - INFO - [36m(setup pid=8610)[0m |                                         |                      |                  N/A |
2026-03-28 01:56:47,033 - INFO - [36m(setup pid=8610)[0m +-----------------------------------------+----------------------+----------------------+
2026-03-28 01:56:47,033 - INFO - [36m(setup pid=8610)[0m |   3  NVIDIA L4                      On  | 00000000:A5:00.0 Off |                    0 |
2026-03-28 01:56:47,033 - INFO - [36m(setup pid=8610)[0m | N/A   29C    P8              11W /  72W |      0MiB / 23034MiB |      0%      Default |
2026-03-28 01:56:47,033 - INFO - [36m(setup pid=8610)[0m |                                         |                      |                  N/A |
2026-03-28 01:56:47,033 - INFO - [36m(setup pid=8610)[0m +-----------------------------------------+----------------------+----------------------+
2026-03-28 01:56:47,033 - INFO - [36m(setup pid=8610)[0m |   4  NVIDIA L4                      On  | 00000000:AE:00.0 Off |                    0 |
2026-03-28 01:56:47,033 - INFO - [36m(setup pid=8610)[0m | N/A   29C    P8              11W /  72W |      0MiB / 23034MiB |      0%      Default |
2026-03-28 01:56:47,033 - INFO - [36m(setup pid=8610)[0m |                                         |                      |                  N/A |
2026-03-28 01:56:47,033 - INFO - [36m(setup pid=8610)[0m +-----------------------------------------+----------------------+----------------------+
2026-03-28 01:56:47,033 - INFO - [36m(setup pid=8610)[0m |   5  NVIDIA L4                      On  | 00000000:B0:00.0 Off |                    0 |
2026-03-28 01:56:47,033 - INFO - [36m(setup pid=8610)[0m | N/A   29C    P8              11W /  72W |      0MiB / 23034MiB |      0%      Default |
2026-03-28 01:56:47,033 - INFO - [36m(setup pid=8610)[0m |                                         |                      |                  N/A |
2026-03-28 01:56:47,033 - INFO - [36m(setup pid=8610)[0m +-----------------------------------------+----------------------+----------------------+
2026-03-28 01:56:47,033 - INFO - [36m(setup pid=8610)[0m |   6  NVIDIA L4                      On  | 00000000:B2:00.0 Off |                    0 |
2026-03-28 01:56:47,033 - INFO - [36m(setup pid=8610)[0m | N/A   28C    P8              11W /  72W |      0MiB / 23034MiB |      0%      Default |
2026-03-28 01:56:47,033 - INFO - [36m(setup pid=8610)[0m |                                         |                      |                  N/A |
2026-03-28 01:56:47,033 - INFO - [36m(setup pid=8610)[0m +-----------------------------------------+----------------------+----------------------+
2026-03-28 01:56:47,033 - INFO - [36m(setup pid=8610)[0m |   7  NVIDIA L4                      On  | 00000000:B4:00.0 Off |                    0 |
2026-03-28 01:56:47,033 - INFO - [36m(setup pid=8610)[0m | N/A   27C    P8              10W /  72W |      0MiB / 23034MiB |      0%      Default |
2026-03-28 01:56:47,033 - INFO - [36m(setup pid=8610)[0m |                                         |                      |                  N/A |
2026-03-28 01:56:47,033 - INFO - [36m(setup pid=8610)[0m +-----------------------------------------+----------------------+----------------------+
2026-03-28 01:56:47,033 - INFO - [36m(setup pid=8610)[0m
2026-03-28 01:56:47,033 - INFO - [36m(setup pid=8610)[0m +---------------------------------------------------------------------------------------+
2026-03-28 01:56:47,033 - INFO - [36m(setup pid=8610)[0m | Processes:                                                                            |
2026-03-28 01:56:47,033 - INFO - [36m(setup pid=8610)[0m |  GPU   GI   CI        PID   Type   Process name                            GPU Memory |
2026-03-28 01:56:47,033 - INFO - [36m(setup pid=8610)[0m |        ID   ID                                                             Usage      |
2026-03-28 01:56:47,034 - INFO - [36m(setup pid=8610)[0m |=======================================================================================|
2026-03-28 01:56:47,034 - INFO - [36m(setup pid=8610)[0m |  No running processes found                                                           |
2026-03-28 01:56:47,034 - INFO - [36m(setup pid=8610)[0m +---------------------------------------------------------------------------------------+
2026-03-28 01:56:47,034 - INFO - [36m(setup pid=8610)[0m + echo 'Checking CUDA libraries...'
2026-03-28 01:56:47,636 - INFO - [36m(setup pid=8610)[0m Checking CUDA libraries...
2026-03-28 01:56:47,636 - INFO - [36m(setup pid=8610)[0m + ldconfig -p
2026-03-28 01:56:47,636 - INFO - [36m(setup pid=8610)[0m + grep --color=auto cuda
2026-03-28 01:56:47,636 - INFO - [36m(setup pid=8610)[0m 	libpcsamplingutil.so (libc6,x86-64) => /usr/local/cuda/targets/x86_64-linux/lib/libpcsamplingutil.so
2026-03-28 01:56:47,636 - INFO - [36m(setup pid=8610)[0m 	libnvrtc.so.12 (libc6,x86-64) => /usr/local/cuda/targets/x86_64-linux/lib/libnvrtc.so.12
2026-03-28 01:56:47,636 - INFO - [36m(setup pid=8610)[0m 	libnvrtc.so (libc6,x86-64) => /usr/local/cuda/targets/x86_64-linux/lib/libnvrtc.so
2026-03-28 01:56:47,636 - INFO - [36m(setup pid=8610)[0m 	libnvrtc-builtins.so.12.4 (libc6,x86-64) => /usr/local/cuda/targets/x86_64-linux/lib/libnvrtc-builtins.so.12.4
2026-03-28 01:56:47,636 - INFO - [36m(setup pid=8610)[0m 	libnvrtc-builtins.so (libc6,x86-64) => /usr/local/cuda/targets/x86_64-linux/lib/libnvrtc-builtins.so
2026-03-28 01:56:47,636 - INFO - [36m(setup pid=8610)[0m 	libnvperf_target.so (libc6,x86-64) => /usr/local/cuda/targets/x86_64-linux/lib/libnvperf_target.so
2026-03-28 01:56:47,636 - INFO - [36m(setup pid=8610)[0m 	libnvperf_host.so (libc6,x86-64) => /usr/local/cuda/targets/x86_64-linux/lib/libnvperf_host.so
2026-03-28 01:56:47,636 - INFO - [36m(setup pid=8610)[0m 	libnvjpeg.so.12 (libc6,x86-64) => /usr/local/cuda/targets/x86_64-linux/lib/libnvjpeg.so.12
2026-03-28 01:56:47,636 - INFO - [36m(setup pid=8610)[0m 	libnvjpeg.so (libc6,x86-64) => /usr/local/cuda/targets/x86_64-linux/lib/libnvjpeg.so
2026-03-28 01:56:47,636 - INFO - [36m(setup pid=8610)[0m 	libnvfatbin.so.12 (libc6,x86-64) => /usr/local/cuda/targets/x86_64-linux/lib/libnvfatbin.so.12
2026-03-28 01:56:47,636 - INFO - [36m(setup pid=8610)[0m 	libnvfatbin.so (libc6,x86-64) => /usr/local/cuda/targets/x86_64-linux/lib/libnvfatbin.so
2026-03-28 01:56:47,636 - INFO - [36m(setup pid=8610)[0m 	libnvblas.so.12 (libc6,x86-64) => /usr/local/cuda/targets/x86_64-linux/lib/libnvblas.so.12
2026-03-28 01:56:47,636 - INFO - [36m(setup pid=8610)[0m 	libnvblas.so (libc6,x86-64) => /usr/local/cuda/targets/x86_64-linux/lib/libnvblas.so
2026-03-28 01:56:47,636 - INFO - [36m(setup pid=8610)[0m 	libnvToolsExt.so.1 (libc6,x86-64) => /usr/local/cuda/targets/x86_64-linux/lib/libnvToolsExt.so.1
2026-03-28 01:56:47,636 - INFO - [36m(setup pid=8610)[0m 	libnvToolsExt.so (libc6,x86-64) => /usr/local/cuda/targets/x86_64-linux/lib/libnvToolsExt.so
2026-03-28 01:56:47,636 - INFO - [36m(setup pid=8610)[0m 	libnvJitLink.so.12 (libc6,x86-64) => /usr/local/cuda/targets/x86_64-linux/lib/libnvJitLink.so.12
2026-03-28 01:56:47,636 - INFO - [36m(setup pid=8610)[0m 	libnvJitLink.so (libc6,x86-64) => /usr/local/cuda/targets/x86_64-linux/lib/libnvJitLink.so
2026-03-28 01:56:47,636 - INFO - [36m(setup pid=8610)[0m 	libnpps.so.12 (libc6,x86-64) => /usr/local/cuda/targets/x86_64-linux/lib/libnpps.so.12
2026-03-28 01:56:47,636 - INFO - [36m(setup pid=8610)[0m 	libnpps.so (libc6,x86-64) => /usr/local/cuda/targets/x86_64-linux/lib/libnpps.so
2026-03-28 01:56:47,636 - INFO - [36m(setup pid=8610)[0m 	libnppitc.so.12 (libc6,x86-64) => /usr/local/cuda/targets/x86_64-linux/lib/libnppitc.so.12
2026-03-28 01:56:47,636 - INFO - [36m(setup pid=8610)[0m 	libnppitc.so (libc6,x86-64) => /usr/local/cuda/targets/x86_64-linux/lib/libnppitc.so
2026-03-28 01:56:47,636 - INFO - [36m(setup pid=8610)[0m 	libnppisu.so.12 (libc6,x86-64) => /usr/local/cuda/targets/x86_64-linux/lib/libnppisu.so.12
2026-03-28 01:56:47,637 - INFO - [36m(setup pid=8610)[0m 	libnppisu.so (libc6,x86-64) => /usr/local/cuda/targets/x86_64-linux/lib/libnppisu.so
2026-03-28 01:56:47,637 - INFO - [36m(setup pid=8610)[0m 	libnppist.so.12 (libc6,x86-64) => /usr/local/cuda/targets/x86_64-linux/lib/libnppist.so.12
2026-03-28 01:56:47,637 - INFO - [36m(setup pid=8610)[0m 	libnppist.so (libc6,x86-64) => /usr/local/cuda/targets/x86_64-linux/lib/libnppist.so
2026-03-28 01:56:47,637 - INFO - [36m(setup pid=8610)[0m 	libnppim.so.12 (libc6,x86-64) => /usr/local/cuda/targets/x86_64-linux/lib/libnppim.so.12
2026-03-28 01:56:47,637 - INFO - [36m(setup pid=8610)[0m 	libnppim.so (libc6,x86-64) => /usr/local/cuda/targets/x86_64-linux/lib/libnppim.so
2026-03-28 01:56:47,637 - INFO - [36m(setup pid=8610)[0m 	libnppig.so.12 (libc6,x86-64) => /usr/local/cuda/targets/x86_64-linux/lib/libnppig.so.12
2026-03-28 01:56:47,637 - INFO - [36m(setup pid=8610)[0m 	libnppig.so (libc6,x86-64) => /usr/local/cuda/targets/x86_64-linux/lib/libnppig.so
2026-03-28 01:56:47,637 - INFO - [36m(setup pid=8610)[0m 	libnppif.so.12 (libc6,x86-64) => /usr/local/cuda/targets/x86_64-linux/lib/libnppif.so.12
2026-03-28 01:56:47,637 - INFO - [36m(setup pid=8610)[0m 	libnppif.so (libc6,x86-64) => /usr/local/cuda/targets/x86_64-linux/lib/libnppif.so
2026-03-28 01:56:47,637 - INFO - [36m(setup pid=8610)[0m 	libnppidei.so.12 (libc6,x86-64) => /usr/local/cuda/targets/x86_64-linux/lib/libnppidei.so.12
2026-03-28 01:56:47,637 - INFO - [36m(setup pid=8610)[0m 	libnppidei.so (libc6,x86-64) => /usr/local/cuda/targets/x86_64-linux/lib/libnppidei.so
2026-03-28 01:56:47,637 - INFO - [36m(setup pid=8610)[0m 	libnppicc.so.12 (libc6,x86-64) => /usr/local/cuda/targets/x86_64-linux/lib/libnppicc.so.12
2026-03-28 01:56:48,238 - INFO - [36m(setup pid=8610)[0m 	libnppicc.so (libc6,x86-64) => /usr/local/cuda/targets/x86_64-linux/lib/libnppicc.so
2026-03-28 01:56:48,238 - INFO - [36m(setup pid=8610)[0m 	libnppial.so.12 (libc6,x86-64) => /usr/local/cuda/targets/x86_64-linux/lib/libnppial.so.12
2026-03-28 01:56:48,238 - INFO - [36m(setup pid=8610)[0m 	libnppial.so (libc6,x86-64) => /usr/local/cuda/targets/x86_64-linux/lib/libnppial.so
2026-03-28 01:56:48,238 - INFO - [36m(setup pid=8610)[0m 	libnppc.so.12 (libc6,x86-64) => /usr/local/cuda/targets/x86_64-linux/lib/libnppc.so.12
2026-03-28 01:56:48,238 - INFO - [36m(setup pid=8610)[0m 	libnppc.so (libc6,x86-64) => /usr/local/cuda/targets/x86_64-linux/lib/libnppc.so
2026-03-28 01:56:48,238 - INFO - [36m(setup pid=8610)[0m 	libicudata.so.70 (libc6,x86-64) => /lib/x86_64-linux-gnu/libicudata.so.70
2026-03-28 01:56:48,238 - INFO - [36m(setup pid=8610)[0m 	libcusparse.so.12 (libc6,x86-64) => /usr/local/cuda/targets/x86_64-linux/lib/libcusparse.so.12
2026-03-28 01:56:48,238 - INFO - [36m(setup pid=8610)[0m 	libcusparse.so (libc6,x86-64) => /usr/local/cuda/targets/x86_64-linux/lib/libcusparse.so
2026-03-28 01:56:48,238 - INFO - [36m(setup pid=8610)[0m 	libcusolverMg.so.11 (libc6,x86-64) => /usr/local/cuda/targets/x86_64-linux/lib/libcusolverMg.so.11
2026-03-28 01:56:48,238 - INFO - [36m(setup pid=8610)[0m 	libcusolverMg.so (libc6,x86-64) => /usr/local/cuda/targets/x86_64-linux/lib/libcusolverMg.so
2026-03-28 01:56:48,238 - INFO - [36m(setup pid=8610)[0m 	libcusolver.so.11 (libc6,x86-64) => /usr/local/cuda/targets/x86_64-linux/lib/libcusolver.so.11
2026-03-28 01:56:48,238 - INFO - [36m(setup pid=8610)[0m 	libcusolver.so (libc6,x86-64) => /usr/local/cuda/targets/x86_64-linux/lib/libcusolver.so
2026-03-28 01:56:48,239 - INFO - [36m(setup pid=8610)[0m 	libcurand.so.10 (libc6,x86-64) => /usr/local/cuda/targets/x86_64-linux/lib/libcurand.so.10
2026-03-28 01:56:48,239 - INFO - [36m(setup pid=8610)[0m 	libcurand.so (libc6,x86-64) => /usr/local/cuda/targets/x86_64-linux/lib/libcurand.so
2026-03-28 01:56:48,239 - INFO - [36m(setup pid=8610)[0m 	libcupti.so.12 (libc6,x86-64) => /usr/local/cuda/targets/x86_64-linux/lib/libcupti.so.12
2026-03-28 01:56:48,239 - INFO - [36m(setup pid=8610)[0m 	libcupti.so (libc6,x86-64) => /usr/local/cuda/targets/x86_64-linux/lib/libcupti.so
2026-03-28 01:56:48,239 - INFO - [36m(setup pid=8610)[0m 	libcuinj64.so.12.4 (libc6,x86-64) => /usr/local/cuda/targets/x86_64-linux/lib/libcuinj64.so.12.4
2026-03-28 01:56:48,239 - INFO - [36m(setup pid=8610)[0m 	libcuinj64.so (libc6,x86-64) => /usr/local/cuda/targets/x86_64-linux/lib/libcuinj64.so
2026-03-28 01:56:48,239 - INFO - [36m(setup pid=8610)[0m 	libcufile_rdma.so.1 (libc6,x86-64) => /usr/local/cuda/targets/x86_64-linux/lib/libcufile_rdma.so.1
2026-03-28 01:56:48,239 - INFO - [36m(setup pid=8610)[0m 	libcufile_rdma.so (libc6,x86-64) => /usr/local/cuda/targets/x86_64-linux/lib/libcufile_rdma.so
2026-03-28 01:56:48,239 - INFO - [36m(setup pid=8610)[0m 	libcufile.so.0 (libc6,x86-64) => /usr/local/cuda/targets/x86_64-linux/lib/libcufile.so.0
2026-03-28 01:56:48,239 - INFO - [36m(setup pid=8610)[0m 	libcufile.so (libc6,x86-64) => /usr/local/cuda/targets/x86_64-linux/lib/libcufile.so
2026-03-28 01:56:48,239 - INFO - [36m(setup pid=8610)[0m 	libcufftw.so.11 (libc6,x86-64) => /usr/local/cuda/targets/x86_64-linux/lib/libcufftw.so.11
2026-03-28 01:56:48,239 - INFO - [36m(setup pid=8610)[0m 	libcufftw.so (libc6,x86-64) => /usr/local/cuda/targets/x86_64-linux/lib/libcufftw.so
2026-03-28 01:56:48,239 - INFO - [36m(setup pid=8610)[0m 	libcufft.so.11 (libc6,x86-64) => /usr/local/cuda/targets/x86_64-linux/lib/libcufft.so.11
2026-03-28 01:56:48,239 - INFO - [36m(setup pid=8610)[0m 	libcufft.so (libc6,x86-64) => /usr/local/cuda/targets/x86_64-linux/lib/libcufft.so
2026-03-28 01:56:48,239 - INFO - [36m(setup pid=8610)[0m 	libcudart.so.12 (libc6,x86-64) => /usr/local/cuda/targets/x86_64-linux/lib/libcudart.so.12
2026-03-28 01:56:48,239 - INFO - [36m(setup pid=8610)[0m 	libcudart.so (libc6,x86-64) => /usr/local/cuda/targets/x86_64-linux/lib/libcudart.so
2026-03-28 01:56:48,239 - INFO - [36m(setup pid=8610)[0m 	libcudadebugger.so.1 (libc6,x86-64) => /lib/x86_64-linux-gnu/libcudadebugger.so.1
2026-03-28 01:56:48,239 - INFO - [36m(setup pid=8610)[0m 	libcuda.so.1 (libc6,x86-64) => /lib/x86_64-linux-gnu/libcuda.so.1
2026-03-28 01:56:48,239 - INFO - [36m(setup pid=8610)[0m 	libcuda.so (libc6,x86-64) => /lib/x86_64-linux-gnu/libcuda.so
2026-03-28 01:56:48,239 - INFO - [36m(setup pid=8610)[0m 	libcublasLt.so.12 (libc6,x86-64) => /usr/local/cuda/targets/x86_64-linux/lib/libcublasLt.so.12
2026-03-28 01:56:48,239 - INFO - [36m(setup pid=8610)[0m 	libcublasLt.so (libc6,x86-64) => /usr/local/cuda/targets/x86_64-linux/lib/libcublasLt.so
2026-03-28 01:56:48,239 - INFO - [36m(setup pid=8610)[0m 	libcublas.so.12 (libc6,x86-64) => /usr/local/cuda/targets/x86_64-linux/lib/libcublas.so.12
2026-03-28 01:56:48,239 - INFO - [36m(setup pid=8610)[0m 	libcublas.so (libc6,x86-64) => /usr/local/cuda/targets/x86_64-linux/lib/libcublas.so
2026-03-28 01:56:48,239 - INFO - [36m(setup pid=8610)[0m 	libcheckpoint.so (libc6,x86-64) => /usr/local/cuda/targets/x86_64-linux/lib/libcheckpoint.so
2026-03-28 01:56:48,239 - INFO - [36m(setup pid=8610)[0m 	libaccinj64.so.12.4 (libc6,x86-64) => /usr/local/cuda/targets/x86_64-linux/lib/libaccinj64.so.12.4
2026-03-28 01:56:48,239 - INFO - [36m(setup pid=8610)[0m 	libaccinj64.so (libc6,x86-64) => /usr/local/cuda/targets/x86_64-linux/lib/libaccinj64.so
2026-03-28 01:56:48,239 - INFO - [36m(setup pid=8610)[0m 	libOpenCL.so.1 (libc6,x86-64) => /usr/local/cuda/targets/x86_64-linux/lib/libOpenCL.so.1
2026-03-28 01:56:48,239 - INFO - [36m(setup pid=8610)[0m 	libOpenCL.so (libc6,x86-64) => /usr/local/cuda/targets/x86_64-linux/lib/libOpenCL.so
2026-03-28 01:56:48,239 - INFO - [36m(setup pid=8610)[0m + echo 'CUDA toolkit path:'
2026-03-28 01:56:48,239 - INFO - [36m(setup pid=8610)[0m CUDA toolkit path:
2026-03-28 01:56:48,239 - INFO - [36m(setup pid=8610)[0m + ls --color=auto -la /usr/local/cuda /usr/local/cuda-12 /usr/local/cuda-12.4
2026-03-28 01:56:48,239 - INFO - [36m(setup pid=8610)[0m lrwxrwxrwx  1 root root   22 Nov  4  2024 /usr/local/cuda -> /etc/alternatives/cuda
2026-03-28 01:56:48,239 - INFO - [36m(setup pid=8610)[0m lrwxrwxrwx  1 root root   25 Nov  4  2024 /usr/local/cuda-12 -> /etc/alternatives/cuda-12
2026-03-28 01:56:48,239 - INFO - [36m(setup pid=8610)[0m
2026-03-28 01:56:48,239 - INFO - [36m(setup pid=8610)[0m /usr/local/cuda-12.4:
2026-03-28 01:56:48,239 - INFO - [36m(setup pid=8610)[0m total 136
2026-03-28 01:56:48,239 - INFO - [36m(setup pid=8610)[0m drwxr-xr-x 15 root root  4096 Nov  4  2024 .
2026-03-28 01:56:48,239 - INFO - [36m(setup pid=8610)[0m drwxr-xr-x 11 root root  4096 Nov  4  2024 ..
2026-03-28 01:56:48,239 - INFO - [36m(setup pid=8610)[0m -rw-r--r--  1 root root   160 Mar 15  2024 DOCS
2026-03-28 01:56:48,239 - INFO - [36m(setup pid=8610)[0m -rw-r--r--  1 root root 63021 Mar 15  2024 EULA.txt
2026-03-28 01:56:48,239 - INFO - [36m(setup pid=8610)[0m -rw-r--r--  1 root root   524 Mar 15  2024 README
2026-03-28 01:56:48,239 - INFO - [36m(setup pid=8610)[0m drwxr-xr-x  3 root root  4096 Nov  4  2024 bin
2026-03-28 01:56:48,239 - INFO - [36m(setup pid=8610)[0m drwxr-xr-x  5 root root  4096 Nov  4  2024 compute-sanitizer
2026-03-28 01:56:48,239 - INFO - [36m(setup pid=8610)[0m drwxr-xr-x  3 root root  4096 Nov  4  2024 doc
2026-03-28 01:56:48,239 - INFO - [36m(setup pid=8610)[0m drwxr-xr-x  4 root root  4096 Nov  4  2024 extras
2026-03-28 01:56:48,239 - INFO - [36m(setup pid=8610)[0m drwxr-xr-x  3 root root  4096 Nov  4  2024 gds
2026-03-28 01:56:48,239 - INFO - [36m(setup pid=8610)[0m lrwxrwxrwx  1 root root    28 Mar 15  2024 include -> targets/x86_64-linux/include
2026-03-28 01:56:48,239 - INFO - [36m(setup pid=8610)[0m lrwxrwxrwx  1 root root    24 Mar 15  2024 lib64 -> targets/x86_64-linux/lib
2026-03-28 01:56:48,239 - INFO - [36m(setup pid=8610)[0m drwxr-xr-x  7 root root  4096 Nov  4  2024 libnvvp
2026-03-28 01:56:48,239 - INFO - [36m(setup pid=8610)[0m drwxr-xr-x  2 root root  4096 Nov  4  2024 nsightee_plugins
2026-03-28 01:56:48,239 - INFO - [36m(setup pid=8610)[0m drwxr-xr-x  3 root root  4096 Nov  4  2024 nvml
2026-03-28 01:56:48,239 - INFO - [36m(setup pid=8610)[0m drwxr-xr-x  6 root root  4096 Nov  4  2024 nvvm
2026-03-28 01:56:48,239 - INFO - [36m(setup pid=8610)[0m drwxr-xr-x  3 root root  4096 Nov  4  2024 share
2026-03-28 01:56:48,239 - INFO - [36m(setup pid=8610)[0m drwxr-xr-x  2 root root  4096 Nov  4  2024 src
2026-03-28 01:56:48,239 - INFO - [36m(setup pid=8610)[0m drwxr-xr-x  3 root root  4096 Nov  4  2024 targets
2026-03-28 01:56:48,239 - INFO - [36m(setup pid=8610)[0m drwxr-xr-x  2 root root  4096 Nov  4  2024 tools
2026-03-28 01:56:48,239 - INFO - [36m(setup pid=8610)[0m -rw-r--r--  1 root root  3236 Mar 28  2024 version.json
2026-03-28 01:56:48,239 - INFO - [36m(setup pid=8610)[0m + echo ===================================
2026-03-28 01:56:48,239 - INFO - [36m(setup pid=8610)[0m ===================================
2026-03-28 01:56:48,239 - INFO - [36m(setup pid=8610)[0m + command -v nvidia-smi
2026-03-28 01:56:48,239 - INFO - [36m(setup pid=8610)[0m + '[' false = true ']'
2026-03-28 01:56:48,239 - INFO - [36m(setup pid=8610)[0m + sudo apt-get install -y numactl
2026-03-28 01:56:48,239 - INFO - [36m(setup pid=8610)[0m Reading package lists...
2026-03-28 01:56:48,239 - INFO - [36m(setup pid=8610)[0m Building dependency tree...
2026-03-28 01:56:48,239 - INFO - [36m(setup pid=8610)[0m Reading state information...
2026-03-28 01:56:48,239 - INFO - [36m(setup pid=8610)[0m The following NEW packages will be installed:
2026-03-28 01:56:48,239 - INFO - [36m(setup pid=8610)[0m   numactl
2026-03-28 01:56:48,239 - INFO - [36m(setup pid=8610)[0m 0 upgraded, 1 newly installed, 0 to remove and 16 not upgraded.
2026-03-28 01:56:48,239 - INFO - [36m(setup pid=8610)[0m Need to get 36.8 kB of archives.
2026-03-28 01:56:48,239 - INFO - [36m(setup pid=8610)[0m After this operation, 140 kB of additional disk space will be used.
2026-03-28 01:56:48,239 - INFO - [36m(setup pid=8610)[0m Get:1 http://us-east-1.ec2.archive.ubuntu.com/ubuntu jammy/main amd64 numactl amd64 2.0.14-3ubuntu2 [36.8 kB]
2026-03-28 01:56:48,239 - INFO - [36m(setup pid=8610)[0m Fetched 36.8 kB in 0s (825 kB/s)
2026-03-28 01:56:48,339 - INFO - [36m(setup pid=8610)[0m Selecting previously unselected package numactl.
2026-03-28 01:56:48,339 - INFO - [36m(setup pid=8610)[0m (Reading database ...
2026-03-28 01:56:49,042 - INFO - (Reading database ... 5%
2026-03-28 01:56:49,043 - INFO - (Reading database ... 10%
2026-03-28 01:56:49,043 - INFO - (Reading database ... 15%
2026-03-28 01:56:49,043 - INFO - (Reading database ... 20%
2026-03-28 01:56:49,043 - INFO - (Reading database ... 25%
2026-03-28 01:56:49,043 - INFO - (Reading database ... 30%
2026-03-28 01:56:49,043 - INFO - (Reading database ... 35%
2026-03-28 01:56:49,043 - INFO - (Reading database ... 40%
2026-03-28 01:56:49,043 - INFO - (Reading database ... 45%
2026-03-28 01:56:50,050 - INFO - [36m(setup pid=8610)[0m (Reading database ... 50%
2026-03-28 01:56:50,654 - INFO - [36m(setup pid=8610)[0m (Reading database ... 55%
2026-03-28 01:56:50,654 - INFO - [36m(setup pid=8610)[0m (Reading database ... 60%
2026-03-28 01:56:51,659 - INFO - [36m(setup pid=8610)[0m (Reading database ... 65%
2026-03-28 01:56:52,264 - INFO - [36m(setup pid=8610)[0m (Reading database ... 70%
2026-03-28 01:56:52,264 - INFO - [36m(setup pid=8610)[0m (Reading database ... 75%
2026-03-28 01:56:53,067 - INFO - [36m(setup pid=8610)[0m (Reading database ... 80%
2026-03-28 01:56:53,669 - INFO - [36m(setup pid=8610)[0m (Reading database ... 85%
2026-03-28 01:56:54,273 - INFO - [36m(setup pid=8610)[0m (Reading database ... 90%
2026-03-28 01:56:54,979 - INFO - [36m(setup pid=8610)[0m (Reading database ... 95%
2026-03-28 01:56:54,979 - INFO - (Reading database ... 100%
2026-03-28 01:56:54,979 - INFO - (Reading database ... 95657 files and directories currently installed.)
2026-03-28 01:56:54,979 - INFO - [36m(setup pid=8610)[0m Preparing to unpack .../numactl_2.0.14-3ubuntu2_amd64.deb ...
2026-03-28 01:56:54,979 - INFO - [36m(setup pid=8610)[0m Unpacking numactl (2.0.14-3ubuntu2) ...
2026-03-28 01:56:54,979 - INFO - [36m(setup pid=8610)[0m Setting up numactl (2.0.14-3ubuntu2) ...
2026-03-28 01:56:54,979 - INFO - [36m(setup pid=8610)[0m Processing triggers for man-db (2.10.2-1) ...
2026-03-28 01:57:00,204 - INFO - [36m(setup pid=8610)[0m
2026-03-28 01:57:01,808 - INFO - [36m(setup pid=8610)[0m Running kernel seems to be up-to-date.
2026-03-28 01:57:01,808 - INFO - [36m(setup pid=8610)[0m
2026-03-28 01:57:01,808 - INFO - [36m(setup pid=8610)[0m No services need to be restarted.
2026-03-28 01:57:01,808 - INFO - [36m(setup pid=8610)[0m
2026-03-28 01:57:01,808 - INFO - [36m(setup pid=8610)[0m No containers need to be restarted.
2026-03-28 01:57:01,808 - INFO - [36m(setup pid=8610)[0m
2026-03-28 01:57:01,808 - INFO - [36m(setup pid=8610)[0m No user sessions are running outdated binaries.
2026-03-28 01:57:01,808 - INFO - [36m(setup pid=8610)[0m
2026-03-28 01:57:01,808 - INFO - [36m(setup pid=8610)[0m No VM guests are running outdated hypervisor (qemu) binaries on this host.
2026-03-28 01:57:01,808 - INFO - [36m(setup pid=8610)[0m + command -v uv
2026-03-28 01:57:02,715 - INFO - [36m(setup pid=8610)[0m + export PATH=/home/ubuntu/.local/bin:/home/ubuntu/.local/bin:/home/ubuntu/.local/bin:/home/ubuntu/miniconda3/bin:/home/ubuntu/miniconda3/condabin:/usr/local/sbin:/usr/local/bin:/usr/sbin:/usr/bin:/sbin:/bin:/usr/games:/usr/local/games:/snap/bin
2026-03-28 01:57:02,715 - INFO - [36m(setup pid=8610)[0m + PATH=/home/ubuntu/.local/bin:/home/ubuntu/.local/bin:/home/ubuntu/.local/bin:/home/ubuntu/miniconda3/bin:/home/ubuntu/miniconda3/condabin:/usr/local/sbin:/usr/local/bin:/usr/sbin:/usr/bin:/sbin:/bin:/usr/games:/usr/local/games:/snap/bin
2026-03-28 01:57:02,715 - INFO - [36m(setup pid=8610)[0m + uv venv --python 3.12 --seed --allow-existing
2026-03-28 01:57:02,715 - INFO - [36m(setup pid=8610)[0m Downloading cpython-3.12.13-linux-x86_64-gnu (download) (32.9MiB)
2026-03-28 01:57:03,718 - INFO - [36m(setup pid=8610)[0m  Downloaded cpython-3.12.13-linux-x86_64-gnu (download)
2026-03-28 01:57:04,226 - INFO - [36m(setup pid=8610)[0m Using CPython 3.12.13
2026-03-28 01:57:04,832 - INFO - [36m(setup pid=8610)[0m Creating virtual environment with seed packages at: .venv
2026-03-28 01:57:04,832 - INFO - [36m(setup pid=8610)[0m  + pip==26.0.1
2026-03-28 01:57:06,443 - INFO - [36m(setup pid=8610)[0m Activate with: source .venv/bin/activate
2026-03-28 01:57:06,443 - INFO - [36m(setup pid=8610)[0m + source .venv/bin/activate
2026-03-28 01:57:06,443 - INFO - [36m(setup pid=8610)[0m ++ '[' -z '' ']'
2026-03-28 01:57:06,443 - INFO - [36m(setup pid=8610)[0m ++ '[' -n x ']'
2026-03-28 01:57:06,443 - INFO - [36m(setup pid=8610)[0m ++ SCRIPT_PATH=.venv/bin/activate
2026-03-28 01:57:06,443 - INFO - [36m(setup pid=8610)[0m ++ '[' .venv/bin/activate = /tmp/sky_setup_sky-2026-03-28-01-50-29-996595 ']'
2026-03-28 01:57:06,443 - INFO - [36m(setup pid=8610)[0m ++ deactivate nondestructive
2026-03-28 01:57:06,443 - INFO - [36m(setup pid=8610)[0m ++ unset -f pydoc
2026-03-28 01:57:06,443 - INFO - [36m(setup pid=8610)[0m ++ '[' -z '' ']'
2026-03-28 01:57:06,443 - INFO - [36m(setup pid=8610)[0m ++ '[' -z '' ']'
2026-03-28 01:57:06,443 - INFO - [36m(setup pid=8610)[0m ++ hash -r
2026-03-28 01:57:06,443 - INFO - [36m(setup pid=8610)[0m ++ '[' -z '' ']'
2026-03-28 01:57:06,443 - INFO - [36m(setup pid=8610)[0m ++ unset VIRTUAL_ENV
2026-03-28 01:57:06,443 - INFO - [36m(setup pid=8610)[0m ++ unset VIRTUAL_ENV_PROMPT
2026-03-28 01:57:06,443 - INFO - [36m(setup pid=8610)[0m ++ '[' '!' nondestructive = nondestructive ']'
2026-03-28 01:57:06,443 - INFO - [36m(setup pid=8610)[0m ++ VIRTUAL_ENV=/home/ubuntu/sky_workdir/.venv
2026-03-28 01:57:06,443 - INFO - [36m(setup pid=8610)[0m ++ '[' linux-gnu = cygwin ']'
2026-03-28 01:57:06,443 - INFO - [36m(setup pid=8610)[0m ++ '[' linux-gnu = msys ']'
2026-03-28 01:57:06,443 - INFO - [36m(setup pid=8610)[0m ++ export VIRTUAL_ENV
2026-03-28 01:57:06,443 - INFO - [36m(setup pid=8610)[0m ++ '[' -z '' ']'
2026-03-28 01:57:06,443 - INFO - [36m(setup pid=8610)[0m ++ unset SCRIPT_PATH
2026-03-28 01:57:06,443 - INFO - [36m(setup pid=8610)[0m ++ _OLD_VIRTUAL_PATH=/home/ubuntu/.local/bin:/home/ubuntu/.local/bin:/home/ubuntu/.local/bin:/home/ubuntu/miniconda3/bin:/home/ubuntu/miniconda3/condabin:/usr/local/sbin:/usr/local/bin:/usr/sbin:/usr/bin:/sbin:/bin:/usr/games:/usr/local/games:/snap/bin
2026-03-28 01:57:06,443 - INFO - [36m(setup pid=8610)[0m ++ PATH=/home/ubuntu/sky_workdir/.venv/bin:/home/ubuntu/.local/bin:/home/ubuntu/.local/bin:/home/ubuntu/.local/bin:/home/ubuntu/miniconda3/bin:/home/ubuntu/miniconda3/condabin:/usr/local/sbin:/usr/local/bin:/usr/sbin:/usr/bin:/sbin:/bin:/usr/games:/usr/local/games:/snap/bin
2026-03-28 01:57:06,443 - INFO - [36m(setup pid=8610)[0m ++ export PATH
2026-03-28 01:57:06,443 - INFO - [36m(setup pid=8610)[0m ++ '[' xsky_workdir '!=' x ']'
2026-03-28 01:57:06,443 - INFO - [36m(setup pid=8610)[0m ++ VIRTUAL_ENV_PROMPT=sky_workdir
2026-03-28 01:57:06,443 - INFO - [36m(setup pid=8610)[0m ++ export VIRTUAL_ENV_PROMPT
2026-03-28 01:57:06,443 - INFO - [36m(setup pid=8610)[0m ++ '[' -z '' ']'
2026-03-28 01:57:06,443 - INFO - [36m(setup pid=8610)[0m ++ '[' -z '' ']'
2026-03-28 01:57:06,443 - INFO - [36m(setup pid=8610)[0m ++ _OLD_VIRTUAL_PS1='(base) ${debian_chroot:+($debian_chroot)}\u@\h:\w\$ '
2026-03-28 01:57:06,443 - INFO - [36m(setup pid=8610)[0m ++ PS1='(sky_workdir) (base) ${debian_chroot:+($debian_chroot)}\u@\h:\w\$ '
2026-03-28 01:57:06,443 - INFO - [36m(setup pid=8610)[0m ++ export PS1
2026-03-28 01:57:06,443 - INFO - [36m(setup pid=8610)[0m ++ alias pydoc
2026-03-28 01:57:06,443 - INFO - [36m(setup pid=8610)[0m ++ true
2026-03-28 01:57:06,443 - INFO - [36m(setup pid=8610)[0m ++ hash -r
2026-03-28 01:57:06,443 - INFO - [36m(setup pid=8610)[0m + uv pip install datasets requests pynvml aiohttp
2026-03-28 01:57:06,443 - INFO - [36m(setup pid=8610)[0m Resolved 44 packages in 1.12s
2026-03-28 01:57:07,246 - INFO - [36m(setup pid=8610)[0m Downloading pyarrow (45.4MiB)
2026-03-28 01:57:07,246 - INFO - [36m(setup pid=8610)[0m Downloading pygments (1.2MiB)
2026-03-28 01:57:07,246 - INFO - [36m(setup pid=8610)[0m Downloading pandas (10.4MiB)
2026-03-28 01:57:07,246 - INFO - [36m(setup pid=8610)[0m Downloading hf-xet (4.0MiB)
2026-03-28 01:57:07,246 - INFO - [36m(setup pid=8610)[0m Downloading aiohttp (1.7MiB)
2026-03-28 01:57:07,246 - INFO - [36m(setup pid=8610)[0m Downloading numpy (15.9MiB)
2026-03-28 01:57:07,246 - INFO - [36m(setup pid=8610)[0m  Downloaded hf-xet
2026-03-28 01:57:07,851 - INFO - [36m(setup pid=8610)[0m  Downloaded aiohttp
2026-03-28 01:57:07,851 - INFO - [36m(setup pid=8610)[0m  Downloaded pygments
2026-03-28 01:57:07,851 - INFO - [36m(setup pid=8610)[0m  Downloaded numpy
2026-03-28 01:57:08,658 - INFO - [36m(setup pid=8610)[0m  Downloaded pyarrow
2026-03-28 01:57:08,658 - INFO - [36m(setup pid=8610)[0m  Downloaded pandas
2026-03-28 01:57:08,658 - INFO - [36m(setup pid=8610)[0m Prepared 37 packages in 1.55s
2026-03-28 01:57:08,658 - INFO - [36m(setup pid=8610)[0m Installed 44 packages in 63ms
2026-03-28 01:57:08,658 - INFO - [36m(setup pid=8610)[0m  + aiohappyeyeballs==2.6.1
2026-03-28 01:57:08,658 - INFO - [36m(setup pid=8610)[0m  + aiohttp==3.13.3
2026-03-28 01:57:08,658 - INFO - [36m(setup pid=8610)[0m  + aiosignal==1.4.0
2026-03-28 01:57:08,659 - INFO - [36m(setup pid=8610)[0m  + annotated-doc==0.0.4
2026-03-28 01:57:08,659 - INFO - [36m(setup pid=8610)[0m  + anyio==4.13.0
2026-03-28 01:57:08,659 - INFO - [36m(setup pid=8610)[0m  + attrs==26.1.0
2026-03-28 01:57:08,659 - INFO - [36m(setup pid=8610)[0m  + certifi==2026.2.25
2026-03-28 01:57:08,659 - INFO - [36m(setup pid=8610)[0m  + charset-normalizer==3.4.6
2026-03-28 01:57:08,659 - INFO - [36m(setup pid=8610)[0m  + click==8.3.1
2026-03-28 01:57:08,659 - INFO - [36m(setup pid=8610)[0m  + datasets==4.8.4
2026-03-28 01:57:08,659 - INFO - [36m(setup pid=8610)[0m  + dill==0.4.1
2026-03-28 01:57:08,659 - INFO - [36m(setup pid=8610)[0m  + filelock==3.25.2
2026-03-28 01:57:08,659 - INFO - [36m(setup pid=8610)[0m  + frozenlist==1.8.0
2026-03-28 01:57:08,659 - INFO - [36m(setup pid=8610)[0m  + fsspec==2026.2.0
2026-03-28 01:57:08,659 - INFO - [36m(setup pid=8610)[0m  + h11==0.16.0
2026-03-28 01:57:08,659 - INFO - [36m(setup pid=8610)[0m  + hf-xet==1.4.2
2026-03-28 01:57:08,659 - INFO - [36m(setup pid=8610)[0m  + httpcore==1.0.9
2026-03-28 01:57:08,659 - INFO - [36m(setup pid=8610)[0m  + httpx==0.28.1
2026-03-28 01:57:08,659 - INFO - [36m(setup pid=8610)[0m  + huggingface-hub==1.8.0
2026-03-28 01:57:08,659 - INFO - [36m(setup pid=8610)[0m  + idna==3.11
2026-03-28 01:57:08,659 - INFO - [36m(setup pid=8610)[0m  + markdown-it-py==4.0.0
2026-03-28 01:57:08,659 - INFO - [36m(setup pid=8610)[0m  + mdurl==0.1.2
2026-03-28 01:57:08,659 - INFO - [36m(setup pid=8610)[0m  + multidict==6.7.1
2026-03-28 01:57:08,659 - INFO - [36m(setup pid=8610)[0m  + multiprocess==0.70.19
2026-03-28 01:57:08,659 - INFO - [36m(setup pid=8610)[0m  + numpy==2.4.3
2026-03-28 01:57:08,659 - INFO - [36m(setup pid=8610)[0m  + nvidia-ml-py==13.595.45
2026-03-28 01:57:08,659 - INFO - [36m(setup pid=8610)[0m  + packaging==26.0
2026-03-28 01:57:08,659 - INFO - [36m(setup pid=8610)[0m  + pandas==3.0.1
2026-03-28 01:57:08,659 - INFO - [36m(setup pid=8610)[0m  + propcache==0.4.1
2026-03-28 01:57:08,659 - INFO - [36m(setup pid=8610)[0m  + pyarrow==23.0.1
2026-03-28 01:57:08,659 - INFO - [36m(setup pid=8610)[0m  + pygments==2.19.2
2026-03-28 01:57:08,659 - INFO - [36m(setup pid=8610)[0m  + pynvml==13.0.1
2026-03-28 01:57:08,659 - INFO - [36m(setup pid=8610)[0m  + python-dateutil==2.9.0.post0
2026-03-28 01:57:08,659 - INFO - [36m(setup pid=8610)[0m  + pyyaml==6.0.3
2026-03-28 01:57:08,659 - INFO - [36m(setup pid=8610)[0m  + requests==2.33.0
2026-03-28 01:57:08,659 - INFO - [36m(setup pid=8610)[0m  + rich==14.3.3
2026-03-28 01:57:08,659 - INFO - [36m(setup pid=8610)[0m  + shellingham==1.5.4
2026-03-28 01:57:08,659 - INFO - [36m(setup pid=8610)[0m  + six==1.17.0
2026-03-28 01:57:08,659 - INFO - [36m(setup pid=8610)[0m  + tqdm==4.67.3
2026-03-28 01:57:08,659 - INFO - [36m(setup pid=8610)[0m  + typer==0.24.1
2026-03-28 01:57:08,659 - INFO - [36m(setup pid=8610)[0m  + typing-extensions==4.15.0
2026-03-28 01:57:08,659 - INFO - [36m(setup pid=8610)[0m  + urllib3==2.6.3
2026-03-28 01:57:08,659 - INFO - [36m(setup pid=8610)[0m  + xxhash==3.6.0
2026-03-28 01:57:08,659 - INFO - [36m(setup pid=8610)[0m  + yarl==1.23.0
2026-03-28 01:57:08,659 - INFO - [36m(setup pid=8610)[0m + echo '=== Installing vLLM 0.10.0 ==='
2026-03-28 01:57:09,360 - INFO - [36m(setup pid=8610)[0m === Installing vLLM 0.10.0 ===
2026-03-28 01:57:09,360 - INFO - [36m(setup pid=8610)[0m + uv pip install vllm==0.10.0 'ray[cgraph]'
2026-03-28 01:57:09,360 - INFO - [36m(setup pid=8610)[0m Resolved 141 packages in 1.16s
2026-03-28 01:57:09,860 - INFO - [36m(setup pid=8610)[0m Downloading nvidia-cublas-cu12 (374.9MiB)
2026-03-28 01:57:09,860 - INFO - [36m(setup pid=8610)[0m Downloading nvidia-cuda-nvrtc-cu12 (22.6MiB)
2026-03-28 01:57:09,861 - INFO - [36m(setup pid=8610)[0m Downloading sympy (6.0MiB)
2026-03-28 01:57:09,861 - INFO - [36m(setup pid=8610)[0m Downloading uvloop (4.2MiB)
2026-03-28 01:57:09,861 - INFO - [36m(setup pid=8610)[0m Downloading soundfile (1.3MiB)
2026-03-28 01:57:09,861 - INFO - [36m(setup pid=8610)[0m Downloading setuptools (1.2MiB)
2026-03-28 01:57:09,861 - INFO - [36m(setup pid=8610)[0m Downloading nvidia-cufile-cu12 (1.1MiB)
2026-03-28 01:57:09,861 - INFO - [36m(setup pid=8610)[0m Downloading opencv-python-headless (57.6MiB)
2026-03-28 01:57:09,861 - INFO - [36m(setup pid=8610)[0m Downloading tokenizers (3.1MiB)
2026-03-28 01:57:09,861 - INFO - [36m(setup pid=8610)[0m Downloading torchaudio (3.3MiB)
2026-03-28 01:57:09,861 - INFO - [36m(setup pid=8610)[0m Downloading tiktoken (1.1MiB)
2026-03-28 01:57:09,861 - INFO - [36m(setup pid=8610)[0m Downloading scipy (33.6MiB)
2026-03-28 01:57:09,861 - INFO - [36m(setup pid=8610)[0m Downloading nvidia-cudnn-cu12 (544.5MiB)
2026-03-28 01:57:09,861 - INFO - [36m(setup pid=8610)[0m Downloading networkx (2.0MiB)
2026-03-28 01:57:09,861 - INFO - [36m(setup pid=8610)[0m Downloading triton (148.5MiB)
2026-03-28 01:57:09,861 - INFO - [36m(setup pid=8610)[0m Downloading pydantic-core (2.0MiB)
2026-03-28 01:57:09,861 - INFO - [36m(setup pid=8610)[0m Downloading ray (69.3MiB)
2026-03-28 01:57:09,861 - INFO - [36m(setup pid=8610)[0m Downloading nvidia-cuda-cupti-cu12 (8.5MiB)
2026-03-28 01:57:09,861 - INFO - [36m(setup pid=8610)[0m Downloading sentencepiece (1.3MiB)
2026-03-28 01:57:09,861 - INFO - [36m(setup pid=8610)[0m Downloading pycountry (7.7MiB)
2026-03-28 01:57:09,861 - INFO - [36m(setup pid=8610)[0m Downloading pillow (6.7MiB)
2026-03-28 01:57:09,861 - INFO - [36m(setup pid=8610)[0m Downloading outlines-core (2.2MiB)
2026-03-28 01:57:09,861 - INFO - [36m(setup pid=8610)[0m Downloading mistral-common (6.2MiB)
2026-03-28 01:57:09,861 - INFO - [36m(setup pid=8610)[0m Downloading xgrammar (11.3MiB)
2026-03-28 01:57:09,861 - INFO - [36m(setup pid=8610)[0m Downloading llguidance (14.3MiB)
2026-03-28 01:57:09,861 - INFO - [36m(setup pid=8610)[0m Downloading torch (783.0MiB)
2026-03-28 01:57:09,861 - INFO - [36m(setup pid=8610)[0m Downloading nvidia-nvjitlink-cu12 (18.8MiB)
2026-03-28 01:57:09,861 - INFO - [36m(setup pid=8610)[0m Downloading vllm (368.7MiB)
2026-03-28 01:57:09,861 - INFO - [36m(setup pid=8610)[0m Downloading nvidia-cufft-cu12 (190.9MiB)
2026-03-28 01:57:09,861 - INFO - [36m(setup pid=8610)[0m Downloading transformers (9.6MiB)
2026-03-28 01:57:09,861 - INFO - [36m(setup pid=8610)[0m Downloading xformers (111.6MiB)
2026-03-28 01:57:09,861 - INFO - [36m(setup pid=8610)[0m Downloading numpy (15.8MiB)
2026-03-28 01:57:09,861 - INFO - [36m(setup pid=8610)[0m Downloading nvidia-nccl-cu12 (192.0MiB)
2026-03-28 01:57:09,861 - INFO - [36m(setup pid=8610)[0m Downloading llvmlite (40.4MiB)
2026-03-28 01:57:09,861 - INFO - [36m(setup pid=8610)[0m Downloading torchvision (7.1MiB)
2026-03-28 01:57:09,861 - INFO - [36m(setup pid=8610)[0m Downloading nvidia-curand-cu12 (53.7MiB)
2026-03-28 01:57:09,861 - INFO - [36m(setup pid=8610)[0m Downloading nvidia-cusolver-cu12 (150.9MiB)
2026-03-28 01:57:09,861 - INFO - [36m(setup pid=8610)[0m Downloading nvidia-cusparselt-cu12 (149.5MiB)
2026-03-28 01:57:09,861 - INFO - [36m(setup pid=8610)[0m Downloading nvidia-cusparse-cu12 (206.5MiB)
2026-03-28 01:57:09,861 - INFO - [36m(setup pid=8610)[0m Downloading numba (3.7MiB)
2026-03-28 01:57:09,861 - INFO - [36m(setup pid=8610)[0m Downloading cupy-cuda12x (128.4MiB)
2026-03-28 01:57:09,861 - INFO - [36m(setup pid=8610)[0m  Downloaded nvidia-cufile-cu12
2026-03-28 01:57:10,464 - INFO - [36m(setup pid=8610)[0m  Downloaded tiktoken
2026-03-28 01:57:10,464 - INFO - [36m(setup pid=8610)[0m  Downloaded soundfile
2026-03-28 01:57:10,464 - INFO - [36m(setup pid=8610)[0m  Downloaded sentencepiece
2026-03-28 01:57:10,464 - INFO - [36m(setup pid=8610)[0m  Downloaded pydantic-core
2026-03-28 01:57:11,068 - INFO - [36m(setup pid=8610)[0m  Downloaded outlines-core
2026-03-28 01:57:11,873 - INFO - [36m(setup pid=8610)[0m  Downloaded setuptools
2026-03-28 01:57:11,873 - INFO - [36m(setup pid=8610)[0m  Downloaded tokenizers
2026-03-28 01:57:12,478 - INFO - [36m(setup pid=8610)[0m  Downloaded networkx
2026-03-28 01:57:12,478 - INFO - [36m(setup pid=8610)[0m  Downloaded torchaudio
2026-03-28 01:57:12,478 - INFO - [36m(setup pid=8610)[0m  Downloaded uvloop
2026-03-28 01:57:12,478 - INFO - [36m(setup pid=8610)[0m  Downloaded numba
2026-03-28 01:57:12,478 - INFO - [36m(setup pid=8610)[0m  Downloaded mistral-common
2026-03-28 01:57:13,281 - INFO - [36m(setup pid=8610)[0m  Downloaded pillow
2026-03-28 01:57:13,281 - INFO - [36m(setup pid=8610)[0m  Downloaded torchvision
2026-03-28 01:57:13,281 - INFO - [36m(setup pid=8610)[0m  Downloaded pycountry
2026-03-28 01:57:13,987 - INFO - [36m(setup pid=8610)[0m  Downloaded nvidia-cuda-cupti-cu12
2026-03-28 01:57:13,987 - INFO - [36m(setup pid=8610)[0m  Downloaded sympy
2026-03-28 01:57:13,987 - INFO - [36m(setup pid=8610)[0m  Downloaded xgrammar
2026-03-28 01:57:13,987 - INFO - [36m(setup pid=8610)[0m  Downloaded llguidance
2026-03-28 01:57:14,689 - INFO - [36m(setup pid=8610)[0m  Downloaded numpy
2026-03-28 01:57:15,592 - INFO - [36m(setup pid=8610)[0m  Downloaded nvidia-nvjitlink-cu12
2026-03-28 01:57:15,593 - INFO - [36m(setup pid=8610)[0m  Downloaded transformers
2026-03-28 01:57:15,593 - INFO - [36m(setup pid=8610)[0m  Downloaded nvidia-cuda-nvrtc-cu12
2026-03-28 01:57:16,696 - INFO - [36m(setup pid=8610)[0m  Downloaded scipy
2026-03-28 01:57:17,700 - INFO - [36m(setup pid=8610)[0m  Downloaded llvmlite
2026-03-28 01:57:19,311 - INFO - [36m(setup pid=8610)[0m  Downloaded nvidia-curand-cu12
2026-03-28 01:57:20,721 - INFO - [36m(setup pid=8610)[0m  Downloaded opencv-python-headless
2026-03-28 01:57:27,756 - INFO - [36m(setup pid=8610)[0m  Downloaded xformers
2026-03-28 01:57:31,171 - INFO - [36m(setup pid=8610)[0m  Downloaded nvidia-cusolver-cu12
2026-03-28 01:57:31,873 - INFO - [36m(setup pid=8610)[0m  Downloaded nvidia-cusparselt-cu12
2026-03-28 01:57:31,873 - INFO - [36m(setup pid=8610)[0m  Downloaded ray
2026-03-28 01:57:32,575 - INFO - [36m(setup pid=8610)[0m  Downloaded triton
2026-03-28 01:57:32,575 - INFO - [36m(setup pid=8610)[0m  Downloaded cupy-cuda12x
2026-03-28 01:57:33,077 - INFO - [36m(setup pid=8610)[0m  Downloaded nvidia-cufft-cu12
2026-03-28 01:57:33,982 - INFO - [36m(setup pid=8610)[0m  Downloaded nvidia-nccl-cu12
2026-03-28 01:57:33,982 - INFO - [36m(setup pid=8610)[0m  Downloaded nvidia-cusparse-cu12
2026-03-28 01:57:36,592 - INFO - [36m(setup pid=8610)[0m  Downloaded nvidia-cublas-cu12
2026-03-28 01:57:41,214 - INFO - [36m(setup pid=8610)[0m  Downloaded nvidia-cudnn-cu12
2026-03-28 01:57:42,017 - INFO - [36m(setup pid=8610)[0m  Downloaded vllm
2026-03-28 01:57:56,891 - INFO - [36m(setup pid=8610)[0m  Downloaded torch
2026-03-28 01:57:57,999 - INFO - [36m(setup pid=8610)[0m Prepared 103 packages in 47.68s
2026-03-28 01:57:57,999 - INFO - [36m(setup pid=8610)[0m Uninstalled 1 package in 14ms
2026-03-28 01:57:57,999 - INFO - [36m(setup pid=8610)[0m Installed 106 packages in 976ms
2026-03-28 01:57:58,905 - INFO - [36m(setup pid=8610)[0m  + annotated-types==0.7.0
2026-03-28 01:57:58,905 - INFO - [36m(setup pid=8610)[0m  + astor==0.8.1
2026-03-28 01:57:58,905 - INFO - [36m(setup pid=8610)[0m  + blake3==1.0.8
2026-03-28 01:57:58,905 - INFO - [36m(setup pid=8610)[0m  + cachetools==7.0.5
2026-03-28 01:57:58,905 - INFO - [36m(setup pid=8610)[0m  + cbor2==5.9.0
2026-03-28 01:57:58,905 - INFO - [36m(setup pid=8610)[0m  + cffi==2.0.0
2026-03-28 01:57:58,905 - INFO - [36m(setup pid=8610)[0m  + cloudpickle==3.1.2
2026-03-28 01:57:58,905 - INFO - [36m(setup pid=8610)[0m  + compressed-tensors==0.10.2
2026-03-28 01:57:58,905 - INFO - [36m(setup pid=8610)[0m  + cuda-pathfinder==1.5.0
2026-03-28 01:57:58,905 - INFO - [36m(setup pid=8610)[0m  + cupy-cuda12x==14.0.1
2026-03-28 01:57:58,905 - INFO - [36m(setup pid=8610)[0m  + depyf==0.19.0
2026-03-28 01:57:58,905 - INFO - [36m(setup pid=8610)[0m  + diskcache==5.6.3
2026-03-28 01:57:58,905 - INFO - [36m(setup pid=8610)[0m  + distro==1.9.0
2026-03-28 01:57:58,905 - INFO - [36m(setup pid=8610)[0m  + dnspython==2.8.0
2026-03-28 01:57:58,905 - INFO - [36m(setup pid=8610)[0m  + einops==0.8.2
2026-03-28 01:57:58,905 - INFO - [36m(setup pid=8610)[0m  + email-validator==2.3.0
2026-03-28 01:57:59,711 - INFO - [36m(setup pid=8610)[0m  + fastapi==0.135.2
2026-03-28 01:57:59,711 - INFO - [36m(setup pid=8610)[0m  + fastapi-cli==0.0.24
2026-03-28 01:57:59,711 - INFO - [36m(setup pid=8610)[0m  + fastapi-cloud-cli==0.15.1
2026-03-28 01:57:59,711 - INFO - [36m(setup pid=8610)[0m  + fastar==0.9.0
2026-03-28 01:57:59,712 - INFO - [36m(setup pid=8610)[0m  + gguf==0.18.0
2026-03-28 01:57:59,712 - INFO - [36m(setup pid=8610)[0m  + httptools==0.7.1
2026-03-28 01:57:59,712 - INFO - [36m(setup pid=8610)[0m  + interegular==0.3.3
2026-03-28 01:57:59,712 - INFO - [36m(setup pid=8610)[0m  + jinja2==3.1.6
2026-03-28 01:57:59,712 - INFO - [36m(setup pid=8610)[0m  + jiter==0.13.0
2026-03-28 01:57:59,712 - INFO - [36m(setup pid=8610)[0m  + jsonschema==4.26.0
2026-03-28 01:57:59,712 - INFO - [36m(setup pid=8610)[0m  + jsonschema-specifications==2025.9.1
2026-03-28 01:57:59,712 - INFO - [36m(setup pid=8610)[0m  + lark==1.2.2
2026-03-28 01:57:59,712 - INFO - [36m(setup pid=8610)[0m  + llguidance==0.7.30
2026-03-28 01:57:59,712 - INFO - [36m(setup pid=8610)[0m  + llvmlite==0.44.0
2026-03-28 01:57:59,712 - INFO - [36m(setup pid=8610)[0m  + lm-format-enforcer==0.10.12
2026-03-28 01:57:59,712 - INFO - [36m(setup pid=8610)[0m  + markupsafe==3.0.3
2026-03-28 01:57:59,712 - INFO - [36m(setup pid=8610)[0m  + mistral-common==1.10.0
2026-03-28 01:57:59,712 - INFO - [36m(setup pid=8610)[0m  + mpmath==1.3.0
2026-03-28 01:57:59,712 - INFO - [36m(setup pid=8610)[0m  + msgpack==1.1.2
2026-03-28 01:57:59,712 - INFO - [36m(setup pid=8610)[0m  + msgspec==0.20.0
2026-03-28 01:57:59,712 - INFO - [36m(setup pid=8610)[0m  + networkx==3.6.1
2026-03-28 01:57:59,712 - INFO - [36m(setup pid=8610)[0m  + ninja==1.13.0
2026-03-28 01:57:59,712 - INFO - [36m(setup pid=8610)[0m  + numba==0.61.2
2026-03-28 01:57:59,712 - INFO - [36m(setup pid=8610)[0m  - numpy==2.4.3
2026-03-28 01:57:59,712 - INFO - [36m(setup pid=8610)[0m  + numpy==2.2.6
2026-03-28 01:57:59,712 - INFO - [36m(setup pid=8610)[0m  + nvidia-cublas-cu12==12.6.4.1
2026-03-28 01:57:59,712 - INFO - [36m(setup pid=8610)[0m  + nvidia-cuda-cupti-cu12==12.6.80
2026-03-28 01:57:59,712 - INFO - [36m(setup pid=8610)[0m  + nvidia-cuda-nvrtc-cu12==12.6.77
2026-03-28 01:57:59,712 - INFO - [36m(setup pid=8610)[0m  + nvidia-cuda-runtime-cu12==12.6.77
2026-03-28 01:57:59,712 - INFO - [36m(setup pid=8610)[0m  + nvidia-cudnn-cu12==9.5.1.17
2026-03-28 01:57:59,712 - INFO - [36m(setup pid=8610)[0m  + nvidia-cufft-cu12==11.3.0.4
2026-03-28 01:57:59,712 - INFO - [36m(setup pid=8610)[0m  + nvidia-cufile-cu12==1.11.1.6
2026-03-28 01:57:59,712 - INFO - [36m(setup pid=8610)[0m  + nvidia-curand-cu12==10.3.7.77
2026-03-28 01:57:59,712 - INFO - [36m(setup pid=8610)[0m  + nvidia-cusolver-cu12==11.7.1.2
2026-03-28 01:57:59,712 - INFO - [36m(setup pid=8610)[0m  + nvidia-cusparse-cu12==12.5.4.2
2026-03-28 01:57:59,712 - INFO - [36m(setup pid=8610)[0m  + nvidia-cusparselt-cu12==0.6.3
2026-03-28 01:57:59,712 - INFO - [36m(setup pid=8610)[0m  + nvidia-nccl-cu12==2.26.2
2026-03-28 01:57:59,712 - INFO - [36m(setup pid=8610)[0m  + nvidia-nvjitlink-cu12==12.6.85
2026-03-28 01:57:59,712 - INFO - [36m(setup pid=8610)[0m  + nvidia-nvtx-cu12==12.6.77
2026-03-28 01:57:59,712 - INFO - [36m(setup pid=8610)[0m  + openai==1.90.0
2026-03-28 01:57:59,712 - INFO - [36m(setup pid=8610)[0m  + opencv-python-headless==4.13.0.92
2026-03-28 01:57:59,712 - INFO - [36m(setup pid=8610)[0m  + outlines-core==0.2.10
2026-03-28 01:57:59,712 - INFO - [36m(setup pid=8610)[0m  + partial-json-parser==0.2.1.1.post7
2026-03-28 01:57:59,712 - INFO - [36m(setup pid=8610)[0m  + pillow==12.1.1
2026-03-28 01:57:59,712 - INFO - [36m(setup pid=8610)[0m  + prometheus-client==0.24.1
2026-03-28 01:57:59,712 - INFO - [36m(setup pid=8610)[0m  + prometheus-fastapi-instrumentator==7.1.0
2026-03-28 01:57:59,712 - INFO - [36m(setup pid=8610)[0m  + protobuf==7.34.1
2026-03-28 01:57:59,712 - INFO - [36m(setup pid=8610)[0m  + psutil==7.2.2
2026-03-28 01:57:59,712 - INFO - [36m(setup pid=8610)[0m  + py-cpuinfo==9.0.0
2026-03-28 01:57:59,712 - INFO - [36m(setup pid=8610)[0m  + pybase64==1.4.3
2026-03-28 01:57:59,712 - INFO - [36m(setup pid=8610)[0m  + pycountry==26.2.16
2026-03-28 01:57:59,712 - INFO - [36m(setup pid=8610)[0m  + pycparser==3.0
2026-03-28 01:57:59,712 - INFO - [36m(setup pid=8610)[0m  + pydantic==2.12.5
2026-03-28 01:57:59,712 - INFO - [36m(setup pid=8610)[0m  + pydantic-core==2.41.5
2026-03-28 01:57:59,712 - INFO - [36m(setup pid=8610)[0m  + pydantic-extra-types==2.11.1
2026-03-28 01:57:59,712 - INFO - [36m(setup pid=8610)[0m  + pydantic-settings==2.13.1
2026-03-28 01:57:59,712 - INFO - [36m(setup pid=8610)[0m  + python-dotenv==1.2.2
2026-03-28 01:57:59,712 - INFO - [36m(setup pid=8610)[0m  + python-json-logger==4.0.0
2026-03-28 01:57:59,712 - INFO - [36m(setup pid=8610)[0m  + python-multipart==0.0.22
2026-03-28 01:57:59,712 - INFO - [36m(setup pid=8610)[0m  + pyzmq==27.1.0
2026-03-28 01:57:59,712 - INFO - [36m(setup pid=8610)[0m  + ray==2.54.1
2026-03-28 01:57:59,712 - INFO - [36m(setup pid=8610)[0m  + referencing==0.37.0
2026-03-28 01:57:59,712 - INFO - [36m(setup pid=8610)[0m  + regex==2026.2.28
2026-03-28 01:57:59,712 - INFO - [36m(setup pid=8610)[0m  + rich-toolkit==0.19.7
2026-03-28 01:57:59,712 - INFO - [36m(setup pid=8610)[0m  + rignore==0.7.6
2026-03-28 01:57:59,712 - INFO - [36m(setup pid=8610)[0m  + rpds-py==0.30.0
2026-03-28 01:57:59,712 - INFO - [36m(setup pid=8610)[0m  + safetensors==0.7.0
2026-03-28 01:57:59,712 - INFO - [36m(setup pid=8610)[0m  + scipy==1.17.1
2026-03-28 01:57:59,712 - INFO - [36m(setup pid=8610)[0m  + sentencepiece==0.2.1
2026-03-28 01:57:59,712 - INFO - [36m(setup pid=8610)[0m  + sentry-sdk==2.56.0
2026-03-28 01:57:59,712 - INFO - [36m(setup pid=8610)[0m  + setuptools==79.0.1
2026-03-28 01:57:59,712 - INFO - [36m(setup pid=8610)[0m  + sniffio==1.3.1
2026-03-28 01:57:59,712 - INFO - [36m(setup pid=8610)[0m  + soundfile==0.13.1
2026-03-28 01:57:59,712 - INFO - [36m(setup pid=8610)[0m  + soxr==1.0.0
2026-03-28 01:57:59,712 - INFO - [36m(setup pid=8610)[0m  + starlette==0.52.1
2026-03-28 01:57:59,712 - INFO - [36m(setup pid=8610)[0m  + sympy==1.14.0
2026-03-28 01:57:59,712 - INFO - [36m(setup pid=8610)[0m  + tiktoken==0.12.0
2026-03-28 01:57:59,712 - INFO - [36m(setup pid=8610)[0m  + tokenizers==0.22.2
2026-03-28 01:57:59,712 - INFO - [36m(setup pid=8610)[0m  + torch==2.7.1
2026-03-28 01:57:59,712 - INFO - [36m(setup pid=8610)[0m  + torchaudio==2.7.1
2026-03-28 01:57:59,712 - INFO - [36m(setup pid=8610)[0m  + torchvision==0.22.1
2026-03-28 01:57:59,712 - INFO - [36m(setup pid=8610)[0m  + transformers==5.4.0
2026-03-28 01:57:59,712 - INFO - [36m(setup pid=8610)[0m  + triton==3.3.1
2026-03-28 01:57:59,713 - INFO - [36m(setup pid=8610)[0m  + typing-inspection==0.4.2
2026-03-28 01:57:59,713 - INFO - [36m(setup pid=8610)[0m  + uvicorn==0.42.0
2026-03-28 01:57:59,713 - INFO - [36m(setup pid=8610)[0m  + uvloop==0.22.1
2026-03-28 01:57:59,713 - INFO - [36m(setup pid=8610)[0m  + vllm==0.10.0
2026-03-28 01:57:59,713 - INFO - [36m(setup pid=8610)[0m  + watchfiles==1.1.1
2026-03-28 01:57:59,713 - INFO - [36m(setup pid=8610)[0m  + websockets==16.0
2026-03-28 01:57:59,713 - INFO - [36m(setup pid=8610)[0m  + xformers==0.0.31
2026-03-28 01:57:59,713 - INFO - [36m(setup pid=8610)[0m  + xgrammar==0.1.21
2026-03-28 01:57:59,713 - INFO - [36m(setup pid=8610)[0m + echo '=== Pinning transformers==4.57.3 (avoid 5.x breaking changes) ==='
2026-03-28 01:57:59,713 - INFO - [36m(setup pid=8610)[0m === Pinning transformers==4.57.3 (avoid 5.x breaking changes) ===
2026-03-28 01:57:59,713 - INFO - [36m(setup pid=8610)[0m + uv pip install transformers==4.57.3
2026-03-28 01:57:59,713 - INFO - [36m(setup pid=8610)[0m Resolved 18 packages in 423ms
2026-03-28 01:57:59,713 - INFO - [36m(setup pid=8610)[0m Downloading transformers (11.4MiB)
2026-03-28 01:57:59,713 - INFO - [36m(setup pid=8610)[0m  Downloaded transformers
2026-03-28 01:58:06,750 - INFO - [36m(setup pid=8610)[0m Prepared 2 packages in 706ms
2026-03-28 01:58:06,750 - INFO - [36m(setup pid=8610)[0m Uninstalled 2 packages in 77ms
2026-03-28 01:58:06,750 - INFO - [36m(setup pid=8610)[0m Installed 2 packages in 103ms
2026-03-28 01:58:06,750 - INFO - [36m(setup pid=8610)[0m  - huggingface-hub==1.8.0
2026-03-28 01:58:06,750 - INFO - [36m(setup pid=8610)[0m  + huggingface-hub==0.36.2
2026-03-28 01:58:06,750 - INFO - [36m(setup pid=8610)[0m  - transformers==5.4.0
2026-03-28 01:58:06,750 - INFO - [36m(setup pid=8610)[0m  + transformers==4.57.3
2026-03-28 01:58:06,750 - INFO - [36m(setup pid=8610)[0m + echo '=== PyTorch CUDA Check ==='
2026-03-28 01:58:06,750 - INFO - [36m(setup pid=8610)[0m === PyTorch CUDA Check ===
2026-03-28 01:58:06,750 - INFO - [36m(setup pid=8610)[0m + python3 -c 'import torch; print('\''torch.cuda.is_available():'\'', torch.cuda.is_available()); print('\''torch.version.cuda:'\'', torch.version.cuda); print('\''torch.__version__:'\'', torch.__version__); print('\''torch.cuda.device_count():'\'', torch.cuda.device_count() if torch.cuda.is_available() else '\''N/A'\'')'
2026-03-28 01:58:06,750 - INFO - [36m(setup pid=8610)[0m torch.cuda.is_available(): True
2026-03-28 01:58:07,352 - INFO - [36m(setup pid=8610)[0m torch.version.cuda: 12.6
2026-03-28 01:58:07,352 - INFO - [36m(setup pid=8610)[0m torch.__version__: 2.7.1+cu126
2026-03-28 01:58:07,353 - INFO - [36m(setup pid=8610)[0m torch.cuda.device_count(): 8
2026-03-28 01:58:08,757 - INFO - [36m(setup pid=8610)[0m + echo ===========================
2026-03-28 01:58:08,758 - INFO - [36m(setup pid=8610)[0m ===========================
2026-03-28 01:58:08,758 - INFO - [36m(setup pid=8610)[0m + echo '=== Setup complete ==='
2026-03-28 01:58:08,758 - INFO - [36m(setup pid=8610)[0m === Setup complete ===
2026-03-28 01:58:08,758 - INFO - [36m(rf-qwen3-32b-tp4pp2-L4, pid=8610)[0m + export LD_LIBRARY_PATH=/usr/local/cuda/lib64:/usr/local/cuda/targets/x86_64-linux/lib:
2026-03-28 01:58:09,763 - INFO - [36m(rf-qwen3-32b-tp4pp2-L4, pid=8610)[0m + LD_LIBRARY_PATH=/usr/local/cuda/lib64:/usr/local/cuda/targets/x86_64-linux/lib:
2026-03-28 01:58:09,764 - INFO - [36m(rf-qwen3-32b-tp4pp2-L4, pid=8610)[0m + export CUDA_HOME=/usr/local/cuda
2026-03-28 01:58:09,764 - INFO - [36m(rf-qwen3-32b-tp4pp2-L4, pid=8610)[0m + CUDA_HOME=/usr/local/cuda
2026-03-28 01:58:09,764 - INFO - [36m(rf-qwen3-32b-tp4pp2-L4, pid=8610)[0m + echo '=== Pre-run Diagnostics ==='
2026-03-28 01:58:09,764 - INFO - [36m(rf-qwen3-32b-tp4pp2-L4, pid=8610)[0m === Pre-run Diagnostics ===
2026-03-28 01:58:09,764 - INFO - [36m(rf-qwen3-32b-tp4pp2-L4, pid=8610)[0m + nvidia-smi
2026-03-28 01:58:09,764 - INFO - [36m(rf-qwen3-32b-tp4pp2-L4, pid=8610)[0m Fri Mar 27 20:28:08 2026
2026-03-28 01:58:11,372 - INFO - [36m(rf-qwen3-32b-tp4pp2-L4, pid=8610)[0m +---------------------------------------------------------------------------------------+
2026-03-28 01:58:11,372 - INFO - [36m(rf-qwen3-32b-tp4pp2-L4, pid=8610)[0m | NVIDIA-SMI 535.216.01             Driver Version: 535.216.01   CUDA Version: 12.2     |
2026-03-28 01:58:11,372 - INFO - [36m(rf-qwen3-32b-tp4pp2-L4, pid=8610)[0m |-----------------------------------------+----------------------+----------------------+
2026-03-28 01:58:11,372 - INFO - [36m(rf-qwen3-32b-tp4pp2-L4, pid=8610)[0m | GPU  Name                 Persistence-M | Bus-Id        Disp.A | Volatile Uncorr. ECC |
2026-03-28 01:58:11,372 - INFO - [36m(rf-qwen3-32b-tp4pp2-L4, pid=8610)[0m | Fan  Temp   Perf          Pwr:Usage/Cap |         Memory-Usage | GPU-Util  Compute M. |
2026-03-28 01:58:11,372 - INFO - [36m(rf-qwen3-32b-tp4pp2-L4, pid=8610)[0m |                                         |                      |               MIG M. |
2026-03-28 01:58:11,372 - INFO - [36m(rf-qwen3-32b-tp4pp2-L4, pid=8610)[0m |=========================================+======================+======================|
2026-03-28 01:58:11,372 - INFO - [36m(rf-qwen3-32b-tp4pp2-L4, pid=8610)[0m |   0  NVIDIA L4                      On  | 00000000:9F:00.0 Off |                    0 |
2026-03-28 01:58:11,372 - INFO - [36m(rf-qwen3-32b-tp4pp2-L4, pid=8610)[0m | N/A   28C    P8              15W /  72W |      0MiB / 23034MiB |      0%      Default |
2026-03-28 01:58:11,372 - INFO - [36m(rf-qwen3-32b-tp4pp2-L4, pid=8610)[0m |                                         |                      |                  N/A |
2026-03-28 01:58:11,372 - INFO - [36m(rf-qwen3-32b-tp4pp2-L4, pid=8610)[0m +-----------------------------------------+----------------------+----------------------+
2026-03-28 01:58:11,372 - INFO - [36m(rf-qwen3-32b-tp4pp2-L4, pid=8610)[0m |   1  NVIDIA L4                      On  | 00000000:A1:00.0 Off |                    0 |
2026-03-28 01:58:11,372 - INFO - [36m(rf-qwen3-32b-tp4pp2-L4, pid=8610)[0m | N/A   28C    P8              11W /  72W |      0MiB / 23034MiB |      0%      Default |
2026-03-28 01:58:11,373 - INFO - [36m(rf-qwen3-32b-tp4pp2-L4, pid=8610)[0m |                                         |                      |                  N/A |
2026-03-28 01:58:11,373 - INFO - [36m(rf-qwen3-32b-tp4pp2-L4, pid=8610)[0m +-----------------------------------------+----------------------+----------------------+
2026-03-28 01:58:11,373 - INFO - [36m(rf-qwen3-32b-tp4pp2-L4, pid=8610)[0m |   2  NVIDIA L4                      On  | 00000000:A3:00.0 Off |                    0 |
2026-03-28 01:58:11,373 - INFO - [36m(rf-qwen3-32b-tp4pp2-L4, pid=8610)[0m | N/A   29C    P8              11W /  72W |      0MiB / 23034MiB |      0%      Default |
2026-03-28 01:58:11,373 - INFO - [36m(rf-qwen3-32b-tp4pp2-L4, pid=8610)[0m |                                         |                      |                  N/A |
2026-03-28 01:58:11,373 - INFO - [36m(rf-qwen3-32b-tp4pp2-L4, pid=8610)[0m +-----------------------------------------+----------------------+----------------------+
2026-03-28 01:58:11,373 - INFO - [36m(rf-qwen3-32b-tp4pp2-L4, pid=8610)[0m |   3  NVIDIA L4                      On  | 00000000:A5:00.0 Off |                    0 |
2026-03-28 01:58:11,373 - INFO - [36m(rf-qwen3-32b-tp4pp2-L4, pid=8610)[0m | N/A   28C    P8              11W /  72W |      0MiB / 23034MiB |      0%      Default |
2026-03-28 01:58:11,373 - INFO - [36m(rf-qwen3-32b-tp4pp2-L4, pid=8610)[0m |                                         |                      |                  N/A |
2026-03-28 01:58:11,373 - INFO - [36m(rf-qwen3-32b-tp4pp2-L4, pid=8610)[0m +-----------------------------------------+----------------------+----------------------+
2026-03-28 01:58:11,373 - INFO - [36m(rf-qwen3-32b-tp4pp2-L4, pid=8610)[0m |   4  NVIDIA L4                      On  | 00000000:AE:00.0 Off |                    0 |
2026-03-28 01:58:11,373 - INFO - [36m(rf-qwen3-32b-tp4pp2-L4, pid=8610)[0m | N/A   28C    P8              11W /  72W |      0MiB / 23034MiB |      0%      Default |
2026-03-28 01:58:11,373 - INFO - [36m(rf-qwen3-32b-tp4pp2-L4, pid=8610)[0m |                                         |                      |                  N/A |
2026-03-28 01:58:11,373 - INFO - [36m(rf-qwen3-32b-tp4pp2-L4, pid=8610)[0m +-----------------------------------------+----------------------+----------------------+
2026-03-28 01:58:11,373 - INFO - [36m(rf-qwen3-32b-tp4pp2-L4, pid=8610)[0m |   5  NVIDIA L4                      On  | 00000000:B0:00.0 Off |                    0 |
2026-03-28 01:58:11,373 - INFO - [36m(rf-qwen3-32b-tp4pp2-L4, pid=8610)[0m | N/A   28C    P8              12W /  72W |      0MiB / 23034MiB |      0%      Default |
2026-03-28 01:58:11,373 - INFO - [36m(rf-qwen3-32b-tp4pp2-L4, pid=8610)[0m |                                         |                      |                  N/A |
2026-03-28 01:58:11,373 - INFO - [36m(rf-qwen3-32b-tp4pp2-L4, pid=8610)[0m +-----------------------------------------+----------------------+----------------------+
2026-03-28 01:58:11,373 - INFO - [36m(rf-qwen3-32b-tp4pp2-L4, pid=8610)[0m |   6  NVIDIA L4                      On  | 00000000:B2:00.0 Off |                    0 |
2026-03-28 01:58:11,373 - INFO - [36m(rf-qwen3-32b-tp4pp2-L4, pid=8610)[0m | N/A   27C    P8              15W /  72W |      0MiB / 23034MiB |      0%      Default |
2026-03-28 01:58:11,373 - INFO - [36m(rf-qwen3-32b-tp4pp2-L4, pid=8610)[0m |                                         |                      |                  N/A |
2026-03-28 01:58:11,373 - INFO - [36m(rf-qwen3-32b-tp4pp2-L4, pid=8610)[0m +-----------------------------------------+----------------------+----------------------+
2026-03-28 01:58:11,373 - INFO - [36m(rf-qwen3-32b-tp4pp2-L4, pid=8610)[0m |   7  NVIDIA L4                      On  | 00000000:B4:00.0 Off |                    0 |
2026-03-28 01:58:11,373 - INFO - [36m(rf-qwen3-32b-tp4pp2-L4, pid=8610)[0m | N/A   27C    P8              11W /  72W |      0MiB / 23034MiB |      0%      Default |
2026-03-28 01:58:11,373 - INFO - [36m(rf-qwen3-32b-tp4pp2-L4, pid=8610)[0m |                                         |                      |                  N/A |
2026-03-28 01:58:11,373 - INFO - [36m(rf-qwen3-32b-tp4pp2-L4, pid=8610)[0m +-----------------------------------------+----------------------+----------------------+
2026-03-28 01:58:11,373 - INFO - [36m(rf-qwen3-32b-tp4pp2-L4, pid=8610)[0m
2026-03-28 01:58:11,373 - INFO - [36m(rf-qwen3-32b-tp4pp2-L4, pid=8610)[0m +---------------------------------------------------------------------------------------+
2026-03-28 01:58:11,373 - INFO - [36m(rf-qwen3-32b-tp4pp2-L4, pid=8610)[0m | Processes:                                                                            |
2026-03-28 01:58:11,373 - INFO - [36m(rf-qwen3-32b-tp4pp2-L4, pid=8610)[0m |  GPU   GI   CI        PID   Type   Process name                            GPU Memory |
2026-03-28 01:58:11,373 - INFO - [36m(rf-qwen3-32b-tp4pp2-L4, pid=8610)[0m |        ID   ID                                                             Usage      |
2026-03-28 01:58:11,373 - INFO - [36m(rf-qwen3-32b-tp4pp2-L4, pid=8610)[0m |=======================================================================================|
2026-03-28 01:58:11,373 - INFO - [36m(rf-qwen3-32b-tp4pp2-L4, pid=8610)[0m |  No running processes found                                                           |
2026-03-28 01:58:11,373 - INFO - [36m(rf-qwen3-32b-tp4pp2-L4, pid=8610)[0m +---------------------------------------------------------------------------------------+
2026-03-28 01:58:11,373 - INFO - [36m(rf-qwen3-32b-tp4pp2-L4, pid=8610)[0m + echo '--- A100 SXM4 Diagnostics ---'
2026-03-28 01:58:11,774 - INFO - [36m(rf-qwen3-32b-tp4pp2-L4, pid=8610)[0m --- A100 SXM4 Diagnostics ---
2026-03-28 01:58:11,774 - INFO - [36m(rf-qwen3-32b-tp4pp2-L4, pid=8610)[0m + echo 'Checking NVIDIA Fabric Manager (required for NVSwitch on A100-SXM4)...'
2026-03-28 01:58:11,774 - INFO - [36m(rf-qwen3-32b-tp4pp2-L4, pid=8610)[0m Checking NVIDIA Fabric Manager (required for NVSwitch on A100-SXM4)...
2026-03-28 01:58:11,774 - INFO - [36m(rf-qwen3-32b-tp4pp2-L4, pid=8610)[0m + systemctl status nvidia-fabricmanager
2026-03-28 01:58:11,774 - INFO - [36m(rf-qwen3-32b-tp4pp2-L4, pid=8610)[0m Unit nvidia-fabricmanager.service could not be found.
2026-03-28 01:58:11,774 - INFO - [36m(rf-qwen3-32b-tp4pp2-L4, pid=8610)[0m + echo 'Fabric Manager status check failed or not present'
2026-03-28 01:58:11,774 - INFO - [36m(rf-qwen3-32b-tp4pp2-L4, pid=8610)[0m Fabric Manager status check failed or not present
2026-03-28 01:58:11,774 - INFO - [36m(rf-qwen3-32b-tp4pp2-L4, pid=8610)[0m + echo 'Checking for NVLink topology...'
2026-03-28 01:58:11,774 - INFO - [36m(rf-qwen3-32b-tp4pp2-L4, pid=8610)[0m Checking for NVLink topology...
2026-03-28 01:58:11,774 - INFO - [36m(rf-qwen3-32b-tp4pp2-L4, pid=8610)[0m + nvidia-smi topo -m
2026-03-28 01:58:11,774 - INFO - [36m(rf-qwen3-32b-tp4pp2-L4, pid=8610)[0m 	[4mGPU0	GPU1	GPU2	GPU3	GPU4	GPU5	GPU6	GPU7	CPU Affinity	NUMA Affinity	GPU NUMA ID[0m
2026-03-28 01:58:11,774 - INFO - [36m(rf-qwen3-32b-tp4pp2-L4, pid=8610)[0m GPU0	 X 	NODE	NODE	NODE	SYS	SYS	SYS	SYS	0-47,96-143	0		N/A
2026-03-28 01:58:12,277 - INFO - [36m(rf-qwen3-32b-tp4pp2-L4, pid=8610)[0m GPU1	NODE	 X 	NODE	NODE	SYS	SYS	SYS	SYS	0-47,96-143	0		N/A
2026-03-28 01:58:12,277 - INFO - [36m(rf-qwen3-32b-tp4pp2-L4, pid=8610)[0m GPU2	NODE	NODE	 X 	NODE	SYS	SYS	SYS	SYS	0-47,96-143	0		N/A
2026-03-28 01:58:12,277 - INFO - [36m(rf-qwen3-32b-tp4pp2-L4, pid=8610)[0m GPU3	NODE	NODE	NODE	 X 	SYS	SYS	SYS	SYS	0-47,96-143	0		N/A
2026-03-28 01:58:12,277 - INFO - [36m(rf-qwen3-32b-tp4pp2-L4, pid=8610)[0m GPU4	SYS	SYS	SYS	SYS	 X 	NODE	NODE	NODE	48-95,144-191	1		N/A
2026-03-28 01:58:12,277 - INFO - [36m(rf-qwen3-32b-tp4pp2-L4, pid=8610)[0m GPU5	SYS	SYS	SYS	SYS	NODE	 X 	NODE	NODE	48-95,144-191	1		N/A
2026-03-28 01:58:12,277 - INFO - [36m(rf-qwen3-32b-tp4pp2-L4, pid=8610)[0m GPU6	SYS	SYS	SYS	SYS	NODE	NODE	 X 	NODE	48-95,144-191	1		N/A
2026-03-28 01:58:12,277 - INFO - [36m(rf-qwen3-32b-tp4pp2-L4, pid=8610)[0m GPU7	SYS	SYS	SYS	SYS	NODE	NODE	NODE	 X 	48-95,144-191	1		N/A
2026-03-28 01:58:12,277 - INFO - [36m(rf-qwen3-32b-tp4pp2-L4, pid=8610)[0m
2026-03-28 01:58:12,277 - INFO - [36m(rf-qwen3-32b-tp4pp2-L4, pid=8610)[0m Legend:
2026-03-28 01:58:12,277 - INFO - [36m(rf-qwen3-32b-tp4pp2-L4, pid=8610)[0m
2026-03-28 01:58:12,277 - INFO - [36m(rf-qwen3-32b-tp4pp2-L4, pid=8610)[0m   X    = Self
2026-03-28 01:58:12,277 - INFO - [36m(rf-qwen3-32b-tp4pp2-L4, pid=8610)[0m   SYS  = Connection traversing PCIe as well as the SMP interconnect between NUMA nodes (e.g., QPI/UPI)
2026-03-28 01:58:12,277 - INFO - [36m(rf-qwen3-32b-tp4pp2-L4, pid=8610)[0m   NODE = Connection traversing PCIe as well as the interconnect between PCIe Host Bridges within a NUMA node
2026-03-28 01:58:12,277 - INFO - [36m(rf-qwen3-32b-tp4pp2-L4, pid=8610)[0m   PHB  = Connection traversing PCIe as well as a PCIe Host Bridge (typically the CPU)
2026-03-28 01:58:12,277 - INFO - [36m(rf-qwen3-32b-tp4pp2-L4, pid=8610)[0m   PXB  = Connection traversing multiple PCIe bridges (without traversing the PCIe Host Bridge)
2026-03-28 01:58:12,277 - INFO - [36m(rf-qwen3-32b-tp4pp2-L4, pid=8610)[0m   PIX  = Connection traversing at most a single PCIe bridge
2026-03-28 01:58:12,277 - INFO - [36m(rf-qwen3-32b-tp4pp2-L4, pid=8610)[0m   NV#  = Connection traversing a bonded set of # NVLinks
2026-03-28 01:58:12,277 - INFO - [36m(rf-qwen3-32b-tp4pp2-L4, pid=8610)[0m + echo '--- NUMA Topology and GPU-NUMA Mapping ---'
2026-03-28 01:58:12,277 - INFO - [36m(rf-qwen3-32b-tp4pp2-L4, pid=8610)[0m --- NUMA Topology and GPU-NUMA Mapping ---
2026-03-28 01:58:12,277 - INFO - [36m(rf-qwen3-32b-tp4pp2-L4, pid=8610)[0m + echo 'NUMA hardware layout:'
2026-03-28 01:58:12,277 - INFO - [36m(rf-qwen3-32b-tp4pp2-L4, pid=8610)[0m NUMA hardware layout:
2026-03-28 01:58:12,277 - INFO - [36m(rf-qwen3-32b-tp4pp2-L4, pid=8610)[0m + numactl --hardware
2026-03-28 01:58:12,277 - INFO - [36m(rf-qwen3-32b-tp4pp2-L4, pid=8610)[0m available: 2 nodes (0-1)
2026-03-28 01:58:12,277 - INFO - [36m(rf-qwen3-32b-tp4pp2-L4, pid=8610)[0m node 0 cpus: 0 1 2 3 4 5 6 7 8 9 10 11 12 13 14 15 16 17 18 19 20 21 22 23 24 25 26 27 28 29 30 31 32 33 34 35 36 37 38 39 40 41 42 43 44 45 46 47 96 97 98 99 100 101 102 103 104 105 106 107 108 109 110 111 112 113 114 115 116 117 118 119 120 121 122 123 124 125 126 127 128 129 130 131 132 133 134 135 136 137 138 139 140 141 142 143
2026-03-28 01:58:12,277 - INFO - [36m(rf-qwen3-32b-tp4pp2-L4, pid=8610)[0m node 0 size: 372826 MB
2026-03-28 01:58:12,277 - INFO - [36m(rf-qwen3-32b-tp4pp2-L4, pid=8610)[0m node 0 free: 296431 MB
2026-03-28 01:58:12,277 - INFO - [36m(rf-qwen3-32b-tp4pp2-L4, pid=8610)[0m node 1 cpus: 48 49 50 51 52 53 54 55 56 57 58 59 60 61 62 63 64 65 66 67 68 69 70 71 72 73 74 75 76 77 78 79 80 81 82 83 84 85 86 87 88 89 90 91 92 93 94 95 144 145 146 147 148 149 150 151 152 153 154 155 156 157 158 159 160 161 162 163 164 165 166 167 168 169 170 171 172 173 174 175 176 177 178 179 180 181 182 183 184 185 186 187 188 189 190 191
2026-03-28 01:58:12,278 - INFO - [36m(rf-qwen3-32b-tp4pp2-L4, pid=8610)[0m node 1 size: 372846 MB
2026-03-28 01:58:12,278 - INFO - [36m(rf-qwen3-32b-tp4pp2-L4, pid=8610)[0m node 1 free: 360318 MB
2026-03-28 01:58:12,278 - INFO - [36m(rf-qwen3-32b-tp4pp2-L4, pid=8610)[0m node distances:
2026-03-28 01:58:12,278 - INFO - [36m(rf-qwen3-32b-tp4pp2-L4, pid=8610)[0m node   0   1
2026-03-28 01:58:12,278 - INFO - [36m(rf-qwen3-32b-tp4pp2-L4, pid=8610)[0m   0:  10  32
2026-03-28 01:58:12,278 - INFO - [36m(rf-qwen3-32b-tp4pp2-L4, pid=8610)[0m   1:  32  10
2026-03-28 01:58:12,278 - INFO - [36m(rf-qwen3-32b-tp4pp2-L4, pid=8610)[0m + echo ''
2026-03-28 01:58:12,278 - INFO - [36m(rf-qwen3-32b-tp4pp2-L4, pid=8610)[0m
2026-03-28 01:58:12,278 - INFO - [36m(rf-qwen3-32b-tp4pp2-L4, pid=8610)[0m + echo 'GPU PCIe Bus IDs and NUMA node assignments:'
2026-03-28 01:58:12,278 - INFO - [36m(rf-qwen3-32b-tp4pp2-L4, pid=8610)[0m GPU PCIe Bus IDs and NUMA node assignments:
2026-03-28 01:58:12,278 - INFO - [36m(rf-qwen3-32b-tp4pp2-L4, pid=8610)[0m ++ nvidia-smi --query-gpu=count --format=csv,noheader
2026-03-28 01:58:12,278 - INFO - [36m(rf-qwen3-32b-tp4pp2-L4, pid=8610)[0m ++ head -1
2026-03-28 01:58:12,278 - INFO - [36m(rf-qwen3-32b-tp4pp2-L4, pid=8610)[0m + gpu_count=8
2026-03-28 01:58:12,278 - INFO - [36m(rf-qwen3-32b-tp4pp2-L4, pid=8610)[0m + '[' 8 -gt 0 ']'
2026-03-28 01:58:12,278 - INFO - [36m(rf-qwen3-32b-tp4pp2-L4, pid=8610)[0m ++ seq 0 7
2026-03-28 01:58:12,278 - INFO - [36m(rf-qwen3-32b-tp4pp2-L4, pid=8610)[0m + for gpu in $(seq 0 $((gpu_count - 1)))
2026-03-28 01:58:12,278 - INFO - [36m(rf-qwen3-32b-tp4pp2-L4, pid=8610)[0m ++ nvidia-smi --query-gpu=pci.bus_id --format=csv,noheader -i 0
2026-03-28 01:58:12,278 - INFO - [36m(rf-qwen3-32b-tp4pp2-L4, pid=8610)[0m + bus=00000000:9F:00.0
2026-03-28 01:58:12,278 - INFO - [36m(rf-qwen3-32b-tp4pp2-L4, pid=8610)[0m + '[' -n 00000000:9F:00.0 ']'
2026-03-28 01:58:12,278 - INFO - [36m(rf-qwen3-32b-tp4pp2-L4, pid=8610)[0m ++ echo 00000000:9F:00.0
2026-03-28 01:58:12,278 - INFO - [36m(rf-qwen3-32b-tp4pp2-L4, pid=8610)[0m ++ tr '[:upper:]' '[:lower:]'
2026-03-28 01:58:12,278 - INFO - [36m(rf-qwen3-32b-tp4pp2-L4, pid=8610)[0m + bus_lower=00000000:9f:00.0
2026-03-28 01:58:12,278 - INFO - [36m(rf-qwen3-32b-tp4pp2-L4, pid=8610)[0m ++ cat /sys/bus/pci/devices/00000000:9f:00.0/numa_node
2026-03-28 01:58:12,278 - INFO - [36m(rf-qwen3-32b-tp4pp2-L4, pid=8610)[0m ++ echo N/A
2026-03-28 01:58:12,278 - INFO - [36m(rf-qwen3-32b-tp4pp2-L4, pid=8610)[0m + numa_node=N/A
2026-03-28 01:58:12,278 - INFO - [36m(rf-qwen3-32b-tp4pp2-L4, pid=8610)[0m ++ cat /sys/bus/pci/devices/00000000:9f:00.0/local_cpulist
2026-03-28 01:58:12,278 - INFO - [36m(rf-qwen3-32b-tp4pp2-L4, pid=8610)[0m ++ echo N/A
2026-03-28 01:58:12,278 - INFO - [36m(rf-qwen3-32b-tp4pp2-L4, pid=8610)[0m + local_cpus=N/A
2026-03-28 01:58:12,278 - INFO - [36m(rf-qwen3-32b-tp4pp2-L4, pid=8610)[0m + echo 'GPU0: PCIe=00000000:9F:00.0, NUMA_node=N/A, local_cpus=N/A'
2026-03-28 01:58:12,278 - INFO - [36m(rf-qwen3-32b-tp4pp2-L4, pid=8610)[0m GPU0: PCIe=00000000:9F:00.0, NUMA_node=N/A, local_cpus=N/A
2026-03-28 01:58:12,278 - INFO - [36m(rf-qwen3-32b-tp4pp2-L4, pid=8610)[0m + for gpu in $(seq 0 $((gpu_count - 1)))
2026-03-28 01:58:12,278 - INFO - [36m(rf-qwen3-32b-tp4pp2-L4, pid=8610)[0m ++ nvidia-smi --query-gpu=pci.bus_id --format=csv,noheader -i 1
2026-03-28 01:58:12,278 - INFO - [36m(rf-qwen3-32b-tp4pp2-L4, pid=8610)[0m + bus=00000000:A1:00.0
2026-03-28 01:58:12,278 - INFO - [36m(rf-qwen3-32b-tp4pp2-L4, pid=8610)[0m + '[' -n 00000000:A1:00.0 ']'
2026-03-28 01:58:12,278 - INFO - [36m(rf-qwen3-32b-tp4pp2-L4, pid=8610)[0m ++ echo 00000000:A1:00.0
2026-03-28 01:58:12,278 - INFO - [36m(rf-qwen3-32b-tp4pp2-L4, pid=8610)[0m ++ tr '[:upper:]' '[:lower:]'
2026-03-28 01:58:12,278 - INFO - [36m(rf-qwen3-32b-tp4pp2-L4, pid=8610)[0m + bus_lower=00000000:a1:00.0
2026-03-28 01:58:12,278 - INFO - [36m(rf-qwen3-32b-tp4pp2-L4, pid=8610)[0m ++ cat /sys/bus/pci/devices/00000000:a1:00.0/numa_node
2026-03-28 01:58:12,278 - INFO - [36m(rf-qwen3-32b-tp4pp2-L4, pid=8610)[0m ++ echo N/A
2026-03-28 01:58:12,278 - INFO - [36m(rf-qwen3-32b-tp4pp2-L4, pid=8610)[0m + numa_node=N/A
2026-03-28 01:58:12,278 - INFO - [36m(rf-qwen3-32b-tp4pp2-L4, pid=8610)[0m ++ cat /sys/bus/pci/devices/00000000:a1:00.0/local_cpulist
2026-03-28 01:58:12,278 - INFO - [36m(rf-qwen3-32b-tp4pp2-L4, pid=8610)[0m ++ echo N/A
2026-03-28 01:58:12,278 - INFO - [36m(rf-qwen3-32b-tp4pp2-L4, pid=8610)[0m + local_cpus=N/A
2026-03-28 01:58:12,278 - INFO - [36m(rf-qwen3-32b-tp4pp2-L4, pid=8610)[0m + echo 'GPU1: PCIe=00000000:A1:00.0, NUMA_node=N/A, local_cpus=N/A'
2026-03-28 01:58:12,278 - INFO - [36m(rf-qwen3-32b-tp4pp2-L4, pid=8610)[0m GPU1: PCIe=00000000:A1:00.0, NUMA_node=N/A, local_cpus=N/A
2026-03-28 01:58:12,278 - INFO - [36m(rf-qwen3-32b-tp4pp2-L4, pid=8610)[0m + for gpu in $(seq 0 $((gpu_count - 1)))
2026-03-28 01:58:12,278 - INFO - [36m(rf-qwen3-32b-tp4pp2-L4, pid=8610)[0m ++ nvidia-smi --query-gpu=pci.bus_id --format=csv,noheader -i 2
2026-03-28 01:58:12,278 - INFO - [36m(rf-qwen3-32b-tp4pp2-L4, pid=8610)[0m + bus=00000000:A3:00.0
2026-03-28 01:58:12,278 - INFO - [36m(rf-qwen3-32b-tp4pp2-L4, pid=8610)[0m + '[' -n 00000000:A3:00.0 ']'
2026-03-28 01:58:12,278 - INFO - [36m(rf-qwen3-32b-tp4pp2-L4, pid=8610)[0m ++ echo 00000000:A3:00.0
2026-03-28 01:58:12,278 - INFO - [36m(rf-qwen3-32b-tp4pp2-L4, pid=8610)[0m ++ tr '[:upper:]' '[:lower:]'
2026-03-28 01:58:12,278 - INFO - [36m(rf-qwen3-32b-tp4pp2-L4, pid=8610)[0m + bus_lower=00000000:a3:00.0
2026-03-28 01:58:12,278 - INFO - [36m(rf-qwen3-32b-tp4pp2-L4, pid=8610)[0m ++ cat /sys/bus/pci/devices/00000000:a3:00.0/numa_node
2026-03-28 01:58:12,278 - INFO - [36m(rf-qwen3-32b-tp4pp2-L4, pid=8610)[0m ++ echo N/A
2026-03-28 01:58:12,278 - INFO - [36m(rf-qwen3-32b-tp4pp2-L4, pid=8610)[0m + numa_node=N/A
2026-03-28 01:58:12,278 - INFO - [36m(rf-qwen3-32b-tp4pp2-L4, pid=8610)[0m ++ cat /sys/bus/pci/devices/00000000:a3:00.0/local_cpulist
2026-03-28 01:58:12,278 - INFO - [36m(rf-qwen3-32b-tp4pp2-L4, pid=8610)[0m ++ echo N/A
2026-03-28 01:58:12,278 - INFO - [36m(rf-qwen3-32b-tp4pp2-L4, pid=8610)[0m + local_cpus=N/A
2026-03-28 01:58:12,278 - INFO - [36m(rf-qwen3-32b-tp4pp2-L4, pid=8610)[0m + echo 'GPU2: PCIe=00000000:A3:00.0, NUMA_node=N/A, local_cpus=N/A'
2026-03-28 01:58:12,278 - INFO - [36m(rf-qwen3-32b-tp4pp2-L4, pid=8610)[0m GPU2: PCIe=00000000:A3:00.0, NUMA_node=N/A, local_cpus=N/A
2026-03-28 01:58:12,278 - INFO - [36m(rf-qwen3-32b-tp4pp2-L4, pid=8610)[0m + for gpu in $(seq 0 $((gpu_count - 1)))
2026-03-28 01:58:12,278 - INFO - [36m(rf-qwen3-32b-tp4pp2-L4, pid=8610)[0m ++ nvidia-smi --query-gpu=pci.bus_id --format=csv,noheader -i 3
2026-03-28 01:58:12,278 - INFO - [36m(rf-qwen3-32b-tp4pp2-L4, pid=8610)[0m + bus=00000000:A5:00.0
2026-03-28 01:58:12,782 - INFO - [36m(rf-qwen3-32b-tp4pp2-L4, pid=8610)[0m + '[' -n 00000000:A5:00.0 ']'
2026-03-28 01:58:12,782 - INFO - [36m(rf-qwen3-32b-tp4pp2-L4, pid=8610)[0m ++ echo 00000000:A5:00.0
2026-03-28 01:58:12,782 - INFO - [36m(rf-qwen3-32b-tp4pp2-L4, pid=8610)[0m ++ tr '[:upper:]' '[:lower:]'
2026-03-28 01:58:12,782 - INFO - [36m(rf-qwen3-32b-tp4pp2-L4, pid=8610)[0m + bus_lower=00000000:a5:00.0
2026-03-28 01:58:12,782 - INFO - [36m(rf-qwen3-32b-tp4pp2-L4, pid=8610)[0m ++ cat /sys/bus/pci/devices/00000000:a5:00.0/numa_node
2026-03-28 01:58:12,782 - INFO - [36m(rf-qwen3-32b-tp4pp2-L4, pid=8610)[0m ++ echo N/A
2026-03-28 01:58:12,782 - INFO - [36m(rf-qwen3-32b-tp4pp2-L4, pid=8610)[0m + numa_node=N/A
2026-03-28 01:58:12,782 - INFO - [36m(rf-qwen3-32b-tp4pp2-L4, pid=8610)[0m ++ cat /sys/bus/pci/devices/00000000:a5:00.0/local_cpulist
2026-03-28 01:58:12,782 - INFO - [36m(rf-qwen3-32b-tp4pp2-L4, pid=8610)[0m ++ echo N/A
2026-03-28 01:58:12,782 - INFO - [36m(rf-qwen3-32b-tp4pp2-L4, pid=8610)[0m + local_cpus=N/A
2026-03-28 01:58:12,782 - INFO - [36m(rf-qwen3-32b-tp4pp2-L4, pid=8610)[0m + echo 'GPU3: PCIe=00000000:A5:00.0, NUMA_node=N/A, local_cpus=N/A'
2026-03-28 01:58:12,782 - INFO - [36m(rf-qwen3-32b-tp4pp2-L4, pid=8610)[0m GPU3: PCIe=00000000:A5:00.0, NUMA_node=N/A, local_cpus=N/A
2026-03-28 01:58:12,782 - INFO - [36m(rf-qwen3-32b-tp4pp2-L4, pid=8610)[0m + for gpu in $(seq 0 $((gpu_count - 1)))
2026-03-28 01:58:12,782 - INFO - [36m(rf-qwen3-32b-tp4pp2-L4, pid=8610)[0m ++ nvidia-smi --query-gpu=pci.bus_id --format=csv,noheader -i 4
2026-03-28 01:58:12,782 - INFO - [36m(rf-qwen3-32b-tp4pp2-L4, pid=8610)[0m + bus=00000000:AE:00.0
2026-03-28 01:58:12,782 - INFO - [36m(rf-qwen3-32b-tp4pp2-L4, pid=8610)[0m + '[' -n 00000000:AE:00.0 ']'
2026-03-28 01:58:12,782 - INFO - [36m(rf-qwen3-32b-tp4pp2-L4, pid=8610)[0m ++ echo 00000000:AE:00.0
2026-03-28 01:58:12,782 - INFO - [36m(rf-qwen3-32b-tp4pp2-L4, pid=8610)[0m ++ tr '[:upper:]' '[:lower:]'
2026-03-28 01:58:12,782 - INFO - [36m(rf-qwen3-32b-tp4pp2-L4, pid=8610)[0m + bus_lower=00000000:ae:00.0
2026-03-28 01:58:12,782 - INFO - [36m(rf-qwen3-32b-tp4pp2-L4, pid=8610)[0m ++ cat /sys/bus/pci/devices/00000000:ae:00.0/numa_node
2026-03-28 01:58:12,782 - INFO - [36m(rf-qwen3-32b-tp4pp2-L4, pid=8610)[0m ++ echo N/A
2026-03-28 01:58:12,782 - INFO - [36m(rf-qwen3-32b-tp4pp2-L4, pid=8610)[0m + numa_node=N/A
2026-03-28 01:58:12,782 - INFO - [36m(rf-qwen3-32b-tp4pp2-L4, pid=8610)[0m ++ cat /sys/bus/pci/devices/00000000:ae:00.0/local_cpulist
2026-03-28 01:58:12,782 - INFO - [36m(rf-qwen3-32b-tp4pp2-L4, pid=8610)[0m ++ echo N/A
2026-03-28 01:58:12,782 - INFO - [36m(rf-qwen3-32b-tp4pp2-L4, pid=8610)[0m + local_cpus=N/A
2026-03-28 01:58:12,782 - INFO - [36m(rf-qwen3-32b-tp4pp2-L4, pid=8610)[0m + echo 'GPU4: PCIe=00000000:AE:00.0, NUMA_node=N/A, local_cpus=N/A'
2026-03-28 01:58:12,782 - INFO - [36m(rf-qwen3-32b-tp4pp2-L4, pid=8610)[0m GPU4: PCIe=00000000:AE:00.0, NUMA_node=N/A, local_cpus=N/A
2026-03-28 01:58:12,782 - INFO - [36m(rf-qwen3-32b-tp4pp2-L4, pid=8610)[0m + for gpu in $(seq 0 $((gpu_count - 1)))
2026-03-28 01:58:12,782 - INFO - [36m(rf-qwen3-32b-tp4pp2-L4, pid=8610)[0m ++ nvidia-smi --query-gpu=pci.bus_id --format=csv,noheader -i 5
2026-03-28 01:58:12,782 - INFO - [36m(rf-qwen3-32b-tp4pp2-L4, pid=8610)[0m + bus=00000000:B0:00.0
2026-03-28 01:58:12,782 - INFO - [36m(rf-qwen3-32b-tp4pp2-L4, pid=8610)[0m + '[' -n 00000000:B0:00.0 ']'
2026-03-28 01:58:12,782 - INFO - [36m(rf-qwen3-32b-tp4pp2-L4, pid=8610)[0m ++ echo 00000000:B0:00.0
2026-03-28 01:58:12,782 - INFO - [36m(rf-qwen3-32b-tp4pp2-L4, pid=8610)[0m ++ tr '[:upper:]' '[:lower:]'
2026-03-28 01:58:12,782 - INFO - [36m(rf-qwen3-32b-tp4pp2-L4, pid=8610)[0m + bus_lower=00000000:b0:00.0
2026-03-28 01:58:12,782 - INFO - [36m(rf-qwen3-32b-tp4pp2-L4, pid=8610)[0m ++ cat /sys/bus/pci/devices/00000000:b0:00.0/numa_node
2026-03-28 01:58:12,782 - INFO - [36m(rf-qwen3-32b-tp4pp2-L4, pid=8610)[0m ++ echo N/A
2026-03-28 01:58:12,782 - INFO - [36m(rf-qwen3-32b-tp4pp2-L4, pid=8610)[0m + numa_node=N/A
2026-03-28 01:58:12,782 - INFO - [36m(rf-qwen3-32b-tp4pp2-L4, pid=8610)[0m ++ cat /sys/bus/pci/devices/00000000:b0:00.0/local_cpulist
2026-03-28 01:58:12,782 - INFO - [36m(rf-qwen3-32b-tp4pp2-L4, pid=8610)[0m ++ echo N/A
2026-03-28 01:58:12,782 - INFO - [36m(rf-qwen3-32b-tp4pp2-L4, pid=8610)[0m + local_cpus=N/A
2026-03-28 01:58:12,782 - INFO - [36m(rf-qwen3-32b-tp4pp2-L4, pid=8610)[0m + echo 'GPU5: PCIe=00000000:B0:00.0, NUMA_node=N/A, local_cpus=N/A'
2026-03-28 01:58:12,782 - INFO - [36m(rf-qwen3-32b-tp4pp2-L4, pid=8610)[0m GPU5: PCIe=00000000:B0:00.0, NUMA_node=N/A, local_cpus=N/A
2026-03-28 01:58:12,782 - INFO - [36m(rf-qwen3-32b-tp4pp2-L4, pid=8610)[0m + for gpu in $(seq 0 $((gpu_count - 1)))
2026-03-28 01:58:12,782 - INFO - [36m(rf-qwen3-32b-tp4pp2-L4, pid=8610)[0m ++ nvidia-smi --query-gpu=pci.bus_id --format=csv,noheader -i 6
2026-03-28 01:58:12,782 - INFO - [36m(rf-qwen3-32b-tp4pp2-L4, pid=8610)[0m + bus=00000000:B2:00.0
2026-03-28 01:58:12,782 - INFO - [36m(rf-qwen3-32b-tp4pp2-L4, pid=8610)[0m + '[' -n 00000000:B2:00.0 ']'
2026-03-28 01:58:12,782 - INFO - [36m(rf-qwen3-32b-tp4pp2-L4, pid=8610)[0m ++ echo 00000000:B2:00.0
2026-03-28 01:58:12,782 - INFO - [36m(rf-qwen3-32b-tp4pp2-L4, pid=8610)[0m ++ tr '[:upper:]' '[:lower:]'
2026-03-28 01:58:12,782 - INFO - [36m(rf-qwen3-32b-tp4pp2-L4, pid=8610)[0m + bus_lower=00000000:b2:00.0
2026-03-28 01:58:12,782 - INFO - [36m(rf-qwen3-32b-tp4pp2-L4, pid=8610)[0m ++ cat /sys/bus/pci/devices/00000000:b2:00.0/numa_node
2026-03-28 01:58:12,782 - INFO - [36m(rf-qwen3-32b-tp4pp2-L4, pid=8610)[0m ++ echo N/A
2026-03-28 01:58:12,782 - INFO - [36m(rf-qwen3-32b-tp4pp2-L4, pid=8610)[0m + numa_node=N/A
2026-03-28 01:58:12,782 - INFO - [36m(rf-qwen3-32b-tp4pp2-L4, pid=8610)[0m ++ cat /sys/bus/pci/devices/00000000:b2:00.0/local_cpulist
2026-03-28 01:58:12,782 - INFO - [36m(rf-qwen3-32b-tp4pp2-L4, pid=8610)[0m ++ echo N/A
2026-03-28 01:58:12,782 - INFO - [36m(rf-qwen3-32b-tp4pp2-L4, pid=8610)[0m + local_cpus=N/A
2026-03-28 01:58:12,782 - INFO - [36m(rf-qwen3-32b-tp4pp2-L4, pid=8610)[0m + echo 'GPU6: PCIe=00000000:B2:00.0, NUMA_node=N/A, local_cpus=N/A'
2026-03-28 01:58:12,782 - INFO - [36m(rf-qwen3-32b-tp4pp2-L4, pid=8610)[0m GPU6: PCIe=00000000:B2:00.0, NUMA_node=N/A, local_cpus=N/A
2026-03-28 01:58:12,782 - INFO - [36m(rf-qwen3-32b-tp4pp2-L4, pid=8610)[0m + for gpu in $(seq 0 $((gpu_count - 1)))
2026-03-28 01:58:12,782 - INFO - [36m(rf-qwen3-32b-tp4pp2-L4, pid=8610)[0m ++ nvidia-smi --query-gpu=pci.bus_id --format=csv,noheader -i 7
2026-03-28 01:58:12,782 - INFO - [36m(rf-qwen3-32b-tp4pp2-L4, pid=8610)[0m + bus=00000000:B4:00.0
2026-03-28 01:58:12,782 - INFO - [36m(rf-qwen3-32b-tp4pp2-L4, pid=8610)[0m + '[' -n 00000000:B4:00.0 ']'
2026-03-28 01:58:12,782 - INFO - [36m(rf-qwen3-32b-tp4pp2-L4, pid=8610)[0m ++ echo 00000000:B4:00.0
2026-03-28 01:58:12,782 - INFO - [36m(rf-qwen3-32b-tp4pp2-L4, pid=8610)[0m ++ tr '[:upper:]' '[:lower:]'
2026-03-28 01:58:12,782 - INFO - [36m(rf-qwen3-32b-tp4pp2-L4, pid=8610)[0m + bus_lower=00000000:b4:00.0
2026-03-28 01:58:12,782 - INFO - [36m(rf-qwen3-32b-tp4pp2-L4, pid=8610)[0m ++ cat /sys/bus/pci/devices/00000000:b4:00.0/numa_node
2026-03-28 01:58:12,782 - INFO - [36m(rf-qwen3-32b-tp4pp2-L4, pid=8610)[0m ++ echo N/A
2026-03-28 01:58:12,782 - INFO - [36m(rf-qwen3-32b-tp4pp2-L4, pid=8610)[0m + numa_node=N/A
2026-03-28 01:58:12,782 - INFO - [36m(rf-qwen3-32b-tp4pp2-L4, pid=8610)[0m ++ cat /sys/bus/pci/devices/00000000:b4:00.0/local_cpulist
2026-03-28 01:58:12,783 - INFO - [36m(rf-qwen3-32b-tp4pp2-L4, pid=8610)[0m ++ echo N/A
2026-03-28 01:58:12,783 - INFO - [36m(rf-qwen3-32b-tp4pp2-L4, pid=8610)[0m + local_cpus=N/A
2026-03-28 01:58:12,783 - INFO - [36m(rf-qwen3-32b-tp4pp2-L4, pid=8610)[0m + echo 'GPU7: PCIe=00000000:B4:00.0, NUMA_node=N/A, local_cpus=N/A'
2026-03-28 01:58:12,783 - INFO - [36m(rf-qwen3-32b-tp4pp2-L4, pid=8610)[0m GPU7: PCIe=00000000:B4:00.0, NUMA_node=N/A, local_cpus=N/A
2026-03-28 01:58:12,783 - INFO - [36m(rf-qwen3-32b-tp4pp2-L4, pid=8610)[0m + echo -------------------------------------------
2026-03-28 01:58:12,783 - INFO - [36m(rf-qwen3-32b-tp4pp2-L4, pid=8610)[0m -------------------------------------------
2026-03-28 01:58:12,783 - INFO - [36m(rf-qwen3-32b-tp4pp2-L4, pid=8610)[0m + echo 'Checking for GPU processes and errors...'
2026-03-28 01:58:12,783 - INFO - [36m(rf-qwen3-32b-tp4pp2-L4, pid=8610)[0m Checking for GPU processes and errors...
2026-03-28 01:58:12,783 - INFO - [36m(rf-qwen3-32b-tp4pp2-L4, pid=8610)[0m + awk 'NR<=50'
2026-03-28 01:58:12,783 - INFO - [36m(rf-qwen3-32b-tp4pp2-L4, pid=8610)[0m + nvidia-smi -q -d ERRORS
2026-03-28 01:58:12,783 - INFO - [36m(rf-qwen3-32b-tp4pp2-L4, pid=8610)[0m Failed to parse --display/-d flags
2026-03-28 01:58:12,783 - INFO - [36m(rf-qwen3-32b-tp4pp2-L4, pid=8610)[0m + echo 'Error check failed'
2026-03-28 01:58:12,783 - INFO - [36m(rf-qwen3-32b-tp4pp2-L4, pid=8610)[0m Error check failed
2026-03-28 01:58:12,783 - INFO - [36m(rf-qwen3-32b-tp4pp2-L4, pid=8610)[0m + echo '--- CUDA Device Query ---'
2026-03-28 01:58:12,783 - INFO - [36m(rf-qwen3-32b-tp4pp2-L4, pid=8610)[0m --- CUDA Device Query ---
2026-03-28 01:58:12,783 - INFO - [36m(rf-qwen3-32b-tp4pp2-L4, pid=8610)[0m + python3 -c 'import ctypes; cudart = ctypes.CDLL('\''libcudart.so.12'\''); count = ctypes.c_int(); result = cudart.cudaGetDeviceCount(ctypes.byref(count)); print(f'\''cudaGetDeviceCount result: {result} (0=success), device count: {count.value}'\'')'
2026-03-28 01:58:12,783 - INFO - [36m(rf-qwen3-32b-tp4pp2-L4, pid=8610)[0m cudaGetDeviceCount result: 0 (0=success), device count: 8
2026-03-28 01:58:13,385 - INFO - [36m(rf-qwen3-32b-tp4pp2-L4, pid=8610)[0m + echo ===========================
2026-03-28 01:58:13,386 - INFO - [36m(rf-qwen3-32b-tp4pp2-L4, pid=8610)[0m ===========================
2026-03-28 01:58:13,386 - INFO - [36m(rf-qwen3-32b-tp4pp2-L4, pid=8610)[0m + source .venv/bin/activate
2026-03-28 01:58:13,386 - INFO - [36m(rf-qwen3-32b-tp4pp2-L4, pid=8610)[0m ++ '[' -z '' ']'
2026-03-28 01:58:13,386 - INFO - [36m(rf-qwen3-32b-tp4pp2-L4, pid=8610)[0m ++ '[' -n x ']'
2026-03-28 01:58:13,386 - INFO - [36m(rf-qwen3-32b-tp4pp2-L4, pid=8610)[0m ++ SCRIPT_PATH=.venv/bin/activate
2026-03-28 01:58:13,386 - INFO - [36m(rf-qwen3-32b-tp4pp2-L4, pid=8610)[0m ++ '[' .venv/bin/activate = /tmp/sky_app_g_tto_x8 ']'
2026-03-28 01:58:13,386 - INFO - [36m(rf-qwen3-32b-tp4pp2-L4, pid=8610)[0m ++ deactivate nondestructive
2026-03-28 01:58:13,386 - INFO - [36m(rf-qwen3-32b-tp4pp2-L4, pid=8610)[0m ++ unset -f pydoc
2026-03-28 01:58:13,386 - INFO - [36m(rf-qwen3-32b-tp4pp2-L4, pid=8610)[0m ++ '[' -z '' ']'
2026-03-28 01:58:13,386 - INFO - [36m(rf-qwen3-32b-tp4pp2-L4, pid=8610)[0m ++ '[' -z '' ']'
2026-03-28 01:58:13,386 - INFO - [36m(rf-qwen3-32b-tp4pp2-L4, pid=8610)[0m ++ hash -r
2026-03-28 01:58:13,386 - INFO - [36m(rf-qwen3-32b-tp4pp2-L4, pid=8610)[0m ++ '[' -z '' ']'
2026-03-28 01:58:13,386 - INFO - [36m(rf-qwen3-32b-tp4pp2-L4, pid=8610)[0m ++ unset VIRTUAL_ENV
2026-03-28 01:58:13,386 - INFO - [36m(rf-qwen3-32b-tp4pp2-L4, pid=8610)[0m ++ unset VIRTUAL_ENV_PROMPT
2026-03-28 01:58:13,386 - INFO - [36m(rf-qwen3-32b-tp4pp2-L4, pid=8610)[0m ++ '[' '!' nondestructive = nondestructive ']'
2026-03-28 01:58:13,386 - INFO - [36m(rf-qwen3-32b-tp4pp2-L4, pid=8610)[0m ++ VIRTUAL_ENV=/home/ubuntu/sky_workdir/.venv
2026-03-28 01:58:13,386 - INFO - [36m(rf-qwen3-32b-tp4pp2-L4, pid=8610)[0m ++ '[' linux-gnu = cygwin ']'
2026-03-28 01:58:13,386 - INFO - [36m(rf-qwen3-32b-tp4pp2-L4, pid=8610)[0m ++ '[' linux-gnu = msys ']'
2026-03-28 01:58:14,294 - INFO - [36m(rf-qwen3-32b-tp4pp2-L4, pid=8610)[0m ++ export VIRTUAL_ENV
2026-03-28 01:58:14,294 - INFO - [36m(rf-qwen3-32b-tp4pp2-L4, pid=8610)[0m ++ '[' -z '' ']'
2026-03-28 01:58:14,294 - INFO - [36m(rf-qwen3-32b-tp4pp2-L4, pid=8610)[0m ++ unset SCRIPT_PATH
2026-03-28 01:58:14,294 - INFO - [36m(rf-qwen3-32b-tp4pp2-L4, pid=8610)[0m ++ _OLD_VIRTUAL_PATH=/home/ubuntu/.local/bin:/home/ubuntu/.local/bin:/home/ubuntu/miniconda3/bin:/home/ubuntu/miniconda3/condabin:/usr/local/sbin:/usr/local/bin:/usr/sbin:/usr/bin:/sbin:/bin:/usr/games:/usr/local/games:/snap/bin
2026-03-28 01:58:14,294 - INFO - [36m(rf-qwen3-32b-tp4pp2-L4, pid=8610)[0m ++ PATH=/home/ubuntu/sky_workdir/.venv/bin:/home/ubuntu/.local/bin:/home/ubuntu/.local/bin:/home/ubuntu/miniconda3/bin:/home/ubuntu/miniconda3/condabin:/usr/local/sbin:/usr/local/bin:/usr/sbin:/usr/bin:/sbin:/bin:/usr/games:/usr/local/games:/snap/bin
2026-03-28 01:58:14,294 - INFO - [36m(rf-qwen3-32b-tp4pp2-L4, pid=8610)[0m ++ export PATH
2026-03-28 01:58:14,294 - INFO - [36m(rf-qwen3-32b-tp4pp2-L4, pid=8610)[0m ++ '[' xsky_workdir '!=' x ']'
2026-03-28 01:58:14,294 - INFO - [36m(rf-qwen3-32b-tp4pp2-L4, pid=8610)[0m ++ VIRTUAL_ENV_PROMPT=sky_workdir
2026-03-28 01:58:14,294 - INFO - [36m(rf-qwen3-32b-tp4pp2-L4, pid=8610)[0m ++ export VIRTUAL_ENV_PROMPT
2026-03-28 01:58:14,294 - INFO - [36m(rf-qwen3-32b-tp4pp2-L4, pid=8610)[0m ++ '[' -z '' ']'
2026-03-28 01:58:14,294 - INFO - [36m(rf-qwen3-32b-tp4pp2-L4, pid=8610)[0m ++ '[' -z '' ']'
2026-03-28 01:58:14,294 - INFO - [36m(rf-qwen3-32b-tp4pp2-L4, pid=8610)[0m ++ _OLD_VIRTUAL_PS1='(base) ${debian_chroot:+($debian_chroot)}\u@\h:\w\$ '
2026-03-28 01:58:14,294 - INFO - [36m(rf-qwen3-32b-tp4pp2-L4, pid=8610)[0m ++ PS1='(sky_workdir) (base) ${debian_chroot:+($debian_chroot)}\u@\h:\w\$ '
2026-03-28 01:58:14,294 - INFO - [36m(rf-qwen3-32b-tp4pp2-L4, pid=8610)[0m ++ export PS1
2026-03-28 01:58:14,294 - INFO - [36m(rf-qwen3-32b-tp4pp2-L4, pid=8610)[0m ++ alias pydoc
2026-03-28 01:58:14,294 - INFO - [36m(rf-qwen3-32b-tp4pp2-L4, pid=8610)[0m ++ true
2026-03-28 01:58:14,294 - INFO - [36m(rf-qwen3-32b-tp4pp2-L4, pid=8610)[0m ++ hash -r
2026-03-28 01:58:14,294 - INFO - [36m(rf-qwen3-32b-tp4pp2-L4, pid=8610)[0m + echo '=== DETAILED PyTorch CUDA Diagnostics (in run phase) ==='
2026-03-28 01:58:14,294 - INFO - [36m(rf-qwen3-32b-tp4pp2-L4, pid=8610)[0m === DETAILED PyTorch CUDA Diagnostics (in run phase) ===
2026-03-28 01:58:14,294 - INFO - [36m(rf-qwen3-32b-tp4pp2-L4, pid=8610)[0m + echo '--- Environment ---'
2026-03-28 01:58:14,294 - INFO - [36m(rf-qwen3-32b-tp4pp2-L4, pid=8610)[0m --- Environment ---
2026-03-28 01:58:14,294 - INFO - [36m(rf-qwen3-32b-tp4pp2-L4, pid=8610)[0m + echo 'LD_LIBRARY_PATH: /usr/local/cuda/lib64:/usr/local/cuda/targets/x86_64-linux/lib:'
2026-03-28 01:58:14,294 - INFO - [36m(rf-qwen3-32b-tp4pp2-L4, pid=8610)[0m LD_LIBRARY_PATH: /usr/local/cuda/lib64:/usr/local/cuda/targets/x86_64-linux/lib:
2026-03-28 01:58:15,500 - INFO - [36m(rf-qwen3-32b-tp4pp2-L4, pid=8610)[0m + echo 'CUDA_HOME: /usr/local/cuda'
2026-03-28 01:58:15,500 - INFO - [36m(rf-qwen3-32b-tp4pp2-L4, pid=8610)[0m CUDA_HOME: /usr/local/cuda
2026-03-28 01:58:15,500 - INFO - [36m(rf-qwen3-32b-tp4pp2-L4, pid=8610)[0m + which python3
2026-03-28 01:58:15,500 - INFO - [36m(rf-qwen3-32b-tp4pp2-L4, pid=8610)[0m /home/ubuntu/sky_workdir/.venv/bin/python3
2026-03-28 01:58:15,500 - INFO - [36m(rf-qwen3-32b-tp4pp2-L4, pid=8610)[0m + echo '--- Torch info ---'
2026-03-28 01:58:15,500 - INFO - [36m(rf-qwen3-32b-tp4pp2-L4, pid=8610)[0m --- Torch info ---
2026-03-28 01:58:15,500 - INFO - [36m(rf-qwen3-32b-tp4pp2-L4, pid=8610)[0m + python3 -c 'import torch; print('\''torch.__version__:'\'', torch.__version__); print('\''torch.__file__:'\'', torch.__file__); print('\''torch.version.cuda:'\'', torch.version.cuda); print('\''torch.backends.cuda.is_built():'\'', torch.backends.cuda.is_built())'
2026-03-28 01:58:15,500 - INFO - [36m(rf-qwen3-32b-tp4pp2-L4, pid=8610)[0m torch.__version__: 2.7.1+cu126
2026-03-28 01:58:16,504 - INFO - [36m(rf-qwen3-32b-tp4pp2-L4, pid=8610)[0m torch.__file__: /home/ubuntu/sky_workdir/.venv/lib/python3.12/site-packages/torch/__init__.py
2026-03-28 01:58:16,504 - INFO - [36m(rf-qwen3-32b-tp4pp2-L4, pid=8610)[0m torch.version.cuda: 12.6
2026-03-28 01:58:16,504 - INFO - [36m(rf-qwen3-32b-tp4pp2-L4, pid=8610)[0m torch.backends.cuda.is_built(): True
2026-03-28 01:58:16,504 - INFO - [36m(rf-qwen3-32b-tp4pp2-L4, pid=8610)[0m + echo '--- CUDA check ---'
2026-03-28 01:58:17,911 - INFO - [36m(rf-qwen3-32b-tp4pp2-L4, pid=8610)[0m --- CUDA check ---
2026-03-28 01:58:17,911 - INFO - [36m(rf-qwen3-32b-tp4pp2-L4, pid=8610)[0m + python3 -c 'import torch; print('\''torch.cuda.is_available():'\'', torch.cuda.is_available()); print('\''torch.cuda.device_count():'\'', torch.cuda.device_count() if torch.cuda.is_available() else '\''N/A - checking why...'\'')'
2026-03-28 01:58:17,911 - INFO - [36m(rf-qwen3-32b-tp4pp2-L4, pid=8610)[0m torch.cuda.is_available(): True
2026-03-28 01:58:18,715 - INFO - [36m(rf-qwen3-32b-tp4pp2-L4, pid=8610)[0m torch.cuda.device_count(): 8
2026-03-28 01:58:18,715 - INFO - [36m(rf-qwen3-32b-tp4pp2-L4, pid=8610)[0m + echo '--- Loading CUDA libs directly ---'
2026-03-28 01:58:20,625 - INFO - [36m(rf-qwen3-32b-tp4pp2-L4, pid=8610)[0m --- Loading CUDA libs directly ---
2026-03-28 01:58:20,625 - INFO - [36m(rf-qwen3-32b-tp4pp2-L4, pid=8610)[0m + python3 -c 'import ctypes; libs=['\''libcuda.so.1'\'','\''libcudart.so.12'\'','\''libnvidia-ml.so.1'\'']; [print(l+'\'': OK'\'') if ctypes.CDLL(l) else None for l in libs]'
2026-03-28 01:58:20,625 - INFO - [36m(rf-qwen3-32b-tp4pp2-L4, pid=8610)[0m libcuda.so.1: OK
2026-03-28 01:58:20,625 - INFO - [36m(rf-qwen3-32b-tp4pp2-L4, pid=8610)[0m libcudart.so.12: OK
2026-03-28 01:58:20,625 - INFO - [36m(rf-qwen3-32b-tp4pp2-L4, pid=8610)[0m libnvidia-ml.so.1: OK
2026-03-28 01:58:20,625 - INFO - [36m(rf-qwen3-32b-tp4pp2-L4, pid=8610)[0m + echo '--- Manual CUDA init attempt ---'
2026-03-28 01:58:20,625 - INFO - [36m(rf-qwen3-32b-tp4pp2-L4, pid=8610)[0m --- Manual CUDA init attempt ---
2026-03-28 01:58:20,625 - INFO - [36m(rf-qwen3-32b-tp4pp2-L4, pid=8610)[0m + python3 -c 'import torch; torch.cuda.init(); print('\''torch.cuda.init() OK, device_count:'\'', torch.cuda.device_count())'
2026-03-28 01:58:20,625 - INFO - [36m(rf-qwen3-32b-tp4pp2-L4, pid=8610)[0m torch.cuda.init() OK, device_count: 8
2026-03-28 01:58:21,229 - INFO - [36m(rf-qwen3-32b-tp4pp2-L4, pid=8610)[0m + echo '--- Installed torch packages ---'
2026-03-28 01:58:21,932 - INFO - [36m(rf-qwen3-32b-tp4pp2-L4, pid=8610)[0m --- Installed torch packages ---
2026-03-28 01:58:21,932 - INFO - [36m(rf-qwen3-32b-tp4pp2-L4, pid=8610)[0m + pip list
2026-03-28 01:58:21,932 - INFO - [36m(rf-qwen3-32b-tp4pp2-L4, pid=8610)[0m + grep --color=auto -i -E 'torch|nvidia|cuda|triton'
2026-03-28 01:58:21,932 - INFO - [36m(rf-qwen3-32b-tp4pp2-L4, pid=8610)[0m cuda-pathfinder                   1.5.0
2026-03-28 01:58:22,735 - INFO - [36m(rf-qwen3-32b-tp4pp2-L4, pid=8610)[0m cupy-cuda12x                      14.0.1
2026-03-28 01:58:22,735 - INFO - [36m(rf-qwen3-32b-tp4pp2-L4, pid=8610)[0m nvidia-cublas-cu12                12.6.4.1
2026-03-28 01:58:22,735 - INFO - [36m(rf-qwen3-32b-tp4pp2-L4, pid=8610)[0m nvidia-cuda-cupti-cu12            12.6.80
2026-03-28 01:58:22,735 - INFO - [36m(rf-qwen3-32b-tp4pp2-L4, pid=8610)[0m nvidia-cuda-nvrtc-cu12            12.6.77
2026-03-28 01:58:22,735 - INFO - [36m(rf-qwen3-32b-tp4pp2-L4, pid=8610)[0m nvidia-cuda-runtime-cu12          12.6.77
2026-03-28 01:58:22,735 - INFO - [36m(rf-qwen3-32b-tp4pp2-L4, pid=8610)[0m nvidia-cudnn-cu12                 9.5.1.17
2026-03-28 01:58:22,735 - INFO - [36m(rf-qwen3-32b-tp4pp2-L4, pid=8610)[0m nvidia-cufft-cu12                 11.3.0.4
2026-03-28 01:58:22,735 - INFO - [36m(rf-qwen3-32b-tp4pp2-L4, pid=8610)[0m nvidia-cufile-cu12                1.11.1.6
2026-03-28 01:58:22,735 - INFO - [36m(rf-qwen3-32b-tp4pp2-L4, pid=8610)[0m nvidia-curand-cu12                10.3.7.77
2026-03-28 01:58:22,735 - INFO - [36m(rf-qwen3-32b-tp4pp2-L4, pid=8610)[0m nvidia-cusolver-cu12              11.7.1.2
2026-03-28 01:58:22,735 - INFO - [36m(rf-qwen3-32b-tp4pp2-L4, pid=8610)[0m nvidia-cusparse-cu12              12.5.4.2
2026-03-28 01:58:22,735 - INFO - [36m(rf-qwen3-32b-tp4pp2-L4, pid=8610)[0m nvidia-cusparselt-cu12            0.6.3
2026-03-28 01:58:22,735 - INFO - [36m(rf-qwen3-32b-tp4pp2-L4, pid=8610)[0m nvidia-ml-py                      13.595.45
2026-03-28 01:58:22,735 - INFO - [36m(rf-qwen3-32b-tp4pp2-L4, pid=8610)[0m nvidia-nccl-cu12                  2.26.2
2026-03-28 01:58:22,735 - INFO - [36m(rf-qwen3-32b-tp4pp2-L4, pid=8610)[0m nvidia-nvjitlink-cu12             12.6.85
2026-03-28 01:58:22,735 - INFO - [36m(rf-qwen3-32b-tp4pp2-L4, pid=8610)[0m nvidia-nvtx-cu12                  12.6.77
2026-03-28 01:58:22,735 - INFO - [36m(rf-qwen3-32b-tp4pp2-L4, pid=8610)[0m torch                             2.7.1
2026-03-28 01:58:22,735 - INFO - [36m(rf-qwen3-32b-tp4pp2-L4, pid=8610)[0m torchaudio                        2.7.1
2026-03-28 01:58:22,735 - INFO - [36m(rf-qwen3-32b-tp4pp2-L4, pid=8610)[0m torchvision                       0.22.1
2026-03-28 01:58:22,735 - INFO - [36m(rf-qwen3-32b-tp4pp2-L4, pid=8610)[0m triton                            3.3.1
2026-03-28 01:58:22,735 - INFO - [36m(rf-qwen3-32b-tp4pp2-L4, pid=8610)[0m + echo =========================================
2026-03-28 01:58:22,735 - INFO - [36m(rf-qwen3-32b-tp4pp2-L4, pid=8610)[0m =========================================
2026-03-28 01:58:22,735 - INFO - [36m(rf-qwen3-32b-tp4pp2-L4, pid=8610)[0m + export LD_LIBRARY_PATH=/usr/local/cuda/lib64:/usr/local/cuda/targets/x86_64-linux/lib:/usr/local/cuda/lib64:/usr/local/cuda/targets/x86_64-linux/lib:
2026-03-28 01:58:22,735 - INFO - [36m(rf-qwen3-32b-tp4pp2-L4, pid=8610)[0m + LD_LIBRARY_PATH=/usr/local/cuda/lib64:/usr/local/cuda/targets/x86_64-linux/lib:/usr/local/cuda/lib64:/usr/local/cuda/targets/x86_64-linux/lib:
2026-03-28 01:58:22,735 - INFO - [36m(rf-qwen3-32b-tp4pp2-L4, pid=8610)[0m + export NCCL_P2P_DISABLE=0
2026-03-28 01:58:22,735 - INFO - [36m(rf-qwen3-32b-tp4pp2-L4, pid=8610)[0m + NCCL_P2P_DISABLE=0
2026-03-28 01:58:22,735 - INFO - [36m(rf-qwen3-32b-tp4pp2-L4, pid=8610)[0m + export NCCL_TIMEOUT=3600
2026-03-28 01:58:22,735 - INFO - [36m(rf-qwen3-32b-tp4pp2-L4, pid=8610)[0m + NCCL_TIMEOUT=3600
2026-03-28 01:58:22,736 - INFO - [36m(rf-qwen3-32b-tp4pp2-L4, pid=8610)[0m + export TORCH_NCCL_BLOCKING_WAIT=1
2026-03-28 01:58:22,736 - INFO - [36m(rf-qwen3-32b-tp4pp2-L4, pid=8610)[0m + TORCH_NCCL_BLOCKING_WAIT=1
2026-03-28 01:58:22,736 - INFO - [36m(rf-qwen3-32b-tp4pp2-L4, pid=8610)[0m + export TORCH_NCCL_ASYNC_ERROR_HANDLING=1
2026-03-28 01:58:22,736 - INFO - [36m(rf-qwen3-32b-tp4pp2-L4, pid=8610)[0m + TORCH_NCCL_ASYNC_ERROR_HANDLING=1
2026-03-28 01:58:24,746 - INFO - [36m(rf-qwen3-32b-tp4pp2-L4, pid=8610)[0m + export TORCH_NCCL_TRACE_BUFFER_SIZE=10000
2026-03-28 01:58:24,746 - INFO - [36m(rf-qwen3-32b-tp4pp2-L4, pid=8610)[0m + TORCH_NCCL_TRACE_BUFFER_SIZE=10000
2026-03-28 01:58:24,746 - INFO - [36m(rf-qwen3-32b-tp4pp2-L4, pid=8610)[0m + export TORCH_DISTRIBUTED_DEBUG=DETAIL
2026-03-28 01:58:24,746 - INFO - [36m(rf-qwen3-32b-tp4pp2-L4, pid=8610)[0m + TORCH_DISTRIBUTED_DEBUG=DETAIL
2026-03-28 01:58:24,746 - INFO - [36m(rf-qwen3-32b-tp4pp2-L4, pid=8610)[0m + export NCCL_DEBUG=INFO
2026-03-28 01:58:24,746 - INFO - [36m(rf-qwen3-32b-tp4pp2-L4, pid=8610)[0m + NCCL_DEBUG=INFO
2026-03-28 01:58:24,746 - INFO - [36m(rf-qwen3-32b-tp4pp2-L4, pid=8610)[0m + export RAY_DASHBOARD_HOST=0.0.0.0
2026-03-28 01:58:24,746 - INFO - [36m(rf-qwen3-32b-tp4pp2-L4, pid=8610)[0m + RAY_DASHBOARD_HOST=0.0.0.0
2026-03-28 01:58:24,746 - INFO - [36m(rf-qwen3-32b-tp4pp2-L4, pid=8610)[0m + export RAY_HEAD_PORT=6379
2026-03-28 01:58:24,746 - INFO - [36m(rf-qwen3-32b-tp4pp2-L4, pid=8610)[0m + RAY_HEAD_PORT=6379
2026-03-28 01:58:24,746 - INFO - [36m(rf-qwen3-32b-tp4pp2-L4, pid=8610)[0m + export RAY_DASHBOARD_PORT=8265
2026-03-28 01:58:24,746 - INFO - [36m(rf-qwen3-32b-tp4pp2-L4, pid=8610)[0m + RAY_DASHBOARD_PORT=8265
2026-03-28 01:58:24,746 - INFO - [36m(rf-qwen3-32b-tp4pp2-L4, pid=8610)[0m + echo 'Starting Ray for single-node pipeline parallelism...'
2026-03-28 01:58:24,746 - INFO - [36m(rf-qwen3-32b-tp4pp2-L4, pid=8610)[0m Starting Ray for single-node pipeline parallelism...
2026-03-28 01:58:24,747 - INFO - [36m(rf-qwen3-32b-tp4pp2-L4, pid=8610)[0m + uv run ray start --head --port=6379 --dashboard-host=0.0.0.0 --dashboard-port=8265 --num-cpus=0
2026-03-28 01:58:24,747 - INFO - [36m(rf-qwen3-32b-tp4pp2-L4, pid=8610)[0m 2026-03-27 20:28:24,440	INFO usage_lib.py:447 -- Usage stats collection is disabled.
2026-03-28 01:58:28,965 - INFO - [36m(rf-qwen3-32b-tp4pp2-L4, pid=8610)[0m 2026-03-27 20:28:24,440	INFO scripts.py:936 -- Local node IP: 172.31.32.216
2026-03-28 01:58:28,965 - INFO - [36m(rf-qwen3-32b-tp4pp2-L4, pid=8610)[0m 2026-03-27 20:28:28,669	SUCC scripts.py:975 -- --------------------
2026-03-28 01:58:29,668 - INFO - [36m(rf-qwen3-32b-tp4pp2-L4, pid=8610)[0m 2026-03-27 20:28:28,669	SUCC scripts.py:976 -- Ray runtime started.
2026-03-28 01:58:29,668 - INFO - [36m(rf-qwen3-32b-tp4pp2-L4, pid=8610)[0m 2026-03-27 20:28:28,669	SUCC scripts.py:977 -- --------------------
2026-03-28 01:58:29,668 - INFO - [36m(rf-qwen3-32b-tp4pp2-L4, pid=8610)[0m 2026-03-27 20:28:28,669	INFO scripts.py:979 -- Next steps
2026-03-28 01:58:29,668 - INFO - [36m(rf-qwen3-32b-tp4pp2-L4, pid=8610)[0m 2026-03-27 20:28:28,669	INFO scripts.py:982 -- To add another node to this Ray cluster, run
2026-03-28 01:58:29,668 - INFO - [36m(rf-qwen3-32b-tp4pp2-L4, pid=8610)[0m 2026-03-27 20:28:28,669	INFO scripts.py:985 --   ray start --address='172.31.32.216:6379'
2026-03-28 01:58:29,668 - INFO - [36m(rf-qwen3-32b-tp4pp2-L4, pid=8610)[0m 2026-03-27 20:28:28,669	INFO scripts.py:996 -- To connect to this Ray cluster:
2026-03-28 01:58:29,668 - INFO - [36m(rf-qwen3-32b-tp4pp2-L4, pid=8610)[0m 2026-03-27 20:28:28,669	INFO scripts.py:998 -- import ray
2026-03-28 01:58:29,668 - INFO - [36m(rf-qwen3-32b-tp4pp2-L4, pid=8610)[0m 2026-03-27 20:28:28,669	INFO scripts.py:999 -- ray.init()
2026-03-28 01:58:29,668 - INFO - [36m(rf-qwen3-32b-tp4pp2-L4, pid=8610)[0m 2026-03-27 20:28:28,669	INFO scripts.py:1032 -- To terminate the Ray runtime, run
2026-03-28 01:58:29,668 - INFO - [36m(rf-qwen3-32b-tp4pp2-L4, pid=8610)[0m 2026-03-27 20:28:28,669	INFO scripts.py:1033 --   ray stop
2026-03-28 01:58:29,668 - INFO - [36m(rf-qwen3-32b-tp4pp2-L4, pid=8610)[0m 2026-03-27 20:28:28,669	INFO scripts.py:1036 -- To view the status of the cluster, use
2026-03-28 01:58:29,668 - INFO - [36m(rf-qwen3-32b-tp4pp2-L4, pid=8610)[0m 2026-03-27 20:28:28,669	INFO scripts.py:1037 --   ray status
2026-03-28 01:58:29,669 - INFO - [36m(rf-qwen3-32b-tp4pp2-L4, pid=8610)[0m + sleep 5
2026-03-28 01:58:34,488 - INFO - [36m(rf-qwen3-32b-tp4pp2-L4, pid=8610)[0m + uv run ray status --address=127.0.0.1:6379
2026-03-28 01:58:35,394 - INFO - [36m(rf-qwen3-32b-tp4pp2-L4, pid=8610)[0m ======== Autoscaler status: 2026-03-27 20:28:32.068877 ========
2026-03-28 01:58:35,395 - INFO - [36m(rf-qwen3-32b-tp4pp2-L4, pid=8610)[0m Node status
2026-03-28 01:58:35,395 - INFO - [36m(rf-qwen3-32b-tp4pp2-L4, pid=8610)[0m ---------------------------------------------------------------
2026-03-28 01:58:35,395 - INFO - [36m(rf-qwen3-32b-tp4pp2-L4, pid=8610)[0m Active:
2026-03-28 01:58:35,395 - INFO - [36m(rf-qwen3-32b-tp4pp2-L4, pid=8610)[0m  1 node_c01cbd7877c594a6a86b1322ddac9de2edfc87c957c6bb669b95a483
2026-03-28 01:58:35,395 - INFO - [36m(rf-qwen3-32b-tp4pp2-L4, pid=8610)[0m Pending:
2026-03-28 01:58:35,395 - INFO - [36m(rf-qwen3-32b-tp4pp2-L4, pid=8610)[0m  (no pending nodes)
2026-03-28 01:58:35,395 - INFO - [36m(rf-qwen3-32b-tp4pp2-L4, pid=8610)[0m Recent failures:
2026-03-28 01:58:35,395 - INFO - [36m(rf-qwen3-32b-tp4pp2-L4, pid=8610)[0m  (no failures)
2026-03-28 01:58:35,395 - INFO - [36m(rf-qwen3-32b-tp4pp2-L4, pid=8610)[0m
2026-03-28 01:58:35,395 - INFO - [36m(rf-qwen3-32b-tp4pp2-L4, pid=8610)[0m Resources
2026-03-28 01:58:35,395 - INFO - [36m(rf-qwen3-32b-tp4pp2-L4, pid=8610)[0m ---------------------------------------------------------------
2026-03-28 01:58:35,395 - INFO - [36m(rf-qwen3-32b-tp4pp2-L4, pid=8610)[0m Total Usage:
2026-03-28 01:58:35,395 - INFO - [36m(rf-qwen3-32b-tp4pp2-L4, pid=8610)[0m  0.0/8.0 GPU
2026-03-28 01:58:35,395 - INFO - [36m(rf-qwen3-32b-tp4pp2-L4, pid=8610)[0m  0B/523.90GiB memory
2026-03-28 01:58:35,395 - INFO - [36m(rf-qwen3-32b-tp4pp2-L4, pid=8610)[0m  0B/186.26GiB object_store_memory
2026-03-28 01:58:35,395 - INFO - [36m(rf-qwen3-32b-tp4pp2-L4, pid=8610)[0m
2026-03-28 01:58:35,395 - INFO - [36m(rf-qwen3-32b-tp4pp2-L4, pid=8610)[0m From request_resources:
2026-03-28 01:58:35,395 - INFO - [36m(rf-qwen3-32b-tp4pp2-L4, pid=8610)[0m  (none)
2026-03-28 01:58:36,296 - INFO - [36m(rf-qwen3-32b-tp4pp2-L4, pid=8610)[0m Pending Demands:
2026-03-28 01:58:36,296 - INFO - [36m(rf-qwen3-32b-tp4pp2-L4, pid=8610)[0m  (no resource demands)
2026-03-28 01:58:36,296 - INFO - [36m(rf-qwen3-32b-tp4pp2-L4, pid=8610)[0m + PYTHONHASHSEED=0
2026-03-28 01:58:36,296 - INFO - [36m(rf-qwen3-32b-tp4pp2-L4, pid=8610)[0m + python roofline_benchmarks/benchmark_rf-qwen3-32b-tp4pp2-L4.py
2026-03-28 01:58:36,296 - INFO - [36m(rf-qwen3-32b-tp4pp2-L4, pid=8610)[0m 🚀 Starting vLLM server: /home/ubuntu/sky_workdir/.venv/bin/python -m vllm.entrypoints.openai.api_server --model /models/Qwen/Qwen3-32B --tensor-parallel-size 4 --pipeline-parallel-size 2 --max-model-len 18432 --gpu-memory-utilization 0.85 --enforce-eager --no-enable-prefix-caching --disable-log-requests --port 8000 --distributed-executor-backend ray
2026-03-28 01:59:33,363 - INFO - [36m(rf-qwen3-32b-tp4pp2-L4, pid=8610)[0m ⏳ Waiting for server health (timeout=1800s)...
2026-03-28 01:59:33,363 - INFO - [36m(rf-qwen3-32b-tp4pp2-L4, pid=8610)[0m ✅ Server healthy after 57.0s
2026-03-28 01:59:34,168 - INFO - [36m(rf-qwen3-32b-tp4pp2-L4, pid=8610)[0m 📊 Parsed from server log: KV cache=350544 tokens, num_gpu_blocks=21909, block_size=16
2026-03-28 01:59:34,168 - INFO - [36m(rf-qwen3-32b-tp4pp2-L4, pid=8610)[0m 📊 target_concurrency = 19 (21909 blocks × 16 / 18432)
2026-03-28 01:59:34,168 - INFO - [36m(rf-qwen3-32b-tp4pp2-L4, pid=8610)[0m
2026-03-28 01:59:34,168 - INFO - [36m(rf-qwen3-32b-tp4pp2-L4, pid=8610)[0m ======================================================================
2026-03-28 01:59:34,168 - INFO - [36m(rf-qwen3-32b-tp4pp2-L4, pid=8610)[0m Running: TP=4, PP=2, input=16384, output=2048
2026-03-28 01:59:34,168 - INFO - [36m(rf-qwen3-32b-tp4pp2-L4, pid=8610)[0m Target concurrency: 19
2026-03-28 01:59:34,168 - INFO - [36m(rf-qwen3-32b-tp4pp2-L4, pid=8610)[0m ======================================================================
2026-03-28 01:59:34,168 - INFO - [36m(rf-qwen3-32b-tp4pp2-L4, pid=8610)[0m 2026-03-27 20:29:33,877	INFO worker.py:1810 -- Connecting to existing Ray cluster at address: 172.31.32.216:6379...
2026-03-28 01:59:34,875 - INFO - [36m(rf-qwen3-32b-tp4pp2-L4, pid=8610)[0m 2026-03-27 20:29:34,037	INFO worker.py:2013 -- Connected to Ray cluster.
2026-03-28 01:59:38,794 - INFO - [36m(rf-qwen3-32b-tp4pp2-L4, pid=8610)[0m 📊 Using local GPU monitoring (single-node Ray cluster)
2026-03-28 01:59:38,794 - INFO - [36m(rf-qwen3-32b-tp4pp2-L4, pid=8610)[0m 🔥 Running warmup (5 requests)...
2026-03-28 01:59:38,794 - INFO - [36m(rf-qwen3-32b-tp4pp2-L4, pid=8610)[0m Loading tokenizer for /models/Qwen/Qwen3-32B...
2026-03-28 01:59:39,700 - INFO - [36m(rf-qwen3-32b-tp4pp2-L4, pid=8610)[0m Loading dataset emozilla/pg19-test...
2026-03-28 01:59:49,356 - INFO - [36m(rf-qwen3-32b-tp4pp2-L4, pid=8610)[0m `trust_remote_code` is not supported anymore.
2026-03-28 01:59:49,356 - INFO - [36m(rf-qwen3-32b-tp4pp2-L4, pid=8610)[0m Please check that the Hugging Face dataset 'emozilla/pg19-test' isn't based on a loading script and remove `trust_remote_code`.
2026-03-28 01:59:49,356 - INFO - [36m(rf-qwen3-32b-tp4pp2-L4, pid=8610)[0m If the dataset is based on a loading script, please ask the dataset author to remove it and convert it to a standard format like Parquet.
2026-03-28 01:59:49,356 - INFO - [36m(rf-qwen3-32b-tp4pp2-L4, pid=8610)[0m '(ReadTimeoutError("HTTPSConnectionPool(host='huggingface.co', port=443): Read timed out. (read timeout=10)"), '(Request ID: c0fcaebf-1814-47ae-8f20-57886724b60a)')' thrown while requesting HEAD https://huggingface.co/datasets/emozilla/pg19-test/resolve/c5e39bf32e33f9111323aa68d7d9000d22722035/.huggingface.yaml
2026-03-28 01:59:53,070 - INFO - [36m(rf-qwen3-32b-tp4pp2-L4, pid=8610)[0m Retrying in 1s [Retry 1/5].
2026-03-28 01:59:53,671 - INFO - [36m(rf-qwen3-32b-tp4pp2-L4, pid=8610)[0m
2026-03-28 01:59:54,175 - INFO - [36m(rf-qwen3-32b-tp4pp2-L4, pid=8610)[0m Generating test split:   0%|          | 0/100 [00:00<?, ? examples/s]
2026-03-28 01:59:54,175 - INFO - [36m(rf-qwen3-32b-tp4pp2-L4, pid=8610)[0m Generating test split: 100%|██████████| 100/100 [00:00<00:00, 497.91 examples/s]
2026-03-28 01:59:54,175 - INFO - Generating test split: 100%|██████████| 100/100 [00:00<00:00, 487.89 examples/s]
2026-03-28 01:59:54,175 - INFO - [36m(rf-qwen3-32b-tp4pp2-L4, pid=8610)[0m Running 5 benchmark requests (concurrency=2)...
2026-03-28 02:02:53,467 - INFO - [36m(rf-qwen3-32b-tp4pp2-L4, pid=8610)[0m   Progress: 1/5 (179s elapsed)
2026-03-28 02:02:57,787 - INFO - [36m(rf-qwen3-32b-tp4pp2-L4, pid=8610)[0m   Progress: 2/5 (184s elapsed)
2026-03-28 02:05:58,264 - INFO - [36m(rf-qwen3-32b-tp4pp2-L4, pid=8610)[0m   Progress: 3/5 (364s elapsed)
2026-03-28 02:06:02,482 - INFO - [36m(rf-qwen3-32b-tp4pp2-L4, pid=8610)[0m   Progress: 4/5 (368s elapsed)
2026-03-28 02:08:40,487 - INFO - [36m(rf-qwen3-32b-tp4pp2-L4, pid=8610)[0m   Progress: 5/5 (526s elapsed)
2026-03-28 02:08:41,090 - INFO - [36m(rf-qwen3-32b-tp4pp2-L4, pid=8610)[0m
2026-03-28 02:08:41,090 - INFO - [36m(rf-qwen3-32b-tp4pp2-L4, pid=8610)[0m ============================================================
2026-03-28 02:08:41,090 - INFO - [36m(rf-qwen3-32b-tp4pp2-L4, pid=8610)[0m Benchmark complete: 5/5 successful
2026-03-28 02:08:41,090 - INFO - [36m(rf-qwen3-32b-tp4pp2-L4, pid=8610)[0m Wall clock: 526.3s
2026-03-28 02:08:41,090 - INFO - [36m(rf-qwen3-32b-tp4pp2-L4, pid=8610)[0m Results saved to: /tmp/warmup_results.json
2026-03-28 02:08:41,090 - INFO - [36m(rf-qwen3-32b-tp4pp2-L4, pid=8610)[0m TTFT p50/p95/p99: 7314.8 / 12037.8 / 12793.2 ms
2026-03-28 02:08:41,090 - INFO - [36m(rf-qwen3-32b-tp4pp2-L4, pid=8610)[0m E2E  p50/p95/p99: 183701.0 / 184665.4 / 184672.6 ms
2026-03-28 02:08:41,090 - INFO - [36m(rf-qwen3-32b-tp4pp2-L4, pid=8610)[0m ✅ Warmup complete
2026-03-28 02:08:43,100 - INFO - [36m(rf-qwen3-32b-tp4pp2-L4, pid=8610)[0m 📊 Running benchmark: 76 requests, concurrency=19
2026-03-28 02:08:46,419 - INFO - [36m(rf-qwen3-32b-tp4pp2-L4, pid=8610)[0m Loading tokenizer for /models/Qwen/Qwen3-32B...
2026-03-28 02:08:47,324 - INFO - [36m(rf-qwen3-32b-tp4pp2-L4, pid=8610)[0m Loading dataset emozilla/pg19-test...
2026-03-28 02:08:49,839 - INFO - [36m(rf-qwen3-32b-tp4pp2-L4, pid=8610)[0m `trust_remote_code` is not supported anymore.
2026-03-28 02:08:49,839 - INFO - [36m(rf-qwen3-32b-tp4pp2-L4, pid=8610)[0m Please check that the Hugging Face dataset 'emozilla/pg19-test' isn't based on a loading script and remove `trust_remote_code`.
2026-03-28 02:08:49,839 - INFO - [36m(rf-qwen3-32b-tp4pp2-L4, pid=8610)[0m If the dataset is based on a loading script, please ask the dataset author to remove it and convert it to a standard format like Parquet.
2026-03-28 02:08:49,839 - INFO - [36m(rf-qwen3-32b-tp4pp2-L4, pid=8610)[0m Token indices sequence length is longer than the specified maximum sequence length for this model (136936 > 131072). Running this sequence through the model will result in indexing errors
2026-03-28 02:09:06,933 - INFO - [36m(rf-qwen3-32b-tp4pp2-L4, pid=8610)[0m Running 76 benchmark requests (concurrency=19)...
2026-03-28 02:19:07,318 - INFO - [36m(rf-qwen3-32b-tp4pp2-L4, pid=8610)[0m   Progress: 7/76 (600s elapsed)
2026-03-28 02:29:08,424 - INFO - [36m(rf-qwen3-32b-tp4pp2-L4, pid=8610)[0m   Progress: 14/76 (600s elapsed)
2026-03-28 02:29:08,424 - INFO - [36m(rf-qwen3-32b-tp4pp2-L4, pid=8610)[0m   Progress: 21/76 (1201s elapsed)
2026-03-28 02:39:09,306 - INFO - [36m(rf-qwen3-32b-tp4pp2-L4, pid=8610)[0m   Progress: 28/76 (1201s elapsed)
2026-03-28 02:39:09,306 - INFO - [36m(rf-qwen3-32b-tp4pp2-L4, pid=8610)[0m   Progress: 35/76 (1201s elapsed)
2026-03-28 02:39:09,306 - INFO - [36m(rf-qwen3-32b-tp4pp2-L4, pid=8610)[0m   Progress: 42/76 (1802s elapsed)
2026-03-28 02:49:10,361 - INFO - [36m(rf-qwen3-32b-tp4pp2-L4, pid=8610)[0m   Progress: 49/76 (1802s elapsed)
2026-03-28 02:49:10,361 - INFO - [36m(rf-qwen3-32b-tp4pp2-L4, pid=8610)[0m   Progress: 56/76 (1802s elapsed)
2026-03-28 02:49:10,361 - INFO - [36m(rf-qwen3-32b-tp4pp2-L4, pid=8610)[0m   Progress: 63/76 (2403s elapsed)
2026-03-28 02:49:11,168 - INFO - [36m(rf-qwen3-32b-tp4pp2-L4, pid=8610)[0m   Progress: 70/76 (2403s elapsed)
2026-03-28 02:49:11,168 - INFO - [36m(rf-qwen3-32b-tp4pp2-L4, pid=8610)[0m   Progress: 76/76 (2403s elapsed)
2026-03-28 02:49:11,168 - INFO - [36m(rf-qwen3-32b-tp4pp2-L4, pid=8610)[0m
2026-03-28 02:49:11,168 - INFO - [36m(rf-qwen3-32b-tp4pp2-L4, pid=8610)[0m ============================================================
2026-03-28 02:49:11,168 - INFO - [36m(rf-qwen3-32b-tp4pp2-L4, pid=8610)[0m Benchmark complete: 0/76 successful
2026-03-28 02:49:11,168 - INFO - [36m(rf-qwen3-32b-tp4pp2-L4, pid=8610)[0m Wall clock: 2403.5s
2026-03-28 02:49:11,168 - INFO - [36m(rf-qwen3-32b-tp4pp2-L4, pid=8610)[0m Results saved to: /tmp/client_results_tp4_pp2_in16384_out2048.json
2026-03-28 02:49:11,168 - INFO - [36m(rf-qwen3-32b-tp4pp2-L4, pid=8610)[0m 📊 GPU monitoring: local (single node)
2026-03-28 02:49:12,072 - INFO - [36m(rf-qwen3-32b-tp4pp2-L4, pid=8610)[0m 📈 Time-series saved to /tmp/timeseries_tp4_pp2_in16384_out2048.json
2026-03-28 02:49:14,983 - INFO - [36m(rf-qwen3-32b-tp4pp2-L4, pid=8610)[0m Result: success
2026-03-28 02:49:14,983 - INFO - [36m(rf-qwen3-32b-tp4pp2-L4, pid=8610)[0m
2026-03-28 02:49:14,983 - INFO - [36m(rf-qwen3-32b-tp4pp2-L4, pid=8610)[0m ✅ All done! Results in /tmp/benchmark_results.json
2026-03-28 02:49:14,983 - INFO - [36m(rf-qwen3-32b-tp4pp2-L4, pid=8610)[0m 🛑 Stopping vLLM server...
2026-03-28 02:49:14,983 - INFO - [36m(rf-qwen3-32b-tp4pp2-L4, pid=8610)[0m ✅ Server stopped
2026-03-28 02:49:16,186 - INFO - [36m(rf-qwen3-32b-tp4pp2-L4, pid=8610)[0m + echo 'Cleaning up Ray (this may show warnings if vLLM workers are still active)...'
2026-03-28 02:49:18,194 - INFO - [36m(rf-qwen3-32b-tp4pp2-L4, pid=8610)[0m Cleaning up Ray (this may show warnings if vLLM workers are still active)...
2026-03-28 02:49:18,194 - INFO - [36m(rf-qwen3-32b-tp4pp2-L4, pid=8610)[0m + sleep 2
2026-03-28 02:49:18,194 - INFO - [36m(rf-qwen3-32b-tp4pp2-L4, pid=8610)[0m + uv run ray stop
2026-03-28 02:49:19,498 - INFO - [36m(rf-qwen3-32b-tp4pp2-L4, pid=8610)[0m 2026-03-27 21:19:18,737	VINFO scripts.py:1315 -- Send termination request to `/home/ubuntu/skypilot-runtime/lib/python3.10/site-packages/ray/core/src/ray/raylet/raylet --raylet_socket_name=/tmp/ray_skypilot/session_2026-03-27_20-22-09_236254_4268/sockets/raylet --store_socket_name=/tmp/ray_skypilot/session_2026-03-27_20-22-09_236254_4268/sockets/plasma_store --object_manager_port=8076 --min_worker_port=11002 --max_worker_port=19999 --node_manager_port=0 --node_ip_address=172.31.32.216 --maximum_startup_concurrency=192 --static_resource_list=L4,8,node:172.31.32.216,1.0,node:__internal_head__,1.0,accelerator_type:L4,1,CPU,192,GPU,8,memory,567918316544,object_store_memory,200000000000 "--python_worker_command=/home/ubuntu/skypilot-runtime/bin/python /home/ubuntu/skypilot-runtime/lib/python3.10/site-packages/ray/_private/workers/setup_worker.py /home/ubuntu/skypilot-runtime/lib/python3.10/site-packages/ray/_private/workers/default_worker.py --node-ip-address=172.31.32.216 --node-manager-port=RAY_NODE_MANAGER_PORT_PLACEHOLDER --object-store-name=/tmp/ray_skypilot/session_2026-03-27_20-22-09_236254_4268/sockets/plasma_store --raylet-name=/tmp/ray_skypilot/session_2026-03-27_20-22-09_236254_4268/sockets/raylet --redis-address=None --temp-dir=/tmp/ray_skypilot --metrics-agent-port=63480 --runtime-env-agent-port=63238 --logging-rotate-bytes=536870912 --logging-rotate-backup-count=5 --runtime-env-agent-port=63238 --gcs-address=172.31.32.216:6380 --session-name=session_2026-03-27_20-22-09_236254_4268 --temp-dir=/tmp/ray_skypilot --webui=127.0.0.1:8266 --cluster-id=e3a42ca6ec750df0e9c1f99471b6bbe4962382a08a87aa2b26181adf RAY_WORKER_DYNAMIC_OPTION_PLACEHOLDER" "--java_worker_command=/home/ubuntu/skypilot-runtime/bin/python /home/ubuntu/skypilot-runtime/lib/python3.10/site-packages/ray/_private/workers/setup_worker.py -Dray.address=172.31.32.216:6380 -Dray.raylet.node-manager-port=RAY_NODE_MANAGER_PORT_PLACEHOLDER -Dray.object-store.socket-name=/tmp/ray_skypilot/session_2026-03-27_20-22-09_236254_4268/sockets/plasma_store -Dray.raylet.socket-name=/tmp/ray_skypilot/session_2026-03-27_20-22-09_236254_4268/sockets/raylet -Dray.redis.password= -Dray.node-ip=172.31.32.216 -Dray.home=/home/ubuntu/skypilot-runtime/lib/python3.10/site-packages/ray/../.. -Dray.logging.dir=/tmp/ray_skypilot/session_2026-03-27_20-22-09_236254_4268/logs -Dray.session-dir=/tmp/ray_skypilot/session_2026-03-27_20-22-09_236254_4268 RAY_WORKER_DYNAMIC_OPTION_PLACEHOLDER io.ray.runtime.runner.worker.DefaultWorker" --cpp_worker_command= --native_library_path=/home/ubuntu/skypilot-runtime/lib/python3.10/site-packages/ray/cpp/lib --temp_dir=/tmp/ray_skypilot --session_dir=/tmp/ray_skypilot/session_2026-03-27_20-22-09_236254_4268 --log_dir=/tmp/ray_skypilot/session_2026-03-27_20-22-09_236254_4268/logs --resource_dir=/tmp/ray_skypilot/session_2026-03-27_20-22-09_236254_4268/runtime_resources --metrics-agent-port=63480 --metrics_export_port=57989 --runtime_env_agent_port=63238 --object_store_memory=200000000000 --plasma_directory=/dev/shm --ray-debugger-external=0 --gcs-address=172.31.32.216:6380 --session-name=session_2026-03-27_20-22-09_236254_4268 --labels= --cluster-id=e3a42ca6ec750df0e9c1f99471b6bbe4962382a08a87aa2b26181adf --head --num_prestart_python_workers=192 "--dashboard_agent_command=/home/ubuntu/skypilot-runtime/bin/python -u /home/ubuntu/skypilot-runtime/lib/python3.10/site-packages/ray/dashboard/agent.py --node-ip-address=172.31.32.216 --metrics-export-port=57989 --dashboard-agent-port=63480 --listen-port=52365 --node-manager-port=RAY_NODE_MANAGER_PORT_PLACEHOLDER --object-store-name=/tmp/ray_skypilot/session_2026-03-27_20-22-09_236254_4268/sockets/plasma_store --raylet-name=/tmp/ray_skypilot/session_2026-03-27_20-22-09_236254_4268/sockets/raylet --temp-dir=/tmp/ray_skypilot --session-dir=/tmp/ray_skypilot/session_2026-03-27_20-22-09_236254_4268 --log-dir=/tmp/ray_skypilot/session_2026-03-27_20-22-09_236254_4268/logs --logging-rotate-bytes=536870912 --logging-rotate-backup-count=5 --session-name=session_2026-03-27_20-22-09_236254_4268 --gcs-address=172.31.32.216:6380" "--runtime_env_agent_command=/home/ubuntu/skypilot-runtime/bin/python -u /home/ubuntu/skypilot-runtime/lib/python3.10/site-packages/ray/_private/runtime_env/agent/main.py --node-ip-address=172.31.32.216 --runtime-env-agent-port=63238 --gcs-address=172.31.32.216:6380 --runtime-env-dir=/tmp/ray_skypilot/session_2026-03-27_20-22-09_236254_4268/runtime_resources --logging-rotate-bytes=536870912 --logging-rotate-backup-count=5 --log-dir=/tmp/ray_skypilot/session_2026-03-27_20-22-09_236254_4268/logs --temp-dir=/tmp/ray_skypilot"` (via SIGTERM)
2026-03-28 02:49:19,498 - INFO - [36m(rf-qwen3-32b-tp4pp2-L4, pid=8610)[0m 2026-03-27 21:19:18,737	VINFO scripts.py:1315 -- Send termination request to `/home/ubuntu/sky_workdir/.venv/lib/python3.12/site-packages/ray/core/src/ray/raylet/raylet --raylet_socket_name=/tmp/ray/session_2026-03-27_20-28-24_440679_29318/sockets/raylet --store_socket_name=/tmp/ray/session_2026-03-27_20-28-24_440679_29318/sockets/plasma_store --object_manager_port=0 --min_worker_port=10002 --max_worker_port=19999 --node_manager_port=0 --node_id=c01cbd7877c594a6a86b1322ddac9de2edfc87c957c6bb669b95a483 --node_ip_address=172.31.32.216 --maximum_startup_concurrency=1 --static_resource_list=node:172.31.32.216,1.0,node:__internal_head__,1.0,accelerator_type:L4,1,GPU,8,memory,562536009728,object_store_memory,200000000000 "--python_worker_command=/home/ubuntu/sky_workdir/.venv/bin/python3 /home/ubuntu/sky_workdir/.venv/lib/python3.12/site-packages/ray/_private/workers/setup_worker.py /home/ubuntu/sky_workdir/.venv/lib/python3.12/site-packages/ray/_private/workers/default_worker.py --node-ip-address=172.31.32.216 --node-manager-port=RAY_NODE_MANAGER_PORT_PLACEHOLDER --object-store-name=/tmp/ray/session_2026-03-27_20-28-24_440679_29318/sockets/plasma_store --raylet-name=/tmp/ray/session_2026-03-27_20-28-24_440679_29318/sockets/raylet --redis-address=None --metrics-agent-port=0 --logging-rotate-bytes=536870912 --logging-rotate-backup-count=5 --runtime-env-agent-port=0 --gcs-address=172.31.32.216:6379 --session-name=session_2026-03-27_20-28-24_440679_29318 --temp-dir=/tmp/ray --webui= --cluster-id=565fbfbd0fbcc57d88d231ed991fa30955050f22425d9a191d8af561 RAY_WORKER_DYNAMIC_OPTION_PLACEHOLDER" "--java_worker_command=/home/ubuntu/sky_workdir/.venv/bin/python3 /home/ubuntu/sky_workdir/.venv/lib/python3.12/site-packages/ray/_private/workers/setup_worker.py -Dray.address=172.31.32.216:6379 -Dray.raylet.node-manager-port=RAY_NODE_MANAGER_PORT_PLACEHOLDER -Dray.object-store.socket-name=/tmp/ray/session_2026-03-27_20-28-24_440679_29318/sockets/plasma_store -Dray.raylet.socket-name=/tmp/ray/session_2026-03-27_20-28-24_440679_29318/sockets/raylet -Dray.redis.username= -Dray.redis.password= -Dray.node-ip=172.31.32.216 -Dray.home=/home/ubuntu/sky_workdir/.venv/lib/python3.12/site-packages/ray/../.. -Dray.logging.dir=/tmp/ray/session_2026-03-27_20-28-24_440679_29318/logs -Dray.session-dir=/tmp/ray/session_2026-03-27_20-28-24_440679_29318 RAY_WORKER_DYNAMIC_OPTION_PLACEHOLDER io.ray.runtime.runner.worker.DefaultWorker" --cpp_worker_command= --native_library_path=/home/ubuntu/sky_workdir/.venv/lib/python3.12/site-packages/ray/cpp/lib --temp_dir=/tmp/ray --session_dir=/tmp/ray/session_2026-03-27_20-28-24_440679_29318 --log_dir=/tmp/ray/session_2026-03-27_20-28-24_440679_29318/logs --resource_dir=/tmp/ray/session_2026-03-27_20-28-24_440679_29318/runtime_resources --metrics-agent-port=0 --metrics_export_port=0 --runtime_env_agent_port=0 --object_store_memory=200000000000 --plasma_directory=/dev/shm --fallback_directory=/tmp/ray/session_2026-03-27_20-28-24_440679_29318 --ray-debugger-external=0 --gcs-address=172.31.32.216:6379 --session-name=session_2026-03-27_20-28-24_440679_29318 "--labels={\"ray.io/accelerator-type\": \"L4\"}" --cluster-id=565fbfbd0fbcc57d88d231ed991fa30955050f22425d9a191d8af561 --stdout_filepath=/tmp/ray/session_2026-03-27_20-28-24_440679_29318/logs/raylet.out --stderr_filepath=/tmp/ray/session_2026-03-27_20-28-24_440679_29318/logs/raylet.err --head --num_prestart_python_workers=0 "--dashboard_agent_command=/home/ubuntu/sky_workdir/.venv/bin/python3 -u /home/ubuntu/sky_workdir/.venv/lib/python3.12/site-packages/ray/dashboard/agent.py --node-id=c01cbd7877c594a6a86b1322ddac9de2edfc87c957c6bb669b95a483 --node-ip-address=172.31.32.216 --metrics-export-port=0 --grpc-port=0 --listen-port=52365 --node-manager-port=RAY_NODE_MANAGER_PORT_PLACEHOLDER --object-store-name=/tmp/ray/session_2026-03-27_20-28-24_440679_29318/sockets/plasma_store --raylet-name=/tmp/ray/session_2026-03-27_20-28-24_440679_29318/sockets/raylet --temp-dir=/tmp/ray --session-dir=/tmp/ray/session_2026-03-27_20-28-24_440679_29318 --log-dir=/tmp/ray/session_2026-03-27_20-28-24_440679_29318/logs --logging-rotate-bytes=536870912 --logging-rotate-backup-count=5 --session-name=session_2026-03-27_20-28-24_440679_29318 --gcs-address=172.31.32.216:6379 --cluster-id-hex=565fbfbd0fbcc57d88d231ed991fa30955050f22425d9a191d8af561 --stdout-filepath=/tmp/ray/session_2026-03-27_20-28-24_440679_29318/logs/dashboard_agent.out --stderr-filepath=/tmp/ray/session_2026-03-27_20-28-24_440679_29318/logs/dashboard_agent.err --minimal --head" "--runtime_env_agent_command=/home/ubuntu/sky_workdir/.venv/bin/python3 -u /home/ubuntu/sky_workdir/.venv/lib/python3.12/site-packages/ray/_private/runtime_env/agent/main.py --node-id=c01cbd7877c594a6a86b1322ddac9de2edfc87c957c6bb669b95a483 --node-ip-address=172.31.32.216 --runtime-env-agent-port=0 --session-dir=/tmp/ray/session_2026-03-27_20-28-24_440679_29318 --gcs-address=172.31.32.216:6379 --cluster-id-hex=565fbfbd0fbcc57d88d231ed991fa30955050f22425d9a191d8af561 --runtime-env-dir=/tmp/ray/session_2026-03-27_20-28-24_440679_29318/runtime_resources --logging-rotate-bytes=536870912 --logging-rotate-backup-count=5 --log-dir=/tmp/ray/session_2026-03-27_20-28-24_440679_29318/logs --temp-dir=/tmp/ray --stdout-filepath=/tmp/ray/session_2026-03-27_20-28-24_440679_29318/logs/runtime_env_agent.out --stderr-filepath=/tmp/ray/session_2026-03-27_20-28-24_440679_29318/logs/runtime_env_agent.err"` (via SIGTERM)
2026-03-28 02:49:20,099 - INFO - Traceback (most recent call last):
2026-03-28 02:52:32,259 - INFO -   File "/home/ubuntu/.sky/sky_app/sky_job_1", line 621, in <module>
2026-03-28 02:52:32,259 - INFO -     returncodes, _ = get_or_fail(futures, pg)
2026-03-28 02:52:32,259 - INFO -   File "/home/ubuntu/.sky/sky_app/sky_job_1", line 76, in get_or_fail
2026-03-28 02:52:32,259 - INFO -     handle_ready_tasks(ready)
2026-03-28 02:52:32,259 - INFO -   File "/home/ubuntu/.sky/sky_app/sky_job_1", line 68, in handle_ready_tasks
2026-03-28 02:52:32,259 - INFO -     res = ray.get(task)
2026-03-28 02:52:32,259 - INFO -   File "/home/ubuntu/skypilot-runtime/lib/python3.10/site-packages/ray/_private/auto_init_hook.py", line 22, in auto_init_wrapper
2026-03-28 02:52:32,259 - INFO -     return fn(*args, **kwargs)
2026-03-28 02:52:32,259 - INFO -   File "/home/ubuntu/skypilot-runtime/lib/python3.10/site-packages/ray/_private/client_mode_hook.py", line 103, in wrapper
2026-03-28 02:52:32,259 - INFO -     return func(*args, **kwargs)
2026-03-28 02:52:32,259 - INFO -   File "/home/ubuntu/skypilot-runtime/lib/python3.10/site-packages/ray/_private/worker.py", line 2640, in get
2026-03-28 02:52:32,259 - INFO -     raise value
2026-03-28 02:52:32,259 - INFO - ray.exceptions.LocalRayletDiedError: The task's local raylet died. Check raylet.out for more information.
2026-03-28 02:52:32,259 - INFO - [0m[32m✓ Job finished (status: FAILED_DRIVER).[0m[0m
2026-03-28 02:52:34,178 - INFO - 
2026-03-28 02:52:35,221 - INFO - 📋 Useful Commands
2026-03-28 02:52:35,222 - INFO - Job ID: 1
2026-03-28 02:52:35,222 - INFO - ├── To cancel the job:		sky cancel rf-qwen3-32b-tp4pp2-L4 1
2026-03-28 02:52:35,222 - INFO - ├── To stream job logs:		sky logs rf-qwen3-32b-tp4pp2-L4 1
2026-03-28 02:52:35,222 - INFO - └── To view job queue:		sky queue rf-qwen3-32b-tp4pp2-L4
2026-03-28 02:52:35,222 - INFO - Cluster name: rf-qwen3-32b-tp4pp2-L4
2026-03-28 02:52:35,222 - INFO - ├── To log into the head VM:	ssh rf-qwen3-32b-tp4pp2-L4
2026-03-28 02:52:35,222 - INFO - ├── To submit a job:		sky exec rf-qwen3-32b-tp4pp2-L4 yaml_file
2026-03-28 02:52:35,222 - INFO - ├── To stop the cluster:	sky stop rf-qwen3-32b-tp4pp2-L4
2026-03-28 02:52:35,222 - INFO - └── To teardown the cluster:	sky down rf-qwen3-32b-tp4pp2-L4
2026-03-28 02:52:35,222 - ERROR - ❌ Cluster error: Command 'sky launch' returned non-zero exit status 100.
2026-03-28 02:52:35,222 - INFO - 📥 Attempting to fetch results (benchmark may have completed)...
2026-03-28 02:52:35,222 - INFO - 📥 Fetching results.json from cluster...
2026-03-28 02:52:40,283 - INFO - 📈 Attempting to fetch timeseries data from cluster (best-effort)...
2026-03-28 02:52:48,152 - INFO - ✅ Found successful benchmark results despite cluster error!
2026-03-28 02:52:48,152 - INFO -    This is likely a cleanup error, not a benchmark failure.
2026-03-28 02:52:48,710 - INFO - 📁 Renaming directory: tp4-pp2-g6_48xlarge-20260328_014705 -> tp4-pp2-g6_48xlarge-20260328_014705-success
2026-03-28 02:52:48,711 - INFO - 📈 Plotting timeseries for successful experiment(s) after cluster error...
2026-03-28 02:52:48,732 - INFO - 🗑️  Tearing down rf-qwen3-32b-tp4pp2-L4...
