2026-03-20 16:36:08,506 - INFO - Results will be saved to: results/aws_p4d_A100_40gb/tp8-pp1-p4d_24xlarge-20260320_163608
2026-03-20 16:36:08,507 - INFO - 📋 Copied benchmark_client.py to roofline_benchmarks/
2026-03-20 16:36:08,507 - INFO - 📋 Copied prometheus_parser.py to roofline_benchmarks/
2026-03-20 16:36:08,507 - INFO - 🚀 Launching rf-qwen2-5-72b-instruct-tp8pp1-A100-40gb...
2026-03-20 16:36:08,507 - INFO - YAML to run: roofline_benchmarks/rf-qwen2-5-72b-instruct-tp8pp1-A100-40gb.yaml
2026-03-20 16:36:08,507 - INFO - Running on cluster: rf-qwen2-5-72b-instruct-tp8pp1-A100-40gb
2026-03-20 16:36:09,226 - INFO - YAML to run: roofline_benchmarks/rf-qwen2-5-72b-instruct-tp8pp1-A100-40gb.yaml
2026-03-20 16:36:09,315 - INFO - Running on cluster: rf-qwen2-5-72b-instruct-tp8pp1-A100-40gb
2026-03-20 16:36:10,453 - INFO - [33mLaunching a spot job that does not automatically recover from preemptions. To get automatic recovery, use managed job instead: [0m[1msky jobs launch[0m [33mor[0m [1msky.jobs.launch()[0m.
2026-03-20 16:36:10,454 - INFO - Considered resources (1 node):
2026-03-20 16:36:10,955 - INFO - -------------------------------------------------------------------------------------------
2026-03-20 16:36:10,955 - INFO -  INFRA                 INSTANCE             vCPUs   Mem(GB)   GPUS     COST ($)   CHOSEN
2026-03-20 16:36:10,955 - INFO - -------------------------------------------------------------------------------------------
2026-03-20 16:36:10,955 - INFO -  AWS (ca-central-1b)   p4d.24xlarge[Spot]   96      1152      A100:8   4.57       [32m   ✔[0m
2026-03-20 16:36:10,955 - INFO - -------------------------------------------------------------------------------------------
2026-03-20 16:36:10,955 - INFO - sky.exceptions.ResourcesUnavailableError: [33mFound no quota for p4d.24xlarge spot instances in region ca-central-1 in AWS. [0mTo request quotas, check the instruction: https://docs.skypilot.co/en/latest/cloud-setup/quota.html.
2026-03-20 16:36:11,158 - INFO - 
2026-03-20 16:36:11,158 - INFO - [0m[33m↺[0m Trying other potential resources.
2026-03-20 16:36:11,158 - INFO - Considered resources (1 node):
2026-03-20 16:36:11,961 - INFO - ----------------------------------------------------------------------------------------
2026-03-20 16:36:11,961 - INFO -  INFRA              INSTANCE             vCPUs   Mem(GB)   GPUS     COST ($)   CHOSEN
2026-03-20 16:36:11,961 - INFO - ----------------------------------------------------------------------------------------
2026-03-20 16:36:11,961 - INFO -  AWS (us-east-1c)   p4d.24xlarge[Spot]   96      1152      A100:8   5.10       [32m   ✔[0m
2026-03-20 16:36:11,961 - INFO - ----------------------------------------------------------------------------------------
2026-03-20 16:36:11,961 - INFO - [33mInstance type p4d.24xlarge supports up to 4 EFA interfaces, but `use_internal_ips` is not enabled.
2026-03-20 16:36:12,061 - INFO - Launching with the current configuration will use only 1 EFA interface.
2026-03-20 16:36:12,061 - INFO - To use all 4 EFA interfaces, enable internal IPs by adding one of the following configurations to SkyPilot config:
2026-03-20 16:36:12,061 - INFO - Option 1 (with SSM):
2026-03-20 16:36:12,061 - INFO -   aws:
2026-03-20 16:36:12,061 - INFO -     use_internal_ips: true
2026-03-20 16:36:12,061 - INFO -     use_ssm: true
2026-03-20 16:36:12,061 - INFO - Option 2 (with SSH proxy):
2026-03-20 16:36:12,061 - INFO -   aws:
2026-03-20 16:36:12,061 - INFO -     use_internal_ips: true
2026-03-20 16:36:12,061 - INFO -     ssh_proxy_command: ssh -W %h:%p -i <ssh key path> -o StrictHostKeyChecking=no <user>@<jump server public ip>
2026-03-20 16:36:12,061 - INFO - Refer to https://docs.skypilot.co/en/latest/reference/config.html#aws-use-internal-ips for more details.[0m
2026-03-20 16:36:12,061 - INFO - [0m⚙︎ Launching on AWS us-east-1[0m (us-east-1c).
2026-03-20 16:36:32,452 - INFO - [2mW 03-20 16:36:32.374 PID=1652500 instance.py:288] create_instances: Attempt failed with An error occurred (InsufficientInstanceCapacity) when calling the RunInstances operation (reached max retries: 0): There is no Spot capacity available that matches your request.[0m
2026-03-20 16:36:36,373 - INFO - AWS handler error: Failed to launch instances. Max attempts exceeded.
2026-03-20 16:36:36,674 - INFO - sky.exceptions.ResourcesUnavailableError: Failed to acquire resources in us-east-1c for {AWS(p4d.24xlarge[Spot], mem=64.0+, {'A100': 8}, network_tier=best, disk_size=500)}.
2026-03-20 16:36:36,674 - INFO - 
2026-03-20 16:36:36,674 - INFO - [0m[33m↺[0m Trying other potential resources.
2026-03-20 16:36:36,674 - INFO - Considered resources (1 node):
2026-03-20 16:36:37,378 - INFO - ---------------------------------------------------------------------------------------------
2026-03-20 16:36:37,378 - INFO -  INFRA                   INSTANCE             vCPUs   Mem(GB)   GPUS     COST ($)   CHOSEN
2026-03-20 16:36:37,378 - INFO - ---------------------------------------------------------------------------------------------
2026-03-20 16:36:37,378 - INFO -  AWS (ap-southeast-2a)   p4d.24xlarge[Spot]   96      1152      A100:8   6.67       [32m   ✔[0m
2026-03-20 16:36:37,378 - INFO - ---------------------------------------------------------------------------------------------
2026-03-20 16:36:37,378 - INFO - sky.exceptions.ResourcesUnavailableError: [33mFound no quota for p4d.24xlarge spot instances in region ap-southeast-2 in AWS. [0mTo request quotas, check the instruction: https://docs.skypilot.co/en/latest/cloud-setup/quota.html.
2026-03-20 16:36:37,680 - INFO - 
2026-03-20 16:36:37,680 - INFO - [0m[33m↺[0m Trying other potential resources.
2026-03-20 16:36:37,680 - INFO - Considered resources (1 node):
2026-03-20 16:36:38,383 - INFO - ----------------------------------------------------------------------------------------
2026-03-20 16:36:38,383 - INFO -  INFRA              INSTANCE             vCPUs   Mem(GB)   GPUS     COST ($)   CHOSEN
2026-03-20 16:36:38,383 - INFO - ----------------------------------------------------------------------------------------
2026-03-20 16:36:38,383 - INFO -  AWS (eu-west-2b)   p4d.24xlarge[Spot]   96      1152      A100:8   6.99       [32m   ✔[0m
2026-03-20 16:36:38,383 - INFO - ----------------------------------------------------------------------------------------
2026-03-20 16:36:38,383 - INFO - sky.exceptions.ResourcesUnavailableError: [33mFound no quota for p4d.24xlarge spot instances in region eu-west-2 in AWS. [0mTo request quotas, check the instruction: https://docs.skypilot.co/en/latest/cloud-setup/quota.html.
2026-03-20 16:36:38,784 - INFO - 
2026-03-20 16:36:38,784 - INFO - [0m[33m↺[0m Trying other potential resources.
2026-03-20 16:36:38,784 - INFO - Considered resources (1 node):
2026-03-20 16:36:39,889 - INFO - -----------------------------------------------------------------------------------------
2026-03-20 16:36:39,890 - INFO -  INFRA               INSTANCE             vCPUs   Mem(GB)   GPUS     COST ($)   CHOSEN
2026-03-20 16:36:39,890 - INFO - -----------------------------------------------------------------------------------------
2026-03-20 16:36:39,890 - INFO -  AWS (eu-north-1c)   p4d.24xlarge[Spot]   96      1152      A100:8   7.49       [32m   ✔[0m
2026-03-20 16:36:39,890 - INFO - -----------------------------------------------------------------------------------------
2026-03-20 16:36:39,890 - INFO - sky.exceptions.ResourcesUnavailableError: [33mFound no quota for p4d.24xlarge spot instances in region eu-north-1 in AWS. [0mTo request quotas, check the instruction: https://docs.skypilot.co/en/latest/cloud-setup/quota.html.
2026-03-20 16:36:40,395 - INFO - 
2026-03-20 16:36:40,395 - INFO - [0m[33m↺[0m Trying other potential resources.
2026-03-20 16:36:40,395 - INFO - Considered resources (1 node):
2026-03-20 16:36:41,199 - INFO - ----------------------------------------------------------------------------------------
2026-03-20 16:36:41,199 - INFO -  INFRA              INSTANCE             vCPUs   Mem(GB)   GPUS     COST ($)   CHOSEN
2026-03-20 16:36:41,199 - INFO - ----------------------------------------------------------------------------------------
2026-03-20 16:36:41,199 - INFO -  AWS (us-east-1b)   p4d.24xlarge[Spot]   96      1152      A100:8   7.89       [32m   ✔[0m
2026-03-20 16:36:41,199 - INFO - ----------------------------------------------------------------------------------------
2026-03-20 16:36:41,199 - INFO - [33mInstance type p4d.24xlarge supports up to 4 EFA interfaces, but `use_internal_ips` is not enabled.
2026-03-20 16:36:41,300 - INFO - Launching with the current configuration will use only 1 EFA interface.
2026-03-20 16:36:41,300 - INFO - To use all 4 EFA interfaces, enable internal IPs by adding one of the following configurations to SkyPilot config:
2026-03-20 16:36:41,300 - INFO - Option 1 (with SSM):
2026-03-20 16:36:41,300 - INFO -   aws:
2026-03-20 16:36:41,300 - INFO -     use_internal_ips: true
2026-03-20 16:36:41,300 - INFO -     use_ssm: true
2026-03-20 16:36:41,300 - INFO - Option 2 (with SSH proxy):
2026-03-20 16:36:41,300 - INFO -   aws:
2026-03-20 16:36:41,300 - INFO -     use_internal_ips: true
2026-03-20 16:36:41,300 - INFO -     ssh_proxy_command: ssh -W %h:%p -i <ssh key path> -o StrictHostKeyChecking=no <user>@<jump server public ip>
2026-03-20 16:36:41,300 - INFO - Refer to https://docs.skypilot.co/en/latest/reference/config.html#aws-use-internal-ips for more details.[0m
2026-03-20 16:36:41,300 - INFO - [0m⚙︎ Launching on AWS us-east-1[0m (us-east-1b).
2026-03-20 16:37:01,107 - INFO - [2mW 03-20 16:37:01.034 PID=1652500 instance.py:288] create_instances: Attempt failed with An error occurred (InsufficientInstanceCapacity) when calling the RunInstances operation (reached max retries: 0): There is no Spot capacity available that matches your request.[0m
2026-03-20 16:37:04,228 - INFO - AWS handler error: Failed to launch instances. Max attempts exceeded.
2026-03-20 16:37:04,732 - INFO - sky.exceptions.ResourcesUnavailableError: Failed to acquire resources in us-east-1b for {AWS(p4d.24xlarge[Spot], mem=64.0+, {'A100': 8}, network_tier=best, disk_size=500)}.
2026-03-20 16:37:04,732 - INFO - 
2026-03-20 16:37:04,732 - INFO - [0m[33m↺[0m Trying other potential resources.
2026-03-20 16:37:04,732 - INFO - Considered resources (1 node):
2026-03-20 16:37:04,832 - INFO - -------------------------------------------------------------------------------------------
2026-03-20 16:37:05,538 - INFO -  INFRA                 INSTANCE             vCPUs   Mem(GB)   GPUS     COST ($)   CHOSEN
2026-03-20 16:37:05,538 - INFO - -------------------------------------------------------------------------------------------
2026-03-20 16:37:05,538 - INFO -  AWS (ca-central-1a)   p4d.24xlarge[Spot]   96      1152      A100:8   9.64       [32m   ✔[0m
2026-03-20 16:37:05,538 - INFO - -------------------------------------------------------------------------------------------
2026-03-20 16:37:05,538 - INFO - sky.exceptions.ResourcesUnavailableError: [33mFound no quota for p4d.24xlarge spot instances in region ca-central-1 in AWS. [0mTo request quotas, check the instruction: https://docs.skypilot.co/en/latest/cloud-setup/quota.html.
2026-03-20 16:37:06,144 - INFO - 
2026-03-20 16:37:06,144 - INFO - [0m[33m↺[0m Trying other potential resources.
2026-03-20 16:37:06,144 - INFO - Considered resources (1 node):
2026-03-20 16:37:06,750 - INFO - ----------------------------------------------------------------------------------------
2026-03-20 16:37:06,750 - INFO -  INFRA              INSTANCE             vCPUs   Mem(GB)   GPUS     COST ($)   CHOSEN
2026-03-20 16:37:06,750 - INFO - ----------------------------------------------------------------------------------------
2026-03-20 16:37:06,751 - INFO -  AWS (eu-west-1a)   p4d.24xlarge[Spot]   96      1152      A100:8   9.90       [32m   ✔[0m
2026-03-20 16:37:06,751 - INFO - ----------------------------------------------------------------------------------------
2026-03-20 16:37:06,751 - INFO - sky.exceptions.ResourcesUnavailableError: [33mFound no quota for p4d.24xlarge spot instances in region eu-west-1 in AWS. [0mTo request quotas, check the instruction: https://docs.skypilot.co/en/latest/cloud-setup/quota.html.
2026-03-20 16:37:07,351 - INFO - 
2026-03-20 16:37:07,351 - INFO - [0m[33m↺[0m Trying other potential resources.
2026-03-20 16:37:07,351 - INFO - Considered resources (1 node):
2026-03-20 16:37:07,452 - INFO - -------------------------------------------------------------------------------------------
2026-03-20 16:37:07,957 - INFO -  INFRA                 INSTANCE             vCPUs   Mem(GB)   GPUS     COST ($)   CHOSEN
2026-03-20 16:37:07,957 - INFO - -------------------------------------------------------------------------------------------
2026-03-20 16:37:07,957 - INFO -  AWS (eu-central-1c)   p4d.24xlarge[Spot]   96      1152      A100:8   9.92       [32m   ✔[0m
2026-03-20 16:37:07,957 - INFO - -------------------------------------------------------------------------------------------
2026-03-20 16:37:07,957 - INFO - sky.exceptions.ResourcesUnavailableError: [33mFound no quota for p4d.24xlarge spot instances in region eu-central-1 in AWS. [0mTo request quotas, check the instruction: https://docs.skypilot.co/en/latest/cloud-setup/quota.html.
2026-03-20 16:37:08,057 - INFO - 
2026-03-20 16:37:08,661 - INFO - [0m[33m↺[0m Trying other potential resources.
2026-03-20 16:37:08,661 - INFO - Considered resources (1 node):
2026-03-20 16:37:09,366 - INFO - ---------------------------------------------------------------------------------------------
2026-03-20 16:37:09,366 - INFO -  INFRA                   INSTANCE             vCPUs   Mem(GB)   GPUS     COST ($)   CHOSEN
2026-03-20 16:37:09,366 - INFO - ---------------------------------------------------------------------------------------------
2026-03-20 16:37:09,366 - INFO -  AWS (ap-northeast-2d)   p4d.24xlarge[Spot]   96      1152      A100:8   10.43      [32m   ✔[0m
2026-03-20 16:37:09,366 - INFO - ---------------------------------------------------------------------------------------------
2026-03-20 16:37:09,366 - INFO - sky.exceptions.ResourcesUnavailableError: [33mFound no quota for p4d.24xlarge spot instances in region ap-northeast-2 in AWS. [0mTo request quotas, check the instruction: https://docs.skypilot.co/en/latest/cloud-setup/quota.html.
2026-03-20 16:37:10,068 - INFO - 
2026-03-20 16:37:10,068 - INFO - [0m[33m↺[0m Trying other potential resources.
2026-03-20 16:37:10,068 - INFO - Considered resources (1 node):
2026-03-20 16:37:10,169 - INFO - ----------------------------------------------------------------------------------------
2026-03-20 16:37:11,581 - INFO -  INFRA              INSTANCE             vCPUs   Mem(GB)   GPUS     COST ($)   CHOSEN
2026-03-20 16:37:11,581 - INFO - ----------------------------------------------------------------------------------------
2026-03-20 16:37:11,581 - INFO -  AWS (us-west-2b)   p4d.24xlarge[Spot]   96      1152      A100:8   10.50      [32m   ✔[0m
2026-03-20 16:37:11,581 - INFO - ----------------------------------------------------------------------------------------
2026-03-20 16:37:11,581 - INFO - [33mInstance type p4d.24xlarge supports up to 4 EFA interfaces, but `use_internal_ips` is not enabled.
2026-03-20 16:37:11,681 - INFO - Launching with the current configuration will use only 1 EFA interface.
2026-03-20 16:37:11,681 - INFO - To use all 4 EFA interfaces, enable internal IPs by adding one of the following configurations to SkyPilot config:
2026-03-20 16:37:11,681 - INFO - Option 1 (with SSM):
2026-03-20 16:37:11,681 - INFO -   aws:
2026-03-20 16:37:11,681 - INFO -     use_internal_ips: true
2026-03-20 16:37:11,681 - INFO -     use_ssm: true
2026-03-20 16:37:11,681 - INFO - Option 2 (with SSH proxy):
2026-03-20 16:37:11,681 - INFO -   aws:
2026-03-20 16:37:11,681 - INFO -     use_internal_ips: true
2026-03-20 16:37:11,681 - INFO -     ssh_proxy_command: ssh -W %h:%p -i <ssh key path> -o StrictHostKeyChecking=no <user>@<jump server public ip>
2026-03-20 16:37:11,681 - INFO - Refer to https://docs.skypilot.co/en/latest/reference/config.html#aws-use-internal-ips for more details.[0m
2026-03-20 16:37:11,681 - INFO - [0m⚙︎ Launching on AWS us-west-2[0m (us-west-2b).
2026-03-20 16:37:34,018 - INFO - [2mW 03-20 16:37:33.943 PID=1652500 instance.py:288] create_instances: Attempt failed with An error occurred (InsufficientInstanceCapacity) when calling the RunInstances operation (reached max retries: 0): There is no Spot capacity available that matches your request.[0m
2026-03-20 16:37:37,335 - INFO - AWS handler error: Failed to launch instances. Max attempts exceeded.
2026-03-20 16:37:37,437 - INFO - sky.exceptions.ResourcesUnavailableError: Failed to acquire resources in us-west-2b for {AWS(p4d.24xlarge[Spot], mem=64.0+, {'A100': 8}, network_tier=best, disk_size=500)}.
2026-03-20 16:37:37,437 - INFO - 
2026-03-20 16:37:38,139 - INFO - [0m[33m↺[0m Trying other potential resources.
2026-03-20 16:37:38,140 - INFO - Considered resources (1 node):
2026-03-20 16:37:38,240 - INFO - ---------------------------------------------------------------------------------------------
2026-03-20 16:37:38,744 - INFO -  INFRA                   INSTANCE             vCPUs   Mem(GB)   GPUS     COST ($)   CHOSEN
2026-03-20 16:37:38,744 - INFO - ---------------------------------------------------------------------------------------------
2026-03-20 16:37:38,744 - INFO -  AWS (ap-northeast-2b)   p4d.24xlarge[Spot]   96      1152      A100:8   11.24      [32m   ✔[0m
2026-03-20 16:37:38,744 - INFO - ---------------------------------------------------------------------------------------------
2026-03-20 16:37:38,744 - INFO - sky.exceptions.ResourcesUnavailableError: [33mFound no quota for p4d.24xlarge spot instances in region ap-northeast-2 in AWS. [0mTo request quotas, check the instruction: https://docs.skypilot.co/en/latest/cloud-setup/quota.html.
2026-03-20 16:37:39,546 - INFO - 
2026-03-20 16:37:39,546 - INFO - [0m[33m↺[0m Trying other potential resources.
2026-03-20 16:37:39,546 - INFO - Considered resources (1 node):
2026-03-20 16:37:40,651 - INFO - ----------------------------------------------------------------------------------------
2026-03-20 16:37:40,651 - INFO -  INFRA              INSTANCE             vCPUs   Mem(GB)   GPUS     COST ($)   CHOSEN
2026-03-20 16:37:40,651 - INFO - ----------------------------------------------------------------------------------------
2026-03-20 16:37:40,651 - INFO -  AWS (us-west-2d)   p4d.24xlarge[Spot]   96      1152      A100:8   11.61      [32m   ✔[0m
2026-03-20 16:37:40,651 - INFO - ----------------------------------------------------------------------------------------
2026-03-20 16:37:40,651 - INFO - [33mInstance type p4d.24xlarge supports up to 4 EFA interfaces, but `use_internal_ips` is not enabled.
2026-03-20 16:37:40,751 - INFO - Launching with the current configuration will use only 1 EFA interface.
2026-03-20 16:37:40,751 - INFO - To use all 4 EFA interfaces, enable internal IPs by adding one of the following configurations to SkyPilot config:
2026-03-20 16:37:40,751 - INFO - Option 1 (with SSM):
2026-03-20 16:37:40,751 - INFO -   aws:
2026-03-20 16:37:40,751 - INFO -     use_internal_ips: true
2026-03-20 16:37:40,751 - INFO -     use_ssm: true
2026-03-20 16:37:40,751 - INFO - Option 2 (with SSH proxy):
2026-03-20 16:37:40,751 - INFO -   aws:
2026-03-20 16:37:40,751 - INFO -     use_internal_ips: true
2026-03-20 16:37:40,751 - INFO -     ssh_proxy_command: ssh -W %h:%p -i <ssh key path> -o StrictHostKeyChecking=no <user>@<jump server public ip>
2026-03-20 16:37:40,751 - INFO - Refer to https://docs.skypilot.co/en/latest/reference/config.html#aws-use-internal-ips for more details.[0m
2026-03-20 16:37:40,751 - INFO - [0m⚙︎ Launching on AWS us-west-2[0m (us-west-2d).
2026-03-20 16:38:01,733 - INFO - [2mW 03-20 16:38:01.691 PID=1652500 instance.py:288] create_instances: Attempt failed with An error occurred (InsufficientInstanceCapacity) when calling the RunInstances operation (reached max retries: 0): We currently do not have sufficient p4d.24xlarge capacity in the Availability Zone you requested (us-west-2d). Our system will be working on provisioning additional capacity. You can currently get p4d.24xlarge capacity by not specifying an Availability Zone in your request or choosing us-west-2a, us-west-2b, us-west-2c.[0m
2026-03-20 16:38:05,460 - INFO - AWS handler error: Failed to launch instances. Max attempts exceeded.
2026-03-20 16:38:05,560 - INFO - sky.exceptions.ResourcesUnavailableError: Failed to acquire resources in us-west-2d for {AWS(p4d.24xlarge[Spot], mem=64.0+, {'A100': 8}, network_tier=best, disk_size=500)}.
2026-03-20 16:38:05,560 - INFO - 
2026-03-20 16:38:06,366 - INFO - [0m[33m↺[0m Trying other potential resources.
2026-03-20 16:38:06,366 - INFO - Considered resources (1 node):
2026-03-20 16:38:07,371 - INFO - ----------------------------------------------------------------------------------------
2026-03-20 16:38:07,372 - INFO -  INFRA              INSTANCE             vCPUs   Mem(GB)   GPUS     COST ($)   CHOSEN
2026-03-20 16:38:07,372 - INFO - ----------------------------------------------------------------------------------------
2026-03-20 16:38:07,372 - INFO -  AWS (us-east-2a)   p4d.24xlarge[Spot]   96      1152      A100:8   11.82      [32m   ✔[0m
2026-03-20 16:38:07,372 - INFO - ----------------------------------------------------------------------------------------
2026-03-20 16:38:07,372 - INFO - [33mInstance type p4d.24xlarge supports up to 4 EFA interfaces, but `use_internal_ips` is not enabled.
2026-03-20 16:38:07,472 - INFO - Launching with the current configuration will use only 1 EFA interface.
2026-03-20 16:38:07,472 - INFO - To use all 4 EFA interfaces, enable internal IPs by adding one of the following configurations to SkyPilot config:
2026-03-20 16:38:07,472 - INFO - Option 1 (with SSM):
2026-03-20 16:38:07,472 - INFO -   aws:
2026-03-20 16:38:07,472 - INFO -     use_internal_ips: true
2026-03-20 16:38:07,472 - INFO -     use_ssm: true
2026-03-20 16:38:07,472 - INFO - Option 2 (with SSH proxy):
2026-03-20 16:38:07,472 - INFO -   aws:
2026-03-20 16:38:07,472 - INFO -     use_internal_ips: true
2026-03-20 16:38:07,472 - INFO -     ssh_proxy_command: ssh -W %h:%p -i <ssh key path> -o StrictHostKeyChecking=no <user>@<jump server public ip>
2026-03-20 16:38:07,472 - INFO - Refer to https://docs.skypilot.co/en/latest/reference/config.html#aws-use-internal-ips for more details.[0m
2026-03-20 16:38:07,472 - INFO - [0m⚙︎ Launching on AWS us-east-2[0m (us-east-2a).
2026-03-20 16:38:23,179 - INFO - [2mW 03-20 16:38:23.121 PID=1652500 instance.py:288] create_instances: Attempt failed with An error occurred (MaxSpotInstanceCountExceeded) when calling the RunInstances operation: Max spot instance count exceeded[0m
2026-03-20 16:38:26,708 - INFO - AWS handler error: Failed to launch instances. Max attempts exceeded.
2026-03-20 16:38:26,809 - INFO - sky.exceptions.ResourcesUnavailableError: Failed to acquire resources in us-east-2a for {AWS(p4d.24xlarge[Spot], mem=64.0+, {'A100': 8}, network_tier=best, disk_size=500)}.
2026-03-20 16:38:27,614 - INFO - 
2026-03-20 16:38:27,614 - INFO - [0m[33m↺[0m Trying other potential resources.
2026-03-20 16:38:27,614 - INFO - Considered resources (1 node):
2026-03-20 16:38:27,714 - INFO - ---------------------------------------------------------------------------------------------
2026-03-20 16:38:28,216 - INFO -  INFRA                   INSTANCE             vCPUs   Mem(GB)   GPUS     COST ($)   CHOSEN
2026-03-20 16:38:28,216 - INFO - ---------------------------------------------------------------------------------------------
2026-03-20 16:38:28,216 - INFO -  AWS (ap-northeast-1a)   p4d.24xlarge[Spot]   96      1152      A100:8   12.31      [32m   ✔[0m
2026-03-20 16:38:28,216 - INFO - ---------------------------------------------------------------------------------------------
2026-03-20 16:38:28,216 - INFO - sky.exceptions.ResourcesUnavailableError: [33mFound no quota for p4d.24xlarge spot instances in region ap-northeast-1 in AWS. [0mTo request quotas, check the instruction: https://docs.skypilot.co/en/latest/cloud-setup/quota.html.
2026-03-20 16:38:28,316 - INFO - 
2026-03-20 16:38:29,220 - INFO - [0m[33m↺[0m Trying other potential resources.
2026-03-20 16:38:29,220 - INFO - Considered resources (1 node):
2026-03-20 16:38:30,026 - INFO - ----------------------------------------------------------------------------------------
2026-03-20 16:38:30,026 - INFO -  INFRA              INSTANCE             vCPUs   Mem(GB)   GPUS     COST ($)   CHOSEN
2026-03-20 16:38:30,026 - INFO - ----------------------------------------------------------------------------------------
2026-03-20 16:38:30,026 - INFO -  AWS (us-east-1a)   p4d.24xlarge[Spot]   96      1152      A100:8   12.35      [32m   ✔[0m
2026-03-20 16:38:30,026 - INFO - ----------------------------------------------------------------------------------------
2026-03-20 16:38:30,026 - INFO - [33mInstance type p4d.24xlarge supports up to 4 EFA interfaces, but `use_internal_ips` is not enabled.
2026-03-20 16:38:30,128 - INFO - Launching with the current configuration will use only 1 EFA interface.
2026-03-20 16:38:30,128 - INFO - To use all 4 EFA interfaces, enable internal IPs by adding one of the following configurations to SkyPilot config:
2026-03-20 16:38:30,128 - INFO - Option 1 (with SSM):
2026-03-20 16:38:30,128 - INFO -   aws:
2026-03-20 16:38:30,128 - INFO -     use_internal_ips: true
2026-03-20 16:38:30,128 - INFO -     use_ssm: true
2026-03-20 16:38:30,128 - INFO - Option 2 (with SSH proxy):
2026-03-20 16:38:30,128 - INFO -   aws:
2026-03-20 16:38:30,128 - INFO -     use_internal_ips: true
2026-03-20 16:38:30,128 - INFO -     ssh_proxy_command: ssh -W %h:%p -i <ssh key path> -o StrictHostKeyChecking=no <user>@<jump server public ip>
2026-03-20 16:38:30,128 - INFO - Refer to https://docs.skypilot.co/en/latest/reference/config.html#aws-use-internal-ips for more details.[0m
2026-03-20 16:38:30,128 - INFO - [0m⚙︎ Launching on AWS us-east-1[0m (us-east-1a).
2026-03-20 16:38:49,649 - INFO - [2mW 03-20 16:38:49.577 PID=1652500 instance.py:288] create_instances: Attempt failed with An error occurred (InsufficientInstanceCapacity) when calling the RunInstances operation (reached max retries: 0): We currently do not have sufficient p4d.24xlarge capacity in the Availability Zone you requested (us-east-1a). Our system will be working on provisioning additional capacity. You can currently get p4d.24xlarge capacity by not specifying an Availability Zone in your request or choosing us-east-1b, us-east-1c, us-east-1d.[0m
2026-03-20 16:38:52,769 - INFO - AWS handler error: Failed to launch instances. Max attempts exceeded.
2026-03-20 16:38:53,675 - INFO - sky.exceptions.ResourcesUnavailableError: Failed to acquire resources in us-east-1a for {AWS(p4d.24xlarge[Spot], mem=64.0+, {'A100': 8}, network_tier=best, disk_size=500)}.
2026-03-20 16:38:53,675 - INFO - 
2026-03-20 16:38:53,675 - INFO - [0m[33m↺[0m Trying other potential resources.
2026-03-20 16:38:53,675 - INFO - Considered resources (1 node):
2026-03-20 16:38:53,775 - INFO - ----------------------------------------------------------------------------------------
2026-03-20 16:38:54,680 - INFO -  INFRA              INSTANCE             vCPUs   Mem(GB)   GPUS     COST ($)   CHOSEN
2026-03-20 16:38:54,680 - INFO - ----------------------------------------------------------------------------------------
2026-03-20 16:38:54,680 - INFO -  AWS (us-west-2c)   p4d.24xlarge[Spot]   96      1152      A100:8   14.23      [32m   ✔[0m
2026-03-20 16:38:54,680 - INFO - ----------------------------------------------------------------------------------------
2026-03-20 16:38:54,680 - INFO - [33mInstance type p4d.24xlarge supports up to 4 EFA interfaces, but `use_internal_ips` is not enabled.
2026-03-20 16:38:54,881 - INFO - Launching with the current configuration will use only 1 EFA interface.
2026-03-20 16:38:54,881 - INFO - To use all 4 EFA interfaces, enable internal IPs by adding one of the following configurations to SkyPilot config:
2026-03-20 16:38:54,881 - INFO - Option 1 (with SSM):
2026-03-20 16:38:54,881 - INFO -   aws:
2026-03-20 16:38:54,881 - INFO -     use_internal_ips: true
2026-03-20 16:38:54,881 - INFO -     use_ssm: true
2026-03-20 16:38:54,881 - INFO - Option 2 (with SSH proxy):
2026-03-20 16:38:54,881 - INFO -   aws:
2026-03-20 16:38:54,881 - INFO -     use_internal_ips: true
2026-03-20 16:38:54,881 - INFO -     ssh_proxy_command: ssh -W %h:%p -i <ssh key path> -o StrictHostKeyChecking=no <user>@<jump server public ip>
2026-03-20 16:38:54,881 - INFO - Refer to https://docs.skypilot.co/en/latest/reference/config.html#aws-use-internal-ips for more details.[0m
2026-03-20 16:38:54,881 - INFO - [0m⚙︎ Launching on AWS us-west-2[0m (us-west-2c).
2026-03-20 16:39:15,378 - INFO - [2mW 03-20 16:39:15.299 PID=1652500 instance.py:288] create_instances: Attempt failed with An error occurred (InsufficientInstanceCapacity) when calling the RunInstances operation (reached max retries: 0): We currently do not have sufficient p4d.24xlarge capacity in the Availability Zone you requested (us-west-2c). Our system will be working on provisioning additional capacity. You can currently get p4d.24xlarge capacity by not specifying an Availability Zone in your request or choosing us-west-2a, us-west-2b, us-west-2d.[0m
2026-03-20 16:39:18,994 - INFO - AWS handler error: Failed to launch instances. Max attempts exceeded.
2026-03-20 16:39:19,096 - INFO - sky.exceptions.ResourcesUnavailableError: Failed to acquire resources in us-west-2c for {AWS(p4d.24xlarge[Spot], mem=64.0+, {'A100': 8}, network_tier=best, disk_size=500)}.
2026-03-20 16:39:19,096 - INFO - 
2026-03-20 16:39:20,002 - INFO - [0m[33m↺[0m Trying other potential resources.
2026-03-20 16:39:20,002 - INFO - Considered resources (1 node):
2026-03-20 16:39:21,009 - INFO - ----------------------------------------------------------------------------------------
2026-03-20 16:39:21,009 - INFO -  INFRA              INSTANCE             vCPUs   Mem(GB)   GPUS     COST ($)   CHOSEN
2026-03-20 16:39:21,009 - INFO - ----------------------------------------------------------------------------------------
2026-03-20 16:39:21,009 - INFO -  AWS (us-west-2a)   p4d.24xlarge[Spot]   96      1152      A100:8   15.35      [32m   ✔[0m
2026-03-20 16:39:21,009 - INFO - ----------------------------------------------------------------------------------------
2026-03-20 16:39:21,009 - INFO - [33mInstance type p4d.24xlarge supports up to 4 EFA interfaces, but `use_internal_ips` is not enabled.
2026-03-20 16:39:21,110 - INFO - Launching with the current configuration will use only 1 EFA interface.
2026-03-20 16:39:21,110 - INFO - To use all 4 EFA interfaces, enable internal IPs by adding one of the following configurations to SkyPilot config:
2026-03-20 16:39:21,110 - INFO - Option 1 (with SSM):
2026-03-20 16:39:21,110 - INFO -   aws:
2026-03-20 16:39:21,110 - INFO -     use_internal_ips: true
2026-03-20 16:39:21,110 - INFO -     use_ssm: true
2026-03-20 16:39:21,110 - INFO - Option 2 (with SSH proxy):
2026-03-20 16:39:21,110 - INFO -   aws:
2026-03-20 16:39:21,110 - INFO -     use_internal_ips: true
2026-03-20 16:39:21,110 - INFO -     ssh_proxy_command: ssh -W %h:%p -i <ssh key path> -o StrictHostKeyChecking=no <user>@<jump server public ip>
2026-03-20 16:39:21,110 - INFO - Refer to https://docs.skypilot.co/en/latest/reference/config.html#aws-use-internal-ips for more details.[0m
2026-03-20 16:39:21,110 - INFO - [0m⚙︎ Launching on AWS us-west-2[0m (us-west-2a).
2026-03-20 16:39:43,051 - INFO - [2mW 03-20 16:39:43.014 PID=1652500 instance.py:288] create_instances: Attempt failed with An error occurred (InsufficientInstanceCapacity) when calling the RunInstances operation (reached max retries: 0): There is no Spot capacity available that matches your request.[0m
2026-03-20 16:39:46,679 - INFO - AWS handler error: Failed to launch instances. Max attempts exceeded.
2026-03-20 16:39:46,780 - INFO - sky.exceptions.ResourcesUnavailableError: Failed to acquire resources in us-west-2a for {AWS(p4d.24xlarge[Spot], mem=64.0+, {'A100': 8}, network_tier=best, disk_size=500)}.
2026-03-20 16:39:47,785 - INFO - 
2026-03-20 16:39:47,785 - INFO - [0m[33m↺[0m Trying other potential resources.
2026-03-20 16:39:47,785 - INFO - Considered resources (1 node):
2026-03-20 16:39:48,690 - INFO - ----------------------------------------------------------------------------------------
2026-03-20 16:39:48,691 - INFO -  INFRA              INSTANCE             vCPUs   Mem(GB)   GPUS     COST ($)   CHOSEN
2026-03-20 16:39:48,691 - INFO - ----------------------------------------------------------------------------------------
2026-03-20 16:39:48,691 - INFO -  AWS (us-east-2b)   p4d.24xlarge[Spot]   96      1152      A100:8   16.38      [32m   ✔[0m
2026-03-20 16:39:48,691 - INFO - ----------------------------------------------------------------------------------------
2026-03-20 16:39:48,691 - INFO - [33mInstance type p4d.24xlarge supports up to 4 EFA interfaces, but `use_internal_ips` is not enabled.
2026-03-20 16:39:48,792 - INFO - Launching with the current configuration will use only 1 EFA interface.
2026-03-20 16:39:48,793 - INFO - To use all 4 EFA interfaces, enable internal IPs by adding one of the following configurations to SkyPilot config:
2026-03-20 16:39:48,793 - INFO - Option 1 (with SSM):
2026-03-20 16:39:48,793 - INFO -   aws:
2026-03-20 16:39:48,793 - INFO -     use_internal_ips: true
2026-03-20 16:39:48,793 - INFO -     use_ssm: true
2026-03-20 16:39:48,793 - INFO - Option 2 (with SSH proxy):
2026-03-20 16:39:48,793 - INFO -   aws:
2026-03-20 16:39:48,793 - INFO -     use_internal_ips: true
2026-03-20 16:39:48,793 - INFO -     ssh_proxy_command: ssh -W %h:%p -i <ssh key path> -o StrictHostKeyChecking=no <user>@<jump server public ip>
2026-03-20 16:39:48,793 - INFO - Refer to https://docs.skypilot.co/en/latest/reference/config.html#aws-use-internal-ips for more details.[0m
2026-03-20 16:39:48,793 - INFO - [0m⚙︎ Launching on AWS us-east-2[0m (us-east-2b).
2026-03-20 16:40:03,703 - INFO - [2mW 03-20 16:40:03.615 PID=1652500 instance.py:288] create_instances: Attempt failed with An error occurred (MaxSpotInstanceCountExceeded) when calling the RunInstances operation: Max spot instance count exceeded[0m
2026-03-20 16:40:06,627 - INFO - AWS handler error: Failed to launch instances. Max attempts exceeded.
2026-03-20 16:40:06,728 - INFO - sky.exceptions.ResourcesUnavailableError: Failed to acquire resources in us-east-2b for {AWS(p4d.24xlarge[Spot], mem=64.0+, {'A100': 8}, network_tier=best, disk_size=500)}.
2026-03-20 16:40:07,735 - INFO - 
2026-03-20 16:40:07,735 - INFO - [0m[33m↺[0m Trying other potential resources.
2026-03-20 16:40:07,735 - INFO - Considered resources (1 node):
2026-03-20 16:40:08,641 - INFO - ----------------------------------------------------------------------------------------
2026-03-20 16:40:08,642 - INFO -  INFRA              INSTANCE             vCPUs   Mem(GB)   GPUS     COST ($)   CHOSEN
2026-03-20 16:40:08,642 - INFO - ----------------------------------------------------------------------------------------
2026-03-20 16:40:08,642 - INFO -  AWS (us-east-1d)   p4d.24xlarge[Spot]   96      1152      A100:8   18.70      [32m   ✔[0m
2026-03-20 16:40:08,642 - INFO - ----------------------------------------------------------------------------------------
2026-03-20 16:40:08,642 - INFO - [33mInstance type p4d.24xlarge supports up to 4 EFA interfaces, but `use_internal_ips` is not enabled.
2026-03-20 16:40:08,743 - INFO - Launching with the current configuration will use only 1 EFA interface.
2026-03-20 16:40:08,743 - INFO - To use all 4 EFA interfaces, enable internal IPs by adding one of the following configurations to SkyPilot config:
2026-03-20 16:40:08,743 - INFO - Option 1 (with SSM):
2026-03-20 16:40:08,743 - INFO -   aws:
2026-03-20 16:40:08,743 - INFO -     use_internal_ips: true
2026-03-20 16:40:08,743 - INFO -     use_ssm: true
2026-03-20 16:40:08,743 - INFO - Option 2 (with SSH proxy):
2026-03-20 16:40:08,743 - INFO -   aws:
2026-03-20 16:40:08,743 - INFO -     use_internal_ips: true
2026-03-20 16:40:08,743 - INFO -     ssh_proxy_command: ssh -W %h:%p -i <ssh key path> -o StrictHostKeyChecking=no <user>@<jump server public ip>
2026-03-20 16:40:08,743 - INFO - Refer to https://docs.skypilot.co/en/latest/reference/config.html#aws-use-internal-ips for more details.[0m
2026-03-20 16:40:08,743 - INFO - [0m⚙︎ Launching on AWS us-east-1[0m (us-east-1d).
2026-03-20 16:40:45,660 - INFO - [33mInstance type p4d.24xlarge supports up to 4 EFA interfaces, but `use_internal_ips` is not enabled.
2026-03-20 16:41:49,882 - INFO - Launching with the current configuration will use only 1 EFA interface.
2026-03-20 16:41:49,882 - INFO - To use all 4 EFA interfaces, enable internal IPs by adding one of the following configurations to SkyPilot config:
2026-03-20 16:41:49,882 - INFO - Option 1 (with SSM):
2026-03-20 16:41:49,882 - INFO -   aws:
2026-03-20 16:41:49,882 - INFO -     use_internal_ips: true
2026-03-20 16:41:49,882 - INFO -     use_ssm: true
2026-03-20 16:41:49,882 - INFO - Option 2 (with SSH proxy):
2026-03-20 16:41:49,882 - INFO -   aws:
2026-03-20 16:41:49,882 - INFO -     use_internal_ips: true
2026-03-20 16:41:49,882 - INFO -     ssh_proxy_command: ssh -W %h:%p -i <ssh key path> -o StrictHostKeyChecking=no <user>@<jump server public ip>
2026-03-20 16:41:49,882 - INFO - Refer to https://docs.skypilot.co/en/latest/reference/config.html#aws-use-internal-ips for more details.[0m
2026-03-20 16:41:49,882 - INFO - [2m└── [0m[2mInstance is up.[0m
2026-03-20 16:42:36,566 - INFO - [0m[32m✓ Cluster launched: rf-qwen2-5-72b-instruct-tp8pp1-A100-40gb.[0m[0m  [2mView logs: [1msky logs --provision rf-qwen2-5-72b-instruct-tp8pp1-A100-40gb[0m[0m
2026-03-20 16:42:36,566 - INFO - [0m⚙︎ Syncing files.
2026-03-20 16:42:36,667 - INFO -   [33mThe size of workdir '/home/orange/Desktop/tandemn/tandemn-profiling/roofline/vllm' is 351 MB. Try to keep workdir small or use .skyignore to exclude large files, as large sizes will slow down rsync.[0m
2026-03-20 16:42:47,929 - INFO -   [2mSyncing workdir (to 1 node): /home/orange/Desktop/tandemn/tandemn-profiling/roofline/vllm -> ~/sky_workdir[0m
2026-03-20 16:42:47,929 - INFO - [0m[32m✓ Synced workdir.[0m[0m  [2mView logs: sky api logs -l sky-2026-03-20-16-36-09-400814/workdir_sync.log[0m
2026-03-20 16:42:52,753 - INFO - [0m[32m✓ Setup detached.[0m[0m
2026-03-20 16:42:57,184 - INFO - [0m⚙︎ Job submitted, ID: 1
2026-03-20 16:43:09,896 - INFO - [2m├── [0m[2mWaiting for task resources on 1 node.[0m
2026-03-20 16:43:10,198 - INFO - [2m└── [0mJob started. Streaming logs... [2m(Ctrl-C to exit log streaming; job will not be killed)[0m
2026-03-20 16:43:10,198 - INFO - [36m(setup pid=8500)[0m + GPU_TYPE=A100_40gb
2026-03-20 16:43:10,198 - INFO - [36m(setup pid=8500)[0m + IS_A100=true
2026-03-20 16:43:10,198 - INFO - [36m(setup pid=8500)[0m + echo 'GPU Type: A100_40gb, Is A100: true'
2026-03-20 16:43:10,198 - INFO - [36m(setup pid=8500)[0m GPU Type: A100_40gb, Is A100: true
2026-03-20 16:43:10,198 - INFO - [36m(setup pid=8500)[0m + echo '=== Initial System Diagnostics ==='
2026-03-20 16:43:10,198 - INFO - [36m(setup pid=8500)[0m === Initial System Diagnostics ===
2026-03-20 16:43:10,198 - INFO - [36m(setup pid=8500)[0m + echo 'Checking for NVIDIA driver...'
2026-03-20 16:43:10,198 - INFO - [36m(setup pid=8500)[0m Checking for NVIDIA driver...
2026-03-20 16:43:10,198 - INFO - [36m(setup pid=8500)[0m + nvidia-smi
2026-03-20 16:43:10,198 - INFO - [36m(setup pid=8500)[0m Fri Mar 20 11:13:02 2026
2026-03-20 16:43:10,198 - INFO - [36m(setup pid=8500)[0m +-----------------------------------------------------------------------------------------+
2026-03-20 16:43:10,198 - INFO - [36m(setup pid=8500)[0m | NVIDIA-SMI 570.172.08             Driver Version: 570.172.08     CUDA Version: 12.8     |
2026-03-20 16:43:10,198 - INFO - [36m(setup pid=8500)[0m |-----------------------------------------+------------------------+----------------------+
2026-03-20 16:43:10,198 - INFO - [36m(setup pid=8500)[0m | GPU  Name                 Persistence-M | Bus-Id          Disp.A | Volatile Uncorr. ECC |
2026-03-20 16:43:10,198 - INFO - [36m(setup pid=8500)[0m | Fan  Temp   Perf          Pwr:Usage/Cap |           Memory-Usage | GPU-Util  Compute M. |
2026-03-20 16:43:10,198 - INFO - [36m(setup pid=8500)[0m |                                         |                        |               MIG M. |
2026-03-20 16:43:10,198 - INFO - [36m(setup pid=8500)[0m |=========================================+========================+======================|
2026-03-20 16:43:10,198 - INFO - [36m(setup pid=8500)[0m |   0  NVIDIA A100-SXM4-40GB          On  |   00000000:10:1C.0 Off |                    0 |
2026-03-20 16:43:10,198 - INFO - [36m(setup pid=8500)[0m | N/A   28C    P0             53W /  400W |       0MiB /  40960MiB |      0%      Default |
2026-03-20 16:43:10,198 - INFO - [36m(setup pid=8500)[0m |                                         |                        |             Disabled |
2026-03-20 16:43:10,198 - INFO - [36m(setup pid=8500)[0m +-----------------------------------------+------------------------+----------------------+
2026-03-20 16:43:10,198 - INFO - [36m(setup pid=8500)[0m |   1  NVIDIA A100-SXM4-40GB          On  |   00000000:10:1D.0 Off |                    0 |
2026-03-20 16:43:10,198 - INFO - [36m(setup pid=8500)[0m | N/A   27C    P0             58W /  400W |       0MiB /  40960MiB |      0%      Default |
2026-03-20 16:43:10,198 - INFO - [36m(setup pid=8500)[0m |                                         |                        |             Disabled |
2026-03-20 16:43:10,199 - INFO - [36m(setup pid=8500)[0m +-----------------------------------------+------------------------+----------------------+
2026-03-20 16:43:10,199 - INFO - [36m(setup pid=8500)[0m |   2  NVIDIA A100-SXM4-40GB          On  |   00000000:20:1C.0 Off |                    0 |
2026-03-20 16:43:10,199 - INFO - [36m(setup pid=8500)[0m | N/A   28C    P0             52W /  400W |       0MiB /  40960MiB |      0%      Default |
2026-03-20 16:43:10,199 - INFO - [36m(setup pid=8500)[0m |                                         |                        |             Disabled |
2026-03-20 16:43:10,199 - INFO - [36m(setup pid=8500)[0m +-----------------------------------------+------------------------+----------------------+
2026-03-20 16:43:10,199 - INFO - [36m(setup pid=8500)[0m |   3  NVIDIA A100-SXM4-40GB          On  |   00000000:20:1D.0 Off |                    0 |
2026-03-20 16:43:10,199 - INFO - [36m(setup pid=8500)[0m | N/A   27C    P0             54W /  400W |       0MiB /  40960MiB |      0%      Default |
2026-03-20 16:43:10,199 - INFO - [36m(setup pid=8500)[0m |                                         |                        |             Disabled |
2026-03-20 16:43:10,199 - INFO - [36m(setup pid=8500)[0m +-----------------------------------------+------------------------+----------------------+
2026-03-20 16:43:10,199 - INFO - [36m(setup pid=8500)[0m |   4  NVIDIA A100-SXM4-40GB          On  |   00000000:90:1C.0 Off |                    0 |
2026-03-20 16:43:10,199 - INFO - [36m(setup pid=8500)[0m | N/A   28C    P0             54W /  400W |       0MiB /  40960MiB |      0%      Default |
2026-03-20 16:43:10,199 - INFO - [36m(setup pid=8500)[0m |                                         |                        |             Disabled |
2026-03-20 16:43:10,199 - INFO - [36m(setup pid=8500)[0m +-----------------------------------------+------------------------+----------------------+
2026-03-20 16:43:10,199 - INFO - [36m(setup pid=8500)[0m |   5  NVIDIA A100-SXM4-40GB          On  |   00000000:90:1D.0 Off |                    0 |
2026-03-20 16:43:10,199 - INFO - [36m(setup pid=8500)[0m | N/A   27C    P0             58W /  400W |       0MiB /  40960MiB |      0%      Default |
2026-03-20 16:43:10,199 - INFO - [36m(setup pid=8500)[0m |                                         |                        |             Disabled |
2026-03-20 16:43:10,199 - INFO - [36m(setup pid=8500)[0m +-----------------------------------------+------------------------+----------------------+
2026-03-20 16:43:10,199 - INFO - [36m(setup pid=8500)[0m |   6  NVIDIA A100-SXM4-40GB          On  |   00000000:A0:1C.0 Off |                    0 |
2026-03-20 16:43:10,199 - INFO - [36m(setup pid=8500)[0m | N/A   28C    P0             53W /  400W |       0MiB /  40960MiB |      0%      Default |
2026-03-20 16:43:10,199 - INFO - [36m(setup pid=8500)[0m |                                         |                        |             Disabled |
2026-03-20 16:43:10,199 - INFO - [36m(setup pid=8500)[0m +-----------------------------------------+------------------------+----------------------+
2026-03-20 16:43:10,199 - INFO - [36m(setup pid=8500)[0m |   7  NVIDIA A100-SXM4-40GB          On  |   00000000:A0:1D.0 Off |                    0 |
2026-03-20 16:43:10,199 - INFO - [36m(setup pid=8500)[0m | N/A   28C    P0             55W /  400W |       0MiB /  40960MiB |      0%      Default |
2026-03-20 16:43:10,199 - INFO - [36m(setup pid=8500)[0m |                                         |                        |             Disabled |
2026-03-20 16:43:10,199 - INFO - [36m(setup pid=8500)[0m +-----------------------------------------+------------------------+----------------------+
2026-03-20 16:43:10,199 - INFO - [36m(setup pid=8500)[0m
2026-03-20 16:43:10,199 - INFO - [36m(setup pid=8500)[0m +-----------------------------------------------------------------------------------------+
2026-03-20 16:43:10,199 - INFO - [36m(setup pid=8500)[0m | Processes:                                                                              |
2026-03-20 16:43:10,199 - INFO - [36m(setup pid=8500)[0m |  GPU   GI   CI              PID   Type   Process name                        GPU Memory |
2026-03-20 16:43:10,199 - INFO - [36m(setup pid=8500)[0m |        ID   ID                                                               Usage      |
2026-03-20 16:43:10,199 - INFO - [36m(setup pid=8500)[0m |=========================================================================================|
2026-03-20 16:43:10,199 - INFO - [36m(setup pid=8500)[0m |  No running processes found                                                             |
2026-03-20 16:43:10,199 - INFO - [36m(setup pid=8500)[0m +-----------------------------------------------------------------------------------------+
2026-03-20 16:43:10,199 - INFO - [36m(setup pid=8500)[0m + echo 'Checking CUDA libraries...'
2026-03-20 16:43:10,199 - INFO - [36m(setup pid=8500)[0m Checking CUDA libraries...
2026-03-20 16:43:10,199 - INFO - [36m(setup pid=8500)[0m + ldconfig -p
2026-03-20 16:43:10,199 - INFO - [36m(setup pid=8500)[0m + grep --color=auto cuda
2026-03-20 16:43:10,199 - INFO - [36m(setup pid=8500)[0m 	libnvrtc.so.12 (libc6,x86-64) => /usr/local/cuda-12.4/targets/x86_64-linux/lib/libnvrtc.so.12
2026-03-20 16:43:10,199 - INFO - [36m(setup pid=8500)[0m 	libnvrtc.so.12 (libc6,x86-64) => /usr/local/cuda-12.5/targets/x86_64-linux/lib/libnvrtc.so.12
2026-03-20 16:43:10,199 - INFO - [36m(setup pid=8500)[0m 	libnvrtc.so.12 (libc6,x86-64) => /usr/local/cuda-12.6/targets/x86_64-linux/lib/libnvrtc.so.12
2026-03-20 16:43:10,199 - INFO - [36m(setup pid=8500)[0m 	libnvrtc.so.12 (libc6,x86-64) => /usr/local/cuda-12.8/targets/x86_64-linux/lib/libnvrtc.so.12
2026-03-20 16:43:10,199 - INFO - [36m(setup pid=8500)[0m 	libnvrtc.so (libc6,x86-64) => /usr/local/cuda-12.4/targets/x86_64-linux/lib/libnvrtc.so
2026-03-20 16:43:10,199 - INFO - [36m(setup pid=8500)[0m 	libnvrtc.so (libc6,x86-64) => /usr/local/cuda-12.5/targets/x86_64-linux/lib/libnvrtc.so
2026-03-20 16:43:10,199 - INFO - [36m(setup pid=8500)[0m 	libnvrtc.so (libc6,x86-64) => /usr/local/cuda-12.6/targets/x86_64-linux/lib/libnvrtc.so
2026-03-20 16:43:10,199 - INFO - [36m(setup pid=8500)[0m 	libnvrtc.so (libc6,x86-64) => /usr/local/cuda-12.8/targets/x86_64-linux/lib/libnvrtc.so
2026-03-20 16:43:10,199 - INFO - [36m(setup pid=8500)[0m 	libnvrtc.alt.so.12 (libc6,x86-64) => /usr/local/cuda-12.8/targets/x86_64-linux/lib/libnvrtc.alt.so.12
2026-03-20 16:43:10,199 - INFO - [36m(setup pid=8500)[0m 	libnvrtc.alt.so (libc6,x86-64) => /usr/local/cuda-12.8/targets/x86_64-linux/lib/libnvrtc.alt.so
2026-03-20 16:43:10,199 - INFO - [36m(setup pid=8500)[0m 	libnvrtc-builtins.so.12.8 (libc6,x86-64) => /usr/local/cuda-12.8/targets/x86_64-linux/lib/libnvrtc-builtins.so.12.8
2026-03-20 16:43:10,199 - INFO - [36m(setup pid=8500)[0m 	libnvrtc-builtins.so.12.6 (libc6,x86-64) => /usr/local/cuda-12.6/targets/x86_64-linux/lib/libnvrtc-builtins.so.12.6
2026-03-20 16:43:10,199 - INFO - [36m(setup pid=8500)[0m 	libnvrtc-builtins.so.12.5 (libc6,x86-64) => /usr/local/cuda-12.5/targets/x86_64-linux/lib/libnvrtc-builtins.so.12.5
2026-03-20 16:43:10,199 - INFO - [36m(setup pid=8500)[0m 	libnvrtc-builtins.so.12.4 (libc6,x86-64) => /usr/local/cuda-12.4/targets/x86_64-linux/lib/libnvrtc-builtins.so.12.4
2026-03-20 16:43:10,199 - INFO - [36m(setup pid=8500)[0m 	libnvrtc-builtins.so (libc6,x86-64) => /usr/local/cuda-12.4/targets/x86_64-linux/lib/libnvrtc-builtins.so
2026-03-20 16:43:10,199 - INFO - [36m(setup pid=8500)[0m 	libnvrtc-builtins.so (libc6,x86-64) => /usr/local/cuda-12.5/targets/x86_64-linux/lib/libnvrtc-builtins.so
2026-03-20 16:43:10,199 - INFO - [36m(setup pid=8500)[0m 	libnvrtc-builtins.so (libc6,x86-64) => /usr/local/cuda-12.6/targets/x86_64-linux/lib/libnvrtc-builtins.so
2026-03-20 16:43:10,199 - INFO - [36m(setup pid=8500)[0m 	libnvrtc-builtins.so (libc6,x86-64) => /usr/local/cuda-12.8/targets/x86_64-linux/lib/libnvrtc-builtins.so
2026-03-20 16:43:10,199 - INFO - [36m(setup pid=8500)[0m 	libnvrtc-builtins.alt.so.12.8 (libc6,x86-64) => /usr/local/cuda-12.8/targets/x86_64-linux/lib/libnvrtc-builtins.alt.so.12.8
2026-03-20 16:43:10,199 - INFO - [36m(setup pid=8500)[0m 	libnvrtc-builtins.alt.so (libc6,x86-64) => /usr/local/cuda-12.8/targets/x86_64-linux/lib/libnvrtc-builtins.alt.so
2026-03-20 16:43:10,199 - INFO - [36m(setup pid=8500)[0m 	libnvjpeg.so.12 (libc6,x86-64) => /usr/local/cuda-12.4/targets/x86_64-linux/lib/libnvjpeg.so.12
2026-03-20 16:43:10,199 - INFO - [36m(setup pid=8500)[0m 	libnvjpeg.so.12 (libc6,x86-64) => /usr/local/cuda-12.5/targets/x86_64-linux/lib/libnvjpeg.so.12
2026-03-20 16:43:10,199 - INFO - [36m(setup pid=8500)[0m 	libnvjpeg.so.12 (libc6,x86-64) => /usr/local/cuda-12.6/targets/x86_64-linux/lib/libnvjpeg.so.12
2026-03-20 16:43:10,199 - INFO - [36m(setup pid=8500)[0m 	libnvjpeg.so.12 (libc6,x86-64) => /usr/local/cuda-12.8/targets/x86_64-linux/lib/libnvjpeg.so.12
2026-03-20 16:43:10,199 - INFO - [36m(setup pid=8500)[0m 	libnvjpeg.so (libc6,x86-64) => /usr/local/cuda-12.4/targets/x86_64-linux/lib/libnvjpeg.so
2026-03-20 16:43:10,199 - INFO - [36m(setup pid=8500)[0m 	libnvjpeg.so (libc6,x86-64) => /usr/local/cuda-12.5/targets/x86_64-linux/lib/libnvjpeg.so
2026-03-20 16:43:10,199 - INFO - [36m(setup pid=8500)[0m 	libnvjpeg.so (libc6,x86-64) => /usr/local/cuda-12.6/targets/x86_64-linux/lib/libnvjpeg.so
2026-03-20 16:43:10,199 - INFO - [36m(setup pid=8500)[0m 	libnvjpeg.so (libc6,x86-64) => /usr/local/cuda-12.8/targets/x86_64-linux/lib/libnvjpeg.so
2026-03-20 16:43:10,199 - INFO - [36m(setup pid=8500)[0m 	libnvfatbin.so.12 (libc6,x86-64) => /usr/local/cuda-12.4/targets/x86_64-linux/lib/libnvfatbin.so.12
2026-03-20 16:43:10,199 - INFO - [36m(setup pid=8500)[0m 	libnvfatbin.so.12 (libc6,x86-64) => /usr/local/cuda-12.5/targets/x86_64-linux/lib/libnvfatbin.so.12
2026-03-20 16:43:10,199 - INFO - [36m(setup pid=8500)[0m 	libnvfatbin.so.12 (libc6,x86-64) => /usr/local/cuda-12.6/targets/x86_64-linux/lib/libnvfatbin.so.12
2026-03-20 16:43:10,199 - INFO - [36m(setup pid=8500)[0m 	libnvfatbin.so.12 (libc6,x86-64) => /usr/local/cuda-12.8/targets/x86_64-linux/lib/libnvfatbin.so.12
2026-03-20 16:43:10,199 - INFO - [36m(setup pid=8500)[0m 	libnvfatbin.so (libc6,x86-64) => /usr/local/cuda-12.4/targets/x86_64-linux/lib/libnvfatbin.so
2026-03-20 16:43:10,199 - INFO - [36m(setup pid=8500)[0m 	libnvfatbin.so (libc6,x86-64) => /usr/local/cuda-12.5/targets/x86_64-linux/lib/libnvfatbin.so
2026-03-20 16:43:10,199 - INFO - [36m(setup pid=8500)[0m 	libnvfatbin.so (libc6,x86-64) => /usr/local/cuda-12.6/targets/x86_64-linux/lib/libnvfatbin.so
2026-03-20 16:43:10,199 - INFO - [36m(setup pid=8500)[0m 	libnvfatbin.so (libc6,x86-64) => /usr/local/cuda-12.8/targets/x86_64-linux/lib/libnvfatbin.so
2026-03-20 16:43:10,199 - INFO - [36m(setup pid=8500)[0m 	libnvblas.so.12 (libc6,x86-64) => /usr/local/cuda-12.4/targets/x86_64-linux/lib/libnvblas.so.12
2026-03-20 16:43:10,199 - INFO - [36m(setup pid=8500)[0m 	libnvblas.so.12 (libc6,x86-64) => /usr/local/cuda-12.5/targets/x86_64-linux/lib/libnvblas.so.12
2026-03-20 16:43:10,199 - INFO - [36m(setup pid=8500)[0m 	libnvblas.so.12 (libc6,x86-64) => /usr/local/cuda-12.6/targets/x86_64-linux/lib/libnvblas.so.12
2026-03-20 16:43:10,199 - INFO - [36m(setup pid=8500)[0m 	libnvblas.so.12 (libc6,x86-64) => /usr/local/cuda-12.8/targets/x86_64-linux/lib/libnvblas.so.12
2026-03-20 16:43:10,199 - INFO - [36m(setup pid=8500)[0m 	libnvblas.so (libc6,x86-64) => /usr/local/cuda-12.4/targets/x86_64-linux/lib/libnvblas.so
2026-03-20 16:43:10,199 - INFO - [36m(setup pid=8500)[0m 	libnvblas.so (libc6,x86-64) => /usr/local/cuda-12.5/targets/x86_64-linux/lib/libnvblas.so
2026-03-20 16:43:10,199 - INFO - [36m(setup pid=8500)[0m 	libnvblas.so (libc6,x86-64) => /usr/local/cuda-12.6/targets/x86_64-linux/lib/libnvblas.so
2026-03-20 16:43:10,199 - INFO - [36m(setup pid=8500)[0m 	libnvblas.so (libc6,x86-64) => /usr/local/cuda-12.8/targets/x86_64-linux/lib/libnvblas.so
2026-03-20 16:43:10,199 - INFO - [36m(setup pid=8500)[0m 	libnvToolsExt.so.1 (libc6,x86-64) => /usr/local/cuda-12.4/targets/x86_64-linux/lib/libnvToolsExt.so.1
2026-03-20 16:43:10,199 - INFO - [36m(setup pid=8500)[0m 	libnvToolsExt.so.1 (libc6,x86-64) => /usr/local/cuda-12.5/targets/x86_64-linux/lib/libnvToolsExt.so.1
2026-03-20 16:43:10,199 - INFO - [36m(setup pid=8500)[0m 	libnvToolsExt.so.1 (libc6,x86-64) => /usr/local/cuda-12.6/targets/x86_64-linux/lib/libnvToolsExt.so.1
2026-03-20 16:43:10,199 - INFO - [36m(setup pid=8500)[0m 	libnvToolsExt.so.1 (libc6,x86-64) => /usr/local/cuda-12.8/targets/x86_64-linux/lib/libnvToolsExt.so.1
2026-03-20 16:43:10,199 - INFO - [36m(setup pid=8500)[0m 	libnvToolsExt.so (libc6,x86-64) => /usr/local/cuda-12.4/targets/x86_64-linux/lib/libnvToolsExt.so
2026-03-20 16:43:10,199 - INFO - [36m(setup pid=8500)[0m 	libnvToolsExt.so (libc6,x86-64) => /usr/local/cuda-12.5/targets/x86_64-linux/lib/libnvToolsExt.so
2026-03-20 16:43:10,199 - INFO - [36m(setup pid=8500)[0m 	libnvToolsExt.so (libc6,x86-64) => /usr/local/cuda-12.6/targets/x86_64-linux/lib/libnvToolsExt.so
2026-03-20 16:43:10,199 - INFO - [36m(setup pid=8500)[0m 	libnvToolsExt.so (libc6,x86-64) => /usr/local/cuda-12.8/targets/x86_64-linux/lib/libnvToolsExt.so
2026-03-20 16:43:10,199 - INFO - [36m(setup pid=8500)[0m 	libnvJitLink.so.12 (libc6,x86-64) => /usr/local/cuda-12.4/targets/x86_64-linux/lib/libnvJitLink.so.12
2026-03-20 16:43:10,199 - INFO - [36m(setup pid=8500)[0m 	libnvJitLink.so.12 (libc6,x86-64) => /usr/local/cuda-12.5/targets/x86_64-linux/lib/libnvJitLink.so.12
2026-03-20 16:43:10,199 - INFO - [36m(setup pid=8500)[0m 	libnvJitLink.so.12 (libc6,x86-64) => /usr/local/cuda-12.6/targets/x86_64-linux/lib/libnvJitLink.so.12
2026-03-20 16:43:10,199 - INFO - [36m(setup pid=8500)[0m 	libnvJitLink.so.12 (libc6,x86-64) => /usr/local/cuda-12.8/targets/x86_64-linux/lib/libnvJitLink.so.12
2026-03-20 16:43:10,199 - INFO - [36m(setup pid=8500)[0m 	libnvJitLink.so (libc6,x86-64) => /usr/local/cuda-12.4/targets/x86_64-linux/lib/libnvJitLink.so
2026-03-20 16:43:10,199 - INFO - [36m(setup pid=8500)[0m 	libnvJitLink.so (libc6,x86-64) => /usr/local/cuda-12.5/targets/x86_64-linux/lib/libnvJitLink.so
2026-03-20 16:43:10,199 - INFO - [36m(setup pid=8500)[0m 	libnvJitLink.so (libc6,x86-64) => /usr/local/cuda-12.6/targets/x86_64-linux/lib/libnvJitLink.so
2026-03-20 16:43:10,199 - INFO - [36m(setup pid=8500)[0m 	libnvJitLink.so (libc6,x86-64) => /usr/local/cuda-12.8/targets/x86_64-linux/lib/libnvJitLink.so
2026-03-20 16:43:10,199 - INFO - [36m(setup pid=8500)[0m 	libnpps.so.12 (libc6,x86-64) => /usr/local/cuda-12.4/targets/x86_64-linux/lib/libnpps.so.12
2026-03-20 16:43:10,199 - INFO - [36m(setup pid=8500)[0m 	libnpps.so.12 (libc6,x86-64) => /usr/local/cuda-12.5/targets/x86_64-linux/lib/libnpps.so.12
2026-03-20 16:43:10,199 - INFO - [36m(setup pid=8500)[0m 	libnpps.so.12 (libc6,x86-64) => /usr/local/cuda-12.6/targets/x86_64-linux/lib/libnpps.so.12
2026-03-20 16:43:10,199 - INFO - [36m(setup pid=8500)[0m 	libnpps.so.12 (libc6,x86-64) => /usr/local/cuda-12.8/targets/x86_64-linux/lib/libnpps.so.12
2026-03-20 16:43:10,199 - INFO - [36m(setup pid=8500)[0m 	libnpps.so (libc6,x86-64) => /usr/local/cuda-12.4/targets/x86_64-linux/lib/libnpps.so
2026-03-20 16:43:10,199 - INFO - [36m(setup pid=8500)[0m 	libnpps.so (libc6,x86-64) => /usr/local/cuda-12.5/targets/x86_64-linux/lib/libnpps.so
2026-03-20 16:43:10,199 - INFO - [36m(setup pid=8500)[0m 	libnpps.so (libc6,x86-64) => /usr/local/cuda-12.6/targets/x86_64-linux/lib/libnpps.so
2026-03-20 16:43:10,199 - INFO - [36m(setup pid=8500)[0m 	libnpps.so (libc6,x86-64) => /usr/local/cuda-12.8/targets/x86_64-linux/lib/libnpps.so
2026-03-20 16:43:10,199 - INFO - [36m(setup pid=8500)[0m 	libnppitc.so.12 (libc6,x86-64) => /usr/local/cuda-12.4/targets/x86_64-linux/lib/libnppitc.so.12
2026-03-20 16:43:10,199 - INFO - [36m(setup pid=8500)[0m 	libnppitc.so.12 (libc6,x86-64) => /usr/local/cuda-12.5/targets/x86_64-linux/lib/libnppitc.so.12
2026-03-20 16:43:10,199 - INFO - [36m(setup pid=8500)[0m 	libnppitc.so.12 (libc6,x86-64) => /usr/local/cuda-12.6/targets/x86_64-linux/lib/libnppitc.so.12
2026-03-20 16:43:10,199 - INFO - [36m(setup pid=8500)[0m 	libnppitc.so.12 (libc6,x86-64) => /usr/local/cuda-12.8/targets/x86_64-linux/lib/libnppitc.so.12
2026-03-20 16:43:10,199 - INFO - [36m(setup pid=8500)[0m 	libnppitc.so (libc6,x86-64) => /usr/local/cuda-12.4/targets/x86_64-linux/lib/libnppitc.so
2026-03-20 16:43:10,199 - INFO - [36m(setup pid=8500)[0m 	libnppitc.so (libc6,x86-64) => /usr/local/cuda-12.5/targets/x86_64-linux/lib/libnppitc.so
2026-03-20 16:43:10,199 - INFO - [36m(setup pid=8500)[0m 	libnppitc.so (libc6,x86-64) => /usr/local/cuda-12.6/targets/x86_64-linux/lib/libnppitc.so
2026-03-20 16:43:10,199 - INFO - [36m(setup pid=8500)[0m 	libnppitc.so (libc6,x86-64) => /usr/local/cuda-12.8/targets/x86_64-linux/lib/libnppitc.so
2026-03-20 16:43:10,199 - INFO - [36m(setup pid=8500)[0m 	libnppisu.so.12 (libc6,x86-64) => /usr/local/cuda-12.4/targets/x86_64-linux/lib/libnppisu.so.12
2026-03-20 16:43:10,199 - INFO - [36m(setup pid=8500)[0m 	libnppisu.so.12 (libc6,x86-64) => /usr/local/cuda-12.5/targets/x86_64-linux/lib/libnppisu.so.12
2026-03-20 16:43:10,199 - INFO - [36m(setup pid=8500)[0m 	libnppisu.so.12 (libc6,x86-64) => /usr/local/cuda-12.6/targets/x86_64-linux/lib/libnppisu.so.12
2026-03-20 16:43:10,199 - INFO - [36m(setup pid=8500)[0m 	libnppisu.so.12 (libc6,x86-64) => /usr/local/cuda-12.8/targets/x86_64-linux/lib/libnppisu.so.12
2026-03-20 16:43:10,199 - INFO - [36m(setup pid=8500)[0m 	libnppisu.so (libc6,x86-64) => /usr/local/cuda-12.4/targets/x86_64-linux/lib/libnppisu.so
2026-03-20 16:43:10,199 - INFO - [36m(setup pid=8500)[0m 	libnppisu.so (libc6,x86-64) => /usr/local/cuda-12.5/targets/x86_64-linux/lib/libnppisu.so
2026-03-20 16:43:10,199 - INFO - [36m(setup pid=8500)[0m 	libnppisu.so (libc6,x86-64) => /usr/local/cuda-12.6/targets/x86_64-linux/lib/libnppisu.so
2026-03-20 16:43:10,199 - INFO - [36m(setup pid=8500)[0m 	libnppisu.so (libc6,x86-64) => /usr/local/cuda-12.8/targets/x86_64-linux/lib/libnppisu.so
2026-03-20 16:43:10,199 - INFO - [36m(setup pid=8500)[0m 	libnppist.so.12 (libc6,x86-64) => /usr/local/cuda-12.4/targets/x86_64-linux/lib/libnppist.so.12
2026-03-20 16:43:10,199 - INFO - [36m(setup pid=8500)[0m 	libnppist.so.12 (libc6,x86-64) => /usr/local/cuda-12.5/targets/x86_64-linux/lib/libnppist.so.12
2026-03-20 16:43:10,199 - INFO - [36m(setup pid=8500)[0m 	libnppist.so.12 (libc6,x86-64) => /usr/local/cuda-12.6/targets/x86_64-linux/lib/libnppist.so.12
2026-03-20 16:43:10,200 - INFO - [36m(setup pid=8500)[0m 	libnppist.so.12 (libc6,x86-64) => /usr/local/cuda-12.8/targets/x86_64-linux/lib/libnppist.so.12
2026-03-20 16:43:10,200 - INFO - [36m(setup pid=8500)[0m 	libnppist.so (libc6,x86-64) => /usr/local/cuda-12.4/targets/x86_64-linux/lib/libnppist.so
2026-03-20 16:43:10,200 - INFO - [36m(setup pid=8500)[0m 	libnppist.so (libc6,x86-64) => /usr/local/cuda-12.5/targets/x86_64-linux/lib/libnppist.so
2026-03-20 16:43:10,200 - INFO - [36m(setup pid=8500)[0m 	libnppist.so (libc6,x86-64) => /usr/local/cuda-12.6/targets/x86_64-linux/lib/libnppist.so
2026-03-20 16:43:10,200 - INFO - [36m(setup pid=8500)[0m 	libnppist.so (libc6,x86-64) => /usr/local/cuda-12.8/targets/x86_64-linux/lib/libnppist.so
2026-03-20 16:43:10,200 - INFO - [36m(setup pid=8500)[0m 	libnppim.so.12 (libc6,x86-64) => /usr/local/cuda-12.4/targets/x86_64-linux/lib/libnppim.so.12
2026-03-20 16:43:10,200 - INFO - [36m(setup pid=8500)[0m 	libnppim.so.12 (libc6,x86-64) => /usr/local/cuda-12.5/targets/x86_64-linux/lib/libnppim.so.12
2026-03-20 16:43:10,200 - INFO - [36m(setup pid=8500)[0m 	libnppim.so.12 (libc6,x86-64) => /usr/local/cuda-12.6/targets/x86_64-linux/lib/libnppim.so.12
2026-03-20 16:43:10,200 - INFO - [36m(setup pid=8500)[0m 	libnppim.so.12 (libc6,x86-64) => /usr/local/cuda-12.8/targets/x86_64-linux/lib/libnppim.so.12
2026-03-20 16:43:10,200 - INFO - [36m(setup pid=8500)[0m 	libnppim.so (libc6,x86-64) => /usr/local/cuda-12.4/targets/x86_64-linux/lib/libnppim.so
2026-03-20 16:43:10,200 - INFO - [36m(setup pid=8500)[0m 	libnppim.so (libc6,x86-64) => /usr/local/cuda-12.5/targets/x86_64-linux/lib/libnppim.so
2026-03-20 16:43:10,200 - INFO - [36m(setup pid=8500)[0m 	libnppim.so (libc6,x86-64) => /usr/local/cuda-12.6/targets/x86_64-linux/lib/libnppim.so
2026-03-20 16:43:10,200 - INFO - [36m(setup pid=8500)[0m 	libnppim.so (libc6,x86-64) => /usr/local/cuda-12.8/targets/x86_64-linux/lib/libnppim.so
2026-03-20 16:43:10,200 - INFO - [36m(setup pid=8500)[0m 	libnppig.so.12 (libc6,x86-64) => /usr/local/cuda-12.4/targets/x86_64-linux/lib/libnppig.so.12
2026-03-20 16:43:10,200 - INFO - [36m(setup pid=8500)[0m 	libnppig.so.12 (libc6,x86-64) => /usr/local/cuda-12.5/targets/x86_64-linux/lib/libnppig.so.12
2026-03-20 16:43:10,200 - INFO - [36m(setup pid=8500)[0m 	libnppig.so.12 (libc6,x86-64) => /usr/local/cuda-12.6/targets/x86_64-linux/lib/libnppig.so.12
2026-03-20 16:43:10,200 - INFO - [36m(setup pid=8500)[0m 	libnppig.so.12 (libc6,x86-64) => /usr/local/cuda-12.8/targets/x86_64-linux/lib/libnppig.so.12
2026-03-20 16:43:10,200 - INFO - [36m(setup pid=8500)[0m 	libnppig.so (libc6,x86-64) => /usr/local/cuda-12.4/targets/x86_64-linux/lib/libnppig.so
2026-03-20 16:43:10,200 - INFO - [36m(setup pid=8500)[0m 	libnppig.so (libc6,x86-64) => /usr/local/cuda-12.5/targets/x86_64-linux/lib/libnppig.so
2026-03-20 16:43:10,200 - INFO - [36m(setup pid=8500)[0m 	libnppig.so (libc6,x86-64) => /usr/local/cuda-12.6/targets/x86_64-linux/lib/libnppig.so
2026-03-20 16:43:10,200 - INFO - [36m(setup pid=8500)[0m 	libnppig.so (libc6,x86-64) => /usr/local/cuda-12.8/targets/x86_64-linux/lib/libnppig.so
2026-03-20 16:43:10,200 - INFO - [36m(setup pid=8500)[0m 	libnppif.so.12 (libc6,x86-64) => /usr/local/cuda-12.4/targets/x86_64-linux/lib/libnppif.so.12
2026-03-20 16:43:10,200 - INFO - [36m(setup pid=8500)[0m 	libnppif.so.12 (libc6,x86-64) => /usr/local/cuda-12.5/targets/x86_64-linux/lib/libnppif.so.12
2026-03-20 16:43:10,200 - INFO - [36m(setup pid=8500)[0m 	libnppif.so.12 (libc6,x86-64) => /usr/local/cuda-12.6/targets/x86_64-linux/lib/libnppif.so.12
2026-03-20 16:43:10,200 - INFO - [36m(setup pid=8500)[0m 	libnppif.so.12 (libc6,x86-64) => /usr/local/cuda-12.8/targets/x86_64-linux/lib/libnppif.so.12
2026-03-20 16:43:10,200 - INFO - [36m(setup pid=8500)[0m 	libnppif.so (libc6,x86-64) => /usr/local/cuda-12.4/targets/x86_64-linux/lib/libnppif.so
2026-03-20 16:43:10,200 - INFO - [36m(setup pid=8500)[0m 	libnppif.so (libc6,x86-64) => /usr/local/cuda-12.5/targets/x86_64-linux/lib/libnppif.so
2026-03-20 16:43:10,200 - INFO - [36m(setup pid=8500)[0m 	libnppif.so (libc6,x86-64) => /usr/local/cuda-12.6/targets/x86_64-linux/lib/libnppif.so
2026-03-20 16:43:10,401 - INFO - [36m(setup pid=8500)[0m 	libnppif.so (libc6,x86-64) => /usr/local/cuda-12.8/targets/x86_64-linux/lib/libnppif.so
2026-03-20 16:43:10,401 - INFO - [36m(setup pid=8500)[0m 	libnppidei.so.12 (libc6,x86-64) => /usr/local/cuda-12.4/targets/x86_64-linux/lib/libnppidei.so.12
2026-03-20 16:43:10,401 - INFO - [36m(setup pid=8500)[0m 	libnppidei.so.12 (libc6,x86-64) => /usr/local/cuda-12.5/targets/x86_64-linux/lib/libnppidei.so.12
2026-03-20 16:43:10,401 - INFO - [36m(setup pid=8500)[0m 	libnppidei.so.12 (libc6,x86-64) => /usr/local/cuda-12.6/targets/x86_64-linux/lib/libnppidei.so.12
2026-03-20 16:43:10,401 - INFO - [36m(setup pid=8500)[0m 	libnppidei.so.12 (libc6,x86-64) => /usr/local/cuda-12.8/targets/x86_64-linux/lib/libnppidei.so.12
2026-03-20 16:43:10,401 - INFO - [36m(setup pid=8500)[0m 	libnppidei.so (libc6,x86-64) => /usr/local/cuda-12.4/targets/x86_64-linux/lib/libnppidei.so
2026-03-20 16:43:10,401 - INFO - [36m(setup pid=8500)[0m 	libnppidei.so (libc6,x86-64) => /usr/local/cuda-12.5/targets/x86_64-linux/lib/libnppidei.so
2026-03-20 16:43:10,401 - INFO - [36m(setup pid=8500)[0m 	libnppidei.so (libc6,x86-64) => /usr/local/cuda-12.6/targets/x86_64-linux/lib/libnppidei.so
2026-03-20 16:43:10,401 - INFO - [36m(setup pid=8500)[0m 	libnppidei.so (libc6,x86-64) => /usr/local/cuda-12.8/targets/x86_64-linux/lib/libnppidei.so
2026-03-20 16:43:10,401 - INFO - [36m(setup pid=8500)[0m 	libnppicc.so.12 (libc6,x86-64) => /usr/local/cuda-12.4/targets/x86_64-linux/lib/libnppicc.so.12
2026-03-20 16:43:10,401 - INFO - [36m(setup pid=8500)[0m 	libnppicc.so.12 (libc6,x86-64) => /usr/local/cuda-12.5/targets/x86_64-linux/lib/libnppicc.so.12
2026-03-20 16:43:10,401 - INFO - [36m(setup pid=8500)[0m 	libnppicc.so.12 (libc6,x86-64) => /usr/local/cuda-12.6/targets/x86_64-linux/lib/libnppicc.so.12
2026-03-20 16:43:10,401 - INFO - [36m(setup pid=8500)[0m 	libnppicc.so.12 (libc6,x86-64) => /usr/local/cuda-12.8/targets/x86_64-linux/lib/libnppicc.so.12
2026-03-20 16:43:10,401 - INFO - [36m(setup pid=8500)[0m 	libnppicc.so (libc6,x86-64) => /usr/local/cuda-12.4/targets/x86_64-linux/lib/libnppicc.so
2026-03-20 16:43:10,401 - INFO - [36m(setup pid=8500)[0m 	libnppicc.so (libc6,x86-64) => /usr/local/cuda-12.5/targets/x86_64-linux/lib/libnppicc.so
2026-03-20 16:43:10,401 - INFO - [36m(setup pid=8500)[0m 	libnppicc.so (libc6,x86-64) => /usr/local/cuda-12.6/targets/x86_64-linux/lib/libnppicc.so
2026-03-20 16:43:10,401 - INFO - [36m(setup pid=8500)[0m 	libnppicc.so (libc6,x86-64) => /usr/local/cuda-12.8/targets/x86_64-linux/lib/libnppicc.so
2026-03-20 16:43:10,401 - INFO - [36m(setup pid=8500)[0m 	libnppial.so.12 (libc6,x86-64) => /usr/local/cuda-12.4/targets/x86_64-linux/lib/libnppial.so.12
2026-03-20 16:43:10,401 - INFO - [36m(setup pid=8500)[0m 	libnppial.so.12 (libc6,x86-64) => /usr/local/cuda-12.5/targets/x86_64-linux/lib/libnppial.so.12
2026-03-20 16:43:10,401 - INFO - [36m(setup pid=8500)[0m 	libnppial.so.12 (libc6,x86-64) => /usr/local/cuda-12.6/targets/x86_64-linux/lib/libnppial.so.12
2026-03-20 16:43:10,401 - INFO - [36m(setup pid=8500)[0m 	libnppial.so.12 (libc6,x86-64) => /usr/local/cuda-12.8/targets/x86_64-linux/lib/libnppial.so.12
2026-03-20 16:43:10,401 - INFO - [36m(setup pid=8500)[0m 	libnppial.so (libc6,x86-64) => /usr/local/cuda-12.4/targets/x86_64-linux/lib/libnppial.so
2026-03-20 16:43:10,401 - INFO - [36m(setup pid=8500)[0m 	libnppial.so (libc6,x86-64) => /usr/local/cuda-12.5/targets/x86_64-linux/lib/libnppial.so
2026-03-20 16:43:10,401 - INFO - [36m(setup pid=8500)[0m 	libnppial.so (libc6,x86-64) => /usr/local/cuda-12.6/targets/x86_64-linux/lib/libnppial.so
2026-03-20 16:43:10,401 - INFO - [36m(setup pid=8500)[0m 	libnppial.so (libc6,x86-64) => /usr/local/cuda-12.8/targets/x86_64-linux/lib/libnppial.so
2026-03-20 16:43:10,401 - INFO - [36m(setup pid=8500)[0m 	libnppc.so.12 (libc6,x86-64) => /usr/local/cuda-12.4/targets/x86_64-linux/lib/libnppc.so.12
2026-03-20 16:43:10,401 - INFO - [36m(setup pid=8500)[0m 	libnppc.so.12 (libc6,x86-64) => /usr/local/cuda-12.5/targets/x86_64-linux/lib/libnppc.so.12
2026-03-20 16:43:10,401 - INFO - [36m(setup pid=8500)[0m 	libnppc.so.12 (libc6,x86-64) => /usr/local/cuda-12.6/targets/x86_64-linux/lib/libnppc.so.12
2026-03-20 16:43:10,401 - INFO - [36m(setup pid=8500)[0m 	libnppc.so.12 (libc6,x86-64) => /usr/local/cuda-12.8/targets/x86_64-linux/lib/libnppc.so.12
2026-03-20 16:43:10,401 - INFO - [36m(setup pid=8500)[0m 	libnppc.so (libc6,x86-64) => /usr/local/cuda-12.4/targets/x86_64-linux/lib/libnppc.so
2026-03-20 16:43:10,401 - INFO - [36m(setup pid=8500)[0m 	libnppc.so (libc6,x86-64) => /usr/local/cuda-12.5/targets/x86_64-linux/lib/libnppc.so
2026-03-20 16:43:10,401 - INFO - [36m(setup pid=8500)[0m 	libnppc.so (libc6,x86-64) => /usr/local/cuda-12.6/targets/x86_64-linux/lib/libnppc.so
2026-03-20 16:43:10,401 - INFO - [36m(setup pid=8500)[0m 	libnppc.so (libc6,x86-64) => /usr/local/cuda-12.8/targets/x86_64-linux/lib/libnppc.so
2026-03-20 16:43:10,401 - INFO - [36m(setup pid=8500)[0m 	libicudata.so.70 (libc6,x86-64) => /lib/x86_64-linux-gnu/libicudata.so.70
2026-03-20 16:43:10,401 - INFO - [36m(setup pid=8500)[0m 	libcusparse.so.12 (libc6,x86-64) => /usr/local/cuda-12.4/targets/x86_64-linux/lib/libcusparse.so.12
2026-03-20 16:43:10,401 - INFO - [36m(setup pid=8500)[0m 	libcusparse.so.12 (libc6,x86-64) => /usr/local/cuda-12.5/targets/x86_64-linux/lib/libcusparse.so.12
2026-03-20 16:43:10,401 - INFO - [36m(setup pid=8500)[0m 	libcusparse.so.12 (libc6,x86-64) => /usr/local/cuda-12.6/targets/x86_64-linux/lib/libcusparse.so.12
2026-03-20 16:43:10,401 - INFO - [36m(setup pid=8500)[0m 	libcusparse.so.12 (libc6,x86-64) => /usr/local/cuda-12.8/targets/x86_64-linux/lib/libcusparse.so.12
2026-03-20 16:43:10,401 - INFO - [36m(setup pid=8500)[0m 	libcusparse.so (libc6,x86-64) => /usr/local/cuda-12.4/targets/x86_64-linux/lib/libcusparse.so
2026-03-20 16:43:10,401 - INFO - [36m(setup pid=8500)[0m 	libcusparse.so (libc6,x86-64) => /usr/local/cuda-12.5/targets/x86_64-linux/lib/libcusparse.so
2026-03-20 16:43:10,401 - INFO - [36m(setup pid=8500)[0m 	libcusparse.so (libc6,x86-64) => /usr/local/cuda-12.6/targets/x86_64-linux/lib/libcusparse.so
2026-03-20 16:43:10,401 - INFO - [36m(setup pid=8500)[0m 	libcusparse.so (libc6,x86-64) => /usr/local/cuda-12.8/targets/x86_64-linux/lib/libcusparse.so
2026-03-20 16:43:10,401 - INFO - [36m(setup pid=8500)[0m 	libcusolverMg.so.11 (libc6,x86-64) => /usr/local/cuda-12.4/targets/x86_64-linux/lib/libcusolverMg.so.11
2026-03-20 16:43:10,401 - INFO - [36m(setup pid=8500)[0m 	libcusolverMg.so.11 (libc6,x86-64) => /usr/local/cuda-12.5/targets/x86_64-linux/lib/libcusolverMg.so.11
2026-03-20 16:43:10,401 - INFO - [36m(setup pid=8500)[0m 	libcusolverMg.so.11 (libc6,x86-64) => /usr/local/cuda-12.6/targets/x86_64-linux/lib/libcusolverMg.so.11
2026-03-20 16:43:10,401 - INFO - [36m(setup pid=8500)[0m 	libcusolverMg.so.11 (libc6,x86-64) => /usr/local/cuda-12.8/targets/x86_64-linux/lib/libcusolverMg.so.11
2026-03-20 16:43:10,401 - INFO - [36m(setup pid=8500)[0m 	libcusolverMg.so (libc6,x86-64) => /usr/local/cuda-12.4/targets/x86_64-linux/lib/libcusolverMg.so
2026-03-20 16:43:10,401 - INFO - [36m(setup pid=8500)[0m 	libcusolverMg.so (libc6,x86-64) => /usr/local/cuda-12.5/targets/x86_64-linux/lib/libcusolverMg.so
2026-03-20 16:43:10,401 - INFO - [36m(setup pid=8500)[0m 	libcusolverMg.so (libc6,x86-64) => /usr/local/cuda-12.6/targets/x86_64-linux/lib/libcusolverMg.so
2026-03-20 16:43:10,401 - INFO - [36m(setup pid=8500)[0m 	libcusolverMg.so (libc6,x86-64) => /usr/local/cuda-12.8/targets/x86_64-linux/lib/libcusolverMg.so
2026-03-20 16:43:10,401 - INFO - [36m(setup pid=8500)[0m 	libcusolver.so.11 (libc6,x86-64) => /usr/local/cuda-12.4/targets/x86_64-linux/lib/libcusolver.so.11
2026-03-20 16:43:10,401 - INFO - [36m(setup pid=8500)[0m 	libcusolver.so.11 (libc6,x86-64) => /usr/local/cuda-12.5/targets/x86_64-linux/lib/libcusolver.so.11
2026-03-20 16:43:10,401 - INFO - [36m(setup pid=8500)[0m 	libcusolver.so.11 (libc6,x86-64) => /usr/local/cuda-12.6/targets/x86_64-linux/lib/libcusolver.so.11
2026-03-20 16:43:10,401 - INFO - [36m(setup pid=8500)[0m 	libcusolver.so.11 (libc6,x86-64) => /usr/local/cuda-12.8/targets/x86_64-linux/lib/libcusolver.so.11
2026-03-20 16:43:10,401 - INFO - [36m(setup pid=8500)[0m 	libcusolver.so (libc6,x86-64) => /usr/local/cuda-12.4/targets/x86_64-linux/lib/libcusolver.so
2026-03-20 16:43:10,401 - INFO - [36m(setup pid=8500)[0m 	libcusolver.so (libc6,x86-64) => /usr/local/cuda-12.5/targets/x86_64-linux/lib/libcusolver.so
2026-03-20 16:43:10,401 - INFO - [36m(setup pid=8500)[0m 	libcusolver.so (libc6,x86-64) => /usr/local/cuda-12.6/targets/x86_64-linux/lib/libcusolver.so
2026-03-20 16:43:10,401 - INFO - [36m(setup pid=8500)[0m 	libcusolver.so (libc6,x86-64) => /usr/local/cuda-12.8/targets/x86_64-linux/lib/libcusolver.so
2026-03-20 16:43:10,402 - INFO - [36m(setup pid=8500)[0m 	libcurand.so.10 (libc6,x86-64) => /usr/local/cuda-12.4/targets/x86_64-linux/lib/libcurand.so.10
2026-03-20 16:43:10,402 - INFO - [36m(setup pid=8500)[0m 	libcurand.so.10 (libc6,x86-64) => /usr/local/cuda-12.5/targets/x86_64-linux/lib/libcurand.so.10
2026-03-20 16:43:10,402 - INFO - [36m(setup pid=8500)[0m 	libcurand.so.10 (libc6,x86-64) => /usr/local/cuda-12.6/targets/x86_64-linux/lib/libcurand.so.10
2026-03-20 16:43:10,402 - INFO - [36m(setup pid=8500)[0m 	libcurand.so.10 (libc6,x86-64) => /usr/local/cuda-12.8/targets/x86_64-linux/lib/libcurand.so.10
2026-03-20 16:43:10,402 - INFO - [36m(setup pid=8500)[0m 	libcurand.so (libc6,x86-64) => /usr/local/cuda-12.4/targets/x86_64-linux/lib/libcurand.so
2026-03-20 16:43:10,402 - INFO - [36m(setup pid=8500)[0m 	libcurand.so (libc6,x86-64) => /usr/local/cuda-12.5/targets/x86_64-linux/lib/libcurand.so
2026-03-20 16:43:10,402 - INFO - [36m(setup pid=8500)[0m 	libcurand.so (libc6,x86-64) => /usr/local/cuda-12.6/targets/x86_64-linux/lib/libcurand.so
2026-03-20 16:43:10,402 - INFO - [36m(setup pid=8500)[0m 	libcurand.so (libc6,x86-64) => /usr/local/cuda-12.8/targets/x86_64-linux/lib/libcurand.so
2026-03-20 16:43:10,402 - INFO - [36m(setup pid=8500)[0m 	libcuinj64.so.12.8 (libc6,x86-64) => /usr/local/cuda-12.8/targets/x86_64-linux/lib/libcuinj64.so.12.8
2026-03-20 16:43:10,402 - INFO - [36m(setup pid=8500)[0m 	libcuinj64.so.12.6 (libc6,x86-64) => /usr/local/cuda-12.6/targets/x86_64-linux/lib/libcuinj64.so.12.6
2026-03-20 16:43:10,402 - INFO - [36m(setup pid=8500)[0m 	libcuinj64.so.12.5 (libc6,x86-64) => /usr/local/cuda-12.5/targets/x86_64-linux/lib/libcuinj64.so.12.5
2026-03-20 16:43:10,402 - INFO - [36m(setup pid=8500)[0m 	libcuinj64.so.12.4 (libc6,x86-64) => /usr/local/cuda-12.4/targets/x86_64-linux/lib/libcuinj64.so.12.4
2026-03-20 16:43:10,402 - INFO - [36m(setup pid=8500)[0m 	libcuinj64.so (libc6,x86-64) => /usr/local/cuda-12.4/targets/x86_64-linux/lib/libcuinj64.so
2026-03-20 16:43:10,402 - INFO - [36m(setup pid=8500)[0m 	libcuinj64.so (libc6,x86-64) => /usr/local/cuda-12.5/targets/x86_64-linux/lib/libcuinj64.so
2026-03-20 16:43:10,402 - INFO - [36m(setup pid=8500)[0m 	libcuinj64.so (libc6,x86-64) => /usr/local/cuda-12.6/targets/x86_64-linux/lib/libcuinj64.so
2026-03-20 16:43:10,402 - INFO - [36m(setup pid=8500)[0m 	libcuinj64.so (libc6,x86-64) => /usr/local/cuda-12.8/targets/x86_64-linux/lib/libcuinj64.so
2026-03-20 16:43:10,402 - INFO - [36m(setup pid=8500)[0m 	libcufile_rdma.so.1 (libc6,x86-64) => /usr/local/cuda-12.4/targets/x86_64-linux/lib/libcufile_rdma.so.1
2026-03-20 16:43:10,402 - INFO - [36m(setup pid=8500)[0m 	libcufile_rdma.so.1 (libc6,x86-64) => /usr/local/cuda-12.5/targets/x86_64-linux/lib/libcufile_rdma.so.1
2026-03-20 16:43:10,402 - INFO - [36m(setup pid=8500)[0m 	libcufile_rdma.so.1 (libc6,x86-64) => /usr/local/cuda-12.6/targets/x86_64-linux/lib/libcufile_rdma.so.1
2026-03-20 16:43:10,402 - INFO - [36m(setup pid=8500)[0m 	libcufile_rdma.so.1 (libc6,x86-64) => /usr/local/cuda-12.8/targets/x86_64-linux/lib/libcufile_rdma.so.1
2026-03-20 16:43:10,402 - INFO - [36m(setup pid=8500)[0m 	libcufile_rdma.so (libc6,x86-64) => /usr/local/cuda-12.4/targets/x86_64-linux/lib/libcufile_rdma.so
2026-03-20 16:43:10,402 - INFO - [36m(setup pid=8500)[0m 	libcufile_rdma.so (libc6,x86-64) => /usr/local/cuda-12.5/targets/x86_64-linux/lib/libcufile_rdma.so
2026-03-20 16:43:10,402 - INFO - [36m(setup pid=8500)[0m 	libcufile_rdma.so (libc6,x86-64) => /usr/local/cuda-12.6/targets/x86_64-linux/lib/libcufile_rdma.so
2026-03-20 16:43:10,402 - INFO - [36m(setup pid=8500)[0m 	libcufile_rdma.so (libc6,x86-64) => /usr/local/cuda-12.8/targets/x86_64-linux/lib/libcufile_rdma.so
2026-03-20 16:43:10,402 - INFO - [36m(setup pid=8500)[0m 	libcufile.so.0 (libc6,x86-64) => /usr/local/cuda-12.4/targets/x86_64-linux/lib/libcufile.so.0
2026-03-20 16:43:10,402 - INFO - [36m(setup pid=8500)[0m 	libcufile.so.0 (libc6,x86-64) => /usr/local/cuda-12.5/targets/x86_64-linux/lib/libcufile.so.0
2026-03-20 16:43:10,402 - INFO - [36m(setup pid=8500)[0m 	libcufile.so.0 (libc6,x86-64) => /usr/local/cuda-12.6/targets/x86_64-linux/lib/libcufile.so.0
2026-03-20 16:43:10,402 - INFO - [36m(setup pid=8500)[0m 	libcufile.so.0 (libc6,x86-64) => /usr/local/cuda-12.8/targets/x86_64-linux/lib/libcufile.so.0
2026-03-20 16:43:10,402 - INFO - [36m(setup pid=8500)[0m 	libcufile.so (libc6,x86-64) => /usr/local/cuda-12.4/targets/x86_64-linux/lib/libcufile.so
2026-03-20 16:43:10,402 - INFO - [36m(setup pid=8500)[0m 	libcufile.so (libc6,x86-64) => /usr/local/cuda-12.5/targets/x86_64-linux/lib/libcufile.so
2026-03-20 16:43:10,402 - INFO - [36m(setup pid=8500)[0m 	libcufile.so (libc6,x86-64) => /usr/local/cuda-12.6/targets/x86_64-linux/lib/libcufile.so
2026-03-20 16:43:10,402 - INFO - [36m(setup pid=8500)[0m 	libcufile.so (libc6,x86-64) => /usr/local/cuda-12.8/targets/x86_64-linux/lib/libcufile.so
2026-03-20 16:43:10,402 - INFO - [36m(setup pid=8500)[0m 	libcufftw.so.11 (libc6,x86-64) => /usr/local/cuda-12.4/targets/x86_64-linux/lib/libcufftw.so.11
2026-03-20 16:43:10,402 - INFO - [36m(setup pid=8500)[0m 	libcufftw.so.11 (libc6,x86-64) => /usr/local/cuda-12.5/targets/x86_64-linux/lib/libcufftw.so.11
2026-03-20 16:43:10,402 - INFO - [36m(setup pid=8500)[0m 	libcufftw.so.11 (libc6,x86-64) => /usr/local/cuda-12.6/targets/x86_64-linux/lib/libcufftw.so.11
2026-03-20 16:43:10,402 - INFO - [36m(setup pid=8500)[0m 	libcufftw.so.11 (libc6,x86-64) => /usr/local/cuda-12.8/targets/x86_64-linux/lib/libcufftw.so.11
2026-03-20 16:43:10,402 - INFO - [36m(setup pid=8500)[0m 	libcufftw.so (libc6,x86-64) => /usr/local/cuda-12.4/targets/x86_64-linux/lib/libcufftw.so
2026-03-20 16:43:10,402 - INFO - [36m(setup pid=8500)[0m 	libcufftw.so (libc6,x86-64) => /usr/local/cuda-12.5/targets/x86_64-linux/lib/libcufftw.so
2026-03-20 16:43:10,402 - INFO - [36m(setup pid=8500)[0m 	libcufftw.so (libc6,x86-64) => /usr/local/cuda-12.6/targets/x86_64-linux/lib/libcufftw.so
2026-03-20 16:43:10,402 - INFO - [36m(setup pid=8500)[0m 	libcufftw.so (libc6,x86-64) => /usr/local/cuda-12.8/targets/x86_64-linux/lib/libcufftw.so
2026-03-20 16:43:10,402 - INFO - [36m(setup pid=8500)[0m 	libcufft.so.11 (libc6,x86-64) => /usr/local/cuda-12.4/targets/x86_64-linux/lib/libcufft.so.11
2026-03-20 16:43:10,402 - INFO - [36m(setup pid=8500)[0m 	libcufft.so.11 (libc6,x86-64) => /usr/local/cuda-12.5/targets/x86_64-linux/lib/libcufft.so.11
2026-03-20 16:43:10,402 - INFO - [36m(setup pid=8500)[0m 	libcufft.so.11 (libc6,x86-64) => /usr/local/cuda-12.6/targets/x86_64-linux/lib/libcufft.so.11
2026-03-20 16:43:10,402 - INFO - [36m(setup pid=8500)[0m 	libcufft.so.11 (libc6,x86-64) => /usr/local/cuda-12.8/targets/x86_64-linux/lib/libcufft.so.11
2026-03-20 16:43:10,402 - INFO - [36m(setup pid=8500)[0m 	libcufft.so (libc6,x86-64) => /usr/local/cuda-12.4/targets/x86_64-linux/lib/libcufft.so
2026-03-20 16:43:10,402 - INFO - [36m(setup pid=8500)[0m 	libcufft.so (libc6,x86-64) => /usr/local/cuda-12.5/targets/x86_64-linux/lib/libcufft.so
2026-03-20 16:43:10,402 - INFO - [36m(setup pid=8500)[0m 	libcufft.so (libc6,x86-64) => /usr/local/cuda-12.6/targets/x86_64-linux/lib/libcufft.so
2026-03-20 16:43:10,402 - INFO - [36m(setup pid=8500)[0m 	libcufft.so (libc6,x86-64) => /usr/local/cuda-12.8/targets/x86_64-linux/lib/libcufft.so
2026-03-20 16:43:10,402 - INFO - [36m(setup pid=8500)[0m 	libcudart.so.12 (libc6,x86-64) => /usr/local/cuda-12.4/targets/x86_64-linux/lib/libcudart.so.12
2026-03-20 16:43:10,402 - INFO - [36m(setup pid=8500)[0m 	libcudart.so.12 (libc6,x86-64) => /usr/local/cuda-12.5/targets/x86_64-linux/lib/libcudart.so.12
2026-03-20 16:43:10,402 - INFO - [36m(setup pid=8500)[0m 	libcudart.so.12 (libc6,x86-64) => /usr/local/cuda-12.6/targets/x86_64-linux/lib/libcudart.so.12
2026-03-20 16:43:10,402 - INFO - [36m(setup pid=8500)[0m 	libcudart.so.12 (libc6,x86-64) => /usr/local/cuda-12.8/targets/x86_64-linux/lib/libcudart.so.12
2026-03-20 16:43:10,402 - INFO - [36m(setup pid=8500)[0m 	libcudart.so (libc6,x86-64) => /usr/local/cuda-12.4/targets/x86_64-linux/lib/libcudart.so
2026-03-20 16:43:10,402 - INFO - [36m(setup pid=8500)[0m 	libcudart.so (libc6,x86-64) => /usr/local/cuda-12.5/targets/x86_64-linux/lib/libcudart.so
2026-03-20 16:43:10,402 - INFO - [36m(setup pid=8500)[0m 	libcudart.so (libc6,x86-64) => /usr/local/cuda-12.6/targets/x86_64-linux/lib/libcudart.so
2026-03-20 16:43:10,402 - INFO - [36m(setup pid=8500)[0m 	libcudart.so (libc6,x86-64) => /usr/local/cuda-12.8/targets/x86_64-linux/lib/libcudart.so
2026-03-20 16:43:10,402 - INFO - [36m(setup pid=8500)[0m 	libcudadebugger.so.1 (libc6,x86-64) => /lib/x86_64-linux-gnu/libcudadebugger.so.1
2026-03-20 16:43:10,402 - INFO - [36m(setup pid=8500)[0m 	libcuda.so.1 (libc6,x86-64) => /lib/x86_64-linux-gnu/libcuda.so.1
2026-03-20 16:43:10,402 - INFO - [36m(setup pid=8500)[0m 	libcuda.so (libc6,x86-64) => /lib/x86_64-linux-gnu/libcuda.so
2026-03-20 16:43:10,402 - INFO - [36m(setup pid=8500)[0m 	libcublasLt.so.12 (libc6,x86-64) => /usr/local/cuda-12.4/targets/x86_64-linux/lib/libcublasLt.so.12
2026-03-20 16:43:10,402 - INFO - [36m(setup pid=8500)[0m 	libcublasLt.so.12 (libc6,x86-64) => /usr/local/cuda-12.5/targets/x86_64-linux/lib/libcublasLt.so.12
2026-03-20 16:43:10,402 - INFO - [36m(setup pid=8500)[0m 	libcublasLt.so.12 (libc6,x86-64) => /usr/local/cuda-12.6/targets/x86_64-linux/lib/libcublasLt.so.12
2026-03-20 16:43:10,402 - INFO - [36m(setup pid=8500)[0m 	libcublasLt.so.12 (libc6,x86-64) => /usr/local/cuda-12.8/targets/x86_64-linux/lib/libcublasLt.so.12
2026-03-20 16:43:10,402 - INFO - [36m(setup pid=8500)[0m 	libcublasLt.so (libc6,x86-64) => /usr/local/cuda-12.4/targets/x86_64-linux/lib/libcublasLt.so
2026-03-20 16:43:10,402 - INFO - [36m(setup pid=8500)[0m 	libcublasLt.so (libc6,x86-64) => /usr/local/cuda-12.5/targets/x86_64-linux/lib/libcublasLt.so
2026-03-20 16:43:10,402 - INFO - [36m(setup pid=8500)[0m 	libcublasLt.so (libc6,x86-64) => /usr/local/cuda-12.6/targets/x86_64-linux/lib/libcublasLt.so
2026-03-20 16:43:10,402 - INFO - [36m(setup pid=8500)[0m 	libcublasLt.so (libc6,x86-64) => /usr/local/cuda-12.8/targets/x86_64-linux/lib/libcublasLt.so
2026-03-20 16:43:10,402 - INFO - [36m(setup pid=8500)[0m 	libcublas.so.12 (libc6,x86-64) => /usr/local/cuda-12.4/targets/x86_64-linux/lib/libcublas.so.12
2026-03-20 16:43:10,402 - INFO - [36m(setup pid=8500)[0m 	libcublas.so.12 (libc6,x86-64) => /usr/local/cuda-12.5/targets/x86_64-linux/lib/libcublas.so.12
2026-03-20 16:43:10,402 - INFO - [36m(setup pid=8500)[0m 	libcublas.so.12 (libc6,x86-64) => /usr/local/cuda-12.6/targets/x86_64-linux/lib/libcublas.so.12
2026-03-20 16:43:10,402 - INFO - [36m(setup pid=8500)[0m 	libcublas.so.12 (libc6,x86-64) => /usr/local/cuda-12.8/targets/x86_64-linux/lib/libcublas.so.12
2026-03-20 16:43:10,402 - INFO - [36m(setup pid=8500)[0m 	libcublas.so (libc6,x86-64) => /usr/local/cuda-12.4/targets/x86_64-linux/lib/libcublas.so
2026-03-20 16:43:10,402 - INFO - [36m(setup pid=8500)[0m 	libcublas.so (libc6,x86-64) => /usr/local/cuda-12.5/targets/x86_64-linux/lib/libcublas.so
2026-03-20 16:43:10,402 - INFO - [36m(setup pid=8500)[0m 	libcublas.so (libc6,x86-64) => /usr/local/cuda-12.6/targets/x86_64-linux/lib/libcublas.so
2026-03-20 16:43:10,402 - INFO - [36m(setup pid=8500)[0m 	libcublas.so (libc6,x86-64) => /usr/local/cuda-12.8/targets/x86_64-linux/lib/libcublas.so
2026-03-20 16:43:10,402 - INFO - [36m(setup pid=8500)[0m 	libaccinj64.so.12.8 (libc6,x86-64) => /usr/local/cuda-12.8/targets/x86_64-linux/lib/libaccinj64.so.12.8
2026-03-20 16:43:10,402 - INFO - [36m(setup pid=8500)[0m 	libaccinj64.so.12.6 (libc6,x86-64) => /usr/local/cuda-12.6/targets/x86_64-linux/lib/libaccinj64.so.12.6
2026-03-20 16:43:10,402 - INFO - [36m(setup pid=8500)[0m 	libaccinj64.so.12.5 (libc6,x86-64) => /usr/local/cuda-12.5/targets/x86_64-linux/lib/libaccinj64.so.12.5
2026-03-20 16:43:10,402 - INFO - [36m(setup pid=8500)[0m 	libaccinj64.so.12.4 (libc6,x86-64) => /usr/local/cuda-12.4/targets/x86_64-linux/lib/libaccinj64.so.12.4
2026-03-20 16:43:10,402 - INFO - [36m(setup pid=8500)[0m 	libaccinj64.so (libc6,x86-64) => /usr/local/cuda-12.4/targets/x86_64-linux/lib/libaccinj64.so
2026-03-20 16:43:10,402 - INFO - [36m(setup pid=8500)[0m 	libaccinj64.so (libc6,x86-64) => /usr/local/cuda-12.5/targets/x86_64-linux/lib/libaccinj64.so
2026-03-20 16:43:10,402 - INFO - [36m(setup pid=8500)[0m 	libaccinj64.so (libc6,x86-64) => /usr/local/cuda-12.6/targets/x86_64-linux/lib/libaccinj64.so
2026-03-20 16:43:10,402 - INFO - [36m(setup pid=8500)[0m 	libaccinj64.so (libc6,x86-64) => /usr/local/cuda-12.8/targets/x86_64-linux/lib/libaccinj64.so
2026-03-20 16:43:10,402 - INFO - [36m(setup pid=8500)[0m 	libOpenCL.so.1 (libc6,x86-64) => /usr/local/cuda-12.4/targets/x86_64-linux/lib/libOpenCL.so.1
2026-03-20 16:43:10,402 - INFO - [36m(setup pid=8500)[0m 	libOpenCL.so.1 (libc6,x86-64) => /usr/local/cuda-12.5/targets/x86_64-linux/lib/libOpenCL.so.1
2026-03-20 16:43:10,402 - INFO - [36m(setup pid=8500)[0m 	libOpenCL.so.1 (libc6,x86-64) => /usr/local/cuda-12.6/targets/x86_64-linux/lib/libOpenCL.so.1
2026-03-20 16:43:10,402 - INFO - [36m(setup pid=8500)[0m 	libOpenCL.so.1 (libc6,x86-64) => /usr/local/cuda-12.8/targets/x86_64-linux/lib/libOpenCL.so.1
2026-03-20 16:43:10,402 - INFO - [36m(setup pid=8500)[0m 	libOpenCL.so (libc6,x86-64) => /usr/local/cuda-12.4/targets/x86_64-linux/lib/libOpenCL.so
2026-03-20 16:43:10,402 - INFO - [36m(setup pid=8500)[0m 	libOpenCL.so (libc6,x86-64) => /usr/local/cuda-12.5/targets/x86_64-linux/lib/libOpenCL.so
2026-03-20 16:43:10,402 - INFO - [36m(setup pid=8500)[0m 	libOpenCL.so (libc6,x86-64) => /usr/local/cuda-12.6/targets/x86_64-linux/lib/libOpenCL.so
2026-03-20 16:43:10,402 - INFO - [36m(setup pid=8500)[0m 	libOpenCL.so (libc6,x86-64) => /usr/local/cuda-12.8/targets/x86_64-linux/lib/libOpenCL.so
2026-03-20 16:43:10,402 - INFO - [36m(setup pid=8500)[0m + echo 'CUDA toolkit path:'
2026-03-20 16:43:10,402 - INFO - [36m(setup pid=8500)[0m CUDA toolkit path:
2026-03-20 16:43:10,402 - INFO - [36m(setup pid=8500)[0m + ls --color=auto -la /usr/local/cuda /usr/local/cuda-12.4 /usr/local/cuda-12.5 /usr/local/cuda-12.6 /usr/local/cuda-12.8
2026-03-20 16:43:10,402 - INFO - [36m(setup pid=8500)[0m lrwxrwxrwx  1 root root   21 Aug  8  2025 /usr/local/cuda -> /usr/local/cuda-12.8/
2026-03-20 16:43:10,402 - INFO - [36m(setup pid=8500)[0m
2026-03-20 16:43:10,402 - INFO - [36m(setup pid=8500)[0m /usr/local/cuda-12.4:
2026-03-20 16:43:10,402 - INFO - [36m(setup pid=8500)[0m total 188
2026-03-20 16:43:10,402 - INFO - [36m(setup pid=8500)[0m drwxr-xr-x 19 root   root    4096 Aug  8  2025 .
2026-03-20 16:43:10,402 - INFO - [36m(setup pid=8500)[0m drwxr-xr-x 15 root   root    4096 Aug  8  2025 ..
2026-03-20 16:43:10,402 - INFO - [36m(setup pid=8500)[0m -rw-r--r--  1 root   root     160 Aug  8  2025 DOCS
2026-03-20 16:43:10,402 - INFO - [36m(setup pid=8500)[0m -rw-r--r--  1 root   root   63021 Aug  8  2025 EULA.txt
2026-03-20 16:43:10,402 - INFO - [36m(setup pid=8500)[0m -rw-r--r--  1 ubuntu ubuntu 29662 Nov 30  2023 LICENSE
2026-03-20 16:43:10,402 - INFO - [36m(setup pid=8500)[0m -rw-r--r--  1 root   root    1895 Jun 11  2024 LICENSE.txt
2026-03-20 16:43:10,402 - INFO - [36m(setup pid=8500)[0m -rw-r--r--  1 root   root     524 Aug  8  2025 README
2026-03-20 16:43:10,402 - INFO - [36m(setup pid=8500)[0m drwxr-xr-x  3 root   root    4096 Aug  8  2025 bin
2026-03-20 16:43:10,402 - INFO - [36m(setup pid=8500)[0m drwxr-xr-x  5 root   root    4096 Aug  8  2025 compute-sanitizer
2026-03-20 16:43:10,402 - INFO - [36m(setup pid=8500)[0m drwxr-xr-x  3 root   root    4096 Aug  8  2025 efa
2026-03-20 16:43:10,402 - INFO - [36m(setup pid=8500)[0m drwxr-xr-x  5 root   root    4096 Aug  8  2025 extras
2026-03-20 16:43:10,402 - INFO - [36m(setup pid=8500)[0m drwxr-xr-x  5 root   root    4096 Aug  8  2025 gds
2026-03-20 16:43:10,402 - INFO - [36m(setup pid=8500)[0m drwxr-xr-x  2 root   root    4096 Aug  8  2025 gds-12.4
2026-03-20 16:43:10,402 - INFO - [36m(setup pid=8500)[0m lrwxrwxrwx  1 root   root      28 Aug  8  2025 include -> targets/x86_64-linux/include
2026-03-20 16:43:10,402 - INFO - [36m(setup pid=8500)[0m drwxrwxr-x  3 root   root    4096 Aug  8  2025 lib
2026-03-20 16:43:10,402 - INFO - [36m(setup pid=8500)[0m lrwxrwxrwx  1 root   root      24 Aug  8  2025 lib64 -> targets/x86_64-linux/lib
2026-03-20 16:43:10,402 - INFO - [36m(setup pid=8500)[0m drwxr-xr-x  7 root   root    4096 Aug  8  2025 libnvvp
2026-03-20 16:43:10,402 - INFO - [36m(setup pid=8500)[0m drwxr-xr-x  7 root   root    4096 Aug  8  2025 nsight-compute-2024.1.1
2026-03-20 16:43:10,402 - INFO - [36m(setup pid=8500)[0m drwxr-xr-x  6 root   root    4096 Aug  8  2025 nsight-systems-2023.4.4
2026-03-20 16:43:10,402 - INFO - [36m(setup pid=8500)[0m drwxr-xr-x  2 root   root    4096 Aug  8  2025 nsightee_plugins
2026-03-20 16:43:10,402 - INFO - [36m(setup pid=8500)[0m drwxr-xr-x  3 root   root    4096 Aug  8  2025 nvml
2026-03-20 16:43:10,402 - INFO - [36m(setup pid=8500)[0m drwxr-xr-x  6 root   root    4096 Aug  8  2025 nvvm
2026-03-20 16:43:10,402 - INFO - [36m(setup pid=8500)[0m drwxr-xr-x  3 root   root    4096 Aug  8  2025 share
2026-03-20 16:43:10,402 - INFO - [36m(setup pid=8500)[0m drwxr-xr-x  2 root   root    4096 Aug  8  2025 src
2026-03-20 16:43:10,402 - INFO - [36m(setup pid=8500)[0m drwxr-xr-x  3 root   root    4096 Aug  8  2025 targets
2026-03-20 16:43:10,402 - INFO - [36m(setup pid=8500)[0m drwxr-xr-x  2 root   root    4096 Aug  8  2025 tools
2026-03-20 16:43:10,402 - INFO - [36m(setup pid=8500)[0m -rw-r--r--  1 root   root    2957 Aug  8  2025 version.json
2026-03-20 16:43:10,402 - INFO - [36m(setup pid=8500)[0m
2026-03-20 16:43:10,402 - INFO - [36m(setup pid=8500)[0m /usr/local/cuda-12.5:
2026-03-20 16:43:10,402 - INFO - [36m(setup pid=8500)[0m total 188
2026-03-20 16:43:10,402 - INFO - [36m(setup pid=8500)[0m drwxr-xr-x 19 root   root    4096 Aug  8  2025 .
2026-03-20 16:43:10,402 - INFO - [36m(setup pid=8500)[0m drwxr-xr-x 15 root   root    4096 Aug  8  2025 ..
2026-03-20 16:43:10,403 - INFO - [36m(setup pid=8500)[0m -rw-r--r--  1 root   root     160 Aug  8  2025 DOCS
2026-03-20 16:43:10,403 - INFO - [36m(setup pid=8500)[0m -rw-r--r--  1 root   root   63021 Aug  8  2025 EULA.txt
2026-03-20 16:43:10,403 - INFO - [36m(setup pid=8500)[0m -rw-r--r--  1 ubuntu ubuntu 29574 Oct 21  2024 LICENSE
2026-03-20 16:43:10,403 - INFO - [36m(setup pid=8500)[0m -rw-r--r--  1 root   root    1895 Nov  6  2024 LICENSE.txt
2026-03-20 16:43:10,403 - INFO - [36m(setup pid=8500)[0m -rw-r--r--  1 root   root     524 Aug  8  2025 README
2026-03-20 16:43:10,403 - INFO - [36m(setup pid=8500)[0m drwxr-xr-x  3 root   root    4096 Aug  8  2025 bin
2026-03-20 16:43:10,403 - INFO - [36m(setup pid=8500)[0m drwxr-xr-x  5 root   root    4096 Aug  8  2025 compute-sanitizer
2026-03-20 16:43:10,403 - INFO - [36m(setup pid=8500)[0m drwxr-xr-x  3 root   root    4096 Aug  8  2025 efa
2026-03-20 16:43:10,403 - INFO - [36m(setup pid=8500)[0m drwxr-xr-x  5 root   root    4096 Aug  8  2025 extras
2026-03-20 16:43:10,403 - INFO - [36m(setup pid=8500)[0m drwxr-xr-x  5 root   root    4096 Aug  8  2025 gds
2026-03-20 16:43:10,403 - INFO - [36m(setup pid=8500)[0m drwxr-xr-x  2 root   root    4096 Aug  8  2025 gds-12.5
2026-03-20 16:43:10,403 - INFO - [36m(setup pid=8500)[0m lrwxrwxrwx  1 root   root      28 Aug  8  2025 include -> targets/x86_64-linux/include
2026-03-20 16:43:10,403 - INFO - [36m(setup pid=8500)[0m drwxr-xr-x  3 root   root    4096 Aug  8  2025 lib
2026-03-20 16:43:10,403 - INFO - [36m(setup pid=8500)[0m lrwxrwxrwx  1 root   root      24 Aug  8  2025 lib64 -> targets/x86_64-linux/lib
2026-03-20 16:43:10,403 - INFO - [36m(setup pid=8500)[0m drwxr-xr-x  7 root   root    4096 Aug  8  2025 libnvvp
2026-03-20 16:43:10,403 - INFO - [36m(setup pid=8500)[0m drwxr-xr-x  7 root   root    4096 Aug  8  2025 nsight-compute-2024.2.0
2026-03-20 16:43:10,403 - INFO - [36m(setup pid=8500)[0m drwxr-xr-x  6 root   root    4096 Aug  8  2025 nsight-systems-2024.2.3
2026-03-20 16:43:10,403 - INFO - [36m(setup pid=8500)[0m drwxr-xr-x  2 root   root    4096 Aug  8  2025 nsightee_plugins
2026-03-20 16:43:10,403 - INFO - [36m(setup pid=8500)[0m drwxr-xr-x  3 root   root    4096 Aug  8  2025 nvml
2026-03-20 16:43:10,403 - INFO - [36m(setup pid=8500)[0m drwxr-xr-x  6 root   root    4096 Aug  8  2025 nvvm
2026-03-20 16:43:10,403 - INFO - [36m(setup pid=8500)[0m drwxr-xr-x  3 root   root    4096 Aug  8  2025 share
2026-03-20 16:43:10,403 - INFO - [36m(setup pid=8500)[0m drwxr-xr-x  2 root   root    4096 Aug  8  2025 src
2026-03-20 16:43:10,403 - INFO - [36m(setup pid=8500)[0m drwxr-xr-x  3 root   root    4096 Aug  8  2025 targets
2026-03-20 16:43:10,403 - INFO - [36m(setup pid=8500)[0m drwxr-xr-x  2 root   root    4096 Aug  8  2025 tools
2026-03-20 16:43:10,403 - INFO - [36m(setup pid=8500)[0m -rw-r--r--  1 root   root    2940 Aug  8  2025 version.json
2026-03-20 16:43:10,403 - INFO - [36m(setup pid=8500)[0m
2026-03-20 16:43:10,403 - INFO - [36m(setup pid=8500)[0m /usr/local/cuda-12.6:
2026-03-20 16:43:10,403 - INFO - [36m(setup pid=8500)[0m total 188
2026-03-20 16:43:10,403 - INFO - [36m(setup pid=8500)[0m drwxr-xr-x 19 root   root    4096 Aug  8  2025 .
2026-03-20 16:43:10,403 - INFO - [36m(setup pid=8500)[0m drwxr-xr-x 15 root   root    4096 Aug  8  2025 ..
2026-03-20 16:43:10,403 - INFO - [36m(setup pid=8500)[0m -rw-r--r--  1 root   root     160 Aug  8  2025 DOCS
2026-03-20 16:43:10,403 - INFO - [36m(setup pid=8500)[0m -rw-r--r--  1 root   root   63021 Aug  8  2025 EULA.txt
2026-03-20 16:43:10,403 - INFO - [36m(setup pid=8500)[0m -rw-r--r--  1 ubuntu ubuntu 29574 Dec 30  2024 LICENSE
2026-03-20 16:43:10,403 - INFO - [36m(setup pid=8500)[0m -rw-r--r--  1 root   root    1895 Dec  7  2024 LICENSE.txt
2026-03-20 16:43:10,403 - INFO - [36m(setup pid=8500)[0m -rw-r--r--  1 root   root     524 Aug  8  2025 README
2026-03-20 16:43:10,403 - INFO - [36m(setup pid=8500)[0m drwxrwxr-x  3 root   root    4096 Dec  7  2024 bin
2026-03-20 16:43:10,403 - INFO - [36m(setup pid=8500)[0m drwxr-xr-x  5 root   root    4096 Aug  8  2025 compute-sanitizer
2026-03-20 16:43:10,403 - INFO - [36m(setup pid=8500)[0m drwxr-xr-x  3 root   root    4096 Aug  8  2025 efa
2026-03-20 16:43:11,003 - INFO - [36m(setup pid=8500)[0m drwxr-xr-x  5 root   root    4096 Aug  8  2025 extras
2026-03-20 16:43:11,003 - INFO - [36m(setup pid=8500)[0m drwxr-xr-x  5 root   root    4096 Aug  8  2025 gds
2026-03-20 16:43:11,003 - INFO - [36m(setup pid=8500)[0m drwxr-xr-x  2 root   root    4096 Aug  8  2025 gds-12.6
2026-03-20 16:43:11,003 - INFO - [36m(setup pid=8500)[0m lrwxrwxrwx  1 root   root      28 Aug  8  2025 include -> targets/x86_64-linux/include
2026-03-20 16:43:11,003 - INFO - [36m(setup pid=8500)[0m drwxrwxr-x  3 root   root    4096 Aug  8  2025 lib
2026-03-20 16:43:11,003 - INFO - [36m(setup pid=8500)[0m lrwxrwxrwx  1 root   root      24 Aug  8  2025 lib64 -> targets/x86_64-linux/lib
2026-03-20 16:43:11,003 - INFO - [36m(setup pid=8500)[0m drwxr-xr-x  7 root   root    4096 Aug  8  2025 libnvvp
2026-03-20 16:43:11,003 - INFO - [36m(setup pid=8500)[0m drwxr-xr-x  7 root   root    4096 Aug  8  2025 nsight-compute-2024.3.2
2026-03-20 16:43:11,003 - INFO - [36m(setup pid=8500)[0m drwxr-xr-x  6 root   root    4096 Aug  8  2025 nsight-systems-2024.5.1
2026-03-20 16:43:11,003 - INFO - [36m(setup pid=8500)[0m drwxr-xr-x  2 root   root    4096 Aug  8  2025 nsightee_plugins
2026-03-20 16:43:11,103 - INFO - [36m(setup pid=8500)[0m drwxr-xr-x  3 root   root    4096 Aug  8  2025 nvml
2026-03-20 16:43:11,103 - INFO - [36m(setup pid=8500)[0m drwxr-xr-x  6 root   root    4096 Aug  8  2025 nvvm
2026-03-20 16:43:11,103 - INFO - [36m(setup pid=8500)[0m drwxr-xr-x  3 root   root    4096 Aug  8  2025 share
2026-03-20 16:43:11,103 - INFO - [36m(setup pid=8500)[0m drwxr-xr-x  2 root   root    4096 Aug  8  2025 src
2026-03-20 16:43:11,103 - INFO - [36m(setup pid=8500)[0m drwxr-xr-x  3 root   root    4096 Aug  8  2025 targets
2026-03-20 16:43:11,103 - INFO - [36m(setup pid=8500)[0m drwxr-xr-x  2 root   root    4096 Aug  8  2025 tools
2026-03-20 16:43:11,103 - INFO - [36m(setup pid=8500)[0m -rw-r--r--  1 root   root    2935 Aug  8  2025 version.json
2026-03-20 16:43:11,104 - INFO - [36m(setup pid=8500)[0m
2026-03-20 16:43:11,104 - INFO - [36m(setup pid=8500)[0m /usr/local/cuda-12.8:
2026-03-20 16:43:11,104 - INFO - [36m(setup pid=8500)[0m total 188
2026-03-20 16:43:11,104 - INFO - [36m(setup pid=8500)[0m drwxr-xr-x 19 root   root    4096 Aug  8  2025 .
2026-03-20 16:43:11,104 - INFO - [36m(setup pid=8500)[0m drwxr-xr-x 15 root   root    4096 Aug  8  2025 ..
2026-03-20 16:43:11,104 - INFO - [36m(setup pid=8500)[0m -rw-r--r--  1 root   root     160 Aug  8  2025 DOCS
2026-03-20 16:43:11,104 - INFO - [36m(setup pid=8500)[0m -rw-r--r--  1 root   root   63021 Aug  8  2025 EULA.txt
2026-03-20 16:43:11,104 - INFO - [36m(setup pid=8500)[0m -rw-r--r--  1 ubuntu ubuntu 29574 May 31  2025 LICENSE
2026-03-20 16:43:11,104 - INFO - [36m(setup pid=8500)[0m -rw-r--r--  1 root   root    1895 May 15  2025 LICENSE.txt
2026-03-20 16:43:11,104 - INFO - [36m(setup pid=8500)[0m -rw-r--r--  1 root   root     524 Aug  8  2025 README
2026-03-20 16:43:11,104 - INFO - [36m(setup pid=8500)[0m drwxr-xr-x  3 root   root    4096 May 15  2025 bin
2026-03-20 16:43:11,104 - INFO - [36m(setup pid=8500)[0m drwxr-xr-x  5 root   root    4096 Aug  8  2025 compute-sanitizer
2026-03-20 16:43:11,104 - INFO - [36m(setup pid=8500)[0m lrwxrwxrwx  1 root   root      20 Aug  8  2025 cuda-12.8 -> /usr/local/cuda-12.8
2026-03-20 16:43:11,104 - INFO - [36m(setup pid=8500)[0m drwxr-xr-x  3 root   root    4096 Aug  8  2025 efa
2026-03-20 16:43:11,104 - INFO - [36m(setup pid=8500)[0m drwxr-xr-x  5 root   root    4096 Aug  8  2025 extras
2026-03-20 16:43:11,104 - INFO - [36m(setup pid=8500)[0m drwxr-xr-x  5 root   root    4096 Aug  8  2025 gds
2026-03-20 16:43:11,104 - INFO - [36m(setup pid=8500)[0m drwxr-xr-x  2 root   root    4096 Aug  8  2025 gds-12.8
2026-03-20 16:43:11,104 - INFO - [36m(setup pid=8500)[0m lrwxrwxrwx  1 root   root      28 Aug  8  2025 include -> targets/x86_64-linux/include
2026-03-20 16:43:11,104 - INFO - [36m(setup pid=8500)[0m drwxr-xr-x  3 root   root    4096 Aug  8  2025 lib
2026-03-20 16:43:11,104 - INFO - [36m(setup pid=8500)[0m lrwxrwxrwx  1 root   root      24 Aug  8  2025 lib64 -> targets/x86_64-linux/lib
2026-03-20 16:43:11,104 - INFO - [36m(setup pid=8500)[0m drwxr-xr-x  7 root   root    4096 Aug  8  2025 libnvvp
2026-03-20 16:43:11,104 - INFO - [36m(setup pid=8500)[0m drwxr-xr-x  7 root   root    4096 Aug  8  2025 nsight-compute-2025.1.1
2026-03-20 16:43:11,104 - INFO - [36m(setup pid=8500)[0m drwxr-xr-x  6 root   root    4096 Aug  8  2025 nsight-systems-2024.6.2
2026-03-20 16:43:11,104 - INFO - [36m(setup pid=8500)[0m drwxr-xr-x  2 root   root    4096 Aug  8  2025 nsightee_plugins
2026-03-20 16:43:11,104 - INFO - [36m(setup pid=8500)[0m drwxr-xr-x  3 root   root    4096 Aug  8  2025 nvml
2026-03-20 16:43:11,104 - INFO - [36m(setup pid=8500)[0m drwxr-xr-x  6 root   root    4096 Aug  8  2025 nvvm
2026-03-20 16:43:11,104 - INFO - [36m(setup pid=8500)[0m drwxr-xr-x  3 root   root    4096 Aug  8  2025 share
2026-03-20 16:43:11,104 - INFO - [36m(setup pid=8500)[0m drwxr-xr-x  2 root   root    4096 Aug  8  2025 src
2026-03-20 16:43:11,104 - INFO - [36m(setup pid=8500)[0m drwxr-xr-x  3 root   root    4096 Aug  8  2025 targets
2026-03-20 16:43:11,104 - INFO - [36m(setup pid=8500)[0m drwxr-xr-x  2 root   root    4096 Aug  8  2025 tools
2026-03-20 16:43:11,104 - INFO - [36m(setup pid=8500)[0m -rw-r--r--  1 root   root    2940 Aug  8  2025 version.json
2026-03-20 16:43:11,104 - INFO - [36m(setup pid=8500)[0m + echo ===================================
2026-03-20 16:43:11,104 - INFO - [36m(setup pid=8500)[0m ===================================
2026-03-20 16:43:11,104 - INFO - [36m(setup pid=8500)[0m + command -v nvidia-smi
2026-03-20 16:43:11,104 - INFO - [36m(setup pid=8500)[0m + '[' true = true ']'
2026-03-20 16:43:11,104 - INFO - [36m(setup pid=8500)[0m + echo '=== Fabric Manager for NVSwitch ==='
2026-03-20 16:43:11,104 - INFO - [36m(setup pid=8500)[0m === Fabric Manager for NVSwitch ===
2026-03-20 16:43:11,104 - INFO - [36m(setup pid=8500)[0m + systemctl is-active --quiet nvidia-fabricmanager
2026-03-20 16:43:11,104 - INFO - [36m(setup pid=8500)[0m + echo 'Fabric Manager already running'
2026-03-20 16:43:11,104 - INFO - [36m(setup pid=8500)[0m Fabric Manager already running
2026-03-20 16:43:11,104 - INFO - [36m(setup pid=8500)[0m + awk 'NR<=15'
2026-03-20 16:43:11,104 - INFO - [36m(setup pid=8500)[0m + nvidia-smi topo -m
2026-03-20 16:43:11,104 - INFO - [36m(setup pid=8500)[0m 	[4mGPU0	GPU1	GPU2	GPU3	GPU4	GPU5	GPU6	GPU7	CPU Affinity	NUMA Affinity	GPU NUMA ID[0m
2026-03-20 16:43:11,104 - INFO - [36m(setup pid=8500)[0m GPU0	 X 	NV12	NV12	NV12	NV12	NV12	NV12	NV12	0-23,48-71	0		N/A
2026-03-20 16:43:11,104 - INFO - [36m(setup pid=8500)[0m GPU1	NV12	 X 	NV12	NV12	NV12	NV12	NV12	NV12	0-23,48-71	0		N/A
2026-03-20 16:43:11,104 - INFO - [36m(setup pid=8500)[0m GPU2	NV12	NV12	 X 	NV12	NV12	NV12	NV12	NV12	0-23,48-71	0		N/A
2026-03-20 16:43:11,104 - INFO - [36m(setup pid=8500)[0m GPU3	NV12	NV12	NV12	 X 	NV12	NV12	NV12	NV12	0-23,48-71	0		N/A
2026-03-20 16:43:11,104 - INFO - [36m(setup pid=8500)[0m GPU4	NV12	NV12	NV12	NV12	 X 	NV12	NV12	NV12	24-47,72-95	1		N/A
2026-03-20 16:43:11,104 - INFO - [36m(setup pid=8500)[0m GPU5	NV12	NV12	NV12	NV12	NV12	 X 	NV12	NV12	24-47,72-95	1		N/A
2026-03-20 16:43:11,104 - INFO - [36m(setup pid=8500)[0m GPU6	NV12	NV12	NV12	NV12	NV12	NV12	 X 	NV12	24-47,72-95	1		N/A
2026-03-20 16:43:11,104 - INFO - [36m(setup pid=8500)[0m GPU7	NV12	NV12	NV12	NV12	NV12	NV12	NV12	 X 	24-47,72-95	1		N/A
2026-03-20 16:43:11,104 - INFO - [36m(setup pid=8500)[0m
2026-03-20 16:43:11,104 - INFO - [36m(setup pid=8500)[0m Legend:
2026-03-20 16:43:11,104 - INFO - [36m(setup pid=8500)[0m
2026-03-20 16:43:11,104 - INFO - [36m(setup pid=8500)[0m   X    = Self
2026-03-20 16:43:11,104 - INFO - [36m(setup pid=8500)[0m   SYS  = Connection traversing PCIe as well as the SMP interconnect between NUMA nodes (e.g., QPI/UPI)
2026-03-20 16:43:11,104 - INFO - [36m(setup pid=8500)[0m   NODE = Connection traversing PCIe as well as the interconnect between PCIe Host Bridges within a NUMA node
2026-03-20 16:43:11,104 - INFO - [36m(setup pid=8500)[0m + sudo apt-get install -y numactl
2026-03-20 16:43:11,104 - INFO - [36m(setup pid=8500)[0m Reading package lists...
2026-03-20 16:43:11,104 - INFO - [36m(setup pid=8500)[0m Building dependency tree...
2026-03-20 16:43:11,104 - INFO - [36m(setup pid=8500)[0m Reading state information...
2026-03-20 16:43:11,104 - INFO - [36m(setup pid=8500)[0m The following NEW packages will be installed:
2026-03-20 16:43:11,104 - INFO - [36m(setup pid=8500)[0m   numactl
2026-03-20 16:43:11,104 - INFO - [36m(setup pid=8500)[0m 0 upgraded, 1 newly installed, 0 to remove and 0 not upgraded.
2026-03-20 16:43:11,104 - INFO - [36m(setup pid=8500)[0m Need to get 36.8 kB of archives.
2026-03-20 16:43:11,104 - INFO - [36m(setup pid=8500)[0m After this operation, 140 kB of additional disk space will be used.
2026-03-20 16:43:11,104 - INFO - [36m(setup pid=8500)[0m Get:1 http://us-east-1.ec2.archive.ubuntu.com/ubuntu jammy/main amd64 numactl amd64 2.0.14-3ubuntu2 [36.8 kB]
2026-03-20 16:43:11,104 - INFO - [36m(setup pid=8500)[0m Fetched 36.8 kB in 0s (2279 kB/s)
2026-03-20 16:43:11,104 - INFO - [36m(setup pid=8500)[0m Selecting previously unselected package numactl.
2026-03-20 16:43:11,104 - INFO - [36m(setup pid=8500)[0m (Reading database ...
2026-03-20 16:43:11,708 - INFO - (Reading database ... 5%
2026-03-20 16:43:11,708 - INFO - (Reading database ... 10%
2026-03-20 16:43:11,708 - INFO - (Reading database ... 15%
2026-03-20 16:43:11,708 - INFO - (Reading database ... 20%
2026-03-20 16:43:11,708 - INFO - (Reading database ... 25%
2026-03-20 16:43:11,708 - INFO - (Reading database ... 30%
2026-03-20 16:43:11,708 - INFO - (Reading database ... 35%
2026-03-20 16:43:11,708 - INFO - (Reading database ... 40%
2026-03-20 16:43:11,708 - INFO - (Reading database ... 45%
2026-03-20 16:43:11,708 - INFO - [36m(setup pid=8500)[0m (Reading database ... 50%
2026-03-20 16:43:11,708 - INFO - [36m(setup pid=8500)[0m (Reading database ... 55%
2026-03-20 16:43:11,708 - INFO - [36m(setup pid=8500)[0m (Reading database ... 60%
2026-03-20 16:43:11,708 - INFO - [36m(setup pid=8500)[0m (Reading database ... 65%
2026-03-20 16:43:11,708 - INFO - [36m(setup pid=8500)[0m (Reading database ... 70%
2026-03-20 16:43:14,526 - INFO - [36m(setup pid=8500)[0m (Reading database ... 75%
2026-03-20 16:43:18,649 - INFO - [36m(setup pid=8500)[0m (Reading database ... 80%
2026-03-20 16:43:22,275 - INFO - [36m(setup pid=8500)[0m (Reading database ... 85%
2026-03-20 16:43:25,992 - INFO - [36m(setup pid=8500)[0m (Reading database ... 90%
2026-03-20 16:43:26,696 - INFO - [36m(setup pid=8500)[0m (Reading database ... 95%
2026-03-20 16:43:26,696 - INFO - (Reading database ... 100%
2026-03-20 16:43:26,696 - INFO - (Reading database ... 96613 files and directories currently installed.)
2026-03-20 16:43:26,696 - INFO - [36m(setup pid=8500)[0m Preparing to unpack .../numactl_2.0.14-3ubuntu2_amd64.deb ...
2026-03-20 16:43:26,696 - INFO - [36m(setup pid=8500)[0m Unpacking numactl (2.0.14-3ubuntu2) ...
2026-03-20 16:43:26,696 - INFO - [36m(setup pid=8500)[0m Setting up numactl (2.0.14-3ubuntu2) ...
2026-03-20 16:43:42,184 - INFO - [36m(setup pid=8500)[0m Processing triggers for man-db (2.10.2-1) ...
2026-03-20 16:43:42,184 - INFO - [36m(setup pid=8500)[0m
2026-03-20 16:43:43,796 - INFO - [36m(setup pid=8500)[0m Running kernel seems to be up-to-date.
2026-03-20 16:43:43,796 - INFO - [36m(setup pid=8500)[0m
2026-03-20 16:43:43,796 - INFO - [36m(setup pid=8500)[0m No services need to be restarted.
2026-03-20 16:43:43,796 - INFO - [36m(setup pid=8500)[0m
2026-03-20 16:43:43,796 - INFO - [36m(setup pid=8500)[0m No containers need to be restarted.
2026-03-20 16:43:43,796 - INFO - [36m(setup pid=8500)[0m
2026-03-20 16:43:43,796 - INFO - [36m(setup pid=8500)[0m No user sessions are running outdated binaries.
2026-03-20 16:43:43,796 - INFO - [36m(setup pid=8500)[0m
2026-03-20 16:43:43,796 - INFO - [36m(setup pid=8500)[0m No VM guests are running outdated hypervisor (qemu) binaries on this host.
2026-03-20 16:43:43,796 - INFO - [36m(setup pid=8500)[0m + command -v uv
2026-03-20 16:43:44,499 - INFO - [36m(setup pid=8500)[0m + export PATH=/home/ubuntu/.local/bin:/home/ubuntu/.local/bin:/home/ubuntu/.local/bin:/home/ubuntu/miniconda3/bin:/home/ubuntu/miniconda3/condabin:/opt/amazon/openmpi/bin:/opt/amazon/efa/bin:/usr/local/cuda-12.8/bin:/usr/local/cuda-12.8/include:/usr/local/cuda-12.8/bin:/usr/local/cuda-12.8/include:/usr/local/sbin:/usr/local/bin:/usr/sbin:/usr/bin:/sbin:/bin:/usr/games:/usr/local/games:/snap/bin
2026-03-20 16:43:44,499 - INFO - [36m(setup pid=8500)[0m + PATH=/home/ubuntu/.local/bin:/home/ubuntu/.local/bin:/home/ubuntu/.local/bin:/home/ubuntu/miniconda3/bin:/home/ubuntu/miniconda3/condabin:/opt/amazon/openmpi/bin:/opt/amazon/efa/bin:/usr/local/cuda-12.8/bin:/usr/local/cuda-12.8/include:/usr/local/cuda-12.8/bin:/usr/local/cuda-12.8/include:/usr/local/sbin:/usr/local/bin:/usr/sbin:/usr/bin:/sbin:/bin:/usr/games:/usr/local/games:/snap/bin
2026-03-20 16:43:44,499 - INFO - [36m(setup pid=8500)[0m + uv venv --python 3.12 --seed --allow-existing
2026-03-20 16:43:44,499 - INFO - [36m(setup pid=8500)[0m Downloading cpython-3.12.13-linux-x86_64-gnu (download) (32.3MiB)
2026-03-20 16:43:45,301 - INFO - [36m(setup pid=8500)[0m  Downloaded cpython-3.12.13-linux-x86_64-gnu (download)
2026-03-20 16:43:45,803 - INFO - [36m(setup pid=8500)[0m Using CPython 3.12.13
2026-03-20 16:43:45,803 - INFO - [36m(setup pid=8500)[0m Creating virtual environment with seed packages at: .venv
2026-03-20 16:43:45,803 - INFO - [36m(setup pid=8500)[0m  + pip==26.0.1
2026-03-20 16:43:45,803 - INFO - [36m(setup pid=8500)[0m Activate with: source .venv/bin/activate
2026-03-20 16:43:45,803 - INFO - [36m(setup pid=8500)[0m + source .venv/bin/activate
2026-03-20 16:43:45,803 - INFO - [36m(setup pid=8500)[0m ++ '[' -z '' ']'
2026-03-20 16:43:45,803 - INFO - [36m(setup pid=8500)[0m ++ '[' -n x ']'
2026-03-20 16:43:45,803 - INFO - [36m(setup pid=8500)[0m ++ SCRIPT_PATH=.venv/bin/activate
2026-03-20 16:43:45,803 - INFO - [36m(setup pid=8500)[0m ++ '[' .venv/bin/activate = /tmp/sky_setup_sky-2026-03-20-16-36-09-400814 ']'
2026-03-20 16:43:45,803 - INFO - [36m(setup pid=8500)[0m ++ deactivate nondestructive
2026-03-20 16:43:45,803 - INFO - [36m(setup pid=8500)[0m ++ unset -f pydoc
2026-03-20 16:43:45,803 - INFO - [36m(setup pid=8500)[0m ++ '[' -z '' ']'
2026-03-20 16:43:45,803 - INFO - [36m(setup pid=8500)[0m ++ '[' -z '' ']'
2026-03-20 16:43:45,803 - INFO - [36m(setup pid=8500)[0m ++ hash -r
2026-03-20 16:43:45,804 - INFO - [36m(setup pid=8500)[0m ++ '[' -z '' ']'
2026-03-20 16:43:45,804 - INFO - [36m(setup pid=8500)[0m ++ unset VIRTUAL_ENV
2026-03-20 16:43:45,804 - INFO - [36m(setup pid=8500)[0m ++ unset VIRTUAL_ENV_PROMPT
2026-03-20 16:43:45,804 - INFO - [36m(setup pid=8500)[0m ++ '[' '!' nondestructive = nondestructive ']'
2026-03-20 16:43:45,804 - INFO - [36m(setup pid=8500)[0m ++ VIRTUAL_ENV=/home/ubuntu/sky_workdir/.venv
2026-03-20 16:43:45,804 - INFO - [36m(setup pid=8500)[0m ++ '[' linux-gnu = cygwin ']'
2026-03-20 16:43:45,804 - INFO - [36m(setup pid=8500)[0m ++ '[' linux-gnu = msys ']'
2026-03-20 16:43:45,804 - INFO - [36m(setup pid=8500)[0m ++ export VIRTUAL_ENV
2026-03-20 16:43:45,804 - INFO - [36m(setup pid=8500)[0m ++ '[' -z '' ']'
2026-03-20 16:43:45,804 - INFO - [36m(setup pid=8500)[0m ++ unset SCRIPT_PATH
2026-03-20 16:43:45,804 - INFO - [36m(setup pid=8500)[0m ++ _OLD_VIRTUAL_PATH=/home/ubuntu/.local/bin:/home/ubuntu/.local/bin:/home/ubuntu/.local/bin:/home/ubuntu/miniconda3/bin:/home/ubuntu/miniconda3/condabin:/opt/amazon/openmpi/bin:/opt/amazon/efa/bin:/usr/local/cuda-12.8/bin:/usr/local/cuda-12.8/include:/usr/local/cuda-12.8/bin:/usr/local/cuda-12.8/include:/usr/local/sbin:/usr/local/bin:/usr/sbin:/usr/bin:/sbin:/bin:/usr/games:/usr/local/games:/snap/bin
2026-03-20 16:43:45,804 - INFO - [36m(setup pid=8500)[0m ++ PATH=/home/ubuntu/sky_workdir/.venv/bin:/home/ubuntu/.local/bin:/home/ubuntu/.local/bin:/home/ubuntu/.local/bin:/home/ubuntu/miniconda3/bin:/home/ubuntu/miniconda3/condabin:/opt/amazon/openmpi/bin:/opt/amazon/efa/bin:/usr/local/cuda-12.8/bin:/usr/local/cuda-12.8/include:/usr/local/cuda-12.8/bin:/usr/local/cuda-12.8/include:/usr/local/sbin:/usr/local/bin:/usr/sbin:/usr/bin:/sbin:/bin:/usr/games:/usr/local/games:/snap/bin
2026-03-20 16:43:45,804 - INFO - [36m(setup pid=8500)[0m ++ export PATH
2026-03-20 16:43:45,804 - INFO - [36m(setup pid=8500)[0m ++ '[' xsky_workdir '!=' x ']'
2026-03-20 16:43:45,804 - INFO - [36m(setup pid=8500)[0m ++ VIRTUAL_ENV_PROMPT=sky_workdir
2026-03-20 16:43:45,804 - INFO - [36m(setup pid=8500)[0m ++ export VIRTUAL_ENV_PROMPT
2026-03-20 16:43:45,804 - INFO - [36m(setup pid=8500)[0m ++ '[' -z '' ']'
2026-03-20 16:43:45,804 - INFO - [36m(setup pid=8500)[0m ++ '[' -z '' ']'
2026-03-20 16:43:45,804 - INFO - [36m(setup pid=8500)[0m ++ _OLD_VIRTUAL_PS1='(base) ${debian_chroot:+($debian_chroot)}\u@\h:\w\$ '
2026-03-20 16:43:45,804 - INFO - [36m(setup pid=8500)[0m ++ PS1='(sky_workdir) (base) ${debian_chroot:+($debian_chroot)}\u@\h:\w\$ '
2026-03-20 16:43:45,804 - INFO - [36m(setup pid=8500)[0m ++ export PS1
2026-03-20 16:43:45,804 - INFO - [36m(setup pid=8500)[0m ++ alias pydoc
2026-03-20 16:43:45,804 - INFO - [36m(setup pid=8500)[0m ++ true
2026-03-20 16:43:45,804 - INFO - [36m(setup pid=8500)[0m ++ hash -r
2026-03-20 16:43:45,804 - INFO - [36m(setup pid=8500)[0m + uv pip install datasets requests pynvml aiohttp
2026-03-20 16:43:45,804 - INFO - [36m(setup pid=8500)[0m Resolved 44 packages in 64ms
2026-03-20 16:43:46,505 - INFO - [36m(setup pid=8500)[0m Downloading aiohttp (1.7MiB)
2026-03-20 16:43:46,505 - INFO - [36m(setup pid=8500)[0m Downloading hf-xet (4.0MiB)
2026-03-20 16:43:46,505 - INFO - [36m(setup pid=8500)[0m Downloading numpy (15.9MiB)
2026-03-20 16:43:46,505 - INFO - [36m(setup pid=8500)[0m Downloading pandas (10.4MiB)
2026-03-20 16:43:46,505 - INFO - [36m(setup pid=8500)[0m Downloading pyarrow (45.4MiB)
2026-03-20 16:43:46,505 - INFO - [36m(setup pid=8500)[0m  Downloaded hf-xet
2026-03-20 16:43:46,505 - INFO - [36m(setup pid=8500)[0m  Downloaded aiohttp
2026-03-20 16:43:46,505 - INFO - [36m(setup pid=8500)[0m  Downloaded pyarrow
2026-03-20 16:43:46,505 - INFO - [36m(setup pid=8500)[0m  Downloaded numpy
2026-03-20 16:43:47,007 - INFO - [36m(setup pid=8500)[0m  Downloaded pandas
2026-03-20 16:43:47,007 - INFO - [36m(setup pid=8500)[0m Prepared 21 packages in 885ms
2026-03-20 16:43:47,007 - INFO - [36m(setup pid=8500)[0m Installed 44 packages in 63ms
2026-03-20 16:43:47,007 - INFO - [36m(setup pid=8500)[0m  + aiohappyeyeballs==2.6.1
2026-03-20 16:43:47,007 - INFO - [36m(setup pid=8500)[0m  + aiohttp==3.13.3
2026-03-20 16:43:47,007 - INFO - [36m(setup pid=8500)[0m  + aiosignal==1.4.0
2026-03-20 16:43:47,007 - INFO - [36m(setup pid=8500)[0m  + annotated-doc==0.0.4
2026-03-20 16:43:47,007 - INFO - [36m(setup pid=8500)[0m  + anyio==4.12.1
2026-03-20 16:43:47,007 - INFO - [36m(setup pid=8500)[0m  + attrs==26.1.0
2026-03-20 16:43:47,007 - INFO - [36m(setup pid=8500)[0m  + certifi==2026.2.25
2026-03-20 16:43:47,007 - INFO - [36m(setup pid=8500)[0m  + charset-normalizer==3.4.6
2026-03-20 16:43:47,007 - INFO - [36m(setup pid=8500)[0m  + click==8.3.1
2026-03-20 16:43:47,007 - INFO - [36m(setup pid=8500)[0m  + datasets==4.8.3
2026-03-20 16:43:47,007 - INFO - [36m(setup pid=8500)[0m  + dill==0.4.1
2026-03-20 16:43:47,007 - INFO - [36m(setup pid=8500)[0m  + filelock==3.25.2
2026-03-20 16:43:47,007 - INFO - [36m(setup pid=8500)[0m  + frozenlist==1.8.0
2026-03-20 16:43:47,007 - INFO - [36m(setup pid=8500)[0m  + fsspec==2026.2.0
2026-03-20 16:43:47,007 - INFO - [36m(setup pid=8500)[0m  + h11==0.16.0
2026-03-20 16:43:47,007 - INFO - [36m(setup pid=8500)[0m  + hf-xet==1.4.2
2026-03-20 16:43:47,007 - INFO - [36m(setup pid=8500)[0m  + httpcore==1.0.9
2026-03-20 16:43:47,007 - INFO - [36m(setup pid=8500)[0m  + httpx==0.28.1
2026-03-20 16:43:47,008 - INFO - [36m(setup pid=8500)[0m  + huggingface-hub==1.7.2
2026-03-20 16:43:47,008 - INFO - [36m(setup pid=8500)[0m  + idna==3.11
2026-03-20 16:43:47,008 - INFO - [36m(setup pid=8500)[0m  + markdown-it-py==4.0.0
2026-03-20 16:43:47,008 - INFO - [36m(setup pid=8500)[0m  + mdurl==0.1.2
2026-03-20 16:43:47,008 - INFO - [36m(setup pid=8500)[0m  + multidict==6.7.1
2026-03-20 16:43:47,008 - INFO - [36m(setup pid=8500)[0m  + multiprocess==0.70.19
2026-03-20 16:43:47,008 - INFO - [36m(setup pid=8500)[0m  + numpy==2.4.3
2026-03-20 16:43:47,008 - INFO - [36m(setup pid=8500)[0m  + nvidia-ml-py==13.595.45
2026-03-20 16:43:47,008 - INFO - [36m(setup pid=8500)[0m  + packaging==26.0
2026-03-20 16:43:47,008 - INFO - [36m(setup pid=8500)[0m  + pandas==3.0.1
2026-03-20 16:43:47,008 - INFO - [36m(setup pid=8500)[0m  + propcache==0.4.1
2026-03-20 16:43:47,008 - INFO - [36m(setup pid=8500)[0m  + pyarrow==23.0.1
2026-03-20 16:43:47,008 - INFO - [36m(setup pid=8500)[0m  + pygments==2.19.2
2026-03-20 16:43:47,008 - INFO - [36m(setup pid=8500)[0m  + pynvml==13.0.1
2026-03-20 16:43:47,008 - INFO - [36m(setup pid=8500)[0m  + python-dateutil==2.9.0.post0
2026-03-20 16:43:47,008 - INFO - [36m(setup pid=8500)[0m  + pyyaml==6.0.3
2026-03-20 16:43:47,008 - INFO - [36m(setup pid=8500)[0m  + requests==2.32.5
2026-03-20 16:43:47,008 - INFO - [36m(setup pid=8500)[0m  + rich==14.3.3
2026-03-20 16:43:47,008 - INFO - [36m(setup pid=8500)[0m  + shellingham==1.5.4
2026-03-20 16:43:47,008 - INFO - [36m(setup pid=8500)[0m  + six==1.17.0
2026-03-20 16:43:47,008 - INFO - [36m(setup pid=8500)[0m  + tqdm==4.67.3
2026-03-20 16:43:47,008 - INFO - [36m(setup pid=8500)[0m  + typer==0.24.1
2026-03-20 16:43:47,008 - INFO - [36m(setup pid=8500)[0m  + typing-extensions==4.15.0
2026-03-20 16:43:47,008 - INFO - [36m(setup pid=8500)[0m  + urllib3==2.6.3
2026-03-20 16:43:47,008 - INFO - [36m(setup pid=8500)[0m  + xxhash==3.6.0
2026-03-20 16:43:47,008 - INFO - [36m(setup pid=8500)[0m  + yarl==1.23.0
2026-03-20 16:43:47,008 - INFO - [36m(setup pid=8500)[0m + echo '=== Installing vLLM 0.10.0 ==='
2026-03-20 16:43:47,008 - INFO - [36m(setup pid=8500)[0m === Installing vLLM 0.10.0 ===
2026-03-20 16:43:47,008 - INFO - [36m(setup pid=8500)[0m + uv pip install vllm==0.10.0 'ray[cgraph]'
2026-03-20 16:43:47,008 - INFO - [36m(setup pid=8500)[0m Resolved 141 packages in 288ms
2026-03-20 16:43:47,008 - INFO - [36m(setup pid=8500)[0m Downloading tokenizers (3.1MiB)
2026-03-20 16:43:47,008 - INFO - [36m(setup pid=8500)[0m Downloading pydantic-core (2.0MiB)
2026-03-20 16:43:47,008 - INFO - [36m(setup pid=8500)[0m Downloading networkx (2.0MiB)
2026-03-20 16:43:47,008 - INFO - [36m(setup pid=8500)[0m Downloading transformers (10.2MiB)
2026-03-20 16:43:47,008 - INFO - [36m(setup pid=8500)[0m Downloading tiktoken (1.1MiB)
2026-03-20 16:43:47,008 - INFO - [36m(setup pid=8500)[0m Downloading nvidia-cudnn-cu12 (544.5MiB)
2026-03-20 16:43:47,008 - INFO - [36m(setup pid=8500)[0m Downloading nvidia-cufft-cu12 (190.9MiB)
2026-03-20 16:43:47,008 - INFO - [36m(setup pid=8500)[0m Downloading uvloop (4.2MiB)
2026-03-20 16:43:47,008 - INFO - [36m(setup pid=8500)[0m Downloading pillow (6.7MiB)
2026-03-20 16:43:47,008 - INFO - [36m(setup pid=8500)[0m Downloading sympy (6.0MiB)
2026-03-20 16:43:47,008 - INFO - [36m(setup pid=8500)[0m Downloading sentencepiece (1.3MiB)
2026-03-20 16:43:47,008 - INFO - [36m(setup pid=8500)[0m Downloading scipy (33.6MiB)
2026-03-20 16:43:47,008 - INFO - [36m(setup pid=8500)[0m Downloading soundfile (1.3MiB)
2026-03-20 16:43:47,008 - INFO - [36m(setup pid=8500)[0m Downloading numpy (15.8MiB)
2026-03-20 16:43:47,008 - INFO - [36m(setup pid=8500)[0m Downloading nvidia-cublas-cu12 (374.9MiB)
2026-03-20 16:43:47,008 - INFO - [36m(setup pid=8500)[0m Downloading pycountry (7.7MiB)
2026-03-20 16:43:47,008 - INFO - [36m(setup pid=8500)[0m Downloading nvidia-nvjitlink-cu12 (18.8MiB)
2026-03-20 16:43:47,008 - INFO - [36m(setup pid=8500)[0m Downloading nvidia-cuda-nvrtc-cu12 (22.6MiB)
2026-03-20 16:43:47,008 - INFO - [36m(setup pid=8500)[0m Downloading nvidia-cufile-cu12 (1.1MiB)
2026-03-20 16:43:47,008 - INFO - [36m(setup pid=8500)[0m Downloading mistral-common (6.2MiB)
2026-03-20 16:43:47,008 - INFO - [36m(setup pid=8500)[0m Downloading opencv-python-headless (57.6MiB)
2026-03-20 16:43:47,008 - INFO - [36m(setup pid=8500)[0m Downloading nvidia-curand-cu12 (53.7MiB)
2026-03-20 16:43:47,008 - INFO - [36m(setup pid=8500)[0m Downloading outlines-core (2.2MiB)
2026-03-20 16:43:47,008 - INFO - [36m(setup pid=8500)[0m Downloading cupy-cuda12x (128.4MiB)
2026-03-20 16:43:47,008 - INFO - [36m(setup pid=8500)[0m Downloading nvidia-cusolver-cu12 (150.9MiB)
2026-03-20 16:43:47,008 - INFO - [36m(setup pid=8500)[0m Downloading ray (69.6MiB)
2026-03-20 16:43:47,008 - INFO - [36m(setup pid=8500)[0m Downloading xgrammar (11.3MiB)
2026-03-20 16:43:47,008 - INFO - [36m(setup pid=8500)[0m Downloading nvidia-nccl-cu12 (192.0MiB)
2026-03-20 16:43:47,008 - INFO - [36m(setup pid=8500)[0m Downloading nvidia-cusparse-cu12 (206.5MiB)
2026-03-20 16:43:47,008 - INFO - [36m(setup pid=8500)[0m Downloading torchaudio (3.3MiB)
2026-03-20 16:43:47,008 - INFO - [36m(setup pid=8500)[0m Downloading nvidia-cuda-cupti-cu12 (8.5MiB)
2026-03-20 16:43:47,008 - INFO - [36m(setup pid=8500)[0m Downloading nvidia-cusparselt-cu12 (149.5MiB)
2026-03-20 16:43:47,008 - INFO - [36m(setup pid=8500)[0m Downloading triton (148.5MiB)
2026-03-20 16:43:47,008 - INFO - [36m(setup pid=8500)[0m Downloading torchvision (7.1MiB)
2026-03-20 16:43:47,008 - INFO - [36m(setup pid=8500)[0m Downloading xformers (111.6MiB)
2026-03-20 16:43:47,008 - INFO - [36m(setup pid=8500)[0m Downloading setuptools (1.2MiB)
2026-03-20 16:43:47,008 - INFO - [36m(setup pid=8500)[0m Downloading vllm (368.7MiB)
2026-03-20 16:43:47,008 - INFO - [36m(setup pid=8500)[0m Downloading numba (3.7MiB)
2026-03-20 16:43:47,008 - INFO - [36m(setup pid=8500)[0m Downloading llvmlite (40.4MiB)
2026-03-20 16:43:47,008 - INFO - [36m(setup pid=8500)[0m Downloading llguidance (14.3MiB)
2026-03-20 16:43:47,008 - INFO - [36m(setup pid=8500)[0m Downloading torch (783.0MiB)
2026-03-20 16:43:47,008 - INFO - [36m(setup pid=8500)[0m  Downloaded tiktoken
2026-03-20 16:43:47,611 - INFO - [36m(setup pid=8500)[0m  Downloaded nvidia-cufile-cu12
2026-03-20 16:43:47,611 - INFO - [36m(setup pid=8500)[0m  Downloaded soundfile
2026-03-20 16:43:47,611 - INFO - [36m(setup pid=8500)[0m  Downloaded sentencepiece
2026-03-20 16:43:47,611 - INFO - [36m(setup pid=8500)[0m  Downloaded pydantic-core
2026-03-20 16:43:48,416 - INFO - [36m(setup pid=8500)[0m  Downloaded outlines-core
2026-03-20 16:43:48,416 - INFO - [36m(setup pid=8500)[0m  Downloaded setuptools
2026-03-20 16:43:48,416 - INFO - [36m(setup pid=8500)[0m  Downloaded tokenizers
2026-03-20 16:43:48,416 - INFO - [36m(setup pid=8500)[0m  Downloaded networkx
2026-03-20 16:43:48,416 - INFO - [36m(setup pid=8500)[0m  Downloaded torchaudio
2026-03-20 16:43:49,322 - INFO - [36m(setup pid=8500)[0m  Downloaded uvloop
2026-03-20 16:43:49,322 - INFO - [36m(setup pid=8500)[0m  Downloaded numba
2026-03-20 16:43:49,322 - INFO - [36m(setup pid=8500)[0m  Downloaded mistral-common
2026-03-20 16:43:49,322 - INFO - [36m(setup pid=8500)[0m  Downloaded pillow
2026-03-20 16:43:49,822 - INFO - [36m(setup pid=8500)[0m  Downloaded torchvision
2026-03-20 16:43:49,822 - INFO - [36m(setup pid=8500)[0m  Downloaded pycountry
2026-03-20 16:43:49,823 - INFO - [36m(setup pid=8500)[0m  Downloaded nvidia-cuda-cupti-cu12
2026-03-20 16:43:49,823 - INFO - [36m(setup pid=8500)[0m  Downloaded sympy
2026-03-20 16:43:50,626 - INFO - [36m(setup pid=8500)[0m  Downloaded xgrammar
2026-03-20 16:43:50,627 - INFO - [36m(setup pid=8500)[0m  Downloaded llguidance
2026-03-20 16:43:50,627 - INFO - [36m(setup pid=8500)[0m  Downloaded numpy
2026-03-20 16:43:51,533 - INFO - [36m(setup pid=8500)[0m  Downloaded transformers
2026-03-20 16:43:51,533 - INFO - [36m(setup pid=8500)[0m  Downloaded nvidia-nvjitlink-cu12
2026-03-20 16:43:51,533 - INFO - [36m(setup pid=8500)[0m  Downloaded nvidia-cuda-nvrtc-cu12
2026-03-20 16:43:52,439 - INFO - [36m(setup pid=8500)[0m  Downloaded scipy
2026-03-20 16:43:53,244 - INFO - [36m(setup pid=8500)[0m  Downloaded llvmlite
2026-03-20 16:43:54,450 - INFO - [36m(setup pid=8500)[0m  Downloaded nvidia-curand-cu12
2026-03-20 16:43:54,952 - INFO - [36m(setup pid=8500)[0m  Downloaded opencv-python-headless
2026-03-20 16:43:59,479 - INFO - [36m(setup pid=8500)[0m  Downloaded xformers
2026-03-20 16:44:01,192 - INFO - [36m(setup pid=8500)[0m  Downloaded ray
2026-03-20 16:44:01,796 - INFO - [36m(setup pid=8500)[0m  Downloaded nvidia-cusparselt-cu12
2026-03-20 16:44:02,502 - INFO - [36m(setup pid=8500)[0m  Downloaded nvidia-cusolver-cu12
2026-03-20 16:44:02,502 - INFO - [36m(setup pid=8500)[0m  Downloaded triton
2026-03-20 16:44:03,407 - INFO - [36m(setup pid=8500)[0m  Downloaded cupy-cuda12x
2026-03-20 16:44:04,212 - INFO - [36m(setup pid=8500)[0m  Downloaded nvidia-cufft-cu12
2026-03-20 16:44:04,213 - INFO - [36m(setup pid=8500)[0m  Downloaded nvidia-nccl-cu12
2026-03-20 16:44:04,213 - INFO - [36m(setup pid=8500)[0m  Downloaded nvidia-cusparse-cu12
2026-03-20 16:44:06,025 - INFO - [36m(setup pid=8500)[0m  Downloaded nvidia-cublas-cu12
2026-03-20 16:44:07,638 - INFO - [36m(setup pid=8500)[0m  Downloaded nvidia-cudnn-cu12
2026-03-20 16:44:08,949 - INFO - [36m(setup pid=8500)[0m  Downloaded vllm
2026-03-20 16:44:14,476 - INFO - [36m(setup pid=8500)[0m  Downloaded torch
2026-03-20 16:44:15,081 - INFO - [36m(setup pid=8500)[0m Prepared 91 packages in 28.12s
2026-03-20 16:44:15,081 - INFO - [36m(setup pid=8500)[0m Uninstalled 1 package in 9ms
2026-03-20 16:44:15,081 - INFO - [36m(setup pid=8500)[0m Installed 106 packages in 240ms
2026-03-20 16:44:15,688 - INFO - [36m(setup pid=8500)[0m  + annotated-types==0.7.0
2026-03-20 16:44:15,688 - INFO - [36m(setup pid=8500)[0m  + astor==0.8.1
2026-03-20 16:44:15,688 - INFO - [36m(setup pid=8500)[0m  + blake3==1.0.8
2026-03-20 16:44:15,688 - INFO - [36m(setup pid=8500)[0m  + cachetools==7.0.5
2026-03-20 16:44:15,688 - INFO - [36m(setup pid=8500)[0m  + cbor2==5.8.0
2026-03-20 16:44:15,688 - INFO - [36m(setup pid=8500)[0m  + cffi==2.0.0
2026-03-20 16:44:15,688 - INFO - [36m(setup pid=8500)[0m  + cloudpickle==3.1.2
2026-03-20 16:44:15,688 - INFO - [36m(setup pid=8500)[0m  + compressed-tensors==0.10.2
2026-03-20 16:44:15,688 - INFO - [36m(setup pid=8500)[0m  + cuda-pathfinder==1.4.3
2026-03-20 16:44:15,688 - INFO - [36m(setup pid=8500)[0m  + cupy-cuda12x==14.0.1
2026-03-20 16:44:15,688 - INFO - [36m(setup pid=8500)[0m  + depyf==0.19.0
2026-03-20 16:44:15,688 - INFO - [36m(setup pid=8500)[0m  + diskcache==5.6.3
2026-03-20 16:44:15,688 - INFO - [36m(setup pid=8500)[0m  + distro==1.9.0
2026-03-20 16:44:15,688 - INFO - [36m(setup pid=8500)[0m  + dnspython==2.8.0
2026-03-20 16:44:15,688 - INFO - [36m(setup pid=8500)[0m  + einops==0.8.2
2026-03-20 16:44:15,688 - INFO - [36m(setup pid=8500)[0m  + email-validator==2.3.0
2026-03-20 16:44:15,688 - INFO - [36m(setup pid=8500)[0m  + fastapi==0.135.1
2026-03-20 16:44:15,688 - INFO - [36m(setup pid=8500)[0m  + fastapi-cli==0.0.24
2026-03-20 16:44:15,688 - INFO - [36m(setup pid=8500)[0m  + fastapi-cloud-cli==0.15.0
2026-03-20 16:44:15,688 - INFO - [36m(setup pid=8500)[0m  + fastar==0.8.0
2026-03-20 16:44:15,688 - INFO - [36m(setup pid=8500)[0m  + gguf==0.18.0
2026-03-20 16:44:15,688 - INFO - [36m(setup pid=8500)[0m  + httptools==0.7.1
2026-03-20 16:44:15,688 - INFO - [36m(setup pid=8500)[0m  + interegular==0.3.3
2026-03-20 16:44:15,688 - INFO - [36m(setup pid=8500)[0m  + jinja2==3.1.6
2026-03-20 16:44:15,688 - INFO - [36m(setup pid=8500)[0m  + jiter==0.13.0
2026-03-20 16:44:15,688 - INFO - [36m(setup pid=8500)[0m  + jsonschema==4.26.0
2026-03-20 16:44:15,688 - INFO - [36m(setup pid=8500)[0m  + jsonschema-specifications==2025.9.1
2026-03-20 16:44:15,688 - INFO - [36m(setup pid=8500)[0m  + lark==1.2.2
2026-03-20 16:44:15,688 - INFO - [36m(setup pid=8500)[0m  + llguidance==0.7.30
2026-03-20 16:44:15,688 - INFO - [36m(setup pid=8500)[0m  + llvmlite==0.44.0
2026-03-20 16:44:15,688 - INFO - [36m(setup pid=8500)[0m  + lm-format-enforcer==0.10.12
2026-03-20 16:44:15,688 - INFO - [36m(setup pid=8500)[0m  + markupsafe==3.0.3
2026-03-20 16:44:15,688 - INFO - [36m(setup pid=8500)[0m  + mistral-common==1.10.0
2026-03-20 16:44:15,688 - INFO - [36m(setup pid=8500)[0m  + mpmath==1.3.0
2026-03-20 16:44:15,688 - INFO - [36m(setup pid=8500)[0m  + msgpack==1.1.2
2026-03-20 16:44:15,688 - INFO - [36m(setup pid=8500)[0m  + msgspec==0.20.0
2026-03-20 16:44:15,688 - INFO - [36m(setup pid=8500)[0m  + networkx==3.6.1
2026-03-20 16:44:15,688 - INFO - [36m(setup pid=8500)[0m  + ninja==1.13.0
2026-03-20 16:44:15,689 - INFO - [36m(setup pid=8500)[0m  + numba==0.61.2
2026-03-20 16:44:15,689 - INFO - [36m(setup pid=8500)[0m  - numpy==2.4.3
2026-03-20 16:44:15,689 - INFO - [36m(setup pid=8500)[0m  + numpy==2.2.6
2026-03-20 16:44:15,689 - INFO - [36m(setup pid=8500)[0m  + nvidia-cublas-cu12==12.6.4.1
2026-03-20 16:44:15,689 - INFO - [36m(setup pid=8500)[0m  + nvidia-cuda-cupti-cu12==12.6.80
2026-03-20 16:44:15,689 - INFO - [36m(setup pid=8500)[0m  + nvidia-cuda-nvrtc-cu12==12.6.77
2026-03-20 16:44:15,689 - INFO - [36m(setup pid=8500)[0m  + nvidia-cuda-runtime-cu12==12.6.77
2026-03-20 16:44:15,689 - INFO - [36m(setup pid=8500)[0m  + nvidia-cudnn-cu12==9.5.1.17
2026-03-20 16:44:15,689 - INFO - [36m(setup pid=8500)[0m  + nvidia-cufft-cu12==11.3.0.4
2026-03-20 16:44:15,689 - INFO - [36m(setup pid=8500)[0m  + nvidia-cufile-cu12==1.11.1.6
2026-03-20 16:44:15,689 - INFO - [36m(setup pid=8500)[0m  + nvidia-curand-cu12==10.3.7.77
2026-03-20 16:44:15,689 - INFO - [36m(setup pid=8500)[0m  + nvidia-cusolver-cu12==11.7.1.2
2026-03-20 16:44:15,689 - INFO - [36m(setup pid=8500)[0m  + nvidia-cusparse-cu12==12.5.4.2
2026-03-20 16:44:15,689 - INFO - [36m(setup pid=8500)[0m  + nvidia-cusparselt-cu12==0.6.3
2026-03-20 16:44:15,689 - INFO - [36m(setup pid=8500)[0m  + nvidia-nccl-cu12==2.26.2
2026-03-20 16:44:15,689 - INFO - [36m(setup pid=8500)[0m  + nvidia-nvjitlink-cu12==12.6.85
2026-03-20 16:44:15,689 - INFO - [36m(setup pid=8500)[0m  + nvidia-nvtx-cu12==12.6.77
2026-03-20 16:44:15,689 - INFO - [36m(setup pid=8500)[0m  + openai==1.90.0
2026-03-20 16:44:15,689 - INFO - [36m(setup pid=8500)[0m  + opencv-python-headless==4.13.0.92
2026-03-20 16:44:15,689 - INFO - [36m(setup pid=8500)[0m  + outlines-core==0.2.10
2026-03-20 16:44:15,689 - INFO - [36m(setup pid=8500)[0m  + partial-json-parser==0.2.1.1.post7
2026-03-20 16:44:15,689 - INFO - [36m(setup pid=8500)[0m  + pillow==12.1.1
2026-03-20 16:44:15,689 - INFO - [36m(setup pid=8500)[0m  + prometheus-client==0.24.1
2026-03-20 16:44:15,689 - INFO - [36m(setup pid=8500)[0m  + prometheus-fastapi-instrumentator==7.1.0
2026-03-20 16:44:15,689 - INFO - [36m(setup pid=8500)[0m  + protobuf==7.34.0
2026-03-20 16:44:15,689 - INFO - [36m(setup pid=8500)[0m  + psutil==7.2.2
2026-03-20 16:44:15,689 - INFO - [36m(setup pid=8500)[0m  + py-cpuinfo==9.0.0
2026-03-20 16:44:15,689 - INFO - [36m(setup pid=8500)[0m  + pybase64==1.4.3
2026-03-20 16:44:15,689 - INFO - [36m(setup pid=8500)[0m  + pycountry==26.2.16
2026-03-20 16:44:15,689 - INFO - [36m(setup pid=8500)[0m  + pycparser==3.0
2026-03-20 16:44:15,689 - INFO - [36m(setup pid=8500)[0m  + pydantic==2.12.5
2026-03-20 16:44:15,689 - INFO - [36m(setup pid=8500)[0m  + pydantic-core==2.41.5
2026-03-20 16:44:15,689 - INFO - [36m(setup pid=8500)[0m  + pydantic-extra-types==2.11.1
2026-03-20 16:44:15,689 - INFO - [36m(setup pid=8500)[0m  + pydantic-settings==2.13.1
2026-03-20 16:44:15,689 - INFO - [36m(setup pid=8500)[0m  + python-dotenv==1.2.2
2026-03-20 16:44:15,689 - INFO - [36m(setup pid=8500)[0m  + python-json-logger==4.0.0
2026-03-20 16:44:15,689 - INFO - [36m(setup pid=8500)[0m  + python-multipart==0.0.22
2026-03-20 16:44:15,689 - INFO - [36m(setup pid=8500)[0m  + pyzmq==27.1.0
2026-03-20 16:44:15,689 - INFO - [36m(setup pid=8500)[0m  + ray==2.54.0
2026-03-20 16:44:15,689 - INFO - [36m(setup pid=8500)[0m  + referencing==0.37.0
2026-03-20 16:44:15,689 - INFO - [36m(setup pid=8500)[0m  + regex==2026.2.28
2026-03-20 16:44:15,689 - INFO - [36m(setup pid=8500)[0m  + rich-toolkit==0.19.7
2026-03-20 16:44:15,689 - INFO - [36m(setup pid=8500)[0m  + rignore==0.7.6
2026-03-20 16:44:15,689 - INFO - [36m(setup pid=8500)[0m  + rpds-py==0.30.0
2026-03-20 16:44:15,689 - INFO - [36m(setup pid=8500)[0m  + safetensors==0.7.0
2026-03-20 16:44:15,689 - INFO - [36m(setup pid=8500)[0m  + scipy==1.17.1
2026-03-20 16:44:15,689 - INFO - [36m(setup pid=8500)[0m  + sentencepiece==0.2.1
2026-03-20 16:44:15,689 - INFO - [36m(setup pid=8500)[0m  + sentry-sdk==2.55.0
2026-03-20 16:44:15,689 - INFO - [36m(setup pid=8500)[0m  + setuptools==79.0.1
2026-03-20 16:44:15,689 - INFO - [36m(setup pid=8500)[0m  + sniffio==1.3.1
2026-03-20 16:44:15,689 - INFO - [36m(setup pid=8500)[0m  + soundfile==0.13.1
2026-03-20 16:44:15,689 - INFO - [36m(setup pid=8500)[0m  + soxr==1.0.0
2026-03-20 16:44:15,689 - INFO - [36m(setup pid=8500)[0m  + starlette==0.52.1
2026-03-20 16:44:15,689 - INFO - [36m(setup pid=8500)[0m  + sympy==1.14.0
2026-03-20 16:44:15,689 - INFO - [36m(setup pid=8500)[0m  + tiktoken==0.12.0
2026-03-20 16:44:15,689 - INFO - [36m(setup pid=8500)[0m  + tokenizers==0.22.2
2026-03-20 16:44:15,689 - INFO - [36m(setup pid=8500)[0m  + torch==2.7.1
2026-03-20 16:44:15,689 - INFO - [36m(setup pid=8500)[0m  + torchaudio==2.7.1
2026-03-20 16:44:15,689 - INFO - [36m(setup pid=8500)[0m  + torchvision==0.22.1
2026-03-20 16:44:15,689 - INFO - [36m(setup pid=8500)[0m  + transformers==5.3.0
2026-03-20 16:44:15,689 - INFO - [36m(setup pid=8500)[0m  + triton==3.3.1
2026-03-20 16:44:15,689 - INFO - [36m(setup pid=8500)[0m  + typing-inspection==0.4.2
2026-03-20 16:44:15,689 - INFO - [36m(setup pid=8500)[0m  + uvicorn==0.42.0
2026-03-20 16:44:15,689 - INFO - [36m(setup pid=8500)[0m  + uvloop==0.22.1
2026-03-20 16:44:15,689 - INFO - [36m(setup pid=8500)[0m  + vllm==0.10.0
2026-03-20 16:44:15,689 - INFO - [36m(setup pid=8500)[0m  + watchfiles==1.1.1
2026-03-20 16:44:15,689 - INFO - [36m(setup pid=8500)[0m  + websockets==16.0
2026-03-20 16:44:15,689 - INFO - [36m(setup pid=8500)[0m  + xformers==0.0.31
2026-03-20 16:44:15,689 - INFO - [36m(setup pid=8500)[0m  + xgrammar==0.1.21
2026-03-20 16:44:15,689 - INFO - [36m(setup pid=8500)[0m + echo '=== Pinning transformers==4.57.3 (avoid 5.x breaking changes) ==='
2026-03-20 16:44:15,689 - INFO - [36m(setup pid=8500)[0m === Pinning transformers==4.57.3 (avoid 5.x breaking changes) ===
2026-03-20 16:44:15,689 - INFO - [36m(setup pid=8500)[0m + uv pip install transformers==4.57.3
2026-03-20 16:44:15,689 - INFO - [36m(setup pid=8500)[0m Resolved 18 packages in 20ms
2026-03-20 16:44:15,689 - INFO - [36m(setup pid=8500)[0m Downloading transformers (11.4MiB)
2026-03-20 16:44:15,689 - INFO - [36m(setup pid=8500)[0m  Downloaded transformers
2026-03-20 16:44:15,689 - INFO - [36m(setup pid=8500)[0m Prepared 2 packages in 299ms
2026-03-20 16:44:15,689 - INFO - [36m(setup pid=8500)[0m Uninstalled 2 packages in 79ms
2026-03-20 16:44:22,823 - INFO - [36m(setup pid=8500)[0m Installed 2 packages in 44ms
2026-03-20 16:44:22,824 - INFO - [36m(setup pid=8500)[0m  - huggingface-hub==1.7.2
2026-03-20 16:44:22,824 - INFO - [36m(setup pid=8500)[0m  + huggingface-hub==0.36.2
2026-03-20 16:44:22,824 - INFO - [36m(setup pid=8500)[0m  - transformers==5.3.0
2026-03-20 16:44:22,824 - INFO - [36m(setup pid=8500)[0m  + transformers==4.57.3
2026-03-20 16:44:22,824 - INFO - [36m(setup pid=8500)[0m + echo '=== PyTorch CUDA Check ==='
2026-03-20 16:44:22,824 - INFO - [36m(setup pid=8500)[0m === PyTorch CUDA Check ===
2026-03-20 16:44:22,824 - INFO - [36m(setup pid=8500)[0m + python3 -c 'import torch; print('\''torch.cuda.is_available():'\'', torch.cuda.is_available()); print('\''torch.version.cuda:'\'', torch.version.cuda); print('\''torch.__version__:'\'', torch.__version__); print('\''torch.cuda.device_count():'\'', torch.cuda.device_count() if torch.cuda.is_available() else '\''N/A'\'')'
2026-03-20 16:44:22,824 - INFO - [36m(setup pid=8500)[0m torch.cuda.is_available(): True
2026-03-20 16:44:23,527 - INFO - [36m(setup pid=8500)[0m torch.version.cuda: 12.6
2026-03-20 16:44:23,527 - INFO - [36m(setup pid=8500)[0m torch.__version__: 2.7.1+cu126
2026-03-20 16:44:23,527 - INFO - [36m(setup pid=8500)[0m torch.cuda.device_count(): 8
2026-03-20 16:44:24,030 - INFO - [36m(setup pid=8500)[0m + echo ===========================
2026-03-20 16:44:24,934 - INFO - [36m(setup pid=8500)[0m ===========================
2026-03-20 16:44:24,934 - INFO - [36m(setup pid=8500)[0m + echo '=== Setup complete ==='
2026-03-20 16:44:24,934 - INFO - [36m(setup pid=8500)[0m === Setup complete ===
2026-03-20 16:44:24,934 - INFO - [36m(rf-qwen2-5-72b-instruct-tp8pp1-A100-40gb, pid=8500)[0m + export LD_LIBRARY_PATH=/usr/local/cuda/lib64:/usr/local/cuda/targets/x86_64-linux/lib:/usr/local/cuda-12.8/lib:/usr/local/cuda-12.8/lib64:/usr/local/cuda-12.8:/usr/local/cuda-12.8/targets/x86_64-linux/lib/:/usr/local/cuda-12.8/extras/CUPTI/lib64:/opt/amazon/efa/lib:/opt/amazon/openmpi/lib:/opt/amazon/ofi-nccl/lib/x86_64-linux-gnu:/usr/local/lib:/usr/lib:/usr/local/cuda-12.8/lib:/usr/local/cuda-12.8/lib64:/usr/local/cuda-12.8:/usr/local/cuda-12.8/targets/x86_64-linux/lib/:/usr/local/cuda-12.8/extras/CUPTI/lib64:/opt/amazon/efa/lib:/opt/amazon/openmpi/lib:/opt/amazon/ofi-nccl/lib/x86_64-linux-gnu:/usr/local/lib:/usr/lib
2026-03-20 16:44:25,637 - INFO - [36m(rf-qwen2-5-72b-instruct-tp8pp1-A100-40gb, pid=8500)[0m + LD_LIBRARY_PATH=/usr/local/cuda/lib64:/usr/local/cuda/targets/x86_64-linux/lib:/usr/local/cuda-12.8/lib:/usr/local/cuda-12.8/lib64:/usr/local/cuda-12.8:/usr/local/cuda-12.8/targets/x86_64-linux/lib/:/usr/local/cuda-12.8/extras/CUPTI/lib64:/opt/amazon/efa/lib:/opt/amazon/openmpi/lib:/opt/amazon/ofi-nccl/lib/x86_64-linux-gnu:/usr/local/lib:/usr/lib:/usr/local/cuda-12.8/lib:/usr/local/cuda-12.8/lib64:/usr/local/cuda-12.8:/usr/local/cuda-12.8/targets/x86_64-linux/lib/:/usr/local/cuda-12.8/extras/CUPTI/lib64:/opt/amazon/efa/lib:/opt/amazon/openmpi/lib:/opt/amazon/ofi-nccl/lib/x86_64-linux-gnu:/usr/local/lib:/usr/lib
2026-03-20 16:44:25,637 - INFO - [36m(rf-qwen2-5-72b-instruct-tp8pp1-A100-40gb, pid=8500)[0m + export CUDA_HOME=/usr/local/cuda
2026-03-20 16:44:25,637 - INFO - [36m(rf-qwen2-5-72b-instruct-tp8pp1-A100-40gb, pid=8500)[0m + CUDA_HOME=/usr/local/cuda
2026-03-20 16:44:25,637 - INFO - [36m(rf-qwen2-5-72b-instruct-tp8pp1-A100-40gb, pid=8500)[0m + echo '=== Pre-run Diagnostics ==='
2026-03-20 16:44:25,637 - INFO - [36m(rf-qwen2-5-72b-instruct-tp8pp1-A100-40gb, pid=8500)[0m === Pre-run Diagnostics ===
2026-03-20 16:44:25,637 - INFO - [36m(rf-qwen2-5-72b-instruct-tp8pp1-A100-40gb, pid=8500)[0m + nvidia-smi
2026-03-20 16:44:25,637 - INFO - [36m(rf-qwen2-5-72b-instruct-tp8pp1-A100-40gb, pid=8500)[0m Fri Mar 20 11:14:24 2026
2026-03-20 16:44:25,637 - INFO - [36m(rf-qwen2-5-72b-instruct-tp8pp1-A100-40gb, pid=8500)[0m +-----------------------------------------------------------------------------------------+
2026-03-20 16:44:28,249 - INFO - [36m(rf-qwen2-5-72b-instruct-tp8pp1-A100-40gb, pid=8500)[0m | NVIDIA-SMI 570.172.08             Driver Version: 570.172.08     CUDA Version: 12.8     |
2026-03-20 16:44:28,249 - INFO - [36m(rf-qwen2-5-72b-instruct-tp8pp1-A100-40gb, pid=8500)[0m |-----------------------------------------+------------------------+----------------------+
2026-03-20 16:44:28,249 - INFO - [36m(rf-qwen2-5-72b-instruct-tp8pp1-A100-40gb, pid=8500)[0m | GPU  Name                 Persistence-M | Bus-Id          Disp.A | Volatile Uncorr. ECC |
2026-03-20 16:44:28,249 - INFO - [36m(rf-qwen2-5-72b-instruct-tp8pp1-A100-40gb, pid=8500)[0m | Fan  Temp   Perf          Pwr:Usage/Cap |           Memory-Usage | GPU-Util  Compute M. |
2026-03-20 16:44:28,249 - INFO - [36m(rf-qwen2-5-72b-instruct-tp8pp1-A100-40gb, pid=8500)[0m |                                         |                        |               MIG M. |
2026-03-20 16:44:28,249 - INFO - [36m(rf-qwen2-5-72b-instruct-tp8pp1-A100-40gb, pid=8500)[0m |=========================================+========================+======================|
2026-03-20 16:44:28,249 - INFO - [36m(rf-qwen2-5-72b-instruct-tp8pp1-A100-40gb, pid=8500)[0m |   0  NVIDIA A100-SXM4-40GB          On  |   00000000:10:1C.0 Off |                    0 |
2026-03-20 16:44:28,249 - INFO - [36m(rf-qwen2-5-72b-instruct-tp8pp1-A100-40gb, pid=8500)[0m | N/A   28C    P0             53W /  400W |       0MiB /  40960MiB |      0%      Default |
2026-03-20 16:44:28,249 - INFO - [36m(rf-qwen2-5-72b-instruct-tp8pp1-A100-40gb, pid=8500)[0m |                                         |                        |             Disabled |
2026-03-20 16:44:28,249 - INFO - [36m(rf-qwen2-5-72b-instruct-tp8pp1-A100-40gb, pid=8500)[0m +-----------------------------------------+------------------------+----------------------+
2026-03-20 16:44:28,249 - INFO - [36m(rf-qwen2-5-72b-instruct-tp8pp1-A100-40gb, pid=8500)[0m |   1  NVIDIA A100-SXM4-40GB          On  |   00000000:10:1D.0 Off |                    0 |
2026-03-20 16:44:28,249 - INFO - [36m(rf-qwen2-5-72b-instruct-tp8pp1-A100-40gb, pid=8500)[0m | N/A   28C    P0             57W /  400W |       0MiB /  40960MiB |      0%      Default |
2026-03-20 16:44:28,249 - INFO - [36m(rf-qwen2-5-72b-instruct-tp8pp1-A100-40gb, pid=8500)[0m |                                         |                        |             Disabled |
2026-03-20 16:44:28,249 - INFO - [36m(rf-qwen2-5-72b-instruct-tp8pp1-A100-40gb, pid=8500)[0m +-----------------------------------------+------------------------+----------------------+
2026-03-20 16:44:28,249 - INFO - [36m(rf-qwen2-5-72b-instruct-tp8pp1-A100-40gb, pid=8500)[0m |   2  NVIDIA A100-SXM4-40GB          On  |   00000000:20:1C.0 Off |                    0 |
2026-03-20 16:44:28,249 - INFO - [36m(rf-qwen2-5-72b-instruct-tp8pp1-A100-40gb, pid=8500)[0m | N/A   28C    P0             52W /  400W |       0MiB /  40960MiB |      0%      Default |
2026-03-20 16:44:28,249 - INFO - [36m(rf-qwen2-5-72b-instruct-tp8pp1-A100-40gb, pid=8500)[0m |                                         |                        |             Disabled |
2026-03-20 16:44:28,249 - INFO - [36m(rf-qwen2-5-72b-instruct-tp8pp1-A100-40gb, pid=8500)[0m +-----------------------------------------+------------------------+----------------------+
2026-03-20 16:44:28,249 - INFO - [36m(rf-qwen2-5-72b-instruct-tp8pp1-A100-40gb, pid=8500)[0m |   3  NVIDIA A100-SXM4-40GB          On  |   00000000:20:1D.0 Off |                    0 |
2026-03-20 16:44:28,249 - INFO - [36m(rf-qwen2-5-72b-instruct-tp8pp1-A100-40gb, pid=8500)[0m | N/A   27C    P0             54W /  400W |       0MiB /  40960MiB |      0%      Default |
2026-03-20 16:44:28,249 - INFO - [36m(rf-qwen2-5-72b-instruct-tp8pp1-A100-40gb, pid=8500)[0m |                                         |                        |             Disabled |
2026-03-20 16:44:28,249 - INFO - [36m(rf-qwen2-5-72b-instruct-tp8pp1-A100-40gb, pid=8500)[0m +-----------------------------------------+------------------------+----------------------+
2026-03-20 16:44:28,249 - INFO - [36m(rf-qwen2-5-72b-instruct-tp8pp1-A100-40gb, pid=8500)[0m |   4  NVIDIA A100-SXM4-40GB          On  |   00000000:90:1C.0 Off |                    0 |
2026-03-20 16:44:28,249 - INFO - [36m(rf-qwen2-5-72b-instruct-tp8pp1-A100-40gb, pid=8500)[0m | N/A   28C    P0             53W /  400W |       0MiB /  40960MiB |      0%      Default |
2026-03-20 16:44:28,249 - INFO - [36m(rf-qwen2-5-72b-instruct-tp8pp1-A100-40gb, pid=8500)[0m |                                         |                        |             Disabled |
2026-03-20 16:44:28,249 - INFO - [36m(rf-qwen2-5-72b-instruct-tp8pp1-A100-40gb, pid=8500)[0m +-----------------------------------------+------------------------+----------------------+
2026-03-20 16:44:28,249 - INFO - [36m(rf-qwen2-5-72b-instruct-tp8pp1-A100-40gb, pid=8500)[0m |   5  NVIDIA A100-SXM4-40GB          On  |   00000000:90:1D.0 Off |                    0 |
2026-03-20 16:44:28,249 - INFO - [36m(rf-qwen2-5-72b-instruct-tp8pp1-A100-40gb, pid=8500)[0m | N/A   27C    P0             57W /  400W |       0MiB /  40960MiB |      0%      Default |
2026-03-20 16:44:28,249 - INFO - [36m(rf-qwen2-5-72b-instruct-tp8pp1-A100-40gb, pid=8500)[0m |                                         |                        |             Disabled |
2026-03-20 16:44:28,249 - INFO - [36m(rf-qwen2-5-72b-instruct-tp8pp1-A100-40gb, pid=8500)[0m +-----------------------------------------+------------------------+----------------------+
2026-03-20 16:44:28,249 - INFO - [36m(rf-qwen2-5-72b-instruct-tp8pp1-A100-40gb, pid=8500)[0m |   6  NVIDIA A100-SXM4-40GB          On  |   00000000:A0:1C.0 Off |                    0 |
2026-03-20 16:44:28,249 - INFO - [36m(rf-qwen2-5-72b-instruct-tp8pp1-A100-40gb, pid=8500)[0m | N/A   28C    P0             53W /  400W |       0MiB /  40960MiB |      0%      Default |
2026-03-20 16:44:28,249 - INFO - [36m(rf-qwen2-5-72b-instruct-tp8pp1-A100-40gb, pid=8500)[0m |                                         |                        |             Disabled |
2026-03-20 16:44:28,249 - INFO - [36m(rf-qwen2-5-72b-instruct-tp8pp1-A100-40gb, pid=8500)[0m +-----------------------------------------+------------------------+----------------------+
2026-03-20 16:44:28,249 - INFO - [36m(rf-qwen2-5-72b-instruct-tp8pp1-A100-40gb, pid=8500)[0m |   7  NVIDIA A100-SXM4-40GB          On  |   00000000:A0:1D.0 Off |                    0 |
2026-03-20 16:44:28,249 - INFO - [36m(rf-qwen2-5-72b-instruct-tp8pp1-A100-40gb, pid=8500)[0m | N/A   28C    P0             55W /  400W |       0MiB /  40960MiB |      0%      Default |
2026-03-20 16:44:28,249 - INFO - [36m(rf-qwen2-5-72b-instruct-tp8pp1-A100-40gb, pid=8500)[0m |                                         |                        |             Disabled |
2026-03-20 16:44:28,249 - INFO - [36m(rf-qwen2-5-72b-instruct-tp8pp1-A100-40gb, pid=8500)[0m +-----------------------------------------+------------------------+----------------------+
2026-03-20 16:44:28,250 - INFO - [36m(rf-qwen2-5-72b-instruct-tp8pp1-A100-40gb, pid=8500)[0m
2026-03-20 16:44:28,250 - INFO - [36m(rf-qwen2-5-72b-instruct-tp8pp1-A100-40gb, pid=8500)[0m +-----------------------------------------------------------------------------------------+
2026-03-20 16:44:28,250 - INFO - [36m(rf-qwen2-5-72b-instruct-tp8pp1-A100-40gb, pid=8500)[0m | Processes:                                                                              |
2026-03-20 16:44:28,250 - INFO - [36m(rf-qwen2-5-72b-instruct-tp8pp1-A100-40gb, pid=8500)[0m |  GPU   GI   CI              PID   Type   Process name                        GPU Memory |
2026-03-20 16:44:28,250 - INFO - [36m(rf-qwen2-5-72b-instruct-tp8pp1-A100-40gb, pid=8500)[0m |        ID   ID                                                               Usage      |
2026-03-20 16:44:28,250 - INFO - [36m(rf-qwen2-5-72b-instruct-tp8pp1-A100-40gb, pid=8500)[0m |=========================================================================================|
2026-03-20 16:44:28,250 - INFO - [36m(rf-qwen2-5-72b-instruct-tp8pp1-A100-40gb, pid=8500)[0m |  No running processes found                                                             |
2026-03-20 16:44:28,250 - INFO - [36m(rf-qwen2-5-72b-instruct-tp8pp1-A100-40gb, pid=8500)[0m +-----------------------------------------------------------------------------------------+
2026-03-20 16:44:28,250 - INFO - [36m(rf-qwen2-5-72b-instruct-tp8pp1-A100-40gb, pid=8500)[0m + echo '--- A100 SXM4 Diagnostics ---'
2026-03-20 16:44:28,955 - INFO - [36m(rf-qwen2-5-72b-instruct-tp8pp1-A100-40gb, pid=8500)[0m --- A100 SXM4 Diagnostics ---
2026-03-20 16:44:28,955 - INFO - [36m(rf-qwen2-5-72b-instruct-tp8pp1-A100-40gb, pid=8500)[0m + echo 'Checking NVIDIA Fabric Manager (required for NVSwitch on A100-SXM4)...'
2026-03-20 16:44:28,955 - INFO - [36m(rf-qwen2-5-72b-instruct-tp8pp1-A100-40gb, pid=8500)[0m Checking NVIDIA Fabric Manager (required for NVSwitch on A100-SXM4)...
2026-03-20 16:44:28,955 - INFO - [36m(rf-qwen2-5-72b-instruct-tp8pp1-A100-40gb, pid=8500)[0m + systemctl status nvidia-fabricmanager
2026-03-20 16:44:28,955 - INFO - [36m(rf-qwen2-5-72b-instruct-tp8pp1-A100-40gb, pid=8500)[0m ● nvidia-fabricmanager.service - NVIDIA fabric manager service
2026-03-20 16:44:28,955 - INFO - [36m(rf-qwen2-5-72b-instruct-tp8pp1-A100-40gb, pid=8500)[0m      Loaded: loaded (/lib/systemd/system/nvidia-fabricmanager.service; enabled; vendor preset: enabled)
2026-03-20 16:44:28,955 - INFO - [36m(rf-qwen2-5-72b-instruct-tp8pp1-A100-40gb, pid=8500)[0m      Active: active (running) since Fri 2026-03-20 11:12:26 UTC; 2min 1s ago
2026-03-20 16:44:28,955 - INFO - [36m(rf-qwen2-5-72b-instruct-tp8pp1-A100-40gb, pid=8500)[0m    Main PID: 5248 (nv-fabricmanage)
2026-03-20 16:44:28,955 - INFO - [36m(rf-qwen2-5-72b-instruct-tp8pp1-A100-40gb, pid=8500)[0m       Tasks: 19
2026-03-20 16:44:28,955 - INFO - [36m(rf-qwen2-5-72b-instruct-tp8pp1-A100-40gb, pid=8500)[0m      Memory: 26.7M
2026-03-20 16:44:28,955 - INFO - [36m(rf-qwen2-5-72b-instruct-tp8pp1-A100-40gb, pid=8500)[0m         CPU: 11.380s
2026-03-20 16:44:28,955 - INFO - [36m(rf-qwen2-5-72b-instruct-tp8pp1-A100-40gb, pid=8500)[0m      CGroup: /system.slice/nvidia-fabricmanager.service
2026-03-20 16:44:28,955 - INFO - [36m(rf-qwen2-5-72b-instruct-tp8pp1-A100-40gb, pid=8500)[0m              └─5248 /usr/bin/nv-fabricmanager -c /usr/share/nvidia/nvswitch/fabricmanager.cfg
2026-03-20 16:44:28,955 - INFO - [36m(rf-qwen2-5-72b-instruct-tp8pp1-A100-40gb, pid=8500)[0m
2026-03-20 16:44:28,955 - INFO - [36m(rf-qwen2-5-72b-instruct-tp8pp1-A100-40gb, pid=8500)[0m Mar 20 11:12:11 ip-172-31-17-141 systemd[1]: Starting NVIDIA fabric manager service...
2026-03-20 16:44:28,955 - INFO - [36m(rf-qwen2-5-72b-instruct-tp8pp1-A100-40gb, pid=8500)[0m Mar 20 11:12:11 ip-172-31-17-141 nvidia-fabricmanager-start.sh[5055]: Detected Pre-NVL5 system
2026-03-20 16:44:28,955 - INFO - [36m(rf-qwen2-5-72b-instruct-tp8pp1-A100-40gb, pid=8500)[0m Mar 20 11:12:16 ip-172-31-17-141 nv-fabricmanager[5248]: Connected to 1 node.
2026-03-20 16:44:28,955 - INFO - [36m(rf-qwen2-5-72b-instruct-tp8pp1-A100-40gb, pid=8500)[0m Mar 20 11:12:26 ip-172-31-17-141 nv-fabricmanager[5248]: Successfully configured all the available GPUs and NVSwitches to route NVLink traffic.
2026-03-20 16:44:28,955 - INFO - [36m(rf-qwen2-5-72b-instruct-tp8pp1-A100-40gb, pid=8500)[0m Mar 20 11:12:26 ip-172-31-17-141 nvidia-fabricmanager-start.sh[5055]: Started "Nvidia Fabric Manager"
2026-03-20 16:44:28,955 - INFO - [36m(rf-qwen2-5-72b-instruct-tp8pp1-A100-40gb, pid=8500)[0m Mar 20 11:12:26 ip-172-31-17-141 systemd[1]: Started NVIDIA fabric manager service.
2026-03-20 16:44:28,955 - INFO - [36m(rf-qwen2-5-72b-instruct-tp8pp1-A100-40gb, pid=8500)[0m + echo 'Checking for NVLink topology...'
2026-03-20 16:44:28,955 - INFO - [36m(rf-qwen2-5-72b-instruct-tp8pp1-A100-40gb, pid=8500)[0m Checking for NVLink topology...
2026-03-20 16:44:28,955 - INFO - [36m(rf-qwen2-5-72b-instruct-tp8pp1-A100-40gb, pid=8500)[0m + nvidia-smi topo -m
2026-03-20 16:44:28,955 - INFO - [36m(rf-qwen2-5-72b-instruct-tp8pp1-A100-40gb, pid=8500)[0m 	[4mGPU0	GPU1	GPU2	GPU3	GPU4	GPU5	GPU6	GPU7	CPU Affinity	NUMA Affinity	GPU NUMA ID[0m
2026-03-20 16:44:28,955 - INFO - [36m(rf-qwen2-5-72b-instruct-tp8pp1-A100-40gb, pid=8500)[0m GPU0	 X 	NV12	NV12	NV12	NV12	NV12	NV12	NV12	0-23,48-71	0		N/A
2026-03-20 16:44:30,865 - INFO - [36m(rf-qwen2-5-72b-instruct-tp8pp1-A100-40gb, pid=8500)[0m GPU1	NV12	 X 	NV12	NV12	NV12	NV12	NV12	NV12	0-23,48-71	0		N/A
2026-03-20 16:44:30,865 - INFO - [36m(rf-qwen2-5-72b-instruct-tp8pp1-A100-40gb, pid=8500)[0m GPU2	NV12	NV12	 X 	NV12	NV12	NV12	NV12	NV12	0-23,48-71	0		N/A
2026-03-20 16:44:30,865 - INFO - [36m(rf-qwen2-5-72b-instruct-tp8pp1-A100-40gb, pid=8500)[0m GPU3	NV12	NV12	NV12	 X 	NV12	NV12	NV12	NV12	0-23,48-71	0		N/A
2026-03-20 16:44:30,865 - INFO - [36m(rf-qwen2-5-72b-instruct-tp8pp1-A100-40gb, pid=8500)[0m GPU4	NV12	NV12	NV12	NV12	 X 	NV12	NV12	NV12	24-47,72-95	1		N/A
2026-03-20 16:44:30,865 - INFO - [36m(rf-qwen2-5-72b-instruct-tp8pp1-A100-40gb, pid=8500)[0m GPU5	NV12	NV12	NV12	NV12	NV12	 X 	NV12	NV12	24-47,72-95	1		N/A
2026-03-20 16:44:30,865 - INFO - [36m(rf-qwen2-5-72b-instruct-tp8pp1-A100-40gb, pid=8500)[0m GPU6	NV12	NV12	NV12	NV12	NV12	NV12	 X 	NV12	24-47,72-95	1		N/A
2026-03-20 16:44:30,865 - INFO - [36m(rf-qwen2-5-72b-instruct-tp8pp1-A100-40gb, pid=8500)[0m GPU7	NV12	NV12	NV12	NV12	NV12	NV12	NV12	 X 	24-47,72-95	1		N/A
2026-03-20 16:44:30,865 - INFO - [36m(rf-qwen2-5-72b-instruct-tp8pp1-A100-40gb, pid=8500)[0m
2026-03-20 16:44:30,865 - INFO - [36m(rf-qwen2-5-72b-instruct-tp8pp1-A100-40gb, pid=8500)[0m Legend:
2026-03-20 16:44:30,865 - INFO - [36m(rf-qwen2-5-72b-instruct-tp8pp1-A100-40gb, pid=8500)[0m
2026-03-20 16:44:30,865 - INFO - [36m(rf-qwen2-5-72b-instruct-tp8pp1-A100-40gb, pid=8500)[0m   X    = Self
2026-03-20 16:44:30,865 - INFO - [36m(rf-qwen2-5-72b-instruct-tp8pp1-A100-40gb, pid=8500)[0m   SYS  = Connection traversing PCIe as well as the SMP interconnect between NUMA nodes (e.g., QPI/UPI)
2026-03-20 16:44:30,865 - INFO - [36m(rf-qwen2-5-72b-instruct-tp8pp1-A100-40gb, pid=8500)[0m   NODE = Connection traversing PCIe as well as the interconnect between PCIe Host Bridges within a NUMA node
2026-03-20 16:44:30,865 - INFO - [36m(rf-qwen2-5-72b-instruct-tp8pp1-A100-40gb, pid=8500)[0m   PHB  = Connection traversing PCIe as well as a PCIe Host Bridge (typically the CPU)
2026-03-20 16:44:30,865 - INFO - [36m(rf-qwen2-5-72b-instruct-tp8pp1-A100-40gb, pid=8500)[0m   PXB  = Connection traversing multiple PCIe bridges (without traversing the PCIe Host Bridge)
2026-03-20 16:44:30,865 - INFO - [36m(rf-qwen2-5-72b-instruct-tp8pp1-A100-40gb, pid=8500)[0m   PIX  = Connection traversing at most a single PCIe bridge
2026-03-20 16:44:30,865 - INFO - [36m(rf-qwen2-5-72b-instruct-tp8pp1-A100-40gb, pid=8500)[0m   NV#  = Connection traversing a bonded set of # NVLinks
2026-03-20 16:44:30,865 - INFO - [36m(rf-qwen2-5-72b-instruct-tp8pp1-A100-40gb, pid=8500)[0m + echo '--- NUMA Topology and GPU-NUMA Mapping ---'
2026-03-20 16:44:30,865 - INFO - [36m(rf-qwen2-5-72b-instruct-tp8pp1-A100-40gb, pid=8500)[0m --- NUMA Topology and GPU-NUMA Mapping ---
2026-03-20 16:44:30,865 - INFO - [36m(rf-qwen2-5-72b-instruct-tp8pp1-A100-40gb, pid=8500)[0m + echo 'NUMA hardware layout:'
2026-03-20 16:44:30,865 - INFO - [36m(rf-qwen2-5-72b-instruct-tp8pp1-A100-40gb, pid=8500)[0m NUMA hardware layout:
2026-03-20 16:44:30,865 - INFO - [36m(rf-qwen2-5-72b-instruct-tp8pp1-A100-40gb, pid=8500)[0m + numactl --hardware
2026-03-20 16:44:30,865 - INFO - [36m(rf-qwen2-5-72b-instruct-tp8pp1-A100-40gb, pid=8500)[0m available: 2 nodes (0-1)
2026-03-20 16:44:30,865 - INFO - [36m(rf-qwen2-5-72b-instruct-tp8pp1-A100-40gb, pid=8500)[0m node 0 cpus: 0 1 2 3 4 5 6 7 8 9 10 11 12 13 14 15 16 17 18 19 20 21 22 23 48 49 50 51 52 53 54 55 56 57 58 59 60 61 62 63 64 65 66 67 68 69 70 71
2026-03-20 16:44:30,865 - INFO - [36m(rf-qwen2-5-72b-instruct-tp8pp1-A100-40gb, pid=8500)[0m node 0 size: 574309 MB
2026-03-20 16:44:30,865 - INFO - [36m(rf-qwen2-5-72b-instruct-tp8pp1-A100-40gb, pid=8500)[0m node 0 free: 556475 MB
2026-03-20 16:44:30,865 - INFO - [36m(rf-qwen2-5-72b-instruct-tp8pp1-A100-40gb, pid=8500)[0m node 1 cpus: 24 25 26 27 28 29 30 31 32 33 34 35 36 37 38 39 40 41 42 43 44 45 46 47 72 73 74 75 76 77 78 79 80 81 82 83 84 85 86 87 88 89 90 91 92 93 94 95
2026-03-20 16:44:30,865 - INFO - [36m(rf-qwen2-5-72b-instruct-tp8pp1-A100-40gb, pid=8500)[0m node 1 size: 574411 MB
2026-03-20 16:44:30,865 - INFO - [36m(rf-qwen2-5-72b-instruct-tp8pp1-A100-40gb, pid=8500)[0m node 1 free: 544668 MB
2026-03-20 16:44:30,865 - INFO - [36m(rf-qwen2-5-72b-instruct-tp8pp1-A100-40gb, pid=8500)[0m node distances:
2026-03-20 16:44:30,865 - INFO - [36m(rf-qwen2-5-72b-instruct-tp8pp1-A100-40gb, pid=8500)[0m node   0   1
2026-03-20 16:44:30,865 - INFO - [36m(rf-qwen2-5-72b-instruct-tp8pp1-A100-40gb, pid=8500)[0m   0:  10  21
2026-03-20 16:44:30,865 - INFO - [36m(rf-qwen2-5-72b-instruct-tp8pp1-A100-40gb, pid=8500)[0m   1:  21  10
2026-03-20 16:44:30,865 - INFO - [36m(rf-qwen2-5-72b-instruct-tp8pp1-A100-40gb, pid=8500)[0m + echo ''
2026-03-20 16:44:30,865 - INFO - [36m(rf-qwen2-5-72b-instruct-tp8pp1-A100-40gb, pid=8500)[0m
2026-03-20 16:44:30,865 - INFO - [36m(rf-qwen2-5-72b-instruct-tp8pp1-A100-40gb, pid=8500)[0m + echo 'GPU PCIe Bus IDs and NUMA node assignments:'
2026-03-20 16:44:30,865 - INFO - [36m(rf-qwen2-5-72b-instruct-tp8pp1-A100-40gb, pid=8500)[0m GPU PCIe Bus IDs and NUMA node assignments:
2026-03-20 16:44:30,865 - INFO - [36m(rf-qwen2-5-72b-instruct-tp8pp1-A100-40gb, pid=8500)[0m ++ nvidia-smi --query-gpu=count --format=csv,noheader
2026-03-20 16:44:30,865 - INFO - [36m(rf-qwen2-5-72b-instruct-tp8pp1-A100-40gb, pid=8500)[0m ++ head -1
2026-03-20 16:44:30,865 - INFO - [36m(rf-qwen2-5-72b-instruct-tp8pp1-A100-40gb, pid=8500)[0m ++ echo 0
2026-03-20 16:44:30,865 - INFO - [36m(rf-qwen2-5-72b-instruct-tp8pp1-A100-40gb, pid=8500)[0m + gpu_count='8
2026-03-20 16:44:30,865 - INFO - [36m(rf-qwen2-5-72b-instruct-tp8pp1-A100-40gb, pid=8500)[0m 0'
2026-03-20 16:44:30,865 - INFO - [36m(rf-qwen2-5-72b-instruct-tp8pp1-A100-40gb, pid=8500)[0m + '[' '8
2026-03-20 16:44:30,865 - INFO - [36m(rf-qwen2-5-72b-instruct-tp8pp1-A100-40gb, pid=8500)[0m 0' -gt 0 ']'
2026-03-20 16:44:30,865 - INFO - [36m(rf-qwen2-5-72b-instruct-tp8pp1-A100-40gb, pid=8500)[0m + echo 'Could not detect GPU count'
2026-03-20 16:44:30,866 - INFO - [36m(rf-qwen2-5-72b-instruct-tp8pp1-A100-40gb, pid=8500)[0m Could not detect GPU count
2026-03-20 16:44:30,866 - INFO - [36m(rf-qwen2-5-72b-instruct-tp8pp1-A100-40gb, pid=8500)[0m + echo -------------------------------------------
2026-03-20 16:44:30,866 - INFO - [36m(rf-qwen2-5-72b-instruct-tp8pp1-A100-40gb, pid=8500)[0m -------------------------------------------
2026-03-20 16:44:30,866 - INFO - [36m(rf-qwen2-5-72b-instruct-tp8pp1-A100-40gb, pid=8500)[0m + echo 'Checking for GPU processes and errors...'
2026-03-20 16:44:30,866 - INFO - [36m(rf-qwen2-5-72b-instruct-tp8pp1-A100-40gb, pid=8500)[0m Checking for GPU processes and errors...
2026-03-20 16:44:30,866 - INFO - [36m(rf-qwen2-5-72b-instruct-tp8pp1-A100-40gb, pid=8500)[0m + awk 'NR<=50'
2026-03-20 16:44:30,866 - INFO - [36m(rf-qwen2-5-72b-instruct-tp8pp1-A100-40gb, pid=8500)[0m + nvidia-smi -q -d ERRORS
2026-03-20 16:44:30,866 - INFO - [36m(rf-qwen2-5-72b-instruct-tp8pp1-A100-40gb, pid=8500)[0m Failed to parse --display/-d flags
2026-03-20 16:44:30,866 - INFO - [36m(rf-qwen2-5-72b-instruct-tp8pp1-A100-40gb, pid=8500)[0m + echo 'Error check failed'
2026-03-20 16:44:30,866 - INFO - [36m(rf-qwen2-5-72b-instruct-tp8pp1-A100-40gb, pid=8500)[0m Error check failed
2026-03-20 16:44:30,866 - INFO - [36m(rf-qwen2-5-72b-instruct-tp8pp1-A100-40gb, pid=8500)[0m + echo '--- CUDA Device Query ---'
2026-03-20 16:44:30,866 - INFO - [36m(rf-qwen2-5-72b-instruct-tp8pp1-A100-40gb, pid=8500)[0m --- CUDA Device Query ---
2026-03-20 16:44:30,866 - INFO - [36m(rf-qwen2-5-72b-instruct-tp8pp1-A100-40gb, pid=8500)[0m + python3 -c 'import ctypes; cudart = ctypes.CDLL('\''libcudart.so.12'\''); count = ctypes.c_int(); result = cudart.cudaGetDeviceCount(ctypes.byref(count)); print(f'\''cudaGetDeviceCount result: {result} (0=success), device count: {count.value}'\'')'
2026-03-20 16:44:30,866 - INFO - [36m(rf-qwen2-5-72b-instruct-tp8pp1-A100-40gb, pid=8500)[0m cudaGetDeviceCount result: 0 (0=success), device count: 8
2026-03-20 16:44:31,871 - INFO - [36m(rf-qwen2-5-72b-instruct-tp8pp1-A100-40gb, pid=8500)[0m + echo ===========================
2026-03-20 16:44:32,373 - INFO - [36m(rf-qwen2-5-72b-instruct-tp8pp1-A100-40gb, pid=8500)[0m ===========================
2026-03-20 16:44:32,373 - INFO - [36m(rf-qwen2-5-72b-instruct-tp8pp1-A100-40gb, pid=8500)[0m + source .venv/bin/activate
2026-03-20 16:44:32,373 - INFO - [36m(rf-qwen2-5-72b-instruct-tp8pp1-A100-40gb, pid=8500)[0m ++ '[' -z '' ']'
2026-03-20 16:44:32,373 - INFO - [36m(rf-qwen2-5-72b-instruct-tp8pp1-A100-40gb, pid=8500)[0m ++ '[' -n x ']'
2026-03-20 16:44:32,373 - INFO - [36m(rf-qwen2-5-72b-instruct-tp8pp1-A100-40gb, pid=8500)[0m ++ SCRIPT_PATH=.venv/bin/activate
2026-03-20 16:44:32,373 - INFO - [36m(rf-qwen2-5-72b-instruct-tp8pp1-A100-40gb, pid=8500)[0m ++ '[' .venv/bin/activate = /tmp/sky_app_xd15iv51 ']'
2026-03-20 16:44:32,373 - INFO - [36m(rf-qwen2-5-72b-instruct-tp8pp1-A100-40gb, pid=8500)[0m ++ deactivate nondestructive
2026-03-20 16:44:32,373 - INFO - [36m(rf-qwen2-5-72b-instruct-tp8pp1-A100-40gb, pid=8500)[0m ++ unset -f pydoc
2026-03-20 16:44:32,373 - INFO - [36m(rf-qwen2-5-72b-instruct-tp8pp1-A100-40gb, pid=8500)[0m ++ '[' -z '' ']'
2026-03-20 16:44:32,373 - INFO - [36m(rf-qwen2-5-72b-instruct-tp8pp1-A100-40gb, pid=8500)[0m ++ '[' -z '' ']'
2026-03-20 16:44:32,373 - INFO - [36m(rf-qwen2-5-72b-instruct-tp8pp1-A100-40gb, pid=8500)[0m ++ hash -r
2026-03-20 16:44:32,373 - INFO - [36m(rf-qwen2-5-72b-instruct-tp8pp1-A100-40gb, pid=8500)[0m ++ '[' -z '' ']'
2026-03-20 16:44:32,373 - INFO - [36m(rf-qwen2-5-72b-instruct-tp8pp1-A100-40gb, pid=8500)[0m ++ unset VIRTUAL_ENV
2026-03-20 16:44:32,373 - INFO - [36m(rf-qwen2-5-72b-instruct-tp8pp1-A100-40gb, pid=8500)[0m ++ unset VIRTUAL_ENV_PROMPT
2026-03-20 16:44:32,373 - INFO - [36m(rf-qwen2-5-72b-instruct-tp8pp1-A100-40gb, pid=8500)[0m ++ '[' '!' nondestructive = nondestructive ']'
2026-03-20 16:44:32,373 - INFO - [36m(rf-qwen2-5-72b-instruct-tp8pp1-A100-40gb, pid=8500)[0m ++ VIRTUAL_ENV=/home/ubuntu/sky_workdir/.venv
2026-03-20 16:44:32,373 - INFO - [36m(rf-qwen2-5-72b-instruct-tp8pp1-A100-40gb, pid=8500)[0m ++ '[' linux-gnu = cygwin ']'
2026-03-20 16:44:32,373 - INFO - [36m(rf-qwen2-5-72b-instruct-tp8pp1-A100-40gb, pid=8500)[0m ++ '[' linux-gnu = msys ']'
2026-03-20 16:44:32,373 - INFO - [36m(rf-qwen2-5-72b-instruct-tp8pp1-A100-40gb, pid=8500)[0m ++ export VIRTUAL_ENV
2026-03-20 16:44:32,373 - INFO - [36m(rf-qwen2-5-72b-instruct-tp8pp1-A100-40gb, pid=8500)[0m ++ '[' -z '' ']'
2026-03-20 16:44:32,373 - INFO - [36m(rf-qwen2-5-72b-instruct-tp8pp1-A100-40gb, pid=8500)[0m ++ unset SCRIPT_PATH
2026-03-20 16:44:32,373 - INFO - [36m(rf-qwen2-5-72b-instruct-tp8pp1-A100-40gb, pid=8500)[0m ++ _OLD_VIRTUAL_PATH=/home/ubuntu/.local/bin:/home/ubuntu/.local/bin:/home/ubuntu/miniconda3/bin:/home/ubuntu/miniconda3/condabin:/opt/amazon/openmpi/bin:/opt/amazon/efa/bin:/usr/local/cuda-12.8/bin:/usr/local/cuda-12.8/include:/usr/local/cuda-12.8/bin:/usr/local/cuda-12.8/include:/usr/local/sbin:/usr/local/bin:/usr/sbin:/usr/bin:/sbin:/bin:/usr/games:/usr/local/games:/snap/bin
2026-03-20 16:44:32,373 - INFO - [36m(rf-qwen2-5-72b-instruct-tp8pp1-A100-40gb, pid=8500)[0m ++ PATH=/home/ubuntu/sky_workdir/.venv/bin:/home/ubuntu/.local/bin:/home/ubuntu/.local/bin:/home/ubuntu/miniconda3/bin:/home/ubuntu/miniconda3/condabin:/opt/amazon/openmpi/bin:/opt/amazon/efa/bin:/usr/local/cuda-12.8/bin:/usr/local/cuda-12.8/include:/usr/local/cuda-12.8/bin:/usr/local/cuda-12.8/include:/usr/local/sbin:/usr/local/bin:/usr/sbin:/usr/bin:/sbin:/bin:/usr/games:/usr/local/games:/snap/bin
2026-03-20 16:44:32,373 - INFO - [36m(rf-qwen2-5-72b-instruct-tp8pp1-A100-40gb, pid=8500)[0m ++ export PATH
2026-03-20 16:44:32,373 - INFO - [36m(rf-qwen2-5-72b-instruct-tp8pp1-A100-40gb, pid=8500)[0m ++ '[' xsky_workdir '!=' x ']'
2026-03-20 16:44:32,373 - INFO - [36m(rf-qwen2-5-72b-instruct-tp8pp1-A100-40gb, pid=8500)[0m ++ VIRTUAL_ENV_PROMPT=sky_workdir
2026-03-20 16:44:32,373 - INFO - [36m(rf-qwen2-5-72b-instruct-tp8pp1-A100-40gb, pid=8500)[0m ++ export VIRTUAL_ENV_PROMPT
2026-03-20 16:44:32,373 - INFO - [36m(rf-qwen2-5-72b-instruct-tp8pp1-A100-40gb, pid=8500)[0m ++ '[' -z '' ']'
2026-03-20 16:44:32,373 - INFO - [36m(rf-qwen2-5-72b-instruct-tp8pp1-A100-40gb, pid=8500)[0m ++ '[' -z '' ']'
2026-03-20 16:44:32,373 - INFO - [36m(rf-qwen2-5-72b-instruct-tp8pp1-A100-40gb, pid=8500)[0m ++ _OLD_VIRTUAL_PS1='(base) ${debian_chroot:+($debian_chroot)}\u@\h:\w\$ '
2026-03-20 16:44:32,373 - INFO - [36m(rf-qwen2-5-72b-instruct-tp8pp1-A100-40gb, pid=8500)[0m ++ PS1='(sky_workdir) (base) ${debian_chroot:+($debian_chroot)}\u@\h:\w\$ '
2026-03-20 16:44:32,373 - INFO - [36m(rf-qwen2-5-72b-instruct-tp8pp1-A100-40gb, pid=8500)[0m ++ export PS1
2026-03-20 16:44:32,373 - INFO - [36m(rf-qwen2-5-72b-instruct-tp8pp1-A100-40gb, pid=8500)[0m ++ alias pydoc
2026-03-20 16:44:32,373 - INFO - [36m(rf-qwen2-5-72b-instruct-tp8pp1-A100-40gb, pid=8500)[0m ++ true
2026-03-20 16:44:32,373 - INFO - [36m(rf-qwen2-5-72b-instruct-tp8pp1-A100-40gb, pid=8500)[0m ++ hash -r
2026-03-20 16:44:32,373 - INFO - [36m(rf-qwen2-5-72b-instruct-tp8pp1-A100-40gb, pid=8500)[0m + echo '=== DETAILED PyTorch CUDA Diagnostics (in run phase) ==='
2026-03-20 16:44:32,373 - INFO - [36m(rf-qwen2-5-72b-instruct-tp8pp1-A100-40gb, pid=8500)[0m === DETAILED PyTorch CUDA Diagnostics (in run phase) ===
2026-03-20 16:44:33,279 - INFO - [36m(rf-qwen2-5-72b-instruct-tp8pp1-A100-40gb, pid=8500)[0m + echo '--- Environment ---'
2026-03-20 16:44:33,279 - INFO - [36m(rf-qwen2-5-72b-instruct-tp8pp1-A100-40gb, pid=8500)[0m --- Environment ---
2026-03-20 16:44:33,279 - INFO - [36m(rf-qwen2-5-72b-instruct-tp8pp1-A100-40gb, pid=8500)[0m + echo 'LD_LIBRARY_PATH: /usr/local/cuda/lib64:/usr/local/cuda/targets/x86_64-linux/lib:/usr/local/cuda-12.8/lib:/usr/local/cuda-12.8/lib64:/usr/local/cuda-12.8:/usr/local/cuda-12.8/targets/x86_64-linux/lib/:/usr/local/cuda-12.8/extras/CUPTI/lib64:/opt/amazon/efa/lib:/opt/amazon/openmpi/lib:/opt/amazon/ofi-nccl/lib/x86_64-linux-gnu:/usr/local/lib:/usr/lib:/usr/local/cuda-12.8/lib:/usr/local/cuda-12.8/lib64:/usr/local/cuda-12.8:/usr/local/cuda-12.8/targets/x86_64-linux/lib/:/usr/local/cuda-12.8/extras/CUPTI/lib64:/opt/amazon/efa/lib:/opt/amazon/openmpi/lib:/opt/amazon/ofi-nccl/lib/x86_64-linux-gnu:/usr/local/lib:/usr/lib'
2026-03-20 16:44:33,279 - INFO - [36m(rf-qwen2-5-72b-instruct-tp8pp1-A100-40gb, pid=8500)[0m LD_LIBRARY_PATH: /usr/local/cuda/lib64:/usr/local/cuda/targets/x86_64-linux/lib:/usr/local/cuda-12.8/lib:/usr/local/cuda-12.8/lib64:/usr/local/cuda-12.8:/usr/local/cuda-12.8/targets/x86_64-linux/lib/:/usr/local/cuda-12.8/extras/CUPTI/lib64:/opt/amazon/efa/lib:/opt/amazon/openmpi/lib:/opt/amazon/ofi-nccl/lib/x86_64-linux-gnu:/usr/local/lib:/usr/lib:/usr/local/cuda-12.8/lib:/usr/local/cuda-12.8/lib64:/usr/local/cuda-12.8:/usr/local/cuda-12.8/targets/x86_64-linux/lib/:/usr/local/cuda-12.8/extras/CUPTI/lib64:/opt/amazon/efa/lib:/opt/amazon/openmpi/lib:/opt/amazon/ofi-nccl/lib/x86_64-linux-gnu:/usr/local/lib:/usr/lib
2026-03-20 16:44:33,279 - INFO - [36m(rf-qwen2-5-72b-instruct-tp8pp1-A100-40gb, pid=8500)[0m + echo 'CUDA_HOME: /usr/local/cuda'
2026-03-20 16:44:33,279 - INFO - [36m(rf-qwen2-5-72b-instruct-tp8pp1-A100-40gb, pid=8500)[0m CUDA_HOME: /usr/local/cuda
2026-03-20 16:44:33,279 - INFO - [36m(rf-qwen2-5-72b-instruct-tp8pp1-A100-40gb, pid=8500)[0m + which python3
2026-03-20 16:44:33,279 - INFO - [36m(rf-qwen2-5-72b-instruct-tp8pp1-A100-40gb, pid=8500)[0m /home/ubuntu/sky_workdir/.venv/bin/python3
2026-03-20 16:44:33,279 - INFO - [36m(rf-qwen2-5-72b-instruct-tp8pp1-A100-40gb, pid=8500)[0m + echo '--- Torch info ---'
2026-03-20 16:44:33,279 - INFO - [36m(rf-qwen2-5-72b-instruct-tp8pp1-A100-40gb, pid=8500)[0m --- Torch info ---
2026-03-20 16:44:33,279 - INFO - [36m(rf-qwen2-5-72b-instruct-tp8pp1-A100-40gb, pid=8500)[0m + python3 -c 'import torch; print('\''torch.__version__:'\'', torch.__version__); print('\''torch.__file__:'\'', torch.__file__); print('\''torch.version.cuda:'\'', torch.version.cuda); print('\''torch.backends.cuda.is_built():'\'', torch.backends.cuda.is_built())'
2026-03-20 16:44:33,279 - INFO - [36m(rf-qwen2-5-72b-instruct-tp8pp1-A100-40gb, pid=8500)[0m torch.__version__: 2.7.1+cu126
2026-03-20 16:44:33,983 - INFO - [36m(rf-qwen2-5-72b-instruct-tp8pp1-A100-40gb, pid=8500)[0m torch.__file__: /home/ubuntu/sky_workdir/.venv/lib/python3.12/site-packages/torch/__init__.py
2026-03-20 16:44:33,983 - INFO - [36m(rf-qwen2-5-72b-instruct-tp8pp1-A100-40gb, pid=8500)[0m torch.version.cuda: 12.6
2026-03-20 16:44:33,983 - INFO - [36m(rf-qwen2-5-72b-instruct-tp8pp1-A100-40gb, pid=8500)[0m torch.backends.cuda.is_built(): True
2026-03-20 16:44:33,983 - INFO - [36m(rf-qwen2-5-72b-instruct-tp8pp1-A100-40gb, pid=8500)[0m + echo '--- CUDA check ---'
2026-03-20 16:44:37,098 - INFO - [36m(rf-qwen2-5-72b-instruct-tp8pp1-A100-40gb, pid=8500)[0m --- CUDA check ---
2026-03-20 16:44:37,098 - INFO - [36m(rf-qwen2-5-72b-instruct-tp8pp1-A100-40gb, pid=8500)[0m + python3 -c 'import torch; print('\''torch.cuda.is_available():'\'', torch.cuda.is_available()); print('\''torch.cuda.device_count():'\'', torch.cuda.device_count() if torch.cuda.is_available() else '\''N/A - checking why...'\'')'
2026-03-20 16:44:37,098 - INFO - [36m(rf-qwen2-5-72b-instruct-tp8pp1-A100-40gb, pid=8500)[0m torch.cuda.is_available(): True
2026-03-20 16:44:38,404 - INFO - [36m(rf-qwen2-5-72b-instruct-tp8pp1-A100-40gb, pid=8500)[0m torch.cuda.device_count(): 8
2026-03-20 16:44:38,404 - INFO - [36m(rf-qwen2-5-72b-instruct-tp8pp1-A100-40gb, pid=8500)[0m + echo '--- Loading CUDA libs directly ---'
2026-03-20 16:44:42,022 - INFO - [36m(rf-qwen2-5-72b-instruct-tp8pp1-A100-40gb, pid=8500)[0m --- Loading CUDA libs directly ---
2026-03-20 16:44:42,022 - INFO - [36m(rf-qwen2-5-72b-instruct-tp8pp1-A100-40gb, pid=8500)[0m + python3 -c 'import ctypes; libs=['\''libcuda.so.1'\'','\''libcudart.so.12'\'','\''libnvidia-ml.so.1'\'']; [print(l+'\'': OK'\'') if ctypes.CDLL(l) else None for l in libs]'
2026-03-20 16:44:42,022 - INFO - [36m(rf-qwen2-5-72b-instruct-tp8pp1-A100-40gb, pid=8500)[0m libcuda.so.1: OK
2026-03-20 16:44:42,022 - INFO - [36m(rf-qwen2-5-72b-instruct-tp8pp1-A100-40gb, pid=8500)[0m libcudart.so.12: OK
2026-03-20 16:44:42,022 - INFO - [36m(rf-qwen2-5-72b-instruct-tp8pp1-A100-40gb, pid=8500)[0m libnvidia-ml.so.1: OK
2026-03-20 16:44:42,022 - INFO - [36m(rf-qwen2-5-72b-instruct-tp8pp1-A100-40gb, pid=8500)[0m + echo '--- Manual CUDA init attempt ---'
2026-03-20 16:44:42,022 - INFO - [36m(rf-qwen2-5-72b-instruct-tp8pp1-A100-40gb, pid=8500)[0m --- Manual CUDA init attempt ---
2026-03-20 16:44:42,022 - INFO - [36m(rf-qwen2-5-72b-instruct-tp8pp1-A100-40gb, pid=8500)[0m + python3 -c 'import torch; torch.cuda.init(); print('\''torch.cuda.init() OK, device_count:'\'', torch.cuda.device_count())'
2026-03-20 16:44:42,022 - INFO - [36m(rf-qwen2-5-72b-instruct-tp8pp1-A100-40gb, pid=8500)[0m torch.cuda.init() OK, device_count: 8
2026-03-20 16:44:43,531 - INFO - [36m(rf-qwen2-5-72b-instruct-tp8pp1-A100-40gb, pid=8500)[0m + echo '--- Installed torch packages ---'
2026-03-20 16:44:44,034 - INFO - [36m(rf-qwen2-5-72b-instruct-tp8pp1-A100-40gb, pid=8500)[0m --- Installed torch packages ---
2026-03-20 16:44:44,034 - INFO - [36m(rf-qwen2-5-72b-instruct-tp8pp1-A100-40gb, pid=8500)[0m + pip list
2026-03-20 16:44:44,034 - INFO - [36m(rf-qwen2-5-72b-instruct-tp8pp1-A100-40gb, pid=8500)[0m + grep --color=auto -i -E 'torch|nvidia|cuda|triton'
2026-03-20 16:44:44,035 - INFO - [36m(rf-qwen2-5-72b-instruct-tp8pp1-A100-40gb, pid=8500)[0m cuda-pathfinder                   1.4.3
2026-03-20 16:44:44,538 - INFO - [36m(rf-qwen2-5-72b-instruct-tp8pp1-A100-40gb, pid=8500)[0m cupy-cuda12x                      14.0.1
2026-03-20 16:44:44,538 - INFO - [36m(rf-qwen2-5-72b-instruct-tp8pp1-A100-40gb, pid=8500)[0m nvidia-cublas-cu12                12.6.4.1
2026-03-20 16:44:44,538 - INFO - [36m(rf-qwen2-5-72b-instruct-tp8pp1-A100-40gb, pid=8500)[0m nvidia-cuda-cupti-cu12            12.6.80
2026-03-20 16:44:44,538 - INFO - [36m(rf-qwen2-5-72b-instruct-tp8pp1-A100-40gb, pid=8500)[0m nvidia-cuda-nvrtc-cu12            12.6.77
2026-03-20 16:44:44,538 - INFO - [36m(rf-qwen2-5-72b-instruct-tp8pp1-A100-40gb, pid=8500)[0m nvidia-cuda-runtime-cu12          12.6.77
2026-03-20 16:44:44,538 - INFO - [36m(rf-qwen2-5-72b-instruct-tp8pp1-A100-40gb, pid=8500)[0m nvidia-cudnn-cu12                 9.5.1.17
2026-03-20 16:44:44,538 - INFO - [36m(rf-qwen2-5-72b-instruct-tp8pp1-A100-40gb, pid=8500)[0m nvidia-cufft-cu12                 11.3.0.4
2026-03-20 16:44:44,538 - INFO - [36m(rf-qwen2-5-72b-instruct-tp8pp1-A100-40gb, pid=8500)[0m nvidia-cufile-cu12                1.11.1.6
2026-03-20 16:44:44,538 - INFO - [36m(rf-qwen2-5-72b-instruct-tp8pp1-A100-40gb, pid=8500)[0m nvidia-curand-cu12                10.3.7.77
2026-03-20 16:44:44,538 - INFO - [36m(rf-qwen2-5-72b-instruct-tp8pp1-A100-40gb, pid=8500)[0m nvidia-cusolver-cu12              11.7.1.2
2026-03-20 16:44:44,538 - INFO - [36m(rf-qwen2-5-72b-instruct-tp8pp1-A100-40gb, pid=8500)[0m nvidia-cusparse-cu12              12.5.4.2
2026-03-20 16:44:44,539 - INFO - [36m(rf-qwen2-5-72b-instruct-tp8pp1-A100-40gb, pid=8500)[0m nvidia-cusparselt-cu12            0.6.3
2026-03-20 16:44:44,539 - INFO - [36m(rf-qwen2-5-72b-instruct-tp8pp1-A100-40gb, pid=8500)[0m nvidia-ml-py                      13.595.45
2026-03-20 16:44:44,539 - INFO - [36m(rf-qwen2-5-72b-instruct-tp8pp1-A100-40gb, pid=8500)[0m nvidia-nccl-cu12                  2.26.2
2026-03-20 16:44:44,539 - INFO - [36m(rf-qwen2-5-72b-instruct-tp8pp1-A100-40gb, pid=8500)[0m nvidia-nvjitlink-cu12             12.6.85
2026-03-20 16:44:44,539 - INFO - [36m(rf-qwen2-5-72b-instruct-tp8pp1-A100-40gb, pid=8500)[0m nvidia-nvtx-cu12                  12.6.77
2026-03-20 16:44:44,539 - INFO - [36m(rf-qwen2-5-72b-instruct-tp8pp1-A100-40gb, pid=8500)[0m torch                             2.7.1
2026-03-20 16:44:44,539 - INFO - [36m(rf-qwen2-5-72b-instruct-tp8pp1-A100-40gb, pid=8500)[0m torchaudio                        2.7.1
2026-03-20 16:44:44,539 - INFO - [36m(rf-qwen2-5-72b-instruct-tp8pp1-A100-40gb, pid=8500)[0m torchvision                       0.22.1
2026-03-20 16:44:44,539 - INFO - [36m(rf-qwen2-5-72b-instruct-tp8pp1-A100-40gb, pid=8500)[0m triton                            3.3.1
2026-03-20 16:44:44,539 - INFO - [36m(rf-qwen2-5-72b-instruct-tp8pp1-A100-40gb, pid=8500)[0m + echo =========================================
2026-03-20 16:44:46,250 - INFO - [36m(rf-qwen2-5-72b-instruct-tp8pp1-A100-40gb, pid=8500)[0m =========================================
2026-03-20 16:44:46,250 - INFO - [36m(rf-qwen2-5-72b-instruct-tp8pp1-A100-40gb, pid=8500)[0m + export LD_LIBRARY_PATH=/usr/local/cuda/lib64:/usr/local/cuda/targets/x86_64-linux/lib:/usr/local/cuda/lib64:/usr/local/cuda/targets/x86_64-linux/lib:/usr/local/cuda-12.8/lib:/usr/local/cuda-12.8/lib64:/usr/local/cuda-12.8:/usr/local/cuda-12.8/targets/x86_64-linux/lib/:/usr/local/cuda-12.8/extras/CUPTI/lib64:/opt/amazon/efa/lib:/opt/amazon/openmpi/lib:/opt/amazon/ofi-nccl/lib/x86_64-linux-gnu:/usr/local/lib:/usr/lib:/usr/local/cuda-12.8/lib:/usr/local/cuda-12.8/lib64:/usr/local/cuda-12.8:/usr/local/cuda-12.8/targets/x86_64-linux/lib/:/usr/local/cuda-12.8/extras/CUPTI/lib64:/opt/amazon/efa/lib:/opt/amazon/openmpi/lib:/opt/amazon/ofi-nccl/lib/x86_64-linux-gnu:/usr/local/lib:/usr/lib
2026-03-20 16:44:46,250 - INFO - [36m(rf-qwen2-5-72b-instruct-tp8pp1-A100-40gb, pid=8500)[0m + LD_LIBRARY_PATH=/usr/local/cuda/lib64:/usr/local/cuda/targets/x86_64-linux/lib:/usr/local/cuda/lib64:/usr/local/cuda/targets/x86_64-linux/lib:/usr/local/cuda-12.8/lib:/usr/local/cuda-12.8/lib64:/usr/local/cuda-12.8:/usr/local/cuda-12.8/targets/x86_64-linux/lib/:/usr/local/cuda-12.8/extras/CUPTI/lib64:/opt/amazon/efa/lib:/opt/amazon/openmpi/lib:/opt/amazon/ofi-nccl/lib/x86_64-linux-gnu:/usr/local/lib:/usr/lib:/usr/local/cuda-12.8/lib:/usr/local/cuda-12.8/lib64:/usr/local/cuda-12.8:/usr/local/cuda-12.8/targets/x86_64-linux/lib/:/usr/local/cuda-12.8/extras/CUPTI/lib64:/opt/amazon/efa/lib:/opt/amazon/openmpi/lib:/opt/amazon/ofi-nccl/lib/x86_64-linux-gnu:/usr/local/lib:/usr/lib
2026-03-20 16:44:46,250 - INFO - [36m(rf-qwen2-5-72b-instruct-tp8pp1-A100-40gb, pid=8500)[0m + export NCCL_P2P_DISABLE=0
2026-03-20 16:44:46,250 - INFO - [36m(rf-qwen2-5-72b-instruct-tp8pp1-A100-40gb, pid=8500)[0m + NCCL_P2P_DISABLE=0
2026-03-20 16:44:46,250 - INFO - [36m(rf-qwen2-5-72b-instruct-tp8pp1-A100-40gb, pid=8500)[0m + export NCCL_TIMEOUT=3600
2026-03-20 16:44:46,250 - INFO - [36m(rf-qwen2-5-72b-instruct-tp8pp1-A100-40gb, pid=8500)[0m + NCCL_TIMEOUT=3600
2026-03-20 16:44:46,250 - INFO - [36m(rf-qwen2-5-72b-instruct-tp8pp1-A100-40gb, pid=8500)[0m + export TORCH_NCCL_BLOCKING_WAIT=1
2026-03-20 16:44:46,250 - INFO - [36m(rf-qwen2-5-72b-instruct-tp8pp1-A100-40gb, pid=8500)[0m + TORCH_NCCL_BLOCKING_WAIT=1
2026-03-20 16:44:46,250 - INFO - [36m(rf-qwen2-5-72b-instruct-tp8pp1-A100-40gb, pid=8500)[0m + export TORCH_NCCL_ASYNC_ERROR_HANDLING=1
2026-03-20 16:44:46,250 - INFO - [36m(rf-qwen2-5-72b-instruct-tp8pp1-A100-40gb, pid=8500)[0m + TORCH_NCCL_ASYNC_ERROR_HANDLING=1
2026-03-20 16:44:46,250 - INFO - [36m(rf-qwen2-5-72b-instruct-tp8pp1-A100-40gb, pid=8500)[0m + export TORCH_NCCL_TRACE_BUFFER_SIZE=10000
2026-03-20 16:44:46,250 - INFO - [36m(rf-qwen2-5-72b-instruct-tp8pp1-A100-40gb, pid=8500)[0m + TORCH_NCCL_TRACE_BUFFER_SIZE=10000
2026-03-20 16:44:46,250 - INFO - [36m(rf-qwen2-5-72b-instruct-tp8pp1-A100-40gb, pid=8500)[0m + export TORCH_DISTRIBUTED_DEBUG=DETAIL
2026-03-20 16:44:46,250 - INFO - [36m(rf-qwen2-5-72b-instruct-tp8pp1-A100-40gb, pid=8500)[0m + TORCH_DISTRIBUTED_DEBUG=DETAIL
2026-03-20 16:44:46,250 - INFO - [36m(rf-qwen2-5-72b-instruct-tp8pp1-A100-40gb, pid=8500)[0m + export NCCL_DEBUG=INFO
2026-03-20 16:44:46,250 - INFO - [36m(rf-qwen2-5-72b-instruct-tp8pp1-A100-40gb, pid=8500)[0m + NCCL_DEBUG=INFO
2026-03-20 16:44:46,250 - INFO - [36m(rf-qwen2-5-72b-instruct-tp8pp1-A100-40gb, pid=8500)[0m + export LD_LIBRARY_PATH=/opt/amazon/ofi-nccl/lib:/opt/amazon/efa/lib:/usr/local/cuda/lib64:/usr/local/cuda/targets/x86_64-linux/lib:/usr/local/cuda/lib64:/usr/local/cuda/targets/x86_64-linux/lib:/usr/local/cuda-12.8/lib:/usr/local/cuda-12.8/lib64:/usr/local/cuda-12.8:/usr/local/cuda-12.8/targets/x86_64-linux/lib/:/usr/local/cuda-12.8/extras/CUPTI/lib64:/opt/amazon/efa/lib:/opt/amazon/openmpi/lib:/opt/amazon/ofi-nccl/lib/x86_64-linux-gnu:/usr/local/lib:/usr/lib:/usr/local/cuda-12.8/lib:/usr/local/cuda-12.8/lib64:/usr/local/cuda-12.8:/usr/local/cuda-12.8/targets/x86_64-linux/lib/:/usr/local/cuda-12.8/extras/CUPTI/lib64:/opt/amazon/efa/lib:/opt/amazon/openmpi/lib:/opt/amazon/ofi-nccl/lib/x86_64-linux-gnu:/usr/local/lib:/usr/lib
2026-03-20 16:44:46,250 - INFO - [36m(rf-qwen2-5-72b-instruct-tp8pp1-A100-40gb, pid=8500)[0m + LD_LIBRARY_PATH=/opt/amazon/ofi-nccl/lib:/opt/amazon/efa/lib:/usr/local/cuda/lib64:/usr/local/cuda/targets/x86_64-linux/lib:/usr/local/cuda/lib64:/usr/local/cuda/targets/x86_64-linux/lib:/usr/local/cuda-12.8/lib:/usr/local/cuda-12.8/lib64:/usr/local/cuda-12.8:/usr/local/cuda-12.8/targets/x86_64-linux/lib/:/usr/local/cuda-12.8/extras/CUPTI/lib64:/opt/amazon/efa/lib:/opt/amazon/openmpi/lib:/opt/amazon/ofi-nccl/lib/x86_64-linux-gnu:/usr/local/lib:/usr/lib:/usr/local/cuda-12.8/lib:/usr/local/cuda-12.8/lib64:/usr/local/cuda-12.8:/usr/local/cuda-12.8/targets/x86_64-linux/lib/:/usr/local/cuda-12.8/extras/CUPTI/lib64:/opt/amazon/efa/lib:/opt/amazon/openmpi/lib:/opt/amazon/ofi-nccl/lib/x86_64-linux-gnu:/usr/local/lib:/usr/lib
2026-03-20 16:44:46,250 - INFO - [36m(rf-qwen2-5-72b-instruct-tp8pp1-A100-40gb, pid=8500)[0m + export NCCL_NET_PLUGIN=ofi
2026-03-20 16:44:46,250 - INFO - [36m(rf-qwen2-5-72b-instruct-tp8pp1-A100-40gb, pid=8500)[0m + NCCL_NET_PLUGIN=ofi
2026-03-20 16:44:46,250 - INFO - [36m(rf-qwen2-5-72b-instruct-tp8pp1-A100-40gb, pid=8500)[0m + export FI_EFA_USE_DEVICE_RDMA=1
2026-03-20 16:44:46,250 - INFO - [36m(rf-qwen2-5-72b-instruct-tp8pp1-A100-40gb, pid=8500)[0m + FI_EFA_USE_DEVICE_RDMA=1
2026-03-20 16:44:46,250 - INFO - [36m(rf-qwen2-5-72b-instruct-tp8pp1-A100-40gb, pid=8500)[0m + export FI_PROVIDER=efa
2026-03-20 16:44:46,250 - INFO - [36m(rf-qwen2-5-72b-instruct-tp8pp1-A100-40gb, pid=8500)[0m + FI_PROVIDER=efa
2026-03-20 16:44:46,250 - INFO - [36m(rf-qwen2-5-72b-instruct-tp8pp1-A100-40gb, pid=8500)[0m + export NCCL_DEBUG_SUBSYS=NET
2026-03-20 16:44:46,250 - INFO - [36m(rf-qwen2-5-72b-instruct-tp8pp1-A100-40gb, pid=8500)[0m + NCCL_DEBUG_SUBSYS=NET
2026-03-20 16:44:46,250 - INFO - [36m(rf-qwen2-5-72b-instruct-tp8pp1-A100-40gb, pid=8500)[0m + python roofline_benchmarks/benchmark_rf-qwen2-5-72b-instruct-tp8pp1-A100-40gb.py
2026-03-20 16:44:46,250 - INFO - [36m(rf-qwen2-5-72b-instruct-tp8pp1-A100-40gb, pid=8500)[0m 🚀 Starting vLLM server: /home/ubuntu/sky_workdir/.venv/bin/python -m vllm.entrypoints.openai.api_server --model Qwen/Qwen2.5-72B-Instruct --tensor-parallel-size 8 --pipeline-parallel-size 1 --max-model-len 18432 --gpu-memory-utilization 0.85 --enforce-eager --no-enable-prefix-caching --disable-log-requests --port 8000
2026-03-20 16:47:11,899 - INFO - [36m(rf-qwen2-5-72b-instruct-tp8pp1-A100-40gb, pid=8500)[0m ⏳ Waiting for server health (timeout=600s)...
2026-03-20 16:47:11,899 - INFO - [36m(rf-qwen2-5-72b-instruct-tp8pp1-A100-40gb, pid=8500)[0m ✅ Server healthy after 145.5s
2026-03-20 16:47:12,904 - INFO - [36m(rf-qwen2-5-72b-instruct-tp8pp1-A100-40gb, pid=8500)[0m 📊 Parsed from server log: KV cache=352960 tokens, num_gpu_blocks=22060, block_size=16
2026-03-20 16:47:12,904 - INFO - [36m(rf-qwen2-5-72b-instruct-tp8pp1-A100-40gb, pid=8500)[0m 📊 target_concurrency = 19 (22060 blocks × 16 / 18432)
2026-03-20 16:47:12,904 - INFO - [36m(rf-qwen2-5-72b-instruct-tp8pp1-A100-40gb, pid=8500)[0m
2026-03-20 16:47:12,904 - INFO - [36m(rf-qwen2-5-72b-instruct-tp8pp1-A100-40gb, pid=8500)[0m ======================================================================
2026-03-20 16:47:12,904 - INFO - [36m(rf-qwen2-5-72b-instruct-tp8pp1-A100-40gb, pid=8500)[0m Running: TP=8, PP=1, input=128, output=128
2026-03-20 16:47:12,904 - INFO - [36m(rf-qwen2-5-72b-instruct-tp8pp1-A100-40gb, pid=8500)[0m Target concurrency: 19
2026-03-20 16:47:12,904 - INFO - [36m(rf-qwen2-5-72b-instruct-tp8pp1-A100-40gb, pid=8500)[0m ======================================================================
2026-03-20 16:47:12,904 - INFO - [36m(rf-qwen2-5-72b-instruct-tp8pp1-A100-40gb, pid=8500)[0m 📊 Using local GPU monitoring (single node, no Ray)
2026-03-20 16:47:17,725 - INFO - [36m(rf-qwen2-5-72b-instruct-tp8pp1-A100-40gb, pid=8500)[0m 🔥 Running warmup (5 requests)...
2026-03-20 16:47:17,725 - INFO - [36m(rf-qwen2-5-72b-instruct-tp8pp1-A100-40gb, pid=8500)[0m Loading tokenizer for Qwen/Qwen2.5-72B-Instruct...
2026-03-20 16:47:18,628 - INFO - [36m(rf-qwen2-5-72b-instruct-tp8pp1-A100-40gb, pid=8500)[0m Loading dataset emozilla/pg19-test...
2026-03-20 16:47:21,841 - INFO - [36m(rf-qwen2-5-72b-instruct-tp8pp1-A100-40gb, pid=8500)[0m `trust_remote_code` is not supported anymore.
2026-03-20 16:47:21,841 - INFO - [36m(rf-qwen2-5-72b-instruct-tp8pp1-A100-40gb, pid=8500)[0m Please check that the Hugging Face dataset 'emozilla/pg19-test' isn't based on a loading script and remove `trust_remote_code`.
2026-03-20 16:47:21,841 - INFO - [36m(rf-qwen2-5-72b-instruct-tp8pp1-A100-40gb, pid=8500)[0m If the dataset is based on a loading script, please ask the dataset author to remove it and convert it to a standard format like Parquet.
2026-03-20 16:47:22,446 - INFO - [36m(rf-qwen2-5-72b-instruct-tp8pp1-A100-40gb, pid=8500)[0m
2026-03-20 16:47:23,252 - INFO - [36m(rf-qwen2-5-72b-instruct-tp8pp1-A100-40gb, pid=8500)[0m Generating test split:   0%|          | 0/100 [00:00<?, ? examples/s]
2026-03-20 16:47:23,252 - INFO - Generating test split: 100%|██████████| 100/100 [00:00<00:00, 403.68 examples/s]
2026-03-20 16:47:23,252 - INFO - Generating test split: 100%|██████████| 100/100 [00:00<00:00, 399.14 examples/s]
2026-03-20 16:47:23,252 - INFO - [36m(rf-qwen2-5-72b-instruct-tp8pp1-A100-40gb, pid=8500)[0m Running 5 benchmark requests (concurrency=2)...
2026-03-20 16:47:43,069 - INFO - [36m(rf-qwen2-5-72b-instruct-tp8pp1-A100-40gb, pid=8500)[0m
2026-03-20 16:47:43,775 - INFO - [36m(rf-qwen2-5-72b-instruct-tp8pp1-A100-40gb, pid=8500)[0m ============================================================
2026-03-20 16:47:43,776 - INFO - [36m(rf-qwen2-5-72b-instruct-tp8pp1-A100-40gb, pid=8500)[0m Benchmark complete: 5/5 successful
2026-03-20 16:47:43,776 - INFO - [36m(rf-qwen2-5-72b-instruct-tp8pp1-A100-40gb, pid=8500)[0m Wall clock: 20.1s
2026-03-20 16:47:43,776 - INFO - [36m(rf-qwen2-5-72b-instruct-tp8pp1-A100-40gb, pid=8500)[0m Results saved to: /tmp/warmup_results.json
2026-03-20 16:47:43,776 - INFO - [36m(rf-qwen2-5-72b-instruct-tp8pp1-A100-40gb, pid=8500)[0m TTFT p50/p95/p99: 136.7 / 738.8 / 845.3 ms
2026-03-20 16:47:43,776 - INFO - [36m(rf-qwen2-5-72b-instruct-tp8pp1-A100-40gb, pid=8500)[0m E2E  p50/p95/p99: 6855.6 / 7544.4 / 7597.7 ms
2026-03-20 16:47:43,776 - INFO - [36m(rf-qwen2-5-72b-instruct-tp8pp1-A100-40gb, pid=8500)[0m ✅ Warmup complete
2026-03-20 16:47:45,785 - INFO - [36m(rf-qwen2-5-72b-instruct-tp8pp1-A100-40gb, pid=8500)[0m 📊 Running benchmark: 76 requests, concurrency=19
2026-03-20 16:47:49,504 - INFO - [36m(rf-qwen2-5-72b-instruct-tp8pp1-A100-40gb, pid=8500)[0m Loading tokenizer for Qwen/Qwen2.5-72B-Instruct...
2026-03-20 16:47:50,413 - INFO - [36m(rf-qwen2-5-72b-instruct-tp8pp1-A100-40gb, pid=8500)[0m Loading dataset emozilla/pg19-test...
2026-03-20 16:47:53,630 - INFO - [36m(rf-qwen2-5-72b-instruct-tp8pp1-A100-40gb, pid=8500)[0m `trust_remote_code` is not supported anymore.
2026-03-20 16:47:53,630 - INFO - [36m(rf-qwen2-5-72b-instruct-tp8pp1-A100-40gb, pid=8500)[0m Please check that the Hugging Face dataset 'emozilla/pg19-test' isn't based on a loading script and remove `trust_remote_code`.
2026-03-20 16:47:53,630 - INFO - [36m(rf-qwen2-5-72b-instruct-tp8pp1-A100-40gb, pid=8500)[0m If the dataset is based on a loading script, please ask the dataset author to remove it and convert it to a standard format like Parquet.
2026-03-20 16:47:53,630 - INFO - [36m(rf-qwen2-5-72b-instruct-tp8pp1-A100-40gb, pid=8500)[0m Token indices sequence length is longer than the specified maximum sequence length for this model (136936 > 131072). Running this sequence through the model will result in indexing errors
2026-03-20 16:48:12,634 - INFO - [36m(rf-qwen2-5-72b-instruct-tp8pp1-A100-40gb, pid=8500)[0m Running 76 benchmark requests (concurrency=19)...
2026-03-20 16:48:40,873 - INFO - [36m(rf-qwen2-5-72b-instruct-tp8pp1-A100-40gb, pid=8500)[0m
2026-03-20 16:48:41,677 - INFO - [36m(rf-qwen2-5-72b-instruct-tp8pp1-A100-40gb, pid=8500)[0m ============================================================
2026-03-20 16:48:41,677 - INFO - [36m(rf-qwen2-5-72b-instruct-tp8pp1-A100-40gb, pid=8500)[0m Benchmark complete: 76/76 successful
2026-03-20 16:48:41,677 - INFO - [36m(rf-qwen2-5-72b-instruct-tp8pp1-A100-40gb, pid=8500)[0m Wall clock: 28.1s
2026-03-20 16:48:41,677 - INFO - [36m(rf-qwen2-5-72b-instruct-tp8pp1-A100-40gb, pid=8500)[0m Results saved to: /tmp/client_results_tp8_pp1_in128_out128.json
2026-03-20 16:48:41,677 - INFO - [36m(rf-qwen2-5-72b-instruct-tp8pp1-A100-40gb, pid=8500)[0m TTFT p50/p95/p99: 286.1 / 325.9 / 381.0 ms
2026-03-20 16:48:41,677 - INFO - [36m(rf-qwen2-5-72b-instruct-tp8pp1-A100-40gb, pid=8500)[0m E2E  p50/p95/p99: 6967.6 / 7319.3 / 7368.4 ms
2026-03-20 16:48:41,677 - INFO - [36m(rf-qwen2-5-72b-instruct-tp8pp1-A100-40gb, pid=8500)[0m 📊 GPU monitoring: local (single node)
2026-03-20 16:48:42,381 - INFO - [36m(rf-qwen2-5-72b-instruct-tp8pp1-A100-40gb, pid=8500)[0m 📈 Time-series saved to /tmp/timeseries_tp8_pp1_in128_out128.json
2026-03-20 16:48:42,381 - INFO - [36m(rf-qwen2-5-72b-instruct-tp8pp1-A100-40gb, pid=8500)[0m Result: success
2026-03-20 16:48:45,699 - INFO - [36m(rf-qwen2-5-72b-instruct-tp8pp1-A100-40gb, pid=8500)[0m
2026-03-20 16:48:45,699 - INFO - [36m(rf-qwen2-5-72b-instruct-tp8pp1-A100-40gb, pid=8500)[0m ======================================================================
2026-03-20 16:48:45,699 - INFO - [36m(rf-qwen2-5-72b-instruct-tp8pp1-A100-40gb, pid=8500)[0m Running: TP=8, PP=1, input=128, output=2048
2026-03-20 16:48:45,699 - INFO - [36m(rf-qwen2-5-72b-instruct-tp8pp1-A100-40gb, pid=8500)[0m Target concurrency: 19
2026-03-20 16:48:45,699 - INFO - [36m(rf-qwen2-5-72b-instruct-tp8pp1-A100-40gb, pid=8500)[0m ======================================================================
2026-03-20 16:48:45,699 - INFO - [36m(rf-qwen2-5-72b-instruct-tp8pp1-A100-40gb, pid=8500)[0m 📊 Using local GPU monitoring (single node, no Ray)
2026-03-20 16:48:45,699 - INFO - [36m(rf-qwen2-5-72b-instruct-tp8pp1-A100-40gb, pid=8500)[0m 🔥 Running warmup (5 requests)...
2026-03-20 16:48:45,699 - INFO - [36m(rf-qwen2-5-72b-instruct-tp8pp1-A100-40gb, pid=8500)[0m Loading tokenizer for Qwen/Qwen2.5-72B-Instruct...
2026-03-20 16:48:46,603 - INFO - [36m(rf-qwen2-5-72b-instruct-tp8pp1-A100-40gb, pid=8500)[0m Loading dataset emozilla/pg19-test...
2026-03-20 16:48:47,911 - INFO - [36m(rf-qwen2-5-72b-instruct-tp8pp1-A100-40gb, pid=8500)[0m `trust_remote_code` is not supported anymore.
2026-03-20 16:48:47,911 - INFO - [36m(rf-qwen2-5-72b-instruct-tp8pp1-A100-40gb, pid=8500)[0m Please check that the Hugging Face dataset 'emozilla/pg19-test' isn't based on a loading script and remove `trust_remote_code`.
2026-03-20 16:48:47,911 - INFO - [36m(rf-qwen2-5-72b-instruct-tp8pp1-A100-40gb, pid=8500)[0m If the dataset is based on a loading script, please ask the dataset author to remove it and convert it to a standard format like Parquet.
2026-03-20 16:48:47,911 - INFO - [36m(rf-qwen2-5-72b-instruct-tp8pp1-A100-40gb, pid=8500)[0m Running 5 benchmark requests (concurrency=2)...
2026-03-20 16:54:00,735 - INFO - [36m(rf-qwen2-5-72b-instruct-tp8pp1-A100-40gb, pid=8500)[0m
2026-03-20 16:54:01,539 - INFO - [36m(rf-qwen2-5-72b-instruct-tp8pp1-A100-40gb, pid=8500)[0m ============================================================
2026-03-20 16:54:01,539 - INFO - [36m(rf-qwen2-5-72b-instruct-tp8pp1-A100-40gb, pid=8500)[0m Benchmark complete: 5/5 successful
2026-03-20 16:54:01,539 - INFO - [36m(rf-qwen2-5-72b-instruct-tp8pp1-A100-40gb, pid=8500)[0m Wall clock: 313.0s
2026-03-20 16:54:01,539 - INFO - [36m(rf-qwen2-5-72b-instruct-tp8pp1-A100-40gb, pid=8500)[0m Results saved to: /tmp/warmup_results.json
2026-03-20 16:54:01,539 - INFO - [36m(rf-qwen2-5-72b-instruct-tp8pp1-A100-40gb, pid=8500)[0m TTFT p50/p95/p99: 89.5 / 104.2 / 106.8 ms
2026-03-20 16:54:01,539 - INFO - [36m(rf-qwen2-5-72b-instruct-tp8pp1-A100-40gb, pid=8500)[0m E2E  p50/p95/p99: 108381.9 / 108501.0 / 108508.6 ms
2026-03-20 16:54:01,539 - INFO - [36m(rf-qwen2-5-72b-instruct-tp8pp1-A100-40gb, pid=8500)[0m ✅ Warmup complete
2026-03-20 16:54:03,551 - INFO - [36m(rf-qwen2-5-72b-instruct-tp8pp1-A100-40gb, pid=8500)[0m 📊 Running benchmark: 76 requests, concurrency=19
2026-03-20 16:54:07,363 - INFO - [36m(rf-qwen2-5-72b-instruct-tp8pp1-A100-40gb, pid=8500)[0m Loading tokenizer for Qwen/Qwen2.5-72B-Instruct...
2026-03-20 16:54:08,270 - INFO - [36m(rf-qwen2-5-72b-instruct-tp8pp1-A100-40gb, pid=8500)[0m Loading dataset emozilla/pg19-test...
2026-03-20 16:54:10,982 - INFO - [36m(rf-qwen2-5-72b-instruct-tp8pp1-A100-40gb, pid=8500)[0m `trust_remote_code` is not supported anymore.
2026-03-20 16:54:10,982 - INFO - [36m(rf-qwen2-5-72b-instruct-tp8pp1-A100-40gb, pid=8500)[0m Please check that the Hugging Face dataset 'emozilla/pg19-test' isn't based on a loading script and remove `trust_remote_code`.
2026-03-20 16:54:10,982 - INFO - [36m(rf-qwen2-5-72b-instruct-tp8pp1-A100-40gb, pid=8500)[0m If the dataset is based on a loading script, please ask the dataset author to remove it and convert it to a standard format like Parquet.
2026-03-20 16:54:10,982 - INFO - [36m(rf-qwen2-5-72b-instruct-tp8pp1-A100-40gb, pid=8500)[0m Token indices sequence length is longer than the specified maximum sequence length for this model (136936 > 131072). Running this sequence through the model will result in indexing errors
2026-03-20 16:54:29,580 - INFO - [36m(rf-qwen2-5-72b-instruct-tp8pp1-A100-40gb, pid=8500)[0m Running 76 benchmark requests (concurrency=19)...
2026-03-20 17:01:42,645 - INFO - [36m(rf-qwen2-5-72b-instruct-tp8pp1-A100-40gb, pid=8500)[0m
2026-03-20 17:01:43,550 - INFO - [36m(rf-qwen2-5-72b-instruct-tp8pp1-A100-40gb, pid=8500)[0m ============================================================
2026-03-20 17:01:43,550 - INFO - [36m(rf-qwen2-5-72b-instruct-tp8pp1-A100-40gb, pid=8500)[0m Benchmark complete: 76/76 successful
2026-03-20 17:01:43,550 - INFO - [36m(rf-qwen2-5-72b-instruct-tp8pp1-A100-40gb, pid=8500)[0m Wall clock: 433.1s
2026-03-20 17:01:43,550 - INFO - [36m(rf-qwen2-5-72b-instruct-tp8pp1-A100-40gb, pid=8500)[0m Results saved to: /tmp/client_results_tp8_pp1_in128_out2048.json
2026-03-20 17:01:43,550 - INFO - [36m(rf-qwen2-5-72b-instruct-tp8pp1-A100-40gb, pid=8500)[0m TTFT p50/p95/p99: 283.0 / 318.4 / 371.3 ms
2026-03-20 17:01:43,550 - INFO - [36m(rf-qwen2-5-72b-instruct-tp8pp1-A100-40gb, pid=8500)[0m E2E  p50/p95/p99: 108066.3 / 110177.8 / 110222.9 ms
2026-03-20 17:01:43,550 - INFO - [36m(rf-qwen2-5-72b-instruct-tp8pp1-A100-40gb, pid=8500)[0m 📊 GPU monitoring: local (single node)
2026-03-20 17:01:44,354 - INFO - [36m(rf-qwen2-5-72b-instruct-tp8pp1-A100-40gb, pid=8500)[0m 📈 Time-series saved to /tmp/timeseries_tp8_pp1_in128_out2048.json
2026-03-20 17:01:44,354 - INFO - [36m(rf-qwen2-5-72b-instruct-tp8pp1-A100-40gb, pid=8500)[0m Result: success
2026-03-20 17:01:47,472 - INFO - [36m(rf-qwen2-5-72b-instruct-tp8pp1-A100-40gb, pid=8500)[0m
2026-03-20 17:01:47,472 - INFO - [36m(rf-qwen2-5-72b-instruct-tp8pp1-A100-40gb, pid=8500)[0m ======================================================================
2026-03-20 17:01:47,472 - INFO - [36m(rf-qwen2-5-72b-instruct-tp8pp1-A100-40gb, pid=8500)[0m Running: TP=8, PP=1, input=512, output=1024
2026-03-20 17:01:47,472 - INFO - [36m(rf-qwen2-5-72b-instruct-tp8pp1-A100-40gb, pid=8500)[0m Target concurrency: 19
2026-03-20 17:01:47,472 - INFO - [36m(rf-qwen2-5-72b-instruct-tp8pp1-A100-40gb, pid=8500)[0m ======================================================================
2026-03-20 17:01:47,472 - INFO - [36m(rf-qwen2-5-72b-instruct-tp8pp1-A100-40gb, pid=8500)[0m 📊 Using local GPU monitoring (single node, no Ray)
2026-03-20 17:01:47,473 - INFO - [36m(rf-qwen2-5-72b-instruct-tp8pp1-A100-40gb, pid=8500)[0m 🔥 Running warmup (5 requests)...
2026-03-20 17:01:47,473 - INFO - [36m(rf-qwen2-5-72b-instruct-tp8pp1-A100-40gb, pid=8500)[0m Loading tokenizer for Qwen/Qwen2.5-72B-Instruct...
2026-03-20 17:01:48,377 - INFO - [36m(rf-qwen2-5-72b-instruct-tp8pp1-A100-40gb, pid=8500)[0m Loading dataset emozilla/pg19-test...
2026-03-20 17:01:50,086 - INFO - [36m(rf-qwen2-5-72b-instruct-tp8pp1-A100-40gb, pid=8500)[0m `trust_remote_code` is not supported anymore.
2026-03-20 17:01:50,086 - INFO - [36m(rf-qwen2-5-72b-instruct-tp8pp1-A100-40gb, pid=8500)[0m Please check that the Hugging Face dataset 'emozilla/pg19-test' isn't based on a loading script and remove `trust_remote_code`.
2026-03-20 17:01:50,086 - INFO - [36m(rf-qwen2-5-72b-instruct-tp8pp1-A100-40gb, pid=8500)[0m If the dataset is based on a loading script, please ask the dataset author to remove it and convert it to a standard format like Parquet.
2026-03-20 17:01:50,086 - INFO - [36m(rf-qwen2-5-72b-instruct-tp8pp1-A100-40gb, pid=8500)[0m Running 5 benchmark requests (concurrency=2)...
2026-03-20 17:04:23,718 - INFO - [36m(rf-qwen2-5-72b-instruct-tp8pp1-A100-40gb, pid=8500)[0m
2026-03-20 17:04:24,725 - INFO - [36m(rf-qwen2-5-72b-instruct-tp8pp1-A100-40gb, pid=8500)[0m ============================================================
2026-03-20 17:04:24,725 - INFO - [36m(rf-qwen2-5-72b-instruct-tp8pp1-A100-40gb, pid=8500)[0m Benchmark complete: 5/5 successful
2026-03-20 17:04:24,725 - INFO - [36m(rf-qwen2-5-72b-instruct-tp8pp1-A100-40gb, pid=8500)[0m Wall clock: 153.7s
2026-03-20 17:04:24,725 - INFO - [36m(rf-qwen2-5-72b-instruct-tp8pp1-A100-40gb, pid=8500)[0m Results saved to: /tmp/warmup_results.json
2026-03-20 17:04:24,725 - INFO - [36m(rf-qwen2-5-72b-instruct-tp8pp1-A100-40gb, pid=8500)[0m TTFT p50/p95/p99: 146.7 / 212.1 / 214.5 ms
2026-03-20 17:04:24,725 - INFO - [36m(rf-qwen2-5-72b-instruct-tp8pp1-A100-40gb, pid=8500)[0m E2E  p50/p95/p99: 51791.9 / 53978.2 / 53978.4 ms
2026-03-20 17:04:24,725 - INFO - [36m(rf-qwen2-5-72b-instruct-tp8pp1-A100-40gb, pid=8500)[0m ✅ Warmup complete
2026-03-20 17:04:26,537 - INFO - [36m(rf-qwen2-5-72b-instruct-tp8pp1-A100-40gb, pid=8500)[0m 📊 Running benchmark: 76 requests, concurrency=19
2026-03-20 17:04:30,359 - INFO - [36m(rf-qwen2-5-72b-instruct-tp8pp1-A100-40gb, pid=8500)[0m Loading tokenizer for Qwen/Qwen2.5-72B-Instruct...
2026-03-20 17:04:31,266 - INFO - [36m(rf-qwen2-5-72b-instruct-tp8pp1-A100-40gb, pid=8500)[0m Loading dataset emozilla/pg19-test...
2026-03-20 17:04:34,078 - INFO - [36m(rf-qwen2-5-72b-instruct-tp8pp1-A100-40gb, pid=8500)[0m `trust_remote_code` is not supported anymore.
2026-03-20 17:04:34,078 - INFO - [36m(rf-qwen2-5-72b-instruct-tp8pp1-A100-40gb, pid=8500)[0m Please check that the Hugging Face dataset 'emozilla/pg19-test' isn't based on a loading script and remove `trust_remote_code`.
2026-03-20 17:04:34,078 - INFO - [36m(rf-qwen2-5-72b-instruct-tp8pp1-A100-40gb, pid=8500)[0m If the dataset is based on a loading script, please ask the dataset author to remove it and convert it to a standard format like Parquet.
2026-03-20 17:04:34,078 - INFO - [36m(rf-qwen2-5-72b-instruct-tp8pp1-A100-40gb, pid=8500)[0m Token indices sequence length is longer than the specified maximum sequence length for this model (136936 > 131072). Running this sequence through the model will result in indexing errors
2026-03-20 17:04:53,579 - INFO - [36m(rf-qwen2-5-72b-instruct-tp8pp1-A100-40gb, pid=8500)[0m Running 76 benchmark requests (concurrency=19)...
2026-03-20 17:08:41,676 - INFO - [36m(rf-qwen2-5-72b-instruct-tp8pp1-A100-40gb, pid=8500)[0m
2026-03-20 17:08:42,481 - INFO - [36m(rf-qwen2-5-72b-instruct-tp8pp1-A100-40gb, pid=8500)[0m ============================================================
2026-03-20 17:08:42,481 - INFO - [36m(rf-qwen2-5-72b-instruct-tp8pp1-A100-40gb, pid=8500)[0m Benchmark complete: 76/76 successful
2026-03-20 17:08:42,481 - INFO - [36m(rf-qwen2-5-72b-instruct-tp8pp1-A100-40gb, pid=8500)[0m Wall clock: 228.0s
2026-03-20 17:08:42,481 - INFO - [36m(rf-qwen2-5-72b-instruct-tp8pp1-A100-40gb, pid=8500)[0m Results saved to: /tmp/client_results_tp8_pp1_in512_out1024.json
2026-03-20 17:08:42,481 - INFO - [36m(rf-qwen2-5-72b-instruct-tp8pp1-A100-40gb, pid=8500)[0m TTFT p50/p95/p99: 465.9 / 1106.0 / 1254.9 ms
2026-03-20 17:08:42,482 - INFO - [36m(rf-qwen2-5-72b-instruct-tp8pp1-A100-40gb, pid=8500)[0m E2E  p50/p95/p99: 56995.5 / 58377.3 / 58623.1 ms
2026-03-20 17:08:42,482 - INFO - [36m(rf-qwen2-5-72b-instruct-tp8pp1-A100-40gb, pid=8500)[0m 📊 GPU monitoring: local (single node)
2026-03-20 17:08:43,386 - INFO - [36m(rf-qwen2-5-72b-instruct-tp8pp1-A100-40gb, pid=8500)[0m 📈 Time-series saved to /tmp/timeseries_tp8_pp1_in512_out1024.json
2026-03-20 17:08:43,386 - INFO - [36m(rf-qwen2-5-72b-instruct-tp8pp1-A100-40gb, pid=8500)[0m Result: success
2026-03-20 17:08:46,700 - INFO - [36m(rf-qwen2-5-72b-instruct-tp8pp1-A100-40gb, pid=8500)[0m
2026-03-20 17:08:46,700 - INFO - [36m(rf-qwen2-5-72b-instruct-tp8pp1-A100-40gb, pid=8500)[0m ======================================================================
2026-03-20 17:08:46,700 - INFO - [36m(rf-qwen2-5-72b-instruct-tp8pp1-A100-40gb, pid=8500)[0m Running: TP=8, PP=1, input=1024, output=512
2026-03-20 17:08:46,700 - INFO - [36m(rf-qwen2-5-72b-instruct-tp8pp1-A100-40gb, pid=8500)[0m Target concurrency: 19
2026-03-20 17:08:46,700 - INFO - [36m(rf-qwen2-5-72b-instruct-tp8pp1-A100-40gb, pid=8500)[0m ======================================================================
2026-03-20 17:08:46,700 - INFO - [36m(rf-qwen2-5-72b-instruct-tp8pp1-A100-40gb, pid=8500)[0m 📊 Using local GPU monitoring (single node, no Ray)
2026-03-20 17:08:46,700 - INFO - [36m(rf-qwen2-5-72b-instruct-tp8pp1-A100-40gb, pid=8500)[0m 🔥 Running warmup (5 requests)...
2026-03-20 17:08:46,700 - INFO - [36m(rf-qwen2-5-72b-instruct-tp8pp1-A100-40gb, pid=8500)[0m Loading tokenizer for Qwen/Qwen2.5-72B-Instruct...
2026-03-20 17:08:47,405 - INFO - [36m(rf-qwen2-5-72b-instruct-tp8pp1-A100-40gb, pid=8500)[0m Loading dataset emozilla/pg19-test...
2026-03-20 17:08:48,308 - INFO - [36m(rf-qwen2-5-72b-instruct-tp8pp1-A100-40gb, pid=8500)[0m `trust_remote_code` is not supported anymore.
2026-03-20 17:08:48,308 - INFO - [36m(rf-qwen2-5-72b-instruct-tp8pp1-A100-40gb, pid=8500)[0m Please check that the Hugging Face dataset 'emozilla/pg19-test' isn't based on a loading script and remove `trust_remote_code`.
2026-03-20 17:08:48,308 - INFO - [36m(rf-qwen2-5-72b-instruct-tp8pp1-A100-40gb, pid=8500)[0m If the dataset is based on a loading script, please ask the dataset author to remove it and convert it to a standard format like Parquet.
2026-03-20 17:08:48,308 - INFO - [36m(rf-qwen2-5-72b-instruct-tp8pp1-A100-40gb, pid=8500)[0m Running 5 benchmark requests (concurrency=2)...
2026-03-20 17:10:04,155 - INFO - [36m(rf-qwen2-5-72b-instruct-tp8pp1-A100-40gb, pid=8500)[0m
2026-03-20 17:10:04,862 - INFO - [36m(rf-qwen2-5-72b-instruct-tp8pp1-A100-40gb, pid=8500)[0m ============================================================
2026-03-20 17:10:04,862 - INFO - [36m(rf-qwen2-5-72b-instruct-tp8pp1-A100-40gb, pid=8500)[0m Benchmark complete: 5/5 successful
2026-03-20 17:10:04,862 - INFO - [36m(rf-qwen2-5-72b-instruct-tp8pp1-A100-40gb, pid=8500)[0m Wall clock: 75.8s
2026-03-20 17:10:04,862 - INFO - [36m(rf-qwen2-5-72b-instruct-tp8pp1-A100-40gb, pid=8500)[0m Results saved to: /tmp/warmup_results.json
2026-03-20 17:10:04,862 - INFO - [36m(rf-qwen2-5-72b-instruct-tp8pp1-A100-40gb, pid=8500)[0m TTFT p50/p95/p99: 192.7 / 303.7 / 306.8 ms
2026-03-20 17:10:04,862 - INFO - [36m(rf-qwen2-5-72b-instruct-tp8pp1-A100-40gb, pid=8500)[0m E2E  p50/p95/p99: 26124.5 / 26161.1 / 26167.9 ms
2026-03-20 17:10:04,863 - INFO - [36m(rf-qwen2-5-72b-instruct-tp8pp1-A100-40gb, pid=8500)[0m ✅ Warmup complete
2026-03-20 17:10:06,879 - INFO - [36m(rf-qwen2-5-72b-instruct-tp8pp1-A100-40gb, pid=8500)[0m 📊 Running benchmark: 76 requests, concurrency=19
2026-03-20 17:10:10,597 - INFO - [36m(rf-qwen2-5-72b-instruct-tp8pp1-A100-40gb, pid=8500)[0m Loading tokenizer for Qwen/Qwen2.5-72B-Instruct...
2026-03-20 17:10:11,501 - INFO - [36m(rf-qwen2-5-72b-instruct-tp8pp1-A100-40gb, pid=8500)[0m Loading dataset emozilla/pg19-test...
2026-03-20 17:10:14,212 - INFO - [36m(rf-qwen2-5-72b-instruct-tp8pp1-A100-40gb, pid=8500)[0m `trust_remote_code` is not supported anymore.
2026-03-20 17:10:14,212 - INFO - [36m(rf-qwen2-5-72b-instruct-tp8pp1-A100-40gb, pid=8500)[0m Please check that the Hugging Face dataset 'emozilla/pg19-test' isn't based on a loading script and remove `trust_remote_code`.
2026-03-20 17:10:14,212 - INFO - [36m(rf-qwen2-5-72b-instruct-tp8pp1-A100-40gb, pid=8500)[0m If the dataset is based on a loading script, please ask the dataset author to remove it and convert it to a standard format like Parquet.
2026-03-20 17:10:14,213 - INFO - [36m(rf-qwen2-5-72b-instruct-tp8pp1-A100-40gb, pid=8500)[0m Token indices sequence length is longer than the specified maximum sequence length for this model (136936 > 131072). Running this sequence through the model will result in indexing errors
2026-03-20 17:10:33,121 - INFO - [36m(rf-qwen2-5-72b-instruct-tp8pp1-A100-40gb, pid=8500)[0m Running 76 benchmark requests (concurrency=19)...
2026-03-20 17:12:30,162 - INFO - [36m(rf-qwen2-5-72b-instruct-tp8pp1-A100-40gb, pid=8500)[0m
2026-03-20 17:12:31,067 - INFO - [36m(rf-qwen2-5-72b-instruct-tp8pp1-A100-40gb, pid=8500)[0m ============================================================
2026-03-20 17:12:31,067 - INFO - [36m(rf-qwen2-5-72b-instruct-tp8pp1-A100-40gb, pid=8500)[0m Benchmark complete: 76/76 successful
2026-03-20 17:12:31,067 - INFO - [36m(rf-qwen2-5-72b-instruct-tp8pp1-A100-40gb, pid=8500)[0m Wall clock: 117.1s
2026-03-20 17:12:31,067 - INFO - [36m(rf-qwen2-5-72b-instruct-tp8pp1-A100-40gb, pid=8500)[0m Results saved to: /tmp/client_results_tp8_pp1_in1024_out512.json
2026-03-20 17:12:31,067 - INFO - [36m(rf-qwen2-5-72b-instruct-tp8pp1-A100-40gb, pid=8500)[0m TTFT p50/p95/p99: 643.9 / 2164.7 / 2434.7 ms
2026-03-20 17:12:31,067 - INFO - [36m(rf-qwen2-5-72b-instruct-tp8pp1-A100-40gb, pid=8500)[0m E2E  p50/p95/p99: 29040.6 / 31089.1 / 31400.5 ms
2026-03-20 17:12:31,067 - INFO - [36m(rf-qwen2-5-72b-instruct-tp8pp1-A100-40gb, pid=8500)[0m 📊 GPU monitoring: local (single node)
2026-03-20 17:12:31,668 - INFO - [36m(rf-qwen2-5-72b-instruct-tp8pp1-A100-40gb, pid=8500)[0m 📈 Time-series saved to /tmp/timeseries_tp8_pp1_in1024_out512.json
2026-03-20 17:12:31,668 - INFO - [36m(rf-qwen2-5-72b-instruct-tp8pp1-A100-40gb, pid=8500)[0m Result: success
2026-03-20 17:12:34,981 - INFO - [36m(rf-qwen2-5-72b-instruct-tp8pp1-A100-40gb, pid=8500)[0m
2026-03-20 17:12:34,981 - INFO - [36m(rf-qwen2-5-72b-instruct-tp8pp1-A100-40gb, pid=8500)[0m ======================================================================
2026-03-20 17:12:34,981 - INFO - [36m(rf-qwen2-5-72b-instruct-tp8pp1-A100-40gb, pid=8500)[0m Running: TP=8, PP=1, input=4096, output=1024
2026-03-20 17:12:34,981 - INFO - [36m(rf-qwen2-5-72b-instruct-tp8pp1-A100-40gb, pid=8500)[0m Target concurrency: 19
2026-03-20 17:12:34,981 - INFO - [36m(rf-qwen2-5-72b-instruct-tp8pp1-A100-40gb, pid=8500)[0m ======================================================================
2026-03-20 17:12:34,981 - INFO - [36m(rf-qwen2-5-72b-instruct-tp8pp1-A100-40gb, pid=8500)[0m 📊 Using local GPU monitoring (single node, no Ray)
2026-03-20 17:12:34,981 - INFO - [36m(rf-qwen2-5-72b-instruct-tp8pp1-A100-40gb, pid=8500)[0m 🔥 Running warmup (5 requests)...
2026-03-20 17:12:34,981 - INFO - [36m(rf-qwen2-5-72b-instruct-tp8pp1-A100-40gb, pid=8500)[0m Loading tokenizer for Qwen/Qwen2.5-72B-Instruct...
2026-03-20 17:12:35,884 - INFO - [36m(rf-qwen2-5-72b-instruct-tp8pp1-A100-40gb, pid=8500)[0m Loading dataset emozilla/pg19-test...
2026-03-20 17:12:36,786 - INFO - [36m(rf-qwen2-5-72b-instruct-tp8pp1-A100-40gb, pid=8500)[0m `trust_remote_code` is not supported anymore.
2026-03-20 17:12:36,787 - INFO - [36m(rf-qwen2-5-72b-instruct-tp8pp1-A100-40gb, pid=8500)[0m Please check that the Hugging Face dataset 'emozilla/pg19-test' isn't based on a loading script and remove `trust_remote_code`.
2026-03-20 17:12:36,787 - INFO - [36m(rf-qwen2-5-72b-instruct-tp8pp1-A100-40gb, pid=8500)[0m If the dataset is based on a loading script, please ask the dataset author to remove it and convert it to a standard format like Parquet.
2026-03-20 17:12:36,787 - INFO - [36m(rf-qwen2-5-72b-instruct-tp8pp1-A100-40gb, pid=8500)[0m Running 5 benchmark requests (concurrency=2)...
2026-03-20 17:15:10,883 - INFO - [36m(rf-qwen2-5-72b-instruct-tp8pp1-A100-40gb, pid=8500)[0m
2026-03-20 17:15:11,887 - INFO - [36m(rf-qwen2-5-72b-instruct-tp8pp1-A100-40gb, pid=8500)[0m ============================================================
2026-03-20 17:15:11,887 - INFO - [36m(rf-qwen2-5-72b-instruct-tp8pp1-A100-40gb, pid=8500)[0m Benchmark complete: 5/5 successful
2026-03-20 17:15:11,887 - INFO - [36m(rf-qwen2-5-72b-instruct-tp8pp1-A100-40gb, pid=8500)[0m Wall clock: 154.1s
2026-03-20 17:15:11,887 - INFO - [36m(rf-qwen2-5-72b-instruct-tp8pp1-A100-40gb, pid=8500)[0m Results saved to: /tmp/warmup_results.json
2026-03-20 17:15:11,887 - INFO - [36m(rf-qwen2-5-72b-instruct-tp8pp1-A100-40gb, pid=8500)[0m TTFT p50/p95/p99: 604.2 / 1003.9 / 1083.8 ms
2026-03-20 17:15:11,887 - INFO - [36m(rf-qwen2-5-72b-instruct-tp8pp1-A100-40gb, pid=8500)[0m E2E  p50/p95/p99: 51937.6 / 54565.4 / 54655.1 ms
2026-03-20 17:15:11,888 - INFO - [36m(rf-qwen2-5-72b-instruct-tp8pp1-A100-40gb, pid=8500)[0m ✅ Warmup complete
2026-03-20 17:15:13,799 - INFO - [36m(rf-qwen2-5-72b-instruct-tp8pp1-A100-40gb, pid=8500)[0m 📊 Running benchmark: 76 requests, concurrency=19
2026-03-20 17:15:17,612 - INFO - [36m(rf-qwen2-5-72b-instruct-tp8pp1-A100-40gb, pid=8500)[0m Loading tokenizer for Qwen/Qwen2.5-72B-Instruct...
2026-03-20 17:15:18,519 - INFO - [36m(rf-qwen2-5-72b-instruct-tp8pp1-A100-40gb, pid=8500)[0m Loading dataset emozilla/pg19-test...
2026-03-20 17:15:21,433 - INFO - [36m(rf-qwen2-5-72b-instruct-tp8pp1-A100-40gb, pid=8500)[0m `trust_remote_code` is not supported anymore.
2026-03-20 17:15:21,433 - INFO - [36m(rf-qwen2-5-72b-instruct-tp8pp1-A100-40gb, pid=8500)[0m Please check that the Hugging Face dataset 'emozilla/pg19-test' isn't based on a loading script and remove `trust_remote_code`.
2026-03-20 17:15:21,433 - INFO - [36m(rf-qwen2-5-72b-instruct-tp8pp1-A100-40gb, pid=8500)[0m If the dataset is based on a loading script, please ask the dataset author to remove it and convert it to a standard format like Parquet.
2026-03-20 17:15:21,433 - INFO - [36m(rf-qwen2-5-72b-instruct-tp8pp1-A100-40gb, pid=8500)[0m Token indices sequence length is longer than the specified maximum sequence length for this model (136936 > 131072). Running this sequence through the model will result in indexing errors
2026-03-20 17:15:41,325 - INFO - [36m(rf-qwen2-5-72b-instruct-tp8pp1-A100-40gb, pid=8500)[0m Running 76 benchmark requests (concurrency=19)...
2026-03-20 17:20:00,878 - INFO - [36m(rf-qwen2-5-72b-instruct-tp8pp1-A100-40gb, pid=8500)[0m
2026-03-20 17:20:01,890 - INFO - [36m(rf-qwen2-5-72b-instruct-tp8pp1-A100-40gb, pid=8500)[0m ============================================================
2026-03-20 17:20:01,890 - INFO - [36m(rf-qwen2-5-72b-instruct-tp8pp1-A100-40gb, pid=8500)[0m Benchmark complete: 76/76 successful
2026-03-20 17:20:01,890 - INFO - [36m(rf-qwen2-5-72b-instruct-tp8pp1-A100-40gb, pid=8500)[0m Wall clock: 259.8s
2026-03-20 17:20:01,890 - INFO - [36m(rf-qwen2-5-72b-instruct-tp8pp1-A100-40gb, pid=8500)[0m Results saved to: /tmp/client_results_tp8_pp1_in4096_out1024.json
2026-03-20 17:20:01,890 - INFO - [36m(rf-qwen2-5-72b-instruct-tp8pp1-A100-40gb, pid=8500)[0m TTFT p50/p95/p99: 1063.5 / 8201.5 / 9743.9 ms
2026-03-20 17:20:01,890 - INFO - [36m(rf-qwen2-5-72b-instruct-tp8pp1-A100-40gb, pid=8500)[0m E2E  p50/p95/p99: 65361.8 / 69610.0 / 71191.9 ms
2026-03-20 17:20:01,890 - INFO - [36m(rf-qwen2-5-72b-instruct-tp8pp1-A100-40gb, pid=8500)[0m 📊 GPU monitoring: local (single node)
2026-03-20 17:20:02,594 - INFO - [36m(rf-qwen2-5-72b-instruct-tp8pp1-A100-40gb, pid=8500)[0m 📈 Time-series saved to /tmp/timeseries_tp8_pp1_in4096_out1024.json
2026-03-20 17:20:02,594 - INFO - [36m(rf-qwen2-5-72b-instruct-tp8pp1-A100-40gb, pid=8500)[0m Result: success
2026-03-20 17:20:05,817 - INFO - [36m(rf-qwen2-5-72b-instruct-tp8pp1-A100-40gb, pid=8500)[0m
2026-03-20 17:20:05,817 - INFO - [36m(rf-qwen2-5-72b-instruct-tp8pp1-A100-40gb, pid=8500)[0m ======================================================================
2026-03-20 17:20:05,817 - INFO - [36m(rf-qwen2-5-72b-instruct-tp8pp1-A100-40gb, pid=8500)[0m Running: TP=8, PP=1, input=8192, output=256
2026-03-20 17:20:05,817 - INFO - [36m(rf-qwen2-5-72b-instruct-tp8pp1-A100-40gb, pid=8500)[0m Target concurrency: 19
2026-03-20 17:20:05,817 - INFO - [36m(rf-qwen2-5-72b-instruct-tp8pp1-A100-40gb, pid=8500)[0m ======================================================================
2026-03-20 17:20:05,817 - INFO - [36m(rf-qwen2-5-72b-instruct-tp8pp1-A100-40gb, pid=8500)[0m 📊 Using local GPU monitoring (single node, no Ray)
2026-03-20 17:20:05,817 - INFO - [36m(rf-qwen2-5-72b-instruct-tp8pp1-A100-40gb, pid=8500)[0m 🔥 Running warmup (5 requests)...
2026-03-20 17:20:05,817 - INFO - [36m(rf-qwen2-5-72b-instruct-tp8pp1-A100-40gb, pid=8500)[0m Loading tokenizer for Qwen/Qwen2.5-72B-Instruct...
2026-03-20 17:20:06,722 - INFO - [36m(rf-qwen2-5-72b-instruct-tp8pp1-A100-40gb, pid=8500)[0m Loading dataset emozilla/pg19-test...
2026-03-20 17:20:07,630 - INFO - [36m(rf-qwen2-5-72b-instruct-tp8pp1-A100-40gb, pid=8500)[0m `trust_remote_code` is not supported anymore.
2026-03-20 17:20:07,630 - INFO - [36m(rf-qwen2-5-72b-instruct-tp8pp1-A100-40gb, pid=8500)[0m Please check that the Hugging Face dataset 'emozilla/pg19-test' isn't based on a loading script and remove `trust_remote_code`.
2026-03-20 17:20:07,630 - INFO - [36m(rf-qwen2-5-72b-instruct-tp8pp1-A100-40gb, pid=8500)[0m If the dataset is based on a loading script, please ask the dataset author to remove it and convert it to a standard format like Parquet.
2026-03-20 17:20:07,630 - INFO - [36m(rf-qwen2-5-72b-instruct-tp8pp1-A100-40gb, pid=8500)[0m Running 5 benchmark requests (concurrency=2)...
2026-03-20 17:20:51,753 - INFO - [36m(rf-qwen2-5-72b-instruct-tp8pp1-A100-40gb, pid=8500)[0m
2026-03-20 17:20:52,756 - INFO - [36m(rf-qwen2-5-72b-instruct-tp8pp1-A100-40gb, pid=8500)[0m ============================================================
2026-03-20 17:20:52,756 - INFO - [36m(rf-qwen2-5-72b-instruct-tp8pp1-A100-40gb, pid=8500)[0m Benchmark complete: 5/5 successful
2026-03-20 17:20:52,756 - INFO - [36m(rf-qwen2-5-72b-instruct-tp8pp1-A100-40gb, pid=8500)[0m Wall clock: 44.1s
2026-03-20 17:20:52,756 - INFO - [36m(rf-qwen2-5-72b-instruct-tp8pp1-A100-40gb, pid=8500)[0m Results saved to: /tmp/warmup_results.json
2026-03-20 17:20:52,756 - INFO - [36m(rf-qwen2-5-72b-instruct-tp8pp1-A100-40gb, pid=8500)[0m TTFT p50/p95/p99: 1181.8 / 2001.3 / 2164.3 ms
2026-03-20 17:20:52,756 - INFO - [36m(rf-qwen2-5-72b-instruct-tp8pp1-A100-40gb, pid=8500)[0m E2E  p50/p95/p99: 14963.3 / 16962.8 / 17144.3 ms
2026-03-20 17:20:52,756 - INFO - [36m(rf-qwen2-5-72b-instruct-tp8pp1-A100-40gb, pid=8500)[0m ✅ Warmup complete
2026-03-20 17:20:54,561 - INFO - [36m(rf-qwen2-5-72b-instruct-tp8pp1-A100-40gb, pid=8500)[0m 📊 Running benchmark: 76 requests, concurrency=19
2026-03-20 17:20:58,383 - INFO - [36m(rf-qwen2-5-72b-instruct-tp8pp1-A100-40gb, pid=8500)[0m Loading tokenizer for Qwen/Qwen2.5-72B-Instruct...
2026-03-20 17:20:59,290 - INFO - [36m(rf-qwen2-5-72b-instruct-tp8pp1-A100-40gb, pid=8500)[0m Loading dataset emozilla/pg19-test...
2026-03-20 17:21:02,105 - INFO - [36m(rf-qwen2-5-72b-instruct-tp8pp1-A100-40gb, pid=8500)[0m `trust_remote_code` is not supported anymore.
2026-03-20 17:21:02,105 - INFO - [36m(rf-qwen2-5-72b-instruct-tp8pp1-A100-40gb, pid=8500)[0m Please check that the Hugging Face dataset 'emozilla/pg19-test' isn't based on a loading script and remove `trust_remote_code`.
2026-03-20 17:21:02,105 - INFO - [36m(rf-qwen2-5-72b-instruct-tp8pp1-A100-40gb, pid=8500)[0m If the dataset is based on a loading script, please ask the dataset author to remove it and convert it to a standard format like Parquet.
2026-03-20 17:21:02,105 - INFO - [36m(rf-qwen2-5-72b-instruct-tp8pp1-A100-40gb, pid=8500)[0m Token indices sequence length is longer than the specified maximum sequence length for this model (136936 > 131072). Running this sequence through the model will result in indexing errors
2026-03-20 17:21:22,613 - INFO - [36m(rf-qwen2-5-72b-instruct-tp8pp1-A100-40gb, pid=8500)[0m Running 76 benchmark requests (concurrency=19)...
2026-03-20 17:23:33,182 - INFO - [36m(rf-qwen2-5-72b-instruct-tp8pp1-A100-40gb, pid=8500)[0m
2026-03-20 17:23:33,987 - INFO - [36m(rf-qwen2-5-72b-instruct-tp8pp1-A100-40gb, pid=8500)[0m ============================================================
2026-03-20 17:23:33,987 - INFO - [36m(rf-qwen2-5-72b-instruct-tp8pp1-A100-40gb, pid=8500)[0m Benchmark complete: 76/76 successful
2026-03-20 17:23:33,987 - INFO - [36m(rf-qwen2-5-72b-instruct-tp8pp1-A100-40gb, pid=8500)[0m Wall clock: 130.5s
2026-03-20 17:23:33,987 - INFO - [36m(rf-qwen2-5-72b-instruct-tp8pp1-A100-40gb, pid=8500)[0m Results saved to: /tmp/client_results_tp8_pp1_in8192_out256.json
2026-03-20 17:23:33,987 - INFO - [36m(rf-qwen2-5-72b-instruct-tp8pp1-A100-40gb, pid=8500)[0m TTFT p50/p95/p99: 1723.0 / 17040.2 / 20383.1 ms
2026-03-20 17:23:33,987 - INFO - [36m(rf-qwen2-5-72b-instruct-tp8pp1-A100-40gb, pid=8500)[0m E2E  p50/p95/p99: 31412.1 / 47339.6 / 50784.3 ms
2026-03-20 17:23:33,987 - INFO - [36m(rf-qwen2-5-72b-instruct-tp8pp1-A100-40gb, pid=8500)[0m 📊 GPU monitoring: local (single node)
2026-03-20 17:23:34,692 - INFO - [36m(rf-qwen2-5-72b-instruct-tp8pp1-A100-40gb, pid=8500)[0m 📈 Time-series saved to /tmp/timeseries_tp8_pp1_in8192_out256.json
2026-03-20 17:23:34,692 - INFO - [36m(rf-qwen2-5-72b-instruct-tp8pp1-A100-40gb, pid=8500)[0m Result: success
2026-03-20 17:23:38,007 - INFO - [36m(rf-qwen2-5-72b-instruct-tp8pp1-A100-40gb, pid=8500)[0m
2026-03-20 17:23:38,007 - INFO - [36m(rf-qwen2-5-72b-instruct-tp8pp1-A100-40gb, pid=8500)[0m ======================================================================
2026-03-20 17:23:38,007 - INFO - [36m(rf-qwen2-5-72b-instruct-tp8pp1-A100-40gb, pid=8500)[0m Running: TP=8, PP=1, input=16384, output=2048
2026-03-20 17:23:38,007 - INFO - [36m(rf-qwen2-5-72b-instruct-tp8pp1-A100-40gb, pid=8500)[0m Target concurrency: 19
2026-03-20 17:23:38,007 - INFO - [36m(rf-qwen2-5-72b-instruct-tp8pp1-A100-40gb, pid=8500)[0m ======================================================================
2026-03-20 17:23:38,007 - INFO - [36m(rf-qwen2-5-72b-instruct-tp8pp1-A100-40gb, pid=8500)[0m 📊 Using local GPU monitoring (single node, no Ray)
2026-03-20 17:23:38,007 - INFO - [36m(rf-qwen2-5-72b-instruct-tp8pp1-A100-40gb, pid=8500)[0m 🔥 Running warmup (5 requests)...
2026-03-20 17:23:38,007 - INFO - [36m(rf-qwen2-5-72b-instruct-tp8pp1-A100-40gb, pid=8500)[0m Loading tokenizer for Qwen/Qwen2.5-72B-Instruct...
2026-03-20 17:23:38,914 - INFO - [36m(rf-qwen2-5-72b-instruct-tp8pp1-A100-40gb, pid=8500)[0m Loading dataset emozilla/pg19-test...
2026-03-20 17:23:39,718 - INFO - [36m(rf-qwen2-5-72b-instruct-tp8pp1-A100-40gb, pid=8500)[0m `trust_remote_code` is not supported anymore.
2026-03-20 17:23:39,718 - INFO - [36m(rf-qwen2-5-72b-instruct-tp8pp1-A100-40gb, pid=8500)[0m Please check that the Hugging Face dataset 'emozilla/pg19-test' isn't based on a loading script and remove `trust_remote_code`.
2026-03-20 17:23:39,718 - INFO - [36m(rf-qwen2-5-72b-instruct-tp8pp1-A100-40gb, pid=8500)[0m If the dataset is based on a loading script, please ask the dataset author to remove it and convert it to a standard format like Parquet.
2026-03-20 17:23:39,718 - INFO - [36m(rf-qwen2-5-72b-instruct-tp8pp1-A100-40gb, pid=8500)[0m Running 5 benchmark requests (concurrency=2)...
2026-03-20 17:29:03,435 - INFO - [36m(rf-qwen2-5-72b-instruct-tp8pp1-A100-40gb, pid=8500)[0m
2026-03-20 17:29:04,239 - INFO - [36m(rf-qwen2-5-72b-instruct-tp8pp1-A100-40gb, pid=8500)[0m ============================================================
2026-03-20 17:29:04,240 - INFO - [36m(rf-qwen2-5-72b-instruct-tp8pp1-A100-40gb, pid=8500)[0m Benchmark complete: 5/5 successful
2026-03-20 17:29:04,240 - INFO - [36m(rf-qwen2-5-72b-instruct-tp8pp1-A100-40gb, pid=8500)[0m Wall clock: 323.6s
2026-03-20 17:29:04,240 - INFO - [36m(rf-qwen2-5-72b-instruct-tp8pp1-A100-40gb, pid=8500)[0m Results saved to: /tmp/warmup_results.json
2026-03-20 17:29:04,240 - INFO - [36m(rf-qwen2-5-72b-instruct-tp8pp1-A100-40gb, pid=8500)[0m TTFT p50/p95/p99: 2547.4 / 4338.5 / 4695.8 ms
2026-03-20 17:29:04,240 - INFO - [36m(rf-qwen2-5-72b-instruct-tp8pp1-A100-40gb, pid=8500)[0m E2E  p50/p95/p99: 113510.6 / 113809.9 / 113869.2 ms
2026-03-20 17:29:04,240 - INFO - [36m(rf-qwen2-5-72b-instruct-tp8pp1-A100-40gb, pid=8500)[0m ✅ Warmup complete
2026-03-20 17:29:06,250 - INFO - [36m(rf-qwen2-5-72b-instruct-tp8pp1-A100-40gb, pid=8500)[0m 📊 Running benchmark: 76 requests, concurrency=19
2026-03-20 17:29:10,071 - INFO - [36m(rf-qwen2-5-72b-instruct-tp8pp1-A100-40gb, pid=8500)[0m Loading tokenizer for Qwen/Qwen2.5-72B-Instruct...
2026-03-20 17:29:10,775 - INFO - [36m(rf-qwen2-5-72b-instruct-tp8pp1-A100-40gb, pid=8500)[0m Loading dataset emozilla/pg19-test...
2026-03-20 17:29:13,889 - INFO - [36m(rf-qwen2-5-72b-instruct-tp8pp1-A100-40gb, pid=8500)[0m `trust_remote_code` is not supported anymore.
2026-03-20 17:29:13,930 - INFO - [36m(rf-qwen2-5-72b-instruct-tp8pp1-A100-40gb, pid=8500)[0m Please check that the Hugging Face dataset 'emozilla/pg19-test' isn't based on a loading script and remove `trust_remote_code`.
2026-03-20 17:29:13,930 - INFO - [36m(rf-qwen2-5-72b-instruct-tp8pp1-A100-40gb, pid=8500)[0m If the dataset is based on a loading script, please ask the dataset author to remove it and convert it to a standard format like Parquet.
2026-03-20 17:29:13,930 - INFO - [36m(rf-qwen2-5-72b-instruct-tp8pp1-A100-40gb, pid=8500)[0m Token indices sequence length is longer than the specified maximum sequence length for this model (136936 > 131072). Running this sequence through the model will result in indexing errors
2026-03-20 17:29:35,286 - INFO - [36m(rf-qwen2-5-72b-instruct-tp8pp1-A100-40gb, pid=8500)[0m Running 76 benchmark requests (concurrency=19)...
2026-03-20 17:47:45,144 - INFO - [36m(rf-qwen2-5-72b-instruct-tp8pp1-A100-40gb, pid=8500)[0m
2026-03-20 17:47:46,049 - INFO - [36m(rf-qwen2-5-72b-instruct-tp8pp1-A100-40gb, pid=8500)[0m ============================================================
2026-03-20 17:47:46,049 - INFO - [36m(rf-qwen2-5-72b-instruct-tp8pp1-A100-40gb, pid=8500)[0m Benchmark complete: 76/76 successful
2026-03-20 17:47:46,049 - INFO - [36m(rf-qwen2-5-72b-instruct-tp8pp1-A100-40gb, pid=8500)[0m Wall clock: 1089.8s
2026-03-20 17:47:46,049 - INFO - [36m(rf-qwen2-5-72b-instruct-tp8pp1-A100-40gb, pid=8500)[0m Results saved to: /tmp/client_results_tp8_pp1_in16384_out2048.json
2026-03-20 17:47:46,049 - INFO - [36m(rf-qwen2-5-72b-instruct-tp8pp1-A100-40gb, pid=8500)[0m TTFT p50/p95/p99: 5701.3 / 38141.3 / 45933.8 ms
2026-03-20 17:47:46,049 - INFO - [36m(rf-qwen2-5-72b-instruct-tp8pp1-A100-40gb, pid=8500)[0m E2E  p50/p95/p99: 254128.3 / 292448.6 / 307184.1 ms
2026-03-20 17:47:46,049 - INFO - [36m(rf-qwen2-5-72b-instruct-tp8pp1-A100-40gb, pid=8500)[0m 📊 GPU monitoring: local (single node)
2026-03-20 17:47:46,651 - INFO - [36m(rf-qwen2-5-72b-instruct-tp8pp1-A100-40gb, pid=8500)[0m 📈 Time-series saved to /tmp/timeseries_tp8_pp1_in16384_out2048.json
2026-03-20 17:47:52,185 - INFO - [36m(rf-qwen2-5-72b-instruct-tp8pp1-A100-40gb, pid=8500)[0m ⚠️  WARNING: 232 preemptions detected! KV cache was thrashing. Throughput may be degraded.
2026-03-20 17:47:52,185 - INFO - [36m(rf-qwen2-5-72b-instruct-tp8pp1-A100-40gb, pid=8500)[0m Result: success
2026-03-20 17:47:52,185 - INFO - [36m(rf-qwen2-5-72b-instruct-tp8pp1-A100-40gb, pid=8500)[0m
2026-03-20 17:47:52,185 - INFO - [36m(rf-qwen2-5-72b-instruct-tp8pp1-A100-40gb, pid=8500)[0m ✅ All done! Results in /tmp/benchmark_results.json
2026-03-20 17:47:52,185 - INFO - [36m(rf-qwen2-5-72b-instruct-tp8pp1-A100-40gb, pid=8500)[0m 🛑 Stopping vLLM server...
2026-03-20 17:47:52,185 - INFO - [36m(rf-qwen2-5-72b-instruct-tp8pp1-A100-40gb, pid=8500)[0m ✅ Server stopped
2026-03-20 17:47:53,091 - INFO - [36m(rf-qwen2-5-72b-instruct-tp8pp1-A100-40gb, pid=8500)[0m + echo 'Cluster ready for benchmarking'
2026-03-20 17:47:53,899 - INFO - [36m(rf-qwen2-5-72b-instruct-tp8pp1-A100-40gb, pid=8500)[0m Cluster ready for benchmarking
2026-03-20 17:47:53,899 - INFO - [36m(rf-qwen2-5-72b-instruct-tp8pp1-A100-40gb, pid=8500)[0m ++ findmnt -t fuse.rclone --noheading
2026-03-20 17:47:53,899 - INFO - [36m(rf-qwen2-5-72b-instruct-tp8pp1-A100-40gb, pid=8500)[0m ++ wc -l
2026-03-20 17:47:53,899 - INFO - [36m(rf-qwen2-5-72b-instruct-tp8pp1-A100-40gb, pid=8500)[0m + '[' 0 -gt 0 ']'
2026-03-20 17:47:53,899 - INFO - [0m[32m✓ Job finished (status: SUCCEEDED).[0m[0m
2026-03-20 17:47:54,709 - INFO - 
2026-03-20 17:47:55,723 - INFO - 📋 Useful Commands
2026-03-20 17:47:55,724 - INFO - Job ID: 1
2026-03-20 17:47:55,724 - INFO - ├── To cancel the job:		sky cancel rf-qwen2-5-72b-instruct-tp8pp1-A100-40gb 1
2026-03-20 17:47:55,724 - INFO - ├── To stream job logs:		sky logs rf-qwen2-5-72b-instruct-tp8pp1-A100-40gb 1
2026-03-20 17:47:55,724 - INFO - └── To view job queue:		sky queue rf-qwen2-5-72b-instruct-tp8pp1-A100-40gb
2026-03-20 17:47:55,724 - INFO - Cluster name: rf-qwen2-5-72b-instruct-tp8pp1-A100-40gb
2026-03-20 17:47:55,724 - INFO - ├── To log into the head VM:	ssh rf-qwen2-5-72b-instruct-tp8pp1-A100-40gb
2026-03-20 17:47:55,724 - INFO - ├── To submit a job:		sky exec rf-qwen2-5-72b-instruct-tp8pp1-A100-40gb yaml_file
2026-03-20 17:47:55,724 - INFO - ├── To stop the cluster:	sky stop rf-qwen2-5-72b-instruct-tp8pp1-A100-40gb
2026-03-20 17:47:55,724 - INFO - └── To teardown the cluster:	sky down rf-qwen2-5-72b-instruct-tp8pp1-A100-40gb
2026-03-20 17:47:55,724 - INFO - 📥 Fetching results...
2026-03-20 17:48:02,146 - INFO - 📈 Fetching timeseries data...
2026-03-20 17:48:21,323 - INFO - 📁 Renaming directory: tp8-pp1-p4d_24xlarge-20260320_163608 -> tp8-pp1-p4d_24xlarge-20260320_163608-success
2026-03-20 17:48:21,326 - INFO - 📈 Plotting timeseries for 7 successful experiment(s)...
2026-03-20 17:48:21,345 - INFO - ✅ Results saved to results/aws_p4d_A100_40gb/tp8-pp1-p4d_24xlarge-20260320_163608-success/
2026-03-20 17:48:21,876 - INFO - 🗑️  Tearing down rf-qwen2-5-72b-instruct-tp8pp1-A100-40gb...
