2026-03-25 16:54:16,420 - INFO - Results will be saved to: results/aws_p4de_A100_80gb/tp8-pp2-2x_p4de_24xlarge-20260325_165416
2026-03-25 16:54:16,421 - INFO - 📋 Copied benchmark_client.py to roofline_benchmarks/
2026-03-25 16:54:16,422 - INFO - 📋 Copied prometheus_parser.py to roofline_benchmarks/
2026-03-25 16:54:16,422 - INFO - 🚀 Launching rf-qwen3-235b-a22b-tp8pp2-A100-80gb...
2026-03-25 16:54:16,422 - INFO - YAML to run: roofline_benchmarks/rf-qwen3-235b-a22b-tp8pp2-A100-80gb.yaml
2026-03-25 16:54:16,422 - INFO - Running on cluster: rf-qwen3-235b-a22b-tp8pp2-A100-80gb
2026-03-25 16:54:17,110 - INFO - YAML to run: roofline_benchmarks/rf-qwen3-235b-a22b-tp8pp2-A100-80gb.yaml
2026-03-25 16:54:17,195 - INFO - Running on cluster: rf-qwen3-235b-a22b-tp8pp2-A100-80gb
2026-03-25 16:54:18,523 - INFO - [33mLaunching a spot job that does not automatically recover from preemptions. To get automatic recovery, use managed job instead: [0m[1msky jobs launch[0m [33mor[0m [1msky.jobs.launch()[0m.
2026-03-25 16:54:18,524 - INFO - Considered resources (2 nodes):
2026-03-25 16:54:18,725 - INFO - ---------------------------------------------------------------------------------------------------
2026-03-25 16:54:18,725 - INFO -  INFRA                   INSTANCE              vCPUs   Mem(GB)   GPUS          COST ($)   CHOSEN
2026-03-25 16:54:18,725 - INFO - ---------------------------------------------------------------------------------------------------
2026-03-25 16:54:18,725 - INFO -  AWS (ap-northeast-1a)   p4de.24xlarge[Spot]   96      1152      A100-80GB:8   19.80      [32m   ✔[0m
2026-03-25 16:54:18,725 - INFO - ---------------------------------------------------------------------------------------------------
2026-03-25 16:54:18,725 - INFO - sky.exceptions.ResourcesUnavailableError: [33mFound no quota for p4de.24xlarge spot instances in region ap-northeast-1 in AWS. [0mTo request quotas, check the instruction: https://docs.skypilot.co/en/latest/cloud-setup/quota.html.
2026-03-25 16:54:19,932 - INFO - 
2026-03-25 16:54:19,932 - INFO - [0m[33m↺[0m Trying other potential resources.
2026-03-25 16:54:19,932 - INFO - Considered resources (2 nodes):
2026-03-25 16:54:19,932 - INFO - -------------------------------------------------------------------------------------------------
2026-03-25 16:54:19,932 - INFO -  INFRA                 INSTANCE              vCPUs   Mem(GB)   GPUS          COST ($)   CHOSEN
2026-03-25 16:54:19,932 - INFO - -------------------------------------------------------------------------------------------------
2026-03-25 16:54:19,932 - INFO -  AWS (eu-central-1a)   p4de.24xlarge[Spot]   96      1152      A100-80GB:8   20.30      [32m   ✔[0m
2026-03-25 16:54:19,932 - INFO - -------------------------------------------------------------------------------------------------
2026-03-25 16:54:19,932 - INFO - sky.exceptions.ResourcesUnavailableError: [33mFound no quota for p4de.24xlarge spot instances in region eu-central-1 in AWS. [0mTo request quotas, check the instruction: https://docs.skypilot.co/en/latest/cloud-setup/quota.html.
2026-03-25 16:54:20,134 - INFO - 
2026-03-25 16:54:20,135 - INFO - [0m[33m↺[0m Trying other potential resources.
2026-03-25 16:54:20,135 - INFO - Considered resources (2 nodes):
2026-03-25 16:54:21,443 - INFO - ----------------------------------------------------------------------------------------------
2026-03-25 16:54:21,443 - INFO -  INFRA              INSTANCE              vCPUs   Mem(GB)   GPUS          COST ($)   CHOSEN
2026-03-25 16:54:21,443 - INFO - ----------------------------------------------------------------------------------------------
2026-03-25 16:54:21,443 - INFO -  AWS (us-west-2a)   p4de.24xlarge[Spot]   96      1152      A100-80GB:8   24.57      [32m   ✔[0m
2026-03-25 16:54:21,443 - INFO - ----------------------------------------------------------------------------------------------
2026-03-25 16:54:21,443 - INFO - [33mInstance type p4de.24xlarge supports up to 4 EFA interfaces, but `use_internal_ips` is not enabled.
2026-03-25 16:54:21,544 - INFO - Launching with the current configuration will use only 1 EFA interface.
2026-03-25 16:54:21,544 - INFO - To use all 4 EFA interfaces, enable internal IPs by adding one of the following configurations to SkyPilot config:
2026-03-25 16:54:21,544 - INFO - Option 1 (with SSM):
2026-03-25 16:54:21,545 - INFO -   aws:
2026-03-25 16:54:21,545 - INFO -     use_internal_ips: true
2026-03-25 16:54:21,545 - INFO -     use_ssm: true
2026-03-25 16:54:21,545 - INFO - Option 2 (with SSH proxy):
2026-03-25 16:54:21,545 - INFO -   aws:
2026-03-25 16:54:21,545 - INFO -     use_internal_ips: true
2026-03-25 16:54:21,545 - INFO -     ssh_proxy_command: ssh -W %h:%p -i <ssh key path> -o StrictHostKeyChecking=no <user>@<jump server public ip>
2026-03-25 16:54:21,545 - INFO - Refer to https://docs.skypilot.co/en/latest/reference/config.html#aws-use-internal-ips for more details.[0m
2026-03-25 16:54:21,545 - INFO - [0m⚙︎ Launching on AWS us-west-2[0m (us-west-2a).
2026-03-25 16:54:45,943 - INFO - [2mW 03-25 16:54:45.843 PID=1652500 instance.py:288] create_instances: Attempt failed with An error occurred (InsufficientInstanceCapacity) when calling the RunInstances operation (reached max retries: 0): We currently do not have sufficient p4de.24xlarge capacity in the Availability Zone you requested (us-west-2a). Our system will be working on provisioning additional capacity. You can currently get p4de.24xlarge capacity by not specifying an Availability Zone in your request or choosing us-west-2b, us-west-2c.[0m
2026-03-25 16:54:50,581 - INFO - AWS handler error: Failed to launch instances. Max attempts exceeded.
2026-03-25 16:54:50,682 - INFO - sky.exceptions.ResourcesUnavailableError: Failed to acquire resources in us-west-2a for {AWS(p4de.24xlarge[Spot], mem=64.0+, {'A100-80GB': 8}, network_tier=best, disk_size=1000)}.
2026-03-25 16:54:50,682 - INFO - 
2026-03-25 16:54:50,682 - INFO - [0m[33m↺[0m Trying other potential resources.
2026-03-25 16:54:50,683 - INFO - Considered resources (2 nodes):
2026-03-25 16:54:51,490 - INFO - -------------------------------------------------------------------------------------------------
2026-03-25 16:54:51,490 - INFO -  INFRA                 INSTANCE              vCPUs   Mem(GB)   GPUS          COST ($)   CHOSEN
2026-03-25 16:54:51,490 - INFO - -------------------------------------------------------------------------------------------------
2026-03-25 16:54:51,490 - INFO -  AWS (eu-central-1c)   p4de.24xlarge[Spot]   96      1152      A100-80GB:8   26.88      [32m   ✔[0m
2026-03-25 16:54:51,490 - INFO - -------------------------------------------------------------------------------------------------
2026-03-25 16:54:51,490 - INFO - sky.exceptions.ResourcesUnavailableError: [33mFound no quota for p4de.24xlarge spot instances in region eu-central-1 in AWS. [0mTo request quotas, check the instruction: https://docs.skypilot.co/en/latest/cloud-setup/quota.html.
2026-03-25 16:54:51,589 - INFO - 
2026-03-25 16:54:51,589 - INFO - [0m[33m↺[0m Trying other potential resources.
2026-03-25 16:54:51,589 - INFO - Considered resources (2 nodes):
2026-03-25 16:54:52,797 - INFO - ----------------------------------------------------------------------------------------------
2026-03-25 16:54:52,797 - INFO -  INFRA              INSTANCE              vCPUs   Mem(GB)   GPUS          COST ($)   CHOSEN
2026-03-25 16:54:52,797 - INFO - ----------------------------------------------------------------------------------------------
2026-03-25 16:54:52,797 - INFO -  AWS (us-west-2c)   p4de.24xlarge[Spot]   96      1152      A100-80GB:8   29.77      [32m   ✔[0m
2026-03-25 16:54:52,797 - INFO - ----------------------------------------------------------------------------------------------
2026-03-25 16:54:52,797 - INFO - [33mInstance type p4de.24xlarge supports up to 4 EFA interfaces, but `use_internal_ips` is not enabled.
2026-03-25 16:55:15,259 - INFO - Launching with the current configuration will use only 1 EFA interface.
2026-03-25 16:55:15,259 - INFO - To use all 4 EFA interfaces, enable internal IPs by adding one of the following configurations to SkyPilot config:
2026-03-25 16:55:15,259 - INFO - Option 1 (with SSM):
2026-03-25 16:55:15,259 - INFO -   aws:
2026-03-25 16:55:15,259 - INFO -     use_internal_ips: true
2026-03-25 16:55:15,259 - INFO -     use_ssm: true
2026-03-25 16:55:15,259 - INFO - Option 2 (with SSH proxy):
2026-03-25 16:55:15,259 - INFO -   aws:
2026-03-25 16:55:15,259 - INFO -     use_internal_ips: true
2026-03-25 16:55:15,259 - INFO -     ssh_proxy_command: ssh -W %h:%p -i <ssh key path> -o StrictHostKeyChecking=no <user>@<jump server public ip>
2026-03-25 16:55:15,259 - INFO - Refer to https://docs.skypilot.co/en/latest/reference/config.html#aws-use-internal-ips for more details.[0m
2026-03-25 16:55:15,259 - INFO - [0m⚙︎ Launching on AWS us-west-2[0m (us-west-2c).
2026-03-25 16:55:15,259 - INFO - [2mW 03-25 16:55:15.224 PID=1652500 instance.py:288] create_instances: Attempt failed with An error occurred (InsufficientInstanceCapacity) when calling the RunInstances operation (reached max retries: 0): We currently do not have sufficient p4de.24xlarge capacity in the Availability Zone you requested (us-west-2c). Our system will be working on provisioning additional capacity. You can currently get p4de.24xlarge capacity by not specifying an Availability Zone in your request or choosing us-west-2a, us-west-2b.[0m
2026-03-25 16:55:19,189 - INFO - AWS handler error: Failed to launch instances. Max attempts exceeded.
2026-03-25 16:55:19,288 - INFO - sky.exceptions.ResourcesUnavailableError: Failed to acquire resources in us-west-2c for {AWS(p4de.24xlarge[Spot], mem=64.0+, {'A100-80GB': 8}, network_tier=best, disk_size=1000)}.
2026-03-25 16:55:19,289 - INFO - 
2026-03-25 16:55:19,390 - INFO - [0m[33m↺[0m Trying other potential resources.
2026-03-25 16:55:19,390 - INFO - Considered resources (2 nodes):
2026-03-25 16:55:20,098 - INFO - ---------------------------------------------------------------------------------------------------
2026-03-25 16:55:20,098 - INFO -  INFRA                   INSTANCE              vCPUs   Mem(GB)   GPUS          COST ($)   CHOSEN
2026-03-25 16:55:20,098 - INFO - ---------------------------------------------------------------------------------------------------
2026-03-25 16:55:20,098 - INFO -  AWS (ap-northeast-1c)   p4de.24xlarge[Spot]   96      1152      A100-80GB:8   32.81      [32m   ✔[0m
2026-03-25 16:55:20,098 - INFO - ---------------------------------------------------------------------------------------------------
2026-03-25 16:55:20,098 - INFO - sky.exceptions.ResourcesUnavailableError: [33mFound no quota for p4de.24xlarge spot instances in region ap-northeast-1 in AWS. [0mTo request quotas, check the instruction: https://docs.skypilot.co/en/latest/cloud-setup/quota.html.
2026-03-25 16:55:20,300 - INFO - 
2026-03-25 16:55:20,300 - INFO - [0m[33m↺[0m Trying other potential resources.
2026-03-25 16:55:20,300 - INFO - Considered resources (2 nodes):
2026-03-25 16:55:21,306 - INFO - ----------------------------------------------------------------------------------------------
2026-03-25 16:55:21,306 - INFO -  INFRA              INSTANCE              vCPUs   Mem(GB)   GPUS          COST ($)   CHOSEN
2026-03-25 16:55:21,306 - INFO - ----------------------------------------------------------------------------------------------
2026-03-25 16:55:21,306 - INFO -  AWS (us-west-2b)   p4de.24xlarge[Spot]   96      1152      A100-80GB:8   33.39      [32m   ✔[0m
2026-03-25 16:55:21,306 - INFO - ----------------------------------------------------------------------------------------------
2026-03-25 16:55:21,306 - INFO - [33mInstance type p4de.24xlarge supports up to 4 EFA interfaces, but `use_internal_ips` is not enabled.
2026-03-25 16:55:21,406 - INFO - Launching with the current configuration will use only 1 EFA interface.
2026-03-25 16:55:21,406 - INFO - To use all 4 EFA interfaces, enable internal IPs by adding one of the following configurations to SkyPilot config:
2026-03-25 16:55:21,406 - INFO - Option 1 (with SSM):
2026-03-25 16:55:21,406 - INFO -   aws:
2026-03-25 16:55:21,406 - INFO -     use_internal_ips: true
2026-03-25 16:55:21,406 - INFO -     use_ssm: true
2026-03-25 16:55:21,406 - INFO - Option 2 (with SSH proxy):
2026-03-25 16:55:21,406 - INFO -   aws:
2026-03-25 16:55:21,406 - INFO -     use_internal_ips: true
2026-03-25 16:55:21,406 - INFO -     ssh_proxy_command: ssh -W %h:%p -i <ssh key path> -o StrictHostKeyChecking=no <user>@<jump server public ip>
2026-03-25 16:55:21,407 - INFO - Refer to https://docs.skypilot.co/en/latest/reference/config.html#aws-use-internal-ips for more details.[0m
2026-03-25 16:55:21,407 - INFO - [0m⚙︎ Launching on AWS us-west-2[0m (us-west-2b).
2026-03-25 16:55:43,484 - INFO - [2mW 03-25 16:55:43.385 PID=1652500 instance.py:288] create_instances: Attempt failed with An error occurred (InsufficientInstanceCapacity) when calling the RunInstances operation (reached max retries: 0): We currently do not have sufficient p4de.24xlarge capacity in the Availability Zone you requested (us-west-2b). Our system will be working on provisioning additional capacity. You can currently get p4de.24xlarge capacity by not specifying an Availability Zone in your request or choosing us-west-2a, us-west-2c.[0m
2026-03-25 16:55:47,110 - INFO - AWS handler error: Failed to launch instances. Max attempts exceeded.
2026-03-25 16:55:47,210 - INFO - sky.exceptions.ResourcesUnavailableError: Failed to acquire resources in us-west-2b for {AWS(p4de.24xlarge[Spot], mem=64.0+, {'A100-80GB': 8}, network_tier=best, disk_size=1000)}.
2026-03-25 16:55:47,210 - INFO - 
2026-03-25 16:55:47,311 - INFO - [0m[33m↺[0m Trying other potential resources.
2026-03-25 16:55:47,311 - INFO - Considered resources (2 nodes):
2026-03-25 16:55:48,319 - INFO - ----------------------------------------------------------------------------------------------
2026-03-25 16:55:48,319 - INFO -  INFRA              INSTANCE              vCPUs   Mem(GB)   GPUS          COST ($)   CHOSEN
2026-03-25 16:55:48,319 - INFO - ----------------------------------------------------------------------------------------------
2026-03-25 16:55:48,319 - INFO -  AWS (us-east-1a)   p4de.24xlarge[Spot]   96      1152      A100-80GB:8   34.11      [32m   ✔[0m
2026-03-25 16:55:48,319 - INFO - ----------------------------------------------------------------------------------------------
2026-03-25 16:55:48,319 - INFO - [33mInstance type p4de.24xlarge supports up to 4 EFA interfaces, but `use_internal_ips` is not enabled.
2026-03-25 16:55:48,420 - INFO - Launching with the current configuration will use only 1 EFA interface.
2026-03-25 16:55:48,420 - INFO - To use all 4 EFA interfaces, enable internal IPs by adding one of the following configurations to SkyPilot config:
2026-03-25 16:55:48,421 - INFO - Option 1 (with SSM):
2026-03-25 16:55:48,421 - INFO -   aws:
2026-03-25 16:55:48,421 - INFO -     use_internal_ips: true
2026-03-25 16:55:48,421 - INFO -     use_ssm: true
2026-03-25 16:55:48,421 - INFO - Option 2 (with SSH proxy):
2026-03-25 16:55:48,421 - INFO -   aws:
2026-03-25 16:55:48,421 - INFO -     use_internal_ips: true
2026-03-25 16:55:48,421 - INFO -     ssh_proxy_command: ssh -W %h:%p -i <ssh key path> -o StrictHostKeyChecking=no <user>@<jump server public ip>
2026-03-25 16:55:48,421 - INFO - Refer to https://docs.skypilot.co/en/latest/reference/config.html#aws-use-internal-ips for more details.[0m
2026-03-25 16:55:48,421 - INFO - [0m⚙︎ Launching on AWS us-east-1[0m (us-east-1a).
2026-03-25 16:56:13,789 - INFO - [2mW 03-25 16:56:13.696 PID=1652500 instance.py:288] create_instances: Attempt failed with An error occurred (MaxSpotInstanceCountExceeded) when calling the RunInstances operation: Max spot instance count exceeded[0m
2026-03-25 16:56:17,719 - INFO - AWS handler error: Failed to launch instances. Max attempts exceeded.
2026-03-25 16:56:17,921 - INFO - sky.exceptions.ResourcesUnavailableError: Failed to acquire resources in us-east-1a for {AWS(p4de.24xlarge[Spot], mem=64.0+, {'A100-80GB': 8}, network_tier=best, disk_size=1000)}.
2026-03-25 16:56:17,921 - INFO - 
2026-03-25 16:56:17,921 - INFO - [0m[33m↺[0m Trying other potential resources.
2026-03-25 16:56:17,921 - INFO - Considered resources (2 nodes):
2026-03-25 16:56:19,129 - INFO - ---------------------------------------------------------------------------------------------------
2026-03-25 16:56:19,129 - INFO -  INFRA                   INSTANCE              vCPUs   Mem(GB)   GPUS          COST ($)   CHOSEN
2026-03-25 16:56:19,129 - INFO - ---------------------------------------------------------------------------------------------------
2026-03-25 16:56:19,129 - INFO -  AWS (ap-southeast-1a)   p4de.24xlarge[Spot]   96      1152      A100-80GB:8   36.36      [32m   ✔[0m
2026-03-25 16:56:19,129 - INFO - ---------------------------------------------------------------------------------------------------
2026-03-25 16:56:19,129 - INFO - sky.exceptions.ResourcesUnavailableError: [33mFound no quota for p4de.24xlarge spot instances in region ap-southeast-1 in AWS. [0mTo request quotas, check the instruction: https://docs.skypilot.co/en/latest/cloud-setup/quota.html.
2026-03-25 16:56:19,229 - INFO - 
2026-03-25 16:56:19,330 - INFO - [0m[33m↺[0m Trying other potential resources.
2026-03-25 16:56:19,330 - INFO - Considered resources (2 nodes):
2026-03-25 16:56:20,438 - INFO - ----------------------------------------------------------------------------------------------
2026-03-25 16:56:20,438 - INFO -  INFRA              INSTANCE              vCPUs   Mem(GB)   GPUS          COST ($)   CHOSEN
2026-03-25 16:56:20,438 - INFO - ----------------------------------------------------------------------------------------------
2026-03-25 16:56:20,438 - INFO -  AWS (us-east-1d)   p4de.24xlarge[Spot]   96      1152      A100-80GB:8   54.89      [32m   ✔[0m
2026-03-25 16:56:20,438 - INFO - ----------------------------------------------------------------------------------------------
2026-03-25 16:56:20,438 - INFO - [33mInstance type p4de.24xlarge supports up to 4 EFA interfaces, but `use_internal_ips` is not enabled.
2026-03-25 16:56:20,540 - INFO - Launching with the current configuration will use only 1 EFA interface.
2026-03-25 16:56:20,540 - INFO - To use all 4 EFA interfaces, enable internal IPs by adding one of the following configurations to SkyPilot config:
2026-03-25 16:56:20,540 - INFO - Option 1 (with SSM):
2026-03-25 16:56:20,540 - INFO -   aws:
2026-03-25 16:56:20,540 - INFO -     use_internal_ips: true
2026-03-25 16:56:20,540 - INFO -     use_ssm: true
2026-03-25 16:56:20,540 - INFO - Option 2 (with SSH proxy):
2026-03-25 16:56:20,540 - INFO -   aws:
2026-03-25 16:56:20,540 - INFO -     use_internal_ips: true
2026-03-25 16:56:20,540 - INFO -     ssh_proxy_command: ssh -W %h:%p -i <ssh key path> -o StrictHostKeyChecking=no <user>@<jump server public ip>
2026-03-25 16:56:20,540 - INFO - Refer to https://docs.skypilot.co/en/latest/reference/config.html#aws-use-internal-ips for more details.[0m
2026-03-25 16:56:20,540 - INFO - [0m⚙︎ Launching on AWS us-east-1[0m (us-east-1d).
2026-03-25 16:56:42,003 - INFO - [2mW 03-25 16:56:41.963 PID=1652500 instance.py:288] create_instances: Attempt failed with An error occurred (InsufficientInstanceCapacity) when calling the RunInstances operation (reached max retries: 0): We currently do not have sufficient p4de.24xlarge capacity in the Availability Zone you requested (us-east-1d). Our system will be working on provisioning additional capacity. You can currently get p4de.24xlarge capacity by not specifying an Availability Zone in your request or choosing us-east-1a.[0m
2026-03-25 16:56:46,442 - INFO - AWS handler error: Failed to launch instances. Max attempts exceeded.
2026-03-25 16:56:46,645 - INFO - sky.exceptions.ResourcesUnavailableError: Failed to acquire resources in us-east-1d for {AWS(p4de.24xlarge[Spot], mem=64.0+, {'A100-80GB': 8}, network_tier=best, disk_size=1000)}.
2026-03-25 16:56:46,645 - INFO - 
2026-03-25 16:56:46,645 - INFO - [0m[33m↺[0m Trying other potential resources.
2026-03-25 16:56:46,645 - INFO - Considered resources (2 nodes):
2026-03-25 16:56:47,048 - INFO - ---------------------------------------------------------------------------------------------------
2026-03-25 16:56:47,048 - INFO -  INFRA                   INSTANCE              vCPUs   Mem(GB)   GPUS          COST ($)   CHOSEN
2026-03-25 16:56:47,048 - INFO - ---------------------------------------------------------------------------------------------------
2026-03-25 16:56:47,048 - INFO -  AWS (ap-southeast-1c)   p4de.24xlarge[Spot]   96      1152      A100-80GB:8   65.87      [32m   ✔[0m
2026-03-25 16:56:47,048 - INFO - ---------------------------------------------------------------------------------------------------
2026-03-25 16:56:47,048 - INFO - sky.exceptions.ResourcesUnavailableError: [33mFound no quota for p4de.24xlarge spot instances in region ap-southeast-1 in AWS. [0mTo request quotas, check the instruction: https://docs.skypilot.co/en/latest/cloud-setup/quota.html.
2026-03-25 16:56:48,157 - INFO - 
2026-03-25 16:56:48,157 - INFO - [0m[33m↺[0m Trying other potential resources.
2026-03-25 16:56:48,157 - INFO - 
2026-03-25 16:57:18,785 - INFO - [?25h[31mFailed to provision all possible launchable resources.[0m Relax the task's resource requirements: 2x AWS(p4de.24xlarge[Spot], mem=64.0+, {'A100-80GB': 8}, network_tier=best, disk_size=1000)
2026-03-25 16:57:18,785 - INFO - 
2026-03-25 16:57:18,785 - INFO - [0m[33m↺[0m Retry after 30s  [2mView logs: [1msky logs --provision rf-qwen3-235b-a22b-tp8pp2-A100-80gb[0m[0m[0m
2026-03-25 16:57:18,785 - INFO - [33mLaunching a spot job that does not automatically recover from preemptions. To get automatic recovery, use managed job instead: [0m[1msky jobs launch[0m [33mor[0m [1msky.jobs.launch()[0m.
2026-03-25 16:57:18,887 - INFO - Considered resources (2 nodes):
2026-03-25 16:57:19,590 - INFO - ---------------------------------------------------------------------------------------------------
2026-03-25 16:57:19,590 - INFO -  INFRA                   INSTANCE              vCPUs   Mem(GB)   GPUS          COST ($)   CHOSEN
2026-03-25 16:57:19,590 - INFO - ---------------------------------------------------------------------------------------------------
2026-03-25 16:57:19,590 - INFO -  AWS (ap-northeast-1a)   p4de.24xlarge[Spot]   96      1152      A100-80GB:8   19.34      [32m   ✔[0m
2026-03-25 16:57:19,590 - INFO - ---------------------------------------------------------------------------------------------------
2026-03-25 16:57:19,590 - INFO - sky.exceptions.ResourcesUnavailableError: [33mFound no quota for p4de.24xlarge spot instances in region ap-northeast-1 in AWS. [0mTo request quotas, check the instruction: https://docs.skypilot.co/en/latest/cloud-setup/quota.html.
2026-03-25 16:57:19,692 - INFO - 
2026-03-25 16:57:19,692 - INFO - [0m[33m↺[0m Trying other potential resources.
2026-03-25 16:57:19,692 - INFO - Considered resources (2 nodes):
2026-03-25 16:57:22,011 - INFO - -------------------------------------------------------------------------------------------------
2026-03-25 16:57:22,011 - INFO -  INFRA                 INSTANCE              vCPUs   Mem(GB)   GPUS          COST ($)   CHOSEN
2026-03-25 16:57:22,011 - INFO - -------------------------------------------------------------------------------------------------
2026-03-25 16:57:22,011 - INFO -  AWS (eu-central-1a)   p4de.24xlarge[Spot]   96      1152      A100-80GB:8   21.26      [32m   ✔[0m
2026-03-25 16:57:22,011 - INFO - -------------------------------------------------------------------------------------------------
2026-03-25 16:57:22,011 - INFO - sky.exceptions.ResourcesUnavailableError: [33mFound no quota for p4de.24xlarge spot instances in region eu-central-1 in AWS. [0mTo request quotas, check the instruction: https://docs.skypilot.co/en/latest/cloud-setup/quota.html.
2026-03-25 16:57:22,113 - INFO - 
2026-03-25 16:57:22,113 - INFO - [0m[33m↺[0m Trying other potential resources.
2026-03-25 16:57:22,113 - INFO - Considered resources (2 nodes):
2026-03-25 16:57:22,921 - INFO - -------------------------------------------------------------------------------------------------
2026-03-25 16:57:22,921 - INFO -  INFRA                 INSTANCE              vCPUs   Mem(GB)   GPUS          COST ($)   CHOSEN
2026-03-25 16:57:22,921 - INFO - -------------------------------------------------------------------------------------------------
2026-03-25 16:57:22,921 - INFO -  AWS (eu-central-1c)   p4de.24xlarge[Spot]   96      1152      A100-80GB:8   26.21      [32m   ✔[0m
2026-03-25 16:57:22,921 - INFO - -------------------------------------------------------------------------------------------------
2026-03-25 16:57:22,921 - INFO - sky.exceptions.ResourcesUnavailableError: [33mFound no quota for p4de.24xlarge spot instances in region eu-central-1 in AWS. [0mTo request quotas, check the instruction: https://docs.skypilot.co/en/latest/cloud-setup/quota.html.
2026-03-25 16:57:23,021 - INFO - 
2026-03-25 16:57:23,022 - INFO - [0m[33m↺[0m Trying other potential resources.
2026-03-25 16:57:23,022 - INFO - Considered resources (2 nodes):
2026-03-25 16:57:24,031 - INFO - ----------------------------------------------------------------------------------------------
2026-03-25 16:57:24,032 - INFO -  INFRA              INSTANCE              vCPUs   Mem(GB)   GPUS          COST ($)   CHOSEN
2026-03-25 16:57:24,032 - INFO - ----------------------------------------------------------------------------------------------
2026-03-25 16:57:24,032 - INFO -  AWS (us-west-2a)   p4de.24xlarge[Spot]   96      1152      A100-80GB:8   27.07      [32m   ✔[0m
2026-03-25 16:57:24,032 - INFO - ----------------------------------------------------------------------------------------------
2026-03-25 16:57:24,032 - INFO - [33mInstance type p4de.24xlarge supports up to 4 EFA interfaces, but `use_internal_ips` is not enabled.
2026-03-25 16:57:24,133 - INFO - Launching with the current configuration will use only 1 EFA interface.
2026-03-25 16:57:24,133 - INFO - To use all 4 EFA interfaces, enable internal IPs by adding one of the following configurations to SkyPilot config:
2026-03-25 16:57:24,133 - INFO - Option 1 (with SSM):
2026-03-25 16:57:24,133 - INFO -   aws:
2026-03-25 16:57:24,133 - INFO -     use_internal_ips: true
2026-03-25 16:57:24,133 - INFO -     use_ssm: true
2026-03-25 16:57:24,133 - INFO - Option 2 (with SSH proxy):
2026-03-25 16:57:24,133 - INFO -   aws:
2026-03-25 16:57:24,133 - INFO -     use_internal_ips: true
2026-03-25 16:57:24,133 - INFO -     ssh_proxy_command: ssh -W %h:%p -i <ssh key path> -o StrictHostKeyChecking=no <user>@<jump server public ip>
2026-03-25 16:57:24,133 - INFO - Refer to https://docs.skypilot.co/en/latest/reference/config.html#aws-use-internal-ips for more details.[0m
2026-03-25 16:57:24,133 - INFO - [0m⚙︎ Launching on AWS us-west-2[0m (us-west-2a).
2026-03-25 16:57:48,018 - INFO - [2mW 03-25 16:57:47.923 PID=2248878 instance.py:288] create_instances: Attempt failed with An error occurred (InsufficientInstanceCapacity) when calling the RunInstances operation (reached max retries: 0): We currently do not have sufficient p4de.24xlarge capacity in the Availability Zone you requested (us-west-2a). Our system will be working on provisioning additional capacity. You can currently get p4de.24xlarge capacity by not specifying an Availability Zone in your request or choosing us-west-2b, us-west-2c.[0m
2026-03-25 16:57:52,360 - INFO - AWS handler error: Failed to launch instances. Max attempts exceeded.
2026-03-25 16:57:52,462 - INFO - sky.exceptions.ResourcesUnavailableError: Failed to acquire resources in us-west-2a for {AWS(p4de.24xlarge[Spot], mem=64.0+, {'A100-80GB': 8}, network_tier=best, disk_size=1000)}.
2026-03-25 16:57:52,462 - INFO - 
2026-03-25 16:57:52,462 - INFO - [0m[33m↺[0m Trying other potential resources.
2026-03-25 16:57:52,462 - INFO - Considered resources (2 nodes):
2026-03-25 16:57:54,679 - INFO - ----------------------------------------------------------------------------------------------
2026-03-25 16:57:54,679 - INFO -  INFRA              INSTANCE              vCPUs   Mem(GB)   GPUS          COST ($)   CHOSEN
2026-03-25 16:57:54,679 - INFO - ----------------------------------------------------------------------------------------------
2026-03-25 16:57:54,679 - INFO -  AWS (us-west-2c)   p4de.24xlarge[Spot]   96      1152      A100-80GB:8   30.74      [32m   ✔[0m
2026-03-25 16:57:54,679 - INFO - ----------------------------------------------------------------------------------------------
2026-03-25 16:57:54,679 - INFO - [33mInstance type p4de.24xlarge supports up to 4 EFA interfaces, but `use_internal_ips` is not enabled.
2026-03-25 16:57:54,782 - INFO - Launching with the current configuration will use only 1 EFA interface.
2026-03-25 16:57:54,782 - INFO - To use all 4 EFA interfaces, enable internal IPs by adding one of the following configurations to SkyPilot config:
2026-03-25 16:57:54,782 - INFO - Option 1 (with SSM):
2026-03-25 16:57:54,782 - INFO -   aws:
2026-03-25 16:57:54,782 - INFO -     use_internal_ips: true
2026-03-25 16:57:54,782 - INFO -     use_ssm: true
2026-03-25 16:57:54,782 - INFO - Option 2 (with SSH proxy):
2026-03-25 16:57:54,782 - INFO -   aws:
2026-03-25 16:57:54,782 - INFO -     use_internal_ips: true
2026-03-25 16:57:54,782 - INFO -     ssh_proxy_command: ssh -W %h:%p -i <ssh key path> -o StrictHostKeyChecking=no <user>@<jump server public ip>
2026-03-25 16:57:54,782 - INFO - Refer to https://docs.skypilot.co/en/latest/reference/config.html#aws-use-internal-ips for more details.[0m
2026-03-25 16:57:54,782 - INFO - [0m⚙︎ Launching on AWS us-west-2[0m (us-west-2c).
2026-03-25 16:58:17,424 - INFO - [2mW 03-25 16:58:17.398 PID=2248878 instance.py:288] create_instances: Attempt failed with An error occurred (InsufficientInstanceCapacity) when calling the RunInstances operation (reached max retries: 0): We currently do not have sufficient p4de.24xlarge capacity in the Availability Zone you requested (us-west-2c). Our system will be working on provisioning additional capacity. You can currently get p4de.24xlarge capacity by not specifying an Availability Zone in your request or choosing us-west-2a, us-west-2b.[0m
2026-03-25 16:58:21,056 - INFO - AWS handler error: Failed to launch instances. Max attempts exceeded.
2026-03-25 16:58:21,257 - INFO - sky.exceptions.ResourcesUnavailableError: Failed to acquire resources in us-west-2c for {AWS(p4de.24xlarge[Spot], mem=64.0+, {'A100-80GB': 8}, network_tier=best, disk_size=1000)}.
2026-03-25 16:58:21,257 - INFO - 
2026-03-25 16:58:21,257 - INFO - [0m[33m↺[0m Trying other potential resources.
2026-03-25 16:58:21,257 - INFO - Considered resources (2 nodes):
2026-03-25 16:58:21,861 - INFO - ---------------------------------------------------------------------------------------------------
2026-03-25 16:58:21,861 - INFO -  INFRA                   INSTANCE              vCPUs   Mem(GB)   GPUS          COST ($)   CHOSEN
2026-03-25 16:58:21,861 - INFO - ---------------------------------------------------------------------------------------------------
2026-03-25 16:58:21,861 - INFO -  AWS (ap-northeast-1c)   p4de.24xlarge[Spot]   96      1152      A100-80GB:8   32.78      [32m   ✔[0m
2026-03-25 16:58:21,861 - INFO - ---------------------------------------------------------------------------------------------------
2026-03-25 16:58:21,861 - INFO - sky.exceptions.ResourcesUnavailableError: [33mFound no quota for p4de.24xlarge spot instances in region ap-northeast-1 in AWS. [0mTo request quotas, check the instruction: https://docs.skypilot.co/en/latest/cloud-setup/quota.html.
2026-03-25 16:58:22,063 - INFO - 
2026-03-25 16:58:22,063 - INFO - [0m[33m↺[0m Trying other potential resources.
2026-03-25 16:58:22,063 - INFO - Considered resources (2 nodes):
2026-03-25 16:58:22,970 - INFO - ----------------------------------------------------------------------------------------------
2026-03-25 16:58:22,970 - INFO -  INFRA              INSTANCE              vCPUs   Mem(GB)   GPUS          COST ($)   CHOSEN
2026-03-25 16:58:22,970 - INFO - ----------------------------------------------------------------------------------------------
2026-03-25 16:58:22,970 - INFO -  AWS (us-west-2b)   p4de.24xlarge[Spot]   96      1152      A100-80GB:8   34.02      [32m   ✔[0m
2026-03-25 16:58:22,970 - INFO - ----------------------------------------------------------------------------------------------
2026-03-25 16:58:22,970 - INFO - [33mInstance type p4de.24xlarge supports up to 4 EFA interfaces, but `use_internal_ips` is not enabled.
2026-03-25 16:58:23,172 - INFO - Launching with the current configuration will use only 1 EFA interface.
2026-03-25 16:58:23,172 - INFO - To use all 4 EFA interfaces, enable internal IPs by adding one of the following configurations to SkyPilot config:
2026-03-25 16:58:23,172 - INFO - Option 1 (with SSM):
2026-03-25 16:58:23,172 - INFO -   aws:
2026-03-25 16:58:23,172 - INFO -     use_internal_ips: true
2026-03-25 16:58:23,172 - INFO -     use_ssm: true
2026-03-25 16:58:23,172 - INFO - Option 2 (with SSH proxy):
2026-03-25 16:58:23,172 - INFO -   aws:
2026-03-25 16:58:23,172 - INFO -     use_internal_ips: true
2026-03-25 16:58:23,172 - INFO -     ssh_proxy_command: ssh -W %h:%p -i <ssh key path> -o StrictHostKeyChecking=no <user>@<jump server public ip>
2026-03-25 16:58:23,172 - INFO - Refer to https://docs.skypilot.co/en/latest/reference/config.html#aws-use-internal-ips for more details.[0m
2026-03-25 16:58:23,172 - INFO - [0m⚙︎ Launching on AWS us-west-2[0m (us-west-2b).
2026-03-25 16:58:45,265 - INFO - [2mW 03-25 16:58:45.256 PID=2248878 instance.py:288] create_instances: Attempt failed with An error occurred (InsufficientInstanceCapacity) when calling the RunInstances operation (reached max retries: 0): We currently do not have sufficient p4de.24xlarge capacity in the Availability Zone you requested (us-west-2b). Our system will be working on provisioning additional capacity. You can currently get p4de.24xlarge capacity by not specifying an Availability Zone in your request or choosing us-west-2a, us-west-2c.[0m
2026-03-25 16:58:49,808 - INFO - AWS handler error: Failed to launch instances. Max attempts exceeded.
2026-03-25 16:58:50,009 - INFO - sky.exceptions.ResourcesUnavailableError: Failed to acquire resources in us-west-2b for {AWS(p4de.24xlarge[Spot], mem=64.0+, {'A100-80GB': 8}, network_tier=best, disk_size=1000)}.
2026-03-25 16:58:50,009 - INFO - 
2026-03-25 16:58:50,009 - INFO - [0m[33m↺[0m Trying other potential resources.
2026-03-25 16:58:50,009 - INFO - Considered resources (2 nodes):
2026-03-25 16:58:50,919 - INFO - ----------------------------------------------------------------------------------------------
2026-03-25 16:58:50,919 - INFO -  INFRA              INSTANCE              vCPUs   Mem(GB)   GPUS          COST ($)   CHOSEN
2026-03-25 16:58:50,919 - INFO - ----------------------------------------------------------------------------------------------
2026-03-25 16:58:50,919 - INFO -  AWS (us-east-1a)   p4de.24xlarge[Spot]   96      1152      A100-80GB:8   38.20      [32m   ✔[0m
2026-03-25 16:58:50,919 - INFO - ----------------------------------------------------------------------------------------------
2026-03-25 16:58:50,919 - INFO - [33mInstance type p4de.24xlarge supports up to 4 EFA interfaces, but `use_internal_ips` is not enabled.
2026-03-25 16:58:51,019 - INFO - Launching with the current configuration will use only 1 EFA interface.
2026-03-25 16:58:51,020 - INFO - To use all 4 EFA interfaces, enable internal IPs by adding one of the following configurations to SkyPilot config:
2026-03-25 16:58:51,020 - INFO - Option 1 (with SSM):
2026-03-25 16:58:51,020 - INFO -   aws:
2026-03-25 16:58:51,020 - INFO -     use_internal_ips: true
2026-03-25 16:58:51,020 - INFO -     use_ssm: true
2026-03-25 16:58:51,020 - INFO - Option 2 (with SSH proxy):
2026-03-25 16:58:51,020 - INFO -   aws:
2026-03-25 16:58:51,020 - INFO -     use_internal_ips: true
2026-03-25 16:58:51,020 - INFO -     ssh_proxy_command: ssh -W %h:%p -i <ssh key path> -o StrictHostKeyChecking=no <user>@<jump server public ip>
2026-03-25 16:58:51,020 - INFO - Refer to https://docs.skypilot.co/en/latest/reference/config.html#aws-use-internal-ips for more details.[0m
2026-03-25 16:58:51,020 - INFO - [0m⚙︎ Launching on AWS us-east-1[0m (us-east-1a).
2026-03-25 16:59:14,365 - INFO - [2mW 03-25 16:59:14.331 PID=2248878 instance.py:288] create_instances: Attempt failed with An error occurred (MaxSpotInstanceCountExceeded) when calling the RunInstances operation: Max spot instance count exceeded[0m
2026-03-25 16:59:18,190 - INFO - AWS handler error: Failed to launch instances. Max attempts exceeded.
2026-03-25 16:59:18,391 - INFO - sky.exceptions.ResourcesUnavailableError: Failed to acquire resources in us-east-1a for {AWS(p4de.24xlarge[Spot], mem=64.0+, {'A100-80GB': 8}, network_tier=best, disk_size=1000)}.
2026-03-25 16:59:18,391 - INFO - 
2026-03-25 16:59:18,391 - INFO - [0m[33m↺[0m Trying other potential resources.
2026-03-25 16:59:18,391 - INFO - Considered resources (2 nodes):
2026-03-25 16:59:18,794 - INFO - ---------------------------------------------------------------------------------------------------
2026-03-25 16:59:18,794 - INFO -  INFRA                   INSTANCE              vCPUs   Mem(GB)   GPUS          COST ($)   CHOSEN
2026-03-25 16:59:18,794 - INFO - ---------------------------------------------------------------------------------------------------
2026-03-25 16:59:18,794 - INFO -  AWS (ap-southeast-1a)   p4de.24xlarge[Spot]   96      1152      A100-80GB:8   40.14      [32m   ✔[0m
2026-03-25 16:59:18,794 - INFO - ---------------------------------------------------------------------------------------------------
2026-03-25 16:59:18,794 - INFO - sky.exceptions.ResourcesUnavailableError: [33mFound no quota for p4de.24xlarge spot instances in region ap-southeast-1 in AWS. [0mTo request quotas, check the instruction: https://docs.skypilot.co/en/latest/cloud-setup/quota.html.
2026-03-25 16:59:18,995 - INFO - 
2026-03-25 16:59:18,995 - INFO - [0m[33m↺[0m Trying other potential resources.
2026-03-25 16:59:18,995 - INFO - Considered resources (2 nodes):
2026-03-25 16:59:20,001 - INFO - ----------------------------------------------------------------------------------------------
2026-03-25 16:59:20,001 - INFO -  INFRA              INSTANCE              vCPUs   Mem(GB)   GPUS          COST ($)   CHOSEN
2026-03-25 16:59:20,001 - INFO - ----------------------------------------------------------------------------------------------
2026-03-25 16:59:20,001 - INFO -  AWS (us-east-1d)   p4de.24xlarge[Spot]   96      1152      A100-80GB:8   54.89      [32m   ✔[0m
2026-03-25 16:59:20,001 - INFO - ----------------------------------------------------------------------------------------------
2026-03-25 16:59:20,001 - INFO - [33mInstance type p4de.24xlarge supports up to 4 EFA interfaces, but `use_internal_ips` is not enabled.
2026-03-25 16:59:41,361 - INFO - Launching with the current configuration will use only 1 EFA interface.
2026-03-25 16:59:41,361 - INFO - To use all 4 EFA interfaces, enable internal IPs by adding one of the following configurations to SkyPilot config:
2026-03-25 16:59:41,361 - INFO - Option 1 (with SSM):
2026-03-25 16:59:41,361 - INFO -   aws:
2026-03-25 16:59:41,361 - INFO -     use_internal_ips: true
2026-03-25 16:59:41,361 - INFO -     use_ssm: true
2026-03-25 16:59:41,361 - INFO - Option 2 (with SSH proxy):
2026-03-25 16:59:41,361 - INFO -   aws:
2026-03-25 16:59:41,361 - INFO -     use_internal_ips: true
2026-03-25 16:59:41,361 - INFO -     ssh_proxy_command: ssh -W %h:%p -i <ssh key path> -o StrictHostKeyChecking=no <user>@<jump server public ip>
2026-03-25 16:59:41,361 - INFO - Refer to https://docs.skypilot.co/en/latest/reference/config.html#aws-use-internal-ips for more details.[0m
2026-03-25 16:59:41,361 - INFO - [0m⚙︎ Launching on AWS us-east-1[0m (us-east-1d).
2026-03-25 16:59:41,361 - INFO - [2mW 03-25 16:59:41.260 PID=2248878 instance.py:288] create_instances: Attempt failed with An error occurred (InsufficientInstanceCapacity) when calling the RunInstances operation (reached max retries: 0): We currently do not have sufficient p4de.24xlarge capacity in the Availability Zone you requested (us-east-1d). Our system will be working on provisioning additional capacity. You can currently get p4de.24xlarge capacity by not specifying an Availability Zone in your request or choosing us-east-1a.[0m
2026-03-25 16:59:45,092 - INFO - AWS handler error: Failed to launch instances. Max attempts exceeded.
2026-03-25 16:59:45,295 - INFO - sky.exceptions.ResourcesUnavailableError: Failed to acquire resources in us-east-1d for {AWS(p4de.24xlarge[Spot], mem=64.0+, {'A100-80GB': 8}, network_tier=best, disk_size=1000)}.
2026-03-25 16:59:45,295 - INFO - 
2026-03-25 16:59:45,295 - INFO - [0m[33m↺[0m Trying other potential resources.
2026-03-25 16:59:45,295 - INFO - Considered resources (2 nodes):
2026-03-25 16:59:45,699 - INFO - ---------------------------------------------------------------------------------------------------
2026-03-25 16:59:45,699 - INFO -  INFRA                   INSTANCE              vCPUs   Mem(GB)   GPUS          COST ($)   CHOSEN
2026-03-25 16:59:45,699 - INFO - ---------------------------------------------------------------------------------------------------
2026-03-25 16:59:45,699 - INFO -  AWS (ap-southeast-1c)   p4de.24xlarge[Spot]   96      1152      A100-80GB:8   65.87      [32m   ✔[0m
2026-03-25 16:59:45,699 - INFO - ---------------------------------------------------------------------------------------------------
2026-03-25 16:59:45,699 - INFO - sky.exceptions.ResourcesUnavailableError: [33mFound no quota for p4de.24xlarge spot instances in region ap-southeast-1 in AWS. [0mTo request quotas, check the instruction: https://docs.skypilot.co/en/latest/cloud-setup/quota.html.
2026-03-25 16:59:47,109 - INFO - 
2026-03-25 16:59:47,109 - INFO - [0m[33m↺[0m Trying other potential resources.
2026-03-25 16:59:47,109 - INFO - 
2026-03-25 17:00:17,820 - INFO - [?25h[31mFailed to provision all possible launchable resources.[0m Relax the task's resource requirements: 2x AWS(p4de.24xlarge[Spot], mem=64.0+, {'A100-80GB': 8}, network_tier=best, disk_size=1000)
2026-03-25 17:00:17,820 - INFO - 
2026-03-25 17:00:17,820 - INFO - [0m[33m↺[0m Retry after 30s  [2mView logs: [1msky logs --provision rf-qwen3-235b-a22b-tp8pp2-A100-80gb[0m[0m[0m
2026-03-25 17:00:17,820 - INFO - [33mLaunching a spot job that does not automatically recover from preemptions. To get automatic recovery, use managed job instead: [0m[1msky jobs launch[0m [33mor[0m [1msky.jobs.launch()[0m.
2026-03-25 17:00:17,821 - INFO - Considered resources (2 nodes):
2026-03-25 17:00:18,625 - INFO - ---------------------------------------------------------------------------------------------------
2026-03-25 17:00:18,625 - INFO -  INFRA                   INSTANCE              vCPUs   Mem(GB)   GPUS          COST ($)   CHOSEN
2026-03-25 17:00:18,625 - INFO - ---------------------------------------------------------------------------------------------------
2026-03-25 17:00:18,626 - INFO -  AWS (ap-northeast-1a)   p4de.24xlarge[Spot]   96      1152      A100-80GB:8   19.80      [32m   ✔[0m
2026-03-25 17:00:18,626 - INFO - ---------------------------------------------------------------------------------------------------
2026-03-25 17:00:18,626 - INFO - sky.exceptions.ResourcesUnavailableError: [33mFound no quota for p4de.24xlarge spot instances in region ap-northeast-1 in AWS. [0mTo request quotas, check the instruction: https://docs.skypilot.co/en/latest/cloud-setup/quota.html.
2026-03-25 17:00:18,726 - INFO - 
2026-03-25 17:00:18,726 - INFO - [0m[33m↺[0m Trying other potential resources.
2026-03-25 17:00:18,726 - INFO - Considered resources (2 nodes):
2026-03-25 17:00:19,429 - INFO - -------------------------------------------------------------------------------------------------
2026-03-25 17:00:19,429 - INFO -  INFRA                 INSTANCE              vCPUs   Mem(GB)   GPUS          COST ($)   CHOSEN
2026-03-25 17:00:19,429 - INFO - -------------------------------------------------------------------------------------------------
2026-03-25 17:00:19,429 - INFO -  AWS (eu-central-1a)   p4de.24xlarge[Spot]   96      1152      A100-80GB:8   20.30      [32m   ✔[0m
2026-03-25 17:00:19,429 - INFO - -------------------------------------------------------------------------------------------------
2026-03-25 17:00:19,429 - INFO - sky.exceptions.ResourcesUnavailableError: [33mFound no quota for p4de.24xlarge spot instances in region eu-central-1 in AWS. [0mTo request quotas, check the instruction: https://docs.skypilot.co/en/latest/cloud-setup/quota.html.
2026-03-25 17:00:19,530 - INFO - 
2026-03-25 17:00:19,530 - INFO - [0m[33m↺[0m Trying other potential resources.
2026-03-25 17:00:19,530 - INFO - Considered resources (2 nodes):
2026-03-25 17:00:20,534 - INFO - ----------------------------------------------------------------------------------------------
2026-03-25 17:00:20,535 - INFO -  INFRA              INSTANCE              vCPUs   Mem(GB)   GPUS          COST ($)   CHOSEN
2026-03-25 17:00:20,535 - INFO - ----------------------------------------------------------------------------------------------
2026-03-25 17:00:20,535 - INFO -  AWS (us-west-2a)   p4de.24xlarge[Spot]   96      1152      A100-80GB:8   24.57      [32m   ✔[0m
2026-03-25 17:00:20,535 - INFO - ----------------------------------------------------------------------------------------------
2026-03-25 17:00:20,535 - INFO - [33mInstance type p4de.24xlarge supports up to 4 EFA interfaces, but `use_internal_ips` is not enabled.
2026-03-25 17:00:20,635 - INFO - Launching with the current configuration will use only 1 EFA interface.
2026-03-25 17:00:20,635 - INFO - To use all 4 EFA interfaces, enable internal IPs by adding one of the following configurations to SkyPilot config:
2026-03-25 17:00:20,635 - INFO - Option 1 (with SSM):
2026-03-25 17:00:20,635 - INFO -   aws:
2026-03-25 17:00:20,635 - INFO -     use_internal_ips: true
2026-03-25 17:00:20,635 - INFO -     use_ssm: true
2026-03-25 17:00:20,635 - INFO - Option 2 (with SSH proxy):
2026-03-25 17:00:20,635 - INFO -   aws:
2026-03-25 17:00:20,635 - INFO -     use_internal_ips: true
2026-03-25 17:00:20,635 - INFO -     ssh_proxy_command: ssh -W %h:%p -i <ssh key path> -o StrictHostKeyChecking=no <user>@<jump server public ip>
2026-03-25 17:00:20,635 - INFO - Refer to https://docs.skypilot.co/en/latest/reference/config.html#aws-use-internal-ips for more details.[0m
2026-03-25 17:00:20,635 - INFO - [0m⚙︎ Launching on AWS us-west-2[0m (us-west-2a).
2026-03-25 17:00:42,829 - INFO - [2mW 03-25 17:00:42.804 PID=1652500 instance.py:288] create_instances: Attempt failed with An error occurred (InsufficientInstanceCapacity) when calling the RunInstances operation (reached max retries: 0): We currently do not have sufficient p4de.24xlarge capacity in the Availability Zone you requested (us-west-2a). Our system will be working on provisioning additional capacity. You can currently get p4de.24xlarge capacity by not specifying an Availability Zone in your request or choosing us-west-2b, us-west-2c.[0m
2026-03-25 17:00:47,458 - INFO - AWS handler error: Failed to launch instances. Max attempts exceeded.
2026-03-25 17:00:47,560 - INFO - sky.exceptions.ResourcesUnavailableError: Failed to acquire resources in us-west-2a for {AWS(p4de.24xlarge[Spot], mem=64.0+, {'A100-80GB': 8}, network_tier=best, disk_size=1000)}.
2026-03-25 17:00:47,662 - INFO - 
2026-03-25 17:00:47,763 - INFO - [0m[33m↺[0m Trying other potential resources.
2026-03-25 17:00:47,764 - INFO - Considered resources (2 nodes):
2026-03-25 17:00:48,268 - INFO - -------------------------------------------------------------------------------------------------
2026-03-25 17:00:48,268 - INFO -  INFRA                 INSTANCE              vCPUs   Mem(GB)   GPUS          COST ($)   CHOSEN
2026-03-25 17:00:48,268 - INFO - -------------------------------------------------------------------------------------------------
2026-03-25 17:00:48,268 - INFO -  AWS (eu-central-1c)   p4de.24xlarge[Spot]   96      1152      A100-80GB:8   26.88      [32m   ✔[0m
2026-03-25 17:00:48,268 - INFO - -------------------------------------------------------------------------------------------------
2026-03-25 17:00:48,268 - INFO - sky.exceptions.ResourcesUnavailableError: [33mFound no quota for p4de.24xlarge spot instances in region eu-central-1 in AWS. [0mTo request quotas, check the instruction: https://docs.skypilot.co/en/latest/cloud-setup/quota.html.
2026-03-25 17:00:48,370 - INFO - 
2026-03-25 17:00:48,472 - INFO - [0m[33m↺[0m Trying other potential resources.
2026-03-25 17:00:48,472 - INFO - Considered resources (2 nodes):
2026-03-25 17:00:49,684 - INFO - ----------------------------------------------------------------------------------------------
2026-03-25 17:00:49,684 - INFO -  INFRA              INSTANCE              vCPUs   Mem(GB)   GPUS          COST ($)   CHOSEN
2026-03-25 17:00:49,684 - INFO - ----------------------------------------------------------------------------------------------
2026-03-25 17:00:49,684 - INFO -  AWS (us-west-2c)   p4de.24xlarge[Spot]   96      1152      A100-80GB:8   29.77      [32m   ✔[0m
2026-03-25 17:00:49,684 - INFO - ----------------------------------------------------------------------------------------------
2026-03-25 17:00:49,684 - INFO - [33mInstance type p4de.24xlarge supports up to 4 EFA interfaces, but `use_internal_ips` is not enabled.
2026-03-25 17:01:12,229 - INFO - Launching with the current configuration will use only 1 EFA interface.
2026-03-25 17:01:12,229 - INFO - To use all 4 EFA interfaces, enable internal IPs by adding one of the following configurations to SkyPilot config:
2026-03-25 17:01:12,229 - INFO - Option 1 (with SSM):
2026-03-25 17:01:12,229 - INFO -   aws:
2026-03-25 17:01:12,229 - INFO -     use_internal_ips: true
2026-03-25 17:01:12,230 - INFO -     use_ssm: true
2026-03-25 17:01:12,230 - INFO - Option 2 (with SSH proxy):
2026-03-25 17:01:12,230 - INFO -   aws:
2026-03-25 17:01:12,230 - INFO -     use_internal_ips: true
2026-03-25 17:01:12,230 - INFO -     ssh_proxy_command: ssh -W %h:%p -i <ssh key path> -o StrictHostKeyChecking=no <user>@<jump server public ip>
2026-03-25 17:01:12,230 - INFO - Refer to https://docs.skypilot.co/en/latest/reference/config.html#aws-use-internal-ips for more details.[0m
2026-03-25 17:01:12,230 - INFO - [0m⚙︎ Launching on AWS us-west-2[0m (us-west-2c).
2026-03-25 17:01:12,230 - INFO - [2mW 03-25 17:01:12.193 PID=1652500 instance.py:288] create_instances: Attempt failed with An error occurred (InsufficientInstanceCapacity) when calling the RunInstances operation (reached max retries: 0): We currently do not have sufficient p4de.24xlarge capacity in the Availability Zone you requested (us-west-2c). Our system will be working on provisioning additional capacity. You can currently get p4de.24xlarge capacity by not specifying an Availability Zone in your request or choosing us-west-2a, us-west-2b.[0m
2026-03-25 17:01:16,467 - INFO - AWS handler error: Failed to launch instances. Max attempts exceeded.
2026-03-25 17:01:16,668 - INFO - sky.exceptions.ResourcesUnavailableError: Failed to acquire resources in us-west-2c for {AWS(p4de.24xlarge[Spot], mem=64.0+, {'A100-80GB': 8}, network_tier=best, disk_size=1000)}.
2026-03-25 17:01:16,668 - INFO - 
2026-03-25 17:01:16,668 - INFO - [0m[33m↺[0m Trying other potential resources.
2026-03-25 17:01:16,668 - INFO - Considered resources (2 nodes):
2026-03-25 17:01:17,271 - INFO - ---------------------------------------------------------------------------------------------------
2026-03-25 17:01:17,271 - INFO -  INFRA                   INSTANCE              vCPUs   Mem(GB)   GPUS          COST ($)   CHOSEN
2026-03-25 17:01:17,271 - INFO - ---------------------------------------------------------------------------------------------------
2026-03-25 17:01:17,271 - INFO -  AWS (ap-northeast-1c)   p4de.24xlarge[Spot]   96      1152      A100-80GB:8   32.81      [32m   ✔[0m
2026-03-25 17:01:17,271 - INFO - ---------------------------------------------------------------------------------------------------
2026-03-25 17:01:17,271 - INFO - sky.exceptions.ResourcesUnavailableError: [33mFound no quota for p4de.24xlarge spot instances in region ap-northeast-1 in AWS. [0mTo request quotas, check the instruction: https://docs.skypilot.co/en/latest/cloud-setup/quota.html.
2026-03-25 17:01:17,473 - INFO - 
2026-03-25 17:01:17,474 - INFO - [0m[33m↺[0m Trying other potential resources.
2026-03-25 17:01:17,474 - INFO - Considered resources (2 nodes):
2026-03-25 17:01:18,683 - INFO - ----------------------------------------------------------------------------------------------
2026-03-25 17:01:18,683 - INFO -  INFRA              INSTANCE              vCPUs   Mem(GB)   GPUS          COST ($)   CHOSEN
2026-03-25 17:01:18,683 - INFO - ----------------------------------------------------------------------------------------------
2026-03-25 17:01:18,683 - INFO -  AWS (us-west-2b)   p4de.24xlarge[Spot]   96      1152      A100-80GB:8   33.39      [32m   ✔[0m
2026-03-25 17:01:18,683 - INFO - ----------------------------------------------------------------------------------------------
2026-03-25 17:01:18,683 - INFO - [33mInstance type p4de.24xlarge supports up to 4 EFA interfaces, but `use_internal_ips` is not enabled.
2026-03-25 17:01:40,857 - INFO - Launching with the current configuration will use only 1 EFA interface.
2026-03-25 17:01:40,857 - INFO - To use all 4 EFA interfaces, enable internal IPs by adding one of the following configurations to SkyPilot config:
2026-03-25 17:01:40,857 - INFO - Option 1 (with SSM):
2026-03-25 17:01:40,857 - INFO -   aws:
2026-03-25 17:01:40,857 - INFO -     use_internal_ips: true
2026-03-25 17:01:40,857 - INFO -     use_ssm: true
2026-03-25 17:01:40,857 - INFO - Option 2 (with SSH proxy):
2026-03-25 17:01:40,857 - INFO -   aws:
2026-03-25 17:01:40,857 - INFO -     use_internal_ips: true
2026-03-25 17:01:40,857 - INFO -     ssh_proxy_command: ssh -W %h:%p -i <ssh key path> -o StrictHostKeyChecking=no <user>@<jump server public ip>
2026-03-25 17:01:40,857 - INFO - Refer to https://docs.skypilot.co/en/latest/reference/config.html#aws-use-internal-ips for more details.[0m
2026-03-25 17:01:40,857 - INFO - [0m⚙︎ Launching on AWS us-west-2[0m (us-west-2b).
2026-03-25 17:01:40,857 - INFO - [2mW 03-25 17:01:40.769 PID=1652500 instance.py:288] create_instances: Attempt failed with An error occurred (InsufficientInstanceCapacity) when calling the RunInstances operation (reached max retries: 0): We currently do not have sufficient p4de.24xlarge capacity in the Availability Zone you requested (us-west-2b). Our system will be working on provisioning additional capacity. You can currently get p4de.24xlarge capacity by not specifying an Availability Zone in your request or choosing us-west-2a, us-west-2c.[0m
2026-03-25 17:01:45,281 - INFO - AWS handler error: Failed to launch instances. Max attempts exceeded.
2026-03-25 17:01:45,482 - INFO - sky.exceptions.ResourcesUnavailableError: Failed to acquire resources in us-west-2b for {AWS(p4de.24xlarge[Spot], mem=64.0+, {'A100-80GB': 8}, network_tier=best, disk_size=1000)}.
2026-03-25 17:01:45,483 - INFO - 
2026-03-25 17:01:45,483 - INFO - [0m[33m↺[0m Trying other potential resources.
2026-03-25 17:01:45,483 - INFO - Considered resources (2 nodes):
2026-03-25 17:01:46,488 - INFO - ----------------------------------------------------------------------------------------------
2026-03-25 17:01:46,488 - INFO -  INFRA              INSTANCE              vCPUs   Mem(GB)   GPUS          COST ($)   CHOSEN
2026-03-25 17:01:46,488 - INFO - ----------------------------------------------------------------------------------------------
2026-03-25 17:01:46,488 - INFO -  AWS (us-east-1a)   p4de.24xlarge[Spot]   96      1152      A100-80GB:8   34.11      [32m   ✔[0m
2026-03-25 17:01:46,488 - INFO - ----------------------------------------------------------------------------------------------
2026-03-25 17:01:46,488 - INFO - [33mInstance type p4de.24xlarge supports up to 4 EFA interfaces, but `use_internal_ips` is not enabled.
2026-03-25 17:01:46,590 - INFO - Launching with the current configuration will use only 1 EFA interface.
2026-03-25 17:01:46,590 - INFO - To use all 4 EFA interfaces, enable internal IPs by adding one of the following configurations to SkyPilot config:
2026-03-25 17:01:46,590 - INFO - Option 1 (with SSM):
2026-03-25 17:01:46,590 - INFO -   aws:
2026-03-25 17:01:46,590 - INFO -     use_internal_ips: true
2026-03-25 17:01:46,590 - INFO -     use_ssm: true
2026-03-25 17:01:46,590 - INFO - Option 2 (with SSH proxy):
2026-03-25 17:01:46,590 - INFO -   aws:
2026-03-25 17:01:46,590 - INFO -     use_internal_ips: true
2026-03-25 17:01:46,590 - INFO -     ssh_proxy_command: ssh -W %h:%p -i <ssh key path> -o StrictHostKeyChecking=no <user>@<jump server public ip>
2026-03-25 17:01:46,590 - INFO - Refer to https://docs.skypilot.co/en/latest/reference/config.html#aws-use-internal-ips for more details.[0m
2026-03-25 17:01:46,590 - INFO - [0m⚙︎ Launching on AWS us-east-1[0m (us-east-1a).
2026-03-25 17:02:09,458 - INFO - [2mW 03-25 17:02:09.444 PID=1652500 instance.py:288] create_instances: Attempt failed with An error occurred (MaxSpotInstanceCountExceeded) when calling the RunInstances operation: Max spot instance count exceeded[0m
2026-03-25 17:02:13,892 - INFO - AWS handler error: Failed to launch instances. Max attempts exceeded.
2026-03-25 17:02:13,992 - INFO - sky.exceptions.ResourcesUnavailableError: Failed to acquire resources in us-east-1a for {AWS(p4de.24xlarge[Spot], mem=64.0+, {'A100-80GB': 8}, network_tier=best, disk_size=1000)}.
2026-03-25 17:02:13,992 - INFO - 
2026-03-25 17:02:14,093 - INFO - [0m[33m↺[0m Trying other potential resources.
2026-03-25 17:02:14,093 - INFO - Considered resources (2 nodes):
2026-03-25 17:02:14,599 - INFO - ---------------------------------------------------------------------------------------------------
2026-03-25 17:02:14,599 - INFO -  INFRA                   INSTANCE              vCPUs   Mem(GB)   GPUS          COST ($)   CHOSEN
2026-03-25 17:02:14,599 - INFO - ---------------------------------------------------------------------------------------------------
2026-03-25 17:02:14,599 - INFO -  AWS (ap-southeast-1a)   p4de.24xlarge[Spot]   96      1152      A100-80GB:8   36.36      [32m   ✔[0m
2026-03-25 17:02:14,599 - INFO - ---------------------------------------------------------------------------------------------------
2026-03-25 17:02:14,599 - INFO - sky.exceptions.ResourcesUnavailableError: [33mFound no quota for p4de.24xlarge spot instances in region ap-southeast-1 in AWS. [0mTo request quotas, check the instruction: https://docs.skypilot.co/en/latest/cloud-setup/quota.html.
2026-03-25 17:02:14,801 - INFO - 
2026-03-25 17:02:14,801 - INFO - [0m[33m↺[0m Trying other potential resources.
2026-03-25 17:02:14,801 - INFO - Considered resources (2 nodes):
2026-03-25 17:02:15,708 - INFO - ----------------------------------------------------------------------------------------------
2026-03-25 17:02:15,709 - INFO -  INFRA              INSTANCE              vCPUs   Mem(GB)   GPUS          COST ($)   CHOSEN
2026-03-25 17:02:15,709 - INFO - ----------------------------------------------------------------------------------------------
2026-03-25 17:02:15,709 - INFO -  AWS (us-east-1d)   p4de.24xlarge[Spot]   96      1152      A100-80GB:8   54.89      [32m   ✔[0m
2026-03-25 17:02:15,709 - INFO - ----------------------------------------------------------------------------------------------
2026-03-25 17:02:15,709 - INFO - [33mInstance type p4de.24xlarge supports up to 4 EFA interfaces, but `use_internal_ips` is not enabled.
2026-03-25 17:02:15,809 - INFO - Launching with the current configuration will use only 1 EFA interface.
2026-03-25 17:02:15,809 - INFO - To use all 4 EFA interfaces, enable internal IPs by adding one of the following configurations to SkyPilot config:
2026-03-25 17:02:15,809 - INFO - Option 1 (with SSM):
2026-03-25 17:02:15,809 - INFO -   aws:
2026-03-25 17:02:15,809 - INFO -     use_internal_ips: true
2026-03-25 17:02:15,809 - INFO -     use_ssm: true
2026-03-25 17:02:15,809 - INFO - Option 2 (with SSH proxy):
2026-03-25 17:02:15,809 - INFO -   aws:
2026-03-25 17:02:15,809 - INFO -     use_internal_ips: true
2026-03-25 17:02:15,809 - INFO -     ssh_proxy_command: ssh -W %h:%p -i <ssh key path> -o StrictHostKeyChecking=no <user>@<jump server public ip>
2026-03-25 17:02:15,809 - INFO - Refer to https://docs.skypilot.co/en/latest/reference/config.html#aws-use-internal-ips for more details.[0m
2026-03-25 17:02:15,809 - INFO - [0m⚙︎ Launching on AWS us-east-1[0m (us-east-1d).
2026-03-25 17:02:37,493 - INFO - [2mW 03-25 17:02:37.447 PID=1652500 instance.py:288] create_instances: Attempt failed with An error occurred (InsufficientInstanceCapacity) when calling the RunInstances operation (reached max retries: 0): We currently do not have sufficient p4de.24xlarge capacity in the Availability Zone you requested (us-east-1d). Our system will be working on provisioning additional capacity. You can currently get p4de.24xlarge capacity by not specifying an Availability Zone in your request or choosing us-east-1a.[0m
2026-03-25 17:02:42,029 - INFO - AWS handler error: Failed to launch instances. Max attempts exceeded.
2026-03-25 17:02:42,131 - INFO - sky.exceptions.ResourcesUnavailableError: Failed to acquire resources in us-east-1d for {AWS(p4de.24xlarge[Spot], mem=64.0+, {'A100-80GB': 8}, network_tier=best, disk_size=1000)}.
2026-03-25 17:02:42,334 - INFO - 
2026-03-25 17:02:42,334 - INFO - [0m[33m↺[0m Trying other potential resources.
2026-03-25 17:02:42,334 - INFO - Considered resources (2 nodes):
2026-03-25 17:02:42,638 - INFO - ---------------------------------------------------------------------------------------------------
2026-03-25 17:02:42,638 - INFO -  INFRA                   INSTANCE              vCPUs   Mem(GB)   GPUS          COST ($)   CHOSEN
2026-03-25 17:02:42,638 - INFO - ---------------------------------------------------------------------------------------------------
2026-03-25 17:02:42,638 - INFO -  AWS (ap-southeast-1c)   p4de.24xlarge[Spot]   96      1152      A100-80GB:8   65.87      [32m   ✔[0m
2026-03-25 17:02:42,638 - INFO - ---------------------------------------------------------------------------------------------------
2026-03-25 17:02:42,638 - INFO - sky.exceptions.ResourcesUnavailableError: [33mFound no quota for p4de.24xlarge spot instances in region ap-southeast-1 in AWS. [0mTo request quotas, check the instruction: https://docs.skypilot.co/en/latest/cloud-setup/quota.html.
2026-03-25 17:02:42,740 - INFO - 
2026-03-25 17:02:44,256 - INFO - [0m[33m↺[0m Trying other potential resources.
2026-03-25 17:02:44,256 - INFO - 
2026-03-25 17:03:14,919 - INFO - [?25h[31mFailed to provision all possible launchable resources.[0m Relax the task's resource requirements: 2x AWS(p4de.24xlarge[Spot], mem=64.0+, {'A100-80GB': 8}, network_tier=best, disk_size=1000)
2026-03-25 17:03:14,919 - INFO - 
2026-03-25 17:03:14,919 - INFO - [0m[33m↺[0m Retry after 30s  [2mView logs: [1msky logs --provision rf-qwen3-235b-a22b-tp8pp2-A100-80gb[0m[0m[0m
2026-03-25 17:03:14,920 - INFO - [33mLaunching a spot job that does not automatically recover from preemptions. To get automatic recovery, use managed job instead: [0m[1msky jobs launch[0m [33mor[0m [1msky.jobs.launch()[0m.
2026-03-25 17:03:15,020 - INFO - Considered resources (2 nodes):
2026-03-25 17:03:15,727 - INFO - ---------------------------------------------------------------------------------------------------
2026-03-25 17:03:15,728 - INFO -  INFRA                   INSTANCE              vCPUs   Mem(GB)   GPUS          COST ($)   CHOSEN
2026-03-25 17:03:15,728 - INFO - ---------------------------------------------------------------------------------------------------
2026-03-25 17:03:15,728 - INFO -  AWS (ap-northeast-1a)   p4de.24xlarge[Spot]   96      1152      A100-80GB:8   19.34      [32m   ✔[0m
2026-03-25 17:03:15,728 - INFO - ---------------------------------------------------------------------------------------------------
2026-03-25 17:03:15,728 - INFO - sky.exceptions.ResourcesUnavailableError: [33mFound no quota for p4de.24xlarge spot instances in region ap-northeast-1 in AWS. [0mTo request quotas, check the instruction: https://docs.skypilot.co/en/latest/cloud-setup/quota.html.
2026-03-25 17:03:15,829 - INFO - 
2026-03-25 17:03:15,829 - INFO - [0m[33m↺[0m Trying other potential resources.
2026-03-25 17:03:15,829 - INFO - Considered resources (2 nodes):
2026-03-25 17:03:16,635 - INFO - -------------------------------------------------------------------------------------------------
2026-03-25 17:03:16,636 - INFO -  INFRA                 INSTANCE              vCPUs   Mem(GB)   GPUS          COST ($)   CHOSEN
2026-03-25 17:03:16,636 - INFO - -------------------------------------------------------------------------------------------------
2026-03-25 17:03:16,636 - INFO -  AWS (eu-central-1a)   p4de.24xlarge[Spot]   96      1152      A100-80GB:8   21.26      [32m   ✔[0m
2026-03-25 17:03:16,636 - INFO - -------------------------------------------------------------------------------------------------
2026-03-25 17:03:16,636 - INFO - sky.exceptions.ResourcesUnavailableError: [33mFound no quota for p4de.24xlarge spot instances in region eu-central-1 in AWS. [0mTo request quotas, check the instruction: https://docs.skypilot.co/en/latest/cloud-setup/quota.html.
2026-03-25 17:03:16,737 - INFO - 
2026-03-25 17:03:16,737 - INFO - [0m[33m↺[0m Trying other potential resources.
2026-03-25 17:03:16,737 - INFO - Considered resources (2 nodes):
2026-03-25 17:03:17,441 - INFO - -------------------------------------------------------------------------------------------------
2026-03-25 17:03:17,441 - INFO -  INFRA                 INSTANCE              vCPUs   Mem(GB)   GPUS          COST ($)   CHOSEN
2026-03-25 17:03:17,441 - INFO - -------------------------------------------------------------------------------------------------
2026-03-25 17:03:17,441 - INFO -  AWS (eu-central-1c)   p4de.24xlarge[Spot]   96      1152      A100-80GB:8   26.21      [32m   ✔[0m
2026-03-25 17:03:17,441 - INFO - -------------------------------------------------------------------------------------------------
2026-03-25 17:03:17,441 - INFO - sky.exceptions.ResourcesUnavailableError: [33mFound no quota for p4de.24xlarge spot instances in region eu-central-1 in AWS. [0mTo request quotas, check the instruction: https://docs.skypilot.co/en/latest/cloud-setup/quota.html.
2026-03-25 17:03:17,543 - INFO - 
2026-03-25 17:03:17,543 - INFO - [0m[33m↺[0m Trying other potential resources.
2026-03-25 17:03:17,543 - INFO - Considered resources (2 nodes):
2026-03-25 17:03:18,755 - INFO - ----------------------------------------------------------------------------------------------
2026-03-25 17:03:18,755 - INFO -  INFRA              INSTANCE              vCPUs   Mem(GB)   GPUS          COST ($)   CHOSEN
2026-03-25 17:03:18,755 - INFO - ----------------------------------------------------------------------------------------------
2026-03-25 17:03:18,755 - INFO -  AWS (us-west-2a)   p4de.24xlarge[Spot]   96      1152      A100-80GB:8   27.07      [32m   ✔[0m
2026-03-25 17:03:18,755 - INFO - ----------------------------------------------------------------------------------------------
2026-03-25 17:03:18,755 - INFO - [33mInstance type p4de.24xlarge supports up to 4 EFA interfaces, but `use_internal_ips` is not enabled.
2026-03-25 17:03:18,857 - INFO - Launching with the current configuration will use only 1 EFA interface.
2026-03-25 17:03:18,857 - INFO - To use all 4 EFA interfaces, enable internal IPs by adding one of the following configurations to SkyPilot config:
2026-03-25 17:03:18,857 - INFO - Option 1 (with SSM):
2026-03-25 17:03:18,857 - INFO -   aws:
2026-03-25 17:03:18,857 - INFO -     use_internal_ips: true
2026-03-25 17:03:18,857 - INFO -     use_ssm: true
2026-03-25 17:03:18,857 - INFO - Option 2 (with SSH proxy):
2026-03-25 17:03:18,857 - INFO -   aws:
2026-03-25 17:03:18,857 - INFO -     use_internal_ips: true
2026-03-25 17:03:18,857 - INFO -     ssh_proxy_command: ssh -W %h:%p -i <ssh key path> -o StrictHostKeyChecking=no <user>@<jump server public ip>
2026-03-25 17:03:18,857 - INFO - Refer to https://docs.skypilot.co/en/latest/reference/config.html#aws-use-internal-ips for more details.[0m
2026-03-25 17:03:18,857 - INFO - [0m⚙︎ Launching on AWS us-west-2[0m (us-west-2a).
2026-03-25 17:03:42,227 - INFO - [2mW 03-25 17:03:42.224 PID=2248878 instance.py:288] create_instances: Attempt failed with An error occurred (InsufficientInstanceCapacity) when calling the RunInstances operation (reached max retries: 0): We currently do not have sufficient p4de.24xlarge capacity in the Availability Zone you requested (us-west-2a). Our system will be working on provisioning additional capacity. You can currently get p4de.24xlarge capacity by not specifying an Availability Zone in your request or choosing us-west-2b, us-west-2c.[0m
2026-03-25 17:03:46,654 - INFO - AWS handler error: Failed to launch instances. Max attempts exceeded.
2026-03-25 17:03:46,854 - INFO - sky.exceptions.ResourcesUnavailableError: Failed to acquire resources in us-west-2a for {AWS(p4de.24xlarge[Spot], mem=64.0+, {'A100-80GB': 8}, network_tier=best, disk_size=1000)}.
2026-03-25 17:03:46,854 - INFO - 
2026-03-25 17:03:46,854 - INFO - [0m[33m↺[0m Trying other potential resources.
2026-03-25 17:03:46,854 - INFO - Considered resources (2 nodes):
2026-03-25 17:03:48,064 - INFO - ----------------------------------------------------------------------------------------------
2026-03-25 17:03:48,064 - INFO -  INFRA              INSTANCE              vCPUs   Mem(GB)   GPUS          COST ($)   CHOSEN
2026-03-25 17:03:48,064 - INFO - ----------------------------------------------------------------------------------------------
2026-03-25 17:03:48,064 - INFO -  AWS (us-west-2c)   p4de.24xlarge[Spot]   96      1152      A100-80GB:8   30.74      [32m   ✔[0m
2026-03-25 17:03:48,064 - INFO - ----------------------------------------------------------------------------------------------
2026-03-25 17:03:48,065 - INFO - [33mInstance type p4de.24xlarge supports up to 4 EFA interfaces, but `use_internal_ips` is not enabled.
2026-03-25 17:03:48,167 - INFO - Launching with the current configuration will use only 1 EFA interface.
2026-03-25 17:03:48,167 - INFO - To use all 4 EFA interfaces, enable internal IPs by adding one of the following configurations to SkyPilot config:
2026-03-25 17:03:48,167 - INFO - Option 1 (with SSM):
2026-03-25 17:03:48,167 - INFO -   aws:
2026-03-25 17:03:48,167 - INFO -     use_internal_ips: true
2026-03-25 17:03:48,167 - INFO -     use_ssm: true
2026-03-25 17:03:48,167 - INFO - Option 2 (with SSH proxy):
2026-03-25 17:03:48,167 - INFO -   aws:
2026-03-25 17:03:48,167 - INFO -     use_internal_ips: true
2026-03-25 17:03:48,167 - INFO -     ssh_proxy_command: ssh -W %h:%p -i <ssh key path> -o StrictHostKeyChecking=no <user>@<jump server public ip>
2026-03-25 17:03:48,167 - INFO - Refer to https://docs.skypilot.co/en/latest/reference/config.html#aws-use-internal-ips for more details.[0m
2026-03-25 17:03:48,167 - INFO - [0m⚙︎ Launching on AWS us-west-2[0m (us-west-2c).
2026-03-25 17:04:10,543 - INFO - [2mW 03-25 17:04:10.492 PID=2248878 instance.py:288] create_instances: Attempt failed with An error occurred (InsufficientInstanceCapacity) when calling the RunInstances operation (reached max retries: 0): We currently do not have sufficient p4de.24xlarge capacity in the Availability Zone you requested (us-west-2c). Our system will be working on provisioning additional capacity. You can currently get p4de.24xlarge capacity by not specifying an Availability Zone in your request or choosing us-west-2a, us-west-2b.[0m
2026-03-25 17:04:14,777 - INFO - AWS handler error: Failed to launch instances. Max attempts exceeded.
2026-03-25 17:04:14,980 - INFO - sky.exceptions.ResourcesUnavailableError: Failed to acquire resources in us-west-2c for {AWS(p4de.24xlarge[Spot], mem=64.0+, {'A100-80GB': 8}, network_tier=best, disk_size=1000)}.
2026-03-25 17:04:14,980 - INFO - 
2026-03-25 17:04:14,980 - INFO - [0m[33m↺[0m Trying other potential resources.
2026-03-25 17:04:14,980 - INFO - Considered resources (2 nodes):
2026-03-25 17:04:15,584 - INFO - ---------------------------------------------------------------------------------------------------
2026-03-25 17:04:15,584 - INFO -  INFRA                   INSTANCE              vCPUs   Mem(GB)   GPUS          COST ($)   CHOSEN
2026-03-25 17:04:15,584 - INFO - ---------------------------------------------------------------------------------------------------
2026-03-25 17:04:15,584 - INFO -  AWS (ap-northeast-1c)   p4de.24xlarge[Spot]   96      1152      A100-80GB:8   32.78      [32m   ✔[0m
2026-03-25 17:04:15,584 - INFO - ---------------------------------------------------------------------------------------------------
2026-03-25 17:04:15,584 - INFO - sky.exceptions.ResourcesUnavailableError: [33mFound no quota for p4de.24xlarge spot instances in region ap-northeast-1 in AWS. [0mTo request quotas, check the instruction: https://docs.skypilot.co/en/latest/cloud-setup/quota.html.
2026-03-25 17:04:15,785 - INFO - 
2026-03-25 17:04:15,785 - INFO - [0m[33m↺[0m Trying other potential resources.
2026-03-25 17:04:15,785 - INFO - Considered resources (2 nodes):
2026-03-25 17:04:16,892 - INFO - ----------------------------------------------------------------------------------------------
2026-03-25 17:04:16,893 - INFO -  INFRA              INSTANCE              vCPUs   Mem(GB)   GPUS          COST ($)   CHOSEN
2026-03-25 17:04:16,893 - INFO - ----------------------------------------------------------------------------------------------
2026-03-25 17:04:16,893 - INFO -  AWS (us-west-2b)   p4de.24xlarge[Spot]   96      1152      A100-80GB:8   34.02      [32m   ✔[0m
2026-03-25 17:04:16,893 - INFO - ----------------------------------------------------------------------------------------------
2026-03-25 17:04:16,893 - INFO - [33mInstance type p4de.24xlarge supports up to 4 EFA interfaces, but `use_internal_ips` is not enabled.
2026-03-25 17:04:16,994 - INFO - Launching with the current configuration will use only 1 EFA interface.
2026-03-25 17:04:16,994 - INFO - To use all 4 EFA interfaces, enable internal IPs by adding one of the following configurations to SkyPilot config:
2026-03-25 17:04:16,994 - INFO - Option 1 (with SSM):
2026-03-25 17:04:16,994 - INFO -   aws:
2026-03-25 17:04:16,994 - INFO -     use_internal_ips: true
2026-03-25 17:04:16,994 - INFO -     use_ssm: true
2026-03-25 17:04:16,994 - INFO - Option 2 (with SSH proxy):
2026-03-25 17:04:16,994 - INFO -   aws:
2026-03-25 17:04:16,994 - INFO -     use_internal_ips: true
2026-03-25 17:04:16,994 - INFO -     ssh_proxy_command: ssh -W %h:%p -i <ssh key path> -o StrictHostKeyChecking=no <user>@<jump server public ip>
2026-03-25 17:04:16,994 - INFO - Refer to https://docs.skypilot.co/en/latest/reference/config.html#aws-use-internal-ips for more details.[0m
2026-03-25 17:04:16,994 - INFO - [0m⚙︎ Launching on AWS us-west-2[0m (us-west-2b).
2026-03-25 17:04:38,439 - INFO - [2mW 03-25 17:04:38.343 PID=2248878 instance.py:288] create_instances: Attempt failed with An error occurred (InsufficientInstanceCapacity) when calling the RunInstances operation (reached max retries: 0): We currently do not have sufficient p4de.24xlarge capacity in the Availability Zone you requested (us-west-2b). Our system will be working on provisioning additional capacity. You can currently get p4de.24xlarge capacity by not specifying an Availability Zone in your request or choosing us-west-2a, us-west-2c.[0m
2026-03-25 17:04:42,165 - INFO - AWS handler error: Failed to launch instances. Max attempts exceeded.
2026-03-25 17:04:42,367 - INFO - sky.exceptions.ResourcesUnavailableError: Failed to acquire resources in us-west-2b for {AWS(p4de.24xlarge[Spot], mem=64.0+, {'A100-80GB': 8}, network_tier=best, disk_size=1000)}.
2026-03-25 17:04:42,368 - INFO - 
2026-03-25 17:04:42,368 - INFO - [0m[33m↺[0m Trying other potential resources.
2026-03-25 17:04:42,368 - INFO - Considered resources (2 nodes):
2026-03-25 17:04:43,373 - INFO - ----------------------------------------------------------------------------------------------
2026-03-25 17:04:43,373 - INFO -  INFRA              INSTANCE              vCPUs   Mem(GB)   GPUS          COST ($)   CHOSEN
2026-03-25 17:04:43,373 - INFO - ----------------------------------------------------------------------------------------------
2026-03-25 17:04:43,373 - INFO -  AWS (us-east-1a)   p4de.24xlarge[Spot]   96      1152      A100-80GB:8   38.20      [32m   ✔[0m
2026-03-25 17:04:43,373 - INFO - ----------------------------------------------------------------------------------------------
2026-03-25 17:04:43,373 - INFO - [33mInstance type p4de.24xlarge supports up to 4 EFA interfaces, but `use_internal_ips` is not enabled.
2026-03-25 17:04:43,475 - INFO - Launching with the current configuration will use only 1 EFA interface.
2026-03-25 17:04:43,475 - INFO - To use all 4 EFA interfaces, enable internal IPs by adding one of the following configurations to SkyPilot config:
2026-03-25 17:04:43,475 - INFO - Option 1 (with SSM):
2026-03-25 17:04:43,475 - INFO -   aws:
2026-03-25 17:04:43,475 - INFO -     use_internal_ips: true
2026-03-25 17:04:43,475 - INFO -     use_ssm: true
2026-03-25 17:04:43,475 - INFO - Option 2 (with SSH proxy):
2026-03-25 17:04:43,475 - INFO -   aws:
2026-03-25 17:04:43,475 - INFO -     use_internal_ips: true
2026-03-25 17:04:43,475 - INFO -     ssh_proxy_command: ssh -W %h:%p -i <ssh key path> -o StrictHostKeyChecking=no <user>@<jump server public ip>
2026-03-25 17:04:43,475 - INFO - Refer to https://docs.skypilot.co/en/latest/reference/config.html#aws-use-internal-ips for more details.[0m
2026-03-25 17:04:43,475 - INFO - [0m⚙︎ Launching on AWS us-east-1[0m (us-east-1a).
2026-03-25 17:05:06,835 - INFO - [2mW 03-25 17:05:06.811 PID=2248878 instance.py:288] create_instances: Attempt failed with An error occurred (MaxSpotInstanceCountExceeded) when calling the RunInstances operation: Max spot instance count exceeded[0m
2026-03-25 17:05:11,063 - INFO - AWS handler error: Failed to launch instances. Max attempts exceeded.
2026-03-25 17:05:11,162 - INFO - sky.exceptions.ResourcesUnavailableError: Failed to acquire resources in us-east-1a for {AWS(p4de.24xlarge[Spot], mem=64.0+, {'A100-80GB': 8}, network_tier=best, disk_size=1000)}.
2026-03-25 17:05:11,163 - INFO - 
2026-03-25 17:05:11,263 - INFO - [0m[33m↺[0m Trying other potential resources.
2026-03-25 17:05:11,264 - INFO - Considered resources (2 nodes):
2026-03-25 17:05:11,767 - INFO - ---------------------------------------------------------------------------------------------------
2026-03-25 17:05:11,767 - INFO -  INFRA                   INSTANCE              vCPUs   Mem(GB)   GPUS          COST ($)   CHOSEN
2026-03-25 17:05:11,767 - INFO - ---------------------------------------------------------------------------------------------------
2026-03-25 17:05:11,767 - INFO -  AWS (ap-southeast-1a)   p4de.24xlarge[Spot]   96      1152      A100-80GB:8   40.14      [32m   ✔[0m
2026-03-25 17:05:11,767 - INFO - ---------------------------------------------------------------------------------------------------
2026-03-25 17:05:11,767 - INFO - sky.exceptions.ResourcesUnavailableError: [33mFound no quota for p4de.24xlarge spot instances in region ap-southeast-1 in AWS. [0mTo request quotas, check the instruction: https://docs.skypilot.co/en/latest/cloud-setup/quota.html.
2026-03-25 17:05:11,968 - INFO - 
2026-03-25 17:05:11,968 - INFO - [0m[33m↺[0m Trying other potential resources.
2026-03-25 17:05:11,968 - INFO - Considered resources (2 nodes):
2026-03-25 17:05:12,974 - INFO - ----------------------------------------------------------------------------------------------
2026-03-25 17:05:12,974 - INFO -  INFRA              INSTANCE              vCPUs   Mem(GB)   GPUS          COST ($)   CHOSEN
2026-03-25 17:05:12,974 - INFO - ----------------------------------------------------------------------------------------------
2026-03-25 17:05:12,974 - INFO -  AWS (us-east-1d)   p4de.24xlarge[Spot]   96      1152      A100-80GB:8   54.89      [32m   ✔[0m
2026-03-25 17:05:12,974 - INFO - ----------------------------------------------------------------------------------------------
2026-03-25 17:05:12,974 - INFO - [33mInstance type p4de.24xlarge supports up to 4 EFA interfaces, but `use_internal_ips` is not enabled.
2026-03-25 17:05:13,076 - INFO - Launching with the current configuration will use only 1 EFA interface.
2026-03-25 17:05:13,077 - INFO - To use all 4 EFA interfaces, enable internal IPs by adding one of the following configurations to SkyPilot config:
2026-03-25 17:05:13,077 - INFO - Option 1 (with SSM):
2026-03-25 17:05:13,077 - INFO -   aws:
2026-03-25 17:05:13,077 - INFO -     use_internal_ips: true
2026-03-25 17:05:13,077 - INFO -     use_ssm: true
2026-03-25 17:05:13,077 - INFO - Option 2 (with SSH proxy):
2026-03-25 17:05:13,077 - INFO -   aws:
2026-03-25 17:05:13,077 - INFO -     use_internal_ips: true
2026-03-25 17:05:13,077 - INFO -     ssh_proxy_command: ssh -W %h:%p -i <ssh key path> -o StrictHostKeyChecking=no <user>@<jump server public ip>
2026-03-25 17:05:13,077 - INFO - Refer to https://docs.skypilot.co/en/latest/reference/config.html#aws-use-internal-ips for more details.[0m
2026-03-25 17:05:13,077 - INFO - [0m⚙︎ Launching on AWS us-east-1[0m (us-east-1d).
2026-03-25 17:05:34,934 - INFO - [2mW 03-25 17:05:34.875 PID=2248878 instance.py:288] create_instances: Attempt failed with An error occurred (InsufficientInstanceCapacity) when calling the RunInstances operation (reached max retries: 0): We currently do not have sufficient p4de.24xlarge capacity in the Availability Zone you requested (us-east-1d). Our system will be working on provisioning additional capacity. You can currently get p4de.24xlarge capacity by not specifying an Availability Zone in your request or choosing us-east-1a.[0m
2026-03-25 17:05:39,065 - INFO - AWS handler error: Failed to launch instances. Max attempts exceeded.
2026-03-25 17:05:39,268 - INFO - sky.exceptions.ResourcesUnavailableError: Failed to acquire resources in us-east-1d for {AWS(p4de.24xlarge[Spot], mem=64.0+, {'A100-80GB': 8}, network_tier=best, disk_size=1000)}.
2026-03-25 17:05:39,268 - INFO - 
2026-03-25 17:05:39,268 - INFO - [0m[33m↺[0m Trying other potential resources.
2026-03-25 17:05:39,268 - INFO - Considered resources (2 nodes):
2026-03-25 17:05:39,570 - INFO - ---------------------------------------------------------------------------------------------------
2026-03-25 17:05:39,570 - INFO -  INFRA                   INSTANCE              vCPUs   Mem(GB)   GPUS          COST ($)   CHOSEN
2026-03-25 17:05:39,570 - INFO - ---------------------------------------------------------------------------------------------------
2026-03-25 17:05:39,570 - INFO -  AWS (ap-southeast-1c)   p4de.24xlarge[Spot]   96      1152      A100-80GB:8   65.87      [32m   ✔[0m
2026-03-25 17:05:39,570 - INFO - ---------------------------------------------------------------------------------------------------
2026-03-25 17:05:39,570 - INFO - sky.exceptions.ResourcesUnavailableError: [33mFound no quota for p4de.24xlarge spot instances in region ap-southeast-1 in AWS. [0mTo request quotas, check the instruction: https://docs.skypilot.co/en/latest/cloud-setup/quota.html.
2026-03-25 17:05:39,672 - INFO - 
2026-03-25 17:05:41,087 - INFO - [0m[33m↺[0m Trying other potential resources.
2026-03-25 17:05:41,087 - INFO - 
2026-03-25 17:06:11,732 - INFO - [?25h[31mFailed to provision all possible launchable resources.[0m Relax the task's resource requirements: 2x AWS(p4de.24xlarge[Spot], mem=64.0+, {'A100-80GB': 8}, network_tier=best, disk_size=1000)
2026-03-25 17:06:11,732 - INFO - 
2026-03-25 17:06:11,733 - INFO - [0m[33m↺[0m Retry after 30s  [2mView logs: [1msky logs --provision rf-qwen3-235b-a22b-tp8pp2-A100-80gb[0m[0m[0m
2026-03-25 17:06:11,733 - INFO - [33mLaunching a spot job that does not automatically recover from preemptions. To get automatic recovery, use managed job instead: [0m[1msky jobs launch[0m [33mor[0m [1msky.jobs.launch()[0m.
2026-03-25 17:06:11,834 - INFO - Considered resources (2 nodes):
2026-03-25 17:06:12,535 - INFO - ---------------------------------------------------------------------------------------------------
2026-03-25 17:06:12,535 - INFO -  INFRA                   INSTANCE              vCPUs   Mem(GB)   GPUS          COST ($)   CHOSEN
2026-03-25 17:06:12,535 - INFO - ---------------------------------------------------------------------------------------------------
2026-03-25 17:06:12,535 - INFO -  AWS (ap-northeast-1a)   p4de.24xlarge[Spot]   96      1152      A100-80GB:8   19.80      [32m   ✔[0m
2026-03-25 17:06:12,535 - INFO - ---------------------------------------------------------------------------------------------------
2026-03-25 17:06:12,535 - INFO - sky.exceptions.ResourcesUnavailableError: [33mFound no quota for p4de.24xlarge spot instances in region ap-northeast-1 in AWS. [0mTo request quotas, check the instruction: https://docs.skypilot.co/en/latest/cloud-setup/quota.html.
2026-03-25 17:06:12,637 - INFO - 
2026-03-25 17:06:12,637 - INFO - [0m[33m↺[0m Trying other potential resources.
2026-03-25 17:06:12,637 - INFO - Considered resources (2 nodes):
2026-03-25 17:06:13,543 - INFO - -------------------------------------------------------------------------------------------------
2026-03-25 17:06:13,544 - INFO -  INFRA                 INSTANCE              vCPUs   Mem(GB)   GPUS          COST ($)   CHOSEN
2026-03-25 17:06:13,544 - INFO - -------------------------------------------------------------------------------------------------
2026-03-25 17:06:13,544 - INFO -  AWS (eu-central-1a)   p4de.24xlarge[Spot]   96      1152      A100-80GB:8   20.30      [32m   ✔[0m
2026-03-25 17:06:13,544 - INFO - -------------------------------------------------------------------------------------------------
2026-03-25 17:06:13,544 - INFO - sky.exceptions.ResourcesUnavailableError: [33mFound no quota for p4de.24xlarge spot instances in region eu-central-1 in AWS. [0mTo request quotas, check the instruction: https://docs.skypilot.co/en/latest/cloud-setup/quota.html.
2026-03-25 17:06:13,645 - INFO - 
2026-03-25 17:06:13,645 - INFO - [0m[33m↺[0m Trying other potential resources.
2026-03-25 17:06:13,645 - INFO - Considered resources (2 nodes):
2026-03-25 17:06:14,655 - INFO - ----------------------------------------------------------------------------------------------
2026-03-25 17:06:14,655 - INFO -  INFRA              INSTANCE              vCPUs   Mem(GB)   GPUS          COST ($)   CHOSEN
2026-03-25 17:06:14,655 - INFO - ----------------------------------------------------------------------------------------------
2026-03-25 17:06:14,655 - INFO -  AWS (us-west-2a)   p4de.24xlarge[Spot]   96      1152      A100-80GB:8   24.57      [32m   ✔[0m
2026-03-25 17:06:14,655 - INFO - ----------------------------------------------------------------------------------------------
2026-03-25 17:06:14,655 - INFO - [33mInstance type p4de.24xlarge supports up to 4 EFA interfaces, but `use_internal_ips` is not enabled.
2026-03-25 17:06:14,755 - INFO - Launching with the current configuration will use only 1 EFA interface.
2026-03-25 17:06:14,755 - INFO - To use all 4 EFA interfaces, enable internal IPs by adding one of the following configurations to SkyPilot config:
2026-03-25 17:06:14,755 - INFO - Option 1 (with SSM):
2026-03-25 17:06:14,755 - INFO -   aws:
2026-03-25 17:06:14,755 - INFO -     use_internal_ips: true
2026-03-25 17:06:14,755 - INFO -     use_ssm: true
2026-03-25 17:06:14,755 - INFO - Option 2 (with SSH proxy):
2026-03-25 17:06:14,755 - INFO -   aws:
2026-03-25 17:06:14,756 - INFO -     use_internal_ips: true
2026-03-25 17:06:14,756 - INFO -     ssh_proxy_command: ssh -W %h:%p -i <ssh key path> -o StrictHostKeyChecking=no <user>@<jump server public ip>
2026-03-25 17:06:14,756 - INFO - Refer to https://docs.skypilot.co/en/latest/reference/config.html#aws-use-internal-ips for more details.[0m
2026-03-25 17:06:14,756 - INFO - [0m⚙︎ Launching on AWS us-west-2[0m (us-west-2a).
2026-03-25 17:06:36,203 - INFO - [2mW 03-25 17:06:36.114 PID=1652500 instance.py:288] create_instances: Attempt failed with An error occurred (InsufficientInstanceCapacity) when calling the RunInstances operation (reached max retries: 0): We currently do not have sufficient p4de.24xlarge capacity in the Availability Zone you requested (us-west-2a). Our system will be working on provisioning additional capacity. You can currently get p4de.24xlarge capacity by not specifying an Availability Zone in your request or choosing us-west-2b, us-west-2c.[0m
2026-03-25 17:06:39,829 - INFO - AWS handler error: Failed to launch instances. Max attempts exceeded.
2026-03-25 17:06:40,032 - INFO - sky.exceptions.ResourcesUnavailableError: Failed to acquire resources in us-west-2a for {AWS(p4de.24xlarge[Spot], mem=64.0+, {'A100-80GB': 8}, network_tier=best, disk_size=1000)}.
2026-03-25 17:06:40,032 - INFO - 
2026-03-25 17:06:40,032 - INFO - [0m[33m↺[0m Trying other potential resources.
2026-03-25 17:06:40,032 - INFO - Considered resources (2 nodes):
2026-03-25 17:06:40,738 - INFO - -------------------------------------------------------------------------------------------------
2026-03-25 17:06:40,738 - INFO -  INFRA                 INSTANCE              vCPUs   Mem(GB)   GPUS          COST ($)   CHOSEN
2026-03-25 17:06:40,738 - INFO - -------------------------------------------------------------------------------------------------
2026-03-25 17:06:40,739 - INFO -  AWS (eu-central-1c)   p4de.24xlarge[Spot]   96      1152      A100-80GB:8   26.88      [32m   ✔[0m
2026-03-25 17:06:40,739 - INFO - -------------------------------------------------------------------------------------------------
2026-03-25 17:06:40,739 - INFO - sky.exceptions.ResourcesUnavailableError: [33mFound no quota for p4de.24xlarge spot instances in region eu-central-1 in AWS. [0mTo request quotas, check the instruction: https://docs.skypilot.co/en/latest/cloud-setup/quota.html.
2026-03-25 17:06:40,839 - INFO - 
2026-03-25 17:06:40,839 - INFO - [0m[33m↺[0m Trying other potential resources.
2026-03-25 17:06:40,839 - INFO - Considered resources (2 nodes):
2026-03-25 17:06:41,848 - INFO - ----------------------------------------------------------------------------------------------
2026-03-25 17:06:41,848 - INFO -  INFRA              INSTANCE              vCPUs   Mem(GB)   GPUS          COST ($)   CHOSEN
2026-03-25 17:06:41,848 - INFO - ----------------------------------------------------------------------------------------------
2026-03-25 17:06:41,848 - INFO -  AWS (us-west-2c)   p4de.24xlarge[Spot]   96      1152      A100-80GB:8   29.77      [32m   ✔[0m
2026-03-25 17:06:41,848 - INFO - ----------------------------------------------------------------------------------------------
2026-03-25 17:06:41,848 - INFO - [33mInstance type p4de.24xlarge supports up to 4 EFA interfaces, but `use_internal_ips` is not enabled.
2026-03-25 17:06:41,948 - INFO - Launching with the current configuration will use only 1 EFA interface.
2026-03-25 17:06:41,948 - INFO - To use all 4 EFA interfaces, enable internal IPs by adding one of the following configurations to SkyPilot config:
2026-03-25 17:06:41,948 - INFO - Option 1 (with SSM):
2026-03-25 17:06:41,948 - INFO -   aws:
2026-03-25 17:06:41,948 - INFO -     use_internal_ips: true
2026-03-25 17:06:41,948 - INFO -     use_ssm: true
2026-03-25 17:06:41,948 - INFO - Option 2 (with SSH proxy):
2026-03-25 17:06:41,948 - INFO -   aws:
2026-03-25 17:06:41,949 - INFO -     use_internal_ips: true
2026-03-25 17:06:41,949 - INFO -     ssh_proxy_command: ssh -W %h:%p -i <ssh key path> -o StrictHostKeyChecking=no <user>@<jump server public ip>
2026-03-25 17:06:41,949 - INFO - Refer to https://docs.skypilot.co/en/latest/reference/config.html#aws-use-internal-ips for more details.[0m
2026-03-25 17:06:41,949 - INFO - [0m⚙︎ Launching on AWS us-west-2[0m (us-west-2c).
2026-03-25 17:07:01,595 - INFO - [2mW 03-25 17:07:01.509 PID=1652500 instance.py:288] create_instances: Attempt failed with An error occurred (InsufficientInstanceCapacity) when calling the RunInstances operation (reached max retries: 0): We currently do not have sufficient p4de.24xlarge capacity in the Availability Zone you requested (us-west-2c). Our system will be working on provisioning additional capacity. You can currently get p4de.24xlarge capacity by not specifying an Availability Zone in your request or choosing us-west-2a, us-west-2b.[0m
2026-03-25 17:07:05,221 - INFO - AWS handler error: Failed to launch instances. Max attempts exceeded.
2026-03-25 17:07:05,424 - INFO - sky.exceptions.ResourcesUnavailableError: Failed to acquire resources in us-west-2c for {AWS(p4de.24xlarge[Spot], mem=64.0+, {'A100-80GB': 8}, network_tier=best, disk_size=1000)}.
2026-03-25 17:07:05,424 - INFO - 
2026-03-25 17:07:05,424 - INFO - [0m[33m↺[0m Trying other potential resources.
2026-03-25 17:07:05,424 - INFO - Considered resources (2 nodes):
2026-03-25 17:07:06,129 - INFO - ---------------------------------------------------------------------------------------------------
2026-03-25 17:07:06,129 - INFO -  INFRA                   INSTANCE              vCPUs   Mem(GB)   GPUS          COST ($)   CHOSEN
2026-03-25 17:07:06,129 - INFO - ---------------------------------------------------------------------------------------------------
2026-03-25 17:07:06,129 - INFO -  AWS (ap-northeast-1c)   p4de.24xlarge[Spot]   96      1152      A100-80GB:8   32.81      [32m   ✔[0m
2026-03-25 17:07:06,129 - INFO - ---------------------------------------------------------------------------------------------------
2026-03-25 17:07:06,129 - INFO - sky.exceptions.ResourcesUnavailableError: [33mFound no quota for p4de.24xlarge spot instances in region ap-northeast-1 in AWS. [0mTo request quotas, check the instruction: https://docs.skypilot.co/en/latest/cloud-setup/quota.html.
2026-03-25 17:07:06,230 - INFO - 
2026-03-25 17:07:06,231 - INFO - [0m[33m↺[0m Trying other potential resources.
2026-03-25 17:07:06,231 - INFO - Considered resources (2 nodes):
2026-03-25 17:07:07,439 - INFO - ----------------------------------------------------------------------------------------------
2026-03-25 17:07:07,439 - INFO -  INFRA              INSTANCE              vCPUs   Mem(GB)   GPUS          COST ($)   CHOSEN
2026-03-25 17:07:07,439 - INFO - ----------------------------------------------------------------------------------------------
2026-03-25 17:07:07,439 - INFO -  AWS (us-west-2b)   p4de.24xlarge[Spot]   96      1152      A100-80GB:8   33.39      [32m   ✔[0m
2026-03-25 17:07:07,439 - INFO - ----------------------------------------------------------------------------------------------
2026-03-25 17:07:07,439 - INFO - [33mInstance type p4de.24xlarge supports up to 4 EFA interfaces, but `use_internal_ips` is not enabled.
2026-03-25 17:07:07,540 - INFO - Launching with the current configuration will use only 1 EFA interface.
2026-03-25 17:07:07,541 - INFO - To use all 4 EFA interfaces, enable internal IPs by adding one of the following configurations to SkyPilot config:
2026-03-25 17:07:07,541 - INFO - Option 1 (with SSM):
2026-03-25 17:07:07,541 - INFO -   aws:
2026-03-25 17:07:07,541 - INFO -     use_internal_ips: true
2026-03-25 17:07:07,541 - INFO -     use_ssm: true
2026-03-25 17:07:07,541 - INFO - Option 2 (with SSH proxy):
2026-03-25 17:07:07,541 - INFO -   aws:
2026-03-25 17:07:07,541 - INFO -     use_internal_ips: true
2026-03-25 17:07:07,541 - INFO -     ssh_proxy_command: ssh -W %h:%p -i <ssh key path> -o StrictHostKeyChecking=no <user>@<jump server public ip>
2026-03-25 17:07:07,541 - INFO - Refer to https://docs.skypilot.co/en/latest/reference/config.html#aws-use-internal-ips for more details.[0m
2026-03-25 17:07:07,541 - INFO - [0m⚙︎ Launching on AWS us-west-2[0m (us-west-2b).
2026-03-25 17:07:29,089 - INFO - [2mW 03-25 17:07:29.056 PID=1652500 instance.py:288] create_instances: Attempt failed with An error occurred (InsufficientInstanceCapacity) when calling the RunInstances operation (reached max retries: 0): We currently do not have sufficient p4de.24xlarge capacity in the Availability Zone you requested (us-west-2b). Our system will be working on provisioning additional capacity. You can currently get p4de.24xlarge capacity by not specifying an Availability Zone in your request or choosing us-west-2a, us-west-2c.[0m
2026-03-25 17:07:33,625 - INFO - AWS handler error: Failed to launch instances. Max attempts exceeded.
2026-03-25 17:07:33,825 - INFO - sky.exceptions.ResourcesUnavailableError: Failed to acquire resources in us-west-2b for {AWS(p4de.24xlarge[Spot], mem=64.0+, {'A100-80GB': 8}, network_tier=best, disk_size=1000)}.
2026-03-25 17:07:33,826 - INFO - 
2026-03-25 17:07:33,826 - INFO - [0m[33m↺[0m Trying other potential resources.
2026-03-25 17:07:33,826 - INFO - Considered resources (2 nodes):
2026-03-25 17:07:34,733 - INFO - ----------------------------------------------------------------------------------------------
2026-03-25 17:07:34,734 - INFO -  INFRA              INSTANCE              vCPUs   Mem(GB)   GPUS          COST ($)   CHOSEN
2026-03-25 17:07:34,734 - INFO - ----------------------------------------------------------------------------------------------
2026-03-25 17:07:34,734 - INFO -  AWS (us-east-1a)   p4de.24xlarge[Spot]   96      1152      A100-80GB:8   34.11      [32m   ✔[0m
2026-03-25 17:07:34,734 - INFO - ----------------------------------------------------------------------------------------------
2026-03-25 17:07:34,734 - INFO - [33mInstance type p4de.24xlarge supports up to 4 EFA interfaces, but `use_internal_ips` is not enabled.
2026-03-25 17:07:34,835 - INFO - Launching with the current configuration will use only 1 EFA interface.
2026-03-25 17:07:34,835 - INFO - To use all 4 EFA interfaces, enable internal IPs by adding one of the following configurations to SkyPilot config:
2026-03-25 17:07:34,835 - INFO - Option 1 (with SSM):
2026-03-25 17:07:34,835 - INFO -   aws:
2026-03-25 17:07:34,835 - INFO -     use_internal_ips: true
2026-03-25 17:07:34,835 - INFO -     use_ssm: true
2026-03-25 17:07:34,835 - INFO - Option 2 (with SSH proxy):
2026-03-25 17:07:34,835 - INFO -   aws:
2026-03-25 17:07:34,835 - INFO -     use_internal_ips: true
2026-03-25 17:07:34,835 - INFO -     ssh_proxy_command: ssh -W %h:%p -i <ssh key path> -o StrictHostKeyChecking=no <user>@<jump server public ip>
2026-03-25 17:07:34,835 - INFO - Refer to https://docs.skypilot.co/en/latest/reference/config.html#aws-use-internal-ips for more details.[0m
2026-03-25 17:07:34,835 - INFO - [0m⚙︎ Launching on AWS us-east-1[0m (us-east-1a).
2026-03-25 17:07:58,010 - INFO - [2mW 03-25 17:07:57.936 PID=1652500 instance.py:288] create_instances: Attempt failed with An error occurred (MaxSpotInstanceCountExceeded) when calling the RunInstances operation: Max spot instance count exceeded[0m
2026-03-25 17:08:01,742 - INFO - AWS handler error: Failed to launch instances. Max attempts exceeded.
2026-03-25 17:08:01,944 - INFO - sky.exceptions.ResourcesUnavailableError: Failed to acquire resources in us-east-1a for {AWS(p4de.24xlarge[Spot], mem=64.0+, {'A100-80GB': 8}, network_tier=best, disk_size=1000)}.
2026-03-25 17:08:01,944 - INFO - 
2026-03-25 17:08:01,945 - INFO - [0m[33m↺[0m Trying other potential resources.
2026-03-25 17:08:01,945 - INFO - Considered resources (2 nodes):
2026-03-25 17:08:02,348 - INFO - ---------------------------------------------------------------------------------------------------
2026-03-25 17:08:02,348 - INFO -  INFRA                   INSTANCE              vCPUs   Mem(GB)   GPUS          COST ($)   CHOSEN
2026-03-25 17:08:02,348 - INFO - ---------------------------------------------------------------------------------------------------
2026-03-25 17:08:02,348 - INFO -  AWS (ap-southeast-1a)   p4de.24xlarge[Spot]   96      1152      A100-80GB:8   36.36      [32m   ✔[0m
2026-03-25 17:08:02,348 - INFO - ---------------------------------------------------------------------------------------------------
2026-03-25 17:08:02,348 - INFO - sky.exceptions.ResourcesUnavailableError: [33mFound no quota for p4de.24xlarge spot instances in region ap-southeast-1 in AWS. [0mTo request quotas, check the instruction: https://docs.skypilot.co/en/latest/cloud-setup/quota.html.
2026-03-25 17:08:02,550 - INFO - 
2026-03-25 17:08:02,550 - INFO - [0m[33m↺[0m Trying other potential resources.
2026-03-25 17:08:02,550 - INFO - Considered resources (2 nodes):
2026-03-25 17:08:03,559 - INFO - ----------------------------------------------------------------------------------------------
2026-03-25 17:08:03,560 - INFO -  INFRA              INSTANCE              vCPUs   Mem(GB)   GPUS          COST ($)   CHOSEN
2026-03-25 17:08:03,560 - INFO - ----------------------------------------------------------------------------------------------
2026-03-25 17:08:03,560 - INFO -  AWS (us-east-1d)   p4de.24xlarge[Spot]   96      1152      A100-80GB:8   54.89      [32m   ✔[0m
2026-03-25 17:08:03,560 - INFO - ----------------------------------------------------------------------------------------------
2026-03-25 17:08:03,560 - INFO - [33mInstance type p4de.24xlarge supports up to 4 EFA interfaces, but `use_internal_ips` is not enabled.
2026-03-25 17:08:03,660 - INFO - Launching with the current configuration will use only 1 EFA interface.
2026-03-25 17:08:03,660 - INFO - To use all 4 EFA interfaces, enable internal IPs by adding one of the following configurations to SkyPilot config:
2026-03-25 17:08:03,660 - INFO - Option 1 (with SSM):
2026-03-25 17:08:03,660 - INFO -   aws:
2026-03-25 17:08:03,660 - INFO -     use_internal_ips: true
2026-03-25 17:08:03,660 - INFO -     use_ssm: true
2026-03-25 17:08:03,660 - INFO - Option 2 (with SSH proxy):
2026-03-25 17:08:03,660 - INFO -   aws:
2026-03-25 17:08:03,660 - INFO -     use_internal_ips: true
2026-03-25 17:08:03,660 - INFO -     ssh_proxy_command: ssh -W %h:%p -i <ssh key path> -o StrictHostKeyChecking=no <user>@<jump server public ip>
2026-03-25 17:08:03,660 - INFO - Refer to https://docs.skypilot.co/en/latest/reference/config.html#aws-use-internal-ips for more details.[0m
2026-03-25 17:08:03,660 - INFO - [0m⚙︎ Launching on AWS us-east-1[0m (us-east-1d).
2026-03-25 17:08:25,096 - INFO - [2mW 03-25 17:08:25.076 PID=1652500 instance.py:288] create_instances: Attempt failed with An error occurred (InsufficientInstanceCapacity) when calling the RunInstances operation (reached max retries: 0): We currently do not have sufficient p4de.24xlarge capacity in the Availability Zone you requested (us-east-1d). Our system will be working on provisioning additional capacity. You can currently get p4de.24xlarge capacity by not specifying an Availability Zone in your request or choosing us-east-1a.[0m
2026-03-25 17:08:29,424 - INFO - AWS handler error: Failed to launch instances. Max attempts exceeded.
2026-03-25 17:08:29,625 - INFO - sky.exceptions.ResourcesUnavailableError: Failed to acquire resources in us-east-1d for {AWS(p4de.24xlarge[Spot], mem=64.0+, {'A100-80GB': 8}, network_tier=best, disk_size=1000)}.
2026-03-25 17:08:29,625 - INFO - 
2026-03-25 17:08:29,625 - INFO - [0m[33m↺[0m Trying other potential resources.
2026-03-25 17:08:29,625 - INFO - Considered resources (2 nodes):
2026-03-25 17:08:31,641 - INFO - ---------------------------------------------------------------------------------------------------
2026-03-25 17:08:31,641 - INFO -  INFRA                   INSTANCE              vCPUs   Mem(GB)   GPUS          COST ($)   CHOSEN
2026-03-25 17:08:31,641 - INFO - ---------------------------------------------------------------------------------------------------
2026-03-25 17:08:31,641 - INFO -  AWS (ap-southeast-1c)   p4de.24xlarge[Spot]   96      1152      A100-80GB:8   65.87      [32m   ✔[0m
2026-03-25 17:08:31,641 - INFO - ---------------------------------------------------------------------------------------------------
2026-03-25 17:08:31,642 - INFO - sky.exceptions.ResourcesUnavailableError: [33mFound no quota for p4de.24xlarge spot instances in region ap-southeast-1 in AWS. [0mTo request quotas, check the instruction: https://docs.skypilot.co/en/latest/cloud-setup/quota.html.
2026-03-25 17:08:32,552 - INFO - 
2026-03-25 17:08:32,552 - INFO - [0m[33m↺[0m Trying other potential resources.
2026-03-25 17:08:32,552 - INFO - 
2026-03-25 17:09:03,155 - INFO - [?25h[31mFailed to provision all possible launchable resources.[0m Relax the task's resource requirements: 2x AWS(p4de.24xlarge[Spot], mem=64.0+, {'A100-80GB': 8}, network_tier=best, disk_size=1000)
2026-03-25 17:09:03,155 - INFO - 
2026-03-25 17:09:03,155 - INFO - [0m[33m↺[0m Retry after 30s  [2mView logs: [1msky logs --provision rf-qwen3-235b-a22b-tp8pp2-A100-80gb[0m[0m[0m
2026-03-25 17:09:03,155 - INFO - [33mLaunching a spot job that does not automatically recover from preemptions. To get automatic recovery, use managed job instead: [0m[1msky jobs launch[0m [33mor[0m [1msky.jobs.launch()[0m.
2026-03-25 17:09:03,155 - INFO - Considered resources (2 nodes):
2026-03-25 17:09:03,256 - INFO - ---------------------------------------------------------------------------------------------------
2026-03-25 17:09:03,962 - INFO -  INFRA                   INSTANCE              vCPUs   Mem(GB)   GPUS          COST ($)   CHOSEN
2026-03-25 17:09:03,962 - INFO - ---------------------------------------------------------------------------------------------------
2026-03-25 17:09:03,962 - INFO -  AWS (ap-northeast-1a)   p4de.24xlarge[Spot]   96      1152      A100-80GB:8   19.34      [32m   ✔[0m
2026-03-25 17:09:03,962 - INFO - ---------------------------------------------------------------------------------------------------
2026-03-25 17:09:03,962 - INFO - sky.exceptions.ResourcesUnavailableError: [33mFound no quota for p4de.24xlarge spot instances in region ap-northeast-1 in AWS. [0mTo request quotas, check the instruction: https://docs.skypilot.co/en/latest/cloud-setup/quota.html.
2026-03-25 17:09:04,064 - INFO - 
2026-03-25 17:09:04,064 - INFO - [0m[33m↺[0m Trying other potential resources.
2026-03-25 17:09:04,064 - INFO - Considered resources (2 nodes):
2026-03-25 17:09:04,771 - INFO - -------------------------------------------------------------------------------------------------
2026-03-25 17:09:04,771 - INFO -  INFRA                 INSTANCE              vCPUs   Mem(GB)   GPUS          COST ($)   CHOSEN
2026-03-25 17:09:04,771 - INFO - -------------------------------------------------------------------------------------------------
2026-03-25 17:09:04,771 - INFO -  AWS (eu-central-1a)   p4de.24xlarge[Spot]   96      1152      A100-80GB:8   21.26      [32m   ✔[0m
2026-03-25 17:09:04,772 - INFO - -------------------------------------------------------------------------------------------------
2026-03-25 17:09:04,772 - INFO - sky.exceptions.ResourcesUnavailableError: [33mFound no quota for p4de.24xlarge spot instances in region eu-central-1 in AWS. [0mTo request quotas, check the instruction: https://docs.skypilot.co/en/latest/cloud-setup/quota.html.
2026-03-25 17:09:04,872 - INFO - 
2026-03-25 17:09:04,872 - INFO - [0m[33m↺[0m Trying other potential resources.
2026-03-25 17:09:04,873 - INFO - Considered resources (2 nodes):
2026-03-25 17:09:05,578 - INFO - -------------------------------------------------------------------------------------------------
2026-03-25 17:09:05,578 - INFO -  INFRA                 INSTANCE              vCPUs   Mem(GB)   GPUS          COST ($)   CHOSEN
2026-03-25 17:09:05,578 - INFO - -------------------------------------------------------------------------------------------------
2026-03-25 17:09:05,578 - INFO -  AWS (eu-central-1c)   p4de.24xlarge[Spot]   96      1152      A100-80GB:8   26.21      [32m   ✔[0m
2026-03-25 17:09:05,578 - INFO - -------------------------------------------------------------------------------------------------
2026-03-25 17:09:05,578 - INFO - sky.exceptions.ResourcesUnavailableError: [33mFound no quota for p4de.24xlarge spot instances in region eu-central-1 in AWS. [0mTo request quotas, check the instruction: https://docs.skypilot.co/en/latest/cloud-setup/quota.html.
2026-03-25 17:09:05,778 - INFO - 
2026-03-25 17:09:05,778 - INFO - [0m[33m↺[0m Trying other potential resources.
2026-03-25 17:09:05,778 - INFO - Considered resources (2 nodes):
2026-03-25 17:09:06,783 - INFO - ----------------------------------------------------------------------------------------------
2026-03-25 17:09:06,783 - INFO -  INFRA              INSTANCE              vCPUs   Mem(GB)   GPUS          COST ($)   CHOSEN
2026-03-25 17:09:06,784 - INFO - ----------------------------------------------------------------------------------------------
2026-03-25 17:09:06,784 - INFO -  AWS (us-west-2a)   p4de.24xlarge[Spot]   96      1152      A100-80GB:8   27.07      [32m   ✔[0m
2026-03-25 17:09:06,784 - INFO - ----------------------------------------------------------------------------------------------
2026-03-25 17:09:06,784 - INFO - [33mInstance type p4de.24xlarge supports up to 4 EFA interfaces, but `use_internal_ips` is not enabled.
2026-03-25 17:09:06,885 - INFO - Launching with the current configuration will use only 1 EFA interface.
2026-03-25 17:09:06,885 - INFO - To use all 4 EFA interfaces, enable internal IPs by adding one of the following configurations to SkyPilot config:
2026-03-25 17:09:06,885 - INFO - Option 1 (with SSM):
2026-03-25 17:09:06,885 - INFO -   aws:
2026-03-25 17:09:06,885 - INFO -     use_internal_ips: true
2026-03-25 17:09:06,885 - INFO -     use_ssm: true
2026-03-25 17:09:06,885 - INFO - Option 2 (with SSH proxy):
2026-03-25 17:09:06,885 - INFO -   aws:
2026-03-25 17:09:06,885 - INFO -     use_internal_ips: true
2026-03-25 17:09:06,885 - INFO -     ssh_proxy_command: ssh -W %h:%p -i <ssh key path> -o StrictHostKeyChecking=no <user>@<jump server public ip>
2026-03-25 17:09:06,885 - INFO - Refer to https://docs.skypilot.co/en/latest/reference/config.html#aws-use-internal-ips for more details.[0m
2026-03-25 17:09:06,885 - INFO - [0m⚙︎ Launching on AWS us-west-2[0m (us-west-2a).
2026-03-25 17:09:30,269 - INFO - [2mW 03-25 17:09:30.210 PID=2248878 instance.py:288] create_instances: Attempt failed with An error occurred (InsufficientInstanceCapacity) when calling the RunInstances operation (reached max retries: 0): We currently do not have sufficient p4de.24xlarge capacity in the Availability Zone you requested (us-west-2a). Our system will be working on provisioning additional capacity. You can currently get p4de.24xlarge capacity by not specifying an Availability Zone in your request or choosing us-west-2b, us-west-2c.[0m
2026-03-25 17:09:34,611 - INFO - AWS handler error: Failed to launch instances. Max attempts exceeded.
2026-03-25 17:09:34,711 - INFO - sky.exceptions.ResourcesUnavailableError: Failed to acquire resources in us-west-2a for {AWS(p4de.24xlarge[Spot], mem=64.0+, {'A100-80GB': 8}, network_tier=best, disk_size=1000)}.
2026-03-25 17:09:34,711 - INFO - 
2026-03-25 17:09:34,711 - INFO - [0m[33m↺[0m Trying other potential resources.
2026-03-25 17:09:34,712 - INFO - Considered resources (2 nodes):
2026-03-25 17:09:34,812 - INFO - ----------------------------------------------------------------------------------------------
2026-03-25 17:09:35,920 - INFO -  INFRA              INSTANCE              vCPUs   Mem(GB)   GPUS          COST ($)   CHOSEN
2026-03-25 17:09:35,920 - INFO - ----------------------------------------------------------------------------------------------
2026-03-25 17:09:35,920 - INFO -  AWS (us-west-2c)   p4de.24xlarge[Spot]   96      1152      A100-80GB:8   30.74      [32m   ✔[0m
2026-03-25 17:09:35,920 - INFO - ----------------------------------------------------------------------------------------------
2026-03-25 17:09:35,920 - INFO - [33mInstance type p4de.24xlarge supports up to 4 EFA interfaces, but `use_internal_ips` is not enabled.
2026-03-25 17:09:36,023 - INFO - Launching with the current configuration will use only 1 EFA interface.
2026-03-25 17:09:36,023 - INFO - To use all 4 EFA interfaces, enable internal IPs by adding one of the following configurations to SkyPilot config:
2026-03-25 17:09:36,023 - INFO - Option 1 (with SSM):
2026-03-25 17:09:36,023 - INFO -   aws:
2026-03-25 17:09:36,023 - INFO -     use_internal_ips: true
2026-03-25 17:09:36,023 - INFO -     use_ssm: true
2026-03-25 17:09:36,023 - INFO - Option 2 (with SSH proxy):
2026-03-25 17:09:36,023 - INFO -   aws:
2026-03-25 17:09:36,023 - INFO -     use_internal_ips: true
2026-03-25 17:09:36,023 - INFO -     ssh_proxy_command: ssh -W %h:%p -i <ssh key path> -o StrictHostKeyChecking=no <user>@<jump server public ip>
2026-03-25 17:09:36,023 - INFO - Refer to https://docs.skypilot.co/en/latest/reference/config.html#aws-use-internal-ips for more details.[0m
2026-03-25 17:09:36,023 - INFO - [0m⚙︎ Launching on AWS us-west-2[0m (us-west-2c).
2026-03-25 17:09:57,888 - INFO - [2mW 03-25 17:09:57.857 PID=2248878 instance.py:288] create_instances: Attempt failed with An error occurred (InsufficientInstanceCapacity) when calling the RunInstances operation (reached max retries: 0): We currently do not have sufficient p4de.24xlarge capacity in the Availability Zone you requested (us-west-2c). Our system will be working on provisioning additional capacity. You can currently get p4de.24xlarge capacity by not specifying an Availability Zone in your request or choosing us-west-2a, us-west-2b.[0m
2026-03-25 17:10:01,407 - INFO - AWS handler error: Failed to launch instances. Max attempts exceeded.
2026-03-25 17:10:01,608 - INFO - sky.exceptions.ResourcesUnavailableError: Failed to acquire resources in us-west-2c for {AWS(p4de.24xlarge[Spot], mem=64.0+, {'A100-80GB': 8}, network_tier=best, disk_size=1000)}.
2026-03-25 17:10:01,608 - INFO - 
2026-03-25 17:10:01,608 - INFO - [0m[33m↺[0m Trying other potential resources.
2026-03-25 17:10:01,608 - INFO - Considered resources (2 nodes):
2026-03-25 17:10:02,211 - INFO - ---------------------------------------------------------------------------------------------------
2026-03-25 17:10:02,212 - INFO -  INFRA                   INSTANCE              vCPUs   Mem(GB)   GPUS          COST ($)   CHOSEN
2026-03-25 17:10:02,212 - INFO - ---------------------------------------------------------------------------------------------------
2026-03-25 17:10:02,212 - INFO -  AWS (ap-northeast-1c)   p4de.24xlarge[Spot]   96      1152      A100-80GB:8   32.78      [32m   ✔[0m
2026-03-25 17:10:02,212 - INFO - ---------------------------------------------------------------------------------------------------
2026-03-25 17:10:02,212 - INFO - sky.exceptions.ResourcesUnavailableError: [33mFound no quota for p4de.24xlarge spot instances in region ap-northeast-1 in AWS. [0mTo request quotas, check the instruction: https://docs.skypilot.co/en/latest/cloud-setup/quota.html.
2026-03-25 17:10:02,311 - INFO - 
2026-03-25 17:10:02,312 - INFO - [0m[33m↺[0m Trying other potential resources.
2026-03-25 17:10:02,312 - INFO - Considered resources (2 nodes):
2026-03-25 17:10:02,413 - INFO - ----------------------------------------------------------------------------------------------
2026-03-25 17:10:03,321 - INFO -  INFRA              INSTANCE              vCPUs   Mem(GB)   GPUS          COST ($)   CHOSEN
2026-03-25 17:10:03,321 - INFO - ----------------------------------------------------------------------------------------------
2026-03-25 17:10:03,321 - INFO -  AWS (us-west-2b)   p4de.24xlarge[Spot]   96      1152      A100-80GB:8   34.02      [32m   ✔[0m
2026-03-25 17:10:03,321 - INFO - ----------------------------------------------------------------------------------------------
2026-03-25 17:10:03,321 - INFO - [33mInstance type p4de.24xlarge supports up to 4 EFA interfaces, but `use_internal_ips` is not enabled.
2026-03-25 17:10:03,421 - INFO - Launching with the current configuration will use only 1 EFA interface.
2026-03-25 17:10:03,421 - INFO - To use all 4 EFA interfaces, enable internal IPs by adding one of the following configurations to SkyPilot config:
2026-03-25 17:10:03,421 - INFO - Option 1 (with SSM):
2026-03-25 17:10:03,421 - INFO -   aws:
2026-03-25 17:10:03,421 - INFO -     use_internal_ips: true
2026-03-25 17:10:03,421 - INFO -     use_ssm: true
2026-03-25 17:10:03,421 - INFO - Option 2 (with SSH proxy):
2026-03-25 17:10:03,421 - INFO -   aws:
2026-03-25 17:10:03,421 - INFO -     use_internal_ips: true
2026-03-25 17:10:03,421 - INFO -     ssh_proxy_command: ssh -W %h:%p -i <ssh key path> -o StrictHostKeyChecking=no <user>@<jump server public ip>
2026-03-25 17:10:03,421 - INFO - Refer to https://docs.skypilot.co/en/latest/reference/config.html#aws-use-internal-ips for more details.[0m
2026-03-25 17:10:03,421 - INFO - [0m⚙︎ Launching on AWS us-west-2[0m (us-west-2b).
2026-03-25 17:10:24,577 - INFO - [2mW 03-25 17:10:24.513 PID=2248878 instance.py:288] create_instances: Attempt failed with An error occurred (InsufficientInstanceCapacity) when calling the RunInstances operation (reached max retries: 0): We currently do not have sufficient p4de.24xlarge capacity in the Availability Zone you requested (us-west-2b). Our system will be working on provisioning additional capacity. You can currently get p4de.24xlarge capacity by not specifying an Availability Zone in your request or choosing us-west-2a, us-west-2c.[0m
2026-03-25 17:10:28,502 - INFO - AWS handler error: Failed to launch instances. Max attempts exceeded.
2026-03-25 17:10:28,704 - INFO - sky.exceptions.ResourcesUnavailableError: Failed to acquire resources in us-west-2b for {AWS(p4de.24xlarge[Spot], mem=64.0+, {'A100-80GB': 8}, network_tier=best, disk_size=1000)}.
2026-03-25 17:10:28,705 - INFO - 
2026-03-25 17:10:28,705 - INFO - [0m[33m↺[0m Trying other potential resources.
2026-03-25 17:10:28,705 - INFO - Considered resources (2 nodes):
2026-03-25 17:10:29,613 - INFO - ----------------------------------------------------------------------------------------------
2026-03-25 17:10:29,613 - INFO -  INFRA              INSTANCE              vCPUs   Mem(GB)   GPUS          COST ($)   CHOSEN
2026-03-25 17:10:29,613 - INFO - ----------------------------------------------------------------------------------------------
2026-03-25 17:10:29,613 - INFO -  AWS (us-east-1a)   p4de.24xlarge[Spot]   96      1152      A100-80GB:8   38.20      [32m   ✔[0m
2026-03-25 17:10:29,613 - INFO - ----------------------------------------------------------------------------------------------
2026-03-25 17:10:29,613 - INFO - [33mInstance type p4de.24xlarge supports up to 4 EFA interfaces, but `use_internal_ips` is not enabled.
2026-03-25 17:10:29,816 - INFO - Launching with the current configuration will use only 1 EFA interface.
2026-03-25 17:10:29,816 - INFO - To use all 4 EFA interfaces, enable internal IPs by adding one of the following configurations to SkyPilot config:
2026-03-25 17:10:29,816 - INFO - Option 1 (with SSM):
2026-03-25 17:10:29,817 - INFO -   aws:
2026-03-25 17:10:29,817 - INFO -     use_internal_ips: true
2026-03-25 17:10:29,817 - INFO -     use_ssm: true
2026-03-25 17:10:29,817 - INFO - Option 2 (with SSH proxy):
2026-03-25 17:10:29,817 - INFO -   aws:
2026-03-25 17:10:29,817 - INFO -     use_internal_ips: true
2026-03-25 17:10:29,817 - INFO -     ssh_proxy_command: ssh -W %h:%p -i <ssh key path> -o StrictHostKeyChecking=no <user>@<jump server public ip>
2026-03-25 17:10:29,817 - INFO - Refer to https://docs.skypilot.co/en/latest/reference/config.html#aws-use-internal-ips for more details.[0m
2026-03-25 17:10:29,817 - INFO - [0m⚙︎ Launching on AWS us-east-1[0m (us-east-1a).
2026-03-25 17:11:13,228 - INFO - [33mInstance type p4de.24xlarge supports up to 4 EFA interfaces, but `use_internal_ips` is not enabled.
2026-03-25 17:12:17,495 - INFO - Launching with the current configuration will use only 1 EFA interface.
2026-03-25 17:12:17,495 - INFO - To use all 4 EFA interfaces, enable internal IPs by adding one of the following configurations to SkyPilot config:
2026-03-25 17:12:17,495 - INFO - Option 1 (with SSM):
2026-03-25 17:12:17,495 - INFO -   aws:
2026-03-25 17:12:17,495 - INFO -     use_internal_ips: true
2026-03-25 17:12:17,495 - INFO -     use_ssm: true
2026-03-25 17:12:17,495 - INFO - Option 2 (with SSH proxy):
2026-03-25 17:12:17,495 - INFO -   aws:
2026-03-25 17:12:17,495 - INFO -     use_internal_ips: true
2026-03-25 17:12:17,495 - INFO -     ssh_proxy_command: ssh -W %h:%p -i <ssh key path> -o StrictHostKeyChecking=no <user>@<jump server public ip>
2026-03-25 17:12:17,495 - INFO - Refer to https://docs.skypilot.co/en/latest/reference/config.html#aws-use-internal-ips for more details.[0m
2026-03-25 17:12:17,495 - INFO - [2m└── [0m[2mInstances are up.[0m
2026-03-25 17:13:09,779 - INFO - [0m[32m✓ Cluster launched: rf-qwen3-235b-a22b-tp8pp2-A100-80gb.[0m[0m  [2mView logs: [1msky logs --provision rf-qwen3-235b-a22b-tp8pp2-A100-80gb[0m[0m
2026-03-25 17:13:09,880 - INFO - [0m⚙︎ Syncing files.
2026-03-25 17:13:09,982 - INFO -   [33mThe size of workdir '/home/orange/Desktop/tandemn/tandemn-profiling/roofline/vllm' is 454 MB. Try to keep workdir small or use .skyignore to exclude large files, as large sizes will slow down rsync.[0m
2026-03-25 17:13:22,665 - INFO -   [2mSyncing workdir (to 2 nodes): /home/orange/Desktop/tandemn/tandemn-profiling/roofline/vllm -> ~/sky_workdir[0m
2026-03-25 17:13:22,665 - INFO - [0m[32m✓ Synced workdir.[0m[0m  [2mView logs: sky api logs -l sky-2026-03-25-17-09-02-703822/workdir_sync.log[0m
2026-03-25 17:13:27,903 - INFO - [0m[32m✓ Setup detached.[0m[0m
2026-03-25 17:13:32,532 - INFO - [0m⚙︎ Job submitted, ID: 1
2026-03-25 17:13:46,036 - INFO - [2m├── [0m[2mWaiting for task resources on 2 nodes.[0m
2026-03-25 17:13:46,640 - INFO - [2m└── [0mJob started. Streaming logs... [2m(Ctrl-C to exit log streaming; job will not be killed)[0m
2026-03-25 17:13:46,641 - INFO - [36m(setup pid=5497)[0m + GPU_TYPE=A100_80gb
2026-03-25 17:13:46,641 - INFO - [36m(setup pid=5497)[0m + IS_A100=true
2026-03-25 17:13:46,641 - INFO - [36m(setup pid=5497)[0m + echo 'GPU Type: A100_80gb, Is A100: true'
2026-03-25 17:13:46,641 - INFO - [36m(setup pid=5497)[0m GPU Type: A100_80gb, Is A100: true
2026-03-25 17:13:46,641 - INFO - [36m(setup pid=5497)[0m + echo '=== Initial System Diagnostics ==='
2026-03-25 17:13:46,641 - INFO - [36m(setup pid=5497)[0m === Initial System Diagnostics ===
2026-03-25 17:13:46,641 - INFO - [36m(setup pid=5497)[0m + echo 'Checking for NVIDIA driver...'
2026-03-25 17:13:46,641 - INFO - [36m(setup pid=5497)[0m Checking for NVIDIA driver...
2026-03-25 17:13:46,641 - INFO - [36m(setup pid=5497)[0m + nvidia-smi
2026-03-25 17:13:46,641 - INFO - [36m(setup pid=5497)[0m Wed Mar 25 11:43:37 2026
2026-03-25 17:13:46,641 - INFO - [36m(setup pid=5497)[0m +-----------------------------------------------------------------------------------------+
2026-03-25 17:13:46,641 - INFO - [36m(setup pid=5497)[0m | NVIDIA-SMI 570.172.08             Driver Version: 570.172.08     CUDA Version: 12.8     |
2026-03-25 17:13:46,641 - INFO - [36m(setup pid=5497)[0m |-----------------------------------------+------------------------+----------------------+
2026-03-25 17:13:46,641 - INFO - [36m(setup pid=5497)[0m | GPU  Name                 Persistence-M | Bus-Id          Disp.A | Volatile Uncorr. ECC |
2026-03-25 17:13:46,641 - INFO - [36m(setup pid=5497)[0m | Fan  Temp   Perf          Pwr:Usage/Cap |           Memory-Usage | GPU-Util  Compute M. |
2026-03-25 17:13:46,641 - INFO - [36m(setup pid=5497)[0m |                                         |                        |               MIG M. |
2026-03-25 17:13:46,641 - INFO - [36m(setup pid=5497)[0m |=========================================+========================+======================|
2026-03-25 17:13:46,641 - INFO - [36m(setup pid=5497)[0m |   0  NVIDIA A100-SXM4-80GB          On  |   00000000:10:1C.0 Off |                    0 |
2026-03-25 17:13:46,641 - INFO - [36m(setup pid=5497)[0m | N/A   24C    P0             60W /  400W |       0MiB /  81920MiB |      0%      Default |
2026-03-25 17:13:46,642 - INFO - [36m(setup pid=5497)[0m |                                         |                        |             Disabled |
2026-03-25 17:13:46,642 - INFO - [36m(setup pid=5497)[0m +-----------------------------------------+------------------------+----------------------+
2026-03-25 17:13:46,642 - INFO - [36m(setup pid=5497)[0m |   1  NVIDIA A100-SXM4-80GB          On  |   00000000:10:1D.0 Off |                    0 |
2026-03-25 17:13:46,642 - INFO - [36m(setup pid=5497)[0m | N/A   23C    P0             61W /  400W |       0MiB /  81920MiB |      0%      Default |
2026-03-25 17:13:46,642 - INFO - [36m(setup pid=5497)[0m |                                         |                        |             Disabled |
2026-03-25 17:13:46,642 - INFO - [36m(setup pid=5497)[0m +-----------------------------------------+------------------------+----------------------+
2026-03-25 17:13:46,642 - INFO - [36m(setup pid=5497)[0m |   2  NVIDIA A100-SXM4-80GB          On  |   00000000:20:1C.0 Off |                    0 |
2026-03-25 17:13:46,642 - INFO - [36m(setup pid=5497)[0m | N/A   24C    P0             61W /  400W |       0MiB /  81920MiB |      0%      Default |
2026-03-25 17:13:46,642 - INFO - [36m(setup pid=5497)[0m |                                         |                        |             Disabled |
2026-03-25 17:13:46,642 - INFO - [36m(setup pid=5497)[0m +-----------------------------------------+------------------------+----------------------+
2026-03-25 17:13:46,642 - INFO - [36m(setup pid=5497)[0m |   3  NVIDIA A100-SXM4-80GB          On  |   00000000:20:1D.0 Off |                    0 |
2026-03-25 17:13:46,642 - INFO - [36m(setup pid=5497)[0m | N/A   23C    P0             60W /  400W |       0MiB /  81920MiB |      0%      Default |
2026-03-25 17:13:46,642 - INFO - [36m(setup pid=5497)[0m |                                         |                        |             Disabled |
2026-03-25 17:13:46,642 - INFO - [36m(setup pid=5497)[0m +-----------------------------------------+------------------------+----------------------+
2026-03-25 17:13:46,642 - INFO - [36m(setup pid=5497)[0m |   4  NVIDIA A100-SXM4-80GB          On  |   00000000:90:1C.0 Off |                    0 |
2026-03-25 17:13:46,642 - INFO - [36m(setup pid=5497)[0m | N/A   24C    P0             60W /  400W |       0MiB /  81920MiB |      0%      Default |
2026-03-25 17:13:46,642 - INFO - [36m(setup pid=5497)[0m |                                         |                        |             Disabled |
2026-03-25 17:13:46,642 - INFO - [36m(setup pid=5497)[0m +-----------------------------------------+------------------------+----------------------+
2026-03-25 17:13:46,642 - INFO - [36m(setup pid=5497)[0m |   5  NVIDIA A100-SXM4-80GB          On  |   00000000:90:1D.0 Off |                    0 |
2026-03-25 17:13:46,642 - INFO - [36m(setup pid=5497)[0m | N/A   23C    P0             60W /  400W |       0MiB /  81920MiB |      0%      Default |
2026-03-25 17:13:46,642 - INFO - [36m(setup pid=5497)[0m |                                         |                        |             Disabled |
2026-03-25 17:13:46,642 - INFO - [36m(setup pid=5497)[0m +-----------------------------------------+------------------------+----------------------+
2026-03-25 17:13:46,643 - INFO - [36m(setup pid=5497)[0m |   6  NVIDIA A100-SXM4-80GB          On  |   00000000:A0:1C.0 Off |                    0 |
2026-03-25 17:13:46,643 - INFO - [36m(setup pid=5497)[0m | N/A   24C    P0             59W /  400W |       0MiB /  81920MiB |      0%      Default |
2026-03-25 17:13:46,643 - INFO - [36m(setup pid=5497)[0m |                                         |                        |             Disabled |
2026-03-25 17:13:46,643 - INFO - [36m(setup pid=5497)[0m +-----------------------------------------+------------------------+----------------------+
2026-03-25 17:13:46,643 - INFO - [36m(setup pid=5497)[0m |   7  NVIDIA A100-SXM4-80GB          On  |   00000000:A0:1D.0 Off |                    0 |
2026-03-25 17:13:46,643 - INFO - [36m(setup pid=5497)[0m | N/A   22C    P0             58W /  400W |       0MiB /  81920MiB |      0%      Default |
2026-03-25 17:13:46,643 - INFO - [36m(setup pid=5497)[0m |                                         |                        |             Disabled |
2026-03-25 17:13:46,643 - INFO - [36m(setup pid=5497)[0m +-----------------------------------------+------------------------+----------------------+
2026-03-25 17:13:46,643 - INFO - [36m(setup pid=5497)[0m
2026-03-25 17:13:46,643 - INFO - [36m(setup pid=5497)[0m +-----------------------------------------------------------------------------------------+
2026-03-25 17:13:46,643 - INFO - [36m(setup pid=5497)[0m | Processes:                                                                              |
2026-03-25 17:13:46,643 - INFO - [36m(setup pid=5497)[0m |  GPU   GI   CI              PID   Type   Process name                        GPU Memory |
2026-03-25 17:13:46,643 - INFO - [36m(setup pid=5497)[0m |        ID   ID                                                               Usage      |
2026-03-25 17:13:46,643 - INFO - [36m(setup pid=5497)[0m |=========================================================================================|
2026-03-25 17:13:46,643 - INFO - [36m(setup pid=5497)[0m |  No running processes found                                                             |
2026-03-25 17:13:46,643 - INFO - [36m(setup pid=5497)[0m +-----------------------------------------------------------------------------------------+
2026-03-25 17:13:46,643 - INFO - [36m(setup pid=4342, ip=172.31.46.101)[0m + GPU_TYPE=A100_80gb
2026-03-25 17:13:46,643 - INFO - [36m(setup pid=4342, ip=172.31.46.101)[0m + IS_A100=true
2026-03-25 17:13:46,643 - INFO - [36m(setup pid=4342, ip=172.31.46.101)[0m + echo 'GPU Type: A100_80gb, Is A100: true'
2026-03-25 17:13:46,643 - INFO - [36m(setup pid=4342, ip=172.31.46.101)[0m GPU Type: A100_80gb, Is A100: true
2026-03-25 17:13:46,643 - INFO - [36m(setup pid=4342, ip=172.31.46.101)[0m + echo '=== Initial System Diagnostics ==='
2026-03-25 17:13:46,643 - INFO - [36m(setup pid=4342, ip=172.31.46.101)[0m === Initial System Diagnostics ===
2026-03-25 17:13:46,643 - INFO - [36m(setup pid=4342, ip=172.31.46.101)[0m + echo 'Checking for NVIDIA driver...'
2026-03-25 17:13:46,643 - INFO - [36m(setup pid=4342, ip=172.31.46.101)[0m Checking for NVIDIA driver...
2026-03-25 17:13:46,643 - INFO - [36m(setup pid=4342, ip=172.31.46.101)[0m + nvidia-smi
2026-03-25 17:13:46,644 - INFO - [36m(setup pid=4342, ip=172.31.46.101)[0m Wed Mar 25 11:43:37 2026
2026-03-25 17:13:46,644 - INFO - [36m(setup pid=4342, ip=172.31.46.101)[0m +-----------------------------------------------------------------------------------------+
2026-03-25 17:13:46,644 - INFO - [36m(setup pid=4342, ip=172.31.46.101)[0m | NVIDIA-SMI 570.172.08             Driver Version: 570.172.08     CUDA Version: 12.8     |
2026-03-25 17:13:46,644 - INFO - [36m(setup pid=4342, ip=172.31.46.101)[0m |-----------------------------------------+------------------------+----------------------+
2026-03-25 17:13:46,644 - INFO - [36m(setup pid=4342, ip=172.31.46.101)[0m | GPU  Name                 Persistence-M | Bus-Id          Disp.A | Volatile Uncorr. ECC |
2026-03-25 17:13:46,644 - INFO - [36m(setup pid=4342, ip=172.31.46.101)[0m | Fan  Temp   Perf          Pwr:Usage/Cap |           Memory-Usage | GPU-Util  Compute M. |
2026-03-25 17:13:46,644 - INFO - [36m(setup pid=4342, ip=172.31.46.101)[0m |                                         |                        |               MIG M. |
2026-03-25 17:13:46,644 - INFO - [36m(setup pid=4342, ip=172.31.46.101)[0m |=========================================+========================+======================|
2026-03-25 17:13:46,644 - INFO - [36m(setup pid=4342, ip=172.31.46.101)[0m |   0  NVIDIA A100-SXM4-80GB          On  |   00000000:10:1C.0 Off |                    0 |
2026-03-25 17:13:46,644 - INFO - [36m(setup pid=4342, ip=172.31.46.101)[0m | N/A   23C    P0             60W /  400W |       0MiB /  81920MiB |      0%      Default |
2026-03-25 17:13:46,644 - INFO - [36m(setup pid=4342, ip=172.31.46.101)[0m |                                         |                        |             Disabled |
2026-03-25 17:13:46,644 - INFO - [36m(setup pid=4342, ip=172.31.46.101)[0m +-----------------------------------------+------------------------+----------------------+
2026-03-25 17:13:46,644 - INFO - [36m(setup pid=4342, ip=172.31.46.101)[0m |   1  NVIDIA A100-SXM4-80GB          On  |   00000000:10:1D.0 Off |                    0 |
2026-03-25 17:13:46,644 - INFO - [36m(setup pid=4342, ip=172.31.46.101)[0m | N/A   21C    P0             61W /  400W |       0MiB /  81920MiB |      0%      Default |
2026-03-25 17:13:46,644 - INFO - [36m(setup pid=4342, ip=172.31.46.101)[0m |                                         |                        |             Disabled |
2026-03-25 17:13:46,644 - INFO - [36m(setup pid=4342, ip=172.31.46.101)[0m +-----------------------------------------+------------------------+----------------------+
2026-03-25 17:13:46,644 - INFO - [36m(setup pid=4342, ip=172.31.46.101)[0m |   2  NVIDIA A100-SXM4-80GB          On  |   00000000:20:1C.0 Off |                    0 |
2026-03-25 17:13:46,644 - INFO - [36m(setup pid=4342, ip=172.31.46.101)[0m | N/A   23C    P0             60W /  400W |       0MiB /  81920MiB |      0%      Default |
2026-03-25 17:13:46,644 - INFO - [36m(setup pid=4342, ip=172.31.46.101)[0m |                                         |                        |             Disabled |
2026-03-25 17:13:46,644 - INFO - [36m(setup pid=4342, ip=172.31.46.101)[0m +-----------------------------------------+------------------------+----------------------+
2026-03-25 17:13:46,644 - INFO - [36m(setup pid=4342, ip=172.31.46.101)[0m |   3  NVIDIA A100-SXM4-80GB          On  |   00000000:20:1D.0 Off |                    0 |
2026-03-25 17:13:46,644 - INFO - [36m(setup pid=4342, ip=172.31.46.101)[0m | N/A   20C    P0             58W /  400W |       0MiB /  81920MiB |      0%      Default |
2026-03-25 17:13:46,644 - INFO - [36m(setup pid=4342, ip=172.31.46.101)[0m |                                         |                        |             Disabled |
2026-03-25 17:13:46,644 - INFO - [36m(setup pid=4342, ip=172.31.46.101)[0m +-----------------------------------------+------------------------+----------------------+
2026-03-25 17:13:46,644 - INFO - [36m(setup pid=4342, ip=172.31.46.101)[0m |   4  NVIDIA A100-SXM4-80GB          On  |   00000000:90:1C.0 Off |                    0 |
2026-03-25 17:13:46,644 - INFO - [36m(setup pid=4342, ip=172.31.46.101)[0m | N/A   22C    P0             62W /  400W |       0MiB /  81920MiB |      0%      Default |
2026-03-25 17:13:46,644 - INFO - [36m(setup pid=4342, ip=172.31.46.101)[0m |                                         |                        |             Disabled |
2026-03-25 17:13:46,644 - INFO - [36m(setup pid=4342, ip=172.31.46.101)[0m +-----------------------------------------+------------------------+----------------------+
2026-03-25 17:13:46,645 - INFO - [36m(setup pid=4342, ip=172.31.46.101)[0m |   5  NVIDIA A100-SXM4-80GB          On  |   00000000:90:1D.0 Off |                    0 |
2026-03-25 17:13:46,645 - INFO - [36m(setup pid=4342, ip=172.31.46.101)[0m | N/A   22C    P0             61W /  400W |       0MiB /  81920MiB |      0%      Default |
2026-03-25 17:13:46,645 - INFO - [36m(setup pid=4342, ip=172.31.46.101)[0m |                                         |                        |             Disabled |
2026-03-25 17:13:46,645 - INFO - [36m(setup pid=4342, ip=172.31.46.101)[0m +-----------------------------------------+------------------------+----------------------+
2026-03-25 17:13:46,645 - INFO - [36m(setup pid=4342, ip=172.31.46.101)[0m |   6  NVIDIA A100-SXM4-80GB          On  |   00000000:A0:1C.0 Off |                    0 |
2026-03-25 17:13:46,645 - INFO - [36m(setup pid=4342, ip=172.31.46.101)[0m | N/A   23C    P0             61W /  400W |       0MiB /  81920MiB |      0%      Default |
2026-03-25 17:13:46,645 - INFO - [36m(setup pid=4342, ip=172.31.46.101)[0m |                                         |                        |             Disabled |
2026-03-25 17:13:46,645 - INFO - [36m(setup pid=4342, ip=172.31.46.101)[0m +-----------------------------------------+------------------------+----------------------+
2026-03-25 17:13:46,645 - INFO - [36m(setup pid=4342, ip=172.31.46.101)[0m |   7  NVIDIA A100-SXM4-80GB          On  |   00000000:A0:1D.0 Off |                    0 |
2026-03-25 17:13:46,645 - INFO - [36m(setup pid=4342, ip=172.31.46.101)[0m | N/A   22C    P0             60W /  400W |       0MiB /  81920MiB |      0%      Default |
2026-03-25 17:13:46,645 - INFO - [36m(setup pid=4342, ip=172.31.46.101)[0m |                                         |                        |             Disabled |
2026-03-25 17:13:46,945 - INFO - [36m(setup pid=4342, ip=172.31.46.101)[0m +-----------------------------------------+------------------------+----------------------+
2026-03-25 17:13:46,945 - INFO - [36m(setup pid=4342, ip=172.31.46.101)[0m
2026-03-25 17:13:46,946 - INFO - [36m(setup pid=4342, ip=172.31.46.101)[0m +-----------------------------------------------------------------------------------------+
2026-03-25 17:13:46,946 - INFO - [36m(setup pid=4342, ip=172.31.46.101)[0m | Processes:                                                                              |
2026-03-25 17:13:46,946 - INFO - [36m(setup pid=4342, ip=172.31.46.101)[0m |  GPU   GI   CI              PID   Type   Process name                        GPU Memory |
2026-03-25 17:13:46,946 - INFO - [36m(setup pid=4342, ip=172.31.46.101)[0m |        ID   ID                                                               Usage      |
2026-03-25 17:13:46,946 - INFO - [36m(setup pid=4342, ip=172.31.46.101)[0m |=========================================================================================|
2026-03-25 17:13:46,946 - INFO - [36m(setup pid=4342, ip=172.31.46.101)[0m |  No running processes found                                                             |
2026-03-25 17:13:46,946 - INFO - [36m(setup pid=4342, ip=172.31.46.101)[0m +-----------------------------------------------------------------------------------------+
2026-03-25 17:13:46,946 - INFO - [36m(setup pid=5497)[0m + echo 'Checking CUDA libraries...'
2026-03-25 17:13:46,946 - INFO - [36m(setup pid=5497)[0m Checking CUDA libraries...
2026-03-25 17:13:46,946 - INFO - [36m(setup pid=5497)[0m + ldconfig -p
2026-03-25 17:13:46,946 - INFO - [36m(setup pid=5497)[0m + grep --color=auto cuda
2026-03-25 17:13:46,946 - INFO - [36m(setup pid=5497)[0m 	libnvrtc.so.12 (libc6,x86-64) => /usr/local/cuda-12.4/targets/x86_64-linux/lib/libnvrtc.so.12
2026-03-25 17:13:46,946 - INFO - [36m(setup pid=5497)[0m 	libnvrtc.so.12 (libc6,x86-64) => /usr/local/cuda-12.5/targets/x86_64-linux/lib/libnvrtc.so.12
2026-03-25 17:13:46,946 - INFO - [36m(setup pid=5497)[0m 	libnvrtc.so.12 (libc6,x86-64) => /usr/local/cuda-12.6/targets/x86_64-linux/lib/libnvrtc.so.12
2026-03-25 17:13:46,946 - INFO - [36m(setup pid=5497)[0m 	libnvrtc.so.12 (libc6,x86-64) => /usr/local/cuda-12.8/targets/x86_64-linux/lib/libnvrtc.so.12
2026-03-25 17:13:46,946 - INFO - [36m(setup pid=5497)[0m 	libnvrtc.so (libc6,x86-64) => /usr/local/cuda-12.4/targets/x86_64-linux/lib/libnvrtc.so
2026-03-25 17:13:46,946 - INFO - [36m(setup pid=5497)[0m 	libnvrtc.so (libc6,x86-64) => /usr/local/cuda-12.5/targets/x86_64-linux/lib/libnvrtc.so
2026-03-25 17:13:46,946 - INFO - [36m(setup pid=5497)[0m 	libnvrtc.so (libc6,x86-64) => /usr/local/cuda-12.6/targets/x86_64-linux/lib/libnvrtc.so
2026-03-25 17:13:46,946 - INFO - [36m(setup pid=5497)[0m 	libnvrtc.so (libc6,x86-64) => /usr/local/cuda-12.8/targets/x86_64-linux/lib/libnvrtc.so
2026-03-25 17:13:46,946 - INFO - [36m(setup pid=5497)[0m 	libnvrtc.alt.so.12 (libc6,x86-64) => /usr/local/cuda-12.8/targets/x86_64-linux/lib/libnvrtc.alt.so.12
2026-03-25 17:13:46,946 - INFO - [36m(setup pid=5497)[0m 	libnvrtc.alt.so (libc6,x86-64) => /usr/local/cuda-12.8/targets/x86_64-linux/lib/libnvrtc.alt.so
2026-03-25 17:13:46,947 - INFO - [36m(setup pid=5497)[0m 	libnvrtc-builtins.so.12.8 (libc6,x86-64) => /usr/local/cuda-12.8/targets/x86_64-linux/lib/libnvrtc-builtins.so.12.8
2026-03-25 17:13:46,947 - INFO - [36m(setup pid=5497)[0m 	libnvrtc-builtins.so.12.6 (libc6,x86-64) => /usr/local/cuda-12.6/targets/x86_64-linux/lib/libnvrtc-builtins.so.12.6
2026-03-25 17:13:46,947 - INFO - [36m(setup pid=5497)[0m 	libnvrtc-builtins.so.12.5 (libc6,x86-64) => /usr/local/cuda-12.5/targets/x86_64-linux/lib/libnvrtc-builtins.so.12.5
2026-03-25 17:13:46,947 - INFO - [36m(setup pid=5497)[0m 	libnvrtc-builtins.so.12.4 (libc6,x86-64) => /usr/local/cuda-12.4/targets/x86_64-linux/lib/libnvrtc-builtins.so.12.4
2026-03-25 17:13:46,947 - INFO - [36m(setup pid=5497)[0m 	libnvrtc-builtins.so (libc6,x86-64) => /usr/local/cuda-12.4/targets/x86_64-linux/lib/libnvrtc-builtins.so
2026-03-25 17:13:46,947 - INFO - [36m(setup pid=5497)[0m 	libnvrtc-builtins.so (libc6,x86-64) => /usr/local/cuda-12.5/targets/x86_64-linux/lib/libnvrtc-builtins.so
2026-03-25 17:13:46,947 - INFO - [36m(setup pid=5497)[0m 	libnvrtc-builtins.so (libc6,x86-64) => /usr/local/cuda-12.6/targets/x86_64-linux/lib/libnvrtc-builtins.so
2026-03-25 17:13:46,947 - INFO - [36m(setup pid=5497)[0m 	libnvrtc-builtins.so (libc6,x86-64) => /usr/local/cuda-12.8/targets/x86_64-linux/lib/libnvrtc-builtins.so
2026-03-25 17:13:46,947 - INFO - [36m(setup pid=5497)[0m 	libnvrtc-builtins.alt.so.12.8 (libc6,x86-64) => /usr/local/cuda-12.8/targets/x86_64-linux/lib/libnvrtc-builtins.alt.so.12.8
2026-03-25 17:13:46,947 - INFO - [36m(setup pid=5497)[0m 	libnvrtc-builtins.alt.so (libc6,x86-64) => /usr/local/cuda-12.8/targets/x86_64-linux/lib/libnvrtc-builtins.alt.so
2026-03-25 17:13:46,947 - INFO - [36m(setup pid=5497)[0m 	libnvjpeg.so.12 (libc6,x86-64) => /usr/local/cuda-12.4/targets/x86_64-linux/lib/libnvjpeg.so.12
2026-03-25 17:13:46,947 - INFO - [36m(setup pid=5497)[0m 	libnvjpeg.so.12 (libc6,x86-64) => /usr/local/cuda-12.5/targets/x86_64-linux/lib/libnvjpeg.so.12
2026-03-25 17:13:46,947 - INFO - [36m(setup pid=5497)[0m 	libnvjpeg.so.12 (libc6,x86-64) => /usr/local/cuda-12.6/targets/x86_64-linux/lib/libnvjpeg.so.12
2026-03-25 17:13:46,947 - INFO - [36m(setup pid=5497)[0m 	libnvjpeg.so.12 (libc6,x86-64) => /usr/local/cuda-12.8/targets/x86_64-linux/lib/libnvjpeg.so.12
2026-03-25 17:13:46,947 - INFO - [36m(setup pid=5497)[0m 	libnvjpeg.so (libc6,x86-64) => /usr/local/cuda-12.4/targets/x86_64-linux/lib/libnvjpeg.so
2026-03-25 17:13:46,947 - INFO - [36m(setup pid=5497)[0m 	libnvjpeg.so (libc6,x86-64) => /usr/local/cuda-12.5/targets/x86_64-linux/lib/libnvjpeg.so
2026-03-25 17:13:46,947 - INFO - [36m(setup pid=5497)[0m 	libnvjpeg.so (libc6,x86-64) => /usr/local/cuda-12.6/targets/x86_64-linux/lib/libnvjpeg.so
2026-03-25 17:13:46,947 - INFO - [36m(setup pid=5497)[0m 	libnvjpeg.so (libc6,x86-64) => /usr/local/cuda-12.8/targets/x86_64-linux/lib/libnvjpeg.so
2026-03-25 17:13:46,947 - INFO - [36m(setup pid=5497)[0m 	libnvfatbin.so.12 (libc6,x86-64) => /usr/local/cuda-12.4/targets/x86_64-linux/lib/libnvfatbin.so.12
2026-03-25 17:13:46,947 - INFO - [36m(setup pid=5497)[0m 	libnvfatbin.so.12 (libc6,x86-64) => /usr/local/cuda-12.5/targets/x86_64-linux/lib/libnvfatbin.so.12
2026-03-25 17:13:46,947 - INFO - [36m(setup pid=5497)[0m 	libnvfatbin.so.12 (libc6,x86-64) => /usr/local/cuda-12.6/targets/x86_64-linux/lib/libnvfatbin.so.12
2026-03-25 17:13:46,947 - INFO - [36m(setup pid=5497)[0m 	libnvfatbin.so.12 (libc6,x86-64) => /usr/local/cuda-12.8/targets/x86_64-linux/lib/libnvfatbin.so.12
2026-03-25 17:13:46,947 - INFO - [36m(setup pid=5497)[0m 	libnvfatbin.so (libc6,x86-64) => /usr/local/cuda-12.4/targets/x86_64-linux/lib/libnvfatbin.so
2026-03-25 17:13:46,947 - INFO - [36m(setup pid=5497)[0m 	libnvfatbin.so (libc6,x86-64) => /usr/local/cuda-12.5/targets/x86_64-linux/lib/libnvfatbin.so
2026-03-25 17:13:46,948 - INFO - [36m(setup pid=5497)[0m 	libnvfatbin.so (libc6,x86-64) => /usr/local/cuda-12.6/targets/x86_64-linux/lib/libnvfatbin.so
2026-03-25 17:13:46,948 - INFO - [36m(setup pid=5497)[0m 	libnvfatbin.so (libc6,x86-64) => /usr/local/cuda-12.8/targets/x86_64-linux/lib/libnvfatbin.so
2026-03-25 17:13:46,948 - INFO - [36m(setup pid=5497)[0m 	libnvblas.so.12 (libc6,x86-64) => /usr/local/cuda-12.4/targets/x86_64-linux/lib/libnvblas.so.12
2026-03-25 17:13:46,948 - INFO - [36m(setup pid=5497)[0m 	libnvblas.so.12 (libc6,x86-64) => /usr/local/cuda-12.5/targets/x86_64-linux/lib/libnvblas.so.12
2026-03-25 17:13:46,948 - INFO - [36m(setup pid=5497)[0m 	libnvblas.so.12 (libc6,x86-64) => /usr/local/cuda-12.6/targets/x86_64-linux/lib/libnvblas.so.12
2026-03-25 17:13:46,948 - INFO - [36m(setup pid=5497)[0m 	libnvblas.so.12 (libc6,x86-64) => /usr/local/cuda-12.8/targets/x86_64-linux/lib/libnvblas.so.12
2026-03-25 17:13:46,948 - INFO - [36m(setup pid=5497)[0m 	libnvblas.so (libc6,x86-64) => /usr/local/cuda-12.4/targets/x86_64-linux/lib/libnvblas.so
2026-03-25 17:13:46,948 - INFO - [36m(setup pid=5497)[0m 	libnvblas.so (libc6,x86-64) => /usr/local/cuda-12.5/targets/x86_64-linux/lib/libnvblas.so
2026-03-25 17:13:46,948 - INFO - [36m(setup pid=5497)[0m 	libnvblas.so (libc6,x86-64) => /usr/local/cuda-12.6/targets/x86_64-linux/lib/libnvblas.so
2026-03-25 17:13:46,948 - INFO - [36m(setup pid=5497)[0m 	libnvblas.so (libc6,x86-64) => /usr/local/cuda-12.8/targets/x86_64-linux/lib/libnvblas.so
2026-03-25 17:13:46,948 - INFO - [36m(setup pid=5497)[0m 	libnvToolsExt.so.1 (libc6,x86-64) => /usr/local/cuda-12.4/targets/x86_64-linux/lib/libnvToolsExt.so.1
2026-03-25 17:13:46,948 - INFO - [36m(setup pid=5497)[0m 	libnvToolsExt.so.1 (libc6,x86-64) => /usr/local/cuda-12.5/targets/x86_64-linux/lib/libnvToolsExt.so.1
2026-03-25 17:13:46,948 - INFO - [36m(setup pid=5497)[0m 	libnvToolsExt.so.1 (libc6,x86-64) => /usr/local/cuda-12.6/targets/x86_64-linux/lib/libnvToolsExt.so.1
2026-03-25 17:13:46,948 - INFO - [36m(setup pid=5497)[0m 	libnvToolsExt.so.1 (libc6,x86-64) => /usr/local/cuda-12.8/targets/x86_64-linux/lib/libnvToolsExt.so.1
2026-03-25 17:13:46,948 - INFO - [36m(setup pid=5497)[0m 	libnvToolsExt.so (libc6,x86-64) => /usr/local/cuda-12.4/targets/x86_64-linux/lib/libnvToolsExt.so
2026-03-25 17:13:46,948 - INFO - [36m(setup pid=5497)[0m 	libnvToolsExt.so (libc6,x86-64) => /usr/local/cuda-12.5/targets/x86_64-linux/lib/libnvToolsExt.so
2026-03-25 17:13:46,948 - INFO - [36m(setup pid=5497)[0m 	libnvToolsExt.so (libc6,x86-64) => /usr/local/cuda-12.6/targets/x86_64-linux/lib/libnvToolsExt.so
2026-03-25 17:13:46,948 - INFO - [36m(setup pid=5497)[0m 	libnvToolsExt.so (libc6,x86-64) => /usr/local/cuda-12.8/targets/x86_64-linux/lib/libnvToolsExt.so
2026-03-25 17:13:46,948 - INFO - [36m(setup pid=5497)[0m 	libnvJitLink.so.12 (libc6,x86-64) => /usr/local/cuda-12.4/targets/x86_64-linux/lib/libnvJitLink.so.12
2026-03-25 17:13:46,948 - INFO - [36m(setup pid=5497)[0m 	libnvJitLink.so.12 (libc6,x86-64) => /usr/local/cuda-12.5/targets/x86_64-linux/lib/libnvJitLink.so.12
2026-03-25 17:13:46,948 - INFO - [36m(setup pid=5497)[0m 	libnvJitLink.so.12 (libc6,x86-64) => /usr/local/cuda-12.6/targets/x86_64-linux/lib/libnvJitLink.so.12
2026-03-25 17:13:46,948 - INFO - [36m(setup pid=5497)[0m 	libnvJitLink.so.12 (libc6,x86-64) => /usr/local/cuda-12.8/targets/x86_64-linux/lib/libnvJitLink.so.12
2026-03-25 17:13:46,948 - INFO - [36m(setup pid=5497)[0m 	libnvJitLink.so (libc6,x86-64) => /usr/local/cuda-12.4/targets/x86_64-linux/lib/libnvJitLink.so
2026-03-25 17:13:46,948 - INFO - [36m(setup pid=5497)[0m 	libnvJitLink.so (libc6,x86-64) => /usr/local/cuda-12.5/targets/x86_64-linux/lib/libnvJitLink.so
2026-03-25 17:13:46,948 - INFO - [36m(setup pid=5497)[0m 	libnvJitLink.so (libc6,x86-64) => /usr/local/cuda-12.6/targets/x86_64-linux/lib/libnvJitLink.so
2026-03-25 17:13:46,949 - INFO - [36m(setup pid=5497)[0m 	libnvJitLink.so (libc6,x86-64) => /usr/local/cuda-12.8/targets/x86_64-linux/lib/libnvJitLink.so
2026-03-25 17:13:46,949 - INFO - [36m(setup pid=5497)[0m 	libnpps.so.12 (libc6,x86-64) => /usr/local/cuda-12.4/targets/x86_64-linux/lib/libnpps.so.12
2026-03-25 17:13:46,949 - INFO - [36m(setup pid=5497)[0m 	libnpps.so.12 (libc6,x86-64) => /usr/local/cuda-12.5/targets/x86_64-linux/lib/libnpps.so.12
2026-03-25 17:13:46,949 - INFO - [36m(setup pid=5497)[0m 	libnpps.so.12 (libc6,x86-64) => /usr/local/cuda-12.6/targets/x86_64-linux/lib/libnpps.so.12
2026-03-25 17:13:46,949 - INFO - [36m(setup pid=5497)[0m 	libnpps.so.12 (libc6,x86-64) => /usr/local/cuda-12.8/targets/x86_64-linux/lib/libnpps.so.12
2026-03-25 17:13:46,949 - INFO - [36m(setup pid=5497)[0m 	libnpps.so (libc6,x86-64) => /usr/local/cuda-12.4/targets/x86_64-linux/lib/libnpps.so
2026-03-25 17:13:46,949 - INFO - [36m(setup pid=5497)[0m 	libnpps.so (libc6,x86-64) => /usr/local/cuda-12.5/targets/x86_64-linux/lib/libnpps.so
2026-03-25 17:13:46,949 - INFO - [36m(setup pid=5497)[0m 	libnpps.so (libc6,x86-64) => /usr/local/cuda-12.6/targets/x86_64-linux/lib/libnpps.so
2026-03-25 17:13:46,949 - INFO - [36m(setup pid=5497)[0m 	libnpps.so (libc6,x86-64) => /usr/local/cuda-12.8/targets/x86_64-linux/lib/libnpps.so
2026-03-25 17:13:46,949 - INFO - [36m(setup pid=5497)[0m 	libnppitc.so.12 (libc6,x86-64) => /usr/local/cuda-12.4/targets/x86_64-linux/lib/libnppitc.so.12
2026-03-25 17:13:46,949 - INFO - [36m(setup pid=5497)[0m 	libnppitc.so.12 (libc6,x86-64) => /usr/local/cuda-12.5/targets/x86_64-linux/lib/libnppitc.so.12
2026-03-25 17:13:46,949 - INFO - [36m(setup pid=5497)[0m 	libnppitc.so.12 (libc6,x86-64) => /usr/local/cuda-12.6/targets/x86_64-linux/lib/libnppitc.so.12
2026-03-25 17:13:46,949 - INFO - [36m(setup pid=5497)[0m 	libnppitc.so.12 (libc6,x86-64) => /usr/local/cuda-12.8/targets/x86_64-linux/lib/libnppitc.so.12
2026-03-25 17:13:47,251 - INFO - [36m(setup pid=5497)[0m 	libnppitc.so (libc6,x86-64) => /usr/local/cuda-12.4/targets/x86_64-linux/lib/libnppitc.so
2026-03-25 17:13:47,251 - INFO - [36m(setup pid=5497)[0m 	libnppitc.so (libc6,x86-64) => /usr/local/cuda-12.5/targets/x86_64-linux/lib/libnppitc.so
2026-03-25 17:13:47,251 - INFO - [36m(setup pid=5497)[0m 	libnppitc.so (libc6,x86-64) => /usr/local/cuda-12.6/targets/x86_64-linux/lib/libnppitc.so
2026-03-25 17:13:47,252 - INFO - [36m(setup pid=5497)[0m 	libnppitc.so (libc6,x86-64) => /usr/local/cuda-12.8/targets/x86_64-linux/lib/libnppitc.so
2026-03-25 17:13:47,252 - INFO - [36m(setup pid=5497)[0m 	libnppisu.so.12 (libc6,x86-64) => /usr/local/cuda-12.4/targets/x86_64-linux/lib/libnppisu.so.12
2026-03-25 17:13:47,252 - INFO - [36m(setup pid=5497)[0m 	libnppisu.so.12 (libc6,x86-64) => /usr/local/cuda-12.5/targets/x86_64-linux/lib/libnppisu.so.12
2026-03-25 17:13:47,252 - INFO - [36m(setup pid=5497)[0m 	libnppisu.so.12 (libc6,x86-64) => /usr/local/cuda-12.6/targets/x86_64-linux/lib/libnppisu.so.12
2026-03-25 17:13:47,252 - INFO - [36m(setup pid=5497)[0m 	libnppisu.so.12 (libc6,x86-64) => /usr/local/cuda-12.8/targets/x86_64-linux/lib/libnppisu.so.12
2026-03-25 17:13:47,252 - INFO - [36m(setup pid=5497)[0m 	libnppisu.so (libc6,x86-64) => /usr/local/cuda-12.4/targets/x86_64-linux/lib/libnppisu.so
2026-03-25 17:13:47,252 - INFO - [36m(setup pid=5497)[0m 	libnppisu.so (libc6,x86-64) => /usr/local/cuda-12.5/targets/x86_64-linux/lib/libnppisu.so
2026-03-25 17:13:47,252 - INFO - [36m(setup pid=5497)[0m 	libnppisu.so (libc6,x86-64) => /usr/local/cuda-12.6/targets/x86_64-linux/lib/libnppisu.so
2026-03-25 17:13:47,252 - INFO - [36m(setup pid=5497)[0m 	libnppisu.so (libc6,x86-64) => /usr/local/cuda-12.8/targets/x86_64-linux/lib/libnppisu.so
2026-03-25 17:13:47,252 - INFO - [36m(setup pid=5497)[0m 	libnppist.so.12 (libc6,x86-64) => /usr/local/cuda-12.4/targets/x86_64-linux/lib/libnppist.so.12
2026-03-25 17:13:47,252 - INFO - [36m(setup pid=5497)[0m 	libnppist.so.12 (libc6,x86-64) => /usr/local/cuda-12.5/targets/x86_64-linux/lib/libnppist.so.12
2026-03-25 17:13:47,252 - INFO - [36m(setup pid=5497)[0m 	libnppist.so.12 (libc6,x86-64) => /usr/local/cuda-12.6/targets/x86_64-linux/lib/libnppist.so.12
2026-03-25 17:13:47,252 - INFO - [36m(setup pid=5497)[0m 	libnppist.so.12 (libc6,x86-64) => /usr/local/cuda-12.8/targets/x86_64-linux/lib/libnppist.so.12
2026-03-25 17:13:47,252 - INFO - [36m(setup pid=5497)[0m 	libnppist.so (libc6,x86-64) => /usr/local/cuda-12.4/targets/x86_64-linux/lib/libnppist.so
2026-03-25 17:13:47,252 - INFO - [36m(setup pid=5497)[0m 	libnppist.so (libc6,x86-64) => /usr/local/cuda-12.5/targets/x86_64-linux/lib/libnppist.so
2026-03-25 17:13:47,252 - INFO - [36m(setup pid=5497)[0m 	libnppist.so (libc6,x86-64) => /usr/local/cuda-12.6/targets/x86_64-linux/lib/libnppist.so
2026-03-25 17:13:47,252 - INFO - [36m(setup pid=5497)[0m 	libnppist.so (libc6,x86-64) => /usr/local/cuda-12.8/targets/x86_64-linux/lib/libnppist.so
2026-03-25 17:13:47,252 - INFO - [36m(setup pid=5497)[0m 	libnppim.so.12 (libc6,x86-64) => /usr/local/cuda-12.4/targets/x86_64-linux/lib/libnppim.so.12
2026-03-25 17:13:47,252 - INFO - [36m(setup pid=5497)[0m 	libnppim.so.12 (libc6,x86-64) => /usr/local/cuda-12.5/targets/x86_64-linux/lib/libnppim.so.12
2026-03-25 17:13:47,252 - INFO - [36m(setup pid=5497)[0m 	libnppim.so.12 (libc6,x86-64) => /usr/local/cuda-12.6/targets/x86_64-linux/lib/libnppim.so.12
2026-03-25 17:13:47,252 - INFO - [36m(setup pid=5497)[0m 	libnppim.so.12 (libc6,x86-64) => /usr/local/cuda-12.8/targets/x86_64-linux/lib/libnppim.so.12
2026-03-25 17:13:47,252 - INFO - [36m(setup pid=5497)[0m 	libnppim.so (libc6,x86-64) => /usr/local/cuda-12.4/targets/x86_64-linux/lib/libnppim.so
2026-03-25 17:13:47,253 - INFO - [36m(setup pid=5497)[0m 	libnppim.so (libc6,x86-64) => /usr/local/cuda-12.5/targets/x86_64-linux/lib/libnppim.so
2026-03-25 17:13:47,253 - INFO - [36m(setup pid=5497)[0m 	libnppim.so (libc6,x86-64) => /usr/local/cuda-12.6/targets/x86_64-linux/lib/libnppim.so
2026-03-25 17:13:47,253 - INFO - [36m(setup pid=5497)[0m 	libnppim.so (libc6,x86-64) => /usr/local/cuda-12.8/targets/x86_64-linux/lib/libnppim.so
2026-03-25 17:13:47,253 - INFO - [36m(setup pid=5497)[0m 	libnppig.so.12 (libc6,x86-64) => /usr/local/cuda-12.4/targets/x86_64-linux/lib/libnppig.so.12
2026-03-25 17:13:47,253 - INFO - [36m(setup pid=5497)[0m 	libnppig.so.12 (libc6,x86-64) => /usr/local/cuda-12.5/targets/x86_64-linux/lib/libnppig.so.12
2026-03-25 17:13:47,253 - INFO - [36m(setup pid=5497)[0m 	libnppig.so.12 (libc6,x86-64) => /usr/local/cuda-12.6/targets/x86_64-linux/lib/libnppig.so.12
2026-03-25 17:13:47,253 - INFO - [36m(setup pid=5497)[0m 	libnppig.so.12 (libc6,x86-64) => /usr/local/cuda-12.8/targets/x86_64-linux/lib/libnppig.so.12
2026-03-25 17:13:47,253 - INFO - [36m(setup pid=5497)[0m 	libnppig.so (libc6,x86-64) => /usr/local/cuda-12.4/targets/x86_64-linux/lib/libnppig.so
2026-03-25 17:13:47,253 - INFO - [36m(setup pid=5497)[0m 	libnppig.so (libc6,x86-64) => /usr/local/cuda-12.5/targets/x86_64-linux/lib/libnppig.so
2026-03-25 17:13:47,253 - INFO - [36m(setup pid=5497)[0m 	libnppig.so (libc6,x86-64) => /usr/local/cuda-12.6/targets/x86_64-linux/lib/libnppig.so
2026-03-25 17:13:47,253 - INFO - [36m(setup pid=5497)[0m 	libnppig.so (libc6,x86-64) => /usr/local/cuda-12.8/targets/x86_64-linux/lib/libnppig.so
2026-03-25 17:13:47,253 - INFO - [36m(setup pid=5497)[0m 	libnppif.so.12 (libc6,x86-64) => /usr/local/cuda-12.4/targets/x86_64-linux/lib/libnppif.so.12
2026-03-25 17:13:47,253 - INFO - [36m(setup pid=5497)[0m 	libnppif.so.12 (libc6,x86-64) => /usr/local/cuda-12.5/targets/x86_64-linux/lib/libnppif.so.12
2026-03-25 17:13:47,253 - INFO - [36m(setup pid=5497)[0m 	libnppif.so.12 (libc6,x86-64) => /usr/local/cuda-12.6/targets/x86_64-linux/lib/libnppif.so.12
2026-03-25 17:13:47,453 - INFO - [36m(setup pid=5497)[0m 	libnppif.so.12 (libc6,x86-64) => /usr/local/cuda-12.8/targets/x86_64-linux/lib/libnppif.so.12
2026-03-25 17:13:47,453 - INFO - [36m(setup pid=5497)[0m 	libnppif.so (libc6,x86-64) => /usr/local/cuda-12.4/targets/x86_64-linux/lib/libnppif.so
2026-03-25 17:13:47,453 - INFO - [36m(setup pid=5497)[0m 	libnppif.so (libc6,x86-64) => /usr/local/cuda-12.5/targets/x86_64-linux/lib/libnppif.so
2026-03-25 17:13:47,453 - INFO - [36m(setup pid=5497)[0m 	libnppif.so (libc6,x86-64) => /usr/local/cuda-12.6/targets/x86_64-linux/lib/libnppif.so
2026-03-25 17:13:47,453 - INFO - [36m(setup pid=5497)[0m 	libnppif.so (libc6,x86-64) => /usr/local/cuda-12.8/targets/x86_64-linux/lib/libnppif.so
2026-03-25 17:13:47,453 - INFO - [36m(setup pid=5497)[0m 	libnppidei.so.12 (libc6,x86-64) => /usr/local/cuda-12.4/targets/x86_64-linux/lib/libnppidei.so.12
2026-03-25 17:13:47,453 - INFO - [36m(setup pid=5497)[0m 	libnppidei.so.12 (libc6,x86-64) => /usr/local/cuda-12.5/targets/x86_64-linux/lib/libnppidei.so.12
2026-03-25 17:13:47,453 - INFO - [36m(setup pid=5497)[0m 	libnppidei.so.12 (libc6,x86-64) => /usr/local/cuda-12.6/targets/x86_64-linux/lib/libnppidei.so.12
2026-03-25 17:13:47,454 - INFO - [36m(setup pid=5497)[0m 	libnppidei.so.12 (libc6,x86-64) => /usr/local/cuda-12.8/targets/x86_64-linux/lib/libnppidei.so.12
2026-03-25 17:13:47,454 - INFO - [36m(setup pid=5497)[0m 	libnppidei.so (libc6,x86-64) => /usr/local/cuda-12.4/targets/x86_64-linux/lib/libnppidei.so
2026-03-25 17:13:47,454 - INFO - [36m(setup pid=5497)[0m 	libnppidei.so (libc6,x86-64) => /usr/local/cuda-12.5/targets/x86_64-linux/lib/libnppidei.so
2026-03-25 17:13:47,454 - INFO - [36m(setup pid=5497)[0m 	libnppidei.so (libc6,x86-64) => /usr/local/cuda-12.6/targets/x86_64-linux/lib/libnppidei.so
2026-03-25 17:13:47,454 - INFO - [36m(setup pid=5497)[0m 	libnppidei.so (libc6,x86-64) => /usr/local/cuda-12.8/targets/x86_64-linux/lib/libnppidei.so
2026-03-25 17:13:47,454 - INFO - [36m(setup pid=5497)[0m 	libnppicc.so.12 (libc6,x86-64) => /usr/local/cuda-12.4/targets/x86_64-linux/lib/libnppicc.so.12
2026-03-25 17:13:47,454 - INFO - [36m(setup pid=5497)[0m 	libnppicc.so.12 (libc6,x86-64) => /usr/local/cuda-12.5/targets/x86_64-linux/lib/libnppicc.so.12
2026-03-25 17:13:47,454 - INFO - [36m(setup pid=5497)[0m 	libnppicc.so.12 (libc6,x86-64) => /usr/local/cuda-12.6/targets/x86_64-linux/lib/libnppicc.so.12
2026-03-25 17:13:47,454 - INFO - [36m(setup pid=5497)[0m 	libnppicc.so.12 (libc6,x86-64) => /usr/local/cuda-12.8/targets/x86_64-linux/lib/libnppicc.so.12
2026-03-25 17:13:47,454 - INFO - [36m(setup pid=5497)[0m 	libnppicc.so (libc6,x86-64) => /usr/local/cuda-12.4/targets/x86_64-linux/lib/libnppicc.so
2026-03-25 17:13:47,454 - INFO - [36m(setup pid=5497)[0m 	libnppicc.so (libc6,x86-64) => /usr/local/cuda-12.5/targets/x86_64-linux/lib/libnppicc.so
2026-03-25 17:13:47,454 - INFO - [36m(setup pid=5497)[0m 	libnppicc.so (libc6,x86-64) => /usr/local/cuda-12.6/targets/x86_64-linux/lib/libnppicc.so
2026-03-25 17:13:47,454 - INFO - [36m(setup pid=5497)[0m 	libnppicc.so (libc6,x86-64) => /usr/local/cuda-12.8/targets/x86_64-linux/lib/libnppicc.so
2026-03-25 17:13:47,454 - INFO - [36m(setup pid=5497)[0m 	libnppial.so.12 (libc6,x86-64) => /usr/local/cuda-12.4/targets/x86_64-linux/lib/libnppial.so.12
2026-03-25 17:13:47,454 - INFO - [36m(setup pid=5497)[0m 	libnppial.so.12 (libc6,x86-64) => /usr/local/cuda-12.5/targets/x86_64-linux/lib/libnppial.so.12
2026-03-25 17:13:47,454 - INFO - [36m(setup pid=5497)[0m 	libnppial.so.12 (libc6,x86-64) => /usr/local/cuda-12.6/targets/x86_64-linux/lib/libnppial.so.12
2026-03-25 17:13:47,454 - INFO - [36m(setup pid=5497)[0m 	libnppial.so.12 (libc6,x86-64) => /usr/local/cuda-12.8/targets/x86_64-linux/lib/libnppial.so.12
2026-03-25 17:13:47,454 - INFO - [36m(setup pid=5497)[0m 	libnppial.so (libc6,x86-64) => /usr/local/cuda-12.4/targets/x86_64-linux/lib/libnppial.so
2026-03-25 17:13:47,454 - INFO - [36m(setup pid=5497)[0m 	libnppial.so (libc6,x86-64) => /usr/local/cuda-12.5/targets/x86_64-linux/lib/libnppial.so
2026-03-25 17:13:47,454 - INFO - [36m(setup pid=5497)[0m 	libnppial.so (libc6,x86-64) => /usr/local/cuda-12.6/targets/x86_64-linux/lib/libnppial.so
2026-03-25 17:13:47,454 - INFO - [36m(setup pid=5497)[0m 	libnppial.so (libc6,x86-64) => /usr/local/cuda-12.8/targets/x86_64-linux/lib/libnppial.so
2026-03-25 17:13:47,454 - INFO - [36m(setup pid=5497)[0m 	libnppc.so.12 (libc6,x86-64) => /usr/local/cuda-12.4/targets/x86_64-linux/lib/libnppc.so.12
2026-03-25 17:13:47,454 - INFO - [36m(setup pid=5497)[0m 	libnppc.so.12 (libc6,x86-64) => /usr/local/cuda-12.5/targets/x86_64-linux/lib/libnppc.so.12
2026-03-25 17:13:47,455 - INFO - [36m(setup pid=5497)[0m 	libnppc.so.12 (libc6,x86-64) => /usr/local/cuda-12.6/targets/x86_64-linux/lib/libnppc.so.12
2026-03-25 17:13:47,455 - INFO - [36m(setup pid=5497)[0m 	libnppc.so.12 (libc6,x86-64) => /usr/local/cuda-12.8/targets/x86_64-linux/lib/libnppc.so.12
2026-03-25 17:13:47,455 - INFO - [36m(setup pid=5497)[0m 	libnppc.so (libc6,x86-64) => /usr/local/cuda-12.4/targets/x86_64-linux/lib/libnppc.so
2026-03-25 17:13:47,455 - INFO - [36m(setup pid=5497)[0m 	libnppc.so (libc6,x86-64) => /usr/local/cuda-12.5/targets/x86_64-linux/lib/libnppc.so
2026-03-25 17:13:47,455 - INFO - [36m(setup pid=5497)[0m 	libnppc.so (libc6,x86-64) => /usr/local/cuda-12.6/targets/x86_64-linux/lib/libnppc.so
2026-03-25 17:13:47,455 - INFO - [36m(setup pid=5497)[0m 	libnppc.so (libc6,x86-64) => /usr/local/cuda-12.8/targets/x86_64-linux/lib/libnppc.so
2026-03-25 17:13:47,455 - INFO - [36m(setup pid=5497)[0m 	libicudata.so.70 (libc6,x86-64) => /lib/x86_64-linux-gnu/libicudata.so.70
2026-03-25 17:13:47,455 - INFO - [36m(setup pid=5497)[0m 	libcusparse.so.12 (libc6,x86-64) => /usr/local/cuda-12.4/targets/x86_64-linux/lib/libcusparse.so.12
2026-03-25 17:13:47,455 - INFO - [36m(setup pid=5497)[0m 	libcusparse.so.12 (libc6,x86-64) => /usr/local/cuda-12.5/targets/x86_64-linux/lib/libcusparse.so.12
2026-03-25 17:13:47,455 - INFO - [36m(setup pid=5497)[0m 	libcusparse.so.12 (libc6,x86-64) => /usr/local/cuda-12.6/targets/x86_64-linux/lib/libcusparse.so.12
2026-03-25 17:13:47,455 - INFO - [36m(setup pid=5497)[0m 	libcusparse.so.12 (libc6,x86-64) => /usr/local/cuda-12.8/targets/x86_64-linux/lib/libcusparse.so.12
2026-03-25 17:13:47,455 - INFO - [36m(setup pid=5497)[0m 	libcusparse.so (libc6,x86-64) => /usr/local/cuda-12.4/targets/x86_64-linux/lib/libcusparse.so
2026-03-25 17:13:47,455 - INFO - [36m(setup pid=5497)[0m 	libcusparse.so (libc6,x86-64) => /usr/local/cuda-12.5/targets/x86_64-linux/lib/libcusparse.so
2026-03-25 17:13:47,455 - INFO - [36m(setup pid=5497)[0m 	libcusparse.so (libc6,x86-64) => /usr/local/cuda-12.6/targets/x86_64-linux/lib/libcusparse.so
2026-03-25 17:13:47,455 - INFO - [36m(setup pid=5497)[0m 	libcusparse.so (libc6,x86-64) => /usr/local/cuda-12.8/targets/x86_64-linux/lib/libcusparse.so
2026-03-25 17:13:47,455 - INFO - [36m(setup pid=5497)[0m 	libcusolverMg.so.11 (libc6,x86-64) => /usr/local/cuda-12.4/targets/x86_64-linux/lib/libcusolverMg.so.11
2026-03-25 17:13:47,455 - INFO - [36m(setup pid=5497)[0m 	libcusolverMg.so.11 (libc6,x86-64) => /usr/local/cuda-12.5/targets/x86_64-linux/lib/libcusolverMg.so.11
2026-03-25 17:13:47,455 - INFO - [36m(setup pid=5497)[0m 	libcusolverMg.so.11 (libc6,x86-64) => /usr/local/cuda-12.6/targets/x86_64-linux/lib/libcusolverMg.so.11
2026-03-25 17:13:47,455 - INFO - [36m(setup pid=5497)[0m 	libcusolverMg.so.11 (libc6,x86-64) => /usr/local/cuda-12.8/targets/x86_64-linux/lib/libcusolverMg.so.11
2026-03-25 17:13:47,455 - INFO - [36m(setup pid=5497)[0m 	libcusolverMg.so (libc6,x86-64) => /usr/local/cuda-12.4/targets/x86_64-linux/lib/libcusolverMg.so
2026-03-25 17:13:47,455 - INFO - [36m(setup pid=5497)[0m 	libcusolverMg.so (libc6,x86-64) => /usr/local/cuda-12.5/targets/x86_64-linux/lib/libcusolverMg.so
2026-03-25 17:13:47,455 - INFO - [36m(setup pid=5497)[0m 	libcusolverMg.so (libc6,x86-64) => /usr/local/cuda-12.6/targets/x86_64-linux/lib/libcusolverMg.so
2026-03-25 17:13:47,455 - INFO - [36m(setup pid=5497)[0m 	libcusolverMg.so (libc6,x86-64) => /usr/local/cuda-12.8/targets/x86_64-linux/lib/libcusolverMg.so
2026-03-25 17:13:47,455 - INFO - [36m(setup pid=5497)[0m 	libcusolver.so.11 (libc6,x86-64) => /usr/local/cuda-12.4/targets/x86_64-linux/lib/libcusolver.so.11
2026-03-25 17:13:47,455 - INFO - [36m(setup pid=5497)[0m 	libcusolver.so.11 (libc6,x86-64) => /usr/local/cuda-12.5/targets/x86_64-linux/lib/libcusolver.so.11
2026-03-25 17:13:47,456 - INFO - [36m(setup pid=5497)[0m 	libcusolver.so.11 (libc6,x86-64) => /usr/local/cuda-12.6/targets/x86_64-linux/lib/libcusolver.so.11
2026-03-25 17:13:47,456 - INFO - [36m(setup pid=5497)[0m 	libcusolver.so.11 (libc6,x86-64) => /usr/local/cuda-12.8/targets/x86_64-linux/lib/libcusolver.so.11
2026-03-25 17:13:47,456 - INFO - [36m(setup pid=5497)[0m 	libcusolver.so (libc6,x86-64) => /usr/local/cuda-12.4/targets/x86_64-linux/lib/libcusolver.so
2026-03-25 17:13:47,456 - INFO - [36m(setup pid=5497)[0m 	libcusolver.so (libc6,x86-64) => /usr/local/cuda-12.5/targets/x86_64-linux/lib/libcusolver.so
2026-03-25 17:13:47,456 - INFO - [36m(setup pid=5497)[0m 	libcusolver.so (libc6,x86-64) => /usr/local/cuda-12.6/targets/x86_64-linux/lib/libcusolver.so
2026-03-25 17:13:47,456 - INFO - [36m(setup pid=5497)[0m 	libcusolver.so (libc6,x86-64) => /usr/local/cuda-12.8/targets/x86_64-linux/lib/libcusolver.so
2026-03-25 17:13:47,456 - INFO - [36m(setup pid=5497)[0m 	libcurand.so.10 (libc6,x86-64) => /usr/local/cuda-12.4/targets/x86_64-linux/lib/libcurand.so.10
2026-03-25 17:13:47,456 - INFO - [36m(setup pid=5497)[0m 	libcurand.so.10 (libc6,x86-64) => /usr/local/cuda-12.5/targets/x86_64-linux/lib/libcurand.so.10
2026-03-25 17:13:47,456 - INFO - [36m(setup pid=5497)[0m 	libcurand.so.10 (libc6,x86-64) => /usr/local/cuda-12.6/targets/x86_64-linux/lib/libcurand.so.10
2026-03-25 17:13:47,456 - INFO - [36m(setup pid=5497)[0m 	libcurand.so.10 (libc6,x86-64) => /usr/local/cuda-12.8/targets/x86_64-linux/lib/libcurand.so.10
2026-03-25 17:13:47,456 - INFO - [36m(setup pid=5497)[0m 	libcurand.so (libc6,x86-64) => /usr/local/cuda-12.4/targets/x86_64-linux/lib/libcurand.so
2026-03-25 17:13:47,456 - INFO - [36m(setup pid=5497)[0m 	libcurand.so (libc6,x86-64) => /usr/local/cuda-12.5/targets/x86_64-linux/lib/libcurand.so
2026-03-25 17:13:47,456 - INFO - [36m(setup pid=5497)[0m 	libcurand.so (libc6,x86-64) => /usr/local/cuda-12.6/targets/x86_64-linux/lib/libcurand.so
2026-03-25 17:13:47,456 - INFO - [36m(setup pid=5497)[0m 	libcurand.so (libc6,x86-64) => /usr/local/cuda-12.8/targets/x86_64-linux/lib/libcurand.so
2026-03-25 17:13:47,456 - INFO - [36m(setup pid=5497)[0m 	libcuinj64.so.12.8 (libc6,x86-64) => /usr/local/cuda-12.8/targets/x86_64-linux/lib/libcuinj64.so.12.8
2026-03-25 17:13:47,456 - INFO - [36m(setup pid=5497)[0m 	libcuinj64.so.12.6 (libc6,x86-64) => /usr/local/cuda-12.6/targets/x86_64-linux/lib/libcuinj64.so.12.6
2026-03-25 17:13:47,456 - INFO - [36m(setup pid=5497)[0m 	libcuinj64.so.12.5 (libc6,x86-64) => /usr/local/cuda-12.5/targets/x86_64-linux/lib/libcuinj64.so.12.5
2026-03-25 17:13:47,456 - INFO - [36m(setup pid=5497)[0m 	libcuinj64.so.12.4 (libc6,x86-64) => /usr/local/cuda-12.4/targets/x86_64-linux/lib/libcuinj64.so.12.4
2026-03-25 17:13:47,456 - INFO - [36m(setup pid=5497)[0m 	libcuinj64.so (libc6,x86-64) => /usr/local/cuda-12.4/targets/x86_64-linux/lib/libcuinj64.so
2026-03-25 17:13:47,456 - INFO - [36m(setup pid=5497)[0m 	libcuinj64.so (libc6,x86-64) => /usr/local/cuda-12.5/targets/x86_64-linux/lib/libcuinj64.so
2026-03-25 17:13:47,456 - INFO - [36m(setup pid=5497)[0m 	libcuinj64.so (libc6,x86-64) => /usr/local/cuda-12.6/targets/x86_64-linux/lib/libcuinj64.so
2026-03-25 17:13:47,456 - INFO - [36m(setup pid=5497)[0m 	libcuinj64.so (libc6,x86-64) => /usr/local/cuda-12.8/targets/x86_64-linux/lib/libcuinj64.so
2026-03-25 17:13:47,456 - INFO - [36m(setup pid=5497)[0m 	libcufile_rdma.so.1 (libc6,x86-64) => /usr/local/cuda-12.4/targets/x86_64-linux/lib/libcufile_rdma.so.1
2026-03-25 17:13:47,456 - INFO - [36m(setup pid=5497)[0m 	libcufile_rdma.so.1 (libc6,x86-64) => /usr/local/cuda-12.5/targets/x86_64-linux/lib/libcufile_rdma.so.1
2026-03-25 17:13:47,456 - INFO - [36m(setup pid=5497)[0m 	libcufile_rdma.so.1 (libc6,x86-64) => /usr/local/cuda-12.6/targets/x86_64-linux/lib/libcufile_rdma.so.1
2026-03-25 17:13:47,456 - INFO - [36m(setup pid=5497)[0m 	libcufile_rdma.so.1 (libc6,x86-64) => /usr/local/cuda-12.8/targets/x86_64-linux/lib/libcufile_rdma.so.1
2026-03-25 17:13:47,456 - INFO - [36m(setup pid=5497)[0m 	libcufile_rdma.so (libc6,x86-64) => /usr/local/cuda-12.4/targets/x86_64-linux/lib/libcufile_rdma.so
2026-03-25 17:13:47,456 - INFO - [36m(setup pid=5497)[0m 	libcufile_rdma.so (libc6,x86-64) => /usr/local/cuda-12.5/targets/x86_64-linux/lib/libcufile_rdma.so
2026-03-25 17:13:47,456 - INFO - [36m(setup pid=5497)[0m 	libcufile_rdma.so (libc6,x86-64) => /usr/local/cuda-12.6/targets/x86_64-linux/lib/libcufile_rdma.so
2026-03-25 17:13:47,456 - INFO - [36m(setup pid=5497)[0m 	libcufile_rdma.so (libc6,x86-64) => /usr/local/cuda-12.8/targets/x86_64-linux/lib/libcufile_rdma.so
2026-03-25 17:13:47,456 - INFO - [36m(setup pid=5497)[0m 	libcufile.so.0 (libc6,x86-64) => /usr/local/cuda-12.4/targets/x86_64-linux/lib/libcufile.so.0
2026-03-25 17:13:47,456 - INFO - [36m(setup pid=5497)[0m 	libcufile.so.0 (libc6,x86-64) => /usr/local/cuda-12.5/targets/x86_64-linux/lib/libcufile.so.0
2026-03-25 17:13:47,457 - INFO - [36m(setup pid=5497)[0m 	libcufile.so.0 (libc6,x86-64) => /usr/local/cuda-12.6/targets/x86_64-linux/lib/libcufile.so.0
2026-03-25 17:13:47,457 - INFO - [36m(setup pid=5497)[0m 	libcufile.so.0 (libc6,x86-64) => /usr/local/cuda-12.8/targets/x86_64-linux/lib/libcufile.so.0
2026-03-25 17:13:47,457 - INFO - [36m(setup pid=5497)[0m 	libcufile.so (libc6,x86-64) => /usr/local/cuda-12.4/targets/x86_64-linux/lib/libcufile.so
2026-03-25 17:13:47,457 - INFO - [36m(setup pid=5497)[0m 	libcufile.so (libc6,x86-64) => /usr/local/cuda-12.5/targets/x86_64-linux/lib/libcufile.so
2026-03-25 17:13:47,457 - INFO - [36m(setup pid=5497)[0m 	libcufile.so (libc6,x86-64) => /usr/local/cuda-12.6/targets/x86_64-linux/lib/libcufile.so
2026-03-25 17:13:47,457 - INFO - [36m(setup pid=5497)[0m 	libcufile.so (libc6,x86-64) => /usr/local/cuda-12.8/targets/x86_64-linux/lib/libcufile.so
2026-03-25 17:13:47,457 - INFO - [36m(setup pid=5497)[0m 	libcufftw.so.11 (libc6,x86-64) => /usr/local/cuda-12.4/targets/x86_64-linux/lib/libcufftw.so.11
2026-03-25 17:13:47,457 - INFO - [36m(setup pid=5497)[0m 	libcufftw.so.11 (libc6,x86-64) => /usr/local/cuda-12.5/targets/x86_64-linux/lib/libcufftw.so.11
2026-03-25 17:13:47,457 - INFO - [36m(setup pid=5497)[0m 	libcufftw.so.11 (libc6,x86-64) => /usr/local/cuda-12.6/targets/x86_64-linux/lib/libcufftw.so.11
2026-03-25 17:13:47,457 - INFO - [36m(setup pid=5497)[0m 	libcufftw.so.11 (libc6,x86-64) => /usr/local/cuda-12.8/targets/x86_64-linux/lib/libcufftw.so.11
2026-03-25 17:13:47,457 - INFO - [36m(setup pid=5497)[0m 	libcufftw.so (libc6,x86-64) => /usr/local/cuda-12.4/targets/x86_64-linux/lib/libcufftw.so
2026-03-25 17:13:47,457 - INFO - [36m(setup pid=5497)[0m 	libcufftw.so (libc6,x86-64) => /usr/local/cuda-12.5/targets/x86_64-linux/lib/libcufftw.so
2026-03-25 17:13:47,457 - INFO - [36m(setup pid=5497)[0m 	libcufftw.so (libc6,x86-64) => /usr/local/cuda-12.6/targets/x86_64-linux/lib/libcufftw.so
2026-03-25 17:13:47,457 - INFO - [36m(setup pid=5497)[0m 	libcufftw.so (libc6,x86-64) => /usr/local/cuda-12.8/targets/x86_64-linux/lib/libcufftw.so
2026-03-25 17:13:47,457 - INFO - [36m(setup pid=5497)[0m 	libcufft.so.11 (libc6,x86-64) => /usr/local/cuda-12.4/targets/x86_64-linux/lib/libcufft.so.11
2026-03-25 17:13:47,457 - INFO - [36m(setup pid=5497)[0m 	libcufft.so.11 (libc6,x86-64) => /usr/local/cuda-12.5/targets/x86_64-linux/lib/libcufft.so.11
2026-03-25 17:13:47,457 - INFO - [36m(setup pid=5497)[0m 	libcufft.so.11 (libc6,x86-64) => /usr/local/cuda-12.6/targets/x86_64-linux/lib/libcufft.so.11
2026-03-25 17:13:47,757 - INFO - [36m(setup pid=5497)[0m 	libcufft.so.11 (libc6,x86-64) => /usr/local/cuda-12.8/targets/x86_64-linux/lib/libcufft.so.11
2026-03-25 17:13:47,757 - INFO - [36m(setup pid=5497)[0m 	libcufft.so (libc6,x86-64) => /usr/local/cuda-12.4/targets/x86_64-linux/lib/libcufft.so
2026-03-25 17:13:47,757 - INFO - [36m(setup pid=5497)[0m 	libcufft.so (libc6,x86-64) => /usr/local/cuda-12.5/targets/x86_64-linux/lib/libcufft.so
2026-03-25 17:13:47,757 - INFO - [36m(setup pid=5497)[0m 	libcufft.so (libc6,x86-64) => /usr/local/cuda-12.6/targets/x86_64-linux/lib/libcufft.so
2026-03-25 17:13:47,757 - INFO - [36m(setup pid=5497)[0m 	libcufft.so (libc6,x86-64) => /usr/local/cuda-12.8/targets/x86_64-linux/lib/libcufft.so
2026-03-25 17:13:47,757 - INFO - [36m(setup pid=5497)[0m 	libcudart.so.12 (libc6,x86-64) => /usr/local/cuda-12.4/targets/x86_64-linux/lib/libcudart.so.12
2026-03-25 17:13:47,757 - INFO - [36m(setup pid=5497)[0m 	libcudart.so.12 (libc6,x86-64) => /usr/local/cuda-12.5/targets/x86_64-linux/lib/libcudart.so.12
2026-03-25 17:13:47,757 - INFO - [36m(setup pid=5497)[0m 	libcudart.so.12 (libc6,x86-64) => /usr/local/cuda-12.6/targets/x86_64-linux/lib/libcudart.so.12
2026-03-25 17:13:47,757 - INFO - [36m(setup pid=5497)[0m 	libcudart.so.12 (libc6,x86-64) => /usr/local/cuda-12.8/targets/x86_64-linux/lib/libcudart.so.12
2026-03-25 17:13:47,757 - INFO - [36m(setup pid=5497)[0m 	libcudart.so (libc6,x86-64) => /usr/local/cuda-12.4/targets/x86_64-linux/lib/libcudart.so
2026-03-25 17:13:47,757 - INFO - [36m(setup pid=5497)[0m 	libcudart.so (libc6,x86-64) => /usr/local/cuda-12.5/targets/x86_64-linux/lib/libcudart.so
2026-03-25 17:13:47,757 - INFO - [36m(setup pid=5497)[0m 	libcudart.so (libc6,x86-64) => /usr/local/cuda-12.6/targets/x86_64-linux/lib/libcudart.so
2026-03-25 17:13:47,757 - INFO - [36m(setup pid=5497)[0m 	libcudart.so (libc6,x86-64) => /usr/local/cuda-12.8/targets/x86_64-linux/lib/libcudart.so
2026-03-25 17:13:47,757 - INFO - [36m(setup pid=5497)[0m 	libcudadebugger.so.1 (libc6,x86-64) => /lib/x86_64-linux-gnu/libcudadebugger.so.1
2026-03-25 17:13:47,758 - INFO - [36m(setup pid=5497)[0m 	libcuda.so.1 (libc6,x86-64) => /lib/x86_64-linux-gnu/libcuda.so.1
2026-03-25 17:13:47,758 - INFO - [36m(setup pid=5497)[0m 	libcuda.so (libc6,x86-64) => /lib/x86_64-linux-gnu/libcuda.so
2026-03-25 17:13:47,758 - INFO - [36m(setup pid=5497)[0m 	libcublasLt.so.12 (libc6,x86-64) => /usr/local/cuda-12.4/targets/x86_64-linux/lib/libcublasLt.so.12
2026-03-25 17:13:47,758 - INFO - [36m(setup pid=5497)[0m 	libcublasLt.so.12 (libc6,x86-64) => /usr/local/cuda-12.5/targets/x86_64-linux/lib/libcublasLt.so.12
2026-03-25 17:13:47,758 - INFO - [36m(setup pid=5497)[0m 	libcublasLt.so.12 (libc6,x86-64) => /usr/local/cuda-12.6/targets/x86_64-linux/lib/libcublasLt.so.12
2026-03-25 17:13:47,758 - INFO - [36m(setup pid=5497)[0m 	libcublasLt.so.12 (libc6,x86-64) => /usr/local/cuda-12.8/targets/x86_64-linux/lib/libcublasLt.so.12
2026-03-25 17:13:47,758 - INFO - [36m(setup pid=5497)[0m 	libcublasLt.so (libc6,x86-64) => /usr/local/cuda-12.4/targets/x86_64-linux/lib/libcublasLt.so
2026-03-25 17:13:47,758 - INFO - [36m(setup pid=5497)[0m 	libcublasLt.so (libc6,x86-64) => /usr/local/cuda-12.5/targets/x86_64-linux/lib/libcublasLt.so
2026-03-25 17:13:47,758 - INFO - [36m(setup pid=5497)[0m 	libcublasLt.so (libc6,x86-64) => /usr/local/cuda-12.6/targets/x86_64-linux/lib/libcublasLt.so
2026-03-25 17:13:47,758 - INFO - [36m(setup pid=5497)[0m 	libcublasLt.so (libc6,x86-64) => /usr/local/cuda-12.8/targets/x86_64-linux/lib/libcublasLt.so
2026-03-25 17:13:48,162 - INFO - [36m(setup pid=5497)[0m 	libcublas.so.12 (libc6,x86-64) => /usr/local/cuda-12.4/targets/x86_64-linux/lib/libcublas.so.12
2026-03-25 17:13:48,162 - INFO - [36m(setup pid=5497)[0m 	libcublas.so.12 (libc6,x86-64) => /usr/local/cuda-12.5/targets/x86_64-linux/lib/libcublas.so.12
2026-03-25 17:13:48,162 - INFO - [36m(setup pid=5497)[0m 	libcublas.so.12 (libc6,x86-64) => /usr/local/cuda-12.6/targets/x86_64-linux/lib/libcublas.so.12
2026-03-25 17:13:48,162 - INFO - [36m(setup pid=5497)[0m 	libcublas.so.12 (libc6,x86-64) => /usr/local/cuda-12.8/targets/x86_64-linux/lib/libcublas.so.12
2026-03-25 17:13:48,162 - INFO - [36m(setup pid=5497)[0m 	libcublas.so (libc6,x86-64) => /usr/local/cuda-12.4/targets/x86_64-linux/lib/libcublas.so
2026-03-25 17:13:48,162 - INFO - [36m(setup pid=5497)[0m 	libcublas.so (libc6,x86-64) => /usr/local/cuda-12.5/targets/x86_64-linux/lib/libcublas.so
2026-03-25 17:13:48,162 - INFO - [36m(setup pid=5497)[0m 	libcublas.so (libc6,x86-64) => /usr/local/cuda-12.6/targets/x86_64-linux/lib/libcublas.so
2026-03-25 17:13:48,162 - INFO - [36m(setup pid=5497)[0m 	libcublas.so (libc6,x86-64) => /usr/local/cuda-12.8/targets/x86_64-linux/lib/libcublas.so
2026-03-25 17:13:48,162 - INFO - [36m(setup pid=5497)[0m 	libaccinj64.so.12.8 (libc6,x86-64) => /usr/local/cuda-12.8/targets/x86_64-linux/lib/libaccinj64.so.12.8
2026-03-25 17:13:48,162 - INFO - [36m(setup pid=5497)[0m 	libaccinj64.so.12.6 (libc6,x86-64) => /usr/local/cuda-12.6/targets/x86_64-linux/lib/libaccinj64.so.12.6
2026-03-25 17:13:48,162 - INFO - [36m(setup pid=5497)[0m 	libaccinj64.so.12.5 (libc6,x86-64) => /usr/local/cuda-12.5/targets/x86_64-linux/lib/libaccinj64.so.12.5
2026-03-25 17:13:48,162 - INFO - [36m(setup pid=5497)[0m 	libaccinj64.so.12.4 (libc6,x86-64) => /usr/local/cuda-12.4/targets/x86_64-linux/lib/libaccinj64.so.12.4
2026-03-25 17:13:48,163 - INFO - [36m(setup pid=5497)[0m 	libaccinj64.so (libc6,x86-64) => /usr/local/cuda-12.4/targets/x86_64-linux/lib/libaccinj64.so
2026-03-25 17:13:48,163 - INFO - [36m(setup pid=5497)[0m 	libaccinj64.so (libc6,x86-64) => /usr/local/cuda-12.5/targets/x86_64-linux/lib/libaccinj64.so
2026-03-25 17:13:48,163 - INFO - [36m(setup pid=5497)[0m 	libaccinj64.so (libc6,x86-64) => /usr/local/cuda-12.6/targets/x86_64-linux/lib/libaccinj64.so
2026-03-25 17:13:48,163 - INFO - [36m(setup pid=5497)[0m 	libaccinj64.so (libc6,x86-64) => /usr/local/cuda-12.8/targets/x86_64-linux/lib/libaccinj64.so
2026-03-25 17:13:48,163 - INFO - [36m(setup pid=5497)[0m 	libOpenCL.so.1 (libc6,x86-64) => /usr/local/cuda-12.4/targets/x86_64-linux/lib/libOpenCL.so.1
2026-03-25 17:13:48,163 - INFO - [36m(setup pid=5497)[0m 	libOpenCL.so.1 (libc6,x86-64) => /usr/local/cuda-12.5/targets/x86_64-linux/lib/libOpenCL.so.1
2026-03-25 17:13:48,163 - INFO - [36m(setup pid=5497)[0m 	libOpenCL.so.1 (libc6,x86-64) => /usr/local/cuda-12.6/targets/x86_64-linux/lib/libOpenCL.so.1
2026-03-25 17:13:48,163 - INFO - [36m(setup pid=5497)[0m 	libOpenCL.so.1 (libc6,x86-64) => /usr/local/cuda-12.8/targets/x86_64-linux/lib/libOpenCL.so.1
2026-03-25 17:13:48,163 - INFO - [36m(setup pid=5497)[0m 	libOpenCL.so (libc6,x86-64) => /usr/local/cuda-12.4/targets/x86_64-linux/lib/libOpenCL.so
2026-03-25 17:13:48,163 - INFO - [36m(setup pid=5497)[0m 	libOpenCL.so (libc6,x86-64) => /usr/local/cuda-12.5/targets/x86_64-linux/lib/libOpenCL.so
2026-03-25 17:13:48,163 - INFO - [36m(setup pid=5497)[0m 	libOpenCL.so (libc6,x86-64) => /usr/local/cuda-12.6/targets/x86_64-linux/lib/libOpenCL.so
2026-03-25 17:13:48,163 - INFO - [36m(setup pid=5497)[0m 	libOpenCL.so (libc6,x86-64) => /usr/local/cuda-12.8/targets/x86_64-linux/lib/libOpenCL.so
2026-03-25 17:13:48,163 - INFO - [36m(setup pid=5497)[0m + echo 'CUDA toolkit path:'
2026-03-25 17:13:48,163 - INFO - [36m(setup pid=5497)[0m CUDA toolkit path:
2026-03-25 17:13:48,163 - INFO - [36m(setup pid=5497)[0m + ls --color=auto -la /usr/local/cuda /usr/local/cuda-12.4 /usr/local/cuda-12.5 /usr/local/cuda-12.6 /usr/local/cuda-12.8
2026-03-25 17:13:48,163 - INFO - [36m(setup pid=4342, ip=172.31.46.101)[0m + echo 'Checking CUDA libraries...'
2026-03-25 17:13:48,163 - INFO - [36m(setup pid=4342, ip=172.31.46.101)[0m Checking CUDA libraries...
2026-03-25 17:13:48,163 - INFO - [36m(setup pid=4342, ip=172.31.46.101)[0m + ldconfig -p
2026-03-25 17:13:48,163 - INFO - [36m(setup pid=4342, ip=172.31.46.101)[0m + grep --color=auto cuda
2026-03-25 17:13:48,163 - INFO - [36m(setup pid=4342, ip=172.31.46.101)[0m 	libnvrtc.so.12 (libc6,x86-64) => /usr/local/cuda-12.4/targets/x86_64-linux/lib/libnvrtc.so.12
2026-03-25 17:13:48,163 - INFO - [36m(setup pid=4342, ip=172.31.46.101)[0m 	libnvrtc.so.12 (libc6,x86-64) => /usr/local/cuda-12.5/targets/x86_64-linux/lib/libnvrtc.so.12
2026-03-25 17:13:48,163 - INFO - [36m(setup pid=4342, ip=172.31.46.101)[0m 	libnvrtc.so.12 (libc6,x86-64) => /usr/local/cuda-12.6/targets/x86_64-linux/lib/libnvrtc.so.12
2026-03-25 17:13:48,163 - INFO - [36m(setup pid=4342, ip=172.31.46.101)[0m 	libnvrtc.so.12 (libc6,x86-64) => /usr/local/cuda-12.8/targets/x86_64-linux/lib/libnvrtc.so.12
2026-03-25 17:13:48,163 - INFO - [36m(setup pid=4342, ip=172.31.46.101)[0m 	libnvrtc.so (libc6,x86-64) => /usr/local/cuda-12.4/targets/x86_64-linux/lib/libnvrtc.so
2026-03-25 17:13:48,163 - INFO - [36m(setup pid=4342, ip=172.31.46.101)[0m 	libnvrtc.so (libc6,x86-64) => /usr/local/cuda-12.5/targets/x86_64-linux/lib/libnvrtc.so
2026-03-25 17:13:48,164 - INFO - [36m(setup pid=4342, ip=172.31.46.101)[0m 	libnvrtc.so (libc6,x86-64) => /usr/local/cuda-12.6/targets/x86_64-linux/lib/libnvrtc.so
2026-03-25 17:13:48,164 - INFO - [36m(setup pid=4342, ip=172.31.46.101)[0m 	libnvrtc.so (libc6,x86-64) => /usr/local/cuda-12.8/targets/x86_64-linux/lib/libnvrtc.so
2026-03-25 17:13:48,164 - INFO - [36m(setup pid=4342, ip=172.31.46.101)[0m 	libnvrtc.alt.so.12 (libc6,x86-64) => /usr/local/cuda-12.8/targets/x86_64-linux/lib/libnvrtc.alt.so.12
2026-03-25 17:13:48,164 - INFO - [36m(setup pid=4342, ip=172.31.46.101)[0m 	libnvrtc.alt.so (libc6,x86-64) => /usr/local/cuda-12.8/targets/x86_64-linux/lib/libnvrtc.alt.so
2026-03-25 17:13:48,164 - INFO - [36m(setup pid=4342, ip=172.31.46.101)[0m 	libnvrtc-builtins.so.12.8 (libc6,x86-64) => /usr/local/cuda-12.8/targets/x86_64-linux/lib/libnvrtc-builtins.so.12.8
2026-03-25 17:13:48,164 - INFO - [36m(setup pid=4342, ip=172.31.46.101)[0m 	libnvrtc-builtins.so.12.6 (libc6,x86-64) => /usr/local/cuda-12.6/targets/x86_64-linux/lib/libnvrtc-builtins.so.12.6
2026-03-25 17:13:48,164 - INFO - [36m(setup pid=4342, ip=172.31.46.101)[0m 	libnvrtc-builtins.so.12.5 (libc6,x86-64) => /usr/local/cuda-12.5/targets/x86_64-linux/lib/libnvrtc-builtins.so.12.5
2026-03-25 17:13:48,164 - INFO - [36m(setup pid=4342, ip=172.31.46.101)[0m 	libnvrtc-builtins.so.12.4 (libc6,x86-64) => /usr/local/cuda-12.4/targets/x86_64-linux/lib/libnvrtc-builtins.so.12.4
2026-03-25 17:13:48,164 - INFO - [36m(setup pid=4342, ip=172.31.46.101)[0m 	libnvrtc-builtins.so (libc6,x86-64) => /usr/local/cuda-12.4/targets/x86_64-linux/lib/libnvrtc-builtins.so
2026-03-25 17:13:48,164 - INFO - [36m(setup pid=4342, ip=172.31.46.101)[0m 	libnvrtc-builtins.so (libc6,x86-64) => /usr/local/cuda-12.5/targets/x86_64-linux/lib/libnvrtc-builtins.so
2026-03-25 17:13:48,164 - INFO - [36m(setup pid=4342, ip=172.31.46.101)[0m 	libnvrtc-builtins.so (libc6,x86-64) => /usr/local/cuda-12.6/targets/x86_64-linux/lib/libnvrtc-builtins.so
2026-03-25 17:13:48,164 - INFO - [36m(setup pid=4342, ip=172.31.46.101)[0m 	libnvrtc-builtins.so (libc6,x86-64) => /usr/local/cuda-12.8/targets/x86_64-linux/lib/libnvrtc-builtins.so
2026-03-25 17:13:48,164 - INFO - [36m(setup pid=4342, ip=172.31.46.101)[0m 	libnvrtc-builtins.alt.so.12.8 (libc6,x86-64) => /usr/local/cuda-12.8/targets/x86_64-linux/lib/libnvrtc-builtins.alt.so.12.8
2026-03-25 17:13:48,164 - INFO - [36m(setup pid=4342, ip=172.31.46.101)[0m 	libnvrtc-builtins.alt.so (libc6,x86-64) => /usr/local/cuda-12.8/targets/x86_64-linux/lib/libnvrtc-builtins.alt.so
2026-03-25 17:13:48,164 - INFO - [36m(setup pid=4342, ip=172.31.46.101)[0m 	libnvjpeg.so.12 (libc6,x86-64) => /usr/local/cuda-12.4/targets/x86_64-linux/lib/libnvjpeg.so.12
2026-03-25 17:13:48,164 - INFO - [36m(setup pid=4342, ip=172.31.46.101)[0m 	libnvjpeg.so.12 (libc6,x86-64) => /usr/local/cuda-12.5/targets/x86_64-linux/lib/libnvjpeg.so.12
2026-03-25 17:13:48,164 - INFO - [36m(setup pid=4342, ip=172.31.46.101)[0m 	libnvjpeg.so.12 (libc6,x86-64) => /usr/local/cuda-12.6/targets/x86_64-linux/lib/libnvjpeg.so.12
2026-03-25 17:13:48,164 - INFO - [36m(setup pid=4342, ip=172.31.46.101)[0m 	libnvjpeg.so.12 (libc6,x86-64) => /usr/local/cuda-12.8/targets/x86_64-linux/lib/libnvjpeg.so.12
2026-03-25 17:13:48,164 - INFO - [36m(setup pid=4342, ip=172.31.46.101)[0m 	libnvjpeg.so (libc6,x86-64) => /usr/local/cuda-12.4/targets/x86_64-linux/lib/libnvjpeg.so
2026-03-25 17:13:48,164 - INFO - [36m(setup pid=4342, ip=172.31.46.101)[0m 	libnvjpeg.so (libc6,x86-64) => /usr/local/cuda-12.5/targets/x86_64-linux/lib/libnvjpeg.so
2026-03-25 17:13:48,164 - INFO - [36m(setup pid=4342, ip=172.31.46.101)[0m 	libnvjpeg.so (libc6,x86-64) => /usr/local/cuda-12.6/targets/x86_64-linux/lib/libnvjpeg.so
2026-03-25 17:13:48,164 - INFO - [36m(setup pid=4342, ip=172.31.46.101)[0m 	libnvjpeg.so (libc6,x86-64) => /usr/local/cuda-12.8/targets/x86_64-linux/lib/libnvjpeg.so
2026-03-25 17:13:48,164 - INFO - [36m(setup pid=4342, ip=172.31.46.101)[0m 	libnvfatbin.so.12 (libc6,x86-64) => /usr/local/cuda-12.4/targets/x86_64-linux/lib/libnvfatbin.so.12
2026-03-25 17:13:48,164 - INFO - [36m(setup pid=4342, ip=172.31.46.101)[0m 	libnvfatbin.so.12 (libc6,x86-64) => /usr/local/cuda-12.5/targets/x86_64-linux/lib/libnvfatbin.so.12
2026-03-25 17:13:48,165 - INFO - [36m(setup pid=4342, ip=172.31.46.101)[0m 	libnvfatbin.so.12 (libc6,x86-64) => /usr/local/cuda-12.6/targets/x86_64-linux/lib/libnvfatbin.so.12
2026-03-25 17:13:48,165 - INFO - [36m(setup pid=4342, ip=172.31.46.101)[0m 	libnvfatbin.so.12 (libc6,x86-64) => /usr/local/cuda-12.8/targets/x86_64-linux/lib/libnvfatbin.so.12
2026-03-25 17:13:48,165 - INFO - [36m(setup pid=4342, ip=172.31.46.101)[0m 	libnvfatbin.so (libc6,x86-64) => /usr/local/cuda-12.4/targets/x86_64-linux/lib/libnvfatbin.so
2026-03-25 17:13:48,165 - INFO - [36m(setup pid=4342, ip=172.31.46.101)[0m 	libnvfatbin.so (libc6,x86-64) => /usr/local/cuda-12.5/targets/x86_64-linux/lib/libnvfatbin.so
2026-03-25 17:13:48,165 - INFO - [36m(setup pid=4342, ip=172.31.46.101)[0m 	libnvfatbin.so (libc6,x86-64) => /usr/local/cuda-12.6/targets/x86_64-linux/lib/libnvfatbin.so
2026-03-25 17:13:48,165 - INFO - [36m(setup pid=4342, ip=172.31.46.101)[0m 	libnvfatbin.so (libc6,x86-64) => /usr/local/cuda-12.8/targets/x86_64-linux/lib/libnvfatbin.so
2026-03-25 17:13:48,165 - INFO - [36m(setup pid=4342, ip=172.31.46.101)[0m 	libnvblas.so.12 (libc6,x86-64) => /usr/local/cuda-12.4/targets/x86_64-linux/lib/libnvblas.so.12
2026-03-25 17:13:48,165 - INFO - [36m(setup pid=4342, ip=172.31.46.101)[0m 	libnvblas.so.12 (libc6,x86-64) => /usr/local/cuda-12.5/targets/x86_64-linux/lib/libnvblas.so.12
2026-03-25 17:13:48,165 - INFO - [36m(setup pid=4342, ip=172.31.46.101)[0m 	libnvblas.so.12 (libc6,x86-64) => /usr/local/cuda-12.6/targets/x86_64-linux/lib/libnvblas.so.12
2026-03-25 17:13:48,165 - INFO - [36m(setup pid=4342, ip=172.31.46.101)[0m 	libnvblas.so.12 (libc6,x86-64) => /usr/local/cuda-12.8/targets/x86_64-linux/lib/libnvblas.so.12
2026-03-25 17:13:48,165 - INFO - [36m(setup pid=4342, ip=172.31.46.101)[0m 	libnvblas.so (libc6,x86-64) => /usr/local/cuda-12.4/targets/x86_64-linux/lib/libnvblas.so
2026-03-25 17:13:48,165 - INFO - [36m(setup pid=4342, ip=172.31.46.101)[0m 	libnvblas.so (libc6,x86-64) => /usr/local/cuda-12.5/targets/x86_64-linux/lib/libnvblas.so
2026-03-25 17:13:48,165 - INFO - [36m(setup pid=4342, ip=172.31.46.101)[0m 	libnvblas.so (libc6,x86-64) => /usr/local/cuda-12.6/targets/x86_64-linux/lib/libnvblas.so
2026-03-25 17:13:48,165 - INFO - [36m(setup pid=4342, ip=172.31.46.101)[0m 	libnvblas.so (libc6,x86-64) => /usr/local/cuda-12.8/targets/x86_64-linux/lib/libnvblas.so
2026-03-25 17:13:48,165 - INFO - [36m(setup pid=4342, ip=172.31.46.101)[0m 	libnvToolsExt.so.1 (libc6,x86-64) => /usr/local/cuda-12.4/targets/x86_64-linux/lib/libnvToolsExt.so.1
2026-03-25 17:13:48,165 - INFO - [36m(setup pid=4342, ip=172.31.46.101)[0m 	libnvToolsExt.so.1 (libc6,x86-64) => /usr/local/cuda-12.5/targets/x86_64-linux/lib/libnvToolsExt.so.1
2026-03-25 17:13:48,165 - INFO - [36m(setup pid=4342, ip=172.31.46.101)[0m 	libnvToolsExt.so.1 (libc6,x86-64) => /usr/local/cuda-12.6/targets/x86_64-linux/lib/libnvToolsExt.so.1
2026-03-25 17:13:48,165 - INFO - [36m(setup pid=4342, ip=172.31.46.101)[0m 	libnvToolsExt.so.1 (libc6,x86-64) => /usr/local/cuda-12.8/targets/x86_64-linux/lib/libnvToolsExt.so.1
2026-03-25 17:13:48,165 - INFO - [36m(setup pid=4342, ip=172.31.46.101)[0m 	libnvToolsExt.so (libc6,x86-64) => /usr/local/cuda-12.4/targets/x86_64-linux/lib/libnvToolsExt.so
2026-03-25 17:13:48,165 - INFO - [36m(setup pid=4342, ip=172.31.46.101)[0m 	libnvToolsExt.so (libc6,x86-64) => /usr/local/cuda-12.5/targets/x86_64-linux/lib/libnvToolsExt.so
2026-03-25 17:13:48,165 - INFO - [36m(setup pid=4342, ip=172.31.46.101)[0m 	libnvToolsExt.so (libc6,x86-64) => /usr/local/cuda-12.6/targets/x86_64-linux/lib/libnvToolsExt.so
2026-03-25 17:13:48,165 - INFO - [36m(setup pid=4342, ip=172.31.46.101)[0m 	libnvToolsExt.so (libc6,x86-64) => /usr/local/cuda-12.8/targets/x86_64-linux/lib/libnvToolsExt.so
2026-03-25 17:13:48,165 - INFO - [36m(setup pid=4342, ip=172.31.46.101)[0m 	libnvJitLink.so.12 (libc6,x86-64) => /usr/local/cuda-12.4/targets/x86_64-linux/lib/libnvJitLink.so.12
2026-03-25 17:13:48,165 - INFO - [36m(setup pid=4342, ip=172.31.46.101)[0m 	libnvJitLink.so.12 (libc6,x86-64) => /usr/local/cuda-12.5/targets/x86_64-linux/lib/libnvJitLink.so.12
2026-03-25 17:13:48,166 - INFO - [36m(setup pid=4342, ip=172.31.46.101)[0m 	libnvJitLink.so.12 (libc6,x86-64) => /usr/local/cuda-12.6/targets/x86_64-linux/lib/libnvJitLink.so.12
2026-03-25 17:13:48,166 - INFO - [36m(setup pid=4342, ip=172.31.46.101)[0m 	libnvJitLink.so.12 (libc6,x86-64) => /usr/local/cuda-12.8/targets/x86_64-linux/lib/libnvJitLink.so.12
2026-03-25 17:13:48,166 - INFO - [36m(setup pid=4342, ip=172.31.46.101)[0m 	libnvJitLink.so (libc6,x86-64) => /usr/local/cuda-12.4/targets/x86_64-linux/lib/libnvJitLink.so
2026-03-25 17:13:48,166 - INFO - [36m(setup pid=4342, ip=172.31.46.101)[0m 	libnvJitLink.so (libc6,x86-64) => /usr/local/cuda-12.5/targets/x86_64-linux/lib/libnvJitLink.so
2026-03-25 17:13:48,166 - INFO - [36m(setup pid=4342, ip=172.31.46.101)[0m 	libnvJitLink.so (libc6,x86-64) => /usr/local/cuda-12.6/targets/x86_64-linux/lib/libnvJitLink.so
2026-03-25 17:13:48,166 - INFO - [36m(setup pid=4342, ip=172.31.46.101)[0m 	libnvJitLink.so (libc6,x86-64) => /usr/local/cuda-12.8/targets/x86_64-linux/lib/libnvJitLink.so
2026-03-25 17:13:48,166 - INFO - [36m(setup pid=4342, ip=172.31.46.101)[0m 	libnpps.so.12 (libc6,x86-64) => /usr/local/cuda-12.4/targets/x86_64-linux/lib/libnpps.so.12
2026-03-25 17:13:48,166 - INFO - [36m(setup pid=4342, ip=172.31.46.101)[0m 	libnpps.so.12 (libc6,x86-64) => /usr/local/cuda-12.5/targets/x86_64-linux/lib/libnpps.so.12
2026-03-25 17:13:48,166 - INFO - [36m(setup pid=4342, ip=172.31.46.101)[0m 	libnpps.so.12 (libc6,x86-64) => /usr/local/cuda-12.6/targets/x86_64-linux/lib/libnpps.so.12
2026-03-25 17:13:48,166 - INFO - [36m(setup pid=4342, ip=172.31.46.101)[0m 	libnpps.so.12 (libc6,x86-64) => /usr/local/cuda-12.8/targets/x86_64-linux/lib/libnpps.so.12
2026-03-25 17:13:48,166 - INFO - [36m(setup pid=4342, ip=172.31.46.101)[0m 	libnpps.so (libc6,x86-64) => /usr/local/cuda-12.4/targets/x86_64-linux/lib/libnpps.so
2026-03-25 17:13:48,166 - INFO - [36m(setup pid=4342, ip=172.31.46.101)[0m 	libnpps.so (libc6,x86-64) => /usr/local/cuda-12.5/targets/x86_64-linux/lib/libnpps.so
2026-03-25 17:13:48,166 - INFO - [36m(setup pid=4342, ip=172.31.46.101)[0m 	libnpps.so (libc6,x86-64) => /usr/local/cuda-12.6/targets/x86_64-linux/lib/libnpps.so
2026-03-25 17:13:48,166 - INFO - [36m(setup pid=4342, ip=172.31.46.101)[0m 	libnpps.so (libc6,x86-64) => /usr/local/cuda-12.8/targets/x86_64-linux/lib/libnpps.so
2026-03-25 17:13:48,166 - INFO - [36m(setup pid=4342, ip=172.31.46.101)[0m 	libnppitc.so.12 (libc6,x86-64) => /usr/local/cuda-12.4/targets/x86_64-linux/lib/libnppitc.so.12
2026-03-25 17:13:48,166 - INFO - [36m(setup pid=4342, ip=172.31.46.101)[0m 	libnppitc.so.12 (libc6,x86-64) => /usr/local/cuda-12.5/targets/x86_64-linux/lib/libnppitc.so.12
2026-03-25 17:13:48,166 - INFO - [36m(setup pid=4342, ip=172.31.46.101)[0m 	libnppitc.so.12 (libc6,x86-64) => /usr/local/cuda-12.6/targets/x86_64-linux/lib/libnppitc.so.12
2026-03-25 17:13:48,166 - INFO - [36m(setup pid=4342, ip=172.31.46.101)[0m 	libnppitc.so.12 (libc6,x86-64) => /usr/local/cuda-12.8/targets/x86_64-linux/lib/libnppitc.so.12
2026-03-25 17:13:48,166 - INFO - [36m(setup pid=4342, ip=172.31.46.101)[0m 	libnppitc.so (libc6,x86-64) => /usr/local/cuda-12.4/targets/x86_64-linux/lib/libnppitc.so
2026-03-25 17:13:48,166 - INFO - [36m(setup pid=4342, ip=172.31.46.101)[0m 	libnppitc.so (libc6,x86-64) => /usr/local/cuda-12.5/targets/x86_64-linux/lib/libnppitc.so
2026-03-25 17:13:48,166 - INFO - [36m(setup pid=4342, ip=172.31.46.101)[0m 	libnppitc.so (libc6,x86-64) => /usr/local/cuda-12.6/targets/x86_64-linux/lib/libnppitc.so
2026-03-25 17:13:48,166 - INFO - [36m(setup pid=4342, ip=172.31.46.101)[0m 	libnppitc.so (libc6,x86-64) => /usr/local/cuda-12.8/targets/x86_64-linux/lib/libnppitc.so
2026-03-25 17:13:48,166 - INFO - [36m(setup pid=4342, ip=172.31.46.101)[0m 	libnppisu.so.12 (libc6,x86-64) => /usr/local/cuda-12.4/targets/x86_64-linux/lib/libnppisu.so.12
2026-03-25 17:13:48,166 - INFO - [36m(setup pid=4342, ip=172.31.46.101)[0m 	libnppisu.so.12 (libc6,x86-64) => /usr/local/cuda-12.5/targets/x86_64-linux/lib/libnppisu.so.12
2026-03-25 17:13:48,166 - INFO - [36m(setup pid=4342, ip=172.31.46.101)[0m 	libnppisu.so.12 (libc6,x86-64) => /usr/local/cuda-12.6/targets/x86_64-linux/lib/libnppisu.so.12
2026-03-25 17:13:48,166 - INFO - [36m(setup pid=4342, ip=172.31.46.101)[0m 	libnppisu.so.12 (libc6,x86-64) => /usr/local/cuda-12.8/targets/x86_64-linux/lib/libnppisu.so.12
2026-03-25 17:13:48,167 - INFO - [36m(setup pid=4342, ip=172.31.46.101)[0m 	libnppisu.so (libc6,x86-64) => /usr/local/cuda-12.4/targets/x86_64-linux/lib/libnppisu.so
2026-03-25 17:13:48,365 - INFO - [36m(setup pid=4342, ip=172.31.46.101)[0m 	libnppisu.so (libc6,x86-64) => /usr/local/cuda-12.5/targets/x86_64-linux/lib/libnppisu.so
2026-03-25 17:13:48,365 - INFO - [36m(setup pid=4342, ip=172.31.46.101)[0m 	libnppisu.so (libc6,x86-64) => /usr/local/cuda-12.6/targets/x86_64-linux/lib/libnppisu.so
2026-03-25 17:13:48,365 - INFO - [36m(setup pid=4342, ip=172.31.46.101)[0m 	libnppisu.so (libc6,x86-64) => /usr/local/cuda-12.8/targets/x86_64-linux/lib/libnppisu.so
2026-03-25 17:13:48,365 - INFO - [36m(setup pid=4342, ip=172.31.46.101)[0m 	libnppist.so.12 (libc6,x86-64) => /usr/local/cuda-12.4/targets/x86_64-linux/lib/libnppist.so.12
2026-03-25 17:13:48,365 - INFO - [36m(setup pid=4342, ip=172.31.46.101)[0m 	libnppist.so.12 (libc6,x86-64) => /usr/local/cuda-12.5/targets/x86_64-linux/lib/libnppist.so.12
2026-03-25 17:13:48,365 - INFO - [36m(setup pid=4342, ip=172.31.46.101)[0m 	libnppist.so.12 (libc6,x86-64) => /usr/local/cuda-12.6/targets/x86_64-linux/lib/libnppist.so.12
2026-03-25 17:13:48,365 - INFO - [36m(setup pid=4342, ip=172.31.46.101)[0m 	libnppist.so.12 (libc6,x86-64) => /usr/local/cuda-12.8/targets/x86_64-linux/lib/libnppist.so.12
2026-03-25 17:13:48,365 - INFO - [36m(setup pid=4342, ip=172.31.46.101)[0m 	libnppist.so (libc6,x86-64) => /usr/local/cuda-12.4/targets/x86_64-linux/lib/libnppist.so
2026-03-25 17:13:48,365 - INFO - [36m(setup pid=4342, ip=172.31.46.101)[0m 	libnppist.so (libc6,x86-64) => /usr/local/cuda-12.5/targets/x86_64-linux/lib/libnppist.so
2026-03-25 17:13:48,365 - INFO - [36m(setup pid=4342, ip=172.31.46.101)[0m 	libnppist.so (libc6,x86-64) => /usr/local/cuda-12.6/targets/x86_64-linux/lib/libnppist.so
2026-03-25 17:13:48,365 - INFO - [36m(setup pid=4342, ip=172.31.46.101)[0m 	libnppist.so (libc6,x86-64) => /usr/local/cuda-12.8/targets/x86_64-linux/lib/libnppist.so
2026-03-25 17:13:48,365 - INFO - [36m(setup pid=4342, ip=172.31.46.101)[0m 	libnppim.so.12 (libc6,x86-64) => /usr/local/cuda-12.4/targets/x86_64-linux/lib/libnppim.so.12
2026-03-25 17:13:48,365 - INFO - [36m(setup pid=4342, ip=172.31.46.101)[0m 	libnppim.so.12 (libc6,x86-64) => /usr/local/cuda-12.5/targets/x86_64-linux/lib/libnppim.so.12
2026-03-25 17:13:48,365 - INFO - [36m(setup pid=4342, ip=172.31.46.101)[0m 	libnppim.so.12 (libc6,x86-64) => /usr/local/cuda-12.6/targets/x86_64-linux/lib/libnppim.so.12
2026-03-25 17:13:48,365 - INFO - [36m(setup pid=4342, ip=172.31.46.101)[0m 	libnppim.so.12 (libc6,x86-64) => /usr/local/cuda-12.8/targets/x86_64-linux/lib/libnppim.so.12
2026-03-25 17:13:48,365 - INFO - [36m(setup pid=4342, ip=172.31.46.101)[0m 	libnppim.so (libc6,x86-64) => /usr/local/cuda-12.4/targets/x86_64-linux/lib/libnppim.so
2026-03-25 17:13:48,365 - INFO - [36m(setup pid=4342, ip=172.31.46.101)[0m 	libnppim.so (libc6,x86-64) => /usr/local/cuda-12.5/targets/x86_64-linux/lib/libnppim.so
2026-03-25 17:13:48,366 - INFO - [36m(setup pid=4342, ip=172.31.46.101)[0m 	libnppim.so (libc6,x86-64) => /usr/local/cuda-12.6/targets/x86_64-linux/lib/libnppim.so
2026-03-25 17:13:48,366 - INFO - [36m(setup pid=4342, ip=172.31.46.101)[0m 	libnppim.so (libc6,x86-64) => /usr/local/cuda-12.8/targets/x86_64-linux/lib/libnppim.so
2026-03-25 17:13:48,366 - INFO - [36m(setup pid=4342, ip=172.31.46.101)[0m 	libnppig.so.12 (libc6,x86-64) => /usr/local/cuda-12.4/targets/x86_64-linux/lib/libnppig.so.12
2026-03-25 17:13:48,366 - INFO - [36m(setup pid=4342, ip=172.31.46.101)[0m 	libnppig.so.12 (libc6,x86-64) => /usr/local/cuda-12.5/targets/x86_64-linux/lib/libnppig.so.12
2026-03-25 17:13:48,366 - INFO - [36m(setup pid=4342, ip=172.31.46.101)[0m 	libnppig.so.12 (libc6,x86-64) => /usr/local/cuda-12.6/targets/x86_64-linux/lib/libnppig.so.12
2026-03-25 17:13:48,366 - INFO - [36m(setup pid=4342, ip=172.31.46.101)[0m 	libnppig.so.12 (libc6,x86-64) => /usr/local/cuda-12.8/targets/x86_64-linux/lib/libnppig.so.12
2026-03-25 17:13:48,366 - INFO - [36m(setup pid=4342, ip=172.31.46.101)[0m 	libnppig.so (libc6,x86-64) => /usr/local/cuda-12.4/targets/x86_64-linux/lib/libnppig.so
2026-03-25 17:13:48,366 - INFO - [36m(setup pid=4342, ip=172.31.46.101)[0m 	libnppig.so (libc6,x86-64) => /usr/local/cuda-12.5/targets/x86_64-linux/lib/libnppig.so
2026-03-25 17:13:48,366 - INFO - [36m(setup pid=4342, ip=172.31.46.101)[0m 	libnppig.so (libc6,x86-64) => /usr/local/cuda-12.6/targets/x86_64-linux/lib/libnppig.so
2026-03-25 17:13:48,366 - INFO - [36m(setup pid=4342, ip=172.31.46.101)[0m 	libnppig.so (libc6,x86-64) => /usr/local/cuda-12.8/targets/x86_64-linux/lib/libnppig.so
2026-03-25 17:13:48,366 - INFO - [36m(setup pid=4342, ip=172.31.46.101)[0m 	libnppif.so.12 (libc6,x86-64) => /usr/local/cuda-12.4/targets/x86_64-linux/lib/libnppif.so.12
2026-03-25 17:13:48,366 - INFO - [36m(setup pid=4342, ip=172.31.46.101)[0m 	libnppif.so.12 (libc6,x86-64) => /usr/local/cuda-12.5/targets/x86_64-linux/lib/libnppif.so.12
2026-03-25 17:13:48,366 - INFO - [36m(setup pid=4342, ip=172.31.46.101)[0m 	libnppif.so.12 (libc6,x86-64) => /usr/local/cuda-12.6/targets/x86_64-linux/lib/libnppif.so.12
2026-03-25 17:13:48,366 - INFO - [36m(setup pid=4342, ip=172.31.46.101)[0m 	libnppif.so.12 (libc6,x86-64) => /usr/local/cuda-12.8/targets/x86_64-linux/lib/libnppif.so.12
2026-03-25 17:13:48,366 - INFO - [36m(setup pid=4342, ip=172.31.46.101)[0m 	libnppif.so (libc6,x86-64) => /usr/local/cuda-12.4/targets/x86_64-linux/lib/libnppif.so
2026-03-25 17:13:48,366 - INFO - [36m(setup pid=4342, ip=172.31.46.101)[0m 	libnppif.so (libc6,x86-64) => /usr/local/cuda-12.5/targets/x86_64-linux/lib/libnppif.so
2026-03-25 17:13:48,366 - INFO - [36m(setup pid=4342, ip=172.31.46.101)[0m 	libnppif.so (libc6,x86-64) => /usr/local/cuda-12.6/targets/x86_64-linux/lib/libnppif.so
2026-03-25 17:13:48,366 - INFO - [36m(setup pid=4342, ip=172.31.46.101)[0m 	libnppif.so (libc6,x86-64) => /usr/local/cuda-12.8/targets/x86_64-linux/lib/libnppif.so
2026-03-25 17:13:48,366 - INFO - [36m(setup pid=4342, ip=172.31.46.101)[0m 	libnppidei.so.12 (libc6,x86-64) => /usr/local/cuda-12.4/targets/x86_64-linux/lib/libnppidei.so.12
2026-03-25 17:13:48,366 - INFO - [36m(setup pid=4342, ip=172.31.46.101)[0m 	libnppidei.so.12 (libc6,x86-64) => /usr/local/cuda-12.5/targets/x86_64-linux/lib/libnppidei.so.12
2026-03-25 17:13:48,366 - INFO - [36m(setup pid=4342, ip=172.31.46.101)[0m 	libnppidei.so.12 (libc6,x86-64) => /usr/local/cuda-12.6/targets/x86_64-linux/lib/libnppidei.so.12
2026-03-25 17:13:48,366 - INFO - [36m(setup pid=4342, ip=172.31.46.101)[0m 	libnppidei.so.12 (libc6,x86-64) => /usr/local/cuda-12.8/targets/x86_64-linux/lib/libnppidei.so.12
2026-03-25 17:13:48,366 - INFO - [36m(setup pid=4342, ip=172.31.46.101)[0m 	libnppidei.so (libc6,x86-64) => /usr/local/cuda-12.4/targets/x86_64-linux/lib/libnppidei.so
2026-03-25 17:13:48,366 - INFO - [36m(setup pid=4342, ip=172.31.46.101)[0m 	libnppidei.so (libc6,x86-64) => /usr/local/cuda-12.5/targets/x86_64-linux/lib/libnppidei.so
2026-03-25 17:13:48,366 - INFO - [36m(setup pid=4342, ip=172.31.46.101)[0m 	libnppidei.so (libc6,x86-64) => /usr/local/cuda-12.6/targets/x86_64-linux/lib/libnppidei.so
2026-03-25 17:13:48,367 - INFO - [36m(setup pid=4342, ip=172.31.46.101)[0m 	libnppidei.so (libc6,x86-64) => /usr/local/cuda-12.8/targets/x86_64-linux/lib/libnppidei.so
2026-03-25 17:13:48,367 - INFO - [36m(setup pid=4342, ip=172.31.46.101)[0m 	libnppicc.so.12 (libc6,x86-64) => /usr/local/cuda-12.4/targets/x86_64-linux/lib/libnppicc.so.12
2026-03-25 17:13:48,770 - INFO - [36m(setup pid=4342, ip=172.31.46.101)[0m 	libnppicc.so.12 (libc6,x86-64) => /usr/local/cuda-12.5/targets/x86_64-linux/lib/libnppicc.so.12
2026-03-25 17:13:48,770 - INFO - [36m(setup pid=4342, ip=172.31.46.101)[0m 	libnppicc.so.12 (libc6,x86-64) => /usr/local/cuda-12.6/targets/x86_64-linux/lib/libnppicc.so.12
2026-03-25 17:13:48,770 - INFO - [36m(setup pid=4342, ip=172.31.46.101)[0m 	libnppicc.so.12 (libc6,x86-64) => /usr/local/cuda-12.8/targets/x86_64-linux/lib/libnppicc.so.12
2026-03-25 17:13:48,771 - INFO - [36m(setup pid=4342, ip=172.31.46.101)[0m 	libnppicc.so (libc6,x86-64) => /usr/local/cuda-12.4/targets/x86_64-linux/lib/libnppicc.so
2026-03-25 17:13:48,771 - INFO - [36m(setup pid=4342, ip=172.31.46.101)[0m 	libnppicc.so (libc6,x86-64) => /usr/local/cuda-12.5/targets/x86_64-linux/lib/libnppicc.so
2026-03-25 17:13:48,771 - INFO - [36m(setup pid=4342, ip=172.31.46.101)[0m 	libnppicc.so (libc6,x86-64) => /usr/local/cuda-12.6/targets/x86_64-linux/lib/libnppicc.so
2026-03-25 17:13:48,771 - INFO - [36m(setup pid=4342, ip=172.31.46.101)[0m 	libnppicc.so (libc6,x86-64) => /usr/local/cuda-12.8/targets/x86_64-linux/lib/libnppicc.so
2026-03-25 17:13:48,771 - INFO - [36m(setup pid=4342, ip=172.31.46.101)[0m 	libnppial.so.12 (libc6,x86-64) => /usr/local/cuda-12.4/targets/x86_64-linux/lib/libnppial.so.12
2026-03-25 17:13:48,771 - INFO - [36m(setup pid=4342, ip=172.31.46.101)[0m 	libnppial.so.12 (libc6,x86-64) => /usr/local/cuda-12.5/targets/x86_64-linux/lib/libnppial.so.12
2026-03-25 17:13:48,771 - INFO - [36m(setup pid=4342, ip=172.31.46.101)[0m 	libnppial.so.12 (libc6,x86-64) => /usr/local/cuda-12.6/targets/x86_64-linux/lib/libnppial.so.12
2026-03-25 17:13:48,771 - INFO - [36m(setup pid=4342, ip=172.31.46.101)[0m 	libnppial.so.12 (libc6,x86-64) => /usr/local/cuda-12.8/targets/x86_64-linux/lib/libnppial.so.12
2026-03-25 17:13:48,771 - INFO - [36m(setup pid=4342, ip=172.31.46.101)[0m 	libnppial.so (libc6,x86-64) => /usr/local/cuda-12.4/targets/x86_64-linux/lib/libnppial.so
2026-03-25 17:13:48,771 - INFO - [36m(setup pid=4342, ip=172.31.46.101)[0m 	libnppial.so (libc6,x86-64) => /usr/local/cuda-12.5/targets/x86_64-linux/lib/libnppial.so
2026-03-25 17:13:48,771 - INFO - [36m(setup pid=4342, ip=172.31.46.101)[0m 	libnppial.so (libc6,x86-64) => /usr/local/cuda-12.6/targets/x86_64-linux/lib/libnppial.so
2026-03-25 17:13:48,771 - INFO - [36m(setup pid=4342, ip=172.31.46.101)[0m 	libnppial.so (libc6,x86-64) => /usr/local/cuda-12.8/targets/x86_64-linux/lib/libnppial.so
2026-03-25 17:13:48,771 - INFO - [36m(setup pid=4342, ip=172.31.46.101)[0m 	libnppc.so.12 (libc6,x86-64) => /usr/local/cuda-12.4/targets/x86_64-linux/lib/libnppc.so.12
2026-03-25 17:13:48,771 - INFO - [36m(setup pid=4342, ip=172.31.46.101)[0m 	libnppc.so.12 (libc6,x86-64) => /usr/local/cuda-12.5/targets/x86_64-linux/lib/libnppc.so.12
2026-03-25 17:13:48,771 - INFO - [36m(setup pid=4342, ip=172.31.46.101)[0m 	libnppc.so.12 (libc6,x86-64) => /usr/local/cuda-12.6/targets/x86_64-linux/lib/libnppc.so.12
2026-03-25 17:13:48,771 - INFO - [36m(setup pid=4342, ip=172.31.46.101)[0m 	libnppc.so.12 (libc6,x86-64) => /usr/local/cuda-12.8/targets/x86_64-linux/lib/libnppc.so.12
2026-03-25 17:13:48,771 - INFO - [36m(setup pid=4342, ip=172.31.46.101)[0m 	libnppc.so (libc6,x86-64) => /usr/local/cuda-12.4/targets/x86_64-linux/lib/libnppc.so
2026-03-25 17:13:48,771 - INFO - [36m(setup pid=4342, ip=172.31.46.101)[0m 	libnppc.so (libc6,x86-64) => /usr/local/cuda-12.5/targets/x86_64-linux/lib/libnppc.so
2026-03-25 17:13:48,771 - INFO - [36m(setup pid=4342, ip=172.31.46.101)[0m 	libnppc.so (libc6,x86-64) => /usr/local/cuda-12.6/targets/x86_64-linux/lib/libnppc.so
2026-03-25 17:13:48,771 - INFO - [36m(setup pid=4342, ip=172.31.46.101)[0m 	libnppc.so (libc6,x86-64) => /usr/local/cuda-12.8/targets/x86_64-linux/lib/libnppc.so
2026-03-25 17:13:48,771 - INFO - [36m(setup pid=4342, ip=172.31.46.101)[0m 	libicudata.so.70 (libc6,x86-64) => /lib/x86_64-linux-gnu/libicudata.so.70
2026-03-25 17:13:48,771 - INFO - [36m(setup pid=4342, ip=172.31.46.101)[0m 	libcusparse.so.12 (libc6,x86-64) => /usr/local/cuda-12.4/targets/x86_64-linux/lib/libcusparse.so.12
2026-03-25 17:13:48,771 - INFO - [36m(setup pid=4342, ip=172.31.46.101)[0m 	libcusparse.so.12 (libc6,x86-64) => /usr/local/cuda-12.5/targets/x86_64-linux/lib/libcusparse.so.12
2026-03-25 17:13:48,771 - INFO - [36m(setup pid=4342, ip=172.31.46.101)[0m 	libcusparse.so.12 (libc6,x86-64) => /usr/local/cuda-12.6/targets/x86_64-linux/lib/libcusparse.so.12
2026-03-25 17:13:48,771 - INFO - [36m(setup pid=4342, ip=172.31.46.101)[0m 	libcusparse.so.12 (libc6,x86-64) => /usr/local/cuda-12.8/targets/x86_64-linux/lib/libcusparse.so.12
2026-03-25 17:13:48,771 - INFO - [36m(setup pid=4342, ip=172.31.46.101)[0m 	libcusparse.so (libc6,x86-64) => /usr/local/cuda-12.4/targets/x86_64-linux/lib/libcusparse.so
2026-03-25 17:13:48,771 - INFO - [36m(setup pid=4342, ip=172.31.46.101)[0m 	libcusparse.so (libc6,x86-64) => /usr/local/cuda-12.5/targets/x86_64-linux/lib/libcusparse.so
2026-03-25 17:13:48,771 - INFO - [36m(setup pid=4342, ip=172.31.46.101)[0m 	libcusparse.so (libc6,x86-64) => /usr/local/cuda-12.6/targets/x86_64-linux/lib/libcusparse.so
2026-03-25 17:13:48,771 - INFO - [36m(setup pid=4342, ip=172.31.46.101)[0m 	libcusparse.so (libc6,x86-64) => /usr/local/cuda-12.8/targets/x86_64-linux/lib/libcusparse.so
2026-03-25 17:13:48,771 - INFO - [36m(setup pid=4342, ip=172.31.46.101)[0m 	libcusolverMg.so.11 (libc6,x86-64) => /usr/local/cuda-12.4/targets/x86_64-linux/lib/libcusolverMg.so.11
2026-03-25 17:13:48,771 - INFO - [36m(setup pid=4342, ip=172.31.46.101)[0m 	libcusolverMg.so.11 (libc6,x86-64) => /usr/local/cuda-12.5/targets/x86_64-linux/lib/libcusolverMg.so.11
2026-03-25 17:13:48,771 - INFO - [36m(setup pid=4342, ip=172.31.46.101)[0m 	libcusolverMg.so.11 (libc6,x86-64) => /usr/local/cuda-12.6/targets/x86_64-linux/lib/libcusolverMg.so.11
2026-03-25 17:13:48,771 - INFO - [36m(setup pid=4342, ip=172.31.46.101)[0m 	libcusolverMg.so.11 (libc6,x86-64) => /usr/local/cuda-12.8/targets/x86_64-linux/lib/libcusolverMg.so.11
2026-03-25 17:13:48,771 - INFO - [36m(setup pid=4342, ip=172.31.46.101)[0m 	libcusolverMg.so (libc6,x86-64) => /usr/local/cuda-12.4/targets/x86_64-linux/lib/libcusolverMg.so
2026-03-25 17:13:48,771 - INFO - [36m(setup pid=4342, ip=172.31.46.101)[0m 	libcusolverMg.so (libc6,x86-64) => /usr/local/cuda-12.5/targets/x86_64-linux/lib/libcusolverMg.so
2026-03-25 17:13:48,771 - INFO - [36m(setup pid=4342, ip=172.31.46.101)[0m 	libcusolverMg.so (libc6,x86-64) => /usr/local/cuda-12.6/targets/x86_64-linux/lib/libcusolverMg.so
2026-03-25 17:13:48,771 - INFO - [36m(setup pid=4342, ip=172.31.46.101)[0m 	libcusolverMg.so (libc6,x86-64) => /usr/local/cuda-12.8/targets/x86_64-linux/lib/libcusolverMg.so
2026-03-25 17:13:48,771 - INFO - [36m(setup pid=4342, ip=172.31.46.101)[0m 	libcusolver.so.11 (libc6,x86-64) => /usr/local/cuda-12.4/targets/x86_64-linux/lib/libcusolver.so.11
2026-03-25 17:13:48,771 - INFO - [36m(setup pid=4342, ip=172.31.46.101)[0m 	libcusolver.so.11 (libc6,x86-64) => /usr/local/cuda-12.5/targets/x86_64-linux/lib/libcusolver.so.11
2026-03-25 17:13:48,771 - INFO - [36m(setup pid=4342, ip=172.31.46.101)[0m 	libcusolver.so.11 (libc6,x86-64) => /usr/local/cuda-12.6/targets/x86_64-linux/lib/libcusolver.so.11
2026-03-25 17:13:48,772 - INFO - [36m(setup pid=4342, ip=172.31.46.101)[0m 	libcusolver.so.11 (libc6,x86-64) => /usr/local/cuda-12.8/targets/x86_64-linux/lib/libcusolver.so.11
2026-03-25 17:13:48,772 - INFO - [36m(setup pid=4342, ip=172.31.46.101)[0m 	libcusolver.so (libc6,x86-64) => /usr/local/cuda-12.4/targets/x86_64-linux/lib/libcusolver.so
2026-03-25 17:13:48,772 - INFO - [36m(setup pid=4342, ip=172.31.46.101)[0m 	libcusolver.so (libc6,x86-64) => /usr/local/cuda-12.5/targets/x86_64-linux/lib/libcusolver.so
2026-03-25 17:13:48,772 - INFO - [36m(setup pid=4342, ip=172.31.46.101)[0m 	libcusolver.so (libc6,x86-64) => /usr/local/cuda-12.6/targets/x86_64-linux/lib/libcusolver.so
2026-03-25 17:13:48,772 - INFO - [36m(setup pid=4342, ip=172.31.46.101)[0m 	libcusolver.so (libc6,x86-64) => /usr/local/cuda-12.8/targets/x86_64-linux/lib/libcusolver.so
2026-03-25 17:13:48,772 - INFO - [36m(setup pid=4342, ip=172.31.46.101)[0m 	libcurand.so.10 (libc6,x86-64) => /usr/local/cuda-12.4/targets/x86_64-linux/lib/libcurand.so.10
2026-03-25 17:13:48,772 - INFO - [36m(setup pid=4342, ip=172.31.46.101)[0m 	libcurand.so.10 (libc6,x86-64) => /usr/local/cuda-12.5/targets/x86_64-linux/lib/libcurand.so.10
2026-03-25 17:13:48,772 - INFO - [36m(setup pid=4342, ip=172.31.46.101)[0m 	libcurand.so.10 (libc6,x86-64) => /usr/local/cuda-12.6/targets/x86_64-linux/lib/libcurand.so.10
2026-03-25 17:13:48,772 - INFO - [36m(setup pid=4342, ip=172.31.46.101)[0m 	libcurand.so.10 (libc6,x86-64) => /usr/local/cuda-12.8/targets/x86_64-linux/lib/libcurand.so.10
2026-03-25 17:13:48,772 - INFO - [36m(setup pid=4342, ip=172.31.46.101)[0m 	libcurand.so (libc6,x86-64) => /usr/local/cuda-12.4/targets/x86_64-linux/lib/libcurand.so
2026-03-25 17:13:48,772 - INFO - [36m(setup pid=4342, ip=172.31.46.101)[0m 	libcurand.so (libc6,x86-64) => /usr/local/cuda-12.5/targets/x86_64-linux/lib/libcurand.so
2026-03-25 17:13:48,772 - INFO - [36m(setup pid=4342, ip=172.31.46.101)[0m 	libcurand.so (libc6,x86-64) => /usr/local/cuda-12.6/targets/x86_64-linux/lib/libcurand.so
2026-03-25 17:13:48,772 - INFO - [36m(setup pid=4342, ip=172.31.46.101)[0m 	libcurand.so (libc6,x86-64) => /usr/local/cuda-12.8/targets/x86_64-linux/lib/libcurand.so
2026-03-25 17:13:48,772 - INFO - [36m(setup pid=4342, ip=172.31.46.101)[0m 	libcuinj64.so.12.8 (libc6,x86-64) => /usr/local/cuda-12.8/targets/x86_64-linux/lib/libcuinj64.so.12.8
2026-03-25 17:13:48,772 - INFO - [36m(setup pid=4342, ip=172.31.46.101)[0m 	libcuinj64.so.12.6 (libc6,x86-64) => /usr/local/cuda-12.6/targets/x86_64-linux/lib/libcuinj64.so.12.6
2026-03-25 17:13:48,772 - INFO - [36m(setup pid=4342, ip=172.31.46.101)[0m 	libcuinj64.so.12.5 (libc6,x86-64) => /usr/local/cuda-12.5/targets/x86_64-linux/lib/libcuinj64.so.12.5
2026-03-25 17:13:48,772 - INFO - [36m(setup pid=4342, ip=172.31.46.101)[0m 	libcuinj64.so.12.4 (libc6,x86-64) => /usr/local/cuda-12.4/targets/x86_64-linux/lib/libcuinj64.so.12.4
2026-03-25 17:13:48,772 - INFO - [36m(setup pid=4342, ip=172.31.46.101)[0m 	libcuinj64.so (libc6,x86-64) => /usr/local/cuda-12.4/targets/x86_64-linux/lib/libcuinj64.so
2026-03-25 17:13:48,772 - INFO - [36m(setup pid=4342, ip=172.31.46.101)[0m 	libcuinj64.so (libc6,x86-64) => /usr/local/cuda-12.5/targets/x86_64-linux/lib/libcuinj64.so
2026-03-25 17:13:48,772 - INFO - [36m(setup pid=4342, ip=172.31.46.101)[0m 	libcuinj64.so (libc6,x86-64) => /usr/local/cuda-12.6/targets/x86_64-linux/lib/libcuinj64.so
2026-03-25 17:13:48,772 - INFO - [36m(setup pid=4342, ip=172.31.46.101)[0m 	libcuinj64.so (libc6,x86-64) => /usr/local/cuda-12.8/targets/x86_64-linux/lib/libcuinj64.so
2026-03-25 17:13:48,772 - INFO - [36m(setup pid=4342, ip=172.31.46.101)[0m 	libcufile_rdma.so.1 (libc6,x86-64) => /usr/local/cuda-12.4/targets/x86_64-linux/lib/libcufile_rdma.so.1
2026-03-25 17:13:48,772 - INFO - [36m(setup pid=4342, ip=172.31.46.101)[0m 	libcufile_rdma.so.1 (libc6,x86-64) => /usr/local/cuda-12.5/targets/x86_64-linux/lib/libcufile_rdma.so.1
2026-03-25 17:13:48,772 - INFO - [36m(setup pid=4342, ip=172.31.46.101)[0m 	libcufile_rdma.so.1 (libc6,x86-64) => /usr/local/cuda-12.6/targets/x86_64-linux/lib/libcufile_rdma.so.1
2026-03-25 17:13:48,772 - INFO - [36m(setup pid=4342, ip=172.31.46.101)[0m 	libcufile_rdma.so.1 (libc6,x86-64) => /usr/local/cuda-12.8/targets/x86_64-linux/lib/libcufile_rdma.so.1
2026-03-25 17:13:48,772 - INFO - [36m(setup pid=4342, ip=172.31.46.101)[0m 	libcufile_rdma.so (libc6,x86-64) => /usr/local/cuda-12.4/targets/x86_64-linux/lib/libcufile_rdma.so
2026-03-25 17:13:48,772 - INFO - [36m(setup pid=4342, ip=172.31.46.101)[0m 	libcufile_rdma.so (libc6,x86-64) => /usr/local/cuda-12.5/targets/x86_64-linux/lib/libcufile_rdma.so
2026-03-25 17:13:48,772 - INFO - [36m(setup pid=4342, ip=172.31.46.101)[0m 	libcufile_rdma.so (libc6,x86-64) => /usr/local/cuda-12.6/targets/x86_64-linux/lib/libcufile_rdma.so
2026-03-25 17:13:48,772 - INFO - [36m(setup pid=4342, ip=172.31.46.101)[0m 	libcufile_rdma.so (libc6,x86-64) => /usr/local/cuda-12.8/targets/x86_64-linux/lib/libcufile_rdma.so
2026-03-25 17:13:48,772 - INFO - [36m(setup pid=4342, ip=172.31.46.101)[0m 	libcufile.so.0 (libc6,x86-64) => /usr/local/cuda-12.4/targets/x86_64-linux/lib/libcufile.so.0
2026-03-25 17:13:48,772 - INFO - [36m(setup pid=4342, ip=172.31.46.101)[0m 	libcufile.so.0 (libc6,x86-64) => /usr/local/cuda-12.5/targets/x86_64-linux/lib/libcufile.so.0
2026-03-25 17:13:48,772 - INFO - [36m(setup pid=4342, ip=172.31.46.101)[0m 	libcufile.so.0 (libc6,x86-64) => /usr/local/cuda-12.6/targets/x86_64-linux/lib/libcufile.so.0
2026-03-25 17:13:48,772 - INFO - [36m(setup pid=4342, ip=172.31.46.101)[0m 	libcufile.so.0 (libc6,x86-64) => /usr/local/cuda-12.8/targets/x86_64-linux/lib/libcufile.so.0
2026-03-25 17:13:48,772 - INFO - [36m(setup pid=4342, ip=172.31.46.101)[0m 	libcufile.so (libc6,x86-64) => /usr/local/cuda-12.4/targets/x86_64-linux/lib/libcufile.so
2026-03-25 17:13:48,772 - INFO - [36m(setup pid=4342, ip=172.31.46.101)[0m 	libcufile.so (libc6,x86-64) => /usr/local/cuda-12.5/targets/x86_64-linux/lib/libcufile.so
2026-03-25 17:13:48,772 - INFO - [36m(setup pid=4342, ip=172.31.46.101)[0m 	libcufile.so (libc6,x86-64) => /usr/local/cuda-12.6/targets/x86_64-linux/lib/libcufile.so
2026-03-25 17:13:48,772 - INFO - [36m(setup pid=4342, ip=172.31.46.101)[0m 	libcufile.so (libc6,x86-64) => /usr/local/cuda-12.8/targets/x86_64-linux/lib/libcufile.so
2026-03-25 17:13:48,772 - INFO - [36m(setup pid=4342, ip=172.31.46.101)[0m 	libcufftw.so.11 (libc6,x86-64) => /usr/local/cuda-12.4/targets/x86_64-linux/lib/libcufftw.so.11
2026-03-25 17:13:48,772 - INFO - [36m(setup pid=4342, ip=172.31.46.101)[0m 	libcufftw.so.11 (libc6,x86-64) => /usr/local/cuda-12.5/targets/x86_64-linux/lib/libcufftw.so.11
2026-03-25 17:13:48,772 - INFO - [36m(setup pid=4342, ip=172.31.46.101)[0m 	libcufftw.so.11 (libc6,x86-64) => /usr/local/cuda-12.6/targets/x86_64-linux/lib/libcufftw.so.11
2026-03-25 17:13:48,772 - INFO - [36m(setup pid=4342, ip=172.31.46.101)[0m 	libcufftw.so.11 (libc6,x86-64) => /usr/local/cuda-12.8/targets/x86_64-linux/lib/libcufftw.so.11
2026-03-25 17:13:48,772 - INFO - [36m(setup pid=4342, ip=172.31.46.101)[0m 	libcufftw.so (libc6,x86-64) => /usr/local/cuda-12.4/targets/x86_64-linux/lib/libcufftw.so
2026-03-25 17:13:48,772 - INFO - [36m(setup pid=4342, ip=172.31.46.101)[0m 	libcufftw.so (libc6,x86-64) => /usr/local/cuda-12.5/targets/x86_64-linux/lib/libcufftw.so
2026-03-25 17:13:48,772 - INFO - [36m(setup pid=4342, ip=172.31.46.101)[0m 	libcufftw.so (libc6,x86-64) => /usr/local/cuda-12.6/targets/x86_64-linux/lib/libcufftw.so
2026-03-25 17:13:48,772 - INFO - [36m(setup pid=4342, ip=172.31.46.101)[0m 	libcufftw.so (libc6,x86-64) => /usr/local/cuda-12.8/targets/x86_64-linux/lib/libcufftw.so
2026-03-25 17:13:48,772 - INFO - [36m(setup pid=4342, ip=172.31.46.101)[0m 	libcufft.so.11 (libc6,x86-64) => /usr/local/cuda-12.4/targets/x86_64-linux/lib/libcufft.so.11
2026-03-25 17:13:48,772 - INFO - [36m(setup pid=4342, ip=172.31.46.101)[0m 	libcufft.so.11 (libc6,x86-64) => /usr/local/cuda-12.5/targets/x86_64-linux/lib/libcufft.so.11
2026-03-25 17:13:48,772 - INFO - [36m(setup pid=4342, ip=172.31.46.101)[0m 	libcufft.so.11 (libc6,x86-64) => /usr/local/cuda-12.6/targets/x86_64-linux/lib/libcufft.so.11
2026-03-25 17:13:48,772 - INFO - [36m(setup pid=4342, ip=172.31.46.101)[0m 	libcufft.so.11 (libc6,x86-64) => /usr/local/cuda-12.8/targets/x86_64-linux/lib/libcufft.so.11
2026-03-25 17:13:48,772 - INFO - [36m(setup pid=4342, ip=172.31.46.101)[0m 	libcufft.so (libc6,x86-64) => /usr/local/cuda-12.4/targets/x86_64-linux/lib/libcufft.so
2026-03-25 17:13:48,772 - INFO - [36m(setup pid=4342, ip=172.31.46.101)[0m 	libcufft.so (libc6,x86-64) => /usr/local/cuda-12.5/targets/x86_64-linux/lib/libcufft.so
2026-03-25 17:13:48,772 - INFO - [36m(setup pid=4342, ip=172.31.46.101)[0m 	libcufft.so (libc6,x86-64) => /usr/local/cuda-12.6/targets/x86_64-linux/lib/libcufft.so
2026-03-25 17:13:48,772 - INFO - [36m(setup pid=4342, ip=172.31.46.101)[0m 	libcufft.so (libc6,x86-64) => /usr/local/cuda-12.8/targets/x86_64-linux/lib/libcufft.so
2026-03-25 17:13:48,772 - INFO - [36m(setup pid=4342, ip=172.31.46.101)[0m 	libcudart.so.12 (libc6,x86-64) => /usr/local/cuda-12.4/targets/x86_64-linux/lib/libcudart.so.12
2026-03-25 17:13:48,772 - INFO - [36m(setup pid=4342, ip=172.31.46.101)[0m 	libcudart.so.12 (libc6,x86-64) => /usr/local/cuda-12.5/targets/x86_64-linux/lib/libcudart.so.12
2026-03-25 17:13:48,772 - INFO - [36m(setup pid=4342, ip=172.31.46.101)[0m 	libcudart.so.12 (libc6,x86-64) => /usr/local/cuda-12.6/targets/x86_64-linux/lib/libcudart.so.12
2026-03-25 17:13:48,772 - INFO - [36m(setup pid=4342, ip=172.31.46.101)[0m 	libcudart.so.12 (libc6,x86-64) => /usr/local/cuda-12.8/targets/x86_64-linux/lib/libcudart.so.12
2026-03-25 17:13:48,772 - INFO - [36m(setup pid=4342, ip=172.31.46.101)[0m 	libcudart.so (libc6,x86-64) => /usr/local/cuda-12.4/targets/x86_64-linux/lib/libcudart.so
2026-03-25 17:13:48,772 - INFO - [36m(setup pid=4342, ip=172.31.46.101)[0m 	libcudart.so (libc6,x86-64) => /usr/local/cuda-12.5/targets/x86_64-linux/lib/libcudart.so
2026-03-25 17:13:48,772 - INFO - [36m(setup pid=4342, ip=172.31.46.101)[0m 	libcudart.so (libc6,x86-64) => /usr/local/cuda-12.6/targets/x86_64-linux/lib/libcudart.so
2026-03-25 17:13:48,772 - INFO - [36m(setup pid=4342, ip=172.31.46.101)[0m 	libcudart.so (libc6,x86-64) => /usr/local/cuda-12.8/targets/x86_64-linux/lib/libcudart.so
2026-03-25 17:13:49,075 - INFO - [36m(setup pid=4342, ip=172.31.46.101)[0m 	libcudadebugger.so.1 (libc6,x86-64) => /lib/x86_64-linux-gnu/libcudadebugger.so.1
2026-03-25 17:13:49,075 - INFO - [36m(setup pid=4342, ip=172.31.46.101)[0m 	libcuda.so.1 (libc6,x86-64) => /lib/x86_64-linux-gnu/libcuda.so.1
2026-03-25 17:13:49,075 - INFO - [36m(setup pid=4342, ip=172.31.46.101)[0m 	libcuda.so (libc6,x86-64) => /lib/x86_64-linux-gnu/libcuda.so
2026-03-25 17:13:49,075 - INFO - [36m(setup pid=4342, ip=172.31.46.101)[0m 	libcublasLt.so.12 (libc6,x86-64) => /usr/local/cuda-12.4/targets/x86_64-linux/lib/libcublasLt.so.12
2026-03-25 17:13:49,075 - INFO - [36m(setup pid=4342, ip=172.31.46.101)[0m 	libcublasLt.so.12 (libc6,x86-64) => /usr/local/cuda-12.5/targets/x86_64-linux/lib/libcublasLt.so.12
2026-03-25 17:13:49,075 - INFO - [36m(setup pid=4342, ip=172.31.46.101)[0m 	libcublasLt.so.12 (libc6,x86-64) => /usr/local/cuda-12.6/targets/x86_64-linux/lib/libcublasLt.so.12
2026-03-25 17:13:49,075 - INFO - [36m(setup pid=4342, ip=172.31.46.101)[0m 	libcublasLt.so.12 (libc6,x86-64) => /usr/local/cuda-12.8/targets/x86_64-linux/lib/libcublasLt.so.12
2026-03-25 17:13:49,075 - INFO - [36m(setup pid=4342, ip=172.31.46.101)[0m 	libcublasLt.so (libc6,x86-64) => /usr/local/cuda-12.4/targets/x86_64-linux/lib/libcublasLt.so
2026-03-25 17:13:49,075 - INFO - [36m(setup pid=4342, ip=172.31.46.101)[0m 	libcublasLt.so (libc6,x86-64) => /usr/local/cuda-12.5/targets/x86_64-linux/lib/libcublasLt.so
2026-03-25 17:13:49,075 - INFO - [36m(setup pid=4342, ip=172.31.46.101)[0m 	libcublasLt.so (libc6,x86-64) => /usr/local/cuda-12.6/targets/x86_64-linux/lib/libcublasLt.so
2026-03-25 17:13:49,075 - INFO - [36m(setup pid=4342, ip=172.31.46.101)[0m 	libcublasLt.so (libc6,x86-64) => /usr/local/cuda-12.8/targets/x86_64-linux/lib/libcublasLt.so
2026-03-25 17:13:49,075 - INFO - [36m(setup pid=4342, ip=172.31.46.101)[0m 	libcublas.so.12 (libc6,x86-64) => /usr/local/cuda-12.4/targets/x86_64-linux/lib/libcublas.so.12
2026-03-25 17:13:49,075 - INFO - [36m(setup pid=4342, ip=172.31.46.101)[0m 	libcublas.so.12 (libc6,x86-64) => /usr/local/cuda-12.5/targets/x86_64-linux/lib/libcublas.so.12
2026-03-25 17:13:49,075 - INFO - [36m(setup pid=4342, ip=172.31.46.101)[0m 	libcublas.so.12 (libc6,x86-64) => /usr/local/cuda-12.6/targets/x86_64-linux/lib/libcublas.so.12
2026-03-25 17:13:49,075 - INFO - [36m(setup pid=4342, ip=172.31.46.101)[0m 	libcublas.so.12 (libc6,x86-64) => /usr/local/cuda-12.8/targets/x86_64-linux/lib/libcublas.so.12
2026-03-25 17:13:49,075 - INFO - [36m(setup pid=4342, ip=172.31.46.101)[0m 	libcublas.so (libc6,x86-64) => /usr/local/cuda-12.4/targets/x86_64-linux/lib/libcublas.so
2026-03-25 17:13:49,075 - INFO - [36m(setup pid=4342, ip=172.31.46.101)[0m 	libcublas.so (libc6,x86-64) => /usr/local/cuda-12.5/targets/x86_64-linux/lib/libcublas.so
2026-03-25 17:13:49,076 - INFO - [36m(setup pid=4342, ip=172.31.46.101)[0m 	libcublas.so (libc6,x86-64) => /usr/local/cuda-12.6/targets/x86_64-linux/lib/libcublas.so
2026-03-25 17:13:49,076 - INFO - [36m(setup pid=4342, ip=172.31.46.101)[0m 	libcublas.so (libc6,x86-64) => /usr/local/cuda-12.8/targets/x86_64-linux/lib/libcublas.so
2026-03-25 17:13:49,076 - INFO - [36m(setup pid=4342, ip=172.31.46.101)[0m 	libaccinj64.so.12.8 (libc6,x86-64) => /usr/local/cuda-12.8/targets/x86_64-linux/lib/libaccinj64.so.12.8
2026-03-25 17:13:49,076 - INFO - [36m(setup pid=4342, ip=172.31.46.101)[0m 	libaccinj64.so.12.6 (libc6,x86-64) => /usr/local/cuda-12.6/targets/x86_64-linux/lib/libaccinj64.so.12.6
2026-03-25 17:13:49,076 - INFO - [36m(setup pid=4342, ip=172.31.46.101)[0m 	libaccinj64.so.12.5 (libc6,x86-64) => /usr/local/cuda-12.5/targets/x86_64-linux/lib/libaccinj64.so.12.5
2026-03-25 17:13:49,076 - INFO - [36m(setup pid=4342, ip=172.31.46.101)[0m 	libaccinj64.so.12.4 (libc6,x86-64) => /usr/local/cuda-12.4/targets/x86_64-linux/lib/libaccinj64.so.12.4
2026-03-25 17:13:49,076 - INFO - [36m(setup pid=4342, ip=172.31.46.101)[0m 	libaccinj64.so (libc6,x86-64) => /usr/local/cuda-12.4/targets/x86_64-linux/lib/libaccinj64.so
2026-03-25 17:13:49,076 - INFO - [36m(setup pid=4342, ip=172.31.46.101)[0m 	libaccinj64.so (libc6,x86-64) => /usr/local/cuda-12.5/targets/x86_64-linux/lib/libaccinj64.so
2026-03-25 17:13:49,076 - INFO - [36m(setup pid=4342, ip=172.31.46.101)[0m 	libaccinj64.so (libc6,x86-64) => /usr/local/cuda-12.6/targets/x86_64-linux/lib/libaccinj64.so
2026-03-25 17:13:49,076 - INFO - [36m(setup pid=4342, ip=172.31.46.101)[0m 	libaccinj64.so (libc6,x86-64) => /usr/local/cuda-12.8/targets/x86_64-linux/lib/libaccinj64.so
2026-03-25 17:13:49,076 - INFO - [36m(setup pid=4342, ip=172.31.46.101)[0m 	libOpenCL.so.1 (libc6,x86-64) => /usr/local/cuda-12.4/targets/x86_64-linux/lib/libOpenCL.so.1
2026-03-25 17:13:49,076 - INFO - [36m(setup pid=4342, ip=172.31.46.101)[0m 	libOpenCL.so.1 (libc6,x86-64) => /usr/local/cuda-12.5/targets/x86_64-linux/lib/libOpenCL.so.1
2026-03-25 17:13:49,076 - INFO - [36m(setup pid=4342, ip=172.31.46.101)[0m 	libOpenCL.so.1 (libc6,x86-64) => /usr/local/cuda-12.6/targets/x86_64-linux/lib/libOpenCL.so.1
2026-03-25 17:13:49,076 - INFO - [36m(setup pid=4342, ip=172.31.46.101)[0m 	libOpenCL.so.1 (libc6,x86-64) => /usr/local/cuda-12.8/targets/x86_64-linux/lib/libOpenCL.so.1
2026-03-25 17:13:49,076 - INFO - [36m(setup pid=4342, ip=172.31.46.101)[0m 	libOpenCL.so (libc6,x86-64) => /usr/local/cuda-12.4/targets/x86_64-linux/lib/libOpenCL.so
2026-03-25 17:13:49,076 - INFO - [36m(setup pid=4342, ip=172.31.46.101)[0m 	libOpenCL.so (libc6,x86-64) => /usr/local/cuda-12.5/targets/x86_64-linux/lib/libOpenCL.so
2026-03-25 17:13:49,076 - INFO - [36m(setup pid=4342, ip=172.31.46.101)[0m 	libOpenCL.so (libc6,x86-64) => /usr/local/cuda-12.6/targets/x86_64-linux/lib/libOpenCL.so
2026-03-25 17:13:49,076 - INFO - [36m(setup pid=4342, ip=172.31.46.101)[0m 	libOpenCL.so (libc6,x86-64) => /usr/local/cuda-12.8/targets/x86_64-linux/lib/libOpenCL.so
2026-03-25 17:13:49,076 - INFO - [36m(setup pid=4342, ip=172.31.46.101)[0m + echo 'CUDA toolkit path:'
2026-03-25 17:13:49,076 - INFO - [36m(setup pid=4342, ip=172.31.46.101)[0m CUDA toolkit path:
2026-03-25 17:13:49,076 - INFO - [36m(setup pid=4342, ip=172.31.46.101)[0m + ls --color=auto -la /usr/local/cuda /usr/local/cuda-12.4 /usr/local/cuda-12.5 /usr/local/cuda-12.6 /usr/local/cuda-12.8
2026-03-25 17:13:49,076 - INFO - [36m(setup pid=5497)[0m lrwxrwxrwx  1 root root   21 Aug  8  2025 /usr/local/cuda -> /usr/local/cuda-12.8/
2026-03-25 17:13:49,076 - INFO - [36m(setup pid=5497)[0m
2026-03-25 17:13:49,077 - INFO - [36m(setup pid=5497)[0m /usr/local/cuda-12.4:
2026-03-25 17:13:49,077 - INFO - [36m(setup pid=5497)[0m total 188
2026-03-25 17:13:49,077 - INFO - [36m(setup pid=5497)[0m drwxr-xr-x 19 root   root    4096 Aug  8  2025 .
2026-03-25 17:13:49,077 - INFO - [36m(setup pid=5497)[0m drwxr-xr-x 15 root   root    4096 Aug  8  2025 ..
2026-03-25 17:13:49,077 - INFO - [36m(setup pid=5497)[0m -rw-r--r--  1 root   root     160 Aug  8  2025 DOCS
2026-03-25 17:13:49,077 - INFO - [36m(setup pid=5497)[0m -rw-r--r--  1 root   root   63021 Aug  8  2025 EULA.txt
2026-03-25 17:13:49,077 - INFO - [36m(setup pid=5497)[0m -rw-r--r--  1 ubuntu ubuntu 29662 Nov 30  2023 LICENSE
2026-03-25 17:13:49,077 - INFO - [36m(setup pid=5497)[0m -rw-r--r--  1 root   root    1895 Jun 11  2024 LICENSE.txt
2026-03-25 17:13:49,077 - INFO - [36m(setup pid=5497)[0m -rw-r--r--  1 root   root     524 Aug  8  2025 README
2026-03-25 17:13:49,077 - INFO - [36m(setup pid=5497)[0m drwxr-xr-x  3 root   root    4096 Aug  8  2025 bin
2026-03-25 17:13:49,077 - INFO - [36m(setup pid=5497)[0m drwxr-xr-x  5 root   root    4096 Aug  8  2025 compute-sanitizer
2026-03-25 17:13:49,077 - INFO - [36m(setup pid=5497)[0m drwxr-xr-x  3 root   root    4096 Aug  8  2025 efa
2026-03-25 17:13:49,077 - INFO - [36m(setup pid=5497)[0m drwxr-xr-x  5 root   root    4096 Aug  8  2025 extras
2026-03-25 17:13:49,077 - INFO - [36m(setup pid=5497)[0m drwxr-xr-x  5 root   root    4096 Aug  8  2025 gds
2026-03-25 17:13:49,077 - INFO - [36m(setup pid=5497)[0m drwxr-xr-x  2 root   root    4096 Aug  8  2025 gds-12.4
2026-03-25 17:13:49,077 - INFO - [36m(setup pid=5497)[0m lrwxrwxrwx  1 root   root      28 Aug  8  2025 include -> targets/x86_64-linux/include
2026-03-25 17:13:49,077 - INFO - [36m(setup pid=5497)[0m drwxrwxr-x  3 root   root    4096 Aug  8  2025 lib
2026-03-25 17:13:49,077 - INFO - [36m(setup pid=5497)[0m lrwxrwxrwx  1 root   root      24 Aug  8  2025 lib64 -> targets/x86_64-linux/lib
2026-03-25 17:13:49,077 - INFO - [36m(setup pid=5497)[0m drwxr-xr-x  7 root   root    4096 Aug  8  2025 libnvvp
2026-03-25 17:13:49,077 - INFO - [36m(setup pid=5497)[0m drwxr-xr-x  7 root   root    4096 Aug  8  2025 nsight-compute-2024.1.1
2026-03-25 17:13:49,077 - INFO - [36m(setup pid=5497)[0m drwxr-xr-x  6 root   root    4096 Aug  8  2025 nsight-systems-2023.4.4
2026-03-25 17:13:49,077 - INFO - [36m(setup pid=5497)[0m drwxr-xr-x  2 root   root    4096 Aug  8  2025 nsightee_plugins
2026-03-25 17:13:49,077 - INFO - [36m(setup pid=5497)[0m drwxr-xr-x  3 root   root    4096 Aug  8  2025 nvml
2026-03-25 17:13:49,077 - INFO - [36m(setup pid=5497)[0m drwxr-xr-x  6 root   root    4096 Aug  8  2025 nvvm
2026-03-25 17:13:49,078 - INFO - [36m(setup pid=5497)[0m drwxr-xr-x  3 root   root    4096 Aug  8  2025 share
2026-03-25 17:13:49,078 - INFO - [36m(setup pid=5497)[0m drwxr-xr-x  2 root   root    4096 Aug  8  2025 src
2026-03-25 17:13:49,078 - INFO - [36m(setup pid=5497)[0m drwxr-xr-x  3 root   root    4096 Aug  8  2025 targets
2026-03-25 17:13:49,078 - INFO - [36m(setup pid=5497)[0m drwxr-xr-x  2 root   root    4096 Aug  8  2025 tools
2026-03-25 17:13:49,078 - INFO - [36m(setup pid=5497)[0m -rw-r--r--  1 root   root    2957 Aug  8  2025 version.json
2026-03-25 17:13:49,078 - INFO - [36m(setup pid=5497)[0m
2026-03-25 17:13:49,078 - INFO - [36m(setup pid=5497)[0m /usr/local/cuda-12.5:
2026-03-25 17:13:49,078 - INFO - [36m(setup pid=5497)[0m total 188
2026-03-25 17:13:49,078 - INFO - [36m(setup pid=5497)[0m drwxr-xr-x 19 root   root    4096 Aug  8  2025 .
2026-03-25 17:13:49,078 - INFO - [36m(setup pid=5497)[0m drwxr-xr-x 15 root   root    4096 Aug  8  2025 ..
2026-03-25 17:13:49,078 - INFO - [36m(setup pid=5497)[0m -rw-r--r--  1 root   root     160 Aug  8  2025 DOCS
2026-03-25 17:13:49,078 - INFO - [36m(setup pid=5497)[0m -rw-r--r--  1 root   root   63021 Aug  8  2025 EULA.txt
2026-03-25 17:13:49,078 - INFO - [36m(setup pid=5497)[0m -rw-r--r--  1 ubuntu ubuntu 29574 Oct 21  2024 LICENSE
2026-03-25 17:13:49,078 - INFO - [36m(setup pid=5497)[0m -rw-r--r--  1 root   root    1895 Nov  6  2024 LICENSE.txt
2026-03-25 17:13:49,078 - INFO - [36m(setup pid=5497)[0m -rw-r--r--  1 root   root     524 Aug  8  2025 README
2026-03-25 17:13:49,078 - INFO - [36m(setup pid=5497)[0m drwxr-xr-x  3 root   root    4096 Aug  8  2025 bin
2026-03-25 17:13:49,078 - INFO - [36m(setup pid=5497)[0m drwxr-xr-x  5 root   root    4096 Aug  8  2025 compute-sanitizer
2026-03-25 17:13:49,078 - INFO - [36m(setup pid=5497)[0m drwxr-xr-x  3 root   root    4096 Aug  8  2025 efa
2026-03-25 17:13:49,078 - INFO - [36m(setup pid=5497)[0m drwxr-xr-x  5 root   root    4096 Aug  8  2025 extras
2026-03-25 17:13:49,078 - INFO - [36m(setup pid=5497)[0m drwxr-xr-x  5 root   root    4096 Aug  8  2025 gds
2026-03-25 17:13:49,078 - INFO - [36m(setup pid=5497)[0m drwxr-xr-x  2 root   root    4096 Aug  8  2025 gds-12.5
2026-03-25 17:13:49,078 - INFO - [36m(setup pid=5497)[0m lrwxrwxrwx  1 root   root      28 Aug  8  2025 include -> targets/x86_64-linux/include
2026-03-25 17:13:49,078 - INFO - [36m(setup pid=5497)[0m drwxr-xr-x  3 root   root    4096 Aug  8  2025 lib
2026-03-25 17:13:49,078 - INFO - [36m(setup pid=5497)[0m lrwxrwxrwx  1 root   root      24 Aug  8  2025 lib64 -> targets/x86_64-linux/lib
2026-03-25 17:13:49,078 - INFO - [36m(setup pid=5497)[0m drwxr-xr-x  7 root   root    4096 Aug  8  2025 libnvvp
2026-03-25 17:13:49,078 - INFO - [36m(setup pid=5497)[0m drwxr-xr-x  7 root   root    4096 Aug  8  2025 nsight-compute-2024.2.0
2026-03-25 17:13:49,078 - INFO - [36m(setup pid=5497)[0m drwxr-xr-x  6 root   root    4096 Aug  8  2025 nsight-systems-2024.2.3
2026-03-25 17:13:49,078 - INFO - [36m(setup pid=5497)[0m drwxr-xr-x  2 root   root    4096 Aug  8  2025 nsightee_plugins
2026-03-25 17:13:49,078 - INFO - [36m(setup pid=5497)[0m drwxr-xr-x  3 root   root    4096 Aug  8  2025 nvml
2026-03-25 17:13:49,078 - INFO - [36m(setup pid=5497)[0m drwxr-xr-x  6 root   root    4096 Aug  8  2025 nvvm
2026-03-25 17:13:49,078 - INFO - [36m(setup pid=5497)[0m drwxr-xr-x  3 root   root    4096 Aug  8  2025 share
2026-03-25 17:13:49,079 - INFO - [36m(setup pid=5497)[0m drwxr-xr-x  2 root   root    4096 Aug  8  2025 src
2026-03-25 17:13:49,079 - INFO - [36m(setup pid=5497)[0m drwxr-xr-x  3 root   root    4096 Aug  8  2025 targets
2026-03-25 17:13:49,079 - INFO - [36m(setup pid=5497)[0m drwxr-xr-x  2 root   root    4096 Aug  8  2025 tools
2026-03-25 17:13:49,079 - INFO - [36m(setup pid=5497)[0m -rw-r--r--  1 root   root    2940 Aug  8  2025 version.json
2026-03-25 17:13:49,079 - INFO - [36m(setup pid=5497)[0m
2026-03-25 17:13:49,079 - INFO - [36m(setup pid=5497)[0m /usr/local/cuda-12.6:
2026-03-25 17:13:49,079 - INFO - [36m(setup pid=5497)[0m total 188
2026-03-25 17:13:49,079 - INFO - [36m(setup pid=5497)[0m drwxr-xr-x 19 root   root    4096 Aug  8  2025 .
2026-03-25 17:13:49,079 - INFO - [36m(setup pid=5497)[0m drwxr-xr-x 15 root   root    4096 Aug  8  2025 ..
2026-03-25 17:13:49,079 - INFO - [36m(setup pid=5497)[0m -rw-r--r--  1 root   root     160 Aug  8  2025 DOCS
2026-03-25 17:13:49,079 - INFO - [36m(setup pid=5497)[0m -rw-r--r--  1 root   root   63021 Aug  8  2025 EULA.txt
2026-03-25 17:13:49,079 - INFO - [36m(setup pid=5497)[0m -rw-r--r--  1 ubuntu ubuntu 29574 Dec 30  2024 LICENSE
2026-03-25 17:13:49,079 - INFO - [36m(setup pid=5497)[0m -rw-r--r--  1 root   root    1895 Dec  7  2024 LICENSE.txt
2026-03-25 17:13:49,079 - INFO - [36m(setup pid=5497)[0m -rw-r--r--  1 root   root     524 Aug  8  2025 README
2026-03-25 17:13:49,079 - INFO - [36m(setup pid=5497)[0m drwxrwxr-x  3 root   root    4096 Dec  7  2024 bin
2026-03-25 17:13:49,079 - INFO - [36m(setup pid=5497)[0m drwxr-xr-x  5 root   root    4096 Aug  8  2025 compute-sanitizer
2026-03-25 17:13:49,079 - INFO - [36m(setup pid=5497)[0m drwxr-xr-x  3 root   root    4096 Aug  8  2025 efa
2026-03-25 17:13:49,079 - INFO - [36m(setup pid=5497)[0m drwxr-xr-x  5 root   root    4096 Aug  8  2025 extras
2026-03-25 17:13:49,079 - INFO - [36m(setup pid=5497)[0m drwxr-xr-x  5 root   root    4096 Aug  8  2025 gds
2026-03-25 17:13:49,079 - INFO - [36m(setup pid=5497)[0m drwxr-xr-x  2 root   root    4096 Aug  8  2025 gds-12.6
2026-03-25 17:13:49,079 - INFO - [36m(setup pid=5497)[0m lrwxrwxrwx  1 root   root      28 Aug  8  2025 include -> targets/x86_64-linux/include
2026-03-25 17:13:49,079 - INFO - [36m(setup pid=5497)[0m drwxrwxr-x  3 root   root    4096 Aug  8  2025 lib
2026-03-25 17:13:49,079 - INFO - [36m(setup pid=5497)[0m lrwxrwxrwx  1 root   root      24 Aug  8  2025 lib64 -> targets/x86_64-linux/lib
2026-03-25 17:13:49,079 - INFO - [36m(setup pid=5497)[0m drwxr-xr-x  7 root   root    4096 Aug  8  2025 libnvvp
2026-03-25 17:13:49,079 - INFO - [36m(setup pid=5497)[0m drwxr-xr-x  7 root   root    4096 Aug  8  2025 nsight-compute-2024.3.2
2026-03-25 17:13:49,079 - INFO - [36m(setup pid=5497)[0m drwxr-xr-x  6 root   root    4096 Aug  8  2025 nsight-systems-2024.5.1
2026-03-25 17:13:49,079 - INFO - [36m(setup pid=5497)[0m drwxr-xr-x  2 root   root    4096 Aug  8  2025 nsightee_plugins
2026-03-25 17:13:49,079 - INFO - [36m(setup pid=5497)[0m drwxr-xr-x  3 root   root    4096 Aug  8  2025 nvml
2026-03-25 17:13:49,079 - INFO - [36m(setup pid=5497)[0m drwxr-xr-x  6 root   root    4096 Aug  8  2025 nvvm
2026-03-25 17:13:49,079 - INFO - [36m(setup pid=5497)[0m drwxr-xr-x  3 root   root    4096 Aug  8  2025 share
2026-03-25 17:13:49,079 - INFO - [36m(setup pid=5497)[0m drwxr-xr-x  2 root   root    4096 Aug  8  2025 src
2026-03-25 17:13:49,079 - INFO - [36m(setup pid=5497)[0m drwxr-xr-x  3 root   root    4096 Aug  8  2025 targets
2026-03-25 17:13:49,079 - INFO - [36m(setup pid=5497)[0m drwxr-xr-x  2 root   root    4096 Aug  8  2025 tools
2026-03-25 17:13:49,079 - INFO - [36m(setup pid=5497)[0m -rw-r--r--  1 root   root    2935 Aug  8  2025 version.json
2026-03-25 17:13:49,079 - INFO - [36m(setup pid=5497)[0m
2026-03-25 17:13:49,079 - INFO - [36m(setup pid=5497)[0m /usr/local/cuda-12.8:
2026-03-25 17:13:49,079 - INFO - [36m(setup pid=5497)[0m total 188
2026-03-25 17:13:49,079 - INFO - [36m(setup pid=5497)[0m drwxr-xr-x 19 root   root    4096 Aug  8  2025 .
2026-03-25 17:13:49,079 - INFO - [36m(setup pid=5497)[0m drwxr-xr-x 15 root   root    4096 Aug  8  2025 ..
2026-03-25 17:13:49,079 - INFO - [36m(setup pid=5497)[0m -rw-r--r--  1 root   root     160 Aug  8  2025 DOCS
2026-03-25 17:13:49,079 - INFO - [36m(setup pid=5497)[0m -rw-r--r--  1 root   root   63021 Aug  8  2025 EULA.txt
2026-03-25 17:13:49,079 - INFO - [36m(setup pid=5497)[0m -rw-r--r--  1 ubuntu ubuntu 29574 May 31  2025 LICENSE
2026-03-25 17:13:49,079 - INFO - [36m(setup pid=5497)[0m -rw-r--r--  1 root   root    1895 May 15  2025 LICENSE.txt
2026-03-25 17:13:49,079 - INFO - [36m(setup pid=5497)[0m -rw-r--r--  1 root   root     524 Aug  8  2025 README
2026-03-25 17:13:49,079 - INFO - [36m(setup pid=5497)[0m drwxr-xr-x  3 root   root    4096 May 15  2025 bin
2026-03-25 17:13:49,079 - INFO - [36m(setup pid=5497)[0m drwxr-xr-x  5 root   root    4096 Aug  8  2025 compute-sanitizer
2026-03-25 17:13:49,079 - INFO - [36m(setup pid=5497)[0m lrwxrwxrwx  1 root   root      20 Aug  8  2025 cuda-12.8 -> /usr/local/cuda-12.8
2026-03-25 17:13:49,080 - INFO - [36m(setup pid=5497)[0m drwxr-xr-x  3 root   root    4096 Aug  8  2025 efa
2026-03-25 17:13:49,080 - INFO - [36m(setup pid=5497)[0m drwxr-xr-x  5 root   root    4096 Aug  8  2025 extras
2026-03-25 17:13:49,080 - INFO - [36m(setup pid=5497)[0m drwxr-xr-x  5 root   root    4096 Aug  8  2025 gds
2026-03-25 17:13:49,080 - INFO - [36m(setup pid=5497)[0m drwxr-xr-x  2 root   root    4096 Aug  8  2025 gds-12.8
2026-03-25 17:13:49,080 - INFO - [36m(setup pid=5497)[0m lrwxrwxrwx  1 root   root      28 Aug  8  2025 include -> targets/x86_64-linux/include
2026-03-25 17:13:49,080 - INFO - [36m(setup pid=5497)[0m drwxr-xr-x  3 root   root    4096 Aug  8  2025 lib
2026-03-25 17:13:49,080 - INFO - [36m(setup pid=5497)[0m lrwxrwxrwx  1 root   root      24 Aug  8  2025 lib64 -> targets/x86_64-linux/lib
2026-03-25 17:13:49,080 - INFO - [36m(setup pid=5497)[0m drwxr-xr-x  7 root   root    4096 Aug  8  2025 libnvvp
2026-03-25 17:13:49,080 - INFO - [36m(setup pid=5497)[0m drwxr-xr-x  7 root   root    4096 Aug  8  2025 nsight-compute-2025.1.1
2026-03-25 17:13:49,080 - INFO - [36m(setup pid=5497)[0m drwxr-xr-x  6 root   root    4096 Aug  8  2025 nsight-systems-2024.6.2
2026-03-25 17:13:49,279 - INFO - [36m(setup pid=5497)[0m drwxr-xr-x  2 root   root    4096 Aug  8  2025 nsightee_plugins
2026-03-25 17:13:49,280 - INFO - [36m(setup pid=5497)[0m drwxr-xr-x  3 root   root    4096 Aug  8  2025 nvml
2026-03-25 17:13:49,280 - INFO - [36m(setup pid=5497)[0m drwxr-xr-x  6 root   root    4096 Aug  8  2025 nvvm
2026-03-25 17:13:49,280 - INFO - [36m(setup pid=5497)[0m drwxr-xr-x  3 root   root    4096 Aug  8  2025 share
2026-03-25 17:13:49,280 - INFO - [36m(setup pid=5497)[0m drwxr-xr-x  2 root   root    4096 Aug  8  2025 src
2026-03-25 17:13:49,280 - INFO - [36m(setup pid=5497)[0m drwxr-xr-x  3 root   root    4096 Aug  8  2025 targets
2026-03-25 17:13:49,280 - INFO - [36m(setup pid=5497)[0m drwxr-xr-x  2 root   root    4096 Aug  8  2025 tools
2026-03-25 17:13:49,280 - INFO - [36m(setup pid=5497)[0m -rw-r--r--  1 root   root    2940 Aug  8  2025 version.json
2026-03-25 17:13:49,280 - INFO - [36m(setup pid=5497)[0m + echo ===================================
2026-03-25 17:13:49,280 - INFO - [36m(setup pid=5497)[0m ===================================
2026-03-25 17:13:49,280 - INFO - [36m(setup pid=5497)[0m + command -v nvidia-smi
2026-03-25 17:13:49,280 - INFO - [36m(setup pid=5497)[0m + '[' true = true ']'
2026-03-25 17:13:49,280 - INFO - [36m(setup pid=5497)[0m + echo '=== Fabric Manager for NVSwitch ==='
2026-03-25 17:13:49,280 - INFO - [36m(setup pid=5497)[0m === Fabric Manager for NVSwitch ===
2026-03-25 17:13:49,280 - INFO - [36m(setup pid=5497)[0m + systemctl is-active --quiet nvidia-fabricmanager
2026-03-25 17:13:49,280 - INFO - [36m(setup pid=5497)[0m + echo 'Fabric Manager already running'
2026-03-25 17:13:49,280 - INFO - [36m(setup pid=5497)[0m Fabric Manager already running
2026-03-25 17:13:49,280 - INFO - [36m(setup pid=5497)[0m + awk 'NR<=15'
2026-03-25 17:13:49,281 - INFO - [36m(setup pid=5497)[0m + nvidia-smi topo -m
2026-03-25 17:13:49,281 - INFO - [36m(setup pid=4342, ip=172.31.46.101)[0m lrwxrwxrwx  1 root root   21 Aug  8  2025 /usr/local/cuda -> /usr/local/cuda-12.8/
2026-03-25 17:13:49,281 - INFO - [36m(setup pid=4342, ip=172.31.46.101)[0m
2026-03-25 17:13:49,281 - INFO - [36m(setup pid=4342, ip=172.31.46.101)[0m /usr/local/cuda-12.4:
2026-03-25 17:13:49,281 - INFO - [36m(setup pid=4342, ip=172.31.46.101)[0m total 188
2026-03-25 17:13:49,281 - INFO - [36m(setup pid=4342, ip=172.31.46.101)[0m drwxr-xr-x 19 root   root    4096 Aug  8  2025 .
2026-03-25 17:13:49,281 - INFO - [36m(setup pid=4342, ip=172.31.46.101)[0m drwxr-xr-x 15 root   root    4096 Aug  8  2025 ..
2026-03-25 17:13:49,281 - INFO - [36m(setup pid=4342, ip=172.31.46.101)[0m -rw-r--r--  1 root   root     160 Aug  8  2025 DOCS
2026-03-25 17:13:49,281 - INFO - [36m(setup pid=4342, ip=172.31.46.101)[0m -rw-r--r--  1 root   root   63021 Aug  8  2025 EULA.txt
2026-03-25 17:13:49,281 - INFO - [36m(setup pid=4342, ip=172.31.46.101)[0m -rw-r--r--  1 ubuntu ubuntu 29662 Nov 30  2023 LICENSE
2026-03-25 17:13:49,281 - INFO - [36m(setup pid=4342, ip=172.31.46.101)[0m -rw-r--r--  1 root   root    1895 Jun 11  2024 LICENSE.txt
2026-03-25 17:13:49,281 - INFO - [36m(setup pid=4342, ip=172.31.46.101)[0m -rw-r--r--  1 root   root     524 Aug  8  2025 README
2026-03-25 17:13:49,281 - INFO - [36m(setup pid=4342, ip=172.31.46.101)[0m drwxr-xr-x  3 root   root    4096 Aug  8  2025 bin
2026-03-25 17:13:49,281 - INFO - [36m(setup pid=4342, ip=172.31.46.101)[0m drwxr-xr-x  5 root   root    4096 Aug  8  2025 compute-sanitizer
2026-03-25 17:13:49,281 - INFO - [36m(setup pid=4342, ip=172.31.46.101)[0m drwxr-xr-x  3 root   root    4096 Aug  8  2025 efa
2026-03-25 17:13:49,281 - INFO - [36m(setup pid=4342, ip=172.31.46.101)[0m drwxr-xr-x  5 root   root    4096 Aug  8  2025 extras
2026-03-25 17:13:49,281 - INFO - [36m(setup pid=4342, ip=172.31.46.101)[0m drwxr-xr-x  5 root   root    4096 Aug  8  2025 gds
2026-03-25 17:13:49,281 - INFO - [36m(setup pid=4342, ip=172.31.46.101)[0m drwxr-xr-x  2 root   root    4096 Aug  8  2025 gds-12.4
2026-03-25 17:13:49,281 - INFO - [36m(setup pid=4342, ip=172.31.46.101)[0m lrwxrwxrwx  1 root   root      28 Aug  8  2025 include -> targets/x86_64-linux/include
2026-03-25 17:13:49,281 - INFO - [36m(setup pid=4342, ip=172.31.46.101)[0m drwxrwxr-x  3 root   root    4096 Aug  8  2025 lib
2026-03-25 17:13:49,281 - INFO - [36m(setup pid=4342, ip=172.31.46.101)[0m lrwxrwxrwx  1 root   root      24 Aug  8  2025 lib64 -> targets/x86_64-linux/lib
2026-03-25 17:13:49,281 - INFO - [36m(setup pid=4342, ip=172.31.46.101)[0m drwxr-xr-x  7 root   root    4096 Aug  8  2025 libnvvp
2026-03-25 17:13:49,281 - INFO - [36m(setup pid=4342, ip=172.31.46.101)[0m drwxr-xr-x  7 root   root    4096 Aug  8  2025 nsight-compute-2024.1.1
2026-03-25 17:13:49,281 - INFO - [36m(setup pid=4342, ip=172.31.46.101)[0m drwxr-xr-x  6 root   root    4096 Aug  8  2025 nsight-systems-2023.4.4
2026-03-25 17:13:49,281 - INFO - [36m(setup pid=4342, ip=172.31.46.101)[0m drwxr-xr-x  2 root   root    4096 Aug  8  2025 nsightee_plugins
2026-03-25 17:13:49,282 - INFO - [36m(setup pid=4342, ip=172.31.46.101)[0m drwxr-xr-x  3 root   root    4096 Aug  8  2025 nvml
2026-03-25 17:13:49,282 - INFO - [36m(setup pid=4342, ip=172.31.46.101)[0m drwxr-xr-x  6 root   root    4096 Aug  8  2025 nvvm
2026-03-25 17:13:49,282 - INFO - [36m(setup pid=4342, ip=172.31.46.101)[0m drwxr-xr-x  3 root   root    4096 Aug  8  2025 share
2026-03-25 17:13:49,282 - INFO - [36m(setup pid=4342, ip=172.31.46.101)[0m drwxr-xr-x  2 root   root    4096 Aug  8  2025 src
2026-03-25 17:13:49,282 - INFO - [36m(setup pid=4342, ip=172.31.46.101)[0m drwxr-xr-x  3 root   root    4096 Aug  8  2025 targets
2026-03-25 17:13:49,282 - INFO - [36m(setup pid=4342, ip=172.31.46.101)[0m drwxr-xr-x  2 root   root    4096 Aug  8  2025 tools
2026-03-25 17:13:49,282 - INFO - [36m(setup pid=4342, ip=172.31.46.101)[0m -rw-r--r--  1 root   root    2957 Aug  8  2025 version.json
2026-03-25 17:13:49,282 - INFO - [36m(setup pid=4342, ip=172.31.46.101)[0m
2026-03-25 17:13:49,282 - INFO - [36m(setup pid=4342, ip=172.31.46.101)[0m /usr/local/cuda-12.5:
2026-03-25 17:13:49,282 - INFO - [36m(setup pid=4342, ip=172.31.46.101)[0m total 188
2026-03-25 17:13:49,282 - INFO - [36m(setup pid=4342, ip=172.31.46.101)[0m drwxr-xr-x 19 root   root    4096 Aug  8  2025 .
2026-03-25 17:13:49,282 - INFO - [36m(setup pid=4342, ip=172.31.46.101)[0m drwxr-xr-x 15 root   root    4096 Aug  8  2025 ..
2026-03-25 17:13:49,282 - INFO - [36m(setup pid=4342, ip=172.31.46.101)[0m -rw-r--r--  1 root   root     160 Aug  8  2025 DOCS
2026-03-25 17:13:49,282 - INFO - [36m(setup pid=4342, ip=172.31.46.101)[0m -rw-r--r--  1 root   root   63021 Aug  8  2025 EULA.txt
2026-03-25 17:13:49,282 - INFO - [36m(setup pid=4342, ip=172.31.46.101)[0m -rw-r--r--  1 ubuntu ubuntu 29574 Oct 21  2024 LICENSE
2026-03-25 17:13:49,282 - INFO - [36m(setup pid=4342, ip=172.31.46.101)[0m -rw-r--r--  1 root   root    1895 Nov  6  2024 LICENSE.txt
2026-03-25 17:13:49,282 - INFO - [36m(setup pid=4342, ip=172.31.46.101)[0m -rw-r--r--  1 root   root     524 Aug  8  2025 README
2026-03-25 17:13:49,282 - INFO - [36m(setup pid=4342, ip=172.31.46.101)[0m drwxr-xr-x  3 root   root    4096 Aug  8  2025 bin
2026-03-25 17:13:49,282 - INFO - [36m(setup pid=4342, ip=172.31.46.101)[0m drwxr-xr-x  5 root   root    4096 Aug  8  2025 compute-sanitizer
2026-03-25 17:13:49,282 - INFO - [36m(setup pid=4342, ip=172.31.46.101)[0m drwxr-xr-x  3 root   root    4096 Aug  8  2025 efa
2026-03-25 17:13:49,282 - INFO - [36m(setup pid=4342, ip=172.31.46.101)[0m drwxr-xr-x  5 root   root    4096 Aug  8  2025 extras
2026-03-25 17:13:49,282 - INFO - [36m(setup pid=4342, ip=172.31.46.101)[0m drwxr-xr-x  5 root   root    4096 Aug  8  2025 gds
2026-03-25 17:13:49,282 - INFO - [36m(setup pid=4342, ip=172.31.46.101)[0m drwxr-xr-x  2 root   root    4096 Aug  8  2025 gds-12.5
2026-03-25 17:13:49,282 - INFO - [36m(setup pid=4342, ip=172.31.46.101)[0m lrwxrwxrwx  1 root   root      28 Aug  8  2025 include -> targets/x86_64-linux/include
2026-03-25 17:13:49,282 - INFO - [36m(setup pid=4342, ip=172.31.46.101)[0m drwxr-xr-x  3 root   root    4096 Aug  8  2025 lib
2026-03-25 17:13:49,283 - INFO - [36m(setup pid=4342, ip=172.31.46.101)[0m lrwxrwxrwx  1 root   root      24 Aug  8  2025 lib64 -> targets/x86_64-linux/lib
2026-03-25 17:13:49,283 - INFO - [36m(setup pid=4342, ip=172.31.46.101)[0m drwxr-xr-x  7 root   root    4096 Aug  8  2025 libnvvp
2026-03-25 17:13:49,283 - INFO - [36m(setup pid=4342, ip=172.31.46.101)[0m drwxr-xr-x  7 root   root    4096 Aug  8  2025 nsight-compute-2024.2.0
2026-03-25 17:13:49,283 - INFO - [36m(setup pid=4342, ip=172.31.46.101)[0m drwxr-xr-x  6 root   root    4096 Aug  8  2025 nsight-systems-2024.2.3
2026-03-25 17:13:49,283 - INFO - [36m(setup pid=4342, ip=172.31.46.101)[0m drwxr-xr-x  2 root   root    4096 Aug  8  2025 nsightee_plugins
2026-03-25 17:13:49,283 - INFO - [36m(setup pid=4342, ip=172.31.46.101)[0m drwxr-xr-x  3 root   root    4096 Aug  8  2025 nvml
2026-03-25 17:13:49,283 - INFO - [36m(setup pid=4342, ip=172.31.46.101)[0m drwxr-xr-x  6 root   root    4096 Aug  8  2025 nvvm
2026-03-25 17:13:49,283 - INFO - [36m(setup pid=4342, ip=172.31.46.101)[0m drwxr-xr-x  3 root   root    4096 Aug  8  2025 share
2026-03-25 17:13:49,283 - INFO - [36m(setup pid=4342, ip=172.31.46.101)[0m drwxr-xr-x  2 root   root    4096 Aug  8  2025 src
2026-03-25 17:13:49,283 - INFO - [36m(setup pid=4342, ip=172.31.46.101)[0m drwxr-xr-x  3 root   root    4096 Aug  8  2025 targets
2026-03-25 17:13:49,283 - INFO - [36m(setup pid=4342, ip=172.31.46.101)[0m drwxr-xr-x  2 root   root    4096 Aug  8  2025 tools
2026-03-25 17:13:49,283 - INFO - [36m(setup pid=4342, ip=172.31.46.101)[0m -rw-r--r--  1 root   root    2940 Aug  8  2025 version.json
2026-03-25 17:13:49,785 - INFO - [36m(setup pid=4342, ip=172.31.46.101)[0m
2026-03-25 17:13:49,785 - INFO - [36m(setup pid=4342, ip=172.31.46.101)[0m /usr/local/cuda-12.6:
2026-03-25 17:13:49,785 - INFO - [36m(setup pid=4342, ip=172.31.46.101)[0m total 188
2026-03-25 17:13:49,785 - INFO - [36m(setup pid=4342, ip=172.31.46.101)[0m drwxr-xr-x 19 root   root    4096 Aug  8  2025 .
2026-03-25 17:13:49,785 - INFO - [36m(setup pid=4342, ip=172.31.46.101)[0m drwxr-xr-x 15 root   root    4096 Aug  8  2025 ..
2026-03-25 17:13:49,785 - INFO - [36m(setup pid=4342, ip=172.31.46.101)[0m -rw-r--r--  1 root   root     160 Aug  8  2025 DOCS
2026-03-25 17:13:49,785 - INFO - [36m(setup pid=4342, ip=172.31.46.101)[0m -rw-r--r--  1 root   root   63021 Aug  8  2025 EULA.txt
2026-03-25 17:13:49,785 - INFO - [36m(setup pid=4342, ip=172.31.46.101)[0m -rw-r--r--  1 ubuntu ubuntu 29574 Dec 30  2024 LICENSE
2026-03-25 17:13:49,786 - INFO - [36m(setup pid=4342, ip=172.31.46.101)[0m -rw-r--r--  1 root   root    1895 Dec  7  2024 LICENSE.txt
2026-03-25 17:13:49,786 - INFO - [36m(setup pid=4342, ip=172.31.46.101)[0m -rw-r--r--  1 root   root     524 Aug  8  2025 README
2026-03-25 17:13:49,786 - INFO - [36m(setup pid=4342, ip=172.31.46.101)[0m drwxrwxr-x  3 root   root    4096 Dec  7  2024 bin
2026-03-25 17:13:49,786 - INFO - [36m(setup pid=4342, ip=172.31.46.101)[0m drwxr-xr-x  5 root   root    4096 Aug  8  2025 compute-sanitizer
2026-03-25 17:13:49,786 - INFO - [36m(setup pid=4342, ip=172.31.46.101)[0m drwxr-xr-x  3 root   root    4096 Aug  8  2025 efa
2026-03-25 17:13:49,786 - INFO - [36m(setup pid=4342, ip=172.31.46.101)[0m drwxr-xr-x  5 root   root    4096 Aug  8  2025 extras
2026-03-25 17:13:49,786 - INFO - [36m(setup pid=4342, ip=172.31.46.101)[0m drwxr-xr-x  5 root   root    4096 Aug  8  2025 gds
2026-03-25 17:13:49,786 - INFO - [36m(setup pid=4342, ip=172.31.46.101)[0m drwxr-xr-x  2 root   root    4096 Aug  8  2025 gds-12.6
2026-03-25 17:13:49,786 - INFO - [36m(setup pid=4342, ip=172.31.46.101)[0m lrwxrwxrwx  1 root   root      28 Aug  8  2025 include -> targets/x86_64-linux/include
2026-03-25 17:13:49,786 - INFO - [36m(setup pid=4342, ip=172.31.46.101)[0m drwxrwxr-x  3 root   root    4096 Aug  8  2025 lib
2026-03-25 17:13:49,786 - INFO - [36m(setup pid=4342, ip=172.31.46.101)[0m lrwxrwxrwx  1 root   root      24 Aug  8  2025 lib64 -> targets/x86_64-linux/lib
2026-03-25 17:13:49,786 - INFO - [36m(setup pid=4342, ip=172.31.46.101)[0m drwxr-xr-x  7 root   root    4096 Aug  8  2025 libnvvp
2026-03-25 17:13:49,786 - INFO - [36m(setup pid=4342, ip=172.31.46.101)[0m drwxr-xr-x  7 root   root    4096 Aug  8  2025 nsight-compute-2024.3.2
2026-03-25 17:13:49,786 - INFO - [36m(setup pid=4342, ip=172.31.46.101)[0m drwxr-xr-x  6 root   root    4096 Aug  8  2025 nsight-systems-2024.5.1
2026-03-25 17:13:49,786 - INFO - [36m(setup pid=4342, ip=172.31.46.101)[0m drwxr-xr-x  2 root   root    4096 Aug  8  2025 nsightee_plugins
2026-03-25 17:13:49,786 - INFO - [36m(setup pid=4342, ip=172.31.46.101)[0m drwxr-xr-x  3 root   root    4096 Aug  8  2025 nvml
2026-03-25 17:13:49,786 - INFO - [36m(setup pid=4342, ip=172.31.46.101)[0m drwxr-xr-x  6 root   root    4096 Aug  8  2025 nvvm
2026-03-25 17:13:49,786 - INFO - [36m(setup pid=4342, ip=172.31.46.101)[0m drwxr-xr-x  3 root   root    4096 Aug  8  2025 share
2026-03-25 17:13:49,786 - INFO - [36m(setup pid=4342, ip=172.31.46.101)[0m drwxr-xr-x  2 root   root    4096 Aug  8  2025 src
2026-03-25 17:13:49,786 - INFO - [36m(setup pid=4342, ip=172.31.46.101)[0m drwxr-xr-x  3 root   root    4096 Aug  8  2025 targets
2026-03-25 17:13:49,786 - INFO - [36m(setup pid=4342, ip=172.31.46.101)[0m drwxr-xr-x  2 root   root    4096 Aug  8  2025 tools
2026-03-25 17:13:49,786 - INFO - [36m(setup pid=4342, ip=172.31.46.101)[0m -rw-r--r--  1 root   root    2935 Aug  8  2025 version.json
2026-03-25 17:13:49,786 - INFO - [36m(setup pid=4342, ip=172.31.46.101)[0m
2026-03-25 17:13:49,787 - INFO - [36m(setup pid=4342, ip=172.31.46.101)[0m /usr/local/cuda-12.8:
2026-03-25 17:13:49,787 - INFO - [36m(setup pid=4342, ip=172.31.46.101)[0m total 188
2026-03-25 17:13:49,787 - INFO - [36m(setup pid=4342, ip=172.31.46.101)[0m drwxr-xr-x 19 root   root    4096 Aug  8  2025 .
2026-03-25 17:13:49,787 - INFO - [36m(setup pid=4342, ip=172.31.46.101)[0m drwxr-xr-x 15 root   root    4096 Aug  8  2025 ..
2026-03-25 17:13:49,787 - INFO - [36m(setup pid=4342, ip=172.31.46.101)[0m -rw-r--r--  1 root   root     160 Aug  8  2025 DOCS
2026-03-25 17:13:49,787 - INFO - [36m(setup pid=4342, ip=172.31.46.101)[0m -rw-r--r--  1 root   root   63021 Aug  8  2025 EULA.txt
2026-03-25 17:13:49,787 - INFO - [36m(setup pid=4342, ip=172.31.46.101)[0m -rw-r--r--  1 ubuntu ubuntu 29574 May 31  2025 LICENSE
2026-03-25 17:13:49,787 - INFO - [36m(setup pid=4342, ip=172.31.46.101)[0m -rw-r--r--  1 root   root    1895 May 15  2025 LICENSE.txt
2026-03-25 17:13:49,787 - INFO - [36m(setup pid=4342, ip=172.31.46.101)[0m -rw-r--r--  1 root   root     524 Aug  8  2025 README
2026-03-25 17:13:49,787 - INFO - [36m(setup pid=4342, ip=172.31.46.101)[0m drwxr-xr-x  3 root   root    4096 May 15  2025 bin
2026-03-25 17:13:49,787 - INFO - [36m(setup pid=4342, ip=172.31.46.101)[0m drwxr-xr-x  5 root   root    4096 Aug  8  2025 compute-sanitizer
2026-03-25 17:13:49,787 - INFO - [36m(setup pid=4342, ip=172.31.46.101)[0m lrwxrwxrwx  1 root   root      20 Aug  8  2025 cuda-12.8 -> /usr/local/cuda-12.8
2026-03-25 17:13:49,787 - INFO - [36m(setup pid=4342, ip=172.31.46.101)[0m drwxr-xr-x  3 root   root    4096 Aug  8  2025 efa
2026-03-25 17:13:49,787 - INFO - [36m(setup pid=4342, ip=172.31.46.101)[0m drwxr-xr-x  5 root   root    4096 Aug  8  2025 extras
2026-03-25 17:13:49,787 - INFO - [36m(setup pid=4342, ip=172.31.46.101)[0m drwxr-xr-x  5 root   root    4096 Aug  8  2025 gds
2026-03-25 17:13:49,787 - INFO - [36m(setup pid=4342, ip=172.31.46.101)[0m drwxr-xr-x  2 root   root    4096 Aug  8  2025 gds-12.8
2026-03-25 17:13:49,787 - INFO - [36m(setup pid=4342, ip=172.31.46.101)[0m lrwxrwxrwx  1 root   root      28 Aug  8  2025 include -> targets/x86_64-linux/include
2026-03-25 17:13:49,787 - INFO - [36m(setup pid=4342, ip=172.31.46.101)[0m drwxr-xr-x  3 root   root    4096 Aug  8  2025 lib
2026-03-25 17:13:49,787 - INFO - [36m(setup pid=4342, ip=172.31.46.101)[0m lrwxrwxrwx  1 root   root      24 Aug  8  2025 lib64 -> targets/x86_64-linux/lib
2026-03-25 17:13:49,787 - INFO - [36m(setup pid=4342, ip=172.31.46.101)[0m drwxr-xr-x  7 root   root    4096 Aug  8  2025 libnvvp
2026-03-25 17:13:49,787 - INFO - [36m(setup pid=4342, ip=172.31.46.101)[0m drwxr-xr-x  7 root   root    4096 Aug  8  2025 nsight-compute-2025.1.1
2026-03-25 17:13:49,787 - INFO - [36m(setup pid=4342, ip=172.31.46.101)[0m drwxr-xr-x  6 root   root    4096 Aug  8  2025 nsight-systems-2024.6.2
2026-03-25 17:13:49,787 - INFO - [36m(setup pid=4342, ip=172.31.46.101)[0m drwxr-xr-x  2 root   root    4096 Aug  8  2025 nsightee_plugins
2026-03-25 17:13:49,787 - INFO - [36m(setup pid=4342, ip=172.31.46.101)[0m drwxr-xr-x  3 root   root    4096 Aug  8  2025 nvml
2026-03-25 17:13:49,788 - INFO - [36m(setup pid=4342, ip=172.31.46.101)[0m drwxr-xr-x  6 root   root    4096 Aug  8  2025 nvvm
2026-03-25 17:13:49,886 - INFO - [36m(setup pid=4342, ip=172.31.46.101)[0m drwxr-xr-x  3 root   root    4096 Aug  8  2025 share
2026-03-25 17:13:49,886 - INFO - [36m(setup pid=4342, ip=172.31.46.101)[0m drwxr-xr-x  2 root   root    4096 Aug  8  2025 src
2026-03-25 17:13:49,886 - INFO - [36m(setup pid=4342, ip=172.31.46.101)[0m drwxr-xr-x  3 root   root    4096 Aug  8  2025 targets
2026-03-25 17:13:49,886 - INFO - [36m(setup pid=4342, ip=172.31.46.101)[0m drwxr-xr-x  2 root   root    4096 Aug  8  2025 tools
2026-03-25 17:13:49,886 - INFO - [36m(setup pid=4342, ip=172.31.46.101)[0m -rw-r--r--  1 root   root    2940 Aug  8  2025 version.json
2026-03-25 17:13:49,886 - INFO - [36m(setup pid=4342, ip=172.31.46.101)[0m + echo ===================================
2026-03-25 17:13:49,886 - INFO - [36m(setup pid=4342, ip=172.31.46.101)[0m ===================================
2026-03-25 17:13:49,887 - INFO - [36m(setup pid=4342, ip=172.31.46.101)[0m + command -v nvidia-smi
2026-03-25 17:13:49,887 - INFO - [36m(setup pid=4342, ip=172.31.46.101)[0m + '[' true = true ']'
2026-03-25 17:13:49,887 - INFO - [36m(setup pid=4342, ip=172.31.46.101)[0m + echo '=== Fabric Manager for NVSwitch ==='
2026-03-25 17:13:49,887 - INFO - [36m(setup pid=4342, ip=172.31.46.101)[0m === Fabric Manager for NVSwitch ===
2026-03-25 17:13:49,887 - INFO - [36m(setup pid=4342, ip=172.31.46.101)[0m + systemctl is-active --quiet nvidia-fabricmanager
2026-03-25 17:13:49,887 - INFO - [36m(setup pid=4342, ip=172.31.46.101)[0m + echo 'Fabric Manager already running'
2026-03-25 17:13:49,887 - INFO - [36m(setup pid=4342, ip=172.31.46.101)[0m Fabric Manager already running
2026-03-25 17:13:49,887 - INFO - [36m(setup pid=4342, ip=172.31.46.101)[0m + awk 'NR<=15'
2026-03-25 17:13:49,887 - INFO - [36m(setup pid=4342, ip=172.31.46.101)[0m + nvidia-smi topo -m
2026-03-25 17:13:49,887 - INFO - [36m(setup pid=5497)[0m 	[4mGPU0	GPU1	GPU2	GPU3	GPU4	GPU5	GPU6	GPU7	CPU Affinity	NUMA Affinity	GPU NUMA ID[0m
2026-03-25 17:13:49,887 - INFO - [36m(setup pid=5497)[0m GPU0	 X 	NV12	NV12	NV12	NV12	NV12	NV12	NV12	0-23,48-71	0		N/A
2026-03-25 17:13:49,887 - INFO - [36m(setup pid=5497)[0m GPU1	NV12	 X 	NV12	NV12	NV12	NV12	NV12	NV12	0-23,48-71	0		N/A
2026-03-25 17:13:49,887 - INFO - [36m(setup pid=5497)[0m GPU2	NV12	NV12	 X 	NV12	NV12	NV12	NV12	NV12	0-23,48-71	0		N/A
2026-03-25 17:13:49,887 - INFO - [36m(setup pid=5497)[0m GPU3	NV12	NV12	NV12	 X 	NV12	NV12	NV12	NV12	0-23,48-71	0		N/A
2026-03-25 17:13:49,887 - INFO - [36m(setup pid=5497)[0m GPU4	NV12	NV12	NV12	NV12	 X 	NV12	NV12	NV12	24-47,72-95	1		N/A
2026-03-25 17:13:49,887 - INFO - [36m(setup pid=5497)[0m GPU5	NV12	NV12	NV12	NV12	NV12	 X 	NV12	NV12	24-47,72-95	1		N/A
2026-03-25 17:13:49,887 - INFO - [36m(setup pid=5497)[0m GPU6	NV12	NV12	NV12	NV12	NV12	NV12	 X 	NV12	24-47,72-95	1		N/A
2026-03-25 17:13:49,887 - INFO - [36m(setup pid=5497)[0m GPU7	NV12	NV12	NV12	NV12	NV12	NV12	NV12	 X 	24-47,72-95	1		N/A
2026-03-25 17:13:49,887 - INFO - [36m(setup pid=5497)[0m
2026-03-25 17:13:49,887 - INFO - [36m(setup pid=5497)[0m Legend:
2026-03-25 17:13:49,887 - INFO - [36m(setup pid=5497)[0m
2026-03-25 17:13:49,887 - INFO - [36m(setup pid=5497)[0m   X    = Self
2026-03-25 17:13:49,887 - INFO - [36m(setup pid=5497)[0m   SYS  = Connection traversing PCIe as well as the SMP interconnect between NUMA nodes (e.g., QPI/UPI)
2026-03-25 17:13:49,888 - INFO - [36m(setup pid=5497)[0m   NODE = Connection traversing PCIe as well as the interconnect between PCIe Host Bridges within a NUMA node
2026-03-25 17:13:49,888 - INFO - [36m(setup pid=5497)[0m + sudo apt-get install -y numactl
2026-03-25 17:13:49,888 - INFO - [36m(setup pid=5497)[0m Reading package lists...
2026-03-25 17:13:49,888 - INFO - [36m(setup pid=4342, ip=172.31.46.101)[0m 	[4mGPU0	GPU1	GPU2	GPU3	GPU4	GPU5	GPU6	GPU7	CPU Affinity	NUMA Affinity	GPU NUMA ID[0m
2026-03-25 17:13:49,888 - INFO - [36m(setup pid=4342, ip=172.31.46.101)[0m GPU0	 X 	NV12	NV12	NV12	NV12	NV12	NV12	NV12	0-23,48-71	0		N/A
2026-03-25 17:13:49,888 - INFO - [36m(setup pid=4342, ip=172.31.46.101)[0m GPU1	NV12	 X 	NV12	NV12	NV12	NV12	NV12	NV12	0-23,48-71	0		N/A
2026-03-25 17:13:49,888 - INFO - [36m(setup pid=4342, ip=172.31.46.101)[0m GPU2	NV12	NV12	 X 	NV12	NV12	NV12	NV12	NV12	0-23,48-71	0		N/A
2026-03-25 17:13:49,888 - INFO - [36m(setup pid=4342, ip=172.31.46.101)[0m GPU3	NV12	NV12	NV12	 X 	NV12	NV12	NV12	NV12	0-23,48-71	0		N/A
2026-03-25 17:13:49,888 - INFO - [36m(setup pid=4342, ip=172.31.46.101)[0m GPU4	NV12	NV12	NV12	NV12	 X 	NV12	NV12	NV12	24-47,72-95	1		N/A
2026-03-25 17:13:49,888 - INFO - [36m(setup pid=4342, ip=172.31.46.101)[0m GPU5	NV12	NV12	NV12	NV12	NV12	 X 	NV12	NV12	24-47,72-95	1		N/A
2026-03-25 17:13:49,888 - INFO - [36m(setup pid=4342, ip=172.31.46.101)[0m GPU6	NV12	NV12	NV12	NV12	NV12	NV12	 X 	NV12	24-47,72-95	1		N/A
2026-03-25 17:13:49,888 - INFO - [36m(setup pid=4342, ip=172.31.46.101)[0m GPU7	NV12	NV12	NV12	NV12	NV12	NV12	NV12	 X 	24-47,72-95	1		N/A
2026-03-25 17:13:49,888 - INFO - [36m(setup pid=4342, ip=172.31.46.101)[0m
2026-03-25 17:13:49,888 - INFO - [36m(setup pid=4342, ip=172.31.46.101)[0m Legend:
2026-03-25 17:13:49,888 - INFO - [36m(setup pid=4342, ip=172.31.46.101)[0m
2026-03-25 17:13:49,888 - INFO - [36m(setup pid=4342, ip=172.31.46.101)[0m   X    = Self
2026-03-25 17:13:49,888 - INFO - [36m(setup pid=4342, ip=172.31.46.101)[0m   SYS  = Connection traversing PCIe as well as the SMP interconnect between NUMA nodes (e.g., QPI/UPI)
2026-03-25 17:13:49,888 - INFO - [36m(setup pid=4342, ip=172.31.46.101)[0m   NODE = Connection traversing PCIe as well as the interconnect between PCIe Host Bridges within a NUMA node
2026-03-25 17:13:49,888 - INFO - [36m(setup pid=4342, ip=172.31.46.101)[0m + sudo apt-get install -y numactl
2026-03-25 17:13:49,888 - INFO - [36m(setup pid=4342, ip=172.31.46.101)[0m Reading package lists...
2026-03-25 17:13:49,888 - INFO - [36m(setup pid=5497)[0m Building dependency tree...
2026-03-25 17:13:49,888 - INFO - [36m(setup pid=5497)[0m Reading state information...
2026-03-25 17:13:49,888 - INFO - [36m(setup pid=4342, ip=172.31.46.101)[0m Building dependency tree...
2026-03-25 17:13:49,888 - INFO - [36m(setup pid=4342, ip=172.31.46.101)[0m Reading state information...
2026-03-25 17:13:49,888 - INFO - [36m(setup pid=5497)[0m The following NEW packages will be installed:
2026-03-25 17:13:49,889 - INFO - [36m(setup pid=5497)[0m   numactl
2026-03-25 17:13:49,889 - INFO - [36m(setup pid=5497)[0m 0 upgraded, 1 newly installed, 0 to remove and 0 not upgraded.
2026-03-25 17:13:49,889 - INFO - [36m(setup pid=5497)[0m Need to get 36.8 kB of archives.
2026-03-25 17:13:49,889 - INFO - [36m(setup pid=5497)[0m After this operation, 140 kB of additional disk space will be used.
2026-03-25 17:13:49,889 - INFO - [36m(setup pid=5497)[0m Get:1 http://us-east-1.ec2.archive.ubuntu.com/ubuntu jammy/main amd64 numactl amd64 2.0.14-3ubuntu2 [36.8 kB]
2026-03-25 17:13:49,889 - INFO - [36m(setup pid=4342, ip=172.31.46.101)[0m The following NEW packages will be installed:
2026-03-25 17:13:49,889 - INFO - [36m(setup pid=4342, ip=172.31.46.101)[0m   numactl
2026-03-25 17:13:49,889 - INFO - [36m(setup pid=4342, ip=172.31.46.101)[0m 0 upgraded, 1 newly installed, 0 to remove and 0 not upgraded.
2026-03-25 17:13:49,889 - INFO - [36m(setup pid=4342, ip=172.31.46.101)[0m Need to get 36.8 kB of archives.
2026-03-25 17:13:49,889 - INFO - [36m(setup pid=4342, ip=172.31.46.101)[0m After this operation, 140 kB of additional disk space will be used.
2026-03-25 17:13:49,889 - INFO - [36m(setup pid=4342, ip=172.31.46.101)[0m Get:1 http://us-east-1.ec2.archive.ubuntu.com/ubuntu jammy/main amd64 numactl amd64 2.0.14-3ubuntu2 [36.8 kB]
2026-03-25 17:13:49,889 - INFO - [36m(setup pid=5497)[0m Fetched 36.8 kB in 0s (1323 kB/s)
2026-03-25 17:13:49,889 - INFO - [36m(setup pid=4342, ip=172.31.46.101)[0m Fetched 36.8 kB in 0s (2304 kB/s)
2026-03-25 17:13:49,889 - INFO - [36m(setup pid=5497)[0m Selecting previously unselected package numactl.
2026-03-25 17:13:49,889 - INFO - [36m(setup pid=4342, ip=172.31.46.101)[0m Selecting previously unselected package numactl.
2026-03-25 17:13:49,889 - INFO - [36m(setup pid=4342, ip=172.31.46.101)[0m (Reading database ...
2026-03-25 17:13:51,299 - INFO - (Reading database ... 5%
2026-03-25 17:13:51,299 - INFO - (Reading database ... 10%
2026-03-25 17:13:51,299 - INFO - (Reading database ... 15%
2026-03-25 17:13:51,299 - INFO - (Reading database ... 20%
2026-03-25 17:13:51,299 - INFO - (Reading database ... 25%
2026-03-25 17:13:51,299 - INFO - (Reading database ... 30%
2026-03-25 17:13:51,299 - INFO - (Reading database ... 35%
2026-03-25 17:13:51,299 - INFO - (Reading database ... 40%
2026-03-25 17:13:51,299 - INFO - (Reading database ... 45%
2026-03-25 17:13:51,300 - INFO - [36m(setup pid=5497)[0m (Reading database ...
2026-03-25 17:13:51,300 - INFO - (Reading database ... 5%
2026-03-25 17:13:51,300 - INFO - (Reading database ... 10%
2026-03-25 17:13:51,300 - INFO - (Reading database ... 15%
2026-03-25 17:13:51,300 - INFO - (Reading database ... 20%
2026-03-25 17:13:51,300 - INFO - (Reading database ... 25%
2026-03-25 17:13:51,300 - INFO - (Reading database ... 30%
2026-03-25 17:13:51,300 - INFO - (Reading database ... 35%
2026-03-25 17:13:51,300 - INFO - (Reading database ... 40%
2026-03-25 17:13:51,300 - INFO - (Reading database ... 45%
2026-03-25 17:13:51,300 - INFO - [36m(setup pid=5497)[0m (Reading database ... 50%
2026-03-25 17:13:51,300 - INFO - [36m(setup pid=4342, ip=172.31.46.101)[0m (Reading database ... 50%
2026-03-25 17:13:51,300 - INFO - [36m(setup pid=4342, ip=172.31.46.101)[0m (Reading database ... 55%
2026-03-25 17:13:51,300 - INFO - [36m(setup pid=4342, ip=172.31.46.101)[0m (Reading database ... 60%
2026-03-25 17:13:51,300 - INFO - [36m(setup pid=4342, ip=172.31.46.101)[0m (Reading database ... 65%
2026-03-25 17:13:51,300 - INFO - [36m(setup pid=5497)[0m (Reading database ... 55%
2026-03-25 17:13:51,300 - INFO - [36m(setup pid=5497)[0m (Reading database ... 60%
2026-03-25 17:13:51,300 - INFO - [36m(setup pid=4342, ip=172.31.46.101)[0m (Reading database ... 70%
2026-03-25 17:13:51,300 - INFO - [36m(setup pid=5497)[0m (Reading database ... 65%
2026-03-25 17:13:51,300 - INFO - [36m(setup pid=4342, ip=172.31.46.101)[0m (Reading database ... 75%
2026-03-25 17:13:51,300 - INFO - [36m(setup pid=5497)[0m (Reading database ... 70%
2026-03-25 17:13:51,300 - INFO - [36m(setup pid=5497)[0m (Reading database ... 75%
2026-03-25 17:13:51,300 - INFO - [36m(setup pid=5497)[0m (Reading database ... 80%
2026-03-25 17:13:51,300 - INFO - [36m(setup pid=4342, ip=172.31.46.101)[0m (Reading database ... 80%
2026-03-25 17:13:53,619 - INFO - [36m(setup pid=5497)[0m (Reading database ... 85%
2026-03-25 17:13:53,619 - INFO - [36m(setup pid=4342, ip=172.31.46.101)[0m (Reading database ... 85%
2026-03-25 17:13:54,328 - INFO - [36m(setup pid=5497)[0m (Reading database ... 90%
2026-03-25 17:13:55,237 - INFO - [36m(setup pid=4342, ip=172.31.46.101)[0m (Reading database ... 90%
2026-03-25 17:13:55,945 - INFO - [36m(setup pid=5497)[0m (Reading database ... 95%
2026-03-25 17:13:55,945 - INFO - (Reading database ... 100%
2026-03-25 17:13:55,945 - INFO - (Reading database ... 96613 files and directories currently installed.)
2026-03-25 17:13:55,945 - INFO - [36m(setup pid=5497)[0m Preparing to unpack .../numactl_2.0.14-3ubuntu2_amd64.deb ...
2026-03-25 17:13:55,945 - INFO - [36m(setup pid=5497)[0m Unpacking numactl (2.0.14-3ubuntu2) ...
2026-03-25 17:13:55,945 - INFO - [36m(setup pid=5497)[0m Setting up numactl (2.0.14-3ubuntu2) ...
2026-03-25 17:13:55,945 - INFO - [36m(setup pid=5497)[0m Processing triggers for man-db (2.10.2-1) ...
2026-03-25 17:13:55,945 - INFO - [36m(setup pid=4342, ip=172.31.46.101)[0m (Reading database ... 95%
2026-03-25 17:14:07,126 - INFO - (Reading database ... 100%
2026-03-25 17:14:07,127 - INFO - (Reading database ... 96613 files and directories currently installed.)
2026-03-25 17:14:07,127 - INFO - [36m(setup pid=4342, ip=172.31.46.101)[0m Preparing to unpack .../numactl_2.0.14-3ubuntu2_amd64.deb ...
2026-03-25 17:14:07,127 - INFO - [36m(setup pid=4342, ip=172.31.46.101)[0m Unpacking numactl (2.0.14-3ubuntu2) ...
2026-03-25 17:14:07,127 - INFO - [36m(setup pid=4342, ip=172.31.46.101)[0m Setting up numactl (2.0.14-3ubuntu2) ...
2026-03-25 17:14:07,127 - INFO - [36m(setup pid=4342, ip=172.31.46.101)[0m Processing triggers for man-db (2.10.2-1) ...
2026-03-25 17:14:07,127 - INFO - [36m(setup pid=4342, ip=172.31.46.101)[0m
2026-03-25 17:14:07,732 - INFO - [36m(setup pid=4342, ip=172.31.46.101)[0m Running kernel seems to be up-to-date.
2026-03-25 17:14:07,732 - INFO - [36m(setup pid=4342, ip=172.31.46.101)[0m
2026-03-25 17:14:07,732 - INFO - [36m(setup pid=4342, ip=172.31.46.101)[0m No services need to be restarted.
2026-03-25 17:14:07,732 - INFO - [36m(setup pid=4342, ip=172.31.46.101)[0m
2026-03-25 17:14:07,732 - INFO - [36m(setup pid=4342, ip=172.31.46.101)[0m No containers need to be restarted.
2026-03-25 17:14:07,732 - INFO - [36m(setup pid=4342, ip=172.31.46.101)[0m
2026-03-25 17:14:07,732 - INFO - [36m(setup pid=4342, ip=172.31.46.101)[0m No user sessions are running outdated binaries.
2026-03-25 17:14:07,732 - INFO - [36m(setup pid=4342, ip=172.31.46.101)[0m
2026-03-25 17:14:07,732 - INFO - [36m(setup pid=4342, ip=172.31.46.101)[0m No VM guests are running outdated hypervisor (qemu) binaries on this host.
2026-03-25 17:14:07,732 - INFO - [36m(setup pid=5497)[0m
2026-03-25 17:14:09,244 - INFO - [36m(setup pid=5497)[0m Running kernel seems to be up-to-date.
2026-03-25 17:14:09,245 - INFO - [36m(setup pid=5497)[0m
2026-03-25 17:14:09,245 - INFO - [36m(setup pid=5497)[0m No services need to be restarted.
2026-03-25 17:14:09,245 - INFO - [36m(setup pid=5497)[0m
2026-03-25 17:14:09,245 - INFO - [36m(setup pid=5497)[0m No containers need to be restarted.
2026-03-25 17:14:09,245 - INFO - [36m(setup pid=5497)[0m
2026-03-25 17:14:09,245 - INFO - [36m(setup pid=5497)[0m No user sessions are running outdated binaries.
2026-03-25 17:14:09,245 - INFO - [36m(setup pid=5497)[0m
2026-03-25 17:14:09,245 - INFO - [36m(setup pid=5497)[0m No VM guests are running outdated hypervisor (qemu) binaries on this host.
2026-03-25 17:14:09,245 - INFO - [36m(setup pid=4342, ip=172.31.46.101)[0m + command -v uv
2026-03-25 17:14:09,949 - INFO - [36m(setup pid=4342, ip=172.31.46.101)[0m + export PATH=/home/ubuntu/.local/bin:/home/ubuntu/.local/bin:/home/ubuntu/.local/bin:/home/ubuntu/miniconda3/bin:/home/ubuntu/miniconda3/condabin:/opt/amazon/openmpi/bin:/opt/amazon/efa/bin:/usr/local/cuda-12.8/bin:/usr/local/cuda-12.8/include:/usr/local/cuda-12.8/bin:/usr/local/cuda-12.8/include:/usr/local/sbin:/usr/local/bin:/usr/sbin:/usr/bin:/sbin:/bin:/usr/games:/usr/local/games:/snap/bin
2026-03-25 17:14:09,949 - INFO - [36m(setup pid=4342, ip=172.31.46.101)[0m + PATH=/home/ubuntu/.local/bin:/home/ubuntu/.local/bin:/home/ubuntu/.local/bin:/home/ubuntu/miniconda3/bin:/home/ubuntu/miniconda3/condabin:/opt/amazon/openmpi/bin:/opt/amazon/efa/bin:/usr/local/cuda-12.8/bin:/usr/local/cuda-12.8/include:/usr/local/cuda-12.8/bin:/usr/local/cuda-12.8/include:/usr/local/sbin:/usr/local/bin:/usr/sbin:/usr/bin:/sbin:/bin:/usr/games:/usr/local/games:/snap/bin
2026-03-25 17:14:09,949 - INFO - [36m(setup pid=4342, ip=172.31.46.101)[0m + uv venv --python 3.12 --seed --allow-existing
2026-03-25 17:14:09,949 - INFO - [36m(setup pid=4342, ip=172.31.46.101)[0m Downloading cpython-3.12.13-linux-x86_64-gnu (download) (32.3MiB)
2026-03-25 17:14:10,757 - INFO - [36m(setup pid=5497)[0m + command -v uv
2026-03-25 17:14:10,757 - INFO - [36m(setup pid=5497)[0m + export PATH=/home/ubuntu/.local/bin:/home/ubuntu/.local/bin:/home/ubuntu/.local/bin:/home/ubuntu/miniconda3/bin:/home/ubuntu/miniconda3/condabin:/opt/amazon/openmpi/bin:/opt/amazon/efa/bin:/usr/local/cuda-12.8/bin:/usr/local/cuda-12.8/include:/usr/local/cuda-12.8/bin:/usr/local/cuda-12.8/include:/usr/local/sbin:/usr/local/bin:/usr/sbin:/usr/bin:/sbin:/bin:/usr/games:/usr/local/games:/snap/bin
2026-03-25 17:14:10,757 - INFO - [36m(setup pid=5497)[0m + PATH=/home/ubuntu/.local/bin:/home/ubuntu/.local/bin:/home/ubuntu/.local/bin:/home/ubuntu/miniconda3/bin:/home/ubuntu/miniconda3/condabin:/opt/amazon/openmpi/bin:/opt/amazon/efa/bin:/usr/local/cuda-12.8/bin:/usr/local/cuda-12.8/include:/usr/local/cuda-12.8/bin:/usr/local/cuda-12.8/include:/usr/local/sbin:/usr/local/bin:/usr/sbin:/usr/bin:/sbin:/bin:/usr/games:/usr/local/games:/snap/bin
2026-03-25 17:14:10,757 - INFO - [36m(setup pid=5497)[0m + uv venv --python 3.12 --seed --allow-existing
2026-03-25 17:14:10,757 - INFO - [36m(setup pid=5497)[0m Downloading cpython-3.12.13-linux-x86_64-gnu (download) (32.3MiB)
2026-03-25 17:14:10,757 - INFO - [36m(setup pid=4342, ip=172.31.46.101)[0m  Downloaded cpython-3.12.13-linux-x86_64-gnu (download)
2026-03-25 17:14:10,757 - INFO - [36m(setup pid=4342, ip=172.31.46.101)[0m Using CPython 3.12.13
2026-03-25 17:14:11,360 - INFO - [36m(setup pid=4342, ip=172.31.46.101)[0m Creating virtual environment with seed packages at: .venv
2026-03-25 17:14:11,361 - INFO - [36m(setup pid=4342, ip=172.31.46.101)[0m  + pip==26.0.1
2026-03-25 17:14:11,361 - INFO - [36m(setup pid=4342, ip=172.31.46.101)[0m Activate with: source .venv/bin/activate
2026-03-25 17:14:11,361 - INFO - [36m(setup pid=4342, ip=172.31.46.101)[0m + source .venv/bin/activate
2026-03-25 17:14:11,361 - INFO - [36m(setup pid=4342, ip=172.31.46.101)[0m ++ '[' -z '' ']'
2026-03-25 17:14:11,361 - INFO - [36m(setup pid=4342, ip=172.31.46.101)[0m ++ '[' -n x ']'
2026-03-25 17:14:11,361 - INFO - [36m(setup pid=4342, ip=172.31.46.101)[0m ++ SCRIPT_PATH=.venv/bin/activate
2026-03-25 17:14:11,361 - INFO - [36m(setup pid=4342, ip=172.31.46.101)[0m ++ '[' .venv/bin/activate = /tmp/sky_setup_sky-2026-03-25-17-09-02-703822 ']'
2026-03-25 17:14:11,361 - INFO - [36m(setup pid=4342, ip=172.31.46.101)[0m ++ deactivate nondestructive
2026-03-25 17:14:11,361 - INFO - [36m(setup pid=4342, ip=172.31.46.101)[0m ++ unset -f pydoc
2026-03-25 17:14:11,361 - INFO - [36m(setup pid=4342, ip=172.31.46.101)[0m ++ '[' -z '' ']'
2026-03-25 17:14:11,361 - INFO - [36m(setup pid=4342, ip=172.31.46.101)[0m ++ '[' -z '' ']'
2026-03-25 17:14:11,361 - INFO - [36m(setup pid=4342, ip=172.31.46.101)[0m ++ hash -r
2026-03-25 17:14:11,361 - INFO - [36m(setup pid=4342, ip=172.31.46.101)[0m ++ '[' -z '' ']'
2026-03-25 17:14:11,361 - INFO - [36m(setup pid=4342, ip=172.31.46.101)[0m ++ unset VIRTUAL_ENV
2026-03-25 17:14:11,361 - INFO - [36m(setup pid=4342, ip=172.31.46.101)[0m ++ unset VIRTUAL_ENV_PROMPT
2026-03-25 17:14:11,361 - INFO - [36m(setup pid=4342, ip=172.31.46.101)[0m ++ '[' '!' nondestructive = nondestructive ']'
2026-03-25 17:14:11,361 - INFO - [36m(setup pid=4342, ip=172.31.46.101)[0m ++ VIRTUAL_ENV=/home/ubuntu/sky_workdir/.venv
2026-03-25 17:14:11,361 - INFO - [36m(setup pid=4342, ip=172.31.46.101)[0m ++ '[' linux-gnu = cygwin ']'
2026-03-25 17:14:11,361 - INFO - [36m(setup pid=4342, ip=172.31.46.101)[0m ++ '[' linux-gnu = msys ']'
2026-03-25 17:14:11,361 - INFO - [36m(setup pid=4342, ip=172.31.46.101)[0m ++ export VIRTUAL_ENV
2026-03-25 17:14:11,361 - INFO - [36m(setup pid=4342, ip=172.31.46.101)[0m ++ '[' -z '' ']'
2026-03-25 17:14:11,361 - INFO - [36m(setup pid=4342, ip=172.31.46.101)[0m ++ unset SCRIPT_PATH
2026-03-25 17:14:11,361 - INFO - [36m(setup pid=4342, ip=172.31.46.101)[0m ++ _OLD_VIRTUAL_PATH=/home/ubuntu/.local/bin:/home/ubuntu/.local/bin:/home/ubuntu/.local/bin:/home/ubuntu/miniconda3/bin:/home/ubuntu/miniconda3/condabin:/opt/amazon/openmpi/bin:/opt/amazon/efa/bin:/usr/local/cuda-12.8/bin:/usr/local/cuda-12.8/include:/usr/local/cuda-12.8/bin:/usr/local/cuda-12.8/include:/usr/local/sbin:/usr/local/bin:/usr/sbin:/usr/bin:/sbin:/bin:/usr/games:/usr/local/games:/snap/bin
2026-03-25 17:14:11,361 - INFO - [36m(setup pid=4342, ip=172.31.46.101)[0m ++ PATH=/home/ubuntu/sky_workdir/.venv/bin:/home/ubuntu/.local/bin:/home/ubuntu/.local/bin:/home/ubuntu/.local/bin:/home/ubuntu/miniconda3/bin:/home/ubuntu/miniconda3/condabin:/opt/amazon/openmpi/bin:/opt/amazon/efa/bin:/usr/local/cuda-12.8/bin:/usr/local/cuda-12.8/include:/usr/local/cuda-12.8/bin:/usr/local/cuda-12.8/include:/usr/local/sbin:/usr/local/bin:/usr/sbin:/usr/bin:/sbin:/bin:/usr/games:/usr/local/games:/snap/bin
2026-03-25 17:14:11,361 - INFO - [36m(setup pid=4342, ip=172.31.46.101)[0m ++ export PATH
2026-03-25 17:14:11,361 - INFO - [36m(setup pid=4342, ip=172.31.46.101)[0m ++ '[' xsky_workdir '!=' x ']'
2026-03-25 17:14:11,361 - INFO - [36m(setup pid=4342, ip=172.31.46.101)[0m ++ VIRTUAL_ENV_PROMPT=sky_workdir
2026-03-25 17:14:11,361 - INFO - [36m(setup pid=4342, ip=172.31.46.101)[0m ++ export VIRTUAL_ENV_PROMPT
2026-03-25 17:14:11,361 - INFO - [36m(setup pid=4342, ip=172.31.46.101)[0m ++ '[' -z '' ']'
2026-03-25 17:14:11,361 - INFO - [36m(setup pid=4342, ip=172.31.46.101)[0m ++ '[' -z '' ']'
2026-03-25 17:14:11,361 - INFO - [36m(setup pid=4342, ip=172.31.46.101)[0m ++ _OLD_VIRTUAL_PS1='(base) ${debian_chroot:+($debian_chroot)}\u@\h:\w\$ '
2026-03-25 17:14:11,361 - INFO - [36m(setup pid=4342, ip=172.31.46.101)[0m ++ PS1='(sky_workdir) (base) ${debian_chroot:+($debian_chroot)}\u@\h:\w\$ '
2026-03-25 17:14:11,361 - INFO - [36m(setup pid=4342, ip=172.31.46.101)[0m ++ export PS1
2026-03-25 17:14:11,361 - INFO - [36m(setup pid=4342, ip=172.31.46.101)[0m ++ alias pydoc
2026-03-25 17:14:11,361 - INFO - [36m(setup pid=4342, ip=172.31.46.101)[0m ++ true
2026-03-25 17:14:11,361 - INFO - [36m(setup pid=4342, ip=172.31.46.101)[0m ++ hash -r
2026-03-25 17:14:11,361 - INFO - [36m(setup pid=4342, ip=172.31.46.101)[0m + uv pip install datasets requests pynvml aiohttp
2026-03-25 17:14:11,361 - INFO - [36m(setup pid=5497)[0m  Downloaded cpython-3.12.13-linux-x86_64-gnu (download)
2026-03-25 17:14:11,361 - INFO - [36m(setup pid=5497)[0m Using CPython 3.12.13
2026-03-25 17:14:11,362 - INFO - [36m(setup pid=5497)[0m Creating virtual environment with seed packages at: .venv
2026-03-25 17:14:11,362 - INFO - [36m(setup pid=5497)[0m  + pip==26.0.1
2026-03-25 17:14:11,362 - INFO - [36m(setup pid=5497)[0m Activate with: source .venv/bin/activate
2026-03-25 17:14:11,362 - INFO - [36m(setup pid=5497)[0m + source .venv/bin/activate
2026-03-25 17:14:11,362 - INFO - [36m(setup pid=5497)[0m ++ '[' -z '' ']'
2026-03-25 17:14:11,362 - INFO - [36m(setup pid=5497)[0m ++ '[' -n x ']'
2026-03-25 17:14:11,362 - INFO - [36m(setup pid=5497)[0m ++ SCRIPT_PATH=.venv/bin/activate
2026-03-25 17:14:11,362 - INFO - [36m(setup pid=5497)[0m ++ '[' .venv/bin/activate = /tmp/sky_setup_sky-2026-03-25-17-09-02-703822 ']'
2026-03-25 17:14:11,362 - INFO - [36m(setup pid=5497)[0m ++ deactivate nondestructive
2026-03-25 17:14:11,362 - INFO - [36m(setup pid=5497)[0m ++ unset -f pydoc
2026-03-25 17:14:11,362 - INFO - [36m(setup pid=5497)[0m ++ '[' -z '' ']'
2026-03-25 17:14:11,362 - INFO - [36m(setup pid=5497)[0m ++ '[' -z '' ']'
2026-03-25 17:14:11,362 - INFO - [36m(setup pid=5497)[0m ++ hash -r
2026-03-25 17:14:11,362 - INFO - [36m(setup pid=5497)[0m ++ '[' -z '' ']'
2026-03-25 17:14:11,362 - INFO - [36m(setup pid=5497)[0m ++ unset VIRTUAL_ENV
2026-03-25 17:14:11,362 - INFO - [36m(setup pid=5497)[0m ++ unset VIRTUAL_ENV_PROMPT
2026-03-25 17:14:11,362 - INFO - [36m(setup pid=5497)[0m ++ '[' '!' nondestructive = nondestructive ']'
2026-03-25 17:14:11,362 - INFO - [36m(setup pid=5497)[0m ++ VIRTUAL_ENV=/home/ubuntu/sky_workdir/.venv
2026-03-25 17:14:11,362 - INFO - [36m(setup pid=5497)[0m ++ '[' linux-gnu = cygwin ']'
2026-03-25 17:14:11,362 - INFO - [36m(setup pid=5497)[0m ++ '[' linux-gnu = msys ']'
2026-03-25 17:14:11,362 - INFO - [36m(setup pid=5497)[0m ++ export VIRTUAL_ENV
2026-03-25 17:14:11,362 - INFO - [36m(setup pid=5497)[0m ++ '[' -z '' ']'
2026-03-25 17:14:11,362 - INFO - [36m(setup pid=5497)[0m ++ unset SCRIPT_PATH
2026-03-25 17:14:11,362 - INFO - [36m(setup pid=5497)[0m ++ _OLD_VIRTUAL_PATH=/home/ubuntu/.local/bin:/home/ubuntu/.local/bin:/home/ubuntu/.local/bin:/home/ubuntu/miniconda3/bin:/home/ubuntu/miniconda3/condabin:/opt/amazon/openmpi/bin:/opt/amazon/efa/bin:/usr/local/cuda-12.8/bin:/usr/local/cuda-12.8/include:/usr/local/cuda-12.8/bin:/usr/local/cuda-12.8/include:/usr/local/sbin:/usr/local/bin:/usr/sbin:/usr/bin:/sbin:/bin:/usr/games:/usr/local/games:/snap/bin
2026-03-25 17:14:11,362 - INFO - [36m(setup pid=5497)[0m ++ PATH=/home/ubuntu/sky_workdir/.venv/bin:/home/ubuntu/.local/bin:/home/ubuntu/.local/bin:/home/ubuntu/.local/bin:/home/ubuntu/miniconda3/bin:/home/ubuntu/miniconda3/condabin:/opt/amazon/openmpi/bin:/opt/amazon/efa/bin:/usr/local/cuda-12.8/bin:/usr/local/cuda-12.8/include:/usr/local/cuda-12.8/bin:/usr/local/cuda-12.8/include:/usr/local/sbin:/usr/local/bin:/usr/sbin:/usr/bin:/sbin:/bin:/usr/games:/usr/local/games:/snap/bin
2026-03-25 17:14:11,362 - INFO - [36m(setup pid=5497)[0m ++ export PATH
2026-03-25 17:14:11,362 - INFO - [36m(setup pid=5497)[0m ++ '[' xsky_workdir '!=' x ']'
2026-03-25 17:14:11,362 - INFO - [36m(setup pid=5497)[0m ++ VIRTUAL_ENV_PROMPT=sky_workdir
2026-03-25 17:14:11,362 - INFO - [36m(setup pid=5497)[0m ++ export VIRTUAL_ENV_PROMPT
2026-03-25 17:14:11,362 - INFO - [36m(setup pid=5497)[0m ++ '[' -z '' ']'
2026-03-25 17:14:11,362 - INFO - [36m(setup pid=5497)[0m ++ '[' -z '' ']'
2026-03-25 17:14:11,362 - INFO - [36m(setup pid=5497)[0m ++ _OLD_VIRTUAL_PS1='(base) ${debian_chroot:+($debian_chroot)}\u@\h:\w\$ '
2026-03-25 17:14:11,362 - INFO - [36m(setup pid=5497)[0m ++ PS1='(sky_workdir) (base) ${debian_chroot:+($debian_chroot)}\u@\h:\w\$ '
2026-03-25 17:14:11,362 - INFO - [36m(setup pid=5497)[0m ++ export PS1
2026-03-25 17:14:11,362 - INFO - [36m(setup pid=5497)[0m ++ alias pydoc
2026-03-25 17:14:11,362 - INFO - [36m(setup pid=5497)[0m ++ true
2026-03-25 17:14:11,362 - INFO - [36m(setup pid=5497)[0m ++ hash -r
2026-03-25 17:14:11,362 - INFO - [36m(setup pid=5497)[0m + uv pip install datasets requests pynvml aiohttp
2026-03-25 17:14:11,362 - INFO - [36m(setup pid=4342, ip=172.31.46.101)[0m Resolved 44 packages in 112ms
2026-03-25 17:14:11,362 - INFO - [36m(setup pid=4342, ip=172.31.46.101)[0m Downloading pyarrow (45.4MiB)
2026-03-25 17:14:11,362 - INFO - [36m(setup pid=4342, ip=172.31.46.101)[0m Downloading numpy (15.9MiB)
2026-03-25 17:14:11,362 - INFO - [36m(setup pid=4342, ip=172.31.46.101)[0m Downloading aiohttp (1.7MiB)
2026-03-25 17:14:11,362 - INFO - [36m(setup pid=4342, ip=172.31.46.101)[0m Downloading hf-xet (4.0MiB)
2026-03-25 17:14:11,362 - INFO - [36m(setup pid=4342, ip=172.31.46.101)[0m Downloading pandas (10.4MiB)
2026-03-25 17:14:11,362 - INFO - [36m(setup pid=5497)[0m Resolved 44 packages in 113ms
2026-03-25 17:14:11,362 - INFO - [36m(setup pid=5497)[0m Downloading aiohttp (1.7MiB)
2026-03-25 17:14:11,362 - INFO - [36m(setup pid=5497)[0m Downloading pyarrow (45.4MiB)
2026-03-25 17:14:11,362 - INFO - [36m(setup pid=5497)[0m Downloading pandas (10.4MiB)
2026-03-25 17:14:11,362 - INFO - [36m(setup pid=5497)[0m Downloading hf-xet (4.0MiB)
2026-03-25 17:14:11,362 - INFO - [36m(setup pid=5497)[0m Downloading numpy (15.9MiB)
2026-03-25 17:14:11,362 - INFO - [36m(setup pid=4342, ip=172.31.46.101)[0m  Downloaded hf-xet
2026-03-25 17:14:11,362 - INFO - [36m(setup pid=4342, ip=172.31.46.101)[0m  Downloaded aiohttp
2026-03-25 17:14:11,362 - INFO - [36m(setup pid=5497)[0m  Downloaded hf-xet
2026-03-25 17:14:11,363 - INFO - [36m(setup pid=5497)[0m  Downloaded aiohttp
2026-03-25 17:14:11,965 - INFO - [36m(setup pid=4342, ip=172.31.46.101)[0m  Downloaded pyarrow
2026-03-25 17:14:11,965 - INFO - [36m(setup pid=4342, ip=172.31.46.101)[0m  Downloaded numpy
2026-03-25 17:14:11,965 - INFO - [36m(setup pid=4342, ip=172.31.46.101)[0m  Downloaded pandas
2026-03-25 17:14:11,965 - INFO - [36m(setup pid=4342, ip=172.31.46.101)[0m Prepared 21 packages in 913ms
2026-03-25 17:14:11,965 - INFO - [36m(setup pid=4342, ip=172.31.46.101)[0m Installed 44 packages in 71ms
2026-03-25 17:14:11,965 - INFO - [36m(setup pid=4342, ip=172.31.46.101)[0m  + aiohappyeyeballs==2.6.1
2026-03-25 17:14:11,965 - INFO - [36m(setup pid=4342, ip=172.31.46.101)[0m  + aiohttp==3.13.3
2026-03-25 17:14:11,965 - INFO - [36m(setup pid=4342, ip=172.31.46.101)[0m  + aiosignal==1.4.0
2026-03-25 17:14:11,965 - INFO - [36m(setup pid=4342, ip=172.31.46.101)[0m  + annotated-doc==0.0.4
2026-03-25 17:14:11,965 - INFO - [36m(setup pid=4342, ip=172.31.46.101)[0m  + anyio==4.13.0
2026-03-25 17:14:11,965 - INFO - [36m(setup pid=4342, ip=172.31.46.101)[0m  + attrs==26.1.0
2026-03-25 17:14:11,965 - INFO - [36m(setup pid=4342, ip=172.31.46.101)[0m  + certifi==2026.2.25
2026-03-25 17:14:11,965 - INFO - [36m(setup pid=4342, ip=172.31.46.101)[0m  + charset-normalizer==3.4.6
2026-03-25 17:14:11,965 - INFO - [36m(setup pid=4342, ip=172.31.46.101)[0m  + click==8.3.1
2026-03-25 17:14:11,965 - INFO - [36m(setup pid=4342, ip=172.31.46.101)[0m  + datasets==4.8.4
2026-03-25 17:14:11,965 - INFO - [36m(setup pid=4342, ip=172.31.46.101)[0m  + dill==0.4.1
2026-03-25 17:14:11,965 - INFO - [36m(setup pid=4342, ip=172.31.46.101)[0m  + filelock==3.25.2
2026-03-25 17:14:11,965 - INFO - [36m(setup pid=4342, ip=172.31.46.101)[0m  + frozenlist==1.8.0
2026-03-25 17:14:11,965 - INFO - [36m(setup pid=4342, ip=172.31.46.101)[0m  + fsspec==2026.2.0
2026-03-25 17:14:11,965 - INFO - [36m(setup pid=4342, ip=172.31.46.101)[0m  + h11==0.16.0
2026-03-25 17:14:11,965 - INFO - [36m(setup pid=4342, ip=172.31.46.101)[0m  + hf-xet==1.4.2
2026-03-25 17:14:11,965 - INFO - [36m(setup pid=4342, ip=172.31.46.101)[0m  + httpcore==1.0.9
2026-03-25 17:14:11,965 - INFO - [36m(setup pid=4342, ip=172.31.46.101)[0m  + httpx==0.28.1
2026-03-25 17:14:11,965 - INFO - [36m(setup pid=4342, ip=172.31.46.101)[0m  + huggingface-hub==1.7.2
2026-03-25 17:14:11,965 - INFO - [36m(setup pid=4342, ip=172.31.46.101)[0m  + idna==3.11
2026-03-25 17:14:11,965 - INFO - [36m(setup pid=4342, ip=172.31.46.101)[0m  + markdown-it-py==4.0.0
2026-03-25 17:14:11,965 - INFO - [36m(setup pid=4342, ip=172.31.46.101)[0m  + mdurl==0.1.2
2026-03-25 17:14:11,965 - INFO - [36m(setup pid=4342, ip=172.31.46.101)[0m  + multidict==6.7.1
2026-03-25 17:14:11,965 - INFO - [36m(setup pid=4342, ip=172.31.46.101)[0m  + multiprocess==0.70.19
2026-03-25 17:14:11,965 - INFO - [36m(setup pid=4342, ip=172.31.46.101)[0m  + numpy==2.4.3
2026-03-25 17:14:11,965 - INFO - [36m(setup pid=4342, ip=172.31.46.101)[0m  + nvidia-ml-py==13.595.45
2026-03-25 17:14:11,965 - INFO - [36m(setup pid=4342, ip=172.31.46.101)[0m  + packaging==26.0
2026-03-25 17:14:11,965 - INFO - [36m(setup pid=4342, ip=172.31.46.101)[0m  + pandas==3.0.1
2026-03-25 17:14:11,965 - INFO - [36m(setup pid=4342, ip=172.31.46.101)[0m  + propcache==0.4.1
2026-03-25 17:14:11,965 - INFO - [36m(setup pid=4342, ip=172.31.46.101)[0m  + pyarrow==23.0.1
2026-03-25 17:14:11,965 - INFO - [36m(setup pid=4342, ip=172.31.46.101)[0m  + pygments==2.19.2
2026-03-25 17:14:11,965 - INFO - [36m(setup pid=4342, ip=172.31.46.101)[0m  + pynvml==13.0.1
2026-03-25 17:14:11,965 - INFO - [36m(setup pid=4342, ip=172.31.46.101)[0m  + python-dateutil==2.9.0.post0
2026-03-25 17:14:11,965 - INFO - [36m(setup pid=4342, ip=172.31.46.101)[0m  + pyyaml==6.0.3
2026-03-25 17:14:11,965 - INFO - [36m(setup pid=4342, ip=172.31.46.101)[0m  + requests==2.32.5
2026-03-25 17:14:11,965 - INFO - [36m(setup pid=4342, ip=172.31.46.101)[0m  + rich==14.3.3
2026-03-25 17:14:11,965 - INFO - [36m(setup pid=4342, ip=172.31.46.101)[0m  + shellingham==1.5.4
2026-03-25 17:14:11,965 - INFO - [36m(setup pid=4342, ip=172.31.46.101)[0m  + six==1.17.0
2026-03-25 17:14:11,965 - INFO - [36m(setup pid=4342, ip=172.31.46.101)[0m  + tqdm==4.67.3
2026-03-25 17:14:11,965 - INFO - [36m(setup pid=4342, ip=172.31.46.101)[0m  + typer==0.24.1
2026-03-25 17:14:11,965 - INFO - [36m(setup pid=4342, ip=172.31.46.101)[0m  + typing-extensions==4.15.0
2026-03-25 17:14:11,965 - INFO - [36m(setup pid=4342, ip=172.31.46.101)[0m  + urllib3==2.6.3
2026-03-25 17:14:11,965 - INFO - [36m(setup pid=4342, ip=172.31.46.101)[0m  + xxhash==3.6.0
2026-03-25 17:14:11,965 - INFO - [36m(setup pid=4342, ip=172.31.46.101)[0m  + yarl==1.23.0
2026-03-25 17:14:11,965 - INFO - [36m(setup pid=4342, ip=172.31.46.101)[0m + echo '=== Installing vLLM 0.10.0 ==='
2026-03-25 17:14:11,965 - INFO - [36m(setup pid=4342, ip=172.31.46.101)[0m === Installing vLLM 0.10.0 ===
2026-03-25 17:14:11,965 - INFO - [36m(setup pid=4342, ip=172.31.46.101)[0m + uv pip install vllm==0.10.0 'ray[cgraph]'
2026-03-25 17:14:11,965 - INFO - [36m(setup pid=5497)[0m  Downloaded pyarrow
2026-03-25 17:14:11,965 - INFO - [36m(setup pid=5497)[0m  Downloaded numpy
2026-03-25 17:14:11,965 - INFO - [36m(setup pid=5497)[0m  Downloaded pandas
2026-03-25 17:14:11,965 - INFO - [36m(setup pid=5497)[0m Prepared 21 packages in 852ms
2026-03-25 17:14:11,965 - INFO - [36m(setup pid=5497)[0m Installed 44 packages in 62ms
2026-03-25 17:14:11,965 - INFO - [36m(setup pid=5497)[0m  + aiohappyeyeballs==2.6.1
2026-03-25 17:14:11,965 - INFO - [36m(setup pid=5497)[0m  + aiohttp==3.13.3
2026-03-25 17:14:11,965 - INFO - [36m(setup pid=5497)[0m  + aiosignal==1.4.0
2026-03-25 17:14:11,965 - INFO - [36m(setup pid=5497)[0m  + annotated-doc==0.0.4
2026-03-25 17:14:11,965 - INFO - [36m(setup pid=5497)[0m  + anyio==4.13.0
2026-03-25 17:14:11,965 - INFO - [36m(setup pid=5497)[0m  + attrs==26.1.0
2026-03-25 17:14:11,965 - INFO - [36m(setup pid=5497)[0m  + certifi==2026.2.25
2026-03-25 17:14:11,965 - INFO - [36m(setup pid=5497)[0m  + charset-normalizer==3.4.6
2026-03-25 17:14:11,965 - INFO - [36m(setup pid=5497)[0m  + click==8.3.1
2026-03-25 17:14:11,965 - INFO - [36m(setup pid=5497)[0m  + datasets==4.8.4
2026-03-25 17:14:11,966 - INFO - [36m(setup pid=5497)[0m  + dill==0.4.1
2026-03-25 17:14:11,966 - INFO - [36m(setup pid=5497)[0m  + filelock==3.25.2
2026-03-25 17:14:11,966 - INFO - [36m(setup pid=5497)[0m  + frozenlist==1.8.0
2026-03-25 17:14:11,966 - INFO - [36m(setup pid=5497)[0m  + fsspec==2026.2.0
2026-03-25 17:14:11,966 - INFO - [36m(setup pid=5497)[0m  + h11==0.16.0
2026-03-25 17:14:11,966 - INFO - [36m(setup pid=5497)[0m  + hf-xet==1.4.2
2026-03-25 17:14:11,966 - INFO - [36m(setup pid=5497)[0m  + httpcore==1.0.9
2026-03-25 17:14:11,966 - INFO - [36m(setup pid=5497)[0m  + httpx==0.28.1
2026-03-25 17:14:11,966 - INFO - [36m(setup pid=5497)[0m  + huggingface-hub==1.7.2
2026-03-25 17:14:11,966 - INFO - [36m(setup pid=5497)[0m  + idna==3.11
2026-03-25 17:14:11,966 - INFO - [36m(setup pid=5497)[0m  + markdown-it-py==4.0.0
2026-03-25 17:14:11,966 - INFO - [36m(setup pid=5497)[0m  + mdurl==0.1.2
2026-03-25 17:14:11,966 - INFO - [36m(setup pid=5497)[0m  + multidict==6.7.1
2026-03-25 17:14:11,966 - INFO - [36m(setup pid=5497)[0m  + multiprocess==0.70.19
2026-03-25 17:14:11,966 - INFO - [36m(setup pid=5497)[0m  + numpy==2.4.3
2026-03-25 17:14:11,966 - INFO - [36m(setup pid=5497)[0m  + nvidia-ml-py==13.595.45
2026-03-25 17:14:11,966 - INFO - [36m(setup pid=5497)[0m  + packaging==26.0
2026-03-25 17:14:11,966 - INFO - [36m(setup pid=5497)[0m  + pandas==3.0.1
2026-03-25 17:14:11,966 - INFO - [36m(setup pid=5497)[0m  + propcache==0.4.1
2026-03-25 17:14:11,966 - INFO - [36m(setup pid=5497)[0m  + pyarrow==23.0.1
2026-03-25 17:14:11,966 - INFO - [36m(setup pid=5497)[0m  + pygments==2.19.2
2026-03-25 17:14:11,966 - INFO - [36m(setup pid=5497)[0m  + pynvml==13.0.1
2026-03-25 17:14:11,966 - INFO - [36m(setup pid=5497)[0m  + python-dateutil==2.9.0.post0
2026-03-25 17:14:11,966 - INFO - [36m(setup pid=5497)[0m  + pyyaml==6.0.3
2026-03-25 17:14:11,966 - INFO - [36m(setup pid=5497)[0m  + requests==2.32.5
2026-03-25 17:14:11,966 - INFO - [36m(setup pid=5497)[0m  + rich==14.3.3
2026-03-25 17:14:11,966 - INFO - [36m(setup pid=5497)[0m  + shellingham==1.5.4
2026-03-25 17:14:11,966 - INFO - [36m(setup pid=5497)[0m  + six==1.17.0
2026-03-25 17:14:11,966 - INFO - [36m(setup pid=5497)[0m  + tqdm==4.67.3
2026-03-25 17:14:11,966 - INFO - [36m(setup pid=5497)[0m  + typer==0.24.1
2026-03-25 17:14:11,966 - INFO - [36m(setup pid=5497)[0m  + typing-extensions==4.15.0
2026-03-25 17:14:11,966 - INFO - [36m(setup pid=5497)[0m  + urllib3==2.6.3
2026-03-25 17:14:11,966 - INFO - [36m(setup pid=5497)[0m  + xxhash==3.6.0
2026-03-25 17:14:11,966 - INFO - [36m(setup pid=5497)[0m  + yarl==1.23.0
2026-03-25 17:14:11,966 - INFO - [36m(setup pid=5497)[0m + echo '=== Installing vLLM 0.10.0 ==='
2026-03-25 17:14:11,966 - INFO - [36m(setup pid=5497)[0m === Installing vLLM 0.10.0 ===
2026-03-25 17:14:11,966 - INFO - [36m(setup pid=5497)[0m + uv pip install vllm==0.10.0 'ray[cgraph]'
2026-03-25 17:14:11,966 - INFO - [36m(setup pid=4342, ip=172.31.46.101)[0m Resolved 141 packages in 353ms
2026-03-25 17:14:11,966 - INFO - [36m(setup pid=4342, ip=172.31.46.101)[0m Downloading tokenizers (3.1MiB)
2026-03-25 17:14:11,966 - INFO - [36m(setup pid=4342, ip=172.31.46.101)[0m Downloading pillow (6.7MiB)
2026-03-25 17:14:11,966 - INFO - [36m(setup pid=4342, ip=172.31.46.101)[0m Downloading uvloop (4.2MiB)
2026-03-25 17:14:11,966 - INFO - [36m(setup pid=4342, ip=172.31.46.101)[0m Downloading pydantic-core (2.0MiB)
2026-03-25 17:14:11,966 - INFO - [36m(setup pid=4342, ip=172.31.46.101)[0m Downloading networkx (2.0MiB)
2026-03-25 17:14:11,966 - INFO - [36m(setup pid=4342, ip=172.31.46.101)[0m Downloading transformers (10.2MiB)
2026-03-25 17:14:11,966 - INFO - [36m(setup pid=4342, ip=172.31.46.101)[0m Downloading tiktoken (1.1MiB)
2026-03-25 17:14:11,966 - INFO - [36m(setup pid=4342, ip=172.31.46.101)[0m Downloading sympy (6.0MiB)
2026-03-25 17:14:11,966 - INFO - [36m(setup pid=4342, ip=172.31.46.101)[0m Downloading nvidia-cufile-cu12 (1.1MiB)
2026-03-25 17:14:11,966 - INFO - [36m(setup pid=4342, ip=172.31.46.101)[0m Downloading soundfile (1.3MiB)
2026-03-25 17:14:11,966 - INFO - [36m(setup pid=4342, ip=172.31.46.101)[0m Downloading setuptools (1.2MiB)
2026-03-25 17:14:11,966 - INFO - [36m(setup pid=4342, ip=172.31.46.101)[0m Downloading mistral-common (6.2MiB)
2026-03-25 17:14:11,966 - INFO - [36m(setup pid=4342, ip=172.31.46.101)[0m Downloading scipy (33.6MiB)
2026-03-25 17:14:11,966 - INFO - [36m(setup pid=4342, ip=172.31.46.101)[0m Downloading opencv-python-headless (57.6MiB)
2026-03-25 17:14:11,966 - INFO - [36m(setup pid=4342, ip=172.31.46.101)[0m Downloading numba (3.7MiB)
2026-03-25 17:14:11,966 - INFO - [36m(setup pid=4342, ip=172.31.46.101)[0m Downloading nvidia-nccl-cu12 (192.0MiB)
2026-03-25 17:14:11,966 - INFO - [36m(setup pid=4342, ip=172.31.46.101)[0m Downloading nvidia-cusparse-cu12 (206.5MiB)
2026-03-25 17:14:11,966 - INFO - [36m(setup pid=4342, ip=172.31.46.101)[0m Downloading pycountry (7.7MiB)
2026-03-25 17:14:11,966 - INFO - [36m(setup pid=4342, ip=172.31.46.101)[0m Downloading nvidia-cublas-cu12 (374.9MiB)
2026-03-25 17:14:11,966 - INFO - [36m(setup pid=4342, ip=172.31.46.101)[0m Downloading nvidia-cusolver-cu12 (150.9MiB)
2026-03-25 17:14:11,966 - INFO - [36m(setup pid=4342, ip=172.31.46.101)[0m Downloading sentencepiece (1.3MiB)
2026-03-25 17:14:11,966 - INFO - [36m(setup pid=4342, ip=172.31.46.101)[0m Downloading cupy-cuda12x (128.4MiB)
2026-03-25 17:14:11,966 - INFO - [36m(setup pid=4342, ip=172.31.46.101)[0m Downloading nvidia-cuda-cupti-cu12 (8.5MiB)
2026-03-25 17:14:11,966 - INFO - [36m(setup pid=4342, ip=172.31.46.101)[0m Downloading nvidia-nvjitlink-cu12 (18.8MiB)
2026-03-25 17:14:11,966 - INFO - [36m(setup pid=4342, ip=172.31.46.101)[0m Downloading outlines-core (2.2MiB)
2026-03-25 17:14:11,966 - INFO - [36m(setup pid=4342, ip=172.31.46.101)[0m Downloading numpy (15.8MiB)
2026-03-25 17:14:11,966 - INFO - [36m(setup pid=4342, ip=172.31.46.101)[0m Downloading torchvision (7.1MiB)
2026-03-25 17:14:11,966 - INFO - [36m(setup pid=4342, ip=172.31.46.101)[0m Downloading nvidia-cuda-nvrtc-cu12 (22.6MiB)
2026-03-25 17:14:11,966 - INFO - [36m(setup pid=4342, ip=172.31.46.101)[0m Downloading nvidia-cusparselt-cu12 (149.5MiB)
2026-03-25 17:14:11,966 - INFO - [36m(setup pid=4342, ip=172.31.46.101)[0m Downloading llvmlite (40.4MiB)
2026-03-25 17:14:11,966 - INFO - [36m(setup pid=4342, ip=172.31.46.101)[0m Downloading llguidance (14.3MiB)
2026-03-25 17:14:11,966 - INFO - [36m(setup pid=4342, ip=172.31.46.101)[0m Downloading xgrammar (11.3MiB)
2026-03-25 17:14:11,966 - INFO - [36m(setup pid=4342, ip=172.31.46.101)[0m Downloading triton (148.5MiB)
2026-03-25 17:14:11,966 - INFO - [36m(setup pid=4342, ip=172.31.46.101)[0m Downloading vllm (368.7MiB)
2026-03-25 17:14:11,966 - INFO - [36m(setup pid=4342, ip=172.31.46.101)[0m Downloading torchaudio (3.3MiB)
2026-03-25 17:14:11,966 - INFO - [36m(setup pid=4342, ip=172.31.46.101)[0m Downloading xformers (111.6MiB)
2026-03-25 17:14:11,966 - INFO - [36m(setup pid=4342, ip=172.31.46.101)[0m Downloading nvidia-curand-cu12 (53.7MiB)
2026-03-25 17:14:11,966 - INFO - [36m(setup pid=4342, ip=172.31.46.101)[0m Downloading ray (69.6MiB)
2026-03-25 17:14:11,966 - INFO - [36m(setup pid=4342, ip=172.31.46.101)[0m Downloading nvidia-cufft-cu12 (190.9MiB)
2026-03-25 17:14:11,966 - INFO - [36m(setup pid=4342, ip=172.31.46.101)[0m Downloading nvidia-cudnn-cu12 (544.5MiB)
2026-03-25 17:14:11,966 - INFO - [36m(setup pid=4342, ip=172.31.46.101)[0m Downloading torch (783.0MiB)
2026-03-25 17:14:11,966 - INFO - [36m(setup pid=5497)[0m Resolved 141 packages in 350ms
2026-03-25 17:14:11,966 - INFO - [36m(setup pid=5497)[0m Downloading opencv-python-headless (57.6MiB)
2026-03-25 17:14:11,966 - INFO - [36m(setup pid=5497)[0m Downloading uvloop (4.2MiB)
2026-03-25 17:14:12,470 - INFO - [36m(setup pid=5497)[0m Downloading tokenizers (3.1MiB)
2026-03-25 17:14:12,471 - INFO - [36m(setup pid=5497)[0m Downloading networkx (2.0MiB)
2026-03-25 17:14:12,471 - INFO - [36m(setup pid=5497)[0m Downloading sentencepiece (1.3MiB)
2026-03-25 17:14:12,471 - INFO - [36m(setup pid=5497)[0m Downloading soundfile (1.3MiB)
2026-03-25 17:14:12,471 - INFO - [36m(setup pid=5497)[0m Downloading nvidia-cuda-nvrtc-cu12 (22.6MiB)
2026-03-25 17:14:12,471 - INFO - [36m(setup pid=5497)[0m Downloading setuptools (1.2MiB)
2026-03-25 17:14:12,471 - INFO - [36m(setup pid=5497)[0m Downloading tiktoken (1.1MiB)
2026-03-25 17:14:12,471 - INFO - [36m(setup pid=5497)[0m Downloading llvmlite (40.4MiB)
2026-03-25 17:14:12,471 - INFO - [36m(setup pid=5497)[0m Downloading sympy (6.0MiB)
2026-03-25 17:14:12,471 - INFO - [36m(setup pid=5497)[0m Downloading pydantic-core (2.0MiB)
2026-03-25 17:14:12,471 - INFO - [36m(setup pid=5497)[0m Downloading transformers (10.2MiB)
2026-03-25 17:14:12,471 - INFO - [36m(setup pid=5497)[0m Downloading nvidia-nccl-cu12 (192.0MiB)
2026-03-25 17:14:12,471 - INFO - [36m(setup pid=5497)[0m Downloading ray (69.6MiB)
2026-03-25 17:14:12,471 - INFO - [36m(setup pid=5497)[0m Downloading nvidia-cublas-cu12 (374.9MiB)
2026-03-25 17:14:12,471 - INFO - [36m(setup pid=5497)[0m Downloading nvidia-cufile-cu12 (1.1MiB)
2026-03-25 17:14:12,471 - INFO - [36m(setup pid=5497)[0m Downloading pycountry (7.7MiB)
2026-03-25 17:14:12,471 - INFO - [36m(setup pid=5497)[0m Downloading numba (3.7MiB)
2026-03-25 17:14:12,471 - INFO - [36m(setup pid=5497)[0m Downloading llguidance (14.3MiB)
2026-03-25 17:14:12,471 - INFO - [36m(setup pid=5497)[0m Downloading scipy (33.6MiB)
2026-03-25 17:14:12,471 - INFO - [36m(setup pid=5497)[0m Downloading pillow (6.7MiB)
2026-03-25 17:14:12,471 - INFO - [36m(setup pid=5497)[0m Downloading torch (783.0MiB)
2026-03-25 17:14:12,471 - INFO - [36m(setup pid=5497)[0m Downloading numpy (15.8MiB)
2026-03-25 17:14:12,471 - INFO - [36m(setup pid=5497)[0m Downloading vllm (368.7MiB)
2026-03-25 17:14:12,471 - INFO - [36m(setup pid=5497)[0m Downloading nvidia-cusparselt-cu12 (149.5MiB)
2026-03-25 17:14:12,471 - INFO - [36m(setup pid=5497)[0m Downloading mistral-common (6.2MiB)
2026-03-25 17:14:12,471 - INFO - [36m(setup pid=5497)[0m Downloading nvidia-nvjitlink-cu12 (18.8MiB)
2026-03-25 17:14:12,471 - INFO - [36m(setup pid=5497)[0m Downloading nvidia-cufft-cu12 (190.9MiB)
2026-03-25 17:14:12,471 - INFO - [36m(setup pid=5497)[0m Downloading nvidia-cudnn-cu12 (544.5MiB)
2026-03-25 17:14:12,471 - INFO - [36m(setup pid=5497)[0m Downloading outlines-core (2.2MiB)
2026-03-25 17:14:12,471 - INFO - [36m(setup pid=5497)[0m Downloading nvidia-cusparse-cu12 (206.5MiB)
2026-03-25 17:14:12,471 - INFO - [36m(setup pid=5497)[0m Downloading triton (148.5MiB)
2026-03-25 17:14:12,471 - INFO - [36m(setup pid=5497)[0m Downloading xformers (111.6MiB)
2026-03-25 17:14:12,471 - INFO - [36m(setup pid=5497)[0m Downloading cupy-cuda12x (128.4MiB)
2026-03-25 17:14:12,471 - INFO - [36m(setup pid=5497)[0m Downloading nvidia-cusolver-cu12 (150.9MiB)
2026-03-25 17:14:12,471 - INFO - [36m(setup pid=5497)[0m Downloading nvidia-cuda-cupti-cu12 (8.5MiB)
2026-03-25 17:14:12,471 - INFO - [36m(setup pid=5497)[0m Downloading torchvision (7.1MiB)
2026-03-25 17:14:12,471 - INFO - [36m(setup pid=5497)[0m Downloading nvidia-curand-cu12 (53.7MiB)
2026-03-25 17:14:12,471 - INFO - [36m(setup pid=5497)[0m Downloading torchaudio (3.3MiB)
2026-03-25 17:14:12,471 - INFO - [36m(setup pid=5497)[0m Downloading xgrammar (11.3MiB)
2026-03-25 17:14:12,471 - INFO - [36m(setup pid=4342, ip=172.31.46.101)[0m  Downloaded nvidia-cufile-cu12
2026-03-25 17:14:13,176 - INFO - [36m(setup pid=4342, ip=172.31.46.101)[0m  Downloaded tiktoken
2026-03-25 17:14:13,176 - INFO - [36m(setup pid=4342, ip=172.31.46.101)[0m  Downloaded soundfile
2026-03-25 17:14:13,176 - INFO - [36m(setup pid=4342, ip=172.31.46.101)[0m  Downloaded sentencepiece
2026-03-25 17:14:13,176 - INFO - [36m(setup pid=5497)[0m  Downloaded tiktoken
2026-03-25 17:14:13,176 - INFO - [36m(setup pid=5497)[0m  Downloaded nvidia-cufile-cu12
2026-03-25 17:14:13,176 - INFO - [36m(setup pid=5497)[0m  Downloaded soundfile
2026-03-25 17:14:13,176 - INFO - [36m(setup pid=5497)[0m  Downloaded sentencepiece
2026-03-25 17:14:13,176 - INFO - [36m(setup pid=4342, ip=172.31.46.101)[0m  Downloaded pydantic-core
2026-03-25 17:14:13,176 - INFO - [36m(setup pid=4342, ip=172.31.46.101)[0m  Downloaded outlines-core
2026-03-25 17:14:13,679 - INFO - [36m(setup pid=5497)[0m  Downloaded pydantic-core
2026-03-25 17:14:13,679 - INFO - [36m(setup pid=5497)[0m  Downloaded outlines-core
2026-03-25 17:14:13,679 - INFO - [36m(setup pid=4342, ip=172.31.46.101)[0m  Downloaded setuptools
2026-03-25 17:14:13,679 - INFO - [36m(setup pid=5497)[0m  Downloaded setuptools
2026-03-25 17:14:13,679 - INFO - [36m(setup pid=4342, ip=172.31.46.101)[0m  Downloaded tokenizers
2026-03-25 17:14:13,679 - INFO - [36m(setup pid=4342, ip=172.31.46.101)[0m  Downloaded networkx
2026-03-25 17:14:13,679 - INFO - [36m(setup pid=4342, ip=172.31.46.101)[0m  Downloaded torchaudio
2026-03-25 17:14:13,679 - INFO - [36m(setup pid=5497)[0m  Downloaded tokenizers
2026-03-25 17:14:14,285 - INFO - [36m(setup pid=5497)[0m  Downloaded networkx
2026-03-25 17:14:14,286 - INFO - [36m(setup pid=5497)[0m  Downloaded torchaudio
2026-03-25 17:14:14,286 - INFO - [36m(setup pid=4342, ip=172.31.46.101)[0m  Downloaded uvloop
2026-03-25 17:14:14,286 - INFO - [36m(setup pid=5497)[0m  Downloaded uvloop
2026-03-25 17:14:14,286 - INFO - [36m(setup pid=4342, ip=172.31.46.101)[0m  Downloaded numba
2026-03-25 17:14:14,286 - INFO - [36m(setup pid=5497)[0m  Downloaded numba
2026-03-25 17:14:14,286 - INFO - [36m(setup pid=4342, ip=172.31.46.101)[0m  Downloaded mistral-common
2026-03-25 17:14:14,892 - INFO - [36m(setup pid=5497)[0m  Downloaded mistral-common
2026-03-25 17:14:14,893 - INFO - [36m(setup pid=4342, ip=172.31.46.101)[0m  Downloaded pillow
2026-03-25 17:14:14,893 - INFO - [36m(setup pid=4342, ip=172.31.46.101)[0m  Downloaded torchvision
2026-03-25 17:14:14,893 - INFO - [36m(setup pid=5497)[0m  Downloaded pillow
2026-03-25 17:14:14,893 - INFO - [36m(setup pid=5497)[0m  Downloaded torchvision
2026-03-25 17:14:14,893 - INFO - [36m(setup pid=4342, ip=172.31.46.101)[0m  Downloaded pycountry
2026-03-25 17:14:14,893 - INFO - [36m(setup pid=5497)[0m  Downloaded pycountry
2026-03-25 17:14:14,893 - INFO - [36m(setup pid=4342, ip=172.31.46.101)[0m  Downloaded nvidia-cuda-cupti-cu12
2026-03-25 17:14:15,600 - INFO - [36m(setup pid=5497)[0m  Downloaded nvidia-cuda-cupti-cu12
2026-03-25 17:14:15,601 - INFO - [36m(setup pid=4342, ip=172.31.46.101)[0m  Downloaded sympy
2026-03-25 17:14:15,601 - INFO - [36m(setup pid=4342, ip=172.31.46.101)[0m  Downloaded xgrammar
2026-03-25 17:14:15,601 - INFO - [36m(setup pid=5497)[0m  Downloaded sympy
2026-03-25 17:14:15,601 - INFO - [36m(setup pid=5497)[0m  Downloaded xgrammar
2026-03-25 17:14:15,601 - INFO - [36m(setup pid=4342, ip=172.31.46.101)[0m  Downloaded llguidance
2026-03-25 17:14:16,205 - INFO - [36m(setup pid=5497)[0m  Downloaded llguidance
2026-03-25 17:14:16,205 - INFO - [36m(setup pid=4342, ip=172.31.46.101)[0m  Downloaded numpy
2026-03-25 17:14:16,810 - INFO - [36m(setup pid=5497)[0m  Downloaded numpy
2026-03-25 17:14:16,810 - INFO - [36m(setup pid=5497)[0m  Downloaded transformers
2026-03-25 17:14:16,810 - INFO - [36m(setup pid=4342, ip=172.31.46.101)[0m  Downloaded transformers
2026-03-25 17:14:16,810 - INFO - [36m(setup pid=4342, ip=172.31.46.101)[0m  Downloaded nvidia-nvjitlink-cu12
2026-03-25 17:14:16,810 - INFO - [36m(setup pid=5497)[0m  Downloaded nvidia-nvjitlink-cu12
2026-03-25 17:14:18,225 - INFO - [36m(setup pid=4342, ip=172.31.46.101)[0m  Downloaded nvidia-cuda-nvrtc-cu12
2026-03-25 17:14:18,226 - INFO - [36m(setup pid=5497)[0m  Downloaded nvidia-cuda-nvrtc-cu12
2026-03-25 17:14:18,226 - INFO - [36m(setup pid=4342, ip=172.31.46.101)[0m  Downloaded scipy
2026-03-25 17:14:19,032 - INFO - [36m(setup pid=5497)[0m  Downloaded scipy
2026-03-25 17:14:19,032 - INFO - [36m(setup pid=4342, ip=172.31.46.101)[0m  Downloaded llvmlite
2026-03-25 17:14:20,244 - INFO - [36m(setup pid=5497)[0m  Downloaded llvmlite
2026-03-25 17:14:20,244 - INFO - [36m(setup pid=5497)[0m  Downloaded nvidia-curand-cu12
2026-03-25 17:14:20,747 - INFO - [36m(setup pid=4342, ip=172.31.46.101)[0m  Downloaded nvidia-curand-cu12
2026-03-25 17:14:20,747 - INFO - [36m(setup pid=5497)[0m  Downloaded opencv-python-headless
2026-03-25 17:14:25,176 - INFO - [36m(setup pid=4342, ip=172.31.46.101)[0m  Downloaded opencv-python-headless
2026-03-25 17:14:25,176 - INFO - [36m(setup pid=5497)[0m  Downloaded xformers
2026-03-25 17:14:25,984 - INFO - [36m(setup pid=4342, ip=172.31.46.101)[0m  Downloaded xformers
2026-03-25 17:14:25,985 - INFO - [36m(setup pid=5497)[0m  Downloaded ray
2026-03-25 17:14:26,794 - INFO - [36m(setup pid=4342, ip=172.31.46.101)[0m  Downloaded ray
2026-03-25 17:14:27,319 - INFO - [36m(setup pid=5497)[0m  Downloaded nvidia-cusparselt-cu12
2026-03-25 17:14:28,228 - INFO - [36m(setup pid=5497)[0m  Downloaded nvidia-cusolver-cu12
2026-03-25 17:14:28,228 - INFO - [36m(setup pid=5497)[0m  Downloaded triton
2026-03-25 17:14:28,731 - INFO - [36m(setup pid=4342, ip=172.31.46.101)[0m  Downloaded nvidia-cusolver-cu12
2026-03-25 17:14:28,732 - INFO - [36m(setup pid=4342, ip=172.31.46.101)[0m  Downloaded nvidia-cusparselt-cu12
2026-03-25 17:14:28,732 - INFO - [36m(setup pid=4342, ip=172.31.46.101)[0m  Downloaded triton
2026-03-25 17:14:28,732 - INFO - [36m(setup pid=5497)[0m  Downloaded cupy-cuda12x
2026-03-25 17:14:29,538 - INFO - [36m(setup pid=5497)[0m  Downloaded nvidia-cufft-cu12
2026-03-25 17:14:29,538 - INFO - [36m(setup pid=5497)[0m  Downloaded nvidia-nccl-cu12
2026-03-25 17:14:29,538 - INFO - [36m(setup pid=4342, ip=172.31.46.101)[0m  Downloaded cupy-cuda12x
2026-03-25 17:14:31,553 - INFO - [36m(setup pid=5497)[0m  Downloaded nvidia-cusparse-cu12
2026-03-25 17:14:31,554 - INFO - [36m(setup pid=4342, ip=172.31.46.101)[0m  Downloaded nvidia-cufft-cu12
2026-03-25 17:14:31,554 - INFO - [36m(setup pid=4342, ip=172.31.46.101)[0m  Downloaded nvidia-nccl-cu12
2026-03-25 17:14:31,554 - INFO - [36m(setup pid=4342, ip=172.31.46.101)[0m  Downloaded nvidia-cusparse-cu12
2026-03-25 17:14:31,554 - INFO - [36m(setup pid=5497)[0m  Downloaded nvidia-cublas-cu12
2026-03-25 17:14:32,258 - INFO - [36m(setup pid=4342, ip=172.31.46.101)[0m  Downloaded nvidia-cublas-cu12
2026-03-25 17:14:33,567 - INFO - [36m(setup pid=5497)[0m  Downloaded nvidia-cudnn-cu12
2026-03-25 17:14:34,171 - INFO - [36m(setup pid=5497)[0m  Downloaded vllm
2026-03-25 17:14:34,977 - INFO - [36m(setup pid=4342, ip=172.31.46.101)[0m  Downloaded nvidia-cudnn-cu12
2026-03-25 17:14:34,978 - INFO - [36m(setup pid=4342, ip=172.31.46.101)[0m  Downloaded vllm
2026-03-25 17:14:39,507 - INFO - [36m(setup pid=5497)[0m  Downloaded torch
2026-03-25 17:14:40,113 - INFO - [36m(setup pid=5497)[0m Prepared 92 packages in 27.74s
2026-03-25 17:14:40,113 - INFO - [36m(setup pid=5497)[0m Uninstalled 1 package in 9ms
2026-03-25 17:14:40,113 - INFO - [36m(setup pid=5497)[0m Installed 106 packages in 283ms
2026-03-25 17:14:40,516 - INFO - [36m(setup pid=5497)[0m  + annotated-types==0.7.0
2026-03-25 17:14:40,516 - INFO - [36m(setup pid=5497)[0m  + astor==0.8.1
2026-03-25 17:14:40,516 - INFO - [36m(setup pid=5497)[0m  + blake3==1.0.8
2026-03-25 17:14:40,516 - INFO - [36m(setup pid=5497)[0m  + cachetools==7.0.5
2026-03-25 17:14:40,517 - INFO - [36m(setup pid=5497)[0m  + cbor2==5.9.0
2026-03-25 17:14:40,517 - INFO - [36m(setup pid=5497)[0m  + cffi==2.0.0
2026-03-25 17:14:40,517 - INFO - [36m(setup pid=5497)[0m  + cloudpickle==3.1.2
2026-03-25 17:14:40,517 - INFO - [36m(setup pid=5497)[0m  + compressed-tensors==0.10.2
2026-03-25 17:14:40,517 - INFO - [36m(setup pid=5497)[0m  + cuda-pathfinder==1.5.0
2026-03-25 17:14:40,517 - INFO - [36m(setup pid=5497)[0m  + cupy-cuda12x==14.0.1
2026-03-25 17:14:40,517 - INFO - [36m(setup pid=5497)[0m  + depyf==0.19.0
2026-03-25 17:14:40,517 - INFO - [36m(setup pid=5497)[0m  + diskcache==5.6.3
2026-03-25 17:14:40,517 - INFO - [36m(setup pid=5497)[0m  + distro==1.9.0
2026-03-25 17:14:40,517 - INFO - [36m(setup pid=5497)[0m  + dnspython==2.8.0
2026-03-25 17:14:40,517 - INFO - [36m(setup pid=5497)[0m  + einops==0.8.2
2026-03-25 17:14:40,517 - INFO - [36m(setup pid=5497)[0m  + email-validator==2.3.0
2026-03-25 17:14:40,517 - INFO - [36m(setup pid=5497)[0m  + fastapi==0.135.2
2026-03-25 17:14:40,517 - INFO - [36m(setup pid=5497)[0m  + fastapi-cli==0.0.24
2026-03-25 17:14:40,517 - INFO - [36m(setup pid=5497)[0m  + fastapi-cloud-cli==0.15.0
2026-03-25 17:14:40,517 - INFO - [36m(setup pid=5497)[0m  + fastar==0.9.0
2026-03-25 17:14:40,517 - INFO - [36m(setup pid=5497)[0m  + gguf==0.18.0
2026-03-25 17:14:40,517 - INFO - [36m(setup pid=5497)[0m  + httptools==0.7.1
2026-03-25 17:14:40,517 - INFO - [36m(setup pid=5497)[0m  + interegular==0.3.3
2026-03-25 17:14:40,517 - INFO - [36m(setup pid=5497)[0m  + jinja2==3.1.6
2026-03-25 17:14:40,517 - INFO - [36m(setup pid=5497)[0m  + jiter==0.13.0
2026-03-25 17:14:40,517 - INFO - [36m(setup pid=5497)[0m  + jsonschema==4.26.0
2026-03-25 17:14:40,517 - INFO - [36m(setup pid=5497)[0m  + jsonschema-specifications==2025.9.1
2026-03-25 17:14:40,517 - INFO - [36m(setup pid=5497)[0m  + lark==1.2.2
2026-03-25 17:14:40,517 - INFO - [36m(setup pid=5497)[0m  + llguidance==0.7.30
2026-03-25 17:14:40,517 - INFO - [36m(setup pid=5497)[0m  + llvmlite==0.44.0
2026-03-25 17:14:40,517 - INFO - [36m(setup pid=5497)[0m  + lm-format-enforcer==0.10.12
2026-03-25 17:14:40,517 - INFO - [36m(setup pid=5497)[0m  + markupsafe==3.0.3
2026-03-25 17:14:40,517 - INFO - [36m(setup pid=5497)[0m  + mistral-common==1.10.0
2026-03-25 17:14:40,517 - INFO - [36m(setup pid=5497)[0m  + mpmath==1.3.0
2026-03-25 17:14:40,517 - INFO - [36m(setup pid=5497)[0m  + msgpack==1.1.2
2026-03-25 17:14:40,517 - INFO - [36m(setup pid=5497)[0m  + msgspec==0.20.0
2026-03-25 17:14:40,517 - INFO - [36m(setup pid=5497)[0m  + networkx==3.6.1
2026-03-25 17:14:40,517 - INFO - [36m(setup pid=5497)[0m  + ninja==1.13.0
2026-03-25 17:14:40,517 - INFO - [36m(setup pid=5497)[0m  + numba==0.61.2
2026-03-25 17:14:40,517 - INFO - [36m(setup pid=5497)[0m  - numpy==2.4.3
2026-03-25 17:14:40,517 - INFO - [36m(setup pid=5497)[0m  + numpy==2.2.6
2026-03-25 17:14:40,517 - INFO - [36m(setup pid=5497)[0m  + nvidia-cublas-cu12==12.6.4.1
2026-03-25 17:14:40,517 - INFO - [36m(setup pid=5497)[0m  + nvidia-cuda-cupti-cu12==12.6.80
2026-03-25 17:14:40,517 - INFO - [36m(setup pid=5497)[0m  + nvidia-cuda-nvrtc-cu12==12.6.77
2026-03-25 17:14:40,517 - INFO - [36m(setup pid=5497)[0m  + nvidia-cuda-runtime-cu12==12.6.77
2026-03-25 17:14:40,517 - INFO - [36m(setup pid=5497)[0m  + nvidia-cudnn-cu12==9.5.1.17
2026-03-25 17:14:40,517 - INFO - [36m(setup pid=5497)[0m  + nvidia-cufft-cu12==11.3.0.4
2026-03-25 17:14:40,517 - INFO - [36m(setup pid=5497)[0m  + nvidia-cufile-cu12==1.11.1.6
2026-03-25 17:14:40,517 - INFO - [36m(setup pid=5497)[0m  + nvidia-curand-cu12==10.3.7.77
2026-03-25 17:14:40,517 - INFO - [36m(setup pid=5497)[0m  + nvidia-cusolver-cu12==11.7.1.2
2026-03-25 17:14:40,517 - INFO - [36m(setup pid=5497)[0m  + nvidia-cusparse-cu12==12.5.4.2
2026-03-25 17:14:40,517 - INFO - [36m(setup pid=5497)[0m  + nvidia-cusparselt-cu12==0.6.3
2026-03-25 17:14:40,517 - INFO - [36m(setup pid=5497)[0m  + nvidia-nccl-cu12==2.26.2
2026-03-25 17:14:40,517 - INFO - [36m(setup pid=5497)[0m  + nvidia-nvjitlink-cu12==12.6.85
2026-03-25 17:14:40,517 - INFO - [36m(setup pid=5497)[0m  + nvidia-nvtx-cu12==12.6.77
2026-03-25 17:14:40,518 - INFO - [36m(setup pid=5497)[0m  + openai==1.90.0
2026-03-25 17:14:40,518 - INFO - [36m(setup pid=5497)[0m  + opencv-python-headless==4.13.0.92
2026-03-25 17:14:40,518 - INFO - [36m(setup pid=5497)[0m  + outlines-core==0.2.10
2026-03-25 17:14:40,518 - INFO - [36m(setup pid=5497)[0m  + partial-json-parser==0.2.1.1.post7
2026-03-25 17:14:40,518 - INFO - [36m(setup pid=5497)[0m  + pillow==12.1.1
2026-03-25 17:14:40,518 - INFO - [36m(setup pid=5497)[0m  + prometheus-client==0.24.1
2026-03-25 17:14:40,518 - INFO - [36m(setup pid=5497)[0m  + prometheus-fastapi-instrumentator==7.1.0
2026-03-25 17:14:40,518 - INFO - [36m(setup pid=5497)[0m  + protobuf==7.34.1
2026-03-25 17:14:40,518 - INFO - [36m(setup pid=5497)[0m  + psutil==7.2.2
2026-03-25 17:14:40,518 - INFO - [36m(setup pid=5497)[0m  + py-cpuinfo==9.0.0
2026-03-25 17:14:40,518 - INFO - [36m(setup pid=5497)[0m  + pybase64==1.4.3
2026-03-25 17:14:40,518 - INFO - [36m(setup pid=5497)[0m  + pycountry==26.2.16
2026-03-25 17:14:40,518 - INFO - [36m(setup pid=5497)[0m  + pycparser==3.0
2026-03-25 17:14:40,518 - INFO - [36m(setup pid=5497)[0m  + pydantic==2.12.5
2026-03-25 17:14:40,518 - INFO - [36m(setup pid=5497)[0m  + pydantic-core==2.41.5
2026-03-25 17:14:40,518 - INFO - [36m(setup pid=5497)[0m  + pydantic-extra-types==2.11.1
2026-03-25 17:14:40,518 - INFO - [36m(setup pid=5497)[0m  + pydantic-settings==2.13.1
2026-03-25 17:14:40,518 - INFO - [36m(setup pid=5497)[0m  + python-dotenv==1.2.2
2026-03-25 17:14:40,518 - INFO - [36m(setup pid=5497)[0m  + python-json-logger==4.0.0
2026-03-25 17:14:40,518 - INFO - [36m(setup pid=5497)[0m  + python-multipart==0.0.22
2026-03-25 17:14:40,518 - INFO - [36m(setup pid=5497)[0m  + pyzmq==27.1.0
2026-03-25 17:14:40,518 - INFO - [36m(setup pid=5497)[0m  + ray==2.54.0
2026-03-25 17:14:40,518 - INFO - [36m(setup pid=5497)[0m  + referencing==0.37.0
2026-03-25 17:14:40,518 - INFO - [36m(setup pid=5497)[0m  + regex==2026.2.28
2026-03-25 17:14:40,518 - INFO - [36m(setup pid=5497)[0m  + rich-toolkit==0.19.7
2026-03-25 17:14:40,518 - INFO - [36m(setup pid=5497)[0m  + rignore==0.7.6
2026-03-25 17:14:40,718 - INFO - [36m(setup pid=5497)[0m  + rpds-py==0.30.0
2026-03-25 17:14:40,718 - INFO - [36m(setup pid=5497)[0m  + safetensors==0.7.0
2026-03-25 17:14:40,718 - INFO - [36m(setup pid=5497)[0m  + scipy==1.17.1
2026-03-25 17:14:40,718 - INFO - [36m(setup pid=5497)[0m  + sentencepiece==0.2.1
2026-03-25 17:14:40,718 - INFO - [36m(setup pid=5497)[0m  + sentry-sdk==2.56.0
2026-03-25 17:14:40,718 - INFO - [36m(setup pid=5497)[0m  + setuptools==79.0.1
2026-03-25 17:14:40,718 - INFO - [36m(setup pid=5497)[0m  + sniffio==1.3.1
2026-03-25 17:14:40,718 - INFO - [36m(setup pid=5497)[0m  + soundfile==0.13.1
2026-03-25 17:14:40,718 - INFO - [36m(setup pid=5497)[0m  + soxr==1.0.0
2026-03-25 17:14:40,718 - INFO - [36m(setup pid=5497)[0m  + starlette==0.52.1
2026-03-25 17:14:40,718 - INFO - [36m(setup pid=5497)[0m  + sympy==1.14.0
2026-03-25 17:14:40,718 - INFO - [36m(setup pid=5497)[0m  + tiktoken==0.12.0
2026-03-25 17:14:40,718 - INFO - [36m(setup pid=5497)[0m  + tokenizers==0.22.2
2026-03-25 17:14:40,718 - INFO - [36m(setup pid=5497)[0m  + torch==2.7.1
2026-03-25 17:14:40,718 - INFO - [36m(setup pid=5497)[0m  + torchaudio==2.7.1
2026-03-25 17:14:40,718 - INFO - [36m(setup pid=5497)[0m  + torchvision==0.22.1
2026-03-25 17:14:40,718 - INFO - [36m(setup pid=5497)[0m  + transformers==5.3.0
2026-03-25 17:14:40,718 - INFO - [36m(setup pid=5497)[0m  + triton==3.3.1
2026-03-25 17:14:40,718 - INFO - [36m(setup pid=5497)[0m  + typing-inspection==0.4.2
2026-03-25 17:14:40,718 - INFO - [36m(setup pid=5497)[0m  + uvicorn==0.42.0
2026-03-25 17:14:40,718 - INFO - [36m(setup pid=5497)[0m  + uvloop==0.22.1
2026-03-25 17:14:40,718 - INFO - [36m(setup pid=5497)[0m  + vllm==0.10.0
2026-03-25 17:14:40,718 - INFO - [36m(setup pid=5497)[0m  + watchfiles==1.1.1
2026-03-25 17:14:40,718 - INFO - [36m(setup pid=5497)[0m  + websockets==16.0
2026-03-25 17:14:40,718 - INFO - [36m(setup pid=5497)[0m  + xformers==0.0.31
2026-03-25 17:14:40,718 - INFO - [36m(setup pid=5497)[0m  + xgrammar==0.1.21
2026-03-25 17:14:40,718 - INFO - [36m(setup pid=5497)[0m + echo '=== Pinning transformers==4.57.3 (avoid 5.x breaking changes) ==='
2026-03-25 17:14:40,718 - INFO - [36m(setup pid=5497)[0m === Pinning transformers==4.57.3 (avoid 5.x breaking changes) ===
2026-03-25 17:14:40,718 - INFO - [36m(setup pid=5497)[0m + uv pip install transformers==4.57.3
2026-03-25 17:14:40,718 - INFO - [36m(setup pid=5497)[0m Resolved 18 packages in 61ms
2026-03-25 17:14:40,718 - INFO - [36m(setup pid=5497)[0m Downloading transformers (11.4MiB)
2026-03-25 17:14:40,718 - INFO - [36m(setup pid=4342, ip=172.31.46.101)[0m  Downloaded torch
2026-03-25 17:14:40,718 - INFO - [36m(setup pid=4342, ip=172.31.46.101)[0m Prepared 92 packages in 28.57s
2026-03-25 17:14:40,718 - INFO - [36m(setup pid=4342, ip=172.31.46.101)[0m Uninstalled 1 package in 9ms
2026-03-25 17:14:40,718 - INFO - [36m(setup pid=5497)[0m  Downloaded transformers
2026-03-25 17:14:40,719 - INFO - [36m(setup pid=5497)[0m Prepared 2 packages in 346ms
2026-03-25 17:14:40,719 - INFO - [36m(setup pid=5497)[0m Uninstalled 2 packages in 55ms
2026-03-25 17:14:40,719 - INFO - [36m(setup pid=5497)[0m Installed 2 packages in 69ms
2026-03-25 17:14:40,719 - INFO - [36m(setup pid=5497)[0m  - huggingface-hub==1.7.2
2026-03-25 17:14:40,719 - INFO - [36m(setup pid=5497)[0m  + huggingface-hub==0.36.2
2026-03-25 17:14:40,719 - INFO - [36m(setup pid=5497)[0m  - transformers==5.3.0
2026-03-25 17:14:40,719 - INFO - [36m(setup pid=5497)[0m  + transformers==4.57.3
2026-03-25 17:14:40,719 - INFO - [36m(setup pid=5497)[0m + echo '=== PyTorch CUDA Check ==='
2026-03-25 17:14:40,719 - INFO - [36m(setup pid=5497)[0m === PyTorch CUDA Check ===
2026-03-25 17:14:40,719 - INFO - [36m(setup pid=5497)[0m + python3 -c 'import torch; print('\''torch.cuda.is_available():'\'', torch.cuda.is_available()); print('\''torch.version.cuda:'\'', torch.version.cuda); print('\''torch.__version__:'\'', torch.__version__); print('\''torch.cuda.device_count():'\'', torch.cuda.device_count() if torch.cuda.is_available() else '\''N/A'\'')'
2026-03-25 17:14:40,719 - INFO - [36m(setup pid=4342, ip=172.31.46.101)[0m Installed 106 packages in 256ms
2026-03-25 17:14:40,719 - INFO - [36m(setup pid=4342, ip=172.31.46.101)[0m  + annotated-types==0.7.0
2026-03-25 17:14:40,719 - INFO - [36m(setup pid=4342, ip=172.31.46.101)[0m  + astor==0.8.1
2026-03-25 17:14:40,719 - INFO - [36m(setup pid=4342, ip=172.31.46.101)[0m  + blake3==1.0.8
2026-03-25 17:14:40,719 - INFO - [36m(setup pid=4342, ip=172.31.46.101)[0m  + cachetools==7.0.5
2026-03-25 17:14:40,719 - INFO - [36m(setup pid=4342, ip=172.31.46.101)[0m  + cbor2==5.9.0
2026-03-25 17:14:40,719 - INFO - [36m(setup pid=4342, ip=172.31.46.101)[0m  + cffi==2.0.0
2026-03-25 17:14:40,719 - INFO - [36m(setup pid=4342, ip=172.31.46.101)[0m  + cloudpickle==3.1.2
2026-03-25 17:14:40,719 - INFO - [36m(setup pid=4342, ip=172.31.46.101)[0m  + compressed-tensors==0.10.2
2026-03-25 17:14:40,719 - INFO - [36m(setup pid=4342, ip=172.31.46.101)[0m  + cuda-pathfinder==1.5.0
2026-03-25 17:14:40,719 - INFO - [36m(setup pid=4342, ip=172.31.46.101)[0m  + cupy-cuda12x==14.0.1
2026-03-25 17:14:40,719 - INFO - [36m(setup pid=4342, ip=172.31.46.101)[0m  + depyf==0.19.0
2026-03-25 17:14:40,719 - INFO - [36m(setup pid=4342, ip=172.31.46.101)[0m  + diskcache==5.6.3
2026-03-25 17:14:40,719 - INFO - [36m(setup pid=4342, ip=172.31.46.101)[0m  + distro==1.9.0
2026-03-25 17:14:40,719 - INFO - [36m(setup pid=4342, ip=172.31.46.101)[0m  + dnspython==2.8.0
2026-03-25 17:14:40,719 - INFO - [36m(setup pid=4342, ip=172.31.46.101)[0m  + einops==0.8.2
2026-03-25 17:14:40,719 - INFO - [36m(setup pid=4342, ip=172.31.46.101)[0m  + email-validator==2.3.0
2026-03-25 17:14:40,719 - INFO - [36m(setup pid=4342, ip=172.31.46.101)[0m  + fastapi==0.135.2
2026-03-25 17:14:40,719 - INFO - [36m(setup pid=4342, ip=172.31.46.101)[0m  + fastapi-cli==0.0.24
2026-03-25 17:14:40,719 - INFO - [36m(setup pid=4342, ip=172.31.46.101)[0m  + fastapi-cloud-cli==0.15.0
2026-03-25 17:14:40,719 - INFO - [36m(setup pid=4342, ip=172.31.46.101)[0m  + fastar==0.9.0
2026-03-25 17:14:40,719 - INFO - [36m(setup pid=4342, ip=172.31.46.101)[0m  + gguf==0.18.0
2026-03-25 17:14:40,719 - INFO - [36m(setup pid=4342, ip=172.31.46.101)[0m  + httptools==0.7.1
2026-03-25 17:14:40,719 - INFO - [36m(setup pid=4342, ip=172.31.46.101)[0m  + interegular==0.3.3
2026-03-25 17:14:40,719 - INFO - [36m(setup pid=4342, ip=172.31.46.101)[0m  + jinja2==3.1.6
2026-03-25 17:14:40,719 - INFO - [36m(setup pid=4342, ip=172.31.46.101)[0m  + jiter==0.13.0
2026-03-25 17:14:40,719 - INFO - [36m(setup pid=4342, ip=172.31.46.101)[0m  + jsonschema==4.26.0
2026-03-25 17:14:40,719 - INFO - [36m(setup pid=4342, ip=172.31.46.101)[0m  + jsonschema-specifications==2025.9.1
2026-03-25 17:14:40,719 - INFO - [36m(setup pid=4342, ip=172.31.46.101)[0m  + lark==1.2.2
2026-03-25 17:14:40,719 - INFO - [36m(setup pid=4342, ip=172.31.46.101)[0m  + llguidance==0.7.30
2026-03-25 17:14:40,719 - INFO - [36m(setup pid=4342, ip=172.31.46.101)[0m  + llvmlite==0.44.0
2026-03-25 17:14:40,719 - INFO - [36m(setup pid=4342, ip=172.31.46.101)[0m  + lm-format-enforcer==0.10.12
2026-03-25 17:14:40,719 - INFO - [36m(setup pid=4342, ip=172.31.46.101)[0m  + markupsafe==3.0.3
2026-03-25 17:14:40,719 - INFO - [36m(setup pid=4342, ip=172.31.46.101)[0m  + mistral-common==1.10.0
2026-03-25 17:14:40,719 - INFO - [36m(setup pid=4342, ip=172.31.46.101)[0m  + mpmath==1.3.0
2026-03-25 17:14:40,719 - INFO - [36m(setup pid=4342, ip=172.31.46.101)[0m  + msgpack==1.1.2
2026-03-25 17:14:40,719 - INFO - [36m(setup pid=4342, ip=172.31.46.101)[0m  + msgspec==0.20.0
2026-03-25 17:14:40,719 - INFO - [36m(setup pid=4342, ip=172.31.46.101)[0m  + networkx==3.6.1
2026-03-25 17:14:40,719 - INFO - [36m(setup pid=4342, ip=172.31.46.101)[0m  + ninja==1.13.0
2026-03-25 17:14:40,719 - INFO - [36m(setup pid=4342, ip=172.31.46.101)[0m  + numba==0.61.2
2026-03-25 17:14:40,719 - INFO - [36m(setup pid=4342, ip=172.31.46.101)[0m  - numpy==2.4.3
2026-03-25 17:14:40,719 - INFO - [36m(setup pid=4342, ip=172.31.46.101)[0m  + numpy==2.2.6
2026-03-25 17:14:40,719 - INFO - [36m(setup pid=4342, ip=172.31.46.101)[0m  + nvidia-cublas-cu12==12.6.4.1
2026-03-25 17:14:40,720 - INFO - [36m(setup pid=4342, ip=172.31.46.101)[0m  + nvidia-cuda-cupti-cu12==12.6.80
2026-03-25 17:14:40,720 - INFO - [36m(setup pid=4342, ip=172.31.46.101)[0m  + nvidia-cuda-nvrtc-cu12==12.6.77
2026-03-25 17:14:40,720 - INFO - [36m(setup pid=4342, ip=172.31.46.101)[0m  + nvidia-cuda-runtime-cu12==12.6.77
2026-03-25 17:14:40,720 - INFO - [36m(setup pid=4342, ip=172.31.46.101)[0m  + nvidia-cudnn-cu12==9.5.1.17
2026-03-25 17:14:40,720 - INFO - [36m(setup pid=4342, ip=172.31.46.101)[0m  + nvidia-cufft-cu12==11.3.0.4
2026-03-25 17:14:40,720 - INFO - [36m(setup pid=4342, ip=172.31.46.101)[0m  + nvidia-cufile-cu12==1.11.1.6
2026-03-25 17:14:40,720 - INFO - [36m(setup pid=4342, ip=172.31.46.101)[0m  + nvidia-curand-cu12==10.3.7.77
2026-03-25 17:14:40,720 - INFO - [36m(setup pid=4342, ip=172.31.46.101)[0m  + nvidia-cusolver-cu12==11.7.1.2
2026-03-25 17:14:41,622 - INFO - [36m(setup pid=4342, ip=172.31.46.101)[0m  + nvidia-cusparse-cu12==12.5.4.2
2026-03-25 17:14:41,623 - INFO - [36m(setup pid=4342, ip=172.31.46.101)[0m  + nvidia-cusparselt-cu12==0.6.3
2026-03-25 17:14:41,623 - INFO - [36m(setup pid=4342, ip=172.31.46.101)[0m  + nvidia-nccl-cu12==2.26.2
2026-03-25 17:14:41,623 - INFO - [36m(setup pid=4342, ip=172.31.46.101)[0m  + nvidia-nvjitlink-cu12==12.6.85
2026-03-25 17:14:41,623 - INFO - [36m(setup pid=4342, ip=172.31.46.101)[0m  + nvidia-nvtx-cu12==12.6.77
2026-03-25 17:14:41,623 - INFO - [36m(setup pid=4342, ip=172.31.46.101)[0m  + openai==1.90.0
2026-03-25 17:14:41,623 - INFO - [36m(setup pid=4342, ip=172.31.46.101)[0m  + opencv-python-headless==4.13.0.92
2026-03-25 17:14:41,623 - INFO - [36m(setup pid=4342, ip=172.31.46.101)[0m  + outlines-core==0.2.10
2026-03-25 17:14:41,623 - INFO - [36m(setup pid=4342, ip=172.31.46.101)[0m  + partial-json-parser==0.2.1.1.post7
2026-03-25 17:14:41,623 - INFO - [36m(setup pid=4342, ip=172.31.46.101)[0m  + pillow==12.1.1
2026-03-25 17:14:41,623 - INFO - [36m(setup pid=4342, ip=172.31.46.101)[0m  + prometheus-client==0.24.1
2026-03-25 17:14:41,623 - INFO - [36m(setup pid=4342, ip=172.31.46.101)[0m  + prometheus-fastapi-instrumentator==7.1.0
2026-03-25 17:14:41,623 - INFO - [36m(setup pid=4342, ip=172.31.46.101)[0m  + protobuf==7.34.1
2026-03-25 17:14:41,623 - INFO - [36m(setup pid=4342, ip=172.31.46.101)[0m  + psutil==7.2.2
2026-03-25 17:14:41,623 - INFO - [36m(setup pid=4342, ip=172.31.46.101)[0m  + py-cpuinfo==9.0.0
2026-03-25 17:14:41,623 - INFO - [36m(setup pid=4342, ip=172.31.46.101)[0m  + pybase64==1.4.3
2026-03-25 17:14:41,623 - INFO - [36m(setup pid=4342, ip=172.31.46.101)[0m  + pycountry==26.2.16
2026-03-25 17:14:41,623 - INFO - [36m(setup pid=4342, ip=172.31.46.101)[0m  + pycparser==3.0
2026-03-25 17:14:41,623 - INFO - [36m(setup pid=4342, ip=172.31.46.101)[0m  + pydantic==2.12.5
2026-03-25 17:14:41,623 - INFO - [36m(setup pid=4342, ip=172.31.46.101)[0m  + pydantic-core==2.41.5
2026-03-25 17:14:41,623 - INFO - [36m(setup pid=4342, ip=172.31.46.101)[0m  + pydantic-extra-types==2.11.1
2026-03-25 17:14:41,623 - INFO - [36m(setup pid=4342, ip=172.31.46.101)[0m  + pydantic-settings==2.13.1
2026-03-25 17:14:41,623 - INFO - [36m(setup pid=4342, ip=172.31.46.101)[0m  + python-dotenv==1.2.2
2026-03-25 17:14:41,623 - INFO - [36m(setup pid=4342, ip=172.31.46.101)[0m  + python-json-logger==4.0.0
2026-03-25 17:14:41,623 - INFO - [36m(setup pid=4342, ip=172.31.46.101)[0m  + python-multipart==0.0.22
2026-03-25 17:14:41,623 - INFO - [36m(setup pid=4342, ip=172.31.46.101)[0m  + pyzmq==27.1.0
2026-03-25 17:14:41,623 - INFO - [36m(setup pid=4342, ip=172.31.46.101)[0m  + ray==2.54.0
2026-03-25 17:14:41,623 - INFO - [36m(setup pid=4342, ip=172.31.46.101)[0m  + referencing==0.37.0
2026-03-25 17:14:41,623 - INFO - [36m(setup pid=4342, ip=172.31.46.101)[0m  + regex==2026.2.28
2026-03-25 17:14:41,623 - INFO - [36m(setup pid=4342, ip=172.31.46.101)[0m  + rich-toolkit==0.19.7
2026-03-25 17:14:41,623 - INFO - [36m(setup pid=4342, ip=172.31.46.101)[0m  + rignore==0.7.6
2026-03-25 17:14:41,623 - INFO - [36m(setup pid=4342, ip=172.31.46.101)[0m  + rpds-py==0.30.0
2026-03-25 17:14:41,623 - INFO - [36m(setup pid=4342, ip=172.31.46.101)[0m  + safetensors==0.7.0
2026-03-25 17:14:41,623 - INFO - [36m(setup pid=4342, ip=172.31.46.101)[0m  + scipy==1.17.1
2026-03-25 17:14:41,623 - INFO - [36m(setup pid=4342, ip=172.31.46.101)[0m  + sentencepiece==0.2.1
2026-03-25 17:14:41,623 - INFO - [36m(setup pid=4342, ip=172.31.46.101)[0m  + sentry-sdk==2.56.0
2026-03-25 17:14:41,623 - INFO - [36m(setup pid=4342, ip=172.31.46.101)[0m  + setuptools==79.0.1
2026-03-25 17:14:41,623 - INFO - [36m(setup pid=4342, ip=172.31.46.101)[0m  + sniffio==1.3.1
2026-03-25 17:14:41,623 - INFO - [36m(setup pid=4342, ip=172.31.46.101)[0m  + soundfile==0.13.1
2026-03-25 17:14:41,623 - INFO - [36m(setup pid=4342, ip=172.31.46.101)[0m  + soxr==1.0.0
2026-03-25 17:14:41,623 - INFO - [36m(setup pid=4342, ip=172.31.46.101)[0m  + starlette==0.52.1
2026-03-25 17:14:41,623 - INFO - [36m(setup pid=4342, ip=172.31.46.101)[0m  + sympy==1.14.0
2026-03-25 17:14:41,624 - INFO - [36m(setup pid=4342, ip=172.31.46.101)[0m  + tiktoken==0.12.0
2026-03-25 17:14:41,624 - INFO - [36m(setup pid=4342, ip=172.31.46.101)[0m  + tokenizers==0.22.2
2026-03-25 17:14:41,624 - INFO - [36m(setup pid=4342, ip=172.31.46.101)[0m  + torch==2.7.1
2026-03-25 17:14:41,624 - INFO - [36m(setup pid=4342, ip=172.31.46.101)[0m  + torchaudio==2.7.1
2026-03-25 17:14:41,624 - INFO - [36m(setup pid=4342, ip=172.31.46.101)[0m  + torchvision==0.22.1
2026-03-25 17:14:41,624 - INFO - [36m(setup pid=4342, ip=172.31.46.101)[0m  + transformers==5.3.0
2026-03-25 17:14:41,624 - INFO - [36m(setup pid=4342, ip=172.31.46.101)[0m  + triton==3.3.1
2026-03-25 17:14:41,624 - INFO - [36m(setup pid=4342, ip=172.31.46.101)[0m  + typing-inspection==0.4.2
2026-03-25 17:14:41,624 - INFO - [36m(setup pid=4342, ip=172.31.46.101)[0m  + uvicorn==0.42.0
2026-03-25 17:14:41,624 - INFO - [36m(setup pid=4342, ip=172.31.46.101)[0m  + uvloop==0.22.1
2026-03-25 17:14:41,624 - INFO - [36m(setup pid=4342, ip=172.31.46.101)[0m  + vllm==0.10.0
2026-03-25 17:14:41,624 - INFO - [36m(setup pid=4342, ip=172.31.46.101)[0m  + watchfiles==1.1.1
2026-03-25 17:14:41,624 - INFO - [36m(setup pid=4342, ip=172.31.46.101)[0m  + websockets==16.0
2026-03-25 17:14:41,624 - INFO - [36m(setup pid=4342, ip=172.31.46.101)[0m  + xformers==0.0.31
2026-03-25 17:14:41,624 - INFO - [36m(setup pid=4342, ip=172.31.46.101)[0m  + xgrammar==0.1.21
2026-03-25 17:14:41,624 - INFO - [36m(setup pid=4342, ip=172.31.46.101)[0m + echo '=== Pinning transformers==4.57.3 (avoid 5.x breaking changes) ==='
2026-03-25 17:14:41,624 - INFO - [36m(setup pid=4342, ip=172.31.46.101)[0m === Pinning transformers==4.57.3 (avoid 5.x breaking changes) ===
2026-03-25 17:14:41,624 - INFO - [36m(setup pid=4342, ip=172.31.46.101)[0m + uv pip install transformers==4.57.3
2026-03-25 17:14:41,624 - INFO - [36m(setup pid=4342, ip=172.31.46.101)[0m Resolved 18 packages in 61ms
2026-03-25 17:14:41,624 - INFO - [36m(setup pid=4342, ip=172.31.46.101)[0m Downloading transformers (11.4MiB)
2026-03-25 17:14:41,624 - INFO - [36m(setup pid=4342, ip=172.31.46.101)[0m  Downloaded transformers
2026-03-25 17:14:49,773 - INFO - [36m(setup pid=4342, ip=172.31.46.101)[0m Prepared 2 packages in 315ms
2026-03-25 17:14:49,774 - INFO - [36m(setup pid=4342, ip=172.31.46.101)[0m Uninstalled 2 packages in 55ms
2026-03-25 17:14:49,774 - INFO - [36m(setup pid=4342, ip=172.31.46.101)[0m Installed 2 packages in 64ms
2026-03-25 17:14:49,774 - INFO - [36m(setup pid=4342, ip=172.31.46.101)[0m  - huggingface-hub==1.7.2
2026-03-25 17:14:49,774 - INFO - [36m(setup pid=4342, ip=172.31.46.101)[0m  + huggingface-hub==0.36.2
2026-03-25 17:14:49,774 - INFO - [36m(setup pid=4342, ip=172.31.46.101)[0m  - transformers==5.3.0
2026-03-25 17:14:49,774 - INFO - [36m(setup pid=4342, ip=172.31.46.101)[0m  + transformers==4.57.3
2026-03-25 17:14:49,774 - INFO - [36m(setup pid=4342, ip=172.31.46.101)[0m + echo '=== PyTorch CUDA Check ==='
2026-03-25 17:14:49,774 - INFO - [36m(setup pid=4342, ip=172.31.46.101)[0m === PyTorch CUDA Check ===
2026-03-25 17:14:49,774 - INFO - [36m(setup pid=4342, ip=172.31.46.101)[0m + python3 -c 'import torch; print('\''torch.cuda.is_available():'\'', torch.cuda.is_available()); print('\''torch.version.cuda:'\'', torch.version.cuda); print('\''torch.__version__:'\'', torch.__version__); print('\''torch.cuda.device_count():'\'', torch.cuda.device_count() if torch.cuda.is_available() else '\''N/A'\'')'
2026-03-25 17:14:49,774 - INFO - [36m(setup pid=5497)[0m torch.cuda.is_available(): True
2026-03-25 17:14:50,678 - INFO - [36m(setup pid=5497)[0m torch.version.cuda: 12.6
2026-03-25 17:14:50,679 - INFO - [36m(setup pid=5497)[0m torch.__version__: 2.7.1+cu126
2026-03-25 17:14:50,679 - INFO - [36m(setup pid=5497)[0m torch.cuda.device_count(): 8
2026-03-25 17:14:51,181 - INFO - [36m(setup pid=4342, ip=172.31.46.101)[0m torch.cuda.is_available(): True
2026-03-25 17:14:51,182 - INFO - [36m(setup pid=4342, ip=172.31.46.101)[0m torch.version.cuda: 12.6
2026-03-25 17:14:51,182 - INFO - [36m(setup pid=4342, ip=172.31.46.101)[0m torch.__version__: 2.7.1+cu126
2026-03-25 17:14:51,182 - INFO - [36m(setup pid=4342, ip=172.31.46.101)[0m torch.cuda.device_count(): 8
2026-03-25 17:14:51,182 - INFO - [36m(setup pid=5497)[0m + echo ===========================
2026-03-25 17:14:51,788 - INFO - [36m(setup pid=5497)[0m ===========================
2026-03-25 17:14:51,789 - INFO - [36m(setup pid=5497)[0m + echo '=== Setup complete ==='
2026-03-25 17:14:51,789 - INFO - [36m(setup pid=5497)[0m === Setup complete ===
2026-03-25 17:14:51,789 - INFO - [36m(setup pid=4342, ip=172.31.46.101)[0m + echo ===========================
2026-03-25 17:14:52,594 - INFO - [36m(setup pid=4342, ip=172.31.46.101)[0m ===========================
2026-03-25 17:14:52,594 - INFO - [36m(setup pid=4342, ip=172.31.46.101)[0m + echo '=== Setup complete ==='
2026-03-25 17:14:52,594 - INFO - [36m(setup pid=4342, ip=172.31.46.101)[0m === Setup complete ===
2026-03-25 17:14:52,594 - INFO - [36m(head, rank=0, pid=5497)[0m + export LD_LIBRARY_PATH=/usr/local/cuda/lib64:/usr/local/cuda/targets/x86_64-linux/lib:/usr/local/cuda-12.8/lib:/usr/local/cuda-12.8/lib64:/usr/local/cuda-12.8:/usr/local/cuda-12.8/targets/x86_64-linux/lib/:/usr/local/cuda-12.8/extras/CUPTI/lib64:/opt/amazon/efa/lib:/opt/amazon/openmpi/lib:/opt/amazon/ofi-nccl/lib/x86_64-linux-gnu:/usr/local/lib:/usr/lib:/usr/local/cuda-12.8/lib:/usr/local/cuda-12.8/lib64:/usr/local/cuda-12.8:/usr/local/cuda-12.8/targets/x86_64-linux/lib/:/usr/local/cuda-12.8/extras/CUPTI/lib64:/opt/amazon/efa/lib:/opt/amazon/openmpi/lib:/opt/amazon/ofi-nccl/lib/x86_64-linux-gnu:/usr/local/lib:/usr/lib
2026-03-25 17:14:52,897 - INFO - [36m(head, rank=0, pid=5497)[0m + LD_LIBRARY_PATH=/usr/local/cuda/lib64:/usr/local/cuda/targets/x86_64-linux/lib:/usr/local/cuda-12.8/lib:/usr/local/cuda-12.8/lib64:/usr/local/cuda-12.8:/usr/local/cuda-12.8/targets/x86_64-linux/lib/:/usr/local/cuda-12.8/extras/CUPTI/lib64:/opt/amazon/efa/lib:/opt/amazon/openmpi/lib:/opt/amazon/ofi-nccl/lib/x86_64-linux-gnu:/usr/local/lib:/usr/lib:/usr/local/cuda-12.8/lib:/usr/local/cuda-12.8/lib64:/usr/local/cuda-12.8:/usr/local/cuda-12.8/targets/x86_64-linux/lib/:/usr/local/cuda-12.8/extras/CUPTI/lib64:/opt/amazon/efa/lib:/opt/amazon/openmpi/lib:/opt/amazon/ofi-nccl/lib/x86_64-linux-gnu:/usr/local/lib:/usr/lib
2026-03-25 17:14:52,897 - INFO - [36m(head, rank=0, pid=5497)[0m + export CUDA_HOME=/usr/local/cuda
2026-03-25 17:14:52,897 - INFO - [36m(head, rank=0, pid=5497)[0m + CUDA_HOME=/usr/local/cuda
2026-03-25 17:14:52,897 - INFO - [36m(head, rank=0, pid=5497)[0m + echo '=== Pre-run Diagnostics ==='
2026-03-25 17:14:52,897 - INFO - [36m(head, rank=0, pid=5497)[0m === Pre-run Diagnostics ===
2026-03-25 17:14:52,897 - INFO - [36m(head, rank=0, pid=5497)[0m + nvidia-smi
2026-03-25 17:14:52,897 - INFO - [36m(worker1, rank=1, pid=4342, ip=172.31.46.101)[0m + export LD_LIBRARY_PATH=/usr/local/cuda/lib64:/usr/local/cuda/targets/x86_64-linux/lib:/usr/local/cuda-12.8/lib:/usr/local/cuda-12.8/lib64:/usr/local/cuda-12.8:/usr/local/cuda-12.8/targets/x86_64-linux/lib/:/usr/local/cuda-12.8/extras/CUPTI/lib64:/opt/amazon/efa/lib:/opt/amazon/openmpi/lib:/opt/amazon/ofi-nccl/lib/x86_64-linux-gnu:/usr/local/lib:/usr/lib:/usr/local/cuda-12.8/lib:/usr/local/cuda-12.8/lib64:/usr/local/cuda-12.8:/usr/local/cuda-12.8/targets/x86_64-linux/lib/:/usr/local/cuda-12.8/extras/CUPTI/lib64:/opt/amazon/efa/lib:/opt/amazon/openmpi/lib:/opt/amazon/ofi-nccl/lib/x86_64-linux-gnu:/usr/local/lib:/usr/lib
2026-03-25 17:14:53,403 - INFO - [36m(worker1, rank=1, pid=4342, ip=172.31.46.101)[0m + LD_LIBRARY_PATH=/usr/local/cuda/lib64:/usr/local/cuda/targets/x86_64-linux/lib:/usr/local/cuda-12.8/lib:/usr/local/cuda-12.8/lib64:/usr/local/cuda-12.8:/usr/local/cuda-12.8/targets/x86_64-linux/lib/:/usr/local/cuda-12.8/extras/CUPTI/lib64:/opt/amazon/efa/lib:/opt/amazon/openmpi/lib:/opt/amazon/ofi-nccl/lib/x86_64-linux-gnu:/usr/local/lib:/usr/lib:/usr/local/cuda-12.8/lib:/usr/local/cuda-12.8/lib64:/usr/local/cuda-12.8:/usr/local/cuda-12.8/targets/x86_64-linux/lib/:/usr/local/cuda-12.8/extras/CUPTI/lib64:/opt/amazon/efa/lib:/opt/amazon/openmpi/lib:/opt/amazon/ofi-nccl/lib/x86_64-linux-gnu:/usr/local/lib:/usr/lib
2026-03-25 17:14:53,404 - INFO - [36m(worker1, rank=1, pid=4342, ip=172.31.46.101)[0m + export CUDA_HOME=/usr/local/cuda
2026-03-25 17:14:53,404 - INFO - [36m(worker1, rank=1, pid=4342, ip=172.31.46.101)[0m + CUDA_HOME=/usr/local/cuda
2026-03-25 17:14:53,404 - INFO - [36m(worker1, rank=1, pid=4342, ip=172.31.46.101)[0m + echo '=== Pre-run Diagnostics ==='
2026-03-25 17:14:53,404 - INFO - [36m(worker1, rank=1, pid=4342, ip=172.31.46.101)[0m === Pre-run Diagnostics ===
2026-03-25 17:14:53,404 - INFO - [36m(worker1, rank=1, pid=4342, ip=172.31.46.101)[0m + nvidia-smi
2026-03-25 17:14:53,404 - INFO - [36m(worker1, rank=1, pid=4342, ip=172.31.46.101)[0m Wed Mar 25 11:44:52 2026
2026-03-25 17:14:53,404 - INFO - [36m(worker1, rank=1, pid=4342, ip=172.31.46.101)[0m +-----------------------------------------------------------------------------------------+
2026-03-25 17:14:53,404 - INFO - [36m(worker1, rank=1, pid=4342, ip=172.31.46.101)[0m | NVIDIA-SMI 570.172.08             Driver Version: 570.172.08     CUDA Version: 12.8     |
2026-03-25 17:14:53,404 - INFO - [36m(worker1, rank=1, pid=4342, ip=172.31.46.101)[0m |-----------------------------------------+------------------------+----------------------+
2026-03-25 17:14:53,404 - INFO - [36m(worker1, rank=1, pid=4342, ip=172.31.46.101)[0m | GPU  Name                 Persistence-M | Bus-Id          Disp.A | Volatile Uncorr. ECC |
2026-03-25 17:14:53,404 - INFO - [36m(worker1, rank=1, pid=4342, ip=172.31.46.101)[0m | Fan  Temp   Perf          Pwr:Usage/Cap |           Memory-Usage | GPU-Util  Compute M. |
2026-03-25 17:14:53,404 - INFO - [36m(worker1, rank=1, pid=4342, ip=172.31.46.101)[0m |                                         |                        |               MIG M. |
2026-03-25 17:14:53,404 - INFO - [36m(worker1, rank=1, pid=4342, ip=172.31.46.101)[0m |=========================================+========================+======================|
2026-03-25 17:14:53,404 - INFO - [36m(worker1, rank=1, pid=4342, ip=172.31.46.101)[0m |   0  NVIDIA A100-SXM4-80GB          On  |   00000000:10:1C.0 Off |                    0 |
2026-03-25 17:14:53,404 - INFO - [36m(worker1, rank=1, pid=4342, ip=172.31.46.101)[0m | N/A   22C    P0             60W /  400W |       0MiB /  81920MiB |      0%      Default |
2026-03-25 17:14:53,404 - INFO - [36m(worker1, rank=1, pid=4342, ip=172.31.46.101)[0m |                                         |                        |             Disabled |
2026-03-25 17:14:53,404 - INFO - [36m(worker1, rank=1, pid=4342, ip=172.31.46.101)[0m +-----------------------------------------+------------------------+----------------------+
2026-03-25 17:14:53,404 - INFO - [36m(head, rank=0, pid=5497)[0m Wed Mar 25 11:44:52 2026
2026-03-25 17:14:53,404 - INFO - [36m(head, rank=0, pid=5497)[0m +-----------------------------------------------------------------------------------------+
2026-03-25 17:14:53,404 - INFO - [36m(head, rank=0, pid=5497)[0m | NVIDIA-SMI 570.172.08             Driver Version: 570.172.08     CUDA Version: 12.8     |
2026-03-25 17:14:53,404 - INFO - [36m(head, rank=0, pid=5497)[0m |-----------------------------------------+------------------------+----------------------+
2026-03-25 17:14:53,404 - INFO - [36m(head, rank=0, pid=5497)[0m | GPU  Name                 Persistence-M | Bus-Id          Disp.A | Volatile Uncorr. ECC |
2026-03-25 17:14:53,404 - INFO - [36m(head, rank=0, pid=5497)[0m | Fan  Temp   Perf          Pwr:Usage/Cap |           Memory-Usage | GPU-Util  Compute M. |
2026-03-25 17:14:53,404 - INFO - [36m(head, rank=0, pid=5497)[0m |                                         |                        |               MIG M. |
2026-03-25 17:14:53,404 - INFO - [36m(head, rank=0, pid=5497)[0m |=========================================+========================+======================|
2026-03-25 17:14:53,404 - INFO - [36m(head, rank=0, pid=5497)[0m |   0  NVIDIA A100-SXM4-80GB          On  |   00000000:10:1C.0 Off |                    0 |
2026-03-25 17:14:53,404 - INFO - [36m(head, rank=0, pid=5497)[0m | N/A   24C    P0             60W /  400W |       0MiB /  81920MiB |      0%      Default |
2026-03-25 17:14:53,404 - INFO - [36m(head, rank=0, pid=5497)[0m |                                         |                        |             Disabled |
2026-03-25 17:14:53,404 - INFO - [36m(head, rank=0, pid=5497)[0m +-----------------------------------------+------------------------+----------------------+
2026-03-25 17:14:53,404 - INFO - [36m(head, rank=0, pid=5497)[0m |   1  NVIDIA A100-SXM4-80GB          On  |   00000000:10:1D.0 Off |                    0 |
2026-03-25 17:14:53,404 - INFO - [36m(head, rank=0, pid=5497)[0m | N/A   23C    P0             61W /  400W |       0MiB /  81920MiB |      0%      Default |
2026-03-25 17:14:53,404 - INFO - [36m(head, rank=0, pid=5497)[0m |                                         |                        |             Disabled |
2026-03-25 17:14:53,404 - INFO - [36m(head, rank=0, pid=5497)[0m +-----------------------------------------+------------------------+----------------------+
2026-03-25 17:14:53,404 - INFO - [36m(head, rank=0, pid=5497)[0m |   2  NVIDIA A100-SXM4-80GB          On  |   00000000:20:1C.0 Off |                    0 |
2026-03-25 17:14:53,404 - INFO - [36m(head, rank=0, pid=5497)[0m | N/A   25C    P0             61W /  400W |       0MiB /  81920MiB |      0%      Default |
2026-03-25 17:14:53,404 - INFO - [36m(head, rank=0, pid=5497)[0m |                                         |                        |             Disabled |
2026-03-25 17:14:53,404 - INFO - [36m(head, rank=0, pid=5497)[0m +-----------------------------------------+------------------------+----------------------+
2026-03-25 17:14:53,404 - INFO - [36m(head, rank=0, pid=5497)[0m |   3  NVIDIA A100-SXM4-80GB          On  |   00000000:20:1D.0 Off |                    0 |
2026-03-25 17:14:53,404 - INFO - [36m(head, rank=0, pid=5497)[0m | N/A   23C    P0             60W /  400W |       0MiB /  81920MiB |      0%      Default |
2026-03-25 17:14:53,404 - INFO - [36m(head, rank=0, pid=5497)[0m |                                         |                        |             Disabled |
2026-03-25 17:14:53,404 - INFO - [36m(head, rank=0, pid=5497)[0m +-----------------------------------------+------------------------+----------------------+
2026-03-25 17:14:53,404 - INFO - [36m(head, rank=0, pid=5497)[0m |   4  NVIDIA A100-SXM4-80GB          On  |   00000000:90:1C.0 Off |                    0 |
2026-03-25 17:14:53,404 - INFO - [36m(head, rank=0, pid=5497)[0m | N/A   25C    P0             60W /  400W |       0MiB /  81920MiB |      0%      Default |
2026-03-25 17:14:53,404 - INFO - [36m(head, rank=0, pid=5497)[0m |                                         |                        |             Disabled |
2026-03-25 17:14:53,404 - INFO - [36m(head, rank=0, pid=5497)[0m +-----------------------------------------+------------------------+----------------------+
2026-03-25 17:14:53,405 - INFO - [36m(head, rank=0, pid=5497)[0m |   5  NVIDIA A100-SXM4-80GB          On  |   00000000:90:1D.0 Off |                    0 |
2026-03-25 17:14:53,405 - INFO - [36m(head, rank=0, pid=5497)[0m | N/A   24C    P0             60W /  400W |       0MiB /  81920MiB |      0%      Default |
2026-03-25 17:14:53,405 - INFO - [36m(head, rank=0, pid=5497)[0m |                                         |                        |             Disabled |
2026-03-25 17:14:53,405 - INFO - [36m(head, rank=0, pid=5497)[0m +-----------------------------------------+------------------------+----------------------+
2026-03-25 17:14:53,405 - INFO - [36m(head, rank=0, pid=5497)[0m |   6  NVIDIA A100-SXM4-80GB          On  |   00000000:A0:1C.0 Off |                    0 |
2026-03-25 17:14:53,405 - INFO - [36m(head, rank=0, pid=5497)[0m | N/A   25C    P0             59W /  400W |       0MiB /  81920MiB |      0%      Default |
2026-03-25 17:14:56,124 - INFO - [36m(head, rank=0, pid=5497)[0m |                                         |                        |             Disabled |
2026-03-25 17:14:56,124 - INFO - [36m(head, rank=0, pid=5497)[0m +-----------------------------------------+------------------------+----------------------+
2026-03-25 17:14:56,124 - INFO - [36m(worker1, rank=1, pid=4342, ip=172.31.46.101)[0m |   1  NVIDIA A100-SXM4-80GB          On  |   00000000:10:1D.0 Off |                    0 |
2026-03-25 17:14:56,124 - INFO - [36m(worker1, rank=1, pid=4342, ip=172.31.46.101)[0m | N/A   21C    P0             61W /  400W |       0MiB /  81920MiB |      0%      Default |
2026-03-25 17:14:56,124 - INFO - [36m(worker1, rank=1, pid=4342, ip=172.31.46.101)[0m |                                         |                        |             Disabled |
2026-03-25 17:14:56,124 - INFO - [36m(worker1, rank=1, pid=4342, ip=172.31.46.101)[0m +-----------------------------------------+------------------------+----------------------+
2026-03-25 17:14:56,124 - INFO - [36m(worker1, rank=1, pid=4342, ip=172.31.46.101)[0m |   2  NVIDIA A100-SXM4-80GB          On  |   00000000:20:1C.0 Off |                    0 |
2026-03-25 17:14:56,124 - INFO - [36m(worker1, rank=1, pid=4342, ip=172.31.46.101)[0m | N/A   22C    P0             59W /  400W |       0MiB /  81920MiB |      0%      Default |
2026-03-25 17:14:56,124 - INFO - [36m(worker1, rank=1, pid=4342, ip=172.31.46.101)[0m |                                         |                        |             Disabled |
2026-03-25 17:14:56,124 - INFO - [36m(worker1, rank=1, pid=4342, ip=172.31.46.101)[0m +-----------------------------------------+------------------------+----------------------+
2026-03-25 17:14:56,124 - INFO - [36m(worker1, rank=1, pid=4342, ip=172.31.46.101)[0m |   3  NVIDIA A100-SXM4-80GB          On  |   00000000:20:1D.0 Off |                    0 |
2026-03-25 17:14:56,124 - INFO - [36m(worker1, rank=1, pid=4342, ip=172.31.46.101)[0m | N/A   20C    P0             58W /  400W |       0MiB /  81920MiB |      0%      Default |
2026-03-25 17:14:56,124 - INFO - [36m(worker1, rank=1, pid=4342, ip=172.31.46.101)[0m |                                         |                        |             Disabled |
2026-03-25 17:14:56,124 - INFO - [36m(worker1, rank=1, pid=4342, ip=172.31.46.101)[0m +-----------------------------------------+------------------------+----------------------+
2026-03-25 17:14:56,124 - INFO - [36m(worker1, rank=1, pid=4342, ip=172.31.46.101)[0m |   4  NVIDIA A100-SXM4-80GB          On  |   00000000:90:1C.0 Off |                    0 |
2026-03-25 17:14:56,124 - INFO - [36m(worker1, rank=1, pid=4342, ip=172.31.46.101)[0m | N/A   22C    P0             62W /  400W |       0MiB /  81920MiB |      0%      Default |
2026-03-25 17:14:56,125 - INFO - [36m(worker1, rank=1, pid=4342, ip=172.31.46.101)[0m |                                         |                        |             Disabled |
2026-03-25 17:14:56,125 - INFO - [36m(worker1, rank=1, pid=4342, ip=172.31.46.101)[0m +-----------------------------------------+------------------------+----------------------+
2026-03-25 17:14:56,125 - INFO - [36m(worker1, rank=1, pid=4342, ip=172.31.46.101)[0m |   5  NVIDIA A100-SXM4-80GB          On  |   00000000:90:1D.0 Off |                    0 |
2026-03-25 17:14:56,125 - INFO - [36m(worker1, rank=1, pid=4342, ip=172.31.46.101)[0m | N/A   22C    P0             60W /  400W |       0MiB /  81920MiB |      0%      Default |
2026-03-25 17:14:56,125 - INFO - [36m(worker1, rank=1, pid=4342, ip=172.31.46.101)[0m |                                         |                        |             Disabled |
2026-03-25 17:14:56,125 - INFO - [36m(worker1, rank=1, pid=4342, ip=172.31.46.101)[0m +-----------------------------------------+------------------------+----------------------+
2026-03-25 17:14:56,125 - INFO - [36m(worker1, rank=1, pid=4342, ip=172.31.46.101)[0m |   6  NVIDIA A100-SXM4-80GB          On  |   00000000:A0:1C.0 Off |                    0 |
2026-03-25 17:14:56,125 - INFO - [36m(worker1, rank=1, pid=4342, ip=172.31.46.101)[0m | N/A   22C    P0             60W /  400W |       0MiB /  81920MiB |      0%      Default |
2026-03-25 17:14:56,125 - INFO - [36m(worker1, rank=1, pid=4342, ip=172.31.46.101)[0m |                                         |                        |             Disabled |
2026-03-25 17:14:56,125 - INFO - [36m(worker1, rank=1, pid=4342, ip=172.31.46.101)[0m +-----------------------------------------+------------------------+----------------------+
2026-03-25 17:14:56,125 - INFO - [36m(worker1, rank=1, pid=4342, ip=172.31.46.101)[0m |   7  NVIDIA A100-SXM4-80GB          On  |   00000000:A0:1D.0 Off |                    0 |
2026-03-25 17:14:56,125 - INFO - [36m(worker1, rank=1, pid=4342, ip=172.31.46.101)[0m | N/A   21C    P0             60W /  400W |       0MiB /  81920MiB |      0%      Default |
2026-03-25 17:14:56,125 - INFO - [36m(worker1, rank=1, pid=4342, ip=172.31.46.101)[0m |                                         |                        |             Disabled |
2026-03-25 17:14:56,125 - INFO - [36m(worker1, rank=1, pid=4342, ip=172.31.46.101)[0m +-----------------------------------------+------------------------+----------------------+
2026-03-25 17:14:56,125 - INFO - [36m(worker1, rank=1, pid=4342, ip=172.31.46.101)[0m
2026-03-25 17:14:56,125 - INFO - [36m(worker1, rank=1, pid=4342, ip=172.31.46.101)[0m +-----------------------------------------------------------------------------------------+
2026-03-25 17:14:56,125 - INFO - [36m(worker1, rank=1, pid=4342, ip=172.31.46.101)[0m | Processes:                                                                              |
2026-03-25 17:14:56,125 - INFO - [36m(worker1, rank=1, pid=4342, ip=172.31.46.101)[0m |  GPU   GI   CI              PID   Type   Process name                        GPU Memory |
2026-03-25 17:14:56,125 - INFO - [36m(worker1, rank=1, pid=4342, ip=172.31.46.101)[0m |        ID   ID                                                               Usage      |
2026-03-25 17:14:56,125 - INFO - [36m(worker1, rank=1, pid=4342, ip=172.31.46.101)[0m |=========================================================================================|
2026-03-25 17:14:56,125 - INFO - [36m(worker1, rank=1, pid=4342, ip=172.31.46.101)[0m |  No running processes found                                                             |
2026-03-25 17:14:56,125 - INFO - [36m(worker1, rank=1, pid=4342, ip=172.31.46.101)[0m +-----------------------------------------------------------------------------------------+
2026-03-25 17:14:56,125 - INFO - [36m(head, rank=0, pid=5497)[0m |   7  NVIDIA A100-SXM4-80GB          On  |   00000000:A0:1D.0 Off |                    0 |
2026-03-25 17:14:56,125 - INFO - [36m(head, rank=0, pid=5497)[0m | N/A   23C    P0             58W /  400W |       0MiB /  81920MiB |      0%      Default |
2026-03-25 17:14:56,125 - INFO - [36m(head, rank=0, pid=5497)[0m |                                         |                        |             Disabled |
2026-03-25 17:14:56,125 - INFO - [36m(head, rank=0, pid=5497)[0m +-----------------------------------------+------------------------+----------------------+
2026-03-25 17:14:56,125 - INFO - [36m(head, rank=0, pid=5497)[0m
2026-03-25 17:14:56,125 - INFO - [36m(head, rank=0, pid=5497)[0m +-----------------------------------------------------------------------------------------+
2026-03-25 17:14:56,125 - INFO - [36m(head, rank=0, pid=5497)[0m | Processes:                                                                              |
2026-03-25 17:14:56,125 - INFO - [36m(head, rank=0, pid=5497)[0m |  GPU   GI   CI              PID   Type   Process name                        GPU Memory |
2026-03-25 17:14:56,125 - INFO - [36m(head, rank=0, pid=5497)[0m |        ID   ID                                                               Usage      |
2026-03-25 17:14:56,125 - INFO - [36m(head, rank=0, pid=5497)[0m |=========================================================================================|
2026-03-25 17:14:56,125 - INFO - [36m(head, rank=0, pid=5497)[0m |  No running processes found                                                             |
2026-03-25 17:14:56,125 - INFO - [36m(head, rank=0, pid=5497)[0m +-----------------------------------------------------------------------------------------+
2026-03-25 17:14:56,125 - INFO - [36m(worker1, rank=1, pid=4342, ip=172.31.46.101)[0m + echo '--- A100 SXM4 Diagnostics ---'
2026-03-25 17:14:56,428 - INFO - [36m(worker1, rank=1, pid=4342, ip=172.31.46.101)[0m --- A100 SXM4 Diagnostics ---
2026-03-25 17:14:56,428 - INFO - [36m(worker1, rank=1, pid=4342, ip=172.31.46.101)[0m + echo 'Checking NVIDIA Fabric Manager (required for NVSwitch on A100-SXM4)...'
2026-03-25 17:14:56,428 - INFO - [36m(worker1, rank=1, pid=4342, ip=172.31.46.101)[0m Checking NVIDIA Fabric Manager (required for NVSwitch on A100-SXM4)...
2026-03-25 17:14:56,428 - INFO - [36m(worker1, rank=1, pid=4342, ip=172.31.46.101)[0m + systemctl status nvidia-fabricmanager
2026-03-25 17:14:56,428 - INFO - [36m(head, rank=0, pid=5497)[0m + echo '--- A100 SXM4 Diagnostics ---'
2026-03-25 17:14:56,428 - INFO - [36m(head, rank=0, pid=5497)[0m --- A100 SXM4 Diagnostics ---
2026-03-25 17:14:56,428 - INFO - [36m(head, rank=0, pid=5497)[0m + echo 'Checking NVIDIA Fabric Manager (required for NVSwitch on A100-SXM4)...'
2026-03-25 17:14:56,428 - INFO - [36m(head, rank=0, pid=5497)[0m Checking NVIDIA Fabric Manager (required for NVSwitch on A100-SXM4)...
2026-03-25 17:14:56,428 - INFO - [36m(head, rank=0, pid=5497)[0m + systemctl status nvidia-fabricmanager
2026-03-25 17:14:56,428 - INFO - [36m(head, rank=0, pid=5497)[0m ● nvidia-fabricmanager.service - NVIDIA fabric manager service
2026-03-25 17:14:56,428 - INFO - [36m(head, rank=0, pid=5497)[0m      Loaded: loaded (/lib/systemd/system/nvidia-fabricmanager.service; enabled; vendor preset: enabled)
2026-03-25 17:14:56,428 - INFO - [36m(head, rank=0, pid=5497)[0m      Active: active (running) since Wed 2026-03-25 11:42:31 UTC; 2min 23s ago
2026-03-25 17:14:56,428 - INFO - [36m(head, rank=0, pid=5497)[0m    Main PID: 2790 (nv-fabricmanage)
2026-03-25 17:14:56,428 - INFO - [36m(head, rank=0, pid=5497)[0m       Tasks: 19
2026-03-25 17:14:56,428 - INFO - [36m(head, rank=0, pid=5497)[0m      Memory: 26.7M
2026-03-25 17:14:56,428 - INFO - [36m(head, rank=0, pid=5497)[0m         CPU: 11.368s
2026-03-25 17:14:56,428 - INFO - [36m(head, rank=0, pid=5497)[0m      CGroup: /system.slice/nvidia-fabricmanager.service
2026-03-25 17:14:56,428 - INFO - [36m(head, rank=0, pid=5497)[0m              └─2790 /usr/bin/nv-fabricmanager -c /usr/share/nvidia/nvswitch/fabricmanager.cfg
2026-03-25 17:14:56,428 - INFO - [36m(head, rank=0, pid=5497)[0m
2026-03-25 17:14:56,428 - INFO - [36m(head, rank=0, pid=5497)[0m Mar 25 11:42:17 ip-172-31-44-42 systemd[1]: Starting NVIDIA fabric manager service...
2026-03-25 17:14:56,428 - INFO - [36m(head, rank=0, pid=5497)[0m Mar 25 11:42:17 ip-172-31-44-42 nvidia-fabricmanager-start.sh[2705]: Detected Pre-NVL5 system
2026-03-25 17:14:56,428 - INFO - [36m(head, rank=0, pid=5497)[0m Mar 25 11:42:21 ip-172-31-44-42 nv-fabricmanager[2790]: Connected to 1 node.
2026-03-25 17:14:56,428 - INFO - [36m(head, rank=0, pid=5497)[0m Mar 25 11:42:31 ip-172-31-44-42 nv-fabricmanager[2790]: Successfully configured all the available GPUs and NVSwitches to route NVLink traffic.
2026-03-25 17:14:56,428 - INFO - [36m(head, rank=0, pid=5497)[0m Mar 25 11:42:31 ip-172-31-44-42 nvidia-fabricmanager-start.sh[2705]: Started "Nvidia Fabric Manager"
2026-03-25 17:14:56,428 - INFO - [36m(head, rank=0, pid=5497)[0m Mar 25 11:42:31 ip-172-31-44-42 systemd[1]: Started NVIDIA fabric manager service.
2026-03-25 17:14:56,428 - INFO - [36m(head, rank=0, pid=5497)[0m + echo 'Checking for NVLink topology...'
2026-03-25 17:14:56,428 - INFO - [36m(head, rank=0, pid=5497)[0m Checking for NVLink topology...
2026-03-25 17:14:56,428 - INFO - [36m(head, rank=0, pid=5497)[0m + nvidia-smi topo -m
2026-03-25 17:14:56,428 - INFO - [36m(worker1, rank=1, pid=4342, ip=172.31.46.101)[0m ● nvidia-fabricmanager.service - NVIDIA fabric manager service
2026-03-25 17:14:56,428 - INFO - [36m(worker1, rank=1, pid=4342, ip=172.31.46.101)[0m      Loaded: loaded (/lib/systemd/system/nvidia-fabricmanager.service; enabled; vendor preset: enabled)
2026-03-25 17:14:56,429 - INFO - [36m(worker1, rank=1, pid=4342, ip=172.31.46.101)[0m      Active: active (running) since Wed 2026-03-25 11:42:31 UTC; 2min 23s ago
2026-03-25 17:14:56,429 - INFO - [36m(worker1, rank=1, pid=4342, ip=172.31.46.101)[0m    Main PID: 2785 (nv-fabricmanage)
2026-03-25 17:14:56,429 - INFO - [36m(worker1, rank=1, pid=4342, ip=172.31.46.101)[0m       Tasks: 19
2026-03-25 17:14:56,429 - INFO - [36m(worker1, rank=1, pid=4342, ip=172.31.46.101)[0m      Memory: 26.8M
2026-03-25 17:14:56,429 - INFO - [36m(worker1, rank=1, pid=4342, ip=172.31.46.101)[0m         CPU: 11.392s
2026-03-25 17:14:56,429 - INFO - [36m(worker1, rank=1, pid=4342, ip=172.31.46.101)[0m      CGroup: /system.slice/nvidia-fabricmanager.service
2026-03-25 17:14:56,429 - INFO - [36m(worker1, rank=1, pid=4342, ip=172.31.46.101)[0m              └─2785 /usr/bin/nv-fabricmanager -c /usr/share/nvidia/nvswitch/fabricmanager.cfg
2026-03-25 17:14:56,429 - INFO - [36m(worker1, rank=1, pid=4342, ip=172.31.46.101)[0m
2026-03-25 17:14:56,429 - INFO - [36m(worker1, rank=1, pid=4342, ip=172.31.46.101)[0m Mar 25 11:42:17 ip-172-31-46-101 systemd[1]: Starting NVIDIA fabric manager service...
2026-03-25 17:14:56,429 - INFO - [36m(worker1, rank=1, pid=4342, ip=172.31.46.101)[0m Mar 25 11:42:17 ip-172-31-46-101 nvidia-fabricmanager-start.sh[2705]: Detected Pre-NVL5 system
2026-03-25 17:14:56,932 - INFO - [36m(worker1, rank=1, pid=4342, ip=172.31.46.101)[0m Mar 25 11:42:21 ip-172-31-46-101 nv-fabricmanager[2785]: Connected to 1 node.
2026-03-25 17:14:56,932 - INFO - [36m(worker1, rank=1, pid=4342, ip=172.31.46.101)[0m Mar 25 11:42:31 ip-172-31-46-101 nv-fabricmanager[2785]: Successfully configured all the available GPUs and NVSwitches to route NVLink traffic.
2026-03-25 17:14:56,932 - INFO - [36m(worker1, rank=1, pid=4342, ip=172.31.46.101)[0m Mar 25 11:42:31 ip-172-31-46-101 nvidia-fabricmanager-start.sh[2705]: Started "Nvidia Fabric Manager"
2026-03-25 17:14:56,932 - INFO - [36m(worker1, rank=1, pid=4342, ip=172.31.46.101)[0m Mar 25 11:42:31 ip-172-31-46-101 systemd[1]: Started NVIDIA fabric manager service.
2026-03-25 17:14:56,932 - INFO - [36m(worker1, rank=1, pid=4342, ip=172.31.46.101)[0m + echo 'Checking for NVLink topology...'
2026-03-25 17:14:56,932 - INFO - [36m(worker1, rank=1, pid=4342, ip=172.31.46.101)[0m Checking for NVLink topology...
2026-03-25 17:14:56,932 - INFO - [36m(worker1, rank=1, pid=4342, ip=172.31.46.101)[0m + nvidia-smi topo -m
2026-03-25 17:14:56,932 - INFO - [36m(head, rank=0, pid=5497)[0m 	[4mGPU0	GPU1	GPU2	GPU3	GPU4	GPU5	GPU6	GPU7	CPU Affinity	NUMA Affinity	GPU NUMA ID[0m
2026-03-25 17:14:56,932 - INFO - [36m(head, rank=0, pid=5497)[0m GPU0	 X 	NV12	NV12	NV12	NV12	NV12	NV12	NV12	0-23,48-71	0		N/A
2026-03-25 17:14:56,932 - INFO - [36m(head, rank=0, pid=5497)[0m GPU1	NV12	 X 	NV12	NV12	NV12	NV12	NV12	NV12	0-23,48-71	0		N/A
2026-03-25 17:14:56,932 - INFO - [36m(head, rank=0, pid=5497)[0m GPU2	NV12	NV12	 X 	NV12	NV12	NV12	NV12	NV12	0-23,48-71	0		N/A
2026-03-25 17:14:56,933 - INFO - [36m(head, rank=0, pid=5497)[0m GPU3	NV12	NV12	NV12	 X 	NV12	NV12	NV12	NV12	0-23,48-71	0		N/A
2026-03-25 17:14:56,933 - INFO - [36m(head, rank=0, pid=5497)[0m GPU4	NV12	NV12	NV12	NV12	 X 	NV12	NV12	NV12	24-47,72-95	1		N/A
2026-03-25 17:14:56,933 - INFO - [36m(head, rank=0, pid=5497)[0m GPU5	NV12	NV12	NV12	NV12	NV12	 X 	NV12	NV12	24-47,72-95	1		N/A
2026-03-25 17:14:56,933 - INFO - [36m(head, rank=0, pid=5497)[0m GPU6	NV12	NV12	NV12	NV12	NV12	NV12	 X 	NV12	24-47,72-95	1		N/A
2026-03-25 17:14:56,933 - INFO - [36m(head, rank=0, pid=5497)[0m GPU7	NV12	NV12	NV12	NV12	NV12	NV12	NV12	 X 	24-47,72-95	1		N/A
2026-03-25 17:14:56,933 - INFO - [36m(head, rank=0, pid=5497)[0m
2026-03-25 17:14:56,933 - INFO - [36m(head, rank=0, pid=5497)[0m Legend:
2026-03-25 17:14:56,933 - INFO - [36m(head, rank=0, pid=5497)[0m
2026-03-25 17:14:56,933 - INFO - [36m(head, rank=0, pid=5497)[0m   X    = Self
2026-03-25 17:14:56,933 - INFO - [36m(head, rank=0, pid=5497)[0m   SYS  = Connection traversing PCIe as well as the SMP interconnect between NUMA nodes (e.g., QPI/UPI)
2026-03-25 17:14:56,933 - INFO - [36m(head, rank=0, pid=5497)[0m   NODE = Connection traversing PCIe as well as the interconnect between PCIe Host Bridges within a NUMA node
2026-03-25 17:14:56,933 - INFO - [36m(head, rank=0, pid=5497)[0m   PHB  = Connection traversing PCIe as well as a PCIe Host Bridge (typically the CPU)
2026-03-25 17:14:56,933 - INFO - [36m(head, rank=0, pid=5497)[0m   PXB  = Connection traversing multiple PCIe bridges (without traversing the PCIe Host Bridge)
2026-03-25 17:14:56,933 - INFO - [36m(head, rank=0, pid=5497)[0m   PIX  = Connection traversing at most a single PCIe bridge
2026-03-25 17:14:56,933 - INFO - [36m(head, rank=0, pid=5497)[0m   NV#  = Connection traversing a bonded set of # NVLinks
2026-03-25 17:14:56,933 - INFO - [36m(head, rank=0, pid=5497)[0m + echo '--- NUMA Topology and GPU-NUMA Mapping ---'
2026-03-25 17:14:56,933 - INFO - [36m(head, rank=0, pid=5497)[0m --- NUMA Topology and GPU-NUMA Mapping ---
2026-03-25 17:14:56,933 - INFO - [36m(head, rank=0, pid=5497)[0m + echo 'NUMA hardware layout:'
2026-03-25 17:14:56,933 - INFO - [36m(head, rank=0, pid=5497)[0m NUMA hardware layout:
2026-03-25 17:14:56,933 - INFO - [36m(head, rank=0, pid=5497)[0m + numactl --hardware
2026-03-25 17:14:56,933 - INFO - [36m(head, rank=0, pid=5497)[0m available: 2 nodes (0-1)
2026-03-25 17:14:56,933 - INFO - [36m(head, rank=0, pid=5497)[0m node 0 cpus: 0 1 2 3 4 5 6 7 8 9 10 11 12 13 14 15 16 17 18 19 20 21 22 23 48 49 50 51 52 53 54 55 56 57 58 59 60 61 62 63 64 65 66 67 68 69 70 71
2026-03-25 17:14:56,933 - INFO - [36m(head, rank=0, pid=5497)[0m node 0 size: 574309 MB
2026-03-25 17:14:56,933 - INFO - [36m(head, rank=0, pid=5497)[0m node 0 free: 550842 MB
2026-03-25 17:14:56,933 - INFO - [36m(head, rank=0, pid=5497)[0m node 1 cpus: 24 25 26 27 28 29 30 31 32 33 34 35 36 37 38 39 40 41 42 43 44 45 46 47 72 73 74 75 76 77 78 79 80 81 82 83 84 85 86 87 88 89 90 91 92 93 94 95
2026-03-25 17:14:56,933 - INFO - [36m(head, rank=0, pid=5497)[0m node 1 size: 574411 MB
2026-03-25 17:14:56,933 - INFO - [36m(head, rank=0, pid=5497)[0m node 1 free: 545340 MB
2026-03-25 17:14:56,933 - INFO - [36m(head, rank=0, pid=5497)[0m node distances:
2026-03-25 17:14:56,933 - INFO - [36m(head, rank=0, pid=5497)[0m node   0   1
2026-03-25 17:14:56,933 - INFO - [36m(head, rank=0, pid=5497)[0m   0:  10  21
2026-03-25 17:14:56,933 - INFO - [36m(head, rank=0, pid=5497)[0m   1:  21  10
2026-03-25 17:14:56,933 - INFO - [36m(head, rank=0, pid=5497)[0m + echo ''
2026-03-25 17:14:56,933 - INFO - [36m(head, rank=0, pid=5497)[0m
2026-03-25 17:14:56,933 - INFO - [36m(head, rank=0, pid=5497)[0m + echo 'GPU PCIe Bus IDs and NUMA node assignments:'
2026-03-25 17:14:56,933 - INFO - [36m(head, rank=0, pid=5497)[0m GPU PCIe Bus IDs and NUMA node assignments:
2026-03-25 17:14:56,933 - INFO - [36m(head, rank=0, pid=5497)[0m ++ nvidia-smi --query-gpu=count --format=csv,noheader
2026-03-25 17:14:56,933 - INFO - [36m(head, rank=0, pid=5497)[0m ++ head -1
2026-03-25 17:14:56,933 - INFO - [36m(worker1, rank=1, pid=4342, ip=172.31.46.101)[0m 	[4mGPU0	GPU1	GPU2	GPU3	GPU4	GPU5	GPU6	GPU7	CPU Affinity	NUMA Affinity	GPU NUMA ID[0m
2026-03-25 17:14:56,933 - INFO - [36m(worker1, rank=1, pid=4342, ip=172.31.46.101)[0m GPU0	 X 	NV12	NV12	NV12	NV12	NV12	NV12	NV12	0-23,48-71	0		N/A
2026-03-25 17:14:56,933 - INFO - [36m(worker1, rank=1, pid=4342, ip=172.31.46.101)[0m GPU1	NV12	 X 	NV12	NV12	NV12	NV12	NV12	NV12	0-23,48-71	0		N/A
2026-03-25 17:14:56,933 - INFO - [36m(worker1, rank=1, pid=4342, ip=172.31.46.101)[0m GPU2	NV12	NV12	 X 	NV12	NV12	NV12	NV12	NV12	0-23,48-71	0		N/A
2026-03-25 17:14:56,933 - INFO - [36m(worker1, rank=1, pid=4342, ip=172.31.46.101)[0m GPU3	NV12	NV12	NV12	 X 	NV12	NV12	NV12	NV12	0-23,48-71	0		N/A
2026-03-25 17:14:56,933 - INFO - [36m(worker1, rank=1, pid=4342, ip=172.31.46.101)[0m GPU4	NV12	NV12	NV12	NV12	 X 	NV12	NV12	NV12	24-47,72-95	1		N/A
2026-03-25 17:14:56,933 - INFO - [36m(worker1, rank=1, pid=4342, ip=172.31.46.101)[0m GPU5	NV12	NV12	NV12	NV12	NV12	 X 	NV12	NV12	24-47,72-95	1		N/A
2026-03-25 17:14:56,933 - INFO - [36m(worker1, rank=1, pid=4342, ip=172.31.46.101)[0m GPU6	NV12	NV12	NV12	NV12	NV12	NV12	 X 	NV12	24-47,72-95	1		N/A
2026-03-25 17:14:56,933 - INFO - [36m(worker1, rank=1, pid=4342, ip=172.31.46.101)[0m GPU7	NV12	NV12	NV12	NV12	NV12	NV12	NV12	 X 	24-47,72-95	1		N/A
2026-03-25 17:14:56,933 - INFO - [36m(worker1, rank=1, pid=4342, ip=172.31.46.101)[0m
2026-03-25 17:14:56,933 - INFO - [36m(worker1, rank=1, pid=4342, ip=172.31.46.101)[0m Legend:
2026-03-25 17:14:56,933 - INFO - [36m(worker1, rank=1, pid=4342, ip=172.31.46.101)[0m
2026-03-25 17:14:56,933 - INFO - [36m(worker1, rank=1, pid=4342, ip=172.31.46.101)[0m   X    = Self
2026-03-25 17:14:56,934 - INFO - [36m(worker1, rank=1, pid=4342, ip=172.31.46.101)[0m   SYS  = Connection traversing PCIe as well as the SMP interconnect between NUMA nodes (e.g., QPI/UPI)
2026-03-25 17:14:56,934 - INFO - [36m(worker1, rank=1, pid=4342, ip=172.31.46.101)[0m   NODE = Connection traversing PCIe as well as the interconnect between PCIe Host Bridges within a NUMA node
2026-03-25 17:14:56,934 - INFO - [36m(worker1, rank=1, pid=4342, ip=172.31.46.101)[0m   PHB  = Connection traversing PCIe as well as a PCIe Host Bridge (typically the CPU)
2026-03-25 17:14:56,934 - INFO - [36m(worker1, rank=1, pid=4342, ip=172.31.46.101)[0m   PXB  = Connection traversing multiple PCIe bridges (without traversing the PCIe Host Bridge)
2026-03-25 17:14:56,934 - INFO - [36m(worker1, rank=1, pid=4342, ip=172.31.46.101)[0m   PIX  = Connection traversing at most a single PCIe bridge
2026-03-25 17:14:56,934 - INFO - [36m(worker1, rank=1, pid=4342, ip=172.31.46.101)[0m   NV#  = Connection traversing a bonded set of # NVLinks
2026-03-25 17:14:56,934 - INFO - [36m(worker1, rank=1, pid=4342, ip=172.31.46.101)[0m + echo '--- NUMA Topology and GPU-NUMA Mapping ---'
2026-03-25 17:14:56,934 - INFO - [36m(worker1, rank=1, pid=4342, ip=172.31.46.101)[0m --- NUMA Topology and GPU-NUMA Mapping ---
2026-03-25 17:14:58,547 - INFO - [36m(worker1, rank=1, pid=4342, ip=172.31.46.101)[0m + echo 'NUMA hardware layout:'
2026-03-25 17:14:58,547 - INFO - [36m(worker1, rank=1, pid=4342, ip=172.31.46.101)[0m NUMA hardware layout:
2026-03-25 17:14:58,547 - INFO - [36m(worker1, rank=1, pid=4342, ip=172.31.46.101)[0m + numactl --hardware
2026-03-25 17:14:58,547 - INFO - [36m(worker1, rank=1, pid=4342, ip=172.31.46.101)[0m available: 2 nodes (0-1)
2026-03-25 17:14:58,547 - INFO - [36m(worker1, rank=1, pid=4342, ip=172.31.46.101)[0m node 0 cpus: 0 1 2 3 4 5 6 7 8 9 10 11 12 13 14 15 16 17 18 19 20 21 22 23 48 49 50 51 52 53 54 55 56 57 58 59 60 61 62 63 64 65 66 67 68 69 70 71
2026-03-25 17:14:58,547 - INFO - [36m(worker1, rank=1, pid=4342, ip=172.31.46.101)[0m node 0 size: 574352 MB
2026-03-25 17:14:58,547 - INFO - [36m(worker1, rank=1, pid=4342, ip=172.31.46.101)[0m node 0 free: 556895 MB
2026-03-25 17:14:58,547 - INFO - [36m(worker1, rank=1, pid=4342, ip=172.31.46.101)[0m node 1 cpus: 24 25 26 27 28 29 30 31 32 33 34 35 36 37 38 39 40 41 42 43 44 45 46 47 72 73 74 75 76 77 78 79 80 81 82 83 84 85 86 87 88 89 90 91 92 93 94 95
2026-03-25 17:14:58,547 - INFO - [36m(worker1, rank=1, pid=4342, ip=172.31.46.101)[0m node 1 size: 574368 MB
2026-03-25 17:14:58,547 - INFO - [36m(worker1, rank=1, pid=4342, ip=172.31.46.101)[0m node 1 free: 544942 MB
2026-03-25 17:14:58,547 - INFO - [36m(worker1, rank=1, pid=4342, ip=172.31.46.101)[0m node distances:
2026-03-25 17:14:58,547 - INFO - [36m(worker1, rank=1, pid=4342, ip=172.31.46.101)[0m node   0   1
2026-03-25 17:14:58,547 - INFO - [36m(worker1, rank=1, pid=4342, ip=172.31.46.101)[0m   0:  10  21
2026-03-25 17:14:58,547 - INFO - [36m(worker1, rank=1, pid=4342, ip=172.31.46.101)[0m   1:  21  10
2026-03-25 17:14:58,547 - INFO - [36m(worker1, rank=1, pid=4342, ip=172.31.46.101)[0m + echo ''
2026-03-25 17:14:58,547 - INFO - [36m(worker1, rank=1, pid=4342, ip=172.31.46.101)[0m
2026-03-25 17:14:58,547 - INFO - [36m(worker1, rank=1, pid=4342, ip=172.31.46.101)[0m + echo 'GPU PCIe Bus IDs and NUMA node assignments:'
2026-03-25 17:14:58,547 - INFO - [36m(worker1, rank=1, pid=4342, ip=172.31.46.101)[0m GPU PCIe Bus IDs and NUMA node assignments:
2026-03-25 17:14:58,547 - INFO - [36m(worker1, rank=1, pid=4342, ip=172.31.46.101)[0m ++ nvidia-smi --query-gpu=count --format=csv,noheader
2026-03-25 17:14:58,547 - INFO - [36m(worker1, rank=1, pid=4342, ip=172.31.46.101)[0m ++ head -1
2026-03-25 17:14:58,548 - INFO - [36m(head, rank=0, pid=5497)[0m ++ echo 0
2026-03-25 17:14:58,548 - INFO - [36m(head, rank=0, pid=5497)[0m + gpu_count='8
2026-03-25 17:14:58,548 - INFO - [36m(head, rank=0, pid=5497)[0m 0'
2026-03-25 17:14:58,548 - INFO - [36m(head, rank=0, pid=5497)[0m + '[' '8
2026-03-25 17:14:58,548 - INFO - [36m(head, rank=0, pid=5497)[0m 0' -gt 0 ']'
2026-03-25 17:14:58,548 - INFO - [36m(head, rank=0, pid=5497)[0m + echo 'Could not detect GPU count'
2026-03-25 17:14:58,548 - INFO - [36m(head, rank=0, pid=5497)[0m Could not detect GPU count
2026-03-25 17:14:58,548 - INFO - [36m(head, rank=0, pid=5497)[0m + echo -------------------------------------------
2026-03-25 17:14:58,548 - INFO - [36m(head, rank=0, pid=5497)[0m -------------------------------------------
2026-03-25 17:14:58,548 - INFO - [36m(head, rank=0, pid=5497)[0m + echo 'Checking for GPU processes and errors...'
2026-03-25 17:14:58,548 - INFO - [36m(head, rank=0, pid=5497)[0m Checking for GPU processes and errors...
2026-03-25 17:14:58,548 - INFO - [36m(head, rank=0, pid=5497)[0m + awk 'NR<=50'
2026-03-25 17:14:58,548 - INFO - [36m(head, rank=0, pid=5497)[0m + nvidia-smi -q -d ERRORS
2026-03-25 17:14:58,548 - INFO - [36m(head, rank=0, pid=5497)[0m Failed to parse --display/-d flags
2026-03-25 17:14:58,548 - INFO - [36m(head, rank=0, pid=5497)[0m + echo 'Error check failed'
2026-03-25 17:14:58,548 - INFO - [36m(head, rank=0, pid=5497)[0m Error check failed
2026-03-25 17:14:58,548 - INFO - [36m(head, rank=0, pid=5497)[0m + echo '--- CUDA Device Query ---'
2026-03-25 17:14:58,548 - INFO - [36m(head, rank=0, pid=5497)[0m --- CUDA Device Query ---
2026-03-25 17:14:58,548 - INFO - [36m(head, rank=0, pid=5497)[0m + python3 -c 'import ctypes; cudart = ctypes.CDLL('\''libcudart.so.12'\''); count = ctypes.c_int(); result = cudart.cudaGetDeviceCount(ctypes.byref(count)); print(f'\''cudaGetDeviceCount result: {result} (0=success), device count: {count.value}'\'')'
2026-03-25 17:14:58,548 - INFO - [36m(worker1, rank=1, pid=4342, ip=172.31.46.101)[0m ++ echo 0
2026-03-25 17:14:58,548 - INFO - [36m(worker1, rank=1, pid=4342, ip=172.31.46.101)[0m + gpu_count='8
2026-03-25 17:14:58,548 - INFO - [36m(worker1, rank=1, pid=4342, ip=172.31.46.101)[0m 0'
2026-03-25 17:14:58,548 - INFO - [36m(worker1, rank=1, pid=4342, ip=172.31.46.101)[0m + '[' '8
2026-03-25 17:14:58,548 - INFO - [36m(worker1, rank=1, pid=4342, ip=172.31.46.101)[0m 0' -gt 0 ']'
2026-03-25 17:14:58,548 - INFO - [36m(worker1, rank=1, pid=4342, ip=172.31.46.101)[0m + echo 'Could not detect GPU count'
2026-03-25 17:14:58,548 - INFO - [36m(worker1, rank=1, pid=4342, ip=172.31.46.101)[0m Could not detect GPU count
2026-03-25 17:14:58,548 - INFO - [36m(worker1, rank=1, pid=4342, ip=172.31.46.101)[0m + echo -------------------------------------------
2026-03-25 17:14:58,548 - INFO - [36m(worker1, rank=1, pid=4342, ip=172.31.46.101)[0m -------------------------------------------
2026-03-25 17:14:58,548 - INFO - [36m(worker1, rank=1, pid=4342, ip=172.31.46.101)[0m + echo 'Checking for GPU processes and errors...'
2026-03-25 17:14:58,548 - INFO - [36m(worker1, rank=1, pid=4342, ip=172.31.46.101)[0m Checking for GPU processes and errors...
2026-03-25 17:14:58,548 - INFO - [36m(worker1, rank=1, pid=4342, ip=172.31.46.101)[0m + awk 'NR<=50'
2026-03-25 17:14:58,548 - INFO - [36m(worker1, rank=1, pid=4342, ip=172.31.46.101)[0m + nvidia-smi -q -d ERRORS
2026-03-25 17:14:58,548 - INFO - [36m(worker1, rank=1, pid=4342, ip=172.31.46.101)[0m Failed to parse --display/-d flags
2026-03-25 17:14:58,548 - INFO - [36m(worker1, rank=1, pid=4342, ip=172.31.46.101)[0m + echo 'Error check failed'
2026-03-25 17:14:58,548 - INFO - [36m(worker1, rank=1, pid=4342, ip=172.31.46.101)[0m Error check failed
2026-03-25 17:14:58,548 - INFO - [36m(worker1, rank=1, pid=4342, ip=172.31.46.101)[0m + echo '--- CUDA Device Query ---'
2026-03-25 17:14:58,548 - INFO - [36m(worker1, rank=1, pid=4342, ip=172.31.46.101)[0m --- CUDA Device Query ---
2026-03-25 17:14:58,548 - INFO - [36m(worker1, rank=1, pid=4342, ip=172.31.46.101)[0m + python3 -c 'import ctypes; cudart = ctypes.CDLL('\''libcudart.so.12'\''); count = ctypes.c_int(); result = cudart.cudaGetDeviceCount(ctypes.byref(count)); print(f'\''cudaGetDeviceCount result: {result} (0=success), device count: {count.value}'\'')'
2026-03-25 17:14:58,548 - INFO - [36m(worker1, rank=1, pid=4342, ip=172.31.46.101)[0m cudaGetDeviceCount result: 0 (0=success), device count: 8
2026-03-25 17:14:59,760 - INFO - [36m(head, rank=0, pid=5497)[0m cudaGetDeviceCount result: 0 (0=success), device count: 8
2026-03-25 17:14:59,761 - INFO - [36m(worker1, rank=1, pid=4342, ip=172.31.46.101)[0m + echo ===========================
2026-03-25 17:15:00,669 - INFO - [36m(worker1, rank=1, pid=4342, ip=172.31.46.101)[0m ===========================
2026-03-25 17:15:00,670 - INFO - [36m(worker1, rank=1, pid=4342, ip=172.31.46.101)[0m + source .venv/bin/activate
2026-03-25 17:15:00,670 - INFO - [36m(worker1, rank=1, pid=4342, ip=172.31.46.101)[0m ++ '[' -z '' ']'
2026-03-25 17:15:00,670 - INFO - [36m(worker1, rank=1, pid=4342, ip=172.31.46.101)[0m ++ '[' -n x ']'
2026-03-25 17:15:00,670 - INFO - [36m(worker1, rank=1, pid=4342, ip=172.31.46.101)[0m ++ SCRIPT_PATH=.venv/bin/activate
2026-03-25 17:15:00,670 - INFO - [36m(worker1, rank=1, pid=4342, ip=172.31.46.101)[0m ++ '[' .venv/bin/activate = /tmp/sky_app_qtsb__ko ']'
2026-03-25 17:15:00,670 - INFO - [36m(worker1, rank=1, pid=4342, ip=172.31.46.101)[0m ++ deactivate nondestructive
2026-03-25 17:15:00,670 - INFO - [36m(worker1, rank=1, pid=4342, ip=172.31.46.101)[0m ++ unset -f pydoc
2026-03-25 17:15:00,670 - INFO - [36m(worker1, rank=1, pid=4342, ip=172.31.46.101)[0m ++ '[' -z '' ']'
2026-03-25 17:15:00,670 - INFO - [36m(worker1, rank=1, pid=4342, ip=172.31.46.101)[0m ++ '[' -z '' ']'
2026-03-25 17:15:00,670 - INFO - [36m(worker1, rank=1, pid=4342, ip=172.31.46.101)[0m ++ hash -r
2026-03-25 17:15:00,670 - INFO - [36m(worker1, rank=1, pid=4342, ip=172.31.46.101)[0m ++ '[' -z '' ']'
2026-03-25 17:15:00,670 - INFO - [36m(worker1, rank=1, pid=4342, ip=172.31.46.101)[0m ++ unset VIRTUAL_ENV
2026-03-25 17:15:00,670 - INFO - [36m(worker1, rank=1, pid=4342, ip=172.31.46.101)[0m ++ unset VIRTUAL_ENV_PROMPT
2026-03-25 17:15:00,670 - INFO - [36m(worker1, rank=1, pid=4342, ip=172.31.46.101)[0m ++ '[' '!' nondestructive = nondestructive ']'
2026-03-25 17:15:00,670 - INFO - [36m(worker1, rank=1, pid=4342, ip=172.31.46.101)[0m ++ VIRTUAL_ENV=/home/ubuntu/sky_workdir/.venv
2026-03-25 17:15:00,670 - INFO - [36m(worker1, rank=1, pid=4342, ip=172.31.46.101)[0m ++ '[' linux-gnu = cygwin ']'
2026-03-25 17:15:00,670 - INFO - [36m(worker1, rank=1, pid=4342, ip=172.31.46.101)[0m ++ '[' linux-gnu = msys ']'
2026-03-25 17:15:00,670 - INFO - [36m(worker1, rank=1, pid=4342, ip=172.31.46.101)[0m ++ export VIRTUAL_ENV
2026-03-25 17:15:00,670 - INFO - [36m(worker1, rank=1, pid=4342, ip=172.31.46.101)[0m ++ '[' -z '' ']'
2026-03-25 17:15:00,670 - INFO - [36m(worker1, rank=1, pid=4342, ip=172.31.46.101)[0m ++ unset SCRIPT_PATH
2026-03-25 17:15:00,670 - INFO - [36m(worker1, rank=1, pid=4342, ip=172.31.46.101)[0m ++ _OLD_VIRTUAL_PATH=/home/ubuntu/.local/bin:/home/ubuntu/.local/bin:/home/ubuntu/miniconda3/bin:/home/ubuntu/miniconda3/condabin:/opt/amazon/openmpi/bin:/opt/amazon/efa/bin:/usr/local/cuda-12.8/bin:/usr/local/cuda-12.8/include:/usr/local/cuda-12.8/bin:/usr/local/cuda-12.8/include:/usr/local/sbin:/usr/local/bin:/usr/sbin:/usr/bin:/sbin:/bin:/usr/games:/usr/local/games:/snap/bin
2026-03-25 17:15:00,670 - INFO - [36m(worker1, rank=1, pid=4342, ip=172.31.46.101)[0m ++ PATH=/home/ubuntu/sky_workdir/.venv/bin:/home/ubuntu/.local/bin:/home/ubuntu/.local/bin:/home/ubuntu/miniconda3/bin:/home/ubuntu/miniconda3/condabin:/opt/amazon/openmpi/bin:/opt/amazon/efa/bin:/usr/local/cuda-12.8/bin:/usr/local/cuda-12.8/include:/usr/local/cuda-12.8/bin:/usr/local/cuda-12.8/include:/usr/local/sbin:/usr/local/bin:/usr/sbin:/usr/bin:/sbin:/bin:/usr/games:/usr/local/games:/snap/bin
2026-03-25 17:15:00,670 - INFO - [36m(worker1, rank=1, pid=4342, ip=172.31.46.101)[0m ++ export PATH
2026-03-25 17:15:00,670 - INFO - [36m(worker1, rank=1, pid=4342, ip=172.31.46.101)[0m ++ '[' xsky_workdir '!=' x ']'
2026-03-25 17:15:00,670 - INFO - [36m(worker1, rank=1, pid=4342, ip=172.31.46.101)[0m ++ VIRTUAL_ENV_PROMPT=sky_workdir
2026-03-25 17:15:00,670 - INFO - [36m(worker1, rank=1, pid=4342, ip=172.31.46.101)[0m ++ export VIRTUAL_ENV_PROMPT
2026-03-25 17:15:00,670 - INFO - [36m(worker1, rank=1, pid=4342, ip=172.31.46.101)[0m ++ '[' -z '' ']'
2026-03-25 17:15:00,670 - INFO - [36m(worker1, rank=1, pid=4342, ip=172.31.46.101)[0m ++ '[' -z '' ']'
2026-03-25 17:15:00,670 - INFO - [36m(worker1, rank=1, pid=4342, ip=172.31.46.101)[0m ++ _OLD_VIRTUAL_PS1='(base) ${debian_chroot:+($debian_chroot)}\u@\h:\w\$ '
2026-03-25 17:15:00,670 - INFO - [36m(worker1, rank=1, pid=4342, ip=172.31.46.101)[0m ++ PS1='(sky_workdir) (base) ${debian_chroot:+($debian_chroot)}\u@\h:\w\$ '
2026-03-25 17:15:00,670 - INFO - [36m(worker1, rank=1, pid=4342, ip=172.31.46.101)[0m ++ export PS1
2026-03-25 17:15:00,670 - INFO - [36m(worker1, rank=1, pid=4342, ip=172.31.46.101)[0m ++ alias pydoc
2026-03-25 17:15:00,670 - INFO - [36m(worker1, rank=1, pid=4342, ip=172.31.46.101)[0m ++ true
2026-03-25 17:15:00,670 - INFO - [36m(worker1, rank=1, pid=4342, ip=172.31.46.101)[0m ++ hash -r
2026-03-25 17:15:00,670 - INFO - [36m(worker1, rank=1, pid=4342, ip=172.31.46.101)[0m + echo '=== DETAILED PyTorch CUDA Diagnostics (in run phase) ==='
2026-03-25 17:15:00,670 - INFO - [36m(worker1, rank=1, pid=4342, ip=172.31.46.101)[0m === DETAILED PyTorch CUDA Diagnostics (in run phase) ===
2026-03-25 17:15:00,670 - INFO - [36m(worker1, rank=1, pid=4342, ip=172.31.46.101)[0m + echo '--- Environment ---'
2026-03-25 17:15:00,670 - INFO - [36m(worker1, rank=1, pid=4342, ip=172.31.46.101)[0m --- Environment ---
2026-03-25 17:15:00,671 - INFO - [36m(worker1, rank=1, pid=4342, ip=172.31.46.101)[0m + echo 'LD_LIBRARY_PATH: /usr/local/cuda/lib64:/usr/local/cuda/targets/x86_64-linux/lib:/usr/local/cuda-12.8/lib:/usr/local/cuda-12.8/lib64:/usr/local/cuda-12.8:/usr/local/cuda-12.8/targets/x86_64-linux/lib/:/usr/local/cuda-12.8/extras/CUPTI/lib64:/opt/amazon/efa/lib:/opt/amazon/openmpi/lib:/opt/amazon/ofi-nccl/lib/x86_64-linux-gnu:/usr/local/lib:/usr/lib:/usr/local/cuda-12.8/lib:/usr/local/cuda-12.8/lib64:/usr/local/cuda-12.8:/usr/local/cuda-12.8/targets/x86_64-linux/lib/:/usr/local/cuda-12.8/extras/CUPTI/lib64:/opt/amazon/efa/lib:/opt/amazon/openmpi/lib:/opt/amazon/ofi-nccl/lib/x86_64-linux-gnu:/usr/local/lib:/usr/lib'
2026-03-25 17:15:01,177 - INFO - [36m(worker1, rank=1, pid=4342, ip=172.31.46.101)[0m LD_LIBRARY_PATH: /usr/local/cuda/lib64:/usr/local/cuda/targets/x86_64-linux/lib:/usr/local/cuda-12.8/lib:/usr/local/cuda-12.8/lib64:/usr/local/cuda-12.8:/usr/local/cuda-12.8/targets/x86_64-linux/lib/:/usr/local/cuda-12.8/extras/CUPTI/lib64:/opt/amazon/efa/lib:/opt/amazon/openmpi/lib:/opt/amazon/ofi-nccl/lib/x86_64-linux-gnu:/usr/local/lib:/usr/lib:/usr/local/cuda-12.8/lib:/usr/local/cuda-12.8/lib64:/usr/local/cuda-12.8:/usr/local/cuda-12.8/targets/x86_64-linux/lib/:/usr/local/cuda-12.8/extras/CUPTI/lib64:/opt/amazon/efa/lib:/opt/amazon/openmpi/lib:/opt/amazon/ofi-nccl/lib/x86_64-linux-gnu:/usr/local/lib:/usr/lib
2026-03-25 17:15:01,178 - INFO - [36m(worker1, rank=1, pid=4342, ip=172.31.46.101)[0m + echo 'CUDA_HOME: /usr/local/cuda'
2026-03-25 17:15:01,178 - INFO - [36m(worker1, rank=1, pid=4342, ip=172.31.46.101)[0m CUDA_HOME: /usr/local/cuda
2026-03-25 17:15:01,178 - INFO - [36m(worker1, rank=1, pid=4342, ip=172.31.46.101)[0m + which python3
2026-03-25 17:15:01,178 - INFO - [36m(worker1, rank=1, pid=4342, ip=172.31.46.101)[0m /home/ubuntu/sky_workdir/.venv/bin/python3
2026-03-25 17:15:01,178 - INFO - [36m(worker1, rank=1, pid=4342, ip=172.31.46.101)[0m + echo '--- Torch info ---'
2026-03-25 17:15:01,178 - INFO - [36m(worker1, rank=1, pid=4342, ip=172.31.46.101)[0m --- Torch info ---
2026-03-25 17:15:01,178 - INFO - [36m(worker1, rank=1, pid=4342, ip=172.31.46.101)[0m + python3 -c 'import torch; print('\''torch.__version__:'\'', torch.__version__); print('\''torch.__file__:'\'', torch.__file__); print('\''torch.version.cuda:'\'', torch.version.cuda); print('\''torch.backends.cuda.is_built():'\'', torch.backends.cuda.is_built())'
2026-03-25 17:15:01,178 - INFO - [36m(head, rank=0, pid=5497)[0m + echo ===========================
2026-03-25 17:15:01,178 - INFO - [36m(head, rank=0, pid=5497)[0m ===========================
2026-03-25 17:15:01,178 - INFO - [36m(head, rank=0, pid=5497)[0m + source .venv/bin/activate
2026-03-25 17:15:01,178 - INFO - [36m(head, rank=0, pid=5497)[0m ++ '[' -z '' ']'
2026-03-25 17:15:01,178 - INFO - [36m(head, rank=0, pid=5497)[0m ++ '[' -n x ']'
2026-03-25 17:15:01,178 - INFO - [36m(head, rank=0, pid=5497)[0m ++ SCRIPT_PATH=.venv/bin/activate
2026-03-25 17:15:01,178 - INFO - [36m(head, rank=0, pid=5497)[0m ++ '[' .venv/bin/activate = /tmp/sky_app_d56p_5t_ ']'
2026-03-25 17:15:01,178 - INFO - [36m(head, rank=0, pid=5497)[0m ++ deactivate nondestructive
2026-03-25 17:15:01,178 - INFO - [36m(head, rank=0, pid=5497)[0m ++ unset -f pydoc
2026-03-25 17:15:01,178 - INFO - [36m(head, rank=0, pid=5497)[0m ++ '[' -z '' ']'
2026-03-25 17:15:01,178 - INFO - [36m(head, rank=0, pid=5497)[0m ++ '[' -z '' ']'
2026-03-25 17:15:01,178 - INFO - [36m(head, rank=0, pid=5497)[0m ++ hash -r
2026-03-25 17:15:01,178 - INFO - [36m(head, rank=0, pid=5497)[0m ++ '[' -z '' ']'
2026-03-25 17:15:01,178 - INFO - [36m(head, rank=0, pid=5497)[0m ++ unset VIRTUAL_ENV
2026-03-25 17:15:01,178 - INFO - [36m(head, rank=0, pid=5497)[0m ++ unset VIRTUAL_ENV_PROMPT
2026-03-25 17:15:01,178 - INFO - [36m(head, rank=0, pid=5497)[0m ++ '[' '!' nondestructive = nondestructive ']'
2026-03-25 17:15:01,178 - INFO - [36m(head, rank=0, pid=5497)[0m ++ VIRTUAL_ENV=/home/ubuntu/sky_workdir/.venv
2026-03-25 17:15:01,178 - INFO - [36m(head, rank=0, pid=5497)[0m ++ '[' linux-gnu = cygwin ']'
2026-03-25 17:15:01,178 - INFO - [36m(head, rank=0, pid=5497)[0m ++ '[' linux-gnu = msys ']'
2026-03-25 17:15:01,178 - INFO - [36m(head, rank=0, pid=5497)[0m ++ export VIRTUAL_ENV
2026-03-25 17:15:01,178 - INFO - [36m(head, rank=0, pid=5497)[0m ++ '[' -z '' ']'
2026-03-25 17:15:01,178 - INFO - [36m(head, rank=0, pid=5497)[0m ++ unset SCRIPT_PATH
2026-03-25 17:15:01,178 - INFO - [36m(head, rank=0, pid=5497)[0m ++ _OLD_VIRTUAL_PATH=/home/ubuntu/.local/bin:/home/ubuntu/.local/bin:/home/ubuntu/miniconda3/bin:/home/ubuntu/miniconda3/condabin:/opt/amazon/openmpi/bin:/opt/amazon/efa/bin:/usr/local/cuda-12.8/bin:/usr/local/cuda-12.8/include:/usr/local/cuda-12.8/bin:/usr/local/cuda-12.8/include:/usr/local/sbin:/usr/local/bin:/usr/sbin:/usr/bin:/sbin:/bin:/usr/games:/usr/local/games:/snap/bin
2026-03-25 17:15:01,178 - INFO - [36m(head, rank=0, pid=5497)[0m ++ PATH=/home/ubuntu/sky_workdir/.venv/bin:/home/ubuntu/.local/bin:/home/ubuntu/.local/bin:/home/ubuntu/miniconda3/bin:/home/ubuntu/miniconda3/condabin:/opt/amazon/openmpi/bin:/opt/amazon/efa/bin:/usr/local/cuda-12.8/bin:/usr/local/cuda-12.8/include:/usr/local/cuda-12.8/bin:/usr/local/cuda-12.8/include:/usr/local/sbin:/usr/local/bin:/usr/sbin:/usr/bin:/sbin:/bin:/usr/games:/usr/local/games:/snap/bin
2026-03-25 17:15:01,178 - INFO - [36m(head, rank=0, pid=5497)[0m ++ export PATH
2026-03-25 17:15:01,178 - INFO - [36m(head, rank=0, pid=5497)[0m ++ '[' xsky_workdir '!=' x ']'
2026-03-25 17:15:01,178 - INFO - [36m(head, rank=0, pid=5497)[0m ++ VIRTUAL_ENV_PROMPT=sky_workdir
2026-03-25 17:15:01,178 - INFO - [36m(head, rank=0, pid=5497)[0m ++ export VIRTUAL_ENV_PROMPT
2026-03-25 17:15:01,178 - INFO - [36m(head, rank=0, pid=5497)[0m ++ '[' -z '' ']'
2026-03-25 17:15:01,179 - INFO - [36m(head, rank=0, pid=5497)[0m ++ '[' -z '' ']'
2026-03-25 17:15:01,179 - INFO - [36m(head, rank=0, pid=5497)[0m ++ _OLD_VIRTUAL_PS1='(base) ${debian_chroot:+($debian_chroot)}\u@\h:\w\$ '
2026-03-25 17:15:01,179 - INFO - [36m(head, rank=0, pid=5497)[0m ++ PS1='(sky_workdir) (base) ${debian_chroot:+($debian_chroot)}\u@\h:\w\$ '
2026-03-25 17:15:01,179 - INFO - [36m(head, rank=0, pid=5497)[0m ++ export PS1
2026-03-25 17:15:01,179 - INFO - [36m(head, rank=0, pid=5497)[0m ++ alias pydoc
2026-03-25 17:15:01,179 - INFO - [36m(head, rank=0, pid=5497)[0m ++ true
2026-03-25 17:15:01,179 - INFO - [36m(head, rank=0, pid=5497)[0m ++ hash -r
2026-03-25 17:15:01,179 - INFO - [36m(head, rank=0, pid=5497)[0m + echo '=== DETAILED PyTorch CUDA Diagnostics (in run phase) ==='
2026-03-25 17:15:01,179 - INFO - [36m(head, rank=0, pid=5497)[0m === DETAILED PyTorch CUDA Diagnostics (in run phase) ===
2026-03-25 17:15:01,179 - INFO - [36m(head, rank=0, pid=5497)[0m + echo '--- Environment ---'
2026-03-25 17:15:01,179 - INFO - [36m(head, rank=0, pid=5497)[0m --- Environment ---
2026-03-25 17:15:01,179 - INFO - [36m(head, rank=0, pid=5497)[0m + echo 'LD_LIBRARY_PATH: /usr/local/cuda/lib64:/usr/local/cuda/targets/x86_64-linux/lib:/usr/local/cuda-12.8/lib:/usr/local/cuda-12.8/lib64:/usr/local/cuda-12.8:/usr/local/cuda-12.8/targets/x86_64-linux/lib/:/usr/local/cuda-12.8/extras/CUPTI/lib64:/opt/amazon/efa/lib:/opt/amazon/openmpi/lib:/opt/amazon/ofi-nccl/lib/x86_64-linux-gnu:/usr/local/lib:/usr/lib:/usr/local/cuda-12.8/lib:/usr/local/cuda-12.8/lib64:/usr/local/cuda-12.8:/usr/local/cuda-12.8/targets/x86_64-linux/lib/:/usr/local/cuda-12.8/extras/CUPTI/lib64:/opt/amazon/efa/lib:/opt/amazon/openmpi/lib:/opt/amazon/ofi-nccl/lib/x86_64-linux-gnu:/usr/local/lib:/usr/lib'
2026-03-25 17:15:01,179 - INFO - [36m(head, rank=0, pid=5497)[0m LD_LIBRARY_PATH: /usr/local/cuda/lib64:/usr/local/cuda/targets/x86_64-linux/lib:/usr/local/cuda-12.8/lib:/usr/local/cuda-12.8/lib64:/usr/local/cuda-12.8:/usr/local/cuda-12.8/targets/x86_64-linux/lib/:/usr/local/cuda-12.8/extras/CUPTI/lib64:/opt/amazon/efa/lib:/opt/amazon/openmpi/lib:/opt/amazon/ofi-nccl/lib/x86_64-linux-gnu:/usr/local/lib:/usr/lib:/usr/local/cuda-12.8/lib:/usr/local/cuda-12.8/lib64:/usr/local/cuda-12.8:/usr/local/cuda-12.8/targets/x86_64-linux/lib/:/usr/local/cuda-12.8/extras/CUPTI/lib64:/opt/amazon/efa/lib:/opt/amazon/openmpi/lib:/opt/amazon/ofi-nccl/lib/x86_64-linux-gnu:/usr/local/lib:/usr/lib
2026-03-25 17:15:01,179 - INFO - [36m(head, rank=0, pid=5497)[0m + echo 'CUDA_HOME: /usr/local/cuda'
2026-03-25 17:15:01,179 - INFO - [36m(head, rank=0, pid=5497)[0m CUDA_HOME: /usr/local/cuda
2026-03-25 17:15:01,179 - INFO - [36m(head, rank=0, pid=5497)[0m + which python3
2026-03-25 17:15:01,179 - INFO - [36m(head, rank=0, pid=5497)[0m /home/ubuntu/sky_workdir/.venv/bin/python3
2026-03-25 17:15:01,179 - INFO - [36m(head, rank=0, pid=5497)[0m + echo '--- Torch info ---'
2026-03-25 17:15:01,179 - INFO - [36m(head, rank=0, pid=5497)[0m --- Torch info ---
2026-03-25 17:15:01,179 - INFO - [36m(head, rank=0, pid=5497)[0m + python3 -c 'import torch; print('\''torch.__version__:'\'', torch.__version__); print('\''torch.__file__:'\'', torch.__file__); print('\''torch.version.cuda:'\'', torch.version.cuda); print('\''torch.backends.cuda.is_built():'\'', torch.backends.cuda.is_built())'
2026-03-25 17:15:01,179 - INFO - [36m(worker1, rank=1, pid=4342, ip=172.31.46.101)[0m torch.__version__: 2.7.1+cu126
2026-03-25 17:15:01,883 - INFO - [36m(worker1, rank=1, pid=4342, ip=172.31.46.101)[0m torch.__file__: /home/ubuntu/sky_workdir/.venv/lib/python3.12/site-packages/torch/__init__.py
2026-03-25 17:15:01,883 - INFO - [36m(worker1, rank=1, pid=4342, ip=172.31.46.101)[0m torch.version.cuda: 12.6
2026-03-25 17:15:01,883 - INFO - [36m(worker1, rank=1, pid=4342, ip=172.31.46.101)[0m torch.backends.cuda.is_built(): True
2026-03-25 17:15:01,883 - INFO - [36m(worker1, rank=1, pid=4342, ip=172.31.46.101)[0m + echo '--- CUDA check ---'
2026-03-25 17:15:05,106 - INFO - [36m(worker1, rank=1, pid=4342, ip=172.31.46.101)[0m --- CUDA check ---
2026-03-25 17:15:05,106 - INFO - [36m(worker1, rank=1, pid=4342, ip=172.31.46.101)[0m + python3 -c 'import torch; print('\''torch.cuda.is_available():'\'', torch.cuda.is_available()); print('\''torch.cuda.device_count():'\'', torch.cuda.device_count() if torch.cuda.is_available() else '\''N/A - checking why...'\'')'
2026-03-25 17:15:05,106 - INFO - [36m(head, rank=0, pid=5497)[0m torch.__version__: 2.7.1+cu126
2026-03-25 17:15:05,106 - INFO - [36m(head, rank=0, pid=5497)[0m torch.__file__: /home/ubuntu/sky_workdir/.venv/lib/python3.12/site-packages/torch/__init__.py
2026-03-25 17:15:05,106 - INFO - [36m(head, rank=0, pid=5497)[0m torch.version.cuda: 12.6
2026-03-25 17:15:05,106 - INFO - [36m(head, rank=0, pid=5497)[0m torch.backends.cuda.is_built(): True
2026-03-25 17:15:05,106 - INFO - [36m(head, rank=0, pid=5497)[0m + echo '--- CUDA check ---'
2026-03-25 17:15:05,106 - INFO - [36m(head, rank=0, pid=5497)[0m --- CUDA check ---
2026-03-25 17:15:05,106 - INFO - [36m(head, rank=0, pid=5497)[0m + python3 -c 'import torch; print('\''torch.cuda.is_available():'\'', torch.cuda.is_available()); print('\''torch.cuda.device_count():'\'', torch.cuda.device_count() if torch.cuda.is_available() else '\''N/A - checking why...'\'')'
2026-03-25 17:15:05,107 - INFO - [36m(worker1, rank=1, pid=4342, ip=172.31.46.101)[0m torch.cuda.is_available(): True
2026-03-25 17:15:05,911 - INFO - [36m(worker1, rank=1, pid=4342, ip=172.31.46.101)[0m torch.cuda.device_count(): 8
2026-03-25 17:15:05,912 - INFO - [36m(head, rank=0, pid=5497)[0m torch.cuda.is_available(): True
2026-03-25 17:15:06,615 - INFO - [36m(head, rank=0, pid=5497)[0m torch.cuda.device_count(): 8
2026-03-25 17:15:06,615 - INFO - [36m(worker1, rank=1, pid=4342, ip=172.31.46.101)[0m + echo '--- Loading CUDA libs directly ---'
2026-03-25 17:15:08,024 - INFO - [36m(worker1, rank=1, pid=4342, ip=172.31.46.101)[0m --- Loading CUDA libs directly ---
2026-03-25 17:15:08,025 - INFO - [36m(worker1, rank=1, pid=4342, ip=172.31.46.101)[0m + python3 -c 'import ctypes; libs=['\''libcuda.so.1'\'','\''libcudart.so.12'\'','\''libnvidia-ml.so.1'\'']; [print(l+'\'': OK'\'') if ctypes.CDLL(l) else None for l in libs]'
2026-03-25 17:15:08,025 - INFO - [36m(worker1, rank=1, pid=4342, ip=172.31.46.101)[0m libcuda.so.1: OK
2026-03-25 17:15:08,025 - INFO - [36m(worker1, rank=1, pid=4342, ip=172.31.46.101)[0m libcudart.so.12: OK
2026-03-25 17:15:08,025 - INFO - [36m(worker1, rank=1, pid=4342, ip=172.31.46.101)[0m libnvidia-ml.so.1: OK
2026-03-25 17:15:08,025 - INFO - [36m(worker1, rank=1, pid=4342, ip=172.31.46.101)[0m + echo '--- Manual CUDA init attempt ---'
2026-03-25 17:15:08,025 - INFO - [36m(worker1, rank=1, pid=4342, ip=172.31.46.101)[0m --- Manual CUDA init attempt ---
2026-03-25 17:15:08,025 - INFO - [36m(worker1, rank=1, pid=4342, ip=172.31.46.101)[0m + python3 -c 'import torch; torch.cuda.init(); print('\''torch.cuda.init() OK, device_count:'\'', torch.cuda.device_count())'
2026-03-25 17:15:08,025 - INFO - [36m(head, rank=0, pid=5497)[0m + echo '--- Loading CUDA libs directly ---'
2026-03-25 17:15:10,241 - INFO - [36m(head, rank=0, pid=5497)[0m --- Loading CUDA libs directly ---
2026-03-25 17:15:10,241 - INFO - [36m(head, rank=0, pid=5497)[0m + python3 -c 'import ctypes; libs=['\''libcuda.so.1'\'','\''libcudart.so.12'\'','\''libnvidia-ml.so.1'\'']; [print(l+'\'': OK'\'') if ctypes.CDLL(l) else None for l in libs]'
2026-03-25 17:15:10,242 - INFO - [36m(head, rank=0, pid=5497)[0m libcuda.so.1: OK
2026-03-25 17:15:10,242 - INFO - [36m(head, rank=0, pid=5497)[0m libcudart.so.12: OK
2026-03-25 17:15:10,242 - INFO - [36m(head, rank=0, pid=5497)[0m libnvidia-ml.so.1: OK
2026-03-25 17:15:10,242 - INFO - [36m(head, rank=0, pid=5497)[0m + echo '--- Manual CUDA init attempt ---'
2026-03-25 17:15:10,242 - INFO - [36m(head, rank=0, pid=5497)[0m --- Manual CUDA init attempt ---
2026-03-25 17:15:10,242 - INFO - [36m(head, rank=0, pid=5497)[0m + python3 -c 'import torch; torch.cuda.init(); print('\''torch.cuda.init() OK, device_count:'\'', torch.cuda.device_count())'
2026-03-25 17:15:10,242 - INFO - [36m(worker1, rank=1, pid=4342, ip=172.31.46.101)[0m torch.cuda.init() OK, device_count: 8
2026-03-25 17:15:11,150 - INFO - [36m(head, rank=0, pid=5497)[0m torch.cuda.init() OK, device_count: 8
2026-03-25 17:15:11,857 - INFO - [36m(worker1, rank=1, pid=4342, ip=172.31.46.101)[0m + echo '--- Installed torch packages ---'
2026-03-25 17:15:12,463 - INFO - [36m(worker1, rank=1, pid=4342, ip=172.31.46.101)[0m --- Installed torch packages ---
2026-03-25 17:15:12,463 - INFO - [36m(worker1, rank=1, pid=4342, ip=172.31.46.101)[0m + pip list
2026-03-25 17:15:12,463 - INFO - [36m(worker1, rank=1, pid=4342, ip=172.31.46.101)[0m + grep --color=auto -i -E 'torch|nvidia|cuda|triton'
2026-03-25 17:15:12,463 - INFO - [36m(worker1, rank=1, pid=4342, ip=172.31.46.101)[0m cuda-pathfinder                   1.5.0
2026-03-25 17:15:13,270 - INFO - [36m(worker1, rank=1, pid=4342, ip=172.31.46.101)[0m cupy-cuda12x                      14.0.1
2026-03-25 17:15:13,270 - INFO - [36m(worker1, rank=1, pid=4342, ip=172.31.46.101)[0m nvidia-cublas-cu12                12.6.4.1
2026-03-25 17:15:13,270 - INFO - [36m(worker1, rank=1, pid=4342, ip=172.31.46.101)[0m nvidia-cuda-cupti-cu12            12.6.80
2026-03-25 17:15:13,270 - INFO - [36m(worker1, rank=1, pid=4342, ip=172.31.46.101)[0m nvidia-cuda-nvrtc-cu12            12.6.77
2026-03-25 17:15:13,270 - INFO - [36m(worker1, rank=1, pid=4342, ip=172.31.46.101)[0m nvidia-cuda-runtime-cu12          12.6.77
2026-03-25 17:15:13,270 - INFO - [36m(worker1, rank=1, pid=4342, ip=172.31.46.101)[0m nvidia-cudnn-cu12                 9.5.1.17
2026-03-25 17:15:13,270 - INFO - [36m(worker1, rank=1, pid=4342, ip=172.31.46.101)[0m nvidia-cufft-cu12                 11.3.0.4
2026-03-25 17:15:13,270 - INFO - [36m(worker1, rank=1, pid=4342, ip=172.31.46.101)[0m nvidia-cufile-cu12                1.11.1.6
2026-03-25 17:15:13,270 - INFO - [36m(worker1, rank=1, pid=4342, ip=172.31.46.101)[0m nvidia-curand-cu12                10.3.7.77
2026-03-25 17:15:13,270 - INFO - [36m(worker1, rank=1, pid=4342, ip=172.31.46.101)[0m nvidia-cusolver-cu12              11.7.1.2
2026-03-25 17:15:13,270 - INFO - [36m(worker1, rank=1, pid=4342, ip=172.31.46.101)[0m nvidia-cusparse-cu12              12.5.4.2
2026-03-25 17:15:13,270 - INFO - [36m(worker1, rank=1, pid=4342, ip=172.31.46.101)[0m nvidia-cusparselt-cu12            0.6.3
2026-03-25 17:15:13,271 - INFO - [36m(worker1, rank=1, pid=4342, ip=172.31.46.101)[0m nvidia-ml-py                      13.595.45
2026-03-25 17:15:13,271 - INFO - [36m(worker1, rank=1, pid=4342, ip=172.31.46.101)[0m nvidia-nccl-cu12                  2.26.2
2026-03-25 17:15:13,271 - INFO - [36m(worker1, rank=1, pid=4342, ip=172.31.46.101)[0m nvidia-nvjitlink-cu12             12.6.85
2026-03-25 17:15:13,271 - INFO - [36m(worker1, rank=1, pid=4342, ip=172.31.46.101)[0m nvidia-nvtx-cu12                  12.6.77
2026-03-25 17:15:13,271 - INFO - [36m(worker1, rank=1, pid=4342, ip=172.31.46.101)[0m torch                             2.7.1
2026-03-25 17:15:13,271 - INFO - [36m(worker1, rank=1, pid=4342, ip=172.31.46.101)[0m torchaudio                        2.7.1
2026-03-25 17:15:13,774 - INFO - [36m(worker1, rank=1, pid=4342, ip=172.31.46.101)[0m torchvision                       0.22.1
2026-03-25 17:15:13,774 - INFO - [36m(worker1, rank=1, pid=4342, ip=172.31.46.101)[0m triton                            3.3.1
2026-03-25 17:15:13,774 - INFO - [36m(worker1, rank=1, pid=4342, ip=172.31.46.101)[0m + echo =========================================
2026-03-25 17:15:13,774 - INFO - [36m(worker1, rank=1, pid=4342, ip=172.31.46.101)[0m =========================================
2026-03-25 17:15:13,774 - INFO - [36m(worker1, rank=1, pid=4342, ip=172.31.46.101)[0m + export LD_LIBRARY_PATH=/usr/local/cuda/lib64:/usr/local/cuda/targets/x86_64-linux/lib:/usr/local/cuda/lib64:/usr/local/cuda/targets/x86_64-linux/lib:/usr/local/cuda-12.8/lib:/usr/local/cuda-12.8/lib64:/usr/local/cuda-12.8:/usr/local/cuda-12.8/targets/x86_64-linux/lib/:/usr/local/cuda-12.8/extras/CUPTI/lib64:/opt/amazon/efa/lib:/opt/amazon/openmpi/lib:/opt/amazon/ofi-nccl/lib/x86_64-linux-gnu:/usr/local/lib:/usr/lib:/usr/local/cuda-12.8/lib:/usr/local/cuda-12.8/lib64:/usr/local/cuda-12.8:/usr/local/cuda-12.8/targets/x86_64-linux/lib/:/usr/local/cuda-12.8/extras/CUPTI/lib64:/opt/amazon/efa/lib:/opt/amazon/openmpi/lib:/opt/amazon/ofi-nccl/lib/x86_64-linux-gnu:/usr/local/lib:/usr/lib
2026-03-25 17:15:13,774 - INFO - [36m(worker1, rank=1, pid=4342, ip=172.31.46.101)[0m + LD_LIBRARY_PATH=/usr/local/cuda/lib64:/usr/local/cuda/targets/x86_64-linux/lib:/usr/local/cuda/lib64:/usr/local/cuda/targets/x86_64-linux/lib:/usr/local/cuda-12.8/lib:/usr/local/cuda-12.8/lib64:/usr/local/cuda-12.8:/usr/local/cuda-12.8/targets/x86_64-linux/lib/:/usr/local/cuda-12.8/extras/CUPTI/lib64:/opt/amazon/efa/lib:/opt/amazon/openmpi/lib:/opt/amazon/ofi-nccl/lib/x86_64-linux-gnu:/usr/local/lib:/usr/lib:/usr/local/cuda-12.8/lib:/usr/local/cuda-12.8/lib64:/usr/local/cuda-12.8:/usr/local/cuda-12.8/targets/x86_64-linux/lib/:/usr/local/cuda-12.8/extras/CUPTI/lib64:/opt/amazon/efa/lib:/opt/amazon/openmpi/lib:/opt/amazon/ofi-nccl/lib/x86_64-linux-gnu:/usr/local/lib:/usr/lib
2026-03-25 17:15:13,774 - INFO - [36m(worker1, rank=1, pid=4342, ip=172.31.46.101)[0m + export NCCL_P2P_DISABLE=0
2026-03-25 17:15:13,775 - INFO - [36m(worker1, rank=1, pid=4342, ip=172.31.46.101)[0m + NCCL_P2P_DISABLE=0
2026-03-25 17:15:13,775 - INFO - [36m(worker1, rank=1, pid=4342, ip=172.31.46.101)[0m + export NCCL_TIMEOUT=3600
2026-03-25 17:15:13,775 - INFO - [36m(worker1, rank=1, pid=4342, ip=172.31.46.101)[0m + NCCL_TIMEOUT=3600
2026-03-25 17:15:13,775 - INFO - [36m(worker1, rank=1, pid=4342, ip=172.31.46.101)[0m + export TORCH_NCCL_BLOCKING_WAIT=1
2026-03-25 17:15:13,775 - INFO - [36m(worker1, rank=1, pid=4342, ip=172.31.46.101)[0m + TORCH_NCCL_BLOCKING_WAIT=1
2026-03-25 17:15:13,775 - INFO - [36m(worker1, rank=1, pid=4342, ip=172.31.46.101)[0m + export TORCH_NCCL_ASYNC_ERROR_HANDLING=1
2026-03-25 17:15:13,775 - INFO - [36m(worker1, rank=1, pid=4342, ip=172.31.46.101)[0m + TORCH_NCCL_ASYNC_ERROR_HANDLING=1
2026-03-25 17:15:13,775 - INFO - [36m(worker1, rank=1, pid=4342, ip=172.31.46.101)[0m + export TORCH_NCCL_TRACE_BUFFER_SIZE=10000
2026-03-25 17:15:13,775 - INFO - [36m(worker1, rank=1, pid=4342, ip=172.31.46.101)[0m + TORCH_NCCL_TRACE_BUFFER_SIZE=10000
2026-03-25 17:15:13,775 - INFO - [36m(worker1, rank=1, pid=4342, ip=172.31.46.101)[0m + export TORCH_DISTRIBUTED_DEBUG=DETAIL
2026-03-25 17:15:13,775 - INFO - [36m(worker1, rank=1, pid=4342, ip=172.31.46.101)[0m + TORCH_DISTRIBUTED_DEBUG=DETAIL
2026-03-25 17:15:13,775 - INFO - [36m(worker1, rank=1, pid=4342, ip=172.31.46.101)[0m + export NCCL_DEBUG=INFO
2026-03-25 17:15:13,775 - INFO - [36m(worker1, rank=1, pid=4342, ip=172.31.46.101)[0m + NCCL_DEBUG=INFO
2026-03-25 17:15:13,775 - INFO - [36m(worker1, rank=1, pid=4342, ip=172.31.46.101)[0m + export LD_LIBRARY_PATH=/opt/amazon/ofi-nccl/lib:/opt/amazon/efa/lib:/usr/local/cuda/lib64:/usr/local/cuda/targets/x86_64-linux/lib:/usr/local/cuda/lib64:/usr/local/cuda/targets/x86_64-linux/lib:/usr/local/cuda-12.8/lib:/usr/local/cuda-12.8/lib64:/usr/local/cuda-12.8:/usr/local/cuda-12.8/targets/x86_64-linux/lib/:/usr/local/cuda-12.8/extras/CUPTI/lib64:/opt/amazon/efa/lib:/opt/amazon/openmpi/lib:/opt/amazon/ofi-nccl/lib/x86_64-linux-gnu:/usr/local/lib:/usr/lib:/usr/local/cuda-12.8/lib:/usr/local/cuda-12.8/lib64:/usr/local/cuda-12.8:/usr/local/cuda-12.8/targets/x86_64-linux/lib/:/usr/local/cuda-12.8/extras/CUPTI/lib64:/opt/amazon/efa/lib:/opt/amazon/openmpi/lib:/opt/amazon/ofi-nccl/lib/x86_64-linux-gnu:/usr/local/lib:/usr/lib
2026-03-25 17:15:13,775 - INFO - [36m(worker1, rank=1, pid=4342, ip=172.31.46.101)[0m + LD_LIBRARY_PATH=/opt/amazon/ofi-nccl/lib:/opt/amazon/efa/lib:/usr/local/cuda/lib64:/usr/local/cuda/targets/x86_64-linux/lib:/usr/local/cuda/lib64:/usr/local/cuda/targets/x86_64-linux/lib:/usr/local/cuda-12.8/lib:/usr/local/cuda-12.8/lib64:/usr/local/cuda-12.8:/usr/local/cuda-12.8/targets/x86_64-linux/lib/:/usr/local/cuda-12.8/extras/CUPTI/lib64:/opt/amazon/efa/lib:/opt/amazon/openmpi/lib:/opt/amazon/ofi-nccl/lib/x86_64-linux-gnu:/usr/local/lib:/usr/lib:/usr/local/cuda-12.8/lib:/usr/local/cuda-12.8/lib64:/usr/local/cuda-12.8:/usr/local/cuda-12.8/targets/x86_64-linux/lib/:/usr/local/cuda-12.8/extras/CUPTI/lib64:/opt/amazon/efa/lib:/opt/amazon/openmpi/lib:/opt/amazon/ofi-nccl/lib/x86_64-linux-gnu:/usr/local/lib:/usr/lib
2026-03-25 17:15:13,775 - INFO - [36m(worker1, rank=1, pid=4342, ip=172.31.46.101)[0m + export NCCL_NET_PLUGIN=ofi
2026-03-25 17:15:13,775 - INFO - [36m(worker1, rank=1, pid=4342, ip=172.31.46.101)[0m + NCCL_NET_PLUGIN=ofi
2026-03-25 17:15:13,775 - INFO - [36m(worker1, rank=1, pid=4342, ip=172.31.46.101)[0m + export FI_EFA_USE_DEVICE_RDMA=1
2026-03-25 17:15:13,775 - INFO - [36m(worker1, rank=1, pid=4342, ip=172.31.46.101)[0m + FI_EFA_USE_DEVICE_RDMA=1
2026-03-25 17:15:13,775 - INFO - [36m(worker1, rank=1, pid=4342, ip=172.31.46.101)[0m + export FI_PROVIDER=efa
2026-03-25 17:15:13,775 - INFO - [36m(worker1, rank=1, pid=4342, ip=172.31.46.101)[0m + FI_PROVIDER=efa
2026-03-25 17:15:13,775 - INFO - [36m(worker1, rank=1, pid=4342, ip=172.31.46.101)[0m + export NCCL_DEBUG_SUBSYS=NET
2026-03-25 17:15:13,775 - INFO - [36m(worker1, rank=1, pid=4342, ip=172.31.46.101)[0m + NCCL_DEBUG_SUBSYS=NET
2026-03-25 17:15:13,775 - INFO - [36m(worker1, rank=1, pid=4342, ip=172.31.46.101)[0m + export 'RAY_CMD=uv run ray'
2026-03-25 17:15:13,775 - INFO - [36m(worker1, rank=1, pid=4342, ip=172.31.46.101)[0m + RAY_CMD='uv run ray'
2026-03-25 17:15:13,775 - INFO - [36m(worker1, rank=1, pid=4342, ip=172.31.46.101)[0m + export RAY_DASHBOARD_HOST=0.0.0.0
2026-03-25 17:15:13,775 - INFO - [36m(worker1, rank=1, pid=4342, ip=172.31.46.101)[0m + RAY_DASHBOARD_HOST=0.0.0.0
2026-03-25 17:15:13,775 - INFO - [36m(worker1, rank=1, pid=4342, ip=172.31.46.101)[0m + export RAY_HEAD_PORT=6379
2026-03-25 17:15:13,775 - INFO - [36m(worker1, rank=1, pid=4342, ip=172.31.46.101)[0m + RAY_HEAD_PORT=6379
2026-03-25 17:15:13,775 - INFO - [36m(worker1, rank=1, pid=4342, ip=172.31.46.101)[0m + export RAY_DASHBOARD_PORT=8265
2026-03-25 17:15:13,775 - INFO - [36m(worker1, rank=1, pid=4342, ip=172.31.46.101)[0m + RAY_DASHBOARD_PORT=8265
2026-03-25 17:15:13,775 - INFO - [36m(worker1, rank=1, pid=4342, ip=172.31.46.101)[0m + export RAY_CGRAPH_get_timeout=1800
2026-03-25 17:15:13,775 - INFO - [36m(worker1, rank=1, pid=4342, ip=172.31.46.101)[0m + RAY_CGRAPH_get_timeout=1800
2026-03-25 17:15:13,775 - INFO - [36m(worker1, rank=1, pid=4342, ip=172.31.46.101)[0m + export RAY_CGRAPH_submit_timeout=180
2026-03-25 17:15:13,775 - INFO - [36m(worker1, rank=1, pid=4342, ip=172.31.46.101)[0m + RAY_CGRAPH_submit_timeout=180
2026-03-25 17:15:13,775 - INFO - [36m(worker1, rank=1, pid=4342, ip=172.31.46.101)[0m + /home/ubuntu/sky_templates/ray/start_cluster
2026-03-25 17:15:13,775 - INFO - [36m(worker1, rank=1, pid=4342, ip=172.31.46.101)[0m [0;32mStarting Ray cluster...[0m
2026-03-25 17:15:13,775 - INFO - [36m(head, rank=0, pid=5497)[0m + echo '--- Installed torch packages ---'
2026-03-25 17:15:13,775 - INFO - [36m(head, rank=0, pid=5497)[0m --- Installed torch packages ---
2026-03-25 17:15:13,775 - INFO - [36m(head, rank=0, pid=5497)[0m + pip list
2026-03-25 17:15:13,775 - INFO - [36m(head, rank=0, pid=5497)[0m + grep --color=auto -i -E 'torch|nvidia|cuda|triton'
2026-03-25 17:15:13,775 - INFO - [36m(head, rank=0, pid=5497)[0m cuda-pathfinder                   1.5.0
2026-03-25 17:15:14,783 - INFO - [36m(head, rank=0, pid=5497)[0m cupy-cuda12x                      14.0.1
2026-03-25 17:15:14,783 - INFO - [36m(head, rank=0, pid=5497)[0m nvidia-cublas-cu12                12.6.4.1
2026-03-25 17:15:14,783 - INFO - [36m(head, rank=0, pid=5497)[0m nvidia-cuda-cupti-cu12            12.6.80
2026-03-25 17:15:14,783 - INFO - [36m(head, rank=0, pid=5497)[0m nvidia-cuda-nvrtc-cu12            12.6.77
2026-03-25 17:15:14,783 - INFO - [36m(head, rank=0, pid=5497)[0m nvidia-cuda-runtime-cu12          12.6.77
2026-03-25 17:15:14,783 - INFO - [36m(head, rank=0, pid=5497)[0m nvidia-cudnn-cu12                 9.5.1.17
2026-03-25 17:15:14,783 - INFO - [36m(head, rank=0, pid=5497)[0m nvidia-cufft-cu12                 11.3.0.4
2026-03-25 17:15:14,783 - INFO - [36m(head, rank=0, pid=5497)[0m nvidia-cufile-cu12                1.11.1.6
2026-03-25 17:15:14,783 - INFO - [36m(head, rank=0, pid=5497)[0m nvidia-curand-cu12                10.3.7.77
2026-03-25 17:15:14,783 - INFO - [36m(head, rank=0, pid=5497)[0m nvidia-cusolver-cu12              11.7.1.2
2026-03-25 17:15:14,784 - INFO - [36m(head, rank=0, pid=5497)[0m nvidia-cusparse-cu12              12.5.4.2
2026-03-25 17:15:14,784 - INFO - [36m(head, rank=0, pid=5497)[0m nvidia-cusparselt-cu12            0.6.3
2026-03-25 17:15:14,784 - INFO - [36m(head, rank=0, pid=5497)[0m nvidia-ml-py                      13.595.45
2026-03-25 17:15:14,784 - INFO - [36m(head, rank=0, pid=5497)[0m nvidia-nccl-cu12                  2.26.2
2026-03-25 17:15:14,784 - INFO - [36m(head, rank=0, pid=5497)[0m nvidia-nvjitlink-cu12             12.6.85
2026-03-25 17:15:14,784 - INFO - [36m(head, rank=0, pid=5497)[0m nvidia-nvtx-cu12                  12.6.77
2026-03-25 17:15:14,784 - INFO - [36m(head, rank=0, pid=5497)[0m torch                             2.7.1
2026-03-25 17:15:14,784 - INFO - [36m(head, rank=0, pid=5497)[0m torchaudio                        2.7.1
2026-03-25 17:15:14,784 - INFO - [36m(head, rank=0, pid=5497)[0m torchvision                       0.22.1
2026-03-25 17:15:14,784 - INFO - [36m(head, rank=0, pid=5497)[0m triton                            3.3.1
2026-03-25 17:15:14,784 - INFO - [36m(head, rank=0, pid=5497)[0m + echo =========================================
2026-03-25 17:15:14,784 - INFO - [36m(head, rank=0, pid=5497)[0m =========================================
2026-03-25 17:15:14,784 - INFO - [36m(head, rank=0, pid=5497)[0m + export LD_LIBRARY_PATH=/usr/local/cuda/lib64:/usr/local/cuda/targets/x86_64-linux/lib:/usr/local/cuda/lib64:/usr/local/cuda/targets/x86_64-linux/lib:/usr/local/cuda-12.8/lib:/usr/local/cuda-12.8/lib64:/usr/local/cuda-12.8:/usr/local/cuda-12.8/targets/x86_64-linux/lib/:/usr/local/cuda-12.8/extras/CUPTI/lib64:/opt/amazon/efa/lib:/opt/amazon/openmpi/lib:/opt/amazon/ofi-nccl/lib/x86_64-linux-gnu:/usr/local/lib:/usr/lib:/usr/local/cuda-12.8/lib:/usr/local/cuda-12.8/lib64:/usr/local/cuda-12.8:/usr/local/cuda-12.8/targets/x86_64-linux/lib/:/usr/local/cuda-12.8/extras/CUPTI/lib64:/opt/amazon/efa/lib:/opt/amazon/openmpi/lib:/opt/amazon/ofi-nccl/lib/x86_64-linux-gnu:/usr/local/lib:/usr/lib
2026-03-25 17:15:14,784 - INFO - [36m(head, rank=0, pid=5497)[0m + LD_LIBRARY_PATH=/usr/local/cuda/lib64:/usr/local/cuda/targets/x86_64-linux/lib:/usr/local/cuda/lib64:/usr/local/cuda/targets/x86_64-linux/lib:/usr/local/cuda-12.8/lib:/usr/local/cuda-12.8/lib64:/usr/local/cuda-12.8:/usr/local/cuda-12.8/targets/x86_64-linux/lib/:/usr/local/cuda-12.8/extras/CUPTI/lib64:/opt/amazon/efa/lib:/opt/amazon/openmpi/lib:/opt/amazon/ofi-nccl/lib/x86_64-linux-gnu:/usr/local/lib:/usr/lib:/usr/local/cuda-12.8/lib:/usr/local/cuda-12.8/lib64:/usr/local/cuda-12.8:/usr/local/cuda-12.8/targets/x86_64-linux/lib/:/usr/local/cuda-12.8/extras/CUPTI/lib64:/opt/amazon/efa/lib:/opt/amazon/openmpi/lib:/opt/amazon/ofi-nccl/lib/x86_64-linux-gnu:/usr/local/lib:/usr/lib
2026-03-25 17:15:14,784 - INFO - [36m(head, rank=0, pid=5497)[0m + export NCCL_P2P_DISABLE=0
2026-03-25 17:15:14,784 - INFO - [36m(head, rank=0, pid=5497)[0m + NCCL_P2P_DISABLE=0
2026-03-25 17:15:14,784 - INFO - [36m(head, rank=0, pid=5497)[0m + export NCCL_TIMEOUT=3600
2026-03-25 17:15:14,784 - INFO - [36m(head, rank=0, pid=5497)[0m + NCCL_TIMEOUT=3600
2026-03-25 17:15:14,784 - INFO - [36m(head, rank=0, pid=5497)[0m + export TORCH_NCCL_BLOCKING_WAIT=1
2026-03-25 17:15:14,784 - INFO - [36m(head, rank=0, pid=5497)[0m + TORCH_NCCL_BLOCKING_WAIT=1
2026-03-25 17:15:14,784 - INFO - [36m(head, rank=0, pid=5497)[0m + export TORCH_NCCL_ASYNC_ERROR_HANDLING=1
2026-03-25 17:15:14,784 - INFO - [36m(head, rank=0, pid=5497)[0m + TORCH_NCCL_ASYNC_ERROR_HANDLING=1
2026-03-25 17:15:14,784 - INFO - [36m(head, rank=0, pid=5497)[0m + export TORCH_NCCL_TRACE_BUFFER_SIZE=10000
2026-03-25 17:15:14,784 - INFO - [36m(head, rank=0, pid=5497)[0m + TORCH_NCCL_TRACE_BUFFER_SIZE=10000
2026-03-25 17:15:14,784 - INFO - [36m(head, rank=0, pid=5497)[0m + export TORCH_DISTRIBUTED_DEBUG=DETAIL
2026-03-25 17:15:14,784 - INFO - [36m(head, rank=0, pid=5497)[0m + TORCH_DISTRIBUTED_DEBUG=DETAIL
2026-03-25 17:15:14,784 - INFO - [36m(head, rank=0, pid=5497)[0m + export NCCL_DEBUG=INFO
2026-03-25 17:15:14,784 - INFO - [36m(head, rank=0, pid=5497)[0m + NCCL_DEBUG=INFO
2026-03-25 17:15:14,784 - INFO - [36m(head, rank=0, pid=5497)[0m + export LD_LIBRARY_PATH=/opt/amazon/ofi-nccl/lib:/opt/amazon/efa/lib:/usr/local/cuda/lib64:/usr/local/cuda/targets/x86_64-linux/lib:/usr/local/cuda/lib64:/usr/local/cuda/targets/x86_64-linux/lib:/usr/local/cuda-12.8/lib:/usr/local/cuda-12.8/lib64:/usr/local/cuda-12.8:/usr/local/cuda-12.8/targets/x86_64-linux/lib/:/usr/local/cuda-12.8/extras/CUPTI/lib64:/opt/amazon/efa/lib:/opt/amazon/openmpi/lib:/opt/amazon/ofi-nccl/lib/x86_64-linux-gnu:/usr/local/lib:/usr/lib:/usr/local/cuda-12.8/lib:/usr/local/cuda-12.8/lib64:/usr/local/cuda-12.8:/usr/local/cuda-12.8/targets/x86_64-linux/lib/:/usr/local/cuda-12.8/extras/CUPTI/lib64:/opt/amazon/efa/lib:/opt/amazon/openmpi/lib:/opt/amazon/ofi-nccl/lib/x86_64-linux-gnu:/usr/local/lib:/usr/lib
2026-03-25 17:15:14,784 - INFO - [36m(head, rank=0, pid=5497)[0m + LD_LIBRARY_PATH=/opt/amazon/ofi-nccl/lib:/opt/amazon/efa/lib:/usr/local/cuda/lib64:/usr/local/cuda/targets/x86_64-linux/lib:/usr/local/cuda/lib64:/usr/local/cuda/targets/x86_64-linux/lib:/usr/local/cuda-12.8/lib:/usr/local/cuda-12.8/lib64:/usr/local/cuda-12.8:/usr/local/cuda-12.8/targets/x86_64-linux/lib/:/usr/local/cuda-12.8/extras/CUPTI/lib64:/opt/amazon/efa/lib:/opt/amazon/openmpi/lib:/opt/amazon/ofi-nccl/lib/x86_64-linux-gnu:/usr/local/lib:/usr/lib:/usr/local/cuda-12.8/lib:/usr/local/cuda-12.8/lib64:/usr/local/cuda-12.8:/usr/local/cuda-12.8/targets/x86_64-linux/lib/:/usr/local/cuda-12.8/extras/CUPTI/lib64:/opt/amazon/efa/lib:/opt/amazon/openmpi/lib:/opt/amazon/ofi-nccl/lib/x86_64-linux-gnu:/usr/local/lib:/usr/lib
2026-03-25 17:15:14,784 - INFO - [36m(head, rank=0, pid=5497)[0m + export NCCL_NET_PLUGIN=ofi
2026-03-25 17:15:14,784 - INFO - [36m(head, rank=0, pid=5497)[0m + NCCL_NET_PLUGIN=ofi
2026-03-25 17:15:14,784 - INFO - [36m(head, rank=0, pid=5497)[0m + export FI_EFA_USE_DEVICE_RDMA=1
2026-03-25 17:15:14,784 - INFO - [36m(head, rank=0, pid=5497)[0m + FI_EFA_USE_DEVICE_RDMA=1
2026-03-25 17:15:14,784 - INFO - [36m(head, rank=0, pid=5497)[0m + export FI_PROVIDER=efa
2026-03-25 17:15:14,784 - INFO - [36m(head, rank=0, pid=5497)[0m + FI_PROVIDER=efa
2026-03-25 17:15:14,784 - INFO - [36m(head, rank=0, pid=5497)[0m + export NCCL_DEBUG_SUBSYS=NET
2026-03-25 17:15:14,784 - INFO - [36m(head, rank=0, pid=5497)[0m + NCCL_DEBUG_SUBSYS=NET
2026-03-25 17:15:14,784 - INFO - [36m(head, rank=0, pid=5497)[0m + export 'RAY_CMD=uv run ray'
2026-03-25 17:15:14,784 - INFO - [36m(head, rank=0, pid=5497)[0m + RAY_CMD='uv run ray'
2026-03-25 17:15:14,784 - INFO - [36m(head, rank=0, pid=5497)[0m + export RAY_DASHBOARD_HOST=0.0.0.0
2026-03-25 17:15:14,784 - INFO - [36m(head, rank=0, pid=5497)[0m + RAY_DASHBOARD_HOST=0.0.0.0
2026-03-25 17:15:14,784 - INFO - [36m(head, rank=0, pid=5497)[0m + export RAY_HEAD_PORT=6379
2026-03-25 17:15:14,784 - INFO - [36m(head, rank=0, pid=5497)[0m + RAY_HEAD_PORT=6379
2026-03-25 17:15:14,784 - INFO - [36m(head, rank=0, pid=5497)[0m + export RAY_DASHBOARD_PORT=8265
2026-03-25 17:15:14,784 - INFO - [36m(head, rank=0, pid=5497)[0m + RAY_DASHBOARD_PORT=8265
2026-03-25 17:15:14,784 - INFO - [36m(head, rank=0, pid=5497)[0m + export RAY_CGRAPH_get_timeout=1800
2026-03-25 17:15:14,784 - INFO - [36m(head, rank=0, pid=5497)[0m + RAY_CGRAPH_get_timeout=1800
2026-03-25 17:15:14,784 - INFO - [36m(head, rank=0, pid=5497)[0m + export RAY_CGRAPH_submit_timeout=180
2026-03-25 17:15:14,784 - INFO - [36m(head, rank=0, pid=5497)[0m + RAY_CGRAPH_submit_timeout=180
2026-03-25 17:15:14,785 - INFO - [36m(head, rank=0, pid=5497)[0m + /home/ubuntu/sky_templates/ray/start_cluster
2026-03-25 17:15:14,785 - INFO - [36m(head, rank=0, pid=5497)[0m [0;32mStarting Ray cluster...[0m
2026-03-25 17:15:14,785 - INFO - [36m(worker1, rank=1, pid=4342, ip=172.31.46.101)[0m Resolved 59 packages in 150ms
2026-03-25 17:15:15,288 - INFO - [36m(worker1, rank=1, pid=4342, ip=172.31.46.101)[0m Downloading grpcio (6.4MiB)
2026-03-25 17:15:15,289 - INFO - [36m(worker1, rank=1, pid=4342, ip=172.31.46.101)[0m Downloading cryptography (4.3MiB)
2026-03-25 17:15:15,289 - INFO - [36m(worker1, rank=1, pid=4342, ip=172.31.46.101)[0m  Downloaded grpcio
2026-03-25 17:15:15,792 - INFO - [36m(worker1, rank=1, pid=4342, ip=172.31.46.101)[0m  Downloaded cryptography
2026-03-25 17:15:15,792 - INFO - [36m(worker1, rank=1, pid=4342, ip=172.31.46.101)[0m Prepared 14 packages in 164ms
2026-03-25 17:15:15,792 - INFO - [36m(worker1, rank=1, pid=4342, ip=172.31.46.101)[0m Uninstalled 2 packages in 1ms
2026-03-25 17:15:15,792 - INFO - [36m(worker1, rank=1, pid=4342, ip=172.31.46.101)[0m Installed 28 packages in 46ms
2026-03-25 17:15:15,792 - INFO - [36m(worker1, rank=1, pid=4342, ip=172.31.46.101)[0m  + aiohttp-cors==0.8.1
2026-03-25 17:15:15,792 - INFO - [36m(worker1, rank=1, pid=4342, ip=172.31.46.101)[0m  - click==8.3.1
2026-03-25 17:15:15,793 - INFO - [36m(worker1, rank=1, pid=4342, ip=172.31.46.101)[0m  + click==8.2.1
2026-03-25 17:15:15,793 - INFO - [36m(worker1, rank=1, pid=4342, ip=172.31.46.101)[0m  + colorful==0.5.8
2026-03-25 17:15:15,793 - INFO - [36m(worker1, rank=1, pid=4342, ip=172.31.46.101)[0m  + cryptography==46.0.5
2026-03-25 17:15:15,793 - INFO - [36m(worker1, rank=1, pid=4342, ip=172.31.46.101)[0m  + distlib==0.4.0
2026-03-25 17:15:15,793 - INFO - [36m(worker1, rank=1, pid=4342, ip=172.31.46.101)[0m  + google-api-core==2.30.0
2026-03-25 17:15:15,793 - INFO - [36m(worker1, rank=1, pid=4342, ip=172.31.46.101)[0m  + google-auth==2.49.1
2026-03-25 17:15:15,793 - INFO - [36m(worker1, rank=1, pid=4342, ip=172.31.46.101)[0m  + googleapis-common-protos==1.73.0
2026-03-25 17:15:15,793 - INFO - [36m(worker1, rank=1, pid=4342, ip=172.31.46.101)[0m  + grpcio==1.78.0
2026-03-25 17:15:15,793 - INFO - [36m(worker1, rank=1, pid=4342, ip=172.31.46.101)[0m  + importlib-metadata==8.7.1
2026-03-25 17:15:15,793 - INFO - [36m(worker1, rank=1, pid=4342, ip=172.31.46.101)[0m  + opencensus==0.11.4
2026-03-25 17:15:15,793 - INFO - [36m(worker1, rank=1, pid=4342, ip=172.31.46.101)[0m  + opencensus-context==0.1.3
2026-03-25 17:15:15,793 - INFO - [36m(worker1, rank=1, pid=4342, ip=172.31.46.101)[0m  + opentelemetry-api==1.40.0
2026-03-25 17:15:15,793 - INFO - [36m(worker1, rank=1, pid=4342, ip=172.31.46.101)[0m  + opentelemetry-exporter-prometheus==0.61b0
2026-03-25 17:15:15,793 - INFO - [36m(worker1, rank=1, pid=4342, ip=172.31.46.101)[0m  + opentelemetry-proto==1.40.0
2026-03-25 17:15:15,793 - INFO - [36m(worker1, rank=1, pid=4342, ip=172.31.46.101)[0m  + opentelemetry-sdk==1.40.0
2026-03-25 17:15:15,793 - INFO - [36m(worker1, rank=1, pid=4342, ip=172.31.46.101)[0m  + opentelemetry-semantic-conventions==0.61b0
2026-03-25 17:15:15,793 - INFO - [36m(worker1, rank=1, pid=4342, ip=172.31.46.101)[0m  + platformdirs==4.9.4
2026-03-25 17:15:15,793 - INFO - [36m(worker1, rank=1, pid=4342, ip=172.31.46.101)[0m  + proto-plus==1.27.1
2026-03-25 17:15:15,793 - INFO - [36m(worker1, rank=1, pid=4342, ip=172.31.46.101)[0m  - protobuf==7.34.1
2026-03-25 17:15:15,793 - INFO - [36m(worker1, rank=1, pid=4342, ip=172.31.46.101)[0m  + protobuf==6.33.6
2026-03-25 17:15:15,793 - INFO - [36m(worker1, rank=1, pid=4342, ip=172.31.46.101)[0m  + py-spy==0.4.1
2026-03-25 17:15:15,793 - INFO - [36m(worker1, rank=1, pid=4342, ip=172.31.46.101)[0m  + pyasn1==0.6.3
2026-03-25 17:15:15,793 - INFO - [36m(worker1, rank=1, pid=4342, ip=172.31.46.101)[0m  + pyasn1-modules==0.4.2
2026-03-25 17:15:15,793 - INFO - [36m(worker1, rank=1, pid=4342, ip=172.31.46.101)[0m  + python-discovery==1.2.0
2026-03-25 17:15:15,793 - INFO - [36m(worker1, rank=1, pid=4342, ip=172.31.46.101)[0m  + smart-open==7.5.1
2026-03-25 17:15:15,793 - INFO - [36m(worker1, rank=1, pid=4342, ip=172.31.46.101)[0m  + virtualenv==21.2.0
2026-03-25 17:15:15,793 - INFO - [36m(worker1, rank=1, pid=4342, ip=172.31.46.101)[0m  + wrapt==2.1.2
2026-03-25 17:15:15,793 - INFO - [36m(worker1, rank=1, pid=4342, ip=172.31.46.101)[0m  + zipp==3.23.0
2026-03-25 17:15:15,793 - INFO - [36m(head, rank=0, pid=5497)[0m Resolved 59 packages in 154ms
2026-03-25 17:15:18,823 - INFO - [36m(head, rank=0, pid=5497)[0m Downloading cryptography (4.3MiB)
2026-03-25 17:15:18,823 - INFO - [36m(head, rank=0, pid=5497)[0m Downloading grpcio (6.4MiB)
2026-03-25 17:15:18,824 - INFO - [36m(head, rank=0, pid=5497)[0m  Downloaded grpcio
2026-03-25 17:15:18,824 - INFO - [36m(head, rank=0, pid=5497)[0m  Downloaded cryptography
2026-03-25 17:15:18,824 - INFO - [36m(head, rank=0, pid=5497)[0m Prepared 14 packages in 203ms
2026-03-25 17:15:18,824 - INFO - [36m(head, rank=0, pid=5497)[0m Uninstalled 2 packages in 1ms
2026-03-25 17:15:18,824 - INFO - [36m(head, rank=0, pid=5497)[0m Installed 28 packages in 33ms
2026-03-25 17:15:18,824 - INFO - [36m(head, rank=0, pid=5497)[0m  + aiohttp-cors==0.8.1
2026-03-25 17:15:18,824 - INFO - [36m(head, rank=0, pid=5497)[0m  - click==8.3.1
2026-03-25 17:15:18,824 - INFO - [36m(head, rank=0, pid=5497)[0m  + click==8.2.1
2026-03-25 17:15:18,824 - INFO - [36m(head, rank=0, pid=5497)[0m  + colorful==0.5.8
2026-03-25 17:15:18,824 - INFO - [36m(head, rank=0, pid=5497)[0m  + cryptography==46.0.5
2026-03-25 17:15:18,824 - INFO - [36m(head, rank=0, pid=5497)[0m  + distlib==0.4.0
2026-03-25 17:15:18,824 - INFO - [36m(head, rank=0, pid=5497)[0m  + google-api-core==2.30.0
2026-03-25 17:15:18,824 - INFO - [36m(head, rank=0, pid=5497)[0m  + google-auth==2.49.1
2026-03-25 17:15:18,824 - INFO - [36m(head, rank=0, pid=5497)[0m  + googleapis-common-protos==1.73.0
2026-03-25 17:15:18,824 - INFO - [36m(head, rank=0, pid=5497)[0m  + grpcio==1.78.0
2026-03-25 17:15:18,824 - INFO - [36m(head, rank=0, pid=5497)[0m  + importlib-metadata==8.7.1
2026-03-25 17:15:18,824 - INFO - [36m(head, rank=0, pid=5497)[0m  + opencensus==0.11.4
2026-03-25 17:15:18,824 - INFO - [36m(head, rank=0, pid=5497)[0m  + opencensus-context==0.1.3
2026-03-25 17:15:18,824 - INFO - [36m(head, rank=0, pid=5497)[0m  + opentelemetry-api==1.40.0
2026-03-25 17:15:18,824 - INFO - [36m(head, rank=0, pid=5497)[0m  + opentelemetry-exporter-prometheus==0.61b0
2026-03-25 17:15:18,824 - INFO - [36m(head, rank=0, pid=5497)[0m  + opentelemetry-proto==1.40.0
2026-03-25 17:15:18,824 - INFO - [36m(head, rank=0, pid=5497)[0m  + opentelemetry-sdk==1.40.0
2026-03-25 17:15:18,824 - INFO - [36m(head, rank=0, pid=5497)[0m  + opentelemetry-semantic-conventions==0.61b0
2026-03-25 17:15:18,824 - INFO - [36m(head, rank=0, pid=5497)[0m  + platformdirs==4.9.4
2026-03-25 17:15:18,824 - INFO - [36m(head, rank=0, pid=5497)[0m  + proto-plus==1.27.1
2026-03-25 17:15:18,824 - INFO - [36m(head, rank=0, pid=5497)[0m  - protobuf==7.34.1
2026-03-25 17:15:18,824 - INFO - [36m(head, rank=0, pid=5497)[0m  + protobuf==6.33.6
2026-03-25 17:15:18,824 - INFO - [36m(head, rank=0, pid=5497)[0m  + py-spy==0.4.1
2026-03-25 17:15:18,824 - INFO - [36m(head, rank=0, pid=5497)[0m  + pyasn1==0.6.3
2026-03-25 17:15:18,824 - INFO - [36m(head, rank=0, pid=5497)[0m  + pyasn1-modules==0.4.2
2026-03-25 17:15:18,824 - INFO - [36m(head, rank=0, pid=5497)[0m  + python-discovery==1.2.0
2026-03-25 17:15:18,824 - INFO - [36m(head, rank=0, pid=5497)[0m  + smart-open==7.5.1
2026-03-25 17:15:18,824 - INFO - [36m(head, rank=0, pid=5497)[0m  + virtualenv==21.2.0
2026-03-25 17:15:18,824 - INFO - [36m(head, rank=0, pid=5497)[0m  + wrapt==2.1.2
2026-03-25 17:15:18,824 - INFO - [36m(head, rank=0, pid=5497)[0m  + zipp==3.23.0
2026-03-25 17:15:18,824 - INFO - [36m(worker1, rank=1, pid=4342, ip=172.31.46.101)[0m [0;32mRay 2.54.0 is installed.[0m
2026-03-25 17:15:19,834 - INFO - [36m(head, rank=0, pid=5497)[0m [0;32mRay 2.54.0 is installed.[0m
2026-03-25 17:15:55,074 - INFO - [36m(worker1, rank=1, pid=4342, ip=172.31.46.101)[0m [0;32mStarting Ray worker node...[0m
2026-03-25 17:15:56,284 - INFO - [36m(worker1, rank=1, pid=4342, ip=172.31.46.101)[0m Waiting for head node at 172.31.44.42:6379...
2026-03-25 17:15:56,284 - INFO - [36m(head, rank=0, pid=5497)[0m [0;32mStarting Ray head node...[0m
2026-03-25 17:15:57,395 - INFO - [36m(head, rank=0, pid=5497)[0m 2026-03-25 11:45:57,083	INFO usage_lib.py:447 -- Usage stats collection is disabled.
2026-03-25 17:15:58,906 - INFO - [36m(head, rank=0, pid=5497)[0m 2026-03-25 11:45:57,084	INFO scripts.py:936 -- [37mLocal node IP[39m: [1m172.31.44.42[22m
2026-03-25 17:15:58,906 - INFO - [36m(worker1, rank=1, pid=4342, ip=172.31.46.101)[0m Head node not healthy yet. Retrying in 1s...
2026-03-25 17:16:01,427 - INFO - [36m(worker1, rank=1, pid=4342, ip=172.31.46.101)[0m [0;32mHead node is healthy. Starting worker node...[0m
2026-03-25 17:16:02,234 - INFO - [36m(worker1, rank=1, pid=4342, ip=172.31.46.101)[0m 2026-03-25 11:46:02,044	INFO scripts.py:1124 -- [37mLocal node IP[39m: [1m172.31.46.101[22m
2026-03-25 17:16:08,887 - INFO - [36m(head, rank=0, pid=5497)[0m 2026-03-25 11:46:08,483	SUCC scripts.py:975 -- [32m--------------------[39m
2026-03-25 17:16:09,389 - INFO - [36m(head, rank=0, pid=5497)[0m 2026-03-25 11:46:08,483	SUCC scripts.py:976 -- [32mRay runtime started.[39m
2026-03-25 17:16:09,389 - INFO - [36m(head, rank=0, pid=5497)[0m 2026-03-25 11:46:08,483	SUCC scripts.py:977 -- [32m--------------------[39m
2026-03-25 17:16:09,389 - INFO - [36m(head, rank=0, pid=5497)[0m 2026-03-25 11:46:08,483	INFO scripts.py:979 -- [36mNext steps[39m
2026-03-25 17:16:09,389 - INFO - [36m(head, rank=0, pid=5497)[0m 2026-03-25 11:46:08,483	INFO scripts.py:982 -- To add another node to this Ray cluster, run
2026-03-25 17:16:09,389 - INFO - [36m(head, rank=0, pid=5497)[0m 2026-03-25 11:46:08,483	INFO scripts.py:985 -- [1m  ray start --address='172.31.44.42:6379'[22m
2026-03-25 17:16:09,389 - INFO - [36m(head, rank=0, pid=5497)[0m 2026-03-25 11:46:08,483	INFO scripts.py:996 -- To connect to this Ray cluster:
2026-03-25 17:16:09,389 - INFO - [36m(head, rank=0, pid=5497)[0m 2026-03-25 11:46:08,483	INFO scripts.py:998 -- [35mimport[39m[26m ray
2026-03-25 17:16:09,389 - INFO - [36m(head, rank=0, pid=5497)[0m 2026-03-25 11:46:08,484	INFO scripts.py:999 -- ray[35m.[39m[26minit()
2026-03-25 17:16:09,389 - INFO - [36m(head, rank=0, pid=5497)[0m 2026-03-25 11:46:08,484	INFO scripts.py:1013 -- To submit a Ray job using the Ray Jobs CLI:
2026-03-25 17:16:09,389 - INFO - [36m(head, rank=0, pid=5497)[0m 2026-03-25 11:46:08,484	INFO scripts.py:1014 -- [1m  RAY_API_SERVER_ADDRESS='http://172.31.44.42:8265' ray job submit --working-dir . -- python my_script.py[22m
2026-03-25 17:16:09,389 - INFO - [36m(head, rank=0, pid=5497)[0m 2026-03-25 11:46:08,484	INFO scripts.py:1023 -- See https://docs.ray.io/en/latest/cluster/running-applications/job-submission/index.html
2026-03-25 17:16:09,389 - INFO - [36m(head, rank=0, pid=5497)[0m 2026-03-25 11:46:08,484	INFO scripts.py:1027 -- for more information on submitting Ray jobs to the Ray cluster.
2026-03-25 17:16:10,697 - INFO - [36m(head, rank=0, pid=5497)[0m 2026-03-25 11:46:08,484	INFO scripts.py:1032 -- To terminate the Ray runtime, run
2026-03-25 17:16:10,697 - INFO - [36m(head, rank=0, pid=5497)[0m 2026-03-25 11:46:08,484	INFO scripts.py:1033 -- [1m  ray stop[22m
2026-03-25 17:16:10,697 - INFO - [36m(head, rank=0, pid=5497)[0m 2026-03-25 11:46:08,484	INFO scripts.py:1036 -- To view the status of the cluster, use
2026-03-25 17:16:10,697 - INFO - [36m(head, rank=0, pid=5497)[0m 2026-03-25 11:46:08,484	INFO scripts.py:1037 --   [1mray status[22m[26m
2026-03-25 17:16:10,697 - INFO - [36m(head, rank=0, pid=5497)[0m 2026-03-25 11:46:08,484	INFO scripts.py:1041 -- To monitor and debug Ray, view the dashboard at
2026-03-25 17:16:10,697 - INFO - [36m(head, rank=0, pid=5497)[0m 2026-03-25 11:46:08,484	INFO scripts.py:1042 --   [1m172.31.44.42:8265[22m[26m
2026-03-25 17:16:10,697 - INFO - [36m(head, rank=0, pid=5497)[0m 2026-03-25 11:46:08,484	INFO scripts.py:1049 -- [4mIf connection to the dashboard fails, check your firewall settings and network configuration.[24m
2026-03-25 17:16:10,697 - INFO - [36m(head, rank=0, pid=5497)[0m [0;32mHead node started successfully.[0m
2026-03-25 17:16:11,503 - INFO - [36m(head, rank=0, pid=5497)[0m Waiting for all 2 nodes to join...
2026-03-25 17:16:11,503 - INFO - [36m(worker1, rank=1, pid=4342, ip=172.31.46.101)[0m 2026-03-25 11:46:10,380	SUCC scripts.py:1140 -- [32m--------------------[39m
2026-03-25 17:16:12,409 - INFO - [36m(worker1, rank=1, pid=4342, ip=172.31.46.101)[0m 2026-03-25 11:46:10,380	SUCC scripts.py:1141 -- [32mRay runtime started.[39m
2026-03-25 17:16:12,410 - INFO - [36m(worker1, rank=1, pid=4342, ip=172.31.46.101)[0m 2026-03-25 11:46:10,380	SUCC scripts.py:1142 -- [32m--------------------[39m
2026-03-25 17:16:12,410 - INFO - [36m(worker1, rank=1, pid=4342, ip=172.31.46.101)[0m 2026-03-25 11:46:10,380	INFO scripts.py:1144 -- To terminate the Ray runtime, run
2026-03-25 17:16:12,410 - INFO - [36m(worker1, rank=1, pid=4342, ip=172.31.46.101)[0m 2026-03-25 11:46:10,380	INFO scripts.py:1145 -- [1m  ray stop[22m
2026-03-25 17:16:12,410 - INFO - [36m(worker1, rank=1, pid=4342, ip=172.31.46.101)[0m [0;32mWorker node started successfully.[0m
2026-03-25 17:16:12,410 - INFO - [36m(head, rank=0, pid=5497)[0m [0;32mAll 2 nodes have joined.[0m
2026-03-25 17:16:15,831 - INFO - [36m(worker1, rank=1, pid=4342, ip=172.31.46.101)[0m + '[' 1 = 0 ']'
2026-03-25 17:16:16,739 - INFO - [36m(worker1, rank=1, pid=4342, ip=172.31.46.101)[0m + echo 'Cluster ready for benchmarking'
2026-03-25 17:16:16,740 - INFO - [36m(worker1, rank=1, pid=4342, ip=172.31.46.101)[0m Cluster ready for benchmarking
2026-03-25 17:16:16,740 - INFO - [36m(worker1, rank=1, pid=4342, ip=172.31.46.101)[0m ++ findmnt -t fuse.rclone --noheading
2026-03-25 17:16:16,740 - INFO - [36m(worker1, rank=1, pid=4342, ip=172.31.46.101)[0m ++ wc -l
2026-03-25 17:16:16,740 - INFO - [36m(worker1, rank=1, pid=4342, ip=172.31.46.101)[0m + '[' 0 -gt 0 ']'
2026-03-25 17:16:16,740 - INFO - [36m(head, rank=0, pid=5497)[0m + '[' 0 = 0 ']'
2026-03-25 17:16:18,051 - INFO - [36m(head, rank=0, pid=5497)[0m + echo 'Ray cluster started on head node'
2026-03-25 17:16:18,051 - INFO - [36m(head, rank=0, pid=5497)[0m Ray cluster started on head node
2026-03-25 17:16:18,051 - INFO - [36m(head, rank=0, pid=5497)[0m + ray status --address=127.0.0.1:6379
2026-03-25 17:16:18,051 - INFO - [36m(head, rank=0, pid=5497)[0m ======== Autoscaler status: 2026-03-25 11:46:13.818784 ========
2026-03-25 17:16:18,559 - INFO - [36m(head, rank=0, pid=5497)[0m Node status
2026-03-25 17:16:18,559 - INFO - [36m(head, rank=0, pid=5497)[0m ---------------------------------------------------------------
2026-03-25 17:16:18,559 - INFO - [36m(head, rank=0, pid=5497)[0m Active:
2026-03-25 17:16:18,559 - INFO - [36m(head, rank=0, pid=5497)[0m  1 node_d3d4a1a4c91bf227e10a006ef19f0857c3c0ec85dfb645efcc23670d
2026-03-25 17:16:18,559 - INFO - [36m(head, rank=0, pid=5497)[0m  1 node_ea265e45bbad9a6372a393ab7321b8a3a0253e4b6dfcbbf7baf5a61b
2026-03-25 17:16:18,559 - INFO - [36m(head, rank=0, pid=5497)[0m Pending:
2026-03-25 17:16:18,559 - INFO - [36m(head, rank=0, pid=5497)[0m  (no pending nodes)
2026-03-25 17:16:18,559 - INFO - [36m(head, rank=0, pid=5497)[0m Recent failures:
2026-03-25 17:16:18,559 - INFO - [36m(head, rank=0, pid=5497)[0m  (no failures)
2026-03-25 17:16:18,559 - INFO - [36m(head, rank=0, pid=5497)[0m
2026-03-25 17:16:18,559 - INFO - [36m(head, rank=0, pid=5497)[0m Resources
2026-03-25 17:16:18,559 - INFO - [36m(head, rank=0, pid=5497)[0m ---------------------------------------------------------------
2026-03-25 17:16:18,559 - INFO - [36m(head, rank=0, pid=5497)[0m Total Usage:
2026-03-25 17:16:18,559 - INFO - [36m(head, rank=0, pid=5497)[0m  0.0/192.0 CPU
2026-03-25 17:16:18,559 - INFO - [36m(head, rank=0, pid=5497)[0m  0.0/16.0 GPU
2026-03-25 17:16:18,559 - INFO - [36m(head, rank=0, pid=5497)[0m  0B/1.75TiB memory
2026-03-25 17:16:18,559 - INFO - [36m(head, rank=0, pid=5497)[0m  0B/372.53GiB object_store_memory
2026-03-25 17:16:18,559 - INFO - [36m(head, rank=0, pid=5497)[0m
2026-03-25 17:16:18,559 - INFO - [36m(head, rank=0, pid=5497)[0m From request_resources:
2026-03-25 17:16:18,559 - INFO - [36m(head, rank=0, pid=5497)[0m  (none)
2026-03-25 17:16:18,559 - INFO - [36m(head, rank=0, pid=5497)[0m Pending Demands:
2026-03-25 17:16:18,559 - INFO - [36m(head, rank=0, pid=5497)[0m  (no resource demands)
2026-03-25 17:16:18,559 - INFO - [36m(head, rank=0, pid=5497)[0m + PYTHONHASHSEED=0
2026-03-25 17:16:19,669 - INFO - [36m(head, rank=0, pid=5497)[0m + python roofline_benchmarks/benchmark_rf-qwen3-235b-a22b-tp8pp2-A100-80gb.py
2026-03-25 17:16:19,669 - INFO - [36m(head, rank=0, pid=5497)[0m 🚀 Starting vLLM server: /home/ubuntu/sky_workdir/.venv/bin/python -m vllm.entrypoints.openai.api_server --model Qwen/Qwen3-235B-A22B --tensor-parallel-size 8 --pipeline-parallel-size 2 --max-model-len 18432 --gpu-memory-utilization 0.85 --enforce-eager --no-enable-prefix-caching --disable-log-requests --port 8000 --distributed-executor-backend ray
2026-03-25 17:31:54,642 - INFO - [36m(head, rank=0, pid=5497)[0m ⏳ Waiting for server health (timeout=1800s)...
2026-03-25 17:31:54,642 - INFO - 
2026-03-25 17:31:54,979 - INFO - 📋 Useful Commands
2026-03-25 17:31:54,979 - INFO - Job ID: 1
2026-03-25 17:31:54,979 - INFO - ├── To cancel the job:		sky cancel rf-qwen3-235b-a22b-tp8pp2-A100-80gb 1
2026-03-25 17:31:54,979 - INFO - ├── To stream job logs:		sky logs rf-qwen3-235b-a22b-tp8pp2-A100-80gb 1
2026-03-25 17:31:54,979 - INFO - └── To view job queue:		sky queue rf-qwen3-235b-a22b-tp8pp2-A100-80gb
2026-03-25 17:31:54,979 - INFO - Cluster name: rf-qwen3-235b-a22b-tp8pp2-A100-80gb
2026-03-25 17:31:54,980 - INFO - ├── To log into the head VM:	ssh rf-qwen3-235b-a22b-tp8pp2-A100-80gb
2026-03-25 17:31:54,980 - INFO - ├── To submit a job:		sky exec rf-qwen3-235b-a22b-tp8pp2-A100-80gb yaml_file
2026-03-25 17:31:54,980 - INFO - ├── To stop the cluster:	sky stop rf-qwen3-235b-a22b-tp8pp2-A100-80gb
2026-03-25 17:31:54,980 - INFO - └── To teardown the cluster:	sky down rf-qwen3-235b-a22b-tp8pp2-A100-80gb
2026-03-25 17:31:54,980 - ERROR - ❌ Cluster error: Command 'sky launch' returned non-zero exit status 255.
2026-03-25 17:31:54,980 - INFO - 📥 Attempting to fetch results (benchmark may have completed)...
2026-03-25 17:31:54,980 - INFO - 📥 Fetching results.json from cluster...
2026-03-25 17:31:55,814 - WARNING - ⚠️  Could not fetch results: Command '['scp', 'rf-qwen3-235b-a22b-tp8pp2-A100-80gb:/tmp/benchmark_results.json', 'results/aws_p4de_A100_80gb/tp8-pp2-2x_p4de_24xlarge-20260325_165416/results.json']' returned non-zero exit status 255.
2026-03-25 17:31:55,817 - INFO - 📁 Renaming directory: tp8-pp2-2x_p4de_24xlarge-20260325_165416 -> tp8-pp2-2x_p4de_24xlarge-20260325_165416-fail
2026-03-25 17:31:55,818 - INFO - 🗑️  Tearing down rf-qwen3-235b-a22b-tp8pp2-A100-80gb...
