2026-03-26 14:06:26,745 - INFO - Results will be saved to: results/aws_p4de_A100_80gb/tp8-pp2-2x_p4de_24xlarge-20260326_140626
2026-03-26 14:06:26,746 - INFO - 📋 Copied benchmark_client.py to roofline_benchmarks/
2026-03-26 14:06:26,746 - INFO - 📋 Copied prometheus_parser.py to roofline_benchmarks/
2026-03-26 14:06:26,746 - INFO - 🚀 Launching rf-qwen3-235b-a22b-tp8pp2-A100-80gb...
2026-03-26 14:06:26,746 - INFO - YAML to run: roofline_benchmarks/rf-qwen3-235b-a22b-tp8pp2-A100-80gb.yaml
2026-03-26 14:06:26,746 - INFO - Running on cluster: rf-qwen3-235b-a22b-tp8pp2-A100-80gb
2026-03-26 14:06:27,472 - INFO - YAML to run: roofline_benchmarks/rf-qwen3-235b-a22b-tp8pp2-A100-80gb.yaml
2026-03-26 14:06:27,559 - INFO - Running on cluster: rf-qwen3-235b-a22b-tp8pp2-A100-80gb
2026-03-26 14:06:29,105 - INFO - [33mLaunching a spot job that does not automatically recover from preemptions. To get automatic recovery, use managed job instead: [0m[1msky jobs launch[0m [33mor[0m [1msky.jobs.launch()[0m.
2026-03-26 14:06:29,106 - INFO - Considered resources (2 nodes):
2026-03-26 14:06:29,106 - INFO - ---------------------------------------------------------------------------------------------------
2026-03-26 14:06:29,106 - INFO -  INFRA                   INSTANCE              vCPUs   Mem(GB)   GPUS          COST ($)   CHOSEN
2026-03-26 14:06:29,106 - INFO - ---------------------------------------------------------------------------------------------------
2026-03-26 14:06:29,106 - INFO -  AWS (ap-northeast-1a)   p4de.24xlarge[Spot]   96      1152      A100-80GB:8   19.34      [32m   ✔[0m
2026-03-26 14:06:29,106 - INFO - ---------------------------------------------------------------------------------------------------
2026-03-26 14:06:29,106 - INFO - sky.exceptions.ResourcesUnavailableError: [33mFound no quota for p4de.24xlarge spot instances in region ap-northeast-1 in AWS. [0mTo request quotas, check the instruction: https://docs.skypilot.co/en/latest/cloud-setup/quota.html.
2026-03-26 14:06:29,408 - INFO - 
2026-03-26 14:06:29,408 - INFO - [0m[33m↺[0m Trying other potential resources.
2026-03-26 14:06:29,408 - INFO - Considered resources (2 nodes):
2026-03-26 14:06:29,408 - INFO - -------------------------------------------------------------------------------------------------
2026-03-26 14:06:29,408 - INFO -  INFRA                 INSTANCE              vCPUs   Mem(GB)   GPUS          COST ($)   CHOSEN
2026-03-26 14:06:29,408 - INFO - -------------------------------------------------------------------------------------------------
2026-03-26 14:06:29,408 - INFO -  AWS (eu-central-1a)   p4de.24xlarge[Spot]   96      1152      A100-80GB:8   21.26      [32m   ✔[0m
2026-03-26 14:06:29,408 - INFO - -------------------------------------------------------------------------------------------------
2026-03-26 14:06:29,408 - INFO - sky.exceptions.ResourcesUnavailableError: [33mFound no quota for p4de.24xlarge spot instances in region eu-central-1 in AWS. [0mTo request quotas, check the instruction: https://docs.skypilot.co/en/latest/cloud-setup/quota.html.
2026-03-26 14:06:29,508 - INFO - 
2026-03-26 14:06:29,508 - INFO - [0m[33m↺[0m Trying other potential resources.
2026-03-26 14:06:29,508 - INFO - Considered resources (2 nodes):
2026-03-26 14:06:30,112 - INFO - -------------------------------------------------------------------------------------------------
2026-03-26 14:06:30,112 - INFO -  INFRA                 INSTANCE              vCPUs   Mem(GB)   GPUS          COST ($)   CHOSEN
2026-03-26 14:06:30,112 - INFO - -------------------------------------------------------------------------------------------------
2026-03-26 14:06:30,112 - INFO -  AWS (eu-central-1c)   p4de.24xlarge[Spot]   96      1152      A100-80GB:8   26.21      [32m   ✔[0m
2026-03-26 14:06:30,112 - INFO - -------------------------------------------------------------------------------------------------
2026-03-26 14:06:30,112 - INFO - sky.exceptions.ResourcesUnavailableError: [33mFound no quota for p4de.24xlarge spot instances in region eu-central-1 in AWS. [0mTo request quotas, check the instruction: https://docs.skypilot.co/en/latest/cloud-setup/quota.html.
2026-03-26 14:06:30,314 - INFO - 
2026-03-26 14:06:30,314 - INFO - [0m[33m↺[0m Trying other potential resources.
2026-03-26 14:06:30,314 - INFO - Considered resources (2 nodes):
2026-03-26 14:06:31,218 - INFO - ----------------------------------------------------------------------------------------------
2026-03-26 14:06:31,218 - INFO -  INFRA              INSTANCE              vCPUs   Mem(GB)   GPUS          COST ($)   CHOSEN
2026-03-26 14:06:31,218 - INFO - ----------------------------------------------------------------------------------------------
2026-03-26 14:06:31,218 - INFO -  AWS (us-west-2a)   p4de.24xlarge[Spot]   96      1152      A100-80GB:8   27.07      [32m   ✔[0m
2026-03-26 14:06:31,218 - INFO - ----------------------------------------------------------------------------------------------
2026-03-26 14:06:31,218 - INFO - [33mInstance type p4de.24xlarge supports up to 4 EFA interfaces, but `use_internal_ips` is not enabled.
2026-03-26 14:06:31,319 - INFO - Launching with the current configuration will use only 1 EFA interface.
2026-03-26 14:06:31,319 - INFO - To use all 4 EFA interfaces, enable internal IPs by adding one of the following configurations to SkyPilot config:
2026-03-26 14:06:31,319 - INFO - Option 1 (with SSM):
2026-03-26 14:06:31,319 - INFO -   aws:
2026-03-26 14:06:31,319 - INFO -     use_internal_ips: true
2026-03-26 14:06:31,319 - INFO -     use_ssm: true
2026-03-26 14:06:31,319 - INFO - Option 2 (with SSH proxy):
2026-03-26 14:06:31,319 - INFO -   aws:
2026-03-26 14:06:31,319 - INFO -     use_internal_ips: true
2026-03-26 14:06:31,319 - INFO -     ssh_proxy_command: ssh -W %h:%p -i <ssh key path> -o StrictHostKeyChecking=no <user>@<jump server public ip>
2026-03-26 14:06:31,319 - INFO - Refer to https://docs.skypilot.co/en/latest/reference/config.html#aws-use-internal-ips for more details.[0m
2026-03-26 14:06:31,319 - INFO - [0m⚙︎ Launching on AWS us-west-2[0m (us-west-2a).
2026-03-26 14:06:51,212 - INFO - [2mW 03-26 14:06:51.132 PID=2248878 instance.py:288] create_instances: Attempt failed with An error occurred (InsufficientInstanceCapacity) when calling the RunInstances operation (reached max retries: 0): We currently do not have sufficient p4de.24xlarge capacity in the Availability Zone you requested (us-west-2a). Our system will be working on provisioning additional capacity. You can currently get p4de.24xlarge capacity by not specifying an Availability Zone in your request or choosing us-west-2b, us-west-2c.[0m
2026-03-26 14:06:54,429 - INFO - AWS handler error: Failed to launch instances. Max attempts exceeded.
2026-03-26 14:06:54,531 - INFO - sky.exceptions.ResourcesUnavailableError: Failed to acquire resources in us-west-2a for {AWS(p4de.24xlarge[Spot], mem=64.0+, {'A100-80GB': 8}, network_tier=best, disk_size=1000)}.
2026-03-26 14:06:54,531 - INFO - 
2026-03-26 14:06:54,631 - INFO - [0m[33m↺[0m Trying other potential resources.
2026-03-26 14:06:54,631 - INFO - Considered resources (2 nodes):
2026-03-26 14:06:55,539 - INFO - ----------------------------------------------------------------------------------------------
2026-03-26 14:06:55,539 - INFO -  INFRA              INSTANCE              vCPUs   Mem(GB)   GPUS          COST ($)   CHOSEN
2026-03-26 14:06:55,539 - INFO - ----------------------------------------------------------------------------------------------
2026-03-26 14:06:55,539 - INFO -  AWS (us-west-2c)   p4de.24xlarge[Spot]   96      1152      A100-80GB:8   30.74      [32m   ✔[0m
2026-03-26 14:06:55,539 - INFO - ----------------------------------------------------------------------------------------------
2026-03-26 14:06:55,539 - INFO - [33mInstance type p4de.24xlarge supports up to 4 EFA interfaces, but `use_internal_ips` is not enabled.
2026-03-26 14:06:55,640 - INFO - Launching with the current configuration will use only 1 EFA interface.
2026-03-26 14:06:55,640 - INFO - To use all 4 EFA interfaces, enable internal IPs by adding one of the following configurations to SkyPilot config:
2026-03-26 14:06:55,640 - INFO - Option 1 (with SSM):
2026-03-26 14:06:55,640 - INFO -   aws:
2026-03-26 14:06:55,640 - INFO -     use_internal_ips: true
2026-03-26 14:06:55,640 - INFO -     use_ssm: true
2026-03-26 14:06:55,640 - INFO - Option 2 (with SSH proxy):
2026-03-26 14:06:55,640 - INFO -   aws:
2026-03-26 14:06:55,640 - INFO -     use_internal_ips: true
2026-03-26 14:06:55,640 - INFO -     ssh_proxy_command: ssh -W %h:%p -i <ssh key path> -o StrictHostKeyChecking=no <user>@<jump server public ip>
2026-03-26 14:06:55,640 - INFO - Refer to https://docs.skypilot.co/en/latest/reference/config.html#aws-use-internal-ips for more details.[0m
2026-03-26 14:06:55,640 - INFO - [0m⚙︎ Launching on AWS us-west-2[0m (us-west-2c).
2026-03-26 14:07:13,727 - INFO - [2mW 03-26 14:07:13.671 PID=2248878 instance.py:288] create_instances: Attempt failed with An error occurred (InsufficientInstanceCapacity) when calling the RunInstances operation (reached max retries: 0): We currently do not have sufficient p4de.24xlarge capacity in the Availability Zone you requested (us-west-2c). Our system will be working on provisioning additional capacity. You can currently get p4de.24xlarge capacity by not specifying an Availability Zone in your request or choosing us-west-2a, us-west-2b.[0m
2026-03-26 14:07:16,741 - INFO - AWS handler error: Failed to launch instances. Max attempts exceeded.
2026-03-26 14:07:16,842 - INFO - sky.exceptions.ResourcesUnavailableError: Failed to acquire resources in us-west-2c for {AWS(p4de.24xlarge[Spot], mem=64.0+, {'A100-80GB': 8}, network_tier=best, disk_size=1000)}.
2026-03-26 14:07:16,943 - INFO - 
2026-03-26 14:07:16,943 - INFO - [0m[33m↺[0m Trying other potential resources.
2026-03-26 14:07:16,943 - INFO - Considered resources (2 nodes):
2026-03-26 14:07:17,546 - INFO - ---------------------------------------------------------------------------------------------------
2026-03-26 14:07:17,547 - INFO -  INFRA                   INSTANCE              vCPUs   Mem(GB)   GPUS          COST ($)   CHOSEN
2026-03-26 14:07:17,547 - INFO - ---------------------------------------------------------------------------------------------------
2026-03-26 14:07:17,547 - INFO -  AWS (ap-northeast-1c)   p4de.24xlarge[Spot]   96      1152      A100-80GB:8   32.78      [32m   ✔[0m
2026-03-26 14:07:17,547 - INFO - ---------------------------------------------------------------------------------------------------
2026-03-26 14:07:17,547 - INFO - sky.exceptions.ResourcesUnavailableError: [33mFound no quota for p4de.24xlarge spot instances in region ap-northeast-1 in AWS. [0mTo request quotas, check the instruction: https://docs.skypilot.co/en/latest/cloud-setup/quota.html.
2026-03-26 14:07:17,747 - INFO - 
2026-03-26 14:07:17,747 - INFO - [0m[33m↺[0m Trying other potential resources.
2026-03-26 14:07:17,747 - INFO - Considered resources (2 nodes):
2026-03-26 14:07:18,652 - INFO - ----------------------------------------------------------------------------------------------
2026-03-26 14:07:18,652 - INFO -  INFRA              INSTANCE              vCPUs   Mem(GB)   GPUS          COST ($)   CHOSEN
2026-03-26 14:07:18,652 - INFO - ----------------------------------------------------------------------------------------------
2026-03-26 14:07:18,652 - INFO -  AWS (us-west-2b)   p4de.24xlarge[Spot]   96      1152      A100-80GB:8   34.02      [32m   ✔[0m
2026-03-26 14:07:18,652 - INFO - ----------------------------------------------------------------------------------------------
2026-03-26 14:07:18,652 - INFO - [33mInstance type p4de.24xlarge supports up to 4 EFA interfaces, but `use_internal_ips` is not enabled.
2026-03-26 14:07:18,752 - INFO - Launching with the current configuration will use only 1 EFA interface.
2026-03-26 14:07:18,752 - INFO - To use all 4 EFA interfaces, enable internal IPs by adding one of the following configurations to SkyPilot config:
2026-03-26 14:07:18,752 - INFO - Option 1 (with SSM):
2026-03-26 14:07:18,752 - INFO -   aws:
2026-03-26 14:07:18,752 - INFO -     use_internal_ips: true
2026-03-26 14:07:18,752 - INFO -     use_ssm: true
2026-03-26 14:07:18,752 - INFO - Option 2 (with SSH proxy):
2026-03-26 14:07:18,753 - INFO -   aws:
2026-03-26 14:07:18,753 - INFO -     use_internal_ips: true
2026-03-26 14:07:18,753 - INFO -     ssh_proxy_command: ssh -W %h:%p -i <ssh key path> -o StrictHostKeyChecking=no <user>@<jump server public ip>
2026-03-26 14:07:18,753 - INFO - Refer to https://docs.skypilot.co/en/latest/reference/config.html#aws-use-internal-ips for more details.[0m
2026-03-26 14:07:18,753 - INFO - [0m⚙︎ Launching on AWS us-west-2[0m (us-west-2b).
2026-03-26 14:07:36,452 - INFO - [2mW 03-26 14:07:36.364 PID=2248878 instance.py:288] create_instances: Attempt failed with An error occurred (InsufficientInstanceCapacity) when calling the RunInstances operation (reached max retries: 0): We currently do not have sufficient p4de.24xlarge capacity in the Availability Zone you requested (us-west-2b). Our system will be working on provisioning additional capacity. You can currently get p4de.24xlarge capacity by not specifying an Availability Zone in your request or choosing us-west-2a, us-west-2c.[0m
2026-03-26 14:07:39,569 - INFO - AWS handler error: Failed to launch instances. Max attempts exceeded.
2026-03-26 14:07:39,670 - INFO - sky.exceptions.ResourcesUnavailableError: Failed to acquire resources in us-west-2b for {AWS(p4de.24xlarge[Spot], mem=64.0+, {'A100-80GB': 8}, network_tier=best, disk_size=1000)}.
2026-03-26 14:07:39,670 - INFO - 
2026-03-26 14:07:39,770 - INFO - [0m[33m↺[0m Trying other potential resources.
2026-03-26 14:07:39,770 - INFO - Considered resources (2 nodes):
2026-03-26 14:07:40,677 - INFO - ----------------------------------------------------------------------------------------------
2026-03-26 14:07:40,677 - INFO -  INFRA              INSTANCE              vCPUs   Mem(GB)   GPUS          COST ($)   CHOSEN
2026-03-26 14:07:40,677 - INFO - ----------------------------------------------------------------------------------------------
2026-03-26 14:07:40,677 - INFO -  AWS (us-east-1a)   p4de.24xlarge[Spot]   96      1152      A100-80GB:8   38.20      [32m   ✔[0m
2026-03-26 14:07:40,677 - INFO - ----------------------------------------------------------------------------------------------
2026-03-26 14:07:40,677 - INFO - [33mInstance type p4de.24xlarge supports up to 4 EFA interfaces, but `use_internal_ips` is not enabled.
2026-03-26 14:07:40,778 - INFO - Launching with the current configuration will use only 1 EFA interface.
2026-03-26 14:07:40,778 - INFO - To use all 4 EFA interfaces, enable internal IPs by adding one of the following configurations to SkyPilot config:
2026-03-26 14:07:40,778 - INFO - Option 1 (with SSM):
2026-03-26 14:07:40,778 - INFO -   aws:
2026-03-26 14:07:40,778 - INFO -     use_internal_ips: true
2026-03-26 14:07:40,778 - INFO -     use_ssm: true
2026-03-26 14:07:40,778 - INFO - Option 2 (with SSH proxy):
2026-03-26 14:07:40,778 - INFO -   aws:
2026-03-26 14:07:40,778 - INFO -     use_internal_ips: true
2026-03-26 14:07:40,778 - INFO -     ssh_proxy_command: ssh -W %h:%p -i <ssh key path> -o StrictHostKeyChecking=no <user>@<jump server public ip>
2026-03-26 14:07:40,779 - INFO - Refer to https://docs.skypilot.co/en/latest/reference/config.html#aws-use-internal-ips for more details.[0m
2026-03-26 14:07:40,779 - INFO - [0m⚙︎ Launching on AWS us-east-1[0m (us-east-1a).
2026-03-26 14:08:00,482 - INFO - [2mW 03-26 14:08:00.450 PID=2248878 instance.py:288] create_instances: Attempt failed with An error occurred (MaxSpotInstanceCountExceeded) when calling the RunInstances operation: Max spot instance count exceeded[0m
2026-03-26 14:08:03,398 - INFO - AWS handler error: Failed to launch instances. Max attempts exceeded.
2026-03-26 14:08:03,600 - INFO - sky.exceptions.ResourcesUnavailableError: Failed to acquire resources in us-east-1a for {AWS(p4de.24xlarge[Spot], mem=64.0+, {'A100-80GB': 8}, network_tier=best, disk_size=1000)}.
2026-03-26 14:08:03,600 - INFO - 
2026-03-26 14:08:03,600 - INFO - [0m[33m↺[0m Trying other potential resources.
2026-03-26 14:08:03,600 - INFO - Considered resources (2 nodes):
2026-03-26 14:08:03,901 - INFO - ---------------------------------------------------------------------------------------------------
2026-03-26 14:08:03,901 - INFO -  INFRA                   INSTANCE              vCPUs   Mem(GB)   GPUS          COST ($)   CHOSEN
2026-03-26 14:08:03,901 - INFO - ---------------------------------------------------------------------------------------------------
2026-03-26 14:08:03,901 - INFO -  AWS (ap-southeast-1a)   p4de.24xlarge[Spot]   96      1152      A100-80GB:8   40.14      [32m   ✔[0m
2026-03-26 14:08:03,901 - INFO - ---------------------------------------------------------------------------------------------------
2026-03-26 14:08:03,901 - INFO - sky.exceptions.ResourcesUnavailableError: [33mFound no quota for p4de.24xlarge spot instances in region ap-southeast-1 in AWS. [0mTo request quotas, check the instruction: https://docs.skypilot.co/en/latest/cloud-setup/quota.html.
2026-03-26 14:08:04,002 - INFO - 
2026-03-26 14:08:04,203 - INFO - [0m[33m↺[0m Trying other potential resources.
2026-03-26 14:08:04,204 - INFO - Considered resources (2 nodes):
2026-03-26 14:08:05,006 - INFO - ----------------------------------------------------------------------------------------------
2026-03-26 14:08:05,006 - INFO -  INFRA              INSTANCE              vCPUs   Mem(GB)   GPUS          COST ($)   CHOSEN
2026-03-26 14:08:05,006 - INFO - ----------------------------------------------------------------------------------------------
2026-03-26 14:08:05,006 - INFO -  AWS (us-east-1d)   p4de.24xlarge[Spot]   96      1152      A100-80GB:8   54.89      [32m   ✔[0m
2026-03-26 14:08:05,006 - INFO - ----------------------------------------------------------------------------------------------
2026-03-26 14:08:05,006 - INFO - [33mInstance type p4de.24xlarge supports up to 4 EFA interfaces, but `use_internal_ips` is not enabled.
2026-03-26 14:08:05,107 - INFO - Launching with the current configuration will use only 1 EFA interface.
2026-03-26 14:08:05,107 - INFO - To use all 4 EFA interfaces, enable internal IPs by adding one of the following configurations to SkyPilot config:
2026-03-26 14:08:05,108 - INFO - Option 1 (with SSM):
2026-03-26 14:08:05,108 - INFO -   aws:
2026-03-26 14:08:05,108 - INFO -     use_internal_ips: true
2026-03-26 14:08:05,108 - INFO -     use_ssm: true
2026-03-26 14:08:05,108 - INFO - Option 2 (with SSH proxy):
2026-03-26 14:08:05,108 - INFO -   aws:
2026-03-26 14:08:05,108 - INFO -     use_internal_ips: true
2026-03-26 14:08:05,108 - INFO -     ssh_proxy_command: ssh -W %h:%p -i <ssh key path> -o StrictHostKeyChecking=no <user>@<jump server public ip>
2026-03-26 14:08:05,108 - INFO - Refer to https://docs.skypilot.co/en/latest/reference/config.html#aws-use-internal-ips for more details.[0m
2026-03-26 14:08:05,108 - INFO - [0m⚙︎ Launching on AWS us-east-1[0m (us-east-1d).
2026-03-26 14:08:22,208 - INFO - [2mW 03-26 14:08:22.190 PID=2248878 instance.py:288] create_instances: Attempt failed with An error occurred (InsufficientInstanceCapacity) when calling the RunInstances operation (reached max retries: 0): We currently do not have sufficient p4de.24xlarge capacity in the Availability Zone you requested (us-east-1d). Our system will be working on provisioning additional capacity. You can currently get p4de.24xlarge capacity by not specifying an Availability Zone in your request or choosing us-east-1a.[0m
2026-03-26 14:08:25,128 - INFO - AWS handler error: Failed to launch instances. Max attempts exceeded.
2026-03-26 14:08:25,229 - INFO - sky.exceptions.ResourcesUnavailableError: Failed to acquire resources in us-east-1d for {AWS(p4de.24xlarge[Spot], mem=64.0+, {'A100-80GB': 8}, network_tier=best, disk_size=1000)}.
2026-03-26 14:08:25,430 - INFO - 
2026-03-26 14:08:25,430 - INFO - [0m[33m↺[0m Trying other potential resources.
2026-03-26 14:08:25,430 - INFO - Considered resources (2 nodes):
2026-03-26 14:08:25,832 - INFO - ---------------------------------------------------------------------------------------------------
2026-03-26 14:08:25,832 - INFO -  INFRA                   INSTANCE              vCPUs   Mem(GB)   GPUS          COST ($)   CHOSEN
2026-03-26 14:08:25,832 - INFO - ---------------------------------------------------------------------------------------------------
2026-03-26 14:08:25,832 - INFO -  AWS (ap-southeast-1c)   p4de.24xlarge[Spot]   96      1152      A100-80GB:8   65.87      [32m   ✔[0m
2026-03-26 14:08:25,832 - INFO - ---------------------------------------------------------------------------------------------------
2026-03-26 14:08:25,832 - INFO - sky.exceptions.ResourcesUnavailableError: [33mFound no quota for p4de.24xlarge spot instances in region ap-southeast-1 in AWS. [0mTo request quotas, check the instruction: https://docs.skypilot.co/en/latest/cloud-setup/quota.html.
2026-03-26 14:08:26,739 - INFO - 
2026-03-26 14:08:26,739 - INFO - [0m[33m↺[0m Trying other potential resources.
2026-03-26 14:08:26,739 - INFO - 
2026-03-26 14:08:57,321 - INFO - [?25h[31mFailed to provision all possible launchable resources.[0m Relax the task's resource requirements: 2x AWS(p4de.24xlarge[Spot], mem=64.0+, {'A100-80GB': 8}, network_tier=best, disk_size=1000)
2026-03-26 14:08:57,321 - INFO - 
2026-03-26 14:08:57,321 - INFO - [0m[33m↺[0m Retry after 30s  [2mView logs: [1msky logs --provision rf-qwen3-235b-a22b-tp8pp2-A100-80gb[0m[0m[0m
2026-03-26 14:08:57,321 - INFO - [33mLaunching a spot job that does not automatically recover from preemptions. To get automatic recovery, use managed job instead: [0m[1msky jobs launch[0m [33mor[0m [1msky.jobs.launch()[0m.
2026-03-26 14:08:57,321 - INFO - Considered resources (2 nodes):
2026-03-26 14:08:57,423 - INFO - ---------------------------------------------------------------------------------------------------
2026-03-26 14:08:57,928 - INFO -  INFRA                   INSTANCE              vCPUs   Mem(GB)   GPUS          COST ($)   CHOSEN
2026-03-26 14:08:57,928 - INFO - ---------------------------------------------------------------------------------------------------
2026-03-26 14:08:57,928 - INFO -  AWS (ap-northeast-1a)   p4de.24xlarge[Spot]   96      1152      A100-80GB:8   24.02      [32m   ✔[0m
2026-03-26 14:08:57,928 - INFO - ---------------------------------------------------------------------------------------------------
2026-03-26 14:08:57,928 - INFO - sky.exceptions.ResourcesUnavailableError: [33mFound no quota for p4de.24xlarge spot instances in region ap-northeast-1 in AWS. [0mTo request quotas, check the instruction: https://docs.skypilot.co/en/latest/cloud-setup/quota.html.
2026-03-26 14:08:58,028 - INFO - 
2026-03-26 14:08:58,028 - INFO - [0m[33m↺[0m Trying other potential resources.
2026-03-26 14:08:58,028 - INFO - Considered resources (2 nodes):
2026-03-26 14:08:58,534 - INFO - ---------------------------------------------------------------------------------------------------
2026-03-26 14:08:58,534 - INFO -  INFRA                   INSTANCE              vCPUs   Mem(GB)   GPUS          COST ($)   CHOSEN
2026-03-26 14:08:58,534 - INFO - ---------------------------------------------------------------------------------------------------
2026-03-26 14:08:58,534 - INFO -  AWS (ap-northeast-1c)   p4de.24xlarge[Spot]   96      1152      A100-80GB:8   28.71      [32m   ✔[0m
2026-03-26 14:08:58,534 - INFO - ---------------------------------------------------------------------------------------------------
2026-03-26 14:08:58,534 - INFO - sky.exceptions.ResourcesUnavailableError: [33mFound no quota for p4de.24xlarge spot instances in region ap-northeast-1 in AWS. [0mTo request quotas, check the instruction: https://docs.skypilot.co/en/latest/cloud-setup/quota.html.
2026-03-26 14:08:58,635 - INFO - 
2026-03-26 14:08:58,635 - INFO - [0m[33m↺[0m Trying other potential resources.
2026-03-26 14:08:58,635 - INFO - Considered resources (2 nodes):
2026-03-26 14:08:58,736 - INFO - -------------------------------------------------------------------------------------------------
2026-03-26 14:08:59,339 - INFO -  INFRA                 INSTANCE              vCPUs   Mem(GB)   GPUS          COST ($)   CHOSEN
2026-03-26 14:08:59,339 - INFO - -------------------------------------------------------------------------------------------------
2026-03-26 14:08:59,339 - INFO -  AWS (eu-central-1c)   p4de.24xlarge[Spot]   96      1152      A100-80GB:8   29.85      [32m   ✔[0m
2026-03-26 14:08:59,339 - INFO - -------------------------------------------------------------------------------------------------
2026-03-26 14:08:59,339 - INFO - sky.exceptions.ResourcesUnavailableError: [33mFound no quota for p4de.24xlarge spot instances in region eu-central-1 in AWS. [0mTo request quotas, check the instruction: https://docs.skypilot.co/en/latest/cloud-setup/quota.html.
2026-03-26 14:08:59,440 - INFO - 
2026-03-26 14:08:59,440 - INFO - [0m[33m↺[0m Trying other potential resources.
2026-03-26 14:08:59,441 - INFO - Considered resources (2 nodes):
2026-03-26 14:09:00,347 - INFO - ----------------------------------------------------------------------------------------------
2026-03-26 14:09:00,347 - INFO -  INFRA              INSTANCE              vCPUs   Mem(GB)   GPUS          COST ($)   CHOSEN
2026-03-26 14:09:00,347 - INFO - ----------------------------------------------------------------------------------------------
2026-03-26 14:09:00,347 - INFO -  AWS (us-west-2c)   p4de.24xlarge[Spot]   96      1152      A100-80GB:8   32.16      [32m   ✔[0m
2026-03-26 14:09:00,347 - INFO - ----------------------------------------------------------------------------------------------
2026-03-26 14:09:00,347 - INFO - [33mInstance type p4de.24xlarge supports up to 4 EFA interfaces, but `use_internal_ips` is not enabled.
2026-03-26 14:09:00,448 - INFO - Launching with the current configuration will use only 1 EFA interface.
2026-03-26 14:09:00,448 - INFO - To use all 4 EFA interfaces, enable internal IPs by adding one of the following configurations to SkyPilot config:
2026-03-26 14:09:00,449 - INFO - Option 1 (with SSM):
2026-03-26 14:09:00,449 - INFO -   aws:
2026-03-26 14:09:00,449 - INFO -     use_internal_ips: true
2026-03-26 14:09:00,449 - INFO -     use_ssm: true
2026-03-26 14:09:00,449 - INFO - Option 2 (with SSH proxy):
2026-03-26 14:09:00,449 - INFO -   aws:
2026-03-26 14:09:00,449 - INFO -     use_internal_ips: true
2026-03-26 14:09:00,449 - INFO -     ssh_proxy_command: ssh -W %h:%p -i <ssh key path> -o StrictHostKeyChecking=no <user>@<jump server public ip>
2026-03-26 14:09:00,449 - INFO - Refer to https://docs.skypilot.co/en/latest/reference/config.html#aws-use-internal-ips for more details.[0m
2026-03-26 14:09:00,449 - INFO - [0m⚙︎ Launching on AWS us-west-2[0m (us-west-2c).
2026-03-26 14:09:20,945 - INFO - [2mW 03-26 14:09:20.911 PID=743527 instance.py:288] create_instances: Attempt failed with An error occurred (InsufficientInstanceCapacity) when calling the RunInstances operation (reached max retries: 0): We currently do not have sufficient p4de.24xlarge capacity in the Availability Zone you requested (us-west-2c). Our system will be working on provisioning additional capacity. You can currently get p4de.24xlarge capacity by not specifying an Availability Zone in your request or choosing us-west-2a, us-west-2b.[0m
2026-03-26 14:09:25,066 - INFO - AWS handler error: Failed to launch instances. Max attempts exceeded.
2026-03-26 14:09:25,267 - INFO - sky.exceptions.ResourcesUnavailableError: Failed to acquire resources in us-west-2c for {AWS(p4de.24xlarge[Spot], mem=64.0+, {'A100-80GB': 8}, network_tier=best, disk_size=1000)}.
2026-03-26 14:09:25,267 - INFO - 
2026-03-26 14:09:25,267 - INFO - [0m[33m↺[0m Trying other potential resources.
2026-03-26 14:09:25,267 - INFO - Considered resources (2 nodes):
2026-03-26 14:09:27,782 - INFO - -------------------------------------------------------------------------------------------------
2026-03-26 14:09:27,782 - INFO -  INFRA                 INSTANCE              vCPUs   Mem(GB)   GPUS          COST ($)   CHOSEN
2026-03-26 14:09:27,782 - INFO - -------------------------------------------------------------------------------------------------
2026-03-26 14:09:27,782 - INFO -  AWS (eu-central-1a)   p4de.24xlarge[Spot]   96      1152      A100-80GB:8   32.33      [32m   ✔[0m
2026-03-26 14:09:27,782 - INFO - -------------------------------------------------------------------------------------------------
2026-03-26 14:09:27,782 - INFO - sky.exceptions.ResourcesUnavailableError: [33mFound no quota for p4de.24xlarge spot instances in region eu-central-1 in AWS. [0mTo request quotas, check the instruction: https://docs.skypilot.co/en/latest/cloud-setup/quota.html.
2026-03-26 14:09:27,882 - INFO - 
2026-03-26 14:09:27,883 - INFO - [0m[33m↺[0m Trying other potential resources.
2026-03-26 14:09:27,883 - INFO - Considered resources (2 nodes):
2026-03-26 14:09:28,791 - INFO - ----------------------------------------------------------------------------------------------
2026-03-26 14:09:28,791 - INFO -  INFRA              INSTANCE              vCPUs   Mem(GB)   GPUS          COST ($)   CHOSEN
2026-03-26 14:09:28,791 - INFO - ----------------------------------------------------------------------------------------------
2026-03-26 14:09:28,791 - INFO -  AWS (us-west-2b)   p4de.24xlarge[Spot]   96      1152      A100-80GB:8   34.35      [32m   ✔[0m
2026-03-26 14:09:28,791 - INFO - ----------------------------------------------------------------------------------------------
2026-03-26 14:09:28,791 - INFO - [33mInstance type p4de.24xlarge supports up to 4 EFA interfaces, but `use_internal_ips` is not enabled.
2026-03-26 14:09:28,993 - INFO - Launching with the current configuration will use only 1 EFA interface.
2026-03-26 14:09:28,993 - INFO - To use all 4 EFA interfaces, enable internal IPs by adding one of the following configurations to SkyPilot config:
2026-03-26 14:09:28,993 - INFO - Option 1 (with SSM):
2026-03-26 14:09:28,993 - INFO -   aws:
2026-03-26 14:09:28,993 - INFO -     use_internal_ips: true
2026-03-26 14:09:28,993 - INFO -     use_ssm: true
2026-03-26 14:09:28,993 - INFO - Option 2 (with SSH proxy):
2026-03-26 14:09:28,993 - INFO -   aws:
2026-03-26 14:09:28,993 - INFO -     use_internal_ips: true
2026-03-26 14:09:28,993 - INFO -     ssh_proxy_command: ssh -W %h:%p -i <ssh key path> -o StrictHostKeyChecking=no <user>@<jump server public ip>
2026-03-26 14:09:28,993 - INFO - Refer to https://docs.skypilot.co/en/latest/reference/config.html#aws-use-internal-ips for more details.[0m
2026-03-26 14:09:28,993 - INFO - [0m⚙︎ Launching on AWS us-west-2[0m (us-west-2b).
2026-03-26 14:09:49,005 - INFO - [2mW 03-26 14:09:48.938 PID=743527 instance.py:288] create_instances: Attempt failed with An error occurred (InsufficientInstanceCapacity) when calling the RunInstances operation (reached max retries: 0): We currently do not have sufficient p4de.24xlarge capacity in the Availability Zone you requested (us-west-2b). Our system will be working on provisioning additional capacity. You can currently get p4de.24xlarge capacity by not specifying an Availability Zone in your request or choosing us-west-2a, us-west-2c.[0m
2026-03-26 14:09:53,023 - INFO - AWS handler error: Failed to launch instances. Max attempts exceeded.
2026-03-26 14:09:53,225 - INFO - sky.exceptions.ResourcesUnavailableError: Failed to acquire resources in us-west-2b for {AWS(p4de.24xlarge[Spot], mem=64.0+, {'A100-80GB': 8}, network_tier=best, disk_size=1000)}.
2026-03-26 14:09:53,225 - INFO - 
2026-03-26 14:09:53,225 - INFO - [0m[33m↺[0m Trying other potential resources.
2026-03-26 14:09:53,225 - INFO - Considered resources (2 nodes):
2026-03-26 14:09:54,029 - INFO - ----------------------------------------------------------------------------------------------
2026-03-26 14:09:54,029 - INFO -  INFRA              INSTANCE              vCPUs   Mem(GB)   GPUS          COST ($)   CHOSEN
2026-03-26 14:09:54,029 - INFO - ----------------------------------------------------------------------------------------------
2026-03-26 14:09:54,029 - INFO -  AWS (us-east-1a)   p4de.24xlarge[Spot]   96      1152      A100-80GB:8   36.92      [32m   ✔[0m
2026-03-26 14:09:54,029 - INFO - ----------------------------------------------------------------------------------------------
2026-03-26 14:09:54,029 - INFO - [33mInstance type p4de.24xlarge supports up to 4 EFA interfaces, but `use_internal_ips` is not enabled.
2026-03-26 14:09:54,131 - INFO - Launching with the current configuration will use only 1 EFA interface.
2026-03-26 14:09:54,131 - INFO - To use all 4 EFA interfaces, enable internal IPs by adding one of the following configurations to SkyPilot config:
2026-03-26 14:09:54,131 - INFO - Option 1 (with SSM):
2026-03-26 14:09:54,131 - INFO -   aws:
2026-03-26 14:09:54,131 - INFO -     use_internal_ips: true
2026-03-26 14:09:54,131 - INFO -     use_ssm: true
2026-03-26 14:09:54,131 - INFO - Option 2 (with SSH proxy):
2026-03-26 14:09:54,131 - INFO -   aws:
2026-03-26 14:09:54,131 - INFO -     use_internal_ips: true
2026-03-26 14:09:54,131 - INFO -     ssh_proxy_command: ssh -W %h:%p -i <ssh key path> -o StrictHostKeyChecking=no <user>@<jump server public ip>
2026-03-26 14:09:54,131 - INFO - Refer to https://docs.skypilot.co/en/latest/reference/config.html#aws-use-internal-ips for more details.[0m
2026-03-26 14:09:54,131 - INFO - [0m⚙︎ Launching on AWS us-east-1[0m (us-east-1a).
2026-03-26 14:10:13,637 - INFO - [2mW 03-26 14:10:13.600 PID=743527 instance.py:288] create_instances: Attempt failed with An error occurred (MaxSpotInstanceCountExceeded) when calling the RunInstances operation: Max spot instance count exceeded[0m
2026-03-26 14:10:17,659 - INFO - AWS handler error: Failed to launch instances. Max attempts exceeded.
2026-03-26 14:10:17,761 - INFO - sky.exceptions.ResourcesUnavailableError: Failed to acquire resources in us-east-1a for {AWS(p4de.24xlarge[Spot], mem=64.0+, {'A100-80GB': 8}, network_tier=best, disk_size=1000)}.
2026-03-26 14:10:17,761 - INFO - 
2026-03-26 14:10:17,862 - INFO - [0m[33m↺[0m Trying other potential resources.
2026-03-26 14:10:17,862 - INFO - Considered resources (2 nodes):
2026-03-26 14:10:19,073 - INFO - ----------------------------------------------------------------------------------------------
2026-03-26 14:10:19,073 - INFO -  INFRA              INSTANCE              vCPUs   Mem(GB)   GPUS          COST ($)   CHOSEN
2026-03-26 14:10:19,073 - INFO - ----------------------------------------------------------------------------------------------
2026-03-26 14:10:19,073 - INFO -  AWS (us-west-2a)   p4de.24xlarge[Spot]   96      1152      A100-80GB:8   39.18      [32m   ✔[0m
2026-03-26 14:10:19,073 - INFO - ----------------------------------------------------------------------------------------------
2026-03-26 14:10:19,073 - INFO - [33mInstance type p4de.24xlarge supports up to 4 EFA interfaces, but `use_internal_ips` is not enabled.
2026-03-26 14:10:19,174 - INFO - Launching with the current configuration will use only 1 EFA interface.
2026-03-26 14:10:19,174 - INFO - To use all 4 EFA interfaces, enable internal IPs by adding one of the following configurations to SkyPilot config:
2026-03-26 14:10:19,174 - INFO - Option 1 (with SSM):
2026-03-26 14:10:19,174 - INFO -   aws:
2026-03-26 14:10:19,174 - INFO -     use_internal_ips: true
2026-03-26 14:10:19,174 - INFO -     use_ssm: true
2026-03-26 14:10:19,174 - INFO - Option 2 (with SSH proxy):
2026-03-26 14:10:19,174 - INFO -   aws:
2026-03-26 14:10:19,174 - INFO -     use_internal_ips: true
2026-03-26 14:10:19,174 - INFO -     ssh_proxy_command: ssh -W %h:%p -i <ssh key path> -o StrictHostKeyChecking=no <user>@<jump server public ip>
2026-03-26 14:10:19,174 - INFO - Refer to https://docs.skypilot.co/en/latest/reference/config.html#aws-use-internal-ips for more details.[0m
2026-03-26 14:10:19,174 - INFO - [0m⚙︎ Launching on AWS us-west-2[0m (us-west-2a).
2026-03-26 14:10:38,381 - INFO - [2mW 03-26 14:10:38.312 PID=743527 instance.py:288] create_instances: Attempt failed with An error occurred (InsufficientInstanceCapacity) when calling the RunInstances operation (reached max retries: 0): We currently do not have sufficient p4de.24xlarge capacity in the Availability Zone you requested (us-west-2a). Our system will be working on provisioning additional capacity. You can currently get p4de.24xlarge capacity by not specifying an Availability Zone in your request or choosing us-west-2b, us-west-2c.[0m
2026-03-26 14:10:42,302 - INFO - AWS handler error: Failed to launch instances. Max attempts exceeded.
2026-03-26 14:10:42,505 - INFO - sky.exceptions.ResourcesUnavailableError: Failed to acquire resources in us-west-2a for {AWS(p4de.24xlarge[Spot], mem=64.0+, {'A100-80GB': 8}, network_tier=best, disk_size=1000)}.
2026-03-26 14:10:42,505 - INFO - 
2026-03-26 14:10:42,505 - INFO - [0m[33m↺[0m Trying other potential resources.
2026-03-26 14:10:42,505 - INFO - Considered resources (2 nodes):
2026-03-26 14:10:43,310 - INFO - ----------------------------------------------------------------------------------------------
2026-03-26 14:10:43,310 - INFO -  INFRA              INSTANCE              vCPUs   Mem(GB)   GPUS          COST ($)   CHOSEN
2026-03-26 14:10:43,310 - INFO - ----------------------------------------------------------------------------------------------
2026-03-26 14:10:43,310 - INFO -  AWS (us-east-1d)   p4de.24xlarge[Spot]   96      1152      A100-80GB:8   49.02      [32m   ✔[0m
2026-03-26 14:10:43,310 - INFO - ----------------------------------------------------------------------------------------------
2026-03-26 14:10:43,310 - INFO - [33mInstance type p4de.24xlarge supports up to 4 EFA interfaces, but `use_internal_ips` is not enabled.
2026-03-26 14:11:02,423 - INFO - Launching with the current configuration will use only 1 EFA interface.
2026-03-26 14:11:02,423 - INFO - To use all 4 EFA interfaces, enable internal IPs by adding one of the following configurations to SkyPilot config:
2026-03-26 14:11:02,423 - INFO - Option 1 (with SSM):
2026-03-26 14:11:02,423 - INFO -   aws:
2026-03-26 14:11:02,423 - INFO -     use_internal_ips: true
2026-03-26 14:11:02,423 - INFO -     use_ssm: true
2026-03-26 14:11:02,423 - INFO - Option 2 (with SSH proxy):
2026-03-26 14:11:02,423 - INFO -   aws:
2026-03-26 14:11:02,423 - INFO -     use_internal_ips: true
2026-03-26 14:11:02,423 - INFO -     ssh_proxy_command: ssh -W %h:%p -i <ssh key path> -o StrictHostKeyChecking=no <user>@<jump server public ip>
2026-03-26 14:11:02,423 - INFO - Refer to https://docs.skypilot.co/en/latest/reference/config.html#aws-use-internal-ips for more details.[0m
2026-03-26 14:11:02,423 - INFO - [0m⚙︎ Launching on AWS us-east-1[0m (us-east-1d).
2026-03-26 14:11:02,423 - INFO - [2mW 03-26 14:11:02.337 PID=743527 instance.py:288] create_instances: Attempt failed with An error occurred (InsufficientInstanceCapacity) when calling the RunInstances operation (reached max retries: 0): We currently do not have sufficient p4de.24xlarge capacity in the Availability Zone you requested (us-east-1d). Our system will be working on provisioning additional capacity. You can currently get p4de.24xlarge capacity by not specifying an Availability Zone in your request or choosing us-east-1a.[0m
2026-03-26 14:11:05,538 - INFO - AWS handler error: Failed to launch instances. Max attempts exceeded.
2026-03-26 14:11:05,638 - INFO - sky.exceptions.ResourcesUnavailableError: Failed to acquire resources in us-east-1d for {AWS(p4de.24xlarge[Spot], mem=64.0+, {'A100-80GB': 8}, network_tier=best, disk_size=1000)}.
2026-03-26 14:11:05,840 - INFO - 
2026-03-26 14:11:05,840 - INFO - [0m[33m↺[0m Trying other potential resources.
2026-03-26 14:11:05,840 - INFO - Considered resources (2 nodes):
2026-03-26 14:11:06,141 - INFO - ---------------------------------------------------------------------------------------------------
2026-03-26 14:11:06,141 - INFO -  INFRA                   INSTANCE              vCPUs   Mem(GB)   GPUS          COST ($)   CHOSEN
2026-03-26 14:11:06,141 - INFO - ---------------------------------------------------------------------------------------------------
2026-03-26 14:11:06,141 - INFO -  AWS (ap-southeast-1a)   p4de.24xlarge[Spot]   96      1152      A100-80GB:8   57.83      [32m   ✔[0m
2026-03-26 14:11:06,141 - INFO - ---------------------------------------------------------------------------------------------------
2026-03-26 14:11:06,141 - INFO - sky.exceptions.ResourcesUnavailableError: [33mFound no quota for p4de.24xlarge spot instances in region ap-southeast-1 in AWS. [0mTo request quotas, check the instruction: https://docs.skypilot.co/en/latest/cloud-setup/quota.html.
2026-03-26 14:11:06,343 - INFO - 
2026-03-26 14:11:06,343 - INFO - [0m[33m↺[0m Trying other potential resources.
2026-03-26 14:11:06,343 - INFO - Considered resources (2 nodes):
2026-03-26 14:11:06,646 - INFO - ---------------------------------------------------------------------------------------------------
2026-03-26 14:11:06,646 - INFO -  INFRA                   INSTANCE              vCPUs   Mem(GB)   GPUS          COST ($)   CHOSEN
2026-03-26 14:11:06,646 - INFO - ---------------------------------------------------------------------------------------------------
2026-03-26 14:11:06,646 - INFO -  AWS (ap-southeast-1c)   p4de.24xlarge[Spot]   96      1152      A100-80GB:8   65.87      [32m   ✔[0m
2026-03-26 14:11:06,646 - INFO - ---------------------------------------------------------------------------------------------------
2026-03-26 14:11:06,646 - INFO - sky.exceptions.ResourcesUnavailableError: [33mFound no quota for p4de.24xlarge spot instances in region ap-southeast-1 in AWS. [0mTo request quotas, check the instruction: https://docs.skypilot.co/en/latest/cloud-setup/quota.html.
2026-03-26 14:11:07,952 - INFO - 
2026-03-26 14:11:07,952 - INFO - [0m[33m↺[0m Trying other potential resources.
2026-03-26 14:11:07,952 - INFO - 
2026-03-26 14:11:38,527 - INFO - [?25h[31mFailed to provision all possible launchable resources.[0m Relax the task's resource requirements: 2x AWS(p4de.24xlarge[Spot], mem=64.0+, {'A100-80GB': 8}, network_tier=best, disk_size=1000)
2026-03-26 14:11:38,527 - INFO - 
2026-03-26 14:11:38,527 - INFO - [0m[33m↺[0m Retry after 30s  [2mView logs: [1msky logs --provision rf-qwen3-235b-a22b-tp8pp2-A100-80gb[0m[0m[0m
2026-03-26 14:11:38,527 - INFO - [33mLaunching a spot job that does not automatically recover from preemptions. To get automatic recovery, use managed job instead: [0m[1msky jobs launch[0m [33mor[0m [1msky.jobs.launch()[0m.
2026-03-26 14:11:38,527 - INFO - Considered resources (2 nodes):
2026-03-26 14:11:38,627 - INFO - ---------------------------------------------------------------------------------------------------
2026-03-26 14:11:39,130 - INFO -  INFRA                   INSTANCE              vCPUs   Mem(GB)   GPUS          COST ($)   CHOSEN
2026-03-26 14:11:39,130 - INFO - ---------------------------------------------------------------------------------------------------
2026-03-26 14:11:39,130 - INFO -  AWS (ap-northeast-1a)   p4de.24xlarge[Spot]   96      1152      A100-80GB:8   19.80      [32m   ✔[0m
2026-03-26 14:11:39,130 - INFO - ---------------------------------------------------------------------------------------------------
2026-03-26 14:11:39,130 - INFO - sky.exceptions.ResourcesUnavailableError: [33mFound no quota for p4de.24xlarge spot instances in region ap-northeast-1 in AWS. [0mTo request quotas, check the instruction: https://docs.skypilot.co/en/latest/cloud-setup/quota.html.
2026-03-26 14:11:39,231 - INFO - 
2026-03-26 14:11:39,231 - INFO - [0m[33m↺[0m Trying other potential resources.
2026-03-26 14:11:39,231 - INFO - Considered resources (2 nodes):
2026-03-26 14:11:40,035 - INFO - -------------------------------------------------------------------------------------------------
2026-03-26 14:11:40,035 - INFO -  INFRA                 INSTANCE              vCPUs   Mem(GB)   GPUS          COST ($)   CHOSEN
2026-03-26 14:11:40,035 - INFO - -------------------------------------------------------------------------------------------------
2026-03-26 14:11:40,035 - INFO -  AWS (eu-central-1a)   p4de.24xlarge[Spot]   96      1152      A100-80GB:8   20.30      [32m   ✔[0m
2026-03-26 14:11:40,035 - INFO - -------------------------------------------------------------------------------------------------
2026-03-26 14:11:40,035 - INFO - sky.exceptions.ResourcesUnavailableError: [33mFound no quota for p4de.24xlarge spot instances in region eu-central-1 in AWS. [0mTo request quotas, check the instruction: https://docs.skypilot.co/en/latest/cloud-setup/quota.html.
2026-03-26 14:11:40,135 - INFO - 
2026-03-26 14:11:40,135 - INFO - [0m[33m↺[0m Trying other potential resources.
2026-03-26 14:11:40,135 - INFO - Considered resources (2 nodes):
2026-03-26 14:11:41,039 - INFO - ----------------------------------------------------------------------------------------------
2026-03-26 14:11:41,039 - INFO -  INFRA              INSTANCE              vCPUs   Mem(GB)   GPUS          COST ($)   CHOSEN
2026-03-26 14:11:41,039 - INFO - ----------------------------------------------------------------------------------------------
2026-03-26 14:11:41,039 - INFO -  AWS (us-west-2a)   p4de.24xlarge[Spot]   96      1152      A100-80GB:8   24.57      [32m   ✔[0m
2026-03-26 14:11:41,039 - INFO - ----------------------------------------------------------------------------------------------
2026-03-26 14:11:41,039 - INFO - [33mInstance type p4de.24xlarge supports up to 4 EFA interfaces, but `use_internal_ips` is not enabled.
2026-03-26 14:11:41,140 - INFO - Launching with the current configuration will use only 1 EFA interface.
2026-03-26 14:11:41,140 - INFO - To use all 4 EFA interfaces, enable internal IPs by adding one of the following configurations to SkyPilot config:
2026-03-26 14:11:41,140 - INFO - Option 1 (with SSM):
2026-03-26 14:11:41,140 - INFO -   aws:
2026-03-26 14:11:41,140 - INFO -     use_internal_ips: true
2026-03-26 14:11:41,140 - INFO -     use_ssm: true
2026-03-26 14:11:41,140 - INFO - Option 2 (with SSH proxy):
2026-03-26 14:11:41,140 - INFO -   aws:
2026-03-26 14:11:41,140 - INFO -     use_internal_ips: true
2026-03-26 14:11:41,140 - INFO -     ssh_proxy_command: ssh -W %h:%p -i <ssh key path> -o StrictHostKeyChecking=no <user>@<jump server public ip>
2026-03-26 14:11:41,140 - INFO - Refer to https://docs.skypilot.co/en/latest/reference/config.html#aws-use-internal-ips for more details.[0m
2026-03-26 14:11:41,140 - INFO - [0m⚙︎ Launching on AWS us-west-2[0m (us-west-2a).
2026-03-26 14:12:01,740 - INFO - [2mW 03-26 14:12:01.701 PID=1652500 instance.py:288] create_instances: Attempt failed with An error occurred (InsufficientInstanceCapacity) when calling the RunInstances operation (reached max retries: 0): We currently do not have sufficient p4de.24xlarge capacity in the Availability Zone you requested (us-west-2a). Our system will be working on provisioning additional capacity. You can currently get p4de.24xlarge capacity by not specifying an Availability Zone in your request or choosing us-west-2b, us-west-2c.[0m
2026-03-26 14:12:05,957 - INFO - AWS handler error: Failed to launch instances. Max attempts exceeded.
2026-03-26 14:12:06,058 - INFO - sky.exceptions.ResourcesUnavailableError: Failed to acquire resources in us-west-2a for {AWS(p4de.24xlarge[Spot], mem=64.0+, {'A100-80GB': 8}, network_tier=best, disk_size=1000)}.
2026-03-26 14:12:06,058 - INFO - 
2026-03-26 14:12:06,058 - INFO - [0m[33m↺[0m Trying other potential resources.
2026-03-26 14:12:06,058 - INFO - Considered resources (2 nodes):
2026-03-26 14:12:06,664 - INFO - -------------------------------------------------------------------------------------------------
2026-03-26 14:12:06,664 - INFO -  INFRA                 INSTANCE              vCPUs   Mem(GB)   GPUS          COST ($)   CHOSEN
2026-03-26 14:12:06,664 - INFO - -------------------------------------------------------------------------------------------------
2026-03-26 14:12:06,664 - INFO -  AWS (eu-central-1c)   p4de.24xlarge[Spot]   96      1152      A100-80GB:8   26.88      [32m   ✔[0m
2026-03-26 14:12:06,664 - INFO - -------------------------------------------------------------------------------------------------
2026-03-26 14:12:06,664 - INFO - sky.exceptions.ResourcesUnavailableError: [33mFound no quota for p4de.24xlarge spot instances in region eu-central-1 in AWS. [0mTo request quotas, check the instruction: https://docs.skypilot.co/en/latest/cloud-setup/quota.html.
2026-03-26 14:12:06,764 - INFO - 
2026-03-26 14:12:06,865 - INFO - [0m[33m↺[0m Trying other potential resources.
2026-03-26 14:12:06,865 - INFO - Considered resources (2 nodes):
2026-03-26 14:12:07,768 - INFO - ----------------------------------------------------------------------------------------------
2026-03-26 14:12:07,769 - INFO -  INFRA              INSTANCE              vCPUs   Mem(GB)   GPUS          COST ($)   CHOSEN
2026-03-26 14:12:07,769 - INFO - ----------------------------------------------------------------------------------------------
2026-03-26 14:12:07,769 - INFO -  AWS (us-west-2c)   p4de.24xlarge[Spot]   96      1152      A100-80GB:8   29.77      [32m   ✔[0m
2026-03-26 14:12:07,769 - INFO - ----------------------------------------------------------------------------------------------
2026-03-26 14:12:07,769 - INFO - [33mInstance type p4de.24xlarge supports up to 4 EFA interfaces, but `use_internal_ips` is not enabled.
2026-03-26 14:12:07,869 - INFO - Launching with the current configuration will use only 1 EFA interface.
2026-03-26 14:12:07,869 - INFO - To use all 4 EFA interfaces, enable internal IPs by adding one of the following configurations to SkyPilot config:
2026-03-26 14:12:07,869 - INFO - Option 1 (with SSM):
2026-03-26 14:12:07,869 - INFO -   aws:
2026-03-26 14:12:07,869 - INFO -     use_internal_ips: true
2026-03-26 14:12:07,869 - INFO -     use_ssm: true
2026-03-26 14:12:07,869 - INFO - Option 2 (with SSH proxy):
2026-03-26 14:12:07,869 - INFO -   aws:
2026-03-26 14:12:07,870 - INFO -     use_internal_ips: true
2026-03-26 14:12:07,870 - INFO -     ssh_proxy_command: ssh -W %h:%p -i <ssh key path> -o StrictHostKeyChecking=no <user>@<jump server public ip>
2026-03-26 14:12:07,870 - INFO - Refer to https://docs.skypilot.co/en/latest/reference/config.html#aws-use-internal-ips for more details.[0m
2026-03-26 14:12:07,870 - INFO - [0m⚙︎ Launching on AWS us-west-2[0m (us-west-2c).
2026-03-26 14:12:27,969 - INFO - [2mW 03-26 14:12:27.966 PID=1652500 instance.py:288] create_instances: Attempt failed with An error occurred (InsufficientInstanceCapacity) when calling the RunInstances operation (reached max retries: 0): We currently do not have sufficient p4de.24xlarge capacity in the Availability Zone you requested (us-west-2c). Our system will be working on provisioning additional capacity. You can currently get p4de.24xlarge capacity by not specifying an Availability Zone in your request or choosing us-west-2a, us-west-2b.[0m
2026-03-26 14:12:31,989 - INFO - AWS handler error: Failed to launch instances. Max attempts exceeded.
2026-03-26 14:12:32,191 - INFO - sky.exceptions.ResourcesUnavailableError: Failed to acquire resources in us-west-2c for {AWS(p4de.24xlarge[Spot], mem=64.0+, {'A100-80GB': 8}, network_tier=best, disk_size=1000)}.
2026-03-26 14:12:32,191 - INFO - 
2026-03-26 14:12:32,191 - INFO - [0m[33m↺[0m Trying other potential resources.
2026-03-26 14:12:32,191 - INFO - Considered resources (2 nodes):
2026-03-26 14:12:32,694 - INFO - ---------------------------------------------------------------------------------------------------
2026-03-26 14:12:32,694 - INFO -  INFRA                   INSTANCE              vCPUs   Mem(GB)   GPUS          COST ($)   CHOSEN
2026-03-26 14:12:32,694 - INFO - ---------------------------------------------------------------------------------------------------
2026-03-26 14:12:32,694 - INFO -  AWS (ap-northeast-1c)   p4de.24xlarge[Spot]   96      1152      A100-80GB:8   32.81      [32m   ✔[0m
2026-03-26 14:12:32,694 - INFO - ---------------------------------------------------------------------------------------------------
2026-03-26 14:12:32,694 - INFO - sky.exceptions.ResourcesUnavailableError: [33mFound no quota for p4de.24xlarge spot instances in region ap-northeast-1 in AWS. [0mTo request quotas, check the instruction: https://docs.skypilot.co/en/latest/cloud-setup/quota.html.
2026-03-26 14:12:32,794 - INFO - 
2026-03-26 14:12:32,895 - INFO - [0m[33m↺[0m Trying other potential resources.
2026-03-26 14:12:32,895 - INFO - Considered resources (2 nodes):
2026-03-26 14:12:33,899 - INFO - ----------------------------------------------------------------------------------------------
2026-03-26 14:12:33,899 - INFO -  INFRA              INSTANCE              vCPUs   Mem(GB)   GPUS          COST ($)   CHOSEN
2026-03-26 14:12:33,899 - INFO - ----------------------------------------------------------------------------------------------
2026-03-26 14:12:33,899 - INFO -  AWS (us-west-2b)   p4de.24xlarge[Spot]   96      1152      A100-80GB:8   33.39      [32m   ✔[0m
2026-03-26 14:12:33,899 - INFO - ----------------------------------------------------------------------------------------------
2026-03-26 14:12:33,899 - INFO - [33mInstance type p4de.24xlarge supports up to 4 EFA interfaces, but `use_internal_ips` is not enabled.
2026-03-26 14:12:54,316 - INFO - Launching with the current configuration will use only 1 EFA interface.
2026-03-26 14:12:54,316 - INFO - To use all 4 EFA interfaces, enable internal IPs by adding one of the following configurations to SkyPilot config:
2026-03-26 14:12:54,316 - INFO - Option 1 (with SSM):
2026-03-26 14:12:54,316 - INFO -   aws:
2026-03-26 14:12:54,316 - INFO -     use_internal_ips: true
2026-03-26 14:12:54,316 - INFO -     use_ssm: true
2026-03-26 14:12:54,316 - INFO - Option 2 (with SSH proxy):
2026-03-26 14:12:54,316 - INFO -   aws:
2026-03-26 14:12:54,316 - INFO -     use_internal_ips: true
2026-03-26 14:12:54,316 - INFO -     ssh_proxy_command: ssh -W %h:%p -i <ssh key path> -o StrictHostKeyChecking=no <user>@<jump server public ip>
2026-03-26 14:12:54,316 - INFO - Refer to https://docs.skypilot.co/en/latest/reference/config.html#aws-use-internal-ips for more details.[0m
2026-03-26 14:12:54,316 - INFO - [0m⚙︎ Launching on AWS us-west-2[0m (us-west-2b).
2026-03-26 14:12:54,316 - INFO - [2mW 03-26 14:12:54.279 PID=1652500 instance.py:288] create_instances: Attempt failed with An error occurred (InsufficientInstanceCapacity) when calling the RunInstances operation (reached max retries: 0): We currently do not have sufficient p4de.24xlarge capacity in the Availability Zone you requested (us-west-2b). Our system will be working on provisioning additional capacity. You can currently get p4de.24xlarge capacity by not specifying an Availability Zone in your request or choosing us-west-2a, us-west-2c.[0m
2026-03-26 14:12:57,633 - INFO - AWS handler error: Failed to launch instances. Max attempts exceeded.
2026-03-26 14:12:57,835 - INFO - sky.exceptions.ResourcesUnavailableError: Failed to acquire resources in us-west-2b for {AWS(p4de.24xlarge[Spot], mem=64.0+, {'A100-80GB': 8}, network_tier=best, disk_size=1000)}.
2026-03-26 14:12:57,835 - INFO - 
2026-03-26 14:12:57,835 - INFO - [0m[33m↺[0m Trying other potential resources.
2026-03-26 14:12:57,835 - INFO - Considered resources (2 nodes):
2026-03-26 14:12:58,642 - INFO - ----------------------------------------------------------------------------------------------
2026-03-26 14:12:58,642 - INFO -  INFRA              INSTANCE              vCPUs   Mem(GB)   GPUS          COST ($)   CHOSEN
2026-03-26 14:12:58,642 - INFO - ----------------------------------------------------------------------------------------------
2026-03-26 14:12:58,642 - INFO -  AWS (us-east-1a)   p4de.24xlarge[Spot]   96      1152      A100-80GB:8   34.11      [32m   ✔[0m
2026-03-26 14:12:58,642 - INFO - ----------------------------------------------------------------------------------------------
2026-03-26 14:12:58,642 - INFO - [33mInstance type p4de.24xlarge supports up to 4 EFA interfaces, but `use_internal_ips` is not enabled.
2026-03-26 14:12:58,743 - INFO - Launching with the current configuration will use only 1 EFA interface.
2026-03-26 14:12:58,743 - INFO - To use all 4 EFA interfaces, enable internal IPs by adding one of the following configurations to SkyPilot config:
2026-03-26 14:12:58,743 - INFO - Option 1 (with SSM):
2026-03-26 14:12:58,743 - INFO -   aws:
2026-03-26 14:12:58,743 - INFO -     use_internal_ips: true
2026-03-26 14:12:58,743 - INFO -     use_ssm: true
2026-03-26 14:12:58,743 - INFO - Option 2 (with SSH proxy):
2026-03-26 14:12:58,743 - INFO -   aws:
2026-03-26 14:12:58,743 - INFO -     use_internal_ips: true
2026-03-26 14:12:58,743 - INFO -     ssh_proxy_command: ssh -W %h:%p -i <ssh key path> -o StrictHostKeyChecking=no <user>@<jump server public ip>
2026-03-26 14:12:58,743 - INFO - Refer to https://docs.skypilot.co/en/latest/reference/config.html#aws-use-internal-ips for more details.[0m
2026-03-26 14:12:58,743 - INFO - [0m⚙︎ Launching on AWS us-east-1[0m (us-east-1a).
2026-03-26 14:13:17,628 - INFO - [2mW 03-26 14:13:17.588 PID=1652500 instance.py:288] create_instances: Attempt failed with An error occurred (MaxSpotInstanceCountExceeded) when calling the RunInstances operation: Max spot instance count exceeded[0m
2026-03-26 14:13:21,351 - INFO - AWS handler error: Failed to launch instances. Max attempts exceeded.
2026-03-26 14:13:21,451 - INFO - sky.exceptions.ResourcesUnavailableError: Failed to acquire resources in us-east-1a for {AWS(p4de.24xlarge[Spot], mem=64.0+, {'A100-80GB': 8}, network_tier=best, disk_size=1000)}.
2026-03-26 14:13:21,451 - INFO - 
2026-03-26 14:13:21,551 - INFO - [0m[33m↺[0m Trying other potential resources.
2026-03-26 14:13:21,551 - INFO - Considered resources (2 nodes):
2026-03-26 14:13:21,954 - INFO - ---------------------------------------------------------------------------------------------------
2026-03-26 14:13:21,954 - INFO -  INFRA                   INSTANCE              vCPUs   Mem(GB)   GPUS          COST ($)   CHOSEN
2026-03-26 14:13:21,954 - INFO - ---------------------------------------------------------------------------------------------------
2026-03-26 14:13:21,954 - INFO -  AWS (ap-southeast-1a)   p4de.24xlarge[Spot]   96      1152      A100-80GB:8   36.36      [32m   ✔[0m
2026-03-26 14:13:21,954 - INFO - ---------------------------------------------------------------------------------------------------
2026-03-26 14:13:21,954 - INFO - sky.exceptions.ResourcesUnavailableError: [33mFound no quota for p4de.24xlarge spot instances in region ap-southeast-1 in AWS. [0mTo request quotas, check the instruction: https://docs.skypilot.co/en/latest/cloud-setup/quota.html.
2026-03-26 14:13:22,156 - INFO - 
2026-03-26 14:13:22,156 - INFO - [0m[33m↺[0m Trying other potential resources.
2026-03-26 14:13:22,156 - INFO - Considered resources (2 nodes):
2026-03-26 14:13:22,963 - INFO - ----------------------------------------------------------------------------------------------
2026-03-26 14:13:22,963 - INFO -  INFRA              INSTANCE              vCPUs   Mem(GB)   GPUS          COST ($)   CHOSEN
2026-03-26 14:13:22,963 - INFO - ----------------------------------------------------------------------------------------------
2026-03-26 14:13:22,963 - INFO -  AWS (us-east-1d)   p4de.24xlarge[Spot]   96      1152      A100-80GB:8   54.89      [32m   ✔[0m
2026-03-26 14:13:22,963 - INFO - ----------------------------------------------------------------------------------------------
2026-03-26 14:13:22,963 - INFO - [33mInstance type p4de.24xlarge supports up to 4 EFA interfaces, but `use_internal_ips` is not enabled.
2026-03-26 14:13:23,162 - INFO - Launching with the current configuration will use only 1 EFA interface.
2026-03-26 14:13:23,162 - INFO - To use all 4 EFA interfaces, enable internal IPs by adding one of the following configurations to SkyPilot config:
2026-03-26 14:13:23,162 - INFO - Option 1 (with SSM):
2026-03-26 14:13:23,162 - INFO -   aws:
2026-03-26 14:13:23,162 - INFO -     use_internal_ips: true
2026-03-26 14:13:23,162 - INFO -     use_ssm: true
2026-03-26 14:13:23,162 - INFO - Option 2 (with SSH proxy):
2026-03-26 14:13:23,162 - INFO -   aws:
2026-03-26 14:13:23,162 - INFO -     use_internal_ips: true
2026-03-26 14:13:23,162 - INFO -     ssh_proxy_command: ssh -W %h:%p -i <ssh key path> -o StrictHostKeyChecking=no <user>@<jump server public ip>
2026-03-26 14:13:23,162 - INFO - Refer to https://docs.skypilot.co/en/latest/reference/config.html#aws-use-internal-ips for more details.[0m
2026-03-26 14:13:23,162 - INFO - [0m⚙︎ Launching on AWS us-east-1[0m (us-east-1d).
2026-03-26 14:13:42,077 - INFO - [2mW 03-26 14:13:41.988 PID=1652500 instance.py:288] create_instances: Attempt failed with An error occurred (InsufficientInstanceCapacity) when calling the RunInstances operation (reached max retries: 0): We currently do not have sufficient p4de.24xlarge capacity in the Availability Zone you requested (us-east-1d). Our system will be working on provisioning additional capacity. You can currently get p4de.24xlarge capacity by not specifying an Availability Zone in your request or choosing us-east-1a.[0m
2026-03-26 14:13:45,797 - INFO - AWS handler error: Failed to launch instances. Max attempts exceeded.
2026-03-26 14:13:45,999 - INFO - sky.exceptions.ResourcesUnavailableError: Failed to acquire resources in us-east-1d for {AWS(p4de.24xlarge[Spot], mem=64.0+, {'A100-80GB': 8}, network_tier=best, disk_size=1000)}.
2026-03-26 14:13:45,999 - INFO - 
2026-03-26 14:13:45,999 - INFO - [0m[33m↺[0m Trying other potential resources.
2026-03-26 14:13:45,999 - INFO - Considered resources (2 nodes):
2026-03-26 14:13:46,300 - INFO - ---------------------------------------------------------------------------------------------------
2026-03-26 14:13:46,301 - INFO -  INFRA                   INSTANCE              vCPUs   Mem(GB)   GPUS          COST ($)   CHOSEN
2026-03-26 14:13:46,301 - INFO - ---------------------------------------------------------------------------------------------------
2026-03-26 14:13:46,301 - INFO -  AWS (ap-southeast-1c)   p4de.24xlarge[Spot]   96      1152      A100-80GB:8   65.87      [32m   ✔[0m
2026-03-26 14:13:46,301 - INFO - ---------------------------------------------------------------------------------------------------
2026-03-26 14:13:46,301 - INFO - sky.exceptions.ResourcesUnavailableError: [33mFound no quota for p4de.24xlarge spot instances in region ap-southeast-1 in AWS. [0mTo request quotas, check the instruction: https://docs.skypilot.co/en/latest/cloud-setup/quota.html.
2026-03-26 14:13:47,204 - INFO - 
2026-03-26 14:13:47,204 - INFO - [0m[33m↺[0m Trying other potential resources.
2026-03-26 14:13:47,204 - INFO - 
2026-03-26 14:14:17,872 - INFO - [?25h[31mFailed to provision all possible launchable resources.[0m Relax the task's resource requirements: 2x AWS(p4de.24xlarge[Spot], mem=64.0+, {'A100-80GB': 8}, network_tier=best, disk_size=1000)
2026-03-26 14:14:17,872 - INFO - 
2026-03-26 14:14:17,872 - INFO - [0m[33m↺[0m Retry after 30s  [2mView logs: [1msky logs --provision rf-qwen3-235b-a22b-tp8pp2-A100-80gb[0m[0m[0m
2026-03-26 14:14:17,872 - INFO - [33mLaunching a spot job that does not automatically recover from preemptions. To get automatic recovery, use managed job instead: [0m[1msky jobs launch[0m [33mor[0m [1msky.jobs.launch()[0m.
2026-03-26 14:14:17,973 - INFO - Considered resources (2 nodes):
2026-03-26 14:14:18,576 - INFO - ---------------------------------------------------------------------------------------------------
2026-03-26 14:14:18,576 - INFO -  INFRA                   INSTANCE              vCPUs   Mem(GB)   GPUS          COST ($)   CHOSEN
2026-03-26 14:14:18,577 - INFO - ---------------------------------------------------------------------------------------------------
2026-03-26 14:14:18,577 - INFO -  AWS (ap-northeast-1a)   p4de.24xlarge[Spot]   96      1152      A100-80GB:8   19.34      [32m   ✔[0m
2026-03-26 14:14:18,577 - INFO - ---------------------------------------------------------------------------------------------------
2026-03-26 14:14:18,577 - INFO - sky.exceptions.ResourcesUnavailableError: [33mFound no quota for p4de.24xlarge spot instances in region ap-northeast-1 in AWS. [0mTo request quotas, check the instruction: https://docs.skypilot.co/en/latest/cloud-setup/quota.html.
2026-03-26 14:14:18,677 - INFO - 
2026-03-26 14:14:18,677 - INFO - [0m[33m↺[0m Trying other potential resources.
2026-03-26 14:14:18,677 - INFO - Considered resources (2 nodes):
2026-03-26 14:14:19,482 - INFO - -------------------------------------------------------------------------------------------------
2026-03-26 14:14:19,482 - INFO -  INFRA                 INSTANCE              vCPUs   Mem(GB)   GPUS          COST ($)   CHOSEN
2026-03-26 14:14:19,482 - INFO - -------------------------------------------------------------------------------------------------
2026-03-26 14:14:19,482 - INFO -  AWS (eu-central-1a)   p4de.24xlarge[Spot]   96      1152      A100-80GB:8   21.26      [32m   ✔[0m
2026-03-26 14:14:19,482 - INFO - -------------------------------------------------------------------------------------------------
2026-03-26 14:14:19,482 - INFO - sky.exceptions.ResourcesUnavailableError: [33mFound no quota for p4de.24xlarge spot instances in region eu-central-1 in AWS. [0mTo request quotas, check the instruction: https://docs.skypilot.co/en/latest/cloud-setup/quota.html.
2026-03-26 14:14:19,684 - INFO - 
2026-03-26 14:14:19,684 - INFO - [0m[33m↺[0m Trying other potential resources.
2026-03-26 14:14:19,684 - INFO - Considered resources (2 nodes):
2026-03-26 14:14:20,186 - INFO - -------------------------------------------------------------------------------------------------
2026-03-26 14:14:20,186 - INFO -  INFRA                 INSTANCE              vCPUs   Mem(GB)   GPUS          COST ($)   CHOSEN
2026-03-26 14:14:20,186 - INFO - -------------------------------------------------------------------------------------------------
2026-03-26 14:14:20,186 - INFO -  AWS (eu-central-1c)   p4de.24xlarge[Spot]   96      1152      A100-80GB:8   26.21      [32m   ✔[0m
2026-03-26 14:14:20,186 - INFO - -------------------------------------------------------------------------------------------------
2026-03-26 14:14:20,186 - INFO - sky.exceptions.ResourcesUnavailableError: [33mFound no quota for p4de.24xlarge spot instances in region eu-central-1 in AWS. [0mTo request quotas, check the instruction: https://docs.skypilot.co/en/latest/cloud-setup/quota.html.
2026-03-26 14:14:20,388 - INFO - 
2026-03-26 14:14:20,388 - INFO - [0m[33m↺[0m Trying other potential resources.
2026-03-26 14:14:20,388 - INFO - Considered resources (2 nodes):
2026-03-26 14:14:21,296 - INFO - ----------------------------------------------------------------------------------------------
2026-03-26 14:14:21,296 - INFO -  INFRA              INSTANCE              vCPUs   Mem(GB)   GPUS          COST ($)   CHOSEN
2026-03-26 14:14:21,296 - INFO - ----------------------------------------------------------------------------------------------
2026-03-26 14:14:21,296 - INFO -  AWS (us-west-2a)   p4de.24xlarge[Spot]   96      1152      A100-80GB:8   27.07      [32m   ✔[0m
2026-03-26 14:14:21,296 - INFO - ----------------------------------------------------------------------------------------------
2026-03-26 14:14:21,296 - INFO - [33mInstance type p4de.24xlarge supports up to 4 EFA interfaces, but `use_internal_ips` is not enabled.
2026-03-26 14:14:21,397 - INFO - Launching with the current configuration will use only 1 EFA interface.
2026-03-26 14:14:21,397 - INFO - To use all 4 EFA interfaces, enable internal IPs by adding one of the following configurations to SkyPilot config:
2026-03-26 14:14:21,397 - INFO - Option 1 (with SSM):
2026-03-26 14:14:21,397 - INFO -   aws:
2026-03-26 14:14:21,397 - INFO -     use_internal_ips: true
2026-03-26 14:14:21,397 - INFO -     use_ssm: true
2026-03-26 14:14:21,397 - INFO - Option 2 (with SSH proxy):
2026-03-26 14:14:21,397 - INFO -   aws:
2026-03-26 14:14:21,397 - INFO -     use_internal_ips: true
2026-03-26 14:14:21,397 - INFO -     ssh_proxy_command: ssh -W %h:%p -i <ssh key path> -o StrictHostKeyChecking=no <user>@<jump server public ip>
2026-03-26 14:14:21,397 - INFO - Refer to https://docs.skypilot.co/en/latest/reference/config.html#aws-use-internal-ips for more details.[0m
2026-03-26 14:14:21,397 - INFO - [0m⚙︎ Launching on AWS us-west-2[0m (us-west-2a).
2026-03-26 14:14:42,023 - INFO - [2mW 03-26 14:14:41.967 PID=2248878 instance.py:288] create_instances: Attempt failed with An error occurred (InsufficientInstanceCapacity) when calling the RunInstances operation (reached max retries: 0): We currently do not have sufficient p4de.24xlarge capacity in the Availability Zone you requested (us-west-2a). Our system will be working on provisioning additional capacity. You can currently get p4de.24xlarge capacity by not specifying an Availability Zone in your request or choosing us-west-2b, us-west-2c.[0m
2026-03-26 14:14:46,151 - INFO - AWS handler error: Failed to launch instances. Max attempts exceeded.
2026-03-26 14:14:46,252 - INFO - sky.exceptions.ResourcesUnavailableError: Failed to acquire resources in us-west-2a for {AWS(p4de.24xlarge[Spot], mem=64.0+, {'A100-80GB': 8}, network_tier=best, disk_size=1000)}.
2026-03-26 14:14:46,252 - INFO - 
2026-03-26 14:14:46,252 - INFO - [0m[33m↺[0m Trying other potential resources.
2026-03-26 14:14:46,252 - INFO - Considered resources (2 nodes):
2026-03-26 14:14:47,157 - INFO - ----------------------------------------------------------------------------------------------
2026-03-26 14:14:47,158 - INFO -  INFRA              INSTANCE              vCPUs   Mem(GB)   GPUS          COST ($)   CHOSEN
2026-03-26 14:14:47,158 - INFO - ----------------------------------------------------------------------------------------------
2026-03-26 14:14:47,158 - INFO -  AWS (us-west-2c)   p4de.24xlarge[Spot]   96      1152      A100-80GB:8   30.74      [32m   ✔[0m
2026-03-26 14:14:47,158 - INFO - ----------------------------------------------------------------------------------------------
2026-03-26 14:14:47,158 - INFO - [33mInstance type p4de.24xlarge supports up to 4 EFA interfaces, but `use_internal_ips` is not enabled.
2026-03-26 14:14:47,259 - INFO - Launching with the current configuration will use only 1 EFA interface.
2026-03-26 14:14:47,259 - INFO - To use all 4 EFA interfaces, enable internal IPs by adding one of the following configurations to SkyPilot config:
2026-03-26 14:14:47,259 - INFO - Option 1 (with SSM):
2026-03-26 14:14:47,259 - INFO -   aws:
2026-03-26 14:14:47,259 - INFO -     use_internal_ips: true
2026-03-26 14:14:47,259 - INFO -     use_ssm: true
2026-03-26 14:14:47,259 - INFO - Option 2 (with SSH proxy):
2026-03-26 14:14:47,259 - INFO -   aws:
2026-03-26 14:14:47,259 - INFO -     use_internal_ips: true
2026-03-26 14:14:47,259 - INFO -     ssh_proxy_command: ssh -W %h:%p -i <ssh key path> -o StrictHostKeyChecking=no <user>@<jump server public ip>
2026-03-26 14:14:47,259 - INFO - Refer to https://docs.skypilot.co/en/latest/reference/config.html#aws-use-internal-ips for more details.[0m
2026-03-26 14:14:47,259 - INFO - [0m⚙︎ Launching on AWS us-west-2[0m (us-west-2c).
2026-03-26 14:15:06,980 - INFO - [2mW 03-26 14:15:06.911 PID=2248878 instance.py:288] create_instances: Attempt failed with An error occurred (InsufficientInstanceCapacity) when calling the RunInstances operation (reached max retries: 0): We currently do not have sufficient p4de.24xlarge capacity in the Availability Zone you requested (us-west-2c). Our system will be working on provisioning additional capacity. You can currently get p4de.24xlarge capacity by not specifying an Availability Zone in your request or choosing us-west-2a, us-west-2b.[0m
2026-03-26 14:15:10,099 - INFO - AWS handler error: Failed to launch instances. Max attempts exceeded.
2026-03-26 14:15:10,200 - INFO - sky.exceptions.ResourcesUnavailableError: Failed to acquire resources in us-west-2c for {AWS(p4de.24xlarge[Spot], mem=64.0+, {'A100-80GB': 8}, network_tier=best, disk_size=1000)}.
2026-03-26 14:15:10,200 - INFO - 
2026-03-26 14:15:10,300 - INFO - [0m[33m↺[0m Trying other potential resources.
2026-03-26 14:15:10,300 - INFO - Considered resources (2 nodes):
2026-03-26 14:15:10,904 - INFO - ---------------------------------------------------------------------------------------------------
2026-03-26 14:15:10,905 - INFO -  INFRA                   INSTANCE              vCPUs   Mem(GB)   GPUS          COST ($)   CHOSEN
2026-03-26 14:15:10,905 - INFO - ---------------------------------------------------------------------------------------------------
2026-03-26 14:15:10,905 - INFO -  AWS (ap-northeast-1c)   p4de.24xlarge[Spot]   96      1152      A100-80GB:8   32.78      [32m   ✔[0m
2026-03-26 14:15:10,905 - INFO - ---------------------------------------------------------------------------------------------------
2026-03-26 14:15:10,905 - INFO - sky.exceptions.ResourcesUnavailableError: [33mFound no quota for p4de.24xlarge spot instances in region ap-northeast-1 in AWS. [0mTo request quotas, check the instruction: https://docs.skypilot.co/en/latest/cloud-setup/quota.html.
2026-03-26 14:15:11,107 - INFO - 
2026-03-26 14:15:11,107 - INFO - [0m[33m↺[0m Trying other potential resources.
2026-03-26 14:15:11,107 - INFO - Considered resources (2 nodes):
2026-03-26 14:15:12,015 - INFO - ----------------------------------------------------------------------------------------------
2026-03-26 14:15:12,015 - INFO -  INFRA              INSTANCE              vCPUs   Mem(GB)   GPUS          COST ($)   CHOSEN
2026-03-26 14:15:12,015 - INFO - ----------------------------------------------------------------------------------------------
2026-03-26 14:15:12,015 - INFO -  AWS (us-west-2b)   p4de.24xlarge[Spot]   96      1152      A100-80GB:8   34.02      [32m   ✔[0m
2026-03-26 14:15:12,015 - INFO - ----------------------------------------------------------------------------------------------
2026-03-26 14:15:12,015 - INFO - [33mInstance type p4de.24xlarge supports up to 4 EFA interfaces, but `use_internal_ips` is not enabled.
2026-03-26 14:15:12,116 - INFO - Launching with the current configuration will use only 1 EFA interface.
2026-03-26 14:15:12,117 - INFO - To use all 4 EFA interfaces, enable internal IPs by adding one of the following configurations to SkyPilot config:
2026-03-26 14:15:12,117 - INFO - Option 1 (with SSM):
2026-03-26 14:15:12,117 - INFO -   aws:
2026-03-26 14:15:12,117 - INFO -     use_internal_ips: true
2026-03-26 14:15:12,117 - INFO -     use_ssm: true
2026-03-26 14:15:12,117 - INFO - Option 2 (with SSH proxy):
2026-03-26 14:15:12,117 - INFO -   aws:
2026-03-26 14:15:12,117 - INFO -     use_internal_ips: true
2026-03-26 14:15:12,117 - INFO -     ssh_proxy_command: ssh -W %h:%p -i <ssh key path> -o StrictHostKeyChecking=no <user>@<jump server public ip>
2026-03-26 14:15:12,117 - INFO - Refer to https://docs.skypilot.co/en/latest/reference/config.html#aws-use-internal-ips for more details.[0m
2026-03-26 14:15:12,117 - INFO - [0m⚙︎ Launching on AWS us-west-2[0m (us-west-2b).
2026-03-26 14:15:29,611 - INFO - [2mW 03-26 14:15:29.557 PID=2248878 instance.py:288] create_instances: Attempt failed with An error occurred (InsufficientInstanceCapacity) when calling the RunInstances operation (reached max retries: 0): We currently do not have sufficient p4de.24xlarge capacity in the Availability Zone you requested (us-west-2b). Our system will be working on provisioning additional capacity. You can currently get p4de.24xlarge capacity by not specifying an Availability Zone in your request or choosing us-west-2a, us-west-2c.[0m
2026-03-26 14:15:32,830 - INFO - AWS handler error: Failed to launch instances. Max attempts exceeded.
2026-03-26 14:15:33,032 - INFO - sky.exceptions.ResourcesUnavailableError: Failed to acquire resources in us-west-2b for {AWS(p4de.24xlarge[Spot], mem=64.0+, {'A100-80GB': 8}, network_tier=best, disk_size=1000)}.
2026-03-26 14:15:33,032 - INFO - 
2026-03-26 14:15:33,032 - INFO - [0m[33m↺[0m Trying other potential resources.
2026-03-26 14:15:33,032 - INFO - Considered resources (2 nodes):
2026-03-26 14:15:33,838 - INFO - ----------------------------------------------------------------------------------------------
2026-03-26 14:15:33,838 - INFO -  INFRA              INSTANCE              vCPUs   Mem(GB)   GPUS          COST ($)   CHOSEN
2026-03-26 14:15:33,838 - INFO - ----------------------------------------------------------------------------------------------
2026-03-26 14:15:33,838 - INFO -  AWS (us-east-1a)   p4de.24xlarge[Spot]   96      1152      A100-80GB:8   38.20      [32m   ✔[0m
2026-03-26 14:15:33,838 - INFO - ----------------------------------------------------------------------------------------------
2026-03-26 14:15:33,838 - INFO - [33mInstance type p4de.24xlarge supports up to 4 EFA interfaces, but `use_internal_ips` is not enabled.
2026-03-26 14:15:33,938 - INFO - Launching with the current configuration will use only 1 EFA interface.
2026-03-26 14:15:33,938 - INFO - To use all 4 EFA interfaces, enable internal IPs by adding one of the following configurations to SkyPilot config:
2026-03-26 14:15:33,938 - INFO - Option 1 (with SSM):
2026-03-26 14:15:33,938 - INFO -   aws:
2026-03-26 14:15:33,938 - INFO -     use_internal_ips: true
2026-03-26 14:15:33,938 - INFO -     use_ssm: true
2026-03-26 14:15:33,938 - INFO - Option 2 (with SSH proxy):
2026-03-26 14:15:33,938 - INFO -   aws:
2026-03-26 14:15:33,938 - INFO -     use_internal_ips: true
2026-03-26 14:15:33,938 - INFO -     ssh_proxy_command: ssh -W %h:%p -i <ssh key path> -o StrictHostKeyChecking=no <user>@<jump server public ip>
2026-03-26 14:15:33,939 - INFO - Refer to https://docs.skypilot.co/en/latest/reference/config.html#aws-use-internal-ips for more details.[0m
2026-03-26 14:15:33,939 - INFO - [0m⚙︎ Launching on AWS us-east-1[0m (us-east-1a).
2026-03-26 14:15:52,444 - INFO - [2mW 03-26 14:15:52.347 PID=2248878 instance.py:288] create_instances: Attempt failed with An error occurred (MaxSpotInstanceCountExceeded) when calling the RunInstances operation: Max spot instance count exceeded[0m
2026-03-26 14:15:55,361 - INFO - AWS handler error: Failed to launch instances. Max attempts exceeded.
2026-03-26 14:15:55,462 - INFO - sky.exceptions.ResourcesUnavailableError: Failed to acquire resources in us-east-1a for {AWS(p4de.24xlarge[Spot], mem=64.0+, {'A100-80GB': 8}, network_tier=best, disk_size=1000)}.
2026-03-26 14:15:55,462 - INFO - 
2026-03-26 14:15:55,663 - INFO - [0m[33m↺[0m Trying other potential resources.
2026-03-26 14:15:55,663 - INFO - Considered resources (2 nodes):
2026-03-26 14:15:55,964 - INFO - ---------------------------------------------------------------------------------------------------
2026-03-26 14:15:55,964 - INFO -  INFRA                   INSTANCE              vCPUs   Mem(GB)   GPUS          COST ($)   CHOSEN
2026-03-26 14:15:55,964 - INFO - ---------------------------------------------------------------------------------------------------
2026-03-26 14:15:55,964 - INFO -  AWS (ap-southeast-1a)   p4de.24xlarge[Spot]   96      1152      A100-80GB:8   40.14      [32m   ✔[0m
2026-03-26 14:15:55,964 - INFO - ---------------------------------------------------------------------------------------------------
2026-03-26 14:15:55,964 - INFO - sky.exceptions.ResourcesUnavailableError: [33mFound no quota for p4de.24xlarge spot instances in region ap-southeast-1 in AWS. [0mTo request quotas, check the instruction: https://docs.skypilot.co/en/latest/cloud-setup/quota.html.
2026-03-26 14:15:56,165 - INFO - 
2026-03-26 14:15:56,165 - INFO - [0m[33m↺[0m Trying other potential resources.
2026-03-26 14:15:56,165 - INFO - Considered resources (2 nodes):
2026-03-26 14:15:56,968 - INFO - ----------------------------------------------------------------------------------------------
2026-03-26 14:15:56,968 - INFO -  INFRA              INSTANCE              vCPUs   Mem(GB)   GPUS          COST ($)   CHOSEN
2026-03-26 14:15:56,968 - INFO - ----------------------------------------------------------------------------------------------
2026-03-26 14:15:56,968 - INFO -  AWS (us-east-1d)   p4de.24xlarge[Spot]   96      1152      A100-80GB:8   54.89      [32m   ✔[0m
2026-03-26 14:15:56,968 - INFO - ----------------------------------------------------------------------------------------------
2026-03-26 14:15:56,968 - INFO - [33mInstance type p4de.24xlarge supports up to 4 EFA interfaces, but `use_internal_ips` is not enabled.
2026-03-26 14:15:57,069 - INFO - Launching with the current configuration will use only 1 EFA interface.
2026-03-26 14:15:57,069 - INFO - To use all 4 EFA interfaces, enable internal IPs by adding one of the following configurations to SkyPilot config:
2026-03-26 14:15:57,069 - INFO - Option 1 (with SSM):
2026-03-26 14:15:57,069 - INFO -   aws:
2026-03-26 14:15:57,069 - INFO -     use_internal_ips: true
2026-03-26 14:15:57,069 - INFO -     use_ssm: true
2026-03-26 14:15:57,069 - INFO - Option 2 (with SSH proxy):
2026-03-26 14:15:57,069 - INFO -   aws:
2026-03-26 14:15:57,069 - INFO -     use_internal_ips: true
2026-03-26 14:15:57,069 - INFO -     ssh_proxy_command: ssh -W %h:%p -i <ssh key path> -o StrictHostKeyChecking=no <user>@<jump server public ip>
2026-03-26 14:15:57,069 - INFO - Refer to https://docs.skypilot.co/en/latest/reference/config.html#aws-use-internal-ips for more details.[0m
2026-03-26 14:15:57,069 - INFO - [0m⚙︎ Launching on AWS us-east-1[0m (us-east-1d).
2026-03-26 14:16:15,189 - INFO - [2mW 03-26 14:16:15.142 PID=2248878 instance.py:288] create_instances: Attempt failed with An error occurred (InsufficientInstanceCapacity) when calling the RunInstances operation (reached max retries: 0): We currently do not have sufficient p4de.24xlarge capacity in the Availability Zone you requested (us-east-1d). Our system will be working on provisioning additional capacity. You can currently get p4de.24xlarge capacity by not specifying an Availability Zone in your request or choosing us-east-1a.[0m
2026-03-26 14:16:18,509 - INFO - AWS handler error: Failed to launch instances. Max attempts exceeded.
2026-03-26 14:16:18,610 - INFO - sky.exceptions.ResourcesUnavailableError: Failed to acquire resources in us-east-1d for {AWS(p4de.24xlarge[Spot], mem=64.0+, {'A100-80GB': 8}, network_tier=best, disk_size=1000)}.
2026-03-26 14:16:18,610 - INFO - 
2026-03-26 14:16:18,711 - INFO - [0m[33m↺[0m Trying other potential resources.
2026-03-26 14:16:18,711 - INFO - Considered resources (2 nodes):
2026-03-26 14:16:19,113 - INFO - ---------------------------------------------------------------------------------------------------
2026-03-26 14:16:19,113 - INFO -  INFRA                   INSTANCE              vCPUs   Mem(GB)   GPUS          COST ($)   CHOSEN
2026-03-26 14:16:19,113 - INFO - ---------------------------------------------------------------------------------------------------
2026-03-26 14:16:19,113 - INFO -  AWS (ap-southeast-1c)   p4de.24xlarge[Spot]   96      1152      A100-80GB:8   65.87      [32m   ✔[0m
2026-03-26 14:16:19,113 - INFO - ---------------------------------------------------------------------------------------------------
2026-03-26 14:16:19,113 - INFO - sky.exceptions.ResourcesUnavailableError: [33mFound no quota for p4de.24xlarge spot instances in region ap-southeast-1 in AWS. [0mTo request quotas, check the instruction: https://docs.skypilot.co/en/latest/cloud-setup/quota.html.
2026-03-26 14:16:20,223 - INFO - 
2026-03-26 14:16:20,223 - INFO - [0m[33m↺[0m Trying other potential resources.
2026-03-26 14:16:20,224 - INFO - 
2026-03-26 14:16:50,796 - INFO - [?25h[31mFailed to provision all possible launchable resources.[0m Relax the task's resource requirements: 2x AWS(p4de.24xlarge[Spot], mem=64.0+, {'A100-80GB': 8}, network_tier=best, disk_size=1000)
2026-03-26 14:16:50,796 - INFO - 
2026-03-26 14:16:50,796 - INFO - [0m[33m↺[0m Retry after 30s  [2mView logs: [1msky logs --provision rf-qwen3-235b-a22b-tp8pp2-A100-80gb[0m[0m[0m
2026-03-26 14:16:50,796 - INFO - [33mLaunching a spot job that does not automatically recover from preemptions. To get automatic recovery, use managed job instead: [0m[1msky jobs launch[0m [33mor[0m [1msky.jobs.launch()[0m.
2026-03-26 14:16:50,796 - INFO - Considered resources (2 nodes):
2026-03-26 14:16:51,401 - INFO - ---------------------------------------------------------------------------------------------------
2026-03-26 14:16:51,401 - INFO -  INFRA                   INSTANCE              vCPUs   Mem(GB)   GPUS          COST ($)   CHOSEN
2026-03-26 14:16:51,401 - INFO - ---------------------------------------------------------------------------------------------------
2026-03-26 14:16:51,401 - INFO -  AWS (ap-northeast-1a)   p4de.24xlarge[Spot]   96      1152      A100-80GB:8   24.02      [32m   ✔[0m
2026-03-26 14:16:51,401 - INFO - ---------------------------------------------------------------------------------------------------
2026-03-26 14:16:51,401 - INFO - sky.exceptions.ResourcesUnavailableError: [33mFound no quota for p4de.24xlarge spot instances in region ap-northeast-1 in AWS. [0mTo request quotas, check the instruction: https://docs.skypilot.co/en/latest/cloud-setup/quota.html.
2026-03-26 14:16:51,501 - INFO - 
2026-03-26 14:16:51,501 - INFO - [0m[33m↺[0m Trying other potential resources.
2026-03-26 14:16:51,501 - INFO - Considered resources (2 nodes):
2026-03-26 14:16:52,005 - INFO - ---------------------------------------------------------------------------------------------------
2026-03-26 14:16:52,005 - INFO -  INFRA                   INSTANCE              vCPUs   Mem(GB)   GPUS          COST ($)   CHOSEN
2026-03-26 14:16:52,005 - INFO - ---------------------------------------------------------------------------------------------------
2026-03-26 14:16:52,005 - INFO -  AWS (ap-northeast-1c)   p4de.24xlarge[Spot]   96      1152      A100-80GB:8   28.71      [32m   ✔[0m
2026-03-26 14:16:52,005 - INFO - ---------------------------------------------------------------------------------------------------
2026-03-26 14:16:52,005 - INFO - sky.exceptions.ResourcesUnavailableError: [33mFound no quota for p4de.24xlarge spot instances in region ap-northeast-1 in AWS. [0mTo request quotas, check the instruction: https://docs.skypilot.co/en/latest/cloud-setup/quota.html.
2026-03-26 14:16:52,106 - INFO - 
2026-03-26 14:16:52,106 - INFO - [0m[33m↺[0m Trying other potential resources.
2026-03-26 14:16:52,106 - INFO - Considered resources (2 nodes):
2026-03-26 14:16:52,709 - INFO - -------------------------------------------------------------------------------------------------
2026-03-26 14:16:52,709 - INFO -  INFRA                 INSTANCE              vCPUs   Mem(GB)   GPUS          COST ($)   CHOSEN
2026-03-26 14:16:52,709 - INFO - -------------------------------------------------------------------------------------------------
2026-03-26 14:16:52,709 - INFO -  AWS (eu-central-1c)   p4de.24xlarge[Spot]   96      1152      A100-80GB:8   29.85      [32m   ✔[0m
2026-03-26 14:16:52,709 - INFO - -------------------------------------------------------------------------------------------------
2026-03-26 14:16:52,709 - INFO - sky.exceptions.ResourcesUnavailableError: [33mFound no quota for p4de.24xlarge spot instances in region eu-central-1 in AWS. [0mTo request quotas, check the instruction: https://docs.skypilot.co/en/latest/cloud-setup/quota.html.
2026-03-26 14:16:52,911 - INFO - 
2026-03-26 14:16:52,911 - INFO - [0m[33m↺[0m Trying other potential resources.
2026-03-26 14:16:52,911 - INFO - Considered resources (2 nodes):
2026-03-26 14:16:53,817 - INFO - ----------------------------------------------------------------------------------------------
2026-03-26 14:16:53,817 - INFO -  INFRA              INSTANCE              vCPUs   Mem(GB)   GPUS          COST ($)   CHOSEN
2026-03-26 14:16:53,817 - INFO - ----------------------------------------------------------------------------------------------
2026-03-26 14:16:53,817 - INFO -  AWS (us-west-2c)   p4de.24xlarge[Spot]   96      1152      A100-80GB:8   32.16      [32m   ✔[0m
2026-03-26 14:16:53,817 - INFO - ----------------------------------------------------------------------------------------------
2026-03-26 14:16:53,817 - INFO - [33mInstance type p4de.24xlarge supports up to 4 EFA interfaces, but `use_internal_ips` is not enabled.
2026-03-26 14:17:14,824 - INFO - Launching with the current configuration will use only 1 EFA interface.
2026-03-26 14:17:14,824 - INFO - To use all 4 EFA interfaces, enable internal IPs by adding one of the following configurations to SkyPilot config:
2026-03-26 14:17:14,824 - INFO - Option 1 (with SSM):
2026-03-26 14:17:14,824 - INFO -   aws:
2026-03-26 14:17:14,824 - INFO -     use_internal_ips: true
2026-03-26 14:17:14,824 - INFO -     use_ssm: true
2026-03-26 14:17:14,824 - INFO - Option 2 (with SSH proxy):
2026-03-26 14:17:14,824 - INFO -   aws:
2026-03-26 14:17:14,824 - INFO -     use_internal_ips: true
2026-03-26 14:17:14,824 - INFO -     ssh_proxy_command: ssh -W %h:%p -i <ssh key path> -o StrictHostKeyChecking=no <user>@<jump server public ip>
2026-03-26 14:17:14,824 - INFO - Refer to https://docs.skypilot.co/en/latest/reference/config.html#aws-use-internal-ips for more details.[0m
2026-03-26 14:17:14,824 - INFO - [0m⚙︎ Launching on AWS us-west-2[0m (us-west-2c).
2026-03-26 14:17:14,824 - INFO - [2mW 03-26 14:17:14.731 PID=743527 instance.py:288] create_instances: Attempt failed with An error occurred (InsufficientInstanceCapacity) when calling the RunInstances operation (reached max retries: 0): We currently do not have sufficient p4de.24xlarge capacity in the Availability Zone you requested (us-west-2c). Our system will be working on provisioning additional capacity. You can currently get p4de.24xlarge capacity by not specifying an Availability Zone in your request or choosing us-west-2a, us-west-2b.[0m
2026-03-26 14:17:18,238 - INFO - AWS handler error: Failed to launch instances. Max attempts exceeded.
2026-03-26 14:17:18,338 - INFO - sky.exceptions.ResourcesUnavailableError: Failed to acquire resources in us-west-2c for {AWS(p4de.24xlarge[Spot], mem=64.0+, {'A100-80GB': 8}, network_tier=best, disk_size=1000)}.
2026-03-26 14:17:18,440 - INFO - 
2026-03-26 14:17:18,440 - INFO - [0m[33m↺[0m Trying other potential resources.
2026-03-26 14:17:18,440 - INFO - Considered resources (2 nodes):
2026-03-26 14:17:19,045 - INFO - -------------------------------------------------------------------------------------------------
2026-03-26 14:17:19,045 - INFO -  INFRA                 INSTANCE              vCPUs   Mem(GB)   GPUS          COST ($)   CHOSEN
2026-03-26 14:17:19,045 - INFO - -------------------------------------------------------------------------------------------------
2026-03-26 14:17:19,045 - INFO -  AWS (eu-central-1a)   p4de.24xlarge[Spot]   96      1152      A100-80GB:8   32.33      [32m   ✔[0m
2026-03-26 14:17:19,045 - INFO - -------------------------------------------------------------------------------------------------
2026-03-26 14:17:19,045 - INFO - sky.exceptions.ResourcesUnavailableError: [33mFound no quota for p4de.24xlarge spot instances in region eu-central-1 in AWS. [0mTo request quotas, check the instruction: https://docs.skypilot.co/en/latest/cloud-setup/quota.html.
2026-03-26 14:17:19,146 - INFO - 
2026-03-26 14:17:19,247 - INFO - [0m[33m↺[0m Trying other potential resources.
2026-03-26 14:17:19,247 - INFO - Considered resources (2 nodes):
2026-03-26 14:17:20,251 - INFO - ----------------------------------------------------------------------------------------------
2026-03-26 14:17:20,251 - INFO -  INFRA              INSTANCE              vCPUs   Mem(GB)   GPUS          COST ($)   CHOSEN
2026-03-26 14:17:20,251 - INFO - ----------------------------------------------------------------------------------------------
2026-03-26 14:17:20,251 - INFO -  AWS (us-west-2b)   p4de.24xlarge[Spot]   96      1152      A100-80GB:8   34.35      [32m   ✔[0m
2026-03-26 14:17:20,251 - INFO - ----------------------------------------------------------------------------------------------
2026-03-26 14:17:20,251 - INFO - [33mInstance type p4de.24xlarge supports up to 4 EFA interfaces, but `use_internal_ips` is not enabled.
2026-03-26 14:17:20,352 - INFO - Launching with the current configuration will use only 1 EFA interface.
2026-03-26 14:17:20,352 - INFO - To use all 4 EFA interfaces, enable internal IPs by adding one of the following configurations to SkyPilot config:
2026-03-26 14:17:20,353 - INFO - Option 1 (with SSM):
2026-03-26 14:17:20,353 - INFO -   aws:
2026-03-26 14:17:20,353 - INFO -     use_internal_ips: true
2026-03-26 14:17:20,353 - INFO -     use_ssm: true
2026-03-26 14:17:20,353 - INFO - Option 2 (with SSH proxy):
2026-03-26 14:17:20,353 - INFO -   aws:
2026-03-26 14:17:20,353 - INFO -     use_internal_ips: true
2026-03-26 14:17:20,353 - INFO -     ssh_proxy_command: ssh -W %h:%p -i <ssh key path> -o StrictHostKeyChecking=no <user>@<jump server public ip>
2026-03-26 14:17:20,353 - INFO - Refer to https://docs.skypilot.co/en/latest/reference/config.html#aws-use-internal-ips for more details.[0m
2026-03-26 14:17:20,353 - INFO - [0m⚙︎ Launching on AWS us-west-2[0m (us-west-2b).
2026-03-26 14:17:40,689 - INFO - [2mW 03-26 14:17:40.671 PID=743527 instance.py:288] create_instances: Attempt failed with An error occurred (InsufficientInstanceCapacity) when calling the RunInstances operation (reached max retries: 0): We currently do not have sufficient p4de.24xlarge capacity in the Availability Zone you requested (us-west-2b). Our system will be working on provisioning additional capacity. You can currently get p4de.24xlarge capacity by not specifying an Availability Zone in your request or choosing us-west-2a, us-west-2c.[0m
2026-03-26 14:17:44,510 - INFO - AWS handler error: Failed to launch instances. Max attempts exceeded.
2026-03-26 14:17:44,611 - INFO - sky.exceptions.ResourcesUnavailableError: Failed to acquire resources in us-west-2b for {AWS(p4de.24xlarge[Spot], mem=64.0+, {'A100-80GB': 8}, network_tier=best, disk_size=1000)}.
2026-03-26 14:17:44,611 - INFO - 
2026-03-26 14:17:44,711 - INFO - [0m[33m↺[0m Trying other potential resources.
2026-03-26 14:17:44,711 - INFO - Considered resources (2 nodes):
2026-03-26 14:17:45,518 - INFO - ----------------------------------------------------------------------------------------------
2026-03-26 14:17:45,518 - INFO -  INFRA              INSTANCE              vCPUs   Mem(GB)   GPUS          COST ($)   CHOSEN
2026-03-26 14:17:45,518 - INFO - ----------------------------------------------------------------------------------------------
2026-03-26 14:17:45,518 - INFO -  AWS (us-east-1a)   p4de.24xlarge[Spot]   96      1152      A100-80GB:8   36.92      [32m   ✔[0m
2026-03-26 14:17:45,518 - INFO - ----------------------------------------------------------------------------------------------
2026-03-26 14:17:45,518 - INFO - [33mInstance type p4de.24xlarge supports up to 4 EFA interfaces, but `use_internal_ips` is not enabled.
2026-03-26 14:17:45,619 - INFO - Launching with the current configuration will use only 1 EFA interface.
2026-03-26 14:17:45,619 - INFO - To use all 4 EFA interfaces, enable internal IPs by adding one of the following configurations to SkyPilot config:
2026-03-26 14:17:45,619 - INFO - Option 1 (with SSM):
2026-03-26 14:17:45,619 - INFO -   aws:
2026-03-26 14:17:45,619 - INFO -     use_internal_ips: true
2026-03-26 14:17:45,619 - INFO -     use_ssm: true
2026-03-26 14:17:45,619 - INFO - Option 2 (with SSH proxy):
2026-03-26 14:17:45,619 - INFO -   aws:
2026-03-26 14:17:45,619 - INFO -     use_internal_ips: true
2026-03-26 14:17:45,619 - INFO -     ssh_proxy_command: ssh -W %h:%p -i <ssh key path> -o StrictHostKeyChecking=no <user>@<jump server public ip>
2026-03-26 14:17:45,619 - INFO - Refer to https://docs.skypilot.co/en/latest/reference/config.html#aws-use-internal-ips for more details.[0m
2026-03-26 14:17:45,619 - INFO - [0m⚙︎ Launching on AWS us-east-1[0m (us-east-1a).
2026-03-26 14:18:05,123 - INFO - [2mW 03-26 14:18:05.121 PID=743527 instance.py:288] create_instances: Attempt failed with An error occurred (MaxSpotInstanceCountExceeded) when calling the RunInstances operation: Max spot instance count exceeded[0m
2026-03-26 14:18:09,040 - INFO - AWS handler error: Failed to launch instances. Max attempts exceeded.
2026-03-26 14:18:09,241 - INFO - sky.exceptions.ResourcesUnavailableError: Failed to acquire resources in us-east-1a for {AWS(p4de.24xlarge[Spot], mem=64.0+, {'A100-80GB': 8}, network_tier=best, disk_size=1000)}.
2026-03-26 14:18:09,241 - INFO - 
2026-03-26 14:18:09,241 - INFO - [0m[33m↺[0m Trying other potential resources.
2026-03-26 14:18:09,241 - INFO - Considered resources (2 nodes):
2026-03-26 14:18:10,145 - INFO - ----------------------------------------------------------------------------------------------
2026-03-26 14:18:10,145 - INFO -  INFRA              INSTANCE              vCPUs   Mem(GB)   GPUS          COST ($)   CHOSEN
2026-03-26 14:18:10,145 - INFO - ----------------------------------------------------------------------------------------------
2026-03-26 14:18:10,145 - INFO -  AWS (us-west-2a)   p4de.24xlarge[Spot]   96      1152      A100-80GB:8   39.18      [32m   ✔[0m
2026-03-26 14:18:10,145 - INFO - ----------------------------------------------------------------------------------------------
2026-03-26 14:18:10,145 - INFO - [33mInstance type p4de.24xlarge supports up to 4 EFA interfaces, but `use_internal_ips` is not enabled.
2026-03-26 14:18:10,246 - INFO - Launching with the current configuration will use only 1 EFA interface.
2026-03-26 14:18:10,247 - INFO - To use all 4 EFA interfaces, enable internal IPs by adding one of the following configurations to SkyPilot config:
2026-03-26 14:18:10,247 - INFO - Option 1 (with SSM):
2026-03-26 14:18:10,247 - INFO -   aws:
2026-03-26 14:18:10,247 - INFO -     use_internal_ips: true
2026-03-26 14:18:10,247 - INFO -     use_ssm: true
2026-03-26 14:18:10,247 - INFO - Option 2 (with SSH proxy):
2026-03-26 14:18:10,247 - INFO -   aws:
2026-03-26 14:18:10,247 - INFO -     use_internal_ips: true
2026-03-26 14:18:10,247 - INFO -     ssh_proxy_command: ssh -W %h:%p -i <ssh key path> -o StrictHostKeyChecking=no <user>@<jump server public ip>
2026-03-26 14:18:10,247 - INFO - Refer to https://docs.skypilot.co/en/latest/reference/config.html#aws-use-internal-ips for more details.[0m
2026-03-26 14:18:10,247 - INFO - [0m⚙︎ Launching on AWS us-west-2[0m (us-west-2a).
2026-03-26 14:18:30,243 - INFO - [2mW 03-26 14:18:30.174 PID=743527 instance.py:288] create_instances: Attempt failed with An error occurred (InsufficientInstanceCapacity) when calling the RunInstances operation (reached max retries: 0): We currently do not have sufficient p4de.24xlarge capacity in the Availability Zone you requested (us-west-2a). Our system will be working on provisioning additional capacity. You can currently get p4de.24xlarge capacity by not specifying an Availability Zone in your request or choosing us-west-2b, us-west-2c.[0m
2026-03-26 14:18:33,966 - INFO - AWS handler error: Failed to launch instances. Max attempts exceeded.
2026-03-26 14:18:34,168 - INFO - sky.exceptions.ResourcesUnavailableError: Failed to acquire resources in us-west-2a for {AWS(p4de.24xlarge[Spot], mem=64.0+, {'A100-80GB': 8}, network_tier=best, disk_size=1000)}.
2026-03-26 14:18:34,168 - INFO - 
2026-03-26 14:18:34,168 - INFO - [0m[33m↺[0m Trying other potential resources.
2026-03-26 14:18:34,168 - INFO - Considered resources (2 nodes):
2026-03-26 14:18:34,972 - INFO - ----------------------------------------------------------------------------------------------
2026-03-26 14:18:34,972 - INFO -  INFRA              INSTANCE              vCPUs   Mem(GB)   GPUS          COST ($)   CHOSEN
2026-03-26 14:18:34,972 - INFO - ----------------------------------------------------------------------------------------------
2026-03-26 14:18:34,972 - INFO -  AWS (us-east-1d)   p4de.24xlarge[Spot]   96      1152      A100-80GB:8   49.02      [32m   ✔[0m
2026-03-26 14:18:34,972 - INFO - ----------------------------------------------------------------------------------------------
2026-03-26 14:18:34,972 - INFO - [33mInstance type p4de.24xlarge supports up to 4 EFA interfaces, but `use_internal_ips` is not enabled.
2026-03-26 14:18:35,073 - INFO - Launching with the current configuration will use only 1 EFA interface.
2026-03-26 14:18:35,073 - INFO - To use all 4 EFA interfaces, enable internal IPs by adding one of the following configurations to SkyPilot config:
2026-03-26 14:18:35,073 - INFO - Option 1 (with SSM):
2026-03-26 14:18:35,073 - INFO -   aws:
2026-03-26 14:18:35,073 - INFO -     use_internal_ips: true
2026-03-26 14:18:35,073 - INFO -     use_ssm: true
2026-03-26 14:18:35,073 - INFO - Option 2 (with SSH proxy):
2026-03-26 14:18:35,073 - INFO -   aws:
2026-03-26 14:18:35,073 - INFO -     use_internal_ips: true
2026-03-26 14:18:35,073 - INFO -     ssh_proxy_command: ssh -W %h:%p -i <ssh key path> -o StrictHostKeyChecking=no <user>@<jump server public ip>
2026-03-26 14:18:35,073 - INFO - Refer to https://docs.skypilot.co/en/latest/reference/config.html#aws-use-internal-ips for more details.[0m
2026-03-26 14:18:35,073 - INFO - [0m⚙︎ Launching on AWS us-east-1[0m (us-east-1d).
2026-03-26 14:18:52,570 - INFO - [2mW 03-26 14:18:52.508 PID=743527 instance.py:288] create_instances: Attempt failed with An error occurred (InsufficientInstanceCapacity) when calling the RunInstances operation (reached max retries: 0): We currently do not have sufficient p4de.24xlarge capacity in the Availability Zone you requested (us-east-1d). Our system will be working on provisioning additional capacity. You can currently get p4de.24xlarge capacity by not specifying an Availability Zone in your request or choosing us-east-1a.[0m
2026-03-26 14:18:56,192 - INFO - AWS handler error: Failed to launch instances. Max attempts exceeded.
2026-03-26 14:18:56,395 - INFO - sky.exceptions.ResourcesUnavailableError: Failed to acquire resources in us-east-1d for {AWS(p4de.24xlarge[Spot], mem=64.0+, {'A100-80GB': 8}, network_tier=best, disk_size=1000)}.
2026-03-26 14:18:56,395 - INFO - 
2026-03-26 14:18:56,395 - INFO - [0m[33m↺[0m Trying other potential resources.
2026-03-26 14:18:56,395 - INFO - Considered resources (2 nodes):
2026-03-26 14:18:56,697 - INFO - ---------------------------------------------------------------------------------------------------
2026-03-26 14:18:56,697 - INFO -  INFRA                   INSTANCE              vCPUs   Mem(GB)   GPUS          COST ($)   CHOSEN
2026-03-26 14:18:56,697 - INFO - ---------------------------------------------------------------------------------------------------
2026-03-26 14:18:56,697 - INFO -  AWS (ap-southeast-1a)   p4de.24xlarge[Spot]   96      1152      A100-80GB:8   57.83      [32m   ✔[0m
2026-03-26 14:18:56,697 - INFO - ---------------------------------------------------------------------------------------------------
2026-03-26 14:18:56,697 - INFO - sky.exceptions.ResourcesUnavailableError: [33mFound no quota for p4de.24xlarge spot instances in region ap-southeast-1 in AWS. [0mTo request quotas, check the instruction: https://docs.skypilot.co/en/latest/cloud-setup/quota.html.
2026-03-26 14:18:56,898 - INFO - 
2026-03-26 14:18:56,898 - INFO - [0m[33m↺[0m Trying other potential resources.
2026-03-26 14:18:56,898 - INFO - Considered resources (2 nodes):
2026-03-26 14:18:57,200 - INFO - ---------------------------------------------------------------------------------------------------
2026-03-26 14:18:57,200 - INFO -  INFRA                   INSTANCE              vCPUs   Mem(GB)   GPUS          COST ($)   CHOSEN
2026-03-26 14:18:57,200 - INFO - ---------------------------------------------------------------------------------------------------
2026-03-26 14:18:57,200 - INFO -  AWS (ap-southeast-1c)   p4de.24xlarge[Spot]   96      1152      A100-80GB:8   65.87      [32m   ✔[0m
2026-03-26 14:18:57,201 - INFO - ---------------------------------------------------------------------------------------------------
2026-03-26 14:18:57,201 - INFO - sky.exceptions.ResourcesUnavailableError: [33mFound no quota for p4de.24xlarge spot instances in region ap-southeast-1 in AWS. [0mTo request quotas, check the instruction: https://docs.skypilot.co/en/latest/cloud-setup/quota.html.
2026-03-26 14:18:57,302 - INFO - 
2026-03-26 14:18:58,307 - INFO - [0m[33m↺[0m Trying other potential resources.
2026-03-26 14:18:58,308 - INFO - 
2026-03-26 14:19:28,890 - INFO - [?25h[31mFailed to provision all possible launchable resources.[0m Relax the task's resource requirements: 2x AWS(p4de.24xlarge[Spot], mem=64.0+, {'A100-80GB': 8}, network_tier=best, disk_size=1000)
2026-03-26 14:19:28,890 - INFO - 
2026-03-26 14:19:28,890 - INFO - [0m[33m↺[0m Retry after 30s  [2mView logs: [1msky logs --provision rf-qwen3-235b-a22b-tp8pp2-A100-80gb[0m[0m[0m
2026-03-26 14:19:28,890 - INFO - [33mLaunching a spot job that does not automatically recover from preemptions. To get automatic recovery, use managed job instead: [0m[1msky jobs launch[0m [33mor[0m [1msky.jobs.launch()[0m.
2026-03-26 14:19:28,991 - INFO - Considered resources (2 nodes):
2026-03-26 14:19:29,595 - INFO - ---------------------------------------------------------------------------------------------------
2026-03-26 14:19:29,595 - INFO -  INFRA                   INSTANCE              vCPUs   Mem(GB)   GPUS          COST ($)   CHOSEN
2026-03-26 14:19:29,595 - INFO - ---------------------------------------------------------------------------------------------------
2026-03-26 14:19:29,595 - INFO -  AWS (ap-northeast-1a)   p4de.24xlarge[Spot]   96      1152      A100-80GB:8   19.80      [32m   ✔[0m
2026-03-26 14:19:29,595 - INFO - ---------------------------------------------------------------------------------------------------
2026-03-26 14:19:29,595 - INFO - sky.exceptions.ResourcesUnavailableError: [33mFound no quota for p4de.24xlarge spot instances in region ap-northeast-1 in AWS. [0mTo request quotas, check the instruction: https://docs.skypilot.co/en/latest/cloud-setup/quota.html.
2026-03-26 14:19:29,696 - INFO - 
2026-03-26 14:19:29,696 - INFO - [0m[33m↺[0m Trying other potential resources.
2026-03-26 14:19:29,696 - INFO - Considered resources (2 nodes):
2026-03-26 14:19:30,401 - INFO - -------------------------------------------------------------------------------------------------
2026-03-26 14:19:30,401 - INFO -  INFRA                 INSTANCE              vCPUs   Mem(GB)   GPUS          COST ($)   CHOSEN
2026-03-26 14:19:30,401 - INFO - -------------------------------------------------------------------------------------------------
2026-03-26 14:19:30,401 - INFO -  AWS (eu-central-1a)   p4de.24xlarge[Spot]   96      1152      A100-80GB:8   20.30      [32m   ✔[0m
2026-03-26 14:19:30,401 - INFO - -------------------------------------------------------------------------------------------------
2026-03-26 14:19:30,401 - INFO - sky.exceptions.ResourcesUnavailableError: [33mFound no quota for p4de.24xlarge spot instances in region eu-central-1 in AWS. [0mTo request quotas, check the instruction: https://docs.skypilot.co/en/latest/cloud-setup/quota.html.
2026-03-26 14:19:30,501 - INFO - 
2026-03-26 14:19:30,501 - INFO - [0m[33m↺[0m Trying other potential resources.
2026-03-26 14:19:30,501 - INFO - Considered resources (2 nodes):
2026-03-26 14:19:31,506 - INFO - ----------------------------------------------------------------------------------------------
2026-03-26 14:19:31,506 - INFO -  INFRA              INSTANCE              vCPUs   Mem(GB)   GPUS          COST ($)   CHOSEN
2026-03-26 14:19:31,506 - INFO - ----------------------------------------------------------------------------------------------
2026-03-26 14:19:31,506 - INFO -  AWS (us-west-2a)   p4de.24xlarge[Spot]   96      1152      A100-80GB:8   24.57      [32m   ✔[0m
2026-03-26 14:19:31,506 - INFO - ----------------------------------------------------------------------------------------------
2026-03-26 14:19:31,506 - INFO - [33mInstance type p4de.24xlarge supports up to 4 EFA interfaces, but `use_internal_ips` is not enabled.
2026-03-26 14:19:50,095 - INFO - Launching with the current configuration will use only 1 EFA interface.
2026-03-26 14:19:50,095 - INFO - To use all 4 EFA interfaces, enable internal IPs by adding one of the following configurations to SkyPilot config:
2026-03-26 14:19:50,095 - INFO - Option 1 (with SSM):
2026-03-26 14:19:50,095 - INFO -   aws:
2026-03-26 14:19:50,095 - INFO -     use_internal_ips: true
2026-03-26 14:19:50,095 - INFO -     use_ssm: true
2026-03-26 14:19:50,096 - INFO - Option 2 (with SSH proxy):
2026-03-26 14:19:50,096 - INFO -   aws:
2026-03-26 14:19:50,096 - INFO -     use_internal_ips: true
2026-03-26 14:19:50,096 - INFO -     ssh_proxy_command: ssh -W %h:%p -i <ssh key path> -o StrictHostKeyChecking=no <user>@<jump server public ip>
2026-03-26 14:19:50,096 - INFO - Refer to https://docs.skypilot.co/en/latest/reference/config.html#aws-use-internal-ips for more details.[0m
2026-03-26 14:19:50,096 - INFO - [0m⚙︎ Launching on AWS us-west-2[0m (us-west-2a).
2026-03-26 14:19:50,096 - INFO - [2mW 03-26 14:19:50.060 PID=1652500 instance.py:288] create_instances: Attempt failed with An error occurred (InsufficientInstanceCapacity) when calling the RunInstances operation (reached max retries: 0): We currently do not have sufficient p4de.24xlarge capacity in the Availability Zone you requested (us-west-2a). Our system will be working on provisioning additional capacity. You can currently get p4de.24xlarge capacity by not specifying an Availability Zone in your request or choosing us-west-2b, us-west-2c.[0m
2026-03-26 14:19:53,309 - INFO - AWS handler error: Failed to launch instances. Max attempts exceeded.
2026-03-26 14:19:53,410 - INFO - sky.exceptions.ResourcesUnavailableError: Failed to acquire resources in us-west-2a for {AWS(p4de.24xlarge[Spot], mem=64.0+, {'A100-80GB': 8}, network_tier=best, disk_size=1000)}.
2026-03-26 14:19:53,411 - INFO - 
2026-03-26 14:19:53,411 - INFO - [0m[33m↺[0m Trying other potential resources.
2026-03-26 14:19:53,411 - INFO - Considered resources (2 nodes):
2026-03-26 14:19:53,512 - INFO - -------------------------------------------------------------------------------------------------
2026-03-26 14:19:54,317 - INFO -  INFRA                 INSTANCE              vCPUs   Mem(GB)   GPUS          COST ($)   CHOSEN
2026-03-26 14:19:54,318 - INFO - -------------------------------------------------------------------------------------------------
2026-03-26 14:19:54,318 - INFO -  AWS (eu-central-1c)   p4de.24xlarge[Spot]   96      1152      A100-80GB:8   26.88      [32m   ✔[0m
2026-03-26 14:19:54,318 - INFO - -------------------------------------------------------------------------------------------------
2026-03-26 14:19:54,318 - INFO - sky.exceptions.ResourcesUnavailableError: [33mFound no quota for p4de.24xlarge spot instances in region eu-central-1 in AWS. [0mTo request quotas, check the instruction: https://docs.skypilot.co/en/latest/cloud-setup/quota.html.
2026-03-26 14:19:54,518 - INFO - 
2026-03-26 14:19:54,518 - INFO - [0m[33m↺[0m Trying other potential resources.
2026-03-26 14:19:54,518 - INFO - Considered resources (2 nodes):
2026-03-26 14:19:55,423 - INFO - ----------------------------------------------------------------------------------------------
2026-03-26 14:19:55,423 - INFO -  INFRA              INSTANCE              vCPUs   Mem(GB)   GPUS          COST ($)   CHOSEN
2026-03-26 14:19:55,423 - INFO - ----------------------------------------------------------------------------------------------
2026-03-26 14:19:55,423 - INFO -  AWS (us-west-2c)   p4de.24xlarge[Spot]   96      1152      A100-80GB:8   29.77      [32m   ✔[0m
2026-03-26 14:19:55,423 - INFO - ----------------------------------------------------------------------------------------------
2026-03-26 14:19:55,423 - INFO - [33mInstance type p4de.24xlarge supports up to 4 EFA interfaces, but `use_internal_ips` is not enabled.
2026-03-26 14:19:55,524 - INFO - Launching with the current configuration will use only 1 EFA interface.
2026-03-26 14:19:55,524 - INFO - To use all 4 EFA interfaces, enable internal IPs by adding one of the following configurations to SkyPilot config:
2026-03-26 14:19:55,524 - INFO - Option 1 (with SSM):
2026-03-26 14:19:55,524 - INFO -   aws:
2026-03-26 14:19:55,525 - INFO -     use_internal_ips: true
2026-03-26 14:19:55,525 - INFO -     use_ssm: true
2026-03-26 14:19:55,525 - INFO - Option 2 (with SSH proxy):
2026-03-26 14:19:55,525 - INFO -   aws:
2026-03-26 14:19:55,525 - INFO -     use_internal_ips: true
2026-03-26 14:19:55,525 - INFO -     ssh_proxy_command: ssh -W %h:%p -i <ssh key path> -o StrictHostKeyChecking=no <user>@<jump server public ip>
2026-03-26 14:19:55,525 - INFO - Refer to https://docs.skypilot.co/en/latest/reference/config.html#aws-use-internal-ips for more details.[0m
2026-03-26 14:19:55,525 - INFO - [0m⚙︎ Launching on AWS us-west-2[0m (us-west-2c).
2026-03-26 14:20:14,123 - INFO - [2mW 03-26 14:20:14.101 PID=1652500 instance.py:288] create_instances: Attempt failed with An error occurred (InsufficientInstanceCapacity) when calling the RunInstances operation (reached max retries: 0): We currently do not have sufficient p4de.24xlarge capacity in the Availability Zone you requested (us-west-2c). Our system will be working on provisioning additional capacity. You can currently get p4de.24xlarge capacity by not specifying an Availability Zone in your request or choosing us-west-2a, us-west-2b.[0m
2026-03-26 14:20:18,251 - INFO - AWS handler error: Failed to launch instances. Max attempts exceeded.
2026-03-26 14:20:18,353 - INFO - sky.exceptions.ResourcesUnavailableError: Failed to acquire resources in us-west-2c for {AWS(p4de.24xlarge[Spot], mem=64.0+, {'A100-80GB': 8}, network_tier=best, disk_size=1000)}.
2026-03-26 14:20:18,353 - INFO - 
2026-03-26 14:20:18,453 - INFO - [0m[33m↺[0m Trying other potential resources.
2026-03-26 14:20:18,453 - INFO - Considered resources (2 nodes):
2026-03-26 14:20:18,956 - INFO - ---------------------------------------------------------------------------------------------------
2026-03-26 14:20:18,956 - INFO -  INFRA                   INSTANCE              vCPUs   Mem(GB)   GPUS          COST ($)   CHOSEN
2026-03-26 14:20:18,956 - INFO - ---------------------------------------------------------------------------------------------------
2026-03-26 14:20:18,956 - INFO -  AWS (ap-northeast-1c)   p4de.24xlarge[Spot]   96      1152      A100-80GB:8   32.81      [32m   ✔[0m
2026-03-26 14:20:18,956 - INFO - ---------------------------------------------------------------------------------------------------
2026-03-26 14:20:18,956 - INFO - sky.exceptions.ResourcesUnavailableError: [33mFound no quota for p4de.24xlarge spot instances in region ap-northeast-1 in AWS. [0mTo request quotas, check the instruction: https://docs.skypilot.co/en/latest/cloud-setup/quota.html.
2026-03-26 14:20:19,058 - INFO - 
2026-03-26 14:20:19,159 - INFO - [0m[33m↺[0m Trying other potential resources.
2026-03-26 14:20:19,159 - INFO - Considered resources (2 nodes):
2026-03-26 14:20:20,163 - INFO - ----------------------------------------------------------------------------------------------
2026-03-26 14:20:20,163 - INFO -  INFRA              INSTANCE              vCPUs   Mem(GB)   GPUS          COST ($)   CHOSEN
2026-03-26 14:20:20,163 - INFO - ----------------------------------------------------------------------------------------------
2026-03-26 14:20:20,163 - INFO -  AWS (us-west-2b)   p4de.24xlarge[Spot]   96      1152      A100-80GB:8   33.39      [32m   ✔[0m
2026-03-26 14:20:20,164 - INFO - ----------------------------------------------------------------------------------------------
2026-03-26 14:20:20,164 - INFO - [33mInstance type p4de.24xlarge supports up to 4 EFA interfaces, but `use_internal_ips` is not enabled.
2026-03-26 14:20:20,263 - INFO - Launching with the current configuration will use only 1 EFA interface.
2026-03-26 14:20:20,263 - INFO - To use all 4 EFA interfaces, enable internal IPs by adding one of the following configurations to SkyPilot config:
2026-03-26 14:20:20,263 - INFO - Option 1 (with SSM):
2026-03-26 14:20:20,263 - INFO -   aws:
2026-03-26 14:20:20,263 - INFO -     use_internal_ips: true
2026-03-26 14:20:20,263 - INFO -     use_ssm: true
2026-03-26 14:20:20,263 - INFO - Option 2 (with SSH proxy):
2026-03-26 14:20:20,263 - INFO -   aws:
2026-03-26 14:20:20,264 - INFO -     use_internal_ips: true
2026-03-26 14:20:20,264 - INFO -     ssh_proxy_command: ssh -W %h:%p -i <ssh key path> -o StrictHostKeyChecking=no <user>@<jump server public ip>
2026-03-26 14:20:20,264 - INFO - Refer to https://docs.skypilot.co/en/latest/reference/config.html#aws-use-internal-ips for more details.[0m
2026-03-26 14:20:20,264 - INFO - [0m⚙︎ Launching on AWS us-west-2[0m (us-west-2b).
2026-03-26 14:20:40,367 - INFO - [2mW 03-26 14:20:40.344 PID=1652500 instance.py:288] create_instances: Attempt failed with An error occurred (InsufficientInstanceCapacity) when calling the RunInstances operation (reached max retries: 0): We currently do not have sufficient p4de.24xlarge capacity in the Availability Zone you requested (us-west-2b). Our system will be working on provisioning additional capacity. You can currently get p4de.24xlarge capacity by not specifying an Availability Zone in your request or choosing us-west-2a, us-west-2c.[0m
2026-03-26 14:20:44,088 - INFO - AWS handler error: Failed to launch instances. Max attempts exceeded.
2026-03-26 14:20:44,189 - INFO - sky.exceptions.ResourcesUnavailableError: Failed to acquire resources in us-west-2b for {AWS(p4de.24xlarge[Spot], mem=64.0+, {'A100-80GB': 8}, network_tier=best, disk_size=1000)}.
2026-03-26 14:20:44,189 - INFO - 
2026-03-26 14:20:44,189 - INFO - [0m[33m↺[0m Trying other potential resources.
2026-03-26 14:20:44,189 - INFO - Considered resources (2 nodes):
2026-03-26 14:20:44,290 - INFO - ----------------------------------------------------------------------------------------------
2026-03-26 14:20:45,093 - INFO -  INFRA              INSTANCE              vCPUs   Mem(GB)   GPUS          COST ($)   CHOSEN
2026-03-26 14:20:45,093 - INFO - ----------------------------------------------------------------------------------------------
2026-03-26 14:20:45,093 - INFO -  AWS (us-east-1a)   p4de.24xlarge[Spot]   96      1152      A100-80GB:8   34.11      [32m   ✔[0m
2026-03-26 14:20:45,093 - INFO - ----------------------------------------------------------------------------------------------
2026-03-26 14:20:45,093 - INFO - [33mInstance type p4de.24xlarge supports up to 4 EFA interfaces, but `use_internal_ips` is not enabled.
2026-03-26 14:21:19,179 - INFO - Launching with the current configuration will use only 1 EFA interface.
2026-03-26 14:21:19,179 - INFO - To use all 4 EFA interfaces, enable internal IPs by adding one of the following configurations to SkyPilot config:
2026-03-26 14:21:19,179 - INFO - Option 1 (with SSM):
2026-03-26 14:21:19,179 - INFO -   aws:
2026-03-26 14:21:19,179 - INFO -     use_internal_ips: true
2026-03-26 14:21:19,179 - INFO -     use_ssm: true
2026-03-26 14:21:19,179 - INFO - Option 2 (with SSH proxy):
2026-03-26 14:21:19,179 - INFO -   aws:
2026-03-26 14:21:19,179 - INFO -     use_internal_ips: true
2026-03-26 14:21:19,179 - INFO -     ssh_proxy_command: ssh -W %h:%p -i <ssh key path> -o StrictHostKeyChecking=no <user>@<jump server public ip>
2026-03-26 14:21:19,179 - INFO - Refer to https://docs.skypilot.co/en/latest/reference/config.html#aws-use-internal-ips for more details.[0m
2026-03-26 14:21:19,179 - INFO - [0m⚙︎ Launching on AWS us-east-1[0m (us-east-1a).
2026-03-26 14:21:19,179 - INFO - [33mInstance type p4de.24xlarge supports up to 4 EFA interfaces, but `use_internal_ips` is not enabled.
2026-03-26 14:22:28,972 - INFO - Launching with the current configuration will use only 1 EFA interface.
2026-03-26 14:22:28,973 - INFO - To use all 4 EFA interfaces, enable internal IPs by adding one of the following configurations to SkyPilot config:
2026-03-26 14:22:28,973 - INFO - Option 1 (with SSM):
2026-03-26 14:22:28,973 - INFO -   aws:
2026-03-26 14:22:28,973 - INFO -     use_internal_ips: true
2026-03-26 14:22:28,973 - INFO -     use_ssm: true
2026-03-26 14:22:28,973 - INFO - Option 2 (with SSH proxy):
2026-03-26 14:22:28,973 - INFO -   aws:
2026-03-26 14:22:28,973 - INFO -     use_internal_ips: true
2026-03-26 14:22:28,973 - INFO -     ssh_proxy_command: ssh -W %h:%p -i <ssh key path> -o StrictHostKeyChecking=no <user>@<jump server public ip>
2026-03-26 14:22:28,973 - INFO - Refer to https://docs.skypilot.co/en/latest/reference/config.html#aws-use-internal-ips for more details.[0m
2026-03-26 14:22:28,973 - INFO - [2m└── [0m[2mInstances are up.[0m
2026-03-26 14:23:15,415 - INFO - [0m[32m✓ Cluster launched: rf-qwen3-235b-a22b-tp8pp2-A100-80gb.[0m[0m  [2mView logs: [1msky logs --provision rf-qwen3-235b-a22b-tp8pp2-A100-80gb[0m[0m
2026-03-26 14:23:15,516 - INFO - [0m⚙︎ Syncing files.
2026-03-26 14:23:15,618 - INFO -   [33mThe size of workdir '/home/orange/Desktop/tandemn/tandemn-profiling/roofline/vllm' is 518 MB. Try to keep workdir small or use .skyignore to exclude large files, as large sizes will slow down rsync.[0m
2026-03-26 14:23:15,719 - INFO -   [2mSyncing workdir (to 2 nodes): /home/orange/Desktop/tandemn/tandemn-profiling/roofline/vllm -> ~/sky_workdir[0m
2026-03-26 14:23:27,175 - INFO - [0m[32m✓ Synced workdir.[0m[0m  [2mView logs: sky api logs -l sky-2026-03-26-14-19-28-539928/workdir_sync.log[0m
2026-03-26 14:23:31,897 - INFO - [0m[32m✓ Setup detached.[0m[0m
2026-03-26 14:23:36,323 - INFO - [0m⚙︎ Job submitted, ID: 1
2026-03-26 14:23:49,306 - INFO - [2m├── [0m[2mWaiting for task resources on 2 nodes.[0m
2026-03-26 14:23:49,609 - INFO - [2m└── [0mJob started. Streaming logs... [2m(Ctrl-C to exit log streaming; job will not be killed)[0m
2026-03-26 14:23:49,609 - INFO - [36m(setup pid=6522)[0m + GPU_TYPE=A100_80gb
2026-03-26 14:23:49,609 - INFO - [36m(setup pid=6522)[0m + IS_A100=true
2026-03-26 14:23:49,610 - INFO - [36m(setup pid=6522)[0m + echo 'GPU Type: A100_80gb, Is A100: true'
2026-03-26 14:23:49,610 - INFO - [36m(setup pid=6522)[0m GPU Type: A100_80gb, Is A100: true
2026-03-26 14:23:49,610 - INFO - [36m(setup pid=6522)[0m + echo '=== Initial System Diagnostics ==='
2026-03-26 14:23:49,610 - INFO - [36m(setup pid=6522)[0m === Initial System Diagnostics ===
2026-03-26 14:23:49,610 - INFO - [36m(setup pid=6522)[0m + echo 'Checking for NVIDIA driver...'
2026-03-26 14:23:49,610 - INFO - [36m(setup pid=6522)[0m Checking for NVIDIA driver...
2026-03-26 14:23:49,610 - INFO - [36m(setup pid=6522)[0m + nvidia-smi
2026-03-26 14:23:49,610 - INFO - [36m(setup pid=6522)[0m Thu Mar 26 08:53:41 2026
2026-03-26 14:23:49,610 - INFO - [36m(setup pid=6522)[0m +-----------------------------------------------------------------------------------------+
2026-03-26 14:23:49,610 - INFO - [36m(setup pid=6522)[0m | NVIDIA-SMI 570.172.08             Driver Version: 570.172.08     CUDA Version: 12.8     |
2026-03-26 14:23:49,610 - INFO - [36m(setup pid=6522)[0m |-----------------------------------------+------------------------+----------------------+
2026-03-26 14:23:49,610 - INFO - [36m(setup pid=6522)[0m | GPU  Name                 Persistence-M | Bus-Id          Disp.A | Volatile Uncorr. ECC |
2026-03-26 14:23:49,610 - INFO - [36m(setup pid=6522)[0m | Fan  Temp   Perf          Pwr:Usage/Cap |           Memory-Usage | GPU-Util  Compute M. |
2026-03-26 14:23:49,610 - INFO - [36m(setup pid=6522)[0m |                                         |                        |               MIG M. |
2026-03-26 14:23:49,610 - INFO - [36m(setup pid=6522)[0m |=========================================+========================+======================|
2026-03-26 14:23:49,610 - INFO - [36m(setup pid=6522)[0m |   0  NVIDIA A100-SXM4-80GB          On  |   00000000:10:1C.0 Off |                    0 |
2026-03-26 14:23:49,610 - INFO - [36m(setup pid=6522)[0m | N/A   25C    P0             61W /  400W |       0MiB /  81920MiB |      0%      Default |
2026-03-26 14:23:49,610 - INFO - [36m(setup pid=6522)[0m |                                         |                        |             Disabled |
2026-03-26 14:23:49,610 - INFO - [36m(setup pid=6522)[0m +-----------------------------------------+------------------------+----------------------+
2026-03-26 14:23:49,610 - INFO - [36m(setup pid=6522)[0m |   1  NVIDIA A100-SXM4-80GB          On  |   00000000:10:1D.0 Off |                    0 |
2026-03-26 14:23:49,610 - INFO - [36m(setup pid=6522)[0m | N/A   25C    P0             62W /  400W |       0MiB /  81920MiB |      0%      Default |
2026-03-26 14:23:49,610 - INFO - [36m(setup pid=6522)[0m |                                         |                        |             Disabled |
2026-03-26 14:23:49,610 - INFO - [36m(setup pid=6522)[0m +-----------------------------------------+------------------------+----------------------+
2026-03-26 14:23:49,610 - INFO - [36m(setup pid=6522)[0m |   2  NVIDIA A100-SXM4-80GB          On  |   00000000:20:1C.0 Off |                    0 |
2026-03-26 14:23:49,610 - INFO - [36m(setup pid=6522)[0m | N/A   26C    P0             61W /  400W |       0MiB /  81920MiB |      0%      Default |
2026-03-26 14:23:49,610 - INFO - [36m(setup pid=6522)[0m |                                         |                        |             Disabled |
2026-03-26 14:23:49,610 - INFO - [36m(setup pid=6522)[0m +-----------------------------------------+------------------------+----------------------+
2026-03-26 14:23:49,610 - INFO - [36m(setup pid=6522)[0m |   3  NVIDIA A100-SXM4-80GB          On  |   00000000:20:1D.0 Off |                    0 |
2026-03-26 14:23:49,610 - INFO - [36m(setup pid=6522)[0m | N/A   25C    P0             60W /  400W |       0MiB /  81920MiB |      0%      Default |
2026-03-26 14:23:49,610 - INFO - [36m(setup pid=6522)[0m |                                         |                        |             Disabled |
2026-03-26 14:23:49,610 - INFO - [36m(setup pid=6522)[0m +-----------------------------------------+------------------------+----------------------+
2026-03-26 14:23:49,610 - INFO - [36m(setup pid=6522)[0m |   4  NVIDIA A100-SXM4-80GB          On  |   00000000:90:1C.0 Off |                    0 |
2026-03-26 14:23:49,610 - INFO - [36m(setup pid=6522)[0m | N/A   27C    P0             60W /  400W |       0MiB /  81920MiB |      0%      Default |
2026-03-26 14:23:49,610 - INFO - [36m(setup pid=6522)[0m |                                         |                        |             Disabled |
2026-03-26 14:23:49,610 - INFO - [36m(setup pid=6522)[0m +-----------------------------------------+------------------------+----------------------+
2026-03-26 14:23:49,610 - INFO - [36m(setup pid=6522)[0m |   5  NVIDIA A100-SXM4-80GB          On  |   00000000:90:1D.0 Off |                    0 |
2026-03-26 14:23:49,610 - INFO - [36m(setup pid=6522)[0m | N/A   25C    P0             60W /  400W |       0MiB /  81920MiB |      0%      Default |
2026-03-26 14:23:49,610 - INFO - [36m(setup pid=6522)[0m |                                         |                        |             Disabled |
2026-03-26 14:23:49,610 - INFO - [36m(setup pid=6522)[0m +-----------------------------------------+------------------------+----------------------+
2026-03-26 14:23:49,610 - INFO - [36m(setup pid=6522)[0m |   6  NVIDIA A100-SXM4-80GB          On  |   00000000:A0:1C.0 Off |                    0 |
2026-03-26 14:23:49,610 - INFO - [36m(setup pid=6522)[0m | N/A   27C    P0             63W /  400W |       0MiB /  81920MiB |      0%      Default |
2026-03-26 14:23:49,610 - INFO - [36m(setup pid=6522)[0m |                                         |                        |             Disabled |
2026-03-26 14:23:49,610 - INFO - [36m(setup pid=6522)[0m +-----------------------------------------+------------------------+----------------------+
2026-03-26 14:23:49,610 - INFO - [36m(setup pid=6522)[0m |   7  NVIDIA A100-SXM4-80GB          On  |   00000000:A0:1D.0 Off |                    0 |
2026-03-26 14:23:49,610 - INFO - [36m(setup pid=6522)[0m | N/A   25C    P0             61W /  400W |       0MiB /  81920MiB |      0%      Default |
2026-03-26 14:23:49,610 - INFO - [36m(setup pid=6522)[0m |                                         |                        |             Disabled |
2026-03-26 14:23:49,610 - INFO - [36m(setup pid=6522)[0m +-----------------------------------------+------------------------+----------------------+
2026-03-26 14:23:49,610 - INFO - [36m(setup pid=6522)[0m
2026-03-26 14:23:49,610 - INFO - [36m(setup pid=6522)[0m +-----------------------------------------------------------------------------------------+
2026-03-26 14:23:49,610 - INFO - [36m(setup pid=6522)[0m | Processes:                                                                              |
2026-03-26 14:23:49,611 - INFO - [36m(setup pid=6522)[0m |  GPU   GI   CI              PID   Type   Process name                        GPU Memory |
2026-03-26 14:23:49,611 - INFO - [36m(setup pid=6522)[0m |        ID   ID                                                               Usage      |
2026-03-26 14:23:49,611 - INFO - [36m(setup pid=6522)[0m |=========================================================================================|
2026-03-26 14:23:49,611 - INFO - [36m(setup pid=6522)[0m |  No running processes found                                                             |
2026-03-26 14:23:49,611 - INFO - [36m(setup pid=6522)[0m +-----------------------------------------------------------------------------------------+
2026-03-26 14:23:49,611 - INFO - [36m(setup pid=5179, ip=172.31.45.74)[0m + GPU_TYPE=A100_80gb
2026-03-26 14:23:49,611 - INFO - [36m(setup pid=5179, ip=172.31.45.74)[0m + IS_A100=true
2026-03-26 14:23:49,611 - INFO - [36m(setup pid=5179, ip=172.31.45.74)[0m + echo 'GPU Type: A100_80gb, Is A100: true'
2026-03-26 14:23:49,611 - INFO - [36m(setup pid=5179, ip=172.31.45.74)[0m GPU Type: A100_80gb, Is A100: true
2026-03-26 14:23:49,611 - INFO - [36m(setup pid=5179, ip=172.31.45.74)[0m + echo '=== Initial System Diagnostics ==='
2026-03-26 14:23:49,611 - INFO - [36m(setup pid=5179, ip=172.31.45.74)[0m === Initial System Diagnostics ===
2026-03-26 14:23:49,611 - INFO - [36m(setup pid=5179, ip=172.31.45.74)[0m + echo 'Checking for NVIDIA driver...'
2026-03-26 14:23:49,611 - INFO - [36m(setup pid=5179, ip=172.31.45.74)[0m Checking for NVIDIA driver...
2026-03-26 14:23:49,611 - INFO - [36m(setup pid=5179, ip=172.31.45.74)[0m + nvidia-smi
2026-03-26 14:23:49,611 - INFO - [36m(setup pid=5179, ip=172.31.45.74)[0m Thu Mar 26 08:53:41 2026
2026-03-26 14:23:49,611 - INFO - [36m(setup pid=5179, ip=172.31.45.74)[0m +-----------------------------------------------------------------------------------------+
2026-03-26 14:23:49,611 - INFO - [36m(setup pid=5179, ip=172.31.45.74)[0m | NVIDIA-SMI 570.172.08             Driver Version: 570.172.08     CUDA Version: 12.8     |
2026-03-26 14:23:49,611 - INFO - [36m(setup pid=5179, ip=172.31.45.74)[0m |-----------------------------------------+------------------------+----------------------+
2026-03-26 14:23:49,611 - INFO - [36m(setup pid=5179, ip=172.31.45.74)[0m | GPU  Name                 Persistence-M | Bus-Id          Disp.A | Volatile Uncorr. ECC |
2026-03-26 14:23:49,611 - INFO - [36m(setup pid=5179, ip=172.31.45.74)[0m | Fan  Temp   Perf          Pwr:Usage/Cap |           Memory-Usage | GPU-Util  Compute M. |
2026-03-26 14:23:49,611 - INFO - [36m(setup pid=5179, ip=172.31.45.74)[0m |                                         |                        |               MIG M. |
2026-03-26 14:23:49,611 - INFO - [36m(setup pid=5179, ip=172.31.45.74)[0m |=========================================+========================+======================|
2026-03-26 14:23:49,611 - INFO - [36m(setup pid=5179, ip=172.31.45.74)[0m |   0  NVIDIA A100-SXM4-80GB          On  |   00000000:10:1C.0 Off |                    0 |
2026-03-26 14:23:49,611 - INFO - [36m(setup pid=5179, ip=172.31.45.74)[0m | N/A   25C    P0             59W /  400W |       0MiB /  81920MiB |      0%      Default |
2026-03-26 14:23:49,611 - INFO - [36m(setup pid=5179, ip=172.31.45.74)[0m |                                         |                        |             Disabled |
2026-03-26 14:23:49,611 - INFO - [36m(setup pid=5179, ip=172.31.45.74)[0m +-----------------------------------------+------------------------+----------------------+
2026-03-26 14:23:49,611 - INFO - [36m(setup pid=5179, ip=172.31.45.74)[0m |   1  NVIDIA A100-SXM4-80GB          On  |   00000000:10:1D.0 Off |                    0 |
2026-03-26 14:23:49,611 - INFO - [36m(setup pid=5179, ip=172.31.45.74)[0m | N/A   24C    P0             60W /  400W |       0MiB /  81920MiB |      0%      Default |
2026-03-26 14:23:49,611 - INFO - [36m(setup pid=5179, ip=172.31.45.74)[0m |                                         |                        |             Disabled |
2026-03-26 14:23:49,611 - INFO - [36m(setup pid=5179, ip=172.31.45.74)[0m +-----------------------------------------+------------------------+----------------------+
2026-03-26 14:23:49,611 - INFO - [36m(setup pid=5179, ip=172.31.45.74)[0m |   2  NVIDIA A100-SXM4-80GB          On  |   00000000:20:1C.0 Off |                    0 |
2026-03-26 14:23:49,611 - INFO - [36m(setup pid=5179, ip=172.31.45.74)[0m | N/A   25C    P0             60W /  400W |       0MiB /  81920MiB |      0%      Default |
2026-03-26 14:23:49,611 - INFO - [36m(setup pid=5179, ip=172.31.45.74)[0m |                                         |                        |             Disabled |
2026-03-26 14:23:49,611 - INFO - [36m(setup pid=5179, ip=172.31.45.74)[0m +-----------------------------------------+------------------------+----------------------+
2026-03-26 14:23:49,611 - INFO - [36m(setup pid=5179, ip=172.31.45.74)[0m |   3  NVIDIA A100-SXM4-80GB          On  |   00000000:20:1D.0 Off |                    0 |
2026-03-26 14:23:49,611 - INFO - [36m(setup pid=5179, ip=172.31.45.74)[0m | N/A   23C    P0             59W /  400W |       0MiB /  81920MiB |      0%      Default |
2026-03-26 14:23:49,611 - INFO - [36m(setup pid=5179, ip=172.31.45.74)[0m |                                         |                        |             Disabled |
2026-03-26 14:23:49,611 - INFO - [36m(setup pid=5179, ip=172.31.45.74)[0m +-----------------------------------------+------------------------+----------------------+
2026-03-26 14:23:49,611 - INFO - [36m(setup pid=5179, ip=172.31.45.74)[0m |   4  NVIDIA A100-SXM4-80GB          On  |   00000000:90:1C.0 Off |                    0 |
2026-03-26 14:23:49,611 - INFO - [36m(setup pid=5179, ip=172.31.45.74)[0m | N/A   25C    P0             62W /  400W |       0MiB /  81920MiB |      0%      Default |
2026-03-26 14:23:49,611 - INFO - [36m(setup pid=5179, ip=172.31.45.74)[0m |                                         |                        |             Disabled |
2026-03-26 14:23:49,611 - INFO - [36m(setup pid=5179, ip=172.31.45.74)[0m +-----------------------------------------+------------------------+----------------------+
2026-03-26 14:23:49,611 - INFO - [36m(setup pid=5179, ip=172.31.45.74)[0m |   5  NVIDIA A100-SXM4-80GB          On  |   00000000:90:1D.0 Off |                    0 |
2026-03-26 14:23:49,611 - INFO - [36m(setup pid=5179, ip=172.31.45.74)[0m | N/A   24C    P0             63W /  400W |       0MiB /  81920MiB |      0%      Default |
2026-03-26 14:23:49,611 - INFO - [36m(setup pid=5179, ip=172.31.45.74)[0m |                                         |                        |             Disabled |
2026-03-26 14:23:49,611 - INFO - [36m(setup pid=5179, ip=172.31.45.74)[0m +-----------------------------------------+------------------------+----------------------+
2026-03-26 14:23:49,611 - INFO - [36m(setup pid=5179, ip=172.31.45.74)[0m |   6  NVIDIA A100-SXM4-80GB          On  |   00000000:A0:1C.0 Off |                    0 |
2026-03-26 14:23:49,611 - INFO - [36m(setup pid=5179, ip=172.31.45.74)[0m | N/A   26C    P0             61W /  400W |       0MiB /  81920MiB |      0%      Default |
2026-03-26 14:23:49,611 - INFO - [36m(setup pid=5179, ip=172.31.45.74)[0m |                                         |                        |             Disabled |
2026-03-26 14:23:49,611 - INFO - [36m(setup pid=5179, ip=172.31.45.74)[0m +-----------------------------------------+------------------------+----------------------+
2026-03-26 14:23:49,611 - INFO - [36m(setup pid=5179, ip=172.31.45.74)[0m |   7  NVIDIA A100-SXM4-80GB          On  |   00000000:A0:1D.0 Off |                    0 |
2026-03-26 14:23:49,611 - INFO - [36m(setup pid=5179, ip=172.31.45.74)[0m | N/A   24C    P0             61W /  400W |       0MiB /  81920MiB |      0%      Default |
2026-03-26 14:23:49,611 - INFO - [36m(setup pid=5179, ip=172.31.45.74)[0m |                                         |                        |             Disabled |
2026-03-26 14:23:49,611 - INFO - [36m(setup pid=5179, ip=172.31.45.74)[0m +-----------------------------------------+------------------------+----------------------+
2026-03-26 14:23:49,611 - INFO - [36m(setup pid=5179, ip=172.31.45.74)[0m
2026-03-26 14:23:49,611 - INFO - [36m(setup pid=5179, ip=172.31.45.74)[0m +-----------------------------------------------------------------------------------------+
2026-03-26 14:23:49,611 - INFO - [36m(setup pid=5179, ip=172.31.45.74)[0m | Processes:                                                                              |
2026-03-26 14:23:49,611 - INFO - [36m(setup pid=5179, ip=172.31.45.74)[0m |  GPU   GI   CI              PID   Type   Process name                        GPU Memory |
2026-03-26 14:23:49,611 - INFO - [36m(setup pid=5179, ip=172.31.45.74)[0m |        ID   ID                                                               Usage      |
2026-03-26 14:23:49,611 - INFO - [36m(setup pid=5179, ip=172.31.45.74)[0m |=========================================================================================|
2026-03-26 14:23:49,611 - INFO - [36m(setup pid=5179, ip=172.31.45.74)[0m |  No running processes found                                                             |
2026-03-26 14:23:49,611 - INFO - [36m(setup pid=5179, ip=172.31.45.74)[0m +-----------------------------------------------------------------------------------------+
2026-03-26 14:23:49,611 - INFO - [36m(setup pid=6522)[0m + echo 'Checking CUDA libraries...'
2026-03-26 14:23:49,611 - INFO - [36m(setup pid=6522)[0m Checking CUDA libraries...
2026-03-26 14:23:49,611 - INFO - [36m(setup pid=6522)[0m + ldconfig -p
2026-03-26 14:23:49,611 - INFO - [36m(setup pid=6522)[0m + grep --color=auto cuda
2026-03-26 14:23:49,611 - INFO - [36m(setup pid=6522)[0m 	libnvrtc.so.12 (libc6,x86-64) => /usr/local/cuda-12.4/targets/x86_64-linux/lib/libnvrtc.so.12
2026-03-26 14:23:49,611 - INFO - [36m(setup pid=6522)[0m 	libnvrtc.so.12 (libc6,x86-64) => /usr/local/cuda-12.5/targets/x86_64-linux/lib/libnvrtc.so.12
2026-03-26 14:23:49,611 - INFO - [36m(setup pid=6522)[0m 	libnvrtc.so.12 (libc6,x86-64) => /usr/local/cuda-12.6/targets/x86_64-linux/lib/libnvrtc.so.12
2026-03-26 14:23:49,611 - INFO - [36m(setup pid=6522)[0m 	libnvrtc.so.12 (libc6,x86-64) => /usr/local/cuda-12.8/targets/x86_64-linux/lib/libnvrtc.so.12
2026-03-26 14:23:49,611 - INFO - [36m(setup pid=6522)[0m 	libnvrtc.so (libc6,x86-64) => /usr/local/cuda-12.4/targets/x86_64-linux/lib/libnvrtc.so
2026-03-26 14:23:49,611 - INFO - [36m(setup pid=6522)[0m 	libnvrtc.so (libc6,x86-64) => /usr/local/cuda-12.5/targets/x86_64-linux/lib/libnvrtc.so
2026-03-26 14:23:49,611 - INFO - [36m(setup pid=6522)[0m 	libnvrtc.so (libc6,x86-64) => /usr/local/cuda-12.6/targets/x86_64-linux/lib/libnvrtc.so
2026-03-26 14:23:49,611 - INFO - [36m(setup pid=6522)[0m 	libnvrtc.so (libc6,x86-64) => /usr/local/cuda-12.8/targets/x86_64-linux/lib/libnvrtc.so
2026-03-26 14:23:49,611 - INFO - [36m(setup pid=6522)[0m 	libnvrtc.alt.so.12 (libc6,x86-64) => /usr/local/cuda-12.8/targets/x86_64-linux/lib/libnvrtc.alt.so.12
2026-03-26 14:23:49,611 - INFO - [36m(setup pid=6522)[0m 	libnvrtc.alt.so (libc6,x86-64) => /usr/local/cuda-12.8/targets/x86_64-linux/lib/libnvrtc.alt.so
2026-03-26 14:23:49,611 - INFO - [36m(setup pid=6522)[0m 	libnvrtc-builtins.so.12.8 (libc6,x86-64) => /usr/local/cuda-12.8/targets/x86_64-linux/lib/libnvrtc-builtins.so.12.8
2026-03-26 14:23:49,611 - INFO - [36m(setup pid=6522)[0m 	libnvrtc-builtins.so.12.6 (libc6,x86-64) => /usr/local/cuda-12.6/targets/x86_64-linux/lib/libnvrtc-builtins.so.12.6
2026-03-26 14:23:49,611 - INFO - [36m(setup pid=6522)[0m 	libnvrtc-builtins.so.12.5 (libc6,x86-64) => /usr/local/cuda-12.5/targets/x86_64-linux/lib/libnvrtc-builtins.so.12.5
2026-03-26 14:23:49,611 - INFO - [36m(setup pid=6522)[0m 	libnvrtc-builtins.so.12.4 (libc6,x86-64) => /usr/local/cuda-12.4/targets/x86_64-linux/lib/libnvrtc-builtins.so.12.4
2026-03-26 14:23:49,611 - INFO - [36m(setup pid=6522)[0m 	libnvrtc-builtins.so (libc6,x86-64) => /usr/local/cuda-12.4/targets/x86_64-linux/lib/libnvrtc-builtins.so
2026-03-26 14:23:49,612 - INFO - [36m(setup pid=6522)[0m 	libnvrtc-builtins.so (libc6,x86-64) => /usr/local/cuda-12.5/targets/x86_64-linux/lib/libnvrtc-builtins.so
2026-03-26 14:23:49,612 - INFO - [36m(setup pid=6522)[0m 	libnvrtc-builtins.so (libc6,x86-64) => /usr/local/cuda-12.6/targets/x86_64-linux/lib/libnvrtc-builtins.so
2026-03-26 14:23:49,612 - INFO - [36m(setup pid=6522)[0m 	libnvrtc-builtins.so (libc6,x86-64) => /usr/local/cuda-12.8/targets/x86_64-linux/lib/libnvrtc-builtins.so
2026-03-26 14:23:49,612 - INFO - [36m(setup pid=6522)[0m 	libnvrtc-builtins.alt.so.12.8 (libc6,x86-64) => /usr/local/cuda-12.8/targets/x86_64-linux/lib/libnvrtc-builtins.alt.so.12.8
2026-03-26 14:23:49,612 - INFO - [36m(setup pid=6522)[0m 	libnvrtc-builtins.alt.so (libc6,x86-64) => /usr/local/cuda-12.8/targets/x86_64-linux/lib/libnvrtc-builtins.alt.so
2026-03-26 14:23:49,612 - INFO - [36m(setup pid=6522)[0m 	libnvjpeg.so.12 (libc6,x86-64) => /usr/local/cuda-12.4/targets/x86_64-linux/lib/libnvjpeg.so.12
2026-03-26 14:23:49,612 - INFO - [36m(setup pid=6522)[0m 	libnvjpeg.so.12 (libc6,x86-64) => /usr/local/cuda-12.5/targets/x86_64-linux/lib/libnvjpeg.so.12
2026-03-26 14:23:49,612 - INFO - [36m(setup pid=6522)[0m 	libnvjpeg.so.12 (libc6,x86-64) => /usr/local/cuda-12.6/targets/x86_64-linux/lib/libnvjpeg.so.12
2026-03-26 14:23:49,612 - INFO - [36m(setup pid=6522)[0m 	libnvjpeg.so.12 (libc6,x86-64) => /usr/local/cuda-12.8/targets/x86_64-linux/lib/libnvjpeg.so.12
2026-03-26 14:23:49,612 - INFO - [36m(setup pid=6522)[0m 	libnvjpeg.so (libc6,x86-64) => /usr/local/cuda-12.4/targets/x86_64-linux/lib/libnvjpeg.so
2026-03-26 14:23:49,612 - INFO - [36m(setup pid=6522)[0m 	libnvjpeg.so (libc6,x86-64) => /usr/local/cuda-12.5/targets/x86_64-linux/lib/libnvjpeg.so
2026-03-26 14:23:49,612 - INFO - [36m(setup pid=6522)[0m 	libnvjpeg.so (libc6,x86-64) => /usr/local/cuda-12.6/targets/x86_64-linux/lib/libnvjpeg.so
2026-03-26 14:23:49,612 - INFO - [36m(setup pid=6522)[0m 	libnvjpeg.so (libc6,x86-64) => /usr/local/cuda-12.8/targets/x86_64-linux/lib/libnvjpeg.so
2026-03-26 14:23:49,612 - INFO - [36m(setup pid=6522)[0m 	libnvfatbin.so.12 (libc6,x86-64) => /usr/local/cuda-12.4/targets/x86_64-linux/lib/libnvfatbin.so.12
2026-03-26 14:23:49,612 - INFO - [36m(setup pid=6522)[0m 	libnvfatbin.so.12 (libc6,x86-64) => /usr/local/cuda-12.5/targets/x86_64-linux/lib/libnvfatbin.so.12
2026-03-26 14:23:49,612 - INFO - [36m(setup pid=6522)[0m 	libnvfatbin.so.12 (libc6,x86-64) => /usr/local/cuda-12.6/targets/x86_64-linux/lib/libnvfatbin.so.12
2026-03-26 14:23:49,612 - INFO - [36m(setup pid=6522)[0m 	libnvfatbin.so.12 (libc6,x86-64) => /usr/local/cuda-12.8/targets/x86_64-linux/lib/libnvfatbin.so.12
2026-03-26 14:23:49,612 - INFO - [36m(setup pid=6522)[0m 	libnvfatbin.so (libc6,x86-64) => /usr/local/cuda-12.4/targets/x86_64-linux/lib/libnvfatbin.so
2026-03-26 14:23:49,612 - INFO - [36m(setup pid=6522)[0m 	libnvfatbin.so (libc6,x86-64) => /usr/local/cuda-12.5/targets/x86_64-linux/lib/libnvfatbin.so
2026-03-26 14:23:49,612 - INFO - [36m(setup pid=6522)[0m 	libnvfatbin.so (libc6,x86-64) => /usr/local/cuda-12.6/targets/x86_64-linux/lib/libnvfatbin.so
2026-03-26 14:23:49,612 - INFO - [36m(setup pid=6522)[0m 	libnvfatbin.so (libc6,x86-64) => /usr/local/cuda-12.8/targets/x86_64-linux/lib/libnvfatbin.so
2026-03-26 14:23:49,612 - INFO - [36m(setup pid=6522)[0m 	libnvblas.so.12 (libc6,x86-64) => /usr/local/cuda-12.4/targets/x86_64-linux/lib/libnvblas.so.12
2026-03-26 14:23:49,612 - INFO - [36m(setup pid=6522)[0m 	libnvblas.so.12 (libc6,x86-64) => /usr/local/cuda-12.5/targets/x86_64-linux/lib/libnvblas.so.12
2026-03-26 14:23:49,612 - INFO - [36m(setup pid=6522)[0m 	libnvblas.so.12 (libc6,x86-64) => /usr/local/cuda-12.6/targets/x86_64-linux/lib/libnvblas.so.12
2026-03-26 14:23:49,612 - INFO - [36m(setup pid=6522)[0m 	libnvblas.so.12 (libc6,x86-64) => /usr/local/cuda-12.8/targets/x86_64-linux/lib/libnvblas.so.12
2026-03-26 14:23:49,612 - INFO - [36m(setup pid=6522)[0m 	libnvblas.so (libc6,x86-64) => /usr/local/cuda-12.4/targets/x86_64-linux/lib/libnvblas.so
2026-03-26 14:23:49,612 - INFO - [36m(setup pid=6522)[0m 	libnvblas.so (libc6,x86-64) => /usr/local/cuda-12.5/targets/x86_64-linux/lib/libnvblas.so
2026-03-26 14:23:49,612 - INFO - [36m(setup pid=6522)[0m 	libnvblas.so (libc6,x86-64) => /usr/local/cuda-12.6/targets/x86_64-linux/lib/libnvblas.so
2026-03-26 14:23:49,612 - INFO - [36m(setup pid=6522)[0m 	libnvblas.so (libc6,x86-64) => /usr/local/cuda-12.8/targets/x86_64-linux/lib/libnvblas.so
2026-03-26 14:23:49,612 - INFO - [36m(setup pid=6522)[0m 	libnvToolsExt.so.1 (libc6,x86-64) => /usr/local/cuda-12.4/targets/x86_64-linux/lib/libnvToolsExt.so.1
2026-03-26 14:23:49,612 - INFO - [36m(setup pid=6522)[0m 	libnvToolsExt.so.1 (libc6,x86-64) => /usr/local/cuda-12.5/targets/x86_64-linux/lib/libnvToolsExt.so.1
2026-03-26 14:23:49,612 - INFO - [36m(setup pid=6522)[0m 	libnvToolsExt.so.1 (libc6,x86-64) => /usr/local/cuda-12.6/targets/x86_64-linux/lib/libnvToolsExt.so.1
2026-03-26 14:23:49,612 - INFO - [36m(setup pid=6522)[0m 	libnvToolsExt.so.1 (libc6,x86-64) => /usr/local/cuda-12.8/targets/x86_64-linux/lib/libnvToolsExt.so.1
2026-03-26 14:23:49,612 - INFO - [36m(setup pid=6522)[0m 	libnvToolsExt.so (libc6,x86-64) => /usr/local/cuda-12.4/targets/x86_64-linux/lib/libnvToolsExt.so
2026-03-26 14:23:49,612 - INFO - [36m(setup pid=6522)[0m 	libnvToolsExt.so (libc6,x86-64) => /usr/local/cuda-12.5/targets/x86_64-linux/lib/libnvToolsExt.so
2026-03-26 14:23:49,612 - INFO - [36m(setup pid=6522)[0m 	libnvToolsExt.so (libc6,x86-64) => /usr/local/cuda-12.6/targets/x86_64-linux/lib/libnvToolsExt.so
2026-03-26 14:23:49,612 - INFO - [36m(setup pid=6522)[0m 	libnvToolsExt.so (libc6,x86-64) => /usr/local/cuda-12.8/targets/x86_64-linux/lib/libnvToolsExt.so
2026-03-26 14:23:49,612 - INFO - [36m(setup pid=6522)[0m 	libnvJitLink.so.12 (libc6,x86-64) => /usr/local/cuda-12.4/targets/x86_64-linux/lib/libnvJitLink.so.12
2026-03-26 14:23:49,612 - INFO - [36m(setup pid=6522)[0m 	libnvJitLink.so.12 (libc6,x86-64) => /usr/local/cuda-12.5/targets/x86_64-linux/lib/libnvJitLink.so.12
2026-03-26 14:23:49,612 - INFO - [36m(setup pid=6522)[0m 	libnvJitLink.so.12 (libc6,x86-64) => /usr/local/cuda-12.6/targets/x86_64-linux/lib/libnvJitLink.so.12
2026-03-26 14:23:49,811 - INFO - [36m(setup pid=6522)[0m 	libnvJitLink.so.12 (libc6,x86-64) => /usr/local/cuda-12.8/targets/x86_64-linux/lib/libnvJitLink.so.12
2026-03-26 14:23:49,811 - INFO - [36m(setup pid=6522)[0m 	libnvJitLink.so (libc6,x86-64) => /usr/local/cuda-12.4/targets/x86_64-linux/lib/libnvJitLink.so
2026-03-26 14:23:49,811 - INFO - [36m(setup pid=6522)[0m 	libnvJitLink.so (libc6,x86-64) => /usr/local/cuda-12.5/targets/x86_64-linux/lib/libnvJitLink.so
2026-03-26 14:23:49,812 - INFO - [36m(setup pid=6522)[0m 	libnvJitLink.so (libc6,x86-64) => /usr/local/cuda-12.6/targets/x86_64-linux/lib/libnvJitLink.so
2026-03-26 14:23:49,812 - INFO - [36m(setup pid=6522)[0m 	libnvJitLink.so (libc6,x86-64) => /usr/local/cuda-12.8/targets/x86_64-linux/lib/libnvJitLink.so
2026-03-26 14:23:49,812 - INFO - [36m(setup pid=6522)[0m 	libnpps.so.12 (libc6,x86-64) => /usr/local/cuda-12.4/targets/x86_64-linux/lib/libnpps.so.12
2026-03-26 14:23:49,812 - INFO - [36m(setup pid=6522)[0m 	libnpps.so.12 (libc6,x86-64) => /usr/local/cuda-12.5/targets/x86_64-linux/lib/libnpps.so.12
2026-03-26 14:23:49,812 - INFO - [36m(setup pid=6522)[0m 	libnpps.so.12 (libc6,x86-64) => /usr/local/cuda-12.6/targets/x86_64-linux/lib/libnpps.so.12
2026-03-26 14:23:49,812 - INFO - [36m(setup pid=6522)[0m 	libnpps.so.12 (libc6,x86-64) => /usr/local/cuda-12.8/targets/x86_64-linux/lib/libnpps.so.12
2026-03-26 14:23:49,812 - INFO - [36m(setup pid=6522)[0m 	libnpps.so (libc6,x86-64) => /usr/local/cuda-12.4/targets/x86_64-linux/lib/libnpps.so
2026-03-26 14:23:49,812 - INFO - [36m(setup pid=6522)[0m 	libnpps.so (libc6,x86-64) => /usr/local/cuda-12.5/targets/x86_64-linux/lib/libnpps.so
2026-03-26 14:23:49,812 - INFO - [36m(setup pid=6522)[0m 	libnpps.so (libc6,x86-64) => /usr/local/cuda-12.6/targets/x86_64-linux/lib/libnpps.so
2026-03-26 14:23:49,812 - INFO - [36m(setup pid=6522)[0m 	libnpps.so (libc6,x86-64) => /usr/local/cuda-12.8/targets/x86_64-linux/lib/libnpps.so
2026-03-26 14:23:49,812 - INFO - [36m(setup pid=6522)[0m 	libnppitc.so.12 (libc6,x86-64) => /usr/local/cuda-12.4/targets/x86_64-linux/lib/libnppitc.so.12
2026-03-26 14:23:49,812 - INFO - [36m(setup pid=6522)[0m 	libnppitc.so.12 (libc6,x86-64) => /usr/local/cuda-12.5/targets/x86_64-linux/lib/libnppitc.so.12
2026-03-26 14:23:49,812 - INFO - [36m(setup pid=6522)[0m 	libnppitc.so.12 (libc6,x86-64) => /usr/local/cuda-12.6/targets/x86_64-linux/lib/libnppitc.so.12
2026-03-26 14:23:49,812 - INFO - [36m(setup pid=6522)[0m 	libnppitc.so.12 (libc6,x86-64) => /usr/local/cuda-12.8/targets/x86_64-linux/lib/libnppitc.so.12
2026-03-26 14:23:49,812 - INFO - [36m(setup pid=6522)[0m 	libnppitc.so (libc6,x86-64) => /usr/local/cuda-12.4/targets/x86_64-linux/lib/libnppitc.so
2026-03-26 14:23:49,812 - INFO - [36m(setup pid=6522)[0m 	libnppitc.so (libc6,x86-64) => /usr/local/cuda-12.5/targets/x86_64-linux/lib/libnppitc.so
2026-03-26 14:23:49,812 - INFO - [36m(setup pid=6522)[0m 	libnppitc.so (libc6,x86-64) => /usr/local/cuda-12.6/targets/x86_64-linux/lib/libnppitc.so
2026-03-26 14:23:49,812 - INFO - [36m(setup pid=6522)[0m 	libnppitc.so (libc6,x86-64) => /usr/local/cuda-12.8/targets/x86_64-linux/lib/libnppitc.so
2026-03-26 14:23:49,812 - INFO - [36m(setup pid=6522)[0m 	libnppisu.so.12 (libc6,x86-64) => /usr/local/cuda-12.4/targets/x86_64-linux/lib/libnppisu.so.12
2026-03-26 14:23:49,812 - INFO - [36m(setup pid=6522)[0m 	libnppisu.so.12 (libc6,x86-64) => /usr/local/cuda-12.5/targets/x86_64-linux/lib/libnppisu.so.12
2026-03-26 14:23:49,812 - INFO - [36m(setup pid=6522)[0m 	libnppisu.so.12 (libc6,x86-64) => /usr/local/cuda-12.6/targets/x86_64-linux/lib/libnppisu.so.12
2026-03-26 14:23:49,812 - INFO - [36m(setup pid=6522)[0m 	libnppisu.so.12 (libc6,x86-64) => /usr/local/cuda-12.8/targets/x86_64-linux/lib/libnppisu.so.12
2026-03-26 14:23:49,812 - INFO - [36m(setup pid=6522)[0m 	libnppisu.so (libc6,x86-64) => /usr/local/cuda-12.4/targets/x86_64-linux/lib/libnppisu.so
2026-03-26 14:23:49,812 - INFO - [36m(setup pid=6522)[0m 	libnppisu.so (libc6,x86-64) => /usr/local/cuda-12.5/targets/x86_64-linux/lib/libnppisu.so
2026-03-26 14:23:49,812 - INFO - [36m(setup pid=6522)[0m 	libnppisu.so (libc6,x86-64) => /usr/local/cuda-12.6/targets/x86_64-linux/lib/libnppisu.so
2026-03-26 14:23:49,812 - INFO - [36m(setup pid=6522)[0m 	libnppisu.so (libc6,x86-64) => /usr/local/cuda-12.8/targets/x86_64-linux/lib/libnppisu.so
2026-03-26 14:23:49,812 - INFO - [36m(setup pid=6522)[0m 	libnppist.so.12 (libc6,x86-64) => /usr/local/cuda-12.4/targets/x86_64-linux/lib/libnppist.so.12
2026-03-26 14:23:49,812 - INFO - [36m(setup pid=6522)[0m 	libnppist.so.12 (libc6,x86-64) => /usr/local/cuda-12.5/targets/x86_64-linux/lib/libnppist.so.12
2026-03-26 14:23:49,812 - INFO - [36m(setup pid=6522)[0m 	libnppist.so.12 (libc6,x86-64) => /usr/local/cuda-12.6/targets/x86_64-linux/lib/libnppist.so.12
2026-03-26 14:23:49,812 - INFO - [36m(setup pid=6522)[0m 	libnppist.so.12 (libc6,x86-64) => /usr/local/cuda-12.8/targets/x86_64-linux/lib/libnppist.so.12
2026-03-26 14:23:49,812 - INFO - [36m(setup pid=6522)[0m 	libnppist.so (libc6,x86-64) => /usr/local/cuda-12.4/targets/x86_64-linux/lib/libnppist.so
2026-03-26 14:23:49,812 - INFO - [36m(setup pid=6522)[0m 	libnppist.so (libc6,x86-64) => /usr/local/cuda-12.5/targets/x86_64-linux/lib/libnppist.so
2026-03-26 14:23:49,813 - INFO - [36m(setup pid=6522)[0m 	libnppist.so (libc6,x86-64) => /usr/local/cuda-12.6/targets/x86_64-linux/lib/libnppist.so
2026-03-26 14:23:49,813 - INFO - [36m(setup pid=6522)[0m 	libnppist.so (libc6,x86-64) => /usr/local/cuda-12.8/targets/x86_64-linux/lib/libnppist.so
2026-03-26 14:23:49,813 - INFO - [36m(setup pid=6522)[0m 	libnppim.so.12 (libc6,x86-64) => /usr/local/cuda-12.4/targets/x86_64-linux/lib/libnppim.so.12
2026-03-26 14:23:49,813 - INFO - [36m(setup pid=6522)[0m 	libnppim.so.12 (libc6,x86-64) => /usr/local/cuda-12.5/targets/x86_64-linux/lib/libnppim.so.12
2026-03-26 14:23:49,813 - INFO - [36m(setup pid=6522)[0m 	libnppim.so.12 (libc6,x86-64) => /usr/local/cuda-12.6/targets/x86_64-linux/lib/libnppim.so.12
2026-03-26 14:23:49,813 - INFO - [36m(setup pid=6522)[0m 	libnppim.so.12 (libc6,x86-64) => /usr/local/cuda-12.8/targets/x86_64-linux/lib/libnppim.so.12
2026-03-26 14:23:49,813 - INFO - [36m(setup pid=6522)[0m 	libnppim.so (libc6,x86-64) => /usr/local/cuda-12.4/targets/x86_64-linux/lib/libnppim.so
2026-03-26 14:23:49,813 - INFO - [36m(setup pid=6522)[0m 	libnppim.so (libc6,x86-64) => /usr/local/cuda-12.5/targets/x86_64-linux/lib/libnppim.so
2026-03-26 14:23:49,813 - INFO - [36m(setup pid=6522)[0m 	libnppim.so (libc6,x86-64) => /usr/local/cuda-12.6/targets/x86_64-linux/lib/libnppim.so
2026-03-26 14:23:49,813 - INFO - [36m(setup pid=6522)[0m 	libnppim.so (libc6,x86-64) => /usr/local/cuda-12.8/targets/x86_64-linux/lib/libnppim.so
2026-03-26 14:23:49,813 - INFO - [36m(setup pid=6522)[0m 	libnppig.so.12 (libc6,x86-64) => /usr/local/cuda-12.4/targets/x86_64-linux/lib/libnppig.so.12
2026-03-26 14:23:49,813 - INFO - [36m(setup pid=6522)[0m 	libnppig.so.12 (libc6,x86-64) => /usr/local/cuda-12.5/targets/x86_64-linux/lib/libnppig.so.12
2026-03-26 14:23:49,813 - INFO - [36m(setup pid=6522)[0m 	libnppig.so.12 (libc6,x86-64) => /usr/local/cuda-12.6/targets/x86_64-linux/lib/libnppig.so.12
2026-03-26 14:23:49,813 - INFO - [36m(setup pid=6522)[0m 	libnppig.so.12 (libc6,x86-64) => /usr/local/cuda-12.8/targets/x86_64-linux/lib/libnppig.so.12
2026-03-26 14:23:49,813 - INFO - [36m(setup pid=6522)[0m 	libnppig.so (libc6,x86-64) => /usr/local/cuda-12.4/targets/x86_64-linux/lib/libnppig.so
2026-03-26 14:23:49,813 - INFO - [36m(setup pid=6522)[0m 	libnppig.so (libc6,x86-64) => /usr/local/cuda-12.5/targets/x86_64-linux/lib/libnppig.so
2026-03-26 14:23:49,813 - INFO - [36m(setup pid=6522)[0m 	libnppig.so (libc6,x86-64) => /usr/local/cuda-12.6/targets/x86_64-linux/lib/libnppig.so
2026-03-26 14:23:49,813 - INFO - [36m(setup pid=6522)[0m 	libnppig.so (libc6,x86-64) => /usr/local/cuda-12.8/targets/x86_64-linux/lib/libnppig.so
2026-03-26 14:23:49,813 - INFO - [36m(setup pid=6522)[0m 	libnppif.so.12 (libc6,x86-64) => /usr/local/cuda-12.4/targets/x86_64-linux/lib/libnppif.so.12
2026-03-26 14:23:49,813 - INFO - [36m(setup pid=6522)[0m 	libnppif.so.12 (libc6,x86-64) => /usr/local/cuda-12.5/targets/x86_64-linux/lib/libnppif.so.12
2026-03-26 14:23:49,813 - INFO - [36m(setup pid=6522)[0m 	libnppif.so.12 (libc6,x86-64) => /usr/local/cuda-12.6/targets/x86_64-linux/lib/libnppif.so.12
2026-03-26 14:23:49,813 - INFO - [36m(setup pid=6522)[0m 	libnppif.so.12 (libc6,x86-64) => /usr/local/cuda-12.8/targets/x86_64-linux/lib/libnppif.so.12
2026-03-26 14:23:49,813 - INFO - [36m(setup pid=6522)[0m 	libnppif.so (libc6,x86-64) => /usr/local/cuda-12.4/targets/x86_64-linux/lib/libnppif.so
2026-03-26 14:23:49,813 - INFO - [36m(setup pid=6522)[0m 	libnppif.so (libc6,x86-64) => /usr/local/cuda-12.5/targets/x86_64-linux/lib/libnppif.so
2026-03-26 14:23:49,813 - INFO - [36m(setup pid=6522)[0m 	libnppif.so (libc6,x86-64) => /usr/local/cuda-12.6/targets/x86_64-linux/lib/libnppif.so
2026-03-26 14:23:49,813 - INFO - [36m(setup pid=6522)[0m 	libnppif.so (libc6,x86-64) => /usr/local/cuda-12.8/targets/x86_64-linux/lib/libnppif.so
2026-03-26 14:23:49,813 - INFO - [36m(setup pid=6522)[0m 	libnppidei.so.12 (libc6,x86-64) => /usr/local/cuda-12.4/targets/x86_64-linux/lib/libnppidei.so.12
2026-03-26 14:23:49,813 - INFO - [36m(setup pid=6522)[0m 	libnppidei.so.12 (libc6,x86-64) => /usr/local/cuda-12.5/targets/x86_64-linux/lib/libnppidei.so.12
2026-03-26 14:23:49,813 - INFO - [36m(setup pid=6522)[0m 	libnppidei.so.12 (libc6,x86-64) => /usr/local/cuda-12.6/targets/x86_64-linux/lib/libnppidei.so.12
2026-03-26 14:23:49,813 - INFO - [36m(setup pid=6522)[0m 	libnppidei.so.12 (libc6,x86-64) => /usr/local/cuda-12.8/targets/x86_64-linux/lib/libnppidei.so.12
2026-03-26 14:23:49,813 - INFO - [36m(setup pid=6522)[0m 	libnppidei.so (libc6,x86-64) => /usr/local/cuda-12.4/targets/x86_64-linux/lib/libnppidei.so
2026-03-26 14:23:49,813 - INFO - [36m(setup pid=6522)[0m 	libnppidei.so (libc6,x86-64) => /usr/local/cuda-12.5/targets/x86_64-linux/lib/libnppidei.so
2026-03-26 14:23:49,813 - INFO - [36m(setup pid=6522)[0m 	libnppidei.so (libc6,x86-64) => /usr/local/cuda-12.6/targets/x86_64-linux/lib/libnppidei.so
2026-03-26 14:23:49,814 - INFO - [36m(setup pid=6522)[0m 	libnppidei.so (libc6,x86-64) => /usr/local/cuda-12.8/targets/x86_64-linux/lib/libnppidei.so
2026-03-26 14:23:49,814 - INFO - [36m(setup pid=6522)[0m 	libnppicc.so.12 (libc6,x86-64) => /usr/local/cuda-12.4/targets/x86_64-linux/lib/libnppicc.so.12
2026-03-26 14:23:49,814 - INFO - [36m(setup pid=6522)[0m 	libnppicc.so.12 (libc6,x86-64) => /usr/local/cuda-12.5/targets/x86_64-linux/lib/libnppicc.so.12
2026-03-26 14:23:49,814 - INFO - [36m(setup pid=6522)[0m 	libnppicc.so.12 (libc6,x86-64) => /usr/local/cuda-12.6/targets/x86_64-linux/lib/libnppicc.so.12
2026-03-26 14:23:49,814 - INFO - [36m(setup pid=6522)[0m 	libnppicc.so.12 (libc6,x86-64) => /usr/local/cuda-12.8/targets/x86_64-linux/lib/libnppicc.so.12
2026-03-26 14:23:49,814 - INFO - [36m(setup pid=6522)[0m 	libnppicc.so (libc6,x86-64) => /usr/local/cuda-12.4/targets/x86_64-linux/lib/libnppicc.so
2026-03-26 14:23:49,814 - INFO - [36m(setup pid=6522)[0m 	libnppicc.so (libc6,x86-64) => /usr/local/cuda-12.5/targets/x86_64-linux/lib/libnppicc.so
2026-03-26 14:23:49,814 - INFO - [36m(setup pid=6522)[0m 	libnppicc.so (libc6,x86-64) => /usr/local/cuda-12.6/targets/x86_64-linux/lib/libnppicc.so
2026-03-26 14:23:49,814 - INFO - [36m(setup pid=6522)[0m 	libnppicc.so (libc6,x86-64) => /usr/local/cuda-12.8/targets/x86_64-linux/lib/libnppicc.so
2026-03-26 14:23:49,814 - INFO - [36m(setup pid=6522)[0m 	libnppial.so.12 (libc6,x86-64) => /usr/local/cuda-12.4/targets/x86_64-linux/lib/libnppial.so.12
2026-03-26 14:23:49,814 - INFO - [36m(setup pid=6522)[0m 	libnppial.so.12 (libc6,x86-64) => /usr/local/cuda-12.5/targets/x86_64-linux/lib/libnppial.so.12
2026-03-26 14:23:49,814 - INFO - [36m(setup pid=6522)[0m 	libnppial.so.12 (libc6,x86-64) => /usr/local/cuda-12.6/targets/x86_64-linux/lib/libnppial.so.12
2026-03-26 14:23:49,814 - INFO - [36m(setup pid=6522)[0m 	libnppial.so.12 (libc6,x86-64) => /usr/local/cuda-12.8/targets/x86_64-linux/lib/libnppial.so.12
2026-03-26 14:23:49,814 - INFO - [36m(setup pid=6522)[0m 	libnppial.so (libc6,x86-64) => /usr/local/cuda-12.4/targets/x86_64-linux/lib/libnppial.so
2026-03-26 14:23:49,814 - INFO - [36m(setup pid=6522)[0m 	libnppial.so (libc6,x86-64) => /usr/local/cuda-12.5/targets/x86_64-linux/lib/libnppial.so
2026-03-26 14:23:49,814 - INFO - [36m(setup pid=6522)[0m 	libnppial.so (libc6,x86-64) => /usr/local/cuda-12.6/targets/x86_64-linux/lib/libnppial.so
2026-03-26 14:23:49,814 - INFO - [36m(setup pid=6522)[0m 	libnppial.so (libc6,x86-64) => /usr/local/cuda-12.8/targets/x86_64-linux/lib/libnppial.so
2026-03-26 14:23:49,814 - INFO - [36m(setup pid=6522)[0m 	libnppc.so.12 (libc6,x86-64) => /usr/local/cuda-12.4/targets/x86_64-linux/lib/libnppc.so.12
2026-03-26 14:23:49,814 - INFO - [36m(setup pid=6522)[0m 	libnppc.so.12 (libc6,x86-64) => /usr/local/cuda-12.5/targets/x86_64-linux/lib/libnppc.so.12
2026-03-26 14:23:49,814 - INFO - [36m(setup pid=6522)[0m 	libnppc.so.12 (libc6,x86-64) => /usr/local/cuda-12.6/targets/x86_64-linux/lib/libnppc.so.12
2026-03-26 14:23:49,814 - INFO - [36m(setup pid=6522)[0m 	libnppc.so.12 (libc6,x86-64) => /usr/local/cuda-12.8/targets/x86_64-linux/lib/libnppc.so.12
2026-03-26 14:23:49,814 - INFO - [36m(setup pid=6522)[0m 	libnppc.so (libc6,x86-64) => /usr/local/cuda-12.4/targets/x86_64-linux/lib/libnppc.so
2026-03-26 14:23:49,814 - INFO - [36m(setup pid=6522)[0m 	libnppc.so (libc6,x86-64) => /usr/local/cuda-12.5/targets/x86_64-linux/lib/libnppc.so
2026-03-26 14:23:49,814 - INFO - [36m(setup pid=6522)[0m 	libnppc.so (libc6,x86-64) => /usr/local/cuda-12.6/targets/x86_64-linux/lib/libnppc.so
2026-03-26 14:23:49,814 - INFO - [36m(setup pid=6522)[0m 	libnppc.so (libc6,x86-64) => /usr/local/cuda-12.8/targets/x86_64-linux/lib/libnppc.so
2026-03-26 14:23:49,814 - INFO - [36m(setup pid=6522)[0m 	libicudata.so.70 (libc6,x86-64) => /lib/x86_64-linux-gnu/libicudata.so.70
2026-03-26 14:23:49,814 - INFO - [36m(setup pid=6522)[0m 	libcusparse.so.12 (libc6,x86-64) => /usr/local/cuda-12.4/targets/x86_64-linux/lib/libcusparse.so.12
2026-03-26 14:23:49,814 - INFO - [36m(setup pid=6522)[0m 	libcusparse.so.12 (libc6,x86-64) => /usr/local/cuda-12.5/targets/x86_64-linux/lib/libcusparse.so.12
2026-03-26 14:23:49,814 - INFO - [36m(setup pid=6522)[0m 	libcusparse.so.12 (libc6,x86-64) => /usr/local/cuda-12.6/targets/x86_64-linux/lib/libcusparse.so.12
2026-03-26 14:23:49,814 - INFO - [36m(setup pid=6522)[0m 	libcusparse.so.12 (libc6,x86-64) => /usr/local/cuda-12.8/targets/x86_64-linux/lib/libcusparse.so.12
2026-03-26 14:23:49,814 - INFO - [36m(setup pid=6522)[0m 	libcusparse.so (libc6,x86-64) => /usr/local/cuda-12.4/targets/x86_64-linux/lib/libcusparse.so
2026-03-26 14:23:49,814 - INFO - [36m(setup pid=6522)[0m 	libcusparse.so (libc6,x86-64) => /usr/local/cuda-12.5/targets/x86_64-linux/lib/libcusparse.so
2026-03-26 14:23:49,814 - INFO - [36m(setup pid=6522)[0m 	libcusparse.so (libc6,x86-64) => /usr/local/cuda-12.6/targets/x86_64-linux/lib/libcusparse.so
2026-03-26 14:23:49,814 - INFO - [36m(setup pid=6522)[0m 	libcusparse.so (libc6,x86-64) => /usr/local/cuda-12.8/targets/x86_64-linux/lib/libcusparse.so
2026-03-26 14:23:49,814 - INFO - [36m(setup pid=6522)[0m 	libcusolverMg.so.11 (libc6,x86-64) => /usr/local/cuda-12.4/targets/x86_64-linux/lib/libcusolverMg.so.11
2026-03-26 14:23:49,814 - INFO - [36m(setup pid=6522)[0m 	libcusolverMg.so.11 (libc6,x86-64) => /usr/local/cuda-12.5/targets/x86_64-linux/lib/libcusolverMg.so.11
2026-03-26 14:23:49,814 - INFO - [36m(setup pid=6522)[0m 	libcusolverMg.so.11 (libc6,x86-64) => /usr/local/cuda-12.6/targets/x86_64-linux/lib/libcusolverMg.so.11
2026-03-26 14:23:49,814 - INFO - [36m(setup pid=6522)[0m 	libcusolverMg.so.11 (libc6,x86-64) => /usr/local/cuda-12.8/targets/x86_64-linux/lib/libcusolverMg.so.11
2026-03-26 14:23:49,814 - INFO - [36m(setup pid=6522)[0m 	libcusolverMg.so (libc6,x86-64) => /usr/local/cuda-12.4/targets/x86_64-linux/lib/libcusolverMg.so
2026-03-26 14:23:49,814 - INFO - [36m(setup pid=6522)[0m 	libcusolverMg.so (libc6,x86-64) => /usr/local/cuda-12.5/targets/x86_64-linux/lib/libcusolverMg.so
2026-03-26 14:23:49,814 - INFO - [36m(setup pid=6522)[0m 	libcusolverMg.so (libc6,x86-64) => /usr/local/cuda-12.6/targets/x86_64-linux/lib/libcusolverMg.so
2026-03-26 14:23:49,814 - INFO - [36m(setup pid=6522)[0m 	libcusolverMg.so (libc6,x86-64) => /usr/local/cuda-12.8/targets/x86_64-linux/lib/libcusolverMg.so
2026-03-26 14:23:49,814 - INFO - [36m(setup pid=6522)[0m 	libcusolver.so.11 (libc6,x86-64) => /usr/local/cuda-12.4/targets/x86_64-linux/lib/libcusolver.so.11
2026-03-26 14:23:49,814 - INFO - [36m(setup pid=6522)[0m 	libcusolver.so.11 (libc6,x86-64) => /usr/local/cuda-12.5/targets/x86_64-linux/lib/libcusolver.so.11
2026-03-26 14:23:49,814 - INFO - [36m(setup pid=6522)[0m 	libcusolver.so.11 (libc6,x86-64) => /usr/local/cuda-12.6/targets/x86_64-linux/lib/libcusolver.so.11
2026-03-26 14:23:49,814 - INFO - [36m(setup pid=6522)[0m 	libcusolver.so.11 (libc6,x86-64) => /usr/local/cuda-12.8/targets/x86_64-linux/lib/libcusolver.so.11
2026-03-26 14:23:49,814 - INFO - [36m(setup pid=6522)[0m 	libcusolver.so (libc6,x86-64) => /usr/local/cuda-12.4/targets/x86_64-linux/lib/libcusolver.so
2026-03-26 14:23:49,814 - INFO - [36m(setup pid=6522)[0m 	libcusolver.so (libc6,x86-64) => /usr/local/cuda-12.5/targets/x86_64-linux/lib/libcusolver.so
2026-03-26 14:23:49,814 - INFO - [36m(setup pid=6522)[0m 	libcusolver.so (libc6,x86-64) => /usr/local/cuda-12.6/targets/x86_64-linux/lib/libcusolver.so
2026-03-26 14:23:49,814 - INFO - [36m(setup pid=6522)[0m 	libcusolver.so (libc6,x86-64) => /usr/local/cuda-12.8/targets/x86_64-linux/lib/libcusolver.so
2026-03-26 14:23:49,814 - INFO - [36m(setup pid=6522)[0m 	libcurand.so.10 (libc6,x86-64) => /usr/local/cuda-12.4/targets/x86_64-linux/lib/libcurand.so.10
2026-03-26 14:23:49,814 - INFO - [36m(setup pid=6522)[0m 	libcurand.so.10 (libc6,x86-64) => /usr/local/cuda-12.5/targets/x86_64-linux/lib/libcurand.so.10
2026-03-26 14:23:49,814 - INFO - [36m(setup pid=6522)[0m 	libcurand.so.10 (libc6,x86-64) => /usr/local/cuda-12.6/targets/x86_64-linux/lib/libcurand.so.10
2026-03-26 14:23:49,814 - INFO - [36m(setup pid=6522)[0m 	libcurand.so.10 (libc6,x86-64) => /usr/local/cuda-12.8/targets/x86_64-linux/lib/libcurand.so.10
2026-03-26 14:23:49,814 - INFO - [36m(setup pid=6522)[0m 	libcurand.so (libc6,x86-64) => /usr/local/cuda-12.4/targets/x86_64-linux/lib/libcurand.so
2026-03-26 14:23:49,814 - INFO - [36m(setup pid=6522)[0m 	libcurand.so (libc6,x86-64) => /usr/local/cuda-12.5/targets/x86_64-linux/lib/libcurand.so
2026-03-26 14:23:49,814 - INFO - [36m(setup pid=6522)[0m 	libcurand.so (libc6,x86-64) => /usr/local/cuda-12.6/targets/x86_64-linux/lib/libcurand.so
2026-03-26 14:23:49,814 - INFO - [36m(setup pid=6522)[0m 	libcurand.so (libc6,x86-64) => /usr/local/cuda-12.8/targets/x86_64-linux/lib/libcurand.so
2026-03-26 14:23:49,814 - INFO - [36m(setup pid=6522)[0m 	libcuinj64.so.12.8 (libc6,x86-64) => /usr/local/cuda-12.8/targets/x86_64-linux/lib/libcuinj64.so.12.8
2026-03-26 14:23:49,814 - INFO - [36m(setup pid=6522)[0m 	libcuinj64.so.12.6 (libc6,x86-64) => /usr/local/cuda-12.6/targets/x86_64-linux/lib/libcuinj64.so.12.6
2026-03-26 14:23:49,815 - INFO - [36m(setup pid=6522)[0m 	libcuinj64.so.12.5 (libc6,x86-64) => /usr/local/cuda-12.5/targets/x86_64-linux/lib/libcuinj64.so.12.5
2026-03-26 14:23:49,815 - INFO - [36m(setup pid=6522)[0m 	libcuinj64.so.12.4 (libc6,x86-64) => /usr/local/cuda-12.4/targets/x86_64-linux/lib/libcuinj64.so.12.4
2026-03-26 14:23:49,815 - INFO - [36m(setup pid=6522)[0m 	libcuinj64.so (libc6,x86-64) => /usr/local/cuda-12.4/targets/x86_64-linux/lib/libcuinj64.so
2026-03-26 14:23:49,815 - INFO - [36m(setup pid=6522)[0m 	libcuinj64.so (libc6,x86-64) => /usr/local/cuda-12.5/targets/x86_64-linux/lib/libcuinj64.so
2026-03-26 14:23:49,815 - INFO - [36m(setup pid=6522)[0m 	libcuinj64.so (libc6,x86-64) => /usr/local/cuda-12.6/targets/x86_64-linux/lib/libcuinj64.so
2026-03-26 14:23:49,815 - INFO - [36m(setup pid=6522)[0m 	libcuinj64.so (libc6,x86-64) => /usr/local/cuda-12.8/targets/x86_64-linux/lib/libcuinj64.so
2026-03-26 14:23:49,815 - INFO - [36m(setup pid=6522)[0m 	libcufile_rdma.so.1 (libc6,x86-64) => /usr/local/cuda-12.4/targets/x86_64-linux/lib/libcufile_rdma.so.1
2026-03-26 14:23:49,815 - INFO - [36m(setup pid=6522)[0m 	libcufile_rdma.so.1 (libc6,x86-64) => /usr/local/cuda-12.5/targets/x86_64-linux/lib/libcufile_rdma.so.1
2026-03-26 14:23:49,815 - INFO - [36m(setup pid=6522)[0m 	libcufile_rdma.so.1 (libc6,x86-64) => /usr/local/cuda-12.6/targets/x86_64-linux/lib/libcufile_rdma.so.1
2026-03-26 14:23:49,815 - INFO - [36m(setup pid=6522)[0m 	libcufile_rdma.so.1 (libc6,x86-64) => /usr/local/cuda-12.8/targets/x86_64-linux/lib/libcufile_rdma.so.1
2026-03-26 14:23:49,815 - INFO - [36m(setup pid=6522)[0m 	libcufile_rdma.so (libc6,x86-64) => /usr/local/cuda-12.4/targets/x86_64-linux/lib/libcufile_rdma.so
2026-03-26 14:23:49,815 - INFO - [36m(setup pid=6522)[0m 	libcufile_rdma.so (libc6,x86-64) => /usr/local/cuda-12.5/targets/x86_64-linux/lib/libcufile_rdma.so
2026-03-26 14:23:49,815 - INFO - [36m(setup pid=6522)[0m 	libcufile_rdma.so (libc6,x86-64) => /usr/local/cuda-12.6/targets/x86_64-linux/lib/libcufile_rdma.so
2026-03-26 14:23:49,815 - INFO - [36m(setup pid=6522)[0m 	libcufile_rdma.so (libc6,x86-64) => /usr/local/cuda-12.8/targets/x86_64-linux/lib/libcufile_rdma.so
2026-03-26 14:23:49,815 - INFO - [36m(setup pid=6522)[0m 	libcufile.so.0 (libc6,x86-64) => /usr/local/cuda-12.4/targets/x86_64-linux/lib/libcufile.so.0
2026-03-26 14:23:49,815 - INFO - [36m(setup pid=6522)[0m 	libcufile.so.0 (libc6,x86-64) => /usr/local/cuda-12.5/targets/x86_64-linux/lib/libcufile.so.0
2026-03-26 14:23:49,815 - INFO - [36m(setup pid=6522)[0m 	libcufile.so.0 (libc6,x86-64) => /usr/local/cuda-12.6/targets/x86_64-linux/lib/libcufile.so.0
2026-03-26 14:23:49,815 - INFO - [36m(setup pid=6522)[0m 	libcufile.so.0 (libc6,x86-64) => /usr/local/cuda-12.8/targets/x86_64-linux/lib/libcufile.so.0
2026-03-26 14:23:49,815 - INFO - [36m(setup pid=6522)[0m 	libcufile.so (libc6,x86-64) => /usr/local/cuda-12.4/targets/x86_64-linux/lib/libcufile.so
2026-03-26 14:23:49,815 - INFO - [36m(setup pid=6522)[0m 	libcufile.so (libc6,x86-64) => /usr/local/cuda-12.5/targets/x86_64-linux/lib/libcufile.so
2026-03-26 14:23:49,815 - INFO - [36m(setup pid=6522)[0m 	libcufile.so (libc6,x86-64) => /usr/local/cuda-12.6/targets/x86_64-linux/lib/libcufile.so
2026-03-26 14:23:49,815 - INFO - [36m(setup pid=6522)[0m 	libcufile.so (libc6,x86-64) => /usr/local/cuda-12.8/targets/x86_64-linux/lib/libcufile.so
2026-03-26 14:23:49,815 - INFO - [36m(setup pid=6522)[0m 	libcufftw.so.11 (libc6,x86-64) => /usr/local/cuda-12.4/targets/x86_64-linux/lib/libcufftw.so.11
2026-03-26 14:23:49,815 - INFO - [36m(setup pid=6522)[0m 	libcufftw.so.11 (libc6,x86-64) => /usr/local/cuda-12.5/targets/x86_64-linux/lib/libcufftw.so.11
2026-03-26 14:23:49,815 - INFO - [36m(setup pid=6522)[0m 	libcufftw.so.11 (libc6,x86-64) => /usr/local/cuda-12.6/targets/x86_64-linux/lib/libcufftw.so.11
2026-03-26 14:23:49,815 - INFO - [36m(setup pid=6522)[0m 	libcufftw.so.11 (libc6,x86-64) => /usr/local/cuda-12.8/targets/x86_64-linux/lib/libcufftw.so.11
2026-03-26 14:23:49,815 - INFO - [36m(setup pid=6522)[0m 	libcufftw.so (libc6,x86-64) => /usr/local/cuda-12.4/targets/x86_64-linux/lib/libcufftw.so
2026-03-26 14:23:49,815 - INFO - [36m(setup pid=6522)[0m 	libcufftw.so (libc6,x86-64) => /usr/local/cuda-12.5/targets/x86_64-linux/lib/libcufftw.so
2026-03-26 14:23:49,815 - INFO - [36m(setup pid=6522)[0m 	libcufftw.so (libc6,x86-64) => /usr/local/cuda-12.6/targets/x86_64-linux/lib/libcufftw.so
2026-03-26 14:23:49,815 - INFO - [36m(setup pid=6522)[0m 	libcufftw.so (libc6,x86-64) => /usr/local/cuda-12.8/targets/x86_64-linux/lib/libcufftw.so
2026-03-26 14:23:49,815 - INFO - [36m(setup pid=6522)[0m 	libcufft.so.11 (libc6,x86-64) => /usr/local/cuda-12.4/targets/x86_64-linux/lib/libcufft.so.11
2026-03-26 14:23:49,815 - INFO - [36m(setup pid=6522)[0m 	libcufft.so.11 (libc6,x86-64) => /usr/local/cuda-12.5/targets/x86_64-linux/lib/libcufft.so.11
2026-03-26 14:23:49,815 - INFO - [36m(setup pid=6522)[0m 	libcufft.so.11 (libc6,x86-64) => /usr/local/cuda-12.6/targets/x86_64-linux/lib/libcufft.so.11
2026-03-26 14:23:49,815 - INFO - [36m(setup pid=6522)[0m 	libcufft.so.11 (libc6,x86-64) => /usr/local/cuda-12.8/targets/x86_64-linux/lib/libcufft.so.11
2026-03-26 14:23:49,815 - INFO - [36m(setup pid=6522)[0m 	libcufft.so (libc6,x86-64) => /usr/local/cuda-12.4/targets/x86_64-linux/lib/libcufft.so
2026-03-26 14:23:49,815 - INFO - [36m(setup pid=6522)[0m 	libcufft.so (libc6,x86-64) => /usr/local/cuda-12.5/targets/x86_64-linux/lib/libcufft.so
2026-03-26 14:23:49,815 - INFO - [36m(setup pid=6522)[0m 	libcufft.so (libc6,x86-64) => /usr/local/cuda-12.6/targets/x86_64-linux/lib/libcufft.so
2026-03-26 14:23:49,815 - INFO - [36m(setup pid=6522)[0m 	libcufft.so (libc6,x86-64) => /usr/local/cuda-12.8/targets/x86_64-linux/lib/libcufft.so
2026-03-26 14:23:49,815 - INFO - [36m(setup pid=6522)[0m 	libcudart.so.12 (libc6,x86-64) => /usr/local/cuda-12.4/targets/x86_64-linux/lib/libcudart.so.12
2026-03-26 14:23:49,815 - INFO - [36m(setup pid=6522)[0m 	libcudart.so.12 (libc6,x86-64) => /usr/local/cuda-12.5/targets/x86_64-linux/lib/libcudart.so.12
2026-03-26 14:23:49,815 - INFO - [36m(setup pid=6522)[0m 	libcudart.so.12 (libc6,x86-64) => /usr/local/cuda-12.6/targets/x86_64-linux/lib/libcudart.so.12
2026-03-26 14:23:49,815 - INFO - [36m(setup pid=6522)[0m 	libcudart.so.12 (libc6,x86-64) => /usr/local/cuda-12.8/targets/x86_64-linux/lib/libcudart.so.12
2026-03-26 14:23:49,815 - INFO - [36m(setup pid=6522)[0m 	libcudart.so (libc6,x86-64) => /usr/local/cuda-12.4/targets/x86_64-linux/lib/libcudart.so
2026-03-26 14:23:49,815 - INFO - [36m(setup pid=6522)[0m 	libcudart.so (libc6,x86-64) => /usr/local/cuda-12.5/targets/x86_64-linux/lib/libcudart.so
2026-03-26 14:23:49,815 - INFO - [36m(setup pid=6522)[0m 	libcudart.so (libc6,x86-64) => /usr/local/cuda-12.6/targets/x86_64-linux/lib/libcudart.so
2026-03-26 14:23:49,815 - INFO - [36m(setup pid=6522)[0m 	libcudart.so (libc6,x86-64) => /usr/local/cuda-12.8/targets/x86_64-linux/lib/libcudart.so
2026-03-26 14:23:49,815 - INFO - [36m(setup pid=6522)[0m 	libcudadebugger.so.1 (libc6,x86-64) => /lib/x86_64-linux-gnu/libcudadebugger.so.1
2026-03-26 14:23:49,815 - INFO - [36m(setup pid=6522)[0m 	libcuda.so.1 (libc6,x86-64) => /lib/x86_64-linux-gnu/libcuda.so.1
2026-03-26 14:23:49,815 - INFO - [36m(setup pid=6522)[0m 	libcuda.so (libc6,x86-64) => /lib/x86_64-linux-gnu/libcuda.so
2026-03-26 14:23:49,815 - INFO - [36m(setup pid=6522)[0m 	libcublasLt.so.12 (libc6,x86-64) => /usr/local/cuda-12.4/targets/x86_64-linux/lib/libcublasLt.so.12
2026-03-26 14:23:49,815 - INFO - [36m(setup pid=6522)[0m 	libcublasLt.so.12 (libc6,x86-64) => /usr/local/cuda-12.5/targets/x86_64-linux/lib/libcublasLt.so.12
2026-03-26 14:23:49,815 - INFO - [36m(setup pid=6522)[0m 	libcublasLt.so.12 (libc6,x86-64) => /usr/local/cuda-12.6/targets/x86_64-linux/lib/libcublasLt.so.12
2026-03-26 14:23:49,815 - INFO - [36m(setup pid=6522)[0m 	libcublasLt.so.12 (libc6,x86-64) => /usr/local/cuda-12.8/targets/x86_64-linux/lib/libcublasLt.so.12
2026-03-26 14:23:49,815 - INFO - [36m(setup pid=6522)[0m 	libcublasLt.so (libc6,x86-64) => /usr/local/cuda-12.4/targets/x86_64-linux/lib/libcublasLt.so
2026-03-26 14:23:49,815 - INFO - [36m(setup pid=6522)[0m 	libcublasLt.so (libc6,x86-64) => /usr/local/cuda-12.5/targets/x86_64-linux/lib/libcublasLt.so
2026-03-26 14:23:49,815 - INFO - [36m(setup pid=6522)[0m 	libcublasLt.so (libc6,x86-64) => /usr/local/cuda-12.6/targets/x86_64-linux/lib/libcublasLt.so
2026-03-26 14:23:49,815 - INFO - [36m(setup pid=6522)[0m 	libcublasLt.so (libc6,x86-64) => /usr/local/cuda-12.8/targets/x86_64-linux/lib/libcublasLt.so
2026-03-26 14:23:49,815 - INFO - [36m(setup pid=6522)[0m 	libcublas.so.12 (libc6,x86-64) => /usr/local/cuda-12.4/targets/x86_64-linux/lib/libcublas.so.12
2026-03-26 14:23:49,815 - INFO - [36m(setup pid=6522)[0m 	libcublas.so.12 (libc6,x86-64) => /usr/local/cuda-12.5/targets/x86_64-linux/lib/libcublas.so.12
2026-03-26 14:23:49,815 - INFO - [36m(setup pid=6522)[0m 	libcublas.so.12 (libc6,x86-64) => /usr/local/cuda-12.6/targets/x86_64-linux/lib/libcublas.so.12
2026-03-26 14:23:49,815 - INFO - [36m(setup pid=6522)[0m 	libcublas.so.12 (libc6,x86-64) => /usr/local/cuda-12.8/targets/x86_64-linux/lib/libcublas.so.12
2026-03-26 14:23:49,815 - INFO - [36m(setup pid=6522)[0m 	libcublas.so (libc6,x86-64) => /usr/local/cuda-12.4/targets/x86_64-linux/lib/libcublas.so
2026-03-26 14:23:49,815 - INFO - [36m(setup pid=6522)[0m 	libcublas.so (libc6,x86-64) => /usr/local/cuda-12.5/targets/x86_64-linux/lib/libcublas.so
2026-03-26 14:23:49,815 - INFO - [36m(setup pid=6522)[0m 	libcublas.so (libc6,x86-64) => /usr/local/cuda-12.6/targets/x86_64-linux/lib/libcublas.so
2026-03-26 14:23:49,815 - INFO - [36m(setup pid=6522)[0m 	libcublas.so (libc6,x86-64) => /usr/local/cuda-12.8/targets/x86_64-linux/lib/libcublas.so
2026-03-26 14:23:49,815 - INFO - [36m(setup pid=6522)[0m 	libaccinj64.so.12.8 (libc6,x86-64) => /usr/local/cuda-12.8/targets/x86_64-linux/lib/libaccinj64.so.12.8
2026-03-26 14:23:49,815 - INFO - [36m(setup pid=6522)[0m 	libaccinj64.so.12.6 (libc6,x86-64) => /usr/local/cuda-12.6/targets/x86_64-linux/lib/libaccinj64.so.12.6
2026-03-26 14:23:49,815 - INFO - [36m(setup pid=6522)[0m 	libaccinj64.so.12.5 (libc6,x86-64) => /usr/local/cuda-12.5/targets/x86_64-linux/lib/libaccinj64.so.12.5
2026-03-26 14:23:49,815 - INFO - [36m(setup pid=6522)[0m 	libaccinj64.so.12.4 (libc6,x86-64) => /usr/local/cuda-12.4/targets/x86_64-linux/lib/libaccinj64.so.12.4
2026-03-26 14:23:49,815 - INFO - [36m(setup pid=6522)[0m 	libaccinj64.so (libc6,x86-64) => /usr/local/cuda-12.4/targets/x86_64-linux/lib/libaccinj64.so
2026-03-26 14:23:49,815 - INFO - [36m(setup pid=6522)[0m 	libaccinj64.so (libc6,x86-64) => /usr/local/cuda-12.5/targets/x86_64-linux/lib/libaccinj64.so
2026-03-26 14:23:49,815 - INFO - [36m(setup pid=6522)[0m 	libaccinj64.so (libc6,x86-64) => /usr/local/cuda-12.6/targets/x86_64-linux/lib/libaccinj64.so
2026-03-26 14:23:49,815 - INFO - [36m(setup pid=6522)[0m 	libaccinj64.so (libc6,x86-64) => /usr/local/cuda-12.8/targets/x86_64-linux/lib/libaccinj64.so
2026-03-26 14:23:49,815 - INFO - [36m(setup pid=6522)[0m 	libOpenCL.so.1 (libc6,x86-64) => /usr/local/cuda-12.4/targets/x86_64-linux/lib/libOpenCL.so.1
2026-03-26 14:23:49,815 - INFO - [36m(setup pid=6522)[0m 	libOpenCL.so.1 (libc6,x86-64) => /usr/local/cuda-12.5/targets/x86_64-linux/lib/libOpenCL.so.1
2026-03-26 14:23:49,815 - INFO - [36m(setup pid=6522)[0m 	libOpenCL.so.1 (libc6,x86-64) => /usr/local/cuda-12.6/targets/x86_64-linux/lib/libOpenCL.so.1
2026-03-26 14:23:49,815 - INFO - [36m(setup pid=6522)[0m 	libOpenCL.so.1 (libc6,x86-64) => /usr/local/cuda-12.8/targets/x86_64-linux/lib/libOpenCL.so.1
2026-03-26 14:23:49,815 - INFO - [36m(setup pid=6522)[0m 	libOpenCL.so (libc6,x86-64) => /usr/local/cuda-12.4/targets/x86_64-linux/lib/libOpenCL.so
2026-03-26 14:23:49,815 - INFO - [36m(setup pid=6522)[0m 	libOpenCL.so (libc6,x86-64) => /usr/local/cuda-12.5/targets/x86_64-linux/lib/libOpenCL.so
2026-03-26 14:23:49,815 - INFO - [36m(setup pid=6522)[0m 	libOpenCL.so (libc6,x86-64) => /usr/local/cuda-12.6/targets/x86_64-linux/lib/libOpenCL.so
2026-03-26 14:23:49,815 - INFO - [36m(setup pid=6522)[0m 	libOpenCL.so (libc6,x86-64) => /usr/local/cuda-12.8/targets/x86_64-linux/lib/libOpenCL.so
2026-03-26 14:23:49,815 - INFO - [36m(setup pid=6522)[0m + echo 'CUDA toolkit path:'
2026-03-26 14:23:49,815 - INFO - [36m(setup pid=6522)[0m CUDA toolkit path:
2026-03-26 14:23:49,816 - INFO - [36m(setup pid=6522)[0m + ls --color=auto -la /usr/local/cuda /usr/local/cuda-12.4 /usr/local/cuda-12.5 /usr/local/cuda-12.6 /usr/local/cuda-12.8
2026-03-26 14:23:49,816 - INFO - [36m(setup pid=5179, ip=172.31.45.74)[0m + echo 'Checking CUDA libraries...'
2026-03-26 14:23:49,816 - INFO - [36m(setup pid=5179, ip=172.31.45.74)[0m Checking CUDA libraries...
2026-03-26 14:23:49,816 - INFO - [36m(setup pid=5179, ip=172.31.45.74)[0m + ldconfig -p
2026-03-26 14:23:49,816 - INFO - [36m(setup pid=5179, ip=172.31.45.74)[0m + grep --color=auto cuda
2026-03-26 14:23:49,816 - INFO - [36m(setup pid=5179, ip=172.31.45.74)[0m 	libnvrtc.so.12 (libc6,x86-64) => /usr/local/cuda-12.4/targets/x86_64-linux/lib/libnvrtc.so.12
2026-03-26 14:23:49,816 - INFO - [36m(setup pid=5179, ip=172.31.45.74)[0m 	libnvrtc.so.12 (libc6,x86-64) => /usr/local/cuda-12.5/targets/x86_64-linux/lib/libnvrtc.so.12
2026-03-26 14:23:49,816 - INFO - [36m(setup pid=5179, ip=172.31.45.74)[0m 	libnvrtc.so.12 (libc6,x86-64) => /usr/local/cuda-12.6/targets/x86_64-linux/lib/libnvrtc.so.12
2026-03-26 14:23:49,816 - INFO - [36m(setup pid=5179, ip=172.31.45.74)[0m 	libnvrtc.so.12 (libc6,x86-64) => /usr/local/cuda-12.8/targets/x86_64-linux/lib/libnvrtc.so.12
2026-03-26 14:23:49,816 - INFO - [36m(setup pid=5179, ip=172.31.45.74)[0m 	libnvrtc.so (libc6,x86-64) => /usr/local/cuda-12.4/targets/x86_64-linux/lib/libnvrtc.so
2026-03-26 14:23:49,816 - INFO - [36m(setup pid=5179, ip=172.31.45.74)[0m 	libnvrtc.so (libc6,x86-64) => /usr/local/cuda-12.5/targets/x86_64-linux/lib/libnvrtc.so
2026-03-26 14:23:49,816 - INFO - [36m(setup pid=5179, ip=172.31.45.74)[0m 	libnvrtc.so (libc6,x86-64) => /usr/local/cuda-12.6/targets/x86_64-linux/lib/libnvrtc.so
2026-03-26 14:23:49,816 - INFO - [36m(setup pid=5179, ip=172.31.45.74)[0m 	libnvrtc.so (libc6,x86-64) => /usr/local/cuda-12.8/targets/x86_64-linux/lib/libnvrtc.so
2026-03-26 14:23:49,816 - INFO - [36m(setup pid=5179, ip=172.31.45.74)[0m 	libnvrtc.alt.so.12 (libc6,x86-64) => /usr/local/cuda-12.8/targets/x86_64-linux/lib/libnvrtc.alt.so.12
2026-03-26 14:23:49,816 - INFO - [36m(setup pid=5179, ip=172.31.45.74)[0m 	libnvrtc.alt.so (libc6,x86-64) => /usr/local/cuda-12.8/targets/x86_64-linux/lib/libnvrtc.alt.so
2026-03-26 14:23:49,816 - INFO - [36m(setup pid=5179, ip=172.31.45.74)[0m 	libnvrtc-builtins.so.12.8 (libc6,x86-64) => /usr/local/cuda-12.8/targets/x86_64-linux/lib/libnvrtc-builtins.so.12.8
2026-03-26 14:23:49,816 - INFO - [36m(setup pid=5179, ip=172.31.45.74)[0m 	libnvrtc-builtins.so.12.6 (libc6,x86-64) => /usr/local/cuda-12.6/targets/x86_64-linux/lib/libnvrtc-builtins.so.12.6
2026-03-26 14:23:49,816 - INFO - [36m(setup pid=5179, ip=172.31.45.74)[0m 	libnvrtc-builtins.so.12.5 (libc6,x86-64) => /usr/local/cuda-12.5/targets/x86_64-linux/lib/libnvrtc-builtins.so.12.5
2026-03-26 14:23:49,816 - INFO - [36m(setup pid=5179, ip=172.31.45.74)[0m 	libnvrtc-builtins.so.12.4 (libc6,x86-64) => /usr/local/cuda-12.4/targets/x86_64-linux/lib/libnvrtc-builtins.so.12.4
2026-03-26 14:23:49,816 - INFO - [36m(setup pid=5179, ip=172.31.45.74)[0m 	libnvrtc-builtins.so (libc6,x86-64) => /usr/local/cuda-12.4/targets/x86_64-linux/lib/libnvrtc-builtins.so
2026-03-26 14:23:49,816 - INFO - [36m(setup pid=5179, ip=172.31.45.74)[0m 	libnvrtc-builtins.so (libc6,x86-64) => /usr/local/cuda-12.5/targets/x86_64-linux/lib/libnvrtc-builtins.so
2026-03-26 14:23:49,816 - INFO - [36m(setup pid=5179, ip=172.31.45.74)[0m 	libnvrtc-builtins.so (libc6,x86-64) => /usr/local/cuda-12.6/targets/x86_64-linux/lib/libnvrtc-builtins.so
2026-03-26 14:23:49,816 - INFO - [36m(setup pid=5179, ip=172.31.45.74)[0m 	libnvrtc-builtins.so (libc6,x86-64) => /usr/local/cuda-12.8/targets/x86_64-linux/lib/libnvrtc-builtins.so
2026-03-26 14:23:49,816 - INFO - [36m(setup pid=5179, ip=172.31.45.74)[0m 	libnvrtc-builtins.alt.so.12.8 (libc6,x86-64) => /usr/local/cuda-12.8/targets/x86_64-linux/lib/libnvrtc-builtins.alt.so.12.8
2026-03-26 14:23:49,816 - INFO - [36m(setup pid=5179, ip=172.31.45.74)[0m 	libnvrtc-builtins.alt.so (libc6,x86-64) => /usr/local/cuda-12.8/targets/x86_64-linux/lib/libnvrtc-builtins.alt.so
2026-03-26 14:23:49,816 - INFO - [36m(setup pid=5179, ip=172.31.45.74)[0m 	libnvjpeg.so.12 (libc6,x86-64) => /usr/local/cuda-12.4/targets/x86_64-linux/lib/libnvjpeg.so.12
2026-03-26 14:23:49,816 - INFO - [36m(setup pid=5179, ip=172.31.45.74)[0m 	libnvjpeg.so.12 (libc6,x86-64) => /usr/local/cuda-12.5/targets/x86_64-linux/lib/libnvjpeg.so.12
2026-03-26 14:23:49,816 - INFO - [36m(setup pid=5179, ip=172.31.45.74)[0m 	libnvjpeg.so.12 (libc6,x86-64) => /usr/local/cuda-12.6/targets/x86_64-linux/lib/libnvjpeg.so.12
2026-03-26 14:23:49,816 - INFO - [36m(setup pid=5179, ip=172.31.45.74)[0m 	libnvjpeg.so.12 (libc6,x86-64) => /usr/local/cuda-12.8/targets/x86_64-linux/lib/libnvjpeg.so.12
2026-03-26 14:23:49,816 - INFO - [36m(setup pid=5179, ip=172.31.45.74)[0m 	libnvjpeg.so (libc6,x86-64) => /usr/local/cuda-12.4/targets/x86_64-linux/lib/libnvjpeg.so
2026-03-26 14:23:49,816 - INFO - [36m(setup pid=5179, ip=172.31.45.74)[0m 	libnvjpeg.so (libc6,x86-64) => /usr/local/cuda-12.5/targets/x86_64-linux/lib/libnvjpeg.so
2026-03-26 14:23:49,816 - INFO - [36m(setup pid=5179, ip=172.31.45.74)[0m 	libnvjpeg.so (libc6,x86-64) => /usr/local/cuda-12.6/targets/x86_64-linux/lib/libnvjpeg.so
2026-03-26 14:23:49,816 - INFO - [36m(setup pid=5179, ip=172.31.45.74)[0m 	libnvjpeg.so (libc6,x86-64) => /usr/local/cuda-12.8/targets/x86_64-linux/lib/libnvjpeg.so
2026-03-26 14:23:49,816 - INFO - [36m(setup pid=5179, ip=172.31.45.74)[0m 	libnvfatbin.so.12 (libc6,x86-64) => /usr/local/cuda-12.4/targets/x86_64-linux/lib/libnvfatbin.so.12
2026-03-26 14:23:49,816 - INFO - [36m(setup pid=5179, ip=172.31.45.74)[0m 	libnvfatbin.so.12 (libc6,x86-64) => /usr/local/cuda-12.5/targets/x86_64-linux/lib/libnvfatbin.so.12
2026-03-26 14:23:49,816 - INFO - [36m(setup pid=5179, ip=172.31.45.74)[0m 	libnvfatbin.so.12 (libc6,x86-64) => /usr/local/cuda-12.6/targets/x86_64-linux/lib/libnvfatbin.so.12
2026-03-26 14:23:49,816 - INFO - [36m(setup pid=5179, ip=172.31.45.74)[0m 	libnvfatbin.so.12 (libc6,x86-64) => /usr/local/cuda-12.8/targets/x86_64-linux/lib/libnvfatbin.so.12
2026-03-26 14:23:49,816 - INFO - [36m(setup pid=5179, ip=172.31.45.74)[0m 	libnvfatbin.so (libc6,x86-64) => /usr/local/cuda-12.4/targets/x86_64-linux/lib/libnvfatbin.so
2026-03-26 14:23:49,816 - INFO - [36m(setup pid=5179, ip=172.31.45.74)[0m 	libnvfatbin.so (libc6,x86-64) => /usr/local/cuda-12.5/targets/x86_64-linux/lib/libnvfatbin.so
2026-03-26 14:23:49,816 - INFO - [36m(setup pid=5179, ip=172.31.45.74)[0m 	libnvfatbin.so (libc6,x86-64) => /usr/local/cuda-12.6/targets/x86_64-linux/lib/libnvfatbin.so
2026-03-26 14:23:49,816 - INFO - [36m(setup pid=5179, ip=172.31.45.74)[0m 	libnvfatbin.so (libc6,x86-64) => /usr/local/cuda-12.8/targets/x86_64-linux/lib/libnvfatbin.so
2026-03-26 14:23:49,816 - INFO - [36m(setup pid=5179, ip=172.31.45.74)[0m 	libnvblas.so.12 (libc6,x86-64) => /usr/local/cuda-12.4/targets/x86_64-linux/lib/libnvblas.so.12
2026-03-26 14:23:49,816 - INFO - [36m(setup pid=5179, ip=172.31.45.74)[0m 	libnvblas.so.12 (libc6,x86-64) => /usr/local/cuda-12.5/targets/x86_64-linux/lib/libnvblas.so.12
2026-03-26 14:23:49,816 - INFO - [36m(setup pid=5179, ip=172.31.45.74)[0m 	libnvblas.so.12 (libc6,x86-64) => /usr/local/cuda-12.6/targets/x86_64-linux/lib/libnvblas.so.12
2026-03-26 14:23:49,816 - INFO - [36m(setup pid=5179, ip=172.31.45.74)[0m 	libnvblas.so.12 (libc6,x86-64) => /usr/local/cuda-12.8/targets/x86_64-linux/lib/libnvblas.so.12
2026-03-26 14:23:49,816 - INFO - [36m(setup pid=5179, ip=172.31.45.74)[0m 	libnvblas.so (libc6,x86-64) => /usr/local/cuda-12.4/targets/x86_64-linux/lib/libnvblas.so
2026-03-26 14:23:49,816 - INFO - [36m(setup pid=5179, ip=172.31.45.74)[0m 	libnvblas.so (libc6,x86-64) => /usr/local/cuda-12.5/targets/x86_64-linux/lib/libnvblas.so
2026-03-26 14:23:49,816 - INFO - [36m(setup pid=5179, ip=172.31.45.74)[0m 	libnvblas.so (libc6,x86-64) => /usr/local/cuda-12.6/targets/x86_64-linux/lib/libnvblas.so
2026-03-26 14:23:49,816 - INFO - [36m(setup pid=5179, ip=172.31.45.74)[0m 	libnvblas.so (libc6,x86-64) => /usr/local/cuda-12.8/targets/x86_64-linux/lib/libnvblas.so
2026-03-26 14:23:49,816 - INFO - [36m(setup pid=5179, ip=172.31.45.74)[0m 	libnvToolsExt.so.1 (libc6,x86-64) => /usr/local/cuda-12.4/targets/x86_64-linux/lib/libnvToolsExt.so.1
2026-03-26 14:23:49,816 - INFO - [36m(setup pid=5179, ip=172.31.45.74)[0m 	libnvToolsExt.so.1 (libc6,x86-64) => /usr/local/cuda-12.5/targets/x86_64-linux/lib/libnvToolsExt.so.1
2026-03-26 14:23:49,816 - INFO - [36m(setup pid=5179, ip=172.31.45.74)[0m 	libnvToolsExt.so.1 (libc6,x86-64) => /usr/local/cuda-12.6/targets/x86_64-linux/lib/libnvToolsExt.so.1
2026-03-26 14:23:49,816 - INFO - [36m(setup pid=5179, ip=172.31.45.74)[0m 	libnvToolsExt.so.1 (libc6,x86-64) => /usr/local/cuda-12.8/targets/x86_64-linux/lib/libnvToolsExt.so.1
2026-03-26 14:23:49,816 - INFO - [36m(setup pid=5179, ip=172.31.45.74)[0m 	libnvToolsExt.so (libc6,x86-64) => /usr/local/cuda-12.4/targets/x86_64-linux/lib/libnvToolsExt.so
2026-03-26 14:23:49,816 - INFO - [36m(setup pid=5179, ip=172.31.45.74)[0m 	libnvToolsExt.so (libc6,x86-64) => /usr/local/cuda-12.5/targets/x86_64-linux/lib/libnvToolsExt.so
2026-03-26 14:23:49,816 - INFO - [36m(setup pid=5179, ip=172.31.45.74)[0m 	libnvToolsExt.so (libc6,x86-64) => /usr/local/cuda-12.6/targets/x86_64-linux/lib/libnvToolsExt.so
2026-03-26 14:23:49,816 - INFO - [36m(setup pid=5179, ip=172.31.45.74)[0m 	libnvToolsExt.so (libc6,x86-64) => /usr/local/cuda-12.8/targets/x86_64-linux/lib/libnvToolsExt.so
2026-03-26 14:23:49,816 - INFO - [36m(setup pid=5179, ip=172.31.45.74)[0m 	libnvJitLink.so.12 (libc6,x86-64) => /usr/local/cuda-12.4/targets/x86_64-linux/lib/libnvJitLink.so.12
2026-03-26 14:23:49,816 - INFO - [36m(setup pid=5179, ip=172.31.45.74)[0m 	libnvJitLink.so.12 (libc6,x86-64) => /usr/local/cuda-12.5/targets/x86_64-linux/lib/libnvJitLink.so.12
2026-03-26 14:23:49,816 - INFO - [36m(setup pid=5179, ip=172.31.45.74)[0m 	libnvJitLink.so.12 (libc6,x86-64) => /usr/local/cuda-12.6/targets/x86_64-linux/lib/libnvJitLink.so.12
2026-03-26 14:23:49,816 - INFO - [36m(setup pid=5179, ip=172.31.45.74)[0m 	libnvJitLink.so.12 (libc6,x86-64) => /usr/local/cuda-12.8/targets/x86_64-linux/lib/libnvJitLink.so.12
2026-03-26 14:23:49,816 - INFO - [36m(setup pid=5179, ip=172.31.45.74)[0m 	libnvJitLink.so (libc6,x86-64) => /usr/local/cuda-12.4/targets/x86_64-linux/lib/libnvJitLink.so
2026-03-26 14:23:49,816 - INFO - [36m(setup pid=5179, ip=172.31.45.74)[0m 	libnvJitLink.so (libc6,x86-64) => /usr/local/cuda-12.5/targets/x86_64-linux/lib/libnvJitLink.so
2026-03-26 14:23:49,816 - INFO - [36m(setup pid=5179, ip=172.31.45.74)[0m 	libnvJitLink.so (libc6,x86-64) => /usr/local/cuda-12.6/targets/x86_64-linux/lib/libnvJitLink.so
2026-03-26 14:23:49,816 - INFO - [36m(setup pid=5179, ip=172.31.45.74)[0m 	libnvJitLink.so (libc6,x86-64) => /usr/local/cuda-12.8/targets/x86_64-linux/lib/libnvJitLink.so
2026-03-26 14:23:49,816 - INFO - [36m(setup pid=5179, ip=172.31.45.74)[0m 	libnpps.so.12 (libc6,x86-64) => /usr/local/cuda-12.4/targets/x86_64-linux/lib/libnpps.so.12
2026-03-26 14:23:49,816 - INFO - [36m(setup pid=5179, ip=172.31.45.74)[0m 	libnpps.so.12 (libc6,x86-64) => /usr/local/cuda-12.5/targets/x86_64-linux/lib/libnpps.so.12
2026-03-26 14:23:49,816 - INFO - [36m(setup pid=5179, ip=172.31.45.74)[0m 	libnpps.so.12 (libc6,x86-64) => /usr/local/cuda-12.6/targets/x86_64-linux/lib/libnpps.so.12
2026-03-26 14:23:49,816 - INFO - [36m(setup pid=5179, ip=172.31.45.74)[0m 	libnpps.so.12 (libc6,x86-64) => /usr/local/cuda-12.8/targets/x86_64-linux/lib/libnpps.so.12
2026-03-26 14:23:49,816 - INFO - [36m(setup pid=5179, ip=172.31.45.74)[0m 	libnpps.so (libc6,x86-64) => /usr/local/cuda-12.4/targets/x86_64-linux/lib/libnpps.so
2026-03-26 14:23:49,816 - INFO - [36m(setup pid=5179, ip=172.31.45.74)[0m 	libnpps.so (libc6,x86-64) => /usr/local/cuda-12.5/targets/x86_64-linux/lib/libnpps.so
2026-03-26 14:23:49,816 - INFO - [36m(setup pid=5179, ip=172.31.45.74)[0m 	libnpps.so (libc6,x86-64) => /usr/local/cuda-12.6/targets/x86_64-linux/lib/libnpps.so
2026-03-26 14:23:49,816 - INFO - [36m(setup pid=5179, ip=172.31.45.74)[0m 	libnpps.so (libc6,x86-64) => /usr/local/cuda-12.8/targets/x86_64-linux/lib/libnpps.so
2026-03-26 14:23:49,816 - INFO - [36m(setup pid=5179, ip=172.31.45.74)[0m 	libnppitc.so.12 (libc6,x86-64) => /usr/local/cuda-12.4/targets/x86_64-linux/lib/libnppitc.so.12
2026-03-26 14:23:49,816 - INFO - [36m(setup pid=5179, ip=172.31.45.74)[0m 	libnppitc.so.12 (libc6,x86-64) => /usr/local/cuda-12.5/targets/x86_64-linux/lib/libnppitc.so.12
2026-03-26 14:23:49,816 - INFO - [36m(setup pid=5179, ip=172.31.45.74)[0m 	libnppitc.so.12 (libc6,x86-64) => /usr/local/cuda-12.6/targets/x86_64-linux/lib/libnppitc.so.12
2026-03-26 14:23:49,816 - INFO - [36m(setup pid=5179, ip=172.31.45.74)[0m 	libnppitc.so.12 (libc6,x86-64) => /usr/local/cuda-12.8/targets/x86_64-linux/lib/libnppitc.so.12
2026-03-26 14:23:49,816 - INFO - [36m(setup pid=5179, ip=172.31.45.74)[0m 	libnppitc.so (libc6,x86-64) => /usr/local/cuda-12.4/targets/x86_64-linux/lib/libnppitc.so
2026-03-26 14:23:49,816 - INFO - [36m(setup pid=5179, ip=172.31.45.74)[0m 	libnppitc.so (libc6,x86-64) => /usr/local/cuda-12.5/targets/x86_64-linux/lib/libnppitc.so
2026-03-26 14:23:49,816 - INFO - [36m(setup pid=5179, ip=172.31.45.74)[0m 	libnppitc.so (libc6,x86-64) => /usr/local/cuda-12.6/targets/x86_64-linux/lib/libnppitc.so
2026-03-26 14:23:49,816 - INFO - [36m(setup pid=5179, ip=172.31.45.74)[0m 	libnppitc.so (libc6,x86-64) => /usr/local/cuda-12.8/targets/x86_64-linux/lib/libnppitc.so
2026-03-26 14:23:49,816 - INFO - [36m(setup pid=5179, ip=172.31.45.74)[0m 	libnppisu.so.12 (libc6,x86-64) => /usr/local/cuda-12.4/targets/x86_64-linux/lib/libnppisu.so.12
2026-03-26 14:23:49,817 - INFO - [36m(setup pid=5179, ip=172.31.45.74)[0m 	libnppisu.so.12 (libc6,x86-64) => /usr/local/cuda-12.5/targets/x86_64-linux/lib/libnppisu.so.12
2026-03-26 14:23:49,817 - INFO - [36m(setup pid=5179, ip=172.31.45.74)[0m 	libnppisu.so.12 (libc6,x86-64) => /usr/local/cuda-12.6/targets/x86_64-linux/lib/libnppisu.so.12
2026-03-26 14:23:49,817 - INFO - [36m(setup pid=5179, ip=172.31.45.74)[0m 	libnppisu.so.12 (libc6,x86-64) => /usr/local/cuda-12.8/targets/x86_64-linux/lib/libnppisu.so.12
2026-03-26 14:23:50,014 - INFO - [36m(setup pid=5179, ip=172.31.45.74)[0m 	libnppisu.so (libc6,x86-64) => /usr/local/cuda-12.4/targets/x86_64-linux/lib/libnppisu.so
2026-03-26 14:23:50,014 - INFO - [36m(setup pid=5179, ip=172.31.45.74)[0m 	libnppisu.so (libc6,x86-64) => /usr/local/cuda-12.5/targets/x86_64-linux/lib/libnppisu.so
2026-03-26 14:23:50,014 - INFO - [36m(setup pid=5179, ip=172.31.45.74)[0m 	libnppisu.so (libc6,x86-64) => /usr/local/cuda-12.6/targets/x86_64-linux/lib/libnppisu.so
2026-03-26 14:23:50,014 - INFO - [36m(setup pid=5179, ip=172.31.45.74)[0m 	libnppisu.so (libc6,x86-64) => /usr/local/cuda-12.8/targets/x86_64-linux/lib/libnppisu.so
2026-03-26 14:23:50,014 - INFO - [36m(setup pid=5179, ip=172.31.45.74)[0m 	libnppist.so.12 (libc6,x86-64) => /usr/local/cuda-12.4/targets/x86_64-linux/lib/libnppist.so.12
2026-03-26 14:23:50,014 - INFO - [36m(setup pid=5179, ip=172.31.45.74)[0m 	libnppist.so.12 (libc6,x86-64) => /usr/local/cuda-12.5/targets/x86_64-linux/lib/libnppist.so.12
2026-03-26 14:23:50,014 - INFO - [36m(setup pid=5179, ip=172.31.45.74)[0m 	libnppist.so.12 (libc6,x86-64) => /usr/local/cuda-12.6/targets/x86_64-linux/lib/libnppist.so.12
2026-03-26 14:23:50,014 - INFO - [36m(setup pid=5179, ip=172.31.45.74)[0m 	libnppist.so.12 (libc6,x86-64) => /usr/local/cuda-12.8/targets/x86_64-linux/lib/libnppist.so.12
2026-03-26 14:23:50,014 - INFO - [36m(setup pid=5179, ip=172.31.45.74)[0m 	libnppist.so (libc6,x86-64) => /usr/local/cuda-12.4/targets/x86_64-linux/lib/libnppist.so
2026-03-26 14:23:50,014 - INFO - [36m(setup pid=5179, ip=172.31.45.74)[0m 	libnppist.so (libc6,x86-64) => /usr/local/cuda-12.5/targets/x86_64-linux/lib/libnppist.so
2026-03-26 14:23:50,014 - INFO - [36m(setup pid=5179, ip=172.31.45.74)[0m 	libnppist.so (libc6,x86-64) => /usr/local/cuda-12.6/targets/x86_64-linux/lib/libnppist.so
2026-03-26 14:23:50,014 - INFO - [36m(setup pid=5179, ip=172.31.45.74)[0m 	libnppist.so (libc6,x86-64) => /usr/local/cuda-12.8/targets/x86_64-linux/lib/libnppist.so
2026-03-26 14:23:50,014 - INFO - [36m(setup pid=5179, ip=172.31.45.74)[0m 	libnppim.so.12 (libc6,x86-64) => /usr/local/cuda-12.4/targets/x86_64-linux/lib/libnppim.so.12
2026-03-26 14:23:50,014 - INFO - [36m(setup pid=5179, ip=172.31.45.74)[0m 	libnppim.so.12 (libc6,x86-64) => /usr/local/cuda-12.5/targets/x86_64-linux/lib/libnppim.so.12
2026-03-26 14:23:50,014 - INFO - [36m(setup pid=5179, ip=172.31.45.74)[0m 	libnppim.so.12 (libc6,x86-64) => /usr/local/cuda-12.6/targets/x86_64-linux/lib/libnppim.so.12
2026-03-26 14:23:50,014 - INFO - [36m(setup pid=5179, ip=172.31.45.74)[0m 	libnppim.so.12 (libc6,x86-64) => /usr/local/cuda-12.8/targets/x86_64-linux/lib/libnppim.so.12
2026-03-26 14:23:50,014 - INFO - [36m(setup pid=5179, ip=172.31.45.74)[0m 	libnppim.so (libc6,x86-64) => /usr/local/cuda-12.4/targets/x86_64-linux/lib/libnppim.so
2026-03-26 14:23:50,014 - INFO - [36m(setup pid=5179, ip=172.31.45.74)[0m 	libnppim.so (libc6,x86-64) => /usr/local/cuda-12.5/targets/x86_64-linux/lib/libnppim.so
2026-03-26 14:23:50,014 - INFO - [36m(setup pid=5179, ip=172.31.45.74)[0m 	libnppim.so (libc6,x86-64) => /usr/local/cuda-12.6/targets/x86_64-linux/lib/libnppim.so
2026-03-26 14:23:50,014 - INFO - [36m(setup pid=5179, ip=172.31.45.74)[0m 	libnppim.so (libc6,x86-64) => /usr/local/cuda-12.8/targets/x86_64-linux/lib/libnppim.so
2026-03-26 14:23:50,014 - INFO - [36m(setup pid=5179, ip=172.31.45.74)[0m 	libnppig.so.12 (libc6,x86-64) => /usr/local/cuda-12.4/targets/x86_64-linux/lib/libnppig.so.12
2026-03-26 14:23:50,014 - INFO - [36m(setup pid=5179, ip=172.31.45.74)[0m 	libnppig.so.12 (libc6,x86-64) => /usr/local/cuda-12.5/targets/x86_64-linux/lib/libnppig.so.12
2026-03-26 14:23:50,015 - INFO - [36m(setup pid=5179, ip=172.31.45.74)[0m 	libnppig.so.12 (libc6,x86-64) => /usr/local/cuda-12.6/targets/x86_64-linux/lib/libnppig.so.12
2026-03-26 14:23:50,015 - INFO - [36m(setup pid=5179, ip=172.31.45.74)[0m 	libnppig.so.12 (libc6,x86-64) => /usr/local/cuda-12.8/targets/x86_64-linux/lib/libnppig.so.12
2026-03-26 14:23:50,015 - INFO - [36m(setup pid=5179, ip=172.31.45.74)[0m 	libnppig.so (libc6,x86-64) => /usr/local/cuda-12.4/targets/x86_64-linux/lib/libnppig.so
2026-03-26 14:23:50,015 - INFO - [36m(setup pid=5179, ip=172.31.45.74)[0m 	libnppig.so (libc6,x86-64) => /usr/local/cuda-12.5/targets/x86_64-linux/lib/libnppig.so
2026-03-26 14:23:50,015 - INFO - [36m(setup pid=5179, ip=172.31.45.74)[0m 	libnppig.so (libc6,x86-64) => /usr/local/cuda-12.6/targets/x86_64-linux/lib/libnppig.so
2026-03-26 14:23:50,015 - INFO - [36m(setup pid=5179, ip=172.31.45.74)[0m 	libnppig.so (libc6,x86-64) => /usr/local/cuda-12.8/targets/x86_64-linux/lib/libnppig.so
2026-03-26 14:23:50,015 - INFO - [36m(setup pid=5179, ip=172.31.45.74)[0m 	libnppif.so.12 (libc6,x86-64) => /usr/local/cuda-12.4/targets/x86_64-linux/lib/libnppif.so.12
2026-03-26 14:23:50,015 - INFO - [36m(setup pid=5179, ip=172.31.45.74)[0m 	libnppif.so.12 (libc6,x86-64) => /usr/local/cuda-12.5/targets/x86_64-linux/lib/libnppif.so.12
2026-03-26 14:23:50,015 - INFO - [36m(setup pid=5179, ip=172.31.45.74)[0m 	libnppif.so.12 (libc6,x86-64) => /usr/local/cuda-12.6/targets/x86_64-linux/lib/libnppif.so.12
2026-03-26 14:23:50,015 - INFO - [36m(setup pid=5179, ip=172.31.45.74)[0m 	libnppif.so.12 (libc6,x86-64) => /usr/local/cuda-12.8/targets/x86_64-linux/lib/libnppif.so.12
2026-03-26 14:23:50,015 - INFO - [36m(setup pid=5179, ip=172.31.45.74)[0m 	libnppif.so (libc6,x86-64) => /usr/local/cuda-12.4/targets/x86_64-linux/lib/libnppif.so
2026-03-26 14:23:50,015 - INFO - [36m(setup pid=5179, ip=172.31.45.74)[0m 	libnppif.so (libc6,x86-64) => /usr/local/cuda-12.5/targets/x86_64-linux/lib/libnppif.so
2026-03-26 14:23:50,015 - INFO - [36m(setup pid=5179, ip=172.31.45.74)[0m 	libnppif.so (libc6,x86-64) => /usr/local/cuda-12.6/targets/x86_64-linux/lib/libnppif.so
2026-03-26 14:23:50,015 - INFO - [36m(setup pid=5179, ip=172.31.45.74)[0m 	libnppif.so (libc6,x86-64) => /usr/local/cuda-12.8/targets/x86_64-linux/lib/libnppif.so
2026-03-26 14:23:50,015 - INFO - [36m(setup pid=5179, ip=172.31.45.74)[0m 	libnppidei.so.12 (libc6,x86-64) => /usr/local/cuda-12.4/targets/x86_64-linux/lib/libnppidei.so.12
2026-03-26 14:23:50,015 - INFO - [36m(setup pid=5179, ip=172.31.45.74)[0m 	libnppidei.so.12 (libc6,x86-64) => /usr/local/cuda-12.5/targets/x86_64-linux/lib/libnppidei.so.12
2026-03-26 14:23:50,015 - INFO - [36m(setup pid=5179, ip=172.31.45.74)[0m 	libnppidei.so.12 (libc6,x86-64) => /usr/local/cuda-12.6/targets/x86_64-linux/lib/libnppidei.so.12
2026-03-26 14:23:50,015 - INFO - [36m(setup pid=5179, ip=172.31.45.74)[0m 	libnppidei.so.12 (libc6,x86-64) => /usr/local/cuda-12.8/targets/x86_64-linux/lib/libnppidei.so.12
2026-03-26 14:23:50,015 - INFO - [36m(setup pid=5179, ip=172.31.45.74)[0m 	libnppidei.so (libc6,x86-64) => /usr/local/cuda-12.4/targets/x86_64-linux/lib/libnppidei.so
2026-03-26 14:23:50,015 - INFO - [36m(setup pid=5179, ip=172.31.45.74)[0m 	libnppidei.so (libc6,x86-64) => /usr/local/cuda-12.5/targets/x86_64-linux/lib/libnppidei.so
2026-03-26 14:23:50,015 - INFO - [36m(setup pid=5179, ip=172.31.45.74)[0m 	libnppidei.so (libc6,x86-64) => /usr/local/cuda-12.6/targets/x86_64-linux/lib/libnppidei.so
2026-03-26 14:23:50,015 - INFO - [36m(setup pid=5179, ip=172.31.45.74)[0m 	libnppidei.so (libc6,x86-64) => /usr/local/cuda-12.8/targets/x86_64-linux/lib/libnppidei.so
2026-03-26 14:23:50,015 - INFO - [36m(setup pid=5179, ip=172.31.45.74)[0m 	libnppicc.so.12 (libc6,x86-64) => /usr/local/cuda-12.4/targets/x86_64-linux/lib/libnppicc.so.12
2026-03-26 14:23:50,015 - INFO - [36m(setup pid=5179, ip=172.31.45.74)[0m 	libnppicc.so.12 (libc6,x86-64) => /usr/local/cuda-12.5/targets/x86_64-linux/lib/libnppicc.so.12
2026-03-26 14:23:50,015 - INFO - [36m(setup pid=5179, ip=172.31.45.74)[0m 	libnppicc.so.12 (libc6,x86-64) => /usr/local/cuda-12.6/targets/x86_64-linux/lib/libnppicc.so.12
2026-03-26 14:23:50,015 - INFO - [36m(setup pid=5179, ip=172.31.45.74)[0m 	libnppicc.so.12 (libc6,x86-64) => /usr/local/cuda-12.8/targets/x86_64-linux/lib/libnppicc.so.12
2026-03-26 14:23:50,015 - INFO - [36m(setup pid=5179, ip=172.31.45.74)[0m 	libnppicc.so (libc6,x86-64) => /usr/local/cuda-12.4/targets/x86_64-linux/lib/libnppicc.so
2026-03-26 14:23:50,015 - INFO - [36m(setup pid=5179, ip=172.31.45.74)[0m 	libnppicc.so (libc6,x86-64) => /usr/local/cuda-12.5/targets/x86_64-linux/lib/libnppicc.so
2026-03-26 14:23:50,015 - INFO - [36m(setup pid=5179, ip=172.31.45.74)[0m 	libnppicc.so (libc6,x86-64) => /usr/local/cuda-12.6/targets/x86_64-linux/lib/libnppicc.so
2026-03-26 14:23:50,015 - INFO - [36m(setup pid=5179, ip=172.31.45.74)[0m 	libnppicc.so (libc6,x86-64) => /usr/local/cuda-12.8/targets/x86_64-linux/lib/libnppicc.so
2026-03-26 14:23:50,015 - INFO - [36m(setup pid=5179, ip=172.31.45.74)[0m 	libnppial.so.12 (libc6,x86-64) => /usr/local/cuda-12.4/targets/x86_64-linux/lib/libnppial.so.12
2026-03-26 14:23:50,015 - INFO - [36m(setup pid=5179, ip=172.31.45.74)[0m 	libnppial.so.12 (libc6,x86-64) => /usr/local/cuda-12.5/targets/x86_64-linux/lib/libnppial.so.12
2026-03-26 14:23:50,015 - INFO - [36m(setup pid=5179, ip=172.31.45.74)[0m 	libnppial.so.12 (libc6,x86-64) => /usr/local/cuda-12.6/targets/x86_64-linux/lib/libnppial.so.12
2026-03-26 14:23:50,015 - INFO - [36m(setup pid=5179, ip=172.31.45.74)[0m 	libnppial.so.12 (libc6,x86-64) => /usr/local/cuda-12.8/targets/x86_64-linux/lib/libnppial.so.12
2026-03-26 14:23:50,015 - INFO - [36m(setup pid=5179, ip=172.31.45.74)[0m 	libnppial.so (libc6,x86-64) => /usr/local/cuda-12.4/targets/x86_64-linux/lib/libnppial.so
2026-03-26 14:23:50,015 - INFO - [36m(setup pid=5179, ip=172.31.45.74)[0m 	libnppial.so (libc6,x86-64) => /usr/local/cuda-12.5/targets/x86_64-linux/lib/libnppial.so
2026-03-26 14:23:50,015 - INFO - [36m(setup pid=5179, ip=172.31.45.74)[0m 	libnppial.so (libc6,x86-64) => /usr/local/cuda-12.6/targets/x86_64-linux/lib/libnppial.so
2026-03-26 14:23:50,015 - INFO - [36m(setup pid=5179, ip=172.31.45.74)[0m 	libnppial.so (libc6,x86-64) => /usr/local/cuda-12.8/targets/x86_64-linux/lib/libnppial.so
2026-03-26 14:23:50,015 - INFO - [36m(setup pid=5179, ip=172.31.45.74)[0m 	libnppc.so.12 (libc6,x86-64) => /usr/local/cuda-12.4/targets/x86_64-linux/lib/libnppc.so.12
2026-03-26 14:23:50,015 - INFO - [36m(setup pid=5179, ip=172.31.45.74)[0m 	libnppc.so.12 (libc6,x86-64) => /usr/local/cuda-12.5/targets/x86_64-linux/lib/libnppc.so.12
2026-03-26 14:23:50,015 - INFO - [36m(setup pid=5179, ip=172.31.45.74)[0m 	libnppc.so.12 (libc6,x86-64) => /usr/local/cuda-12.6/targets/x86_64-linux/lib/libnppc.so.12
2026-03-26 14:23:50,015 - INFO - [36m(setup pid=5179, ip=172.31.45.74)[0m 	libnppc.so.12 (libc6,x86-64) => /usr/local/cuda-12.8/targets/x86_64-linux/lib/libnppc.so.12
2026-03-26 14:23:50,015 - INFO - [36m(setup pid=5179, ip=172.31.45.74)[0m 	libnppc.so (libc6,x86-64) => /usr/local/cuda-12.4/targets/x86_64-linux/lib/libnppc.so
2026-03-26 14:23:50,015 - INFO - [36m(setup pid=5179, ip=172.31.45.74)[0m 	libnppc.so (libc6,x86-64) => /usr/local/cuda-12.5/targets/x86_64-linux/lib/libnppc.so
2026-03-26 14:23:50,015 - INFO - [36m(setup pid=5179, ip=172.31.45.74)[0m 	libnppc.so (libc6,x86-64) => /usr/local/cuda-12.6/targets/x86_64-linux/lib/libnppc.so
2026-03-26 14:23:50,015 - INFO - [36m(setup pid=5179, ip=172.31.45.74)[0m 	libnppc.so (libc6,x86-64) => /usr/local/cuda-12.8/targets/x86_64-linux/lib/libnppc.so
2026-03-26 14:23:50,015 - INFO - [36m(setup pid=5179, ip=172.31.45.74)[0m 	libicudata.so.70 (libc6,x86-64) => /lib/x86_64-linux-gnu/libicudata.so.70
2026-03-26 14:23:50,015 - INFO - [36m(setup pid=5179, ip=172.31.45.74)[0m 	libcusparse.so.12 (libc6,x86-64) => /usr/local/cuda-12.4/targets/x86_64-linux/lib/libcusparse.so.12
2026-03-26 14:23:50,015 - INFO - [36m(setup pid=5179, ip=172.31.45.74)[0m 	libcusparse.so.12 (libc6,x86-64) => /usr/local/cuda-12.5/targets/x86_64-linux/lib/libcusparse.so.12
2026-03-26 14:23:50,015 - INFO - [36m(setup pid=5179, ip=172.31.45.74)[0m 	libcusparse.so.12 (libc6,x86-64) => /usr/local/cuda-12.6/targets/x86_64-linux/lib/libcusparse.so.12
2026-03-26 14:23:50,015 - INFO - [36m(setup pid=5179, ip=172.31.45.74)[0m 	libcusparse.so.12 (libc6,x86-64) => /usr/local/cuda-12.8/targets/x86_64-linux/lib/libcusparse.so.12
2026-03-26 14:23:50,016 - INFO - [36m(setup pid=5179, ip=172.31.45.74)[0m 	libcusparse.so (libc6,x86-64) => /usr/local/cuda-12.4/targets/x86_64-linux/lib/libcusparse.so
2026-03-26 14:23:50,016 - INFO - [36m(setup pid=5179, ip=172.31.45.74)[0m 	libcusparse.so (libc6,x86-64) => /usr/local/cuda-12.5/targets/x86_64-linux/lib/libcusparse.so
2026-03-26 14:23:50,016 - INFO - [36m(setup pid=5179, ip=172.31.45.74)[0m 	libcusparse.so (libc6,x86-64) => /usr/local/cuda-12.6/targets/x86_64-linux/lib/libcusparse.so
2026-03-26 14:23:50,016 - INFO - [36m(setup pid=5179, ip=172.31.45.74)[0m 	libcusparse.so (libc6,x86-64) => /usr/local/cuda-12.8/targets/x86_64-linux/lib/libcusparse.so
2026-03-26 14:23:50,016 - INFO - [36m(setup pid=5179, ip=172.31.45.74)[0m 	libcusolverMg.so.11 (libc6,x86-64) => /usr/local/cuda-12.4/targets/x86_64-linux/lib/libcusolverMg.so.11
2026-03-26 14:23:50,016 - INFO - [36m(setup pid=5179, ip=172.31.45.74)[0m 	libcusolverMg.so.11 (libc6,x86-64) => /usr/local/cuda-12.5/targets/x86_64-linux/lib/libcusolverMg.so.11
2026-03-26 14:23:50,016 - INFO - [36m(setup pid=5179, ip=172.31.45.74)[0m 	libcusolverMg.so.11 (libc6,x86-64) => /usr/local/cuda-12.6/targets/x86_64-linux/lib/libcusolverMg.so.11
2026-03-26 14:23:50,016 - INFO - [36m(setup pid=5179, ip=172.31.45.74)[0m 	libcusolverMg.so.11 (libc6,x86-64) => /usr/local/cuda-12.8/targets/x86_64-linux/lib/libcusolverMg.so.11
2026-03-26 14:23:50,016 - INFO - [36m(setup pid=5179, ip=172.31.45.74)[0m 	libcusolverMg.so (libc6,x86-64) => /usr/local/cuda-12.4/targets/x86_64-linux/lib/libcusolverMg.so
2026-03-26 14:23:50,016 - INFO - [36m(setup pid=5179, ip=172.31.45.74)[0m 	libcusolverMg.so (libc6,x86-64) => /usr/local/cuda-12.5/targets/x86_64-linux/lib/libcusolverMg.so
2026-03-26 14:23:50,016 - INFO - [36m(setup pid=5179, ip=172.31.45.74)[0m 	libcusolverMg.so (libc6,x86-64) => /usr/local/cuda-12.6/targets/x86_64-linux/lib/libcusolverMg.so
2026-03-26 14:23:50,016 - INFO - [36m(setup pid=5179, ip=172.31.45.74)[0m 	libcusolverMg.so (libc6,x86-64) => /usr/local/cuda-12.8/targets/x86_64-linux/lib/libcusolverMg.so
2026-03-26 14:23:50,016 - INFO - [36m(setup pid=5179, ip=172.31.45.74)[0m 	libcusolver.so.11 (libc6,x86-64) => /usr/local/cuda-12.4/targets/x86_64-linux/lib/libcusolver.so.11
2026-03-26 14:23:50,016 - INFO - [36m(setup pid=5179, ip=172.31.45.74)[0m 	libcusolver.so.11 (libc6,x86-64) => /usr/local/cuda-12.5/targets/x86_64-linux/lib/libcusolver.so.11
2026-03-26 14:23:50,016 - INFO - [36m(setup pid=5179, ip=172.31.45.74)[0m 	libcusolver.so.11 (libc6,x86-64) => /usr/local/cuda-12.6/targets/x86_64-linux/lib/libcusolver.so.11
2026-03-26 14:23:50,016 - INFO - [36m(setup pid=5179, ip=172.31.45.74)[0m 	libcusolver.so.11 (libc6,x86-64) => /usr/local/cuda-12.8/targets/x86_64-linux/lib/libcusolver.so.11
2026-03-26 14:23:50,016 - INFO - [36m(setup pid=5179, ip=172.31.45.74)[0m 	libcusolver.so (libc6,x86-64) => /usr/local/cuda-12.4/targets/x86_64-linux/lib/libcusolver.so
2026-03-26 14:23:50,016 - INFO - [36m(setup pid=5179, ip=172.31.45.74)[0m 	libcusolver.so (libc6,x86-64) => /usr/local/cuda-12.5/targets/x86_64-linux/lib/libcusolver.so
2026-03-26 14:23:50,016 - INFO - [36m(setup pid=5179, ip=172.31.45.74)[0m 	libcusolver.so (libc6,x86-64) => /usr/local/cuda-12.6/targets/x86_64-linux/lib/libcusolver.so
2026-03-26 14:23:50,016 - INFO - [36m(setup pid=5179, ip=172.31.45.74)[0m 	libcusolver.so (libc6,x86-64) => /usr/local/cuda-12.8/targets/x86_64-linux/lib/libcusolver.so
2026-03-26 14:23:50,016 - INFO - [36m(setup pid=5179, ip=172.31.45.74)[0m 	libcurand.so.10 (libc6,x86-64) => /usr/local/cuda-12.4/targets/x86_64-linux/lib/libcurand.so.10
2026-03-26 14:23:50,016 - INFO - [36m(setup pid=5179, ip=172.31.45.74)[0m 	libcurand.so.10 (libc6,x86-64) => /usr/local/cuda-12.5/targets/x86_64-linux/lib/libcurand.so.10
2026-03-26 14:23:50,016 - INFO - [36m(setup pid=5179, ip=172.31.45.74)[0m 	libcurand.so.10 (libc6,x86-64) => /usr/local/cuda-12.6/targets/x86_64-linux/lib/libcurand.so.10
2026-03-26 14:23:50,016 - INFO - [36m(setup pid=5179, ip=172.31.45.74)[0m 	libcurand.so.10 (libc6,x86-64) => /usr/local/cuda-12.8/targets/x86_64-linux/lib/libcurand.so.10
2026-03-26 14:23:50,016 - INFO - [36m(setup pid=5179, ip=172.31.45.74)[0m 	libcurand.so (libc6,x86-64) => /usr/local/cuda-12.4/targets/x86_64-linux/lib/libcurand.so
2026-03-26 14:23:50,016 - INFO - [36m(setup pid=5179, ip=172.31.45.74)[0m 	libcurand.so (libc6,x86-64) => /usr/local/cuda-12.5/targets/x86_64-linux/lib/libcurand.so
2026-03-26 14:23:50,016 - INFO - [36m(setup pid=5179, ip=172.31.45.74)[0m 	libcurand.so (libc6,x86-64) => /usr/local/cuda-12.6/targets/x86_64-linux/lib/libcurand.so
2026-03-26 14:23:50,016 - INFO - [36m(setup pid=5179, ip=172.31.45.74)[0m 	libcurand.so (libc6,x86-64) => /usr/local/cuda-12.8/targets/x86_64-linux/lib/libcurand.so
2026-03-26 14:23:50,016 - INFO - [36m(setup pid=5179, ip=172.31.45.74)[0m 	libcuinj64.so.12.8 (libc6,x86-64) => /usr/local/cuda-12.8/targets/x86_64-linux/lib/libcuinj64.so.12.8
2026-03-26 14:23:50,016 - INFO - [36m(setup pid=5179, ip=172.31.45.74)[0m 	libcuinj64.so.12.6 (libc6,x86-64) => /usr/local/cuda-12.6/targets/x86_64-linux/lib/libcuinj64.so.12.6
2026-03-26 14:23:50,016 - INFO - [36m(setup pid=5179, ip=172.31.45.74)[0m 	libcuinj64.so.12.5 (libc6,x86-64) => /usr/local/cuda-12.5/targets/x86_64-linux/lib/libcuinj64.so.12.5
2026-03-26 14:23:50,016 - INFO - [36m(setup pid=5179, ip=172.31.45.74)[0m 	libcuinj64.so.12.4 (libc6,x86-64) => /usr/local/cuda-12.4/targets/x86_64-linux/lib/libcuinj64.so.12.4
2026-03-26 14:23:50,016 - INFO - [36m(setup pid=5179, ip=172.31.45.74)[0m 	libcuinj64.so (libc6,x86-64) => /usr/local/cuda-12.4/targets/x86_64-linux/lib/libcuinj64.so
2026-03-26 14:23:50,016 - INFO - [36m(setup pid=5179, ip=172.31.45.74)[0m 	libcuinj64.so (libc6,x86-64) => /usr/local/cuda-12.5/targets/x86_64-linux/lib/libcuinj64.so
2026-03-26 14:23:50,016 - INFO - [36m(setup pid=5179, ip=172.31.45.74)[0m 	libcuinj64.so (libc6,x86-64) => /usr/local/cuda-12.6/targets/x86_64-linux/lib/libcuinj64.so
2026-03-26 14:23:50,016 - INFO - [36m(setup pid=5179, ip=172.31.45.74)[0m 	libcuinj64.so (libc6,x86-64) => /usr/local/cuda-12.8/targets/x86_64-linux/lib/libcuinj64.so
2026-03-26 14:23:50,016 - INFO - [36m(setup pid=5179, ip=172.31.45.74)[0m 	libcufile_rdma.so.1 (libc6,x86-64) => /usr/local/cuda-12.4/targets/x86_64-linux/lib/libcufile_rdma.so.1
2026-03-26 14:23:50,016 - INFO - [36m(setup pid=5179, ip=172.31.45.74)[0m 	libcufile_rdma.so.1 (libc6,x86-64) => /usr/local/cuda-12.5/targets/x86_64-linux/lib/libcufile_rdma.so.1
2026-03-26 14:23:50,016 - INFO - [36m(setup pid=5179, ip=172.31.45.74)[0m 	libcufile_rdma.so.1 (libc6,x86-64) => /usr/local/cuda-12.6/targets/x86_64-linux/lib/libcufile_rdma.so.1
2026-03-26 14:23:50,016 - INFO - [36m(setup pid=5179, ip=172.31.45.74)[0m 	libcufile_rdma.so.1 (libc6,x86-64) => /usr/local/cuda-12.8/targets/x86_64-linux/lib/libcufile_rdma.so.1
2026-03-26 14:23:50,016 - INFO - [36m(setup pid=5179, ip=172.31.45.74)[0m 	libcufile_rdma.so (libc6,x86-64) => /usr/local/cuda-12.4/targets/x86_64-linux/lib/libcufile_rdma.so
2026-03-26 14:23:50,016 - INFO - [36m(setup pid=5179, ip=172.31.45.74)[0m 	libcufile_rdma.so (libc6,x86-64) => /usr/local/cuda-12.5/targets/x86_64-linux/lib/libcufile_rdma.so
2026-03-26 14:23:50,016 - INFO - [36m(setup pid=5179, ip=172.31.45.74)[0m 	libcufile_rdma.so (libc6,x86-64) => /usr/local/cuda-12.6/targets/x86_64-linux/lib/libcufile_rdma.so
2026-03-26 14:23:50,016 - INFO - [36m(setup pid=5179, ip=172.31.45.74)[0m 	libcufile_rdma.so (libc6,x86-64) => /usr/local/cuda-12.8/targets/x86_64-linux/lib/libcufile_rdma.so
2026-03-26 14:23:50,016 - INFO - [36m(setup pid=5179, ip=172.31.45.74)[0m 	libcufile.so.0 (libc6,x86-64) => /usr/local/cuda-12.4/targets/x86_64-linux/lib/libcufile.so.0
2026-03-26 14:23:50,016 - INFO - [36m(setup pid=5179, ip=172.31.45.74)[0m 	libcufile.so.0 (libc6,x86-64) => /usr/local/cuda-12.5/targets/x86_64-linux/lib/libcufile.so.0
2026-03-26 14:23:50,016 - INFO - [36m(setup pid=5179, ip=172.31.45.74)[0m 	libcufile.so.0 (libc6,x86-64) => /usr/local/cuda-12.6/targets/x86_64-linux/lib/libcufile.so.0
2026-03-26 14:23:50,016 - INFO - [36m(setup pid=5179, ip=172.31.45.74)[0m 	libcufile.so.0 (libc6,x86-64) => /usr/local/cuda-12.8/targets/x86_64-linux/lib/libcufile.so.0
2026-03-26 14:23:50,016 - INFO - [36m(setup pid=5179, ip=172.31.45.74)[0m 	libcufile.so (libc6,x86-64) => /usr/local/cuda-12.4/targets/x86_64-linux/lib/libcufile.so
2026-03-26 14:23:50,016 - INFO - [36m(setup pid=5179, ip=172.31.45.74)[0m 	libcufile.so (libc6,x86-64) => /usr/local/cuda-12.5/targets/x86_64-linux/lib/libcufile.so
2026-03-26 14:23:50,016 - INFO - [36m(setup pid=5179, ip=172.31.45.74)[0m 	libcufile.so (libc6,x86-64) => /usr/local/cuda-12.6/targets/x86_64-linux/lib/libcufile.so
2026-03-26 14:23:50,016 - INFO - [36m(setup pid=5179, ip=172.31.45.74)[0m 	libcufile.so (libc6,x86-64) => /usr/local/cuda-12.8/targets/x86_64-linux/lib/libcufile.so
2026-03-26 14:23:50,016 - INFO - [36m(setup pid=5179, ip=172.31.45.74)[0m 	libcufftw.so.11 (libc6,x86-64) => /usr/local/cuda-12.4/targets/x86_64-linux/lib/libcufftw.so.11
2026-03-26 14:23:50,016 - INFO - [36m(setup pid=5179, ip=172.31.45.74)[0m 	libcufftw.so.11 (libc6,x86-64) => /usr/local/cuda-12.5/targets/x86_64-linux/lib/libcufftw.so.11
2026-03-26 14:23:50,016 - INFO - [36m(setup pid=5179, ip=172.31.45.74)[0m 	libcufftw.so.11 (libc6,x86-64) => /usr/local/cuda-12.6/targets/x86_64-linux/lib/libcufftw.so.11
2026-03-26 14:23:50,016 - INFO - [36m(setup pid=5179, ip=172.31.45.74)[0m 	libcufftw.so.11 (libc6,x86-64) => /usr/local/cuda-12.8/targets/x86_64-linux/lib/libcufftw.so.11
2026-03-26 14:23:50,016 - INFO - [36m(setup pid=5179, ip=172.31.45.74)[0m 	libcufftw.so (libc6,x86-64) => /usr/local/cuda-12.4/targets/x86_64-linux/lib/libcufftw.so
2026-03-26 14:23:50,016 - INFO - [36m(setup pid=5179, ip=172.31.45.74)[0m 	libcufftw.so (libc6,x86-64) => /usr/local/cuda-12.5/targets/x86_64-linux/lib/libcufftw.so
2026-03-26 14:23:50,016 - INFO - [36m(setup pid=5179, ip=172.31.45.74)[0m 	libcufftw.so (libc6,x86-64) => /usr/local/cuda-12.6/targets/x86_64-linux/lib/libcufftw.so
2026-03-26 14:23:50,016 - INFO - [36m(setup pid=5179, ip=172.31.45.74)[0m 	libcufftw.so (libc6,x86-64) => /usr/local/cuda-12.8/targets/x86_64-linux/lib/libcufftw.so
2026-03-26 14:23:50,016 - INFO - [36m(setup pid=5179, ip=172.31.45.74)[0m 	libcufft.so.11 (libc6,x86-64) => /usr/local/cuda-12.4/targets/x86_64-linux/lib/libcufft.so.11
2026-03-26 14:23:50,016 - INFO - [36m(setup pid=5179, ip=172.31.45.74)[0m 	libcufft.so.11 (libc6,x86-64) => /usr/local/cuda-12.5/targets/x86_64-linux/lib/libcufft.so.11
2026-03-26 14:23:50,016 - INFO - [36m(setup pid=5179, ip=172.31.45.74)[0m 	libcufft.so.11 (libc6,x86-64) => /usr/local/cuda-12.6/targets/x86_64-linux/lib/libcufft.so.11
2026-03-26 14:23:50,016 - INFO - [36m(setup pid=5179, ip=172.31.45.74)[0m 	libcufft.so.11 (libc6,x86-64) => /usr/local/cuda-12.8/targets/x86_64-linux/lib/libcufft.so.11
2026-03-26 14:23:50,016 - INFO - [36m(setup pid=5179, ip=172.31.45.74)[0m 	libcufft.so (libc6,x86-64) => /usr/local/cuda-12.4/targets/x86_64-linux/lib/libcufft.so
2026-03-26 14:23:50,016 - INFO - [36m(setup pid=5179, ip=172.31.45.74)[0m 	libcufft.so (libc6,x86-64) => /usr/local/cuda-12.5/targets/x86_64-linux/lib/libcufft.so
2026-03-26 14:23:50,016 - INFO - [36m(setup pid=5179, ip=172.31.45.74)[0m 	libcufft.so (libc6,x86-64) => /usr/local/cuda-12.6/targets/x86_64-linux/lib/libcufft.so
2026-03-26 14:23:50,016 - INFO - [36m(setup pid=5179, ip=172.31.45.74)[0m 	libcufft.so (libc6,x86-64) => /usr/local/cuda-12.8/targets/x86_64-linux/lib/libcufft.so
2026-03-26 14:23:50,016 - INFO - [36m(setup pid=5179, ip=172.31.45.74)[0m 	libcudart.so.12 (libc6,x86-64) => /usr/local/cuda-12.4/targets/x86_64-linux/lib/libcudart.so.12
2026-03-26 14:23:50,016 - INFO - [36m(setup pid=5179, ip=172.31.45.74)[0m 	libcudart.so.12 (libc6,x86-64) => /usr/local/cuda-12.5/targets/x86_64-linux/lib/libcudart.so.12
2026-03-26 14:23:50,016 - INFO - [36m(setup pid=5179, ip=172.31.45.74)[0m 	libcudart.so.12 (libc6,x86-64) => /usr/local/cuda-12.6/targets/x86_64-linux/lib/libcudart.so.12
2026-03-26 14:23:50,016 - INFO - [36m(setup pid=5179, ip=172.31.45.74)[0m 	libcudart.so.12 (libc6,x86-64) => /usr/local/cuda-12.8/targets/x86_64-linux/lib/libcudart.so.12
2026-03-26 14:23:50,016 - INFO - [36m(setup pid=5179, ip=172.31.45.74)[0m 	libcudart.so (libc6,x86-64) => /usr/local/cuda-12.4/targets/x86_64-linux/lib/libcudart.so
2026-03-26 14:23:50,016 - INFO - [36m(setup pid=5179, ip=172.31.45.74)[0m 	libcudart.so (libc6,x86-64) => /usr/local/cuda-12.5/targets/x86_64-linux/lib/libcudart.so
2026-03-26 14:23:50,016 - INFO - [36m(setup pid=5179, ip=172.31.45.74)[0m 	libcudart.so (libc6,x86-64) => /usr/local/cuda-12.6/targets/x86_64-linux/lib/libcudart.so
2026-03-26 14:23:50,016 - INFO - [36m(setup pid=5179, ip=172.31.45.74)[0m 	libcudart.so (libc6,x86-64) => /usr/local/cuda-12.8/targets/x86_64-linux/lib/libcudart.so
2026-03-26 14:23:50,016 - INFO - [36m(setup pid=5179, ip=172.31.45.74)[0m 	libcudadebugger.so.1 (libc6,x86-64) => /lib/x86_64-linux-gnu/libcudadebugger.so.1
2026-03-26 14:23:50,016 - INFO - [36m(setup pid=5179, ip=172.31.45.74)[0m 	libcuda.so.1 (libc6,x86-64) => /lib/x86_64-linux-gnu/libcuda.so.1
2026-03-26 14:23:50,016 - INFO - [36m(setup pid=5179, ip=172.31.45.74)[0m 	libcuda.so (libc6,x86-64) => /lib/x86_64-linux-gnu/libcuda.so
2026-03-26 14:23:50,016 - INFO - [36m(setup pid=5179, ip=172.31.45.74)[0m 	libcublasLt.so.12 (libc6,x86-64) => /usr/local/cuda-12.4/targets/x86_64-linux/lib/libcublasLt.so.12
2026-03-26 14:23:50,016 - INFO - [36m(setup pid=5179, ip=172.31.45.74)[0m 	libcublasLt.so.12 (libc6,x86-64) => /usr/local/cuda-12.5/targets/x86_64-linux/lib/libcublasLt.so.12
2026-03-26 14:23:50,017 - INFO - [36m(setup pid=5179, ip=172.31.45.74)[0m 	libcublasLt.so.12 (libc6,x86-64) => /usr/local/cuda-12.6/targets/x86_64-linux/lib/libcublasLt.so.12
2026-03-26 14:23:50,017 - INFO - [36m(setup pid=5179, ip=172.31.45.74)[0m 	libcublasLt.so.12 (libc6,x86-64) => /usr/local/cuda-12.8/targets/x86_64-linux/lib/libcublasLt.so.12
2026-03-26 14:23:50,017 - INFO - [36m(setup pid=5179, ip=172.31.45.74)[0m 	libcublasLt.so (libc6,x86-64) => /usr/local/cuda-12.4/targets/x86_64-linux/lib/libcublasLt.so
2026-03-26 14:23:50,017 - INFO - [36m(setup pid=5179, ip=172.31.45.74)[0m 	libcublasLt.so (libc6,x86-64) => /usr/local/cuda-12.5/targets/x86_64-linux/lib/libcublasLt.so
2026-03-26 14:23:50,017 - INFO - [36m(setup pid=5179, ip=172.31.45.74)[0m 	libcublasLt.so (libc6,x86-64) => /usr/local/cuda-12.6/targets/x86_64-linux/lib/libcublasLt.so
2026-03-26 14:23:50,017 - INFO - [36m(setup pid=5179, ip=172.31.45.74)[0m 	libcublasLt.so (libc6,x86-64) => /usr/local/cuda-12.8/targets/x86_64-linux/lib/libcublasLt.so
2026-03-26 14:23:50,017 - INFO - [36m(setup pid=5179, ip=172.31.45.74)[0m 	libcublas.so.12 (libc6,x86-64) => /usr/local/cuda-12.4/targets/x86_64-linux/lib/libcublas.so.12
2026-03-26 14:23:50,017 - INFO - [36m(setup pid=5179, ip=172.31.45.74)[0m 	libcublas.so.12 (libc6,x86-64) => /usr/local/cuda-12.5/targets/x86_64-linux/lib/libcublas.so.12
2026-03-26 14:23:50,017 - INFO - [36m(setup pid=5179, ip=172.31.45.74)[0m 	libcublas.so.12 (libc6,x86-64) => /usr/local/cuda-12.6/targets/x86_64-linux/lib/libcublas.so.12
2026-03-26 14:23:50,017 - INFO - [36m(setup pid=5179, ip=172.31.45.74)[0m 	libcublas.so.12 (libc6,x86-64) => /usr/local/cuda-12.8/targets/x86_64-linux/lib/libcublas.so.12
2026-03-26 14:23:50,017 - INFO - [36m(setup pid=5179, ip=172.31.45.74)[0m 	libcublas.so (libc6,x86-64) => /usr/local/cuda-12.4/targets/x86_64-linux/lib/libcublas.so
2026-03-26 14:23:50,017 - INFO - [36m(setup pid=5179, ip=172.31.45.74)[0m 	libcublas.so (libc6,x86-64) => /usr/local/cuda-12.5/targets/x86_64-linux/lib/libcublas.so
2026-03-26 14:23:50,017 - INFO - [36m(setup pid=5179, ip=172.31.45.74)[0m 	libcublas.so (libc6,x86-64) => /usr/local/cuda-12.6/targets/x86_64-linux/lib/libcublas.so
2026-03-26 14:23:50,017 - INFO - [36m(setup pid=5179, ip=172.31.45.74)[0m 	libcublas.so (libc6,x86-64) => /usr/local/cuda-12.8/targets/x86_64-linux/lib/libcublas.so
2026-03-26 14:23:50,017 - INFO - [36m(setup pid=5179, ip=172.31.45.74)[0m 	libaccinj64.so.12.8 (libc6,x86-64) => /usr/local/cuda-12.8/targets/x86_64-linux/lib/libaccinj64.so.12.8
2026-03-26 14:23:50,017 - INFO - [36m(setup pid=5179, ip=172.31.45.74)[0m 	libaccinj64.so.12.6 (libc6,x86-64) => /usr/local/cuda-12.6/targets/x86_64-linux/lib/libaccinj64.so.12.6
2026-03-26 14:23:50,017 - INFO - [36m(setup pid=5179, ip=172.31.45.74)[0m 	libaccinj64.so.12.5 (libc6,x86-64) => /usr/local/cuda-12.5/targets/x86_64-linux/lib/libaccinj64.so.12.5
2026-03-26 14:23:50,017 - INFO - [36m(setup pid=5179, ip=172.31.45.74)[0m 	libaccinj64.so.12.4 (libc6,x86-64) => /usr/local/cuda-12.4/targets/x86_64-linux/lib/libaccinj64.so.12.4
2026-03-26 14:23:50,017 - INFO - [36m(setup pid=5179, ip=172.31.45.74)[0m 	libaccinj64.so (libc6,x86-64) => /usr/local/cuda-12.4/targets/x86_64-linux/lib/libaccinj64.so
2026-03-26 14:23:50,017 - INFO - [36m(setup pid=5179, ip=172.31.45.74)[0m 	libaccinj64.so (libc6,x86-64) => /usr/local/cuda-12.5/targets/x86_64-linux/lib/libaccinj64.so
2026-03-26 14:23:50,017 - INFO - [36m(setup pid=5179, ip=172.31.45.74)[0m 	libaccinj64.so (libc6,x86-64) => /usr/local/cuda-12.6/targets/x86_64-linux/lib/libaccinj64.so
2026-03-26 14:23:50,017 - INFO - [36m(setup pid=5179, ip=172.31.45.74)[0m 	libaccinj64.so (libc6,x86-64) => /usr/local/cuda-12.8/targets/x86_64-linux/lib/libaccinj64.so
2026-03-26 14:23:50,017 - INFO - [36m(setup pid=5179, ip=172.31.45.74)[0m 	libOpenCL.so.1 (libc6,x86-64) => /usr/local/cuda-12.4/targets/x86_64-linux/lib/libOpenCL.so.1
2026-03-26 14:23:50,017 - INFO - [36m(setup pid=5179, ip=172.31.45.74)[0m 	libOpenCL.so.1 (libc6,x86-64) => /usr/local/cuda-12.5/targets/x86_64-linux/lib/libOpenCL.so.1
2026-03-26 14:23:50,017 - INFO - [36m(setup pid=5179, ip=172.31.45.74)[0m 	libOpenCL.so.1 (libc6,x86-64) => /usr/local/cuda-12.6/targets/x86_64-linux/lib/libOpenCL.so.1
2026-03-26 14:23:50,017 - INFO - [36m(setup pid=5179, ip=172.31.45.74)[0m 	libOpenCL.so.1 (libc6,x86-64) => /usr/local/cuda-12.8/targets/x86_64-linux/lib/libOpenCL.so.1
2026-03-26 14:23:50,017 - INFO - [36m(setup pid=5179, ip=172.31.45.74)[0m 	libOpenCL.so (libc6,x86-64) => /usr/local/cuda-12.4/targets/x86_64-linux/lib/libOpenCL.so
2026-03-26 14:23:50,017 - INFO - [36m(setup pid=5179, ip=172.31.45.74)[0m 	libOpenCL.so (libc6,x86-64) => /usr/local/cuda-12.5/targets/x86_64-linux/lib/libOpenCL.so
2026-03-26 14:23:50,017 - INFO - [36m(setup pid=5179, ip=172.31.45.74)[0m 	libOpenCL.so (libc6,x86-64) => /usr/local/cuda-12.6/targets/x86_64-linux/lib/libOpenCL.so
2026-03-26 14:23:50,017 - INFO - [36m(setup pid=5179, ip=172.31.45.74)[0m 	libOpenCL.so (libc6,x86-64) => /usr/local/cuda-12.8/targets/x86_64-linux/lib/libOpenCL.so
2026-03-26 14:23:50,017 - INFO - [36m(setup pid=5179, ip=172.31.45.74)[0m + echo 'CUDA toolkit path:'
2026-03-26 14:23:50,017 - INFO - [36m(setup pid=5179, ip=172.31.45.74)[0m CUDA toolkit path:
2026-03-26 14:23:50,017 - INFO - [36m(setup pid=5179, ip=172.31.45.74)[0m + ls --color=auto -la /usr/local/cuda /usr/local/cuda-12.4 /usr/local/cuda-12.5 /usr/local/cuda-12.6 /usr/local/cuda-12.8
2026-03-26 14:23:50,017 - INFO - [36m(setup pid=6522)[0m lrwxrwxrwx  1 root root   21 Aug  8  2025 /usr/local/cuda -> /usr/local/cuda-12.8/
2026-03-26 14:23:50,017 - INFO - [36m(setup pid=6522)[0m
2026-03-26 14:23:50,017 - INFO - [36m(setup pid=6522)[0m /usr/local/cuda-12.4:
2026-03-26 14:23:50,017 - INFO - [36m(setup pid=6522)[0m total 188
2026-03-26 14:23:50,017 - INFO - [36m(setup pid=6522)[0m drwxr-xr-x 19 root   root    4096 Aug  8  2025 .
2026-03-26 14:23:50,017 - INFO - [36m(setup pid=6522)[0m drwxr-xr-x 15 root   root    4096 Aug  8  2025 ..
2026-03-26 14:23:50,017 - INFO - [36m(setup pid=6522)[0m -rw-r--r--  1 root   root     160 Aug  8  2025 DOCS
2026-03-26 14:23:50,017 - INFO - [36m(setup pid=6522)[0m -rw-r--r--  1 root   root   63021 Aug  8  2025 EULA.txt
2026-03-26 14:23:50,017 - INFO - [36m(setup pid=6522)[0m -rw-r--r--  1 ubuntu ubuntu 29662 Nov 30  2023 LICENSE
2026-03-26 14:23:50,017 - INFO - [36m(setup pid=6522)[0m -rw-r--r--  1 root   root    1895 Jun 11  2024 LICENSE.txt
2026-03-26 14:23:50,017 - INFO - [36m(setup pid=6522)[0m -rw-r--r--  1 root   root     524 Aug  8  2025 README
2026-03-26 14:23:50,017 - INFO - [36m(setup pid=6522)[0m drwxr-xr-x  3 root   root    4096 Aug  8  2025 bin
2026-03-26 14:23:50,017 - INFO - [36m(setup pid=6522)[0m drwxr-xr-x  5 root   root    4096 Aug  8  2025 compute-sanitizer
2026-03-26 14:23:50,017 - INFO - [36m(setup pid=6522)[0m drwxr-xr-x  3 root   root    4096 Aug  8  2025 efa
2026-03-26 14:23:50,017 - INFO - [36m(setup pid=6522)[0m drwxr-xr-x  5 root   root    4096 Aug  8  2025 extras
2026-03-26 14:23:50,017 - INFO - [36m(setup pid=6522)[0m drwxr-xr-x  5 root   root    4096 Aug  8  2025 gds
2026-03-26 14:23:50,017 - INFO - [36m(setup pid=6522)[0m drwxr-xr-x  2 root   root    4096 Aug  8  2025 gds-12.4
2026-03-26 14:23:50,017 - INFO - [36m(setup pid=6522)[0m lrwxrwxrwx  1 root   root      28 Aug  8  2025 include -> targets/x86_64-linux/include
2026-03-26 14:23:50,017 - INFO - [36m(setup pid=6522)[0m drwxrwxr-x  3 root   root    4096 Aug  8  2025 lib
2026-03-26 14:23:50,017 - INFO - [36m(setup pid=6522)[0m lrwxrwxrwx  1 root   root      24 Aug  8  2025 lib64 -> targets/x86_64-linux/lib
2026-03-26 14:23:50,017 - INFO - [36m(setup pid=6522)[0m drwxr-xr-x  7 root   root    4096 Aug  8  2025 libnvvp
2026-03-26 14:23:50,017 - INFO - [36m(setup pid=6522)[0m drwxr-xr-x  7 root   root    4096 Aug  8  2025 nsight-compute-2024.1.1
2026-03-26 14:23:50,017 - INFO - [36m(setup pid=6522)[0m drwxr-xr-x  6 root   root    4096 Aug  8  2025 nsight-systems-2023.4.4
2026-03-26 14:23:50,017 - INFO - [36m(setup pid=6522)[0m drwxr-xr-x  2 root   root    4096 Aug  8  2025 nsightee_plugins
2026-03-26 14:23:50,017 - INFO - [36m(setup pid=6522)[0m drwxr-xr-x  3 root   root    4096 Aug  8  2025 nvml
2026-03-26 14:23:50,017 - INFO - [36m(setup pid=6522)[0m drwxr-xr-x  6 root   root    4096 Aug  8  2025 nvvm
2026-03-26 14:23:50,017 - INFO - [36m(setup pid=6522)[0m drwxr-xr-x  3 root   root    4096 Aug  8  2025 share
2026-03-26 14:23:50,017 - INFO - [36m(setup pid=6522)[0m drwxr-xr-x  2 root   root    4096 Aug  8  2025 src
2026-03-26 14:23:50,017 - INFO - [36m(setup pid=6522)[0m drwxr-xr-x  3 root   root    4096 Aug  8  2025 targets
2026-03-26 14:23:50,017 - INFO - [36m(setup pid=6522)[0m drwxr-xr-x  2 root   root    4096 Aug  8  2025 tools
2026-03-26 14:23:50,017 - INFO - [36m(setup pid=6522)[0m -rw-r--r--  1 root   root    2957 Aug  8  2025 version.json
2026-03-26 14:23:50,017 - INFO - [36m(setup pid=6522)[0m
2026-03-26 14:23:50,017 - INFO - [36m(setup pid=6522)[0m /usr/local/cuda-12.5:
2026-03-26 14:23:50,017 - INFO - [36m(setup pid=6522)[0m total 188
2026-03-26 14:23:50,017 - INFO - [36m(setup pid=6522)[0m drwxr-xr-x 19 root   root    4096 Aug  8  2025 .
2026-03-26 14:23:50,017 - INFO - [36m(setup pid=6522)[0m drwxr-xr-x 15 root   root    4096 Aug  8  2025 ..
2026-03-26 14:23:50,017 - INFO - [36m(setup pid=6522)[0m -rw-r--r--  1 root   root     160 Aug  8  2025 DOCS
2026-03-26 14:23:50,017 - INFO - [36m(setup pid=6522)[0m -rw-r--r--  1 root   root   63021 Aug  8  2025 EULA.txt
2026-03-26 14:23:50,017 - INFO - [36m(setup pid=6522)[0m -rw-r--r--  1 ubuntu ubuntu 29574 Oct 21  2024 LICENSE
2026-03-26 14:23:50,017 - INFO - [36m(setup pid=6522)[0m -rw-r--r--  1 root   root    1895 Nov  6  2024 LICENSE.txt
2026-03-26 14:23:50,017 - INFO - [36m(setup pid=6522)[0m -rw-r--r--  1 root   root     524 Aug  8  2025 README
2026-03-26 14:23:50,017 - INFO - [36m(setup pid=6522)[0m drwxr-xr-x  3 root   root    4096 Aug  8  2025 bin
2026-03-26 14:23:50,017 - INFO - [36m(setup pid=6522)[0m drwxr-xr-x  5 root   root    4096 Aug  8  2025 compute-sanitizer
2026-03-26 14:23:50,017 - INFO - [36m(setup pid=6522)[0m drwxr-xr-x  3 root   root    4096 Aug  8  2025 efa
2026-03-26 14:23:50,017 - INFO - [36m(setup pid=6522)[0m drwxr-xr-x  5 root   root    4096 Aug  8  2025 extras
2026-03-26 14:23:50,017 - INFO - [36m(setup pid=6522)[0m drwxr-xr-x  5 root   root    4096 Aug  8  2025 gds
2026-03-26 14:23:50,017 - INFO - [36m(setup pid=6522)[0m drwxr-xr-x  2 root   root    4096 Aug  8  2025 gds-12.5
2026-03-26 14:23:50,017 - INFO - [36m(setup pid=6522)[0m lrwxrwxrwx  1 root   root      28 Aug  8  2025 include -> targets/x86_64-linux/include
2026-03-26 14:23:50,017 - INFO - [36m(setup pid=6522)[0m drwxr-xr-x  3 root   root    4096 Aug  8  2025 lib
2026-03-26 14:23:50,018 - INFO - [36m(setup pid=6522)[0m lrwxrwxrwx  1 root   root      24 Aug  8  2025 lib64 -> targets/x86_64-linux/lib
2026-03-26 14:23:50,018 - INFO - [36m(setup pid=6522)[0m drwxr-xr-x  7 root   root    4096 Aug  8  2025 libnvvp
2026-03-26 14:23:50,018 - INFO - [36m(setup pid=6522)[0m drwxr-xr-x  7 root   root    4096 Aug  8  2025 nsight-compute-2024.2.0
2026-03-26 14:23:50,018 - INFO - [36m(setup pid=6522)[0m drwxr-xr-x  6 root   root    4096 Aug  8  2025 nsight-systems-2024.2.3
2026-03-26 14:23:50,018 - INFO - [36m(setup pid=6522)[0m drwxr-xr-x  2 root   root    4096 Aug  8  2025 nsightee_plugins
2026-03-26 14:23:50,018 - INFO - [36m(setup pid=6522)[0m drwxr-xr-x  3 root   root    4096 Aug  8  2025 nvml
2026-03-26 14:23:50,018 - INFO - [36m(setup pid=6522)[0m drwxr-xr-x  6 root   root    4096 Aug  8  2025 nvvm
2026-03-26 14:23:50,018 - INFO - [36m(setup pid=6522)[0m drwxr-xr-x  3 root   root    4096 Aug  8  2025 share
2026-03-26 14:23:50,018 - INFO - [36m(setup pid=6522)[0m drwxr-xr-x  2 root   root    4096 Aug  8  2025 src
2026-03-26 14:23:50,018 - INFO - [36m(setup pid=6522)[0m drwxr-xr-x  3 root   root    4096 Aug  8  2025 targets
2026-03-26 14:23:50,018 - INFO - [36m(setup pid=6522)[0m drwxr-xr-x  2 root   root    4096 Aug  8  2025 tools
2026-03-26 14:23:50,018 - INFO - [36m(setup pid=6522)[0m -rw-r--r--  1 root   root    2940 Aug  8  2025 version.json
2026-03-26 14:23:50,018 - INFO - [36m(setup pid=6522)[0m
2026-03-26 14:23:50,018 - INFO - [36m(setup pid=6522)[0m /usr/local/cuda-12.6:
2026-03-26 14:23:50,018 - INFO - [36m(setup pid=6522)[0m total 188
2026-03-26 14:23:50,018 - INFO - [36m(setup pid=6522)[0m drwxr-xr-x 19 root   root    4096 Aug  8  2025 .
2026-03-26 14:23:50,018 - INFO - [36m(setup pid=6522)[0m drwxr-xr-x 15 root   root    4096 Aug  8  2025 ..
2026-03-26 14:23:50,018 - INFO - [36m(setup pid=6522)[0m -rw-r--r--  1 root   root     160 Aug  8  2025 DOCS
2026-03-26 14:23:50,018 - INFO - [36m(setup pid=6522)[0m -rw-r--r--  1 root   root   63021 Aug  8  2025 EULA.txt
2026-03-26 14:23:50,018 - INFO - [36m(setup pid=6522)[0m -rw-r--r--  1 ubuntu ubuntu 29574 Dec 30  2024 LICENSE
2026-03-26 14:23:50,018 - INFO - [36m(setup pid=6522)[0m -rw-r--r--  1 root   root    1895 Dec  7  2024 LICENSE.txt
2026-03-26 14:23:50,018 - INFO - [36m(setup pid=6522)[0m -rw-r--r--  1 root   root     524 Aug  8  2025 README
2026-03-26 14:23:50,018 - INFO - [36m(setup pid=6522)[0m drwxrwxr-x  3 root   root    4096 Dec  7  2024 bin
2026-03-26 14:23:50,018 - INFO - [36m(setup pid=6522)[0m drwxr-xr-x  5 root   root    4096 Aug  8  2025 compute-sanitizer
2026-03-26 14:23:50,018 - INFO - [36m(setup pid=6522)[0m drwxr-xr-x  3 root   root    4096 Aug  8  2025 efa
2026-03-26 14:23:50,018 - INFO - [36m(setup pid=6522)[0m drwxr-xr-x  5 root   root    4096 Aug  8  2025 extras
2026-03-26 14:23:50,018 - INFO - [36m(setup pid=6522)[0m drwxr-xr-x  5 root   root    4096 Aug  8  2025 gds
2026-03-26 14:23:50,018 - INFO - [36m(setup pid=6522)[0m drwxr-xr-x  2 root   root    4096 Aug  8  2025 gds-12.6
2026-03-26 14:23:50,018 - INFO - [36m(setup pid=6522)[0m lrwxrwxrwx  1 root   root      28 Aug  8  2025 include -> targets/x86_64-linux/include
2026-03-26 14:23:50,018 - INFO - [36m(setup pid=6522)[0m drwxrwxr-x  3 root   root    4096 Aug  8  2025 lib
2026-03-26 14:23:50,018 - INFO - [36m(setup pid=6522)[0m lrwxrwxrwx  1 root   root      24 Aug  8  2025 lib64 -> targets/x86_64-linux/lib
2026-03-26 14:23:50,018 - INFO - [36m(setup pid=6522)[0m drwxr-xr-x  7 root   root    4096 Aug  8  2025 libnvvp
2026-03-26 14:23:50,018 - INFO - [36m(setup pid=6522)[0m drwxr-xr-x  7 root   root    4096 Aug  8  2025 nsight-compute-2024.3.2
2026-03-26 14:23:50,018 - INFO - [36m(setup pid=6522)[0m drwxr-xr-x  6 root   root    4096 Aug  8  2025 nsight-systems-2024.5.1
2026-03-26 14:23:50,018 - INFO - [36m(setup pid=6522)[0m drwxr-xr-x  2 root   root    4096 Aug  8  2025 nsightee_plugins
2026-03-26 14:23:50,018 - INFO - [36m(setup pid=6522)[0m drwxr-xr-x  3 root   root    4096 Aug  8  2025 nvml
2026-03-26 14:23:50,018 - INFO - [36m(setup pid=6522)[0m drwxr-xr-x  6 root   root    4096 Aug  8  2025 nvvm
2026-03-26 14:23:50,018 - INFO - [36m(setup pid=6522)[0m drwxr-xr-x  3 root   root    4096 Aug  8  2025 share
2026-03-26 14:23:50,018 - INFO - [36m(setup pid=6522)[0m drwxr-xr-x  2 root   root    4096 Aug  8  2025 src
2026-03-26 14:23:50,018 - INFO - [36m(setup pid=6522)[0m drwxr-xr-x  3 root   root    4096 Aug  8  2025 targets
2026-03-26 14:23:50,018 - INFO - [36m(setup pid=6522)[0m drwxr-xr-x  2 root   root    4096 Aug  8  2025 tools
2026-03-26 14:23:50,018 - INFO - [36m(setup pid=6522)[0m -rw-r--r--  1 root   root    2935 Aug  8  2025 version.json
2026-03-26 14:23:50,018 - INFO - [36m(setup pid=6522)[0m
2026-03-26 14:23:50,018 - INFO - [36m(setup pid=6522)[0m /usr/local/cuda-12.8:
2026-03-26 14:23:50,018 - INFO - [36m(setup pid=6522)[0m total 188
2026-03-26 14:23:50,018 - INFO - [36m(setup pid=6522)[0m drwxr-xr-x 19 root   root    4096 Aug  8  2025 .
2026-03-26 14:23:50,018 - INFO - [36m(setup pid=6522)[0m drwxr-xr-x 15 root   root    4096 Aug  8  2025 ..
2026-03-26 14:23:50,018 - INFO - [36m(setup pid=6522)[0m -rw-r--r--  1 root   root     160 Aug  8  2025 DOCS
2026-03-26 14:23:50,018 - INFO - [36m(setup pid=6522)[0m -rw-r--r--  1 root   root   63021 Aug  8  2025 EULA.txt
2026-03-26 14:23:50,018 - INFO - [36m(setup pid=6522)[0m -rw-r--r--  1 ubuntu ubuntu 29574 May 31  2025 LICENSE
2026-03-26 14:23:50,018 - INFO - [36m(setup pid=6522)[0m -rw-r--r--  1 root   root    1895 May 15  2025 LICENSE.txt
2026-03-26 14:23:50,018 - INFO - [36m(setup pid=6522)[0m -rw-r--r--  1 root   root     524 Aug  8  2025 README
2026-03-26 14:23:50,018 - INFO - [36m(setup pid=6522)[0m drwxr-xr-x  3 root   root    4096 May 15  2025 bin
2026-03-26 14:23:50,018 - INFO - [36m(setup pid=6522)[0m drwxr-xr-x  5 root   root    4096 Aug  8  2025 compute-sanitizer
2026-03-26 14:23:50,018 - INFO - [36m(setup pid=6522)[0m lrwxrwxrwx  1 root   root      20 Aug  8  2025 cuda-12.8 -> /usr/local/cuda-12.8
2026-03-26 14:23:50,018 - INFO - [36m(setup pid=6522)[0m drwxr-xr-x  3 root   root    4096 Aug  8  2025 efa
2026-03-26 14:23:50,018 - INFO - [36m(setup pid=6522)[0m drwxr-xr-x  5 root   root    4096 Aug  8  2025 extras
2026-03-26 14:23:50,018 - INFO - [36m(setup pid=6522)[0m drwxr-xr-x  5 root   root    4096 Aug  8  2025 gds
2026-03-26 14:23:50,018 - INFO - [36m(setup pid=6522)[0m drwxr-xr-x  2 root   root    4096 Aug  8  2025 gds-12.8
2026-03-26 14:23:50,018 - INFO - [36m(setup pid=6522)[0m lrwxrwxrwx  1 root   root      28 Aug  8  2025 include -> targets/x86_64-linux/include
2026-03-26 14:23:50,018 - INFO - [36m(setup pid=6522)[0m drwxr-xr-x  3 root   root    4096 Aug  8  2025 lib
2026-03-26 14:23:50,018 - INFO - [36m(setup pid=6522)[0m lrwxrwxrwx  1 root   root      24 Aug  8  2025 lib64 -> targets/x86_64-linux/lib
2026-03-26 14:23:50,018 - INFO - [36m(setup pid=6522)[0m drwxr-xr-x  7 root   root    4096 Aug  8  2025 libnvvp
2026-03-26 14:23:50,018 - INFO - [36m(setup pid=6522)[0m drwxr-xr-x  7 root   root    4096 Aug  8  2025 nsight-compute-2025.1.1
2026-03-26 14:23:50,018 - INFO - [36m(setup pid=6522)[0m drwxr-xr-x  6 root   root    4096 Aug  8  2025 nsight-systems-2024.6.2
2026-03-26 14:23:50,018 - INFO - [36m(setup pid=6522)[0m drwxr-xr-x  2 root   root    4096 Aug  8  2025 nsightee_plugins
2026-03-26 14:23:50,018 - INFO - [36m(setup pid=6522)[0m drwxr-xr-x  3 root   root    4096 Aug  8  2025 nvml
2026-03-26 14:23:50,018 - INFO - [36m(setup pid=6522)[0m drwxr-xr-x  6 root   root    4096 Aug  8  2025 nvvm
2026-03-26 14:23:50,018 - INFO - [36m(setup pid=6522)[0m drwxr-xr-x  3 root   root    4096 Aug  8  2025 share
2026-03-26 14:23:50,018 - INFO - [36m(setup pid=6522)[0m drwxr-xr-x  2 root   root    4096 Aug  8  2025 src
2026-03-26 14:23:50,018 - INFO - [36m(setup pid=6522)[0m drwxr-xr-x  3 root   root    4096 Aug  8  2025 targets
2026-03-26 14:23:50,018 - INFO - [36m(setup pid=6522)[0m drwxr-xr-x  2 root   root    4096 Aug  8  2025 tools
2026-03-26 14:23:50,018 - INFO - [36m(setup pid=6522)[0m -rw-r--r--  1 root   root    2940 Aug  8  2025 version.json
2026-03-26 14:23:50,018 - INFO - [36m(setup pid=6522)[0m + echo ===================================
2026-03-26 14:23:50,018 - INFO - [36m(setup pid=6522)[0m ===================================
2026-03-26 14:23:50,018 - INFO - [36m(setup pid=6522)[0m + command -v nvidia-smi
2026-03-26 14:23:50,018 - INFO - [36m(setup pid=6522)[0m + '[' true = true ']'
2026-03-26 14:23:50,018 - INFO - [36m(setup pid=6522)[0m + echo '=== Fabric Manager for NVSwitch ==='
2026-03-26 14:23:50,018 - INFO - [36m(setup pid=6522)[0m === Fabric Manager for NVSwitch ===
2026-03-26 14:23:50,018 - INFO - [36m(setup pid=6522)[0m + systemctl is-active --quiet nvidia-fabricmanager
2026-03-26 14:23:50,018 - INFO - [36m(setup pid=6522)[0m + echo 'Fabric Manager already running'
2026-03-26 14:23:50,018 - INFO - [36m(setup pid=6522)[0m Fabric Manager already running
2026-03-26 14:23:50,018 - INFO - [36m(setup pid=6522)[0m + awk 'NR<=15'
2026-03-26 14:23:50,018 - INFO - [36m(setup pid=6522)[0m + nvidia-smi topo -m
2026-03-26 14:23:50,019 - INFO - [36m(setup pid=5179, ip=172.31.45.74)[0m lrwxrwxrwx  1 root root   21 Aug  8  2025 /usr/local/cuda -> /usr/local/cuda-12.8/
2026-03-26 14:23:50,019 - INFO - [36m(setup pid=5179, ip=172.31.45.74)[0m
2026-03-26 14:23:50,019 - INFO - [36m(setup pid=5179, ip=172.31.45.74)[0m /usr/local/cuda-12.4:
2026-03-26 14:23:50,019 - INFO - [36m(setup pid=5179, ip=172.31.45.74)[0m total 188
2026-03-26 14:23:50,019 - INFO - [36m(setup pid=5179, ip=172.31.45.74)[0m drwxr-xr-x 19 root   root    4096 Aug  8  2025 .
2026-03-26 14:23:50,019 - INFO - [36m(setup pid=5179, ip=172.31.45.74)[0m drwxr-xr-x 15 root   root    4096 Aug  8  2025 ..
2026-03-26 14:23:50,019 - INFO - [36m(setup pid=5179, ip=172.31.45.74)[0m -rw-r--r--  1 root   root     160 Aug  8  2025 DOCS
2026-03-26 14:23:50,019 - INFO - [36m(setup pid=5179, ip=172.31.45.74)[0m -rw-r--r--  1 root   root   63021 Aug  8  2025 EULA.txt
2026-03-26 14:23:50,019 - INFO - [36m(setup pid=5179, ip=172.31.45.74)[0m -rw-r--r--  1 ubuntu ubuntu 29662 Nov 30  2023 LICENSE
2026-03-26 14:23:50,019 - INFO - [36m(setup pid=5179, ip=172.31.45.74)[0m -rw-r--r--  1 root   root    1895 Jun 11  2024 LICENSE.txt
2026-03-26 14:23:50,019 - INFO - [36m(setup pid=5179, ip=172.31.45.74)[0m -rw-r--r--  1 root   root     524 Aug  8  2025 README
2026-03-26 14:23:50,019 - INFO - [36m(setup pid=5179, ip=172.31.45.74)[0m drwxr-xr-x  3 root   root    4096 Aug  8  2025 bin
2026-03-26 14:23:50,019 - INFO - [36m(setup pid=5179, ip=172.31.45.74)[0m drwxr-xr-x  5 root   root    4096 Aug  8  2025 compute-sanitizer
2026-03-26 14:23:50,019 - INFO - [36m(setup pid=5179, ip=172.31.45.74)[0m drwxr-xr-x  3 root   root    4096 Aug  8  2025 efa
2026-03-26 14:23:50,019 - INFO - [36m(setup pid=5179, ip=172.31.45.74)[0m drwxr-xr-x  5 root   root    4096 Aug  8  2025 extras
2026-03-26 14:23:50,019 - INFO - [36m(setup pid=5179, ip=172.31.45.74)[0m drwxr-xr-x  5 root   root    4096 Aug  8  2025 gds
2026-03-26 14:23:50,019 - INFO - [36m(setup pid=5179, ip=172.31.45.74)[0m drwxr-xr-x  2 root   root    4096 Aug  8  2025 gds-12.4
2026-03-26 14:23:50,216 - INFO - [36m(setup pid=5179, ip=172.31.45.74)[0m lrwxrwxrwx  1 root   root      28 Aug  8  2025 include -> targets/x86_64-linux/include
2026-03-26 14:23:50,216 - INFO - [36m(setup pid=5179, ip=172.31.45.74)[0m drwxrwxr-x  3 root   root    4096 Aug  8  2025 lib
2026-03-26 14:23:50,216 - INFO - [36m(setup pid=5179, ip=172.31.45.74)[0m lrwxrwxrwx  1 root   root      24 Aug  8  2025 lib64 -> targets/x86_64-linux/lib
2026-03-26 14:23:50,216 - INFO - [36m(setup pid=5179, ip=172.31.45.74)[0m drwxr-xr-x  7 root   root    4096 Aug  8  2025 libnvvp
2026-03-26 14:23:50,216 - INFO - [36m(setup pid=5179, ip=172.31.45.74)[0m drwxr-xr-x  7 root   root    4096 Aug  8  2025 nsight-compute-2024.1.1
2026-03-26 14:23:50,216 - INFO - [36m(setup pid=5179, ip=172.31.45.74)[0m drwxr-xr-x  6 root   root    4096 Aug  8  2025 nsight-systems-2023.4.4
2026-03-26 14:23:50,216 - INFO - [36m(setup pid=5179, ip=172.31.45.74)[0m drwxr-xr-x  2 root   root    4096 Aug  8  2025 nsightee_plugins
2026-03-26 14:23:50,216 - INFO - [36m(setup pid=5179, ip=172.31.45.74)[0m drwxr-xr-x  3 root   root    4096 Aug  8  2025 nvml
2026-03-26 14:23:50,216 - INFO - [36m(setup pid=5179, ip=172.31.45.74)[0m drwxr-xr-x  6 root   root    4096 Aug  8  2025 nvvm
2026-03-26 14:23:50,216 - INFO - [36m(setup pid=5179, ip=172.31.45.74)[0m drwxr-xr-x  3 root   root    4096 Aug  8  2025 share
2026-03-26 14:23:50,216 - INFO - [36m(setup pid=5179, ip=172.31.45.74)[0m drwxr-xr-x  2 root   root    4096 Aug  8  2025 src
2026-03-26 14:23:50,216 - INFO - [36m(setup pid=5179, ip=172.31.45.74)[0m drwxr-xr-x  3 root   root    4096 Aug  8  2025 targets
2026-03-26 14:23:50,216 - INFO - [36m(setup pid=5179, ip=172.31.45.74)[0m drwxr-xr-x  2 root   root    4096 Aug  8  2025 tools
2026-03-26 14:23:50,216 - INFO - [36m(setup pid=5179, ip=172.31.45.74)[0m -rw-r--r--  1 root   root    2957 Aug  8  2025 version.json
2026-03-26 14:23:50,216 - INFO - [36m(setup pid=5179, ip=172.31.45.74)[0m
2026-03-26 14:23:50,216 - INFO - [36m(setup pid=5179, ip=172.31.45.74)[0m /usr/local/cuda-12.5:
2026-03-26 14:23:50,216 - INFO - [36m(setup pid=5179, ip=172.31.45.74)[0m total 188
2026-03-26 14:23:50,216 - INFO - [36m(setup pid=5179, ip=172.31.45.74)[0m drwxr-xr-x 19 root   root    4096 Aug  8  2025 .
2026-03-26 14:23:50,216 - INFO - [36m(setup pid=5179, ip=172.31.45.74)[0m drwxr-xr-x 15 root   root    4096 Aug  8  2025 ..
2026-03-26 14:23:50,216 - INFO - [36m(setup pid=5179, ip=172.31.45.74)[0m -rw-r--r--  1 root   root     160 Aug  8  2025 DOCS
2026-03-26 14:23:50,216 - INFO - [36m(setup pid=5179, ip=172.31.45.74)[0m -rw-r--r--  1 root   root   63021 Aug  8  2025 EULA.txt
2026-03-26 14:23:50,216 - INFO - [36m(setup pid=5179, ip=172.31.45.74)[0m -rw-r--r--  1 ubuntu ubuntu 29574 Oct 21  2024 LICENSE
2026-03-26 14:23:50,216 - INFO - [36m(setup pid=5179, ip=172.31.45.74)[0m -rw-r--r--  1 root   root    1895 Nov  6  2024 LICENSE.txt
2026-03-26 14:23:50,216 - INFO - [36m(setup pid=5179, ip=172.31.45.74)[0m -rw-r--r--  1 root   root     524 Aug  8  2025 README
2026-03-26 14:23:50,216 - INFO - [36m(setup pid=5179, ip=172.31.45.74)[0m drwxr-xr-x  3 root   root    4096 Aug  8  2025 bin
2026-03-26 14:23:50,216 - INFO - [36m(setup pid=5179, ip=172.31.45.74)[0m drwxr-xr-x  5 root   root    4096 Aug  8  2025 compute-sanitizer
2026-03-26 14:23:50,216 - INFO - [36m(setup pid=5179, ip=172.31.45.74)[0m drwxr-xr-x  3 root   root    4096 Aug  8  2025 efa
2026-03-26 14:23:50,216 - INFO - [36m(setup pid=5179, ip=172.31.45.74)[0m drwxr-xr-x  5 root   root    4096 Aug  8  2025 extras
2026-03-26 14:23:50,216 - INFO - [36m(setup pid=5179, ip=172.31.45.74)[0m drwxr-xr-x  5 root   root    4096 Aug  8  2025 gds
2026-03-26 14:23:50,216 - INFO - [36m(setup pid=5179, ip=172.31.45.74)[0m drwxr-xr-x  2 root   root    4096 Aug  8  2025 gds-12.5
2026-03-26 14:23:50,216 - INFO - [36m(setup pid=5179, ip=172.31.45.74)[0m lrwxrwxrwx  1 root   root      28 Aug  8  2025 include -> targets/x86_64-linux/include
2026-03-26 14:23:50,216 - INFO - [36m(setup pid=5179, ip=172.31.45.74)[0m drwxr-xr-x  3 root   root    4096 Aug  8  2025 lib
2026-03-26 14:23:50,216 - INFO - [36m(setup pid=5179, ip=172.31.45.74)[0m lrwxrwxrwx  1 root   root      24 Aug  8  2025 lib64 -> targets/x86_64-linux/lib
2026-03-26 14:23:50,216 - INFO - [36m(setup pid=5179, ip=172.31.45.74)[0m drwxr-xr-x  7 root   root    4096 Aug  8  2025 libnvvp
2026-03-26 14:23:50,216 - INFO - [36m(setup pid=5179, ip=172.31.45.74)[0m drwxr-xr-x  7 root   root    4096 Aug  8  2025 nsight-compute-2024.2.0
2026-03-26 14:23:50,216 - INFO - [36m(setup pid=5179, ip=172.31.45.74)[0m drwxr-xr-x  6 root   root    4096 Aug  8  2025 nsight-systems-2024.2.3
2026-03-26 14:23:50,723 - INFO - [36m(setup pid=5179, ip=172.31.45.74)[0m drwxr-xr-x  2 root   root    4096 Aug  8  2025 nsightee_plugins
2026-03-26 14:23:50,723 - INFO - [36m(setup pid=5179, ip=172.31.45.74)[0m drwxr-xr-x  3 root   root    4096 Aug  8  2025 nvml
2026-03-26 14:23:50,723 - INFO - [36m(setup pid=5179, ip=172.31.45.74)[0m drwxr-xr-x  6 root   root    4096 Aug  8  2025 nvvm
2026-03-26 14:23:50,723 - INFO - [36m(setup pid=5179, ip=172.31.45.74)[0m drwxr-xr-x  3 root   root    4096 Aug  8  2025 share
2026-03-26 14:23:50,723 - INFO - [36m(setup pid=5179, ip=172.31.45.74)[0m drwxr-xr-x  2 root   root    4096 Aug  8  2025 src
2026-03-26 14:23:50,723 - INFO - [36m(setup pid=5179, ip=172.31.45.74)[0m drwxr-xr-x  3 root   root    4096 Aug  8  2025 targets
2026-03-26 14:23:50,723 - INFO - [36m(setup pid=5179, ip=172.31.45.74)[0m drwxr-xr-x  2 root   root    4096 Aug  8  2025 tools
2026-03-26 14:23:50,724 - INFO - [36m(setup pid=5179, ip=172.31.45.74)[0m -rw-r--r--  1 root   root    2940 Aug  8  2025 version.json
2026-03-26 14:23:50,724 - INFO - [36m(setup pid=5179, ip=172.31.45.74)[0m
2026-03-26 14:23:50,724 - INFO - [36m(setup pid=5179, ip=172.31.45.74)[0m /usr/local/cuda-12.6:
2026-03-26 14:23:50,724 - INFO - [36m(setup pid=5179, ip=172.31.45.74)[0m total 188
2026-03-26 14:23:50,724 - INFO - [36m(setup pid=5179, ip=172.31.45.74)[0m drwxr-xr-x 19 root   root    4096 Aug  8  2025 .
2026-03-26 14:23:50,724 - INFO - [36m(setup pid=5179, ip=172.31.45.74)[0m drwxr-xr-x 15 root   root    4096 Aug  8  2025 ..
2026-03-26 14:23:50,724 - INFO - [36m(setup pid=5179, ip=172.31.45.74)[0m -rw-r--r--  1 root   root     160 Aug  8  2025 DOCS
2026-03-26 14:23:50,724 - INFO - [36m(setup pid=5179, ip=172.31.45.74)[0m -rw-r--r--  1 root   root   63021 Aug  8  2025 EULA.txt
2026-03-26 14:23:50,724 - INFO - [36m(setup pid=5179, ip=172.31.45.74)[0m -rw-r--r--  1 ubuntu ubuntu 29574 Dec 30  2024 LICENSE
2026-03-26 14:23:50,724 - INFO - [36m(setup pid=5179, ip=172.31.45.74)[0m -rw-r--r--  1 root   root    1895 Dec  7  2024 LICENSE.txt
2026-03-26 14:23:50,724 - INFO - [36m(setup pid=5179, ip=172.31.45.74)[0m -rw-r--r--  1 root   root     524 Aug  8  2025 README
2026-03-26 14:23:50,724 - INFO - [36m(setup pid=5179, ip=172.31.45.74)[0m drwxrwxr-x  3 root   root    4096 Dec  7  2024 bin
2026-03-26 14:23:50,724 - INFO - [36m(setup pid=5179, ip=172.31.45.74)[0m drwxr-xr-x  5 root   root    4096 Aug  8  2025 compute-sanitizer
2026-03-26 14:23:50,724 - INFO - [36m(setup pid=5179, ip=172.31.45.74)[0m drwxr-xr-x  3 root   root    4096 Aug  8  2025 efa
2026-03-26 14:23:50,724 - INFO - [36m(setup pid=5179, ip=172.31.45.74)[0m drwxr-xr-x  5 root   root    4096 Aug  8  2025 extras
2026-03-26 14:23:50,724 - INFO - [36m(setup pid=5179, ip=172.31.45.74)[0m drwxr-xr-x  5 root   root    4096 Aug  8  2025 gds
2026-03-26 14:23:50,724 - INFO - [36m(setup pid=5179, ip=172.31.45.74)[0m drwxr-xr-x  2 root   root    4096 Aug  8  2025 gds-12.6
2026-03-26 14:23:50,724 - INFO - [36m(setup pid=5179, ip=172.31.45.74)[0m lrwxrwxrwx  1 root   root      28 Aug  8  2025 include -> targets/x86_64-linux/include
2026-03-26 14:23:50,724 - INFO - [36m(setup pid=5179, ip=172.31.45.74)[0m drwxrwxr-x  3 root   root    4096 Aug  8  2025 lib
2026-03-26 14:23:50,724 - INFO - [36m(setup pid=5179, ip=172.31.45.74)[0m lrwxrwxrwx  1 root   root      24 Aug  8  2025 lib64 -> targets/x86_64-linux/lib
2026-03-26 14:23:50,724 - INFO - [36m(setup pid=5179, ip=172.31.45.74)[0m drwxr-xr-x  7 root   root    4096 Aug  8  2025 libnvvp
2026-03-26 14:23:50,724 - INFO - [36m(setup pid=5179, ip=172.31.45.74)[0m drwxr-xr-x  7 root   root    4096 Aug  8  2025 nsight-compute-2024.3.2
2026-03-26 14:23:50,724 - INFO - [36m(setup pid=5179, ip=172.31.45.74)[0m drwxr-xr-x  6 root   root    4096 Aug  8  2025 nsight-systems-2024.5.1
2026-03-26 14:23:50,724 - INFO - [36m(setup pid=5179, ip=172.31.45.74)[0m drwxr-xr-x  2 root   root    4096 Aug  8  2025 nsightee_plugins
2026-03-26 14:23:50,724 - INFO - [36m(setup pid=5179, ip=172.31.45.74)[0m drwxr-xr-x  3 root   root    4096 Aug  8  2025 nvml
2026-03-26 14:23:50,724 - INFO - [36m(setup pid=5179, ip=172.31.45.74)[0m drwxr-xr-x  6 root   root    4096 Aug  8  2025 nvvm
2026-03-26 14:23:50,724 - INFO - [36m(setup pid=5179, ip=172.31.45.74)[0m drwxr-xr-x  3 root   root    4096 Aug  8  2025 share
2026-03-26 14:23:50,724 - INFO - [36m(setup pid=5179, ip=172.31.45.74)[0m drwxr-xr-x  2 root   root    4096 Aug  8  2025 src
2026-03-26 14:23:50,724 - INFO - [36m(setup pid=5179, ip=172.31.45.74)[0m drwxr-xr-x  3 root   root    4096 Aug  8  2025 targets
2026-03-26 14:23:50,724 - INFO - [36m(setup pid=5179, ip=172.31.45.74)[0m drwxr-xr-x  2 root   root    4096 Aug  8  2025 tools
2026-03-26 14:23:50,724 - INFO - [36m(setup pid=5179, ip=172.31.45.74)[0m -rw-r--r--  1 root   root    2935 Aug  8  2025 version.json
2026-03-26 14:23:50,724 - INFO - [36m(setup pid=5179, ip=172.31.45.74)[0m
2026-03-26 14:23:50,724 - INFO - [36m(setup pid=5179, ip=172.31.45.74)[0m /usr/local/cuda-12.8:
2026-03-26 14:23:50,724 - INFO - [36m(setup pid=5179, ip=172.31.45.74)[0m total 188
2026-03-26 14:23:50,724 - INFO - [36m(setup pid=5179, ip=172.31.45.74)[0m drwxr-xr-x 19 root   root    4096 Aug  8  2025 .
2026-03-26 14:23:50,724 - INFO - [36m(setup pid=5179, ip=172.31.45.74)[0m drwxr-xr-x 15 root   root    4096 Aug  8  2025 ..
2026-03-26 14:23:50,724 - INFO - [36m(setup pid=5179, ip=172.31.45.74)[0m -rw-r--r--  1 root   root     160 Aug  8  2025 DOCS
2026-03-26 14:23:50,724 - INFO - [36m(setup pid=5179, ip=172.31.45.74)[0m -rw-r--r--  1 root   root   63021 Aug  8  2025 EULA.txt
2026-03-26 14:23:50,724 - INFO - [36m(setup pid=5179, ip=172.31.45.74)[0m -rw-r--r--  1 ubuntu ubuntu 29574 May 31  2025 LICENSE
2026-03-26 14:23:50,724 - INFO - [36m(setup pid=5179, ip=172.31.45.74)[0m -rw-r--r--  1 root   root    1895 May 15  2025 LICENSE.txt
2026-03-26 14:23:50,724 - INFO - [36m(setup pid=5179, ip=172.31.45.74)[0m -rw-r--r--  1 root   root     524 Aug  8  2025 README
2026-03-26 14:23:50,724 - INFO - [36m(setup pid=5179, ip=172.31.45.74)[0m drwxr-xr-x  3 root   root    4096 May 15  2025 bin
2026-03-26 14:23:50,724 - INFO - [36m(setup pid=5179, ip=172.31.45.74)[0m drwxr-xr-x  5 root   root    4096 Aug  8  2025 compute-sanitizer
2026-03-26 14:23:50,724 - INFO - [36m(setup pid=5179, ip=172.31.45.74)[0m lrwxrwxrwx  1 root   root      20 Aug  8  2025 cuda-12.8 -> /usr/local/cuda-12.8
2026-03-26 14:23:50,724 - INFO - [36m(setup pid=5179, ip=172.31.45.74)[0m drwxr-xr-x  3 root   root    4096 Aug  8  2025 efa
2026-03-26 14:23:50,724 - INFO - [36m(setup pid=5179, ip=172.31.45.74)[0m drwxr-xr-x  5 root   root    4096 Aug  8  2025 extras
2026-03-26 14:23:50,724 - INFO - [36m(setup pid=5179, ip=172.31.45.74)[0m drwxr-xr-x  5 root   root    4096 Aug  8  2025 gds
2026-03-26 14:23:50,724 - INFO - [36m(setup pid=5179, ip=172.31.45.74)[0m drwxr-xr-x  2 root   root    4096 Aug  8  2025 gds-12.8
2026-03-26 14:23:50,724 - INFO - [36m(setup pid=5179, ip=172.31.45.74)[0m lrwxrwxrwx  1 root   root      28 Aug  8  2025 include -> targets/x86_64-linux/include
2026-03-26 14:23:50,724 - INFO - [36m(setup pid=5179, ip=172.31.45.74)[0m drwxr-xr-x  3 root   root    4096 Aug  8  2025 lib
2026-03-26 14:23:50,724 - INFO - [36m(setup pid=5179, ip=172.31.45.74)[0m lrwxrwxrwx  1 root   root      24 Aug  8  2025 lib64 -> targets/x86_64-linux/lib
2026-03-26 14:23:50,724 - INFO - [36m(setup pid=5179, ip=172.31.45.74)[0m drwxr-xr-x  7 root   root    4096 Aug  8  2025 libnvvp
2026-03-26 14:23:50,724 - INFO - [36m(setup pid=5179, ip=172.31.45.74)[0m drwxr-xr-x  7 root   root    4096 Aug  8  2025 nsight-compute-2025.1.1
2026-03-26 14:23:50,724 - INFO - [36m(setup pid=5179, ip=172.31.45.74)[0m drwxr-xr-x  6 root   root    4096 Aug  8  2025 nsight-systems-2024.6.2
2026-03-26 14:23:50,724 - INFO - [36m(setup pid=5179, ip=172.31.45.74)[0m drwxr-xr-x  2 root   root    4096 Aug  8  2025 nsightee_plugins
2026-03-26 14:23:50,724 - INFO - [36m(setup pid=5179, ip=172.31.45.74)[0m drwxr-xr-x  3 root   root    4096 Aug  8  2025 nvml
2026-03-26 14:23:50,724 - INFO - [36m(setup pid=5179, ip=172.31.45.74)[0m drwxr-xr-x  6 root   root    4096 Aug  8  2025 nvvm
2026-03-26 14:23:50,724 - INFO - [36m(setup pid=5179, ip=172.31.45.74)[0m drwxr-xr-x  3 root   root    4096 Aug  8  2025 share
2026-03-26 14:23:50,724 - INFO - [36m(setup pid=5179, ip=172.31.45.74)[0m drwxr-xr-x  2 root   root    4096 Aug  8  2025 src
2026-03-26 14:23:50,724 - INFO - [36m(setup pid=5179, ip=172.31.45.74)[0m drwxr-xr-x  3 root   root    4096 Aug  8  2025 targets
2026-03-26 14:23:50,724 - INFO - [36m(setup pid=5179, ip=172.31.45.74)[0m drwxr-xr-x  2 root   root    4096 Aug  8  2025 tools
2026-03-26 14:23:50,724 - INFO - [36m(setup pid=5179, ip=172.31.45.74)[0m -rw-r--r--  1 root   root    2940 Aug  8  2025 version.json
2026-03-26 14:23:50,724 - INFO - [36m(setup pid=5179, ip=172.31.45.74)[0m + echo ===================================
2026-03-26 14:23:50,724 - INFO - [36m(setup pid=5179, ip=172.31.45.74)[0m ===================================
2026-03-26 14:23:50,724 - INFO - [36m(setup pid=5179, ip=172.31.45.74)[0m + command -v nvidia-smi
2026-03-26 14:23:50,724 - INFO - [36m(setup pid=5179, ip=172.31.45.74)[0m + '[' true = true ']'
2026-03-26 14:23:50,724 - INFO - [36m(setup pid=5179, ip=172.31.45.74)[0m + echo '=== Fabric Manager for NVSwitch ==='
2026-03-26 14:23:50,724 - INFO - [36m(setup pid=5179, ip=172.31.45.74)[0m === Fabric Manager for NVSwitch ===
2026-03-26 14:23:50,724 - INFO - [36m(setup pid=5179, ip=172.31.45.74)[0m + systemctl is-active --quiet nvidia-fabricmanager
2026-03-26 14:23:50,724 - INFO - [36m(setup pid=5179, ip=172.31.45.74)[0m + echo 'Fabric Manager already running'
2026-03-26 14:23:50,724 - INFO - [36m(setup pid=5179, ip=172.31.45.74)[0m Fabric Manager already running
2026-03-26 14:23:50,724 - INFO - [36m(setup pid=5179, ip=172.31.45.74)[0m + nvidia-smi topo -m
2026-03-26 14:23:50,724 - INFO - [36m(setup pid=5179, ip=172.31.45.74)[0m + awk 'NR<=15'
2026-03-26 14:23:50,824 - INFO - [36m(setup pid=6522)[0m 	[4mGPU0	GPU1	GPU2	GPU3	GPU4	GPU5	GPU6	GPU7	CPU Affinity	NUMA Affinity	GPU NUMA ID[0m
2026-03-26 14:23:50,824 - INFO - [36m(setup pid=6522)[0m GPU0	 X 	NV12	NV12	NV12	NV12	NV12	NV12	NV12	0-23,48-71	0		N/A
2026-03-26 14:23:50,824 - INFO - [36m(setup pid=6522)[0m GPU1	NV12	 X 	NV12	NV12	NV12	NV12	NV12	NV12	0-23,48-71	0		N/A
2026-03-26 14:23:50,824 - INFO - [36m(setup pid=6522)[0m GPU2	NV12	NV12	 X 	NV12	NV12	NV12	NV12	NV12	0-23,48-71	0		N/A
2026-03-26 14:23:50,824 - INFO - [36m(setup pid=6522)[0m GPU3	NV12	NV12	NV12	 X 	NV12	NV12	NV12	NV12	0-23,48-71	0		N/A
2026-03-26 14:23:50,824 - INFO - [36m(setup pid=6522)[0m GPU4	NV12	NV12	NV12	NV12	 X 	NV12	NV12	NV12	24-47,72-95	1		N/A
2026-03-26 14:23:50,824 - INFO - [36m(setup pid=6522)[0m GPU5	NV12	NV12	NV12	NV12	NV12	 X 	NV12	NV12	24-47,72-95	1		N/A
2026-03-26 14:23:50,824 - INFO - [36m(setup pid=6522)[0m GPU6	NV12	NV12	NV12	NV12	NV12	NV12	 X 	NV12	24-47,72-95	1		N/A
2026-03-26 14:23:50,824 - INFO - [36m(setup pid=6522)[0m GPU7	NV12	NV12	NV12	NV12	NV12	NV12	NV12	 X 	24-47,72-95	1		N/A
2026-03-26 14:23:50,824 - INFO - [36m(setup pid=6522)[0m
2026-03-26 14:23:50,824 - INFO - [36m(setup pid=6522)[0m Legend:
2026-03-26 14:23:50,824 - INFO - [36m(setup pid=6522)[0m
2026-03-26 14:23:50,824 - INFO - [36m(setup pid=6522)[0m   X    = Self
2026-03-26 14:23:50,824 - INFO - [36m(setup pid=6522)[0m   SYS  = Connection traversing PCIe as well as the SMP interconnect between NUMA nodes (e.g., QPI/UPI)
2026-03-26 14:23:50,824 - INFO - [36m(setup pid=6522)[0m   NODE = Connection traversing PCIe as well as the interconnect between PCIe Host Bridges within a NUMA node
2026-03-26 14:23:50,824 - INFO - [36m(setup pid=6522)[0m + sudo apt-get install -y numactl
2026-03-26 14:23:50,824 - INFO - [36m(setup pid=6522)[0m Reading package lists...
2026-03-26 14:23:50,824 - INFO - [36m(setup pid=5179, ip=172.31.45.74)[0m 	[4mGPU0	GPU1	GPU2	GPU3	GPU4	GPU5	GPU6	GPU7	CPU Affinity	NUMA Affinity	GPU NUMA ID[0m
2026-03-26 14:23:50,824 - INFO - [36m(setup pid=5179, ip=172.31.45.74)[0m GPU0	 X 	NV12	NV12	NV12	NV12	NV12	NV12	NV12	0-23,48-71	0		N/A
2026-03-26 14:23:50,824 - INFO - [36m(setup pid=5179, ip=172.31.45.74)[0m GPU1	NV12	 X 	NV12	NV12	NV12	NV12	NV12	NV12	0-23,48-71	0		N/A
2026-03-26 14:23:50,824 - INFO - [36m(setup pid=5179, ip=172.31.45.74)[0m GPU2	NV12	NV12	 X 	NV12	NV12	NV12	NV12	NV12	0-23,48-71	0		N/A
2026-03-26 14:23:50,824 - INFO - [36m(setup pid=5179, ip=172.31.45.74)[0m GPU3	NV12	NV12	NV12	 X 	NV12	NV12	NV12	NV12	0-23,48-71	0		N/A
2026-03-26 14:23:50,824 - INFO - [36m(setup pid=5179, ip=172.31.45.74)[0m GPU4	NV12	NV12	NV12	NV12	 X 	NV12	NV12	NV12	24-47,72-95	1		N/A
2026-03-26 14:23:50,824 - INFO - [36m(setup pid=5179, ip=172.31.45.74)[0m GPU5	NV12	NV12	NV12	NV12	NV12	 X 	NV12	NV12	24-47,72-95	1		N/A
2026-03-26 14:23:50,824 - INFO - [36m(setup pid=5179, ip=172.31.45.74)[0m GPU6	NV12	NV12	NV12	NV12	NV12	NV12	 X 	NV12	24-47,72-95	1		N/A
2026-03-26 14:23:50,824 - INFO - [36m(setup pid=5179, ip=172.31.45.74)[0m GPU7	NV12	NV12	NV12	NV12	NV12	NV12	NV12	 X 	24-47,72-95	1		N/A
2026-03-26 14:23:50,824 - INFO - [36m(setup pid=5179, ip=172.31.45.74)[0m
2026-03-26 14:23:50,824 - INFO - [36m(setup pid=5179, ip=172.31.45.74)[0m Legend:
2026-03-26 14:23:50,824 - INFO - [36m(setup pid=5179, ip=172.31.45.74)[0m
2026-03-26 14:23:50,824 - INFO - [36m(setup pid=5179, ip=172.31.45.74)[0m   X    = Self
2026-03-26 14:23:50,824 - INFO - [36m(setup pid=5179, ip=172.31.45.74)[0m   SYS  = Connection traversing PCIe as well as the SMP interconnect between NUMA nodes (e.g., QPI/UPI)
2026-03-26 14:23:50,824 - INFO - [36m(setup pid=5179, ip=172.31.45.74)[0m   NODE = Connection traversing PCIe as well as the interconnect between PCIe Host Bridges within a NUMA node
2026-03-26 14:23:50,824 - INFO - [36m(setup pid=5179, ip=172.31.45.74)[0m + sudo apt-get install -y numactl
2026-03-26 14:23:50,825 - INFO - [36m(setup pid=5179, ip=172.31.45.74)[0m Reading package lists...
2026-03-26 14:23:50,825 - INFO - [36m(setup pid=6522)[0m Building dependency tree...
2026-03-26 14:23:50,825 - INFO - [36m(setup pid=6522)[0m Reading state information...
2026-03-26 14:23:50,825 - INFO - [36m(setup pid=5179, ip=172.31.45.74)[0m Building dependency tree...
2026-03-26 14:23:50,825 - INFO - [36m(setup pid=5179, ip=172.31.45.74)[0m Reading state information...
2026-03-26 14:23:50,825 - INFO - [36m(setup pid=6522)[0m The following NEW packages will be installed:
2026-03-26 14:23:50,825 - INFO - [36m(setup pid=6522)[0m   numactl
2026-03-26 14:23:50,825 - INFO - [36m(setup pid=5179, ip=172.31.45.74)[0m The following NEW packages will be installed:
2026-03-26 14:23:50,825 - INFO - [36m(setup pid=5179, ip=172.31.45.74)[0m   numactl
2026-03-26 14:23:50,825 - INFO - [36m(setup pid=5179, ip=172.31.45.74)[0m 0 upgraded, 1 newly installed, 0 to remove and 0 not upgraded.
2026-03-26 14:23:50,825 - INFO - [36m(setup pid=5179, ip=172.31.45.74)[0m Need to get 36.8 kB of archives.
2026-03-26 14:23:50,825 - INFO - [36m(setup pid=5179, ip=172.31.45.74)[0m After this operation, 140 kB of additional disk space will be used.
2026-03-26 14:23:50,825 - INFO - [36m(setup pid=5179, ip=172.31.45.74)[0m Get:1 http://us-east-1.ec2.archive.ubuntu.com/ubuntu jammy/main amd64 numactl amd64 2.0.14-3ubuntu2 [36.8 kB]
2026-03-26 14:23:50,825 - INFO - [36m(setup pid=6522)[0m 0 upgraded, 1 newly installed, 0 to remove and 0 not upgraded.
2026-03-26 14:23:50,825 - INFO - [36m(setup pid=6522)[0m Need to get 36.8 kB of archives.
2026-03-26 14:23:50,825 - INFO - [36m(setup pid=6522)[0m After this operation, 140 kB of additional disk space will be used.
2026-03-26 14:23:50,825 - INFO - [36m(setup pid=6522)[0m Get:1 http://us-east-1.ec2.archive.ubuntu.com/ubuntu jammy/main amd64 numactl amd64 2.0.14-3ubuntu2 [36.8 kB]
2026-03-26 14:23:50,825 - INFO - [36m(setup pid=5179, ip=172.31.45.74)[0m Fetched 36.8 kB in 0s (2478 kB/s)
2026-03-26 14:23:50,825 - INFO - [36m(setup pid=6522)[0m Fetched 36.8 kB in 0s (861 kB/s)
2026-03-26 14:23:50,825 - INFO - [36m(setup pid=5179, ip=172.31.45.74)[0m Selecting previously unselected package numactl.
2026-03-26 14:23:50,825 - INFO - [36m(setup pid=6522)[0m Selecting previously unselected package numactl.
2026-03-26 14:23:50,825 - INFO - [36m(setup pid=5179, ip=172.31.45.74)[0m (Reading database ...
2026-03-26 14:23:52,232 - INFO - (Reading database ... 5%
2026-03-26 14:23:52,232 - INFO - (Reading database ... 10%
2026-03-26 14:23:52,232 - INFO - (Reading database ... 15%
2026-03-26 14:23:52,232 - INFO - (Reading database ... 20%
2026-03-26 14:23:52,232 - INFO - (Reading database ... 25%
2026-03-26 14:23:52,232 - INFO - (Reading database ... 30%
2026-03-26 14:23:52,232 - INFO - (Reading database ... 35%
2026-03-26 14:23:52,232 - INFO - (Reading database ... 40%
2026-03-26 14:23:52,232 - INFO - (Reading database ... 45%
2026-03-26 14:23:52,232 - INFO - [36m(setup pid=6522)[0m (Reading database ...
2026-03-26 14:23:52,232 - INFO - (Reading database ... 5%
2026-03-26 14:23:52,232 - INFO - (Reading database ... 10%
2026-03-26 14:23:52,232 - INFO - (Reading database ... 15%
2026-03-26 14:23:52,232 - INFO - (Reading database ... 20%
2026-03-26 14:23:52,232 - INFO - (Reading database ... 25%
2026-03-26 14:23:52,232 - INFO - (Reading database ... 30%
2026-03-26 14:23:52,232 - INFO - (Reading database ... 35%
2026-03-26 14:23:52,232 - INFO - (Reading database ... 40%
2026-03-26 14:23:52,232 - INFO - (Reading database ... 45%
2026-03-26 14:23:52,232 - INFO - [36m(setup pid=6522)[0m (Reading database ... 50%
2026-03-26 14:23:52,232 - INFO - [36m(setup pid=5179, ip=172.31.45.74)[0m (Reading database ... 50%
2026-03-26 14:23:52,233 - INFO - [36m(setup pid=5179, ip=172.31.45.74)[0m (Reading database ... 55%
2026-03-26 14:23:52,233 - INFO - [36m(setup pid=6522)[0m (Reading database ... 55%
2026-03-26 14:23:52,233 - INFO - [36m(setup pid=5179, ip=172.31.45.74)[0m (Reading database ... 60%
2026-03-26 14:23:52,233 - INFO - [36m(setup pid=6522)[0m (Reading database ... 60%
2026-03-26 14:23:52,233 - INFO - [36m(setup pid=5179, ip=172.31.45.74)[0m (Reading database ... 65%
2026-03-26 14:23:52,233 - INFO - [36m(setup pid=6522)[0m (Reading database ... 65%
2026-03-26 14:23:52,233 - INFO - [36m(setup pid=5179, ip=172.31.45.74)[0m (Reading database ... 70%
2026-03-26 14:23:52,233 - INFO - [36m(setup pid=6522)[0m (Reading database ... 70%
2026-03-26 14:23:52,233 - INFO - [36m(setup pid=6522)[0m (Reading database ... 75%
2026-03-26 14:23:52,233 - INFO - [36m(setup pid=5179, ip=172.31.45.74)[0m (Reading database ... 75%
2026-03-26 14:23:52,939 - INFO - [36m(setup pid=5179, ip=172.31.45.74)[0m (Reading database ... 80%
2026-03-26 14:23:54,249 - INFO - [36m(setup pid=6522)[0m (Reading database ... 80%
2026-03-26 14:23:56,258 - INFO - [36m(setup pid=5179, ip=172.31.45.74)[0m (Reading database ... 85%
2026-03-26 14:23:56,259 - INFO - [36m(setup pid=6522)[0m (Reading database ... 85%
2026-03-26 14:23:56,963 - INFO - [36m(setup pid=5179, ip=172.31.45.74)[0m (Reading database ... 90%
2026-03-26 14:23:57,769 - INFO - [36m(setup pid=6522)[0m (Reading database ... 90%
2026-03-26 14:23:58,375 - INFO - [36m(setup pid=5179, ip=172.31.45.74)[0m (Reading database ... 95%
2026-03-26 14:23:58,376 - INFO - (Reading database ... 100%
2026-03-26 14:23:58,376 - INFO - (Reading database ... 96613 files and directories currently installed.)
2026-03-26 14:23:58,376 - INFO - [36m(setup pid=5179, ip=172.31.45.74)[0m Preparing to unpack .../numactl_2.0.14-3ubuntu2_amd64.deb ...
2026-03-26 14:23:58,376 - INFO - [36m(setup pid=5179, ip=172.31.45.74)[0m Unpacking numactl (2.0.14-3ubuntu2) ...
2026-03-26 14:23:58,376 - INFO - [36m(setup pid=5179, ip=172.31.45.74)[0m Setting up numactl (2.0.14-3ubuntu2) ...
2026-03-26 14:24:09,979 - INFO - [36m(setup pid=5179, ip=172.31.45.74)[0m Processing triggers for man-db (2.10.2-1) ...
2026-03-26 14:24:09,979 - INFO - [36m(setup pid=6522)[0m (Reading database ... 95%
2026-03-26 14:24:09,979 - INFO - (Reading database ... 100%
2026-03-26 14:24:09,979 - INFO - (Reading database ... 96613 files and directories currently installed.)
2026-03-26 14:24:09,979 - INFO - [36m(setup pid=6522)[0m Preparing to unpack .../numactl_2.0.14-3ubuntu2_amd64.deb ...
2026-03-26 14:24:09,979 - INFO - [36m(setup pid=6522)[0m Unpacking numactl (2.0.14-3ubuntu2) ...
2026-03-26 14:24:09,979 - INFO - [36m(setup pid=6522)[0m Setting up numactl (2.0.14-3ubuntu2) ...
2026-03-26 14:24:09,979 - INFO - [36m(setup pid=6522)[0m Processing triggers for man-db (2.10.2-1) ...
2026-03-26 14:24:09,979 - INFO - [36m(setup pid=5179, ip=172.31.45.74)[0m
2026-03-26 14:24:10,686 - INFO - [36m(setup pid=5179, ip=172.31.45.74)[0m Running kernel seems to be up-to-date.
2026-03-26 14:24:10,686 - INFO - [36m(setup pid=5179, ip=172.31.45.74)[0m
2026-03-26 14:24:10,686 - INFO - [36m(setup pid=5179, ip=172.31.45.74)[0m No services need to be restarted.
2026-03-26 14:24:10,686 - INFO - [36m(setup pid=5179, ip=172.31.45.74)[0m
2026-03-26 14:24:10,687 - INFO - [36m(setup pid=5179, ip=172.31.45.74)[0m No containers need to be restarted.
2026-03-26 14:24:10,687 - INFO - [36m(setup pid=5179, ip=172.31.45.74)[0m
2026-03-26 14:24:10,687 - INFO - [36m(setup pid=5179, ip=172.31.45.74)[0m No user sessions are running outdated binaries.
2026-03-26 14:24:10,687 - INFO - [36m(setup pid=5179, ip=172.31.45.74)[0m
2026-03-26 14:24:10,687 - INFO - [36m(setup pid=5179, ip=172.31.45.74)[0m No VM guests are running outdated hypervisor (qemu) binaries on this host.
2026-03-26 14:24:10,687 - INFO - [36m(setup pid=6522)[0m
2026-03-26 14:24:11,589 - INFO - [36m(setup pid=6522)[0m Running kernel seems to be up-to-date.
2026-03-26 14:24:11,589 - INFO - [36m(setup pid=6522)[0m
2026-03-26 14:24:11,589 - INFO - [36m(setup pid=6522)[0m No services need to be restarted.
2026-03-26 14:24:11,589 - INFO - [36m(setup pid=6522)[0m
2026-03-26 14:24:11,589 - INFO - [36m(setup pid=6522)[0m No containers need to be restarted.
2026-03-26 14:24:11,589 - INFO - [36m(setup pid=6522)[0m
2026-03-26 14:24:11,589 - INFO - [36m(setup pid=6522)[0m No user sessions are running outdated binaries.
2026-03-26 14:24:11,589 - INFO - [36m(setup pid=6522)[0m
2026-03-26 14:24:11,589 - INFO - [36m(setup pid=6522)[0m No VM guests are running outdated hypervisor (qemu) binaries on this host.
2026-03-26 14:24:11,590 - INFO - [36m(setup pid=6522)[0m + command -v uv
2026-03-26 14:24:12,495 - INFO - [36m(setup pid=6522)[0m + export PATH=/home/ubuntu/.local/bin:/home/ubuntu/.local/bin:/home/ubuntu/.local/bin:/home/ubuntu/miniconda3/bin:/home/ubuntu/miniconda3/condabin:/opt/amazon/openmpi/bin:/opt/amazon/efa/bin:/usr/local/cuda-12.8/bin:/usr/local/cuda-12.8/include:/usr/local/cuda-12.8/bin:/usr/local/cuda-12.8/include:/usr/local/sbin:/usr/local/bin:/usr/sbin:/usr/bin:/sbin:/bin:/usr/games:/usr/local/games:/snap/bin
2026-03-26 14:24:12,495 - INFO - [36m(setup pid=6522)[0m + PATH=/home/ubuntu/.local/bin:/home/ubuntu/.local/bin:/home/ubuntu/.local/bin:/home/ubuntu/miniconda3/bin:/home/ubuntu/miniconda3/condabin:/opt/amazon/openmpi/bin:/opt/amazon/efa/bin:/usr/local/cuda-12.8/bin:/usr/local/cuda-12.8/include:/usr/local/cuda-12.8/bin:/usr/local/cuda-12.8/include:/usr/local/sbin:/usr/local/bin:/usr/sbin:/usr/bin:/sbin:/bin:/usr/games:/usr/local/games:/snap/bin
2026-03-26 14:24:12,495 - INFO - [36m(setup pid=6522)[0m + uv venv --python 3.12 --seed --allow-existing
2026-03-26 14:24:12,495 - INFO - [36m(setup pid=5179, ip=172.31.45.74)[0m + command -v uv
2026-03-26 14:24:12,998 - INFO - [36m(setup pid=5179, ip=172.31.45.74)[0m + export PATH=/home/ubuntu/.local/bin:/home/ubuntu/.local/bin:/home/ubuntu/.local/bin:/home/ubuntu/miniconda3/bin:/home/ubuntu/miniconda3/condabin:/opt/amazon/openmpi/bin:/opt/amazon/efa/bin:/usr/local/cuda-12.8/bin:/usr/local/cuda-12.8/include:/usr/local/cuda-12.8/bin:/usr/local/cuda-12.8/include:/usr/local/sbin:/usr/local/bin:/usr/sbin:/usr/bin:/sbin:/bin:/usr/games:/usr/local/games:/snap/bin
2026-03-26 14:24:12,998 - INFO - [36m(setup pid=5179, ip=172.31.45.74)[0m + PATH=/home/ubuntu/.local/bin:/home/ubuntu/.local/bin:/home/ubuntu/.local/bin:/home/ubuntu/miniconda3/bin:/home/ubuntu/miniconda3/condabin:/opt/amazon/openmpi/bin:/opt/amazon/efa/bin:/usr/local/cuda-12.8/bin:/usr/local/cuda-12.8/include:/usr/local/cuda-12.8/bin:/usr/local/cuda-12.8/include:/usr/local/sbin:/usr/local/bin:/usr/sbin:/usr/bin:/sbin:/bin:/usr/games:/usr/local/games:/snap/bin
2026-03-26 14:24:12,998 - INFO - [36m(setup pid=5179, ip=172.31.45.74)[0m + uv venv --python 3.12 --seed --allow-existing
2026-03-26 14:24:12,998 - INFO - [36m(setup pid=6522)[0m Downloading cpython-3.12.13-linux-x86_64-gnu (download) (32.3MiB)
2026-03-26 14:24:12,998 - INFO - [36m(setup pid=5179, ip=172.31.45.74)[0m Downloading cpython-3.12.13-linux-x86_64-gnu (download) (32.3MiB)
2026-03-26 14:24:12,998 - INFO - [36m(setup pid=6522)[0m  Downloaded cpython-3.12.13-linux-x86_64-gnu (download)
2026-03-26 14:24:13,701 - INFO - [36m(setup pid=5179, ip=172.31.45.74)[0m  Downloaded cpython-3.12.13-linux-x86_64-gnu (download)
2026-03-26 14:24:13,701 - INFO - [36m(setup pid=6522)[0m Using CPython 3.12.13
2026-03-26 14:24:13,701 - INFO - [36m(setup pid=6522)[0m Creating virtual environment with seed packages at: .venv
2026-03-26 14:24:13,701 - INFO - [36m(setup pid=6522)[0m  + pip==26.0.1
2026-03-26 14:24:13,701 - INFO - [36m(setup pid=6522)[0m Activate with: source .venv/bin/activate
2026-03-26 14:24:13,701 - INFO - [36m(setup pid=6522)[0m + source .venv/bin/activate
2026-03-26 14:24:13,701 - INFO - [36m(setup pid=6522)[0m ++ '[' -z '' ']'
2026-03-26 14:24:13,701 - INFO - [36m(setup pid=6522)[0m ++ '[' -n x ']'
2026-03-26 14:24:13,701 - INFO - [36m(setup pid=6522)[0m ++ SCRIPT_PATH=.venv/bin/activate
2026-03-26 14:24:13,701 - INFO - [36m(setup pid=6522)[0m ++ '[' .venv/bin/activate = /tmp/sky_setup_sky-2026-03-26-14-19-28-539928 ']'
2026-03-26 14:24:13,701 - INFO - [36m(setup pid=6522)[0m ++ deactivate nondestructive
2026-03-26 14:24:13,701 - INFO - [36m(setup pid=6522)[0m ++ unset -f pydoc
2026-03-26 14:24:13,701 - INFO - [36m(setup pid=6522)[0m ++ '[' -z '' ']'
2026-03-26 14:24:13,701 - INFO - [36m(setup pid=6522)[0m ++ '[' -z '' ']'
2026-03-26 14:24:13,701 - INFO - [36m(setup pid=6522)[0m ++ hash -r
2026-03-26 14:24:13,701 - INFO - [36m(setup pid=6522)[0m ++ '[' -z '' ']'
2026-03-26 14:24:13,701 - INFO - [36m(setup pid=6522)[0m ++ unset VIRTUAL_ENV
2026-03-26 14:24:13,701 - INFO - [36m(setup pid=6522)[0m ++ unset VIRTUAL_ENV_PROMPT
2026-03-26 14:24:13,701 - INFO - [36m(setup pid=6522)[0m ++ '[' '!' nondestructive = nondestructive ']'
2026-03-26 14:24:13,701 - INFO - [36m(setup pid=6522)[0m ++ VIRTUAL_ENV=/home/ubuntu/sky_workdir/.venv
2026-03-26 14:24:13,701 - INFO - [36m(setup pid=6522)[0m ++ '[' linux-gnu = cygwin ']'
2026-03-26 14:24:13,701 - INFO - [36m(setup pid=6522)[0m ++ '[' linux-gnu = msys ']'
2026-03-26 14:24:13,702 - INFO - [36m(setup pid=6522)[0m ++ export VIRTUAL_ENV
2026-03-26 14:24:13,702 - INFO - [36m(setup pid=6522)[0m ++ '[' -z '' ']'
2026-03-26 14:24:13,702 - INFO - [36m(setup pid=6522)[0m ++ unset SCRIPT_PATH
2026-03-26 14:24:13,702 - INFO - [36m(setup pid=6522)[0m ++ _OLD_VIRTUAL_PATH=/home/ubuntu/.local/bin:/home/ubuntu/.local/bin:/home/ubuntu/.local/bin:/home/ubuntu/miniconda3/bin:/home/ubuntu/miniconda3/condabin:/opt/amazon/openmpi/bin:/opt/amazon/efa/bin:/usr/local/cuda-12.8/bin:/usr/local/cuda-12.8/include:/usr/local/cuda-12.8/bin:/usr/local/cuda-12.8/include:/usr/local/sbin:/usr/local/bin:/usr/sbin:/usr/bin:/sbin:/bin:/usr/games:/usr/local/games:/snap/bin
2026-03-26 14:24:13,702 - INFO - [36m(setup pid=6522)[0m ++ PATH=/home/ubuntu/sky_workdir/.venv/bin:/home/ubuntu/.local/bin:/home/ubuntu/.local/bin:/home/ubuntu/.local/bin:/home/ubuntu/miniconda3/bin:/home/ubuntu/miniconda3/condabin:/opt/amazon/openmpi/bin:/opt/amazon/efa/bin:/usr/local/cuda-12.8/bin:/usr/local/cuda-12.8/include:/usr/local/cuda-12.8/bin:/usr/local/cuda-12.8/include:/usr/local/sbin:/usr/local/bin:/usr/sbin:/usr/bin:/sbin:/bin:/usr/games:/usr/local/games:/snap/bin
2026-03-26 14:24:13,702 - INFO - [36m(setup pid=6522)[0m ++ export PATH
2026-03-26 14:24:13,702 - INFO - [36m(setup pid=6522)[0m ++ '[' xsky_workdir '!=' x ']'
2026-03-26 14:24:13,702 - INFO - [36m(setup pid=6522)[0m ++ VIRTUAL_ENV_PROMPT=sky_workdir
2026-03-26 14:24:13,702 - INFO - [36m(setup pid=6522)[0m ++ export VIRTUAL_ENV_PROMPT
2026-03-26 14:24:13,702 - INFO - [36m(setup pid=6522)[0m ++ '[' -z '' ']'
2026-03-26 14:24:13,702 - INFO - [36m(setup pid=6522)[0m ++ '[' -z '' ']'
2026-03-26 14:24:13,702 - INFO - [36m(setup pid=6522)[0m ++ _OLD_VIRTUAL_PS1='(base) ${debian_chroot:+($debian_chroot)}\u@\h:\w\$ '
2026-03-26 14:24:13,702 - INFO - [36m(setup pid=6522)[0m ++ PS1='(sky_workdir) (base) ${debian_chroot:+($debian_chroot)}\u@\h:\w\$ '
2026-03-26 14:24:13,702 - INFO - [36m(setup pid=6522)[0m ++ export PS1
2026-03-26 14:24:13,702 - INFO - [36m(setup pid=6522)[0m ++ alias pydoc
2026-03-26 14:24:13,702 - INFO - [36m(setup pid=6522)[0m ++ true
2026-03-26 14:24:13,702 - INFO - [36m(setup pid=6522)[0m ++ hash -r
2026-03-26 14:24:13,702 - INFO - [36m(setup pid=6522)[0m + uv pip install datasets requests pynvml aiohttp
2026-03-26 14:24:13,702 - INFO - [36m(setup pid=5179, ip=172.31.45.74)[0m Using CPython 3.12.13
2026-03-26 14:24:13,702 - INFO - [36m(setup pid=5179, ip=172.31.45.74)[0m Creating virtual environment with seed packages at: .venv
2026-03-26 14:24:13,702 - INFO - [36m(setup pid=5179, ip=172.31.45.74)[0m  + pip==26.0.1
2026-03-26 14:24:13,702 - INFO - [36m(setup pid=5179, ip=172.31.45.74)[0m Activate with: source .venv/bin/activate
2026-03-26 14:24:13,702 - INFO - [36m(setup pid=5179, ip=172.31.45.74)[0m + source .venv/bin/activate
2026-03-26 14:24:13,702 - INFO - [36m(setup pid=5179, ip=172.31.45.74)[0m ++ '[' -z '' ']'
2026-03-26 14:24:13,702 - INFO - [36m(setup pid=5179, ip=172.31.45.74)[0m ++ '[' -n x ']'
2026-03-26 14:24:13,702 - INFO - [36m(setup pid=5179, ip=172.31.45.74)[0m ++ SCRIPT_PATH=.venv/bin/activate
2026-03-26 14:24:13,702 - INFO - [36m(setup pid=5179, ip=172.31.45.74)[0m ++ '[' .venv/bin/activate = /tmp/sky_setup_sky-2026-03-26-14-19-28-539928 ']'
2026-03-26 14:24:13,702 - INFO - [36m(setup pid=5179, ip=172.31.45.74)[0m ++ deactivate nondestructive
2026-03-26 14:24:13,702 - INFO - [36m(setup pid=5179, ip=172.31.45.74)[0m ++ unset -f pydoc
2026-03-26 14:24:13,702 - INFO - [36m(setup pid=5179, ip=172.31.45.74)[0m ++ '[' -z '' ']'
2026-03-26 14:24:13,702 - INFO - [36m(setup pid=5179, ip=172.31.45.74)[0m ++ '[' -z '' ']'
2026-03-26 14:24:13,702 - INFO - [36m(setup pid=5179, ip=172.31.45.74)[0m ++ hash -r
2026-03-26 14:24:13,702 - INFO - [36m(setup pid=5179, ip=172.31.45.74)[0m ++ '[' -z '' ']'
2026-03-26 14:24:13,702 - INFO - [36m(setup pid=5179, ip=172.31.45.74)[0m ++ unset VIRTUAL_ENV
2026-03-26 14:24:13,702 - INFO - [36m(setup pid=5179, ip=172.31.45.74)[0m ++ unset VIRTUAL_ENV_PROMPT
2026-03-26 14:24:13,702 - INFO - [36m(setup pid=5179, ip=172.31.45.74)[0m ++ '[' '!' nondestructive = nondestructive ']'
2026-03-26 14:24:13,702 - INFO - [36m(setup pid=5179, ip=172.31.45.74)[0m ++ VIRTUAL_ENV=/home/ubuntu/sky_workdir/.venv
2026-03-26 14:24:13,702 - INFO - [36m(setup pid=5179, ip=172.31.45.74)[0m ++ '[' linux-gnu = cygwin ']'
2026-03-26 14:24:13,702 - INFO - [36m(setup pid=5179, ip=172.31.45.74)[0m ++ '[' linux-gnu = msys ']'
2026-03-26 14:24:13,702 - INFO - [36m(setup pid=5179, ip=172.31.45.74)[0m ++ export VIRTUAL_ENV
2026-03-26 14:24:13,702 - INFO - [36m(setup pid=5179, ip=172.31.45.74)[0m ++ '[' -z '' ']'
2026-03-26 14:24:13,702 - INFO - [36m(setup pid=5179, ip=172.31.45.74)[0m ++ unset SCRIPT_PATH
2026-03-26 14:24:13,702 - INFO - [36m(setup pid=5179, ip=172.31.45.74)[0m ++ _OLD_VIRTUAL_PATH=/home/ubuntu/.local/bin:/home/ubuntu/.local/bin:/home/ubuntu/.local/bin:/home/ubuntu/miniconda3/bin:/home/ubuntu/miniconda3/condabin:/opt/amazon/openmpi/bin:/opt/amazon/efa/bin:/usr/local/cuda-12.8/bin:/usr/local/cuda-12.8/include:/usr/local/cuda-12.8/bin:/usr/local/cuda-12.8/include:/usr/local/sbin:/usr/local/bin:/usr/sbin:/usr/bin:/sbin:/bin:/usr/games:/usr/local/games:/snap/bin
2026-03-26 14:24:13,702 - INFO - [36m(setup pid=5179, ip=172.31.45.74)[0m ++ PATH=/home/ubuntu/sky_workdir/.venv/bin:/home/ubuntu/.local/bin:/home/ubuntu/.local/bin:/home/ubuntu/.local/bin:/home/ubuntu/miniconda3/bin:/home/ubuntu/miniconda3/condabin:/opt/amazon/openmpi/bin:/opt/amazon/efa/bin:/usr/local/cuda-12.8/bin:/usr/local/cuda-12.8/include:/usr/local/cuda-12.8/bin:/usr/local/cuda-12.8/include:/usr/local/sbin:/usr/local/bin:/usr/sbin:/usr/bin:/sbin:/bin:/usr/games:/usr/local/games:/snap/bin
2026-03-26 14:24:13,702 - INFO - [36m(setup pid=5179, ip=172.31.45.74)[0m ++ export PATH
2026-03-26 14:24:13,702 - INFO - [36m(setup pid=5179, ip=172.31.45.74)[0m ++ '[' xsky_workdir '!=' x ']'
2026-03-26 14:24:13,702 - INFO - [36m(setup pid=5179, ip=172.31.45.74)[0m ++ VIRTUAL_ENV_PROMPT=sky_workdir
2026-03-26 14:24:13,702 - INFO - [36m(setup pid=5179, ip=172.31.45.74)[0m ++ export VIRTUAL_ENV_PROMPT
2026-03-26 14:24:13,702 - INFO - [36m(setup pid=5179, ip=172.31.45.74)[0m ++ '[' -z '' ']'
2026-03-26 14:24:13,702 - INFO - [36m(setup pid=5179, ip=172.31.45.74)[0m ++ '[' -z '' ']'
2026-03-26 14:24:13,702 - INFO - [36m(setup pid=5179, ip=172.31.45.74)[0m ++ _OLD_VIRTUAL_PS1='(base) ${debian_chroot:+($debian_chroot)}\u@\h:\w\$ '
2026-03-26 14:24:13,702 - INFO - [36m(setup pid=5179, ip=172.31.45.74)[0m ++ PS1='(sky_workdir) (base) ${debian_chroot:+($debian_chroot)}\u@\h:\w\$ '
2026-03-26 14:24:13,702 - INFO - [36m(setup pid=5179, ip=172.31.45.74)[0m ++ export PS1
2026-03-26 14:24:13,702 - INFO - [36m(setup pid=5179, ip=172.31.45.74)[0m ++ alias pydoc
2026-03-26 14:24:13,702 - INFO - [36m(setup pid=5179, ip=172.31.45.74)[0m ++ true
2026-03-26 14:24:13,702 - INFO - [36m(setup pid=5179, ip=172.31.45.74)[0m ++ hash -r
2026-03-26 14:24:13,702 - INFO - [36m(setup pid=5179, ip=172.31.45.74)[0m + uv pip install datasets requests pynvml aiohttp
2026-03-26 14:24:13,702 - INFO - [36m(setup pid=6522)[0m Resolved 44 packages in 108ms
2026-03-26 14:24:13,702 - INFO - [36m(setup pid=6522)[0m Downloading hf-xet (4.0MiB)
2026-03-26 14:24:13,702 - INFO - [36m(setup pid=6522)[0m Downloading numpy (15.9MiB)
2026-03-26 14:24:13,702 - INFO - [36m(setup pid=6522)[0m Downloading pyarrow (45.4MiB)
2026-03-26 14:24:13,702 - INFO - [36m(setup pid=6522)[0m Downloading pandas (10.4MiB)
2026-03-26 14:24:13,702 - INFO - [36m(setup pid=6522)[0m Downloading aiohttp (1.7MiB)
2026-03-26 14:24:13,702 - INFO - [36m(setup pid=5179, ip=172.31.45.74)[0m Resolved 44 packages in 115ms
2026-03-26 14:24:14,405 - INFO - [36m(setup pid=5179, ip=172.31.45.74)[0m Downloading pyarrow (45.4MiB)
2026-03-26 14:24:14,405 - INFO - [36m(setup pid=5179, ip=172.31.45.74)[0m Downloading aiohttp (1.7MiB)
2026-03-26 14:24:14,405 - INFO - [36m(setup pid=5179, ip=172.31.45.74)[0m Downloading hf-xet (4.0MiB)
2026-03-26 14:24:14,405 - INFO - [36m(setup pid=5179, ip=172.31.45.74)[0m Downloading pandas (10.4MiB)
2026-03-26 14:24:14,405 - INFO - [36m(setup pid=5179, ip=172.31.45.74)[0m Downloading numpy (15.9MiB)
2026-03-26 14:24:14,405 - INFO - [36m(setup pid=6522)[0m  Downloaded aiohttp
2026-03-26 14:24:14,405 - INFO - [36m(setup pid=6522)[0m  Downloaded hf-xet
2026-03-26 14:24:14,405 - INFO - [36m(setup pid=5179, ip=172.31.45.74)[0m  Downloaded hf-xet
2026-03-26 14:24:14,405 - INFO - [36m(setup pid=5179, ip=172.31.45.74)[0m  Downloaded aiohttp
2026-03-26 14:24:14,405 - INFO - [36m(setup pid=5179, ip=172.31.45.74)[0m  Downloaded pyarrow
2026-03-26 14:24:14,405 - INFO - [36m(setup pid=6522)[0m  Downloaded pyarrow
2026-03-26 14:24:14,405 - INFO - [36m(setup pid=6522)[0m  Downloaded numpy
2026-03-26 14:24:14,405 - INFO - [36m(setup pid=5179, ip=172.31.45.74)[0m  Downloaded numpy
2026-03-26 14:24:14,405 - INFO - [36m(setup pid=6522)[0m  Downloaded pandas
2026-03-26 14:24:14,405 - INFO - [36m(setup pid=6522)[0m Prepared 21 packages in 842ms
2026-03-26 14:24:14,405 - INFO - [36m(setup pid=5179, ip=172.31.45.74)[0m  Downloaded pandas
2026-03-26 14:24:14,405 - INFO - [36m(setup pid=5179, ip=172.31.45.74)[0m Prepared 21 packages in 821ms
2026-03-26 14:24:14,405 - INFO - [36m(setup pid=5179, ip=172.31.45.74)[0m Installed 44 packages in 38ms
2026-03-26 14:24:14,405 - INFO - [36m(setup pid=5179, ip=172.31.45.74)[0m  + aiohappyeyeballs==2.6.1
2026-03-26 14:24:14,405 - INFO - [36m(setup pid=5179, ip=172.31.45.74)[0m  + aiohttp==3.13.3
2026-03-26 14:24:14,405 - INFO - [36m(setup pid=5179, ip=172.31.45.74)[0m  + aiosignal==1.4.0
2026-03-26 14:24:14,405 - INFO - [36m(setup pid=5179, ip=172.31.45.74)[0m  + annotated-doc==0.0.4
2026-03-26 14:24:14,405 - INFO - [36m(setup pid=5179, ip=172.31.45.74)[0m  + anyio==4.13.0
2026-03-26 14:24:14,405 - INFO - [36m(setup pid=5179, ip=172.31.45.74)[0m  + attrs==26.1.0
2026-03-26 14:24:14,405 - INFO - [36m(setup pid=5179, ip=172.31.45.74)[0m  + certifi==2026.2.25
2026-03-26 14:24:14,405 - INFO - [36m(setup pid=5179, ip=172.31.45.74)[0m  + charset-normalizer==3.4.6
2026-03-26 14:24:14,405 - INFO - [36m(setup pid=5179, ip=172.31.45.74)[0m  + click==8.3.1
2026-03-26 14:24:14,405 - INFO - [36m(setup pid=5179, ip=172.31.45.74)[0m  + datasets==4.8.4
2026-03-26 14:24:14,405 - INFO - [36m(setup pid=5179, ip=172.31.45.74)[0m  + dill==0.4.1
2026-03-26 14:24:14,405 - INFO - [36m(setup pid=5179, ip=172.31.45.74)[0m  + filelock==3.25.2
2026-03-26 14:24:14,405 - INFO - [36m(setup pid=5179, ip=172.31.45.74)[0m  + frozenlist==1.8.0
2026-03-26 14:24:14,405 - INFO - [36m(setup pid=5179, ip=172.31.45.74)[0m  + fsspec==2026.2.0
2026-03-26 14:24:14,405 - INFO - [36m(setup pid=5179, ip=172.31.45.74)[0m  + h11==0.16.0
2026-03-26 14:24:14,405 - INFO - [36m(setup pid=5179, ip=172.31.45.74)[0m  + hf-xet==1.4.2
2026-03-26 14:24:14,405 - INFO - [36m(setup pid=5179, ip=172.31.45.74)[0m  + httpcore==1.0.9
2026-03-26 14:24:14,405 - INFO - [36m(setup pid=5179, ip=172.31.45.74)[0m  + httpx==0.28.1
2026-03-26 14:24:14,405 - INFO - [36m(setup pid=5179, ip=172.31.45.74)[0m  + huggingface-hub==1.8.0
2026-03-26 14:24:14,405 - INFO - [36m(setup pid=5179, ip=172.31.45.74)[0m  + idna==3.11
2026-03-26 14:24:14,405 - INFO - [36m(setup pid=5179, ip=172.31.45.74)[0m  + markdown-it-py==4.0.0
2026-03-26 14:24:14,405 - INFO - [36m(setup pid=5179, ip=172.31.45.74)[0m  + mdurl==0.1.2
2026-03-26 14:24:14,405 - INFO - [36m(setup pid=5179, ip=172.31.45.74)[0m  + multidict==6.7.1
2026-03-26 14:24:14,405 - INFO - [36m(setup pid=5179, ip=172.31.45.74)[0m  + multiprocess==0.70.19
2026-03-26 14:24:14,405 - INFO - [36m(setup pid=5179, ip=172.31.45.74)[0m  + numpy==2.4.3
2026-03-26 14:24:14,405 - INFO - [36m(setup pid=5179, ip=172.31.45.74)[0m  + nvidia-ml-py==13.595.45
2026-03-26 14:24:14,405 - INFO - [36m(setup pid=5179, ip=172.31.45.74)[0m  + packaging==26.0
2026-03-26 14:24:14,405 - INFO - [36m(setup pid=5179, ip=172.31.45.74)[0m  + pandas==3.0.1
2026-03-26 14:24:14,405 - INFO - [36m(setup pid=5179, ip=172.31.45.74)[0m  + propcache==0.4.1
2026-03-26 14:24:14,405 - INFO - [36m(setup pid=5179, ip=172.31.45.74)[0m  + pyarrow==23.0.1
2026-03-26 14:24:14,405 - INFO - [36m(setup pid=5179, ip=172.31.45.74)[0m  + pygments==2.19.2
2026-03-26 14:24:14,405 - INFO - [36m(setup pid=5179, ip=172.31.45.74)[0m  + pynvml==13.0.1
2026-03-26 14:24:14,405 - INFO - [36m(setup pid=5179, ip=172.31.45.74)[0m  + python-dateutil==2.9.0.post0
2026-03-26 14:24:14,405 - INFO - [36m(setup pid=5179, ip=172.31.45.74)[0m  + pyyaml==6.0.3
2026-03-26 14:24:14,405 - INFO - [36m(setup pid=5179, ip=172.31.45.74)[0m  + requests==2.33.0
2026-03-26 14:24:14,405 - INFO - [36m(setup pid=5179, ip=172.31.45.74)[0m  + rich==14.3.3
2026-03-26 14:24:14,405 - INFO - [36m(setup pid=5179, ip=172.31.45.74)[0m  + shellingham==1.5.4
2026-03-26 14:24:14,405 - INFO - [36m(setup pid=5179, ip=172.31.45.74)[0m  + six==1.17.0
2026-03-26 14:24:14,405 - INFO - [36m(setup pid=5179, ip=172.31.45.74)[0m  + tqdm==4.67.3
2026-03-26 14:24:14,405 - INFO - [36m(setup pid=5179, ip=172.31.45.74)[0m  + typer==0.24.1
2026-03-26 14:24:14,405 - INFO - [36m(setup pid=5179, ip=172.31.45.74)[0m  + typing-extensions==4.15.0
2026-03-26 14:24:14,405 - INFO - [36m(setup pid=5179, ip=172.31.45.74)[0m  + urllib3==2.6.3
2026-03-26 14:24:14,405 - INFO - [36m(setup pid=5179, ip=172.31.45.74)[0m  + xxhash==3.6.0
2026-03-26 14:24:14,405 - INFO - [36m(setup pid=5179, ip=172.31.45.74)[0m  + yarl==1.23.0
2026-03-26 14:24:14,405 - INFO - [36m(setup pid=5179, ip=172.31.45.74)[0m + echo '=== Installing vLLM 0.10.0 ==='
2026-03-26 14:24:14,405 - INFO - [36m(setup pid=5179, ip=172.31.45.74)[0m === Installing vLLM 0.10.0 ===
2026-03-26 14:24:14,405 - INFO - [36m(setup pid=5179, ip=172.31.45.74)[0m + uv pip install vllm==0.10.0 'ray[cgraph]'
2026-03-26 14:24:14,405 - INFO - [36m(setup pid=6522)[0m Installed 44 packages in 66ms
2026-03-26 14:24:14,405 - INFO - [36m(setup pid=6522)[0m  + aiohappyeyeballs==2.6.1
2026-03-26 14:24:14,405 - INFO - [36m(setup pid=6522)[0m  + aiohttp==3.13.3
2026-03-26 14:24:14,405 - INFO - [36m(setup pid=6522)[0m  + aiosignal==1.4.0
2026-03-26 14:24:14,405 - INFO - [36m(setup pid=6522)[0m  + annotated-doc==0.0.4
2026-03-26 14:24:14,405 - INFO - [36m(setup pid=6522)[0m  + anyio==4.13.0
2026-03-26 14:24:14,405 - INFO - [36m(setup pid=6522)[0m  + attrs==26.1.0
2026-03-26 14:24:14,405 - INFO - [36m(setup pid=6522)[0m  + certifi==2026.2.25
2026-03-26 14:24:14,405 - INFO - [36m(setup pid=6522)[0m  + charset-normalizer==3.4.6
2026-03-26 14:24:14,405 - INFO - [36m(setup pid=6522)[0m  + click==8.3.1
2026-03-26 14:24:14,405 - INFO - [36m(setup pid=6522)[0m  + datasets==4.8.4
2026-03-26 14:24:14,405 - INFO - [36m(setup pid=6522)[0m  + dill==0.4.1
2026-03-26 14:24:14,405 - INFO - [36m(setup pid=6522)[0m  + filelock==3.25.2
2026-03-26 14:24:14,405 - INFO - [36m(setup pid=6522)[0m  + frozenlist==1.8.0
2026-03-26 14:24:14,405 - INFO - [36m(setup pid=6522)[0m  + fsspec==2026.2.0
2026-03-26 14:24:14,405 - INFO - [36m(setup pid=6522)[0m  + h11==0.16.0
2026-03-26 14:24:14,405 - INFO - [36m(setup pid=6522)[0m  + hf-xet==1.4.2
2026-03-26 14:24:14,405 - INFO - [36m(setup pid=6522)[0m  + httpcore==1.0.9
2026-03-26 14:24:14,405 - INFO - [36m(setup pid=6522)[0m  + httpx==0.28.1
2026-03-26 14:24:14,405 - INFO - [36m(setup pid=6522)[0m  + huggingface-hub==1.8.0
2026-03-26 14:24:14,405 - INFO - [36m(setup pid=6522)[0m  + idna==3.11
2026-03-26 14:24:14,405 - INFO - [36m(setup pid=6522)[0m  + markdown-it-py==4.0.0
2026-03-26 14:24:14,405 - INFO - [36m(setup pid=6522)[0m  + mdurl==0.1.2
2026-03-26 14:24:14,405 - INFO - [36m(setup pid=6522)[0m  + multidict==6.7.1
2026-03-26 14:24:14,405 - INFO - [36m(setup pid=6522)[0m  + multiprocess==0.70.19
2026-03-26 14:24:14,405 - INFO - [36m(setup pid=6522)[0m  + numpy==2.4.3
2026-03-26 14:24:14,406 - INFO - [36m(setup pid=6522)[0m  + nvidia-ml-py==13.595.45
2026-03-26 14:24:14,406 - INFO - [36m(setup pid=6522)[0m  + packaging==26.0
2026-03-26 14:24:14,406 - INFO - [36m(setup pid=6522)[0m  + pandas==3.0.1
2026-03-26 14:24:14,406 - INFO - [36m(setup pid=6522)[0m  + propcache==0.4.1
2026-03-26 14:24:14,406 - INFO - [36m(setup pid=6522)[0m  + pyarrow==23.0.1
2026-03-26 14:24:14,406 - INFO - [36m(setup pid=6522)[0m  + pygments==2.19.2
2026-03-26 14:24:14,406 - INFO - [36m(setup pid=6522)[0m  + pynvml==13.0.1
2026-03-26 14:24:14,406 - INFO - [36m(setup pid=6522)[0m  + python-dateutil==2.9.0.post0
2026-03-26 14:24:14,406 - INFO - [36m(setup pid=6522)[0m  + pyyaml==6.0.3
2026-03-26 14:24:14,406 - INFO - [36m(setup pid=6522)[0m  + requests==2.33.0
2026-03-26 14:24:14,406 - INFO - [36m(setup pid=6522)[0m  + rich==14.3.3
2026-03-26 14:24:14,406 - INFO - [36m(setup pid=6522)[0m  + shellingham==1.5.4
2026-03-26 14:24:14,406 - INFO - [36m(setup pid=6522)[0m  + six==1.17.0
2026-03-26 14:24:14,406 - INFO - [36m(setup pid=6522)[0m  + tqdm==4.67.3
2026-03-26 14:24:14,406 - INFO - [36m(setup pid=6522)[0m  + typer==0.24.1
2026-03-26 14:24:14,406 - INFO - [36m(setup pid=6522)[0m  + typing-extensions==4.15.0
2026-03-26 14:24:14,406 - INFO - [36m(setup pid=6522)[0m  + urllib3==2.6.3
2026-03-26 14:24:14,406 - INFO - [36m(setup pid=6522)[0m  + xxhash==3.6.0
2026-03-26 14:24:14,406 - INFO - [36m(setup pid=6522)[0m  + yarl==1.23.0
2026-03-26 14:24:14,406 - INFO - [36m(setup pid=6522)[0m + echo '=== Installing vLLM 0.10.0 ==='
2026-03-26 14:24:14,406 - INFO - [36m(setup pid=6522)[0m === Installing vLLM 0.10.0 ===
2026-03-26 14:24:14,406 - INFO - [36m(setup pid=6522)[0m + uv pip install vllm==0.10.0 'ray[cgraph]'
2026-03-26 14:24:14,406 - INFO - [36m(setup pid=6522)[0m Resolved 141 packages in 367ms
2026-03-26 14:24:14,406 - INFO - [36m(setup pid=6522)[0m Downloading pydantic-core (2.0MiB)
2026-03-26 14:24:14,406 - INFO - [36m(setup pid=6522)[0m Downloading networkx (2.0MiB)
2026-03-26 14:24:14,406 - INFO - [36m(setup pid=6522)[0m Downloading sympy (6.0MiB)
2026-03-26 14:24:14,406 - INFO - [36m(setup pid=6522)[0m Downloading tokenizers (3.1MiB)
2026-03-26 14:24:14,406 - INFO - [36m(setup pid=5179, ip=172.31.45.74)[0m Resolved 141 packages in 352ms
2026-03-26 14:24:14,406 - INFO - [36m(setup pid=5179, ip=172.31.45.74)[0m Downloading sympy (6.0MiB)
2026-03-26 14:24:14,406 - INFO - [36m(setup pid=5179, ip=172.31.45.74)[0m Downloading tiktoken (1.1MiB)
2026-03-26 14:24:14,406 - INFO - [36m(setup pid=5179, ip=172.31.45.74)[0m Downloading networkx (2.0MiB)
2026-03-26 14:24:14,406 - INFO - [36m(setup pid=5179, ip=172.31.45.74)[0m Downloading pydantic-core (2.0MiB)
2026-03-26 14:24:14,406 - INFO - [36m(setup pid=5179, ip=172.31.45.74)[0m Downloading tokenizers (3.1MiB)
2026-03-26 14:24:14,406 - INFO - [36m(setup pid=5179, ip=172.31.45.74)[0m Downloading sentencepiece (1.3MiB)
2026-03-26 14:24:14,406 - INFO - [36m(setup pid=5179, ip=172.31.45.74)[0m Downloading transformers (10.2MiB)
2026-03-26 14:24:14,406 - INFO - [36m(setup pid=5179, ip=172.31.45.74)[0m Downloading pillow (6.7MiB)
2026-03-26 14:24:14,406 - INFO - [36m(setup pid=5179, ip=172.31.45.74)[0m Downloading scipy (33.6MiB)
2026-03-26 14:24:14,406 - INFO - [36m(setup pid=5179, ip=172.31.45.74)[0m Downloading setuptools (1.2MiB)
2026-03-26 14:24:14,406 - INFO - [36m(setup pid=5179, ip=172.31.45.74)[0m Downloading pycountry (7.7MiB)
2026-03-26 14:24:14,406 - INFO - [36m(setup pid=5179, ip=172.31.45.74)[0m Downloading xgrammar (11.3MiB)
2026-03-26 14:24:14,406 - INFO - [36m(setup pid=5179, ip=172.31.45.74)[0m Downloading nvidia-cusparse-cu12 (206.5MiB)
2026-03-26 14:24:14,406 - INFO - [36m(setup pid=5179, ip=172.31.45.74)[0m Downloading soundfile (1.3MiB)
2026-03-26 14:24:14,406 - INFO - [36m(setup pid=5179, ip=172.31.45.74)[0m Downloading nvidia-cuda-cupti-cu12 (8.5MiB)
2026-03-26 14:24:14,406 - INFO - [36m(setup pid=5179, ip=172.31.45.74)[0m Downloading nvidia-cusparselt-cu12 (149.5MiB)
2026-03-26 14:24:14,406 - INFO - [36m(setup pid=5179, ip=172.31.45.74)[0m Downloading outlines-core (2.2MiB)
2026-03-26 14:24:14,406 - INFO - [36m(setup pid=5179, ip=172.31.45.74)[0m Downloading numpy (15.8MiB)
2026-03-26 14:24:14,406 - INFO - [36m(setup pid=5179, ip=172.31.45.74)[0m Downloading nvidia-cufile-cu12 (1.1MiB)
2026-03-26 14:24:14,406 - INFO - [36m(setup pid=5179, ip=172.31.45.74)[0m Downloading mistral-common (6.2MiB)
2026-03-26 14:24:14,406 - INFO - [36m(setup pid=5179, ip=172.31.45.74)[0m Downloading llguidance (14.3MiB)
2026-03-26 14:24:14,406 - INFO - [36m(setup pid=5179, ip=172.31.45.74)[0m Downloading nvidia-curand-cu12 (53.7MiB)
2026-03-26 14:24:14,406 - INFO - [36m(setup pid=5179, ip=172.31.45.74)[0m Downloading torch (783.0MiB)
2026-03-26 14:24:14,406 - INFO - [36m(setup pid=5179, ip=172.31.45.74)[0m Downloading xformers (111.6MiB)
2026-03-26 14:24:14,406 - INFO - [36m(setup pid=5179, ip=172.31.45.74)[0m Downloading nvidia-cusolver-cu12 (150.9MiB)
2026-03-26 14:24:14,406 - INFO - [36m(setup pid=5179, ip=172.31.45.74)[0m Downloading nvidia-cudnn-cu12 (544.5MiB)
2026-03-26 14:24:14,406 - INFO - [36m(setup pid=5179, ip=172.31.45.74)[0m Downloading opencv-python-headless (57.6MiB)
2026-03-26 14:24:15,010 - INFO - [36m(setup pid=5179, ip=172.31.45.74)[0m Downloading triton (148.5MiB)
2026-03-26 14:24:15,010 - INFO - [36m(setup pid=5179, ip=172.31.45.74)[0m Downloading nvidia-nccl-cu12 (192.0MiB)
2026-03-26 14:24:15,010 - INFO - [36m(setup pid=5179, ip=172.31.45.74)[0m Downloading torchvision (7.1MiB)
2026-03-26 14:24:15,010 - INFO - [36m(setup pid=5179, ip=172.31.45.74)[0m Downloading torchaudio (3.3MiB)
2026-03-26 14:24:15,010 - INFO - [36m(setup pid=5179, ip=172.31.45.74)[0m Downloading nvidia-nvjitlink-cu12 (18.8MiB)
2026-03-26 14:24:15,010 - INFO - [36m(setup pid=5179, ip=172.31.45.74)[0m Downloading numba (3.7MiB)
2026-03-26 14:24:15,010 - INFO - [36m(setup pid=5179, ip=172.31.45.74)[0m Downloading uvloop (4.2MiB)
2026-03-26 14:24:15,010 - INFO - [36m(setup pid=5179, ip=172.31.45.74)[0m Downloading nvidia-cuda-nvrtc-cu12 (22.6MiB)
2026-03-26 14:24:15,010 - INFO - [36m(setup pid=5179, ip=172.31.45.74)[0m Downloading nvidia-cublas-cu12 (374.9MiB)
2026-03-26 14:24:15,010 - INFO - [36m(setup pid=5179, ip=172.31.45.74)[0m Downloading nvidia-cufft-cu12 (190.9MiB)
2026-03-26 14:24:15,010 - INFO - [36m(setup pid=5179, ip=172.31.45.74)[0m Downloading ray (69.3MiB)
2026-03-26 14:24:15,010 - INFO - [36m(setup pid=5179, ip=172.31.45.74)[0m Downloading cupy-cuda12x (128.4MiB)
2026-03-26 14:24:15,010 - INFO - [36m(setup pid=5179, ip=172.31.45.74)[0m Downloading llvmlite (40.4MiB)
2026-03-26 14:24:15,010 - INFO - [36m(setup pid=5179, ip=172.31.45.74)[0m Downloading vllm (368.7MiB)
2026-03-26 14:24:15,010 - INFO - [36m(setup pid=6522)[0m Downloading pillow (6.7MiB)
2026-03-26 14:24:15,010 - INFO - [36m(setup pid=6522)[0m Downloading scipy (33.6MiB)
2026-03-26 14:24:15,010 - INFO - [36m(setup pid=6522)[0m Downloading pycountry (7.7MiB)
2026-03-26 14:24:15,010 - INFO - [36m(setup pid=6522)[0m Downloading setuptools (1.2MiB)
2026-03-26 14:24:15,010 - INFO - [36m(setup pid=6522)[0m Downloading nvidia-cuda-nvrtc-cu12 (22.6MiB)
2026-03-26 14:24:15,010 - INFO - [36m(setup pid=6522)[0m Downloading nvidia-cusparse-cu12 (206.5MiB)
2026-03-26 14:24:15,010 - INFO - [36m(setup pid=6522)[0m Downloading opencv-python-headless (57.6MiB)
2026-03-26 14:24:15,010 - INFO - [36m(setup pid=6522)[0m Downloading outlines-core (2.2MiB)
2026-03-26 14:24:15,010 - INFO - [36m(setup pid=6522)[0m Downloading nvidia-cusparselt-cu12 (149.5MiB)
2026-03-26 14:24:15,010 - INFO - [36m(setup pid=6522)[0m Downloading nvidia-cusolver-cu12 (150.9MiB)
2026-03-26 14:24:15,010 - INFO - [36m(setup pid=6522)[0m Downloading nvidia-nvjitlink-cu12 (18.8MiB)
2026-03-26 14:24:15,010 - INFO - [36m(setup pid=6522)[0m Downloading uvloop (4.2MiB)
2026-03-26 14:24:15,010 - INFO - [36m(setup pid=6522)[0m Downloading torchvision (7.1MiB)
2026-03-26 14:24:15,010 - INFO - [36m(setup pid=6522)[0m Downloading torchaudio (3.3MiB)
2026-03-26 14:24:15,614 - INFO - [36m(setup pid=6522)[0m Downloading nvidia-cufile-cu12 (1.1MiB)
2026-03-26 14:24:15,614 - INFO - [36m(setup pid=6522)[0m Downloading vllm (368.7MiB)
2026-03-26 14:24:15,614 - INFO - [36m(setup pid=6522)[0m Downloading nvidia-cuda-cupti-cu12 (8.5MiB)
2026-03-26 14:24:15,614 - INFO - [36m(setup pid=6522)[0m Downloading nvidia-nccl-cu12 (192.0MiB)
2026-03-26 14:24:15,614 - INFO - [36m(setup pid=6522)[0m Downloading numpy (15.8MiB)
2026-03-26 14:24:15,614 - INFO - [36m(setup pid=6522)[0m Downloading nvidia-cublas-cu12 (374.9MiB)
2026-03-26 14:24:15,614 - INFO - [36m(setup pid=6522)[0m Downloading ray (69.3MiB)
2026-03-26 14:24:15,614 - INFO - [36m(setup pid=6522)[0m Downloading mistral-common (6.2MiB)
2026-03-26 14:24:15,614 - INFO - [36m(setup pid=6522)[0m Downloading torch (783.0MiB)
2026-03-26 14:24:15,614 - INFO - [36m(setup pid=6522)[0m Downloading triton (148.5MiB)
2026-03-26 14:24:15,614 - INFO - [36m(setup pid=6522)[0m Downloading nvidia-cudnn-cu12 (544.5MiB)
2026-03-26 14:24:15,614 - INFO - [36m(setup pid=6522)[0m Downloading nvidia-cufft-cu12 (190.9MiB)
2026-03-26 14:24:15,614 - INFO - [36m(setup pid=6522)[0m Downloading soundfile (1.3MiB)
2026-03-26 14:24:15,614 - INFO - [36m(setup pid=6522)[0m Downloading xgrammar (11.3MiB)
2026-03-26 14:24:15,614 - INFO - [36m(setup pid=6522)[0m Downloading cupy-cuda12x (128.4MiB)
2026-03-26 14:24:15,614 - INFO - [36m(setup pid=6522)[0m Downloading nvidia-curand-cu12 (53.7MiB)
2026-03-26 14:24:15,614 - INFO - [36m(setup pid=6522)[0m Downloading llguidance (14.3MiB)
2026-03-26 14:24:15,614 - INFO - [36m(setup pid=6522)[0m Downloading llvmlite (40.4MiB)
2026-03-26 14:24:15,614 - INFO - [36m(setup pid=6522)[0m Downloading xformers (111.6MiB)
2026-03-26 14:24:15,614 - INFO - [36m(setup pid=6522)[0m Downloading sentencepiece (1.3MiB)
2026-03-26 14:24:15,614 - INFO - [36m(setup pid=6522)[0m Downloading tiktoken (1.1MiB)
2026-03-26 14:24:15,614 - INFO - [36m(setup pid=6522)[0m Downloading numba (3.7MiB)
2026-03-26 14:24:15,614 - INFO - [36m(setup pid=6522)[0m Downloading transformers (10.2MiB)
2026-03-26 14:24:15,614 - INFO - [36m(setup pid=5179, ip=172.31.45.74)[0m  Downloaded tiktoken
2026-03-26 14:24:15,614 - INFO - [36m(setup pid=5179, ip=172.31.45.74)[0m  Downloaded sentencepiece
2026-03-26 14:24:15,614 - INFO - [36m(setup pid=6522)[0m  Downloaded nvidia-cufile-cu12
2026-03-26 14:24:15,614 - INFO - [36m(setup pid=6522)[0m  Downloaded tiktoken
2026-03-26 14:24:15,614 - INFO - [36m(setup pid=5179, ip=172.31.45.74)[0m  Downloaded nvidia-cufile-cu12
2026-03-26 14:24:15,614 - INFO - [36m(setup pid=5179, ip=172.31.45.74)[0m  Downloaded soundfile
2026-03-26 14:24:15,614 - INFO - [36m(setup pid=6522)[0m  Downloaded soundfile
2026-03-26 14:24:15,614 - INFO - [36m(setup pid=6522)[0m  Downloaded sentencepiece
2026-03-26 14:24:16,221 - INFO - [36m(setup pid=5179, ip=172.31.45.74)[0m  Downloaded pydantic-core
2026-03-26 14:24:16,221 - INFO - [36m(setup pid=5179, ip=172.31.45.74)[0m  Downloaded outlines-core
2026-03-26 14:24:16,221 - INFO - [36m(setup pid=6522)[0m  Downloaded pydantic-core
2026-03-26 14:24:16,221 - INFO - [36m(setup pid=6522)[0m  Downloaded outlines-core
2026-03-26 14:24:16,221 - INFO - [36m(setup pid=5179, ip=172.31.45.74)[0m  Downloaded setuptools
2026-03-26 14:24:16,221 - INFO - [36m(setup pid=5179, ip=172.31.45.74)[0m  Downloaded tokenizers
2026-03-26 14:24:16,221 - INFO - [36m(setup pid=5179, ip=172.31.45.74)[0m  Downloaded networkx
2026-03-26 14:24:16,221 - INFO - [36m(setup pid=6522)[0m  Downloaded setuptools
2026-03-26 14:24:16,221 - INFO - [36m(setup pid=5179, ip=172.31.45.74)[0m  Downloaded torchaudio
2026-03-26 14:24:16,221 - INFO - [36m(setup pid=6522)[0m  Downloaded tokenizers
2026-03-26 14:24:16,826 - INFO - [36m(setup pid=6522)[0m  Downloaded networkx
2026-03-26 14:24:16,826 - INFO - [36m(setup pid=6522)[0m  Downloaded torchaudio
2026-03-26 14:24:16,826 - INFO - [36m(setup pid=5179, ip=172.31.45.74)[0m  Downloaded uvloop
2026-03-26 14:24:16,826 - INFO - [36m(setup pid=5179, ip=172.31.45.74)[0m  Downloaded numba
2026-03-26 14:24:16,826 - INFO - [36m(setup pid=6522)[0m  Downloaded uvloop
2026-03-26 14:24:16,826 - INFO - [36m(setup pid=6522)[0m  Downloaded numba
2026-03-26 14:24:16,826 - INFO - [36m(setup pid=5179, ip=172.31.45.74)[0m  Downloaded mistral-common
2026-03-26 14:24:17,430 - INFO - [36m(setup pid=5179, ip=172.31.45.74)[0m  Downloaded pillow
2026-03-26 14:24:17,431 - INFO - [36m(setup pid=6522)[0m  Downloaded mistral-common
2026-03-26 14:24:17,431 - INFO - [36m(setup pid=5179, ip=172.31.45.74)[0m  Downloaded torchvision
2026-03-26 14:24:17,431 - INFO - [36m(setup pid=5179, ip=172.31.45.74)[0m  Downloaded pycountry
2026-03-26 14:24:17,431 - INFO - [36m(setup pid=6522)[0m  Downloaded torchvision
2026-03-26 14:24:17,431 - INFO - [36m(setup pid=6522)[0m  Downloaded pillow
2026-03-26 14:24:17,431 - INFO - [36m(setup pid=6522)[0m  Downloaded pycountry
2026-03-26 14:24:17,431 - INFO - [36m(setup pid=5179, ip=172.31.45.74)[0m  Downloaded nvidia-cuda-cupti-cu12
2026-03-26 14:24:18,035 - INFO - [36m(setup pid=6522)[0m  Downloaded nvidia-cuda-cupti-cu12
2026-03-26 14:24:18,035 - INFO - [36m(setup pid=5179, ip=172.31.45.74)[0m  Downloaded sympy
2026-03-26 14:24:18,036 - INFO - [36m(setup pid=5179, ip=172.31.45.74)[0m  Downloaded xgrammar
2026-03-26 14:24:18,036 - INFO - [36m(setup pid=6522)[0m  Downloaded sympy
2026-03-26 14:24:18,639 - INFO - [36m(setup pid=6522)[0m  Downloaded xgrammar
2026-03-26 14:24:18,639 - INFO - [36m(setup pid=5179, ip=172.31.45.74)[0m  Downloaded llguidance
2026-03-26 14:24:18,639 - INFO - [36m(setup pid=6522)[0m  Downloaded llguidance
2026-03-26 14:24:19,242 - INFO - [36m(setup pid=5179, ip=172.31.45.74)[0m  Downloaded numpy
2026-03-26 14:24:19,242 - INFO - [36m(setup pid=6522)[0m  Downloaded numpy
2026-03-26 14:24:19,242 - INFO - [36m(setup pid=5179, ip=172.31.45.74)[0m  Downloaded transformers
2026-03-26 14:24:19,242 - INFO - [36m(setup pid=5179, ip=172.31.45.74)[0m  Downloaded nvidia-nvjitlink-cu12
2026-03-26 14:24:19,242 - INFO - [36m(setup pid=6522)[0m  Downloaded transformers
2026-03-26 14:24:20,554 - INFO - [36m(setup pid=6522)[0m  Downloaded nvidia-nvjitlink-cu12
2026-03-26 14:24:20,554 - INFO - [36m(setup pid=5179, ip=172.31.45.74)[0m  Downloaded nvidia-cuda-nvrtc-cu12
2026-03-26 14:24:20,555 - INFO - [36m(setup pid=6522)[0m  Downloaded nvidia-cuda-nvrtc-cu12
2026-03-26 14:24:20,555 - INFO - [36m(setup pid=5179, ip=172.31.45.74)[0m  Downloaded scipy
2026-03-26 14:24:21,156 - INFO - [36m(setup pid=6522)[0m  Downloaded scipy
2026-03-26 14:24:21,863 - INFO - [36m(setup pid=5179, ip=172.31.45.74)[0m  Downloaded llvmlite
2026-03-26 14:24:21,863 - INFO - [36m(setup pid=6522)[0m  Downloaded llvmlite
2026-03-26 14:24:22,365 - INFO - [36m(setup pid=5179, ip=172.31.45.74)[0m  Downloaded nvidia-curand-cu12
2026-03-26 14:24:23,173 - INFO - [36m(setup pid=6522)[0m  Downloaded nvidia-curand-cu12
2026-03-26 14:24:27,602 - INFO - [36m(setup pid=5179, ip=172.31.45.74)[0m  Downloaded opencv-python-headless
2026-03-26 14:24:27,602 - INFO - [36m(setup pid=6522)[0m  Downloaded opencv-python-headless
2026-03-26 14:24:27,602 - INFO - [36m(setup pid=5179, ip=172.31.45.74)[0m  Downloaded xformers
2026-03-26 14:24:29,411 - INFO - [36m(setup pid=6522)[0m  Downloaded xformers
2026-03-26 14:24:29,411 - INFO - [36m(setup pid=5179, ip=172.31.45.74)[0m  Downloaded ray
2026-03-26 14:24:30,015 - INFO - [36m(setup pid=6522)[0m  Downloaded ray
2026-03-26 14:24:30,718 - INFO - [36m(setup pid=5179, ip=172.31.45.74)[0m  Downloaded nvidia-cusparselt-cu12
2026-03-26 14:24:30,719 - INFO - [36m(setup pid=5179, ip=172.31.45.74)[0m  Downloaded nvidia-cusolver-cu12
2026-03-26 14:24:30,719 - INFO - [36m(setup pid=6522)[0m  Downloaded nvidia-cusparselt-cu12
2026-03-26 14:24:30,719 - INFO - [36m(setup pid=6522)[0m  Downloaded nvidia-cusolver-cu12
2026-03-26 14:24:30,719 - INFO - [36m(setup pid=5179, ip=172.31.45.74)[0m  Downloaded triton
2026-03-26 14:24:31,220 - INFO - [36m(setup pid=6522)[0m  Downloaded triton
2026-03-26 14:24:31,220 - INFO - [36m(setup pid=5179, ip=172.31.45.74)[0m  Downloaded cupy-cuda12x
2026-03-26 14:24:31,825 - INFO - [36m(setup pid=6522)[0m  Downloaded cupy-cuda12x
2026-03-26 14:24:32,531 - INFO - [36m(setup pid=5179, ip=172.31.45.74)[0m  Downloaded nvidia-cufft-cu12
2026-03-26 14:24:32,531 - INFO - [36m(setup pid=5179, ip=172.31.45.74)[0m  Downloaded nvidia-nccl-cu12
2026-03-26 14:24:32,531 - INFO - [36m(setup pid=6522)[0m  Downloaded nvidia-cufft-cu12
2026-03-26 14:24:32,531 - INFO - [36m(setup pid=6522)[0m  Downloaded nvidia-nccl-cu12
2026-03-26 14:24:32,531 - INFO - [36m(setup pid=5179, ip=172.31.45.74)[0m  Downloaded nvidia-cusparse-cu12
2026-03-26 14:24:32,531 - INFO - [36m(setup pid=6522)[0m  Downloaded nvidia-cusparse-cu12
2026-03-26 14:24:34,045 - INFO - [36m(setup pid=5179, ip=172.31.45.74)[0m  Downloaded nvidia-cublas-cu12
2026-03-26 14:24:34,748 - INFO - [36m(setup pid=6522)[0m  Downloaded nvidia-cublas-cu12
2026-03-26 14:24:36,259 - INFO - [36m(setup pid=5179, ip=172.31.45.74)[0m  Downloaded nvidia-cudnn-cu12
2026-03-26 14:24:36,864 - INFO - [36m(setup pid=6522)[0m  Downloaded nvidia-cudnn-cu12
2026-03-26 14:24:42,603 - INFO - [36m(setup pid=5179, ip=172.31.45.74)[0m  Downloaded vllm
2026-03-26 14:24:42,603 - INFO - [36m(setup pid=6522)[0m  Downloaded vllm
2026-03-26 14:24:42,603 - INFO - [36m(setup pid=5179, ip=172.31.45.74)[0m  Downloaded torch
2026-03-26 14:24:43,308 - INFO - [36m(setup pid=5179, ip=172.31.45.74)[0m Prepared 92 packages in 28.42s
2026-03-26 14:24:43,308 - INFO - [36m(setup pid=6522)[0m  Downloaded torch
2026-03-26 14:24:43,308 - INFO - [36m(setup pid=6522)[0m Prepared 92 packages in 28.39s
2026-03-26 14:24:43,308 - INFO - [36m(setup pid=6522)[0m Uninstalled 1 package in 9ms
2026-03-26 14:24:43,308 - INFO - [36m(setup pid=5179, ip=172.31.45.74)[0m Uninstalled 1 package in 10ms
2026-03-26 14:24:43,916 - INFO - [36m(setup pid=5179, ip=172.31.45.74)[0m Installed 106 packages in 338ms
2026-03-26 14:24:43,916 - INFO - [36m(setup pid=5179, ip=172.31.45.74)[0m  + annotated-types==0.7.0
2026-03-26 14:24:43,916 - INFO - [36m(setup pid=5179, ip=172.31.45.74)[0m  + astor==0.8.1
2026-03-26 14:24:43,916 - INFO - [36m(setup pid=5179, ip=172.31.45.74)[0m  + blake3==1.0.8
2026-03-26 14:24:43,916 - INFO - [36m(setup pid=5179, ip=172.31.45.74)[0m  + cachetools==7.0.5
2026-03-26 14:24:43,916 - INFO - [36m(setup pid=5179, ip=172.31.45.74)[0m  + cbor2==5.9.0
2026-03-26 14:24:43,916 - INFO - [36m(setup pid=5179, ip=172.31.45.74)[0m  + cffi==2.0.0
2026-03-26 14:24:43,916 - INFO - [36m(setup pid=5179, ip=172.31.45.74)[0m  + cloudpickle==3.1.2
2026-03-26 14:24:43,916 - INFO - [36m(setup pid=5179, ip=172.31.45.74)[0m  + compressed-tensors==0.10.2
2026-03-26 14:24:43,916 - INFO - [36m(setup pid=5179, ip=172.31.45.74)[0m  + cuda-pathfinder==1.5.0
2026-03-26 14:24:43,916 - INFO - [36m(setup pid=5179, ip=172.31.45.74)[0m  + cupy-cuda12x==14.0.1
2026-03-26 14:24:43,916 - INFO - [36m(setup pid=5179, ip=172.31.45.74)[0m  + depyf==0.19.0
2026-03-26 14:24:43,916 - INFO - [36m(setup pid=5179, ip=172.31.45.74)[0m  + diskcache==5.6.3
2026-03-26 14:24:43,916 - INFO - [36m(setup pid=5179, ip=172.31.45.74)[0m  + distro==1.9.0
2026-03-26 14:24:43,916 - INFO - [36m(setup pid=5179, ip=172.31.45.74)[0m  + dnspython==2.8.0
2026-03-26 14:24:43,916 - INFO - [36m(setup pid=5179, ip=172.31.45.74)[0m  + einops==0.8.2
2026-03-26 14:24:43,916 - INFO - [36m(setup pid=5179, ip=172.31.45.74)[0m  + email-validator==2.3.0
2026-03-26 14:24:43,916 - INFO - [36m(setup pid=5179, ip=172.31.45.74)[0m  + fastapi==0.135.2
2026-03-26 14:24:43,916 - INFO - [36m(setup pid=5179, ip=172.31.45.74)[0m  + fastapi-cli==0.0.24
2026-03-26 14:24:43,916 - INFO - [36m(setup pid=5179, ip=172.31.45.74)[0m  + fastapi-cloud-cli==0.15.0
2026-03-26 14:24:43,917 - INFO - [36m(setup pid=5179, ip=172.31.45.74)[0m  + fastar==0.9.0
2026-03-26 14:24:43,917 - INFO - [36m(setup pid=5179, ip=172.31.45.74)[0m  + gguf==0.18.0
2026-03-26 14:24:43,917 - INFO - [36m(setup pid=5179, ip=172.31.45.74)[0m  + httptools==0.7.1
2026-03-26 14:24:43,917 - INFO - [36m(setup pid=5179, ip=172.31.45.74)[0m  + interegular==0.3.3
2026-03-26 14:24:43,917 - INFO - [36m(setup pid=5179, ip=172.31.45.74)[0m  + jinja2==3.1.6
2026-03-26 14:24:43,917 - INFO - [36m(setup pid=5179, ip=172.31.45.74)[0m  + jiter==0.13.0
2026-03-26 14:24:43,917 - INFO - [36m(setup pid=5179, ip=172.31.45.74)[0m  + jsonschema==4.26.0
2026-03-26 14:24:43,917 - INFO - [36m(setup pid=5179, ip=172.31.45.74)[0m  + jsonschema-specifications==2025.9.1
2026-03-26 14:24:43,917 - INFO - [36m(setup pid=5179, ip=172.31.45.74)[0m  + lark==1.2.2
2026-03-26 14:24:43,917 - INFO - [36m(setup pid=5179, ip=172.31.45.74)[0m  + llguidance==0.7.30
2026-03-26 14:24:43,917 - INFO - [36m(setup pid=5179, ip=172.31.45.74)[0m  + llvmlite==0.44.0
2026-03-26 14:24:43,917 - INFO - [36m(setup pid=5179, ip=172.31.45.74)[0m  + lm-format-enforcer==0.10.12
2026-03-26 14:24:43,917 - INFO - [36m(setup pid=5179, ip=172.31.45.74)[0m  + markupsafe==3.0.3
2026-03-26 14:24:43,917 - INFO - [36m(setup pid=5179, ip=172.31.45.74)[0m  + mistral-common==1.10.0
2026-03-26 14:24:43,917 - INFO - [36m(setup pid=5179, ip=172.31.45.74)[0m  + mpmath==1.3.0
2026-03-26 14:24:43,917 - INFO - [36m(setup pid=5179, ip=172.31.45.74)[0m  + msgpack==1.1.2
2026-03-26 14:24:43,917 - INFO - [36m(setup pid=5179, ip=172.31.45.74)[0m  + msgspec==0.20.0
2026-03-26 14:24:43,917 - INFO - [36m(setup pid=5179, ip=172.31.45.74)[0m  + networkx==3.6.1
2026-03-26 14:24:43,917 - INFO - [36m(setup pid=5179, ip=172.31.45.74)[0m  + ninja==1.13.0
2026-03-26 14:24:43,917 - INFO - [36m(setup pid=5179, ip=172.31.45.74)[0m  + numba==0.61.2
2026-03-26 14:24:43,917 - INFO - [36m(setup pid=5179, ip=172.31.45.74)[0m  - numpy==2.4.3
2026-03-26 14:24:43,917 - INFO - [36m(setup pid=5179, ip=172.31.45.74)[0m  + numpy==2.2.6
2026-03-26 14:24:43,917 - INFO - [36m(setup pid=5179, ip=172.31.45.74)[0m  + nvidia-cublas-cu12==12.6.4.1
2026-03-26 14:24:43,917 - INFO - [36m(setup pid=5179, ip=172.31.45.74)[0m  + nvidia-cuda-cupti-cu12==12.6.80
2026-03-26 14:24:43,917 - INFO - [36m(setup pid=5179, ip=172.31.45.74)[0m  + nvidia-cuda-nvrtc-cu12==12.6.77
2026-03-26 14:24:43,917 - INFO - [36m(setup pid=5179, ip=172.31.45.74)[0m  + nvidia-cuda-runtime-cu12==12.6.77
2026-03-26 14:24:43,917 - INFO - [36m(setup pid=5179, ip=172.31.45.74)[0m  + nvidia-cudnn-cu12==9.5.1.17
2026-03-26 14:24:43,917 - INFO - [36m(setup pid=5179, ip=172.31.45.74)[0m  + nvidia-cufft-cu12==11.3.0.4
2026-03-26 14:24:43,917 - INFO - [36m(setup pid=5179, ip=172.31.45.74)[0m  + nvidia-cufile-cu12==1.11.1.6
2026-03-26 14:24:43,917 - INFO - [36m(setup pid=5179, ip=172.31.45.74)[0m  + nvidia-curand-cu12==10.3.7.77
2026-03-26 14:24:43,917 - INFO - [36m(setup pid=5179, ip=172.31.45.74)[0m  + nvidia-cusolver-cu12==11.7.1.2
2026-03-26 14:24:43,917 - INFO - [36m(setup pid=5179, ip=172.31.45.74)[0m  + nvidia-cusparse-cu12==12.5.4.2
2026-03-26 14:24:43,917 - INFO - [36m(setup pid=5179, ip=172.31.45.74)[0m  + nvidia-cusparselt-cu12==0.6.3
2026-03-26 14:24:43,917 - INFO - [36m(setup pid=5179, ip=172.31.45.74)[0m  + nvidia-nccl-cu12==2.26.2
2026-03-26 14:24:43,917 - INFO - [36m(setup pid=5179, ip=172.31.45.74)[0m  + nvidia-nvjitlink-cu12==12.6.85
2026-03-26 14:24:43,917 - INFO - [36m(setup pid=5179, ip=172.31.45.74)[0m  + nvidia-nvtx-cu12==12.6.77
2026-03-26 14:24:43,917 - INFO - [36m(setup pid=5179, ip=172.31.45.74)[0m  + openai==1.90.0
2026-03-26 14:24:43,917 - INFO - [36m(setup pid=5179, ip=172.31.45.74)[0m  + opencv-python-headless==4.13.0.92
2026-03-26 14:24:43,917 - INFO - [36m(setup pid=5179, ip=172.31.45.74)[0m  + outlines-core==0.2.10
2026-03-26 14:24:43,917 - INFO - [36m(setup pid=5179, ip=172.31.45.74)[0m  + partial-json-parser==0.2.1.1.post7
2026-03-26 14:24:43,917 - INFO - [36m(setup pid=5179, ip=172.31.45.74)[0m  + pillow==12.1.1
2026-03-26 14:24:43,917 - INFO - [36m(setup pid=5179, ip=172.31.45.74)[0m  + prometheus-client==0.24.1
2026-03-26 14:24:43,917 - INFO - [36m(setup pid=5179, ip=172.31.45.74)[0m  + prometheus-fastapi-instrumentator==7.1.0
2026-03-26 14:24:43,917 - INFO - [36m(setup pid=5179, ip=172.31.45.74)[0m  + protobuf==7.34.1
2026-03-26 14:24:43,917 - INFO - [36m(setup pid=5179, ip=172.31.45.74)[0m  + psutil==7.2.2
2026-03-26 14:24:43,917 - INFO - [36m(setup pid=5179, ip=172.31.45.74)[0m  + py-cpuinfo==9.0.0
2026-03-26 14:24:43,917 - INFO - [36m(setup pid=5179, ip=172.31.45.74)[0m  + pybase64==1.4.3
2026-03-26 14:24:43,917 - INFO - [36m(setup pid=5179, ip=172.31.45.74)[0m  + pycountry==26.2.16
2026-03-26 14:24:43,917 - INFO - [36m(setup pid=5179, ip=172.31.45.74)[0m  + pycparser==3.0
2026-03-26 14:24:43,917 - INFO - [36m(setup pid=5179, ip=172.31.45.74)[0m  + pydantic==2.12.5
2026-03-26 14:24:43,917 - INFO - [36m(setup pid=5179, ip=172.31.45.74)[0m  + pydantic-core==2.41.5
2026-03-26 14:24:43,917 - INFO - [36m(setup pid=5179, ip=172.31.45.74)[0m  + pydantic-extra-types==2.11.1
2026-03-26 14:24:43,917 - INFO - [36m(setup pid=5179, ip=172.31.45.74)[0m  + pydantic-settings==2.13.1
2026-03-26 14:24:43,917 - INFO - [36m(setup pid=5179, ip=172.31.45.74)[0m  + python-dotenv==1.2.2
2026-03-26 14:24:43,917 - INFO - [36m(setup pid=5179, ip=172.31.45.74)[0m  + python-json-logger==4.0.0
2026-03-26 14:24:43,917 - INFO - [36m(setup pid=5179, ip=172.31.45.74)[0m  + python-multipart==0.0.22
2026-03-26 14:24:43,917 - INFO - [36m(setup pid=5179, ip=172.31.45.74)[0m  + pyzmq==27.1.0
2026-03-26 14:24:43,917 - INFO - [36m(setup pid=5179, ip=172.31.45.74)[0m  + ray==2.54.1
2026-03-26 14:24:43,918 - INFO - [36m(setup pid=5179, ip=172.31.45.74)[0m  + referencing==0.37.0
2026-03-26 14:24:43,918 - INFO - [36m(setup pid=5179, ip=172.31.45.74)[0m  + regex==2026.2.28
2026-03-26 14:24:43,918 - INFO - [36m(setup pid=5179, ip=172.31.45.74)[0m  + rich-toolkit==0.19.7
2026-03-26 14:24:43,918 - INFO - [36m(setup pid=5179, ip=172.31.45.74)[0m  + rignore==0.7.6
2026-03-26 14:24:43,918 - INFO - [36m(setup pid=5179, ip=172.31.45.74)[0m  + rpds-py==0.30.0
2026-03-26 14:24:43,918 - INFO - [36m(setup pid=5179, ip=172.31.45.74)[0m  + safetensors==0.7.0
2026-03-26 14:24:43,918 - INFO - [36m(setup pid=5179, ip=172.31.45.74)[0m  + scipy==1.17.1
2026-03-26 14:24:43,918 - INFO - [36m(setup pid=5179, ip=172.31.45.74)[0m  + sentencepiece==0.2.1
2026-03-26 14:24:43,918 - INFO - [36m(setup pid=5179, ip=172.31.45.74)[0m  + sentry-sdk==2.56.0
2026-03-26 14:24:43,918 - INFO - [36m(setup pid=5179, ip=172.31.45.74)[0m  + setuptools==79.0.1
2026-03-26 14:24:43,918 - INFO - [36m(setup pid=5179, ip=172.31.45.74)[0m  + sniffio==1.3.1
2026-03-26 14:24:43,918 - INFO - [36m(setup pid=5179, ip=172.31.45.74)[0m  + soundfile==0.13.1
2026-03-26 14:24:43,918 - INFO - [36m(setup pid=5179, ip=172.31.45.74)[0m  + soxr==1.0.0
2026-03-26 14:24:43,918 - INFO - [36m(setup pid=5179, ip=172.31.45.74)[0m  + starlette==0.52.1
2026-03-26 14:24:43,918 - INFO - [36m(setup pid=5179, ip=172.31.45.74)[0m  + sympy==1.14.0
2026-03-26 14:24:43,918 - INFO - [36m(setup pid=5179, ip=172.31.45.74)[0m  + tiktoken==0.12.0
2026-03-26 14:24:43,918 - INFO - [36m(setup pid=5179, ip=172.31.45.74)[0m  + tokenizers==0.22.2
2026-03-26 14:24:43,918 - INFO - [36m(setup pid=5179, ip=172.31.45.74)[0m  + torch==2.7.1
2026-03-26 14:24:43,918 - INFO - [36m(setup pid=5179, ip=172.31.45.74)[0m  + torchaudio==2.7.1
2026-03-26 14:24:43,918 - INFO - [36m(setup pid=5179, ip=172.31.45.74)[0m  + torchvision==0.22.1
2026-03-26 14:24:43,918 - INFO - [36m(setup pid=5179, ip=172.31.45.74)[0m  + transformers==5.3.0
2026-03-26 14:24:43,918 - INFO - [36m(setup pid=5179, ip=172.31.45.74)[0m  + triton==3.3.1
2026-03-26 14:24:43,918 - INFO - [36m(setup pid=5179, ip=172.31.45.74)[0m  + typing-inspection==0.4.2
2026-03-26 14:24:43,918 - INFO - [36m(setup pid=5179, ip=172.31.45.74)[0m  + uvicorn==0.42.0
2026-03-26 14:24:43,918 - INFO - [36m(setup pid=5179, ip=172.31.45.74)[0m  + uvloop==0.22.1
2026-03-26 14:24:43,918 - INFO - [36m(setup pid=5179, ip=172.31.45.74)[0m  + vllm==0.10.0
2026-03-26 14:24:43,918 - INFO - [36m(setup pid=5179, ip=172.31.45.74)[0m  + watchfiles==1.1.1
2026-03-26 14:24:43,918 - INFO - [36m(setup pid=5179, ip=172.31.45.74)[0m  + websockets==16.0
2026-03-26 14:24:43,918 - INFO - [36m(setup pid=5179, ip=172.31.45.74)[0m  + xformers==0.0.31
2026-03-26 14:24:43,918 - INFO - [36m(setup pid=5179, ip=172.31.45.74)[0m  + xgrammar==0.1.21
2026-03-26 14:24:43,918 - INFO - [36m(setup pid=5179, ip=172.31.45.74)[0m + echo '=== Pinning transformers==4.57.3 (avoid 5.x breaking changes) ==='
2026-03-26 14:24:43,918 - INFO - [36m(setup pid=5179, ip=172.31.45.74)[0m === Pinning transformers==4.57.3 (avoid 5.x breaking changes) ===
2026-03-26 14:24:43,918 - INFO - [36m(setup pid=5179, ip=172.31.45.74)[0m + uv pip install transformers==4.57.3
2026-03-26 14:24:43,918 - INFO - [36m(setup pid=5179, ip=172.31.45.74)[0m Resolved 18 packages in 62ms
2026-03-26 14:24:43,918 - INFO - [36m(setup pid=5179, ip=172.31.45.74)[0m Downloading transformers (11.4MiB)
2026-03-26 14:24:43,918 - INFO - [36m(setup pid=6522)[0m Installed 106 packages in 692ms
2026-03-26 14:24:44,619 - INFO - [36m(setup pid=6522)[0m  + annotated-types==0.7.0
2026-03-26 14:24:44,620 - INFO - [36m(setup pid=6522)[0m  + astor==0.8.1
2026-03-26 14:24:44,620 - INFO - [36m(setup pid=6522)[0m  + blake3==1.0.8
2026-03-26 14:24:44,620 - INFO - [36m(setup pid=6522)[0m  + cachetools==7.0.5
2026-03-26 14:24:44,620 - INFO - [36m(setup pid=6522)[0m  + cbor2==5.9.0
2026-03-26 14:24:44,620 - INFO - [36m(setup pid=6522)[0m  + cffi==2.0.0
2026-03-26 14:24:44,620 - INFO - [36m(setup pid=6522)[0m  + cloudpickle==3.1.2
2026-03-26 14:24:44,620 - INFO - [36m(setup pid=6522)[0m  + compressed-tensors==0.10.2
2026-03-26 14:24:44,620 - INFO - [36m(setup pid=6522)[0m  + cuda-pathfinder==1.5.0
2026-03-26 14:24:44,620 - INFO - [36m(setup pid=6522)[0m  + cupy-cuda12x==14.0.1
2026-03-26 14:24:44,620 - INFO - [36m(setup pid=6522)[0m  + depyf==0.19.0
2026-03-26 14:24:44,620 - INFO - [36m(setup pid=6522)[0m  + diskcache==5.6.3
2026-03-26 14:24:44,620 - INFO - [36m(setup pid=6522)[0m  + distro==1.9.0
2026-03-26 14:24:44,620 - INFO - [36m(setup pid=6522)[0m  + dnspython==2.8.0
2026-03-26 14:24:44,620 - INFO - [36m(setup pid=6522)[0m  + einops==0.8.2
2026-03-26 14:24:44,620 - INFO - [36m(setup pid=6522)[0m  + email-validator==2.3.0
2026-03-26 14:24:44,620 - INFO - [36m(setup pid=6522)[0m  + fastapi==0.135.2
2026-03-26 14:24:44,620 - INFO - [36m(setup pid=6522)[0m  + fastapi-cli==0.0.24
2026-03-26 14:24:44,620 - INFO - [36m(setup pid=6522)[0m  + fastapi-cloud-cli==0.15.0
2026-03-26 14:24:44,620 - INFO - [36m(setup pid=6522)[0m  + fastar==0.9.0
2026-03-26 14:24:44,620 - INFO - [36m(setup pid=6522)[0m  + gguf==0.18.0
2026-03-26 14:24:44,620 - INFO - [36m(setup pid=6522)[0m  + httptools==0.7.1
2026-03-26 14:24:44,620 - INFO - [36m(setup pid=6522)[0m  + interegular==0.3.3
2026-03-26 14:24:44,620 - INFO - [36m(setup pid=6522)[0m  + jinja2==3.1.6
2026-03-26 14:24:44,620 - INFO - [36m(setup pid=6522)[0m  + jiter==0.13.0
2026-03-26 14:24:44,620 - INFO - [36m(setup pid=6522)[0m  + jsonschema==4.26.0
2026-03-26 14:24:44,620 - INFO - [36m(setup pid=6522)[0m  + jsonschema-specifications==2025.9.1
2026-03-26 14:24:44,620 - INFO - [36m(setup pid=6522)[0m  + lark==1.2.2
2026-03-26 14:24:44,620 - INFO - [36m(setup pid=6522)[0m  + llguidance==0.7.30
2026-03-26 14:24:44,620 - INFO - [36m(setup pid=6522)[0m  + llvmlite==0.44.0
2026-03-26 14:24:44,620 - INFO - [36m(setup pid=6522)[0m  + lm-format-enforcer==0.10.12
2026-03-26 14:24:44,620 - INFO - [36m(setup pid=6522)[0m  + markupsafe==3.0.3
2026-03-26 14:24:44,620 - INFO - [36m(setup pid=6522)[0m  + mistral-common==1.10.0
2026-03-26 14:24:44,620 - INFO - [36m(setup pid=6522)[0m  + mpmath==1.3.0
2026-03-26 14:24:44,620 - INFO - [36m(setup pid=6522)[0m  + msgpack==1.1.2
2026-03-26 14:24:44,620 - INFO - [36m(setup pid=6522)[0m  + msgspec==0.20.0
2026-03-26 14:24:44,620 - INFO - [36m(setup pid=6522)[0m  + networkx==3.6.1
2026-03-26 14:24:44,620 - INFO - [36m(setup pid=6522)[0m  + ninja==1.13.0
2026-03-26 14:24:44,620 - INFO - [36m(setup pid=6522)[0m  + numba==0.61.2
2026-03-26 14:24:44,620 - INFO - [36m(setup pid=6522)[0m  - numpy==2.4.3
2026-03-26 14:24:44,620 - INFO - [36m(setup pid=6522)[0m  + numpy==2.2.6
2026-03-26 14:24:44,620 - INFO - [36m(setup pid=6522)[0m  + nvidia-cublas-cu12==12.6.4.1
2026-03-26 14:24:44,620 - INFO - [36m(setup pid=6522)[0m  + nvidia-cuda-cupti-cu12==12.6.80
2026-03-26 14:24:44,620 - INFO - [36m(setup pid=6522)[0m  + nvidia-cuda-nvrtc-cu12==12.6.77
2026-03-26 14:24:44,620 - INFO - [36m(setup pid=6522)[0m  + nvidia-cuda-runtime-cu12==12.6.77
2026-03-26 14:24:44,620 - INFO - [36m(setup pid=6522)[0m  + nvidia-cudnn-cu12==9.5.1.17
2026-03-26 14:24:44,620 - INFO - [36m(setup pid=6522)[0m  + nvidia-cufft-cu12==11.3.0.4
2026-03-26 14:24:44,620 - INFO - [36m(setup pid=6522)[0m  + nvidia-cufile-cu12==1.11.1.6
2026-03-26 14:24:44,620 - INFO - [36m(setup pid=6522)[0m  + nvidia-curand-cu12==10.3.7.77
2026-03-26 14:24:44,620 - INFO - [36m(setup pid=6522)[0m  + nvidia-cusolver-cu12==11.7.1.2
2026-03-26 14:24:44,620 - INFO - [36m(setup pid=6522)[0m  + nvidia-cusparse-cu12==12.5.4.2
2026-03-26 14:24:44,620 - INFO - [36m(setup pid=6522)[0m  + nvidia-cusparselt-cu12==0.6.3
2026-03-26 14:24:44,620 - INFO - [36m(setup pid=6522)[0m  + nvidia-nccl-cu12==2.26.2
2026-03-26 14:24:44,621 - INFO - [36m(setup pid=6522)[0m  + nvidia-nvjitlink-cu12==12.6.85
2026-03-26 14:24:44,621 - INFO - [36m(setup pid=6522)[0m  + nvidia-nvtx-cu12==12.6.77
2026-03-26 14:24:44,621 - INFO - [36m(setup pid=6522)[0m  + openai==1.90.0
2026-03-26 14:24:44,621 - INFO - [36m(setup pid=6522)[0m  + opencv-python-headless==4.13.0.92
2026-03-26 14:24:44,621 - INFO - [36m(setup pid=6522)[0m  + outlines-core==0.2.10
2026-03-26 14:24:44,621 - INFO - [36m(setup pid=6522)[0m  + partial-json-parser==0.2.1.1.post7
2026-03-26 14:24:44,621 - INFO - [36m(setup pid=6522)[0m  + pillow==12.1.1
2026-03-26 14:24:44,621 - INFO - [36m(setup pid=6522)[0m  + prometheus-client==0.24.1
2026-03-26 14:24:44,621 - INFO - [36m(setup pid=6522)[0m  + prometheus-fastapi-instrumentator==7.1.0
2026-03-26 14:24:44,621 - INFO - [36m(setup pid=6522)[0m  + protobuf==7.34.1
2026-03-26 14:24:44,621 - INFO - [36m(setup pid=6522)[0m  + psutil==7.2.2
2026-03-26 14:24:44,621 - INFO - [36m(setup pid=6522)[0m  + py-cpuinfo==9.0.0
2026-03-26 14:24:44,621 - INFO - [36m(setup pid=6522)[0m  + pybase64==1.4.3
2026-03-26 14:24:44,621 - INFO - [36m(setup pid=6522)[0m  + pycountry==26.2.16
2026-03-26 14:24:44,621 - INFO - [36m(setup pid=6522)[0m  + pycparser==3.0
2026-03-26 14:24:44,621 - INFO - [36m(setup pid=6522)[0m  + pydantic==2.12.5
2026-03-26 14:24:44,621 - INFO - [36m(setup pid=6522)[0m  + pydantic-core==2.41.5
2026-03-26 14:24:44,621 - INFO - [36m(setup pid=6522)[0m  + pydantic-extra-types==2.11.1
2026-03-26 14:24:44,621 - INFO - [36m(setup pid=6522)[0m  + pydantic-settings==2.13.1
2026-03-26 14:24:44,621 - INFO - [36m(setup pid=6522)[0m  + python-dotenv==1.2.2
2026-03-26 14:24:44,621 - INFO - [36m(setup pid=6522)[0m  + python-json-logger==4.0.0
2026-03-26 14:24:44,621 - INFO - [36m(setup pid=6522)[0m  + python-multipart==0.0.22
2026-03-26 14:24:44,621 - INFO - [36m(setup pid=6522)[0m  + pyzmq==27.1.0
2026-03-26 14:24:44,621 - INFO - [36m(setup pid=6522)[0m  + ray==2.54.1
2026-03-26 14:24:44,621 - INFO - [36m(setup pid=6522)[0m  + referencing==0.37.0
2026-03-26 14:24:44,621 - INFO - [36m(setup pid=6522)[0m  + regex==2026.2.28
2026-03-26 14:24:44,621 - INFO - [36m(setup pid=6522)[0m  + rich-toolkit==0.19.7
2026-03-26 14:24:44,621 - INFO - [36m(setup pid=6522)[0m  + rignore==0.7.6
2026-03-26 14:24:44,621 - INFO - [36m(setup pid=6522)[0m  + rpds-py==0.30.0
2026-03-26 14:24:44,621 - INFO - [36m(setup pid=6522)[0m  + safetensors==0.7.0
2026-03-26 14:24:44,621 - INFO - [36m(setup pid=6522)[0m  + scipy==1.17.1
2026-03-26 14:24:44,621 - INFO - [36m(setup pid=6522)[0m  + sentencepiece==0.2.1
2026-03-26 14:24:44,621 - INFO - [36m(setup pid=6522)[0m  + sentry-sdk==2.56.0
2026-03-26 14:24:44,621 - INFO - [36m(setup pid=6522)[0m  + setuptools==79.0.1
2026-03-26 14:24:44,621 - INFO - [36m(setup pid=6522)[0m  + sniffio==1.3.1
2026-03-26 14:24:44,621 - INFO - [36m(setup pid=6522)[0m  + soundfile==0.13.1
2026-03-26 14:24:44,621 - INFO - [36m(setup pid=6522)[0m  + soxr==1.0.0
2026-03-26 14:24:44,621 - INFO - [36m(setup pid=6522)[0m  + starlette==0.52.1
2026-03-26 14:24:44,621 - INFO - [36m(setup pid=6522)[0m  + sympy==1.14.0
2026-03-26 14:24:44,621 - INFO - [36m(setup pid=6522)[0m  + tiktoken==0.12.0
2026-03-26 14:24:44,621 - INFO - [36m(setup pid=6522)[0m  + tokenizers==0.22.2
2026-03-26 14:24:44,621 - INFO - [36m(setup pid=6522)[0m  + torch==2.7.1
2026-03-26 14:24:44,621 - INFO - [36m(setup pid=6522)[0m  + torchaudio==2.7.1
2026-03-26 14:24:44,621 - INFO - [36m(setup pid=6522)[0m  + torchvision==0.22.1
2026-03-26 14:24:44,621 - INFO - [36m(setup pid=6522)[0m  + transformers==5.3.0
2026-03-26 14:24:44,621 - INFO - [36m(setup pid=6522)[0m  + triton==3.3.1
2026-03-26 14:24:44,621 - INFO - [36m(setup pid=6522)[0m  + typing-inspection==0.4.2
2026-03-26 14:24:44,621 - INFO - [36m(setup pid=6522)[0m  + uvicorn==0.42.0
2026-03-26 14:24:44,621 - INFO - [36m(setup pid=6522)[0m  + uvloop==0.22.1
2026-03-26 14:24:44,621 - INFO - [36m(setup pid=6522)[0m  + vllm==0.10.0
2026-03-26 14:24:44,621 - INFO - [36m(setup pid=6522)[0m  + watchfiles==1.1.1
2026-03-26 14:24:44,621 - INFO - [36m(setup pid=6522)[0m  + websockets==16.0
2026-03-26 14:24:44,621 - INFO - [36m(setup pid=6522)[0m  + xformers==0.0.31
2026-03-26 14:24:44,621 - INFO - [36m(setup pid=6522)[0m  + xgrammar==0.1.21
2026-03-26 14:24:44,621 - INFO - [36m(setup pid=6522)[0m + echo '=== Pinning transformers==4.57.3 (avoid 5.x breaking changes) ==='
2026-03-26 14:24:44,621 - INFO - [36m(setup pid=6522)[0m === Pinning transformers==4.57.3 (avoid 5.x breaking changes) ===
2026-03-26 14:24:44,621 - INFO - [36m(setup pid=6522)[0m + uv pip install transformers==4.57.3
2026-03-26 14:24:44,621 - INFO - [36m(setup pid=5179, ip=172.31.45.74)[0m  Downloaded transformers
2026-03-26 14:24:44,621 - INFO - [36m(setup pid=5179, ip=172.31.45.74)[0m Prepared 2 packages in 304ms
2026-03-26 14:24:44,621 - INFO - [36m(setup pid=5179, ip=172.31.45.74)[0m Uninstalled 2 packages in 54ms
2026-03-26 14:24:44,621 - INFO - [36m(setup pid=6522)[0m Resolved 18 packages in 68ms
2026-03-26 14:24:44,621 - INFO - [36m(setup pid=6522)[0m Downloading transformers (11.4MiB)
2026-03-26 14:24:44,621 - INFO - [36m(setup pid=5179, ip=172.31.45.74)[0m Installed 2 packages in 43ms
2026-03-26 14:24:44,621 - INFO - [36m(setup pid=5179, ip=172.31.45.74)[0m  - huggingface-hub==1.8.0
2026-03-26 14:24:44,621 - INFO - [36m(setup pid=5179, ip=172.31.45.74)[0m  + huggingface-hub==0.36.2
2026-03-26 14:24:44,621 - INFO - [36m(setup pid=5179, ip=172.31.45.74)[0m  - transformers==5.3.0
2026-03-26 14:24:44,621 - INFO - [36m(setup pid=5179, ip=172.31.45.74)[0m  + transformers==4.57.3
2026-03-26 14:24:44,621 - INFO - [36m(setup pid=5179, ip=172.31.45.74)[0m + echo '=== PyTorch CUDA Check ==='
2026-03-26 14:24:44,621 - INFO - [36m(setup pid=5179, ip=172.31.45.74)[0m === PyTorch CUDA Check ===
2026-03-26 14:24:44,621 - INFO - [36m(setup pid=5179, ip=172.31.45.74)[0m + python3 -c 'import torch; print('\''torch.cuda.is_available():'\'', torch.cuda.is_available()); print('\''torch.version.cuda:'\'', torch.version.cuda); print('\''torch.__version__:'\'', torch.__version__); print('\''torch.cuda.device_count():'\'', torch.cuda.device_count() if torch.cuda.is_available() else '\''N/A'\'')'
2026-03-26 14:24:44,621 - INFO - [36m(setup pid=6522)[0m  Downloaded transformers
2026-03-26 14:24:44,621 - INFO - [36m(setup pid=6522)[0m Prepared 2 packages in 417ms
2026-03-26 14:24:44,621 - INFO - [36m(setup pid=6522)[0m Uninstalled 2 packages in 55ms
2026-03-26 14:24:44,621 - INFO - [36m(setup pid=6522)[0m Installed 2 packages in 50ms
2026-03-26 14:24:52,670 - INFO - [36m(setup pid=6522)[0m  - huggingface-hub==1.8.0
2026-03-26 14:24:52,670 - INFO - [36m(setup pid=6522)[0m  + huggingface-hub==0.36.2
2026-03-26 14:24:52,670 - INFO - [36m(setup pid=6522)[0m  - transformers==5.3.0
2026-03-26 14:24:52,670 - INFO - [36m(setup pid=6522)[0m  + transformers==4.57.3
2026-03-26 14:24:52,670 - INFO - [36m(setup pid=6522)[0m + echo '=== PyTorch CUDA Check ==='
2026-03-26 14:24:52,670 - INFO - [36m(setup pid=6522)[0m === PyTorch CUDA Check ===
2026-03-26 14:24:52,670 - INFO - [36m(setup pid=6522)[0m + python3 -c 'import torch; print('\''torch.cuda.is_available():'\'', torch.cuda.is_available()); print('\''torch.version.cuda:'\'', torch.version.cuda); print('\''torch.__version__:'\'', torch.__version__); print('\''torch.cuda.device_count():'\'', torch.cuda.device_count() if torch.cuda.is_available() else '\''N/A'\'')'
2026-03-26 14:24:52,670 - INFO - [36m(setup pid=5179, ip=172.31.45.74)[0m torch.cuda.is_available(): True
2026-03-26 14:24:53,274 - INFO - [36m(setup pid=5179, ip=172.31.45.74)[0m torch.version.cuda: 12.6
2026-03-26 14:24:53,274 - INFO - [36m(setup pid=5179, ip=172.31.45.74)[0m torch.__version__: 2.7.1+cu126
2026-03-26 14:24:53,274 - INFO - [36m(setup pid=5179, ip=172.31.45.74)[0m torch.cuda.device_count(): 8
2026-03-26 14:24:53,274 - INFO - [36m(setup pid=6522)[0m torch.cuda.is_available(): True
2026-03-26 14:24:54,281 - INFO - [36m(setup pid=6522)[0m torch.version.cuda: 12.6
2026-03-26 14:24:54,281 - INFO - [36m(setup pid=6522)[0m torch.__version__: 2.7.1+cu126
2026-03-26 14:24:54,281 - INFO - [36m(setup pid=6522)[0m torch.cuda.device_count(): 8
2026-03-26 14:24:54,281 - INFO - [36m(setup pid=5179, ip=172.31.45.74)[0m + echo ===========================
2026-03-26 14:24:54,883 - INFO - [36m(setup pid=5179, ip=172.31.45.74)[0m ===========================
2026-03-26 14:24:54,883 - INFO - [36m(setup pid=5179, ip=172.31.45.74)[0m + echo '=== Setup complete ==='
2026-03-26 14:24:54,883 - INFO - [36m(setup pid=5179, ip=172.31.45.74)[0m === Setup complete ===
2026-03-26 14:24:54,884 - INFO - [36m(setup pid=6522)[0m + echo ===========================
2026-03-26 14:24:55,486 - INFO - [36m(setup pid=6522)[0m ===========================
2026-03-26 14:24:55,486 - INFO - [36m(setup pid=6522)[0m + echo '=== Setup complete ==='
2026-03-26 14:24:55,486 - INFO - [36m(setup pid=6522)[0m === Setup complete ===
2026-03-26 14:24:55,486 - INFO - [36m(worker1, rank=1, pid=5179, ip=172.31.45.74)[0m + export LD_LIBRARY_PATH=/usr/local/cuda/lib64:/usr/local/cuda/targets/x86_64-linux/lib:/usr/local/cuda-12.8/lib:/usr/local/cuda-12.8/lib64:/usr/local/cuda-12.8:/usr/local/cuda-12.8/targets/x86_64-linux/lib/:/usr/local/cuda-12.8/extras/CUPTI/lib64:/opt/amazon/efa/lib:/opt/amazon/openmpi/lib:/opt/amazon/ofi-nccl/lib/x86_64-linux-gnu:/usr/local/lib:/usr/lib:/usr/local/cuda-12.8/lib:/usr/local/cuda-12.8/lib64:/usr/local/cuda-12.8:/usr/local/cuda-12.8/targets/x86_64-linux/lib/:/usr/local/cuda-12.8/extras/CUPTI/lib64:/opt/amazon/efa/lib:/opt/amazon/openmpi/lib:/opt/amazon/ofi-nccl/lib/x86_64-linux-gnu:/usr/local/lib:/usr/lib
2026-03-26 14:24:55,789 - INFO - [36m(worker1, rank=1, pid=5179, ip=172.31.45.74)[0m + LD_LIBRARY_PATH=/usr/local/cuda/lib64:/usr/local/cuda/targets/x86_64-linux/lib:/usr/local/cuda-12.8/lib:/usr/local/cuda-12.8/lib64:/usr/local/cuda-12.8:/usr/local/cuda-12.8/targets/x86_64-linux/lib/:/usr/local/cuda-12.8/extras/CUPTI/lib64:/opt/amazon/efa/lib:/opt/amazon/openmpi/lib:/opt/amazon/ofi-nccl/lib/x86_64-linux-gnu:/usr/local/lib:/usr/lib:/usr/local/cuda-12.8/lib:/usr/local/cuda-12.8/lib64:/usr/local/cuda-12.8:/usr/local/cuda-12.8/targets/x86_64-linux/lib/:/usr/local/cuda-12.8/extras/CUPTI/lib64:/opt/amazon/efa/lib:/opt/amazon/openmpi/lib:/opt/amazon/ofi-nccl/lib/x86_64-linux-gnu:/usr/local/lib:/usr/lib
2026-03-26 14:24:55,789 - INFO - [36m(worker1, rank=1, pid=5179, ip=172.31.45.74)[0m + export CUDA_HOME=/usr/local/cuda
2026-03-26 14:24:55,789 - INFO - [36m(worker1, rank=1, pid=5179, ip=172.31.45.74)[0m + CUDA_HOME=/usr/local/cuda
2026-03-26 14:24:55,789 - INFO - [36m(worker1, rank=1, pid=5179, ip=172.31.45.74)[0m + echo '=== Pre-run Diagnostics ==='
2026-03-26 14:24:55,789 - INFO - [36m(worker1, rank=1, pid=5179, ip=172.31.45.74)[0m === Pre-run Diagnostics ===
2026-03-26 14:24:55,789 - INFO - [36m(worker1, rank=1, pid=5179, ip=172.31.45.74)[0m + nvidia-smi
2026-03-26 14:24:55,789 - INFO - [36m(head, rank=0, pid=6522)[0m + export LD_LIBRARY_PATH=/usr/local/cuda/lib64:/usr/local/cuda/targets/x86_64-linux/lib:/usr/local/cuda-12.8/lib:/usr/local/cuda-12.8/lib64:/usr/local/cuda-12.8:/usr/local/cuda-12.8/targets/x86_64-linux/lib/:/usr/local/cuda-12.8/extras/CUPTI/lib64:/opt/amazon/efa/lib:/opt/amazon/openmpi/lib:/opt/amazon/ofi-nccl/lib/x86_64-linux-gnu:/usr/local/lib:/usr/lib:/usr/local/cuda-12.8/lib:/usr/local/cuda-12.8/lib64:/usr/local/cuda-12.8:/usr/local/cuda-12.8/targets/x86_64-linux/lib/:/usr/local/cuda-12.8/extras/CUPTI/lib64:/opt/amazon/efa/lib:/opt/amazon/openmpi/lib:/opt/amazon/ofi-nccl/lib/x86_64-linux-gnu:/usr/local/lib:/usr/lib
2026-03-26 14:24:55,789 - INFO - [36m(head, rank=0, pid=6522)[0m + LD_LIBRARY_PATH=/usr/local/cuda/lib64:/usr/local/cuda/targets/x86_64-linux/lib:/usr/local/cuda-12.8/lib:/usr/local/cuda-12.8/lib64:/usr/local/cuda-12.8:/usr/local/cuda-12.8/targets/x86_64-linux/lib/:/usr/local/cuda-12.8/extras/CUPTI/lib64:/opt/amazon/efa/lib:/opt/amazon/openmpi/lib:/opt/amazon/ofi-nccl/lib/x86_64-linux-gnu:/usr/local/lib:/usr/lib:/usr/local/cuda-12.8/lib:/usr/local/cuda-12.8/lib64:/usr/local/cuda-12.8:/usr/local/cuda-12.8/targets/x86_64-linux/lib/:/usr/local/cuda-12.8/extras/CUPTI/lib64:/opt/amazon/efa/lib:/opt/amazon/openmpi/lib:/opt/amazon/ofi-nccl/lib/x86_64-linux-gnu:/usr/local/lib:/usr/lib
2026-03-26 14:24:55,789 - INFO - [36m(head, rank=0, pid=6522)[0m + export CUDA_HOME=/usr/local/cuda
2026-03-26 14:24:55,789 - INFO - [36m(head, rank=0, pid=6522)[0m + CUDA_HOME=/usr/local/cuda
2026-03-26 14:24:55,789 - INFO - [36m(head, rank=0, pid=6522)[0m + echo '=== Pre-run Diagnostics ==='
2026-03-26 14:24:55,789 - INFO - [36m(head, rank=0, pid=6522)[0m === Pre-run Diagnostics ===
2026-03-26 14:24:55,789 - INFO - [36m(head, rank=0, pid=6522)[0m + nvidia-smi
2026-03-26 14:24:55,789 - INFO - [36m(worker1, rank=1, pid=5179, ip=172.31.45.74)[0m Thu Mar 26 08:54:55 2026
2026-03-26 14:24:56,292 - INFO - [36m(worker1, rank=1, pid=5179, ip=172.31.45.74)[0m +-----------------------------------------------------------------------------------------+
2026-03-26 14:24:56,292 - INFO - [36m(worker1, rank=1, pid=5179, ip=172.31.45.74)[0m | NVIDIA-SMI 570.172.08             Driver Version: 570.172.08     CUDA Version: 12.8     |
2026-03-26 14:24:56,292 - INFO - [36m(worker1, rank=1, pid=5179, ip=172.31.45.74)[0m |-----------------------------------------+------------------------+----------------------+
2026-03-26 14:24:56,292 - INFO - [36m(worker1, rank=1, pid=5179, ip=172.31.45.74)[0m | GPU  Name                 Persistence-M | Bus-Id          Disp.A | Volatile Uncorr. ECC |
2026-03-26 14:24:56,292 - INFO - [36m(worker1, rank=1, pid=5179, ip=172.31.45.74)[0m | Fan  Temp   Perf          Pwr:Usage/Cap |           Memory-Usage | GPU-Util  Compute M. |
2026-03-26 14:24:56,293 - INFO - [36m(worker1, rank=1, pid=5179, ip=172.31.45.74)[0m |                                         |                        |               MIG M. |
2026-03-26 14:24:56,293 - INFO - [36m(worker1, rank=1, pid=5179, ip=172.31.45.74)[0m |=========================================+========================+======================|
2026-03-26 14:24:56,293 - INFO - [36m(worker1, rank=1, pid=5179, ip=172.31.45.74)[0m |   0  NVIDIA A100-SXM4-80GB          On  |   00000000:10:1C.0 Off |                    0 |
2026-03-26 14:24:56,293 - INFO - [36m(worker1, rank=1, pid=5179, ip=172.31.45.74)[0m | N/A   25C    P0             58W /  400W |       0MiB /  81920MiB |      0%      Default |
2026-03-26 14:24:56,293 - INFO - [36m(worker1, rank=1, pid=5179, ip=172.31.45.74)[0m |                                         |                        |             Disabled |
2026-03-26 14:24:56,293 - INFO - [36m(worker1, rank=1, pid=5179, ip=172.31.45.74)[0m +-----------------------------------------+------------------------+----------------------+
2026-03-26 14:24:56,293 - INFO - [36m(worker1, rank=1, pid=5179, ip=172.31.45.74)[0m |   1  NVIDIA A100-SXM4-80GB          On  |   00000000:10:1D.0 Off |                    0 |
2026-03-26 14:24:56,293 - INFO - [36m(worker1, rank=1, pid=5179, ip=172.31.45.74)[0m | N/A   24C    P0             60W /  400W |       0MiB /  81920MiB |      0%      Default |
2026-03-26 14:24:56,293 - INFO - [36m(worker1, rank=1, pid=5179, ip=172.31.45.74)[0m |                                         |                        |             Disabled |
2026-03-26 14:24:56,293 - INFO - [36m(worker1, rank=1, pid=5179, ip=172.31.45.74)[0m +-----------------------------------------+------------------------+----------------------+
2026-03-26 14:24:56,293 - INFO - [36m(head, rank=0, pid=6522)[0m Thu Mar 26 08:54:55 2026
2026-03-26 14:24:56,293 - INFO - [36m(head, rank=0, pid=6522)[0m +-----------------------------------------------------------------------------------------+
2026-03-26 14:24:56,293 - INFO - [36m(head, rank=0, pid=6522)[0m | NVIDIA-SMI 570.172.08             Driver Version: 570.172.08     CUDA Version: 12.8     |
2026-03-26 14:24:56,293 - INFO - [36m(head, rank=0, pid=6522)[0m |-----------------------------------------+------------------------+----------------------+
2026-03-26 14:24:56,293 - INFO - [36m(head, rank=0, pid=6522)[0m | GPU  Name                 Persistence-M | Bus-Id          Disp.A | Volatile Uncorr. ECC |
2026-03-26 14:24:56,293 - INFO - [36m(head, rank=0, pid=6522)[0m | Fan  Temp   Perf          Pwr:Usage/Cap |           Memory-Usage | GPU-Util  Compute M. |
2026-03-26 14:24:56,293 - INFO - [36m(head, rank=0, pid=6522)[0m |                                         |                        |               MIG M. |
2026-03-26 14:24:56,293 - INFO - [36m(head, rank=0, pid=6522)[0m |=========================================+========================+======================|
2026-03-26 14:24:56,293 - INFO - [36m(head, rank=0, pid=6522)[0m |   0  NVIDIA A100-SXM4-80GB          On  |   00000000:10:1C.0 Off |                    0 |
2026-03-26 14:24:56,293 - INFO - [36m(head, rank=0, pid=6522)[0m | N/A   26C    P0             60W /  400W |       0MiB /  81920MiB |      0%      Default |
2026-03-26 14:24:56,293 - INFO - [36m(head, rank=0, pid=6522)[0m |                                         |                        |             Disabled |
2026-03-26 14:24:56,293 - INFO - [36m(head, rank=0, pid=6522)[0m +-----------------------------------------+------------------------+----------------------+
2026-03-26 14:24:56,293 - INFO - [36m(head, rank=0, pid=6522)[0m |   1  NVIDIA A100-SXM4-80GB          On  |   00000000:10:1D.0 Off |                    0 |
2026-03-26 14:24:56,293 - INFO - [36m(head, rank=0, pid=6522)[0m | N/A   25C    P0             62W /  400W |       0MiB /  81920MiB |      0%      Default |
2026-03-26 14:24:56,293 - INFO - [36m(head, rank=0, pid=6522)[0m |                                         |                        |             Disabled |
2026-03-26 14:24:56,293 - INFO - [36m(head, rank=0, pid=6522)[0m +-----------------------------------------+------------------------+----------------------+
2026-03-26 14:24:56,293 - INFO - [36m(head, rank=0, pid=6522)[0m |   2  NVIDIA A100-SXM4-80GB          On  |   00000000:20:1C.0 Off |                    0 |
2026-03-26 14:24:56,293 - INFO - [36m(head, rank=0, pid=6522)[0m | N/A   27C    P0             61W /  400W |       0MiB /  81920MiB |      0%      Default |
2026-03-26 14:24:56,293 - INFO - [36m(head, rank=0, pid=6522)[0m |                                         |                        |             Disabled |
2026-03-26 14:24:56,293 - INFO - [36m(head, rank=0, pid=6522)[0m +-----------------------------------------+------------------------+----------------------+
2026-03-26 14:24:56,293 - INFO - [36m(head, rank=0, pid=6522)[0m |   3  NVIDIA A100-SXM4-80GB          On  |   00000000:20:1D.0 Off |                    0 |
2026-03-26 14:24:56,293 - INFO - [36m(head, rank=0, pid=6522)[0m | N/A   26C    P0             60W /  400W |       0MiB /  81920MiB |      0%      Default |
2026-03-26 14:24:56,293 - INFO - [36m(head, rank=0, pid=6522)[0m |                                         |                        |             Disabled |
2026-03-26 14:24:56,293 - INFO - [36m(head, rank=0, pid=6522)[0m +-----------------------------------------+------------------------+----------------------+
2026-03-26 14:24:56,293 - INFO - [36m(worker1, rank=1, pid=5179, ip=172.31.45.74)[0m |   2  NVIDIA A100-SXM4-80GB          On  |   00000000:20:1C.0 Off |                    0 |
2026-03-26 14:24:56,293 - INFO - [36m(worker1, rank=1, pid=5179, ip=172.31.45.74)[0m | N/A   25C    P0             60W /  400W |       0MiB /  81920MiB |      0%      Default |
2026-03-26 14:24:56,293 - INFO - [36m(worker1, rank=1, pid=5179, ip=172.31.45.74)[0m |                                         |                        |             Disabled |
2026-03-26 14:24:56,293 - INFO - [36m(worker1, rank=1, pid=5179, ip=172.31.45.74)[0m +-----------------------------------------+------------------------+----------------------+
2026-03-26 14:24:56,293 - INFO - [36m(worker1, rank=1, pid=5179, ip=172.31.45.74)[0m |   3  NVIDIA A100-SXM4-80GB          On  |   00000000:20:1D.0 Off |                    0 |
2026-03-26 14:24:56,293 - INFO - [36m(worker1, rank=1, pid=5179, ip=172.31.45.74)[0m | N/A   24C    P0             58W /  400W |       0MiB /  81920MiB |      0%      Default |
2026-03-26 14:24:56,293 - INFO - [36m(worker1, rank=1, pid=5179, ip=172.31.45.74)[0m |                                         |                        |             Disabled |
2026-03-26 14:24:56,293 - INFO - [36m(worker1, rank=1, pid=5179, ip=172.31.45.74)[0m +-----------------------------------------+------------------------+----------------------+
2026-03-26 14:24:56,293 - INFO - [36m(worker1, rank=1, pid=5179, ip=172.31.45.74)[0m |   4  NVIDIA A100-SXM4-80GB          On  |   00000000:90:1C.0 Off |                    0 |
2026-03-26 14:24:56,293 - INFO - [36m(worker1, rank=1, pid=5179, ip=172.31.45.74)[0m | N/A   26C    P0             62W /  400W |       0MiB /  81920MiB |      0%      Default |
2026-03-26 14:24:56,293 - INFO - [36m(worker1, rank=1, pid=5179, ip=172.31.45.74)[0m |                                         |                        |             Disabled |
2026-03-26 14:24:56,293 - INFO - [36m(worker1, rank=1, pid=5179, ip=172.31.45.74)[0m +-----------------------------------------+------------------------+----------------------+
2026-03-26 14:24:56,293 - INFO - [36m(worker1, rank=1, pid=5179, ip=172.31.45.74)[0m |   5  NVIDIA A100-SXM4-80GB          On  |   00000000:90:1D.0 Off |                    0 |
2026-03-26 14:24:56,293 - INFO - [36m(worker1, rank=1, pid=5179, ip=172.31.45.74)[0m | N/A   25C    P0             63W /  400W |       0MiB /  81920MiB |      0%      Default |
2026-03-26 14:24:56,293 - INFO - [36m(worker1, rank=1, pid=5179, ip=172.31.45.74)[0m |                                         |                        |             Disabled |
2026-03-26 14:24:56,293 - INFO - [36m(worker1, rank=1, pid=5179, ip=172.31.45.74)[0m +-----------------------------------------+------------------------+----------------------+
2026-03-26 14:24:56,293 - INFO - [36m(worker1, rank=1, pid=5179, ip=172.31.45.74)[0m |   6  NVIDIA A100-SXM4-80GB          On  |   00000000:A0:1C.0 Off |                    0 |
2026-03-26 14:24:56,293 - INFO - [36m(worker1, rank=1, pid=5179, ip=172.31.45.74)[0m | N/A   26C    P0             61W /  400W |       0MiB /  81920MiB |      0%      Default |
2026-03-26 14:24:56,293 - INFO - [36m(worker1, rank=1, pid=5179, ip=172.31.45.74)[0m |                                         |                        |             Disabled |
2026-03-26 14:24:56,293 - INFO - [36m(worker1, rank=1, pid=5179, ip=172.31.45.74)[0m +-----------------------------------------+------------------------+----------------------+
2026-03-26 14:24:58,906 - INFO - [36m(worker1, rank=1, pid=5179, ip=172.31.45.74)[0m |   7  NVIDIA A100-SXM4-80GB          On  |   00000000:A0:1D.0 Off |                    0 |
2026-03-26 14:24:58,906 - INFO - [36m(worker1, rank=1, pid=5179, ip=172.31.45.74)[0m | N/A   25C    P0             60W /  400W |       0MiB /  81920MiB |      0%      Default |
2026-03-26 14:24:58,906 - INFO - [36m(worker1, rank=1, pid=5179, ip=172.31.45.74)[0m |                                         |                        |             Disabled |
2026-03-26 14:24:58,906 - INFO - [36m(worker1, rank=1, pid=5179, ip=172.31.45.74)[0m +-----------------------------------------+------------------------+----------------------+
2026-03-26 14:24:58,906 - INFO - [36m(worker1, rank=1, pid=5179, ip=172.31.45.74)[0m
2026-03-26 14:24:58,906 - INFO - [36m(worker1, rank=1, pid=5179, ip=172.31.45.74)[0m +-----------------------------------------------------------------------------------------+
2026-03-26 14:24:58,906 - INFO - [36m(worker1, rank=1, pid=5179, ip=172.31.45.74)[0m | Processes:                                                                              |
2026-03-26 14:24:58,906 - INFO - [36m(worker1, rank=1, pid=5179, ip=172.31.45.74)[0m |  GPU   GI   CI              PID   Type   Process name                        GPU Memory |
2026-03-26 14:24:58,906 - INFO - [36m(worker1, rank=1, pid=5179, ip=172.31.45.74)[0m |        ID   ID                                                               Usage      |
2026-03-26 14:24:58,906 - INFO - [36m(worker1, rank=1, pid=5179, ip=172.31.45.74)[0m |=========================================================================================|
2026-03-26 14:24:58,906 - INFO - [36m(worker1, rank=1, pid=5179, ip=172.31.45.74)[0m |  No running processes found                                                             |
2026-03-26 14:24:58,906 - INFO - [36m(worker1, rank=1, pid=5179, ip=172.31.45.74)[0m +-----------------------------------------------------------------------------------------+
2026-03-26 14:24:58,906 - INFO - [36m(head, rank=0, pid=6522)[0m |   4  NVIDIA A100-SXM4-80GB          On  |   00000000:90:1C.0 Off |                    0 |
2026-03-26 14:24:58,906 - INFO - [36m(head, rank=0, pid=6522)[0m | N/A   27C    P0             60W /  400W |       0MiB /  81920MiB |      0%      Default |
2026-03-26 14:24:58,906 - INFO - [36m(head, rank=0, pid=6522)[0m |                                         |                        |             Disabled |
2026-03-26 14:24:58,906 - INFO - [36m(head, rank=0, pid=6522)[0m +-----------------------------------------+------------------------+----------------------+
2026-03-26 14:24:58,906 - INFO - [36m(head, rank=0, pid=6522)[0m |   5  NVIDIA A100-SXM4-80GB          On  |   00000000:90:1D.0 Off |                    0 |
2026-03-26 14:24:58,906 - INFO - [36m(head, rank=0, pid=6522)[0m | N/A   25C    P0             59W /  400W |       0MiB /  81920MiB |      0%      Default |
2026-03-26 14:24:58,906 - INFO - [36m(head, rank=0, pid=6522)[0m |                                         |                        |             Disabled |
2026-03-26 14:24:58,906 - INFO - [36m(head, rank=0, pid=6522)[0m +-----------------------------------------+------------------------+----------------------+
2026-03-26 14:24:58,906 - INFO - [36m(head, rank=0, pid=6522)[0m |   6  NVIDIA A100-SXM4-80GB          On  |   00000000:A0:1C.0 Off |                    0 |
2026-03-26 14:24:58,906 - INFO - [36m(head, rank=0, pid=6522)[0m | N/A   27C    P0             63W /  400W |       0MiB /  81920MiB |      0%      Default |
2026-03-26 14:24:58,906 - INFO - [36m(head, rank=0, pid=6522)[0m |                                         |                        |             Disabled |
2026-03-26 14:24:58,906 - INFO - [36m(head, rank=0, pid=6522)[0m +-----------------------------------------+------------------------+----------------------+
2026-03-26 14:24:58,906 - INFO - [36m(head, rank=0, pid=6522)[0m |   7  NVIDIA A100-SXM4-80GB          On  |   00000000:A0:1D.0 Off |                    0 |
2026-03-26 14:24:58,906 - INFO - [36m(head, rank=0, pid=6522)[0m | N/A   25C    P0             60W /  400W |       0MiB /  81920MiB |      0%      Default |
2026-03-26 14:24:58,906 - INFO - [36m(head, rank=0, pid=6522)[0m |                                         |                        |             Disabled |
2026-03-26 14:24:58,906 - INFO - [36m(head, rank=0, pid=6522)[0m +-----------------------------------------+------------------------+----------------------+
2026-03-26 14:24:58,906 - INFO - [36m(head, rank=0, pid=6522)[0m
2026-03-26 14:24:58,906 - INFO - [36m(head, rank=0, pid=6522)[0m +-----------------------------------------------------------------------------------------+
2026-03-26 14:24:58,906 - INFO - [36m(head, rank=0, pid=6522)[0m | Processes:                                                                              |
2026-03-26 14:24:58,906 - INFO - [36m(head, rank=0, pid=6522)[0m |  GPU   GI   CI              PID   Type   Process name                        GPU Memory |
2026-03-26 14:24:58,906 - INFO - [36m(head, rank=0, pid=6522)[0m |        ID   ID                                                               Usage      |
2026-03-26 14:24:58,906 - INFO - [36m(head, rank=0, pid=6522)[0m |=========================================================================================|
2026-03-26 14:24:58,906 - INFO - [36m(head, rank=0, pid=6522)[0m |  No running processes found                                                             |
2026-03-26 14:24:58,906 - INFO - [36m(head, rank=0, pid=6522)[0m +-----------------------------------------------------------------------------------------+
2026-03-26 14:24:58,906 - INFO - [36m(head, rank=0, pid=6522)[0m + echo '--- A100 SXM4 Diagnostics ---'
2026-03-26 14:24:59,108 - INFO - [36m(head, rank=0, pid=6522)[0m --- A100 SXM4 Diagnostics ---
2026-03-26 14:24:59,108 - INFO - [36m(head, rank=0, pid=6522)[0m + echo 'Checking NVIDIA Fabric Manager (required for NVSwitch on A100-SXM4)...'
2026-03-26 14:24:59,108 - INFO - [36m(head, rank=0, pid=6522)[0m Checking NVIDIA Fabric Manager (required for NVSwitch on A100-SXM4)...
2026-03-26 14:24:59,108 - INFO - [36m(head, rank=0, pid=6522)[0m + systemctl status nvidia-fabricmanager
2026-03-26 14:24:59,108 - INFO - [36m(worker1, rank=1, pid=5179, ip=172.31.45.74)[0m + echo '--- A100 SXM4 Diagnostics ---'
2026-03-26 14:24:59,108 - INFO - [36m(worker1, rank=1, pid=5179, ip=172.31.45.74)[0m --- A100 SXM4 Diagnostics ---
2026-03-26 14:24:59,108 - INFO - [36m(worker1, rank=1, pid=5179, ip=172.31.45.74)[0m + echo 'Checking NVIDIA Fabric Manager (required for NVSwitch on A100-SXM4)...'
2026-03-26 14:24:59,108 - INFO - [36m(worker1, rank=1, pid=5179, ip=172.31.45.74)[0m Checking NVIDIA Fabric Manager (required for NVSwitch on A100-SXM4)...
2026-03-26 14:24:59,108 - INFO - [36m(worker1, rank=1, pid=5179, ip=172.31.45.74)[0m + systemctl status nvidia-fabricmanager
2026-03-26 14:24:59,108 - INFO - [36m(head, rank=0, pid=6522)[0m ● nvidia-fabricmanager.service - NVIDIA fabric manager service
2026-03-26 14:24:59,108 - INFO - [36m(head, rank=0, pid=6522)[0m      Loaded: loaded (/lib/systemd/system/nvidia-fabricmanager.service; enabled; vendor preset: enabled)
2026-03-26 14:24:59,108 - INFO - [36m(head, rank=0, pid=6522)[0m      Active: active (running) since Thu 2026-03-26 08:52:55 UTC; 2min 2s ago
2026-03-26 14:24:59,108 - INFO - [36m(head, rank=0, pid=6522)[0m    Main PID: 3995 (nv-fabricmanage)
2026-03-26 14:24:59,108 - INFO - [36m(head, rank=0, pid=6522)[0m       Tasks: 19
2026-03-26 14:24:59,108 - INFO - [36m(head, rank=0, pid=6522)[0m      Memory: 26.8M
2026-03-26 14:24:59,108 - INFO - [36m(head, rank=0, pid=6522)[0m         CPU: 11.385s
2026-03-26 14:24:59,108 - INFO - [36m(head, rank=0, pid=6522)[0m      CGroup: /system.slice/nvidia-fabricmanager.service
2026-03-26 14:24:59,108 - INFO - [36m(head, rank=0, pid=6522)[0m              └─3995 /usr/bin/nv-fabricmanager -c /usr/share/nvidia/nvswitch/fabricmanager.cfg
2026-03-26 14:24:59,109 - INFO - [36m(head, rank=0, pid=6522)[0m
2026-03-26 14:24:59,109 - INFO - [36m(head, rank=0, pid=6522)[0m Mar 26 08:52:41 ip-172-31-45-227 systemd[1]: Starting NVIDIA fabric manager service...
2026-03-26 14:24:59,109 - INFO - [36m(head, rank=0, pid=6522)[0m Mar 26 08:52:41 ip-172-31-45-227 nvidia-fabricmanager-start.sh[3963]: Detected Pre-NVL5 system
2026-03-26 14:24:59,109 - INFO - [36m(head, rank=0, pid=6522)[0m Mar 26 08:52:45 ip-172-31-45-227 nv-fabricmanager[3995]: Connected to 1 node.
2026-03-26 14:24:59,109 - INFO - [36m(head, rank=0, pid=6522)[0m Mar 26 08:52:55 ip-172-31-45-227 nv-fabricmanager[3995]: Successfully configured all the available GPUs and NVSwitches to route NVLink traffic.
2026-03-26 14:24:59,109 - INFO - [36m(head, rank=0, pid=6522)[0m Mar 26 08:52:55 ip-172-31-45-227 nvidia-fabricmanager-start.sh[3963]: Started "Nvidia Fabric Manager"
2026-03-26 14:24:59,109 - INFO - [36m(head, rank=0, pid=6522)[0m Mar 26 08:52:55 ip-172-31-45-227 systemd[1]: Started NVIDIA fabric manager service.
2026-03-26 14:24:59,109 - INFO - [36m(head, rank=0, pid=6522)[0m + echo 'Checking for NVLink topology...'
2026-03-26 14:24:59,109 - INFO - [36m(head, rank=0, pid=6522)[0m Checking for NVLink topology...
2026-03-26 14:24:59,109 - INFO - [36m(head, rank=0, pid=6522)[0m + nvidia-smi topo -m
2026-03-26 14:24:59,109 - INFO - [36m(worker1, rank=1, pid=5179, ip=172.31.45.74)[0m ● nvidia-fabricmanager.service - NVIDIA fabric manager service
2026-03-26 14:24:59,815 - INFO - [36m(worker1, rank=1, pid=5179, ip=172.31.45.74)[0m      Loaded: loaded (/lib/systemd/system/nvidia-fabricmanager.service; enabled; vendor preset: enabled)
2026-03-26 14:24:59,815 - INFO - [36m(worker1, rank=1, pid=5179, ip=172.31.45.74)[0m      Active: active (running) since Thu 2026-03-26 08:52:55 UTC; 2min 2s ago
2026-03-26 14:24:59,815 - INFO - [36m(worker1, rank=1, pid=5179, ip=172.31.45.74)[0m     Process: 3988 ExecStart=/usr/bin/nvidia-fabricmanager-start.sh --mode start (code=exited, status=0/SUCCESS)
2026-03-26 14:24:59,815 - INFO - [36m(worker1, rank=1, pid=5179, ip=172.31.45.74)[0m    Main PID: 4023 (nv-fabricmanage)
2026-03-26 14:24:59,815 - INFO - [36m(worker1, rank=1, pid=5179, ip=172.31.45.74)[0m       Tasks: 19
2026-03-26 14:24:59,815 - INFO - [36m(worker1, rank=1, pid=5179, ip=172.31.45.74)[0m      Memory: 26.9M
2026-03-26 14:24:59,815 - INFO - [36m(worker1, rank=1, pid=5179, ip=172.31.45.74)[0m         CPU: 11.369s
2026-03-26 14:24:59,815 - INFO - [36m(worker1, rank=1, pid=5179, ip=172.31.45.74)[0m      CGroup: /system.slice/nvidia-fabricmanager.service
2026-03-26 14:24:59,815 - INFO - [36m(worker1, rank=1, pid=5179, ip=172.31.45.74)[0m              └─4023 /usr/bin/nv-fabricmanager -c /usr/share/nvidia/nvswitch/fabricmanager.cfg
2026-03-26 14:24:59,815 - INFO - [36m(worker1, rank=1, pid=5179, ip=172.31.45.74)[0m
2026-03-26 14:24:59,815 - INFO - [36m(worker1, rank=1, pid=5179, ip=172.31.45.74)[0m Mar 26 08:52:41 ip-172-31-45-74 systemd[1]: Starting NVIDIA fabric manager service...
2026-03-26 14:24:59,815 - INFO - [36m(worker1, rank=1, pid=5179, ip=172.31.45.74)[0m Mar 26 08:52:41 ip-172-31-45-74 nvidia-fabricmanager-start.sh[3988]: Detected Pre-NVL5 system
2026-03-26 14:24:59,815 - INFO - [36m(worker1, rank=1, pid=5179, ip=172.31.45.74)[0m Mar 26 08:52:45 ip-172-31-45-74 nv-fabricmanager[4023]: Connected to 1 node.
2026-03-26 14:24:59,815 - INFO - [36m(worker1, rank=1, pid=5179, ip=172.31.45.74)[0m Mar 26 08:52:55 ip-172-31-45-74 nv-fabricmanager[4023]: Successfully configured all the available GPUs and NVSwitches to route NVLink traffic.
2026-03-26 14:24:59,815 - INFO - [36m(worker1, rank=1, pid=5179, ip=172.31.45.74)[0m Mar 26 08:52:55 ip-172-31-45-74 nvidia-fabricmanager-start.sh[3988]: Started "Nvidia Fabric Manager"
2026-03-26 14:24:59,815 - INFO - [36m(worker1, rank=1, pid=5179, ip=172.31.45.74)[0m Mar 26 08:52:55 ip-172-31-45-74 systemd[1]: Started NVIDIA fabric manager service.
2026-03-26 14:24:59,815 - INFO - [36m(worker1, rank=1, pid=5179, ip=172.31.45.74)[0m + echo 'Checking for NVLink topology...'
2026-03-26 14:24:59,815 - INFO - [36m(worker1, rank=1, pid=5179, ip=172.31.45.74)[0m Checking for NVLink topology...
2026-03-26 14:24:59,815 - INFO - [36m(worker1, rank=1, pid=5179, ip=172.31.45.74)[0m + nvidia-smi topo -m
2026-03-26 14:24:59,815 - INFO - [36m(head, rank=0, pid=6522)[0m 	[4mGPU0	GPU1	GPU2	GPU3	GPU4	GPU5	GPU6	GPU7	CPU Affinity	NUMA Affinity	GPU NUMA ID[0m
2026-03-26 14:24:59,815 - INFO - [36m(head, rank=0, pid=6522)[0m GPU0	 X 	NV12	NV12	NV12	NV12	NV12	NV12	NV12	0-23,48-71	0		N/A
2026-03-26 14:24:59,815 - INFO - [36m(head, rank=0, pid=6522)[0m GPU1	NV12	 X 	NV12	NV12	NV12	NV12	NV12	NV12	0-23,48-71	0		N/A
2026-03-26 14:24:59,815 - INFO - [36m(head, rank=0, pid=6522)[0m GPU2	NV12	NV12	 X 	NV12	NV12	NV12	NV12	NV12	0-23,48-71	0		N/A
2026-03-26 14:24:59,815 - INFO - [36m(head, rank=0, pid=6522)[0m GPU3	NV12	NV12	NV12	 X 	NV12	NV12	NV12	NV12	0-23,48-71	0		N/A
2026-03-26 14:24:59,815 - INFO - [36m(head, rank=0, pid=6522)[0m GPU4	NV12	NV12	NV12	NV12	 X 	NV12	NV12	NV12	24-47,72-95	1		N/A
2026-03-26 14:24:59,815 - INFO - [36m(head, rank=0, pid=6522)[0m GPU5	NV12	NV12	NV12	NV12	NV12	 X 	NV12	NV12	24-47,72-95	1		N/A
2026-03-26 14:24:59,815 - INFO - [36m(head, rank=0, pid=6522)[0m GPU6	NV12	NV12	NV12	NV12	NV12	NV12	 X 	NV12	24-47,72-95	1		N/A
2026-03-26 14:24:59,815 - INFO - [36m(head, rank=0, pid=6522)[0m GPU7	NV12	NV12	NV12	NV12	NV12	NV12	NV12	 X 	24-47,72-95	1		N/A
2026-03-26 14:24:59,815 - INFO - [36m(head, rank=0, pid=6522)[0m
2026-03-26 14:24:59,815 - INFO - [36m(head, rank=0, pid=6522)[0m Legend:
2026-03-26 14:24:59,815 - INFO - [36m(head, rank=0, pid=6522)[0m
2026-03-26 14:24:59,815 - INFO - [36m(head, rank=0, pid=6522)[0m   X    = Self
2026-03-26 14:24:59,815 - INFO - [36m(head, rank=0, pid=6522)[0m   SYS  = Connection traversing PCIe as well as the SMP interconnect between NUMA nodes (e.g., QPI/UPI)
2026-03-26 14:24:59,815 - INFO - [36m(head, rank=0, pid=6522)[0m   NODE = Connection traversing PCIe as well as the interconnect between PCIe Host Bridges within a NUMA node
2026-03-26 14:24:59,815 - INFO - [36m(head, rank=0, pid=6522)[0m   PHB  = Connection traversing PCIe as well as a PCIe Host Bridge (typically the CPU)
2026-03-26 14:24:59,816 - INFO - [36m(head, rank=0, pid=6522)[0m   PXB  = Connection traversing multiple PCIe bridges (without traversing the PCIe Host Bridge)
2026-03-26 14:24:59,816 - INFO - [36m(head, rank=0, pid=6522)[0m   PIX  = Connection traversing at most a single PCIe bridge
2026-03-26 14:24:59,816 - INFO - [36m(head, rank=0, pid=6522)[0m   NV#  = Connection traversing a bonded set of # NVLinks
2026-03-26 14:24:59,816 - INFO - [36m(head, rank=0, pid=6522)[0m + echo '--- NUMA Topology and GPU-NUMA Mapping ---'
2026-03-26 14:24:59,816 - INFO - [36m(head, rank=0, pid=6522)[0m --- NUMA Topology and GPU-NUMA Mapping ---
2026-03-26 14:24:59,816 - INFO - [36m(head, rank=0, pid=6522)[0m + echo 'NUMA hardware layout:'
2026-03-26 14:24:59,816 - INFO - [36m(head, rank=0, pid=6522)[0m NUMA hardware layout:
2026-03-26 14:24:59,816 - INFO - [36m(head, rank=0, pid=6522)[0m + numactl --hardware
2026-03-26 14:24:59,816 - INFO - [36m(head, rank=0, pid=6522)[0m available: 2 nodes (0-1)
2026-03-26 14:24:59,816 - INFO - [36m(head, rank=0, pid=6522)[0m node 0 cpus: 0 1 2 3 4 5 6 7 8 9 10 11 12 13 14 15 16 17 18 19 20 21 22 23 48 49 50 51 52 53 54 55 56 57 58 59 60 61 62 63 64 65 66 67 68 69 70 71
2026-03-26 14:24:59,816 - INFO - [36m(head, rank=0, pid=6522)[0m node 0 size: 574309 MB
2026-03-26 14:24:59,816 - INFO - [36m(head, rank=0, pid=6522)[0m node 0 free: 555040 MB
2026-03-26 14:24:59,816 - INFO - [36m(head, rank=0, pid=6522)[0m node 1 cpus: 24 25 26 27 28 29 30 31 32 33 34 35 36 37 38 39 40 41 42 43 44 45 46 47 72 73 74 75 76 77 78 79 80 81 82 83 84 85 86 87 88 89 90 91 92 93 94 95
2026-03-26 14:24:59,816 - INFO - [36m(head, rank=0, pid=6522)[0m node 1 size: 574411 MB
2026-03-26 14:25:01,327 - INFO - [36m(head, rank=0, pid=6522)[0m node 1 free: 541216 MB
2026-03-26 14:25:01,327 - INFO - [36m(head, rank=0, pid=6522)[0m node distances:
2026-03-26 14:25:01,327 - INFO - [36m(head, rank=0, pid=6522)[0m node   0   1
2026-03-26 14:25:01,327 - INFO - [36m(head, rank=0, pid=6522)[0m   0:  10  21
2026-03-26 14:25:01,327 - INFO - [36m(head, rank=0, pid=6522)[0m   1:  21  10
2026-03-26 14:25:01,327 - INFO - [36m(head, rank=0, pid=6522)[0m + echo ''
2026-03-26 14:25:01,327 - INFO - [36m(head, rank=0, pid=6522)[0m
2026-03-26 14:25:01,327 - INFO - [36m(head, rank=0, pid=6522)[0m + echo 'GPU PCIe Bus IDs and NUMA node assignments:'
2026-03-26 14:25:01,327 - INFO - [36m(head, rank=0, pid=6522)[0m GPU PCIe Bus IDs and NUMA node assignments:
2026-03-26 14:25:01,327 - INFO - [36m(head, rank=0, pid=6522)[0m ++ nvidia-smi --query-gpu=count --format=csv,noheader
2026-03-26 14:25:01,327 - INFO - [36m(head, rank=0, pid=6522)[0m ++ head -1
2026-03-26 14:25:01,327 - INFO - [36m(worker1, rank=1, pid=5179, ip=172.31.45.74)[0m 	[4mGPU0	GPU1	GPU2	GPU3	GPU4	GPU5	GPU6	GPU7	CPU Affinity	NUMA Affinity	GPU NUMA ID[0m
2026-03-26 14:25:01,327 - INFO - [36m(worker1, rank=1, pid=5179, ip=172.31.45.74)[0m GPU0	 X 	NV12	NV12	NV12	NV12	NV12	NV12	NV12	0-23,48-71	0		N/A
2026-03-26 14:25:01,327 - INFO - [36m(worker1, rank=1, pid=5179, ip=172.31.45.74)[0m GPU1	NV12	 X 	NV12	NV12	NV12	NV12	NV12	NV12	0-23,48-71	0		N/A
2026-03-26 14:25:01,327 - INFO - [36m(worker1, rank=1, pid=5179, ip=172.31.45.74)[0m GPU2	NV12	NV12	 X 	NV12	NV12	NV12	NV12	NV12	0-23,48-71	0		N/A
2026-03-26 14:25:01,327 - INFO - [36m(worker1, rank=1, pid=5179, ip=172.31.45.74)[0m GPU3	NV12	NV12	NV12	 X 	NV12	NV12	NV12	NV12	0-23,48-71	0		N/A
2026-03-26 14:25:01,327 - INFO - [36m(worker1, rank=1, pid=5179, ip=172.31.45.74)[0m GPU4	NV12	NV12	NV12	NV12	 X 	NV12	NV12	NV12	24-47,72-95	1		N/A
2026-03-26 14:25:01,327 - INFO - [36m(worker1, rank=1, pid=5179, ip=172.31.45.74)[0m GPU5	NV12	NV12	NV12	NV12	NV12	 X 	NV12	NV12	24-47,72-95	1		N/A
2026-03-26 14:25:01,327 - INFO - [36m(worker1, rank=1, pid=5179, ip=172.31.45.74)[0m GPU6	NV12	NV12	NV12	NV12	NV12	NV12	 X 	NV12	24-47,72-95	1		N/A
2026-03-26 14:25:01,327 - INFO - [36m(worker1, rank=1, pid=5179, ip=172.31.45.74)[0m GPU7	NV12	NV12	NV12	NV12	NV12	NV12	NV12	 X 	24-47,72-95	1		N/A
2026-03-26 14:25:01,327 - INFO - [36m(worker1, rank=1, pid=5179, ip=172.31.45.74)[0m
2026-03-26 14:25:01,327 - INFO - [36m(worker1, rank=1, pid=5179, ip=172.31.45.74)[0m Legend:
2026-03-26 14:25:01,327 - INFO - [36m(worker1, rank=1, pid=5179, ip=172.31.45.74)[0m
2026-03-26 14:25:01,327 - INFO - [36m(worker1, rank=1, pid=5179, ip=172.31.45.74)[0m   X    = Self
2026-03-26 14:25:01,327 - INFO - [36m(worker1, rank=1, pid=5179, ip=172.31.45.74)[0m   SYS  = Connection traversing PCIe as well as the SMP interconnect between NUMA nodes (e.g., QPI/UPI)
2026-03-26 14:25:01,327 - INFO - [36m(worker1, rank=1, pid=5179, ip=172.31.45.74)[0m   NODE = Connection traversing PCIe as well as the interconnect between PCIe Host Bridges within a NUMA node
2026-03-26 14:25:01,327 - INFO - [36m(worker1, rank=1, pid=5179, ip=172.31.45.74)[0m   PHB  = Connection traversing PCIe as well as a PCIe Host Bridge (typically the CPU)
2026-03-26 14:25:01,327 - INFO - [36m(worker1, rank=1, pid=5179, ip=172.31.45.74)[0m   PXB  = Connection traversing multiple PCIe bridges (without traversing the PCIe Host Bridge)
2026-03-26 14:25:01,327 - INFO - [36m(worker1, rank=1, pid=5179, ip=172.31.45.74)[0m   PIX  = Connection traversing at most a single PCIe bridge
2026-03-26 14:25:01,327 - INFO - [36m(worker1, rank=1, pid=5179, ip=172.31.45.74)[0m   NV#  = Connection traversing a bonded set of # NVLinks
2026-03-26 14:25:01,327 - INFO - [36m(worker1, rank=1, pid=5179, ip=172.31.45.74)[0m + echo '--- NUMA Topology and GPU-NUMA Mapping ---'
2026-03-26 14:25:01,327 - INFO - [36m(worker1, rank=1, pid=5179, ip=172.31.45.74)[0m --- NUMA Topology and GPU-NUMA Mapping ---
2026-03-26 14:25:01,327 - INFO - [36m(worker1, rank=1, pid=5179, ip=172.31.45.74)[0m + echo 'NUMA hardware layout:'
2026-03-26 14:25:01,327 - INFO - [36m(worker1, rank=1, pid=5179, ip=172.31.45.74)[0m NUMA hardware layout:
2026-03-26 14:25:01,327 - INFO - [36m(worker1, rank=1, pid=5179, ip=172.31.45.74)[0m + numactl --hardware
2026-03-26 14:25:01,327 - INFO - [36m(worker1, rank=1, pid=5179, ip=172.31.45.74)[0m available: 2 nodes (0-1)
2026-03-26 14:25:01,327 - INFO - [36m(worker1, rank=1, pid=5179, ip=172.31.45.74)[0m node 0 cpus: 0 1 2 3 4 5 6 7 8 9 10 11 12 13 14 15 16 17 18 19 20 21 22 23 48 49 50 51 52 53 54 55 56 57 58 59 60 61 62 63 64 65 66 67 68 69 70 71
2026-03-26 14:25:01,327 - INFO - [36m(worker1, rank=1, pid=5179, ip=172.31.45.74)[0m node 0 size: 574352 MB
2026-03-26 14:25:01,327 - INFO - [36m(worker1, rank=1, pid=5179, ip=172.31.45.74)[0m node 0 free: 558593 MB
2026-03-26 14:25:01,327 - INFO - [36m(worker1, rank=1, pid=5179, ip=172.31.45.74)[0m node 1 cpus: 24 25 26 27 28 29 30 31 32 33 34 35 36 37 38 39 40 41 42 43 44 45 46 47 72 73 74 75 76 77 78 79 80 81 82 83 84 85 86 87 88 89 90 91 92 93 94 95
2026-03-26 14:25:01,327 - INFO - [36m(worker1, rank=1, pid=5179, ip=172.31.45.74)[0m node 1 size: 574368 MB
2026-03-26 14:25:01,327 - INFO - [36m(worker1, rank=1, pid=5179, ip=172.31.45.74)[0m node 1 free: 542826 MB
2026-03-26 14:25:01,327 - INFO - [36m(worker1, rank=1, pid=5179, ip=172.31.45.74)[0m node distances:
2026-03-26 14:25:01,327 - INFO - [36m(worker1, rank=1, pid=5179, ip=172.31.45.74)[0m node   0   1
2026-03-26 14:25:01,327 - INFO - [36m(worker1, rank=1, pid=5179, ip=172.31.45.74)[0m   0:  10  21
2026-03-26 14:25:01,327 - INFO - [36m(worker1, rank=1, pid=5179, ip=172.31.45.74)[0m   1:  21  10
2026-03-26 14:25:01,327 - INFO - [36m(worker1, rank=1, pid=5179, ip=172.31.45.74)[0m + echo ''
2026-03-26 14:25:01,327 - INFO - [36m(worker1, rank=1, pid=5179, ip=172.31.45.74)[0m
2026-03-26 14:25:01,327 - INFO - [36m(worker1, rank=1, pid=5179, ip=172.31.45.74)[0m + echo 'GPU PCIe Bus IDs and NUMA node assignments:'
2026-03-26 14:25:01,327 - INFO - [36m(worker1, rank=1, pid=5179, ip=172.31.45.74)[0m GPU PCIe Bus IDs and NUMA node assignments:
2026-03-26 14:25:01,327 - INFO - [36m(worker1, rank=1, pid=5179, ip=172.31.45.74)[0m ++ nvidia-smi --query-gpu=count --format=csv,noheader
2026-03-26 14:25:01,327 - INFO - [36m(worker1, rank=1, pid=5179, ip=172.31.45.74)[0m ++ head -1
2026-03-26 14:25:01,327 - INFO - [36m(head, rank=0, pid=6522)[0m ++ echo 0
2026-03-26 14:25:01,327 - INFO - [36m(head, rank=0, pid=6522)[0m + gpu_count='8
2026-03-26 14:25:01,327 - INFO - [36m(head, rank=0, pid=6522)[0m 0'
2026-03-26 14:25:01,327 - INFO - [36m(head, rank=0, pid=6522)[0m + '[' '8
2026-03-26 14:25:01,327 - INFO - [36m(head, rank=0, pid=6522)[0m 0' -gt 0 ']'
2026-03-26 14:25:01,327 - INFO - [36m(head, rank=0, pid=6522)[0m + echo 'Could not detect GPU count'
2026-03-26 14:25:01,327 - INFO - [36m(head, rank=0, pid=6522)[0m Could not detect GPU count
2026-03-26 14:25:01,327 - INFO - [36m(head, rank=0, pid=6522)[0m + echo -------------------------------------------
2026-03-26 14:25:01,327 - INFO - [36m(head, rank=0, pid=6522)[0m -------------------------------------------
2026-03-26 14:25:01,327 - INFO - [36m(head, rank=0, pid=6522)[0m + echo 'Checking for GPU processes and errors...'
2026-03-26 14:25:01,327 - INFO - [36m(head, rank=0, pid=6522)[0m Checking for GPU processes and errors...
2026-03-26 14:25:01,327 - INFO - [36m(head, rank=0, pid=6522)[0m + awk 'NR<=50'
2026-03-26 14:25:01,327 - INFO - [36m(head, rank=0, pid=6522)[0m + nvidia-smi -q -d ERRORS
2026-03-26 14:25:01,328 - INFO - [36m(head, rank=0, pid=6522)[0m Failed to parse --display/-d flags
2026-03-26 14:25:01,328 - INFO - [36m(head, rank=0, pid=6522)[0m + echo 'Error check failed'
2026-03-26 14:25:01,328 - INFO - [36m(head, rank=0, pid=6522)[0m Error check failed
2026-03-26 14:25:01,328 - INFO - [36m(head, rank=0, pid=6522)[0m + echo '--- CUDA Device Query ---'
2026-03-26 14:25:01,328 - INFO - [36m(head, rank=0, pid=6522)[0m --- CUDA Device Query ---
2026-03-26 14:25:01,328 - INFO - [36m(head, rank=0, pid=6522)[0m + python3 -c 'import ctypes; cudart = ctypes.CDLL('\''libcudart.so.12'\''); count = ctypes.c_int(); result = cudart.cudaGetDeviceCount(ctypes.byref(count)); print(f'\''cudaGetDeviceCount result: {result} (0=success), device count: {count.value}'\'')'
2026-03-26 14:25:01,328 - INFO - [36m(worker1, rank=1, pid=5179, ip=172.31.45.74)[0m ++ echo 0
2026-03-26 14:25:01,328 - INFO - [36m(worker1, rank=1, pid=5179, ip=172.31.45.74)[0m + gpu_count='8
2026-03-26 14:25:01,328 - INFO - [36m(worker1, rank=1, pid=5179, ip=172.31.45.74)[0m 0'
2026-03-26 14:25:01,328 - INFO - [36m(worker1, rank=1, pid=5179, ip=172.31.45.74)[0m + '[' '8
2026-03-26 14:25:01,328 - INFO - [36m(worker1, rank=1, pid=5179, ip=172.31.45.74)[0m 0' -gt 0 ']'
2026-03-26 14:25:01,328 - INFO - [36m(worker1, rank=1, pid=5179, ip=172.31.45.74)[0m + echo 'Could not detect GPU count'
2026-03-26 14:25:01,328 - INFO - [36m(worker1, rank=1, pid=5179, ip=172.31.45.74)[0m Could not detect GPU count
2026-03-26 14:25:01,328 - INFO - [36m(worker1, rank=1, pid=5179, ip=172.31.45.74)[0m + echo -------------------------------------------
2026-03-26 14:25:01,328 - INFO - [36m(worker1, rank=1, pid=5179, ip=172.31.45.74)[0m -------------------------------------------
2026-03-26 14:25:01,328 - INFO - [36m(worker1, rank=1, pid=5179, ip=172.31.45.74)[0m + echo 'Checking for GPU processes and errors...'
2026-03-26 14:25:01,328 - INFO - [36m(worker1, rank=1, pid=5179, ip=172.31.45.74)[0m Checking for GPU processes and errors...
2026-03-26 14:25:01,328 - INFO - [36m(worker1, rank=1, pid=5179, ip=172.31.45.74)[0m + awk 'NR<=50'
2026-03-26 14:25:01,328 - INFO - [36m(worker1, rank=1, pid=5179, ip=172.31.45.74)[0m + nvidia-smi -q -d ERRORS
2026-03-26 14:25:01,328 - INFO - [36m(worker1, rank=1, pid=5179, ip=172.31.45.74)[0m Failed to parse --display/-d flags
2026-03-26 14:25:01,328 - INFO - [36m(worker1, rank=1, pid=5179, ip=172.31.45.74)[0m + echo 'Error check failed'
2026-03-26 14:25:01,328 - INFO - [36m(worker1, rank=1, pid=5179, ip=172.31.45.74)[0m Error check failed
2026-03-26 14:25:01,328 - INFO - [36m(worker1, rank=1, pid=5179, ip=172.31.45.74)[0m + echo '--- CUDA Device Query ---'
2026-03-26 14:25:01,328 - INFO - [36m(worker1, rank=1, pid=5179, ip=172.31.45.74)[0m --- CUDA Device Query ---
2026-03-26 14:25:01,328 - INFO - [36m(worker1, rank=1, pid=5179, ip=172.31.45.74)[0m + python3 -c 'import ctypes; cudart = ctypes.CDLL('\''libcudart.so.12'\''); count = ctypes.c_int(); result = cudart.cudaGetDeviceCount(ctypes.byref(count)); print(f'\''cudaGetDeviceCount result: {result} (0=success), device count: {count.value}'\'')'
2026-03-26 14:25:01,328 - INFO - [36m(head, rank=0, pid=6522)[0m cudaGetDeviceCount result: 0 (0=success), device count: 8
2026-03-26 14:25:02,029 - INFO - [36m(worker1, rank=1, pid=5179, ip=172.31.45.74)[0m cudaGetDeviceCount result: 0 (0=success), device count: 8
2026-03-26 14:25:02,730 - INFO - [36m(worker1, rank=1, pid=5179, ip=172.31.45.74)[0m + echo ===========================
2026-03-26 14:25:03,632 - INFO - [36m(worker1, rank=1, pid=5179, ip=172.31.45.74)[0m ===========================
2026-03-26 14:25:03,632 - INFO - [36m(worker1, rank=1, pid=5179, ip=172.31.45.74)[0m + source .venv/bin/activate
2026-03-26 14:25:03,632 - INFO - [36m(worker1, rank=1, pid=5179, ip=172.31.45.74)[0m ++ '[' -z '' ']'
2026-03-26 14:25:03,632 - INFO - [36m(worker1, rank=1, pid=5179, ip=172.31.45.74)[0m ++ '[' -n x ']'
2026-03-26 14:25:03,632 - INFO - [36m(worker1, rank=1, pid=5179, ip=172.31.45.74)[0m ++ SCRIPT_PATH=.venv/bin/activate
2026-03-26 14:25:03,632 - INFO - [36m(worker1, rank=1, pid=5179, ip=172.31.45.74)[0m ++ '[' .venv/bin/activate = /tmp/sky_app_reua1ddd ']'
2026-03-26 14:25:03,632 - INFO - [36m(worker1, rank=1, pid=5179, ip=172.31.45.74)[0m ++ deactivate nondestructive
2026-03-26 14:25:03,632 - INFO - [36m(worker1, rank=1, pid=5179, ip=172.31.45.74)[0m ++ unset -f pydoc
2026-03-26 14:25:03,632 - INFO - [36m(worker1, rank=1, pid=5179, ip=172.31.45.74)[0m ++ '[' -z '' ']'
2026-03-26 14:25:03,632 - INFO - [36m(worker1, rank=1, pid=5179, ip=172.31.45.74)[0m ++ '[' -z '' ']'
2026-03-26 14:25:03,632 - INFO - [36m(worker1, rank=1, pid=5179, ip=172.31.45.74)[0m ++ hash -r
2026-03-26 14:25:03,632 - INFO - [36m(worker1, rank=1, pid=5179, ip=172.31.45.74)[0m ++ '[' -z '' ']'
2026-03-26 14:25:03,632 - INFO - [36m(worker1, rank=1, pid=5179, ip=172.31.45.74)[0m ++ unset VIRTUAL_ENV
2026-03-26 14:25:03,632 - INFO - [36m(worker1, rank=1, pid=5179, ip=172.31.45.74)[0m ++ unset VIRTUAL_ENV_PROMPT
2026-03-26 14:25:03,632 - INFO - [36m(worker1, rank=1, pid=5179, ip=172.31.45.74)[0m ++ '[' '!' nondestructive = nondestructive ']'
2026-03-26 14:25:03,632 - INFO - [36m(worker1, rank=1, pid=5179, ip=172.31.45.74)[0m ++ VIRTUAL_ENV=/home/ubuntu/sky_workdir/.venv
2026-03-26 14:25:03,632 - INFO - [36m(worker1, rank=1, pid=5179, ip=172.31.45.74)[0m ++ '[' linux-gnu = cygwin ']'
2026-03-26 14:25:03,632 - INFO - [36m(worker1, rank=1, pid=5179, ip=172.31.45.74)[0m ++ '[' linux-gnu = msys ']'
2026-03-26 14:25:03,632 - INFO - [36m(worker1, rank=1, pid=5179, ip=172.31.45.74)[0m ++ export VIRTUAL_ENV
2026-03-26 14:25:03,632 - INFO - [36m(worker1, rank=1, pid=5179, ip=172.31.45.74)[0m ++ '[' -z '' ']'
2026-03-26 14:25:03,632 - INFO - [36m(worker1, rank=1, pid=5179, ip=172.31.45.74)[0m ++ unset SCRIPT_PATH
2026-03-26 14:25:03,632 - INFO - [36m(worker1, rank=1, pid=5179, ip=172.31.45.74)[0m ++ _OLD_VIRTUAL_PATH=/home/ubuntu/.local/bin:/home/ubuntu/.local/bin:/home/ubuntu/miniconda3/bin:/home/ubuntu/miniconda3/condabin:/opt/amazon/openmpi/bin:/opt/amazon/efa/bin:/usr/local/cuda-12.8/bin:/usr/local/cuda-12.8/include:/usr/local/cuda-12.8/bin:/usr/local/cuda-12.8/include:/usr/local/sbin:/usr/local/bin:/usr/sbin:/usr/bin:/sbin:/bin:/usr/games:/usr/local/games:/snap/bin
2026-03-26 14:25:03,632 - INFO - [36m(worker1, rank=1, pid=5179, ip=172.31.45.74)[0m ++ PATH=/home/ubuntu/sky_workdir/.venv/bin:/home/ubuntu/.local/bin:/home/ubuntu/.local/bin:/home/ubuntu/miniconda3/bin:/home/ubuntu/miniconda3/condabin:/opt/amazon/openmpi/bin:/opt/amazon/efa/bin:/usr/local/cuda-12.8/bin:/usr/local/cuda-12.8/include:/usr/local/cuda-12.8/bin:/usr/local/cuda-12.8/include:/usr/local/sbin:/usr/local/bin:/usr/sbin:/usr/bin:/sbin:/bin:/usr/games:/usr/local/games:/snap/bin
2026-03-26 14:25:03,632 - INFO - [36m(worker1, rank=1, pid=5179, ip=172.31.45.74)[0m ++ export PATH
2026-03-26 14:25:03,632 - INFO - [36m(worker1, rank=1, pid=5179, ip=172.31.45.74)[0m ++ '[' xsky_workdir '!=' x ']'
2026-03-26 14:25:03,632 - INFO - [36m(worker1, rank=1, pid=5179, ip=172.31.45.74)[0m ++ VIRTUAL_ENV_PROMPT=sky_workdir
2026-03-26 14:25:03,632 - INFO - [36m(worker1, rank=1, pid=5179, ip=172.31.45.74)[0m ++ export VIRTUAL_ENV_PROMPT
2026-03-26 14:25:03,632 - INFO - [36m(worker1, rank=1, pid=5179, ip=172.31.45.74)[0m ++ '[' -z '' ']'
2026-03-26 14:25:03,632 - INFO - [36m(worker1, rank=1, pid=5179, ip=172.31.45.74)[0m ++ '[' -z '' ']'
2026-03-26 14:25:03,632 - INFO - [36m(worker1, rank=1, pid=5179, ip=172.31.45.74)[0m ++ _OLD_VIRTUAL_PS1='(base) ${debian_chroot:+($debian_chroot)}\u@\h:\w\$ '
2026-03-26 14:25:03,632 - INFO - [36m(worker1, rank=1, pid=5179, ip=172.31.45.74)[0m ++ PS1='(sky_workdir) (base) ${debian_chroot:+($debian_chroot)}\u@\h:\w\$ '
2026-03-26 14:25:03,632 - INFO - [36m(worker1, rank=1, pid=5179, ip=172.31.45.74)[0m ++ export PS1
2026-03-26 14:25:03,632 - INFO - [36m(worker1, rank=1, pid=5179, ip=172.31.45.74)[0m ++ alias pydoc
2026-03-26 14:25:03,632 - INFO - [36m(worker1, rank=1, pid=5179, ip=172.31.45.74)[0m ++ true
2026-03-26 14:25:03,632 - INFO - [36m(worker1, rank=1, pid=5179, ip=172.31.45.74)[0m ++ hash -r
2026-03-26 14:25:03,632 - INFO - [36m(worker1, rank=1, pid=5179, ip=172.31.45.74)[0m + echo '=== DETAILED PyTorch CUDA Diagnostics (in run phase) ==='
2026-03-26 14:25:03,632 - INFO - [36m(worker1, rank=1, pid=5179, ip=172.31.45.74)[0m === DETAILED PyTorch CUDA Diagnostics (in run phase) ===
2026-03-26 14:25:03,632 - INFO - [36m(worker1, rank=1, pid=5179, ip=172.31.45.74)[0m + echo '--- Environment ---'
2026-03-26 14:25:03,632 - INFO - [36m(worker1, rank=1, pid=5179, ip=172.31.45.74)[0m --- Environment ---
2026-03-26 14:25:03,632 - INFO - [36m(worker1, rank=1, pid=5179, ip=172.31.45.74)[0m + echo 'LD_LIBRARY_PATH: /usr/local/cuda/lib64:/usr/local/cuda/targets/x86_64-linux/lib:/usr/local/cuda-12.8/lib:/usr/local/cuda-12.8/lib64:/usr/local/cuda-12.8:/usr/local/cuda-12.8/targets/x86_64-linux/lib/:/usr/local/cuda-12.8/extras/CUPTI/lib64:/opt/amazon/efa/lib:/opt/amazon/openmpi/lib:/opt/amazon/ofi-nccl/lib/x86_64-linux-gnu:/usr/local/lib:/usr/lib:/usr/local/cuda-12.8/lib:/usr/local/cuda-12.8/lib64:/usr/local/cuda-12.8:/usr/local/cuda-12.8/targets/x86_64-linux/lib/:/usr/local/cuda-12.8/extras/CUPTI/lib64:/opt/amazon/efa/lib:/opt/amazon/openmpi/lib:/opt/amazon/ofi-nccl/lib/x86_64-linux-gnu:/usr/local/lib:/usr/lib'
2026-03-26 14:25:04,334 - INFO - [36m(worker1, rank=1, pid=5179, ip=172.31.45.74)[0m LD_LIBRARY_PATH: /usr/local/cuda/lib64:/usr/local/cuda/targets/x86_64-linux/lib:/usr/local/cuda-12.8/lib:/usr/local/cuda-12.8/lib64:/usr/local/cuda-12.8:/usr/local/cuda-12.8/targets/x86_64-linux/lib/:/usr/local/cuda-12.8/extras/CUPTI/lib64:/opt/amazon/efa/lib:/opt/amazon/openmpi/lib:/opt/amazon/ofi-nccl/lib/x86_64-linux-gnu:/usr/local/lib:/usr/lib:/usr/local/cuda-12.8/lib:/usr/local/cuda-12.8/lib64:/usr/local/cuda-12.8:/usr/local/cuda-12.8/targets/x86_64-linux/lib/:/usr/local/cuda-12.8/extras/CUPTI/lib64:/opt/amazon/efa/lib:/opt/amazon/openmpi/lib:/opt/amazon/ofi-nccl/lib/x86_64-linux-gnu:/usr/local/lib:/usr/lib
2026-03-26 14:25:04,334 - INFO - [36m(worker1, rank=1, pid=5179, ip=172.31.45.74)[0m + echo 'CUDA_HOME: /usr/local/cuda'
2026-03-26 14:25:04,334 - INFO - [36m(worker1, rank=1, pid=5179, ip=172.31.45.74)[0m CUDA_HOME: /usr/local/cuda
2026-03-26 14:25:04,334 - INFO - [36m(worker1, rank=1, pid=5179, ip=172.31.45.74)[0m + which python3
2026-03-26 14:25:04,334 - INFO - [36m(worker1, rank=1, pid=5179, ip=172.31.45.74)[0m /home/ubuntu/sky_workdir/.venv/bin/python3
2026-03-26 14:25:04,334 - INFO - [36m(worker1, rank=1, pid=5179, ip=172.31.45.74)[0m + echo '--- Torch info ---'
2026-03-26 14:25:04,334 - INFO - [36m(worker1, rank=1, pid=5179, ip=172.31.45.74)[0m --- Torch info ---
2026-03-26 14:25:04,334 - INFO - [36m(worker1, rank=1, pid=5179, ip=172.31.45.74)[0m + python3 -c 'import torch; print('\''torch.__version__:'\'', torch.__version__); print('\''torch.__file__:'\'', torch.__file__); print('\''torch.version.cuda:'\'', torch.version.cuda); print('\''torch.backends.cuda.is_built():'\'', torch.backends.cuda.is_built())'
2026-03-26 14:25:04,334 - INFO - [36m(head, rank=0, pid=6522)[0m + echo ===========================
2026-03-26 14:25:04,334 - INFO - [36m(head, rank=0, pid=6522)[0m ===========================
2026-03-26 14:25:04,334 - INFO - [36m(head, rank=0, pid=6522)[0m + source .venv/bin/activate
2026-03-26 14:25:04,334 - INFO - [36m(head, rank=0, pid=6522)[0m ++ '[' -z '' ']'
2026-03-26 14:25:04,334 - INFO - [36m(head, rank=0, pid=6522)[0m ++ '[' -n x ']'
2026-03-26 14:25:04,334 - INFO - [36m(head, rank=0, pid=6522)[0m ++ SCRIPT_PATH=.venv/bin/activate
2026-03-26 14:25:04,334 - INFO - [36m(head, rank=0, pid=6522)[0m ++ '[' .venv/bin/activate = /tmp/sky_app_37_qeaij ']'
2026-03-26 14:25:04,334 - INFO - [36m(head, rank=0, pid=6522)[0m ++ deactivate nondestructive
2026-03-26 14:25:04,334 - INFO - [36m(head, rank=0, pid=6522)[0m ++ unset -f pydoc
2026-03-26 14:25:04,334 - INFO - [36m(head, rank=0, pid=6522)[0m ++ '[' -z '' ']'
2026-03-26 14:25:04,334 - INFO - [36m(head, rank=0, pid=6522)[0m ++ '[' -z '' ']'
2026-03-26 14:25:04,334 - INFO - [36m(head, rank=0, pid=6522)[0m ++ hash -r
2026-03-26 14:25:04,334 - INFO - [36m(head, rank=0, pid=6522)[0m ++ '[' -z '' ']'
2026-03-26 14:25:04,334 - INFO - [36m(head, rank=0, pid=6522)[0m ++ unset VIRTUAL_ENV
2026-03-26 14:25:04,334 - INFO - [36m(head, rank=0, pid=6522)[0m ++ unset VIRTUAL_ENV_PROMPT
2026-03-26 14:25:04,334 - INFO - [36m(head, rank=0, pid=6522)[0m ++ '[' '!' nondestructive = nondestructive ']'
2026-03-26 14:25:04,334 - INFO - [36m(head, rank=0, pid=6522)[0m ++ VIRTUAL_ENV=/home/ubuntu/sky_workdir/.venv
2026-03-26 14:25:04,334 - INFO - [36m(head, rank=0, pid=6522)[0m ++ '[' linux-gnu = cygwin ']'
2026-03-26 14:25:04,334 - INFO - [36m(head, rank=0, pid=6522)[0m ++ '[' linux-gnu = msys ']'
2026-03-26 14:25:04,334 - INFO - [36m(head, rank=0, pid=6522)[0m ++ export VIRTUAL_ENV
2026-03-26 14:25:04,334 - INFO - [36m(head, rank=0, pid=6522)[0m ++ '[' -z '' ']'
2026-03-26 14:25:04,334 - INFO - [36m(head, rank=0, pid=6522)[0m ++ unset SCRIPT_PATH
2026-03-26 14:25:04,334 - INFO - [36m(head, rank=0, pid=6522)[0m ++ _OLD_VIRTUAL_PATH=/home/ubuntu/.local/bin:/home/ubuntu/.local/bin:/home/ubuntu/miniconda3/bin:/home/ubuntu/miniconda3/condabin:/opt/amazon/openmpi/bin:/opt/amazon/efa/bin:/usr/local/cuda-12.8/bin:/usr/local/cuda-12.8/include:/usr/local/cuda-12.8/bin:/usr/local/cuda-12.8/include:/usr/local/sbin:/usr/local/bin:/usr/sbin:/usr/bin:/sbin:/bin:/usr/games:/usr/local/games:/snap/bin
2026-03-26 14:25:04,334 - INFO - [36m(head, rank=0, pid=6522)[0m ++ PATH=/home/ubuntu/sky_workdir/.venv/bin:/home/ubuntu/.local/bin:/home/ubuntu/.local/bin:/home/ubuntu/miniconda3/bin:/home/ubuntu/miniconda3/condabin:/opt/amazon/openmpi/bin:/opt/amazon/efa/bin:/usr/local/cuda-12.8/bin:/usr/local/cuda-12.8/include:/usr/local/cuda-12.8/bin:/usr/local/cuda-12.8/include:/usr/local/sbin:/usr/local/bin:/usr/sbin:/usr/bin:/sbin:/bin:/usr/games:/usr/local/games:/snap/bin
2026-03-26 14:25:04,334 - INFO - [36m(head, rank=0, pid=6522)[0m ++ export PATH
2026-03-26 14:25:04,334 - INFO - [36m(head, rank=0, pid=6522)[0m ++ '[' xsky_workdir '!=' x ']'
2026-03-26 14:25:04,334 - INFO - [36m(head, rank=0, pid=6522)[0m ++ VIRTUAL_ENV_PROMPT=sky_workdir
2026-03-26 14:25:04,334 - INFO - [36m(head, rank=0, pid=6522)[0m ++ export VIRTUAL_ENV_PROMPT
2026-03-26 14:25:04,334 - INFO - [36m(head, rank=0, pid=6522)[0m ++ '[' -z '' ']'
2026-03-26 14:25:04,334 - INFO - [36m(head, rank=0, pid=6522)[0m ++ '[' -z '' ']'
2026-03-26 14:25:04,334 - INFO - [36m(head, rank=0, pid=6522)[0m ++ _OLD_VIRTUAL_PS1='(base) ${debian_chroot:+($debian_chroot)}\u@\h:\w\$ '
2026-03-26 14:25:04,334 - INFO - [36m(head, rank=0, pid=6522)[0m ++ PS1='(sky_workdir) (base) ${debian_chroot:+($debian_chroot)}\u@\h:\w\$ '
2026-03-26 14:25:04,334 - INFO - [36m(head, rank=0, pid=6522)[0m ++ export PS1
2026-03-26 14:25:04,334 - INFO - [36m(head, rank=0, pid=6522)[0m ++ alias pydoc
2026-03-26 14:25:04,334 - INFO - [36m(head, rank=0, pid=6522)[0m ++ true
2026-03-26 14:25:04,334 - INFO - [36m(head, rank=0, pid=6522)[0m ++ hash -r
2026-03-26 14:25:04,334 - INFO - [36m(head, rank=0, pid=6522)[0m + echo '=== DETAILED PyTorch CUDA Diagnostics (in run phase) ==='
2026-03-26 14:25:04,334 - INFO - [36m(head, rank=0, pid=6522)[0m === DETAILED PyTorch CUDA Diagnostics (in run phase) ===
2026-03-26 14:25:04,334 - INFO - [36m(head, rank=0, pid=6522)[0m + echo '--- Environment ---'
2026-03-26 14:25:04,334 - INFO - [36m(head, rank=0, pid=6522)[0m --- Environment ---
2026-03-26 14:25:04,334 - INFO - [36m(head, rank=0, pid=6522)[0m + echo 'LD_LIBRARY_PATH: /usr/local/cuda/lib64:/usr/local/cuda/targets/x86_64-linux/lib:/usr/local/cuda-12.8/lib:/usr/local/cuda-12.8/lib64:/usr/local/cuda-12.8:/usr/local/cuda-12.8/targets/x86_64-linux/lib/:/usr/local/cuda-12.8/extras/CUPTI/lib64:/opt/amazon/efa/lib:/opt/amazon/openmpi/lib:/opt/amazon/ofi-nccl/lib/x86_64-linux-gnu:/usr/local/lib:/usr/lib:/usr/local/cuda-12.8/lib:/usr/local/cuda-12.8/lib64:/usr/local/cuda-12.8:/usr/local/cuda-12.8/targets/x86_64-linux/lib/:/usr/local/cuda-12.8/extras/CUPTI/lib64:/opt/amazon/efa/lib:/opt/amazon/openmpi/lib:/opt/amazon/ofi-nccl/lib/x86_64-linux-gnu:/usr/local/lib:/usr/lib'
2026-03-26 14:25:04,334 - INFO - [36m(head, rank=0, pid=6522)[0m LD_LIBRARY_PATH: /usr/local/cuda/lib64:/usr/local/cuda/targets/x86_64-linux/lib:/usr/local/cuda-12.8/lib:/usr/local/cuda-12.8/lib64:/usr/local/cuda-12.8:/usr/local/cuda-12.8/targets/x86_64-linux/lib/:/usr/local/cuda-12.8/extras/CUPTI/lib64:/opt/amazon/efa/lib:/opt/amazon/openmpi/lib:/opt/amazon/ofi-nccl/lib/x86_64-linux-gnu:/usr/local/lib:/usr/lib:/usr/local/cuda-12.8/lib:/usr/local/cuda-12.8/lib64:/usr/local/cuda-12.8:/usr/local/cuda-12.8/targets/x86_64-linux/lib/:/usr/local/cuda-12.8/extras/CUPTI/lib64:/opt/amazon/efa/lib:/opt/amazon/openmpi/lib:/opt/amazon/ofi-nccl/lib/x86_64-linux-gnu:/usr/local/lib:/usr/lib
2026-03-26 14:25:04,334 - INFO - [36m(head, rank=0, pid=6522)[0m + echo 'CUDA_HOME: /usr/local/cuda'
2026-03-26 14:25:04,334 - INFO - [36m(head, rank=0, pid=6522)[0m CUDA_HOME: /usr/local/cuda
2026-03-26 14:25:04,334 - INFO - [36m(head, rank=0, pid=6522)[0m + which python3
2026-03-26 14:25:04,334 - INFO - [36m(head, rank=0, pid=6522)[0m /home/ubuntu/sky_workdir/.venv/bin/python3
2026-03-26 14:25:04,334 - INFO - [36m(head, rank=0, pid=6522)[0m + echo '--- Torch info ---'
2026-03-26 14:25:04,334 - INFO - [36m(head, rank=0, pid=6522)[0m --- Torch info ---
2026-03-26 14:25:04,334 - INFO - [36m(head, rank=0, pid=6522)[0m + python3 -c 'import torch; print('\''torch.__version__:'\'', torch.__version__); print('\''torch.__file__:'\'', torch.__file__); print('\''torch.version.cuda:'\'', torch.version.cuda); print('\''torch.backends.cuda.is_built():'\'', torch.backends.cuda.is_built())'
2026-03-26 14:25:04,334 - INFO - [36m(worker1, rank=1, pid=5179, ip=172.31.45.74)[0m torch.__version__: 2.7.1+cu126
2026-03-26 14:25:05,238 - INFO - [36m(worker1, rank=1, pid=5179, ip=172.31.45.74)[0m torch.__file__: /home/ubuntu/sky_workdir/.venv/lib/python3.12/site-packages/torch/__init__.py
2026-03-26 14:25:05,238 - INFO - [36m(worker1, rank=1, pid=5179, ip=172.31.45.74)[0m torch.version.cuda: 12.6
2026-03-26 14:25:05,238 - INFO - [36m(worker1, rank=1, pid=5179, ip=172.31.45.74)[0m torch.backends.cuda.is_built(): True
2026-03-26 14:25:05,238 - INFO - [36m(worker1, rank=1, pid=5179, ip=172.31.45.74)[0m + echo '--- CUDA check ---'
2026-03-26 14:25:05,238 - INFO - [36m(worker1, rank=1, pid=5179, ip=172.31.45.74)[0m --- CUDA check ---
2026-03-26 14:25:05,238 - INFO - [36m(worker1, rank=1, pid=5179, ip=172.31.45.74)[0m + python3 -c 'import torch; print('\''torch.cuda.is_available():'\'', torch.cuda.is_available()); print('\''torch.cuda.device_count():'\'', torch.cuda.device_count() if torch.cuda.is_available() else '\''N/A - checking why...'\'')'
2026-03-26 14:25:05,238 - INFO - [36m(head, rank=0, pid=6522)[0m torch.__version__: 2.7.1+cu126
2026-03-26 14:25:07,752 - INFO - [36m(head, rank=0, pid=6522)[0m torch.__file__: /home/ubuntu/sky_workdir/.venv/lib/python3.12/site-packages/torch/__init__.py
2026-03-26 14:25:07,752 - INFO - [36m(head, rank=0, pid=6522)[0m torch.version.cuda: 12.6
2026-03-26 14:25:07,752 - INFO - [36m(head, rank=0, pid=6522)[0m torch.backends.cuda.is_built(): True
2026-03-26 14:25:07,752 - INFO - [36m(head, rank=0, pid=6522)[0m + echo '--- CUDA check ---'
2026-03-26 14:25:07,752 - INFO - [36m(head, rank=0, pid=6522)[0m --- CUDA check ---
2026-03-26 14:25:07,752 - INFO - [36m(head, rank=0, pid=6522)[0m + python3 -c 'import torch; print('\''torch.cuda.is_available():'\'', torch.cuda.is_available()); print('\''torch.cuda.device_count():'\'', torch.cuda.device_count() if torch.cuda.is_available() else '\''N/A - checking why...'\'')'
2026-03-26 14:25:07,752 - INFO - [36m(worker1, rank=1, pid=5179, ip=172.31.45.74)[0m torch.cuda.is_available(): True
2026-03-26 14:25:08,355 - INFO - [36m(worker1, rank=1, pid=5179, ip=172.31.45.74)[0m torch.cuda.device_count(): 8
2026-03-26 14:25:08,355 - INFO - [36m(head, rank=0, pid=6522)[0m torch.cuda.is_available(): True
2026-03-26 14:25:09,359 - INFO - [36m(head, rank=0, pid=6522)[0m torch.cuda.device_count(): 8
2026-03-26 14:25:09,359 - INFO - [36m(worker1, rank=1, pid=5179, ip=172.31.45.74)[0m + echo '--- Loading CUDA libs directly ---'
2026-03-26 14:25:10,768 - INFO - [36m(worker1, rank=1, pid=5179, ip=172.31.45.74)[0m --- Loading CUDA libs directly ---
2026-03-26 14:25:10,768 - INFO - [36m(worker1, rank=1, pid=5179, ip=172.31.45.74)[0m + python3 -c 'import ctypes; libs=['\''libcuda.so.1'\'','\''libcudart.so.12'\'','\''libnvidia-ml.so.1'\'']; [print(l+'\'': OK'\'') if ctypes.CDLL(l) else None for l in libs]'
2026-03-26 14:25:10,768 - INFO - [36m(worker1, rank=1, pid=5179, ip=172.31.45.74)[0m libcuda.so.1: OK
2026-03-26 14:25:10,768 - INFO - [36m(worker1, rank=1, pid=5179, ip=172.31.45.74)[0m libcudart.so.12: OK
2026-03-26 14:25:10,768 - INFO - [36m(worker1, rank=1, pid=5179, ip=172.31.45.74)[0m libnvidia-ml.so.1: OK
2026-03-26 14:25:10,768 - INFO - [36m(worker1, rank=1, pid=5179, ip=172.31.45.74)[0m + echo '--- Manual CUDA init attempt ---'
2026-03-26 14:25:10,768 - INFO - [36m(worker1, rank=1, pid=5179, ip=172.31.45.74)[0m --- Manual CUDA init attempt ---
2026-03-26 14:25:10,768 - INFO - [36m(worker1, rank=1, pid=5179, ip=172.31.45.74)[0m + python3 -c 'import torch; torch.cuda.init(); print('\''torch.cuda.init() OK, device_count:'\'', torch.cuda.device_count())'
2026-03-26 14:25:10,768 - INFO - [36m(head, rank=0, pid=6522)[0m + echo '--- Loading CUDA libs directly ---'
2026-03-26 14:25:11,472 - INFO - [36m(head, rank=0, pid=6522)[0m --- Loading CUDA libs directly ---
2026-03-26 14:25:11,472 - INFO - [36m(head, rank=0, pid=6522)[0m + python3 -c 'import ctypes; libs=['\''libcuda.so.1'\'','\''libcudart.so.12'\'','\''libnvidia-ml.so.1'\'']; [print(l+'\'': OK'\'') if ctypes.CDLL(l) else None for l in libs]'
2026-03-26 14:25:11,472 - INFO - [36m(head, rank=0, pid=6522)[0m libcuda.so.1: OK
2026-03-26 14:25:12,978 - INFO - [36m(head, rank=0, pid=6522)[0m libcudart.so.12: OK
2026-03-26 14:25:12,978 - INFO - [36m(head, rank=0, pid=6522)[0m libnvidia-ml.so.1: OK
2026-03-26 14:25:12,978 - INFO - [36m(head, rank=0, pid=6522)[0m + echo '--- Manual CUDA init attempt ---'
2026-03-26 14:25:12,978 - INFO - [36m(head, rank=0, pid=6522)[0m --- Manual CUDA init attempt ---
2026-03-26 14:25:12,978 - INFO - [36m(head, rank=0, pid=6522)[0m + python3 -c 'import torch; torch.cuda.init(); print('\''torch.cuda.init() OK, device_count:'\'', torch.cuda.device_count())'
2026-03-26 14:25:12,978 - INFO - [36m(worker1, rank=1, pid=5179, ip=172.31.45.74)[0m torch.cuda.init() OK, device_count: 8
2026-03-26 14:25:14,388 - INFO - [36m(head, rank=0, pid=6522)[0m torch.cuda.init() OK, device_count: 8
2026-03-26 14:25:15,193 - INFO - [36m(worker1, rank=1, pid=5179, ip=172.31.45.74)[0m + echo '--- Installed torch packages ---'
2026-03-26 14:25:15,193 - INFO - [36m(worker1, rank=1, pid=5179, ip=172.31.45.74)[0m --- Installed torch packages ---
2026-03-26 14:25:15,193 - INFO - [36m(worker1, rank=1, pid=5179, ip=172.31.45.74)[0m + pip list
2026-03-26 14:25:15,193 - INFO - [36m(worker1, rank=1, pid=5179, ip=172.31.45.74)[0m + grep --color=auto -i -E 'torch|nvidia|cuda|triton'
2026-03-26 14:25:15,193 - INFO - [36m(worker1, rank=1, pid=5179, ip=172.31.45.74)[0m cuda-pathfinder                   1.5.0
2026-03-26 14:25:15,898 - INFO - [36m(worker1, rank=1, pid=5179, ip=172.31.45.74)[0m cupy-cuda12x                      14.0.1
2026-03-26 14:25:15,898 - INFO - [36m(worker1, rank=1, pid=5179, ip=172.31.45.74)[0m nvidia-cublas-cu12                12.6.4.1
2026-03-26 14:25:15,898 - INFO - [36m(worker1, rank=1, pid=5179, ip=172.31.45.74)[0m nvidia-cuda-cupti-cu12            12.6.80
2026-03-26 14:25:15,898 - INFO - [36m(worker1, rank=1, pid=5179, ip=172.31.45.74)[0m nvidia-cuda-nvrtc-cu12            12.6.77
2026-03-26 14:25:15,898 - INFO - [36m(worker1, rank=1, pid=5179, ip=172.31.45.74)[0m nvidia-cuda-runtime-cu12          12.6.77
2026-03-26 14:25:15,898 - INFO - [36m(worker1, rank=1, pid=5179, ip=172.31.45.74)[0m nvidia-cudnn-cu12                 9.5.1.17
2026-03-26 14:25:15,898 - INFO - [36m(worker1, rank=1, pid=5179, ip=172.31.45.74)[0m nvidia-cufft-cu12                 11.3.0.4
2026-03-26 14:25:15,898 - INFO - [36m(worker1, rank=1, pid=5179, ip=172.31.45.74)[0m nvidia-cufile-cu12                1.11.1.6
2026-03-26 14:25:15,898 - INFO - [36m(worker1, rank=1, pid=5179, ip=172.31.45.74)[0m nvidia-curand-cu12                10.3.7.77
2026-03-26 14:25:15,898 - INFO - [36m(worker1, rank=1, pid=5179, ip=172.31.45.74)[0m nvidia-cusolver-cu12              11.7.1.2
2026-03-26 14:25:15,898 - INFO - [36m(worker1, rank=1, pid=5179, ip=172.31.45.74)[0m nvidia-cusparse-cu12              12.5.4.2
2026-03-26 14:25:15,898 - INFO - [36m(worker1, rank=1, pid=5179, ip=172.31.45.74)[0m nvidia-cusparselt-cu12            0.6.3
2026-03-26 14:25:15,898 - INFO - [36m(worker1, rank=1, pid=5179, ip=172.31.45.74)[0m nvidia-ml-py                      13.595.45
2026-03-26 14:25:16,502 - INFO - [36m(worker1, rank=1, pid=5179, ip=172.31.45.74)[0m nvidia-nccl-cu12                  2.26.2
2026-03-26 14:25:16,502 - INFO - [36m(worker1, rank=1, pid=5179, ip=172.31.45.74)[0m nvidia-nvjitlink-cu12             12.6.85
2026-03-26 14:25:16,502 - INFO - [36m(worker1, rank=1, pid=5179, ip=172.31.45.74)[0m nvidia-nvtx-cu12                  12.6.77
2026-03-26 14:25:16,502 - INFO - [36m(worker1, rank=1, pid=5179, ip=172.31.45.74)[0m torch                             2.7.1
2026-03-26 14:25:16,502 - INFO - [36m(worker1, rank=1, pid=5179, ip=172.31.45.74)[0m torchaudio                        2.7.1
2026-03-26 14:25:16,502 - INFO - [36m(worker1, rank=1, pid=5179, ip=172.31.45.74)[0m torchvision                       0.22.1
2026-03-26 14:25:16,502 - INFO - [36m(worker1, rank=1, pid=5179, ip=172.31.45.74)[0m triton                            3.3.1
2026-03-26 14:25:16,502 - INFO - [36m(worker1, rank=1, pid=5179, ip=172.31.45.74)[0m + echo =========================================
2026-03-26 14:25:16,502 - INFO - [36m(worker1, rank=1, pid=5179, ip=172.31.45.74)[0m =========================================
2026-03-26 14:25:16,503 - INFO - [36m(worker1, rank=1, pid=5179, ip=172.31.45.74)[0m + export LD_LIBRARY_PATH=/usr/local/cuda/lib64:/usr/local/cuda/targets/x86_64-linux/lib:/usr/local/cuda/lib64:/usr/local/cuda/targets/x86_64-linux/lib:/usr/local/cuda-12.8/lib:/usr/local/cuda-12.8/lib64:/usr/local/cuda-12.8:/usr/local/cuda-12.8/targets/x86_64-linux/lib/:/usr/local/cuda-12.8/extras/CUPTI/lib64:/opt/amazon/efa/lib:/opt/amazon/openmpi/lib:/opt/amazon/ofi-nccl/lib/x86_64-linux-gnu:/usr/local/lib:/usr/lib:/usr/local/cuda-12.8/lib:/usr/local/cuda-12.8/lib64:/usr/local/cuda-12.8:/usr/local/cuda-12.8/targets/x86_64-linux/lib/:/usr/local/cuda-12.8/extras/CUPTI/lib64:/opt/amazon/efa/lib:/opt/amazon/openmpi/lib:/opt/amazon/ofi-nccl/lib/x86_64-linux-gnu:/usr/local/lib:/usr/lib
2026-03-26 14:25:16,503 - INFO - [36m(worker1, rank=1, pid=5179, ip=172.31.45.74)[0m + LD_LIBRARY_PATH=/usr/local/cuda/lib64:/usr/local/cuda/targets/x86_64-linux/lib:/usr/local/cuda/lib64:/usr/local/cuda/targets/x86_64-linux/lib:/usr/local/cuda-12.8/lib:/usr/local/cuda-12.8/lib64:/usr/local/cuda-12.8:/usr/local/cuda-12.8/targets/x86_64-linux/lib/:/usr/local/cuda-12.8/extras/CUPTI/lib64:/opt/amazon/efa/lib:/opt/amazon/openmpi/lib:/opt/amazon/ofi-nccl/lib/x86_64-linux-gnu:/usr/local/lib:/usr/lib:/usr/local/cuda-12.8/lib:/usr/local/cuda-12.8/lib64:/usr/local/cuda-12.8:/usr/local/cuda-12.8/targets/x86_64-linux/lib/:/usr/local/cuda-12.8/extras/CUPTI/lib64:/opt/amazon/efa/lib:/opt/amazon/openmpi/lib:/opt/amazon/ofi-nccl/lib/x86_64-linux-gnu:/usr/local/lib:/usr/lib
2026-03-26 14:25:16,503 - INFO - [36m(worker1, rank=1, pid=5179, ip=172.31.45.74)[0m + export NCCL_P2P_DISABLE=0
2026-03-26 14:25:16,503 - INFO - [36m(worker1, rank=1, pid=5179, ip=172.31.45.74)[0m + NCCL_P2P_DISABLE=0
2026-03-26 14:25:16,503 - INFO - [36m(worker1, rank=1, pid=5179, ip=172.31.45.74)[0m + export NCCL_TIMEOUT=3600
2026-03-26 14:25:16,503 - INFO - [36m(worker1, rank=1, pid=5179, ip=172.31.45.74)[0m + NCCL_TIMEOUT=3600
2026-03-26 14:25:16,503 - INFO - [36m(worker1, rank=1, pid=5179, ip=172.31.45.74)[0m + export TORCH_NCCL_BLOCKING_WAIT=1
2026-03-26 14:25:16,503 - INFO - [36m(worker1, rank=1, pid=5179, ip=172.31.45.74)[0m + TORCH_NCCL_BLOCKING_WAIT=1
2026-03-26 14:25:16,503 - INFO - [36m(worker1, rank=1, pid=5179, ip=172.31.45.74)[0m + export TORCH_NCCL_ASYNC_ERROR_HANDLING=1
2026-03-26 14:25:16,503 - INFO - [36m(worker1, rank=1, pid=5179, ip=172.31.45.74)[0m + TORCH_NCCL_ASYNC_ERROR_HANDLING=1
2026-03-26 14:25:16,503 - INFO - [36m(worker1, rank=1, pid=5179, ip=172.31.45.74)[0m + export TORCH_NCCL_TRACE_BUFFER_SIZE=10000
2026-03-26 14:25:16,503 - INFO - [36m(worker1, rank=1, pid=5179, ip=172.31.45.74)[0m + TORCH_NCCL_TRACE_BUFFER_SIZE=10000
2026-03-26 14:25:16,503 - INFO - [36m(worker1, rank=1, pid=5179, ip=172.31.45.74)[0m + export TORCH_DISTRIBUTED_DEBUG=DETAIL
2026-03-26 14:25:16,503 - INFO - [36m(worker1, rank=1, pid=5179, ip=172.31.45.74)[0m + TORCH_DISTRIBUTED_DEBUG=DETAIL
2026-03-26 14:25:16,503 - INFO - [36m(worker1, rank=1, pid=5179, ip=172.31.45.74)[0m + export NCCL_DEBUG=INFO
2026-03-26 14:25:16,503 - INFO - [36m(worker1, rank=1, pid=5179, ip=172.31.45.74)[0m + NCCL_DEBUG=INFO
2026-03-26 14:25:16,503 - INFO - [36m(worker1, rank=1, pid=5179, ip=172.31.45.74)[0m + export LD_LIBRARY_PATH=/opt/amazon/ofi-nccl/lib:/opt/amazon/efa/lib:/usr/local/cuda/lib64:/usr/local/cuda/targets/x86_64-linux/lib:/usr/local/cuda/lib64:/usr/local/cuda/targets/x86_64-linux/lib:/usr/local/cuda-12.8/lib:/usr/local/cuda-12.8/lib64:/usr/local/cuda-12.8:/usr/local/cuda-12.8/targets/x86_64-linux/lib/:/usr/local/cuda-12.8/extras/CUPTI/lib64:/opt/amazon/efa/lib:/opt/amazon/openmpi/lib:/opt/amazon/ofi-nccl/lib/x86_64-linux-gnu:/usr/local/lib:/usr/lib:/usr/local/cuda-12.8/lib:/usr/local/cuda-12.8/lib64:/usr/local/cuda-12.8:/usr/local/cuda-12.8/targets/x86_64-linux/lib/:/usr/local/cuda-12.8/extras/CUPTI/lib64:/opt/amazon/efa/lib:/opt/amazon/openmpi/lib:/opt/amazon/ofi-nccl/lib/x86_64-linux-gnu:/usr/local/lib:/usr/lib
2026-03-26 14:25:16,503 - INFO - [36m(worker1, rank=1, pid=5179, ip=172.31.45.74)[0m + LD_LIBRARY_PATH=/opt/amazon/ofi-nccl/lib:/opt/amazon/efa/lib:/usr/local/cuda/lib64:/usr/local/cuda/targets/x86_64-linux/lib:/usr/local/cuda/lib64:/usr/local/cuda/targets/x86_64-linux/lib:/usr/local/cuda-12.8/lib:/usr/local/cuda-12.8/lib64:/usr/local/cuda-12.8:/usr/local/cuda-12.8/targets/x86_64-linux/lib/:/usr/local/cuda-12.8/extras/CUPTI/lib64:/opt/amazon/efa/lib:/opt/amazon/openmpi/lib:/opt/amazon/ofi-nccl/lib/x86_64-linux-gnu:/usr/local/lib:/usr/lib:/usr/local/cuda-12.8/lib:/usr/local/cuda-12.8/lib64:/usr/local/cuda-12.8:/usr/local/cuda-12.8/targets/x86_64-linux/lib/:/usr/local/cuda-12.8/extras/CUPTI/lib64:/opt/amazon/efa/lib:/opt/amazon/openmpi/lib:/opt/amazon/ofi-nccl/lib/x86_64-linux-gnu:/usr/local/lib:/usr/lib
2026-03-26 14:25:16,503 - INFO - [36m(worker1, rank=1, pid=5179, ip=172.31.45.74)[0m + export NCCL_NET_PLUGIN=ofi
2026-03-26 14:25:16,503 - INFO - [36m(worker1, rank=1, pid=5179, ip=172.31.45.74)[0m + NCCL_NET_PLUGIN=ofi
2026-03-26 14:25:16,503 - INFO - [36m(worker1, rank=1, pid=5179, ip=172.31.45.74)[0m + export FI_EFA_USE_DEVICE_RDMA=1
2026-03-26 14:25:16,503 - INFO - [36m(worker1, rank=1, pid=5179, ip=172.31.45.74)[0m + FI_EFA_USE_DEVICE_RDMA=1
2026-03-26 14:25:16,503 - INFO - [36m(worker1, rank=1, pid=5179, ip=172.31.45.74)[0m + export FI_PROVIDER=efa
2026-03-26 14:25:16,503 - INFO - [36m(worker1, rank=1, pid=5179, ip=172.31.45.74)[0m + FI_PROVIDER=efa
2026-03-26 14:25:16,503 - INFO - [36m(worker1, rank=1, pid=5179, ip=172.31.45.74)[0m + export NCCL_DEBUG_SUBSYS=NET
2026-03-26 14:25:16,503 - INFO - [36m(worker1, rank=1, pid=5179, ip=172.31.45.74)[0m + NCCL_DEBUG_SUBSYS=NET
2026-03-26 14:25:16,503 - INFO - [36m(worker1, rank=1, pid=5179, ip=172.31.45.74)[0m + export 'RAY_CMD=uv run ray'
2026-03-26 14:25:16,503 - INFO - [36m(worker1, rank=1, pid=5179, ip=172.31.45.74)[0m + RAY_CMD='uv run ray'
2026-03-26 14:25:16,503 - INFO - [36m(worker1, rank=1, pid=5179, ip=172.31.45.74)[0m + export RAY_DASHBOARD_HOST=0.0.0.0
2026-03-26 14:25:16,503 - INFO - [36m(worker1, rank=1, pid=5179, ip=172.31.45.74)[0m + RAY_DASHBOARD_HOST=0.0.0.0
2026-03-26 14:25:16,503 - INFO - [36m(worker1, rank=1, pid=5179, ip=172.31.45.74)[0m + export RAY_HEAD_PORT=6379
2026-03-26 14:25:16,503 - INFO - [36m(worker1, rank=1, pid=5179, ip=172.31.45.74)[0m + RAY_HEAD_PORT=6379
2026-03-26 14:25:16,503 - INFO - [36m(worker1, rank=1, pid=5179, ip=172.31.45.74)[0m + export RAY_DASHBOARD_PORT=8265
2026-03-26 14:25:16,503 - INFO - [36m(worker1, rank=1, pid=5179, ip=172.31.45.74)[0m + RAY_DASHBOARD_PORT=8265
2026-03-26 14:25:16,503 - INFO - [36m(worker1, rank=1, pid=5179, ip=172.31.45.74)[0m + export RAY_CGRAPH_get_timeout=1800
2026-03-26 14:25:16,503 - INFO - [36m(worker1, rank=1, pid=5179, ip=172.31.45.74)[0m + RAY_CGRAPH_get_timeout=1800
2026-03-26 14:25:16,503 - INFO - [36m(worker1, rank=1, pid=5179, ip=172.31.45.74)[0m + export RAY_CGRAPH_submit_timeout=180
2026-03-26 14:25:16,503 - INFO - [36m(worker1, rank=1, pid=5179, ip=172.31.45.74)[0m + RAY_CGRAPH_submit_timeout=180
2026-03-26 14:25:16,503 - INFO - [36m(worker1, rank=1, pid=5179, ip=172.31.45.74)[0m + /home/ubuntu/sky_templates/ray/start_cluster
2026-03-26 14:25:16,503 - INFO - [36m(worker1, rank=1, pid=5179, ip=172.31.45.74)[0m [0;32mStarting Ray cluster...[0m
2026-03-26 14:25:16,503 - INFO - [36m(head, rank=0, pid=6522)[0m + echo '--- Installed torch packages ---'
2026-03-26 14:25:17,005 - INFO - [36m(head, rank=0, pid=6522)[0m --- Installed torch packages ---
2026-03-26 14:25:17,005 - INFO - [36m(head, rank=0, pid=6522)[0m + pip list
2026-03-26 14:25:17,005 - INFO - [36m(head, rank=0, pid=6522)[0m + grep --color=auto -i -E 'torch|nvidia|cuda|triton'
2026-03-26 14:25:17,005 - INFO - [36m(head, rank=0, pid=6522)[0m cuda-pathfinder                   1.5.0
2026-03-26 14:25:17,810 - INFO - [36m(head, rank=0, pid=6522)[0m cupy-cuda12x                      14.0.1
2026-03-26 14:25:17,810 - INFO - [36m(head, rank=0, pid=6522)[0m nvidia-cublas-cu12                12.6.4.1
2026-03-26 14:25:17,810 - INFO - [36m(head, rank=0, pid=6522)[0m nvidia-cuda-cupti-cu12            12.6.80
2026-03-26 14:25:17,810 - INFO - [36m(head, rank=0, pid=6522)[0m nvidia-cuda-nvrtc-cu12            12.6.77
2026-03-26 14:25:17,810 - INFO - [36m(head, rank=0, pid=6522)[0m nvidia-cuda-runtime-cu12          12.6.77
2026-03-26 14:25:17,810 - INFO - [36m(head, rank=0, pid=6522)[0m nvidia-cudnn-cu12                 9.5.1.17
2026-03-26 14:25:17,810 - INFO - [36m(head, rank=0, pid=6522)[0m nvidia-cufft-cu12                 11.3.0.4
2026-03-26 14:25:17,810 - INFO - [36m(head, rank=0, pid=6522)[0m nvidia-cufile-cu12                1.11.1.6
2026-03-26 14:25:17,810 - INFO - [36m(head, rank=0, pid=6522)[0m nvidia-curand-cu12                10.3.7.77
2026-03-26 14:25:17,810 - INFO - [36m(head, rank=0, pid=6522)[0m nvidia-cusolver-cu12              11.7.1.2
2026-03-26 14:25:17,810 - INFO - [36m(head, rank=0, pid=6522)[0m nvidia-cusparse-cu12              12.5.4.2
2026-03-26 14:25:17,810 - INFO - [36m(head, rank=0, pid=6522)[0m nvidia-cusparselt-cu12            0.6.3
2026-03-26 14:25:17,810 - INFO - [36m(head, rank=0, pid=6522)[0m nvidia-ml-py                      13.595.45
2026-03-26 14:25:17,810 - INFO - [36m(head, rank=0, pid=6522)[0m nvidia-nccl-cu12                  2.26.2
2026-03-26 14:25:17,810 - INFO - [36m(head, rank=0, pid=6522)[0m nvidia-nvjitlink-cu12             12.6.85
2026-03-26 14:25:17,810 - INFO - [36m(head, rank=0, pid=6522)[0m nvidia-nvtx-cu12                  12.6.77
2026-03-26 14:25:17,810 - INFO - [36m(head, rank=0, pid=6522)[0m torch                             2.7.1
2026-03-26 14:25:17,810 - INFO - [36m(head, rank=0, pid=6522)[0m torchaudio                        2.7.1
2026-03-26 14:25:17,810 - INFO - [36m(head, rank=0, pid=6522)[0m torchvision                       0.22.1
2026-03-26 14:25:17,810 - INFO - [36m(head, rank=0, pid=6522)[0m triton                            3.3.1
2026-03-26 14:25:17,810 - INFO - [36m(head, rank=0, pid=6522)[0m + echo =========================================
2026-03-26 14:25:17,810 - INFO - [36m(head, rank=0, pid=6522)[0m =========================================
2026-03-26 14:25:17,810 - INFO - [36m(head, rank=0, pid=6522)[0m + export LD_LIBRARY_PATH=/usr/local/cuda/lib64:/usr/local/cuda/targets/x86_64-linux/lib:/usr/local/cuda/lib64:/usr/local/cuda/targets/x86_64-linux/lib:/usr/local/cuda-12.8/lib:/usr/local/cuda-12.8/lib64:/usr/local/cuda-12.8:/usr/local/cuda-12.8/targets/x86_64-linux/lib/:/usr/local/cuda-12.8/extras/CUPTI/lib64:/opt/amazon/efa/lib:/opt/amazon/openmpi/lib:/opt/amazon/ofi-nccl/lib/x86_64-linux-gnu:/usr/local/lib:/usr/lib:/usr/local/cuda-12.8/lib:/usr/local/cuda-12.8/lib64:/usr/local/cuda-12.8:/usr/local/cuda-12.8/targets/x86_64-linux/lib/:/usr/local/cuda-12.8/extras/CUPTI/lib64:/opt/amazon/efa/lib:/opt/amazon/openmpi/lib:/opt/amazon/ofi-nccl/lib/x86_64-linux-gnu:/usr/local/lib:/usr/lib
2026-03-26 14:25:17,810 - INFO - [36m(head, rank=0, pid=6522)[0m + LD_LIBRARY_PATH=/usr/local/cuda/lib64:/usr/local/cuda/targets/x86_64-linux/lib:/usr/local/cuda/lib64:/usr/local/cuda/targets/x86_64-linux/lib:/usr/local/cuda-12.8/lib:/usr/local/cuda-12.8/lib64:/usr/local/cuda-12.8:/usr/local/cuda-12.8/targets/x86_64-linux/lib/:/usr/local/cuda-12.8/extras/CUPTI/lib64:/opt/amazon/efa/lib:/opt/amazon/openmpi/lib:/opt/amazon/ofi-nccl/lib/x86_64-linux-gnu:/usr/local/lib:/usr/lib:/usr/local/cuda-12.8/lib:/usr/local/cuda-12.8/lib64:/usr/local/cuda-12.8:/usr/local/cuda-12.8/targets/x86_64-linux/lib/:/usr/local/cuda-12.8/extras/CUPTI/lib64:/opt/amazon/efa/lib:/opt/amazon/openmpi/lib:/opt/amazon/ofi-nccl/lib/x86_64-linux-gnu:/usr/local/lib:/usr/lib
2026-03-26 14:25:17,810 - INFO - [36m(head, rank=0, pid=6522)[0m + export NCCL_P2P_DISABLE=0
2026-03-26 14:25:17,810 - INFO - [36m(head, rank=0, pid=6522)[0m + NCCL_P2P_DISABLE=0
2026-03-26 14:25:17,810 - INFO - [36m(head, rank=0, pid=6522)[0m + export NCCL_TIMEOUT=3600
2026-03-26 14:25:17,810 - INFO - [36m(head, rank=0, pid=6522)[0m + NCCL_TIMEOUT=3600
2026-03-26 14:25:17,810 - INFO - [36m(head, rank=0, pid=6522)[0m + export TORCH_NCCL_BLOCKING_WAIT=1
2026-03-26 14:25:17,810 - INFO - [36m(head, rank=0, pid=6522)[0m + TORCH_NCCL_BLOCKING_WAIT=1
2026-03-26 14:25:17,810 - INFO - [36m(head, rank=0, pid=6522)[0m + export TORCH_NCCL_ASYNC_ERROR_HANDLING=1
2026-03-26 14:25:17,811 - INFO - [36m(head, rank=0, pid=6522)[0m + TORCH_NCCL_ASYNC_ERROR_HANDLING=1
2026-03-26 14:25:17,811 - INFO - [36m(head, rank=0, pid=6522)[0m + export TORCH_NCCL_TRACE_BUFFER_SIZE=10000
2026-03-26 14:25:17,811 - INFO - [36m(head, rank=0, pid=6522)[0m + TORCH_NCCL_TRACE_BUFFER_SIZE=10000
2026-03-26 14:25:17,811 - INFO - [36m(head, rank=0, pid=6522)[0m + export TORCH_DISTRIBUTED_DEBUG=DETAIL
2026-03-26 14:25:17,811 - INFO - [36m(head, rank=0, pid=6522)[0m + TORCH_DISTRIBUTED_DEBUG=DETAIL
2026-03-26 14:25:17,811 - INFO - [36m(head, rank=0, pid=6522)[0m + export NCCL_DEBUG=INFO
2026-03-26 14:25:17,811 - INFO - [36m(head, rank=0, pid=6522)[0m + NCCL_DEBUG=INFO
2026-03-26 14:25:17,811 - INFO - [36m(head, rank=0, pid=6522)[0m + export LD_LIBRARY_PATH=/opt/amazon/ofi-nccl/lib:/opt/amazon/efa/lib:/usr/local/cuda/lib64:/usr/local/cuda/targets/x86_64-linux/lib:/usr/local/cuda/lib64:/usr/local/cuda/targets/x86_64-linux/lib:/usr/local/cuda-12.8/lib:/usr/local/cuda-12.8/lib64:/usr/local/cuda-12.8:/usr/local/cuda-12.8/targets/x86_64-linux/lib/:/usr/local/cuda-12.8/extras/CUPTI/lib64:/opt/amazon/efa/lib:/opt/amazon/openmpi/lib:/opt/amazon/ofi-nccl/lib/x86_64-linux-gnu:/usr/local/lib:/usr/lib:/usr/local/cuda-12.8/lib:/usr/local/cuda-12.8/lib64:/usr/local/cuda-12.8:/usr/local/cuda-12.8/targets/x86_64-linux/lib/:/usr/local/cuda-12.8/extras/CUPTI/lib64:/opt/amazon/efa/lib:/opt/amazon/openmpi/lib:/opt/amazon/ofi-nccl/lib/x86_64-linux-gnu:/usr/local/lib:/usr/lib
2026-03-26 14:25:17,811 - INFO - [36m(head, rank=0, pid=6522)[0m + LD_LIBRARY_PATH=/opt/amazon/ofi-nccl/lib:/opt/amazon/efa/lib:/usr/local/cuda/lib64:/usr/local/cuda/targets/x86_64-linux/lib:/usr/local/cuda/lib64:/usr/local/cuda/targets/x86_64-linux/lib:/usr/local/cuda-12.8/lib:/usr/local/cuda-12.8/lib64:/usr/local/cuda-12.8:/usr/local/cuda-12.8/targets/x86_64-linux/lib/:/usr/local/cuda-12.8/extras/CUPTI/lib64:/opt/amazon/efa/lib:/opt/amazon/openmpi/lib:/opt/amazon/ofi-nccl/lib/x86_64-linux-gnu:/usr/local/lib:/usr/lib:/usr/local/cuda-12.8/lib:/usr/local/cuda-12.8/lib64:/usr/local/cuda-12.8:/usr/local/cuda-12.8/targets/x86_64-linux/lib/:/usr/local/cuda-12.8/extras/CUPTI/lib64:/opt/amazon/efa/lib:/opt/amazon/openmpi/lib:/opt/amazon/ofi-nccl/lib/x86_64-linux-gnu:/usr/local/lib:/usr/lib
2026-03-26 14:25:17,811 - INFO - [36m(head, rank=0, pid=6522)[0m + export NCCL_NET_PLUGIN=ofi
2026-03-26 14:25:17,811 - INFO - [36m(head, rank=0, pid=6522)[0m + NCCL_NET_PLUGIN=ofi
2026-03-26 14:25:17,811 - INFO - [36m(head, rank=0, pid=6522)[0m + export FI_EFA_USE_DEVICE_RDMA=1
2026-03-26 14:25:17,811 - INFO - [36m(head, rank=0, pid=6522)[0m + FI_EFA_USE_DEVICE_RDMA=1
2026-03-26 14:25:17,811 - INFO - [36m(head, rank=0, pid=6522)[0m + export FI_PROVIDER=efa
2026-03-26 14:25:17,811 - INFO - [36m(head, rank=0, pid=6522)[0m + FI_PROVIDER=efa
2026-03-26 14:25:17,811 - INFO - [36m(head, rank=0, pid=6522)[0m + export NCCL_DEBUG_SUBSYS=NET
2026-03-26 14:25:17,811 - INFO - [36m(head, rank=0, pid=6522)[0m + NCCL_DEBUG_SUBSYS=NET
2026-03-26 14:25:17,811 - INFO - [36m(head, rank=0, pid=6522)[0m + export 'RAY_CMD=uv run ray'
2026-03-26 14:25:17,811 - INFO - [36m(head, rank=0, pid=6522)[0m + RAY_CMD='uv run ray'
2026-03-26 14:25:17,811 - INFO - [36m(head, rank=0, pid=6522)[0m + export RAY_DASHBOARD_HOST=0.0.0.0
2026-03-26 14:25:17,811 - INFO - [36m(head, rank=0, pid=6522)[0m + RAY_DASHBOARD_HOST=0.0.0.0
2026-03-26 14:25:17,811 - INFO - [36m(head, rank=0, pid=6522)[0m + export RAY_HEAD_PORT=6379
2026-03-26 14:25:17,811 - INFO - [36m(head, rank=0, pid=6522)[0m + RAY_HEAD_PORT=6379
2026-03-26 14:25:17,811 - INFO - [36m(head, rank=0, pid=6522)[0m + export RAY_DASHBOARD_PORT=8265
2026-03-26 14:25:17,811 - INFO - [36m(head, rank=0, pid=6522)[0m + RAY_DASHBOARD_PORT=8265
2026-03-26 14:25:17,811 - INFO - [36m(head, rank=0, pid=6522)[0m + export RAY_CGRAPH_get_timeout=1800
2026-03-26 14:25:17,811 - INFO - [36m(head, rank=0, pid=6522)[0m + RAY_CGRAPH_get_timeout=1800
2026-03-26 14:25:17,811 - INFO - [36m(head, rank=0, pid=6522)[0m + export RAY_CGRAPH_submit_timeout=180
2026-03-26 14:25:17,811 - INFO - [36m(head, rank=0, pid=6522)[0m + RAY_CGRAPH_submit_timeout=180
2026-03-26 14:25:17,811 - INFO - [36m(head, rank=0, pid=6522)[0m + /home/ubuntu/sky_templates/ray/start_cluster
2026-03-26 14:25:17,811 - INFO - [36m(head, rank=0, pid=6522)[0m [0;32mStarting Ray cluster...[0m
2026-03-26 14:25:17,811 - INFO - [36m(worker1, rank=1, pid=5179, ip=172.31.45.74)[0m Resolved 59 packages in 139ms
2026-03-26 14:25:18,817 - INFO - [36m(worker1, rank=1, pid=5179, ip=172.31.45.74)[0m Downloading grpcio (6.4MiB)
2026-03-26 14:25:18,817 - INFO - [36m(worker1, rank=1, pid=5179, ip=172.31.45.74)[0m Downloading cryptography (4.3MiB)
2026-03-26 14:25:18,817 - INFO - [36m(worker1, rank=1, pid=5179, ip=172.31.45.74)[0m  Downloaded grpcio
2026-03-26 14:25:18,817 - INFO - [36m(worker1, rank=1, pid=5179, ip=172.31.45.74)[0m  Downloaded cryptography
2026-03-26 14:25:18,817 - INFO - [36m(worker1, rank=1, pid=5179, ip=172.31.45.74)[0m Prepared 14 packages in 229ms
2026-03-26 14:25:18,817 - INFO - [36m(worker1, rank=1, pid=5179, ip=172.31.45.74)[0m Uninstalled 2 packages in 1ms
2026-03-26 14:25:18,817 - INFO - [36m(worker1, rank=1, pid=5179, ip=172.31.45.74)[0m Installed 28 packages in 27ms
2026-03-26 14:25:18,817 - INFO - [36m(worker1, rank=1, pid=5179, ip=172.31.45.74)[0m  + aiohttp-cors==0.8.1
2026-03-26 14:25:18,817 - INFO - [36m(worker1, rank=1, pid=5179, ip=172.31.45.74)[0m  - click==8.3.1
2026-03-26 14:25:18,817 - INFO - [36m(worker1, rank=1, pid=5179, ip=172.31.45.74)[0m  + click==8.2.1
2026-03-26 14:25:18,817 - INFO - [36m(worker1, rank=1, pid=5179, ip=172.31.45.74)[0m  + colorful==0.5.8
2026-03-26 14:25:18,817 - INFO - [36m(worker1, rank=1, pid=5179, ip=172.31.45.74)[0m  + cryptography==46.0.6
2026-03-26 14:25:18,817 - INFO - [36m(worker1, rank=1, pid=5179, ip=172.31.45.74)[0m  + distlib==0.4.0
2026-03-26 14:25:18,817 - INFO - [36m(worker1, rank=1, pid=5179, ip=172.31.45.74)[0m  + google-api-core==2.30.0
2026-03-26 14:25:18,817 - INFO - [36m(worker1, rank=1, pid=5179, ip=172.31.45.74)[0m  + google-auth==2.49.1
2026-03-26 14:25:18,817 - INFO - [36m(worker1, rank=1, pid=5179, ip=172.31.45.74)[0m  + googleapis-common-protos==1.73.0
2026-03-26 14:25:18,817 - INFO - [36m(worker1, rank=1, pid=5179, ip=172.31.45.74)[0m  + grpcio==1.78.0
2026-03-26 14:25:18,817 - INFO - [36m(worker1, rank=1, pid=5179, ip=172.31.45.74)[0m  + importlib-metadata==8.7.1
2026-03-26 14:25:18,817 - INFO - [36m(worker1, rank=1, pid=5179, ip=172.31.45.74)[0m  + opencensus==0.11.4
2026-03-26 14:25:18,817 - INFO - [36m(worker1, rank=1, pid=5179, ip=172.31.45.74)[0m  + opencensus-context==0.1.3
2026-03-26 14:25:18,817 - INFO - [36m(worker1, rank=1, pid=5179, ip=172.31.45.74)[0m  + opentelemetry-api==1.40.0
2026-03-26 14:25:18,817 - INFO - [36m(worker1, rank=1, pid=5179, ip=172.31.45.74)[0m  + opentelemetry-exporter-prometheus==0.61b0
2026-03-26 14:25:18,817 - INFO - [36m(worker1, rank=1, pid=5179, ip=172.31.45.74)[0m  + opentelemetry-proto==1.40.0
2026-03-26 14:25:18,817 - INFO - [36m(worker1, rank=1, pid=5179, ip=172.31.45.74)[0m  + opentelemetry-sdk==1.40.0
2026-03-26 14:25:18,817 - INFO - [36m(worker1, rank=1, pid=5179, ip=172.31.45.74)[0m  + opentelemetry-semantic-conventions==0.61b0
2026-03-26 14:25:18,817 - INFO - [36m(worker1, rank=1, pid=5179, ip=172.31.45.74)[0m  + platformdirs==4.9.4
2026-03-26 14:25:18,817 - INFO - [36m(worker1, rank=1, pid=5179, ip=172.31.45.74)[0m  + proto-plus==1.27.1
2026-03-26 14:25:18,817 - INFO - [36m(worker1, rank=1, pid=5179, ip=172.31.45.74)[0m  - protobuf==7.34.1
2026-03-26 14:25:18,817 - INFO - [36m(worker1, rank=1, pid=5179, ip=172.31.45.74)[0m  + protobuf==6.33.6
2026-03-26 14:25:18,817 - INFO - [36m(worker1, rank=1, pid=5179, ip=172.31.45.74)[0m  + py-spy==0.4.1
2026-03-26 14:25:18,817 - INFO - [36m(worker1, rank=1, pid=5179, ip=172.31.45.74)[0m  + pyasn1==0.6.3
2026-03-26 14:25:18,817 - INFO - [36m(worker1, rank=1, pid=5179, ip=172.31.45.74)[0m  + pyasn1-modules==0.4.2
2026-03-26 14:25:18,817 - INFO - [36m(worker1, rank=1, pid=5179, ip=172.31.45.74)[0m  + python-discovery==1.2.0
2026-03-26 14:25:18,817 - INFO - [36m(worker1, rank=1, pid=5179, ip=172.31.45.74)[0m  + smart-open==7.5.1
2026-03-26 14:25:18,817 - INFO - [36m(worker1, rank=1, pid=5179, ip=172.31.45.74)[0m  + virtualenv==21.2.0
2026-03-26 14:25:18,817 - INFO - [36m(worker1, rank=1, pid=5179, ip=172.31.45.74)[0m  + wrapt==2.1.2
2026-03-26 14:25:18,817 - INFO - [36m(worker1, rank=1, pid=5179, ip=172.31.45.74)[0m  + zipp==3.23.0
2026-03-26 14:25:18,817 - INFO - [36m(head, rank=0, pid=6522)[0m Resolved 59 packages in 143ms
2026-03-26 14:25:19,622 - INFO - [36m(head, rank=0, pid=6522)[0m Downloading grpcio (6.4MiB)
2026-03-26 14:25:19,622 - INFO - [36m(head, rank=0, pid=6522)[0m Downloading cryptography (4.3MiB)
2026-03-26 14:25:19,622 - INFO - [36m(head, rank=0, pid=6522)[0m  Downloaded grpcio
2026-03-26 14:25:21,335 - INFO - [36m(head, rank=0, pid=6522)[0m  Downloaded cryptography
2026-03-26 14:25:21,335 - INFO - [36m(head, rank=0, pid=6522)[0m Prepared 14 packages in 143ms
2026-03-26 14:25:21,335 - INFO - [36m(head, rank=0, pid=6522)[0m Uninstalled 2 packages in 1ms
2026-03-26 14:25:21,335 - INFO - [36m(head, rank=0, pid=6522)[0m Installed 28 packages in 95ms
2026-03-26 14:25:21,335 - INFO - [36m(head, rank=0, pid=6522)[0m  + aiohttp-cors==0.8.1
2026-03-26 14:25:21,335 - INFO - [36m(head, rank=0, pid=6522)[0m  - click==8.3.1
2026-03-26 14:25:21,335 - INFO - [36m(head, rank=0, pid=6522)[0m  + click==8.2.1
2026-03-26 14:25:21,335 - INFO - [36m(head, rank=0, pid=6522)[0m  + colorful==0.5.8
2026-03-26 14:25:21,335 - INFO - [36m(head, rank=0, pid=6522)[0m  + cryptography==46.0.6
2026-03-26 14:25:21,335 - INFO - [36m(head, rank=0, pid=6522)[0m  + distlib==0.4.0
2026-03-26 14:25:21,335 - INFO - [36m(head, rank=0, pid=6522)[0m  + google-api-core==2.30.0
2026-03-26 14:25:21,335 - INFO - [36m(head, rank=0, pid=6522)[0m  + google-auth==2.49.1
2026-03-26 14:25:21,335 - INFO - [36m(head, rank=0, pid=6522)[0m  + googleapis-common-protos==1.73.0
2026-03-26 14:25:21,335 - INFO - [36m(head, rank=0, pid=6522)[0m  + grpcio==1.78.0
2026-03-26 14:25:21,335 - INFO - [36m(head, rank=0, pid=6522)[0m  + importlib-metadata==8.7.1
2026-03-26 14:25:21,335 - INFO - [36m(head, rank=0, pid=6522)[0m  + opencensus==0.11.4
2026-03-26 14:25:21,335 - INFO - [36m(head, rank=0, pid=6522)[0m  + opencensus-context==0.1.3
2026-03-26 14:25:21,335 - INFO - [36m(head, rank=0, pid=6522)[0m  + opentelemetry-api==1.40.0
2026-03-26 14:25:21,335 - INFO - [36m(head, rank=0, pid=6522)[0m  + opentelemetry-exporter-prometheus==0.61b0
2026-03-26 14:25:21,335 - INFO - [36m(head, rank=0, pid=6522)[0m  + opentelemetry-proto==1.40.0
2026-03-26 14:25:21,335 - INFO - [36m(head, rank=0, pid=6522)[0m  + opentelemetry-sdk==1.40.0
2026-03-26 14:25:21,335 - INFO - [36m(head, rank=0, pid=6522)[0m  + opentelemetry-semantic-conventions==0.61b0
2026-03-26 14:25:21,335 - INFO - [36m(head, rank=0, pid=6522)[0m  + platformdirs==4.9.4
2026-03-26 14:25:21,335 - INFO - [36m(head, rank=0, pid=6522)[0m  + proto-plus==1.27.1
2026-03-26 14:25:21,335 - INFO - [36m(head, rank=0, pid=6522)[0m  - protobuf==7.34.1
2026-03-26 14:25:21,335 - INFO - [36m(head, rank=0, pid=6522)[0m  + protobuf==6.33.6
2026-03-26 14:25:21,335 - INFO - [36m(head, rank=0, pid=6522)[0m  + py-spy==0.4.1
2026-03-26 14:25:21,335 - INFO - [36m(head, rank=0, pid=6522)[0m  + pyasn1==0.6.3
2026-03-26 14:25:21,335 - INFO - [36m(head, rank=0, pid=6522)[0m  + pyasn1-modules==0.4.2
2026-03-26 14:25:21,335 - INFO - [36m(head, rank=0, pid=6522)[0m  + python-discovery==1.2.0
2026-03-26 14:25:21,336 - INFO - [36m(head, rank=0, pid=6522)[0m  + smart-open==7.5.1
2026-03-26 14:25:21,336 - INFO - [36m(head, rank=0, pid=6522)[0m  + virtualenv==21.2.0
2026-03-26 14:25:21,336 - INFO - [36m(head, rank=0, pid=6522)[0m  + wrapt==2.1.2
2026-03-26 14:25:21,336 - INFO - [36m(head, rank=0, pid=6522)[0m  + zipp==3.23.0
2026-03-26 14:25:21,336 - INFO - [36m(worker1, rank=1, pid=5179, ip=172.31.45.74)[0m [0;32mRay 2.54.1 is installed.[0m
2026-03-26 14:25:22,943 - INFO - [36m(head, rank=0, pid=6522)[0m [0;32mRay 2.54.1 is installed.[0m
2026-03-26 14:25:57,836 - INFO - [36m(worker1, rank=1, pid=5179, ip=172.31.45.74)[0m [0;32mStarting Ray worker node...[0m
2026-03-26 14:25:59,445 - INFO - [36m(worker1, rank=1, pid=5179, ip=172.31.45.74)[0m Waiting for head node at 172.31.45.227:6379...
2026-03-26 14:25:59,445 - INFO - [36m(head, rank=0, pid=6522)[0m [0;32mStarting Ray head node...[0m
2026-03-26 14:26:00,652 - INFO - [36m(head, rank=0, pid=6522)[0m 2026-03-26 08:56:00,240	INFO usage_lib.py:447 -- Usage stats collection is disabled.
2026-03-26 14:26:02,060 - INFO - [36m(head, rank=0, pid=6522)[0m 2026-03-26 08:56:00,241	INFO scripts.py:936 -- [37mLocal node IP[39m: [1m172.31.45.227[22m
2026-03-26 14:26:02,060 - INFO - [36m(worker1, rank=1, pid=5179, ip=172.31.45.74)[0m Head node not healthy yet. Retrying in 1s...
2026-03-26 14:26:04,371 - INFO - [36m(worker1, rank=1, pid=5179, ip=172.31.45.74)[0m [0;32mHead node is healthy. Starting worker node...[0m
2026-03-26 14:26:05,375 - INFO - [36m(worker1, rank=1, pid=5179, ip=172.31.45.74)[0m 2026-03-26 08:56:05,213	INFO scripts.py:1124 -- [37mLocal node IP[39m: [1m172.31.45.74[22m
2026-03-26 14:26:12,012 - INFO - [36m(head, rank=0, pid=6522)[0m 2026-03-26 08:56:11,648	SUCC scripts.py:975 -- [32m--------------------[39m
2026-03-26 14:26:13,619 - INFO - [36m(head, rank=0, pid=6522)[0m 2026-03-26 08:56:11,648	SUCC scripts.py:976 -- [32mRay runtime started.[39m
2026-03-26 14:26:13,619 - INFO - [36m(head, rank=0, pid=6522)[0m 2026-03-26 08:56:11,648	SUCC scripts.py:977 -- [32m--------------------[39m
2026-03-26 14:26:13,619 - INFO - [36m(head, rank=0, pid=6522)[0m 2026-03-26 08:56:11,648	INFO scripts.py:979 -- [36mNext steps[39m
2026-03-26 14:26:13,619 - INFO - [36m(head, rank=0, pid=6522)[0m 2026-03-26 08:56:11,649	INFO scripts.py:982 -- To add another node to this Ray cluster, run
2026-03-26 14:26:13,619 - INFO - [36m(head, rank=0, pid=6522)[0m 2026-03-26 08:56:11,649	INFO scripts.py:985 -- [1m  ray start --address='172.31.45.227:6379'[22m
2026-03-26 14:26:13,619 - INFO - [36m(head, rank=0, pid=6522)[0m 2026-03-26 08:56:11,649	INFO scripts.py:996 -- To connect to this Ray cluster:
2026-03-26 14:26:13,619 - INFO - [36m(head, rank=0, pid=6522)[0m 2026-03-26 08:56:11,649	INFO scripts.py:998 -- [35mimport[39m[26m ray
2026-03-26 14:26:13,619 - INFO - [36m(head, rank=0, pid=6522)[0m 2026-03-26 08:56:11,649	INFO scripts.py:999 -- ray[35m.[39m[26minit()
2026-03-26 14:26:13,619 - INFO - [36m(head, rank=0, pid=6522)[0m 2026-03-26 08:56:11,649	INFO scripts.py:1013 -- To submit a Ray job using the Ray Jobs CLI:
2026-03-26 14:26:13,619 - INFO - [36m(head, rank=0, pid=6522)[0m 2026-03-26 08:56:11,649	INFO scripts.py:1014 -- [1m  RAY_API_SERVER_ADDRESS='http://172.31.45.227:8265' ray job submit --working-dir . -- python my_script.py[22m
2026-03-26 14:26:13,619 - INFO - [36m(head, rank=0, pid=6522)[0m 2026-03-26 08:56:11,649	INFO scripts.py:1023 -- See https://docs.ray.io/en/latest/cluster/running-applications/job-submission/index.html
2026-03-26 14:26:13,619 - INFO - [36m(head, rank=0, pid=6522)[0m 2026-03-26 08:56:11,649	INFO scripts.py:1027 -- for more information on submitting Ray jobs to the Ray cluster.
2026-03-26 14:26:13,619 - INFO - [36m(head, rank=0, pid=6522)[0m 2026-03-26 08:56:11,649	INFO scripts.py:1032 -- To terminate the Ray runtime, run
2026-03-26 14:26:13,619 - INFO - [36m(head, rank=0, pid=6522)[0m 2026-03-26 08:56:11,649	INFO scripts.py:1033 -- [1m  ray stop[22m
2026-03-26 14:26:13,619 - INFO - [36m(head, rank=0, pid=6522)[0m 2026-03-26 08:56:11,649	INFO scripts.py:1036 -- To view the status of the cluster, use
2026-03-26 14:26:13,619 - INFO - [36m(head, rank=0, pid=6522)[0m 2026-03-26 08:56:11,649	INFO scripts.py:1037 --   [1mray status[22m[26m
2026-03-26 14:26:13,619 - INFO - [36m(head, rank=0, pid=6522)[0m 2026-03-26 08:56:11,649	INFO scripts.py:1041 -- To monitor and debug Ray, view the dashboard at
2026-03-26 14:26:13,619 - INFO - [36m(head, rank=0, pid=6522)[0m 2026-03-26 08:56:11,649	INFO scripts.py:1042 --   [1m172.31.45.227:8265[22m[26m
2026-03-26 14:26:13,619 - INFO - [36m(head, rank=0, pid=6522)[0m 2026-03-26 08:56:11,649	INFO scripts.py:1049 -- [4mIf connection to the dashboard fails, check your firewall settings and network configuration.[24m
2026-03-26 14:26:13,619 - INFO - [36m(head, rank=0, pid=6522)[0m [0;32mHead node started successfully.[0m
2026-03-26 14:26:14,523 - INFO - [36m(head, rank=0, pid=6522)[0m Waiting for all 2 nodes to join...
2026-03-26 14:26:14,523 - INFO - [36m(worker1, rank=1, pid=5179, ip=172.31.45.74)[0m 2026-03-26 08:56:13,546	SUCC scripts.py:1140 -- [32m--------------------[39m
2026-03-26 14:26:15,027 - INFO - [36m(worker1, rank=1, pid=5179, ip=172.31.45.74)[0m 2026-03-26 08:56:13,546	SUCC scripts.py:1141 -- [32mRay runtime started.[39m
2026-03-26 14:26:15,027 - INFO - [36m(worker1, rank=1, pid=5179, ip=172.31.45.74)[0m 2026-03-26 08:56:13,546	SUCC scripts.py:1142 -- [32m--------------------[39m
2026-03-26 14:26:15,027 - INFO - [36m(worker1, rank=1, pid=5179, ip=172.31.45.74)[0m 2026-03-26 08:56:13,547	INFO scripts.py:1144 -- To terminate the Ray runtime, run
2026-03-26 14:26:15,027 - INFO - [36m(worker1, rank=1, pid=5179, ip=172.31.45.74)[0m 2026-03-26 08:56:13,547	INFO scripts.py:1145 -- [1m  ray stop[22m
2026-03-26 14:26:15,027 - INFO - [36m(worker1, rank=1, pid=5179, ip=172.31.45.74)[0m [0;32mWorker node started successfully.[0m
2026-03-26 14:26:15,027 - INFO - [36m(head, rank=0, pid=6522)[0m [0;32mAll 2 nodes have joined.[0m
2026-03-26 14:26:19,041 - INFO - [36m(worker1, rank=1, pid=5179, ip=172.31.45.74)[0m + '[' 1 = 0 ']'
2026-03-26 14:26:20,049 - INFO - [36m(worker1, rank=1, pid=5179, ip=172.31.45.74)[0m + echo 'Cluster ready for benchmarking'
2026-03-26 14:26:20,050 - INFO - [36m(worker1, rank=1, pid=5179, ip=172.31.45.74)[0m Cluster ready for benchmarking
2026-03-26 14:26:20,050 - INFO - [36m(worker1, rank=1, pid=5179, ip=172.31.45.74)[0m ++ findmnt -t fuse.rclone --noheading
2026-03-26 14:26:20,050 - INFO - [36m(worker1, rank=1, pid=5179, ip=172.31.45.74)[0m ++ wc -l
2026-03-26 14:26:20,050 - INFO - [36m(worker1, rank=1, pid=5179, ip=172.31.45.74)[0m + '[' 0 -gt 0 ']'
2026-03-26 14:26:20,050 - INFO - [36m(head, rank=0, pid=6522)[0m + '[' 0 = 0 ']'
2026-03-26 14:26:21,260 - INFO - [36m(head, rank=0, pid=6522)[0m + echo 'Ray cluster started on head node'
2026-03-26 14:26:21,260 - INFO - [36m(head, rank=0, pid=6522)[0m Ray cluster started on head node
2026-03-26 14:26:21,260 - INFO - [36m(head, rank=0, pid=6522)[0m + ray status --address=127.0.0.1:6379
2026-03-26 14:26:21,260 - INFO - [36m(head, rank=0, pid=6522)[0m ======== Autoscaler status: 2026-03-26 08:56:16.981715 ========
2026-03-26 14:26:23,071 - INFO - [36m(head, rank=0, pid=6522)[0m Node status
2026-03-26 14:26:23,071 - INFO - [36m(head, rank=0, pid=6522)[0m ---------------------------------------------------------------
2026-03-26 14:26:23,071 - INFO - [36m(head, rank=0, pid=6522)[0m Active:
2026-03-26 14:26:23,071 - INFO - [36m(head, rank=0, pid=6522)[0m  1 node_026f9da72ae11f368c99607fb47423fd58eab5c8da875bf189084889
2026-03-26 14:26:23,071 - INFO - [36m(head, rank=0, pid=6522)[0m  1 node_7927cb205b202381c76b30da9ae6e1a7780ffa7d4de87f93c3912078
2026-03-26 14:26:23,071 - INFO - [36m(head, rank=0, pid=6522)[0m Pending:
2026-03-26 14:26:23,071 - INFO - [36m(head, rank=0, pid=6522)[0m  (no pending nodes)
2026-03-26 14:26:23,071 - INFO - [36m(head, rank=0, pid=6522)[0m Recent failures:
2026-03-26 14:26:23,071 - INFO - [36m(head, rank=0, pid=6522)[0m  (no failures)
2026-03-26 14:26:23,071 - INFO - [36m(head, rank=0, pid=6522)[0m
2026-03-26 14:26:23,071 - INFO - [36m(head, rank=0, pid=6522)[0m Resources
2026-03-26 14:26:23,071 - INFO - [36m(head, rank=0, pid=6522)[0m ---------------------------------------------------------------
2026-03-26 14:26:23,071 - INFO - [36m(head, rank=0, pid=6522)[0m Total Usage:
2026-03-26 14:26:23,071 - INFO - [36m(head, rank=0, pid=6522)[0m  0.0/192.0 CPU
2026-03-26 14:26:23,071 - INFO - [36m(head, rank=0, pid=6522)[0m  0.0/16.0 GPU
2026-03-26 14:26:23,071 - INFO - [36m(head, rank=0, pid=6522)[0m  0B/1.75TiB memory
2026-03-26 14:26:23,071 - INFO - [36m(head, rank=0, pid=6522)[0m  0B/372.53GiB object_store_memory
2026-03-26 14:26:23,071 - INFO - [36m(head, rank=0, pid=6522)[0m
2026-03-26 14:26:23,071 - INFO - [36m(head, rank=0, pid=6522)[0m From request_resources:
2026-03-26 14:26:23,072 - INFO - [36m(head, rank=0, pid=6522)[0m  (none)
2026-03-26 14:26:23,072 - INFO - [36m(head, rank=0, pid=6522)[0m Pending Demands:
2026-03-26 14:26:23,072 - INFO - [36m(head, rank=0, pid=6522)[0m  (no resource demands)
2026-03-26 14:26:23,072 - INFO - [36m(head, rank=0, pid=6522)[0m + PYTHONHASHSEED=0
2026-03-26 14:26:23,072 - INFO - [36m(head, rank=0, pid=6522)[0m + python roofline_benchmarks/benchmark_rf-qwen3-235b-a22b-tp8pp2-A100-80gb.py
2026-03-26 14:26:23,072 - INFO - [36m(head, rank=0, pid=6522)[0m 🚀 Starting vLLM server: /home/ubuntu/sky_workdir/.venv/bin/python -m vllm.entrypoints.openai.api_server --model Qwen/Qwen3-235B-A22B --tensor-parallel-size 8 --pipeline-parallel-size 2 --max-model-len 18432 --gpu-memory-utilization 0.85 --enforce-eager --no-enable-prefix-caching --disable-log-requests --port 8000 --distributed-executor-backend ray
2026-03-26 14:49:41,305 - INFO - [36m(head, rank=0, pid=6522)[0m ⏳ Waiting for server health (timeout=1800s)...
2026-03-26 14:49:41,306 - INFO - [36m(head, rank=0, pid=6522)[0m ✅ Server healthy after 1397.0s
2026-03-26 14:49:42,109 - INFO - [36m(head, rank=0, pid=6522)[0m 📊 Parsed from server log: KV cache=1722416 tokens, num_gpu_blocks=107651, block_size=16
2026-03-26 14:49:42,109 - INFO - [36m(head, rank=0, pid=6522)[0m 📊 target_concurrency = 93 (107651 blocks × 16 / 18432)
2026-03-26 14:49:42,109 - INFO - [36m(head, rank=0, pid=6522)[0m
2026-03-26 14:49:42,109 - INFO - [36m(head, rank=0, pid=6522)[0m ======================================================================
2026-03-26 14:49:42,109 - INFO - [36m(head, rank=0, pid=6522)[0m Running: TP=8, PP=2, input=16384, output=2048
2026-03-26 14:49:42,109 - INFO - [36m(head, rank=0, pid=6522)[0m Target concurrency: 93
2026-03-26 14:49:42,109 - INFO - [36m(head, rank=0, pid=6522)[0m ======================================================================
2026-03-26 14:49:42,109 - INFO - [36m(head, rank=0, pid=6522)[0m 2026-03-26 09:19:41,875	INFO worker.py:1810 -- Connecting to existing Ray cluster at address: 172.31.45.227:6379...
2026-03-26 14:49:42,814 - INFO - [36m(head, rank=0, pid=6522)[0m 2026-03-26 09:19:41,962	INFO worker.py:2004 -- Connected to Ray cluster. View the dashboard at [1m[32mhttp://172.31.45.227:8265 [39m[22m
2026-03-26 14:49:46,437 - INFO - [36m(head, rank=0, pid=6522)[0m 📡 Using distributed GPU monitoring (2 nodes)
2026-03-26 14:49:46,437 - INFO - [36m(head, rank=0, pid=6522)[0m 🔥 Running warmup (5 requests)...
2026-03-26 14:49:46,438 - INFO - [36m(head, rank=0, pid=6522)[0m Loading tokenizer for Qwen/Qwen3-235B-A22B...
2026-03-26 14:49:47,344 - INFO - [36m(head, rank=0, pid=6522)[0m Loading dataset emozilla/pg19-test...
2026-03-26 14:49:50,356 - INFO - [36m(head, rank=0, pid=6522)[0m `trust_remote_code` is not supported anymore.
2026-03-26 14:49:50,356 - INFO - [36m(head, rank=0, pid=6522)[0m Please check that the Hugging Face dataset 'emozilla/pg19-test' isn't based on a loading script and remove `trust_remote_code`.
2026-03-26 14:49:50,356 - INFO - [36m(head, rank=0, pid=6522)[0m If the dataset is based on a loading script, please ask the dataset author to remove it and convert it to a standard format like Parquet.
2026-03-26 14:49:50,959 - INFO - [36m(head, rank=0, pid=6522)[0m
2026-03-26 14:49:51,663 - INFO - [36m(head, rank=0, pid=6522)[0m Generating test split:   0%|          | 0/100 [00:00<?, ? examples/s]
2026-03-26 14:49:51,663 - INFO - Generating test split: 100%|██████████| 100/100 [00:00<00:00, 403.55 examples/s]
2026-03-26 14:49:51,663 - INFO - Generating test split: 100%|██████████| 100/100 [00:00<00:00, 399.27 examples/s]
2026-03-26 14:49:51,663 - INFO - [36m(head, rank=0, pid=6522)[0m Running 5 benchmark requests (concurrency=2)...
2026-03-26 14:54:17,295 - INFO - [36m(head, rank=0, pid=6522)[0m   Progress: 1/5 (266s elapsed)
2026-03-26 14:54:18,302 - INFO - [36m(head, rank=0, pid=6522)[0m   Progress: 2/5 (267s elapsed)
2026-03-26 14:58:33,310 - INFO - [36m(head, rank=0, pid=6522)[0m   Progress: 3/5 (522s elapsed)
2026-03-26 14:58:34,217 - INFO - [36m(head, rank=0, pid=6522)[0m   Progress: 4/5 (523s elapsed)
2026-03-26 15:02:33,070 - INFO - [36m(head, rank=0, pid=6522)[0m   Progress: 5/5 (761s elapsed)
2026-03-26 15:02:33,875 - INFO - [36m(head, rank=0, pid=6522)[0m
2026-03-26 15:02:33,875 - INFO - [36m(head, rank=0, pid=6522)[0m ============================================================
2026-03-26 15:02:33,875 - INFO - [36m(head, rank=0, pid=6522)[0m Benchmark complete: 5/5 successful
2026-03-26 15:02:33,875 - INFO - [36m(head, rank=0, pid=6522)[0m Wall clock: 761.4s
2026-03-26 15:02:33,875 - INFO - [36m(head, rank=0, pid=6522)[0m Results saved to: /tmp/warmup_results.json
2026-03-26 15:02:33,875 - INFO - [36m(head, rank=0, pid=6522)[0m TTFT p50/p95/p99: 3224.2 / 6878.0 / 7343.9 ms
2026-03-26 15:02:33,875 - INFO - [36m(head, rank=0, pid=6522)[0m E2E  p50/p95/p99: 256095.4 / 266540.4 / 266702.7 ms
2026-03-26 15:02:33,875 - INFO - [36m(head, rank=0, pid=6522)[0m ✅ Warmup complete
2026-03-26 15:02:35,883 - INFO - [36m(head, rank=0, pid=6522)[0m 📡 Found 2 Ray nodes for GPU monitoring
2026-03-26 15:02:36,686 - INFO - [36m(head, rank=0, pid=6522)[0m    Created placement group with 2 bundles
2026-03-26 15:02:40,404 - INFO - [36m(head, rank=0, pid=6522)[0m   ✓ Deployed monitor on node0 (172.31.45.227) using placement group
2026-03-26 15:02:40,404 - INFO - [36m(head, rank=0, pid=6522)[0m   ✓ Deployed monitor on node1 (172.31.45.74) using placement group
2026-03-26 15:02:40,404 - INFO - [36m(head, rank=0, pid=6522)[0m    Starting monitoring on 2 nodes...
2026-03-26 15:02:40,404 - INFO - [36m(head, rank=0, pid=6522)[0m    Starting monitor on node0...
2026-03-26 15:02:40,404 - INFO - [36m(head, rank=0, pid=6522)[0m    ✓ Started monitor on node0
2026-03-26 15:02:40,404 - INFO - [36m(head, rank=0, pid=6522)[0m    Starting monitor on node1...
2026-03-26 15:02:40,404 - INFO - [36m(head, rank=0, pid=6522)[0m    ✓ Started monitor on node1
2026-03-26 15:02:40,404 - INFO - [36m(head, rank=0, pid=6522)[0m 📊 GPU monitoring started on 2/2 nodes
2026-03-26 15:02:40,404 - INFO - [36m(head, rank=0, pid=6522)[0m 📊 Running benchmark: 372 requests, concurrency=93
2026-03-26 15:02:40,404 - INFO - [36m(head, rank=0, pid=6522)[0m Loading tokenizer for Qwen/Qwen3-235B-A22B...
2026-03-26 15:02:41,008 - INFO - [36m(head, rank=0, pid=6522)[0m Loading dataset emozilla/pg19-test...
2026-03-26 15:02:44,820 - INFO - [36m(head, rank=0, pid=6522)[0m `trust_remote_code` is not supported anymore.
2026-03-26 15:02:44,820 - INFO - [36m(head, rank=0, pid=6522)[0m Please check that the Hugging Face dataset 'emozilla/pg19-test' isn't based on a loading script and remove `trust_remote_code`.
2026-03-26 15:02:44,820 - INFO - [36m(head, rank=0, pid=6522)[0m If the dataset is based on a loading script, please ask the dataset author to remove it and convert it to a standard format like Parquet.
2026-03-26 15:02:44,820 - INFO - [36m(head, rank=0, pid=6522)[0m Token indices sequence length is longer than the specified maximum sequence length for this model (136936 > 131072). Running this sequence through the model will result in indexing errors
2026-03-26 15:03:12,443 - INFO - [36m(head, rank=0, pid=6522)[0m ⚠️  Only found 92 prompts with >= 16384 tokens, recycling to reach 372
2026-03-26 15:03:13,147 - INFO - [36m(head, rank=0, pid=6522)[0m Running 372 benchmark requests (concurrency=93)...
2026-03-26 15:13:12,957 - INFO - [36m(head, rank=0, pid=6522)[0m   Progress: 37/372 (600s elapsed)
2026-03-26 15:23:14,129 - INFO - [36m(head, rank=0, pid=6522)[0m   Progress: 74/372 (600s elapsed)
2026-03-26 15:23:14,129 - INFO - [36m(head, rank=0, pid=6522)[0m   Progress: 111/372 (1201s elapsed)
2026-03-26 15:33:15,009 - INFO - [36m(head, rank=0, pid=6522)[0m   Progress: 148/372 (1201s elapsed)
2026-03-26 15:33:15,009 - INFO - [36m(head, rank=0, pid=6522)[0m   Progress: 185/372 (1201s elapsed)
2026-03-26 15:33:15,009 - INFO - [36m(head, rank=0, pid=6522)[0m   Progress: 222/372 (1802s elapsed)
2026-03-26 15:43:16,011 - INFO - [36m(head, rank=0, pid=6522)[0m   Progress: 259/372 (1802s elapsed)
2026-03-26 15:43:16,011 - INFO - [36m(head, rank=0, pid=6522)[0m   Progress: 296/372 (2403s elapsed)
2026-03-26 15:43:17,120 - INFO - [36m(head, rank=0, pid=6522)[0m   Progress: 333/372 (2403s elapsed)
2026-03-26 15:43:17,120 - INFO - [36m(head, rank=0, pid=6522)[0m   Progress: 370/372 (2403s elapsed)
2026-03-26 15:43:17,120 - INFO - [36m(head, rank=0, pid=6522)[0m   Progress: 372/372 (2403s elapsed)
2026-03-26 15:43:17,120 - INFO - [36m(head, rank=0, pid=6522)[0m
2026-03-26 15:43:17,120 - INFO - [36m(head, rank=0, pid=6522)[0m ============================================================
2026-03-26 15:43:17,120 - INFO - [36m(head, rank=0, pid=6522)[0m Benchmark complete: 0/372 successful
2026-03-26 15:43:17,120 - INFO - [36m(head, rank=0, pid=6522)[0m Wall clock: 2403.4s
2026-03-26 15:43:17,120 - INFO - [36m(head, rank=0, pid=6522)[0m Results saved to: /tmp/client_results_tp8_pp2_in16384_out2048.json
2026-03-26 15:43:17,120 - INFO - [36m(head, rank=0, pid=6522)[0m 📊 GPU monitoring: 2 nodes monitored
2026-03-26 15:43:17,724 - INFO - [36m(head, rank=0, pid=6522)[0m 📈 Time-series saved to /tmp/timeseries_tp8_pp2_in16384_out2048.json
2026-03-26 15:43:18,428 - INFO - [36m(head, rank=0, pid=6522)[0m ⚠️  WARNING: 8 preemptions detected! KV cache was thrashing. Throughput may be degraded.
2026-03-26 15:43:18,428 - INFO - [36m(head, rank=0, pid=6522)[0m Result: success
2026-03-26 15:43:21,143 - INFO - [36m(head, rank=0, pid=6522)[0m
2026-03-26 15:43:21,143 - INFO - [36m(head, rank=0, pid=6522)[0m ✅ All done! Results in /tmp/benchmark_results.json
2026-03-26 15:43:21,143 - INFO - [36m(head, rank=0, pid=6522)[0m 🛑 Stopping vLLM server...
2026-03-26 15:43:21,144 - INFO - [36m(head, rank=0, pid=6522)[0m ✅ Server stopped
2026-03-26 15:43:22,150 - INFO - [36m(head, rank=0, pid=6522)[0m + echo 'Cluster ready for benchmarking'
2026-03-26 15:43:23,359 - INFO - [36m(head, rank=0, pid=6522)[0m Cluster ready for benchmarking
2026-03-26 15:43:23,359 - INFO - [36m(head, rank=0, pid=6522)[0m ++ findmnt -t fuse.rclone --noheading
2026-03-26 15:43:23,359 - INFO - [36m(head, rank=0, pid=6522)[0m ++ wc -l
2026-03-26 15:43:23,359 - INFO - [36m(head, rank=0, pid=6522)[0m + '[' 0 -gt 0 ']'
2026-03-26 15:43:24,776 - INFO - [0m[32m✓ Job finished (status: SUCCEEDED).[0m[0m
2026-03-26 15:43:24,777 - INFO - 
2026-03-26 15:43:25,839 - INFO - 📋 Useful Commands
2026-03-26 15:43:25,839 - INFO - Job ID: 1
2026-03-26 15:43:25,839 - INFO - ├── To cancel the job:		sky cancel rf-qwen3-235b-a22b-tp8pp2-A100-80gb 1
2026-03-26 15:43:25,839 - INFO - ├── To stream job logs:		sky logs rf-qwen3-235b-a22b-tp8pp2-A100-80gb 1
2026-03-26 15:43:25,839 - INFO - └── To view job queue:		sky queue rf-qwen3-235b-a22b-tp8pp2-A100-80gb
2026-03-26 15:43:25,839 - INFO - Cluster name: rf-qwen3-235b-a22b-tp8pp2-A100-80gb
2026-03-26 15:43:25,839 - INFO - ├── To log into the head VM:	ssh rf-qwen3-235b-a22b-tp8pp2-A100-80gb
2026-03-26 15:43:25,839 - INFO - ├── To submit a job:		sky exec rf-qwen3-235b-a22b-tp8pp2-A100-80gb yaml_file
2026-03-26 15:43:25,839 - INFO - ├── To stop the cluster:	sky stop rf-qwen3-235b-a22b-tp8pp2-A100-80gb
2026-03-26 15:43:25,839 - INFO - └── To teardown the cluster:	sky down rf-qwen3-235b-a22b-tp8pp2-A100-80gb
2026-03-26 15:43:25,839 - INFO - 📥 Fetching results...
2026-03-26 15:43:30,701 - INFO - 📈 Fetching timeseries data...
2026-03-26 15:43:39,400 - INFO - 📁 Renaming directory: tp8-pp2-2x_p4de_24xlarge-20260326_140626 -> tp8-pp2-2x_p4de_24xlarge-20260326_140626-success
2026-03-26 15:43:39,401 - INFO - 📈 Plotting timeseries for 1 successful experiment(s)...
2026-03-26 15:43:39,422 - INFO - ✅ Results saved to results/aws_p4de_A100_80gb/tp8-pp2-2x_p4de_24xlarge-20260326_140626-success/
2026-03-26 15:43:39,956 - INFO - 🗑️  Tearing down rf-qwen3-235b-a22b-tp8pp2-A100-80gb...
