2026-03-26 02:50:44,616 - INFO - Results will be saved to: results/aws_p4de_A100_80gb/tp8-pp2-2x_p4de_24xlarge-20260326_025044
2026-03-26 02:50:44,617 - INFO - 📋 Copied benchmark_client.py to roofline_benchmarks/
2026-03-26 02:50:44,617 - INFO - 📋 Copied prometheus_parser.py to roofline_benchmarks/
2026-03-26 02:50:44,617 - INFO - 🚀 Launching rf-qwen3-235b-a22b-tp8pp2-A100-80gb...
2026-03-26 02:50:44,617 - INFO - YAML to run: roofline_benchmarks/rf-qwen3-235b-a22b-tp8pp2-A100-80gb.yaml
2026-03-26 02:50:44,617 - INFO - Running on cluster: rf-qwen3-235b-a22b-tp8pp2-A100-80gb
2026-03-26 02:50:45,328 - INFO - YAML to run: roofline_benchmarks/rf-qwen3-235b-a22b-tp8pp2-A100-80gb.yaml
2026-03-26 02:50:45,413 - INFO - Running on cluster: rf-qwen3-235b-a22b-tp8pp2-A100-80gb
2026-03-26 02:50:46,197 - INFO - [33mLaunching a spot job that does not automatically recover from preemptions. To get automatic recovery, use managed job instead: [0m[1msky jobs launch[0m [33mor[0m [1msky.jobs.launch()[0m.
2026-03-26 02:50:46,197 - INFO - Considered resources (2 nodes):
2026-03-26 02:50:46,802 - INFO - ---------------------------------------------------------------------------------------------------
2026-03-26 02:50:46,802 - INFO -  INFRA                   INSTANCE              vCPUs   Mem(GB)   GPUS          COST ($)   CHOSEN
2026-03-26 02:50:46,802 - INFO - ---------------------------------------------------------------------------------------------------
2026-03-26 02:50:46,802 - INFO -  AWS (ap-northeast-1a)   p4de.24xlarge[Spot]   96      1152      A100-80GB:8   19.80      [32m   ✔[0m
2026-03-26 02:50:46,802 - INFO - ---------------------------------------------------------------------------------------------------
2026-03-26 02:50:46,802 - INFO - sky.exceptions.ResourcesUnavailableError: [33mFound no quota for p4de.24xlarge spot instances in region ap-northeast-1 in AWS. [0mTo request quotas, check the instruction: https://docs.skypilot.co/en/latest/cloud-setup/quota.html.
2026-03-26 02:50:46,903 - INFO - 
2026-03-26 02:50:46,903 - INFO - [0m[33m↺[0m Trying other potential resources.
2026-03-26 02:50:46,903 - INFO - Considered resources (2 nodes):
2026-03-26 02:50:47,708 - INFO - -------------------------------------------------------------------------------------------------
2026-03-26 02:50:47,708 - INFO -  INFRA                 INSTANCE              vCPUs   Mem(GB)   GPUS          COST ($)   CHOSEN
2026-03-26 02:50:47,708 - INFO - -------------------------------------------------------------------------------------------------
2026-03-26 02:50:47,708 - INFO -  AWS (eu-central-1a)   p4de.24xlarge[Spot]   96      1152      A100-80GB:8   20.30      [32m   ✔[0m
2026-03-26 02:50:47,708 - INFO - -------------------------------------------------------------------------------------------------
2026-03-26 02:50:47,708 - INFO - sky.exceptions.ResourcesUnavailableError: [33mFound no quota for p4de.24xlarge spot instances in region eu-central-1 in AWS. [0mTo request quotas, check the instruction: https://docs.skypilot.co/en/latest/cloud-setup/quota.html.
2026-03-26 02:50:47,808 - INFO - 
2026-03-26 02:50:47,809 - INFO - [0m[33m↺[0m Trying other potential resources.
2026-03-26 02:50:47,809 - INFO - Considered resources (2 nodes):
2026-03-26 02:50:48,815 - INFO - ----------------------------------------------------------------------------------------------
2026-03-26 02:50:48,815 - INFO -  INFRA              INSTANCE              vCPUs   Mem(GB)   GPUS          COST ($)   CHOSEN
2026-03-26 02:50:48,815 - INFO - ----------------------------------------------------------------------------------------------
2026-03-26 02:50:48,815 - INFO -  AWS (us-west-2a)   p4de.24xlarge[Spot]   96      1152      A100-80GB:8   24.57      [32m   ✔[0m
2026-03-26 02:50:48,815 - INFO - ----------------------------------------------------------------------------------------------
2026-03-26 02:50:48,815 - INFO - [33mInstance type p4de.24xlarge supports up to 4 EFA interfaces, but `use_internal_ips` is not enabled.
2026-03-26 02:50:49,017 - INFO - Launching with the current configuration will use only 1 EFA interface.
2026-03-26 02:50:49,017 - INFO - To use all 4 EFA interfaces, enable internal IPs by adding one of the following configurations to SkyPilot config:
2026-03-26 02:50:49,017 - INFO - Option 1 (with SSM):
2026-03-26 02:50:49,017 - INFO -   aws:
2026-03-26 02:50:49,017 - INFO -     use_internal_ips: true
2026-03-26 02:50:49,017 - INFO -     use_ssm: true
2026-03-26 02:50:49,017 - INFO - Option 2 (with SSH proxy):
2026-03-26 02:50:49,017 - INFO -   aws:
2026-03-26 02:50:49,017 - INFO -     use_internal_ips: true
2026-03-26 02:50:49,017 - INFO -     ssh_proxy_command: ssh -W %h:%p -i <ssh key path> -o StrictHostKeyChecking=no <user>@<jump server public ip>
2026-03-26 02:50:49,017 - INFO - Refer to https://docs.skypilot.co/en/latest/reference/config.html#aws-use-internal-ips for more details.[0m
2026-03-26 02:50:49,017 - INFO - [0m⚙︎ Launching on AWS us-west-2[0m (us-west-2a).
2026-03-26 02:51:11,654 - INFO - [2mW 03-26 02:51:11.615 PID=1652500 instance.py:288] create_instances: Attempt failed with An error occurred (InsufficientInstanceCapacity) when calling the RunInstances operation (reached max retries: 0): We currently do not have sufficient p4de.24xlarge capacity in the Availability Zone you requested (us-west-2a). Our system will be working on provisioning additional capacity. You can currently get p4de.24xlarge capacity by not specifying an Availability Zone in your request or choosing us-west-2b, us-west-2c.[0m
2026-03-26 02:51:15,677 - INFO - AWS handler error: Failed to launch instances. Max attempts exceeded.
2026-03-26 02:51:15,778 - INFO - sky.exceptions.ResourcesUnavailableError: Failed to acquire resources in us-west-2a for {AWS(p4de.24xlarge[Spot], mem=64.0+, {'A100-80GB': 8}, network_tier=best, disk_size=1000)}.
2026-03-26 02:51:15,879 - INFO - 
2026-03-26 02:51:15,879 - INFO - [0m[33m↺[0m Trying other potential resources.
2026-03-26 02:51:15,879 - INFO - Considered resources (2 nodes):
2026-03-26 02:51:16,481 - INFO - -------------------------------------------------------------------------------------------------
2026-03-26 02:51:16,481 - INFO -  INFRA                 INSTANCE              vCPUs   Mem(GB)   GPUS          COST ($)   CHOSEN
2026-03-26 02:51:16,481 - INFO - -------------------------------------------------------------------------------------------------
2026-03-26 02:51:16,481 - INFO -  AWS (eu-central-1c)   p4de.24xlarge[Spot]   96      1152      A100-80GB:8   26.88      [32m   ✔[0m
2026-03-26 02:51:16,482 - INFO - -------------------------------------------------------------------------------------------------
2026-03-26 02:51:16,482 - INFO - sky.exceptions.ResourcesUnavailableError: [33mFound no quota for p4de.24xlarge spot instances in region eu-central-1 in AWS. [0mTo request quotas, check the instruction: https://docs.skypilot.co/en/latest/cloud-setup/quota.html.
2026-03-26 02:51:16,683 - INFO - 
2026-03-26 02:51:16,683 - INFO - [0m[33m↺[0m Trying other potential resources.
2026-03-26 02:51:16,683 - INFO - Considered resources (2 nodes):
2026-03-26 02:51:17,587 - INFO - ----------------------------------------------------------------------------------------------
2026-03-26 02:51:17,587 - INFO -  INFRA              INSTANCE              vCPUs   Mem(GB)   GPUS          COST ($)   CHOSEN
2026-03-26 02:51:17,587 - INFO - ----------------------------------------------------------------------------------------------
2026-03-26 02:51:17,587 - INFO -  AWS (us-west-2c)   p4de.24xlarge[Spot]   96      1152      A100-80GB:8   29.77      [32m   ✔[0m
2026-03-26 02:51:17,587 - INFO - ----------------------------------------------------------------------------------------------
2026-03-26 02:51:17,587 - INFO - [33mInstance type p4de.24xlarge supports up to 4 EFA interfaces, but `use_internal_ips` is not enabled.
2026-03-26 02:51:17,687 - INFO - Launching with the current configuration will use only 1 EFA interface.
2026-03-26 02:51:17,688 - INFO - To use all 4 EFA interfaces, enable internal IPs by adding one of the following configurations to SkyPilot config:
2026-03-26 02:51:17,688 - INFO - Option 1 (with SSM):
2026-03-26 02:51:17,688 - INFO -   aws:
2026-03-26 02:51:17,688 - INFO -     use_internal_ips: true
2026-03-26 02:51:17,688 - INFO -     use_ssm: true
2026-03-26 02:51:17,688 - INFO - Option 2 (with SSH proxy):
2026-03-26 02:51:17,688 - INFO -   aws:
2026-03-26 02:51:17,688 - INFO -     use_internal_ips: true
2026-03-26 02:51:17,688 - INFO -     ssh_proxy_command: ssh -W %h:%p -i <ssh key path> -o StrictHostKeyChecking=no <user>@<jump server public ip>
2026-03-26 02:51:17,688 - INFO - Refer to https://docs.skypilot.co/en/latest/reference/config.html#aws-use-internal-ips for more details.[0m
2026-03-26 02:51:17,688 - INFO - [0m⚙︎ Launching on AWS us-west-2[0m (us-west-2c).
2026-03-26 02:51:42,617 - INFO - [2mW 03-26 02:51:42.563 PID=1652500 instance.py:288] create_instances: Attempt failed with An error occurred (InsufficientInstanceCapacity) when calling the RunInstances operation (reached max retries: 0): We currently do not have sufficient p4de.24xlarge capacity in the Availability Zone you requested (us-west-2c). Our system will be working on provisioning additional capacity. You can currently get p4de.24xlarge capacity by not specifying an Availability Zone in your request or choosing us-west-2a, us-west-2b.[0m
2026-03-26 02:51:46,443 - INFO - AWS handler error: Failed to launch instances. Max attempts exceeded.
2026-03-26 02:51:46,545 - INFO - sky.exceptions.ResourcesUnavailableError: Failed to acquire resources in us-west-2c for {AWS(p4de.24xlarge[Spot], mem=64.0+, {'A100-80GB': 8}, network_tier=best, disk_size=1000)}.
2026-03-26 02:51:46,646 - INFO - 
2026-03-26 02:51:46,646 - INFO - [0m[33m↺[0m Trying other potential resources.
2026-03-26 02:51:46,646 - INFO - Considered resources (2 nodes):
2026-03-26 02:51:47,250 - INFO - ---------------------------------------------------------------------------------------------------
2026-03-26 02:51:47,251 - INFO -  INFRA                   INSTANCE              vCPUs   Mem(GB)   GPUS          COST ($)   CHOSEN
2026-03-26 02:51:47,251 - INFO - ---------------------------------------------------------------------------------------------------
2026-03-26 02:51:47,251 - INFO -  AWS (ap-northeast-1c)   p4de.24xlarge[Spot]   96      1152      A100-80GB:8   32.81      [32m   ✔[0m
2026-03-26 02:51:47,251 - INFO - ---------------------------------------------------------------------------------------------------
2026-03-26 02:51:47,251 - INFO - sky.exceptions.ResourcesUnavailableError: [33mFound no quota for p4de.24xlarge spot instances in region ap-northeast-1 in AWS. [0mTo request quotas, check the instruction: https://docs.skypilot.co/en/latest/cloud-setup/quota.html.
2026-03-26 02:51:47,452 - INFO - 
2026-03-26 02:51:47,452 - INFO - [0m[33m↺[0m Trying other potential resources.
2026-03-26 02:51:47,452 - INFO - Considered resources (2 nodes):
2026-03-26 02:51:48,358 - INFO - ----------------------------------------------------------------------------------------------
2026-03-26 02:51:48,358 - INFO -  INFRA              INSTANCE              vCPUs   Mem(GB)   GPUS          COST ($)   CHOSEN
2026-03-26 02:51:48,358 - INFO - ----------------------------------------------------------------------------------------------
2026-03-26 02:51:48,358 - INFO -  AWS (us-west-2b)   p4de.24xlarge[Spot]   96      1152      A100-80GB:8   33.39      [32m   ✔[0m
2026-03-26 02:51:48,358 - INFO - ----------------------------------------------------------------------------------------------
2026-03-26 02:51:48,358 - INFO - [33mInstance type p4de.24xlarge supports up to 4 EFA interfaces, but `use_internal_ips` is not enabled.
2026-03-26 02:51:48,459 - INFO - Launching with the current configuration will use only 1 EFA interface.
2026-03-26 02:51:48,459 - INFO - To use all 4 EFA interfaces, enable internal IPs by adding one of the following configurations to SkyPilot config:
2026-03-26 02:51:48,459 - INFO - Option 1 (with SSM):
2026-03-26 02:51:48,459 - INFO -   aws:
2026-03-26 02:51:48,459 - INFO -     use_internal_ips: true
2026-03-26 02:51:48,459 - INFO -     use_ssm: true
2026-03-26 02:51:48,459 - INFO - Option 2 (with SSH proxy):
2026-03-26 02:51:48,459 - INFO -   aws:
2026-03-26 02:51:48,459 - INFO -     use_internal_ips: true
2026-03-26 02:51:48,459 - INFO -     ssh_proxy_command: ssh -W %h:%p -i <ssh key path> -o StrictHostKeyChecking=no <user>@<jump server public ip>
2026-03-26 02:51:48,459 - INFO - Refer to https://docs.skypilot.co/en/latest/reference/config.html#aws-use-internal-ips for more details.[0m
2026-03-26 02:51:48,459 - INFO - [0m⚙︎ Launching on AWS us-west-2[0m (us-west-2b).
2026-03-26 02:52:14,396 - INFO - [2mW 03-26 02:52:14.308 PID=1652500 instance.py:288] create_instances: Attempt failed with An error occurred (InsufficientInstanceCapacity) when calling the RunInstances operation (reached max retries: 0): We currently do not have sufficient p4de.24xlarge capacity in the Availability Zone you requested (us-west-2b). Our system will be working on provisioning additional capacity. You can currently get p4de.24xlarge capacity by not specifying an Availability Zone in your request or choosing us-west-2a, us-west-2c.[0m
2026-03-26 02:52:18,422 - INFO - AWS handler error: Failed to launch instances. Max attempts exceeded.
2026-03-26 02:52:18,623 - INFO - sky.exceptions.ResourcesUnavailableError: Failed to acquire resources in us-west-2b for {AWS(p4de.24xlarge[Spot], mem=64.0+, {'A100-80GB': 8}, network_tier=best, disk_size=1000)}.
2026-03-26 02:52:18,623 - INFO - 
2026-03-26 02:52:18,623 - INFO - [0m[33m↺[0m Trying other potential resources.
2026-03-26 02:52:18,623 - INFO - Considered resources (2 nodes):
2026-03-26 02:52:19,428 - INFO - ----------------------------------------------------------------------------------------------
2026-03-26 02:52:19,428 - INFO -  INFRA              INSTANCE              vCPUs   Mem(GB)   GPUS          COST ($)   CHOSEN
2026-03-26 02:52:19,428 - INFO - ----------------------------------------------------------------------------------------------
2026-03-26 02:52:19,428 - INFO -  AWS (us-east-1a)   p4de.24xlarge[Spot]   96      1152      A100-80GB:8   34.11      [32m   ✔[0m
2026-03-26 02:52:19,428 - INFO - ----------------------------------------------------------------------------------------------
2026-03-26 02:52:19,428 - INFO - [33mInstance type p4de.24xlarge supports up to 4 EFA interfaces, but `use_internal_ips` is not enabled.
2026-03-26 02:52:39,450 - INFO - Launching with the current configuration will use only 1 EFA interface.
2026-03-26 02:52:39,450 - INFO - To use all 4 EFA interfaces, enable internal IPs by adding one of the following configurations to SkyPilot config:
2026-03-26 02:52:39,450 - INFO - Option 1 (with SSM):
2026-03-26 02:52:39,450 - INFO -   aws:
2026-03-26 02:52:39,450 - INFO -     use_internal_ips: true
2026-03-26 02:52:39,450 - INFO -     use_ssm: true
2026-03-26 02:52:39,450 - INFO - Option 2 (with SSH proxy):
2026-03-26 02:52:39,450 - INFO -   aws:
2026-03-26 02:52:39,450 - INFO -     use_internal_ips: true
2026-03-26 02:52:39,450 - INFO -     ssh_proxy_command: ssh -W %h:%p -i <ssh key path> -o StrictHostKeyChecking=no <user>@<jump server public ip>
2026-03-26 02:52:39,450 - INFO - Refer to https://docs.skypilot.co/en/latest/reference/config.html#aws-use-internal-ips for more details.[0m
2026-03-26 02:52:39,450 - INFO - [0m⚙︎ Launching on AWS us-east-1[0m (us-east-1a).
2026-03-26 02:52:39,450 - INFO - [2mW 03-26 02:52:39.402 PID=1652500 instance.py:288] create_instances: Attempt failed with An error occurred (MaxSpotInstanceCountExceeded) when calling the RunInstances operation: Max spot instance count exceeded[0m
2026-03-26 02:52:43,064 - INFO - AWS handler error: Failed to launch instances. Max attempts exceeded.
2026-03-26 02:52:43,165 - INFO - sky.exceptions.ResourcesUnavailableError: Failed to acquire resources in us-east-1a for {AWS(p4de.24xlarge[Spot], mem=64.0+, {'A100-80GB': 8}, network_tier=best, disk_size=1000)}.
2026-03-26 02:52:43,367 - INFO - 
2026-03-26 02:52:43,367 - INFO - [0m[33m↺[0m Trying other potential resources.
2026-03-26 02:52:43,367 - INFO - Considered resources (2 nodes):
2026-03-26 02:52:43,667 - INFO - ---------------------------------------------------------------------------------------------------
2026-03-26 02:52:43,667 - INFO -  INFRA                   INSTANCE              vCPUs   Mem(GB)   GPUS          COST ($)   CHOSEN
2026-03-26 02:52:43,667 - INFO - ---------------------------------------------------------------------------------------------------
2026-03-26 02:52:43,667 - INFO -  AWS (ap-southeast-1a)   p4de.24xlarge[Spot]   96      1152      A100-80GB:8   36.36      [32m   ✔[0m
2026-03-26 02:52:43,667 - INFO - ---------------------------------------------------------------------------------------------------
2026-03-26 02:52:43,668 - INFO - sky.exceptions.ResourcesUnavailableError: [33mFound no quota for p4de.24xlarge spot instances in region ap-southeast-1 in AWS. [0mTo request quotas, check the instruction: https://docs.skypilot.co/en/latest/cloud-setup/quota.html.
2026-03-26 02:52:43,869 - INFO - 
2026-03-26 02:52:43,869 - INFO - [0m[33m↺[0m Trying other potential resources.
2026-03-26 02:52:43,869 - INFO - Considered resources (2 nodes):
2026-03-26 02:52:44,676 - INFO - ----------------------------------------------------------------------------------------------
2026-03-26 02:52:44,676 - INFO -  INFRA              INSTANCE              vCPUs   Mem(GB)   GPUS          COST ($)   CHOSEN
2026-03-26 02:52:44,676 - INFO - ----------------------------------------------------------------------------------------------
2026-03-26 02:52:44,676 - INFO -  AWS (us-east-1d)   p4de.24xlarge[Spot]   96      1152      A100-80GB:8   54.89      [32m   ✔[0m
2026-03-26 02:52:44,676 - INFO - ----------------------------------------------------------------------------------------------
2026-03-26 02:52:44,676 - INFO - [33mInstance type p4de.24xlarge supports up to 4 EFA interfaces, but `use_internal_ips` is not enabled.
2026-03-26 02:52:44,777 - INFO - Launching with the current configuration will use only 1 EFA interface.
2026-03-26 02:52:44,777 - INFO - To use all 4 EFA interfaces, enable internal IPs by adding one of the following configurations to SkyPilot config:
2026-03-26 02:52:44,777 - INFO - Option 1 (with SSM):
2026-03-26 02:52:44,777 - INFO -   aws:
2026-03-26 02:52:44,777 - INFO -     use_internal_ips: true
2026-03-26 02:52:44,777 - INFO -     use_ssm: true
2026-03-26 02:52:44,777 - INFO - Option 2 (with SSH proxy):
2026-03-26 02:52:44,777 - INFO -   aws:
2026-03-26 02:52:44,777 - INFO -     use_internal_ips: true
2026-03-26 02:52:44,777 - INFO -     ssh_proxy_command: ssh -W %h:%p -i <ssh key path> -o StrictHostKeyChecking=no <user>@<jump server public ip>
2026-03-26 02:52:44,777 - INFO - Refer to https://docs.skypilot.co/en/latest/reference/config.html#aws-use-internal-ips for more details.[0m
2026-03-26 02:52:44,777 - INFO - [0m⚙︎ Launching on AWS us-east-1[0m (us-east-1d).
2026-03-26 02:53:03,278 - INFO - [2mW 03-26 02:53:03.218 PID=1652500 instance.py:288] create_instances: Attempt failed with An error occurred (InsufficientInstanceCapacity) when calling the RunInstances operation (reached max retries: 0): We currently do not have sufficient p4de.24xlarge capacity in the Availability Zone you requested (us-east-1d). Our system will be working on provisioning additional capacity. You can currently get p4de.24xlarge capacity by not specifying an Availability Zone in your request or choosing us-east-1a.[0m
2026-03-26 02:53:07,504 - INFO - AWS handler error: Failed to launch instances. Max attempts exceeded.
2026-03-26 02:53:07,706 - INFO - sky.exceptions.ResourcesUnavailableError: Failed to acquire resources in us-east-1d for {AWS(p4de.24xlarge[Spot], mem=64.0+, {'A100-80GB': 8}, network_tier=best, disk_size=1000)}.
2026-03-26 02:53:07,706 - INFO - 
2026-03-26 02:53:07,706 - INFO - [0m[33m↺[0m Trying other potential resources.
2026-03-26 02:53:07,706 - INFO - Considered resources (2 nodes):
2026-03-26 02:53:08,310 - INFO - ---------------------------------------------------------------------------------------------------
2026-03-26 02:53:08,310 - INFO -  INFRA                   INSTANCE              vCPUs   Mem(GB)   GPUS          COST ($)   CHOSEN
2026-03-26 02:53:08,310 - INFO - ---------------------------------------------------------------------------------------------------
2026-03-26 02:53:08,310 - INFO -  AWS (ap-southeast-1c)   p4de.24xlarge[Spot]   96      1152      A100-80GB:8   65.87      [32m   ✔[0m
2026-03-26 02:53:08,310 - INFO - ---------------------------------------------------------------------------------------------------
2026-03-26 02:53:08,310 - INFO - sky.exceptions.ResourcesUnavailableError: [33mFound no quota for p4de.24xlarge spot instances in region ap-southeast-1 in AWS. [0mTo request quotas, check the instruction: https://docs.skypilot.co/en/latest/cloud-setup/quota.html.
2026-03-26 02:53:08,410 - INFO - 
2026-03-26 02:53:10,025 - INFO - [0m[33m↺[0m Trying other potential resources.
2026-03-26 02:53:10,025 - INFO - 
2026-03-26 02:53:40,499 - INFO - [?25h[31mFailed to provision all possible launchable resources.[0m Relax the task's resource requirements: 2x AWS(p4de.24xlarge[Spot], mem=64.0+, {'A100-80GB': 8}, network_tier=best, disk_size=1000)
2026-03-26 02:53:40,499 - INFO - 
2026-03-26 02:53:40,499 - INFO - [0m[33m↺[0m Retry after 30s  [2mView logs: [1msky logs --provision rf-qwen3-235b-a22b-tp8pp2-A100-80gb[0m[0m[0m
2026-03-26 02:53:40,499 - INFO - [33mLaunching a spot job that does not automatically recover from preemptions. To get automatic recovery, use managed job instead: [0m[1msky jobs launch[0m [33mor[0m [1msky.jobs.launch()[0m.
2026-03-26 02:53:40,600 - INFO - Considered resources (2 nodes):
2026-03-26 02:53:41,405 - INFO - ---------------------------------------------------------------------------------------------------
2026-03-26 02:53:41,405 - INFO -  INFRA                   INSTANCE              vCPUs   Mem(GB)   GPUS          COST ($)   CHOSEN
2026-03-26 02:53:41,405 - INFO - ---------------------------------------------------------------------------------------------------
2026-03-26 02:53:41,405 - INFO -  AWS (ap-northeast-1a)   p4de.24xlarge[Spot]   96      1152      A100-80GB:8   19.34      [32m   ✔[0m
2026-03-26 02:53:41,405 - INFO - ---------------------------------------------------------------------------------------------------
2026-03-26 02:53:41,405 - INFO - sky.exceptions.ResourcesUnavailableError: [33mFound no quota for p4de.24xlarge spot instances in region ap-northeast-1 in AWS. [0mTo request quotas, check the instruction: https://docs.skypilot.co/en/latest/cloud-setup/quota.html.
2026-03-26 02:53:41,507 - INFO - 
2026-03-26 02:53:41,507 - INFO - [0m[33m↺[0m Trying other potential resources.
2026-03-26 02:53:41,507 - INFO - Considered resources (2 nodes):
2026-03-26 02:53:41,607 - INFO - -------------------------------------------------------------------------------------------------
2026-03-26 02:53:42,209 - INFO -  INFRA                 INSTANCE              vCPUs   Mem(GB)   GPUS          COST ($)   CHOSEN
2026-03-26 02:53:42,209 - INFO - -------------------------------------------------------------------------------------------------
2026-03-26 02:53:42,209 - INFO -  AWS (eu-central-1a)   p4de.24xlarge[Spot]   96      1152      A100-80GB:8   21.26      [32m   ✔[0m
2026-03-26 02:53:42,209 - INFO - -------------------------------------------------------------------------------------------------
2026-03-26 02:53:42,209 - INFO - sky.exceptions.ResourcesUnavailableError: [33mFound no quota for p4de.24xlarge spot instances in region eu-central-1 in AWS. [0mTo request quotas, check the instruction: https://docs.skypilot.co/en/latest/cloud-setup/quota.html.
2026-03-26 02:53:42,410 - INFO - 
2026-03-26 02:53:42,410 - INFO - [0m[33m↺[0m Trying other potential resources.
2026-03-26 02:53:42,410 - INFO - Considered resources (2 nodes):
2026-03-26 02:53:43,013 - INFO - -------------------------------------------------------------------------------------------------
2026-03-26 02:53:43,013 - INFO -  INFRA                 INSTANCE              vCPUs   Mem(GB)   GPUS          COST ($)   CHOSEN
2026-03-26 02:53:43,013 - INFO - -------------------------------------------------------------------------------------------------
2026-03-26 02:53:43,013 - INFO -  AWS (eu-central-1c)   p4de.24xlarge[Spot]   96      1152      A100-80GB:8   26.21      [32m   ✔[0m
2026-03-26 02:53:43,013 - INFO - -------------------------------------------------------------------------------------------------
2026-03-26 02:53:43,013 - INFO - sky.exceptions.ResourcesUnavailableError: [33mFound no quota for p4de.24xlarge spot instances in region eu-central-1 in AWS. [0mTo request quotas, check the instruction: https://docs.skypilot.co/en/latest/cloud-setup/quota.html.
2026-03-26 02:53:43,214 - INFO - 
2026-03-26 02:53:43,214 - INFO - [0m[33m↺[0m Trying other potential resources.
2026-03-26 02:53:43,214 - INFO - Considered resources (2 nodes):
2026-03-26 02:53:44,118 - INFO - ----------------------------------------------------------------------------------------------
2026-03-26 02:53:44,118 - INFO -  INFRA              INSTANCE              vCPUs   Mem(GB)   GPUS          COST ($)   CHOSEN
2026-03-26 02:53:44,118 - INFO - ----------------------------------------------------------------------------------------------
2026-03-26 02:53:44,118 - INFO -  AWS (us-west-2a)   p4de.24xlarge[Spot]   96      1152      A100-80GB:8   27.07      [32m   ✔[0m
2026-03-26 02:53:44,118 - INFO - ----------------------------------------------------------------------------------------------
2026-03-26 02:53:44,118 - INFO - [33mInstance type p4de.24xlarge supports up to 4 EFA interfaces, but `use_internal_ips` is not enabled.
2026-03-26 02:53:44,220 - INFO - Launching with the current configuration will use only 1 EFA interface.
2026-03-26 02:53:44,220 - INFO - To use all 4 EFA interfaces, enable internal IPs by adding one of the following configurations to SkyPilot config:
2026-03-26 02:53:44,220 - INFO - Option 1 (with SSM):
2026-03-26 02:53:44,220 - INFO -   aws:
2026-03-26 02:53:44,220 - INFO -     use_internal_ips: true
2026-03-26 02:53:44,220 - INFO -     use_ssm: true
2026-03-26 02:53:44,220 - INFO - Option 2 (with SSH proxy):
2026-03-26 02:53:44,220 - INFO -   aws:
2026-03-26 02:53:44,220 - INFO -     use_internal_ips: true
2026-03-26 02:53:44,220 - INFO -     ssh_proxy_command: ssh -W %h:%p -i <ssh key path> -o StrictHostKeyChecking=no <user>@<jump server public ip>
2026-03-26 02:53:44,220 - INFO - Refer to https://docs.skypilot.co/en/latest/reference/config.html#aws-use-internal-ips for more details.[0m
2026-03-26 02:53:44,220 - INFO - [0m⚙︎ Launching on AWS us-west-2[0m (us-west-2a).
2026-03-26 02:54:05,660 - INFO - [2mW 03-26 02:54:05.609 PID=2248878 instance.py:288] create_instances: Attempt failed with An error occurred (InsufficientInstanceCapacity) when calling the RunInstances operation (reached max retries: 0): We currently do not have sufficient p4de.24xlarge capacity in the Availability Zone you requested (us-west-2a). Our system will be working on provisioning additional capacity. You can currently get p4de.24xlarge capacity by not specifying an Availability Zone in your request or choosing us-west-2b, us-west-2c.[0m
2026-03-26 02:54:09,788 - INFO - AWS handler error: Failed to launch instances. Max attempts exceeded.
2026-03-26 02:54:09,889 - INFO - sky.exceptions.ResourcesUnavailableError: Failed to acquire resources in us-west-2a for {AWS(p4de.24xlarge[Spot], mem=64.0+, {'A100-80GB': 8}, network_tier=best, disk_size=1000)}.
2026-03-26 02:54:09,889 - INFO - 
2026-03-26 02:54:09,889 - INFO - [0m[33m↺[0m Trying other potential resources.
2026-03-26 02:54:09,889 - INFO - Considered resources (2 nodes):
2026-03-26 02:54:09,990 - INFO - ----------------------------------------------------------------------------------------------
2026-03-26 02:54:10,894 - INFO -  INFRA              INSTANCE              vCPUs   Mem(GB)   GPUS          COST ($)   CHOSEN
2026-03-26 02:54:10,894 - INFO - ----------------------------------------------------------------------------------------------
2026-03-26 02:54:10,894 - INFO -  AWS (us-west-2c)   p4de.24xlarge[Spot]   96      1152      A100-80GB:8   30.74      [32m   ✔[0m
2026-03-26 02:54:10,894 - INFO - ----------------------------------------------------------------------------------------------
2026-03-26 02:54:10,894 - INFO - [33mInstance type p4de.24xlarge supports up to 4 EFA interfaces, but `use_internal_ips` is not enabled.
2026-03-26 02:54:30,900 - INFO - Launching with the current configuration will use only 1 EFA interface.
2026-03-26 02:54:30,900 - INFO - To use all 4 EFA interfaces, enable internal IPs by adding one of the following configurations to SkyPilot config:
2026-03-26 02:54:30,900 - INFO - Option 1 (with SSM):
2026-03-26 02:54:30,900 - INFO -   aws:
2026-03-26 02:54:30,900 - INFO -     use_internal_ips: true
2026-03-26 02:54:30,900 - INFO -     use_ssm: true
2026-03-26 02:54:30,900 - INFO - Option 2 (with SSH proxy):
2026-03-26 02:54:30,900 - INFO -   aws:
2026-03-26 02:54:30,900 - INFO -     use_internal_ips: true
2026-03-26 02:54:30,900 - INFO -     ssh_proxy_command: ssh -W %h:%p -i <ssh key path> -o StrictHostKeyChecking=no <user>@<jump server public ip>
2026-03-26 02:54:30,900 - INFO - Refer to https://docs.skypilot.co/en/latest/reference/config.html#aws-use-internal-ips for more details.[0m
2026-03-26 02:54:30,900 - INFO - [0m⚙︎ Launching on AWS us-west-2[0m (us-west-2c).
2026-03-26 02:54:30,900 - INFO - [2mW 03-26 02:54:30.857 PID=2248878 instance.py:288] create_instances: Attempt failed with An error occurred (InsufficientInstanceCapacity) when calling the RunInstances operation (reached max retries: 0): We currently do not have sufficient p4de.24xlarge capacity in the Availability Zone you requested (us-west-2c). Our system will be working on provisioning additional capacity. You can currently get p4de.24xlarge capacity by not specifying an Availability Zone in your request or choosing us-west-2a, us-west-2b.[0m
2026-03-26 02:54:34,726 - INFO - AWS handler error: Failed to launch instances. Max attempts exceeded.
2026-03-26 02:54:34,928 - INFO - sky.exceptions.ResourcesUnavailableError: Failed to acquire resources in us-west-2c for {AWS(p4de.24xlarge[Spot], mem=64.0+, {'A100-80GB': 8}, network_tier=best, disk_size=1000)}.
2026-03-26 02:54:34,928 - INFO - 
2026-03-26 02:54:34,928 - INFO - [0m[33m↺[0m Trying other potential resources.
2026-03-26 02:54:34,928 - INFO - Considered resources (2 nodes):
2026-03-26 02:54:35,429 - INFO - ---------------------------------------------------------------------------------------------------
2026-03-26 02:54:35,429 - INFO -  INFRA                   INSTANCE              vCPUs   Mem(GB)   GPUS          COST ($)   CHOSEN
2026-03-26 02:54:35,429 - INFO - ---------------------------------------------------------------------------------------------------
2026-03-26 02:54:35,429 - INFO -  AWS (ap-northeast-1c)   p4de.24xlarge[Spot]   96      1152      A100-80GB:8   32.78      [32m   ✔[0m
2026-03-26 02:54:35,429 - INFO - ---------------------------------------------------------------------------------------------------
2026-03-26 02:54:35,429 - INFO - sky.exceptions.ResourcesUnavailableError: [33mFound no quota for p4de.24xlarge spot instances in region ap-northeast-1 in AWS. [0mTo request quotas, check the instruction: https://docs.skypilot.co/en/latest/cloud-setup/quota.html.
2026-03-26 02:54:35,530 - INFO - 
2026-03-26 02:54:35,631 - INFO - [0m[33m↺[0m Trying other potential resources.
2026-03-26 02:54:35,631 - INFO - Considered resources (2 nodes):
2026-03-26 02:54:36,636 - INFO - ----------------------------------------------------------------------------------------------
2026-03-26 02:54:36,636 - INFO -  INFRA              INSTANCE              vCPUs   Mem(GB)   GPUS          COST ($)   CHOSEN
2026-03-26 02:54:36,636 - INFO - ----------------------------------------------------------------------------------------------
2026-03-26 02:54:36,636 - INFO -  AWS (us-west-2b)   p4de.24xlarge[Spot]   96      1152      A100-80GB:8   34.02      [32m   ✔[0m
2026-03-26 02:54:36,636 - INFO - ----------------------------------------------------------------------------------------------
2026-03-26 02:54:36,636 - INFO - [33mInstance type p4de.24xlarge supports up to 4 EFA interfaces, but `use_internal_ips` is not enabled.
2026-03-26 02:54:36,737 - INFO - Launching with the current configuration will use only 1 EFA interface.
2026-03-26 02:54:36,737 - INFO - To use all 4 EFA interfaces, enable internal IPs by adding one of the following configurations to SkyPilot config:
2026-03-26 02:54:36,737 - INFO - Option 1 (with SSM):
2026-03-26 02:54:36,737 - INFO -   aws:
2026-03-26 02:54:36,737 - INFO -     use_internal_ips: true
2026-03-26 02:54:36,737 - INFO -     use_ssm: true
2026-03-26 02:54:36,737 - INFO - Option 2 (with SSH proxy):
2026-03-26 02:54:36,737 - INFO -   aws:
2026-03-26 02:54:36,737 - INFO -     use_internal_ips: true
2026-03-26 02:54:36,737 - INFO -     ssh_proxy_command: ssh -W %h:%p -i <ssh key path> -o StrictHostKeyChecking=no <user>@<jump server public ip>
2026-03-26 02:54:36,737 - INFO - Refer to https://docs.skypilot.co/en/latest/reference/config.html#aws-use-internal-ips for more details.[0m
2026-03-26 02:54:36,737 - INFO - [0m⚙︎ Launching on AWS us-west-2[0m (us-west-2b).
2026-03-26 02:54:56,642 - INFO - [2mW 03-26 02:54:56.569 PID=2248878 instance.py:288] create_instances: Attempt failed with An error occurred (InsufficientInstanceCapacity) when calling the RunInstances operation (reached max retries: 0): We currently do not have sufficient p4de.24xlarge capacity in the Availability Zone you requested (us-west-2b). Our system will be working on provisioning additional capacity. You can currently get p4de.24xlarge capacity by not specifying an Availability Zone in your request or choosing us-west-2a, us-west-2c.[0m
2026-03-26 02:55:00,066 - INFO - AWS handler error: Failed to launch instances. Max attempts exceeded.
2026-03-26 02:55:00,267 - INFO - sky.exceptions.ResourcesUnavailableError: Failed to acquire resources in us-west-2b for {AWS(p4de.24xlarge[Spot], mem=64.0+, {'A100-80GB': 8}, network_tier=best, disk_size=1000)}.
2026-03-26 02:55:00,267 - INFO - 
2026-03-26 02:55:00,267 - INFO - [0m[33m↺[0m Trying other potential resources.
2026-03-26 02:55:00,267 - INFO - Considered resources (2 nodes):
2026-03-26 02:55:01,073 - INFO - ----------------------------------------------------------------------------------------------
2026-03-26 02:55:01,073 - INFO -  INFRA              INSTANCE              vCPUs   Mem(GB)   GPUS          COST ($)   CHOSEN
2026-03-26 02:55:01,073 - INFO - ----------------------------------------------------------------------------------------------
2026-03-26 02:55:01,073 - INFO -  AWS (us-east-1a)   p4de.24xlarge[Spot]   96      1152      A100-80GB:8   38.20      [32m   ✔[0m
2026-03-26 02:55:01,073 - INFO - ----------------------------------------------------------------------------------------------
2026-03-26 02:55:01,073 - INFO - [33mInstance type p4de.24xlarge supports up to 4 EFA interfaces, but `use_internal_ips` is not enabled.
2026-03-26 02:55:01,173 - INFO - Launching with the current configuration will use only 1 EFA interface.
2026-03-26 02:55:01,173 - INFO - To use all 4 EFA interfaces, enable internal IPs by adding one of the following configurations to SkyPilot config:
2026-03-26 02:55:01,173 - INFO - Option 1 (with SSM):
2026-03-26 02:55:01,174 - INFO -   aws:
2026-03-26 02:55:01,174 - INFO -     use_internal_ips: true
2026-03-26 02:55:01,174 - INFO -     use_ssm: true
2026-03-26 02:55:01,174 - INFO - Option 2 (with SSH proxy):
2026-03-26 02:55:01,174 - INFO -   aws:
2026-03-26 02:55:01,174 - INFO -     use_internal_ips: true
2026-03-26 02:55:01,174 - INFO -     ssh_proxy_command: ssh -W %h:%p -i <ssh key path> -o StrictHostKeyChecking=no <user>@<jump server public ip>
2026-03-26 02:55:01,174 - INFO - Refer to https://docs.skypilot.co/en/latest/reference/config.html#aws-use-internal-ips for more details.[0m
2026-03-26 02:55:01,174 - INFO - [0m⚙︎ Launching on AWS us-east-1[0m (us-east-1a).
2026-03-26 02:55:20,774 - INFO - [2mW 03-26 02:55:20.773 PID=2248878 instance.py:288] create_instances: Attempt failed with An error occurred (MaxSpotInstanceCountExceeded) when calling the RunInstances operation: Max spot instance count exceeded[0m
2026-03-26 02:55:24,388 - INFO - AWS handler error: Failed to launch instances. Max attempts exceeded.
2026-03-26 02:55:24,590 - INFO - sky.exceptions.ResourcesUnavailableError: Failed to acquire resources in us-east-1a for {AWS(p4de.24xlarge[Spot], mem=64.0+, {'A100-80GB': 8}, network_tier=best, disk_size=1000)}.
2026-03-26 02:55:24,590 - INFO - 
2026-03-26 02:55:24,590 - INFO - [0m[33m↺[0m Trying other potential resources.
2026-03-26 02:55:24,590 - INFO - Considered resources (2 nodes):
2026-03-26 02:55:24,892 - INFO - ---------------------------------------------------------------------------------------------------
2026-03-26 02:55:24,892 - INFO -  INFRA                   INSTANCE              vCPUs   Mem(GB)   GPUS          COST ($)   CHOSEN
2026-03-26 02:55:24,892 - INFO - ---------------------------------------------------------------------------------------------------
2026-03-26 02:55:24,892 - INFO -  AWS (ap-southeast-1a)   p4de.24xlarge[Spot]   96      1152      A100-80GB:8   40.14      [32m   ✔[0m
2026-03-26 02:55:24,892 - INFO - ---------------------------------------------------------------------------------------------------
2026-03-26 02:55:24,892 - INFO - sky.exceptions.ResourcesUnavailableError: [33mFound no quota for p4de.24xlarge spot instances in region ap-southeast-1 in AWS. [0mTo request quotas, check the instruction: https://docs.skypilot.co/en/latest/cloud-setup/quota.html.
2026-03-26 02:55:25,094 - INFO - 
2026-03-26 02:55:25,094 - INFO - [0m[33m↺[0m Trying other potential resources.
2026-03-26 02:55:25,094 - INFO - Considered resources (2 nodes):
2026-03-26 02:55:25,899 - INFO - ----------------------------------------------------------------------------------------------
2026-03-26 02:55:25,899 - INFO -  INFRA              INSTANCE              vCPUs   Mem(GB)   GPUS          COST ($)   CHOSEN
2026-03-26 02:55:25,899 - INFO - ----------------------------------------------------------------------------------------------
2026-03-26 02:55:25,899 - INFO -  AWS (us-east-1d)   p4de.24xlarge[Spot]   96      1152      A100-80GB:8   54.89      [32m   ✔[0m
2026-03-26 02:55:25,899 - INFO - ----------------------------------------------------------------------------------------------
2026-03-26 02:55:25,899 - INFO - [33mInstance type p4de.24xlarge supports up to 4 EFA interfaces, but `use_internal_ips` is not enabled.
2026-03-26 02:55:26,000 - INFO - Launching with the current configuration will use only 1 EFA interface.
2026-03-26 02:55:26,000 - INFO - To use all 4 EFA interfaces, enable internal IPs by adding one of the following configurations to SkyPilot config:
2026-03-26 02:55:26,000 - INFO - Option 1 (with SSM):
2026-03-26 02:55:26,000 - INFO -   aws:
2026-03-26 02:55:26,000 - INFO -     use_internal_ips: true
2026-03-26 02:55:26,000 - INFO -     use_ssm: true
2026-03-26 02:55:26,000 - INFO - Option 2 (with SSH proxy):
2026-03-26 02:55:26,000 - INFO -   aws:
2026-03-26 02:55:26,000 - INFO -     use_internal_ips: true
2026-03-26 02:55:26,000 - INFO -     ssh_proxy_command: ssh -W %h:%p -i <ssh key path> -o StrictHostKeyChecking=no <user>@<jump server public ip>
2026-03-26 02:55:26,000 - INFO - Refer to https://docs.skypilot.co/en/latest/reference/config.html#aws-use-internal-ips for more details.[0m
2026-03-26 02:55:26,000 - INFO - [0m⚙︎ Launching on AWS us-east-1[0m (us-east-1d).
2026-03-26 02:55:45,400 - INFO - [2mW 03-26 02:55:45.325 PID=2248878 instance.py:288] create_instances: Attempt failed with An error occurred (InsufficientInstanceCapacity) when calling the RunInstances operation (reached max retries: 0): We currently do not have sufficient p4de.24xlarge capacity in the Availability Zone you requested (us-east-1d). Our system will be working on provisioning additional capacity. You can currently get p4de.24xlarge capacity by not specifying an Availability Zone in your request or choosing us-east-1a.[0m
2026-03-26 02:55:49,426 - INFO - AWS handler error: Failed to launch instances. Max attempts exceeded.
2026-03-26 02:55:49,627 - INFO - sky.exceptions.ResourcesUnavailableError: Failed to acquire resources in us-east-1d for {AWS(p4de.24xlarge[Spot], mem=64.0+, {'A100-80GB': 8}, network_tier=best, disk_size=1000)}.
2026-03-26 02:55:49,627 - INFO - 
2026-03-26 02:55:49,627 - INFO - [0m[33m↺[0m Trying other potential resources.
2026-03-26 02:55:49,627 - INFO - Considered resources (2 nodes):
2026-03-26 02:55:49,930 - INFO - ---------------------------------------------------------------------------------------------------
2026-03-26 02:55:49,930 - INFO -  INFRA                   INSTANCE              vCPUs   Mem(GB)   GPUS          COST ($)   CHOSEN
2026-03-26 02:55:49,930 - INFO - ---------------------------------------------------------------------------------------------------
2026-03-26 02:55:49,930 - INFO -  AWS (ap-southeast-1c)   p4de.24xlarge[Spot]   96      1152      A100-80GB:8   65.87      [32m   ✔[0m
2026-03-26 02:55:49,930 - INFO - ---------------------------------------------------------------------------------------------------
2026-03-26 02:55:49,930 - INFO - sky.exceptions.ResourcesUnavailableError: [33mFound no quota for p4de.24xlarge spot instances in region ap-southeast-1 in AWS. [0mTo request quotas, check the instruction: https://docs.skypilot.co/en/latest/cloud-setup/quota.html.
2026-03-26 02:55:50,031 - INFO - 
2026-03-26 02:55:50,837 - INFO - [0m[33m↺[0m Trying other potential resources.
2026-03-26 02:55:50,837 - INFO - 
2026-03-26 02:56:21,398 - INFO - [?25h[31mFailed to provision all possible launchable resources.[0m Relax the task's resource requirements: 2x AWS(p4de.24xlarge[Spot], mem=64.0+, {'A100-80GB': 8}, network_tier=best, disk_size=1000)
2026-03-26 02:56:21,399 - INFO - 
2026-03-26 02:56:21,399 - INFO - [0m[33m↺[0m Retry after 30s  [2mView logs: [1msky logs --provision rf-qwen3-235b-a22b-tp8pp2-A100-80gb[0m[0m[0m
2026-03-26 02:56:21,399 - INFO - [33mLaunching a spot job that does not automatically recover from preemptions. To get automatic recovery, use managed job instead: [0m[1msky jobs launch[0m [33mor[0m [1msky.jobs.launch()[0m.
2026-03-26 02:56:21,498 - INFO - Considered resources (2 nodes):
2026-03-26 02:56:22,001 - INFO - ---------------------------------------------------------------------------------------------------
2026-03-26 02:56:22,001 - INFO -  INFRA                   INSTANCE              vCPUs   Mem(GB)   GPUS          COST ($)   CHOSEN
2026-03-26 02:56:22,001 - INFO - ---------------------------------------------------------------------------------------------------
2026-03-26 02:56:22,001 - INFO -  AWS (ap-northeast-1a)   p4de.24xlarge[Spot]   96      1152      A100-80GB:8   24.02      [32m   ✔[0m
2026-03-26 02:56:22,001 - INFO - ---------------------------------------------------------------------------------------------------
2026-03-26 02:56:22,001 - INFO - sky.exceptions.ResourcesUnavailableError: [33mFound no quota for p4de.24xlarge spot instances in region ap-northeast-1 in AWS. [0mTo request quotas, check the instruction: https://docs.skypilot.co/en/latest/cloud-setup/quota.html.
2026-03-26 02:56:22,103 - INFO - 
2026-03-26 02:56:22,103 - INFO - [0m[33m↺[0m Trying other potential resources.
2026-03-26 02:56:22,104 - INFO - Considered resources (2 nodes):
2026-03-26 02:56:22,604 - INFO - ---------------------------------------------------------------------------------------------------
2026-03-26 02:56:22,604 - INFO -  INFRA                   INSTANCE              vCPUs   Mem(GB)   GPUS          COST ($)   CHOSEN
2026-03-26 02:56:22,604 - INFO - ---------------------------------------------------------------------------------------------------
2026-03-26 02:56:22,604 - INFO -  AWS (ap-northeast-1c)   p4de.24xlarge[Spot]   96      1152      A100-80GB:8   28.71      [32m   ✔[0m
2026-03-26 02:56:22,605 - INFO - ---------------------------------------------------------------------------------------------------
2026-03-26 02:56:22,605 - INFO - sky.exceptions.ResourcesUnavailableError: [33mFound no quota for p4de.24xlarge spot instances in region ap-northeast-1 in AWS. [0mTo request quotas, check the instruction: https://docs.skypilot.co/en/latest/cloud-setup/quota.html.
2026-03-26 02:56:22,705 - INFO - 
2026-03-26 02:56:22,807 - INFO - [0m[33m↺[0m Trying other potential resources.
2026-03-26 02:56:22,807 - INFO - Considered resources (2 nodes):
2026-03-26 02:56:23,412 - INFO - -------------------------------------------------------------------------------------------------
2026-03-26 02:56:23,412 - INFO -  INFRA                 INSTANCE              vCPUs   Mem(GB)   GPUS          COST ($)   CHOSEN
2026-03-26 02:56:23,412 - INFO - -------------------------------------------------------------------------------------------------
2026-03-26 02:56:23,412 - INFO -  AWS (eu-central-1c)   p4de.24xlarge[Spot]   96      1152      A100-80GB:8   29.85      [32m   ✔[0m
2026-03-26 02:56:23,412 - INFO - -------------------------------------------------------------------------------------------------
2026-03-26 02:56:23,412 - INFO - sky.exceptions.ResourcesUnavailableError: [33mFound no quota for p4de.24xlarge spot instances in region eu-central-1 in AWS. [0mTo request quotas, check the instruction: https://docs.skypilot.co/en/latest/cloud-setup/quota.html.
2026-03-26 02:56:23,512 - INFO - 
2026-03-26 02:56:23,512 - INFO - [0m[33m↺[0m Trying other potential resources.
2026-03-26 02:56:23,512 - INFO - Considered resources (2 nodes):
2026-03-26 02:56:24,418 - INFO - ----------------------------------------------------------------------------------------------
2026-03-26 02:56:24,418 - INFO -  INFRA              INSTANCE              vCPUs   Mem(GB)   GPUS          COST ($)   CHOSEN
2026-03-26 02:56:24,418 - INFO - ----------------------------------------------------------------------------------------------
2026-03-26 02:56:24,418 - INFO -  AWS (us-west-2c)   p4de.24xlarge[Spot]   96      1152      A100-80GB:8   32.16      [32m   ✔[0m
2026-03-26 02:56:24,418 - INFO - ----------------------------------------------------------------------------------------------
2026-03-26 02:56:24,418 - INFO - [33mInstance type p4de.24xlarge supports up to 4 EFA interfaces, but `use_internal_ips` is not enabled.
2026-03-26 02:56:24,520 - INFO - Launching with the current configuration will use only 1 EFA interface.
2026-03-26 02:56:24,520 - INFO - To use all 4 EFA interfaces, enable internal IPs by adding one of the following configurations to SkyPilot config:
2026-03-26 02:56:24,520 - INFO - Option 1 (with SSM):
2026-03-26 02:56:24,520 - INFO -   aws:
2026-03-26 02:56:24,520 - INFO -     use_internal_ips: true
2026-03-26 02:56:24,520 - INFO -     use_ssm: true
2026-03-26 02:56:24,520 - INFO - Option 2 (with SSH proxy):
2026-03-26 02:56:24,520 - INFO -   aws:
2026-03-26 02:56:24,520 - INFO -     use_internal_ips: true
2026-03-26 02:56:24,520 - INFO -     ssh_proxy_command: ssh -W %h:%p -i <ssh key path> -o StrictHostKeyChecking=no <user>@<jump server public ip>
2026-03-26 02:56:24,520 - INFO - Refer to https://docs.skypilot.co/en/latest/reference/config.html#aws-use-internal-ips for more details.[0m
2026-03-26 02:56:24,520 - INFO - [0m⚙︎ Launching on AWS us-west-2[0m (us-west-2c).
2026-03-26 02:56:44,446 - INFO - [2mW 03-26 02:56:44.422 PID=743527 instance.py:288] create_instances: Attempt failed with An error occurred (InsufficientInstanceCapacity) when calling the RunInstances operation (reached max retries: 0): We currently do not have sufficient p4de.24xlarge capacity in the Availability Zone you requested (us-west-2c). Our system will be working on provisioning additional capacity. You can currently get p4de.24xlarge capacity by not specifying an Availability Zone in your request or choosing us-west-2a, us-west-2b.[0m
2026-03-26 02:56:48,868 - INFO - AWS handler error: Failed to launch instances. Max attempts exceeded.
2026-03-26 02:56:48,969 - INFO - sky.exceptions.ResourcesUnavailableError: Failed to acquire resources in us-west-2c for {AWS(p4de.24xlarge[Spot], mem=64.0+, {'A100-80GB': 8}, network_tier=best, disk_size=1000)}.
2026-03-26 02:56:48,969 - INFO - 
2026-03-26 02:56:48,969 - INFO - [0m[33m↺[0m Trying other potential resources.
2026-03-26 02:56:48,969 - INFO - Considered resources (2 nodes):
2026-03-26 02:56:49,070 - INFO - -------------------------------------------------------------------------------------------------
2026-03-26 02:56:49,673 - INFO -  INFRA                 INSTANCE              vCPUs   Mem(GB)   GPUS          COST ($)   CHOSEN
2026-03-26 02:56:49,673 - INFO - -------------------------------------------------------------------------------------------------
2026-03-26 02:56:49,673 - INFO -  AWS (eu-central-1a)   p4de.24xlarge[Spot]   96      1152      A100-80GB:8   32.33      [32m   ✔[0m
2026-03-26 02:56:49,673 - INFO - -------------------------------------------------------------------------------------------------
2026-03-26 02:56:49,673 - INFO - sky.exceptions.ResourcesUnavailableError: [33mFound no quota for p4de.24xlarge spot instances in region eu-central-1 in AWS. [0mTo request quotas, check the instruction: https://docs.skypilot.co/en/latest/cloud-setup/quota.html.
2026-03-26 02:56:49,872 - INFO - 
2026-03-26 02:56:49,872 - INFO - [0m[33m↺[0m Trying other potential resources.
2026-03-26 02:56:49,872 - INFO - Considered resources (2 nodes):
2026-03-26 02:56:50,877 - INFO - ----------------------------------------------------------------------------------------------
2026-03-26 02:56:50,877 - INFO -  INFRA              INSTANCE              vCPUs   Mem(GB)   GPUS          COST ($)   CHOSEN
2026-03-26 02:56:50,877 - INFO - ----------------------------------------------------------------------------------------------
2026-03-26 02:56:50,877 - INFO -  AWS (us-west-2b)   p4de.24xlarge[Spot]   96      1152      A100-80GB:8   34.35      [32m   ✔[0m
2026-03-26 02:56:50,877 - INFO - ----------------------------------------------------------------------------------------------
2026-03-26 02:56:50,877 - INFO - [33mInstance type p4de.24xlarge supports up to 4 EFA interfaces, but `use_internal_ips` is not enabled.
2026-03-26 02:57:10,076 - INFO - Launching with the current configuration will use only 1 EFA interface.
2026-03-26 02:57:10,076 - INFO - To use all 4 EFA interfaces, enable internal IPs by adding one of the following configurations to SkyPilot config:
2026-03-26 02:57:10,076 - INFO - Option 1 (with SSM):
2026-03-26 02:57:10,076 - INFO -   aws:
2026-03-26 02:57:10,076 - INFO -     use_internal_ips: true
2026-03-26 02:57:10,076 - INFO -     use_ssm: true
2026-03-26 02:57:10,076 - INFO - Option 2 (with SSH proxy):
2026-03-26 02:57:10,076 - INFO -   aws:
2026-03-26 02:57:10,076 - INFO -     use_internal_ips: true
2026-03-26 02:57:10,076 - INFO -     ssh_proxy_command: ssh -W %h:%p -i <ssh key path> -o StrictHostKeyChecking=no <user>@<jump server public ip>
2026-03-26 02:57:10,076 - INFO - Refer to https://docs.skypilot.co/en/latest/reference/config.html#aws-use-internal-ips for more details.[0m
2026-03-26 02:57:10,076 - INFO - [0m⚙︎ Launching on AWS us-west-2[0m (us-west-2b).
2026-03-26 02:57:10,076 - INFO - [2mW 03-26 02:57:10.051 PID=743527 instance.py:288] create_instances: Attempt failed with An error occurred (InsufficientInstanceCapacity) when calling the RunInstances operation (reached max retries: 0): We currently do not have sufficient p4de.24xlarge capacity in the Availability Zone you requested (us-west-2b). Our system will be working on provisioning additional capacity. You can currently get p4de.24xlarge capacity by not specifying an Availability Zone in your request or choosing us-west-2a, us-west-2c.[0m
2026-03-26 02:57:13,495 - INFO - AWS handler error: Failed to launch instances. Max attempts exceeded.
2026-03-26 02:57:13,697 - INFO - sky.exceptions.ResourcesUnavailableError: Failed to acquire resources in us-west-2b for {AWS(p4de.24xlarge[Spot], mem=64.0+, {'A100-80GB': 8}, network_tier=best, disk_size=1000)}.
2026-03-26 02:57:13,697 - INFO - 
2026-03-26 02:57:13,697 - INFO - [0m[33m↺[0m Trying other potential resources.
2026-03-26 02:57:13,697 - INFO - Considered resources (2 nodes):
2026-03-26 02:57:14,401 - INFO - ----------------------------------------------------------------------------------------------
2026-03-26 02:57:14,401 - INFO -  INFRA              INSTANCE              vCPUs   Mem(GB)   GPUS          COST ($)   CHOSEN
2026-03-26 02:57:14,401 - INFO - ----------------------------------------------------------------------------------------------
2026-03-26 02:57:14,401 - INFO -  AWS (us-east-1a)   p4de.24xlarge[Spot]   96      1152      A100-80GB:8   36.92      [32m   ✔[0m
2026-03-26 02:57:14,401 - INFO - ----------------------------------------------------------------------------------------------
2026-03-26 02:57:14,401 - INFO - [33mInstance type p4de.24xlarge supports up to 4 EFA interfaces, but `use_internal_ips` is not enabled.
2026-03-26 02:57:14,501 - INFO - Launching with the current configuration will use only 1 EFA interface.
2026-03-26 02:57:14,501 - INFO - To use all 4 EFA interfaces, enable internal IPs by adding one of the following configurations to SkyPilot config:
2026-03-26 02:57:14,501 - INFO - Option 1 (with SSM):
2026-03-26 02:57:14,501 - INFO -   aws:
2026-03-26 02:57:14,501 - INFO -     use_internal_ips: true
2026-03-26 02:57:14,502 - INFO -     use_ssm: true
2026-03-26 02:57:14,502 - INFO - Option 2 (with SSH proxy):
2026-03-26 02:57:14,502 - INFO -   aws:
2026-03-26 02:57:14,502 - INFO -     use_internal_ips: true
2026-03-26 02:57:14,502 - INFO -     ssh_proxy_command: ssh -W %h:%p -i <ssh key path> -o StrictHostKeyChecking=no <user>@<jump server public ip>
2026-03-26 02:57:14,502 - INFO - Refer to https://docs.skypilot.co/en/latest/reference/config.html#aws-use-internal-ips for more details.[0m
2026-03-26 02:57:14,502 - INFO - [0m⚙︎ Launching on AWS us-east-1[0m (us-east-1a).
2026-03-26 02:57:34,514 - INFO - [2mW 03-26 02:57:34.426 PID=743527 instance.py:288] create_instances: Attempt failed with An error occurred (MaxSpotInstanceCountExceeded) when calling the RunInstances operation: Max spot instance count exceeded[0m
2026-03-26 02:57:37,531 - INFO - AWS handler error: Failed to launch instances. Max attempts exceeded.
2026-03-26 02:57:37,733 - INFO - sky.exceptions.ResourcesUnavailableError: Failed to acquire resources in us-east-1a for {AWS(p4de.24xlarge[Spot], mem=64.0+, {'A100-80GB': 8}, network_tier=best, disk_size=1000)}.
2026-03-26 02:57:37,733 - INFO - 
2026-03-26 02:57:37,733 - INFO - [0m[33m↺[0m Trying other potential resources.
2026-03-26 02:57:37,733 - INFO - Considered resources (2 nodes):
2026-03-26 02:57:38,639 - INFO - ----------------------------------------------------------------------------------------------
2026-03-26 02:57:38,639 - INFO -  INFRA              INSTANCE              vCPUs   Mem(GB)   GPUS          COST ($)   CHOSEN
2026-03-26 02:57:38,639 - INFO - ----------------------------------------------------------------------------------------------
2026-03-26 02:57:38,639 - INFO -  AWS (us-west-2a)   p4de.24xlarge[Spot]   96      1152      A100-80GB:8   39.18      [32m   ✔[0m
2026-03-26 02:57:38,639 - INFO - ----------------------------------------------------------------------------------------------
2026-03-26 02:57:38,639 - INFO - [33mInstance type p4de.24xlarge supports up to 4 EFA interfaces, but `use_internal_ips` is not enabled.
2026-03-26 02:57:38,740 - INFO - Launching with the current configuration will use only 1 EFA interface.
2026-03-26 02:57:38,740 - INFO - To use all 4 EFA interfaces, enable internal IPs by adding one of the following configurations to SkyPilot config:
2026-03-26 02:57:38,740 - INFO - Option 1 (with SSM):
2026-03-26 02:57:38,740 - INFO -   aws:
2026-03-26 02:57:38,740 - INFO -     use_internal_ips: true
2026-03-26 02:57:38,740 - INFO -     use_ssm: true
2026-03-26 02:57:38,740 - INFO - Option 2 (with SSH proxy):
2026-03-26 02:57:38,740 - INFO -   aws:
2026-03-26 02:57:38,740 - INFO -     use_internal_ips: true
2026-03-26 02:57:38,740 - INFO -     ssh_proxy_command: ssh -W %h:%p -i <ssh key path> -o StrictHostKeyChecking=no <user>@<jump server public ip>
2026-03-26 02:57:38,740 - INFO - Refer to https://docs.skypilot.co/en/latest/reference/config.html#aws-use-internal-ips for more details.[0m
2026-03-26 02:57:38,740 - INFO - [0m⚙︎ Launching on AWS us-west-2[0m (us-west-2a).
2026-03-26 02:57:58,850 - INFO - [2mW 03-26 02:57:58.825 PID=743527 instance.py:288] create_instances: Attempt failed with An error occurred (InsufficientInstanceCapacity) when calling the RunInstances operation (reached max retries: 0): We currently do not have sufficient p4de.24xlarge capacity in the Availability Zone you requested (us-west-2a). Our system will be working on provisioning additional capacity. You can currently get p4de.24xlarge capacity by not specifying an Availability Zone in your request or choosing us-west-2b, us-west-2c.[0m
2026-03-26 02:58:02,368 - INFO - AWS handler error: Failed to launch instances. Max attempts exceeded.
2026-03-26 02:58:02,572 - INFO - sky.exceptions.ResourcesUnavailableError: Failed to acquire resources in us-west-2a for {AWS(p4de.24xlarge[Spot], mem=64.0+, {'A100-80GB': 8}, network_tier=best, disk_size=1000)}.
2026-03-26 02:58:02,572 - INFO - 
2026-03-26 02:58:02,572 - INFO - [0m[33m↺[0m Trying other potential resources.
2026-03-26 02:58:02,572 - INFO - Considered resources (2 nodes):
2026-03-26 02:58:03,377 - INFO - ----------------------------------------------------------------------------------------------
2026-03-26 02:58:03,377 - INFO -  INFRA              INSTANCE              vCPUs   Mem(GB)   GPUS          COST ($)   CHOSEN
2026-03-26 02:58:03,377 - INFO - ----------------------------------------------------------------------------------------------
2026-03-26 02:58:03,377 - INFO -  AWS (us-east-1d)   p4de.24xlarge[Spot]   96      1152      A100-80GB:8   49.02      [32m   ✔[0m
2026-03-26 02:58:03,377 - INFO - ----------------------------------------------------------------------------------------------
2026-03-26 02:58:03,377 - INFO - [33mInstance type p4de.24xlarge supports up to 4 EFA interfaces, but `use_internal_ips` is not enabled.
2026-03-26 02:58:03,477 - INFO - Launching with the current configuration will use only 1 EFA interface.
2026-03-26 02:58:03,477 - INFO - To use all 4 EFA interfaces, enable internal IPs by adding one of the following configurations to SkyPilot config:
2026-03-26 02:58:03,478 - INFO - Option 1 (with SSM):
2026-03-26 02:58:03,478 - INFO -   aws:
2026-03-26 02:58:03,478 - INFO -     use_internal_ips: true
2026-03-26 02:58:03,478 - INFO -     use_ssm: true
2026-03-26 02:58:03,478 - INFO - Option 2 (with SSH proxy):
2026-03-26 02:58:03,478 - INFO -   aws:
2026-03-26 02:58:03,478 - INFO -     use_internal_ips: true
2026-03-26 02:58:03,478 - INFO -     ssh_proxy_command: ssh -W %h:%p -i <ssh key path> -o StrictHostKeyChecking=no <user>@<jump server public ip>
2026-03-26 02:58:03,478 - INFO - Refer to https://docs.skypilot.co/en/latest/reference/config.html#aws-use-internal-ips for more details.[0m
2026-03-26 02:58:03,478 - INFO - [0m⚙︎ Launching on AWS us-east-1[0m (us-east-1d).
2026-03-26 02:58:21,167 - INFO - [2mW 03-26 02:58:21.104 PID=743527 instance.py:288] create_instances: Attempt failed with An error occurred (InsufficientInstanceCapacity) when calling the RunInstances operation (reached max retries: 0): We currently do not have sufficient p4de.24xlarge capacity in the Availability Zone you requested (us-east-1d). Our system will be working on provisioning additional capacity. You can currently get p4de.24xlarge capacity by not specifying an Availability Zone in your request or choosing us-east-1a.[0m
2026-03-26 02:58:24,081 - INFO - AWS handler error: Failed to launch instances. Max attempts exceeded.
2026-03-26 02:58:24,183 - INFO - sky.exceptions.ResourcesUnavailableError: Failed to acquire resources in us-east-1d for {AWS(p4de.24xlarge[Spot], mem=64.0+, {'A100-80GB': 8}, network_tier=best, disk_size=1000)}.
2026-03-26 02:58:24,183 - INFO - 
2026-03-26 02:58:24,284 - INFO - [0m[33m↺[0m Trying other potential resources.
2026-03-26 02:58:24,284 - INFO - Considered resources (2 nodes):
2026-03-26 02:58:24,687 - INFO - ---------------------------------------------------------------------------------------------------
2026-03-26 02:58:24,687 - INFO -  INFRA                   INSTANCE              vCPUs   Mem(GB)   GPUS          COST ($)   CHOSEN
2026-03-26 02:58:24,687 - INFO - ---------------------------------------------------------------------------------------------------
2026-03-26 02:58:24,687 - INFO -  AWS (ap-southeast-1a)   p4de.24xlarge[Spot]   96      1152      A100-80GB:8   57.83      [32m   ✔[0m
2026-03-26 02:58:24,687 - INFO - ---------------------------------------------------------------------------------------------------
2026-03-26 02:58:24,687 - INFO - sky.exceptions.ResourcesUnavailableError: [33mFound no quota for p4de.24xlarge spot instances in region ap-southeast-1 in AWS. [0mTo request quotas, check the instruction: https://docs.skypilot.co/en/latest/cloud-setup/quota.html.
2026-03-26 02:58:24,889 - INFO - 
2026-03-26 02:58:24,890 - INFO - [0m[33m↺[0m Trying other potential resources.
2026-03-26 02:58:24,890 - INFO - Considered resources (2 nodes):
2026-03-26 02:58:25,190 - INFO - ---------------------------------------------------------------------------------------------------
2026-03-26 02:58:25,190 - INFO -  INFRA                   INSTANCE              vCPUs   Mem(GB)   GPUS          COST ($)   CHOSEN
2026-03-26 02:58:25,190 - INFO - ---------------------------------------------------------------------------------------------------
2026-03-26 02:58:25,190 - INFO -  AWS (ap-southeast-1c)   p4de.24xlarge[Spot]   96      1152      A100-80GB:8   65.87      [32m   ✔[0m
2026-03-26 02:58:25,190 - INFO - ---------------------------------------------------------------------------------------------------
2026-03-26 02:58:25,190 - INFO - sky.exceptions.ResourcesUnavailableError: [33mFound no quota for p4de.24xlarge spot instances in region ap-southeast-1 in AWS. [0mTo request quotas, check the instruction: https://docs.skypilot.co/en/latest/cloud-setup/quota.html.
2026-03-26 02:58:26,799 - INFO - 
2026-03-26 02:58:26,799 - INFO - [0m[33m↺[0m Trying other potential resources.
2026-03-26 02:58:26,799 - INFO - 
2026-03-26 02:58:57,558 - INFO - [?25h[31mFailed to provision all possible launchable resources.[0m Relax the task's resource requirements: 2x AWS(p4de.24xlarge[Spot], mem=64.0+, {'A100-80GB': 8}, network_tier=best, disk_size=1000)
2026-03-26 02:58:57,558 - INFO - 
2026-03-26 02:58:57,558 - INFO - [0m[33m↺[0m Retry after 30s  [2mView logs: [1msky logs --provision rf-qwen3-235b-a22b-tp8pp2-A100-80gb[0m[0m[0m
2026-03-26 02:58:57,558 - INFO - [33mLaunching a spot job that does not automatically recover from preemptions. To get automatic recovery, use managed job instead: [0m[1msky jobs launch[0m [33mor[0m [1msky.jobs.launch()[0m.
2026-03-26 02:58:57,559 - INFO - Considered resources (2 nodes):
2026-03-26 02:58:57,658 - INFO - ---------------------------------------------------------------------------------------------------
2026-03-26 02:58:58,162 - INFO -  INFRA                   INSTANCE              vCPUs   Mem(GB)   GPUS          COST ($)   CHOSEN
2026-03-26 02:58:58,162 - INFO - ---------------------------------------------------------------------------------------------------
2026-03-26 02:58:58,162 - INFO -  AWS (ap-northeast-1a)   p4de.24xlarge[Spot]   96      1152      A100-80GB:8   19.80      [32m   ✔[0m
2026-03-26 02:58:58,162 - INFO - ---------------------------------------------------------------------------------------------------
2026-03-26 02:58:58,162 - INFO - sky.exceptions.ResourcesUnavailableError: [33mFound no quota for p4de.24xlarge spot instances in region ap-northeast-1 in AWS. [0mTo request quotas, check the instruction: https://docs.skypilot.co/en/latest/cloud-setup/quota.html.
2026-03-26 02:58:58,263 - INFO - 
2026-03-26 02:58:58,263 - INFO - [0m[33m↺[0m Trying other potential resources.
2026-03-26 02:58:58,263 - INFO - Considered resources (2 nodes):
2026-03-26 02:58:58,865 - INFO - -------------------------------------------------------------------------------------------------
2026-03-26 02:58:58,865 - INFO -  INFRA                 INSTANCE              vCPUs   Mem(GB)   GPUS          COST ($)   CHOSEN
2026-03-26 02:58:58,865 - INFO - -------------------------------------------------------------------------------------------------
2026-03-26 02:58:58,865 - INFO -  AWS (eu-central-1a)   p4de.24xlarge[Spot]   96      1152      A100-80GB:8   20.30      [32m   ✔[0m
2026-03-26 02:58:58,865 - INFO - -------------------------------------------------------------------------------------------------
2026-03-26 02:58:58,865 - INFO - sky.exceptions.ResourcesUnavailableError: [33mFound no quota for p4de.24xlarge spot instances in region eu-central-1 in AWS. [0mTo request quotas, check the instruction: https://docs.skypilot.co/en/latest/cloud-setup/quota.html.
2026-03-26 02:58:58,966 - INFO - 
2026-03-26 02:58:58,966 - INFO - [0m[33m↺[0m Trying other potential resources.
2026-03-26 02:58:58,966 - INFO - Considered resources (2 nodes):
2026-03-26 02:58:59,972 - INFO - ----------------------------------------------------------------------------------------------
2026-03-26 02:58:59,972 - INFO -  INFRA              INSTANCE              vCPUs   Mem(GB)   GPUS          COST ($)   CHOSEN
2026-03-26 02:58:59,972 - INFO - ----------------------------------------------------------------------------------------------
2026-03-26 02:58:59,972 - INFO -  AWS (us-west-2a)   p4de.24xlarge[Spot]   96      1152      A100-80GB:8   24.57      [32m   ✔[0m
2026-03-26 02:58:59,972 - INFO - ----------------------------------------------------------------------------------------------
2026-03-26 02:58:59,972 - INFO - [33mInstance type p4de.24xlarge supports up to 4 EFA interfaces, but `use_internal_ips` is not enabled.
2026-03-26 02:59:21,389 - INFO - Launching with the current configuration will use only 1 EFA interface.
2026-03-26 02:59:21,390 - INFO - To use all 4 EFA interfaces, enable internal IPs by adding one of the following configurations to SkyPilot config:
2026-03-26 02:59:21,390 - INFO - Option 1 (with SSM):
2026-03-26 02:59:21,390 - INFO -   aws:
2026-03-26 02:59:21,390 - INFO -     use_internal_ips: true
2026-03-26 02:59:21,390 - INFO -     use_ssm: true
2026-03-26 02:59:21,390 - INFO - Option 2 (with SSH proxy):
2026-03-26 02:59:21,390 - INFO -   aws:
2026-03-26 02:59:21,390 - INFO -     use_internal_ips: true
2026-03-26 02:59:21,390 - INFO -     ssh_proxy_command: ssh -W %h:%p -i <ssh key path> -o StrictHostKeyChecking=no <user>@<jump server public ip>
2026-03-26 02:59:21,390 - INFO - Refer to https://docs.skypilot.co/en/latest/reference/config.html#aws-use-internal-ips for more details.[0m
2026-03-26 02:59:21,390 - INFO - [0m⚙︎ Launching on AWS us-west-2[0m (us-west-2a).
2026-03-26 02:59:21,390 - INFO - [2mW 03-26 02:59:21.312 PID=1652500 instance.py:288] create_instances: Attempt failed with An error occurred (InsufficientInstanceCapacity) when calling the RunInstances operation (reached max retries: 0): We currently do not have sufficient p4de.24xlarge capacity in the Availability Zone you requested (us-west-2a). Our system will be working on provisioning additional capacity. You can currently get p4de.24xlarge capacity by not specifying an Availability Zone in your request or choosing us-west-2b, us-west-2c.[0m
2026-03-26 02:59:25,417 - INFO - AWS handler error: Failed to launch instances. Max attempts exceeded.
2026-03-26 02:59:25,619 - INFO - sky.exceptions.ResourcesUnavailableError: Failed to acquire resources in us-west-2a for {AWS(p4de.24xlarge[Spot], mem=64.0+, {'A100-80GB': 8}, network_tier=best, disk_size=1000)}.
2026-03-26 02:59:25,619 - INFO - 
2026-03-26 02:59:25,619 - INFO - [0m[33m↺[0m Trying other potential resources.
2026-03-26 02:59:25,619 - INFO - Considered resources (2 nodes):
2026-03-26 02:59:26,223 - INFO - -------------------------------------------------------------------------------------------------
2026-03-26 02:59:26,223 - INFO -  INFRA                 INSTANCE              vCPUs   Mem(GB)   GPUS          COST ($)   CHOSEN
2026-03-26 02:59:26,223 - INFO - -------------------------------------------------------------------------------------------------
2026-03-26 02:59:26,223 - INFO -  AWS (eu-central-1c)   p4de.24xlarge[Spot]   96      1152      A100-80GB:8   26.88      [32m   ✔[0m
2026-03-26 02:59:26,224 - INFO - -------------------------------------------------------------------------------------------------
2026-03-26 02:59:26,224 - INFO - sky.exceptions.ResourcesUnavailableError: [33mFound no quota for p4de.24xlarge spot instances in region eu-central-1 in AWS. [0mTo request quotas, check the instruction: https://docs.skypilot.co/en/latest/cloud-setup/quota.html.
2026-03-26 02:59:26,324 - INFO - 
2026-03-26 02:59:26,324 - INFO - [0m[33m↺[0m Trying other potential resources.
2026-03-26 02:59:26,324 - INFO - Considered resources (2 nodes):
2026-03-26 02:59:27,230 - INFO - ----------------------------------------------------------------------------------------------
2026-03-26 02:59:27,231 - INFO -  INFRA              INSTANCE              vCPUs   Mem(GB)   GPUS          COST ($)   CHOSEN
2026-03-26 02:59:27,231 - INFO - ----------------------------------------------------------------------------------------------
2026-03-26 02:59:27,231 - INFO -  AWS (us-west-2c)   p4de.24xlarge[Spot]   96      1152      A100-80GB:8   29.77      [32m   ✔[0m
2026-03-26 02:59:27,231 - INFO - ----------------------------------------------------------------------------------------------
2026-03-26 02:59:27,231 - INFO - [33mInstance type p4de.24xlarge supports up to 4 EFA interfaces, but `use_internal_ips` is not enabled.
2026-03-26 02:59:27,332 - INFO - Launching with the current configuration will use only 1 EFA interface.
2026-03-26 02:59:27,332 - INFO - To use all 4 EFA interfaces, enable internal IPs by adding one of the following configurations to SkyPilot config:
2026-03-26 02:59:27,332 - INFO - Option 1 (with SSM):
2026-03-26 02:59:27,332 - INFO -   aws:
2026-03-26 02:59:27,332 - INFO -     use_internal_ips: true
2026-03-26 02:59:27,332 - INFO -     use_ssm: true
2026-03-26 02:59:27,332 - INFO - Option 2 (with SSH proxy):
2026-03-26 02:59:27,332 - INFO -   aws:
2026-03-26 02:59:27,332 - INFO -     use_internal_ips: true
2026-03-26 02:59:27,332 - INFO -     ssh_proxy_command: ssh -W %h:%p -i <ssh key path> -o StrictHostKeyChecking=no <user>@<jump server public ip>
2026-03-26 02:59:27,332 - INFO - Refer to https://docs.skypilot.co/en/latest/reference/config.html#aws-use-internal-ips for more details.[0m
2026-03-26 02:59:27,332 - INFO - [0m⚙︎ Launching on AWS us-west-2[0m (us-west-2c).
2026-03-26 02:59:47,432 - INFO - [2mW 03-26 02:59:47.385 PID=1652500 instance.py:288] create_instances: Attempt failed with An error occurred (InsufficientInstanceCapacity) when calling the RunInstances operation (reached max retries: 0): We currently do not have sufficient p4de.24xlarge capacity in the Availability Zone you requested (us-west-2c). Our system will be working on provisioning additional capacity. You can currently get p4de.24xlarge capacity by not specifying an Availability Zone in your request or choosing us-west-2a, us-west-2b.[0m
2026-03-26 02:59:50,850 - INFO - AWS handler error: Failed to launch instances. Max attempts exceeded.
2026-03-26 02:59:51,053 - INFO - sky.exceptions.ResourcesUnavailableError: Failed to acquire resources in us-west-2c for {AWS(p4de.24xlarge[Spot], mem=64.0+, {'A100-80GB': 8}, network_tier=best, disk_size=1000)}.
2026-03-26 02:59:51,053 - INFO - 
2026-03-26 02:59:51,053 - INFO - [0m[33m↺[0m Trying other potential resources.
2026-03-26 02:59:51,053 - INFO - Considered resources (2 nodes):
2026-03-26 02:59:51,556 - INFO - ---------------------------------------------------------------------------------------------------
2026-03-26 02:59:51,556 - INFO -  INFRA                   INSTANCE              vCPUs   Mem(GB)   GPUS          COST ($)   CHOSEN
2026-03-26 02:59:51,556 - INFO - ---------------------------------------------------------------------------------------------------
2026-03-26 02:59:51,556 - INFO -  AWS (ap-northeast-1c)   p4de.24xlarge[Spot]   96      1152      A100-80GB:8   32.81      [32m   ✔[0m
2026-03-26 02:59:51,556 - INFO - ---------------------------------------------------------------------------------------------------
2026-03-26 02:59:51,556 - INFO - sky.exceptions.ResourcesUnavailableError: [33mFound no quota for p4de.24xlarge spot instances in region ap-northeast-1 in AWS. [0mTo request quotas, check the instruction: https://docs.skypilot.co/en/latest/cloud-setup/quota.html.
2026-03-26 02:59:51,757 - INFO - 
2026-03-26 02:59:51,757 - INFO - [0m[33m↺[0m Trying other potential resources.
2026-03-26 02:59:51,757 - INFO - Considered resources (2 nodes):
2026-03-26 02:59:52,659 - INFO - ----------------------------------------------------------------------------------------------
2026-03-26 02:59:52,659 - INFO -  INFRA              INSTANCE              vCPUs   Mem(GB)   GPUS          COST ($)   CHOSEN
2026-03-26 02:59:52,659 - INFO - ----------------------------------------------------------------------------------------------
2026-03-26 02:59:52,659 - INFO -  AWS (us-west-2b)   p4de.24xlarge[Spot]   96      1152      A100-80GB:8   33.39      [32m   ✔[0m
2026-03-26 02:59:52,659 - INFO - ----------------------------------------------------------------------------------------------
2026-03-26 02:59:52,659 - INFO - [33mInstance type p4de.24xlarge supports up to 4 EFA interfaces, but `use_internal_ips` is not enabled.
2026-03-26 02:59:52,760 - INFO - Launching with the current configuration will use only 1 EFA interface.
2026-03-26 02:59:52,760 - INFO - To use all 4 EFA interfaces, enable internal IPs by adding one of the following configurations to SkyPilot config:
2026-03-26 02:59:52,760 - INFO - Option 1 (with SSM):
2026-03-26 02:59:52,760 - INFO -   aws:
2026-03-26 02:59:52,760 - INFO -     use_internal_ips: true
2026-03-26 02:59:52,760 - INFO -     use_ssm: true
2026-03-26 02:59:52,760 - INFO - Option 2 (with SSH proxy):
2026-03-26 02:59:52,760 - INFO -   aws:
2026-03-26 02:59:52,760 - INFO -     use_internal_ips: true
2026-03-26 02:59:52,760 - INFO -     ssh_proxy_command: ssh -W %h:%p -i <ssh key path> -o StrictHostKeyChecking=no <user>@<jump server public ip>
2026-03-26 02:59:52,760 - INFO - Refer to https://docs.skypilot.co/en/latest/reference/config.html#aws-use-internal-ips for more details.[0m
2026-03-26 02:59:52,760 - INFO - [0m⚙︎ Launching on AWS us-west-2[0m (us-west-2b).
2026-03-26 03:00:14,493 - INFO - [2mW 03-26 03:00:14.426 PID=1652500 instance.py:288] create_instances: Attempt failed with An error occurred (InsufficientInstanceCapacity) when calling the RunInstances operation (reached max retries: 0): We currently do not have sufficient p4de.24xlarge capacity in the Availability Zone you requested (us-west-2b). Our system will be working on provisioning additional capacity. You can currently get p4de.24xlarge capacity by not specifying an Availability Zone in your request or choosing us-west-2a, us-west-2c.[0m
2026-03-26 03:00:18,306 - INFO - AWS handler error: Failed to launch instances. Max attempts exceeded.
2026-03-26 03:00:18,507 - INFO - sky.exceptions.ResourcesUnavailableError: Failed to acquire resources in us-west-2b for {AWS(p4de.24xlarge[Spot], mem=64.0+, {'A100-80GB': 8}, network_tier=best, disk_size=1000)}.
2026-03-26 03:00:18,507 - INFO - 
2026-03-26 03:00:18,507 - INFO - [0m[33m↺[0m Trying other potential resources.
2026-03-26 03:00:18,507 - INFO - Considered resources (2 nodes):
2026-03-26 03:00:19,312 - INFO - ----------------------------------------------------------------------------------------------
2026-03-26 03:00:19,312 - INFO -  INFRA              INSTANCE              vCPUs   Mem(GB)   GPUS          COST ($)   CHOSEN
2026-03-26 03:00:19,312 - INFO - ----------------------------------------------------------------------------------------------
2026-03-26 03:00:19,312 - INFO -  AWS (us-east-1a)   p4de.24xlarge[Spot]   96      1152      A100-80GB:8   34.11      [32m   ✔[0m
2026-03-26 03:00:19,312 - INFO - ----------------------------------------------------------------------------------------------
2026-03-26 03:00:19,312 - INFO - [33mInstance type p4de.24xlarge supports up to 4 EFA interfaces, but `use_internal_ips` is not enabled.
2026-03-26 03:00:19,413 - INFO - Launching with the current configuration will use only 1 EFA interface.
2026-03-26 03:00:19,414 - INFO - To use all 4 EFA interfaces, enable internal IPs by adding one of the following configurations to SkyPilot config:
2026-03-26 03:00:19,414 - INFO - Option 1 (with SSM):
2026-03-26 03:00:19,414 - INFO -   aws:
2026-03-26 03:00:19,414 - INFO -     use_internal_ips: true
2026-03-26 03:00:19,414 - INFO -     use_ssm: true
2026-03-26 03:00:19,414 - INFO - Option 2 (with SSH proxy):
2026-03-26 03:00:19,414 - INFO -   aws:
2026-03-26 03:00:19,414 - INFO -     use_internal_ips: true
2026-03-26 03:00:19,414 - INFO -     ssh_proxy_command: ssh -W %h:%p -i <ssh key path> -o StrictHostKeyChecking=no <user>@<jump server public ip>
2026-03-26 03:00:19,414 - INFO - Refer to https://docs.skypilot.co/en/latest/reference/config.html#aws-use-internal-ips for more details.[0m
2026-03-26 03:00:19,414 - INFO - [0m⚙︎ Launching on AWS us-east-1[0m (us-east-1a).
2026-03-26 03:00:38,222 - INFO - [2mW 03-26 03:00:38.207 PID=1652500 instance.py:288] create_instances: Attempt failed with An error occurred (MaxSpotInstanceCountExceeded) when calling the RunInstances operation: Max spot instance count exceeded[0m
2026-03-26 03:00:41,736 - INFO - AWS handler error: Failed to launch instances. Max attempts exceeded.
2026-03-26 03:00:41,838 - INFO - sky.exceptions.ResourcesUnavailableError: Failed to acquire resources in us-east-1a for {AWS(p4de.24xlarge[Spot], mem=64.0+, {'A100-80GB': 8}, network_tier=best, disk_size=1000)}.
2026-03-26 03:00:42,039 - INFO - 
2026-03-26 03:00:42,039 - INFO - [0m[33m↺[0m Trying other potential resources.
2026-03-26 03:00:42,039 - INFO - Considered resources (2 nodes):
2026-03-26 03:00:42,340 - INFO - ---------------------------------------------------------------------------------------------------
2026-03-26 03:00:42,341 - INFO -  INFRA                   INSTANCE              vCPUs   Mem(GB)   GPUS          COST ($)   CHOSEN
2026-03-26 03:00:42,341 - INFO - ---------------------------------------------------------------------------------------------------
2026-03-26 03:00:42,341 - INFO -  AWS (ap-southeast-1a)   p4de.24xlarge[Spot]   96      1152      A100-80GB:8   36.36      [32m   ✔[0m
2026-03-26 03:00:42,341 - INFO - ---------------------------------------------------------------------------------------------------
2026-03-26 03:00:42,341 - INFO - sky.exceptions.ResourcesUnavailableError: [33mFound no quota for p4de.24xlarge spot instances in region ap-southeast-1 in AWS. [0mTo request quotas, check the instruction: https://docs.skypilot.co/en/latest/cloud-setup/quota.html.
2026-03-26 03:00:42,543 - INFO - 
2026-03-26 03:00:42,543 - INFO - [0m[33m↺[0m Trying other potential resources.
2026-03-26 03:00:42,543 - INFO - Considered resources (2 nodes):
2026-03-26 03:00:43,345 - INFO - ----------------------------------------------------------------------------------------------
2026-03-26 03:00:43,346 - INFO -  INFRA              INSTANCE              vCPUs   Mem(GB)   GPUS          COST ($)   CHOSEN
2026-03-26 03:00:43,346 - INFO - ----------------------------------------------------------------------------------------------
2026-03-26 03:00:43,346 - INFO -  AWS (us-east-1d)   p4de.24xlarge[Spot]   96      1152      A100-80GB:8   54.89      [32m   ✔[0m
2026-03-26 03:00:43,346 - INFO - ----------------------------------------------------------------------------------------------
2026-03-26 03:00:43,346 - INFO - [33mInstance type p4de.24xlarge supports up to 4 EFA interfaces, but `use_internal_ips` is not enabled.
2026-03-26 03:00:43,447 - INFO - Launching with the current configuration will use only 1 EFA interface.
2026-03-26 03:00:43,447 - INFO - To use all 4 EFA interfaces, enable internal IPs by adding one of the following configurations to SkyPilot config:
2026-03-26 03:00:43,447 - INFO - Option 1 (with SSM):
2026-03-26 03:00:43,447 - INFO -   aws:
2026-03-26 03:00:43,447 - INFO -     use_internal_ips: true
2026-03-26 03:00:43,447 - INFO -     use_ssm: true
2026-03-26 03:00:43,447 - INFO - Option 2 (with SSH proxy):
2026-03-26 03:00:43,447 - INFO -   aws:
2026-03-26 03:00:43,447 - INFO -     use_internal_ips: true
2026-03-26 03:00:43,447 - INFO -     ssh_proxy_command: ssh -W %h:%p -i <ssh key path> -o StrictHostKeyChecking=no <user>@<jump server public ip>
2026-03-26 03:00:43,447 - INFO - Refer to https://docs.skypilot.co/en/latest/reference/config.html#aws-use-internal-ips for more details.[0m
2026-03-26 03:00:43,447 - INFO - [0m⚙︎ Launching on AWS us-east-1[0m (us-east-1d).
2026-03-26 03:01:01,227 - INFO - [2mW 03-26 03:01:01.201 PID=1652500 instance.py:288] create_instances: Attempt failed with An error occurred (InsufficientInstanceCapacity) when calling the RunInstances operation (reached max retries: 0): We currently do not have sufficient p4de.24xlarge capacity in the Availability Zone you requested (us-east-1d). Our system will be working on provisioning additional capacity. You can currently get p4de.24xlarge capacity by not specifying an Availability Zone in your request or choosing us-east-1a.[0m
2026-03-26 03:01:04,642 - INFO - AWS handler error: Failed to launch instances. Max attempts exceeded.
2026-03-26 03:01:04,744 - INFO - sky.exceptions.ResourcesUnavailableError: Failed to acquire resources in us-east-1d for {AWS(p4de.24xlarge[Spot], mem=64.0+, {'A100-80GB': 8}, network_tier=best, disk_size=1000)}.
2026-03-26 03:01:04,945 - INFO - 
2026-03-26 03:01:04,945 - INFO - [0m[33m↺[0m Trying other potential resources.
2026-03-26 03:01:04,945 - INFO - Considered resources (2 nodes):
2026-03-26 03:01:05,247 - INFO - ---------------------------------------------------------------------------------------------------
2026-03-26 03:01:05,247 - INFO -  INFRA                   INSTANCE              vCPUs   Mem(GB)   GPUS          COST ($)   CHOSEN
2026-03-26 03:01:05,247 - INFO - ---------------------------------------------------------------------------------------------------
2026-03-26 03:01:05,247 - INFO -  AWS (ap-southeast-1c)   p4de.24xlarge[Spot]   96      1152      A100-80GB:8   65.87      [32m   ✔[0m
2026-03-26 03:01:05,247 - INFO - ---------------------------------------------------------------------------------------------------
2026-03-26 03:01:05,247 - INFO - sky.exceptions.ResourcesUnavailableError: [33mFound no quota for p4de.24xlarge spot instances in region ap-southeast-1 in AWS. [0mTo request quotas, check the instruction: https://docs.skypilot.co/en/latest/cloud-setup/quota.html.
2026-03-26 03:01:06,353 - INFO - 
2026-03-26 03:01:06,353 - INFO - [0m[33m↺[0m Trying other potential resources.
2026-03-26 03:01:06,353 - INFO - 
2026-03-26 03:01:36,911 - INFO - [?25h[31mFailed to provision all possible launchable resources.[0m Relax the task's resource requirements: 2x AWS(p4de.24xlarge[Spot], mem=64.0+, {'A100-80GB': 8}, network_tier=best, disk_size=1000)
2026-03-26 03:01:36,911 - INFO - 
2026-03-26 03:01:36,911 - INFO - [0m[33m↺[0m Retry after 30s  [2mView logs: [1msky logs --provision rf-qwen3-235b-a22b-tp8pp2-A100-80gb[0m[0m[0m
2026-03-26 03:01:36,911 - INFO - [33mLaunching a spot job that does not automatically recover from preemptions. To get automatic recovery, use managed job instead: [0m[1msky jobs launch[0m [33mor[0m [1msky.jobs.launch()[0m.
2026-03-26 03:01:36,912 - INFO - Considered resources (2 nodes):
2026-03-26 03:01:37,011 - INFO - ---------------------------------------------------------------------------------------------------
2026-03-26 03:01:37,513 - INFO -  INFRA                   INSTANCE              vCPUs   Mem(GB)   GPUS          COST ($)   CHOSEN
2026-03-26 03:01:37,513 - INFO - ---------------------------------------------------------------------------------------------------
2026-03-26 03:01:37,513 - INFO -  AWS (ap-northeast-1a)   p4de.24xlarge[Spot]   96      1152      A100-80GB:8   19.34      [32m   ✔[0m
2026-03-26 03:01:37,513 - INFO - ---------------------------------------------------------------------------------------------------
2026-03-26 03:01:37,513 - INFO - sky.exceptions.ResourcesUnavailableError: [33mFound no quota for p4de.24xlarge spot instances in region ap-northeast-1 in AWS. [0mTo request quotas, check the instruction: https://docs.skypilot.co/en/latest/cloud-setup/quota.html.
2026-03-26 03:01:37,613 - INFO - 
2026-03-26 03:01:37,613 - INFO - [0m[33m↺[0m Trying other potential resources.
2026-03-26 03:01:37,613 - INFO - Considered resources (2 nodes):
2026-03-26 03:01:38,216 - INFO - -------------------------------------------------------------------------------------------------
2026-03-26 03:01:38,216 - INFO -  INFRA                 INSTANCE              vCPUs   Mem(GB)   GPUS          COST ($)   CHOSEN
2026-03-26 03:01:38,216 - INFO - -------------------------------------------------------------------------------------------------
2026-03-26 03:01:38,216 - INFO -  AWS (eu-central-1a)   p4de.24xlarge[Spot]   96      1152      A100-80GB:8   21.26      [32m   ✔[0m
2026-03-26 03:01:38,216 - INFO - -------------------------------------------------------------------------------------------------
2026-03-26 03:01:38,216 - INFO - sky.exceptions.ResourcesUnavailableError: [33mFound no quota for p4de.24xlarge spot instances in region eu-central-1 in AWS. [0mTo request quotas, check the instruction: https://docs.skypilot.co/en/latest/cloud-setup/quota.html.
2026-03-26 03:01:38,317 - INFO - 
2026-03-26 03:01:38,317 - INFO - [0m[33m↺[0m Trying other potential resources.
2026-03-26 03:01:38,317 - INFO - Considered resources (2 nodes):
2026-03-26 03:01:38,920 - INFO - -------------------------------------------------------------------------------------------------
2026-03-26 03:01:38,920 - INFO -  INFRA                 INSTANCE              vCPUs   Mem(GB)   GPUS          COST ($)   CHOSEN
2026-03-26 03:01:38,920 - INFO - -------------------------------------------------------------------------------------------------
2026-03-26 03:01:38,920 - INFO -  AWS (eu-central-1c)   p4de.24xlarge[Spot]   96      1152      A100-80GB:8   26.21      [32m   ✔[0m
2026-03-26 03:01:38,920 - INFO - -------------------------------------------------------------------------------------------------
2026-03-26 03:01:38,920 - INFO - sky.exceptions.ResourcesUnavailableError: [33mFound no quota for p4de.24xlarge spot instances in region eu-central-1 in AWS. [0mTo request quotas, check the instruction: https://docs.skypilot.co/en/latest/cloud-setup/quota.html.
2026-03-26 03:01:39,122 - INFO - 
2026-03-26 03:01:39,122 - INFO - [0m[33m↺[0m Trying other potential resources.
2026-03-26 03:01:39,122 - INFO - Considered resources (2 nodes):
2026-03-26 03:01:40,028 - INFO - ----------------------------------------------------------------------------------------------
2026-03-26 03:01:40,028 - INFO -  INFRA              INSTANCE              vCPUs   Mem(GB)   GPUS          COST ($)   CHOSEN
2026-03-26 03:01:40,028 - INFO - ----------------------------------------------------------------------------------------------
2026-03-26 03:01:40,028 - INFO -  AWS (us-west-2a)   p4de.24xlarge[Spot]   96      1152      A100-80GB:8   27.07      [32m   ✔[0m
2026-03-26 03:01:40,028 - INFO - ----------------------------------------------------------------------------------------------
2026-03-26 03:01:40,028 - INFO - [33mInstance type p4de.24xlarge supports up to 4 EFA interfaces, but `use_internal_ips` is not enabled.
2026-03-26 03:01:40,129 - INFO - Launching with the current configuration will use only 1 EFA interface.
2026-03-26 03:01:40,129 - INFO - To use all 4 EFA interfaces, enable internal IPs by adding one of the following configurations to SkyPilot config:
2026-03-26 03:01:40,129 - INFO - Option 1 (with SSM):
2026-03-26 03:01:40,129 - INFO -   aws:
2026-03-26 03:01:40,129 - INFO -     use_internal_ips: true
2026-03-26 03:01:40,129 - INFO -     use_ssm: true
2026-03-26 03:01:40,129 - INFO - Option 2 (with SSH proxy):
2026-03-26 03:01:40,129 - INFO -   aws:
2026-03-26 03:01:40,129 - INFO -     use_internal_ips: true
2026-03-26 03:01:40,129 - INFO -     ssh_proxy_command: ssh -W %h:%p -i <ssh key path> -o StrictHostKeyChecking=no <user>@<jump server public ip>
2026-03-26 03:01:40,129 - INFO - Refer to https://docs.skypilot.co/en/latest/reference/config.html#aws-use-internal-ips for more details.[0m
2026-03-26 03:01:40,129 - INFO - [0m⚙︎ Launching on AWS us-west-2[0m (us-west-2a).
2026-03-26 03:02:01,354 - INFO - [2mW 03-26 03:02:01.299 PID=2248878 instance.py:288] create_instances: Attempt failed with An error occurred (InsufficientInstanceCapacity) when calling the RunInstances operation (reached max retries: 0): We currently do not have sufficient p4de.24xlarge capacity in the Availability Zone you requested (us-west-2a). Our system will be working on provisioning additional capacity. You can currently get p4de.24xlarge capacity by not specifying an Availability Zone in your request or choosing us-west-2b, us-west-2c.[0m
2026-03-26 03:02:05,579 - INFO - AWS handler error: Failed to launch instances. Max attempts exceeded.
2026-03-26 03:02:05,680 - INFO - sky.exceptions.ResourcesUnavailableError: Failed to acquire resources in us-west-2a for {AWS(p4de.24xlarge[Spot], mem=64.0+, {'A100-80GB': 8}, network_tier=best, disk_size=1000)}.
2026-03-26 03:02:05,680 - INFO - 
2026-03-26 03:02:05,680 - INFO - [0m[33m↺[0m Trying other potential resources.
2026-03-26 03:02:05,680 - INFO - Considered resources (2 nodes):
2026-03-26 03:02:06,585 - INFO - ----------------------------------------------------------------------------------------------
2026-03-26 03:02:06,585 - INFO -  INFRA              INSTANCE              vCPUs   Mem(GB)   GPUS          COST ($)   CHOSEN
2026-03-26 03:02:06,585 - INFO - ----------------------------------------------------------------------------------------------
2026-03-26 03:02:06,585 - INFO -  AWS (us-west-2c)   p4de.24xlarge[Spot]   96      1152      A100-80GB:8   30.74      [32m   ✔[0m
2026-03-26 03:02:06,585 - INFO - ----------------------------------------------------------------------------------------------
2026-03-26 03:02:06,585 - INFO - [33mInstance type p4de.24xlarge supports up to 4 EFA interfaces, but `use_internal_ips` is not enabled.
2026-03-26 03:02:06,787 - INFO - Launching with the current configuration will use only 1 EFA interface.
2026-03-26 03:02:06,787 - INFO - To use all 4 EFA interfaces, enable internal IPs by adding one of the following configurations to SkyPilot config:
2026-03-26 03:02:06,787 - INFO - Option 1 (with SSM):
2026-03-26 03:02:06,787 - INFO -   aws:
2026-03-26 03:02:06,787 - INFO -     use_internal_ips: true
2026-03-26 03:02:06,787 - INFO -     use_ssm: true
2026-03-26 03:02:06,787 - INFO - Option 2 (with SSH proxy):
2026-03-26 03:02:06,787 - INFO -   aws:
2026-03-26 03:02:06,787 - INFO -     use_internal_ips: true
2026-03-26 03:02:06,787 - INFO -     ssh_proxy_command: ssh -W %h:%p -i <ssh key path> -o StrictHostKeyChecking=no <user>@<jump server public ip>
2026-03-26 03:02:06,787 - INFO - Refer to https://docs.skypilot.co/en/latest/reference/config.html#aws-use-internal-ips for more details.[0m
2026-03-26 03:02:06,787 - INFO - [0m⚙︎ Launching on AWS us-west-2[0m (us-west-2c).
2026-03-26 03:02:27,115 - INFO - [2mW 03-26 03:02:27.039 PID=2248878 instance.py:288] create_instances: Attempt failed with An error occurred (InsufficientInstanceCapacity) when calling the RunInstances operation (reached max retries: 0): We currently do not have sufficient p4de.24xlarge capacity in the Availability Zone you requested (us-west-2c). Our system will be working on provisioning additional capacity. You can currently get p4de.24xlarge capacity by not specifying an Availability Zone in your request or choosing us-west-2a, us-west-2b.[0m
2026-03-26 03:02:32,045 - INFO - AWS handler error: Failed to launch instances. Max attempts exceeded.
2026-03-26 03:02:32,247 - INFO - sky.exceptions.ResourcesUnavailableError: Failed to acquire resources in us-west-2c for {AWS(p4de.24xlarge[Spot], mem=64.0+, {'A100-80GB': 8}, network_tier=best, disk_size=1000)}.
2026-03-26 03:02:32,247 - INFO - 
2026-03-26 03:02:32,247 - INFO - [0m[33m↺[0m Trying other potential resources.
2026-03-26 03:02:32,247 - INFO - Considered resources (2 nodes):
2026-03-26 03:02:32,750 - INFO - ---------------------------------------------------------------------------------------------------
2026-03-26 03:02:32,750 - INFO -  INFRA                   INSTANCE              vCPUs   Mem(GB)   GPUS          COST ($)   CHOSEN
2026-03-26 03:02:32,750 - INFO - ---------------------------------------------------------------------------------------------------
2026-03-26 03:02:32,750 - INFO -  AWS (ap-northeast-1c)   p4de.24xlarge[Spot]   96      1152      A100-80GB:8   32.78      [32m   ✔[0m
2026-03-26 03:02:32,750 - INFO - ---------------------------------------------------------------------------------------------------
2026-03-26 03:02:32,750 - INFO - sky.exceptions.ResourcesUnavailableError: [33mFound no quota for p4de.24xlarge spot instances in region ap-northeast-1 in AWS. [0mTo request quotas, check the instruction: https://docs.skypilot.co/en/latest/cloud-setup/quota.html.
2026-03-26 03:02:32,952 - INFO - 
2026-03-26 03:02:32,952 - INFO - [0m[33m↺[0m Trying other potential resources.
2026-03-26 03:02:32,952 - INFO - Considered resources (2 nodes):
2026-03-26 03:02:34,259 - INFO - ----------------------------------------------------------------------------------------------
2026-03-26 03:02:34,259 - INFO -  INFRA              INSTANCE              vCPUs   Mem(GB)   GPUS          COST ($)   CHOSEN
2026-03-26 03:02:34,259 - INFO - ----------------------------------------------------------------------------------------------
2026-03-26 03:02:34,259 - INFO -  AWS (us-west-2b)   p4de.24xlarge[Spot]   96      1152      A100-80GB:8   34.02      [32m   ✔[0m
2026-03-26 03:02:34,259 - INFO - ----------------------------------------------------------------------------------------------
2026-03-26 03:02:34,259 - INFO - [33mInstance type p4de.24xlarge supports up to 4 EFA interfaces, but `use_internal_ips` is not enabled.
2026-03-26 03:02:34,359 - INFO - Launching with the current configuration will use only 1 EFA interface.
2026-03-26 03:02:34,359 - INFO - To use all 4 EFA interfaces, enable internal IPs by adding one of the following configurations to SkyPilot config:
2026-03-26 03:02:34,359 - INFO - Option 1 (with SSM):
2026-03-26 03:02:34,359 - INFO -   aws:
2026-03-26 03:02:34,359 - INFO -     use_internal_ips: true
2026-03-26 03:02:34,359 - INFO -     use_ssm: true
2026-03-26 03:02:34,359 - INFO - Option 2 (with SSH proxy):
2026-03-26 03:02:34,359 - INFO -   aws:
2026-03-26 03:02:34,359 - INFO -     use_internal_ips: true
2026-03-26 03:02:34,359 - INFO -     ssh_proxy_command: ssh -W %h:%p -i <ssh key path> -o StrictHostKeyChecking=no <user>@<jump server public ip>
2026-03-26 03:02:34,359 - INFO - Refer to https://docs.skypilot.co/en/latest/reference/config.html#aws-use-internal-ips for more details.[0m
2026-03-26 03:02:34,359 - INFO - [0m⚙︎ Launching on AWS us-west-2[0m (us-west-2b).
2026-03-26 03:02:54,275 - INFO - [2mW 03-26 03:02:54.190 PID=2248878 instance.py:288] create_instances: Attempt failed with An error occurred (InsufficientInstanceCapacity) when calling the RunInstances operation (reached max retries: 0): We currently do not have sufficient p4de.24xlarge capacity in the Availability Zone you requested (us-west-2b). Our system will be working on provisioning additional capacity. You can currently get p4de.24xlarge capacity by not specifying an Availability Zone in your request or choosing us-west-2a, us-west-2c.[0m
2026-03-26 03:02:58,504 - INFO - AWS handler error: Failed to launch instances. Max attempts exceeded.
2026-03-26 03:02:58,706 - INFO - sky.exceptions.ResourcesUnavailableError: Failed to acquire resources in us-west-2b for {AWS(p4de.24xlarge[Spot], mem=64.0+, {'A100-80GB': 8}, network_tier=best, disk_size=1000)}.
2026-03-26 03:02:58,706 - INFO - 
2026-03-26 03:02:58,706 - INFO - [0m[33m↺[0m Trying other potential resources.
2026-03-26 03:02:58,707 - INFO - Considered resources (2 nodes):
2026-03-26 03:02:59,512 - INFO - ----------------------------------------------------------------------------------------------
2026-03-26 03:02:59,512 - INFO -  INFRA              INSTANCE              vCPUs   Mem(GB)   GPUS          COST ($)   CHOSEN
2026-03-26 03:02:59,512 - INFO - ----------------------------------------------------------------------------------------------
2026-03-26 03:02:59,512 - INFO -  AWS (us-east-1a)   p4de.24xlarge[Spot]   96      1152      A100-80GB:8   38.20      [32m   ✔[0m
2026-03-26 03:02:59,512 - INFO - ----------------------------------------------------------------------------------------------
2026-03-26 03:02:59,512 - INFO - [33mInstance type p4de.24xlarge supports up to 4 EFA interfaces, but `use_internal_ips` is not enabled.
2026-03-26 03:02:59,713 - INFO - Launching with the current configuration will use only 1 EFA interface.
2026-03-26 03:02:59,713 - INFO - To use all 4 EFA interfaces, enable internal IPs by adding one of the following configurations to SkyPilot config:
2026-03-26 03:02:59,713 - INFO - Option 1 (with SSM):
2026-03-26 03:02:59,713 - INFO -   aws:
2026-03-26 03:02:59,713 - INFO -     use_internal_ips: true
2026-03-26 03:02:59,713 - INFO -     use_ssm: true
2026-03-26 03:02:59,713 - INFO - Option 2 (with SSH proxy):
2026-03-26 03:02:59,713 - INFO -   aws:
2026-03-26 03:02:59,713 - INFO -     use_internal_ips: true
2026-03-26 03:02:59,713 - INFO -     ssh_proxy_command: ssh -W %h:%p -i <ssh key path> -o StrictHostKeyChecking=no <user>@<jump server public ip>
2026-03-26 03:02:59,713 - INFO - Refer to https://docs.skypilot.co/en/latest/reference/config.html#aws-use-internal-ips for more details.[0m
2026-03-26 03:02:59,713 - INFO - [0m⚙︎ Launching on AWS us-east-1[0m (us-east-1a).
2026-03-26 03:03:20,526 - INFO - [2mW 03-26 03:03:20.516 PID=2248878 instance.py:288] create_instances: Attempt failed with An error occurred (MaxSpotInstanceCountExceeded) when calling the RunInstances operation: Max spot instance count exceeded[0m
2026-03-26 03:03:24,346 - INFO - AWS handler error: Failed to launch instances. Max attempts exceeded.
2026-03-26 03:03:24,548 - INFO - sky.exceptions.ResourcesUnavailableError: Failed to acquire resources in us-east-1a for {AWS(p4de.24xlarge[Spot], mem=64.0+, {'A100-80GB': 8}, network_tier=best, disk_size=1000)}.
2026-03-26 03:03:24,548 - INFO - 
2026-03-26 03:03:24,548 - INFO - [0m[33m↺[0m Trying other potential resources.
2026-03-26 03:03:24,548 - INFO - Considered resources (2 nodes):
2026-03-26 03:03:24,851 - INFO - ---------------------------------------------------------------------------------------------------
2026-03-26 03:03:24,851 - INFO -  INFRA                   INSTANCE              vCPUs   Mem(GB)   GPUS          COST ($)   CHOSEN
2026-03-26 03:03:24,851 - INFO - ---------------------------------------------------------------------------------------------------
2026-03-26 03:03:24,851 - INFO -  AWS (ap-southeast-1a)   p4de.24xlarge[Spot]   96      1152      A100-80GB:8   40.14      [32m   ✔[0m
2026-03-26 03:03:24,851 - INFO - ---------------------------------------------------------------------------------------------------
2026-03-26 03:03:24,851 - INFO - sky.exceptions.ResourcesUnavailableError: [33mFound no quota for p4de.24xlarge spot instances in region ap-southeast-1 in AWS. [0mTo request quotas, check the instruction: https://docs.skypilot.co/en/latest/cloud-setup/quota.html.
2026-03-26 03:03:25,051 - INFO - 
2026-03-26 03:03:25,051 - INFO - [0m[33m↺[0m Trying other potential resources.
2026-03-26 03:03:25,051 - INFO - Considered resources (2 nodes):
2026-03-26 03:03:25,856 - INFO - ----------------------------------------------------------------------------------------------
2026-03-26 03:03:25,856 - INFO -  INFRA              INSTANCE              vCPUs   Mem(GB)   GPUS          COST ($)   CHOSEN
2026-03-26 03:03:25,856 - INFO - ----------------------------------------------------------------------------------------------
2026-03-26 03:03:25,856 - INFO -  AWS (us-east-1d)   p4de.24xlarge[Spot]   96      1152      A100-80GB:8   54.89      [32m   ✔[0m
2026-03-26 03:03:25,856 - INFO - ----------------------------------------------------------------------------------------------
2026-03-26 03:03:25,856 - INFO - [33mInstance type p4de.24xlarge supports up to 4 EFA interfaces, but `use_internal_ips` is not enabled.
2026-03-26 03:03:25,957 - INFO - Launching with the current configuration will use only 1 EFA interface.
2026-03-26 03:03:25,957 - INFO - To use all 4 EFA interfaces, enable internal IPs by adding one of the following configurations to SkyPilot config:
2026-03-26 03:03:25,957 - INFO - Option 1 (with SSM):
2026-03-26 03:03:25,957 - INFO -   aws:
2026-03-26 03:03:25,957 - INFO -     use_internal_ips: true
2026-03-26 03:03:25,957 - INFO -     use_ssm: true
2026-03-26 03:03:25,957 - INFO - Option 2 (with SSH proxy):
2026-03-26 03:03:25,957 - INFO -   aws:
2026-03-26 03:03:25,957 - INFO -     use_internal_ips: true
2026-03-26 03:03:25,957 - INFO -     ssh_proxy_command: ssh -W %h:%p -i <ssh key path> -o StrictHostKeyChecking=no <user>@<jump server public ip>
2026-03-26 03:03:25,957 - INFO - Refer to https://docs.skypilot.co/en/latest/reference/config.html#aws-use-internal-ips for more details.[0m
2026-03-26 03:03:25,957 - INFO - [0m⚙︎ Launching on AWS us-east-1[0m (us-east-1d).
2026-03-26 03:03:45,257 - INFO - [2mW 03-26 03:03:45.162 PID=2248878 instance.py:288] create_instances: Attempt failed with An error occurred (InsufficientInstanceCapacity) when calling the RunInstances operation (reached max retries: 0): We currently do not have sufficient p4de.24xlarge capacity in the Availability Zone you requested (us-east-1d). Our system will be working on provisioning additional capacity. You can currently get p4de.24xlarge capacity by not specifying an Availability Zone in your request or choosing us-east-1a.[0m
2026-03-26 03:03:48,275 - INFO - AWS handler error: Failed to launch instances. Max attempts exceeded.
2026-03-26 03:03:48,377 - INFO - sky.exceptions.ResourcesUnavailableError: Failed to acquire resources in us-east-1d for {AWS(p4de.24xlarge[Spot], mem=64.0+, {'A100-80GB': 8}, network_tier=best, disk_size=1000)}.
2026-03-26 03:03:48,579 - INFO - 
2026-03-26 03:03:48,579 - INFO - [0m[33m↺[0m Trying other potential resources.
2026-03-26 03:03:48,579 - INFO - Considered resources (2 nodes):
2026-03-26 03:03:48,881 - INFO - ---------------------------------------------------------------------------------------------------
2026-03-26 03:03:48,881 - INFO -  INFRA                   INSTANCE              vCPUs   Mem(GB)   GPUS          COST ($)   CHOSEN
2026-03-26 03:03:48,881 - INFO - ---------------------------------------------------------------------------------------------------
2026-03-26 03:03:48,881 - INFO -  AWS (ap-southeast-1c)   p4de.24xlarge[Spot]   96      1152      A100-80GB:8   65.87      [32m   ✔[0m
2026-03-26 03:03:48,881 - INFO - ---------------------------------------------------------------------------------------------------
2026-03-26 03:03:48,881 - INFO - sky.exceptions.ResourcesUnavailableError: [33mFound no quota for p4de.24xlarge spot instances in region ap-southeast-1 in AWS. [0mTo request quotas, check the instruction: https://docs.skypilot.co/en/latest/cloud-setup/quota.html.
2026-03-26 03:03:49,787 - INFO - 
2026-03-26 03:03:49,787 - INFO - [0m[33m↺[0m Trying other potential resources.
2026-03-26 03:03:49,787 - INFO - 
2026-03-26 03:04:20,351 - INFO - [?25h[31mFailed to provision all possible launchable resources.[0m Relax the task's resource requirements: 2x AWS(p4de.24xlarge[Spot], mem=64.0+, {'A100-80GB': 8}, network_tier=best, disk_size=1000)
2026-03-26 03:04:20,351 - INFO - 
2026-03-26 03:04:20,351 - INFO - [0m[33m↺[0m Retry after 30s  [2mView logs: [1msky logs --provision rf-qwen3-235b-a22b-tp8pp2-A100-80gb[0m[0m[0m
2026-03-26 03:04:20,351 - INFO - [33mLaunching a spot job that does not automatically recover from preemptions. To get automatic recovery, use managed job instead: [0m[1msky jobs launch[0m [33mor[0m [1msky.jobs.launch()[0m.
2026-03-26 03:04:20,452 - INFO - Considered resources (2 nodes):
2026-03-26 03:04:21,056 - INFO - ---------------------------------------------------------------------------------------------------
2026-03-26 03:04:21,056 - INFO -  INFRA                   INSTANCE              vCPUs   Mem(GB)   GPUS          COST ($)   CHOSEN
2026-03-26 03:04:21,056 - INFO - ---------------------------------------------------------------------------------------------------
2026-03-26 03:04:21,056 - INFO -  AWS (ap-northeast-1a)   p4de.24xlarge[Spot]   96      1152      A100-80GB:8   24.02      [32m   ✔[0m
2026-03-26 03:04:21,056 - INFO - ---------------------------------------------------------------------------------------------------
2026-03-26 03:04:21,056 - INFO - sky.exceptions.ResourcesUnavailableError: [33mFound no quota for p4de.24xlarge spot instances in region ap-northeast-1 in AWS. [0mTo request quotas, check the instruction: https://docs.skypilot.co/en/latest/cloud-setup/quota.html.
2026-03-26 03:04:21,158 - INFO - 
2026-03-26 03:04:21,158 - INFO - [0m[33m↺[0m Trying other potential resources.
2026-03-26 03:04:21,158 - INFO - Considered resources (2 nodes):
2026-03-26 03:04:21,662 - INFO - ---------------------------------------------------------------------------------------------------
2026-03-26 03:04:21,662 - INFO -  INFRA                   INSTANCE              vCPUs   Mem(GB)   GPUS          COST ($)   CHOSEN
2026-03-26 03:04:21,662 - INFO - ---------------------------------------------------------------------------------------------------
2026-03-26 03:04:21,662 - INFO -  AWS (ap-northeast-1c)   p4de.24xlarge[Spot]   96      1152      A100-80GB:8   28.71      [32m   ✔[0m
2026-03-26 03:04:21,662 - INFO - ---------------------------------------------------------------------------------------------------
2026-03-26 03:04:21,662 - INFO - sky.exceptions.ResourcesUnavailableError: [33mFound no quota for p4de.24xlarge spot instances in region ap-northeast-1 in AWS. [0mTo request quotas, check the instruction: https://docs.skypilot.co/en/latest/cloud-setup/quota.html.
2026-03-26 03:04:21,762 - INFO - 
2026-03-26 03:04:21,762 - INFO - [0m[33m↺[0m Trying other potential resources.
2026-03-26 03:04:21,762 - INFO - Considered resources (2 nodes):
2026-03-26 03:04:22,365 - INFO - -------------------------------------------------------------------------------------------------
2026-03-26 03:04:22,365 - INFO -  INFRA                 INSTANCE              vCPUs   Mem(GB)   GPUS          COST ($)   CHOSEN
2026-03-26 03:04:22,365 - INFO - -------------------------------------------------------------------------------------------------
2026-03-26 03:04:22,365 - INFO -  AWS (eu-central-1c)   p4de.24xlarge[Spot]   96      1152      A100-80GB:8   29.85      [32m   ✔[0m
2026-03-26 03:04:22,365 - INFO - -------------------------------------------------------------------------------------------------
2026-03-26 03:04:22,365 - INFO - sky.exceptions.ResourcesUnavailableError: [33mFound no quota for p4de.24xlarge spot instances in region eu-central-1 in AWS. [0mTo request quotas, check the instruction: https://docs.skypilot.co/en/latest/cloud-setup/quota.html.
2026-03-26 03:04:22,566 - INFO - 
2026-03-26 03:04:22,566 - INFO - [0m[33m↺[0m Trying other potential resources.
2026-03-26 03:04:22,566 - INFO - Considered resources (2 nodes):
2026-03-26 03:04:23,471 - INFO - ----------------------------------------------------------------------------------------------
2026-03-26 03:04:23,471 - INFO -  INFRA              INSTANCE              vCPUs   Mem(GB)   GPUS          COST ($)   CHOSEN
2026-03-26 03:04:23,471 - INFO - ----------------------------------------------------------------------------------------------
2026-03-26 03:04:23,471 - INFO -  AWS (us-west-2c)   p4de.24xlarge[Spot]   96      1152      A100-80GB:8   32.16      [32m   ✔[0m
2026-03-26 03:04:23,471 - INFO - ----------------------------------------------------------------------------------------------
2026-03-26 03:04:23,471 - INFO - [33mInstance type p4de.24xlarge supports up to 4 EFA interfaces, but `use_internal_ips` is not enabled.
2026-03-26 03:04:23,572 - INFO - Launching with the current configuration will use only 1 EFA interface.
2026-03-26 03:04:23,572 - INFO - To use all 4 EFA interfaces, enable internal IPs by adding one of the following configurations to SkyPilot config:
2026-03-26 03:04:23,572 - INFO - Option 1 (with SSM):
2026-03-26 03:04:23,572 - INFO -   aws:
2026-03-26 03:04:23,572 - INFO -     use_internal_ips: true
2026-03-26 03:04:23,572 - INFO -     use_ssm: true
2026-03-26 03:04:23,572 - INFO - Option 2 (with SSH proxy):
2026-03-26 03:04:23,572 - INFO -   aws:
2026-03-26 03:04:23,572 - INFO -     use_internal_ips: true
2026-03-26 03:04:23,572 - INFO -     ssh_proxy_command: ssh -W %h:%p -i <ssh key path> -o StrictHostKeyChecking=no <user>@<jump server public ip>
2026-03-26 03:04:23,572 - INFO - Refer to https://docs.skypilot.co/en/latest/reference/config.html#aws-use-internal-ips for more details.[0m
2026-03-26 03:04:23,572 - INFO - [0m⚙︎ Launching on AWS us-west-2[0m (us-west-2c).
2026-03-26 03:04:44,778 - INFO - [2mW 03-26 03:04:44.725 PID=743527 instance.py:288] create_instances: Attempt failed with An error occurred (InsufficientInstanceCapacity) when calling the RunInstances operation (reached max retries: 0): We currently do not have sufficient p4de.24xlarge capacity in the Availability Zone you requested (us-west-2c). Our system will be working on provisioning additional capacity. You can currently get p4de.24xlarge capacity by not specifying an Availability Zone in your request or choosing us-west-2a, us-west-2b.[0m
2026-03-26 03:04:48,895 - INFO - AWS handler error: Failed to launch instances. Max attempts exceeded.
2026-03-26 03:04:49,096 - INFO - sky.exceptions.ResourcesUnavailableError: Failed to acquire resources in us-west-2c for {AWS(p4de.24xlarge[Spot], mem=64.0+, {'A100-80GB': 8}, network_tier=best, disk_size=1000)}.
2026-03-26 03:04:49,096 - INFO - 
2026-03-26 03:04:49,096 - INFO - [0m[33m↺[0m Trying other potential resources.
2026-03-26 03:04:49,096 - INFO - Considered resources (2 nodes):
2026-03-26 03:04:49,700 - INFO - -------------------------------------------------------------------------------------------------
2026-03-26 03:04:49,700 - INFO -  INFRA                 INSTANCE              vCPUs   Mem(GB)   GPUS          COST ($)   CHOSEN
2026-03-26 03:04:49,700 - INFO - -------------------------------------------------------------------------------------------------
2026-03-26 03:04:49,700 - INFO -  AWS (eu-central-1a)   p4de.24xlarge[Spot]   96      1152      A100-80GB:8   32.33      [32m   ✔[0m
2026-03-26 03:04:49,700 - INFO - -------------------------------------------------------------------------------------------------
2026-03-26 03:04:49,700 - INFO - sky.exceptions.ResourcesUnavailableError: [33mFound no quota for p4de.24xlarge spot instances in region eu-central-1 in AWS. [0mTo request quotas, check the instruction: https://docs.skypilot.co/en/latest/cloud-setup/quota.html.
2026-03-26 03:04:49,801 - INFO - 
2026-03-26 03:04:49,801 - INFO - [0m[33m↺[0m Trying other potential resources.
2026-03-26 03:04:49,801 - INFO - Considered resources (2 nodes):
2026-03-26 03:04:49,903 - INFO - ----------------------------------------------------------------------------------------------
2026-03-26 03:04:50,808 - INFO -  INFRA              INSTANCE              vCPUs   Mem(GB)   GPUS          COST ($)   CHOSEN
2026-03-26 03:04:50,809 - INFO - ----------------------------------------------------------------------------------------------
2026-03-26 03:04:50,809 - INFO -  AWS (us-west-2b)   p4de.24xlarge[Spot]   96      1152      A100-80GB:8   34.35      [32m   ✔[0m
2026-03-26 03:04:50,809 - INFO - ----------------------------------------------------------------------------------------------
2026-03-26 03:04:50,809 - INFO - [33mInstance type p4de.24xlarge supports up to 4 EFA interfaces, but `use_internal_ips` is not enabled.
2026-03-26 03:04:50,910 - INFO - Launching with the current configuration will use only 1 EFA interface.
2026-03-26 03:04:50,910 - INFO - To use all 4 EFA interfaces, enable internal IPs by adding one of the following configurations to SkyPilot config:
2026-03-26 03:04:50,910 - INFO - Option 1 (with SSM):
2026-03-26 03:04:50,910 - INFO -   aws:
2026-03-26 03:04:50,910 - INFO -     use_internal_ips: true
2026-03-26 03:04:50,910 - INFO -     use_ssm: true
2026-03-26 03:04:50,910 - INFO - Option 2 (with SSH proxy):
2026-03-26 03:04:50,910 - INFO -   aws:
2026-03-26 03:04:50,910 - INFO -     use_internal_ips: true
2026-03-26 03:04:50,910 - INFO -     ssh_proxy_command: ssh -W %h:%p -i <ssh key path> -o StrictHostKeyChecking=no <user>@<jump server public ip>
2026-03-26 03:04:50,910 - INFO - Refer to https://docs.skypilot.co/en/latest/reference/config.html#aws-use-internal-ips for more details.[0m
2026-03-26 03:04:50,910 - INFO - [0m⚙︎ Launching on AWS us-west-2[0m (us-west-2b).
2026-03-26 03:05:11,311 - INFO - [2mW 03-26 03:05:11.262 PID=743527 instance.py:288] create_instances: Attempt failed with An error occurred (InsufficientInstanceCapacity) when calling the RunInstances operation (reached max retries: 0): We currently do not have sufficient p4de.24xlarge capacity in the Availability Zone you requested (us-west-2b). Our system will be working on provisioning additional capacity. You can currently get p4de.24xlarge capacity by not specifying an Availability Zone in your request or choosing us-west-2a, us-west-2c.[0m
2026-03-26 03:05:15,331 - INFO - AWS handler error: Failed to launch instances. Max attempts exceeded.
2026-03-26 03:05:15,533 - INFO - sky.exceptions.ResourcesUnavailableError: Failed to acquire resources in us-west-2b for {AWS(p4de.24xlarge[Spot], mem=64.0+, {'A100-80GB': 8}, network_tier=best, disk_size=1000)}.
2026-03-26 03:05:15,533 - INFO - 
2026-03-26 03:05:15,533 - INFO - [0m[33m↺[0m Trying other potential resources.
2026-03-26 03:05:15,533 - INFO - Considered resources (2 nodes):
2026-03-26 03:05:16,336 - INFO - ----------------------------------------------------------------------------------------------
2026-03-26 03:05:16,336 - INFO -  INFRA              INSTANCE              vCPUs   Mem(GB)   GPUS          COST ($)   CHOSEN
2026-03-26 03:05:16,336 - INFO - ----------------------------------------------------------------------------------------------
2026-03-26 03:05:16,336 - INFO -  AWS (us-east-1a)   p4de.24xlarge[Spot]   96      1152      A100-80GB:8   36.92      [32m   ✔[0m
2026-03-26 03:05:16,336 - INFO - ----------------------------------------------------------------------------------------------
2026-03-26 03:05:16,336 - INFO - [33mInstance type p4de.24xlarge supports up to 4 EFA interfaces, but `use_internal_ips` is not enabled.
2026-03-26 03:05:56,355 - INFO - Launching with the current configuration will use only 1 EFA interface.
2026-03-26 03:05:56,355 - INFO - To use all 4 EFA interfaces, enable internal IPs by adding one of the following configurations to SkyPilot config:
2026-03-26 03:05:56,355 - INFO - Option 1 (with SSM):
2026-03-26 03:05:56,355 - INFO -   aws:
2026-03-26 03:05:56,355 - INFO -     use_internal_ips: true
2026-03-26 03:05:56,355 - INFO -     use_ssm: true
2026-03-26 03:05:56,355 - INFO - Option 2 (with SSH proxy):
2026-03-26 03:05:56,355 - INFO -   aws:
2026-03-26 03:05:56,355 - INFO -     use_internal_ips: true
2026-03-26 03:05:56,355 - INFO -     ssh_proxy_command: ssh -W %h:%p -i <ssh key path> -o StrictHostKeyChecking=no <user>@<jump server public ip>
2026-03-26 03:05:56,355 - INFO - Refer to https://docs.skypilot.co/en/latest/reference/config.html#aws-use-internal-ips for more details.[0m
2026-03-26 03:05:56,355 - INFO - [0m⚙︎ Launching on AWS us-east-1[0m (us-east-1a).
2026-03-26 03:05:56,355 - INFO - [33mInstance type p4de.24xlarge supports up to 4 EFA interfaces, but `use_internal_ips` is not enabled.
2026-03-26 03:07:02,543 - INFO - Launching with the current configuration will use only 1 EFA interface.
2026-03-26 03:07:02,543 - INFO - To use all 4 EFA interfaces, enable internal IPs by adding one of the following configurations to SkyPilot config:
2026-03-26 03:07:02,543 - INFO - Option 1 (with SSM):
2026-03-26 03:07:02,543 - INFO -   aws:
2026-03-26 03:07:02,543 - INFO -     use_internal_ips: true
2026-03-26 03:07:02,543 - INFO -     use_ssm: true
2026-03-26 03:07:02,543 - INFO - Option 2 (with SSH proxy):
2026-03-26 03:07:02,543 - INFO -   aws:
2026-03-26 03:07:02,543 - INFO -     use_internal_ips: true
2026-03-26 03:07:02,543 - INFO -     ssh_proxy_command: ssh -W %h:%p -i <ssh key path> -o StrictHostKeyChecking=no <user>@<jump server public ip>
2026-03-26 03:07:02,543 - INFO - Refer to https://docs.skypilot.co/en/latest/reference/config.html#aws-use-internal-ips for more details.[0m
2026-03-26 03:07:02,543 - INFO - [2m└── [0m[2mInstances are up.[0m
2026-03-26 03:07:50,961 - INFO - [0m[32m✓ Cluster launched: rf-qwen3-235b-a22b-tp8pp2-A100-80gb.[0m[0m  [2mView logs: [1msky logs --provision rf-qwen3-235b-a22b-tp8pp2-A100-80gb[0m[0m
2026-03-26 03:07:51,062 - INFO - [0m⚙︎ Syncing files.
2026-03-26 03:07:51,062 - INFO -   [33mThe size of workdir '/home/orange/Desktop/tandemn/tandemn-profiling/roofline/vllm' is 489 MB. Try to keep workdir small or use .skyignore to exclude large files, as large sizes will slow down rsync.[0m
2026-03-26 03:07:59,305 - INFO -   [2mSyncing workdir (to 2 nodes): /home/orange/Desktop/tandemn/tandemn-profiling/roofline/vllm -> ~/sky_workdir[0m
2026-03-26 03:07:59,305 - INFO - [0m[32m✓ Synced workdir.[0m[0m  [2mView logs: sky api logs -l sky-2026-03-26-03-04-19-970382/workdir_sync.log[0m
2026-03-26 03:08:03,926 - INFO - [0m[32m✓ Setup detached.[0m[0m
2026-03-26 03:08:08,446 - INFO - [0m⚙︎ Job submitted, ID: 1
2026-03-26 03:08:21,925 - INFO - [2m├── [0m[2mWaiting for task resources on 2 nodes.[0m
2026-03-26 03:08:22,229 - INFO - [2m└── [0mJob started. Streaming logs... [2m(Ctrl-C to exit log streaming; job will not be killed)[0m
2026-03-26 03:08:22,229 - INFO - [36m(setup pid=6499)[0m + GPU_TYPE=A100_80gb
2026-03-26 03:08:22,229 - INFO - [36m(setup pid=6499)[0m + IS_A100=true
2026-03-26 03:08:22,229 - INFO - [36m(setup pid=6499)[0m + echo 'GPU Type: A100_80gb, Is A100: true'
2026-03-26 03:08:22,229 - INFO - [36m(setup pid=6499)[0m GPU Type: A100_80gb, Is A100: true
2026-03-26 03:08:22,229 - INFO - [36m(setup pid=6499)[0m + echo '=== Initial System Diagnostics ==='
2026-03-26 03:08:22,229 - INFO - [36m(setup pid=6499)[0m === Initial System Diagnostics ===
2026-03-26 03:08:22,229 - INFO - [36m(setup pid=6499)[0m + echo 'Checking for NVIDIA driver...'
2026-03-26 03:08:22,229 - INFO - [36m(setup pid=6499)[0m Checking for NVIDIA driver...
2026-03-26 03:08:22,229 - INFO - [36m(setup pid=6499)[0m + nvidia-smi
2026-03-26 03:08:22,229 - INFO - [36m(setup pid=6499)[0m Wed Mar 25 21:38:13 2026
2026-03-26 03:08:22,229 - INFO - [36m(setup pid=6499)[0m +-----------------------------------------------------------------------------------------+
2026-03-26 03:08:22,229 - INFO - [36m(setup pid=6499)[0m | NVIDIA-SMI 570.172.08             Driver Version: 570.172.08     CUDA Version: 12.8     |
2026-03-26 03:08:22,229 - INFO - [36m(setup pid=6499)[0m |-----------------------------------------+------------------------+----------------------+
2026-03-26 03:08:22,229 - INFO - [36m(setup pid=6499)[0m | GPU  Name                 Persistence-M | Bus-Id          Disp.A | Volatile Uncorr. ECC |
2026-03-26 03:08:22,229 - INFO - [36m(setup pid=6499)[0m | Fan  Temp   Perf          Pwr:Usage/Cap |           Memory-Usage | GPU-Util  Compute M. |
2026-03-26 03:08:22,229 - INFO - [36m(setup pid=6499)[0m |                                         |                        |               MIG M. |
2026-03-26 03:08:22,229 - INFO - [36m(setup pid=6499)[0m |=========================================+========================+======================|
2026-03-26 03:08:22,229 - INFO - [36m(setup pid=6499)[0m |   0  NVIDIA A100-SXM4-80GB          On  |   00000000:10:1C.0 Off |                    0 |
2026-03-26 03:08:22,229 - INFO - [36m(setup pid=6499)[0m | N/A   26C    P0             62W /  400W |       0MiB /  81920MiB |      0%      Default |
2026-03-26 03:08:22,229 - INFO - [36m(setup pid=6499)[0m |                                         |                        |             Disabled |
2026-03-26 03:08:22,229 - INFO - [36m(setup pid=6499)[0m +-----------------------------------------+------------------------+----------------------+
2026-03-26 03:08:22,229 - INFO - [36m(setup pid=6499)[0m |   1  NVIDIA A100-SXM4-80GB          On  |   00000000:10:1D.0 Off |                    0 |
2026-03-26 03:08:22,229 - INFO - [36m(setup pid=6499)[0m | N/A   25C    P0             61W /  400W |       0MiB /  81920MiB |      0%      Default |
2026-03-26 03:08:22,229 - INFO - [36m(setup pid=6499)[0m |                                         |                        |             Disabled |
2026-03-26 03:08:22,229 - INFO - [36m(setup pid=6499)[0m +-----------------------------------------+------------------------+----------------------+
2026-03-26 03:08:22,229 - INFO - [36m(setup pid=6499)[0m |   2  NVIDIA A100-SXM4-80GB          On  |   00000000:20:1C.0 Off |                    0 |
2026-03-26 03:08:22,229 - INFO - [36m(setup pid=6499)[0m | N/A   26C    P0             61W /  400W |       0MiB /  81920MiB |      0%      Default |
2026-03-26 03:08:22,229 - INFO - [36m(setup pid=6499)[0m |                                         |                        |             Disabled |
2026-03-26 03:08:22,229 - INFO - [36m(setup pid=6499)[0m +-----------------------------------------+------------------------+----------------------+
2026-03-26 03:08:22,229 - INFO - [36m(setup pid=6499)[0m |   3  NVIDIA A100-SXM4-80GB          On  |   00000000:20:1D.0 Off |                    0 |
2026-03-26 03:08:22,229 - INFO - [36m(setup pid=6499)[0m | N/A   24C    P0             60W /  400W |       0MiB /  81920MiB |      0%      Default |
2026-03-26 03:08:22,229 - INFO - [36m(setup pid=6499)[0m |                                         |                        |             Disabled |
2026-03-26 03:08:22,229 - INFO - [36m(setup pid=6499)[0m +-----------------------------------------+------------------------+----------------------+
2026-03-26 03:08:22,229 - INFO - [36m(setup pid=6499)[0m |   4  NVIDIA A100-SXM4-80GB          On  |   00000000:90:1C.0 Off |                    0 |
2026-03-26 03:08:22,229 - INFO - [36m(setup pid=6499)[0m | N/A   25C    P0             63W /  400W |       0MiB /  81920MiB |      0%      Default |
2026-03-26 03:08:22,229 - INFO - [36m(setup pid=6499)[0m |                                         |                        |             Disabled |
2026-03-26 03:08:22,229 - INFO - [36m(setup pid=6499)[0m +-----------------------------------------+------------------------+----------------------+
2026-03-26 03:08:22,229 - INFO - [36m(setup pid=6499)[0m |   5  NVIDIA A100-SXM4-80GB          On  |   00000000:90:1D.0 Off |                    0 |
2026-03-26 03:08:22,229 - INFO - [36m(setup pid=6499)[0m | N/A   24C    P0             61W /  400W |       0MiB /  81920MiB |      0%      Default |
2026-03-26 03:08:22,229 - INFO - [36m(setup pid=6499)[0m |                                         |                        |             Disabled |
2026-03-26 03:08:22,229 - INFO - [36m(setup pid=6499)[0m +-----------------------------------------+------------------------+----------------------+
2026-03-26 03:08:22,229 - INFO - [36m(setup pid=6499)[0m |   6  NVIDIA A100-SXM4-80GB          On  |   00000000:A0:1C.0 Off |                    0 |
2026-03-26 03:08:22,229 - INFO - [36m(setup pid=6499)[0m | N/A   25C    P0             61W /  400W |       0MiB /  81920MiB |      0%      Default |
2026-03-26 03:08:22,229 - INFO - [36m(setup pid=6499)[0m |                                         |                        |             Disabled |
2026-03-26 03:08:22,229 - INFO - [36m(setup pid=6499)[0m +-----------------------------------------+------------------------+----------------------+
2026-03-26 03:08:22,229 - INFO - [36m(setup pid=6499)[0m |   7  NVIDIA A100-SXM4-80GB          On  |   00000000:A0:1D.0 Off |                    0 |
2026-03-26 03:08:22,229 - INFO - [36m(setup pid=6499)[0m | N/A   25C    P0             59W /  400W |       0MiB /  81920MiB |      0%      Default |
2026-03-26 03:08:22,229 - INFO - [36m(setup pid=6499)[0m |                                         |                        |             Disabled |
2026-03-26 03:08:22,229 - INFO - [36m(setup pid=6499)[0m +-----------------------------------------+------------------------+----------------------+
2026-03-26 03:08:22,229 - INFO - [36m(setup pid=6499)[0m
2026-03-26 03:08:22,229 - INFO - [36m(setup pid=6499)[0m +-----------------------------------------------------------------------------------------+
2026-03-26 03:08:22,229 - INFO - [36m(setup pid=6499)[0m | Processes:                                                                              |
2026-03-26 03:08:22,229 - INFO - [36m(setup pid=6499)[0m |  GPU   GI   CI              PID   Type   Process name                        GPU Memory |
2026-03-26 03:08:22,229 - INFO - [36m(setup pid=6499)[0m |        ID   ID                                                               Usage      |
2026-03-26 03:08:22,229 - INFO - [36m(setup pid=6499)[0m |=========================================================================================|
2026-03-26 03:08:22,229 - INFO - [36m(setup pid=6499)[0m |  No running processes found                                                             |
2026-03-26 03:08:22,229 - INFO - [36m(setup pid=6499)[0m +-----------------------------------------------------------------------------------------+
2026-03-26 03:08:22,229 - INFO - [36m(setup pid=6254, ip=172.31.36.213)[0m + GPU_TYPE=A100_80gb
2026-03-26 03:08:22,229 - INFO - [36m(setup pid=6254, ip=172.31.36.213)[0m + IS_A100=true
2026-03-26 03:08:22,229 - INFO - [36m(setup pid=6254, ip=172.31.36.213)[0m + echo 'GPU Type: A100_80gb, Is A100: true'
2026-03-26 03:08:22,229 - INFO - [36m(setup pid=6254, ip=172.31.36.213)[0m GPU Type: A100_80gb, Is A100: true
2026-03-26 03:08:22,229 - INFO - [36m(setup pid=6254, ip=172.31.36.213)[0m + echo '=== Initial System Diagnostics ==='
2026-03-26 03:08:22,229 - INFO - [36m(setup pid=6254, ip=172.31.36.213)[0m === Initial System Diagnostics ===
2026-03-26 03:08:22,229 - INFO - [36m(setup pid=6254, ip=172.31.36.213)[0m + echo 'Checking for NVIDIA driver...'
2026-03-26 03:08:22,229 - INFO - [36m(setup pid=6254, ip=172.31.36.213)[0m Checking for NVIDIA driver...
2026-03-26 03:08:22,229 - INFO - [36m(setup pid=6254, ip=172.31.36.213)[0m + nvidia-smi
2026-03-26 03:08:22,229 - INFO - [36m(setup pid=6254, ip=172.31.36.213)[0m Wed Mar 25 21:38:13 2026
2026-03-26 03:08:22,229 - INFO - [36m(setup pid=6254, ip=172.31.36.213)[0m +-----------------------------------------------------------------------------------------+
2026-03-26 03:08:22,229 - INFO - [36m(setup pid=6254, ip=172.31.36.213)[0m | NVIDIA-SMI 570.172.08             Driver Version: 570.172.08     CUDA Version: 12.8     |
2026-03-26 03:08:22,229 - INFO - [36m(setup pid=6254, ip=172.31.36.213)[0m |-----------------------------------------+------------------------+----------------------+
2026-03-26 03:08:22,229 - INFO - [36m(setup pid=6254, ip=172.31.36.213)[0m | GPU  Name                 Persistence-M | Bus-Id          Disp.A | Volatile Uncorr. ECC |
2026-03-26 03:08:22,229 - INFO - [36m(setup pid=6254, ip=172.31.36.213)[0m | Fan  Temp   Perf          Pwr:Usage/Cap |           Memory-Usage | GPU-Util  Compute M. |
2026-03-26 03:08:22,229 - INFO - [36m(setup pid=6254, ip=172.31.36.213)[0m |                                         |                        |               MIG M. |
2026-03-26 03:08:22,229 - INFO - [36m(setup pid=6254, ip=172.31.36.213)[0m |=========================================+========================+======================|
2026-03-26 03:08:22,229 - INFO - [36m(setup pid=6254, ip=172.31.36.213)[0m |   0  NVIDIA A100-SXM4-80GB          On  |   00000000:10:1C.0 Off |                    0 |
2026-03-26 03:08:22,229 - INFO - [36m(setup pid=6254, ip=172.31.36.213)[0m | N/A   25C    P0             59W /  400W |       0MiB /  81920MiB |      0%      Default |
2026-03-26 03:08:22,229 - INFO - [36m(setup pid=6254, ip=172.31.36.213)[0m |                                         |                        |             Disabled |
2026-03-26 03:08:22,229 - INFO - [36m(setup pid=6254, ip=172.31.36.213)[0m +-----------------------------------------+------------------------+----------------------+
2026-03-26 03:08:22,229 - INFO - [36m(setup pid=6254, ip=172.31.36.213)[0m |   1  NVIDIA A100-SXM4-80GB          On  |   00000000:10:1D.0 Off |                    0 |
2026-03-26 03:08:22,229 - INFO - [36m(setup pid=6254, ip=172.31.36.213)[0m | N/A   24C    P0             62W /  400W |       0MiB /  81920MiB |      0%      Default |
2026-03-26 03:08:22,230 - INFO - [36m(setup pid=6254, ip=172.31.36.213)[0m |                                         |                        |             Disabled |
2026-03-26 03:08:22,230 - INFO - [36m(setup pid=6254, ip=172.31.36.213)[0m +-----------------------------------------+------------------------+----------------------+
2026-03-26 03:08:22,230 - INFO - [36m(setup pid=6254, ip=172.31.36.213)[0m |   2  NVIDIA A100-SXM4-80GB          On  |   00000000:20:1C.0 Off |                    0 |
2026-03-26 03:08:22,230 - INFO - [36m(setup pid=6254, ip=172.31.36.213)[0m | N/A   24C    P0             58W /  400W |       0MiB /  81920MiB |      0%      Default |
2026-03-26 03:08:22,230 - INFO - [36m(setup pid=6254, ip=172.31.36.213)[0m |                                         |                        |             Disabled |
2026-03-26 03:08:22,230 - INFO - [36m(setup pid=6254, ip=172.31.36.213)[0m +-----------------------------------------+------------------------+----------------------+
2026-03-26 03:08:22,230 - INFO - [36m(setup pid=6254, ip=172.31.36.213)[0m |   3  NVIDIA A100-SXM4-80GB          On  |   00000000:20:1D.0 Off |                    0 |
2026-03-26 03:08:22,230 - INFO - [36m(setup pid=6254, ip=172.31.36.213)[0m | N/A   23C    P0             59W /  400W |       0MiB /  81920MiB |      0%      Default |
2026-03-26 03:08:22,230 - INFO - [36m(setup pid=6254, ip=172.31.36.213)[0m |                                         |                        |             Disabled |
2026-03-26 03:08:22,230 - INFO - [36m(setup pid=6254, ip=172.31.36.213)[0m +-----------------------------------------+------------------------+----------------------+
2026-03-26 03:08:22,230 - INFO - [36m(setup pid=6254, ip=172.31.36.213)[0m |   4  NVIDIA A100-SXM4-80GB          On  |   00000000:90:1C.0 Off |                    0 |
2026-03-26 03:08:22,230 - INFO - [36m(setup pid=6254, ip=172.31.36.213)[0m | N/A   25C    P0             61W /  400W |       0MiB /  81920MiB |      0%      Default |
2026-03-26 03:08:22,230 - INFO - [36m(setup pid=6254, ip=172.31.36.213)[0m |                                         |                        |             Disabled |
2026-03-26 03:08:22,230 - INFO - [36m(setup pid=6254, ip=172.31.36.213)[0m +-----------------------------------------+------------------------+----------------------+
2026-03-26 03:08:22,230 - INFO - [36m(setup pid=6254, ip=172.31.36.213)[0m |   5  NVIDIA A100-SXM4-80GB          On  |   00000000:90:1D.0 Off |                    0 |
2026-03-26 03:08:22,230 - INFO - [36m(setup pid=6254, ip=172.31.36.213)[0m | N/A   22C    P0             62W /  400W |       0MiB /  81920MiB |      0%      Default |
2026-03-26 03:08:22,230 - INFO - [36m(setup pid=6254, ip=172.31.36.213)[0m |                                         |                        |             Disabled |
2026-03-26 03:08:22,230 - INFO - [36m(setup pid=6254, ip=172.31.36.213)[0m +-----------------------------------------+------------------------+----------------------+
2026-03-26 03:08:22,230 - INFO - [36m(setup pid=6254, ip=172.31.36.213)[0m |   6  NVIDIA A100-SXM4-80GB          On  |   00000000:A0:1C.0 Off |                    0 |
2026-03-26 03:08:22,230 - INFO - [36m(setup pid=6254, ip=172.31.36.213)[0m | N/A   25C    P0             62W /  400W |       0MiB /  81920MiB |      0%      Default |
2026-03-26 03:08:22,230 - INFO - [36m(setup pid=6254, ip=172.31.36.213)[0m |                                         |                        |             Disabled |
2026-03-26 03:08:22,230 - INFO - [36m(setup pid=6254, ip=172.31.36.213)[0m +-----------------------------------------+------------------------+----------------------+
2026-03-26 03:08:22,230 - INFO - [36m(setup pid=6254, ip=172.31.36.213)[0m |   7  NVIDIA A100-SXM4-80GB          On  |   00000000:A0:1D.0 Off |                    0 |
2026-03-26 03:08:22,230 - INFO - [36m(setup pid=6254, ip=172.31.36.213)[0m | N/A   24C    P0             60W /  400W |       0MiB /  81920MiB |      0%      Default |
2026-03-26 03:08:22,230 - INFO - [36m(setup pid=6254, ip=172.31.36.213)[0m |                                         |                        |             Disabled |
2026-03-26 03:08:22,230 - INFO - [36m(setup pid=6254, ip=172.31.36.213)[0m +-----------------------------------------+------------------------+----------------------+
2026-03-26 03:08:22,230 - INFO - [36m(setup pid=6254, ip=172.31.36.213)[0m
2026-03-26 03:08:22,230 - INFO - [36m(setup pid=6254, ip=172.31.36.213)[0m +-----------------------------------------------------------------------------------------+
2026-03-26 03:08:22,230 - INFO - [36m(setup pid=6254, ip=172.31.36.213)[0m | Processes:                                                                              |
2026-03-26 03:08:22,230 - INFO - [36m(setup pid=6254, ip=172.31.36.213)[0m |  GPU   GI   CI              PID   Type   Process name                        GPU Memory |
2026-03-26 03:08:22,230 - INFO - [36m(setup pid=6254, ip=172.31.36.213)[0m |        ID   ID                                                               Usage      |
2026-03-26 03:08:22,230 - INFO - [36m(setup pid=6254, ip=172.31.36.213)[0m |=========================================================================================|
2026-03-26 03:08:22,230 - INFO - [36m(setup pid=6254, ip=172.31.36.213)[0m |  No running processes found                                                             |
2026-03-26 03:08:22,230 - INFO - [36m(setup pid=6254, ip=172.31.36.213)[0m +-----------------------------------------------------------------------------------------+
2026-03-26 03:08:22,230 - INFO - [36m(setup pid=6499)[0m + echo 'Checking CUDA libraries...'
2026-03-26 03:08:22,230 - INFO - [36m(setup pid=6499)[0m Checking CUDA libraries...
2026-03-26 03:08:22,230 - INFO - [36m(setup pid=6499)[0m + ldconfig -p
2026-03-26 03:08:22,230 - INFO - [36m(setup pid=6499)[0m + grep --color=auto cuda
2026-03-26 03:08:22,230 - INFO - [36m(setup pid=6499)[0m 	libnvrtc.so.12 (libc6,x86-64) => /usr/local/cuda-12.4/targets/x86_64-linux/lib/libnvrtc.so.12
2026-03-26 03:08:22,230 - INFO - [36m(setup pid=6499)[0m 	libnvrtc.so.12 (libc6,x86-64) => /usr/local/cuda-12.5/targets/x86_64-linux/lib/libnvrtc.so.12
2026-03-26 03:08:22,230 - INFO - [36m(setup pid=6499)[0m 	libnvrtc.so.12 (libc6,x86-64) => /usr/local/cuda-12.6/targets/x86_64-linux/lib/libnvrtc.so.12
2026-03-26 03:08:22,230 - INFO - [36m(setup pid=6499)[0m 	libnvrtc.so.12 (libc6,x86-64) => /usr/local/cuda-12.8/targets/x86_64-linux/lib/libnvrtc.so.12
2026-03-26 03:08:22,230 - INFO - [36m(setup pid=6499)[0m 	libnvrtc.so (libc6,x86-64) => /usr/local/cuda-12.4/targets/x86_64-linux/lib/libnvrtc.so
2026-03-26 03:08:22,230 - INFO - [36m(setup pid=6499)[0m 	libnvrtc.so (libc6,x86-64) => /usr/local/cuda-12.5/targets/x86_64-linux/lib/libnvrtc.so
2026-03-26 03:08:22,230 - INFO - [36m(setup pid=6499)[0m 	libnvrtc.so (libc6,x86-64) => /usr/local/cuda-12.6/targets/x86_64-linux/lib/libnvrtc.so
2026-03-26 03:08:22,230 - INFO - [36m(setup pid=6499)[0m 	libnvrtc.so (libc6,x86-64) => /usr/local/cuda-12.8/targets/x86_64-linux/lib/libnvrtc.so
2026-03-26 03:08:22,230 - INFO - [36m(setup pid=6499)[0m 	libnvrtc.alt.so.12 (libc6,x86-64) => /usr/local/cuda-12.8/targets/x86_64-linux/lib/libnvrtc.alt.so.12
2026-03-26 03:08:22,230 - INFO - [36m(setup pid=6499)[0m 	libnvrtc.alt.so (libc6,x86-64) => /usr/local/cuda-12.8/targets/x86_64-linux/lib/libnvrtc.alt.so
2026-03-26 03:08:22,230 - INFO - [36m(setup pid=6499)[0m 	libnvrtc-builtins.so.12.8 (libc6,x86-64) => /usr/local/cuda-12.8/targets/x86_64-linux/lib/libnvrtc-builtins.so.12.8
2026-03-26 03:08:22,230 - INFO - [36m(setup pid=6499)[0m 	libnvrtc-builtins.so.12.6 (libc6,x86-64) => /usr/local/cuda-12.6/targets/x86_64-linux/lib/libnvrtc-builtins.so.12.6
2026-03-26 03:08:22,230 - INFO - [36m(setup pid=6499)[0m 	libnvrtc-builtins.so.12.5 (libc6,x86-64) => /usr/local/cuda-12.5/targets/x86_64-linux/lib/libnvrtc-builtins.so.12.5
2026-03-26 03:08:22,230 - INFO - [36m(setup pid=6499)[0m 	libnvrtc-builtins.so.12.4 (libc6,x86-64) => /usr/local/cuda-12.4/targets/x86_64-linux/lib/libnvrtc-builtins.so.12.4
2026-03-26 03:08:22,230 - INFO - [36m(setup pid=6499)[0m 	libnvrtc-builtins.so (libc6,x86-64) => /usr/local/cuda-12.4/targets/x86_64-linux/lib/libnvrtc-builtins.so
2026-03-26 03:08:22,230 - INFO - [36m(setup pid=6499)[0m 	libnvrtc-builtins.so (libc6,x86-64) => /usr/local/cuda-12.5/targets/x86_64-linux/lib/libnvrtc-builtins.so
2026-03-26 03:08:22,230 - INFO - [36m(setup pid=6499)[0m 	libnvrtc-builtins.so (libc6,x86-64) => /usr/local/cuda-12.6/targets/x86_64-linux/lib/libnvrtc-builtins.so
2026-03-26 03:08:22,230 - INFO - [36m(setup pid=6499)[0m 	libnvrtc-builtins.so (libc6,x86-64) => /usr/local/cuda-12.8/targets/x86_64-linux/lib/libnvrtc-builtins.so
2026-03-26 03:08:22,230 - INFO - [36m(setup pid=6499)[0m 	libnvrtc-builtins.alt.so.12.8 (libc6,x86-64) => /usr/local/cuda-12.8/targets/x86_64-linux/lib/libnvrtc-builtins.alt.so.12.8
2026-03-26 03:08:22,230 - INFO - [36m(setup pid=6499)[0m 	libnvrtc-builtins.alt.so (libc6,x86-64) => /usr/local/cuda-12.8/targets/x86_64-linux/lib/libnvrtc-builtins.alt.so
2026-03-26 03:08:22,230 - INFO - [36m(setup pid=6499)[0m 	libnvjpeg.so.12 (libc6,x86-64) => /usr/local/cuda-12.4/targets/x86_64-linux/lib/libnvjpeg.so.12
2026-03-26 03:08:22,230 - INFO - [36m(setup pid=6499)[0m 	libnvjpeg.so.12 (libc6,x86-64) => /usr/local/cuda-12.5/targets/x86_64-linux/lib/libnvjpeg.so.12
2026-03-26 03:08:22,230 - INFO - [36m(setup pid=6499)[0m 	libnvjpeg.so.12 (libc6,x86-64) => /usr/local/cuda-12.6/targets/x86_64-linux/lib/libnvjpeg.so.12
2026-03-26 03:08:22,230 - INFO - [36m(setup pid=6499)[0m 	libnvjpeg.so.12 (libc6,x86-64) => /usr/local/cuda-12.8/targets/x86_64-linux/lib/libnvjpeg.so.12
2026-03-26 03:08:22,230 - INFO - [36m(setup pid=6499)[0m 	libnvjpeg.so (libc6,x86-64) => /usr/local/cuda-12.4/targets/x86_64-linux/lib/libnvjpeg.so
2026-03-26 03:08:22,230 - INFO - [36m(setup pid=6499)[0m 	libnvjpeg.so (libc6,x86-64) => /usr/local/cuda-12.5/targets/x86_64-linux/lib/libnvjpeg.so
2026-03-26 03:08:22,230 - INFO - [36m(setup pid=6499)[0m 	libnvjpeg.so (libc6,x86-64) => /usr/local/cuda-12.6/targets/x86_64-linux/lib/libnvjpeg.so
2026-03-26 03:08:22,230 - INFO - [36m(setup pid=6499)[0m 	libnvjpeg.so (libc6,x86-64) => /usr/local/cuda-12.8/targets/x86_64-linux/lib/libnvjpeg.so
2026-03-26 03:08:22,230 - INFO - [36m(setup pid=6499)[0m 	libnvfatbin.so.12 (libc6,x86-64) => /usr/local/cuda-12.4/targets/x86_64-linux/lib/libnvfatbin.so.12
2026-03-26 03:08:22,230 - INFO - [36m(setup pid=6499)[0m 	libnvfatbin.so.12 (libc6,x86-64) => /usr/local/cuda-12.5/targets/x86_64-linux/lib/libnvfatbin.so.12
2026-03-26 03:08:22,230 - INFO - [36m(setup pid=6499)[0m 	libnvfatbin.so.12 (libc6,x86-64) => /usr/local/cuda-12.6/targets/x86_64-linux/lib/libnvfatbin.so.12
2026-03-26 03:08:22,230 - INFO - [36m(setup pid=6499)[0m 	libnvfatbin.so.12 (libc6,x86-64) => /usr/local/cuda-12.8/targets/x86_64-linux/lib/libnvfatbin.so.12
2026-03-26 03:08:22,230 - INFO - [36m(setup pid=6499)[0m 	libnvfatbin.so (libc6,x86-64) => /usr/local/cuda-12.4/targets/x86_64-linux/lib/libnvfatbin.so
2026-03-26 03:08:22,230 - INFO - [36m(setup pid=6499)[0m 	libnvfatbin.so (libc6,x86-64) => /usr/local/cuda-12.5/targets/x86_64-linux/lib/libnvfatbin.so
2026-03-26 03:08:22,230 - INFO - [36m(setup pid=6499)[0m 	libnvfatbin.so (libc6,x86-64) => /usr/local/cuda-12.6/targets/x86_64-linux/lib/libnvfatbin.so
2026-03-26 03:08:22,230 - INFO - [36m(setup pid=6499)[0m 	libnvfatbin.so (libc6,x86-64) => /usr/local/cuda-12.8/targets/x86_64-linux/lib/libnvfatbin.so
2026-03-26 03:08:22,230 - INFO - [36m(setup pid=6499)[0m 	libnvblas.so.12 (libc6,x86-64) => /usr/local/cuda-12.4/targets/x86_64-linux/lib/libnvblas.so.12
2026-03-26 03:08:22,230 - INFO - [36m(setup pid=6499)[0m 	libnvblas.so.12 (libc6,x86-64) => /usr/local/cuda-12.5/targets/x86_64-linux/lib/libnvblas.so.12
2026-03-26 03:08:22,230 - INFO - [36m(setup pid=6499)[0m 	libnvblas.so.12 (libc6,x86-64) => /usr/local/cuda-12.6/targets/x86_64-linux/lib/libnvblas.so.12
2026-03-26 03:08:22,230 - INFO - [36m(setup pid=6499)[0m 	libnvblas.so.12 (libc6,x86-64) => /usr/local/cuda-12.8/targets/x86_64-linux/lib/libnvblas.so.12
2026-03-26 03:08:22,230 - INFO - [36m(setup pid=6499)[0m 	libnvblas.so (libc6,x86-64) => /usr/local/cuda-12.4/targets/x86_64-linux/lib/libnvblas.so
2026-03-26 03:08:22,230 - INFO - [36m(setup pid=6499)[0m 	libnvblas.so (libc6,x86-64) => /usr/local/cuda-12.5/targets/x86_64-linux/lib/libnvblas.so
2026-03-26 03:08:22,230 - INFO - [36m(setup pid=6499)[0m 	libnvblas.so (libc6,x86-64) => /usr/local/cuda-12.6/targets/x86_64-linux/lib/libnvblas.so
2026-03-26 03:08:22,230 - INFO - [36m(setup pid=6499)[0m 	libnvblas.so (libc6,x86-64) => /usr/local/cuda-12.8/targets/x86_64-linux/lib/libnvblas.so
2026-03-26 03:08:22,230 - INFO - [36m(setup pid=6499)[0m 	libnvToolsExt.so.1 (libc6,x86-64) => /usr/local/cuda-12.4/targets/x86_64-linux/lib/libnvToolsExt.so.1
2026-03-26 03:08:22,230 - INFO - [36m(setup pid=6499)[0m 	libnvToolsExt.so.1 (libc6,x86-64) => /usr/local/cuda-12.5/targets/x86_64-linux/lib/libnvToolsExt.so.1
2026-03-26 03:08:22,230 - INFO - [36m(setup pid=6499)[0m 	libnvToolsExt.so.1 (libc6,x86-64) => /usr/local/cuda-12.6/targets/x86_64-linux/lib/libnvToolsExt.so.1
2026-03-26 03:08:22,230 - INFO - [36m(setup pid=6499)[0m 	libnvToolsExt.so.1 (libc6,x86-64) => /usr/local/cuda-12.8/targets/x86_64-linux/lib/libnvToolsExt.so.1
2026-03-26 03:08:22,230 - INFO - [36m(setup pid=6499)[0m 	libnvToolsExt.so (libc6,x86-64) => /usr/local/cuda-12.4/targets/x86_64-linux/lib/libnvToolsExt.so
2026-03-26 03:08:22,230 - INFO - [36m(setup pid=6499)[0m 	libnvToolsExt.so (libc6,x86-64) => /usr/local/cuda-12.5/targets/x86_64-linux/lib/libnvToolsExt.so
2026-03-26 03:08:22,230 - INFO - [36m(setup pid=6499)[0m 	libnvToolsExt.so (libc6,x86-64) => /usr/local/cuda-12.6/targets/x86_64-linux/lib/libnvToolsExt.so
2026-03-26 03:08:22,230 - INFO - [36m(setup pid=6499)[0m 	libnvToolsExt.so (libc6,x86-64) => /usr/local/cuda-12.8/targets/x86_64-linux/lib/libnvToolsExt.so
2026-03-26 03:08:22,230 - INFO - [36m(setup pid=6499)[0m 	libnvJitLink.so.12 (libc6,x86-64) => /usr/local/cuda-12.4/targets/x86_64-linux/lib/libnvJitLink.so.12
2026-03-26 03:08:22,230 - INFO - [36m(setup pid=6499)[0m 	libnvJitLink.so.12 (libc6,x86-64) => /usr/local/cuda-12.5/targets/x86_64-linux/lib/libnvJitLink.so.12
2026-03-26 03:08:22,230 - INFO - [36m(setup pid=6499)[0m 	libnvJitLink.so.12 (libc6,x86-64) => /usr/local/cuda-12.6/targets/x86_64-linux/lib/libnvJitLink.so.12
2026-03-26 03:08:22,431 - INFO - [36m(setup pid=6499)[0m 	libnvJitLink.so.12 (libc6,x86-64) => /usr/local/cuda-12.8/targets/x86_64-linux/lib/libnvJitLink.so.12
2026-03-26 03:08:22,432 - INFO - [36m(setup pid=6499)[0m 	libnvJitLink.so (libc6,x86-64) => /usr/local/cuda-12.4/targets/x86_64-linux/lib/libnvJitLink.so
2026-03-26 03:08:22,432 - INFO - [36m(setup pid=6499)[0m 	libnvJitLink.so (libc6,x86-64) => /usr/local/cuda-12.5/targets/x86_64-linux/lib/libnvJitLink.so
2026-03-26 03:08:22,432 - INFO - [36m(setup pid=6499)[0m 	libnvJitLink.so (libc6,x86-64) => /usr/local/cuda-12.6/targets/x86_64-linux/lib/libnvJitLink.so
2026-03-26 03:08:22,432 - INFO - [36m(setup pid=6499)[0m 	libnvJitLink.so (libc6,x86-64) => /usr/local/cuda-12.8/targets/x86_64-linux/lib/libnvJitLink.so
2026-03-26 03:08:22,432 - INFO - [36m(setup pid=6499)[0m 	libnpps.so.12 (libc6,x86-64) => /usr/local/cuda-12.4/targets/x86_64-linux/lib/libnpps.so.12
2026-03-26 03:08:22,432 - INFO - [36m(setup pid=6499)[0m 	libnpps.so.12 (libc6,x86-64) => /usr/local/cuda-12.5/targets/x86_64-linux/lib/libnpps.so.12
2026-03-26 03:08:22,432 - INFO - [36m(setup pid=6499)[0m 	libnpps.so.12 (libc6,x86-64) => /usr/local/cuda-12.6/targets/x86_64-linux/lib/libnpps.so.12
2026-03-26 03:08:22,432 - INFO - [36m(setup pid=6499)[0m 	libnpps.so.12 (libc6,x86-64) => /usr/local/cuda-12.8/targets/x86_64-linux/lib/libnpps.so.12
2026-03-26 03:08:22,432 - INFO - [36m(setup pid=6499)[0m 	libnpps.so (libc6,x86-64) => /usr/local/cuda-12.4/targets/x86_64-linux/lib/libnpps.so
2026-03-26 03:08:22,432 - INFO - [36m(setup pid=6499)[0m 	libnpps.so (libc6,x86-64) => /usr/local/cuda-12.5/targets/x86_64-linux/lib/libnpps.so
2026-03-26 03:08:22,432 - INFO - [36m(setup pid=6499)[0m 	libnpps.so (libc6,x86-64) => /usr/local/cuda-12.6/targets/x86_64-linux/lib/libnpps.so
2026-03-26 03:08:22,432 - INFO - [36m(setup pid=6499)[0m 	libnpps.so (libc6,x86-64) => /usr/local/cuda-12.8/targets/x86_64-linux/lib/libnpps.so
2026-03-26 03:08:22,432 - INFO - [36m(setup pid=6499)[0m 	libnppitc.so.12 (libc6,x86-64) => /usr/local/cuda-12.4/targets/x86_64-linux/lib/libnppitc.so.12
2026-03-26 03:08:22,432 - INFO - [36m(setup pid=6499)[0m 	libnppitc.so.12 (libc6,x86-64) => /usr/local/cuda-12.5/targets/x86_64-linux/lib/libnppitc.so.12
2026-03-26 03:08:22,432 - INFO - [36m(setup pid=6499)[0m 	libnppitc.so.12 (libc6,x86-64) => /usr/local/cuda-12.6/targets/x86_64-linux/lib/libnppitc.so.12
2026-03-26 03:08:22,432 - INFO - [36m(setup pid=6499)[0m 	libnppitc.so.12 (libc6,x86-64) => /usr/local/cuda-12.8/targets/x86_64-linux/lib/libnppitc.so.12
2026-03-26 03:08:22,432 - INFO - [36m(setup pid=6499)[0m 	libnppitc.so (libc6,x86-64) => /usr/local/cuda-12.4/targets/x86_64-linux/lib/libnppitc.so
2026-03-26 03:08:22,432 - INFO - [36m(setup pid=6499)[0m 	libnppitc.so (libc6,x86-64) => /usr/local/cuda-12.5/targets/x86_64-linux/lib/libnppitc.so
2026-03-26 03:08:22,432 - INFO - [36m(setup pid=6499)[0m 	libnppitc.so (libc6,x86-64) => /usr/local/cuda-12.6/targets/x86_64-linux/lib/libnppitc.so
2026-03-26 03:08:22,432 - INFO - [36m(setup pid=6499)[0m 	libnppitc.so (libc6,x86-64) => /usr/local/cuda-12.8/targets/x86_64-linux/lib/libnppitc.so
2026-03-26 03:08:22,432 - INFO - [36m(setup pid=6499)[0m 	libnppisu.so.12 (libc6,x86-64) => /usr/local/cuda-12.4/targets/x86_64-linux/lib/libnppisu.so.12
2026-03-26 03:08:22,432 - INFO - [36m(setup pid=6499)[0m 	libnppisu.so.12 (libc6,x86-64) => /usr/local/cuda-12.5/targets/x86_64-linux/lib/libnppisu.so.12
2026-03-26 03:08:22,432 - INFO - [36m(setup pid=6499)[0m 	libnppisu.so.12 (libc6,x86-64) => /usr/local/cuda-12.6/targets/x86_64-linux/lib/libnppisu.so.12
2026-03-26 03:08:22,432 - INFO - [36m(setup pid=6499)[0m 	libnppisu.so.12 (libc6,x86-64) => /usr/local/cuda-12.8/targets/x86_64-linux/lib/libnppisu.so.12
2026-03-26 03:08:22,432 - INFO - [36m(setup pid=6499)[0m 	libnppisu.so (libc6,x86-64) => /usr/local/cuda-12.4/targets/x86_64-linux/lib/libnppisu.so
2026-03-26 03:08:22,432 - INFO - [36m(setup pid=6499)[0m 	libnppisu.so (libc6,x86-64) => /usr/local/cuda-12.5/targets/x86_64-linux/lib/libnppisu.so
2026-03-26 03:08:22,432 - INFO - [36m(setup pid=6499)[0m 	libnppisu.so (libc6,x86-64) => /usr/local/cuda-12.6/targets/x86_64-linux/lib/libnppisu.so
2026-03-26 03:08:22,432 - INFO - [36m(setup pid=6499)[0m 	libnppisu.so (libc6,x86-64) => /usr/local/cuda-12.8/targets/x86_64-linux/lib/libnppisu.so
2026-03-26 03:08:22,432 - INFO - [36m(setup pid=6499)[0m 	libnppist.so.12 (libc6,x86-64) => /usr/local/cuda-12.4/targets/x86_64-linux/lib/libnppist.so.12
2026-03-26 03:08:22,432 - INFO - [36m(setup pid=6499)[0m 	libnppist.so.12 (libc6,x86-64) => /usr/local/cuda-12.5/targets/x86_64-linux/lib/libnppist.so.12
2026-03-26 03:08:22,432 - INFO - [36m(setup pid=6499)[0m 	libnppist.so.12 (libc6,x86-64) => /usr/local/cuda-12.6/targets/x86_64-linux/lib/libnppist.so.12
2026-03-26 03:08:22,432 - INFO - [36m(setup pid=6499)[0m 	libnppist.so.12 (libc6,x86-64) => /usr/local/cuda-12.8/targets/x86_64-linux/lib/libnppist.so.12
2026-03-26 03:08:22,432 - INFO - [36m(setup pid=6499)[0m 	libnppist.so (libc6,x86-64) => /usr/local/cuda-12.4/targets/x86_64-linux/lib/libnppist.so
2026-03-26 03:08:22,432 - INFO - [36m(setup pid=6499)[0m 	libnppist.so (libc6,x86-64) => /usr/local/cuda-12.5/targets/x86_64-linux/lib/libnppist.so
2026-03-26 03:08:22,432 - INFO - [36m(setup pid=6499)[0m 	libnppist.so (libc6,x86-64) => /usr/local/cuda-12.6/targets/x86_64-linux/lib/libnppist.so
2026-03-26 03:08:22,432 - INFO - [36m(setup pid=6499)[0m 	libnppist.so (libc6,x86-64) => /usr/local/cuda-12.8/targets/x86_64-linux/lib/libnppist.so
2026-03-26 03:08:22,432 - INFO - [36m(setup pid=6499)[0m 	libnppim.so.12 (libc6,x86-64) => /usr/local/cuda-12.4/targets/x86_64-linux/lib/libnppim.so.12
2026-03-26 03:08:22,432 - INFO - [36m(setup pid=6499)[0m 	libnppim.so.12 (libc6,x86-64) => /usr/local/cuda-12.5/targets/x86_64-linux/lib/libnppim.so.12
2026-03-26 03:08:22,432 - INFO - [36m(setup pid=6499)[0m 	libnppim.so.12 (libc6,x86-64) => /usr/local/cuda-12.6/targets/x86_64-linux/lib/libnppim.so.12
2026-03-26 03:08:22,432 - INFO - [36m(setup pid=6499)[0m 	libnppim.so.12 (libc6,x86-64) => /usr/local/cuda-12.8/targets/x86_64-linux/lib/libnppim.so.12
2026-03-26 03:08:22,432 - INFO - [36m(setup pid=6499)[0m 	libnppim.so (libc6,x86-64) => /usr/local/cuda-12.4/targets/x86_64-linux/lib/libnppim.so
2026-03-26 03:08:22,432 - INFO - [36m(setup pid=6499)[0m 	libnppim.so (libc6,x86-64) => /usr/local/cuda-12.5/targets/x86_64-linux/lib/libnppim.so
2026-03-26 03:08:22,432 - INFO - [36m(setup pid=6499)[0m 	libnppim.so (libc6,x86-64) => /usr/local/cuda-12.6/targets/x86_64-linux/lib/libnppim.so
2026-03-26 03:08:22,432 - INFO - [36m(setup pid=6499)[0m 	libnppim.so (libc6,x86-64) => /usr/local/cuda-12.8/targets/x86_64-linux/lib/libnppim.so
2026-03-26 03:08:22,432 - INFO - [36m(setup pid=6499)[0m 	libnppig.so.12 (libc6,x86-64) => /usr/local/cuda-12.4/targets/x86_64-linux/lib/libnppig.so.12
2026-03-26 03:08:22,432 - INFO - [36m(setup pid=6499)[0m 	libnppig.so.12 (libc6,x86-64) => /usr/local/cuda-12.5/targets/x86_64-linux/lib/libnppig.so.12
2026-03-26 03:08:22,432 - INFO - [36m(setup pid=6499)[0m 	libnppig.so.12 (libc6,x86-64) => /usr/local/cuda-12.6/targets/x86_64-linux/lib/libnppig.so.12
2026-03-26 03:08:22,432 - INFO - [36m(setup pid=6499)[0m 	libnppig.so.12 (libc6,x86-64) => /usr/local/cuda-12.8/targets/x86_64-linux/lib/libnppig.so.12
2026-03-26 03:08:22,432 - INFO - [36m(setup pid=6499)[0m 	libnppig.so (libc6,x86-64) => /usr/local/cuda-12.4/targets/x86_64-linux/lib/libnppig.so
2026-03-26 03:08:22,432 - INFO - [36m(setup pid=6499)[0m 	libnppig.so (libc6,x86-64) => /usr/local/cuda-12.5/targets/x86_64-linux/lib/libnppig.so
2026-03-26 03:08:22,432 - INFO - [36m(setup pid=6499)[0m 	libnppig.so (libc6,x86-64) => /usr/local/cuda-12.6/targets/x86_64-linux/lib/libnppig.so
2026-03-26 03:08:22,432 - INFO - [36m(setup pid=6499)[0m 	libnppig.so (libc6,x86-64) => /usr/local/cuda-12.8/targets/x86_64-linux/lib/libnppig.so
2026-03-26 03:08:22,432 - INFO - [36m(setup pid=6499)[0m 	libnppif.so.12 (libc6,x86-64) => /usr/local/cuda-12.4/targets/x86_64-linux/lib/libnppif.so.12
2026-03-26 03:08:22,432 - INFO - [36m(setup pid=6499)[0m 	libnppif.so.12 (libc6,x86-64) => /usr/local/cuda-12.5/targets/x86_64-linux/lib/libnppif.so.12
2026-03-26 03:08:22,432 - INFO - [36m(setup pid=6499)[0m 	libnppif.so.12 (libc6,x86-64) => /usr/local/cuda-12.6/targets/x86_64-linux/lib/libnppif.so.12
2026-03-26 03:08:22,432 - INFO - [36m(setup pid=6499)[0m 	libnppif.so.12 (libc6,x86-64) => /usr/local/cuda-12.8/targets/x86_64-linux/lib/libnppif.so.12
2026-03-26 03:08:22,432 - INFO - [36m(setup pid=6499)[0m 	libnppif.so (libc6,x86-64) => /usr/local/cuda-12.4/targets/x86_64-linux/lib/libnppif.so
2026-03-26 03:08:22,432 - INFO - [36m(setup pid=6499)[0m 	libnppif.so (libc6,x86-64) => /usr/local/cuda-12.5/targets/x86_64-linux/lib/libnppif.so
2026-03-26 03:08:22,432 - INFO - [36m(setup pid=6499)[0m 	libnppif.so (libc6,x86-64) => /usr/local/cuda-12.6/targets/x86_64-linux/lib/libnppif.so
2026-03-26 03:08:22,432 - INFO - [36m(setup pid=6499)[0m 	libnppif.so (libc6,x86-64) => /usr/local/cuda-12.8/targets/x86_64-linux/lib/libnppif.so
2026-03-26 03:08:22,432 - INFO - [36m(setup pid=6499)[0m 	libnppidei.so.12 (libc6,x86-64) => /usr/local/cuda-12.4/targets/x86_64-linux/lib/libnppidei.so.12
2026-03-26 03:08:22,432 - INFO - [36m(setup pid=6499)[0m 	libnppidei.so.12 (libc6,x86-64) => /usr/local/cuda-12.5/targets/x86_64-linux/lib/libnppidei.so.12
2026-03-26 03:08:22,432 - INFO - [36m(setup pid=6499)[0m 	libnppidei.so.12 (libc6,x86-64) => /usr/local/cuda-12.6/targets/x86_64-linux/lib/libnppidei.so.12
2026-03-26 03:08:22,432 - INFO - [36m(setup pid=6499)[0m 	libnppidei.so.12 (libc6,x86-64) => /usr/local/cuda-12.8/targets/x86_64-linux/lib/libnppidei.so.12
2026-03-26 03:08:22,432 - INFO - [36m(setup pid=6499)[0m 	libnppidei.so (libc6,x86-64) => /usr/local/cuda-12.4/targets/x86_64-linux/lib/libnppidei.so
2026-03-26 03:08:22,432 - INFO - [36m(setup pid=6499)[0m 	libnppidei.so (libc6,x86-64) => /usr/local/cuda-12.5/targets/x86_64-linux/lib/libnppidei.so
2026-03-26 03:08:22,432 - INFO - [36m(setup pid=6499)[0m 	libnppidei.so (libc6,x86-64) => /usr/local/cuda-12.6/targets/x86_64-linux/lib/libnppidei.so
2026-03-26 03:08:22,432 - INFO - [36m(setup pid=6499)[0m 	libnppidei.so (libc6,x86-64) => /usr/local/cuda-12.8/targets/x86_64-linux/lib/libnppidei.so
2026-03-26 03:08:22,432 - INFO - [36m(setup pid=6499)[0m 	libnppicc.so.12 (libc6,x86-64) => /usr/local/cuda-12.4/targets/x86_64-linux/lib/libnppicc.so.12
2026-03-26 03:08:22,432 - INFO - [36m(setup pid=6499)[0m 	libnppicc.so.12 (libc6,x86-64) => /usr/local/cuda-12.5/targets/x86_64-linux/lib/libnppicc.so.12
2026-03-26 03:08:22,432 - INFO - [36m(setup pid=6499)[0m 	libnppicc.so.12 (libc6,x86-64) => /usr/local/cuda-12.6/targets/x86_64-linux/lib/libnppicc.so.12
2026-03-26 03:08:22,432 - INFO - [36m(setup pid=6499)[0m 	libnppicc.so.12 (libc6,x86-64) => /usr/local/cuda-12.8/targets/x86_64-linux/lib/libnppicc.so.12
2026-03-26 03:08:22,432 - INFO - [36m(setup pid=6499)[0m 	libnppicc.so (libc6,x86-64) => /usr/local/cuda-12.4/targets/x86_64-linux/lib/libnppicc.so
2026-03-26 03:08:22,432 - INFO - [36m(setup pid=6499)[0m 	libnppicc.so (libc6,x86-64) => /usr/local/cuda-12.5/targets/x86_64-linux/lib/libnppicc.so
2026-03-26 03:08:22,432 - INFO - [36m(setup pid=6499)[0m 	libnppicc.so (libc6,x86-64) => /usr/local/cuda-12.6/targets/x86_64-linux/lib/libnppicc.so
2026-03-26 03:08:22,432 - INFO - [36m(setup pid=6499)[0m 	libnppicc.so (libc6,x86-64) => /usr/local/cuda-12.8/targets/x86_64-linux/lib/libnppicc.so
2026-03-26 03:08:22,432 - INFO - [36m(setup pid=6499)[0m 	libnppial.so.12 (libc6,x86-64) => /usr/local/cuda-12.4/targets/x86_64-linux/lib/libnppial.so.12
2026-03-26 03:08:22,432 - INFO - [36m(setup pid=6499)[0m 	libnppial.so.12 (libc6,x86-64) => /usr/local/cuda-12.5/targets/x86_64-linux/lib/libnppial.so.12
2026-03-26 03:08:22,432 - INFO - [36m(setup pid=6499)[0m 	libnppial.so.12 (libc6,x86-64) => /usr/local/cuda-12.6/targets/x86_64-linux/lib/libnppial.so.12
2026-03-26 03:08:22,432 - INFO - [36m(setup pid=6499)[0m 	libnppial.so.12 (libc6,x86-64) => /usr/local/cuda-12.8/targets/x86_64-linux/lib/libnppial.so.12
2026-03-26 03:08:22,432 - INFO - [36m(setup pid=6499)[0m 	libnppial.so (libc6,x86-64) => /usr/local/cuda-12.4/targets/x86_64-linux/lib/libnppial.so
2026-03-26 03:08:22,432 - INFO - [36m(setup pid=6499)[0m 	libnppial.so (libc6,x86-64) => /usr/local/cuda-12.5/targets/x86_64-linux/lib/libnppial.so
2026-03-26 03:08:22,432 - INFO - [36m(setup pid=6499)[0m 	libnppial.so (libc6,x86-64) => /usr/local/cuda-12.6/targets/x86_64-linux/lib/libnppial.so
2026-03-26 03:08:22,432 - INFO - [36m(setup pid=6499)[0m 	libnppial.so (libc6,x86-64) => /usr/local/cuda-12.8/targets/x86_64-linux/lib/libnppial.so
2026-03-26 03:08:22,432 - INFO - [36m(setup pid=6499)[0m 	libnppc.so.12 (libc6,x86-64) => /usr/local/cuda-12.4/targets/x86_64-linux/lib/libnppc.so.12
2026-03-26 03:08:22,432 - INFO - [36m(setup pid=6499)[0m 	libnppc.so.12 (libc6,x86-64) => /usr/local/cuda-12.5/targets/x86_64-linux/lib/libnppc.so.12
2026-03-26 03:08:22,432 - INFO - [36m(setup pid=6499)[0m 	libnppc.so.12 (libc6,x86-64) => /usr/local/cuda-12.6/targets/x86_64-linux/lib/libnppc.so.12
2026-03-26 03:08:22,432 - INFO - [36m(setup pid=6499)[0m 	libnppc.so.12 (libc6,x86-64) => /usr/local/cuda-12.8/targets/x86_64-linux/lib/libnppc.so.12
2026-03-26 03:08:22,432 - INFO - [36m(setup pid=6499)[0m 	libnppc.so (libc6,x86-64) => /usr/local/cuda-12.4/targets/x86_64-linux/lib/libnppc.so
2026-03-26 03:08:22,432 - INFO - [36m(setup pid=6499)[0m 	libnppc.so (libc6,x86-64) => /usr/local/cuda-12.5/targets/x86_64-linux/lib/libnppc.so
2026-03-26 03:08:22,432 - INFO - [36m(setup pid=6499)[0m 	libnppc.so (libc6,x86-64) => /usr/local/cuda-12.6/targets/x86_64-linux/lib/libnppc.so
2026-03-26 03:08:22,432 - INFO - [36m(setup pid=6499)[0m 	libnppc.so (libc6,x86-64) => /usr/local/cuda-12.8/targets/x86_64-linux/lib/libnppc.so
2026-03-26 03:08:22,432 - INFO - [36m(setup pid=6499)[0m 	libicudata.so.70 (libc6,x86-64) => /lib/x86_64-linux-gnu/libicudata.so.70
2026-03-26 03:08:22,432 - INFO - [36m(setup pid=6499)[0m 	libcusparse.so.12 (libc6,x86-64) => /usr/local/cuda-12.4/targets/x86_64-linux/lib/libcusparse.so.12
2026-03-26 03:08:22,432 - INFO - [36m(setup pid=6499)[0m 	libcusparse.so.12 (libc6,x86-64) => /usr/local/cuda-12.5/targets/x86_64-linux/lib/libcusparse.so.12
2026-03-26 03:08:22,432 - INFO - [36m(setup pid=6499)[0m 	libcusparse.so.12 (libc6,x86-64) => /usr/local/cuda-12.6/targets/x86_64-linux/lib/libcusparse.so.12
2026-03-26 03:08:22,432 - INFO - [36m(setup pid=6499)[0m 	libcusparse.so.12 (libc6,x86-64) => /usr/local/cuda-12.8/targets/x86_64-linux/lib/libcusparse.so.12
2026-03-26 03:08:22,432 - INFO - [36m(setup pid=6499)[0m 	libcusparse.so (libc6,x86-64) => /usr/local/cuda-12.4/targets/x86_64-linux/lib/libcusparse.so
2026-03-26 03:08:22,432 - INFO - [36m(setup pid=6499)[0m 	libcusparse.so (libc6,x86-64) => /usr/local/cuda-12.5/targets/x86_64-linux/lib/libcusparse.so
2026-03-26 03:08:22,432 - INFO - [36m(setup pid=6499)[0m 	libcusparse.so (libc6,x86-64) => /usr/local/cuda-12.6/targets/x86_64-linux/lib/libcusparse.so
2026-03-26 03:08:22,432 - INFO - [36m(setup pid=6499)[0m 	libcusparse.so (libc6,x86-64) => /usr/local/cuda-12.8/targets/x86_64-linux/lib/libcusparse.so
2026-03-26 03:08:22,432 - INFO - [36m(setup pid=6499)[0m 	libcusolverMg.so.11 (libc6,x86-64) => /usr/local/cuda-12.4/targets/x86_64-linux/lib/libcusolverMg.so.11
2026-03-26 03:08:22,432 - INFO - [36m(setup pid=6499)[0m 	libcusolverMg.so.11 (libc6,x86-64) => /usr/local/cuda-12.5/targets/x86_64-linux/lib/libcusolverMg.so.11
2026-03-26 03:08:22,433 - INFO - [36m(setup pid=6499)[0m 	libcusolverMg.so.11 (libc6,x86-64) => /usr/local/cuda-12.6/targets/x86_64-linux/lib/libcusolverMg.so.11
2026-03-26 03:08:22,433 - INFO - [36m(setup pid=6499)[0m 	libcusolverMg.so.11 (libc6,x86-64) => /usr/local/cuda-12.8/targets/x86_64-linux/lib/libcusolverMg.so.11
2026-03-26 03:08:22,433 - INFO - [36m(setup pid=6499)[0m 	libcusolverMg.so (libc6,x86-64) => /usr/local/cuda-12.4/targets/x86_64-linux/lib/libcusolverMg.so
2026-03-26 03:08:22,433 - INFO - [36m(setup pid=6499)[0m 	libcusolverMg.so (libc6,x86-64) => /usr/local/cuda-12.5/targets/x86_64-linux/lib/libcusolverMg.so
2026-03-26 03:08:22,433 - INFO - [36m(setup pid=6499)[0m 	libcusolverMg.so (libc6,x86-64) => /usr/local/cuda-12.6/targets/x86_64-linux/lib/libcusolverMg.so
2026-03-26 03:08:22,433 - INFO - [36m(setup pid=6499)[0m 	libcusolverMg.so (libc6,x86-64) => /usr/local/cuda-12.8/targets/x86_64-linux/lib/libcusolverMg.so
2026-03-26 03:08:22,433 - INFO - [36m(setup pid=6499)[0m 	libcusolver.so.11 (libc6,x86-64) => /usr/local/cuda-12.4/targets/x86_64-linux/lib/libcusolver.so.11
2026-03-26 03:08:22,433 - INFO - [36m(setup pid=6499)[0m 	libcusolver.so.11 (libc6,x86-64) => /usr/local/cuda-12.5/targets/x86_64-linux/lib/libcusolver.so.11
2026-03-26 03:08:22,433 - INFO - [36m(setup pid=6499)[0m 	libcusolver.so.11 (libc6,x86-64) => /usr/local/cuda-12.6/targets/x86_64-linux/lib/libcusolver.so.11
2026-03-26 03:08:22,433 - INFO - [36m(setup pid=6499)[0m 	libcusolver.so.11 (libc6,x86-64) => /usr/local/cuda-12.8/targets/x86_64-linux/lib/libcusolver.so.11
2026-03-26 03:08:22,433 - INFO - [36m(setup pid=6499)[0m 	libcusolver.so (libc6,x86-64) => /usr/local/cuda-12.4/targets/x86_64-linux/lib/libcusolver.so
2026-03-26 03:08:22,433 - INFO - [36m(setup pid=6499)[0m 	libcusolver.so (libc6,x86-64) => /usr/local/cuda-12.5/targets/x86_64-linux/lib/libcusolver.so
2026-03-26 03:08:22,433 - INFO - [36m(setup pid=6499)[0m 	libcusolver.so (libc6,x86-64) => /usr/local/cuda-12.6/targets/x86_64-linux/lib/libcusolver.so
2026-03-26 03:08:22,433 - INFO - [36m(setup pid=6499)[0m 	libcusolver.so (libc6,x86-64) => /usr/local/cuda-12.8/targets/x86_64-linux/lib/libcusolver.so
2026-03-26 03:08:22,433 - INFO - [36m(setup pid=6499)[0m 	libcurand.so.10 (libc6,x86-64) => /usr/local/cuda-12.4/targets/x86_64-linux/lib/libcurand.so.10
2026-03-26 03:08:22,433 - INFO - [36m(setup pid=6499)[0m 	libcurand.so.10 (libc6,x86-64) => /usr/local/cuda-12.5/targets/x86_64-linux/lib/libcurand.so.10
2026-03-26 03:08:22,433 - INFO - [36m(setup pid=6499)[0m 	libcurand.so.10 (libc6,x86-64) => /usr/local/cuda-12.6/targets/x86_64-linux/lib/libcurand.so.10
2026-03-26 03:08:22,433 - INFO - [36m(setup pid=6499)[0m 	libcurand.so.10 (libc6,x86-64) => /usr/local/cuda-12.8/targets/x86_64-linux/lib/libcurand.so.10
2026-03-26 03:08:22,433 - INFO - [36m(setup pid=6499)[0m 	libcurand.so (libc6,x86-64) => /usr/local/cuda-12.4/targets/x86_64-linux/lib/libcurand.so
2026-03-26 03:08:22,433 - INFO - [36m(setup pid=6499)[0m 	libcurand.so (libc6,x86-64) => /usr/local/cuda-12.5/targets/x86_64-linux/lib/libcurand.so
2026-03-26 03:08:22,433 - INFO - [36m(setup pid=6499)[0m 	libcurand.so (libc6,x86-64) => /usr/local/cuda-12.6/targets/x86_64-linux/lib/libcurand.so
2026-03-26 03:08:22,433 - INFO - [36m(setup pid=6499)[0m 	libcurand.so (libc6,x86-64) => /usr/local/cuda-12.8/targets/x86_64-linux/lib/libcurand.so
2026-03-26 03:08:22,433 - INFO - [36m(setup pid=6499)[0m 	libcuinj64.so.12.8 (libc6,x86-64) => /usr/local/cuda-12.8/targets/x86_64-linux/lib/libcuinj64.so.12.8
2026-03-26 03:08:22,433 - INFO - [36m(setup pid=6499)[0m 	libcuinj64.so.12.6 (libc6,x86-64) => /usr/local/cuda-12.6/targets/x86_64-linux/lib/libcuinj64.so.12.6
2026-03-26 03:08:22,433 - INFO - [36m(setup pid=6499)[0m 	libcuinj64.so.12.5 (libc6,x86-64) => /usr/local/cuda-12.5/targets/x86_64-linux/lib/libcuinj64.so.12.5
2026-03-26 03:08:22,433 - INFO - [36m(setup pid=6499)[0m 	libcuinj64.so.12.4 (libc6,x86-64) => /usr/local/cuda-12.4/targets/x86_64-linux/lib/libcuinj64.so.12.4
2026-03-26 03:08:22,433 - INFO - [36m(setup pid=6499)[0m 	libcuinj64.so (libc6,x86-64) => /usr/local/cuda-12.4/targets/x86_64-linux/lib/libcuinj64.so
2026-03-26 03:08:22,433 - INFO - [36m(setup pid=6499)[0m 	libcuinj64.so (libc6,x86-64) => /usr/local/cuda-12.5/targets/x86_64-linux/lib/libcuinj64.so
2026-03-26 03:08:22,433 - INFO - [36m(setup pid=6499)[0m 	libcuinj64.so (libc6,x86-64) => /usr/local/cuda-12.6/targets/x86_64-linux/lib/libcuinj64.so
2026-03-26 03:08:22,433 - INFO - [36m(setup pid=6499)[0m 	libcuinj64.so (libc6,x86-64) => /usr/local/cuda-12.8/targets/x86_64-linux/lib/libcuinj64.so
2026-03-26 03:08:22,433 - INFO - [36m(setup pid=6499)[0m 	libcufile_rdma.so.1 (libc6,x86-64) => /usr/local/cuda-12.4/targets/x86_64-linux/lib/libcufile_rdma.so.1
2026-03-26 03:08:22,433 - INFO - [36m(setup pid=6499)[0m 	libcufile_rdma.so.1 (libc6,x86-64) => /usr/local/cuda-12.5/targets/x86_64-linux/lib/libcufile_rdma.so.1
2026-03-26 03:08:22,433 - INFO - [36m(setup pid=6499)[0m 	libcufile_rdma.so.1 (libc6,x86-64) => /usr/local/cuda-12.6/targets/x86_64-linux/lib/libcufile_rdma.so.1
2026-03-26 03:08:22,433 - INFO - [36m(setup pid=6499)[0m 	libcufile_rdma.so.1 (libc6,x86-64) => /usr/local/cuda-12.8/targets/x86_64-linux/lib/libcufile_rdma.so.1
2026-03-26 03:08:22,433 - INFO - [36m(setup pid=6499)[0m 	libcufile_rdma.so (libc6,x86-64) => /usr/local/cuda-12.4/targets/x86_64-linux/lib/libcufile_rdma.so
2026-03-26 03:08:22,433 - INFO - [36m(setup pid=6499)[0m 	libcufile_rdma.so (libc6,x86-64) => /usr/local/cuda-12.5/targets/x86_64-linux/lib/libcufile_rdma.so
2026-03-26 03:08:22,433 - INFO - [36m(setup pid=6499)[0m 	libcufile_rdma.so (libc6,x86-64) => /usr/local/cuda-12.6/targets/x86_64-linux/lib/libcufile_rdma.so
2026-03-26 03:08:22,433 - INFO - [36m(setup pid=6499)[0m 	libcufile_rdma.so (libc6,x86-64) => /usr/local/cuda-12.8/targets/x86_64-linux/lib/libcufile_rdma.so
2026-03-26 03:08:22,433 - INFO - [36m(setup pid=6499)[0m 	libcufile.so.0 (libc6,x86-64) => /usr/local/cuda-12.4/targets/x86_64-linux/lib/libcufile.so.0
2026-03-26 03:08:22,433 - INFO - [36m(setup pid=6499)[0m 	libcufile.so.0 (libc6,x86-64) => /usr/local/cuda-12.5/targets/x86_64-linux/lib/libcufile.so.0
2026-03-26 03:08:22,433 - INFO - [36m(setup pid=6499)[0m 	libcufile.so.0 (libc6,x86-64) => /usr/local/cuda-12.6/targets/x86_64-linux/lib/libcufile.so.0
2026-03-26 03:08:22,433 - INFO - [36m(setup pid=6499)[0m 	libcufile.so.0 (libc6,x86-64) => /usr/local/cuda-12.8/targets/x86_64-linux/lib/libcufile.so.0
2026-03-26 03:08:22,433 - INFO - [36m(setup pid=6499)[0m 	libcufile.so (libc6,x86-64) => /usr/local/cuda-12.4/targets/x86_64-linux/lib/libcufile.so
2026-03-26 03:08:22,433 - INFO - [36m(setup pid=6499)[0m 	libcufile.so (libc6,x86-64) => /usr/local/cuda-12.5/targets/x86_64-linux/lib/libcufile.so
2026-03-26 03:08:22,433 - INFO - [36m(setup pid=6499)[0m 	libcufile.so (libc6,x86-64) => /usr/local/cuda-12.6/targets/x86_64-linux/lib/libcufile.so
2026-03-26 03:08:22,433 - INFO - [36m(setup pid=6499)[0m 	libcufile.so (libc6,x86-64) => /usr/local/cuda-12.8/targets/x86_64-linux/lib/libcufile.so
2026-03-26 03:08:22,433 - INFO - [36m(setup pid=6499)[0m 	libcufftw.so.11 (libc6,x86-64) => /usr/local/cuda-12.4/targets/x86_64-linux/lib/libcufftw.so.11
2026-03-26 03:08:22,433 - INFO - [36m(setup pid=6499)[0m 	libcufftw.so.11 (libc6,x86-64) => /usr/local/cuda-12.5/targets/x86_64-linux/lib/libcufftw.so.11
2026-03-26 03:08:22,433 - INFO - [36m(setup pid=6499)[0m 	libcufftw.so.11 (libc6,x86-64) => /usr/local/cuda-12.6/targets/x86_64-linux/lib/libcufftw.so.11
2026-03-26 03:08:22,433 - INFO - [36m(setup pid=6499)[0m 	libcufftw.so.11 (libc6,x86-64) => /usr/local/cuda-12.8/targets/x86_64-linux/lib/libcufftw.so.11
2026-03-26 03:08:22,433 - INFO - [36m(setup pid=6499)[0m 	libcufftw.so (libc6,x86-64) => /usr/local/cuda-12.4/targets/x86_64-linux/lib/libcufftw.so
2026-03-26 03:08:22,433 - INFO - [36m(setup pid=6499)[0m 	libcufftw.so (libc6,x86-64) => /usr/local/cuda-12.5/targets/x86_64-linux/lib/libcufftw.so
2026-03-26 03:08:22,433 - INFO - [36m(setup pid=6499)[0m 	libcufftw.so (libc6,x86-64) => /usr/local/cuda-12.6/targets/x86_64-linux/lib/libcufftw.so
2026-03-26 03:08:22,433 - INFO - [36m(setup pid=6499)[0m 	libcufftw.so (libc6,x86-64) => /usr/local/cuda-12.8/targets/x86_64-linux/lib/libcufftw.so
2026-03-26 03:08:22,433 - INFO - [36m(setup pid=6499)[0m 	libcufft.so.11 (libc6,x86-64) => /usr/local/cuda-12.4/targets/x86_64-linux/lib/libcufft.so.11
2026-03-26 03:08:22,433 - INFO - [36m(setup pid=6499)[0m 	libcufft.so.11 (libc6,x86-64) => /usr/local/cuda-12.5/targets/x86_64-linux/lib/libcufft.so.11
2026-03-26 03:08:22,433 - INFO - [36m(setup pid=6499)[0m 	libcufft.so.11 (libc6,x86-64) => /usr/local/cuda-12.6/targets/x86_64-linux/lib/libcufft.so.11
2026-03-26 03:08:22,433 - INFO - [36m(setup pid=6499)[0m 	libcufft.so.11 (libc6,x86-64) => /usr/local/cuda-12.8/targets/x86_64-linux/lib/libcufft.so.11
2026-03-26 03:08:22,433 - INFO - [36m(setup pid=6499)[0m 	libcufft.so (libc6,x86-64) => /usr/local/cuda-12.4/targets/x86_64-linux/lib/libcufft.so
2026-03-26 03:08:22,433 - INFO - [36m(setup pid=6499)[0m 	libcufft.so (libc6,x86-64) => /usr/local/cuda-12.5/targets/x86_64-linux/lib/libcufft.so
2026-03-26 03:08:22,433 - INFO - [36m(setup pid=6499)[0m 	libcufft.so (libc6,x86-64) => /usr/local/cuda-12.6/targets/x86_64-linux/lib/libcufft.so
2026-03-26 03:08:22,433 - INFO - [36m(setup pid=6499)[0m 	libcufft.so (libc6,x86-64) => /usr/local/cuda-12.8/targets/x86_64-linux/lib/libcufft.so
2026-03-26 03:08:22,433 - INFO - [36m(setup pid=6499)[0m 	libcudart.so.12 (libc6,x86-64) => /usr/local/cuda-12.4/targets/x86_64-linux/lib/libcudart.so.12
2026-03-26 03:08:22,433 - INFO - [36m(setup pid=6499)[0m 	libcudart.so.12 (libc6,x86-64) => /usr/local/cuda-12.5/targets/x86_64-linux/lib/libcudart.so.12
2026-03-26 03:08:22,433 - INFO - [36m(setup pid=6499)[0m 	libcudart.so.12 (libc6,x86-64) => /usr/local/cuda-12.6/targets/x86_64-linux/lib/libcudart.so.12
2026-03-26 03:08:22,433 - INFO - [36m(setup pid=6499)[0m 	libcudart.so.12 (libc6,x86-64) => /usr/local/cuda-12.8/targets/x86_64-linux/lib/libcudart.so.12
2026-03-26 03:08:22,433 - INFO - [36m(setup pid=6499)[0m 	libcudart.so (libc6,x86-64) => /usr/local/cuda-12.4/targets/x86_64-linux/lib/libcudart.so
2026-03-26 03:08:22,433 - INFO - [36m(setup pid=6499)[0m 	libcudart.so (libc6,x86-64) => /usr/local/cuda-12.5/targets/x86_64-linux/lib/libcudart.so
2026-03-26 03:08:22,433 - INFO - [36m(setup pid=6499)[0m 	libcudart.so (libc6,x86-64) => /usr/local/cuda-12.6/targets/x86_64-linux/lib/libcudart.so
2026-03-26 03:08:22,433 - INFO - [36m(setup pid=6499)[0m 	libcudart.so (libc6,x86-64) => /usr/local/cuda-12.8/targets/x86_64-linux/lib/libcudart.so
2026-03-26 03:08:22,433 - INFO - [36m(setup pid=6499)[0m 	libcudadebugger.so.1 (libc6,x86-64) => /lib/x86_64-linux-gnu/libcudadebugger.so.1
2026-03-26 03:08:22,433 - INFO - [36m(setup pid=6499)[0m 	libcuda.so.1 (libc6,x86-64) => /lib/x86_64-linux-gnu/libcuda.so.1
2026-03-26 03:08:22,433 - INFO - [36m(setup pid=6499)[0m 	libcuda.so (libc6,x86-64) => /lib/x86_64-linux-gnu/libcuda.so
2026-03-26 03:08:22,433 - INFO - [36m(setup pid=6499)[0m 	libcublasLt.so.12 (libc6,x86-64) => /usr/local/cuda-12.4/targets/x86_64-linux/lib/libcublasLt.so.12
2026-03-26 03:08:22,433 - INFO - [36m(setup pid=6499)[0m 	libcublasLt.so.12 (libc6,x86-64) => /usr/local/cuda-12.5/targets/x86_64-linux/lib/libcublasLt.so.12
2026-03-26 03:08:22,433 - INFO - [36m(setup pid=6499)[0m 	libcublasLt.so.12 (libc6,x86-64) => /usr/local/cuda-12.6/targets/x86_64-linux/lib/libcublasLt.so.12
2026-03-26 03:08:22,433 - INFO - [36m(setup pid=6499)[0m 	libcublasLt.so.12 (libc6,x86-64) => /usr/local/cuda-12.8/targets/x86_64-linux/lib/libcublasLt.so.12
2026-03-26 03:08:22,433 - INFO - [36m(setup pid=6499)[0m 	libcublasLt.so (libc6,x86-64) => /usr/local/cuda-12.4/targets/x86_64-linux/lib/libcublasLt.so
2026-03-26 03:08:22,433 - INFO - [36m(setup pid=6499)[0m 	libcublasLt.so (libc6,x86-64) => /usr/local/cuda-12.5/targets/x86_64-linux/lib/libcublasLt.so
2026-03-26 03:08:22,433 - INFO - [36m(setup pid=6499)[0m 	libcublasLt.so (libc6,x86-64) => /usr/local/cuda-12.6/targets/x86_64-linux/lib/libcublasLt.so
2026-03-26 03:08:22,433 - INFO - [36m(setup pid=6499)[0m 	libcublasLt.so (libc6,x86-64) => /usr/local/cuda-12.8/targets/x86_64-linux/lib/libcublasLt.so
2026-03-26 03:08:22,433 - INFO - [36m(setup pid=6499)[0m 	libcublas.so.12 (libc6,x86-64) => /usr/local/cuda-12.4/targets/x86_64-linux/lib/libcublas.so.12
2026-03-26 03:08:22,433 - INFO - [36m(setup pid=6499)[0m 	libcublas.so.12 (libc6,x86-64) => /usr/local/cuda-12.5/targets/x86_64-linux/lib/libcublas.so.12
2026-03-26 03:08:22,433 - INFO - [36m(setup pid=6499)[0m 	libcublas.so.12 (libc6,x86-64) => /usr/local/cuda-12.6/targets/x86_64-linux/lib/libcublas.so.12
2026-03-26 03:08:22,433 - INFO - [36m(setup pid=6499)[0m 	libcublas.so.12 (libc6,x86-64) => /usr/local/cuda-12.8/targets/x86_64-linux/lib/libcublas.so.12
2026-03-26 03:08:22,433 - INFO - [36m(setup pid=6499)[0m 	libcublas.so (libc6,x86-64) => /usr/local/cuda-12.4/targets/x86_64-linux/lib/libcublas.so
2026-03-26 03:08:22,433 - INFO - [36m(setup pid=6499)[0m 	libcublas.so (libc6,x86-64) => /usr/local/cuda-12.5/targets/x86_64-linux/lib/libcublas.so
2026-03-26 03:08:22,433 - INFO - [36m(setup pid=6499)[0m 	libcublas.so (libc6,x86-64) => /usr/local/cuda-12.6/targets/x86_64-linux/lib/libcublas.so
2026-03-26 03:08:22,433 - INFO - [36m(setup pid=6499)[0m 	libcublas.so (libc6,x86-64) => /usr/local/cuda-12.8/targets/x86_64-linux/lib/libcublas.so
2026-03-26 03:08:22,433 - INFO - [36m(setup pid=6499)[0m 	libaccinj64.so.12.8 (libc6,x86-64) => /usr/local/cuda-12.8/targets/x86_64-linux/lib/libaccinj64.so.12.8
2026-03-26 03:08:22,433 - INFO - [36m(setup pid=6499)[0m 	libaccinj64.so.12.6 (libc6,x86-64) => /usr/local/cuda-12.6/targets/x86_64-linux/lib/libaccinj64.so.12.6
2026-03-26 03:08:22,433 - INFO - [36m(setup pid=6499)[0m 	libaccinj64.so.12.5 (libc6,x86-64) => /usr/local/cuda-12.5/targets/x86_64-linux/lib/libaccinj64.so.12.5
2026-03-26 03:08:22,433 - INFO - [36m(setup pid=6499)[0m 	libaccinj64.so.12.4 (libc6,x86-64) => /usr/local/cuda-12.4/targets/x86_64-linux/lib/libaccinj64.so.12.4
2026-03-26 03:08:22,433 - INFO - [36m(setup pid=6499)[0m 	libaccinj64.so (libc6,x86-64) => /usr/local/cuda-12.4/targets/x86_64-linux/lib/libaccinj64.so
2026-03-26 03:08:22,433 - INFO - [36m(setup pid=6499)[0m 	libaccinj64.so (libc6,x86-64) => /usr/local/cuda-12.5/targets/x86_64-linux/lib/libaccinj64.so
2026-03-26 03:08:22,433 - INFO - [36m(setup pid=6499)[0m 	libaccinj64.so (libc6,x86-64) => /usr/local/cuda-12.6/targets/x86_64-linux/lib/libaccinj64.so
2026-03-26 03:08:22,433 - INFO - [36m(setup pid=6499)[0m 	libaccinj64.so (libc6,x86-64) => /usr/local/cuda-12.8/targets/x86_64-linux/lib/libaccinj64.so
2026-03-26 03:08:22,433 - INFO - [36m(setup pid=6499)[0m 	libOpenCL.so.1 (libc6,x86-64) => /usr/local/cuda-12.4/targets/x86_64-linux/lib/libOpenCL.so.1
2026-03-26 03:08:22,433 - INFO - [36m(setup pid=6499)[0m 	libOpenCL.so.1 (libc6,x86-64) => /usr/local/cuda-12.5/targets/x86_64-linux/lib/libOpenCL.so.1
2026-03-26 03:08:22,433 - INFO - [36m(setup pid=6499)[0m 	libOpenCL.so.1 (libc6,x86-64) => /usr/local/cuda-12.6/targets/x86_64-linux/lib/libOpenCL.so.1
2026-03-26 03:08:22,433 - INFO - [36m(setup pid=6499)[0m 	libOpenCL.so.1 (libc6,x86-64) => /usr/local/cuda-12.8/targets/x86_64-linux/lib/libOpenCL.so.1
2026-03-26 03:08:22,433 - INFO - [36m(setup pid=6499)[0m 	libOpenCL.so (libc6,x86-64) => /usr/local/cuda-12.4/targets/x86_64-linux/lib/libOpenCL.so
2026-03-26 03:08:22,433 - INFO - [36m(setup pid=6499)[0m 	libOpenCL.so (libc6,x86-64) => /usr/local/cuda-12.5/targets/x86_64-linux/lib/libOpenCL.so
2026-03-26 03:08:22,433 - INFO - [36m(setup pid=6499)[0m 	libOpenCL.so (libc6,x86-64) => /usr/local/cuda-12.6/targets/x86_64-linux/lib/libOpenCL.so
2026-03-26 03:08:22,433 - INFO - [36m(setup pid=6499)[0m 	libOpenCL.so (libc6,x86-64) => /usr/local/cuda-12.8/targets/x86_64-linux/lib/libOpenCL.so
2026-03-26 03:08:22,433 - INFO - [36m(setup pid=6499)[0m + echo 'CUDA toolkit path:'
2026-03-26 03:08:22,433 - INFO - [36m(setup pid=6499)[0m CUDA toolkit path:
2026-03-26 03:08:22,433 - INFO - [36m(setup pid=6499)[0m + ls --color=auto -la /usr/local/cuda /usr/local/cuda-12.4 /usr/local/cuda-12.5 /usr/local/cuda-12.6 /usr/local/cuda-12.8
2026-03-26 03:08:22,433 - INFO - [36m(setup pid=6254, ip=172.31.36.213)[0m + echo 'Checking CUDA libraries...'
2026-03-26 03:08:22,433 - INFO - [36m(setup pid=6254, ip=172.31.36.213)[0m Checking CUDA libraries...
2026-03-26 03:08:22,433 - INFO - [36m(setup pid=6254, ip=172.31.36.213)[0m + ldconfig -p
2026-03-26 03:08:22,433 - INFO - [36m(setup pid=6254, ip=172.31.36.213)[0m + grep --color=auto cuda
2026-03-26 03:08:22,433 - INFO - [36m(setup pid=6254, ip=172.31.36.213)[0m 	libnvrtc.so.12 (libc6,x86-64) => /usr/local/cuda-12.4/targets/x86_64-linux/lib/libnvrtc.so.12
2026-03-26 03:08:22,433 - INFO - [36m(setup pid=6254, ip=172.31.36.213)[0m 	libnvrtc.so.12 (libc6,x86-64) => /usr/local/cuda-12.5/targets/x86_64-linux/lib/libnvrtc.so.12
2026-03-26 03:08:22,433 - INFO - [36m(setup pid=6254, ip=172.31.36.213)[0m 	libnvrtc.so.12 (libc6,x86-64) => /usr/local/cuda-12.6/targets/x86_64-linux/lib/libnvrtc.so.12
2026-03-26 03:08:22,433 - INFO - [36m(setup pid=6254, ip=172.31.36.213)[0m 	libnvrtc.so.12 (libc6,x86-64) => /usr/local/cuda-12.8/targets/x86_64-linux/lib/libnvrtc.so.12
2026-03-26 03:08:22,433 - INFO - [36m(setup pid=6254, ip=172.31.36.213)[0m 	libnvrtc.so (libc6,x86-64) => /usr/local/cuda-12.4/targets/x86_64-linux/lib/libnvrtc.so
2026-03-26 03:08:22,433 - INFO - [36m(setup pid=6254, ip=172.31.36.213)[0m 	libnvrtc.so (libc6,x86-64) => /usr/local/cuda-12.5/targets/x86_64-linux/lib/libnvrtc.so
2026-03-26 03:08:22,433 - INFO - [36m(setup pid=6254, ip=172.31.36.213)[0m 	libnvrtc.so (libc6,x86-64) => /usr/local/cuda-12.6/targets/x86_64-linux/lib/libnvrtc.so
2026-03-26 03:08:22,433 - INFO - [36m(setup pid=6254, ip=172.31.36.213)[0m 	libnvrtc.so (libc6,x86-64) => /usr/local/cuda-12.8/targets/x86_64-linux/lib/libnvrtc.so
2026-03-26 03:08:22,433 - INFO - [36m(setup pid=6254, ip=172.31.36.213)[0m 	libnvrtc.alt.so.12 (libc6,x86-64) => /usr/local/cuda-12.8/targets/x86_64-linux/lib/libnvrtc.alt.so.12
2026-03-26 03:08:22,433 - INFO - [36m(setup pid=6254, ip=172.31.36.213)[0m 	libnvrtc.alt.so (libc6,x86-64) => /usr/local/cuda-12.8/targets/x86_64-linux/lib/libnvrtc.alt.so
2026-03-26 03:08:22,433 - INFO - [36m(setup pid=6254, ip=172.31.36.213)[0m 	libnvrtc-builtins.so.12.8 (libc6,x86-64) => /usr/local/cuda-12.8/targets/x86_64-linux/lib/libnvrtc-builtins.so.12.8
2026-03-26 03:08:22,433 - INFO - [36m(setup pid=6254, ip=172.31.36.213)[0m 	libnvrtc-builtins.so.12.6 (libc6,x86-64) => /usr/local/cuda-12.6/targets/x86_64-linux/lib/libnvrtc-builtins.so.12.6
2026-03-26 03:08:22,433 - INFO - [36m(setup pid=6254, ip=172.31.36.213)[0m 	libnvrtc-builtins.so.12.5 (libc6,x86-64) => /usr/local/cuda-12.5/targets/x86_64-linux/lib/libnvrtc-builtins.so.12.5
2026-03-26 03:08:22,433 - INFO - [36m(setup pid=6254, ip=172.31.36.213)[0m 	libnvrtc-builtins.so.12.4 (libc6,x86-64) => /usr/local/cuda-12.4/targets/x86_64-linux/lib/libnvrtc-builtins.so.12.4
2026-03-26 03:08:22,433 - INFO - [36m(setup pid=6254, ip=172.31.36.213)[0m 	libnvrtc-builtins.so (libc6,x86-64) => /usr/local/cuda-12.4/targets/x86_64-linux/lib/libnvrtc-builtins.so
2026-03-26 03:08:22,433 - INFO - [36m(setup pid=6254, ip=172.31.36.213)[0m 	libnvrtc-builtins.so (libc6,x86-64) => /usr/local/cuda-12.5/targets/x86_64-linux/lib/libnvrtc-builtins.so
2026-03-26 03:08:22,433 - INFO - [36m(setup pid=6254, ip=172.31.36.213)[0m 	libnvrtc-builtins.so (libc6,x86-64) => /usr/local/cuda-12.6/targets/x86_64-linux/lib/libnvrtc-builtins.so
2026-03-26 03:08:22,433 - INFO - [36m(setup pid=6254, ip=172.31.36.213)[0m 	libnvrtc-builtins.so (libc6,x86-64) => /usr/local/cuda-12.8/targets/x86_64-linux/lib/libnvrtc-builtins.so
2026-03-26 03:08:22,434 - INFO - [36m(setup pid=6254, ip=172.31.36.213)[0m 	libnvrtc-builtins.alt.so.12.8 (libc6,x86-64) => /usr/local/cuda-12.8/targets/x86_64-linux/lib/libnvrtc-builtins.alt.so.12.8
2026-03-26 03:08:22,434 - INFO - [36m(setup pid=6254, ip=172.31.36.213)[0m 	libnvrtc-builtins.alt.so (libc6,x86-64) => /usr/local/cuda-12.8/targets/x86_64-linux/lib/libnvrtc-builtins.alt.so
2026-03-26 03:08:22,434 - INFO - [36m(setup pid=6254, ip=172.31.36.213)[0m 	libnvjpeg.so.12 (libc6,x86-64) => /usr/local/cuda-12.4/targets/x86_64-linux/lib/libnvjpeg.so.12
2026-03-26 03:08:22,434 - INFO - [36m(setup pid=6254, ip=172.31.36.213)[0m 	libnvjpeg.so.12 (libc6,x86-64) => /usr/local/cuda-12.5/targets/x86_64-linux/lib/libnvjpeg.so.12
2026-03-26 03:08:22,434 - INFO - [36m(setup pid=6254, ip=172.31.36.213)[0m 	libnvjpeg.so.12 (libc6,x86-64) => /usr/local/cuda-12.6/targets/x86_64-linux/lib/libnvjpeg.so.12
2026-03-26 03:08:22,434 - INFO - [36m(setup pid=6254, ip=172.31.36.213)[0m 	libnvjpeg.so.12 (libc6,x86-64) => /usr/local/cuda-12.8/targets/x86_64-linux/lib/libnvjpeg.so.12
2026-03-26 03:08:22,434 - INFO - [36m(setup pid=6254, ip=172.31.36.213)[0m 	libnvjpeg.so (libc6,x86-64) => /usr/local/cuda-12.4/targets/x86_64-linux/lib/libnvjpeg.so
2026-03-26 03:08:22,434 - INFO - [36m(setup pid=6254, ip=172.31.36.213)[0m 	libnvjpeg.so (libc6,x86-64) => /usr/local/cuda-12.5/targets/x86_64-linux/lib/libnvjpeg.so
2026-03-26 03:08:22,434 - INFO - [36m(setup pid=6254, ip=172.31.36.213)[0m 	libnvjpeg.so (libc6,x86-64) => /usr/local/cuda-12.6/targets/x86_64-linux/lib/libnvjpeg.so
2026-03-26 03:08:22,434 - INFO - [36m(setup pid=6254, ip=172.31.36.213)[0m 	libnvjpeg.so (libc6,x86-64) => /usr/local/cuda-12.8/targets/x86_64-linux/lib/libnvjpeg.so
2026-03-26 03:08:22,434 - INFO - [36m(setup pid=6254, ip=172.31.36.213)[0m 	libnvfatbin.so.12 (libc6,x86-64) => /usr/local/cuda-12.4/targets/x86_64-linux/lib/libnvfatbin.so.12
2026-03-26 03:08:22,434 - INFO - [36m(setup pid=6254, ip=172.31.36.213)[0m 	libnvfatbin.so.12 (libc6,x86-64) => /usr/local/cuda-12.5/targets/x86_64-linux/lib/libnvfatbin.so.12
2026-03-26 03:08:22,434 - INFO - [36m(setup pid=6254, ip=172.31.36.213)[0m 	libnvfatbin.so.12 (libc6,x86-64) => /usr/local/cuda-12.6/targets/x86_64-linux/lib/libnvfatbin.so.12
2026-03-26 03:08:22,434 - INFO - [36m(setup pid=6254, ip=172.31.36.213)[0m 	libnvfatbin.so.12 (libc6,x86-64) => /usr/local/cuda-12.8/targets/x86_64-linux/lib/libnvfatbin.so.12
2026-03-26 03:08:22,434 - INFO - [36m(setup pid=6254, ip=172.31.36.213)[0m 	libnvfatbin.so (libc6,x86-64) => /usr/local/cuda-12.4/targets/x86_64-linux/lib/libnvfatbin.so
2026-03-26 03:08:22,434 - INFO - [36m(setup pid=6254, ip=172.31.36.213)[0m 	libnvfatbin.so (libc6,x86-64) => /usr/local/cuda-12.5/targets/x86_64-linux/lib/libnvfatbin.so
2026-03-26 03:08:22,434 - INFO - [36m(setup pid=6254, ip=172.31.36.213)[0m 	libnvfatbin.so (libc6,x86-64) => /usr/local/cuda-12.6/targets/x86_64-linux/lib/libnvfatbin.so
2026-03-26 03:08:22,434 - INFO - [36m(setup pid=6254, ip=172.31.36.213)[0m 	libnvfatbin.so (libc6,x86-64) => /usr/local/cuda-12.8/targets/x86_64-linux/lib/libnvfatbin.so
2026-03-26 03:08:22,434 - INFO - [36m(setup pid=6254, ip=172.31.36.213)[0m 	libnvblas.so.12 (libc6,x86-64) => /usr/local/cuda-12.4/targets/x86_64-linux/lib/libnvblas.so.12
2026-03-26 03:08:22,434 - INFO - [36m(setup pid=6254, ip=172.31.36.213)[0m 	libnvblas.so.12 (libc6,x86-64) => /usr/local/cuda-12.5/targets/x86_64-linux/lib/libnvblas.so.12
2026-03-26 03:08:22,434 - INFO - [36m(setup pid=6254, ip=172.31.36.213)[0m 	libnvblas.so.12 (libc6,x86-64) => /usr/local/cuda-12.6/targets/x86_64-linux/lib/libnvblas.so.12
2026-03-26 03:08:22,434 - INFO - [36m(setup pid=6254, ip=172.31.36.213)[0m 	libnvblas.so.12 (libc6,x86-64) => /usr/local/cuda-12.8/targets/x86_64-linux/lib/libnvblas.so.12
2026-03-26 03:08:22,434 - INFO - [36m(setup pid=6254, ip=172.31.36.213)[0m 	libnvblas.so (libc6,x86-64) => /usr/local/cuda-12.4/targets/x86_64-linux/lib/libnvblas.so
2026-03-26 03:08:22,434 - INFO - [36m(setup pid=6254, ip=172.31.36.213)[0m 	libnvblas.so (libc6,x86-64) => /usr/local/cuda-12.5/targets/x86_64-linux/lib/libnvblas.so
2026-03-26 03:08:22,434 - INFO - [36m(setup pid=6254, ip=172.31.36.213)[0m 	libnvblas.so (libc6,x86-64) => /usr/local/cuda-12.6/targets/x86_64-linux/lib/libnvblas.so
2026-03-26 03:08:22,434 - INFO - [36m(setup pid=6254, ip=172.31.36.213)[0m 	libnvblas.so (libc6,x86-64) => /usr/local/cuda-12.8/targets/x86_64-linux/lib/libnvblas.so
2026-03-26 03:08:22,434 - INFO - [36m(setup pid=6254, ip=172.31.36.213)[0m 	libnvToolsExt.so.1 (libc6,x86-64) => /usr/local/cuda-12.4/targets/x86_64-linux/lib/libnvToolsExt.so.1
2026-03-26 03:08:22,434 - INFO - [36m(setup pid=6254, ip=172.31.36.213)[0m 	libnvToolsExt.so.1 (libc6,x86-64) => /usr/local/cuda-12.5/targets/x86_64-linux/lib/libnvToolsExt.so.1
2026-03-26 03:08:22,434 - INFO - [36m(setup pid=6254, ip=172.31.36.213)[0m 	libnvToolsExt.so.1 (libc6,x86-64) => /usr/local/cuda-12.6/targets/x86_64-linux/lib/libnvToolsExt.so.1
2026-03-26 03:08:22,434 - INFO - [36m(setup pid=6254, ip=172.31.36.213)[0m 	libnvToolsExt.so.1 (libc6,x86-64) => /usr/local/cuda-12.8/targets/x86_64-linux/lib/libnvToolsExt.so.1
2026-03-26 03:08:22,434 - INFO - [36m(setup pid=6254, ip=172.31.36.213)[0m 	libnvToolsExt.so (libc6,x86-64) => /usr/local/cuda-12.4/targets/x86_64-linux/lib/libnvToolsExt.so
2026-03-26 03:08:22,434 - INFO - [36m(setup pid=6254, ip=172.31.36.213)[0m 	libnvToolsExt.so (libc6,x86-64) => /usr/local/cuda-12.5/targets/x86_64-linux/lib/libnvToolsExt.so
2026-03-26 03:08:22,434 - INFO - [36m(setup pid=6254, ip=172.31.36.213)[0m 	libnvToolsExt.so (libc6,x86-64) => /usr/local/cuda-12.6/targets/x86_64-linux/lib/libnvToolsExt.so
2026-03-26 03:08:22,434 - INFO - [36m(setup pid=6254, ip=172.31.36.213)[0m 	libnvToolsExt.so (libc6,x86-64) => /usr/local/cuda-12.8/targets/x86_64-linux/lib/libnvToolsExt.so
2026-03-26 03:08:22,434 - INFO - [36m(setup pid=6254, ip=172.31.36.213)[0m 	libnvJitLink.so.12 (libc6,x86-64) => /usr/local/cuda-12.4/targets/x86_64-linux/lib/libnvJitLink.so.12
2026-03-26 03:08:22,434 - INFO - [36m(setup pid=6254, ip=172.31.36.213)[0m 	libnvJitLink.so.12 (libc6,x86-64) => /usr/local/cuda-12.5/targets/x86_64-linux/lib/libnvJitLink.so.12
2026-03-26 03:08:22,434 - INFO - [36m(setup pid=6254, ip=172.31.36.213)[0m 	libnvJitLink.so.12 (libc6,x86-64) => /usr/local/cuda-12.6/targets/x86_64-linux/lib/libnvJitLink.so.12
2026-03-26 03:08:22,434 - INFO - [36m(setup pid=6254, ip=172.31.36.213)[0m 	libnvJitLink.so.12 (libc6,x86-64) => /usr/local/cuda-12.8/targets/x86_64-linux/lib/libnvJitLink.so.12
2026-03-26 03:08:22,434 - INFO - [36m(setup pid=6254, ip=172.31.36.213)[0m 	libnvJitLink.so (libc6,x86-64) => /usr/local/cuda-12.4/targets/x86_64-linux/lib/libnvJitLink.so
2026-03-26 03:08:22,434 - INFO - [36m(setup pid=6254, ip=172.31.36.213)[0m 	libnvJitLink.so (libc6,x86-64) => /usr/local/cuda-12.5/targets/x86_64-linux/lib/libnvJitLink.so
2026-03-26 03:08:22,434 - INFO - [36m(setup pid=6254, ip=172.31.36.213)[0m 	libnvJitLink.so (libc6,x86-64) => /usr/local/cuda-12.6/targets/x86_64-linux/lib/libnvJitLink.so
2026-03-26 03:08:22,434 - INFO - [36m(setup pid=6254, ip=172.31.36.213)[0m 	libnvJitLink.so (libc6,x86-64) => /usr/local/cuda-12.8/targets/x86_64-linux/lib/libnvJitLink.so
2026-03-26 03:08:22,434 - INFO - [36m(setup pid=6254, ip=172.31.36.213)[0m 	libnpps.so.12 (libc6,x86-64) => /usr/local/cuda-12.4/targets/x86_64-linux/lib/libnpps.so.12
2026-03-26 03:08:22,434 - INFO - [36m(setup pid=6254, ip=172.31.36.213)[0m 	libnpps.so.12 (libc6,x86-64) => /usr/local/cuda-12.5/targets/x86_64-linux/lib/libnpps.so.12
2026-03-26 03:08:22,434 - INFO - [36m(setup pid=6254, ip=172.31.36.213)[0m 	libnpps.so.12 (libc6,x86-64) => /usr/local/cuda-12.6/targets/x86_64-linux/lib/libnpps.so.12
2026-03-26 03:08:22,434 - INFO - [36m(setup pid=6254, ip=172.31.36.213)[0m 	libnpps.so.12 (libc6,x86-64) => /usr/local/cuda-12.8/targets/x86_64-linux/lib/libnpps.so.12
2026-03-26 03:08:22,434 - INFO - [36m(setup pid=6254, ip=172.31.36.213)[0m 	libnpps.so (libc6,x86-64) => /usr/local/cuda-12.4/targets/x86_64-linux/lib/libnpps.so
2026-03-26 03:08:22,434 - INFO - [36m(setup pid=6254, ip=172.31.36.213)[0m 	libnpps.so (libc6,x86-64) => /usr/local/cuda-12.5/targets/x86_64-linux/lib/libnpps.so
2026-03-26 03:08:22,434 - INFO - [36m(setup pid=6254, ip=172.31.36.213)[0m 	libnpps.so (libc6,x86-64) => /usr/local/cuda-12.6/targets/x86_64-linux/lib/libnpps.so
2026-03-26 03:08:22,434 - INFO - [36m(setup pid=6254, ip=172.31.36.213)[0m 	libnpps.so (libc6,x86-64) => /usr/local/cuda-12.8/targets/x86_64-linux/lib/libnpps.so
2026-03-26 03:08:22,434 - INFO - [36m(setup pid=6254, ip=172.31.36.213)[0m 	libnppitc.so.12 (libc6,x86-64) => /usr/local/cuda-12.4/targets/x86_64-linux/lib/libnppitc.so.12
2026-03-26 03:08:22,434 - INFO - [36m(setup pid=6254, ip=172.31.36.213)[0m 	libnppitc.so.12 (libc6,x86-64) => /usr/local/cuda-12.5/targets/x86_64-linux/lib/libnppitc.so.12
2026-03-26 03:08:22,434 - INFO - [36m(setup pid=6254, ip=172.31.36.213)[0m 	libnppitc.so.12 (libc6,x86-64) => /usr/local/cuda-12.6/targets/x86_64-linux/lib/libnppitc.so.12
2026-03-26 03:08:22,434 - INFO - [36m(setup pid=6254, ip=172.31.36.213)[0m 	libnppitc.so.12 (libc6,x86-64) => /usr/local/cuda-12.8/targets/x86_64-linux/lib/libnppitc.so.12
2026-03-26 03:08:22,434 - INFO - [36m(setup pid=6254, ip=172.31.36.213)[0m 	libnppitc.so (libc6,x86-64) => /usr/local/cuda-12.4/targets/x86_64-linux/lib/libnppitc.so
2026-03-26 03:08:22,434 - INFO - [36m(setup pid=6254, ip=172.31.36.213)[0m 	libnppitc.so (libc6,x86-64) => /usr/local/cuda-12.5/targets/x86_64-linux/lib/libnppitc.so
2026-03-26 03:08:22,434 - INFO - [36m(setup pid=6254, ip=172.31.36.213)[0m 	libnppitc.so (libc6,x86-64) => /usr/local/cuda-12.6/targets/x86_64-linux/lib/libnppitc.so
2026-03-26 03:08:22,434 - INFO - [36m(setup pid=6254, ip=172.31.36.213)[0m 	libnppitc.so (libc6,x86-64) => /usr/local/cuda-12.8/targets/x86_64-linux/lib/libnppitc.so
2026-03-26 03:08:22,434 - INFO - [36m(setup pid=6254, ip=172.31.36.213)[0m 	libnppisu.so.12 (libc6,x86-64) => /usr/local/cuda-12.4/targets/x86_64-linux/lib/libnppisu.so.12
2026-03-26 03:08:22,434 - INFO - [36m(setup pid=6254, ip=172.31.36.213)[0m 	libnppisu.so.12 (libc6,x86-64) => /usr/local/cuda-12.5/targets/x86_64-linux/lib/libnppisu.so.12
2026-03-26 03:08:22,434 - INFO - [36m(setup pid=6254, ip=172.31.36.213)[0m 	libnppisu.so.12 (libc6,x86-64) => /usr/local/cuda-12.6/targets/x86_64-linux/lib/libnppisu.so.12
2026-03-26 03:08:22,434 - INFO - [36m(setup pid=6254, ip=172.31.36.213)[0m 	libnppisu.so.12 (libc6,x86-64) => /usr/local/cuda-12.8/targets/x86_64-linux/lib/libnppisu.so.12
2026-03-26 03:08:22,732 - INFO - [36m(setup pid=6254, ip=172.31.36.213)[0m 	libnppisu.so (libc6,x86-64) => /usr/local/cuda-12.4/targets/x86_64-linux/lib/libnppisu.so
2026-03-26 03:08:22,732 - INFO - [36m(setup pid=6254, ip=172.31.36.213)[0m 	libnppisu.so (libc6,x86-64) => /usr/local/cuda-12.5/targets/x86_64-linux/lib/libnppisu.so
2026-03-26 03:08:22,732 - INFO - [36m(setup pid=6254, ip=172.31.36.213)[0m 	libnppisu.so (libc6,x86-64) => /usr/local/cuda-12.6/targets/x86_64-linux/lib/libnppisu.so
2026-03-26 03:08:22,732 - INFO - [36m(setup pid=6254, ip=172.31.36.213)[0m 	libnppisu.so (libc6,x86-64) => /usr/local/cuda-12.8/targets/x86_64-linux/lib/libnppisu.so
2026-03-26 03:08:22,732 - INFO - [36m(setup pid=6254, ip=172.31.36.213)[0m 	libnppist.so.12 (libc6,x86-64) => /usr/local/cuda-12.4/targets/x86_64-linux/lib/libnppist.so.12
2026-03-26 03:08:22,732 - INFO - [36m(setup pid=6254, ip=172.31.36.213)[0m 	libnppist.so.12 (libc6,x86-64) => /usr/local/cuda-12.5/targets/x86_64-linux/lib/libnppist.so.12
2026-03-26 03:08:22,732 - INFO - [36m(setup pid=6254, ip=172.31.36.213)[0m 	libnppist.so.12 (libc6,x86-64) => /usr/local/cuda-12.6/targets/x86_64-linux/lib/libnppist.so.12
2026-03-26 03:08:22,732 - INFO - [36m(setup pid=6254, ip=172.31.36.213)[0m 	libnppist.so.12 (libc6,x86-64) => /usr/local/cuda-12.8/targets/x86_64-linux/lib/libnppist.so.12
2026-03-26 03:08:22,732 - INFO - [36m(setup pid=6254, ip=172.31.36.213)[0m 	libnppist.so (libc6,x86-64) => /usr/local/cuda-12.4/targets/x86_64-linux/lib/libnppist.so
2026-03-26 03:08:22,732 - INFO - [36m(setup pid=6254, ip=172.31.36.213)[0m 	libnppist.so (libc6,x86-64) => /usr/local/cuda-12.5/targets/x86_64-linux/lib/libnppist.so
2026-03-26 03:08:22,732 - INFO - [36m(setup pid=6254, ip=172.31.36.213)[0m 	libnppist.so (libc6,x86-64) => /usr/local/cuda-12.6/targets/x86_64-linux/lib/libnppist.so
2026-03-26 03:08:22,732 - INFO - [36m(setup pid=6254, ip=172.31.36.213)[0m 	libnppist.so (libc6,x86-64) => /usr/local/cuda-12.8/targets/x86_64-linux/lib/libnppist.so
2026-03-26 03:08:22,732 - INFO - [36m(setup pid=6254, ip=172.31.36.213)[0m 	libnppim.so.12 (libc6,x86-64) => /usr/local/cuda-12.4/targets/x86_64-linux/lib/libnppim.so.12
2026-03-26 03:08:22,733 - INFO - [36m(setup pid=6254, ip=172.31.36.213)[0m 	libnppim.so.12 (libc6,x86-64) => /usr/local/cuda-12.5/targets/x86_64-linux/lib/libnppim.so.12
2026-03-26 03:08:22,733 - INFO - [36m(setup pid=6254, ip=172.31.36.213)[0m 	libnppim.so.12 (libc6,x86-64) => /usr/local/cuda-12.6/targets/x86_64-linux/lib/libnppim.so.12
2026-03-26 03:08:22,733 - INFO - [36m(setup pid=6254, ip=172.31.36.213)[0m 	libnppim.so.12 (libc6,x86-64) => /usr/local/cuda-12.8/targets/x86_64-linux/lib/libnppim.so.12
2026-03-26 03:08:22,733 - INFO - [36m(setup pid=6254, ip=172.31.36.213)[0m 	libnppim.so (libc6,x86-64) => /usr/local/cuda-12.4/targets/x86_64-linux/lib/libnppim.so
2026-03-26 03:08:22,733 - INFO - [36m(setup pid=6254, ip=172.31.36.213)[0m 	libnppim.so (libc6,x86-64) => /usr/local/cuda-12.5/targets/x86_64-linux/lib/libnppim.so
2026-03-26 03:08:22,733 - INFO - [36m(setup pid=6254, ip=172.31.36.213)[0m 	libnppim.so (libc6,x86-64) => /usr/local/cuda-12.6/targets/x86_64-linux/lib/libnppim.so
2026-03-26 03:08:22,733 - INFO - [36m(setup pid=6254, ip=172.31.36.213)[0m 	libnppim.so (libc6,x86-64) => /usr/local/cuda-12.8/targets/x86_64-linux/lib/libnppim.so
2026-03-26 03:08:22,733 - INFO - [36m(setup pid=6254, ip=172.31.36.213)[0m 	libnppig.so.12 (libc6,x86-64) => /usr/local/cuda-12.4/targets/x86_64-linux/lib/libnppig.so.12
2026-03-26 03:08:22,733 - INFO - [36m(setup pid=6254, ip=172.31.36.213)[0m 	libnppig.so.12 (libc6,x86-64) => /usr/local/cuda-12.5/targets/x86_64-linux/lib/libnppig.so.12
2026-03-26 03:08:22,733 - INFO - [36m(setup pid=6254, ip=172.31.36.213)[0m 	libnppig.so.12 (libc6,x86-64) => /usr/local/cuda-12.6/targets/x86_64-linux/lib/libnppig.so.12
2026-03-26 03:08:22,733 - INFO - [36m(setup pid=6254, ip=172.31.36.213)[0m 	libnppig.so.12 (libc6,x86-64) => /usr/local/cuda-12.8/targets/x86_64-linux/lib/libnppig.so.12
2026-03-26 03:08:22,733 - INFO - [36m(setup pid=6254, ip=172.31.36.213)[0m 	libnppig.so (libc6,x86-64) => /usr/local/cuda-12.4/targets/x86_64-linux/lib/libnppig.so
2026-03-26 03:08:22,733 - INFO - [36m(setup pid=6254, ip=172.31.36.213)[0m 	libnppig.so (libc6,x86-64) => /usr/local/cuda-12.5/targets/x86_64-linux/lib/libnppig.so
2026-03-26 03:08:22,733 - INFO - [36m(setup pid=6254, ip=172.31.36.213)[0m 	libnppig.so (libc6,x86-64) => /usr/local/cuda-12.6/targets/x86_64-linux/lib/libnppig.so
2026-03-26 03:08:22,733 - INFO - [36m(setup pid=6254, ip=172.31.36.213)[0m 	libnppig.so (libc6,x86-64) => /usr/local/cuda-12.8/targets/x86_64-linux/lib/libnppig.so
2026-03-26 03:08:22,733 - INFO - [36m(setup pid=6254, ip=172.31.36.213)[0m 	libnppif.so.12 (libc6,x86-64) => /usr/local/cuda-12.4/targets/x86_64-linux/lib/libnppif.so.12
2026-03-26 03:08:22,733 - INFO - [36m(setup pid=6254, ip=172.31.36.213)[0m 	libnppif.so.12 (libc6,x86-64) => /usr/local/cuda-12.5/targets/x86_64-linux/lib/libnppif.so.12
2026-03-26 03:08:22,733 - INFO - [36m(setup pid=6254, ip=172.31.36.213)[0m 	libnppif.so.12 (libc6,x86-64) => /usr/local/cuda-12.6/targets/x86_64-linux/lib/libnppif.so.12
2026-03-26 03:08:22,733 - INFO - [36m(setup pid=6254, ip=172.31.36.213)[0m 	libnppif.so.12 (libc6,x86-64) => /usr/local/cuda-12.8/targets/x86_64-linux/lib/libnppif.so.12
2026-03-26 03:08:22,733 - INFO - [36m(setup pid=6254, ip=172.31.36.213)[0m 	libnppif.so (libc6,x86-64) => /usr/local/cuda-12.4/targets/x86_64-linux/lib/libnppif.so
2026-03-26 03:08:22,733 - INFO - [36m(setup pid=6254, ip=172.31.36.213)[0m 	libnppif.so (libc6,x86-64) => /usr/local/cuda-12.5/targets/x86_64-linux/lib/libnppif.so
2026-03-26 03:08:22,733 - INFO - [36m(setup pid=6254, ip=172.31.36.213)[0m 	libnppif.so (libc6,x86-64) => /usr/local/cuda-12.6/targets/x86_64-linux/lib/libnppif.so
2026-03-26 03:08:22,733 - INFO - [36m(setup pid=6254, ip=172.31.36.213)[0m 	libnppif.so (libc6,x86-64) => /usr/local/cuda-12.8/targets/x86_64-linux/lib/libnppif.so
2026-03-26 03:08:22,733 - INFO - [36m(setup pid=6254, ip=172.31.36.213)[0m 	libnppidei.so.12 (libc6,x86-64) => /usr/local/cuda-12.4/targets/x86_64-linux/lib/libnppidei.so.12
2026-03-26 03:08:22,733 - INFO - [36m(setup pid=6254, ip=172.31.36.213)[0m 	libnppidei.so.12 (libc6,x86-64) => /usr/local/cuda-12.5/targets/x86_64-linux/lib/libnppidei.so.12
2026-03-26 03:08:22,733 - INFO - [36m(setup pid=6254, ip=172.31.36.213)[0m 	libnppidei.so.12 (libc6,x86-64) => /usr/local/cuda-12.6/targets/x86_64-linux/lib/libnppidei.so.12
2026-03-26 03:08:22,733 - INFO - [36m(setup pid=6254, ip=172.31.36.213)[0m 	libnppidei.so.12 (libc6,x86-64) => /usr/local/cuda-12.8/targets/x86_64-linux/lib/libnppidei.so.12
2026-03-26 03:08:22,733 - INFO - [36m(setup pid=6254, ip=172.31.36.213)[0m 	libnppidei.so (libc6,x86-64) => /usr/local/cuda-12.4/targets/x86_64-linux/lib/libnppidei.so
2026-03-26 03:08:22,733 - INFO - [36m(setup pid=6254, ip=172.31.36.213)[0m 	libnppidei.so (libc6,x86-64) => /usr/local/cuda-12.5/targets/x86_64-linux/lib/libnppidei.so
2026-03-26 03:08:22,733 - INFO - [36m(setup pid=6254, ip=172.31.36.213)[0m 	libnppidei.so (libc6,x86-64) => /usr/local/cuda-12.6/targets/x86_64-linux/lib/libnppidei.so
2026-03-26 03:08:22,733 - INFO - [36m(setup pid=6254, ip=172.31.36.213)[0m 	libnppidei.so (libc6,x86-64) => /usr/local/cuda-12.8/targets/x86_64-linux/lib/libnppidei.so
2026-03-26 03:08:22,733 - INFO - [36m(setup pid=6254, ip=172.31.36.213)[0m 	libnppicc.so.12 (libc6,x86-64) => /usr/local/cuda-12.4/targets/x86_64-linux/lib/libnppicc.so.12
2026-03-26 03:08:22,733 - INFO - [36m(setup pid=6254, ip=172.31.36.213)[0m 	libnppicc.so.12 (libc6,x86-64) => /usr/local/cuda-12.5/targets/x86_64-linux/lib/libnppicc.so.12
2026-03-26 03:08:22,733 - INFO - [36m(setup pid=6254, ip=172.31.36.213)[0m 	libnppicc.so.12 (libc6,x86-64) => /usr/local/cuda-12.6/targets/x86_64-linux/lib/libnppicc.so.12
2026-03-26 03:08:22,733 - INFO - [36m(setup pid=6254, ip=172.31.36.213)[0m 	libnppicc.so.12 (libc6,x86-64) => /usr/local/cuda-12.8/targets/x86_64-linux/lib/libnppicc.so.12
2026-03-26 03:08:22,733 - INFO - [36m(setup pid=6254, ip=172.31.36.213)[0m 	libnppicc.so (libc6,x86-64) => /usr/local/cuda-12.4/targets/x86_64-linux/lib/libnppicc.so
2026-03-26 03:08:22,733 - INFO - [36m(setup pid=6254, ip=172.31.36.213)[0m 	libnppicc.so (libc6,x86-64) => /usr/local/cuda-12.5/targets/x86_64-linux/lib/libnppicc.so
2026-03-26 03:08:22,733 - INFO - [36m(setup pid=6254, ip=172.31.36.213)[0m 	libnppicc.so (libc6,x86-64) => /usr/local/cuda-12.6/targets/x86_64-linux/lib/libnppicc.so
2026-03-26 03:08:22,733 - INFO - [36m(setup pid=6254, ip=172.31.36.213)[0m 	libnppicc.so (libc6,x86-64) => /usr/local/cuda-12.8/targets/x86_64-linux/lib/libnppicc.so
2026-03-26 03:08:22,733 - INFO - [36m(setup pid=6254, ip=172.31.36.213)[0m 	libnppial.so.12 (libc6,x86-64) => /usr/local/cuda-12.4/targets/x86_64-linux/lib/libnppial.so.12
2026-03-26 03:08:22,733 - INFO - [36m(setup pid=6254, ip=172.31.36.213)[0m 	libnppial.so.12 (libc6,x86-64) => /usr/local/cuda-12.5/targets/x86_64-linux/lib/libnppial.so.12
2026-03-26 03:08:22,733 - INFO - [36m(setup pid=6254, ip=172.31.36.213)[0m 	libnppial.so.12 (libc6,x86-64) => /usr/local/cuda-12.6/targets/x86_64-linux/lib/libnppial.so.12
2026-03-26 03:08:22,733 - INFO - [36m(setup pid=6254, ip=172.31.36.213)[0m 	libnppial.so.12 (libc6,x86-64) => /usr/local/cuda-12.8/targets/x86_64-linux/lib/libnppial.so.12
2026-03-26 03:08:22,733 - INFO - [36m(setup pid=6254, ip=172.31.36.213)[0m 	libnppial.so (libc6,x86-64) => /usr/local/cuda-12.4/targets/x86_64-linux/lib/libnppial.so
2026-03-26 03:08:22,733 - INFO - [36m(setup pid=6254, ip=172.31.36.213)[0m 	libnppial.so (libc6,x86-64) => /usr/local/cuda-12.5/targets/x86_64-linux/lib/libnppial.so
2026-03-26 03:08:22,733 - INFO - [36m(setup pid=6254, ip=172.31.36.213)[0m 	libnppial.so (libc6,x86-64) => /usr/local/cuda-12.6/targets/x86_64-linux/lib/libnppial.so
2026-03-26 03:08:22,733 - INFO - [36m(setup pid=6254, ip=172.31.36.213)[0m 	libnppial.so (libc6,x86-64) => /usr/local/cuda-12.8/targets/x86_64-linux/lib/libnppial.so
2026-03-26 03:08:22,733 - INFO - [36m(setup pid=6254, ip=172.31.36.213)[0m 	libnppc.so.12 (libc6,x86-64) => /usr/local/cuda-12.4/targets/x86_64-linux/lib/libnppc.so.12
2026-03-26 03:08:22,733 - INFO - [36m(setup pid=6254, ip=172.31.36.213)[0m 	libnppc.so.12 (libc6,x86-64) => /usr/local/cuda-12.5/targets/x86_64-linux/lib/libnppc.so.12
2026-03-26 03:08:22,733 - INFO - [36m(setup pid=6254, ip=172.31.36.213)[0m 	libnppc.so.12 (libc6,x86-64) => /usr/local/cuda-12.6/targets/x86_64-linux/lib/libnppc.so.12
2026-03-26 03:08:22,733 - INFO - [36m(setup pid=6254, ip=172.31.36.213)[0m 	libnppc.so.12 (libc6,x86-64) => /usr/local/cuda-12.8/targets/x86_64-linux/lib/libnppc.so.12
2026-03-26 03:08:22,733 - INFO - [36m(setup pid=6254, ip=172.31.36.213)[0m 	libnppc.so (libc6,x86-64) => /usr/local/cuda-12.4/targets/x86_64-linux/lib/libnppc.so
2026-03-26 03:08:22,733 - INFO - [36m(setup pid=6254, ip=172.31.36.213)[0m 	libnppc.so (libc6,x86-64) => /usr/local/cuda-12.5/targets/x86_64-linux/lib/libnppc.so
2026-03-26 03:08:22,733 - INFO - [36m(setup pid=6254, ip=172.31.36.213)[0m 	libnppc.so (libc6,x86-64) => /usr/local/cuda-12.6/targets/x86_64-linux/lib/libnppc.so
2026-03-26 03:08:22,733 - INFO - [36m(setup pid=6254, ip=172.31.36.213)[0m 	libnppc.so (libc6,x86-64) => /usr/local/cuda-12.8/targets/x86_64-linux/lib/libnppc.so
2026-03-26 03:08:22,733 - INFO - [36m(setup pid=6254, ip=172.31.36.213)[0m 	libicudata.so.70 (libc6,x86-64) => /lib/x86_64-linux-gnu/libicudata.so.70
2026-03-26 03:08:22,733 - INFO - [36m(setup pid=6254, ip=172.31.36.213)[0m 	libcusparse.so.12 (libc6,x86-64) => /usr/local/cuda-12.4/targets/x86_64-linux/lib/libcusparse.so.12
2026-03-26 03:08:22,733 - INFO - [36m(setup pid=6254, ip=172.31.36.213)[0m 	libcusparse.so.12 (libc6,x86-64) => /usr/local/cuda-12.5/targets/x86_64-linux/lib/libcusparse.so.12
2026-03-26 03:08:22,733 - INFO - [36m(setup pid=6254, ip=172.31.36.213)[0m 	libcusparse.so.12 (libc6,x86-64) => /usr/local/cuda-12.6/targets/x86_64-linux/lib/libcusparse.so.12
2026-03-26 03:08:22,733 - INFO - [36m(setup pid=6254, ip=172.31.36.213)[0m 	libcusparse.so.12 (libc6,x86-64) => /usr/local/cuda-12.8/targets/x86_64-linux/lib/libcusparse.so.12
2026-03-26 03:08:22,733 - INFO - [36m(setup pid=6254, ip=172.31.36.213)[0m 	libcusparse.so (libc6,x86-64) => /usr/local/cuda-12.4/targets/x86_64-linux/lib/libcusparse.so
2026-03-26 03:08:22,733 - INFO - [36m(setup pid=6254, ip=172.31.36.213)[0m 	libcusparse.so (libc6,x86-64) => /usr/local/cuda-12.5/targets/x86_64-linux/lib/libcusparse.so
2026-03-26 03:08:22,733 - INFO - [36m(setup pid=6254, ip=172.31.36.213)[0m 	libcusparse.so (libc6,x86-64) => /usr/local/cuda-12.6/targets/x86_64-linux/lib/libcusparse.so
2026-03-26 03:08:22,733 - INFO - [36m(setup pid=6254, ip=172.31.36.213)[0m 	libcusparse.so (libc6,x86-64) => /usr/local/cuda-12.8/targets/x86_64-linux/lib/libcusparse.so
2026-03-26 03:08:22,733 - INFO - [36m(setup pid=6254, ip=172.31.36.213)[0m 	libcusolverMg.so.11 (libc6,x86-64) => /usr/local/cuda-12.4/targets/x86_64-linux/lib/libcusolverMg.so.11
2026-03-26 03:08:22,733 - INFO - [36m(setup pid=6254, ip=172.31.36.213)[0m 	libcusolverMg.so.11 (libc6,x86-64) => /usr/local/cuda-12.5/targets/x86_64-linux/lib/libcusolverMg.so.11
2026-03-26 03:08:22,733 - INFO - [36m(setup pid=6254, ip=172.31.36.213)[0m 	libcusolverMg.so.11 (libc6,x86-64) => /usr/local/cuda-12.6/targets/x86_64-linux/lib/libcusolverMg.so.11
2026-03-26 03:08:22,733 - INFO - [36m(setup pid=6254, ip=172.31.36.213)[0m 	libcusolverMg.so.11 (libc6,x86-64) => /usr/local/cuda-12.8/targets/x86_64-linux/lib/libcusolverMg.so.11
2026-03-26 03:08:22,733 - INFO - [36m(setup pid=6254, ip=172.31.36.213)[0m 	libcusolverMg.so (libc6,x86-64) => /usr/local/cuda-12.4/targets/x86_64-linux/lib/libcusolverMg.so
2026-03-26 03:08:22,733 - INFO - [36m(setup pid=6254, ip=172.31.36.213)[0m 	libcusolverMg.so (libc6,x86-64) => /usr/local/cuda-12.5/targets/x86_64-linux/lib/libcusolverMg.so
2026-03-26 03:08:22,733 - INFO - [36m(setup pid=6254, ip=172.31.36.213)[0m 	libcusolverMg.so (libc6,x86-64) => /usr/local/cuda-12.6/targets/x86_64-linux/lib/libcusolverMg.so
2026-03-26 03:08:22,733 - INFO - [36m(setup pid=6254, ip=172.31.36.213)[0m 	libcusolverMg.so (libc6,x86-64) => /usr/local/cuda-12.8/targets/x86_64-linux/lib/libcusolverMg.so
2026-03-26 03:08:22,733 - INFO - [36m(setup pid=6254, ip=172.31.36.213)[0m 	libcusolver.so.11 (libc6,x86-64) => /usr/local/cuda-12.4/targets/x86_64-linux/lib/libcusolver.so.11
2026-03-26 03:08:22,733 - INFO - [36m(setup pid=6254, ip=172.31.36.213)[0m 	libcusolver.so.11 (libc6,x86-64) => /usr/local/cuda-12.5/targets/x86_64-linux/lib/libcusolver.so.11
2026-03-26 03:08:22,733 - INFO - [36m(setup pid=6254, ip=172.31.36.213)[0m 	libcusolver.so.11 (libc6,x86-64) => /usr/local/cuda-12.6/targets/x86_64-linux/lib/libcusolver.so.11
2026-03-26 03:08:22,733 - INFO - [36m(setup pid=6254, ip=172.31.36.213)[0m 	libcusolver.so.11 (libc6,x86-64) => /usr/local/cuda-12.8/targets/x86_64-linux/lib/libcusolver.so.11
2026-03-26 03:08:22,733 - INFO - [36m(setup pid=6254, ip=172.31.36.213)[0m 	libcusolver.so (libc6,x86-64) => /usr/local/cuda-12.4/targets/x86_64-linux/lib/libcusolver.so
2026-03-26 03:08:22,733 - INFO - [36m(setup pid=6254, ip=172.31.36.213)[0m 	libcusolver.so (libc6,x86-64) => /usr/local/cuda-12.5/targets/x86_64-linux/lib/libcusolver.so
2026-03-26 03:08:22,733 - INFO - [36m(setup pid=6254, ip=172.31.36.213)[0m 	libcusolver.so (libc6,x86-64) => /usr/local/cuda-12.6/targets/x86_64-linux/lib/libcusolver.so
2026-03-26 03:08:22,733 - INFO - [36m(setup pid=6254, ip=172.31.36.213)[0m 	libcusolver.so (libc6,x86-64) => /usr/local/cuda-12.8/targets/x86_64-linux/lib/libcusolver.so
2026-03-26 03:08:22,733 - INFO - [36m(setup pid=6254, ip=172.31.36.213)[0m 	libcurand.so.10 (libc6,x86-64) => /usr/local/cuda-12.4/targets/x86_64-linux/lib/libcurand.so.10
2026-03-26 03:08:22,733 - INFO - [36m(setup pid=6254, ip=172.31.36.213)[0m 	libcurand.so.10 (libc6,x86-64) => /usr/local/cuda-12.5/targets/x86_64-linux/lib/libcurand.so.10
2026-03-26 03:08:22,733 - INFO - [36m(setup pid=6254, ip=172.31.36.213)[0m 	libcurand.so.10 (libc6,x86-64) => /usr/local/cuda-12.6/targets/x86_64-linux/lib/libcurand.so.10
2026-03-26 03:08:22,733 - INFO - [36m(setup pid=6254, ip=172.31.36.213)[0m 	libcurand.so.10 (libc6,x86-64) => /usr/local/cuda-12.8/targets/x86_64-linux/lib/libcurand.so.10
2026-03-26 03:08:22,733 - INFO - [36m(setup pid=6254, ip=172.31.36.213)[0m 	libcurand.so (libc6,x86-64) => /usr/local/cuda-12.4/targets/x86_64-linux/lib/libcurand.so
2026-03-26 03:08:22,733 - INFO - [36m(setup pid=6254, ip=172.31.36.213)[0m 	libcurand.so (libc6,x86-64) => /usr/local/cuda-12.5/targets/x86_64-linux/lib/libcurand.so
2026-03-26 03:08:22,733 - INFO - [36m(setup pid=6254, ip=172.31.36.213)[0m 	libcurand.so (libc6,x86-64) => /usr/local/cuda-12.6/targets/x86_64-linux/lib/libcurand.so
2026-03-26 03:08:22,733 - INFO - [36m(setup pid=6254, ip=172.31.36.213)[0m 	libcurand.so (libc6,x86-64) => /usr/local/cuda-12.8/targets/x86_64-linux/lib/libcurand.so
2026-03-26 03:08:22,733 - INFO - [36m(setup pid=6254, ip=172.31.36.213)[0m 	libcuinj64.so.12.8 (libc6,x86-64) => /usr/local/cuda-12.8/targets/x86_64-linux/lib/libcuinj64.so.12.8
2026-03-26 03:08:22,733 - INFO - [36m(setup pid=6254, ip=172.31.36.213)[0m 	libcuinj64.so.12.6 (libc6,x86-64) => /usr/local/cuda-12.6/targets/x86_64-linux/lib/libcuinj64.so.12.6
2026-03-26 03:08:22,733 - INFO - [36m(setup pid=6254, ip=172.31.36.213)[0m 	libcuinj64.so.12.5 (libc6,x86-64) => /usr/local/cuda-12.5/targets/x86_64-linux/lib/libcuinj64.so.12.5
2026-03-26 03:08:22,733 - INFO - [36m(setup pid=6254, ip=172.31.36.213)[0m 	libcuinj64.so.12.4 (libc6,x86-64) => /usr/local/cuda-12.4/targets/x86_64-linux/lib/libcuinj64.so.12.4
2026-03-26 03:08:22,733 - INFO - [36m(setup pid=6254, ip=172.31.36.213)[0m 	libcuinj64.so (libc6,x86-64) => /usr/local/cuda-12.4/targets/x86_64-linux/lib/libcuinj64.so
2026-03-26 03:08:22,733 - INFO - [36m(setup pid=6254, ip=172.31.36.213)[0m 	libcuinj64.so (libc6,x86-64) => /usr/local/cuda-12.5/targets/x86_64-linux/lib/libcuinj64.so
2026-03-26 03:08:22,733 - INFO - [36m(setup pid=6254, ip=172.31.36.213)[0m 	libcuinj64.so (libc6,x86-64) => /usr/local/cuda-12.6/targets/x86_64-linux/lib/libcuinj64.so
2026-03-26 03:08:22,733 - INFO - [36m(setup pid=6254, ip=172.31.36.213)[0m 	libcuinj64.so (libc6,x86-64) => /usr/local/cuda-12.8/targets/x86_64-linux/lib/libcuinj64.so
2026-03-26 03:08:22,733 - INFO - [36m(setup pid=6254, ip=172.31.36.213)[0m 	libcufile_rdma.so.1 (libc6,x86-64) => /usr/local/cuda-12.4/targets/x86_64-linux/lib/libcufile_rdma.so.1
2026-03-26 03:08:22,733 - INFO - [36m(setup pid=6254, ip=172.31.36.213)[0m 	libcufile_rdma.so.1 (libc6,x86-64) => /usr/local/cuda-12.5/targets/x86_64-linux/lib/libcufile_rdma.so.1
2026-03-26 03:08:22,733 - INFO - [36m(setup pid=6254, ip=172.31.36.213)[0m 	libcufile_rdma.so.1 (libc6,x86-64) => /usr/local/cuda-12.6/targets/x86_64-linux/lib/libcufile_rdma.so.1
2026-03-26 03:08:22,733 - INFO - [36m(setup pid=6254, ip=172.31.36.213)[0m 	libcufile_rdma.so.1 (libc6,x86-64) => /usr/local/cuda-12.8/targets/x86_64-linux/lib/libcufile_rdma.so.1
2026-03-26 03:08:22,733 - INFO - [36m(setup pid=6254, ip=172.31.36.213)[0m 	libcufile_rdma.so (libc6,x86-64) => /usr/local/cuda-12.4/targets/x86_64-linux/lib/libcufile_rdma.so
2026-03-26 03:08:22,733 - INFO - [36m(setup pid=6254, ip=172.31.36.213)[0m 	libcufile_rdma.so (libc6,x86-64) => /usr/local/cuda-12.5/targets/x86_64-linux/lib/libcufile_rdma.so
2026-03-26 03:08:22,733 - INFO - [36m(setup pid=6254, ip=172.31.36.213)[0m 	libcufile_rdma.so (libc6,x86-64) => /usr/local/cuda-12.6/targets/x86_64-linux/lib/libcufile_rdma.so
2026-03-26 03:08:22,733 - INFO - [36m(setup pid=6254, ip=172.31.36.213)[0m 	libcufile_rdma.so (libc6,x86-64) => /usr/local/cuda-12.8/targets/x86_64-linux/lib/libcufile_rdma.so
2026-03-26 03:08:22,733 - INFO - [36m(setup pid=6254, ip=172.31.36.213)[0m 	libcufile.so.0 (libc6,x86-64) => /usr/local/cuda-12.4/targets/x86_64-linux/lib/libcufile.so.0
2026-03-26 03:08:22,733 - INFO - [36m(setup pid=6254, ip=172.31.36.213)[0m 	libcufile.so.0 (libc6,x86-64) => /usr/local/cuda-12.5/targets/x86_64-linux/lib/libcufile.so.0
2026-03-26 03:08:22,733 - INFO - [36m(setup pid=6254, ip=172.31.36.213)[0m 	libcufile.so.0 (libc6,x86-64) => /usr/local/cuda-12.6/targets/x86_64-linux/lib/libcufile.so.0
2026-03-26 03:08:22,733 - INFO - [36m(setup pid=6254, ip=172.31.36.213)[0m 	libcufile.so.0 (libc6,x86-64) => /usr/local/cuda-12.8/targets/x86_64-linux/lib/libcufile.so.0
2026-03-26 03:08:22,733 - INFO - [36m(setup pid=6254, ip=172.31.36.213)[0m 	libcufile.so (libc6,x86-64) => /usr/local/cuda-12.4/targets/x86_64-linux/lib/libcufile.so
2026-03-26 03:08:22,733 - INFO - [36m(setup pid=6254, ip=172.31.36.213)[0m 	libcufile.so (libc6,x86-64) => /usr/local/cuda-12.5/targets/x86_64-linux/lib/libcufile.so
2026-03-26 03:08:22,733 - INFO - [36m(setup pid=6254, ip=172.31.36.213)[0m 	libcufile.so (libc6,x86-64) => /usr/local/cuda-12.6/targets/x86_64-linux/lib/libcufile.so
2026-03-26 03:08:22,733 - INFO - [36m(setup pid=6254, ip=172.31.36.213)[0m 	libcufile.so (libc6,x86-64) => /usr/local/cuda-12.8/targets/x86_64-linux/lib/libcufile.so
2026-03-26 03:08:22,733 - INFO - [36m(setup pid=6254, ip=172.31.36.213)[0m 	libcufftw.so.11 (libc6,x86-64) => /usr/local/cuda-12.4/targets/x86_64-linux/lib/libcufftw.so.11
2026-03-26 03:08:22,733 - INFO - [36m(setup pid=6254, ip=172.31.36.213)[0m 	libcufftw.so.11 (libc6,x86-64) => /usr/local/cuda-12.5/targets/x86_64-linux/lib/libcufftw.so.11
2026-03-26 03:08:22,733 - INFO - [36m(setup pid=6254, ip=172.31.36.213)[0m 	libcufftw.so.11 (libc6,x86-64) => /usr/local/cuda-12.6/targets/x86_64-linux/lib/libcufftw.so.11
2026-03-26 03:08:22,733 - INFO - [36m(setup pid=6254, ip=172.31.36.213)[0m 	libcufftw.so.11 (libc6,x86-64) => /usr/local/cuda-12.8/targets/x86_64-linux/lib/libcufftw.so.11
2026-03-26 03:08:22,733 - INFO - [36m(setup pid=6254, ip=172.31.36.213)[0m 	libcufftw.so (libc6,x86-64) => /usr/local/cuda-12.4/targets/x86_64-linux/lib/libcufftw.so
2026-03-26 03:08:22,733 - INFO - [36m(setup pid=6254, ip=172.31.36.213)[0m 	libcufftw.so (libc6,x86-64) => /usr/local/cuda-12.5/targets/x86_64-linux/lib/libcufftw.so
2026-03-26 03:08:22,733 - INFO - [36m(setup pid=6254, ip=172.31.36.213)[0m 	libcufftw.so (libc6,x86-64) => /usr/local/cuda-12.6/targets/x86_64-linux/lib/libcufftw.so
2026-03-26 03:08:22,733 - INFO - [36m(setup pid=6254, ip=172.31.36.213)[0m 	libcufftw.so (libc6,x86-64) => /usr/local/cuda-12.8/targets/x86_64-linux/lib/libcufftw.so
2026-03-26 03:08:22,733 - INFO - [36m(setup pid=6254, ip=172.31.36.213)[0m 	libcufft.so.11 (libc6,x86-64) => /usr/local/cuda-12.4/targets/x86_64-linux/lib/libcufft.so.11
2026-03-26 03:08:22,733 - INFO - [36m(setup pid=6254, ip=172.31.36.213)[0m 	libcufft.so.11 (libc6,x86-64) => /usr/local/cuda-12.5/targets/x86_64-linux/lib/libcufft.so.11
2026-03-26 03:08:22,733 - INFO - [36m(setup pid=6254, ip=172.31.36.213)[0m 	libcufft.so.11 (libc6,x86-64) => /usr/local/cuda-12.6/targets/x86_64-linux/lib/libcufft.so.11
2026-03-26 03:08:22,733 - INFO - [36m(setup pid=6254, ip=172.31.36.213)[0m 	libcufft.so.11 (libc6,x86-64) => /usr/local/cuda-12.8/targets/x86_64-linux/lib/libcufft.so.11
2026-03-26 03:08:22,733 - INFO - [36m(setup pid=6254, ip=172.31.36.213)[0m 	libcufft.so (libc6,x86-64) => /usr/local/cuda-12.4/targets/x86_64-linux/lib/libcufft.so
2026-03-26 03:08:22,733 - INFO - [36m(setup pid=6254, ip=172.31.36.213)[0m 	libcufft.so (libc6,x86-64) => /usr/local/cuda-12.5/targets/x86_64-linux/lib/libcufft.so
2026-03-26 03:08:22,734 - INFO - [36m(setup pid=6254, ip=172.31.36.213)[0m 	libcufft.so (libc6,x86-64) => /usr/local/cuda-12.6/targets/x86_64-linux/lib/libcufft.so
2026-03-26 03:08:22,734 - INFO - [36m(setup pid=6254, ip=172.31.36.213)[0m 	libcufft.so (libc6,x86-64) => /usr/local/cuda-12.8/targets/x86_64-linux/lib/libcufft.so
2026-03-26 03:08:22,734 - INFO - [36m(setup pid=6254, ip=172.31.36.213)[0m 	libcudart.so.12 (libc6,x86-64) => /usr/local/cuda-12.4/targets/x86_64-linux/lib/libcudart.so.12
2026-03-26 03:08:22,734 - INFO - [36m(setup pid=6254, ip=172.31.36.213)[0m 	libcudart.so.12 (libc6,x86-64) => /usr/local/cuda-12.5/targets/x86_64-linux/lib/libcudart.so.12
2026-03-26 03:08:22,734 - INFO - [36m(setup pid=6254, ip=172.31.36.213)[0m 	libcudart.so.12 (libc6,x86-64) => /usr/local/cuda-12.6/targets/x86_64-linux/lib/libcudart.so.12
2026-03-26 03:08:22,734 - INFO - [36m(setup pid=6254, ip=172.31.36.213)[0m 	libcudart.so.12 (libc6,x86-64) => /usr/local/cuda-12.8/targets/x86_64-linux/lib/libcudart.so.12
2026-03-26 03:08:22,734 - INFO - [36m(setup pid=6254, ip=172.31.36.213)[0m 	libcudart.so (libc6,x86-64) => /usr/local/cuda-12.4/targets/x86_64-linux/lib/libcudart.so
2026-03-26 03:08:22,734 - INFO - [36m(setup pid=6254, ip=172.31.36.213)[0m 	libcudart.so (libc6,x86-64) => /usr/local/cuda-12.5/targets/x86_64-linux/lib/libcudart.so
2026-03-26 03:08:22,734 - INFO - [36m(setup pid=6254, ip=172.31.36.213)[0m 	libcudart.so (libc6,x86-64) => /usr/local/cuda-12.6/targets/x86_64-linux/lib/libcudart.so
2026-03-26 03:08:22,734 - INFO - [36m(setup pid=6254, ip=172.31.36.213)[0m 	libcudart.so (libc6,x86-64) => /usr/local/cuda-12.8/targets/x86_64-linux/lib/libcudart.so
2026-03-26 03:08:22,734 - INFO - [36m(setup pid=6254, ip=172.31.36.213)[0m 	libcudadebugger.so.1 (libc6,x86-64) => /lib/x86_64-linux-gnu/libcudadebugger.so.1
2026-03-26 03:08:22,734 - INFO - [36m(setup pid=6254, ip=172.31.36.213)[0m 	libcuda.so.1 (libc6,x86-64) => /lib/x86_64-linux-gnu/libcuda.so.1
2026-03-26 03:08:22,734 - INFO - [36m(setup pid=6254, ip=172.31.36.213)[0m 	libcuda.so (libc6,x86-64) => /lib/x86_64-linux-gnu/libcuda.so
2026-03-26 03:08:22,734 - INFO - [36m(setup pid=6254, ip=172.31.36.213)[0m 	libcublasLt.so.12 (libc6,x86-64) => /usr/local/cuda-12.4/targets/x86_64-linux/lib/libcublasLt.so.12
2026-03-26 03:08:22,734 - INFO - [36m(setup pid=6254, ip=172.31.36.213)[0m 	libcublasLt.so.12 (libc6,x86-64) => /usr/local/cuda-12.5/targets/x86_64-linux/lib/libcublasLt.so.12
2026-03-26 03:08:22,734 - INFO - [36m(setup pid=6254, ip=172.31.36.213)[0m 	libcublasLt.so.12 (libc6,x86-64) => /usr/local/cuda-12.6/targets/x86_64-linux/lib/libcublasLt.so.12
2026-03-26 03:08:22,734 - INFO - [36m(setup pid=6254, ip=172.31.36.213)[0m 	libcublasLt.so.12 (libc6,x86-64) => /usr/local/cuda-12.8/targets/x86_64-linux/lib/libcublasLt.so.12
2026-03-26 03:08:22,734 - INFO - [36m(setup pid=6254, ip=172.31.36.213)[0m 	libcublasLt.so (libc6,x86-64) => /usr/local/cuda-12.4/targets/x86_64-linux/lib/libcublasLt.so
2026-03-26 03:08:22,734 - INFO - [36m(setup pid=6254, ip=172.31.36.213)[0m 	libcublasLt.so (libc6,x86-64) => /usr/local/cuda-12.5/targets/x86_64-linux/lib/libcublasLt.so
2026-03-26 03:08:22,734 - INFO - [36m(setup pid=6254, ip=172.31.36.213)[0m 	libcublasLt.so (libc6,x86-64) => /usr/local/cuda-12.6/targets/x86_64-linux/lib/libcublasLt.so
2026-03-26 03:08:22,734 - INFO - [36m(setup pid=6254, ip=172.31.36.213)[0m 	libcublasLt.so (libc6,x86-64) => /usr/local/cuda-12.8/targets/x86_64-linux/lib/libcublasLt.so
2026-03-26 03:08:22,734 - INFO - [36m(setup pid=6254, ip=172.31.36.213)[0m 	libcublas.so.12 (libc6,x86-64) => /usr/local/cuda-12.4/targets/x86_64-linux/lib/libcublas.so.12
2026-03-26 03:08:22,734 - INFO - [36m(setup pid=6254, ip=172.31.36.213)[0m 	libcublas.so.12 (libc6,x86-64) => /usr/local/cuda-12.5/targets/x86_64-linux/lib/libcublas.so.12
2026-03-26 03:08:22,734 - INFO - [36m(setup pid=6254, ip=172.31.36.213)[0m 	libcublas.so.12 (libc6,x86-64) => /usr/local/cuda-12.6/targets/x86_64-linux/lib/libcublas.so.12
2026-03-26 03:08:22,734 - INFO - [36m(setup pid=6254, ip=172.31.36.213)[0m 	libcublas.so.12 (libc6,x86-64) => /usr/local/cuda-12.8/targets/x86_64-linux/lib/libcublas.so.12
2026-03-26 03:08:22,734 - INFO - [36m(setup pid=6254, ip=172.31.36.213)[0m 	libcublas.so (libc6,x86-64) => /usr/local/cuda-12.4/targets/x86_64-linux/lib/libcublas.so
2026-03-26 03:08:22,734 - INFO - [36m(setup pid=6254, ip=172.31.36.213)[0m 	libcublas.so (libc6,x86-64) => /usr/local/cuda-12.5/targets/x86_64-linux/lib/libcublas.so
2026-03-26 03:08:22,734 - INFO - [36m(setup pid=6254, ip=172.31.36.213)[0m 	libcublas.so (libc6,x86-64) => /usr/local/cuda-12.6/targets/x86_64-linux/lib/libcublas.so
2026-03-26 03:08:22,734 - INFO - [36m(setup pid=6254, ip=172.31.36.213)[0m 	libcublas.so (libc6,x86-64) => /usr/local/cuda-12.8/targets/x86_64-linux/lib/libcublas.so
2026-03-26 03:08:22,734 - INFO - [36m(setup pid=6254, ip=172.31.36.213)[0m 	libaccinj64.so.12.8 (libc6,x86-64) => /usr/local/cuda-12.8/targets/x86_64-linux/lib/libaccinj64.so.12.8
2026-03-26 03:08:22,734 - INFO - [36m(setup pid=6254, ip=172.31.36.213)[0m 	libaccinj64.so.12.6 (libc6,x86-64) => /usr/local/cuda-12.6/targets/x86_64-linux/lib/libaccinj64.so.12.6
2026-03-26 03:08:22,734 - INFO - [36m(setup pid=6254, ip=172.31.36.213)[0m 	libaccinj64.so.12.5 (libc6,x86-64) => /usr/local/cuda-12.5/targets/x86_64-linux/lib/libaccinj64.so.12.5
2026-03-26 03:08:22,734 - INFO - [36m(setup pid=6254, ip=172.31.36.213)[0m 	libaccinj64.so.12.4 (libc6,x86-64) => /usr/local/cuda-12.4/targets/x86_64-linux/lib/libaccinj64.so.12.4
2026-03-26 03:08:22,734 - INFO - [36m(setup pid=6254, ip=172.31.36.213)[0m 	libaccinj64.so (libc6,x86-64) => /usr/local/cuda-12.4/targets/x86_64-linux/lib/libaccinj64.so
2026-03-26 03:08:22,734 - INFO - [36m(setup pid=6254, ip=172.31.36.213)[0m 	libaccinj64.so (libc6,x86-64) => /usr/local/cuda-12.5/targets/x86_64-linux/lib/libaccinj64.so
2026-03-26 03:08:22,734 - INFO - [36m(setup pid=6254, ip=172.31.36.213)[0m 	libaccinj64.so (libc6,x86-64) => /usr/local/cuda-12.6/targets/x86_64-linux/lib/libaccinj64.so
2026-03-26 03:08:22,734 - INFO - [36m(setup pid=6254, ip=172.31.36.213)[0m 	libaccinj64.so (libc6,x86-64) => /usr/local/cuda-12.8/targets/x86_64-linux/lib/libaccinj64.so
2026-03-26 03:08:22,734 - INFO - [36m(setup pid=6254, ip=172.31.36.213)[0m 	libOpenCL.so.1 (libc6,x86-64) => /usr/local/cuda-12.4/targets/x86_64-linux/lib/libOpenCL.so.1
2026-03-26 03:08:22,734 - INFO - [36m(setup pid=6254, ip=172.31.36.213)[0m 	libOpenCL.so.1 (libc6,x86-64) => /usr/local/cuda-12.5/targets/x86_64-linux/lib/libOpenCL.so.1
2026-03-26 03:08:22,734 - INFO - [36m(setup pid=6254, ip=172.31.36.213)[0m 	libOpenCL.so.1 (libc6,x86-64) => /usr/local/cuda-12.6/targets/x86_64-linux/lib/libOpenCL.so.1
2026-03-26 03:08:22,734 - INFO - [36m(setup pid=6254, ip=172.31.36.213)[0m 	libOpenCL.so.1 (libc6,x86-64) => /usr/local/cuda-12.8/targets/x86_64-linux/lib/libOpenCL.so.1
2026-03-26 03:08:22,734 - INFO - [36m(setup pid=6254, ip=172.31.36.213)[0m 	libOpenCL.so (libc6,x86-64) => /usr/local/cuda-12.4/targets/x86_64-linux/lib/libOpenCL.so
2026-03-26 03:08:22,734 - INFO - [36m(setup pid=6254, ip=172.31.36.213)[0m 	libOpenCL.so (libc6,x86-64) => /usr/local/cuda-12.5/targets/x86_64-linux/lib/libOpenCL.so
2026-03-26 03:08:22,734 - INFO - [36m(setup pid=6254, ip=172.31.36.213)[0m 	libOpenCL.so (libc6,x86-64) => /usr/local/cuda-12.6/targets/x86_64-linux/lib/libOpenCL.so
2026-03-26 03:08:22,734 - INFO - [36m(setup pid=6254, ip=172.31.36.213)[0m 	libOpenCL.so (libc6,x86-64) => /usr/local/cuda-12.8/targets/x86_64-linux/lib/libOpenCL.so
2026-03-26 03:08:22,734 - INFO - [36m(setup pid=6254, ip=172.31.36.213)[0m + echo 'CUDA toolkit path:'
2026-03-26 03:08:22,734 - INFO - [36m(setup pid=6254, ip=172.31.36.213)[0m CUDA toolkit path:
2026-03-26 03:08:22,734 - INFO - [36m(setup pid=6254, ip=172.31.36.213)[0m + ls --color=auto -la /usr/local/cuda /usr/local/cuda-12.4 /usr/local/cuda-12.5 /usr/local/cuda-12.6 /usr/local/cuda-12.8
2026-03-26 03:08:22,734 - INFO - [36m(setup pid=6499)[0m lrwxrwxrwx  1 root root   21 Aug  8  2025 /usr/local/cuda -> /usr/local/cuda-12.8/
2026-03-26 03:08:22,734 - INFO - [36m(setup pid=6499)[0m
2026-03-26 03:08:22,734 - INFO - [36m(setup pid=6499)[0m /usr/local/cuda-12.4:
2026-03-26 03:08:22,734 - INFO - [36m(setup pid=6499)[0m total 188
2026-03-26 03:08:22,734 - INFO - [36m(setup pid=6499)[0m drwxr-xr-x 19 root   root    4096 Aug  8  2025 .
2026-03-26 03:08:22,734 - INFO - [36m(setup pid=6499)[0m drwxr-xr-x 15 root   root    4096 Aug  8  2025 ..
2026-03-26 03:08:22,734 - INFO - [36m(setup pid=6499)[0m -rw-r--r--  1 root   root     160 Aug  8  2025 DOCS
2026-03-26 03:08:22,734 - INFO - [36m(setup pid=6499)[0m -rw-r--r--  1 root   root   63021 Aug  8  2025 EULA.txt
2026-03-26 03:08:22,734 - INFO - [36m(setup pid=6499)[0m -rw-r--r--  1 ubuntu ubuntu 29662 Nov 30  2023 LICENSE
2026-03-26 03:08:22,734 - INFO - [36m(setup pid=6499)[0m -rw-r--r--  1 root   root    1895 Jun 11  2024 LICENSE.txt
2026-03-26 03:08:22,734 - INFO - [36m(setup pid=6499)[0m -rw-r--r--  1 root   root     524 Aug  8  2025 README
2026-03-26 03:08:22,734 - INFO - [36m(setup pid=6499)[0m drwxr-xr-x  3 root   root    4096 Aug  8  2025 bin
2026-03-26 03:08:22,734 - INFO - [36m(setup pid=6499)[0m drwxr-xr-x  5 root   root    4096 Aug  8  2025 compute-sanitizer
2026-03-26 03:08:22,734 - INFO - [36m(setup pid=6499)[0m drwxr-xr-x  3 root   root    4096 Aug  8  2025 efa
2026-03-26 03:08:22,734 - INFO - [36m(setup pid=6499)[0m drwxr-xr-x  5 root   root    4096 Aug  8  2025 extras
2026-03-26 03:08:22,734 - INFO - [36m(setup pid=6499)[0m drwxr-xr-x  5 root   root    4096 Aug  8  2025 gds
2026-03-26 03:08:22,734 - INFO - [36m(setup pid=6499)[0m drwxr-xr-x  2 root   root    4096 Aug  8  2025 gds-12.4
2026-03-26 03:08:22,734 - INFO - [36m(setup pid=6499)[0m lrwxrwxrwx  1 root   root      28 Aug  8  2025 include -> targets/x86_64-linux/include
2026-03-26 03:08:22,734 - INFO - [36m(setup pid=6499)[0m drwxrwxr-x  3 root   root    4096 Aug  8  2025 lib
2026-03-26 03:08:22,734 - INFO - [36m(setup pid=6499)[0m lrwxrwxrwx  1 root   root      24 Aug  8  2025 lib64 -> targets/x86_64-linux/lib
2026-03-26 03:08:22,734 - INFO - [36m(setup pid=6499)[0m drwxr-xr-x  7 root   root    4096 Aug  8  2025 libnvvp
2026-03-26 03:08:22,734 - INFO - [36m(setup pid=6499)[0m drwxr-xr-x  7 root   root    4096 Aug  8  2025 nsight-compute-2024.1.1
2026-03-26 03:08:22,734 - INFO - [36m(setup pid=6499)[0m drwxr-xr-x  6 root   root    4096 Aug  8  2025 nsight-systems-2023.4.4
2026-03-26 03:08:22,734 - INFO - [36m(setup pid=6499)[0m drwxr-xr-x  2 root   root    4096 Aug  8  2025 nsightee_plugins
2026-03-26 03:08:22,734 - INFO - [36m(setup pid=6499)[0m drwxr-xr-x  3 root   root    4096 Aug  8  2025 nvml
2026-03-26 03:08:22,734 - INFO - [36m(setup pid=6499)[0m drwxr-xr-x  6 root   root    4096 Aug  8  2025 nvvm
2026-03-26 03:08:22,734 - INFO - [36m(setup pid=6499)[0m drwxr-xr-x  3 root   root    4096 Aug  8  2025 share
2026-03-26 03:08:22,734 - INFO - [36m(setup pid=6499)[0m drwxr-xr-x  2 root   root    4096 Aug  8  2025 src
2026-03-26 03:08:22,734 - INFO - [36m(setup pid=6499)[0m drwxr-xr-x  3 root   root    4096 Aug  8  2025 targets
2026-03-26 03:08:22,734 - INFO - [36m(setup pid=6499)[0m drwxr-xr-x  2 root   root    4096 Aug  8  2025 tools
2026-03-26 03:08:22,734 - INFO - [36m(setup pid=6499)[0m -rw-r--r--  1 root   root    2957 Aug  8  2025 version.json
2026-03-26 03:08:22,734 - INFO - [36m(setup pid=6499)[0m
2026-03-26 03:08:22,734 - INFO - [36m(setup pid=6499)[0m /usr/local/cuda-12.5:
2026-03-26 03:08:22,734 - INFO - [36m(setup pid=6499)[0m total 188
2026-03-26 03:08:22,734 - INFO - [36m(setup pid=6499)[0m drwxr-xr-x 19 root   root    4096 Aug  8  2025 .
2026-03-26 03:08:22,734 - INFO - [36m(setup pid=6499)[0m drwxr-xr-x 15 root   root    4096 Aug  8  2025 ..
2026-03-26 03:08:22,734 - INFO - [36m(setup pid=6499)[0m -rw-r--r--  1 root   root     160 Aug  8  2025 DOCS
2026-03-26 03:08:22,734 - INFO - [36m(setup pid=6499)[0m -rw-r--r--  1 root   root   63021 Aug  8  2025 EULA.txt
2026-03-26 03:08:22,734 - INFO - [36m(setup pid=6499)[0m -rw-r--r--  1 ubuntu ubuntu 29574 Oct 21  2024 LICENSE
2026-03-26 03:08:22,734 - INFO - [36m(setup pid=6499)[0m -rw-r--r--  1 root   root    1895 Nov  6  2024 LICENSE.txt
2026-03-26 03:08:22,734 - INFO - [36m(setup pid=6499)[0m -rw-r--r--  1 root   root     524 Aug  8  2025 README
2026-03-26 03:08:22,734 - INFO - [36m(setup pid=6499)[0m drwxr-xr-x  3 root   root    4096 Aug  8  2025 bin
2026-03-26 03:08:22,734 - INFO - [36m(setup pid=6499)[0m drwxr-xr-x  5 root   root    4096 Aug  8  2025 compute-sanitizer
2026-03-26 03:08:22,734 - INFO - [36m(setup pid=6499)[0m drwxr-xr-x  3 root   root    4096 Aug  8  2025 efa
2026-03-26 03:08:22,734 - INFO - [36m(setup pid=6499)[0m drwxr-xr-x  5 root   root    4096 Aug  8  2025 extras
2026-03-26 03:08:22,734 - INFO - [36m(setup pid=6499)[0m drwxr-xr-x  5 root   root    4096 Aug  8  2025 gds
2026-03-26 03:08:22,734 - INFO - [36m(setup pid=6499)[0m drwxr-xr-x  2 root   root    4096 Aug  8  2025 gds-12.5
2026-03-26 03:08:22,734 - INFO - [36m(setup pid=6499)[0m lrwxrwxrwx  1 root   root      28 Aug  8  2025 include -> targets/x86_64-linux/include
2026-03-26 03:08:22,734 - INFO - [36m(setup pid=6499)[0m drwxr-xr-x  3 root   root    4096 Aug  8  2025 lib
2026-03-26 03:08:22,734 - INFO - [36m(setup pid=6499)[0m lrwxrwxrwx  1 root   root      24 Aug  8  2025 lib64 -> targets/x86_64-linux/lib
2026-03-26 03:08:22,734 - INFO - [36m(setup pid=6499)[0m drwxr-xr-x  7 root   root    4096 Aug  8  2025 libnvvp
2026-03-26 03:08:22,734 - INFO - [36m(setup pid=6499)[0m drwxr-xr-x  7 root   root    4096 Aug  8  2025 nsight-compute-2024.2.0
2026-03-26 03:08:22,734 - INFO - [36m(setup pid=6499)[0m drwxr-xr-x  6 root   root    4096 Aug  8  2025 nsight-systems-2024.2.3
2026-03-26 03:08:22,734 - INFO - [36m(setup pid=6499)[0m drwxr-xr-x  2 root   root    4096 Aug  8  2025 nsightee_plugins
2026-03-26 03:08:22,734 - INFO - [36m(setup pid=6499)[0m drwxr-xr-x  3 root   root    4096 Aug  8  2025 nvml
2026-03-26 03:08:22,734 - INFO - [36m(setup pid=6499)[0m drwxr-xr-x  6 root   root    4096 Aug  8  2025 nvvm
2026-03-26 03:08:22,734 - INFO - [36m(setup pid=6499)[0m drwxr-xr-x  3 root   root    4096 Aug  8  2025 share
2026-03-26 03:08:22,734 - INFO - [36m(setup pid=6499)[0m drwxr-xr-x  2 root   root    4096 Aug  8  2025 src
2026-03-26 03:08:22,734 - INFO - [36m(setup pid=6499)[0m drwxr-xr-x  3 root   root    4096 Aug  8  2025 targets
2026-03-26 03:08:22,734 - INFO - [36m(setup pid=6499)[0m drwxr-xr-x  2 root   root    4096 Aug  8  2025 tools
2026-03-26 03:08:22,734 - INFO - [36m(setup pid=6499)[0m -rw-r--r--  1 root   root    2940 Aug  8  2025 version.json
2026-03-26 03:08:22,734 - INFO - [36m(setup pid=6499)[0m
2026-03-26 03:08:22,734 - INFO - [36m(setup pid=6499)[0m /usr/local/cuda-12.6:
2026-03-26 03:08:22,734 - INFO - [36m(setup pid=6499)[0m total 188
2026-03-26 03:08:22,734 - INFO - [36m(setup pid=6499)[0m drwxr-xr-x 19 root   root    4096 Aug  8  2025 .
2026-03-26 03:08:22,734 - INFO - [36m(setup pid=6499)[0m drwxr-xr-x 15 root   root    4096 Aug  8  2025 ..
2026-03-26 03:08:22,734 - INFO - [36m(setup pid=6499)[0m -rw-r--r--  1 root   root     160 Aug  8  2025 DOCS
2026-03-26 03:08:22,734 - INFO - [36m(setup pid=6499)[0m -rw-r--r--  1 root   root   63021 Aug  8  2025 EULA.txt
2026-03-26 03:08:22,734 - INFO - [36m(setup pid=6499)[0m -rw-r--r--  1 ubuntu ubuntu 29574 Dec 30  2024 LICENSE
2026-03-26 03:08:22,734 - INFO - [36m(setup pid=6499)[0m -rw-r--r--  1 root   root    1895 Dec  7  2024 LICENSE.txt
2026-03-26 03:08:22,734 - INFO - [36m(setup pid=6499)[0m -rw-r--r--  1 root   root     524 Aug  8  2025 README
2026-03-26 03:08:22,734 - INFO - [36m(setup pid=6499)[0m drwxrwxr-x  3 root   root    4096 Dec  7  2024 bin
2026-03-26 03:08:22,734 - INFO - [36m(setup pid=6499)[0m drwxr-xr-x  5 root   root    4096 Aug  8  2025 compute-sanitizer
2026-03-26 03:08:22,734 - INFO - [36m(setup pid=6499)[0m drwxr-xr-x  3 root   root    4096 Aug  8  2025 efa
2026-03-26 03:08:22,734 - INFO - [36m(setup pid=6499)[0m drwxr-xr-x  5 root   root    4096 Aug  8  2025 extras
2026-03-26 03:08:22,734 - INFO - [36m(setup pid=6499)[0m drwxr-xr-x  5 root   root    4096 Aug  8  2025 gds
2026-03-26 03:08:22,734 - INFO - [36m(setup pid=6499)[0m drwxr-xr-x  2 root   root    4096 Aug  8  2025 gds-12.6
2026-03-26 03:08:22,734 - INFO - [36m(setup pid=6499)[0m lrwxrwxrwx  1 root   root      28 Aug  8  2025 include -> targets/x86_64-linux/include
2026-03-26 03:08:22,734 - INFO - [36m(setup pid=6254, ip=172.31.36.213)[0m lrwxrwxrwx  1 root root   21 Aug  8  2025 /usr/local/cuda -> /usr/local/cuda-12.8/
2026-03-26 03:08:22,734 - INFO - [36m(setup pid=6254, ip=172.31.36.213)[0m
2026-03-26 03:08:22,734 - INFO - [36m(setup pid=6254, ip=172.31.36.213)[0m /usr/local/cuda-12.4:
2026-03-26 03:08:22,735 - INFO - [36m(setup pid=6254, ip=172.31.36.213)[0m total 188
2026-03-26 03:08:22,735 - INFO - [36m(setup pid=6254, ip=172.31.36.213)[0m drwxr-xr-x 19 root   root    4096 Aug  8  2025 .
2026-03-26 03:08:22,735 - INFO - [36m(setup pid=6254, ip=172.31.36.213)[0m drwxr-xr-x 15 root   root    4096 Aug  8  2025 ..
2026-03-26 03:08:22,735 - INFO - [36m(setup pid=6254, ip=172.31.36.213)[0m -rw-r--r--  1 root   root     160 Aug  8  2025 DOCS
2026-03-26 03:08:22,735 - INFO - [36m(setup pid=6254, ip=172.31.36.213)[0m -rw-r--r--  1 root   root   63021 Aug  8  2025 EULA.txt
2026-03-26 03:08:22,735 - INFO - [36m(setup pid=6254, ip=172.31.36.213)[0m -rw-r--r--  1 ubuntu ubuntu 29662 Nov 30  2023 LICENSE
2026-03-26 03:08:22,735 - INFO - [36m(setup pid=6254, ip=172.31.36.213)[0m -rw-r--r--  1 root   root    1895 Jun 11  2024 LICENSE.txt
2026-03-26 03:08:22,735 - INFO - [36m(setup pid=6254, ip=172.31.36.213)[0m -rw-r--r--  1 root   root     524 Aug  8  2025 README
2026-03-26 03:08:22,735 - INFO - [36m(setup pid=6254, ip=172.31.36.213)[0m drwxr-xr-x  3 root   root    4096 Aug  8  2025 bin
2026-03-26 03:08:22,735 - INFO - [36m(setup pid=6254, ip=172.31.36.213)[0m drwxr-xr-x  5 root   root    4096 Aug  8  2025 compute-sanitizer
2026-03-26 03:08:22,735 - INFO - [36m(setup pid=6254, ip=172.31.36.213)[0m drwxr-xr-x  3 root   root    4096 Aug  8  2025 efa
2026-03-26 03:08:22,735 - INFO - [36m(setup pid=6254, ip=172.31.36.213)[0m drwxr-xr-x  5 root   root    4096 Aug  8  2025 extras
2026-03-26 03:08:22,735 - INFO - [36m(setup pid=6254, ip=172.31.36.213)[0m drwxr-xr-x  5 root   root    4096 Aug  8  2025 gds
2026-03-26 03:08:22,735 - INFO - [36m(setup pid=6254, ip=172.31.36.213)[0m drwxr-xr-x  2 root   root    4096 Aug  8  2025 gds-12.4
2026-03-26 03:08:22,735 - INFO - [36m(setup pid=6254, ip=172.31.36.213)[0m lrwxrwxrwx  1 root   root      28 Aug  8  2025 include -> targets/x86_64-linux/include
2026-03-26 03:08:22,735 - INFO - [36m(setup pid=6254, ip=172.31.36.213)[0m drwxrwxr-x  3 root   root    4096 Aug  8  2025 lib
2026-03-26 03:08:22,735 - INFO - [36m(setup pid=6254, ip=172.31.36.213)[0m lrwxrwxrwx  1 root   root      24 Aug  8  2025 lib64 -> targets/x86_64-linux/lib
2026-03-26 03:08:22,735 - INFO - [36m(setup pid=6254, ip=172.31.36.213)[0m drwxr-xr-x  7 root   root    4096 Aug  8  2025 libnvvp
2026-03-26 03:08:22,735 - INFO - [36m(setup pid=6254, ip=172.31.36.213)[0m drwxr-xr-x  7 root   root    4096 Aug  8  2025 nsight-compute-2024.1.1
2026-03-26 03:08:22,735 - INFO - [36m(setup pid=6254, ip=172.31.36.213)[0m drwxr-xr-x  6 root   root    4096 Aug  8  2025 nsight-systems-2023.4.4
2026-03-26 03:08:22,735 - INFO - [36m(setup pid=6254, ip=172.31.36.213)[0m drwxr-xr-x  2 root   root    4096 Aug  8  2025 nsightee_plugins
2026-03-26 03:08:22,735 - INFO - [36m(setup pid=6254, ip=172.31.36.213)[0m drwxr-xr-x  3 root   root    4096 Aug  8  2025 nvml
2026-03-26 03:08:22,735 - INFO - [36m(setup pid=6254, ip=172.31.36.213)[0m drwxr-xr-x  6 root   root    4096 Aug  8  2025 nvvm
2026-03-26 03:08:22,735 - INFO - [36m(setup pid=6254, ip=172.31.36.213)[0m drwxr-xr-x  3 root   root    4096 Aug  8  2025 share
2026-03-26 03:08:22,735 - INFO - [36m(setup pid=6254, ip=172.31.36.213)[0m drwxr-xr-x  2 root   root    4096 Aug  8  2025 src
2026-03-26 03:08:22,735 - INFO - [36m(setup pid=6254, ip=172.31.36.213)[0m drwxr-xr-x  3 root   root    4096 Aug  8  2025 targets
2026-03-26 03:08:22,735 - INFO - [36m(setup pid=6254, ip=172.31.36.213)[0m drwxr-xr-x  2 root   root    4096 Aug  8  2025 tools
2026-03-26 03:08:22,735 - INFO - [36m(setup pid=6254, ip=172.31.36.213)[0m -rw-r--r--  1 root   root    2957 Aug  8  2025 version.json
2026-03-26 03:08:22,735 - INFO - [36m(setup pid=6254, ip=172.31.36.213)[0m
2026-03-26 03:08:22,735 - INFO - [36m(setup pid=6254, ip=172.31.36.213)[0m /usr/local/cuda-12.5:
2026-03-26 03:08:22,735 - INFO - [36m(setup pid=6254, ip=172.31.36.213)[0m total 188
2026-03-26 03:08:22,735 - INFO - [36m(setup pid=6254, ip=172.31.36.213)[0m drwxr-xr-x 19 root   root    4096 Aug  8  2025 .
2026-03-26 03:08:22,735 - INFO - [36m(setup pid=6254, ip=172.31.36.213)[0m drwxr-xr-x 15 root   root    4096 Aug  8  2025 ..
2026-03-26 03:08:22,735 - INFO - [36m(setup pid=6254, ip=172.31.36.213)[0m -rw-r--r--  1 root   root     160 Aug  8  2025 DOCS
2026-03-26 03:08:22,735 - INFO - [36m(setup pid=6254, ip=172.31.36.213)[0m -rw-r--r--  1 root   root   63021 Aug  8  2025 EULA.txt
2026-03-26 03:08:22,735 - INFO - [36m(setup pid=6254, ip=172.31.36.213)[0m -rw-r--r--  1 ubuntu ubuntu 29574 Oct 21  2024 LICENSE
2026-03-26 03:08:22,735 - INFO - [36m(setup pid=6254, ip=172.31.36.213)[0m -rw-r--r--  1 root   root    1895 Nov  6  2024 LICENSE.txt
2026-03-26 03:08:22,735 - INFO - [36m(setup pid=6254, ip=172.31.36.213)[0m -rw-r--r--  1 root   root     524 Aug  8  2025 README
2026-03-26 03:08:22,735 - INFO - [36m(setup pid=6254, ip=172.31.36.213)[0m drwxr-xr-x  3 root   root    4096 Aug  8  2025 bin
2026-03-26 03:08:22,735 - INFO - [36m(setup pid=6254, ip=172.31.36.213)[0m drwxr-xr-x  5 root   root    4096 Aug  8  2025 compute-sanitizer
2026-03-26 03:08:22,735 - INFO - [36m(setup pid=6254, ip=172.31.36.213)[0m drwxr-xr-x  3 root   root    4096 Aug  8  2025 efa
2026-03-26 03:08:22,735 - INFO - [36m(setup pid=6254, ip=172.31.36.213)[0m drwxr-xr-x  5 root   root    4096 Aug  8  2025 extras
2026-03-26 03:08:22,735 - INFO - [36m(setup pid=6254, ip=172.31.36.213)[0m drwxr-xr-x  5 root   root    4096 Aug  8  2025 gds
2026-03-26 03:08:22,735 - INFO - [36m(setup pid=6254, ip=172.31.36.213)[0m drwxr-xr-x  2 root   root    4096 Aug  8  2025 gds-12.5
2026-03-26 03:08:22,735 - INFO - [36m(setup pid=6254, ip=172.31.36.213)[0m lrwxrwxrwx  1 root   root      28 Aug  8  2025 include -> targets/x86_64-linux/include
2026-03-26 03:08:22,735 - INFO - [36m(setup pid=6254, ip=172.31.36.213)[0m drwxr-xr-x  3 root   root    4096 Aug  8  2025 lib
2026-03-26 03:08:22,735 - INFO - [36m(setup pid=6254, ip=172.31.36.213)[0m lrwxrwxrwx  1 root   root      24 Aug  8  2025 lib64 -> targets/x86_64-linux/lib
2026-03-26 03:08:22,735 - INFO - [36m(setup pid=6254, ip=172.31.36.213)[0m drwxr-xr-x  7 root   root    4096 Aug  8  2025 libnvvp
2026-03-26 03:08:22,735 - INFO - [36m(setup pid=6254, ip=172.31.36.213)[0m drwxr-xr-x  7 root   root    4096 Aug  8  2025 nsight-compute-2024.2.0
2026-03-26 03:08:22,735 - INFO - [36m(setup pid=6254, ip=172.31.36.213)[0m drwxr-xr-x  6 root   root    4096 Aug  8  2025 nsight-systems-2024.2.3
2026-03-26 03:08:22,735 - INFO - [36m(setup pid=6254, ip=172.31.36.213)[0m drwxr-xr-x  2 root   root    4096 Aug  8  2025 nsightee_plugins
2026-03-26 03:08:22,735 - INFO - [36m(setup pid=6254, ip=172.31.36.213)[0m drwxr-xr-x  3 root   root    4096 Aug  8  2025 nvml
2026-03-26 03:08:22,735 - INFO - [36m(setup pid=6254, ip=172.31.36.213)[0m drwxr-xr-x  6 root   root    4096 Aug  8  2025 nvvm
2026-03-26 03:08:22,735 - INFO - [36m(setup pid=6254, ip=172.31.36.213)[0m drwxr-xr-x  3 root   root    4096 Aug  8  2025 share
2026-03-26 03:08:22,735 - INFO - [36m(setup pid=6254, ip=172.31.36.213)[0m drwxr-xr-x  2 root   root    4096 Aug  8  2025 src
2026-03-26 03:08:22,735 - INFO - [36m(setup pid=6254, ip=172.31.36.213)[0m drwxr-xr-x  3 root   root    4096 Aug  8  2025 targets
2026-03-26 03:08:22,735 - INFO - [36m(setup pid=6254, ip=172.31.36.213)[0m drwxr-xr-x  2 root   root    4096 Aug  8  2025 tools
2026-03-26 03:08:22,735 - INFO - [36m(setup pid=6254, ip=172.31.36.213)[0m -rw-r--r--  1 root   root    2940 Aug  8  2025 version.json
2026-03-26 03:08:22,735 - INFO - [36m(setup pid=6254, ip=172.31.36.213)[0m
2026-03-26 03:08:22,735 - INFO - [36m(setup pid=6254, ip=172.31.36.213)[0m /usr/local/cuda-12.6:
2026-03-26 03:08:22,735 - INFO - [36m(setup pid=6254, ip=172.31.36.213)[0m total 188
2026-03-26 03:08:22,735 - INFO - [36m(setup pid=6254, ip=172.31.36.213)[0m drwxr-xr-x 19 root   root    4096 Aug  8  2025 .
2026-03-26 03:08:22,735 - INFO - [36m(setup pid=6254, ip=172.31.36.213)[0m drwxr-xr-x 15 root   root    4096 Aug  8  2025 ..
2026-03-26 03:08:22,735 - INFO - [36m(setup pid=6254, ip=172.31.36.213)[0m -rw-r--r--  1 root   root     160 Aug  8  2025 DOCS
2026-03-26 03:08:22,735 - INFO - [36m(setup pid=6254, ip=172.31.36.213)[0m -rw-r--r--  1 root   root   63021 Aug  8  2025 EULA.txt
2026-03-26 03:08:22,735 - INFO - [36m(setup pid=6254, ip=172.31.36.213)[0m -rw-r--r--  1 ubuntu ubuntu 29574 Dec 30  2024 LICENSE
2026-03-26 03:08:22,735 - INFO - [36m(setup pid=6254, ip=172.31.36.213)[0m -rw-r--r--  1 root   root    1895 Dec  7  2024 LICENSE.txt
2026-03-26 03:08:22,735 - INFO - [36m(setup pid=6254, ip=172.31.36.213)[0m -rw-r--r--  1 root   root     524 Aug  8  2025 README
2026-03-26 03:08:22,735 - INFO - [36m(setup pid=6254, ip=172.31.36.213)[0m drwxrwxr-x  3 root   root    4096 Dec  7  2024 bin
2026-03-26 03:08:22,735 - INFO - [36m(setup pid=6254, ip=172.31.36.213)[0m drwxr-xr-x  5 root   root    4096 Aug  8  2025 compute-sanitizer
2026-03-26 03:08:22,735 - INFO - [36m(setup pid=6254, ip=172.31.36.213)[0m drwxr-xr-x  3 root   root    4096 Aug  8  2025 efa
2026-03-26 03:08:22,735 - INFO - [36m(setup pid=6254, ip=172.31.36.213)[0m drwxr-xr-x  5 root   root    4096 Aug  8  2025 extras
2026-03-26 03:08:22,735 - INFO - [36m(setup pid=6254, ip=172.31.36.213)[0m drwxr-xr-x  5 root   root    4096 Aug  8  2025 gds
2026-03-26 03:08:22,735 - INFO - [36m(setup pid=6254, ip=172.31.36.213)[0m drwxr-xr-x  2 root   root    4096 Aug  8  2025 gds-12.6
2026-03-26 03:08:22,735 - INFO - [36m(setup pid=6254, ip=172.31.36.213)[0m lrwxrwxrwx  1 root   root      28 Aug  8  2025 include -> targets/x86_64-linux/include
2026-03-26 03:08:22,735 - INFO - [36m(setup pid=6499)[0m drwxrwxr-x  3 root   root    4096 Aug  8  2025 lib
2026-03-26 03:08:22,735 - INFO - [36m(setup pid=6499)[0m lrwxrwxrwx  1 root   root      24 Aug  8  2025 lib64 -> targets/x86_64-linux/lib
2026-03-26 03:08:22,735 - INFO - [36m(setup pid=6499)[0m drwxr-xr-x  7 root   root    4096 Aug  8  2025 libnvvp
2026-03-26 03:08:22,735 - INFO - [36m(setup pid=6499)[0m drwxr-xr-x  7 root   root    4096 Aug  8  2025 nsight-compute-2024.3.2
2026-03-26 03:08:22,735 - INFO - [36m(setup pid=6499)[0m drwxr-xr-x  6 root   root    4096 Aug  8  2025 nsight-systems-2024.5.1
2026-03-26 03:08:22,735 - INFO - [36m(setup pid=6499)[0m drwxr-xr-x  2 root   root    4096 Aug  8  2025 nsightee_plugins
2026-03-26 03:08:22,735 - INFO - [36m(setup pid=6499)[0m drwxr-xr-x  3 root   root    4096 Aug  8  2025 nvml
2026-03-26 03:08:22,735 - INFO - [36m(setup pid=6499)[0m drwxr-xr-x  6 root   root    4096 Aug  8  2025 nvvm
2026-03-26 03:08:22,735 - INFO - [36m(setup pid=6499)[0m drwxr-xr-x  3 root   root    4096 Aug  8  2025 share
2026-03-26 03:08:22,735 - INFO - [36m(setup pid=6499)[0m drwxr-xr-x  2 root   root    4096 Aug  8  2025 src
2026-03-26 03:08:22,735 - INFO - [36m(setup pid=6499)[0m drwxr-xr-x  3 root   root    4096 Aug  8  2025 targets
2026-03-26 03:08:22,934 - INFO - [36m(setup pid=6499)[0m drwxr-xr-x  2 root   root    4096 Aug  8  2025 tools
2026-03-26 03:08:22,934 - INFO - [36m(setup pid=6499)[0m -rw-r--r--  1 root   root    2935 Aug  8  2025 version.json
2026-03-26 03:08:22,934 - INFO - [36m(setup pid=6499)[0m
2026-03-26 03:08:22,934 - INFO - [36m(setup pid=6499)[0m /usr/local/cuda-12.8:
2026-03-26 03:08:22,934 - INFO - [36m(setup pid=6499)[0m total 188
2026-03-26 03:08:22,934 - INFO - [36m(setup pid=6499)[0m drwxr-xr-x 19 root   root    4096 Aug  8  2025 .
2026-03-26 03:08:22,934 - INFO - [36m(setup pid=6499)[0m drwxr-xr-x 15 root   root    4096 Aug  8  2025 ..
2026-03-26 03:08:22,934 - INFO - [36m(setup pid=6499)[0m -rw-r--r--  1 root   root     160 Aug  8  2025 DOCS
2026-03-26 03:08:22,935 - INFO - [36m(setup pid=6499)[0m -rw-r--r--  1 root   root   63021 Aug  8  2025 EULA.txt
2026-03-26 03:08:22,935 - INFO - [36m(setup pid=6499)[0m -rw-r--r--  1 ubuntu ubuntu 29574 May 31  2025 LICENSE
2026-03-26 03:08:22,935 - INFO - [36m(setup pid=6499)[0m -rw-r--r--  1 root   root    1895 May 15  2025 LICENSE.txt
2026-03-26 03:08:22,935 - INFO - [36m(setup pid=6499)[0m -rw-r--r--  1 root   root     524 Aug  8  2025 README
2026-03-26 03:08:22,935 - INFO - [36m(setup pid=6499)[0m drwxr-xr-x  3 root   root    4096 May 15  2025 bin
2026-03-26 03:08:22,935 - INFO - [36m(setup pid=6499)[0m drwxr-xr-x  5 root   root    4096 Aug  8  2025 compute-sanitizer
2026-03-26 03:08:22,935 - INFO - [36m(setup pid=6499)[0m lrwxrwxrwx  1 root   root      20 Aug  8  2025 cuda-12.8 -> /usr/local/cuda-12.8
2026-03-26 03:08:22,935 - INFO - [36m(setup pid=6499)[0m drwxr-xr-x  3 root   root    4096 Aug  8  2025 efa
2026-03-26 03:08:22,935 - INFO - [36m(setup pid=6499)[0m drwxr-xr-x  5 root   root    4096 Aug  8  2025 extras
2026-03-26 03:08:22,935 - INFO - [36m(setup pid=6499)[0m drwxr-xr-x  5 root   root    4096 Aug  8  2025 gds
2026-03-26 03:08:22,935 - INFO - [36m(setup pid=6499)[0m drwxr-xr-x  2 root   root    4096 Aug  8  2025 gds-12.8
2026-03-26 03:08:22,935 - INFO - [36m(setup pid=6499)[0m lrwxrwxrwx  1 root   root      28 Aug  8  2025 include -> targets/x86_64-linux/include
2026-03-26 03:08:22,935 - INFO - [36m(setup pid=6499)[0m drwxr-xr-x  3 root   root    4096 Aug  8  2025 lib
2026-03-26 03:08:22,935 - INFO - [36m(setup pid=6499)[0m lrwxrwxrwx  1 root   root      24 Aug  8  2025 lib64 -> targets/x86_64-linux/lib
2026-03-26 03:08:22,935 - INFO - [36m(setup pid=6499)[0m drwxr-xr-x  7 root   root    4096 Aug  8  2025 libnvvp
2026-03-26 03:08:22,935 - INFO - [36m(setup pid=6499)[0m drwxr-xr-x  7 root   root    4096 Aug  8  2025 nsight-compute-2025.1.1
2026-03-26 03:08:22,935 - INFO - [36m(setup pid=6499)[0m drwxr-xr-x  6 root   root    4096 Aug  8  2025 nsight-systems-2024.6.2
2026-03-26 03:08:22,935 - INFO - [36m(setup pid=6499)[0m drwxr-xr-x  2 root   root    4096 Aug  8  2025 nsightee_plugins
2026-03-26 03:08:22,935 - INFO - [36m(setup pid=6499)[0m drwxr-xr-x  3 root   root    4096 Aug  8  2025 nvml
2026-03-26 03:08:22,935 - INFO - [36m(setup pid=6499)[0m drwxr-xr-x  6 root   root    4096 Aug  8  2025 nvvm
2026-03-26 03:08:22,935 - INFO - [36m(setup pid=6499)[0m drwxr-xr-x  3 root   root    4096 Aug  8  2025 share
2026-03-26 03:08:22,935 - INFO - [36m(setup pid=6499)[0m drwxr-xr-x  2 root   root    4096 Aug  8  2025 src
2026-03-26 03:08:22,935 - INFO - [36m(setup pid=6499)[0m drwxr-xr-x  3 root   root    4096 Aug  8  2025 targets
2026-03-26 03:08:22,935 - INFO - [36m(setup pid=6499)[0m drwxr-xr-x  2 root   root    4096 Aug  8  2025 tools
2026-03-26 03:08:22,935 - INFO - [36m(setup pid=6499)[0m -rw-r--r--  1 root   root    2940 Aug  8  2025 version.json
2026-03-26 03:08:22,935 - INFO - [36m(setup pid=6499)[0m + echo ===================================
2026-03-26 03:08:22,935 - INFO - [36m(setup pid=6499)[0m ===================================
2026-03-26 03:08:22,935 - INFO - [36m(setup pid=6499)[0m + command -v nvidia-smi
2026-03-26 03:08:22,935 - INFO - [36m(setup pid=6499)[0m + '[' true = true ']'
2026-03-26 03:08:22,935 - INFO - [36m(setup pid=6499)[0m + echo '=== Fabric Manager for NVSwitch ==='
2026-03-26 03:08:22,935 - INFO - [36m(setup pid=6499)[0m === Fabric Manager for NVSwitch ===
2026-03-26 03:08:22,935 - INFO - [36m(setup pid=6499)[0m + systemctl is-active --quiet nvidia-fabricmanager
2026-03-26 03:08:22,935 - INFO - [36m(setup pid=6499)[0m + echo 'Fabric Manager already running'
2026-03-26 03:08:22,935 - INFO - [36m(setup pid=6499)[0m Fabric Manager already running
2026-03-26 03:08:22,935 - INFO - [36m(setup pid=6499)[0m + awk 'NR<=15'
2026-03-26 03:08:22,935 - INFO - [36m(setup pid=6499)[0m + nvidia-smi topo -m
2026-03-26 03:08:22,935 - INFO - [36m(setup pid=6254, ip=172.31.36.213)[0m drwxrwxr-x  3 root   root    4096 Aug  8  2025 lib
2026-03-26 03:08:22,935 - INFO - [36m(setup pid=6254, ip=172.31.36.213)[0m lrwxrwxrwx  1 root   root      24 Aug  8  2025 lib64 -> targets/x86_64-linux/lib
2026-03-26 03:08:22,935 - INFO - [36m(setup pid=6254, ip=172.31.36.213)[0m drwxr-xr-x  7 root   root    4096 Aug  8  2025 libnvvp
2026-03-26 03:08:22,935 - INFO - [36m(setup pid=6254, ip=172.31.36.213)[0m drwxr-xr-x  7 root   root    4096 Aug  8  2025 nsight-compute-2024.3.2
2026-03-26 03:08:22,935 - INFO - [36m(setup pid=6254, ip=172.31.36.213)[0m drwxr-xr-x  6 root   root    4096 Aug  8  2025 nsight-systems-2024.5.1
2026-03-26 03:08:22,935 - INFO - [36m(setup pid=6254, ip=172.31.36.213)[0m drwxr-xr-x  2 root   root    4096 Aug  8  2025 nsightee_plugins
2026-03-26 03:08:22,935 - INFO - [36m(setup pid=6254, ip=172.31.36.213)[0m drwxr-xr-x  3 root   root    4096 Aug  8  2025 nvml
2026-03-26 03:08:22,935 - INFO - [36m(setup pid=6254, ip=172.31.36.213)[0m drwxr-xr-x  6 root   root    4096 Aug  8  2025 nvvm
2026-03-26 03:08:22,935 - INFO - [36m(setup pid=6254, ip=172.31.36.213)[0m drwxr-xr-x  3 root   root    4096 Aug  8  2025 share
2026-03-26 03:08:22,935 - INFO - [36m(setup pid=6254, ip=172.31.36.213)[0m drwxr-xr-x  2 root   root    4096 Aug  8  2025 src
2026-03-26 03:08:22,935 - INFO - [36m(setup pid=6254, ip=172.31.36.213)[0m drwxr-xr-x  3 root   root    4096 Aug  8  2025 targets
2026-03-26 03:08:22,935 - INFO - [36m(setup pid=6254, ip=172.31.36.213)[0m drwxr-xr-x  2 root   root    4096 Aug  8  2025 tools
2026-03-26 03:08:22,935 - INFO - [36m(setup pid=6254, ip=172.31.36.213)[0m -rw-r--r--  1 root   root    2935 Aug  8  2025 version.json
2026-03-26 03:08:22,935 - INFO - [36m(setup pid=6254, ip=172.31.36.213)[0m
2026-03-26 03:08:22,935 - INFO - [36m(setup pid=6254, ip=172.31.36.213)[0m /usr/local/cuda-12.8:
2026-03-26 03:08:22,935 - INFO - [36m(setup pid=6254, ip=172.31.36.213)[0m total 188
2026-03-26 03:08:22,935 - INFO - [36m(setup pid=6254, ip=172.31.36.213)[0m drwxr-xr-x 19 root   root    4096 Aug  8  2025 .
2026-03-26 03:08:22,935 - INFO - [36m(setup pid=6254, ip=172.31.36.213)[0m drwxr-xr-x 15 root   root    4096 Aug  8  2025 ..
2026-03-26 03:08:22,935 - INFO - [36m(setup pid=6254, ip=172.31.36.213)[0m -rw-r--r--  1 root   root     160 Aug  8  2025 DOCS
2026-03-26 03:08:22,935 - INFO - [36m(setup pid=6254, ip=172.31.36.213)[0m -rw-r--r--  1 root   root   63021 Aug  8  2025 EULA.txt
2026-03-26 03:08:22,935 - INFO - [36m(setup pid=6254, ip=172.31.36.213)[0m -rw-r--r--  1 ubuntu ubuntu 29574 May 31  2025 LICENSE
2026-03-26 03:08:22,935 - INFO - [36m(setup pid=6254, ip=172.31.36.213)[0m -rw-r--r--  1 root   root    1895 May 15  2025 LICENSE.txt
2026-03-26 03:08:22,935 - INFO - [36m(setup pid=6254, ip=172.31.36.213)[0m -rw-r--r--  1 root   root     524 Aug  8  2025 README
2026-03-26 03:08:22,935 - INFO - [36m(setup pid=6254, ip=172.31.36.213)[0m drwxr-xr-x  3 root   root    4096 May 15  2025 bin
2026-03-26 03:08:22,935 - INFO - [36m(setup pid=6254, ip=172.31.36.213)[0m drwxr-xr-x  5 root   root    4096 Aug  8  2025 compute-sanitizer
2026-03-26 03:08:22,935 - INFO - [36m(setup pid=6254, ip=172.31.36.213)[0m lrwxrwxrwx  1 root   root      20 Aug  8  2025 cuda-12.8 -> /usr/local/cuda-12.8
2026-03-26 03:08:22,935 - INFO - [36m(setup pid=6254, ip=172.31.36.213)[0m drwxr-xr-x  3 root   root    4096 Aug  8  2025 efa
2026-03-26 03:08:22,935 - INFO - [36m(setup pid=6254, ip=172.31.36.213)[0m drwxr-xr-x  5 root   root    4096 Aug  8  2025 extras
2026-03-26 03:08:22,935 - INFO - [36m(setup pid=6254, ip=172.31.36.213)[0m drwxr-xr-x  5 root   root    4096 Aug  8  2025 gds
2026-03-26 03:08:23,439 - INFO - [36m(setup pid=6254, ip=172.31.36.213)[0m drwxr-xr-x  2 root   root    4096 Aug  8  2025 gds-12.8
2026-03-26 03:08:23,439 - INFO - [36m(setup pid=6254, ip=172.31.36.213)[0m lrwxrwxrwx  1 root   root      28 Aug  8  2025 include -> targets/x86_64-linux/include
2026-03-26 03:08:23,439 - INFO - [36m(setup pid=6254, ip=172.31.36.213)[0m drwxr-xr-x  3 root   root    4096 Aug  8  2025 lib
2026-03-26 03:08:23,439 - INFO - [36m(setup pid=6254, ip=172.31.36.213)[0m lrwxrwxrwx  1 root   root      24 Aug  8  2025 lib64 -> targets/x86_64-linux/lib
2026-03-26 03:08:23,439 - INFO - [36m(setup pid=6254, ip=172.31.36.213)[0m drwxr-xr-x  7 root   root    4096 Aug  8  2025 libnvvp
2026-03-26 03:08:23,439 - INFO - [36m(setup pid=6254, ip=172.31.36.213)[0m drwxr-xr-x  7 root   root    4096 Aug  8  2025 nsight-compute-2025.1.1
2026-03-26 03:08:23,439 - INFO - [36m(setup pid=6254, ip=172.31.36.213)[0m drwxr-xr-x  6 root   root    4096 Aug  8  2025 nsight-systems-2024.6.2
2026-03-26 03:08:23,439 - INFO - [36m(setup pid=6254, ip=172.31.36.213)[0m drwxr-xr-x  2 root   root    4096 Aug  8  2025 nsightee_plugins
2026-03-26 03:08:23,439 - INFO - [36m(setup pid=6254, ip=172.31.36.213)[0m drwxr-xr-x  3 root   root    4096 Aug  8  2025 nvml
2026-03-26 03:08:23,439 - INFO - [36m(setup pid=6254, ip=172.31.36.213)[0m drwxr-xr-x  6 root   root    4096 Aug  8  2025 nvvm
2026-03-26 03:08:23,439 - INFO - [36m(setup pid=6254, ip=172.31.36.213)[0m drwxr-xr-x  3 root   root    4096 Aug  8  2025 share
2026-03-26 03:08:23,439 - INFO - [36m(setup pid=6254, ip=172.31.36.213)[0m drwxr-xr-x  2 root   root    4096 Aug  8  2025 src
2026-03-26 03:08:23,439 - INFO - [36m(setup pid=6254, ip=172.31.36.213)[0m drwxr-xr-x  3 root   root    4096 Aug  8  2025 targets
2026-03-26 03:08:23,439 - INFO - [36m(setup pid=6254, ip=172.31.36.213)[0m drwxr-xr-x  2 root   root    4096 Aug  8  2025 tools
2026-03-26 03:08:23,439 - INFO - [36m(setup pid=6254, ip=172.31.36.213)[0m -rw-r--r--  1 root   root    2940 Aug  8  2025 version.json
2026-03-26 03:08:23,439 - INFO - [36m(setup pid=6254, ip=172.31.36.213)[0m + echo ===================================
2026-03-26 03:08:23,439 - INFO - [36m(setup pid=6254, ip=172.31.36.213)[0m ===================================
2026-03-26 03:08:23,439 - INFO - [36m(setup pid=6254, ip=172.31.36.213)[0m + command -v nvidia-smi
2026-03-26 03:08:23,439 - INFO - [36m(setup pid=6254, ip=172.31.36.213)[0m + '[' true = true ']'
2026-03-26 03:08:23,439 - INFO - [36m(setup pid=6254, ip=172.31.36.213)[0m + echo '=== Fabric Manager for NVSwitch ==='
2026-03-26 03:08:23,439 - INFO - [36m(setup pid=6254, ip=172.31.36.213)[0m === Fabric Manager for NVSwitch ===
2026-03-26 03:08:23,439 - INFO - [36m(setup pid=6254, ip=172.31.36.213)[0m + systemctl is-active --quiet nvidia-fabricmanager
2026-03-26 03:08:23,439 - INFO - [36m(setup pid=6254, ip=172.31.36.213)[0m + echo 'Fabric Manager already running'
2026-03-26 03:08:23,439 - INFO - [36m(setup pid=6254, ip=172.31.36.213)[0m Fabric Manager already running
2026-03-26 03:08:23,439 - INFO - [36m(setup pid=6254, ip=172.31.36.213)[0m + awk 'NR<=15'
2026-03-26 03:08:23,439 - INFO - [36m(setup pid=6254, ip=172.31.36.213)[0m + nvidia-smi topo -m
2026-03-26 03:08:23,439 - INFO - [36m(setup pid=6254, ip=172.31.36.213)[0m 	[4mGPU0	GPU1	GPU2	GPU3	GPU4	GPU5	GPU6	GPU7	CPU Affinity	NUMA Affinity	GPU NUMA ID[0m
2026-03-26 03:08:23,439 - INFO - [36m(setup pid=6254, ip=172.31.36.213)[0m GPU0	 X 	NV12	NV12	NV12	NV12	NV12	NV12	NV12	0-23,48-71	0		N/A
2026-03-26 03:08:23,439 - INFO - [36m(setup pid=6254, ip=172.31.36.213)[0m GPU1	NV12	 X 	NV12	NV12	NV12	NV12	NV12	NV12	0-23,48-71	0		N/A
2026-03-26 03:08:23,439 - INFO - [36m(setup pid=6254, ip=172.31.36.213)[0m GPU2	NV12	NV12	 X 	NV12	NV12	NV12	NV12	NV12	0-23,48-71	0		N/A
2026-03-26 03:08:23,439 - INFO - [36m(setup pid=6254, ip=172.31.36.213)[0m GPU3	NV12	NV12	NV12	 X 	NV12	NV12	NV12	NV12	0-23,48-71	0		N/A
2026-03-26 03:08:23,439 - INFO - [36m(setup pid=6254, ip=172.31.36.213)[0m GPU4	NV12	NV12	NV12	NV12	 X 	NV12	NV12	NV12	24-47,72-95	1		N/A
2026-03-26 03:08:23,439 - INFO - [36m(setup pid=6254, ip=172.31.36.213)[0m GPU5	NV12	NV12	NV12	NV12	NV12	 X 	NV12	NV12	24-47,72-95	1		N/A
2026-03-26 03:08:23,439 - INFO - [36m(setup pid=6254, ip=172.31.36.213)[0m GPU6	NV12	NV12	NV12	NV12	NV12	NV12	 X 	NV12	24-47,72-95	1		N/A
2026-03-26 03:08:23,439 - INFO - [36m(setup pid=6254, ip=172.31.36.213)[0m GPU7	NV12	NV12	NV12	NV12	NV12	NV12	NV12	 X 	24-47,72-95	1		N/A
2026-03-26 03:08:23,439 - INFO - [36m(setup pid=6254, ip=172.31.36.213)[0m
2026-03-26 03:08:23,439 - INFO - [36m(setup pid=6254, ip=172.31.36.213)[0m Legend:
2026-03-26 03:08:23,439 - INFO - [36m(setup pid=6254, ip=172.31.36.213)[0m
2026-03-26 03:08:23,439 - INFO - [36m(setup pid=6254, ip=172.31.36.213)[0m   X    = Self
2026-03-26 03:08:23,439 - INFO - [36m(setup pid=6254, ip=172.31.36.213)[0m   SYS  = Connection traversing PCIe as well as the SMP interconnect between NUMA nodes (e.g., QPI/UPI)
2026-03-26 03:08:23,439 - INFO - [36m(setup pid=6254, ip=172.31.36.213)[0m   NODE = Connection traversing PCIe as well as the interconnect between PCIe Host Bridges within a NUMA node
2026-03-26 03:08:23,439 - INFO - [36m(setup pid=6254, ip=172.31.36.213)[0m + sudo apt-get install -y numactl
2026-03-26 03:08:23,439 - INFO - [36m(setup pid=6499)[0m 	[4mGPU0	GPU1	GPU2	GPU3	GPU4	GPU5	GPU6	GPU7	CPU Affinity	NUMA Affinity	GPU NUMA ID[0m
2026-03-26 03:08:23,439 - INFO - [36m(setup pid=6499)[0m GPU0	 X 	NV12	NV12	NV12	NV12	NV12	NV12	NV12	0-23,48-71	0		N/A
2026-03-26 03:08:23,439 - INFO - [36m(setup pid=6499)[0m GPU1	NV12	 X 	NV12	NV12	NV12	NV12	NV12	NV12	0-23,48-71	0		N/A
2026-03-26 03:08:23,439 - INFO - [36m(setup pid=6499)[0m GPU2	NV12	NV12	 X 	NV12	NV12	NV12	NV12	NV12	0-23,48-71	0		N/A
2026-03-26 03:08:23,439 - INFO - [36m(setup pid=6499)[0m GPU3	NV12	NV12	NV12	 X 	NV12	NV12	NV12	NV12	0-23,48-71	0		N/A
2026-03-26 03:08:23,439 - INFO - [36m(setup pid=6499)[0m GPU4	NV12	NV12	NV12	NV12	 X 	NV12	NV12	NV12	24-47,72-95	1		N/A
2026-03-26 03:08:23,439 - INFO - [36m(setup pid=6499)[0m GPU5	NV12	NV12	NV12	NV12	NV12	 X 	NV12	NV12	24-47,72-95	1		N/A
2026-03-26 03:08:23,439 - INFO - [36m(setup pid=6499)[0m GPU6	NV12	NV12	NV12	NV12	NV12	NV12	 X 	NV12	24-47,72-95	1		N/A
2026-03-26 03:08:23,539 - INFO - [36m(setup pid=6499)[0m GPU7	NV12	NV12	NV12	NV12	NV12	NV12	NV12	 X 	24-47,72-95	1		N/A
2026-03-26 03:08:23,540 - INFO - [36m(setup pid=6499)[0m
2026-03-26 03:08:23,540 - INFO - [36m(setup pid=6499)[0m Legend:
2026-03-26 03:08:23,540 - INFO - [36m(setup pid=6499)[0m
2026-03-26 03:08:23,540 - INFO - [36m(setup pid=6499)[0m   X    = Self
2026-03-26 03:08:23,540 - INFO - [36m(setup pid=6499)[0m   SYS  = Connection traversing PCIe as well as the SMP interconnect between NUMA nodes (e.g., QPI/UPI)
2026-03-26 03:08:23,540 - INFO - [36m(setup pid=6499)[0m   NODE = Connection traversing PCIe as well as the interconnect between PCIe Host Bridges within a NUMA node
2026-03-26 03:08:23,540 - INFO - [36m(setup pid=6499)[0m + sudo apt-get install -y numactl
2026-03-26 03:08:23,540 - INFO - [36m(setup pid=6499)[0m Reading package lists...
2026-03-26 03:08:23,540 - INFO - [36m(setup pid=6254, ip=172.31.36.213)[0m Reading package lists...
2026-03-26 03:08:23,540 - INFO - [36m(setup pid=6499)[0m Building dependency tree...
2026-03-26 03:08:23,540 - INFO - [36m(setup pid=6499)[0m Reading state information...
2026-03-26 03:08:23,540 - INFO - [36m(setup pid=6254, ip=172.31.36.213)[0m Building dependency tree...
2026-03-26 03:08:23,540 - INFO - [36m(setup pid=6254, ip=172.31.36.213)[0m Reading state information...
2026-03-26 03:08:23,540 - INFO - [36m(setup pid=6254, ip=172.31.36.213)[0m The following NEW packages will be installed:
2026-03-26 03:08:23,540 - INFO - [36m(setup pid=6254, ip=172.31.36.213)[0m   numactl
2026-03-26 03:08:23,540 - INFO - [36m(setup pid=6254, ip=172.31.36.213)[0m 0 upgraded, 1 newly installed, 0 to remove and 0 not upgraded.
2026-03-26 03:08:23,540 - INFO - [36m(setup pid=6254, ip=172.31.36.213)[0m Need to get 36.8 kB of archives.
2026-03-26 03:08:23,540 - INFO - [36m(setup pid=6254, ip=172.31.36.213)[0m After this operation, 140 kB of additional disk space will be used.
2026-03-26 03:08:23,540 - INFO - [36m(setup pid=6254, ip=172.31.36.213)[0m Get:1 http://us-east-1.ec2.archive.ubuntu.com/ubuntu jammy/main amd64 numactl amd64 2.0.14-3ubuntu2 [36.8 kB]
2026-03-26 03:08:23,540 - INFO - [36m(setup pid=6499)[0m The following NEW packages will be installed:
2026-03-26 03:08:23,540 - INFO - [36m(setup pid=6499)[0m   numactl
2026-03-26 03:08:23,540 - INFO - [36m(setup pid=6499)[0m 0 upgraded, 1 newly installed, 0 to remove and 0 not upgraded.
2026-03-26 03:08:23,540 - INFO - [36m(setup pid=6499)[0m Need to get 36.8 kB of archives.
2026-03-26 03:08:23,540 - INFO - [36m(setup pid=6499)[0m After this operation, 140 kB of additional disk space will be used.
2026-03-26 03:08:23,540 - INFO - [36m(setup pid=6499)[0m Get:1 http://us-east-1.ec2.archive.ubuntu.com/ubuntu jammy/main amd64 numactl amd64 2.0.14-3ubuntu2 [36.8 kB]
2026-03-26 03:08:23,540 - INFO - [36m(setup pid=6254, ip=172.31.36.213)[0m Fetched 36.8 kB in 0s (2121 kB/s)
2026-03-26 03:08:23,540 - INFO - [36m(setup pid=6499)[0m Fetched 36.8 kB in 0s (2117 kB/s)
2026-03-26 03:08:23,540 - INFO - [36m(setup pid=6254, ip=172.31.36.213)[0m Selecting previously unselected package numactl.
2026-03-26 03:08:23,540 - INFO - [36m(setup pid=6499)[0m Selecting previously unselected package numactl.
2026-03-26 03:08:23,540 - INFO - [36m(setup pid=6499)[0m (Reading database ...
2026-03-26 03:08:24,446 - INFO - (Reading database ... 5%
2026-03-26 03:08:24,446 - INFO - (Reading database ... 10%
2026-03-26 03:08:24,446 - INFO - (Reading database ... 15%
2026-03-26 03:08:24,446 - INFO - (Reading database ... 20%
2026-03-26 03:08:24,446 - INFO - (Reading database ... 25%
2026-03-26 03:08:24,446 - INFO - (Reading database ... 30%
2026-03-26 03:08:24,446 - INFO - (Reading database ... 35%
2026-03-26 03:08:24,446 - INFO - (Reading database ... 40%
2026-03-26 03:08:24,446 - INFO - (Reading database ... 45%
2026-03-26 03:08:24,446 - INFO - [36m(setup pid=6254, ip=172.31.36.213)[0m (Reading database ...
2026-03-26 03:08:24,446 - INFO - (Reading database ... 5%
2026-03-26 03:08:24,446 - INFO - (Reading database ... 10%
2026-03-26 03:08:24,446 - INFO - (Reading database ... 15%
2026-03-26 03:08:24,446 - INFO - (Reading database ... 20%
2026-03-26 03:08:24,446 - INFO - (Reading database ... 25%
2026-03-26 03:08:24,446 - INFO - (Reading database ... 30%
2026-03-26 03:08:24,446 - INFO - (Reading database ... 35%
2026-03-26 03:08:24,446 - INFO - (Reading database ... 40%
2026-03-26 03:08:24,446 - INFO - (Reading database ... 45%
2026-03-26 03:08:24,446 - INFO - [36m(setup pid=6499)[0m (Reading database ... 50%
2026-03-26 03:08:24,446 - INFO - [36m(setup pid=6254, ip=172.31.36.213)[0m (Reading database ... 50%
2026-03-26 03:08:24,446 - INFO - [36m(setup pid=6499)[0m (Reading database ... 55%
2026-03-26 03:08:24,446 - INFO - [36m(setup pid=6254, ip=172.31.36.213)[0m (Reading database ... 55%
2026-03-26 03:08:24,447 - INFO - [36m(setup pid=6254, ip=172.31.36.213)[0m (Reading database ... 60%
2026-03-26 03:08:24,447 - INFO - [36m(setup pid=6499)[0m (Reading database ... 60%
2026-03-26 03:08:24,447 - INFO - [36m(setup pid=6254, ip=172.31.36.213)[0m (Reading database ... 65%
2026-03-26 03:08:24,447 - INFO - [36m(setup pid=6499)[0m (Reading database ... 65%
2026-03-26 03:08:24,447 - INFO - [36m(setup pid=6499)[0m (Reading database ... 70%
2026-03-26 03:08:24,447 - INFO - [36m(setup pid=6254, ip=172.31.36.213)[0m (Reading database ... 70%
2026-03-26 03:08:24,447 - INFO - [36m(setup pid=6254, ip=172.31.36.213)[0m (Reading database ... 75%
2026-03-26 03:08:24,447 - INFO - [36m(setup pid=6499)[0m (Reading database ... 75%
2026-03-26 03:08:25,150 - INFO - [36m(setup pid=6254, ip=172.31.36.213)[0m (Reading database ... 80%
2026-03-26 03:08:27,263 - INFO - [36m(setup pid=6499)[0m (Reading database ... 80%
2026-03-26 03:08:30,078 - INFO - [36m(setup pid=6254, ip=172.31.36.213)[0m (Reading database ... 85%
2026-03-26 03:08:30,078 - INFO - [36m(setup pid=6499)[0m (Reading database ... 85%
2026-03-26 03:08:31,788 - INFO - [36m(setup pid=6499)[0m (Reading database ... 90%
2026-03-26 03:08:31,788 - INFO - [36m(setup pid=6254, ip=172.31.36.213)[0m (Reading database ... 90%
2026-03-26 03:08:32,693 - INFO - [36m(setup pid=6499)[0m (Reading database ... 95%
2026-03-26 03:08:32,693 - INFO - (Reading database ... 100%
2026-03-26 03:08:32,693 - INFO - (Reading database ... 96613 files and directories currently installed.)
2026-03-26 03:08:32,693 - INFO - [36m(setup pid=6499)[0m Preparing to unpack .../numactl_2.0.14-3ubuntu2_amd64.deb ...
2026-03-26 03:08:32,693 - INFO - [36m(setup pid=6499)[0m Unpacking numactl (2.0.14-3ubuntu2) ...
2026-03-26 03:08:32,694 - INFO - [36m(setup pid=6499)[0m Setting up numactl (2.0.14-3ubuntu2) ...
2026-03-26 03:08:45,977 - INFO - [36m(setup pid=6499)[0m Processing triggers for man-db (2.10.2-1) ...
2026-03-26 03:08:45,977 - INFO - [36m(setup pid=6254, ip=172.31.36.213)[0m (Reading database ... 95%
2026-03-26 03:08:45,977 - INFO - (Reading database ... 100%
2026-03-26 03:08:45,978 - INFO - (Reading database ... 96613 files and directories currently installed.)
2026-03-26 03:08:45,978 - INFO - [36m(setup pid=6254, ip=172.31.36.213)[0m Preparing to unpack .../numactl_2.0.14-3ubuntu2_amd64.deb ...
2026-03-26 03:08:45,978 - INFO - [36m(setup pid=6254, ip=172.31.36.213)[0m Unpacking numactl (2.0.14-3ubuntu2) ...
2026-03-26 03:08:45,978 - INFO - [36m(setup pid=6254, ip=172.31.36.213)[0m Setting up numactl (2.0.14-3ubuntu2) ...
2026-03-26 03:08:45,978 - INFO - [36m(setup pid=6254, ip=172.31.36.213)[0m Processing triggers for man-db (2.10.2-1) ...
2026-03-26 03:08:45,978 - INFO - [36m(setup pid=6254, ip=172.31.36.213)[0m
2026-03-26 03:08:46,681 - INFO - [36m(setup pid=6254, ip=172.31.36.213)[0m Running kernel seems to be up-to-date.
2026-03-26 03:08:46,681 - INFO - [36m(setup pid=6254, ip=172.31.36.213)[0m
2026-03-26 03:08:46,681 - INFO - [36m(setup pid=6254, ip=172.31.36.213)[0m No services need to be restarted.
2026-03-26 03:08:46,682 - INFO - [36m(setup pid=6254, ip=172.31.36.213)[0m
2026-03-26 03:08:46,682 - INFO - [36m(setup pid=6254, ip=172.31.36.213)[0m No containers need to be restarted.
2026-03-26 03:08:46,682 - INFO - [36m(setup pid=6254, ip=172.31.36.213)[0m
2026-03-26 03:08:46,682 - INFO - [36m(setup pid=6254, ip=172.31.36.213)[0m No user sessions are running outdated binaries.
2026-03-26 03:08:46,682 - INFO - [36m(setup pid=6254, ip=172.31.36.213)[0m
2026-03-26 03:08:46,682 - INFO - [36m(setup pid=6254, ip=172.31.36.213)[0m No VM guests are running outdated hypervisor (qemu) binaries on this host.
2026-03-26 03:08:46,682 - INFO - [36m(setup pid=6499)[0m
2026-03-26 03:08:47,784 - INFO - [36m(setup pid=6499)[0m Running kernel seems to be up-to-date.
2026-03-26 03:08:47,784 - INFO - [36m(setup pid=6499)[0m
2026-03-26 03:08:47,784 - INFO - [36m(setup pid=6499)[0m No services need to be restarted.
2026-03-26 03:08:47,784 - INFO - [36m(setup pid=6499)[0m
2026-03-26 03:08:47,784 - INFO - [36m(setup pid=6499)[0m No containers need to be restarted.
2026-03-26 03:08:47,785 - INFO - [36m(setup pid=6499)[0m
2026-03-26 03:08:47,785 - INFO - [36m(setup pid=6499)[0m No user sessions are running outdated binaries.
2026-03-26 03:08:47,785 - INFO - [36m(setup pid=6499)[0m
2026-03-26 03:08:47,785 - INFO - [36m(setup pid=6499)[0m No VM guests are running outdated hypervisor (qemu) binaries on this host.
2026-03-26 03:08:47,785 - INFO - [36m(setup pid=6254, ip=172.31.36.213)[0m + command -v uv
2026-03-26 03:08:48,488 - INFO - [36m(setup pid=6254, ip=172.31.36.213)[0m + export PATH=/home/ubuntu/.local/bin:/home/ubuntu/.local/bin:/home/ubuntu/.local/bin:/home/ubuntu/miniconda3/bin:/home/ubuntu/miniconda3/condabin:/opt/amazon/openmpi/bin:/opt/amazon/efa/bin:/usr/local/cuda-12.8/bin:/usr/local/cuda-12.8/include:/usr/local/cuda-12.8/bin:/usr/local/cuda-12.8/include:/usr/local/sbin:/usr/local/bin:/usr/sbin:/usr/bin:/sbin:/bin:/usr/games:/usr/local/games:/snap/bin
2026-03-26 03:08:48,488 - INFO - [36m(setup pid=6254, ip=172.31.36.213)[0m + PATH=/home/ubuntu/.local/bin:/home/ubuntu/.local/bin:/home/ubuntu/.local/bin:/home/ubuntu/miniconda3/bin:/home/ubuntu/miniconda3/condabin:/opt/amazon/openmpi/bin:/opt/amazon/efa/bin:/usr/local/cuda-12.8/bin:/usr/local/cuda-12.8/include:/usr/local/cuda-12.8/bin:/usr/local/cuda-12.8/include:/usr/local/sbin:/usr/local/bin:/usr/sbin:/usr/bin:/sbin:/bin:/usr/games:/usr/local/games:/snap/bin
2026-03-26 03:08:48,488 - INFO - [36m(setup pid=6254, ip=172.31.36.213)[0m + uv venv --python 3.12 --seed --allow-existing
2026-03-26 03:08:48,488 - INFO - [36m(setup pid=6499)[0m + command -v uv
2026-03-26 03:08:48,488 - INFO - [36m(setup pid=6499)[0m + export PATH=/home/ubuntu/.local/bin:/home/ubuntu/.local/bin:/home/ubuntu/.local/bin:/home/ubuntu/miniconda3/bin:/home/ubuntu/miniconda3/condabin:/opt/amazon/openmpi/bin:/opt/amazon/efa/bin:/usr/local/cuda-12.8/bin:/usr/local/cuda-12.8/include:/usr/local/cuda-12.8/bin:/usr/local/cuda-12.8/include:/usr/local/sbin:/usr/local/bin:/usr/sbin:/usr/bin:/sbin:/bin:/usr/games:/usr/local/games:/snap/bin
2026-03-26 03:08:48,488 - INFO - [36m(setup pid=6499)[0m + PATH=/home/ubuntu/.local/bin:/home/ubuntu/.local/bin:/home/ubuntu/.local/bin:/home/ubuntu/miniconda3/bin:/home/ubuntu/miniconda3/condabin:/opt/amazon/openmpi/bin:/opt/amazon/efa/bin:/usr/local/cuda-12.8/bin:/usr/local/cuda-12.8/include:/usr/local/cuda-12.8/bin:/usr/local/cuda-12.8/include:/usr/local/sbin:/usr/local/bin:/usr/sbin:/usr/bin:/sbin:/bin:/usr/games:/usr/local/games:/snap/bin
2026-03-26 03:08:48,488 - INFO - [36m(setup pid=6499)[0m + uv venv --python 3.12 --seed --allow-existing
2026-03-26 03:08:48,488 - INFO - [36m(setup pid=6254, ip=172.31.36.213)[0m Downloading cpython-3.12.13-linux-x86_64-gnu (download) (32.3MiB)
2026-03-26 03:08:48,993 - INFO - [36m(setup pid=6499)[0m Downloading cpython-3.12.13-linux-x86_64-gnu (download) (32.3MiB)
2026-03-26 03:08:48,993 - INFO - [36m(setup pid=6254, ip=172.31.36.213)[0m  Downloaded cpython-3.12.13-linux-x86_64-gnu (download)
2026-03-26 03:08:49,797 - INFO - [36m(setup pid=6499)[0m  Downloaded cpython-3.12.13-linux-x86_64-gnu (download)
2026-03-26 03:08:49,797 - INFO - [36m(setup pid=6254, ip=172.31.36.213)[0m Using CPython 3.12.13
2026-03-26 03:08:49,797 - INFO - [36m(setup pid=6254, ip=172.31.36.213)[0m Creating virtual environment with seed packages at: .venv
2026-03-26 03:08:49,797 - INFO - [36m(setup pid=6254, ip=172.31.36.213)[0m  + pip==26.0.1
2026-03-26 03:08:49,797 - INFO - [36m(setup pid=6254, ip=172.31.36.213)[0m Activate with: source .venv/bin/activate
2026-03-26 03:08:49,797 - INFO - [36m(setup pid=6254, ip=172.31.36.213)[0m + source .venv/bin/activate
2026-03-26 03:08:49,797 - INFO - [36m(setup pid=6254, ip=172.31.36.213)[0m ++ '[' -z '' ']'
2026-03-26 03:08:49,797 - INFO - [36m(setup pid=6254, ip=172.31.36.213)[0m ++ '[' -n x ']'
2026-03-26 03:08:49,797 - INFO - [36m(setup pid=6254, ip=172.31.36.213)[0m ++ SCRIPT_PATH=.venv/bin/activate
2026-03-26 03:08:49,797 - INFO - [36m(setup pid=6254, ip=172.31.36.213)[0m ++ '[' .venv/bin/activate = /tmp/sky_setup_sky-2026-03-26-03-04-19-970382 ']'
2026-03-26 03:08:49,797 - INFO - [36m(setup pid=6254, ip=172.31.36.213)[0m ++ deactivate nondestructive
2026-03-26 03:08:49,797 - INFO - [36m(setup pid=6254, ip=172.31.36.213)[0m ++ unset -f pydoc
2026-03-26 03:08:49,797 - INFO - [36m(setup pid=6254, ip=172.31.36.213)[0m ++ '[' -z '' ']'
2026-03-26 03:08:49,797 - INFO - [36m(setup pid=6254, ip=172.31.36.213)[0m ++ '[' -z '' ']'
2026-03-26 03:08:49,797 - INFO - [36m(setup pid=6254, ip=172.31.36.213)[0m ++ hash -r
2026-03-26 03:08:49,797 - INFO - [36m(setup pid=6254, ip=172.31.36.213)[0m ++ '[' -z '' ']'
2026-03-26 03:08:49,797 - INFO - [36m(setup pid=6254, ip=172.31.36.213)[0m ++ unset VIRTUAL_ENV
2026-03-26 03:08:49,797 - INFO - [36m(setup pid=6254, ip=172.31.36.213)[0m ++ unset VIRTUAL_ENV_PROMPT
2026-03-26 03:08:49,797 - INFO - [36m(setup pid=6254, ip=172.31.36.213)[0m ++ '[' '!' nondestructive = nondestructive ']'
2026-03-26 03:08:49,797 - INFO - [36m(setup pid=6254, ip=172.31.36.213)[0m ++ VIRTUAL_ENV=/home/ubuntu/sky_workdir/.venv
2026-03-26 03:08:49,797 - INFO - [36m(setup pid=6254, ip=172.31.36.213)[0m ++ '[' linux-gnu = cygwin ']'
2026-03-26 03:08:49,797 - INFO - [36m(setup pid=6254, ip=172.31.36.213)[0m ++ '[' linux-gnu = msys ']'
2026-03-26 03:08:49,797 - INFO - [36m(setup pid=6254, ip=172.31.36.213)[0m ++ export VIRTUAL_ENV
2026-03-26 03:08:49,797 - INFO - [36m(setup pid=6254, ip=172.31.36.213)[0m ++ '[' -z '' ']'
2026-03-26 03:08:49,797 - INFO - [36m(setup pid=6254, ip=172.31.36.213)[0m ++ unset SCRIPT_PATH
2026-03-26 03:08:49,797 - INFO - [36m(setup pid=6254, ip=172.31.36.213)[0m ++ _OLD_VIRTUAL_PATH=/home/ubuntu/.local/bin:/home/ubuntu/.local/bin:/home/ubuntu/.local/bin:/home/ubuntu/miniconda3/bin:/home/ubuntu/miniconda3/condabin:/opt/amazon/openmpi/bin:/opt/amazon/efa/bin:/usr/local/cuda-12.8/bin:/usr/local/cuda-12.8/include:/usr/local/cuda-12.8/bin:/usr/local/cuda-12.8/include:/usr/local/sbin:/usr/local/bin:/usr/sbin:/usr/bin:/sbin:/bin:/usr/games:/usr/local/games:/snap/bin
2026-03-26 03:08:49,797 - INFO - [36m(setup pid=6254, ip=172.31.36.213)[0m ++ PATH=/home/ubuntu/sky_workdir/.venv/bin:/home/ubuntu/.local/bin:/home/ubuntu/.local/bin:/home/ubuntu/.local/bin:/home/ubuntu/miniconda3/bin:/home/ubuntu/miniconda3/condabin:/opt/amazon/openmpi/bin:/opt/amazon/efa/bin:/usr/local/cuda-12.8/bin:/usr/local/cuda-12.8/include:/usr/local/cuda-12.8/bin:/usr/local/cuda-12.8/include:/usr/local/sbin:/usr/local/bin:/usr/sbin:/usr/bin:/sbin:/bin:/usr/games:/usr/local/games:/snap/bin
2026-03-26 03:08:49,797 - INFO - [36m(setup pid=6254, ip=172.31.36.213)[0m ++ export PATH
2026-03-26 03:08:49,797 - INFO - [36m(setup pid=6254, ip=172.31.36.213)[0m ++ '[' xsky_workdir '!=' x ']'
2026-03-26 03:08:49,797 - INFO - [36m(setup pid=6254, ip=172.31.36.213)[0m ++ VIRTUAL_ENV_PROMPT=sky_workdir
2026-03-26 03:08:49,797 - INFO - [36m(setup pid=6254, ip=172.31.36.213)[0m ++ export VIRTUAL_ENV_PROMPT
2026-03-26 03:08:49,797 - INFO - [36m(setup pid=6254, ip=172.31.36.213)[0m ++ '[' -z '' ']'
2026-03-26 03:08:49,797 - INFO - [36m(setup pid=6254, ip=172.31.36.213)[0m ++ '[' -z '' ']'
2026-03-26 03:08:49,797 - INFO - [36m(setup pid=6254, ip=172.31.36.213)[0m ++ _OLD_VIRTUAL_PS1='(base) ${debian_chroot:+($debian_chroot)}\u@\h:\w\$ '
2026-03-26 03:08:49,797 - INFO - [36m(setup pid=6254, ip=172.31.36.213)[0m ++ PS1='(sky_workdir) (base) ${debian_chroot:+($debian_chroot)}\u@\h:\w\$ '
2026-03-26 03:08:49,797 - INFO - [36m(setup pid=6254, ip=172.31.36.213)[0m ++ export PS1
2026-03-26 03:08:49,797 - INFO - [36m(setup pid=6254, ip=172.31.36.213)[0m ++ alias pydoc
2026-03-26 03:08:49,797 - INFO - [36m(setup pid=6254, ip=172.31.36.213)[0m ++ true
2026-03-26 03:08:49,797 - INFO - [36m(setup pid=6254, ip=172.31.36.213)[0m ++ hash -r
2026-03-26 03:08:49,797 - INFO - [36m(setup pid=6254, ip=172.31.36.213)[0m + uv pip install datasets requests pynvml aiohttp
2026-03-26 03:08:49,797 - INFO - [36m(setup pid=6499)[0m Using CPython 3.12.13
2026-03-26 03:08:49,797 - INFO - [36m(setup pid=6499)[0m Creating virtual environment with seed packages at: .venv
2026-03-26 03:08:49,797 - INFO - [36m(setup pid=6499)[0m  + pip==26.0.1
2026-03-26 03:08:49,797 - INFO - [36m(setup pid=6499)[0m Activate with: source .venv/bin/activate
2026-03-26 03:08:49,797 - INFO - [36m(setup pid=6499)[0m + source .venv/bin/activate
2026-03-26 03:08:49,797 - INFO - [36m(setup pid=6499)[0m ++ '[' -z '' ']'
2026-03-26 03:08:49,797 - INFO - [36m(setup pid=6499)[0m ++ '[' -n x ']'
2026-03-26 03:08:49,797 - INFO - [36m(setup pid=6499)[0m ++ SCRIPT_PATH=.venv/bin/activate
2026-03-26 03:08:49,797 - INFO - [36m(setup pid=6499)[0m ++ '[' .venv/bin/activate = /tmp/sky_setup_sky-2026-03-26-03-04-19-970382 ']'
2026-03-26 03:08:49,797 - INFO - [36m(setup pid=6499)[0m ++ deactivate nondestructive
2026-03-26 03:08:49,797 - INFO - [36m(setup pid=6499)[0m ++ unset -f pydoc
2026-03-26 03:08:49,797 - INFO - [36m(setup pid=6499)[0m ++ '[' -z '' ']'
2026-03-26 03:08:49,797 - INFO - [36m(setup pid=6499)[0m ++ '[' -z '' ']'
2026-03-26 03:08:49,797 - INFO - [36m(setup pid=6499)[0m ++ hash -r
2026-03-26 03:08:49,797 - INFO - [36m(setup pid=6499)[0m ++ '[' -z '' ']'
2026-03-26 03:08:49,797 - INFO - [36m(setup pid=6499)[0m ++ unset VIRTUAL_ENV
2026-03-26 03:08:49,797 - INFO - [36m(setup pid=6499)[0m ++ unset VIRTUAL_ENV_PROMPT
2026-03-26 03:08:49,797 - INFO - [36m(setup pid=6499)[0m ++ '[' '!' nondestructive = nondestructive ']'
2026-03-26 03:08:49,797 - INFO - [36m(setup pid=6499)[0m ++ VIRTUAL_ENV=/home/ubuntu/sky_workdir/.venv
2026-03-26 03:08:49,797 - INFO - [36m(setup pid=6499)[0m ++ '[' linux-gnu = cygwin ']'
2026-03-26 03:08:49,797 - INFO - [36m(setup pid=6499)[0m ++ '[' linux-gnu = msys ']'
2026-03-26 03:08:49,797 - INFO - [36m(setup pid=6499)[0m ++ export VIRTUAL_ENV
2026-03-26 03:08:49,797 - INFO - [36m(setup pid=6499)[0m ++ '[' -z '' ']'
2026-03-26 03:08:49,797 - INFO - [36m(setup pid=6499)[0m ++ unset SCRIPT_PATH
2026-03-26 03:08:49,797 - INFO - [36m(setup pid=6499)[0m ++ _OLD_VIRTUAL_PATH=/home/ubuntu/.local/bin:/home/ubuntu/.local/bin:/home/ubuntu/.local/bin:/home/ubuntu/miniconda3/bin:/home/ubuntu/miniconda3/condabin:/opt/amazon/openmpi/bin:/opt/amazon/efa/bin:/usr/local/cuda-12.8/bin:/usr/local/cuda-12.8/include:/usr/local/cuda-12.8/bin:/usr/local/cuda-12.8/include:/usr/local/sbin:/usr/local/bin:/usr/sbin:/usr/bin:/sbin:/bin:/usr/games:/usr/local/games:/snap/bin
2026-03-26 03:08:49,797 - INFO - [36m(setup pid=6499)[0m ++ PATH=/home/ubuntu/sky_workdir/.venv/bin:/home/ubuntu/.local/bin:/home/ubuntu/.local/bin:/home/ubuntu/.local/bin:/home/ubuntu/miniconda3/bin:/home/ubuntu/miniconda3/condabin:/opt/amazon/openmpi/bin:/opt/amazon/efa/bin:/usr/local/cuda-12.8/bin:/usr/local/cuda-12.8/include:/usr/local/cuda-12.8/bin:/usr/local/cuda-12.8/include:/usr/local/sbin:/usr/local/bin:/usr/sbin:/usr/bin:/sbin:/bin:/usr/games:/usr/local/games:/snap/bin
2026-03-26 03:08:49,797 - INFO - [36m(setup pid=6499)[0m ++ export PATH
2026-03-26 03:08:49,797 - INFO - [36m(setup pid=6499)[0m ++ '[' xsky_workdir '!=' x ']'
2026-03-26 03:08:49,797 - INFO - [36m(setup pid=6499)[0m ++ VIRTUAL_ENV_PROMPT=sky_workdir
2026-03-26 03:08:49,797 - INFO - [36m(setup pid=6499)[0m ++ export VIRTUAL_ENV_PROMPT
2026-03-26 03:08:49,797 - INFO - [36m(setup pid=6499)[0m ++ '[' -z '' ']'
2026-03-26 03:08:49,797 - INFO - [36m(setup pid=6499)[0m ++ '[' -z '' ']'
2026-03-26 03:08:49,797 - INFO - [36m(setup pid=6499)[0m ++ _OLD_VIRTUAL_PS1='(base) ${debian_chroot:+($debian_chroot)}\u@\h:\w\$ '
2026-03-26 03:08:49,797 - INFO - [36m(setup pid=6499)[0m ++ PS1='(sky_workdir) (base) ${debian_chroot:+($debian_chroot)}\u@\h:\w\$ '
2026-03-26 03:08:49,797 - INFO - [36m(setup pid=6499)[0m ++ export PS1
2026-03-26 03:08:49,797 - INFO - [36m(setup pid=6499)[0m ++ alias pydoc
2026-03-26 03:08:49,797 - INFO - [36m(setup pid=6499)[0m ++ true
2026-03-26 03:08:49,797 - INFO - [36m(setup pid=6499)[0m ++ hash -r
2026-03-26 03:08:49,797 - INFO - [36m(setup pid=6499)[0m + uv pip install datasets requests pynvml aiohttp
2026-03-26 03:08:49,797 - INFO - [36m(setup pid=6254, ip=172.31.36.213)[0m Resolved 44 packages in 113ms
2026-03-26 03:08:49,797 - INFO - [36m(setup pid=6254, ip=172.31.36.213)[0m Downloading hf-xet (4.0MiB)
2026-03-26 03:08:49,797 - INFO - [36m(setup pid=6254, ip=172.31.36.213)[0m Downloading aiohttp (1.7MiB)
2026-03-26 03:08:49,797 - INFO - [36m(setup pid=6254, ip=172.31.36.213)[0m Downloading pandas (10.4MiB)
2026-03-26 03:08:49,797 - INFO - [36m(setup pid=6499)[0m Resolved 44 packages in 116ms
2026-03-26 03:08:50,402 - INFO - [36m(setup pid=6499)[0m Downloading aiohttp (1.7MiB)
2026-03-26 03:08:50,403 - INFO - [36m(setup pid=6499)[0m Downloading hf-xet (4.0MiB)
2026-03-26 03:08:50,403 - INFO - [36m(setup pid=6499)[0m Downloading numpy (15.9MiB)
2026-03-26 03:08:50,403 - INFO - [36m(setup pid=6499)[0m Downloading pyarrow (45.4MiB)
2026-03-26 03:08:50,403 - INFO - [36m(setup pid=6499)[0m Downloading pandas (10.4MiB)
2026-03-26 03:08:50,403 - INFO - [36m(setup pid=6254, ip=172.31.36.213)[0m Downloading pyarrow (45.4MiB)
2026-03-26 03:08:50,403 - INFO - [36m(setup pid=6254, ip=172.31.36.213)[0m Downloading numpy (15.9MiB)
2026-03-26 03:08:50,403 - INFO - [36m(setup pid=6499)[0m  Downloaded hf-xet
2026-03-26 03:08:50,403 - INFO - [36m(setup pid=6254, ip=172.31.36.213)[0m  Downloaded hf-xet
2026-03-26 03:08:50,403 - INFO - [36m(setup pid=6254, ip=172.31.36.213)[0m  Downloaded aiohttp
2026-03-26 03:08:50,403 - INFO - [36m(setup pid=6499)[0m  Downloaded aiohttp
2026-03-26 03:08:50,403 - INFO - [36m(setup pid=6254, ip=172.31.36.213)[0m  Downloaded pyarrow
2026-03-26 03:08:50,403 - INFO - [36m(setup pid=6499)[0m  Downloaded pyarrow
2026-03-26 03:08:50,403 - INFO - [36m(setup pid=6499)[0m  Downloaded numpy
2026-03-26 03:08:50,403 - INFO - [36m(setup pid=6499)[0m  Downloaded pandas
2026-03-26 03:08:50,403 - INFO - [36m(setup pid=6499)[0m Prepared 21 packages in 850ms
2026-03-26 03:08:50,403 - INFO - [36m(setup pid=6254, ip=172.31.36.213)[0m  Downloaded numpy
2026-03-26 03:08:50,403 - INFO - [36m(setup pid=6254, ip=172.31.36.213)[0m  Downloaded pandas
2026-03-26 03:08:50,403 - INFO - [36m(setup pid=6254, ip=172.31.36.213)[0m Prepared 21 packages in 909ms
2026-03-26 03:08:50,403 - INFO - [36m(setup pid=6499)[0m Installed 44 packages in 75ms
2026-03-26 03:08:50,403 - INFO - [36m(setup pid=6499)[0m  + aiohappyeyeballs==2.6.1
2026-03-26 03:08:50,403 - INFO - [36m(setup pid=6499)[0m  + aiohttp==3.13.3
2026-03-26 03:08:50,403 - INFO - [36m(setup pid=6499)[0m  + aiosignal==1.4.0
2026-03-26 03:08:50,403 - INFO - [36m(setup pid=6499)[0m  + annotated-doc==0.0.4
2026-03-26 03:08:50,403 - INFO - [36m(setup pid=6499)[0m  + anyio==4.13.0
2026-03-26 03:08:50,403 - INFO - [36m(setup pid=6499)[0m  + attrs==26.1.0
2026-03-26 03:08:50,403 - INFO - [36m(setup pid=6499)[0m  + certifi==2026.2.25
2026-03-26 03:08:50,403 - INFO - [36m(setup pid=6499)[0m  + charset-normalizer==3.4.6
2026-03-26 03:08:50,403 - INFO - [36m(setup pid=6499)[0m  + click==8.3.1
2026-03-26 03:08:50,403 - INFO - [36m(setup pid=6499)[0m  + datasets==4.8.4
2026-03-26 03:08:50,403 - INFO - [36m(setup pid=6499)[0m  + dill==0.4.1
2026-03-26 03:08:50,403 - INFO - [36m(setup pid=6499)[0m  + filelock==3.25.2
2026-03-26 03:08:50,403 - INFO - [36m(setup pid=6499)[0m  + frozenlist==1.8.0
2026-03-26 03:08:50,403 - INFO - [36m(setup pid=6499)[0m  + fsspec==2026.2.0
2026-03-26 03:08:50,403 - INFO - [36m(setup pid=6499)[0m  + h11==0.16.0
2026-03-26 03:08:50,403 - INFO - [36m(setup pid=6499)[0m  + hf-xet==1.4.2
2026-03-26 03:08:50,403 - INFO - [36m(setup pid=6499)[0m  + httpcore==1.0.9
2026-03-26 03:08:50,403 - INFO - [36m(setup pid=6499)[0m  + httpx==0.28.1
2026-03-26 03:08:50,403 - INFO - [36m(setup pid=6499)[0m  + huggingface-hub==1.8.0
2026-03-26 03:08:50,403 - INFO - [36m(setup pid=6499)[0m  + idna==3.11
2026-03-26 03:08:50,403 - INFO - [36m(setup pid=6499)[0m  + markdown-it-py==4.0.0
2026-03-26 03:08:50,403 - INFO - [36m(setup pid=6499)[0m  + mdurl==0.1.2
2026-03-26 03:08:50,403 - INFO - [36m(setup pid=6499)[0m  + multidict==6.7.1
2026-03-26 03:08:50,403 - INFO - [36m(setup pid=6499)[0m  + multiprocess==0.70.19
2026-03-26 03:08:50,403 - INFO - [36m(setup pid=6499)[0m  + numpy==2.4.3
2026-03-26 03:08:50,403 - INFO - [36m(setup pid=6499)[0m  + nvidia-ml-py==13.595.45
2026-03-26 03:08:50,403 - INFO - [36m(setup pid=6499)[0m  + packaging==26.0
2026-03-26 03:08:50,403 - INFO - [36m(setup pid=6499)[0m  + pandas==3.0.1
2026-03-26 03:08:50,403 - INFO - [36m(setup pid=6499)[0m  + propcache==0.4.1
2026-03-26 03:08:50,403 - INFO - [36m(setup pid=6499)[0m  + pyarrow==23.0.1
2026-03-26 03:08:50,403 - INFO - [36m(setup pid=6499)[0m  + pygments==2.19.2
2026-03-26 03:08:50,403 - INFO - [36m(setup pid=6499)[0m  + pynvml==13.0.1
2026-03-26 03:08:50,403 - INFO - [36m(setup pid=6499)[0m  + python-dateutil==2.9.0.post0
2026-03-26 03:08:50,403 - INFO - [36m(setup pid=6499)[0m  + pyyaml==6.0.3
2026-03-26 03:08:50,403 - INFO - [36m(setup pid=6499)[0m  + requests==2.33.0
2026-03-26 03:08:50,403 - INFO - [36m(setup pid=6499)[0m  + rich==14.3.3
2026-03-26 03:08:50,403 - INFO - [36m(setup pid=6499)[0m  + shellingham==1.5.4
2026-03-26 03:08:50,403 - INFO - [36m(setup pid=6499)[0m  + six==1.17.0
2026-03-26 03:08:50,403 - INFO - [36m(setup pid=6499)[0m  + tqdm==4.67.3
2026-03-26 03:08:50,403 - INFO - [36m(setup pid=6499)[0m  + typer==0.24.1
2026-03-26 03:08:50,403 - INFO - [36m(setup pid=6499)[0m  + typing-extensions==4.15.0
2026-03-26 03:08:50,403 - INFO - [36m(setup pid=6499)[0m  + urllib3==2.6.3
2026-03-26 03:08:50,403 - INFO - [36m(setup pid=6499)[0m  + xxhash==3.6.0
2026-03-26 03:08:50,403 - INFO - [36m(setup pid=6499)[0m  + yarl==1.23.0
2026-03-26 03:08:50,403 - INFO - [36m(setup pid=6499)[0m + echo '=== Installing vLLM 0.10.0 ==='
2026-03-26 03:08:50,403 - INFO - [36m(setup pid=6499)[0m === Installing vLLM 0.10.0 ===
2026-03-26 03:08:50,403 - INFO - [36m(setup pid=6499)[0m + uv pip install vllm==0.10.0 'ray[cgraph]'
2026-03-26 03:08:50,403 - INFO - [36m(setup pid=6254, ip=172.31.36.213)[0m Installed 44 packages in 32ms
2026-03-26 03:08:50,403 - INFO - [36m(setup pid=6254, ip=172.31.36.213)[0m  + aiohappyeyeballs==2.6.1
2026-03-26 03:08:50,403 - INFO - [36m(setup pid=6254, ip=172.31.36.213)[0m  + aiohttp==3.13.3
2026-03-26 03:08:50,403 - INFO - [36m(setup pid=6254, ip=172.31.36.213)[0m  + aiosignal==1.4.0
2026-03-26 03:08:50,403 - INFO - [36m(setup pid=6254, ip=172.31.36.213)[0m  + annotated-doc==0.0.4
2026-03-26 03:08:50,403 - INFO - [36m(setup pid=6254, ip=172.31.36.213)[0m  + anyio==4.13.0
2026-03-26 03:08:50,403 - INFO - [36m(setup pid=6254, ip=172.31.36.213)[0m  + attrs==26.1.0
2026-03-26 03:08:50,403 - INFO - [36m(setup pid=6254, ip=172.31.36.213)[0m  + certifi==2026.2.25
2026-03-26 03:08:50,403 - INFO - [36m(setup pid=6254, ip=172.31.36.213)[0m  + charset-normalizer==3.4.6
2026-03-26 03:08:50,403 - INFO - [36m(setup pid=6254, ip=172.31.36.213)[0m  + click==8.3.1
2026-03-26 03:08:50,403 - INFO - [36m(setup pid=6254, ip=172.31.36.213)[0m  + datasets==4.8.4
2026-03-26 03:08:50,403 - INFO - [36m(setup pid=6254, ip=172.31.36.213)[0m  + dill==0.4.1
2026-03-26 03:08:50,403 - INFO - [36m(setup pid=6254, ip=172.31.36.213)[0m  + filelock==3.25.2
2026-03-26 03:08:50,403 - INFO - [36m(setup pid=6254, ip=172.31.36.213)[0m  + frozenlist==1.8.0
2026-03-26 03:08:50,403 - INFO - [36m(setup pid=6254, ip=172.31.36.213)[0m  + fsspec==2026.2.0
2026-03-26 03:08:50,403 - INFO - [36m(setup pid=6254, ip=172.31.36.213)[0m  + h11==0.16.0
2026-03-26 03:08:50,403 - INFO - [36m(setup pid=6254, ip=172.31.36.213)[0m  + hf-xet==1.4.2
2026-03-26 03:08:50,403 - INFO - [36m(setup pid=6254, ip=172.31.36.213)[0m  + httpcore==1.0.9
2026-03-26 03:08:50,403 - INFO - [36m(setup pid=6254, ip=172.31.36.213)[0m  + httpx==0.28.1
2026-03-26 03:08:50,403 - INFO - [36m(setup pid=6254, ip=172.31.36.213)[0m  + huggingface-hub==1.8.0
2026-03-26 03:08:50,403 - INFO - [36m(setup pid=6254, ip=172.31.36.213)[0m  + idna==3.11
2026-03-26 03:08:50,403 - INFO - [36m(setup pid=6254, ip=172.31.36.213)[0m  + markdown-it-py==4.0.0
2026-03-26 03:08:50,403 - INFO - [36m(setup pid=6254, ip=172.31.36.213)[0m  + mdurl==0.1.2
2026-03-26 03:08:50,403 - INFO - [36m(setup pid=6254, ip=172.31.36.213)[0m  + multidict==6.7.1
2026-03-26 03:08:50,403 - INFO - [36m(setup pid=6254, ip=172.31.36.213)[0m  + multiprocess==0.70.19
2026-03-26 03:08:50,403 - INFO - [36m(setup pid=6254, ip=172.31.36.213)[0m  + numpy==2.4.3
2026-03-26 03:08:50,403 - INFO - [36m(setup pid=6254, ip=172.31.36.213)[0m  + nvidia-ml-py==13.595.45
2026-03-26 03:08:50,403 - INFO - [36m(setup pid=6254, ip=172.31.36.213)[0m  + packaging==26.0
2026-03-26 03:08:50,403 - INFO - [36m(setup pid=6254, ip=172.31.36.213)[0m  + pandas==3.0.1
2026-03-26 03:08:50,403 - INFO - [36m(setup pid=6254, ip=172.31.36.213)[0m  + propcache==0.4.1
2026-03-26 03:08:50,403 - INFO - [36m(setup pid=6254, ip=172.31.36.213)[0m  + pyarrow==23.0.1
2026-03-26 03:08:50,403 - INFO - [36m(setup pid=6254, ip=172.31.36.213)[0m  + pygments==2.19.2
2026-03-26 03:08:50,403 - INFO - [36m(setup pid=6254, ip=172.31.36.213)[0m  + pynvml==13.0.1
2026-03-26 03:08:50,403 - INFO - [36m(setup pid=6254, ip=172.31.36.213)[0m  + python-dateutil==2.9.0.post0
2026-03-26 03:08:50,403 - INFO - [36m(setup pid=6254, ip=172.31.36.213)[0m  + pyyaml==6.0.3
2026-03-26 03:08:50,403 - INFO - [36m(setup pid=6254, ip=172.31.36.213)[0m  + requests==2.33.0
2026-03-26 03:08:50,403 - INFO - [36m(setup pid=6254, ip=172.31.36.213)[0m  + rich==14.3.3
2026-03-26 03:08:50,403 - INFO - [36m(setup pid=6254, ip=172.31.36.213)[0m  + shellingham==1.5.4
2026-03-26 03:08:50,403 - INFO - [36m(setup pid=6254, ip=172.31.36.213)[0m  + six==1.17.0
2026-03-26 03:08:50,403 - INFO - [36m(setup pid=6254, ip=172.31.36.213)[0m  + tqdm==4.67.3
2026-03-26 03:08:50,403 - INFO - [36m(setup pid=6254, ip=172.31.36.213)[0m  + typer==0.24.1
2026-03-26 03:08:50,403 - INFO - [36m(setup pid=6254, ip=172.31.36.213)[0m  + typing-extensions==4.15.0
2026-03-26 03:08:50,403 - INFO - [36m(setup pid=6254, ip=172.31.36.213)[0m  + urllib3==2.6.3
2026-03-26 03:08:50,403 - INFO - [36m(setup pid=6254, ip=172.31.36.213)[0m  + xxhash==3.6.0
2026-03-26 03:08:50,403 - INFO - [36m(setup pid=6254, ip=172.31.36.213)[0m  + yarl==1.23.0
2026-03-26 03:08:50,403 - INFO - [36m(setup pid=6254, ip=172.31.36.213)[0m + echo '=== Installing vLLM 0.10.0 ==='
2026-03-26 03:08:50,404 - INFO - [36m(setup pid=6254, ip=172.31.36.213)[0m === Installing vLLM 0.10.0 ===
2026-03-26 03:08:50,404 - INFO - [36m(setup pid=6254, ip=172.31.36.213)[0m + uv pip install vllm==0.10.0 'ray[cgraph]'
2026-03-26 03:08:50,404 - INFO - [36m(setup pid=6254, ip=172.31.36.213)[0m Resolved 141 packages in 354ms
2026-03-26 03:08:50,404 - INFO - [36m(setup pid=6254, ip=172.31.36.213)[0m Downloading uvloop (4.2MiB)
2026-03-26 03:08:50,404 - INFO - [36m(setup pid=6254, ip=172.31.36.213)[0m Downloading tokenizers (3.1MiB)
2026-03-26 03:08:50,404 - INFO - [36m(setup pid=6254, ip=172.31.36.213)[0m Downloading pydantic-core (2.0MiB)
2026-03-26 03:08:50,404 - INFO - [36m(setup pid=6254, ip=172.31.36.213)[0m Downloading networkx (2.0MiB)
2026-03-26 03:08:50,404 - INFO - [36m(setup pid=6254, ip=172.31.36.213)[0m Downloading mistral-common (6.2MiB)
2026-03-26 03:08:50,404 - INFO - [36m(setup pid=6254, ip=172.31.36.213)[0m Downloading numba (3.7MiB)
2026-03-26 03:08:50,404 - INFO - [36m(setup pid=6254, ip=172.31.36.213)[0m Downloading torchaudio (3.3MiB)
2026-03-26 03:08:50,404 - INFO - [36m(setup pid=6254, ip=172.31.36.213)[0m Downloading opencv-python-headless (57.6MiB)
2026-03-26 03:08:50,404 - INFO - [36m(setup pid=6254, ip=172.31.36.213)[0m Downloading sympy (6.0MiB)
2026-03-26 03:08:50,404 - INFO - [36m(setup pid=6254, ip=172.31.36.213)[0m Downloading transformers (10.2MiB)
2026-03-26 03:08:50,404 - INFO - [36m(setup pid=6254, ip=172.31.36.213)[0m Downloading scipy (33.6MiB)
2026-03-26 03:08:50,404 - INFO - [36m(setup pid=6254, ip=172.31.36.213)[0m Downloading tiktoken (1.1MiB)
2026-03-26 03:08:50,404 - INFO - [36m(setup pid=6254, ip=172.31.36.213)[0m Downloading pillow (6.7MiB)
2026-03-26 03:08:50,404 - INFO - [36m(setup pid=6254, ip=172.31.36.213)[0m Downloading llguidance (14.3MiB)
2026-03-26 03:08:50,404 - INFO - [36m(setup pid=6254, ip=172.31.36.213)[0m Downloading numpy (15.8MiB)
2026-03-26 03:08:50,404 - INFO - [36m(setup pid=6254, ip=172.31.36.213)[0m Downloading nvidia-cudnn-cu12 (544.5MiB)
2026-03-26 03:08:50,404 - INFO - [36m(setup pid=6254, ip=172.31.36.213)[0m Downloading llvmlite (40.4MiB)
2026-03-26 03:08:50,404 - INFO - [36m(setup pid=6254, ip=172.31.36.213)[0m Downloading nvidia-nvjitlink-cu12 (18.8MiB)
2026-03-26 03:08:50,404 - INFO - [36m(setup pid=6254, ip=172.31.36.213)[0m Downloading pycountry (7.7MiB)
2026-03-26 03:08:50,404 - INFO - [36m(setup pid=6254, ip=172.31.36.213)[0m Downloading setuptools (1.2MiB)
2026-03-26 03:08:50,404 - INFO - [36m(setup pid=6254, ip=172.31.36.213)[0m Downloading nvidia-curand-cu12 (53.7MiB)
2026-03-26 03:08:50,404 - INFO - [36m(setup pid=6254, ip=172.31.36.213)[0m Downloading nvidia-cufft-cu12 (190.9MiB)
2026-03-26 03:08:50,404 - INFO - [36m(setup pid=6254, ip=172.31.36.213)[0m Downloading ray (69.6MiB)
2026-03-26 03:08:50,404 - INFO - [36m(setup pid=6254, ip=172.31.36.213)[0m Downloading nvidia-nccl-cu12 (192.0MiB)
2026-03-26 03:08:50,404 - INFO - [36m(setup pid=6254, ip=172.31.36.213)[0m Downloading sentencepiece (1.3MiB)
2026-03-26 03:08:50,404 - INFO - [36m(setup pid=6254, ip=172.31.36.213)[0m Downloading triton (148.5MiB)
2026-03-26 03:08:50,404 - INFO - [36m(setup pid=6254, ip=172.31.36.213)[0m Downloading xgrammar (11.3MiB)
2026-03-26 03:08:50,404 - INFO - [36m(setup pid=6254, ip=172.31.36.213)[0m Downloading nvidia-cublas-cu12 (374.9MiB)
2026-03-26 03:08:50,404 - INFO - [36m(setup pid=6254, ip=172.31.36.213)[0m Downloading soundfile (1.3MiB)
2026-03-26 03:08:50,404 - INFO - [36m(setup pid=6254, ip=172.31.36.213)[0m Downloading xformers (111.6MiB)
2026-03-26 03:08:50,404 - INFO - [36m(setup pid=6499)[0m Resolved 141 packages in 356ms
2026-03-26 03:08:50,906 - INFO - [36m(setup pid=6499)[0m Downloading transformers (10.2MiB)
2026-03-26 03:08:50,906 - INFO - [36m(setup pid=6499)[0m Downloading scipy (33.6MiB)
2026-03-26 03:08:50,906 - INFO - [36m(setup pid=6499)[0m Downloading uvloop (4.2MiB)
2026-03-26 03:08:50,906 - INFO - [36m(setup pid=6499)[0m Downloading pydantic-core (2.0MiB)
2026-03-26 03:08:50,906 - INFO - [36m(setup pid=6499)[0m Downloading tiktoken (1.1MiB)
2026-03-26 03:08:50,906 - INFO - [36m(setup pid=6499)[0m Downloading nvidia-cuda-cupti-cu12 (8.5MiB)
2026-03-26 03:08:50,906 - INFO - [36m(setup pid=6499)[0m Downloading nvidia-cufile-cu12 (1.1MiB)
2026-03-26 03:08:50,906 - INFO - [36m(setup pid=6499)[0m Downloading pillow (6.7MiB)
2026-03-26 03:08:50,906 - INFO - [36m(setup pid=6499)[0m Downloading soundfile (1.3MiB)
2026-03-26 03:08:50,906 - INFO - [36m(setup pid=6499)[0m Downloading tokenizers (3.1MiB)
2026-03-26 03:08:50,906 - INFO - [36m(setup pid=6499)[0m Downloading sympy (6.0MiB)
2026-03-26 03:08:50,906 - INFO - [36m(setup pid=6499)[0m Downloading nvidia-nvjitlink-cu12 (18.8MiB)
2026-03-26 03:08:50,906 - INFO - [36m(setup pid=6499)[0m Downloading numba (3.7MiB)
2026-03-26 03:08:50,906 - INFO - [36m(setup pid=6499)[0m Downloading nvidia-cublas-cu12 (374.9MiB)
2026-03-26 03:08:50,906 - INFO - [36m(setup pid=6499)[0m Downloading llvmlite (40.4MiB)
2026-03-26 03:08:50,906 - INFO - [36m(setup pid=6499)[0m Downloading ray (69.6MiB)
2026-03-26 03:08:50,906 - INFO - [36m(setup pid=6499)[0m Downloading nvidia-curand-cu12 (53.7MiB)
2026-03-26 03:08:50,906 - INFO - [36m(setup pid=6499)[0m Downloading nvidia-cusparselt-cu12 (149.5MiB)
2026-03-26 03:08:50,906 - INFO - [36m(setup pid=6499)[0m Downloading nvidia-cufft-cu12 (190.9MiB)
2026-03-26 03:08:50,906 - INFO - [36m(setup pid=6499)[0m Downloading nvidia-cuda-nvrtc-cu12 (22.6MiB)
2026-03-26 03:08:50,906 - INFO - [36m(setup pid=6499)[0m Downloading opencv-python-headless (57.6MiB)
2026-03-26 03:08:50,906 - INFO - [36m(setup pid=6499)[0m Downloading networkx (2.0MiB)
2026-03-26 03:08:50,906 - INFO - [36m(setup pid=6499)[0m Downloading mistral-common (6.2MiB)
2026-03-26 03:08:50,906 - INFO - [36m(setup pid=6499)[0m Downloading llguidance (14.3MiB)
2026-03-26 03:08:50,906 - INFO - [36m(setup pid=6499)[0m Downloading nvidia-nccl-cu12 (192.0MiB)
2026-03-26 03:08:50,906 - INFO - [36m(setup pid=6499)[0m Downloading pycountry (7.7MiB)
2026-03-26 03:08:50,906 - INFO - [36m(setup pid=6499)[0m Downloading numpy (15.8MiB)
2026-03-26 03:08:51,409 - INFO - [36m(setup pid=6499)[0m Downloading nvidia-cusparse-cu12 (206.5MiB)
2026-03-26 03:08:51,409 - INFO - [36m(setup pid=6499)[0m Downloading nvidia-cudnn-cu12 (544.5MiB)
2026-03-26 03:08:51,409 - INFO - [36m(setup pid=6499)[0m Downloading torchvision (7.1MiB)
2026-03-26 03:08:51,409 - INFO - [36m(setup pid=6499)[0m Downloading sentencepiece (1.3MiB)
2026-03-26 03:08:51,409 - INFO - [36m(setup pid=6499)[0m Downloading torchaudio (3.3MiB)
2026-03-26 03:08:51,409 - INFO - [36m(setup pid=6499)[0m Downloading cupy-cuda12x (128.4MiB)
2026-03-26 03:08:51,409 - INFO - [36m(setup pid=6499)[0m Downloading nvidia-cusolver-cu12 (150.9MiB)
2026-03-26 03:08:51,409 - INFO - [36m(setup pid=6499)[0m Downloading torch (783.0MiB)
2026-03-26 03:08:51,409 - INFO - [36m(setup pid=6499)[0m Downloading setuptools (1.2MiB)
2026-03-26 03:08:51,409 - INFO - [36m(setup pid=6499)[0m Downloading xgrammar (11.3MiB)
2026-03-26 03:08:51,409 - INFO - [36m(setup pid=6499)[0m Downloading outlines-core (2.2MiB)
2026-03-26 03:08:51,409 - INFO - [36m(setup pid=6499)[0m Downloading xformers (111.6MiB)
2026-03-26 03:08:51,409 - INFO - [36m(setup pid=6499)[0m Downloading triton (148.5MiB)
2026-03-26 03:08:51,409 - INFO - [36m(setup pid=6499)[0m Downloading vllm (368.7MiB)
2026-03-26 03:08:51,409 - INFO - [36m(setup pid=6254, ip=172.31.36.213)[0m Downloading nvidia-cufile-cu12 (1.1MiB)
2026-03-26 03:08:51,409 - INFO - [36m(setup pid=6254, ip=172.31.36.213)[0m Downloading outlines-core (2.2MiB)
2026-03-26 03:08:51,409 - INFO - [36m(setup pid=6254, ip=172.31.36.213)[0m Downloading torchvision (7.1MiB)
2026-03-26 03:08:51,409 - INFO - [36m(setup pid=6254, ip=172.31.36.213)[0m Downloading nvidia-cuda-cupti-cu12 (8.5MiB)
2026-03-26 03:08:51,410 - INFO - [36m(setup pid=6254, ip=172.31.36.213)[0m Downloading nvidia-cusparselt-cu12 (149.5MiB)
2026-03-26 03:08:51,410 - INFO - [36m(setup pid=6254, ip=172.31.36.213)[0m Downloading torch (783.0MiB)
2026-03-26 03:08:51,410 - INFO - [36m(setup pid=6254, ip=172.31.36.213)[0m Downloading vllm (368.7MiB)
2026-03-26 03:08:51,410 - INFO - [36m(setup pid=6254, ip=172.31.36.213)[0m Downloading nvidia-cusparse-cu12 (206.5MiB)
2026-03-26 03:08:51,410 - INFO - [36m(setup pid=6254, ip=172.31.36.213)[0m Downloading cupy-cuda12x (128.4MiB)
2026-03-26 03:08:51,410 - INFO - [36m(setup pid=6254, ip=172.31.36.213)[0m Downloading nvidia-cusolver-cu12 (150.9MiB)
2026-03-26 03:08:51,410 - INFO - [36m(setup pid=6254, ip=172.31.36.213)[0m Downloading nvidia-cuda-nvrtc-cu12 (22.6MiB)
2026-03-26 03:08:51,410 - INFO - [36m(setup pid=6499)[0m  Downloaded nvidia-cufile-cu12
2026-03-26 03:08:52,212 - INFO - [36m(setup pid=6499)[0m  Downloaded tiktoken
2026-03-26 03:08:52,213 - INFO - [36m(setup pid=6254, ip=172.31.36.213)[0m  Downloaded tiktoken
2026-03-26 03:08:52,213 - INFO - [36m(setup pid=6254, ip=172.31.36.213)[0m  Downloaded nvidia-cufile-cu12
2026-03-26 03:08:52,213 - INFO - [36m(setup pid=6499)[0m  Downloaded soundfile
2026-03-26 03:08:52,213 - INFO - [36m(setup pid=6254, ip=172.31.36.213)[0m  Downloaded soundfile
2026-03-26 03:08:52,213 - INFO - [36m(setup pid=6254, ip=172.31.36.213)[0m  Downloaded sentencepiece
2026-03-26 03:08:52,213 - INFO - [36m(setup pid=6499)[0m  Downloaded sentencepiece
2026-03-26 03:08:52,213 - INFO - [36m(setup pid=6254, ip=172.31.36.213)[0m  Downloaded pydantic-core
2026-03-26 03:08:52,213 - INFO - [36m(setup pid=6254, ip=172.31.36.213)[0m  Downloaded outlines-core
2026-03-26 03:08:52,213 - INFO - [36m(setup pid=6499)[0m  Downloaded pydantic-core
2026-03-26 03:08:52,213 - INFO - [36m(setup pid=6499)[0m  Downloaded outlines-core
2026-03-26 03:08:52,817 - INFO - [36m(setup pid=6254, ip=172.31.36.213)[0m  Downloaded setuptools
2026-03-26 03:08:52,817 - INFO - [36m(setup pid=6499)[0m  Downloaded setuptools
2026-03-26 03:08:52,817 - INFO - [36m(setup pid=6254, ip=172.31.36.213)[0m  Downloaded tokenizers
2026-03-26 03:08:52,817 - INFO - [36m(setup pid=6499)[0m  Downloaded tokenizers
2026-03-26 03:08:52,817 - INFO - [36m(setup pid=6254, ip=172.31.36.213)[0m  Downloaded networkx
2026-03-26 03:08:52,817 - INFO - [36m(setup pid=6254, ip=172.31.36.213)[0m  Downloaded torchaudio
2026-03-26 03:08:52,817 - INFO - [36m(setup pid=6499)[0m  Downloaded networkx
2026-03-26 03:08:52,817 - INFO - [36m(setup pid=6499)[0m  Downloaded torchaudio
2026-03-26 03:08:52,817 - INFO - [36m(setup pid=6254, ip=172.31.36.213)[0m  Downloaded uvloop
2026-03-26 03:08:52,817 - INFO - [36m(setup pid=6499)[0m  Downloaded uvloop
2026-03-26 03:08:52,817 - INFO - [36m(setup pid=6254, ip=172.31.36.213)[0m  Downloaded numba
2026-03-26 03:08:52,817 - INFO - [36m(setup pid=6499)[0m  Downloaded numba
2026-03-26 03:08:52,817 - INFO - [36m(setup pid=6254, ip=172.31.36.213)[0m  Downloaded mistral-common
2026-03-26 03:08:53,423 - INFO - [36m(setup pid=6499)[0m  Downloaded mistral-common
2026-03-26 03:08:53,423 - INFO - [36m(setup pid=6254, ip=172.31.36.213)[0m  Downloaded pillow
2026-03-26 03:08:53,423 - INFO - [36m(setup pid=6499)[0m  Downloaded pillow
2026-03-26 03:08:53,423 - INFO - [36m(setup pid=6499)[0m  Downloaded torchvision
2026-03-26 03:08:53,423 - INFO - [36m(setup pid=6254, ip=172.31.36.213)[0m  Downloaded torchvision
2026-03-26 03:08:53,423 - INFO - [36m(setup pid=6254, ip=172.31.36.213)[0m  Downloaded pycountry
2026-03-26 03:08:53,423 - INFO - [36m(setup pid=6499)[0m  Downloaded pycountry
2026-03-26 03:08:54,029 - INFO - [36m(setup pid=6254, ip=172.31.36.213)[0m  Downloaded nvidia-cuda-cupti-cu12
2026-03-26 03:08:54,029 - INFO - [36m(setup pid=6499)[0m  Downloaded nvidia-cuda-cupti-cu12
2026-03-26 03:08:54,030 - INFO - [36m(setup pid=6254, ip=172.31.36.213)[0m  Downloaded sympy
2026-03-26 03:08:54,030 - INFO - [36m(setup pid=6499)[0m  Downloaded sympy
2026-03-26 03:08:54,634 - INFO - [36m(setup pid=6254, ip=172.31.36.213)[0m  Downloaded xgrammar
2026-03-26 03:08:54,634 - INFO - [36m(setup pid=6499)[0m  Downloaded xgrammar
2026-03-26 03:08:54,634 - INFO - [36m(setup pid=6254, ip=172.31.36.213)[0m  Downloaded llguidance
2026-03-26 03:08:54,634 - INFO - [36m(setup pid=6499)[0m  Downloaded llguidance
2026-03-26 03:08:55,237 - INFO - [36m(setup pid=6254, ip=172.31.36.213)[0m  Downloaded numpy
2026-03-26 03:08:55,237 - INFO - [36m(setup pid=6499)[0m  Downloaded numpy
2026-03-26 03:08:55,237 - INFO - [36m(setup pid=6254, ip=172.31.36.213)[0m  Downloaded transformers
2026-03-26 03:08:55,237 - INFO - [36m(setup pid=6254, ip=172.31.36.213)[0m  Downloaded nvidia-nvjitlink-cu12
2026-03-26 03:08:56,648 - INFO - [36m(setup pid=6499)[0m  Downloaded nvidia-nvjitlink-cu12
2026-03-26 03:08:56,648 - INFO - [36m(setup pid=6499)[0m  Downloaded transformers
2026-03-26 03:08:56,648 - INFO - [36m(setup pid=6254, ip=172.31.36.213)[0m  Downloaded nvidia-cuda-nvrtc-cu12
2026-03-26 03:08:56,648 - INFO - [36m(setup pid=6499)[0m  Downloaded nvidia-cuda-nvrtc-cu12
2026-03-26 03:08:56,648 - INFO - [36m(setup pid=6254, ip=172.31.36.213)[0m  Downloaded scipy
2026-03-26 03:08:57,253 - INFO - [36m(setup pid=6499)[0m  Downloaded scipy
2026-03-26 03:08:57,957 - INFO - [36m(setup pid=6254, ip=172.31.36.213)[0m  Downloaded llvmlite
2026-03-26 03:08:57,957 - INFO - [36m(setup pid=6499)[0m  Downloaded llvmlite
2026-03-26 03:08:58,358 - INFO - [36m(setup pid=6254, ip=172.31.36.213)[0m  Downloaded nvidia-curand-cu12
2026-03-26 03:08:58,962 - INFO - [36m(setup pid=6499)[0m  Downloaded nvidia-curand-cu12
2026-03-26 03:08:58,962 - INFO - [36m(setup pid=6499)[0m  Downloaded opencv-python-headless
2026-03-26 03:09:03,384 - INFO - [36m(setup pid=6254, ip=172.31.36.213)[0m  Downloaded opencv-python-headless
2026-03-26 03:09:03,384 - INFO - [36m(setup pid=6499)[0m  Downloaded xformers
2026-03-26 03:09:04,593 - INFO - [36m(setup pid=6254, ip=172.31.36.213)[0m  Downloaded xformers
2026-03-26 03:09:04,593 - INFO - [36m(setup pid=6254, ip=172.31.36.213)[0m  Downloaded ray
2026-03-26 03:09:05,495 - INFO - [36m(setup pid=6499)[0m  Downloaded ray
2026-03-26 03:09:06,000 - INFO - [36m(setup pid=6499)[0m  Downloaded nvidia-cusparselt-cu12
2026-03-26 03:09:07,006 - INFO - [36m(setup pid=6499)[0m  Downloaded nvidia-cusolver-cu12
2026-03-26 03:09:07,007 - INFO - [36m(setup pid=6254, ip=172.31.36.213)[0m  Downloaded nvidia-cusolver-cu12
2026-03-26 03:09:07,007 - INFO - [36m(setup pid=6254, ip=172.31.36.213)[0m  Downloaded nvidia-cusparselt-cu12
2026-03-26 03:09:07,007 - INFO - [36m(setup pid=6499)[0m  Downloaded triton
2026-03-26 03:09:07,007 - INFO - [36m(setup pid=6254, ip=172.31.36.213)[0m  Downloaded triton
2026-03-26 03:09:07,007 - INFO - [36m(setup pid=6499)[0m  Downloaded cupy-cuda12x
2026-03-26 03:09:07,609 - INFO - [36m(setup pid=6254, ip=172.31.36.213)[0m  Downloaded cupy-cuda12x
2026-03-26 03:09:07,609 - INFO - [36m(setup pid=6254, ip=172.31.36.213)[0m  Downloaded nvidia-nccl-cu12
2026-03-26 03:09:09,621 - INFO - [36m(setup pid=6254, ip=172.31.36.213)[0m  Downloaded nvidia-cufft-cu12
2026-03-26 03:09:09,621 - INFO - [36m(setup pid=6499)[0m  Downloaded nvidia-cufft-cu12
2026-03-26 03:09:09,621 - INFO - [36m(setup pid=6499)[0m  Downloaded nvidia-nccl-cu12
2026-03-26 03:09:09,621 - INFO - [36m(setup pid=6254, ip=172.31.36.213)[0m  Downloaded nvidia-cusparse-cu12
2026-03-26 03:09:09,621 - INFO - [36m(setup pid=6499)[0m  Downloaded nvidia-cusparse-cu12
2026-03-26 03:09:09,621 - INFO - [36m(setup pid=6499)[0m  Downloaded nvidia-cublas-cu12
2026-03-26 03:09:10,323 - INFO - [36m(setup pid=6254, ip=172.31.36.213)[0m  Downloaded nvidia-cublas-cu12
2026-03-26 03:09:12,433 - INFO - [36m(setup pid=6254, ip=172.31.36.213)[0m  Downloaded vllm
2026-03-26 03:09:13,136 - INFO - [36m(setup pid=6499)[0m  Downloaded nvidia-cudnn-cu12
2026-03-26 03:09:13,136 - INFO - [36m(setup pid=6499)[0m  Downloaded vllm
2026-03-26 03:09:13,136 - INFO - [36m(setup pid=6254, ip=172.31.36.213)[0m  Downloaded nvidia-cudnn-cu12
2026-03-26 03:09:18,462 - INFO - [36m(setup pid=6499)[0m  Downloaded torch
2026-03-26 03:09:19,167 - INFO - [36m(setup pid=6499)[0m Prepared 92 packages in 27.98s
2026-03-26 03:09:19,167 - INFO - [36m(setup pid=6499)[0m Uninstalled 1 package in 10ms
2026-03-26 03:09:19,167 - INFO - [36m(setup pid=6254, ip=172.31.36.213)[0m  Downloaded torch
2026-03-26 03:09:19,368 - INFO - [36m(setup pid=6254, ip=172.31.36.213)[0m Prepared 92 packages in 28.18s
2026-03-26 03:09:19,368 - INFO - [36m(setup pid=6254, ip=172.31.36.213)[0m Uninstalled 1 package in 9ms
2026-03-26 03:09:19,368 - INFO - [36m(setup pid=6254, ip=172.31.36.213)[0m Installed 106 packages in 616ms
2026-03-26 03:09:19,368 - INFO - [36m(setup pid=6254, ip=172.31.36.213)[0m  + annotated-types==0.7.0
2026-03-26 03:09:19,368 - INFO - [36m(setup pid=6254, ip=172.31.36.213)[0m  + astor==0.8.1
2026-03-26 03:09:19,368 - INFO - [36m(setup pid=6254, ip=172.31.36.213)[0m  + blake3==1.0.8
2026-03-26 03:09:19,369 - INFO - [36m(setup pid=6254, ip=172.31.36.213)[0m  + cachetools==7.0.5
2026-03-26 03:09:19,369 - INFO - [36m(setup pid=6254, ip=172.31.36.213)[0m  + cbor2==5.9.0
2026-03-26 03:09:19,369 - INFO - [36m(setup pid=6254, ip=172.31.36.213)[0m  + cffi==2.0.0
2026-03-26 03:09:19,369 - INFO - [36m(setup pid=6254, ip=172.31.36.213)[0m  + cloudpickle==3.1.2
2026-03-26 03:09:19,369 - INFO - [36m(setup pid=6254, ip=172.31.36.213)[0m  + compressed-tensors==0.10.2
2026-03-26 03:09:19,369 - INFO - [36m(setup pid=6254, ip=172.31.36.213)[0m  + cuda-pathfinder==1.5.0
2026-03-26 03:09:19,369 - INFO - [36m(setup pid=6254, ip=172.31.36.213)[0m  + cupy-cuda12x==14.0.1
2026-03-26 03:09:19,369 - INFO - [36m(setup pid=6254, ip=172.31.36.213)[0m  + depyf==0.19.0
2026-03-26 03:09:19,369 - INFO - [36m(setup pid=6254, ip=172.31.36.213)[0m  + diskcache==5.6.3
2026-03-26 03:09:19,369 - INFO - [36m(setup pid=6254, ip=172.31.36.213)[0m  + distro==1.9.0
2026-03-26 03:09:19,369 - INFO - [36m(setup pid=6254, ip=172.31.36.213)[0m  + dnspython==2.8.0
2026-03-26 03:09:19,369 - INFO - [36m(setup pid=6254, ip=172.31.36.213)[0m  + einops==0.8.2
2026-03-26 03:09:19,369 - INFO - [36m(setup pid=6254, ip=172.31.36.213)[0m  + email-validator==2.3.0
2026-03-26 03:09:19,369 - INFO - [36m(setup pid=6254, ip=172.31.36.213)[0m  + fastapi==0.135.2
2026-03-26 03:09:19,369 - INFO - [36m(setup pid=6254, ip=172.31.36.213)[0m  + fastapi-cli==0.0.24
2026-03-26 03:09:19,369 - INFO - [36m(setup pid=6254, ip=172.31.36.213)[0m  + fastapi-cloud-cli==0.15.0
2026-03-26 03:09:19,369 - INFO - [36m(setup pid=6254, ip=172.31.36.213)[0m  + fastar==0.9.0
2026-03-26 03:09:19,369 - INFO - [36m(setup pid=6254, ip=172.31.36.213)[0m  + gguf==0.18.0
2026-03-26 03:09:19,369 - INFO - [36m(setup pid=6254, ip=172.31.36.213)[0m  + httptools==0.7.1
2026-03-26 03:09:19,369 - INFO - [36m(setup pid=6254, ip=172.31.36.213)[0m  + interegular==0.3.3
2026-03-26 03:09:19,369 - INFO - [36m(setup pid=6254, ip=172.31.36.213)[0m  + jinja2==3.1.6
2026-03-26 03:09:19,369 - INFO - [36m(setup pid=6254, ip=172.31.36.213)[0m  + jiter==0.13.0
2026-03-26 03:09:19,369 - INFO - [36m(setup pid=6254, ip=172.31.36.213)[0m  + jsonschema==4.26.0
2026-03-26 03:09:19,369 - INFO - [36m(setup pid=6254, ip=172.31.36.213)[0m  + jsonschema-specifications==2025.9.1
2026-03-26 03:09:19,369 - INFO - [36m(setup pid=6254, ip=172.31.36.213)[0m  + lark==1.2.2
2026-03-26 03:09:19,369 - INFO - [36m(setup pid=6254, ip=172.31.36.213)[0m  + llguidance==0.7.30
2026-03-26 03:09:19,369 - INFO - [36m(setup pid=6254, ip=172.31.36.213)[0m  + llvmlite==0.44.0
2026-03-26 03:09:19,369 - INFO - [36m(setup pid=6254, ip=172.31.36.213)[0m  + lm-format-enforcer==0.10.12
2026-03-26 03:09:19,369 - INFO - [36m(setup pid=6254, ip=172.31.36.213)[0m  + markupsafe==3.0.3
2026-03-26 03:09:19,369 - INFO - [36m(setup pid=6254, ip=172.31.36.213)[0m  + mistral-common==1.10.0
2026-03-26 03:09:19,369 - INFO - [36m(setup pid=6254, ip=172.31.36.213)[0m  + mpmath==1.3.0
2026-03-26 03:09:19,369 - INFO - [36m(setup pid=6254, ip=172.31.36.213)[0m  + msgpack==1.1.2
2026-03-26 03:09:19,369 - INFO - [36m(setup pid=6254, ip=172.31.36.213)[0m  + msgspec==0.20.0
2026-03-26 03:09:19,369 - INFO - [36m(setup pid=6254, ip=172.31.36.213)[0m  + networkx==3.6.1
2026-03-26 03:09:19,369 - INFO - [36m(setup pid=6254, ip=172.31.36.213)[0m  + ninja==1.13.0
2026-03-26 03:09:19,369 - INFO - [36m(setup pid=6254, ip=172.31.36.213)[0m  + numba==0.61.2
2026-03-26 03:09:19,369 - INFO - [36m(setup pid=6254, ip=172.31.36.213)[0m  - numpy==2.4.3
2026-03-26 03:09:19,369 - INFO - [36m(setup pid=6254, ip=172.31.36.213)[0m  + numpy==2.2.6
2026-03-26 03:09:19,369 - INFO - [36m(setup pid=6254, ip=172.31.36.213)[0m  + nvidia-cublas-cu12==12.6.4.1
2026-03-26 03:09:19,369 - INFO - [36m(setup pid=6254, ip=172.31.36.213)[0m  + nvidia-cuda-cupti-cu12==12.6.80
2026-03-26 03:09:19,369 - INFO - [36m(setup pid=6254, ip=172.31.36.213)[0m  + nvidia-cuda-nvrtc-cu12==12.6.77
2026-03-26 03:09:19,369 - INFO - [36m(setup pid=6254, ip=172.31.36.213)[0m  + nvidia-cuda-runtime-cu12==12.6.77
2026-03-26 03:09:19,369 - INFO - [36m(setup pid=6254, ip=172.31.36.213)[0m  + nvidia-cudnn-cu12==9.5.1.17
2026-03-26 03:09:19,369 - INFO - [36m(setup pid=6254, ip=172.31.36.213)[0m  + nvidia-cufft-cu12==11.3.0.4
2026-03-26 03:09:19,369 - INFO - [36m(setup pid=6254, ip=172.31.36.213)[0m  + nvidia-cufile-cu12==1.11.1.6
2026-03-26 03:09:19,369 - INFO - [36m(setup pid=6254, ip=172.31.36.213)[0m  + nvidia-curand-cu12==10.3.7.77
2026-03-26 03:09:19,369 - INFO - [36m(setup pid=6254, ip=172.31.36.213)[0m  + nvidia-cusolver-cu12==11.7.1.2
2026-03-26 03:09:19,369 - INFO - [36m(setup pid=6254, ip=172.31.36.213)[0m  + nvidia-cusparse-cu12==12.5.4.2
2026-03-26 03:09:19,369 - INFO - [36m(setup pid=6254, ip=172.31.36.213)[0m  + nvidia-cusparselt-cu12==0.6.3
2026-03-26 03:09:19,369 - INFO - [36m(setup pid=6254, ip=172.31.36.213)[0m  + nvidia-nccl-cu12==2.26.2
2026-03-26 03:09:19,369 - INFO - [36m(setup pid=6254, ip=172.31.36.213)[0m  + nvidia-nvjitlink-cu12==12.6.85
2026-03-26 03:09:19,369 - INFO - [36m(setup pid=6254, ip=172.31.36.213)[0m  + nvidia-nvtx-cu12==12.6.77
2026-03-26 03:09:19,369 - INFO - [36m(setup pid=6254, ip=172.31.36.213)[0m  + openai==1.90.0
2026-03-26 03:09:19,369 - INFO - [36m(setup pid=6254, ip=172.31.36.213)[0m  + opencv-python-headless==4.13.0.92
2026-03-26 03:09:19,369 - INFO - [36m(setup pid=6254, ip=172.31.36.213)[0m  + outlines-core==0.2.10
2026-03-26 03:09:19,369 - INFO - [36m(setup pid=6254, ip=172.31.36.213)[0m  + partial-json-parser==0.2.1.1.post7
2026-03-26 03:09:19,369 - INFO - [36m(setup pid=6254, ip=172.31.36.213)[0m  + pillow==12.1.1
2026-03-26 03:09:19,771 - INFO - [36m(setup pid=6254, ip=172.31.36.213)[0m  + prometheus-client==0.24.1
2026-03-26 03:09:19,771 - INFO - [36m(setup pid=6254, ip=172.31.36.213)[0m  + prometheus-fastapi-instrumentator==7.1.0
2026-03-26 03:09:19,771 - INFO - [36m(setup pid=6254, ip=172.31.36.213)[0m  + protobuf==7.34.1
2026-03-26 03:09:19,771 - INFO - [36m(setup pid=6254, ip=172.31.36.213)[0m  + psutil==7.2.2
2026-03-26 03:09:19,771 - INFO - [36m(setup pid=6254, ip=172.31.36.213)[0m  + py-cpuinfo==9.0.0
2026-03-26 03:09:19,771 - INFO - [36m(setup pid=6254, ip=172.31.36.213)[0m  + pybase64==1.4.3
2026-03-26 03:09:19,771 - INFO - [36m(setup pid=6254, ip=172.31.36.213)[0m  + pycountry==26.2.16
2026-03-26 03:09:19,771 - INFO - [36m(setup pid=6254, ip=172.31.36.213)[0m  + pycparser==3.0
2026-03-26 03:09:19,771 - INFO - [36m(setup pid=6254, ip=172.31.36.213)[0m  + pydantic==2.12.5
2026-03-26 03:09:19,771 - INFO - [36m(setup pid=6254, ip=172.31.36.213)[0m  + pydantic-core==2.41.5
2026-03-26 03:09:19,771 - INFO - [36m(setup pid=6254, ip=172.31.36.213)[0m  + pydantic-extra-types==2.11.1
2026-03-26 03:09:19,771 - INFO - [36m(setup pid=6254, ip=172.31.36.213)[0m  + pydantic-settings==2.13.1
2026-03-26 03:09:19,771 - INFO - [36m(setup pid=6254, ip=172.31.36.213)[0m  + python-dotenv==1.2.2
2026-03-26 03:09:19,771 - INFO - [36m(setup pid=6254, ip=172.31.36.213)[0m  + python-json-logger==4.0.0
2026-03-26 03:09:19,771 - INFO - [36m(setup pid=6254, ip=172.31.36.213)[0m  + python-multipart==0.0.22
2026-03-26 03:09:19,771 - INFO - [36m(setup pid=6254, ip=172.31.36.213)[0m  + pyzmq==27.1.0
2026-03-26 03:09:19,771 - INFO - [36m(setup pid=6254, ip=172.31.36.213)[0m  + ray==2.54.0
2026-03-26 03:09:19,771 - INFO - [36m(setup pid=6254, ip=172.31.36.213)[0m  + referencing==0.37.0
2026-03-26 03:09:19,771 - INFO - [36m(setup pid=6254, ip=172.31.36.213)[0m  + regex==2026.2.28
2026-03-26 03:09:19,771 - INFO - [36m(setup pid=6254, ip=172.31.36.213)[0m  + rich-toolkit==0.19.7
2026-03-26 03:09:19,771 - INFO - [36m(setup pid=6254, ip=172.31.36.213)[0m  + rignore==0.7.6
2026-03-26 03:09:19,772 - INFO - [36m(setup pid=6254, ip=172.31.36.213)[0m  + rpds-py==0.30.0
2026-03-26 03:09:19,772 - INFO - [36m(setup pid=6254, ip=172.31.36.213)[0m  + safetensors==0.7.0
2026-03-26 03:09:19,772 - INFO - [36m(setup pid=6254, ip=172.31.36.213)[0m  + scipy==1.17.1
2026-03-26 03:09:19,772 - INFO - [36m(setup pid=6254, ip=172.31.36.213)[0m  + sentencepiece==0.2.1
2026-03-26 03:09:19,772 - INFO - [36m(setup pid=6254, ip=172.31.36.213)[0m  + sentry-sdk==2.56.0
2026-03-26 03:09:19,772 - INFO - [36m(setup pid=6254, ip=172.31.36.213)[0m  + setuptools==79.0.1
2026-03-26 03:09:19,772 - INFO - [36m(setup pid=6254, ip=172.31.36.213)[0m  + sniffio==1.3.1
2026-03-26 03:09:19,772 - INFO - [36m(setup pid=6254, ip=172.31.36.213)[0m  + soundfile==0.13.1
2026-03-26 03:09:19,772 - INFO - [36m(setup pid=6254, ip=172.31.36.213)[0m  + soxr==1.0.0
2026-03-26 03:09:19,772 - INFO - [36m(setup pid=6254, ip=172.31.36.213)[0m  + starlette==0.52.1
2026-03-26 03:09:19,772 - INFO - [36m(setup pid=6254, ip=172.31.36.213)[0m  + sympy==1.14.0
2026-03-26 03:09:19,772 - INFO - [36m(setup pid=6254, ip=172.31.36.213)[0m  + tiktoken==0.12.0
2026-03-26 03:09:19,772 - INFO - [36m(setup pid=6254, ip=172.31.36.213)[0m  + tokenizers==0.22.2
2026-03-26 03:09:19,772 - INFO - [36m(setup pid=6254, ip=172.31.36.213)[0m  + torch==2.7.1
2026-03-26 03:09:19,772 - INFO - [36m(setup pid=6254, ip=172.31.36.213)[0m  + torchaudio==2.7.1
2026-03-26 03:09:19,772 - INFO - [36m(setup pid=6254, ip=172.31.36.213)[0m  + torchvision==0.22.1
2026-03-26 03:09:19,772 - INFO - [36m(setup pid=6254, ip=172.31.36.213)[0m  + transformers==5.3.0
2026-03-26 03:09:19,772 - INFO - [36m(setup pid=6254, ip=172.31.36.213)[0m  + triton==3.3.1
2026-03-26 03:09:19,772 - INFO - [36m(setup pid=6254, ip=172.31.36.213)[0m  + typing-inspection==0.4.2
2026-03-26 03:09:19,772 - INFO - [36m(setup pid=6254, ip=172.31.36.213)[0m  + uvicorn==0.42.0
2026-03-26 03:09:19,772 - INFO - [36m(setup pid=6254, ip=172.31.36.213)[0m  + uvloop==0.22.1
2026-03-26 03:09:19,772 - INFO - [36m(setup pid=6254, ip=172.31.36.213)[0m  + vllm==0.10.0
2026-03-26 03:09:19,772 - INFO - [36m(setup pid=6254, ip=172.31.36.213)[0m  + watchfiles==1.1.1
2026-03-26 03:09:19,772 - INFO - [36m(setup pid=6254, ip=172.31.36.213)[0m  + websockets==16.0
2026-03-26 03:09:19,772 - INFO - [36m(setup pid=6254, ip=172.31.36.213)[0m  + xformers==0.0.31
2026-03-26 03:09:19,772 - INFO - [36m(setup pid=6254, ip=172.31.36.213)[0m  + xgrammar==0.1.21
2026-03-26 03:09:19,772 - INFO - [36m(setup pid=6254, ip=172.31.36.213)[0m + echo '=== Pinning transformers==4.57.3 (avoid 5.x breaking changes) ==='
2026-03-26 03:09:19,772 - INFO - [36m(setup pid=6254, ip=172.31.36.213)[0m === Pinning transformers==4.57.3 (avoid 5.x breaking changes) ===
2026-03-26 03:09:19,772 - INFO - [36m(setup pid=6254, ip=172.31.36.213)[0m + uv pip install transformers==4.57.3
2026-03-26 03:09:19,772 - INFO - [36m(setup pid=6499)[0m Installed 106 packages in 743ms
2026-03-26 03:09:19,772 - INFO - [36m(setup pid=6499)[0m  + annotated-types==0.7.0
2026-03-26 03:09:19,772 - INFO - [36m(setup pid=6499)[0m  + astor==0.8.1
2026-03-26 03:09:19,772 - INFO - [36m(setup pid=6499)[0m  + blake3==1.0.8
2026-03-26 03:09:19,772 - INFO - [36m(setup pid=6499)[0m  + cachetools==7.0.5
2026-03-26 03:09:19,772 - INFO - [36m(setup pid=6499)[0m  + cbor2==5.9.0
2026-03-26 03:09:19,772 - INFO - [36m(setup pid=6499)[0m  + cffi==2.0.0
2026-03-26 03:09:19,772 - INFO - [36m(setup pid=6499)[0m  + cloudpickle==3.1.2
2026-03-26 03:09:19,772 - INFO - [36m(setup pid=6499)[0m  + compressed-tensors==0.10.2
2026-03-26 03:09:19,772 - INFO - [36m(setup pid=6499)[0m  + cuda-pathfinder==1.5.0
2026-03-26 03:09:19,772 - INFO - [36m(setup pid=6499)[0m  + cupy-cuda12x==14.0.1
2026-03-26 03:09:19,772 - INFO - [36m(setup pid=6499)[0m  + depyf==0.19.0
2026-03-26 03:09:19,772 - INFO - [36m(setup pid=6499)[0m  + diskcache==5.6.3
2026-03-26 03:09:19,772 - INFO - [36m(setup pid=6499)[0m  + distro==1.9.0
2026-03-26 03:09:19,772 - INFO - [36m(setup pid=6499)[0m  + dnspython==2.8.0
2026-03-26 03:09:19,772 - INFO - [36m(setup pid=6499)[0m  + einops==0.8.2
2026-03-26 03:09:19,772 - INFO - [36m(setup pid=6499)[0m  + email-validator==2.3.0
2026-03-26 03:09:19,772 - INFO - [36m(setup pid=6499)[0m  + fastapi==0.135.2
2026-03-26 03:09:19,772 - INFO - [36m(setup pid=6499)[0m  + fastapi-cli==0.0.24
2026-03-26 03:09:19,772 - INFO - [36m(setup pid=6499)[0m  + fastapi-cloud-cli==0.15.0
2026-03-26 03:09:19,772 - INFO - [36m(setup pid=6499)[0m  + fastar==0.9.0
2026-03-26 03:09:19,772 - INFO - [36m(setup pid=6499)[0m  + gguf==0.18.0
2026-03-26 03:09:19,772 - INFO - [36m(setup pid=6499)[0m  + httptools==0.7.1
2026-03-26 03:09:19,772 - INFO - [36m(setup pid=6499)[0m  + interegular==0.3.3
2026-03-26 03:09:19,772 - INFO - [36m(setup pid=6499)[0m  + jinja2==3.1.6
2026-03-26 03:09:19,772 - INFO - [36m(setup pid=6499)[0m  + jiter==0.13.0
2026-03-26 03:09:19,772 - INFO - [36m(setup pid=6499)[0m  + jsonschema==4.26.0
2026-03-26 03:09:19,772 - INFO - [36m(setup pid=6499)[0m  + jsonschema-specifications==2025.9.1
2026-03-26 03:09:19,772 - INFO - [36m(setup pid=6499)[0m  + lark==1.2.2
2026-03-26 03:09:19,772 - INFO - [36m(setup pid=6499)[0m  + llguidance==0.7.30
2026-03-26 03:09:19,772 - INFO - [36m(setup pid=6499)[0m  + llvmlite==0.44.0
2026-03-26 03:09:19,772 - INFO - [36m(setup pid=6499)[0m  + lm-format-enforcer==0.10.12
2026-03-26 03:09:19,772 - INFO - [36m(setup pid=6499)[0m  + markupsafe==3.0.3
2026-03-26 03:09:19,772 - INFO - [36m(setup pid=6499)[0m  + mistral-common==1.10.0
2026-03-26 03:09:19,772 - INFO - [36m(setup pid=6499)[0m  + mpmath==1.3.0
2026-03-26 03:09:19,772 - INFO - [36m(setup pid=6499)[0m  + msgpack==1.1.2
2026-03-26 03:09:19,772 - INFO - [36m(setup pid=6499)[0m  + msgspec==0.20.0
2026-03-26 03:09:19,772 - INFO - [36m(setup pid=6499)[0m  + networkx==3.6.1
2026-03-26 03:09:19,772 - INFO - [36m(setup pid=6499)[0m  + ninja==1.13.0
2026-03-26 03:09:19,772 - INFO - [36m(setup pid=6499)[0m  + numba==0.61.2
2026-03-26 03:09:19,772 - INFO - [36m(setup pid=6499)[0m  - numpy==2.4.3
2026-03-26 03:09:19,772 - INFO - [36m(setup pid=6499)[0m  + numpy==2.2.6
2026-03-26 03:09:19,772 - INFO - [36m(setup pid=6499)[0m  + nvidia-cublas-cu12==12.6.4.1
2026-03-26 03:09:19,772 - INFO - [36m(setup pid=6499)[0m  + nvidia-cuda-cupti-cu12==12.6.80
2026-03-26 03:09:19,772 - INFO - [36m(setup pid=6499)[0m  + nvidia-cuda-nvrtc-cu12==12.6.77
2026-03-26 03:09:19,772 - INFO - [36m(setup pid=6499)[0m  + nvidia-cuda-runtime-cu12==12.6.77
2026-03-26 03:09:29,021 - INFO - [36m(setup pid=6499)[0m  + nvidia-cudnn-cu12==9.5.1.17
2026-03-26 03:09:29,021 - INFO - [36m(setup pid=6499)[0m  + nvidia-cufft-cu12==11.3.0.4
2026-03-26 03:09:29,021 - INFO - [36m(setup pid=6499)[0m  + nvidia-cufile-cu12==1.11.1.6
2026-03-26 03:09:29,021 - INFO - [36m(setup pid=6499)[0m  + nvidia-curand-cu12==10.3.7.77
2026-03-26 03:09:29,021 - INFO - [36m(setup pid=6499)[0m  + nvidia-cusolver-cu12==11.7.1.2
2026-03-26 03:09:29,021 - INFO - [36m(setup pid=6499)[0m  + nvidia-cusparse-cu12==12.5.4.2
2026-03-26 03:09:29,021 - INFO - [36m(setup pid=6499)[0m  + nvidia-cusparselt-cu12==0.6.3
2026-03-26 03:09:29,021 - INFO - [36m(setup pid=6499)[0m  + nvidia-nccl-cu12==2.26.2
2026-03-26 03:09:29,021 - INFO - [36m(setup pid=6499)[0m  + nvidia-nvjitlink-cu12==12.6.85
2026-03-26 03:09:29,021 - INFO - [36m(setup pid=6499)[0m  + nvidia-nvtx-cu12==12.6.77
2026-03-26 03:09:29,021 - INFO - [36m(setup pid=6499)[0m  + openai==1.90.0
2026-03-26 03:09:29,021 - INFO - [36m(setup pid=6499)[0m  + opencv-python-headless==4.13.0.92
2026-03-26 03:09:29,021 - INFO - [36m(setup pid=6499)[0m  + outlines-core==0.2.10
2026-03-26 03:09:29,021 - INFO - [36m(setup pid=6499)[0m  + partial-json-parser==0.2.1.1.post7
2026-03-26 03:09:29,021 - INFO - [36m(setup pid=6499)[0m  + pillow==12.1.1
2026-03-26 03:09:29,021 - INFO - [36m(setup pid=6499)[0m  + prometheus-client==0.24.1
2026-03-26 03:09:29,021 - INFO - [36m(setup pid=6499)[0m  + prometheus-fastapi-instrumentator==7.1.0
2026-03-26 03:09:29,021 - INFO - [36m(setup pid=6499)[0m  + protobuf==7.34.1
2026-03-26 03:09:29,021 - INFO - [36m(setup pid=6499)[0m  + psutil==7.2.2
2026-03-26 03:09:29,021 - INFO - [36m(setup pid=6499)[0m  + py-cpuinfo==9.0.0
2026-03-26 03:09:29,021 - INFO - [36m(setup pid=6499)[0m  + pybase64==1.4.3
2026-03-26 03:09:29,021 - INFO - [36m(setup pid=6499)[0m  + pycountry==26.2.16
2026-03-26 03:09:29,021 - INFO - [36m(setup pid=6499)[0m  + pycparser==3.0
2026-03-26 03:09:29,021 - INFO - [36m(setup pid=6499)[0m  + pydantic==2.12.5
2026-03-26 03:09:29,021 - INFO - [36m(setup pid=6499)[0m  + pydantic-core==2.41.5
2026-03-26 03:09:29,021 - INFO - [36m(setup pid=6499)[0m  + pydantic-extra-types==2.11.1
2026-03-26 03:09:29,021 - INFO - [36m(setup pid=6499)[0m  + pydantic-settings==2.13.1
2026-03-26 03:09:29,021 - INFO - [36m(setup pid=6499)[0m  + python-dotenv==1.2.2
2026-03-26 03:09:29,021 - INFO - [36m(setup pid=6499)[0m  + python-json-logger==4.0.0
2026-03-26 03:09:29,021 - INFO - [36m(setup pid=6499)[0m  + python-multipart==0.0.22
2026-03-26 03:09:29,021 - INFO - [36m(setup pid=6499)[0m  + pyzmq==27.1.0
2026-03-26 03:09:29,021 - INFO - [36m(setup pid=6499)[0m  + ray==2.54.0
2026-03-26 03:09:29,021 - INFO - [36m(setup pid=6499)[0m  + referencing==0.37.0
2026-03-26 03:09:29,021 - INFO - [36m(setup pid=6499)[0m  + regex==2026.2.28
2026-03-26 03:09:29,021 - INFO - [36m(setup pid=6499)[0m  + rich-toolkit==0.19.7
2026-03-26 03:09:29,021 - INFO - [36m(setup pid=6499)[0m  + rignore==0.7.6
2026-03-26 03:09:29,022 - INFO - [36m(setup pid=6499)[0m  + rpds-py==0.30.0
2026-03-26 03:09:29,022 - INFO - [36m(setup pid=6499)[0m  + safetensors==0.7.0
2026-03-26 03:09:29,022 - INFO - [36m(setup pid=6499)[0m  + scipy==1.17.1
2026-03-26 03:09:29,022 - INFO - [36m(setup pid=6499)[0m  + sentencepiece==0.2.1
2026-03-26 03:09:29,022 - INFO - [36m(setup pid=6499)[0m  + sentry-sdk==2.56.0
2026-03-26 03:09:29,022 - INFO - [36m(setup pid=6499)[0m  + setuptools==79.0.1
2026-03-26 03:09:29,022 - INFO - [36m(setup pid=6499)[0m  + sniffio==1.3.1
2026-03-26 03:09:29,022 - INFO - [36m(setup pid=6499)[0m  + soundfile==0.13.1
2026-03-26 03:09:29,022 - INFO - [36m(setup pid=6499)[0m  + soxr==1.0.0
2026-03-26 03:09:29,022 - INFO - [36m(setup pid=6499)[0m  + starlette==0.52.1
2026-03-26 03:09:29,022 - INFO - [36m(setup pid=6499)[0m  + sympy==1.14.0
2026-03-26 03:09:29,022 - INFO - [36m(setup pid=6499)[0m  + tiktoken==0.12.0
2026-03-26 03:09:29,022 - INFO - [36m(setup pid=6499)[0m  + tokenizers==0.22.2
2026-03-26 03:09:29,022 - INFO - [36m(setup pid=6499)[0m  + torch==2.7.1
2026-03-26 03:09:29,022 - INFO - [36m(setup pid=6499)[0m  + torchaudio==2.7.1
2026-03-26 03:09:29,022 - INFO - [36m(setup pid=6499)[0m  + torchvision==0.22.1
2026-03-26 03:09:29,022 - INFO - [36m(setup pid=6499)[0m  + transformers==5.3.0
2026-03-26 03:09:29,022 - INFO - [36m(setup pid=6499)[0m  + triton==3.3.1
2026-03-26 03:09:29,022 - INFO - [36m(setup pid=6499)[0m  + typing-inspection==0.4.2
2026-03-26 03:09:29,022 - INFO - [36m(setup pid=6499)[0m  + uvicorn==0.42.0
2026-03-26 03:09:29,022 - INFO - [36m(setup pid=6499)[0m  + uvloop==0.22.1
2026-03-26 03:09:29,022 - INFO - [36m(setup pid=6499)[0m  + vllm==0.10.0
2026-03-26 03:09:29,022 - INFO - [36m(setup pid=6499)[0m  + watchfiles==1.1.1
2026-03-26 03:09:29,022 - INFO - [36m(setup pid=6499)[0m  + websockets==16.0
2026-03-26 03:09:29,022 - INFO - [36m(setup pid=6499)[0m  + xformers==0.0.31
2026-03-26 03:09:29,022 - INFO - [36m(setup pid=6499)[0m  + xgrammar==0.1.21
2026-03-26 03:09:29,022 - INFO - [36m(setup pid=6499)[0m + echo '=== Pinning transformers==4.57.3 (avoid 5.x breaking changes) ==='
2026-03-26 03:09:29,022 - INFO - [36m(setup pid=6499)[0m === Pinning transformers==4.57.3 (avoid 5.x breaking changes) ===
2026-03-26 03:09:29,022 - INFO - [36m(setup pid=6499)[0m + uv pip install transformers==4.57.3
2026-03-26 03:09:29,022 - INFO - [36m(setup pid=6254, ip=172.31.36.213)[0m Resolved 18 packages in 70ms
2026-03-26 03:09:29,022 - INFO - [36m(setup pid=6254, ip=172.31.36.213)[0m Downloading transformers (11.4MiB)
2026-03-26 03:09:29,022 - INFO - [36m(setup pid=6499)[0m Resolved 18 packages in 64ms
2026-03-26 03:09:29,022 - INFO - [36m(setup pid=6499)[0m Downloading transformers (11.4MiB)
2026-03-26 03:09:29,022 - INFO - [36m(setup pid=6499)[0m  Downloaded transformers
2026-03-26 03:09:29,022 - INFO - [36m(setup pid=6499)[0m Prepared 2 packages in 378ms
2026-03-26 03:09:29,022 - INFO - [36m(setup pid=6254, ip=172.31.36.213)[0m  Downloaded transformers
2026-03-26 03:09:29,022 - INFO - [36m(setup pid=6254, ip=172.31.36.213)[0m Prepared 2 packages in 378ms
2026-03-26 03:09:29,022 - INFO - [36m(setup pid=6254, ip=172.31.36.213)[0m Uninstalled 2 packages in 55ms
2026-03-26 03:09:29,022 - INFO - [36m(setup pid=6499)[0m Uninstalled 2 packages in 55ms
2026-03-26 03:09:29,022 - INFO - [36m(setup pid=6254, ip=172.31.36.213)[0m Installed 2 packages in 50ms
2026-03-26 03:09:29,022 - INFO - [36m(setup pid=6254, ip=172.31.36.213)[0m  - huggingface-hub==1.8.0
2026-03-26 03:09:29,022 - INFO - [36m(setup pid=6254, ip=172.31.36.213)[0m  + huggingface-hub==0.36.2
2026-03-26 03:09:29,022 - INFO - [36m(setup pid=6254, ip=172.31.36.213)[0m  - transformers==5.3.0
2026-03-26 03:09:29,022 - INFO - [36m(setup pid=6254, ip=172.31.36.213)[0m  + transformers==4.57.3
2026-03-26 03:09:29,022 - INFO - [36m(setup pid=6254, ip=172.31.36.213)[0m + echo '=== PyTorch CUDA Check ==='
2026-03-26 03:09:29,022 - INFO - [36m(setup pid=6254, ip=172.31.36.213)[0m === PyTorch CUDA Check ===
2026-03-26 03:09:29,022 - INFO - [36m(setup pid=6254, ip=172.31.36.213)[0m + python3 -c 'import torch; print('\''torch.cuda.is_available():'\'', torch.cuda.is_available()); print('\''torch.version.cuda:'\'', torch.version.cuda); print('\''torch.__version__:'\'', torch.__version__); print('\''torch.cuda.device_count():'\'', torch.cuda.device_count() if torch.cuda.is_available() else '\''N/A'\'')'
2026-03-26 03:09:29,022 - INFO - [36m(setup pid=6499)[0m Installed 2 packages in 128ms
2026-03-26 03:09:29,022 - INFO - [36m(setup pid=6499)[0m  - huggingface-hub==1.8.0
2026-03-26 03:09:29,022 - INFO - [36m(setup pid=6499)[0m  + huggingface-hub==0.36.2
2026-03-26 03:09:29,022 - INFO - [36m(setup pid=6499)[0m  - transformers==5.3.0
2026-03-26 03:09:29,022 - INFO - [36m(setup pid=6499)[0m  + transformers==4.57.3
2026-03-26 03:09:29,022 - INFO - [36m(setup pid=6499)[0m + echo '=== PyTorch CUDA Check ==='
2026-03-26 03:09:29,022 - INFO - [36m(setup pid=6499)[0m === PyTorch CUDA Check ===
2026-03-26 03:09:29,022 - INFO - [36m(setup pid=6499)[0m + python3 -c 'import torch; print('\''torch.cuda.is_available():'\'', torch.cuda.is_available()); print('\''torch.version.cuda:'\'', torch.version.cuda); print('\''torch.__version__:'\'', torch.__version__); print('\''torch.cuda.device_count():'\'', torch.cuda.device_count() if torch.cuda.is_available() else '\''N/A'\'')'
2026-03-26 03:09:29,022 - INFO - [36m(setup pid=6254, ip=172.31.36.213)[0m torch.cuda.is_available(): True
2026-03-26 03:09:29,723 - INFO - [36m(setup pid=6254, ip=172.31.36.213)[0m torch.version.cuda: 12.6
2026-03-26 03:09:29,723 - INFO - [36m(setup pid=6254, ip=172.31.36.213)[0m torch.__version__: 2.7.1+cu126
2026-03-26 03:09:29,723 - INFO - [36m(setup pid=6499)[0m torch.cuda.is_available(): True
2026-03-26 03:09:29,723 - INFO - [36m(setup pid=6499)[0m torch.version.cuda: 12.6
2026-03-26 03:09:29,723 - INFO - [36m(setup pid=6499)[0m torch.__version__: 2.7.1+cu126
2026-03-26 03:09:29,723 - INFO - [36m(setup pid=6254, ip=172.31.36.213)[0m torch.cuda.device_count(): 8
2026-03-26 03:09:29,723 - INFO - [36m(setup pid=6499)[0m torch.cuda.device_count(): 8
2026-03-26 03:09:30,627 - INFO - [36m(setup pid=6499)[0m + echo ===========================
2026-03-26 03:09:31,432 - INFO - [36m(setup pid=6499)[0m ===========================
2026-03-26 03:09:31,433 - INFO - [36m(setup pid=6499)[0m + echo '=== Setup complete ==='
2026-03-26 03:09:31,433 - INFO - [36m(setup pid=6499)[0m === Setup complete ===
2026-03-26 03:09:31,433 - INFO - [36m(setup pid=6254, ip=172.31.36.213)[0m + echo ===========================
2026-03-26 03:09:31,433 - INFO - [36m(setup pid=6254, ip=172.31.36.213)[0m ===========================
2026-03-26 03:09:31,433 - INFO - [36m(setup pid=6254, ip=172.31.36.213)[0m + echo '=== Setup complete ==='
2026-03-26 03:09:31,433 - INFO - [36m(setup pid=6254, ip=172.31.36.213)[0m === Setup complete ===
2026-03-26 03:09:31,433 - INFO - [36m(worker1, rank=1, pid=6254, ip=172.31.36.213)[0m + export LD_LIBRARY_PATH=/usr/local/cuda/lib64:/usr/local/cuda/targets/x86_64-linux/lib:/usr/local/cuda-12.8/lib:/usr/local/cuda-12.8/lib64:/usr/local/cuda-12.8:/usr/local/cuda-12.8/targets/x86_64-linux/lib/:/usr/local/cuda-12.8/extras/CUPTI/lib64:/opt/amazon/efa/lib:/opt/amazon/openmpi/lib:/opt/amazon/ofi-nccl/lib/x86_64-linux-gnu:/usr/local/lib:/usr/lib:/usr/local/cuda-12.8/lib:/usr/local/cuda-12.8/lib64:/usr/local/cuda-12.8:/usr/local/cuda-12.8/targets/x86_64-linux/lib/:/usr/local/cuda-12.8/extras/CUPTI/lib64:/opt/amazon/efa/lib:/opt/amazon/openmpi/lib:/opt/amazon/ofi-nccl/lib/x86_64-linux-gnu:/usr/local/lib:/usr/lib
2026-03-26 03:09:31,635 - INFO - [36m(worker1, rank=1, pid=6254, ip=172.31.36.213)[0m + LD_LIBRARY_PATH=/usr/local/cuda/lib64:/usr/local/cuda/targets/x86_64-linux/lib:/usr/local/cuda-12.8/lib:/usr/local/cuda-12.8/lib64:/usr/local/cuda-12.8:/usr/local/cuda-12.8/targets/x86_64-linux/lib/:/usr/local/cuda-12.8/extras/CUPTI/lib64:/opt/amazon/efa/lib:/opt/amazon/openmpi/lib:/opt/amazon/ofi-nccl/lib/x86_64-linux-gnu:/usr/local/lib:/usr/lib:/usr/local/cuda-12.8/lib:/usr/local/cuda-12.8/lib64:/usr/local/cuda-12.8:/usr/local/cuda-12.8/targets/x86_64-linux/lib/:/usr/local/cuda-12.8/extras/CUPTI/lib64:/opt/amazon/efa/lib:/opt/amazon/openmpi/lib:/opt/amazon/ofi-nccl/lib/x86_64-linux-gnu:/usr/local/lib:/usr/lib
2026-03-26 03:09:31,635 - INFO - [36m(worker1, rank=1, pid=6254, ip=172.31.36.213)[0m + export CUDA_HOME=/usr/local/cuda
2026-03-26 03:09:31,635 - INFO - [36m(worker1, rank=1, pid=6254, ip=172.31.36.213)[0m + CUDA_HOME=/usr/local/cuda
2026-03-26 03:09:31,635 - INFO - [36m(worker1, rank=1, pid=6254, ip=172.31.36.213)[0m + echo '=== Pre-run Diagnostics ==='
2026-03-26 03:09:31,635 - INFO - [36m(worker1, rank=1, pid=6254, ip=172.31.36.213)[0m === Pre-run Diagnostics ===
2026-03-26 03:09:31,635 - INFO - [36m(worker1, rank=1, pid=6254, ip=172.31.36.213)[0m + nvidia-smi
2026-03-26 03:09:31,635 - INFO - [36m(worker1, rank=1, pid=6254, ip=172.31.36.213)[0m Wed Mar 25 21:39:31 2026
2026-03-26 03:09:31,635 - INFO - [36m(worker1, rank=1, pid=6254, ip=172.31.36.213)[0m +-----------------------------------------------------------------------------------------+
2026-03-26 03:09:31,635 - INFO - [36m(worker1, rank=1, pid=6254, ip=172.31.36.213)[0m | NVIDIA-SMI 570.172.08             Driver Version: 570.172.08     CUDA Version: 12.8     |
2026-03-26 03:09:31,635 - INFO - [36m(worker1, rank=1, pid=6254, ip=172.31.36.213)[0m |-----------------------------------------+------------------------+----------------------+
2026-03-26 03:09:31,635 - INFO - [36m(worker1, rank=1, pid=6254, ip=172.31.36.213)[0m | GPU  Name                 Persistence-M | Bus-Id          Disp.A | Volatile Uncorr. ECC |
2026-03-26 03:09:31,635 - INFO - [36m(worker1, rank=1, pid=6254, ip=172.31.36.213)[0m | Fan  Temp   Perf          Pwr:Usage/Cap |           Memory-Usage | GPU-Util  Compute M. |
2026-03-26 03:09:31,635 - INFO - [36m(worker1, rank=1, pid=6254, ip=172.31.36.213)[0m |                                         |                        |               MIG M. |
2026-03-26 03:09:31,635 - INFO - [36m(worker1, rank=1, pid=6254, ip=172.31.36.213)[0m |=========================================+========================+======================|
2026-03-26 03:09:31,635 - INFO - [36m(worker1, rank=1, pid=6254, ip=172.31.36.213)[0m |   0  NVIDIA A100-SXM4-80GB          On  |   00000000:10:1C.0 Off |                    0 |
2026-03-26 03:09:31,635 - INFO - [36m(worker1, rank=1, pid=6254, ip=172.31.36.213)[0m | N/A   25C    P0             59W /  400W |       0MiB /  81920MiB |      0%      Default |
2026-03-26 03:09:31,635 - INFO - [36m(worker1, rank=1, pid=6254, ip=172.31.36.213)[0m |                                         |                        |             Disabled |
2026-03-26 03:09:31,635 - INFO - [36m(worker1, rank=1, pid=6254, ip=172.31.36.213)[0m +-----------------------------------------+------------------------+----------------------+
2026-03-26 03:09:31,635 - INFO - [36m(head, rank=0, pid=6499)[0m + export LD_LIBRARY_PATH=/usr/local/cuda/lib64:/usr/local/cuda/targets/x86_64-linux/lib:/usr/local/cuda-12.8/lib:/usr/local/cuda-12.8/lib64:/usr/local/cuda-12.8:/usr/local/cuda-12.8/targets/x86_64-linux/lib/:/usr/local/cuda-12.8/extras/CUPTI/lib64:/opt/amazon/efa/lib:/opt/amazon/openmpi/lib:/opt/amazon/ofi-nccl/lib/x86_64-linux-gnu:/usr/local/lib:/usr/lib:/usr/local/cuda-12.8/lib:/usr/local/cuda-12.8/lib64:/usr/local/cuda-12.8:/usr/local/cuda-12.8/targets/x86_64-linux/lib/:/usr/local/cuda-12.8/extras/CUPTI/lib64:/opt/amazon/efa/lib:/opt/amazon/openmpi/lib:/opt/amazon/ofi-nccl/lib/x86_64-linux-gnu:/usr/local/lib:/usr/lib
2026-03-26 03:09:32,139 - INFO - [36m(head, rank=0, pid=6499)[0m + LD_LIBRARY_PATH=/usr/local/cuda/lib64:/usr/local/cuda/targets/x86_64-linux/lib:/usr/local/cuda-12.8/lib:/usr/local/cuda-12.8/lib64:/usr/local/cuda-12.8:/usr/local/cuda-12.8/targets/x86_64-linux/lib/:/usr/local/cuda-12.8/extras/CUPTI/lib64:/opt/amazon/efa/lib:/opt/amazon/openmpi/lib:/opt/amazon/ofi-nccl/lib/x86_64-linux-gnu:/usr/local/lib:/usr/lib:/usr/local/cuda-12.8/lib:/usr/local/cuda-12.8/lib64:/usr/local/cuda-12.8:/usr/local/cuda-12.8/targets/x86_64-linux/lib/:/usr/local/cuda-12.8/extras/CUPTI/lib64:/opt/amazon/efa/lib:/opt/amazon/openmpi/lib:/opt/amazon/ofi-nccl/lib/x86_64-linux-gnu:/usr/local/lib:/usr/lib
2026-03-26 03:09:32,139 - INFO - [36m(head, rank=0, pid=6499)[0m + export CUDA_HOME=/usr/local/cuda
2026-03-26 03:09:32,139 - INFO - [36m(head, rank=0, pid=6499)[0m + CUDA_HOME=/usr/local/cuda
2026-03-26 03:09:32,139 - INFO - [36m(head, rank=0, pid=6499)[0m + echo '=== Pre-run Diagnostics ==='
2026-03-26 03:09:32,139 - INFO - [36m(head, rank=0, pid=6499)[0m === Pre-run Diagnostics ===
2026-03-26 03:09:32,139 - INFO - [36m(head, rank=0, pid=6499)[0m + nvidia-smi
2026-03-26 03:09:32,139 - INFO - [36m(head, rank=0, pid=6499)[0m Wed Mar 25 21:39:31 2026
2026-03-26 03:09:32,139 - INFO - [36m(head, rank=0, pid=6499)[0m +-----------------------------------------------------------------------------------------+
2026-03-26 03:09:32,139 - INFO - [36m(head, rank=0, pid=6499)[0m | NVIDIA-SMI 570.172.08             Driver Version: 570.172.08     CUDA Version: 12.8     |
2026-03-26 03:09:32,140 - INFO - [36m(head, rank=0, pid=6499)[0m |-----------------------------------------+------------------------+----------------------+
2026-03-26 03:09:32,140 - INFO - [36m(head, rank=0, pid=6499)[0m | GPU  Name                 Persistence-M | Bus-Id          Disp.A | Volatile Uncorr. ECC |
2026-03-26 03:09:32,140 - INFO - [36m(head, rank=0, pid=6499)[0m | Fan  Temp   Perf          Pwr:Usage/Cap |           Memory-Usage | GPU-Util  Compute M. |
2026-03-26 03:09:32,140 - INFO - [36m(head, rank=0, pid=6499)[0m |                                         |                        |               MIG M. |
2026-03-26 03:09:32,140 - INFO - [36m(head, rank=0, pid=6499)[0m |=========================================+========================+======================|
2026-03-26 03:09:32,140 - INFO - [36m(head, rank=0, pid=6499)[0m |   0  NVIDIA A100-SXM4-80GB          On  |   00000000:10:1C.0 Off |                    0 |
2026-03-26 03:09:32,140 - INFO - [36m(head, rank=0, pid=6499)[0m | N/A   26C    P0             62W /  400W |       0MiB /  81920MiB |      0%      Default |
2026-03-26 03:09:32,140 - INFO - [36m(head, rank=0, pid=6499)[0m |                                         |                        |             Disabled |
2026-03-26 03:09:32,140 - INFO - [36m(head, rank=0, pid=6499)[0m +-----------------------------------------+------------------------+----------------------+
2026-03-26 03:09:32,140 - INFO - [36m(worker1, rank=1, pid=6254, ip=172.31.36.213)[0m |   1  NVIDIA A100-SXM4-80GB          On  |   00000000:10:1D.0 Off |                    0 |
2026-03-26 03:09:32,140 - INFO - [36m(worker1, rank=1, pid=6254, ip=172.31.36.213)[0m | N/A   24C    P0             62W /  400W |       0MiB /  81920MiB |      0%      Default |
2026-03-26 03:09:32,140 - INFO - [36m(worker1, rank=1, pid=6254, ip=172.31.36.213)[0m |                                         |                        |             Disabled |
2026-03-26 03:09:32,140 - INFO - [36m(worker1, rank=1, pid=6254, ip=172.31.36.213)[0m +-----------------------------------------+------------------------+----------------------+
2026-03-26 03:09:32,140 - INFO - [36m(worker1, rank=1, pid=6254, ip=172.31.36.213)[0m |   2  NVIDIA A100-SXM4-80GB          On  |   00000000:20:1C.0 Off |                    0 |
2026-03-26 03:09:32,140 - INFO - [36m(worker1, rank=1, pid=6254, ip=172.31.36.213)[0m | N/A   24C    P0             57W /  400W |       0MiB /  81920MiB |      0%      Default |
2026-03-26 03:09:32,140 - INFO - [36m(worker1, rank=1, pid=6254, ip=172.31.36.213)[0m |                                         |                        |             Disabled |
2026-03-26 03:09:32,140 - INFO - [36m(worker1, rank=1, pid=6254, ip=172.31.36.213)[0m +-----------------------------------------+------------------------+----------------------+
2026-03-26 03:09:32,140 - INFO - [36m(worker1, rank=1, pid=6254, ip=172.31.36.213)[0m |   3  NVIDIA A100-SXM4-80GB          On  |   00000000:20:1D.0 Off |                    0 |
2026-03-26 03:09:32,140 - INFO - [36m(worker1, rank=1, pid=6254, ip=172.31.36.213)[0m | N/A   23C    P0             58W /  400W |       0MiB /  81920MiB |      0%      Default |
2026-03-26 03:09:32,140 - INFO - [36m(worker1, rank=1, pid=6254, ip=172.31.36.213)[0m |                                         |                        |             Disabled |
2026-03-26 03:09:32,140 - INFO - [36m(worker1, rank=1, pid=6254, ip=172.31.36.213)[0m +-----------------------------------------+------------------------+----------------------+
2026-03-26 03:09:32,140 - INFO - [36m(worker1, rank=1, pid=6254, ip=172.31.36.213)[0m |   4  NVIDIA A100-SXM4-80GB          On  |   00000000:90:1C.0 Off |                    0 |
2026-03-26 03:09:32,140 - INFO - [36m(worker1, rank=1, pid=6254, ip=172.31.36.213)[0m | N/A   25C    P0             61W /  400W |       0MiB /  81920MiB |      0%      Default |
2026-03-26 03:09:32,140 - INFO - [36m(worker1, rank=1, pid=6254, ip=172.31.36.213)[0m |                                         |                        |             Disabled |
2026-03-26 03:09:32,140 - INFO - [36m(worker1, rank=1, pid=6254, ip=172.31.36.213)[0m +-----------------------------------------+------------------------+----------------------+
2026-03-26 03:09:32,140 - INFO - [36m(worker1, rank=1, pid=6254, ip=172.31.36.213)[0m |   5  NVIDIA A100-SXM4-80GB          On  |   00000000:90:1D.0 Off |                    0 |
2026-03-26 03:09:32,140 - INFO - [36m(worker1, rank=1, pid=6254, ip=172.31.36.213)[0m | N/A   22C    P0             62W /  400W |       0MiB /  81920MiB |      0%      Default |
2026-03-26 03:09:32,140 - INFO - [36m(worker1, rank=1, pid=6254, ip=172.31.36.213)[0m |                                         |                        |             Disabled |
2026-03-26 03:09:32,140 - INFO - [36m(worker1, rank=1, pid=6254, ip=172.31.36.213)[0m +-----------------------------------------+------------------------+----------------------+
2026-03-26 03:09:32,140 - INFO - [36m(worker1, rank=1, pid=6254, ip=172.31.36.213)[0m |   6  NVIDIA A100-SXM4-80GB          On  |   00000000:A0:1C.0 Off |                    0 |
2026-03-26 03:09:34,854 - INFO - [36m(worker1, rank=1, pid=6254, ip=172.31.36.213)[0m | N/A   25C    P0             61W /  400W |       0MiB /  81920MiB |      0%      Default |
2026-03-26 03:09:34,854 - INFO - [36m(worker1, rank=1, pid=6254, ip=172.31.36.213)[0m |                                         |                        |             Disabled |
2026-03-26 03:09:34,854 - INFO - [36m(worker1, rank=1, pid=6254, ip=172.31.36.213)[0m +-----------------------------------------+------------------------+----------------------+
2026-03-26 03:09:34,854 - INFO - [36m(worker1, rank=1, pid=6254, ip=172.31.36.213)[0m |   7  NVIDIA A100-SXM4-80GB          On  |   00000000:A0:1D.0 Off |                    0 |
2026-03-26 03:09:34,854 - INFO - [36m(worker1, rank=1, pid=6254, ip=172.31.36.213)[0m | N/A   24C    P0             60W /  400W |       0MiB /  81920MiB |      0%      Default |
2026-03-26 03:09:34,855 - INFO - [36m(worker1, rank=1, pid=6254, ip=172.31.36.213)[0m |                                         |                        |             Disabled |
2026-03-26 03:09:34,855 - INFO - [36m(worker1, rank=1, pid=6254, ip=172.31.36.213)[0m +-----------------------------------------+------------------------+----------------------+
2026-03-26 03:09:34,855 - INFO - [36m(worker1, rank=1, pid=6254, ip=172.31.36.213)[0m
2026-03-26 03:09:34,855 - INFO - [36m(worker1, rank=1, pid=6254, ip=172.31.36.213)[0m +-----------------------------------------------------------------------------------------+
2026-03-26 03:09:34,855 - INFO - [36m(worker1, rank=1, pid=6254, ip=172.31.36.213)[0m | Processes:                                                                              |
2026-03-26 03:09:34,855 - INFO - [36m(worker1, rank=1, pid=6254, ip=172.31.36.213)[0m |  GPU   GI   CI              PID   Type   Process name                        GPU Memory |
2026-03-26 03:09:34,855 - INFO - [36m(worker1, rank=1, pid=6254, ip=172.31.36.213)[0m |        ID   ID                                                               Usage      |
2026-03-26 03:09:34,855 - INFO - [36m(worker1, rank=1, pid=6254, ip=172.31.36.213)[0m |=========================================================================================|
2026-03-26 03:09:34,855 - INFO - [36m(worker1, rank=1, pid=6254, ip=172.31.36.213)[0m |  No running processes found                                                             |
2026-03-26 03:09:34,855 - INFO - [36m(worker1, rank=1, pid=6254, ip=172.31.36.213)[0m +-----------------------------------------------------------------------------------------+
2026-03-26 03:09:34,855 - INFO - [36m(head, rank=0, pid=6499)[0m |   1  NVIDIA A100-SXM4-80GB          On  |   00000000:10:1D.0 Off |                    0 |
2026-03-26 03:09:34,855 - INFO - [36m(head, rank=0, pid=6499)[0m | N/A   25C    P0             61W /  400W |       0MiB /  81920MiB |      0%      Default |
2026-03-26 03:09:34,855 - INFO - [36m(head, rank=0, pid=6499)[0m |                                         |                        |             Disabled |
2026-03-26 03:09:34,855 - INFO - [36m(head, rank=0, pid=6499)[0m +-----------------------------------------+------------------------+----------------------+
2026-03-26 03:09:34,855 - INFO - [36m(head, rank=0, pid=6499)[0m |   2  NVIDIA A100-SXM4-80GB          On  |   00000000:20:1C.0 Off |                    0 |
2026-03-26 03:09:34,855 - INFO - [36m(head, rank=0, pid=6499)[0m | N/A   26C    P0             61W /  400W |       0MiB /  81920MiB |      0%      Default |
2026-03-26 03:09:34,855 - INFO - [36m(head, rank=0, pid=6499)[0m |                                         |                        |             Disabled |
2026-03-26 03:09:34,855 - INFO - [36m(head, rank=0, pid=6499)[0m +-----------------------------------------+------------------------+----------------------+
2026-03-26 03:09:34,855 - INFO - [36m(head, rank=0, pid=6499)[0m |   3  NVIDIA A100-SXM4-80GB          On  |   00000000:20:1D.0 Off |                    0 |
2026-03-26 03:09:34,855 - INFO - [36m(head, rank=0, pid=6499)[0m | N/A   24C    P0             59W /  400W |       0MiB /  81920MiB |      0%      Default |
2026-03-26 03:09:34,855 - INFO - [36m(head, rank=0, pid=6499)[0m |                                         |                        |             Disabled |
2026-03-26 03:09:34,855 - INFO - [36m(head, rank=0, pid=6499)[0m +-----------------------------------------+------------------------+----------------------+
2026-03-26 03:09:34,855 - INFO - [36m(head, rank=0, pid=6499)[0m |   4  NVIDIA A100-SXM4-80GB          On  |   00000000:90:1C.0 Off |                    0 |
2026-03-26 03:09:34,855 - INFO - [36m(head, rank=0, pid=6499)[0m | N/A   26C    P0             63W /  400W |       0MiB /  81920MiB |      0%      Default |
2026-03-26 03:09:34,855 - INFO - [36m(head, rank=0, pid=6499)[0m |                                         |                        |             Disabled |
2026-03-26 03:09:34,855 - INFO - [36m(head, rank=0, pid=6499)[0m +-----------------------------------------+------------------------+----------------------+
2026-03-26 03:09:34,855 - INFO - [36m(head, rank=0, pid=6499)[0m |   5  NVIDIA A100-SXM4-80GB          On  |   00000000:90:1D.0 Off |                    0 |
2026-03-26 03:09:34,855 - INFO - [36m(head, rank=0, pid=6499)[0m | N/A   25C    P0             61W /  400W |       0MiB /  81920MiB |      0%      Default |
2026-03-26 03:09:34,855 - INFO - [36m(head, rank=0, pid=6499)[0m |                                         |                        |             Disabled |
2026-03-26 03:09:34,855 - INFO - [36m(head, rank=0, pid=6499)[0m +-----------------------------------------+------------------------+----------------------+
2026-03-26 03:09:34,855 - INFO - [36m(head, rank=0, pid=6499)[0m |   6  NVIDIA A100-SXM4-80GB          On  |   00000000:A0:1C.0 Off |                    0 |
2026-03-26 03:09:34,855 - INFO - [36m(head, rank=0, pid=6499)[0m | N/A   26C    P0             61W /  400W |       0MiB /  81920MiB |      0%      Default |
2026-03-26 03:09:34,855 - INFO - [36m(head, rank=0, pid=6499)[0m |                                         |                        |             Disabled |
2026-03-26 03:09:34,855 - INFO - [36m(head, rank=0, pid=6499)[0m +-----------------------------------------+------------------------+----------------------+
2026-03-26 03:09:34,855 - INFO - [36m(head, rank=0, pid=6499)[0m |   7  NVIDIA A100-SXM4-80GB          On  |   00000000:A0:1D.0 Off |                    0 |
2026-03-26 03:09:34,855 - INFO - [36m(head, rank=0, pid=6499)[0m | N/A   25C    P0             58W /  400W |       0MiB /  81920MiB |      0%      Default |
2026-03-26 03:09:34,855 - INFO - [36m(head, rank=0, pid=6499)[0m |                                         |                        |             Disabled |
2026-03-26 03:09:34,855 - INFO - [36m(head, rank=0, pid=6499)[0m +-----------------------------------------+------------------------+----------------------+
2026-03-26 03:09:34,855 - INFO - [36m(head, rank=0, pid=6499)[0m
2026-03-26 03:09:34,855 - INFO - [36m(head, rank=0, pid=6499)[0m +-----------------------------------------------------------------------------------------+
2026-03-26 03:09:34,855 - INFO - [36m(head, rank=0, pid=6499)[0m | Processes:                                                                              |
2026-03-26 03:09:34,855 - INFO - [36m(head, rank=0, pid=6499)[0m |  GPU   GI   CI              PID   Type   Process name                        GPU Memory |
2026-03-26 03:09:34,855 - INFO - [36m(head, rank=0, pid=6499)[0m |        ID   ID                                                               Usage      |
2026-03-26 03:09:34,855 - INFO - [36m(head, rank=0, pid=6499)[0m |=========================================================================================|
2026-03-26 03:09:34,855 - INFO - [36m(head, rank=0, pid=6499)[0m |  No running processes found                                                             |
2026-03-26 03:09:34,855 - INFO - [36m(head, rank=0, pid=6499)[0m +-----------------------------------------------------------------------------------------+
2026-03-26 03:09:34,855 - INFO - [36m(head, rank=0, pid=6499)[0m + echo '--- A100 SXM4 Diagnostics ---'
2026-03-26 03:09:35,057 - INFO - [36m(head, rank=0, pid=6499)[0m --- A100 SXM4 Diagnostics ---
2026-03-26 03:09:35,057 - INFO - [36m(head, rank=0, pid=6499)[0m + echo 'Checking NVIDIA Fabric Manager (required for NVSwitch on A100-SXM4)...'
2026-03-26 03:09:35,057 - INFO - [36m(head, rank=0, pid=6499)[0m Checking NVIDIA Fabric Manager (required for NVSwitch on A100-SXM4)...
2026-03-26 03:09:35,057 - INFO - [36m(head, rank=0, pid=6499)[0m + systemctl status nvidia-fabricmanager
2026-03-26 03:09:35,057 - INFO - [36m(head, rank=0, pid=6499)[0m ● nvidia-fabricmanager.service - NVIDIA fabric manager service
2026-03-26 03:09:35,057 - INFO - [36m(head, rank=0, pid=6499)[0m      Loaded: loaded (/lib/systemd/system/nvidia-fabricmanager.service; enabled; vendor preset: enabled)
2026-03-26 03:09:35,057 - INFO - [36m(head, rank=0, pid=6499)[0m      Active: active (running) since Wed 2026-03-25 21:37:19 UTC; 2min 15s ago
2026-03-26 03:09:35,058 - INFO - [36m(head, rank=0, pid=6499)[0m    Main PID: 3628 (nv-fabricmanage)
2026-03-26 03:09:35,058 - INFO - [36m(head, rank=0, pid=6499)[0m       Tasks: 19
2026-03-26 03:09:35,058 - INFO - [36m(head, rank=0, pid=6499)[0m      Memory: 26.7M
2026-03-26 03:09:35,058 - INFO - [36m(head, rank=0, pid=6499)[0m         CPU: 11.358s
2026-03-26 03:09:35,058 - INFO - [36m(head, rank=0, pid=6499)[0m      CGroup: /system.slice/nvidia-fabricmanager.service
2026-03-26 03:09:35,058 - INFO - [36m(head, rank=0, pid=6499)[0m              └─3628 /usr/bin/nv-fabricmanager -c /usr/share/nvidia/nvswitch/fabricmanager.cfg
2026-03-26 03:09:35,058 - INFO - [36m(head, rank=0, pid=6499)[0m
2026-03-26 03:09:35,058 - INFO - [36m(head, rank=0, pid=6499)[0m Mar 25 21:37:05 ip-172-31-38-238 systemd[1]: Starting NVIDIA fabric manager service...
2026-03-26 03:09:35,058 - INFO - [36m(head, rank=0, pid=6499)[0m Mar 25 21:37:05 ip-172-31-38-238 nvidia-fabricmanager-start.sh[3453]: Detected Pre-NVL5 system
2026-03-26 03:09:35,058 - INFO - [36m(head, rank=0, pid=6499)[0m Mar 25 21:37:09 ip-172-31-38-238 nv-fabricmanager[3628]: Connected to 1 node.
2026-03-26 03:09:35,058 - INFO - [36m(head, rank=0, pid=6499)[0m Mar 25 21:37:19 ip-172-31-38-238 nv-fabricmanager[3628]: Successfully configured all the available GPUs and NVSwitches to route NVLink traffic.
2026-03-26 03:09:35,058 - INFO - [36m(head, rank=0, pid=6499)[0m Mar 25 21:37:19 ip-172-31-38-238 nvidia-fabricmanager-start.sh[3453]: Started "Nvidia Fabric Manager"
2026-03-26 03:09:35,058 - INFO - [36m(head, rank=0, pid=6499)[0m Mar 25 21:37:19 ip-172-31-38-238 systemd[1]: Started NVIDIA fabric manager service.
2026-03-26 03:09:35,058 - INFO - [36m(head, rank=0, pid=6499)[0m + echo 'Checking for NVLink topology...'
2026-03-26 03:09:35,058 - INFO - [36m(head, rank=0, pid=6499)[0m Checking for NVLink topology...
2026-03-26 03:09:35,058 - INFO - [36m(head, rank=0, pid=6499)[0m + nvidia-smi topo -m
2026-03-26 03:09:35,058 - INFO - [36m(worker1, rank=1, pid=6254, ip=172.31.36.213)[0m + echo '--- A100 SXM4 Diagnostics ---'
2026-03-26 03:09:35,058 - INFO - [36m(worker1, rank=1, pid=6254, ip=172.31.36.213)[0m --- A100 SXM4 Diagnostics ---
2026-03-26 03:09:35,058 - INFO - [36m(worker1, rank=1, pid=6254, ip=172.31.36.213)[0m + echo 'Checking NVIDIA Fabric Manager (required for NVSwitch on A100-SXM4)...'
2026-03-26 03:09:35,058 - INFO - [36m(worker1, rank=1, pid=6254, ip=172.31.36.213)[0m Checking NVIDIA Fabric Manager (required for NVSwitch on A100-SXM4)...
2026-03-26 03:09:35,058 - INFO - [36m(worker1, rank=1, pid=6254, ip=172.31.36.213)[0m + systemctl status nvidia-fabricmanager
2026-03-26 03:09:35,058 - INFO - [36m(worker1, rank=1, pid=6254, ip=172.31.36.213)[0m ● nvidia-fabricmanager.service - NVIDIA fabric manager service
2026-03-26 03:09:35,058 - INFO - [36m(worker1, rank=1, pid=6254, ip=172.31.36.213)[0m      Loaded: loaded (/lib/systemd/system/nvidia-fabricmanager.service; enabled; vendor preset: enabled)
2026-03-26 03:09:35,058 - INFO - [36m(worker1, rank=1, pid=6254, ip=172.31.36.213)[0m      Active: active (running) since Wed 2026-03-25 21:37:19 UTC; 2min 15s ago
2026-03-26 03:09:35,058 - INFO - [36m(worker1, rank=1, pid=6254, ip=172.31.36.213)[0m    Main PID: 3620 (nv-fabricmanage)
2026-03-26 03:09:35,058 - INFO - [36m(worker1, rank=1, pid=6254, ip=172.31.36.213)[0m       Tasks: 19
2026-03-26 03:09:35,058 - INFO - [36m(worker1, rank=1, pid=6254, ip=172.31.36.213)[0m      Memory: 26.9M
2026-03-26 03:09:35,058 - INFO - [36m(worker1, rank=1, pid=6254, ip=172.31.36.213)[0m         CPU: 11.373s
2026-03-26 03:09:35,058 - INFO - [36m(worker1, rank=1, pid=6254, ip=172.31.36.213)[0m      CGroup: /system.slice/nvidia-fabricmanager.service
2026-03-26 03:09:35,058 - INFO - [36m(worker1, rank=1, pid=6254, ip=172.31.36.213)[0m              └─3620 /usr/bin/nv-fabricmanager -c /usr/share/nvidia/nvswitch/fabricmanager.cfg
2026-03-26 03:09:35,058 - INFO - [36m(worker1, rank=1, pid=6254, ip=172.31.36.213)[0m
2026-03-26 03:09:35,058 - INFO - [36m(worker1, rank=1, pid=6254, ip=172.31.36.213)[0m Mar 25 21:37:05 ip-172-31-36-213 systemd[1]: Starting NVIDIA fabric manager service...
2026-03-26 03:09:35,058 - INFO - [36m(worker1, rank=1, pid=6254, ip=172.31.36.213)[0m Mar 25 21:37:05 ip-172-31-36-213 nvidia-fabricmanager-start.sh[3413]: Detected Pre-NVL5 system
2026-03-26 03:09:35,761 - INFO - [36m(worker1, rank=1, pid=6254, ip=172.31.36.213)[0m Mar 25 21:37:09 ip-172-31-36-213 nv-fabricmanager[3620]: Connected to 1 node.
2026-03-26 03:09:35,761 - INFO - [36m(worker1, rank=1, pid=6254, ip=172.31.36.213)[0m Mar 25 21:37:19 ip-172-31-36-213 nv-fabricmanager[3620]: Successfully configured all the available GPUs and NVSwitches to route NVLink traffic.
2026-03-26 03:09:35,761 - INFO - [36m(worker1, rank=1, pid=6254, ip=172.31.36.213)[0m Mar 25 21:37:19 ip-172-31-36-213 nvidia-fabricmanager-start.sh[3413]: Started "Nvidia Fabric Manager"
2026-03-26 03:09:35,761 - INFO - [36m(worker1, rank=1, pid=6254, ip=172.31.36.213)[0m Mar 25 21:37:19 ip-172-31-36-213 systemd[1]: Started NVIDIA fabric manager service.
2026-03-26 03:09:35,761 - INFO - [36m(worker1, rank=1, pid=6254, ip=172.31.36.213)[0m + echo 'Checking for NVLink topology...'
2026-03-26 03:09:35,761 - INFO - [36m(worker1, rank=1, pid=6254, ip=172.31.36.213)[0m Checking for NVLink topology...
2026-03-26 03:09:35,761 - INFO - [36m(worker1, rank=1, pid=6254, ip=172.31.36.213)[0m + nvidia-smi topo -m
2026-03-26 03:09:35,761 - INFO - [36m(head, rank=0, pid=6499)[0m 	[4mGPU0	GPU1	GPU2	GPU3	GPU4	GPU5	GPU6	GPU7	CPU Affinity	NUMA Affinity	GPU NUMA ID[0m
2026-03-26 03:09:35,761 - INFO - [36m(head, rank=0, pid=6499)[0m GPU0	 X 	NV12	NV12	NV12	NV12	NV12	NV12	NV12	0-23,48-71	0		N/A
2026-03-26 03:09:35,761 - INFO - [36m(head, rank=0, pid=6499)[0m GPU1	NV12	 X 	NV12	NV12	NV12	NV12	NV12	NV12	0-23,48-71	0		N/A
2026-03-26 03:09:35,761 - INFO - [36m(head, rank=0, pid=6499)[0m GPU2	NV12	NV12	 X 	NV12	NV12	NV12	NV12	NV12	0-23,48-71	0		N/A
2026-03-26 03:09:35,761 - INFO - [36m(head, rank=0, pid=6499)[0m GPU3	NV12	NV12	NV12	 X 	NV12	NV12	NV12	NV12	0-23,48-71	0		N/A
2026-03-26 03:09:35,761 - INFO - [36m(head, rank=0, pid=6499)[0m GPU4	NV12	NV12	NV12	NV12	 X 	NV12	NV12	NV12	24-47,72-95	1		N/A
2026-03-26 03:09:35,761 - INFO - [36m(head, rank=0, pid=6499)[0m GPU5	NV12	NV12	NV12	NV12	NV12	 X 	NV12	NV12	24-47,72-95	1		N/A
2026-03-26 03:09:35,761 - INFO - [36m(head, rank=0, pid=6499)[0m GPU6	NV12	NV12	NV12	NV12	NV12	NV12	 X 	NV12	24-47,72-95	1		N/A
2026-03-26 03:09:35,761 - INFO - [36m(head, rank=0, pid=6499)[0m GPU7	NV12	NV12	NV12	NV12	NV12	NV12	NV12	 X 	24-47,72-95	1		N/A
2026-03-26 03:09:35,761 - INFO - [36m(head, rank=0, pid=6499)[0m
2026-03-26 03:09:35,761 - INFO - [36m(head, rank=0, pid=6499)[0m Legend:
2026-03-26 03:09:35,761 - INFO - [36m(head, rank=0, pid=6499)[0m
2026-03-26 03:09:35,761 - INFO - [36m(head, rank=0, pid=6499)[0m   X    = Self
2026-03-26 03:09:35,761 - INFO - [36m(head, rank=0, pid=6499)[0m   SYS  = Connection traversing PCIe as well as the SMP interconnect between NUMA nodes (e.g., QPI/UPI)
2026-03-26 03:09:35,761 - INFO - [36m(head, rank=0, pid=6499)[0m   NODE = Connection traversing PCIe as well as the interconnect between PCIe Host Bridges within a NUMA node
2026-03-26 03:09:35,761 - INFO - [36m(head, rank=0, pid=6499)[0m   PHB  = Connection traversing PCIe as well as a PCIe Host Bridge (typically the CPU)
2026-03-26 03:09:35,761 - INFO - [36m(head, rank=0, pid=6499)[0m   PXB  = Connection traversing multiple PCIe bridges (without traversing the PCIe Host Bridge)
2026-03-26 03:09:35,762 - INFO - [36m(head, rank=0, pid=6499)[0m   PIX  = Connection traversing at most a single PCIe bridge
2026-03-26 03:09:35,762 - INFO - [36m(head, rank=0, pid=6499)[0m   NV#  = Connection traversing a bonded set of # NVLinks
2026-03-26 03:09:35,762 - INFO - [36m(head, rank=0, pid=6499)[0m + echo '--- NUMA Topology and GPU-NUMA Mapping ---'
2026-03-26 03:09:35,762 - INFO - [36m(head, rank=0, pid=6499)[0m --- NUMA Topology and GPU-NUMA Mapping ---
2026-03-26 03:09:35,762 - INFO - [36m(head, rank=0, pid=6499)[0m + echo 'NUMA hardware layout:'
2026-03-26 03:09:35,762 - INFO - [36m(head, rank=0, pid=6499)[0m NUMA hardware layout:
2026-03-26 03:09:35,762 - INFO - [36m(head, rank=0, pid=6499)[0m + numactl --hardware
2026-03-26 03:09:35,762 - INFO - [36m(head, rank=0, pid=6499)[0m available: 2 nodes (0-1)
2026-03-26 03:09:35,762 - INFO - [36m(head, rank=0, pid=6499)[0m node 0 cpus: 0 1 2 3 4 5 6 7 8 9 10 11 12 13 14 15 16 17 18 19 20 21 22 23 48 49 50 51 52 53 54 55 56 57 58 59 60 61 62 63 64 65 66 67 68 69 70 71
2026-03-26 03:09:35,762 - INFO - [36m(head, rank=0, pid=6499)[0m node 0 size: 574352 MB
2026-03-26 03:09:35,762 - INFO - [36m(head, rank=0, pid=6499)[0m node 0 free: 550076 MB
2026-03-26 03:09:35,762 - INFO - [36m(head, rank=0, pid=6499)[0m node 1 cpus: 24 25 26 27 28 29 30 31 32 33 34 35 36 37 38 39 40 41 42 43 44 45 46 47 72 73 74 75 76 77 78 79 80 81 82 83 84 85 86 87 88 89 90 91 92 93 94 95
2026-03-26 03:09:35,762 - INFO - [36m(head, rank=0, pid=6499)[0m node 1 size: 574368 MB
2026-03-26 03:09:35,762 - INFO - [36m(head, rank=0, pid=6499)[0m node 1 free: 545920 MB
2026-03-26 03:09:35,762 - INFO - [36m(head, rank=0, pid=6499)[0m node distances:
2026-03-26 03:09:35,762 - INFO - [36m(head, rank=0, pid=6499)[0m node   0   1
2026-03-26 03:09:35,762 - INFO - [36m(head, rank=0, pid=6499)[0m   0:  10  21
2026-03-26 03:09:35,762 - INFO - [36m(head, rank=0, pid=6499)[0m   1:  21  10
2026-03-26 03:09:35,762 - INFO - [36m(head, rank=0, pid=6499)[0m + echo ''
2026-03-26 03:09:35,762 - INFO - [36m(head, rank=0, pid=6499)[0m
2026-03-26 03:09:35,762 - INFO - [36m(head, rank=0, pid=6499)[0m + echo 'GPU PCIe Bus IDs and NUMA node assignments:'
2026-03-26 03:09:35,762 - INFO - [36m(head, rank=0, pid=6499)[0m GPU PCIe Bus IDs and NUMA node assignments:
2026-03-26 03:09:35,762 - INFO - [36m(head, rank=0, pid=6499)[0m ++ nvidia-smi --query-gpu=count --format=csv,noheader
2026-03-26 03:09:35,762 - INFO - [36m(head, rank=0, pid=6499)[0m ++ head -1
2026-03-26 03:09:35,762 - INFO - [36m(worker1, rank=1, pid=6254, ip=172.31.36.213)[0m 	[4mGPU0	GPU1	GPU2	GPU3	GPU4	GPU5	GPU6	GPU7	CPU Affinity	NUMA Affinity	GPU NUMA ID[0m
2026-03-26 03:09:35,762 - INFO - [36m(worker1, rank=1, pid=6254, ip=172.31.36.213)[0m GPU0	 X 	NV12	NV12	NV12	NV12	NV12	NV12	NV12	0-23,48-71	0		N/A
2026-03-26 03:09:35,762 - INFO - [36m(worker1, rank=1, pid=6254, ip=172.31.36.213)[0m GPU1	NV12	 X 	NV12	NV12	NV12	NV12	NV12	NV12	0-23,48-71	0		N/A
2026-03-26 03:09:35,762 - INFO - [36m(worker1, rank=1, pid=6254, ip=172.31.36.213)[0m GPU2	NV12	NV12	 X 	NV12	NV12	NV12	NV12	NV12	0-23,48-71	0		N/A
2026-03-26 03:09:35,762 - INFO - [36m(worker1, rank=1, pid=6254, ip=172.31.36.213)[0m GPU3	NV12	NV12	NV12	 X 	NV12	NV12	NV12	NV12	0-23,48-71	0		N/A
2026-03-26 03:09:35,762 - INFO - [36m(worker1, rank=1, pid=6254, ip=172.31.36.213)[0m GPU4	NV12	NV12	NV12	NV12	 X 	NV12	NV12	NV12	24-47,72-95	1		N/A
2026-03-26 03:09:35,762 - INFO - [36m(worker1, rank=1, pid=6254, ip=172.31.36.213)[0m GPU5	NV12	NV12	NV12	NV12	NV12	 X 	NV12	NV12	24-47,72-95	1		N/A
2026-03-26 03:09:35,762 - INFO - [36m(worker1, rank=1, pid=6254, ip=172.31.36.213)[0m GPU6	NV12	NV12	NV12	NV12	NV12	NV12	 X 	NV12	24-47,72-95	1		N/A
2026-03-26 03:09:35,762 - INFO - [36m(worker1, rank=1, pid=6254, ip=172.31.36.213)[0m GPU7	NV12	NV12	NV12	NV12	NV12	NV12	NV12	 X 	24-47,72-95	1		N/A
2026-03-26 03:09:35,762 - INFO - [36m(worker1, rank=1, pid=6254, ip=172.31.36.213)[0m
2026-03-26 03:09:35,762 - INFO - [36m(worker1, rank=1, pid=6254, ip=172.31.36.213)[0m Legend:
2026-03-26 03:09:35,762 - INFO - [36m(worker1, rank=1, pid=6254, ip=172.31.36.213)[0m
2026-03-26 03:09:35,762 - INFO - [36m(worker1, rank=1, pid=6254, ip=172.31.36.213)[0m   X    = Self
2026-03-26 03:09:35,762 - INFO - [36m(worker1, rank=1, pid=6254, ip=172.31.36.213)[0m   SYS  = Connection traversing PCIe as well as the SMP interconnect between NUMA nodes (e.g., QPI/UPI)
2026-03-26 03:09:35,762 - INFO - [36m(worker1, rank=1, pid=6254, ip=172.31.36.213)[0m   NODE = Connection traversing PCIe as well as the interconnect between PCIe Host Bridges within a NUMA node
2026-03-26 03:09:35,762 - INFO - [36m(worker1, rank=1, pid=6254, ip=172.31.36.213)[0m   PHB  = Connection traversing PCIe as well as a PCIe Host Bridge (typically the CPU)
2026-03-26 03:09:35,762 - INFO - [36m(worker1, rank=1, pid=6254, ip=172.31.36.213)[0m   PXB  = Connection traversing multiple PCIe bridges (without traversing the PCIe Host Bridge)
2026-03-26 03:09:35,762 - INFO - [36m(worker1, rank=1, pid=6254, ip=172.31.36.213)[0m   PIX  = Connection traversing at most a single PCIe bridge
2026-03-26 03:09:35,762 - INFO - [36m(worker1, rank=1, pid=6254, ip=172.31.36.213)[0m   NV#  = Connection traversing a bonded set of # NVLinks
2026-03-26 03:09:35,763 - INFO - [36m(worker1, rank=1, pid=6254, ip=172.31.36.213)[0m + echo '--- NUMA Topology and GPU-NUMA Mapping ---'
2026-03-26 03:09:37,372 - INFO - [36m(worker1, rank=1, pid=6254, ip=172.31.36.213)[0m --- NUMA Topology and GPU-NUMA Mapping ---
2026-03-26 03:09:37,372 - INFO - [36m(worker1, rank=1, pid=6254, ip=172.31.36.213)[0m + echo 'NUMA hardware layout:'
2026-03-26 03:09:37,372 - INFO - [36m(worker1, rank=1, pid=6254, ip=172.31.36.213)[0m NUMA hardware layout:
2026-03-26 03:09:37,372 - INFO - [36m(worker1, rank=1, pid=6254, ip=172.31.36.213)[0m + numactl --hardware
2026-03-26 03:09:37,372 - INFO - [36m(worker1, rank=1, pid=6254, ip=172.31.36.213)[0m available: 2 nodes (0-1)
2026-03-26 03:09:37,372 - INFO - [36m(worker1, rank=1, pid=6254, ip=172.31.36.213)[0m node 0 cpus: 0 1 2 3 4 5 6 7 8 9 10 11 12 13 14 15 16 17 18 19 20 21 22 23 48 49 50 51 52 53 54 55 56 57 58 59 60 61 62 63 64 65 66 67 68 69 70 71
2026-03-26 03:09:37,372 - INFO - [36m(worker1, rank=1, pid=6254, ip=172.31.36.213)[0m node 0 size: 574309 MB
2026-03-26 03:09:37,372 - INFO - [36m(worker1, rank=1, pid=6254, ip=172.31.36.213)[0m node 0 free: 553571 MB
2026-03-26 03:09:37,372 - INFO - [36m(worker1, rank=1, pid=6254, ip=172.31.36.213)[0m node 1 cpus: 24 25 26 27 28 29 30 31 32 33 34 35 36 37 38 39 40 41 42 43 44 45 46 47 72 73 74 75 76 77 78 79 80 81 82 83 84 85 86 87 88 89 90 91 92 93 94 95
2026-03-26 03:09:37,372 - INFO - [36m(worker1, rank=1, pid=6254, ip=172.31.36.213)[0m node 1 size: 574411 MB
2026-03-26 03:09:37,372 - INFO - [36m(worker1, rank=1, pid=6254, ip=172.31.36.213)[0m node 1 free: 547842 MB
2026-03-26 03:09:37,372 - INFO - [36m(worker1, rank=1, pid=6254, ip=172.31.36.213)[0m node distances:
2026-03-26 03:09:37,372 - INFO - [36m(worker1, rank=1, pid=6254, ip=172.31.36.213)[0m node   0   1
2026-03-26 03:09:37,372 - INFO - [36m(worker1, rank=1, pid=6254, ip=172.31.36.213)[0m   0:  10  21
2026-03-26 03:09:37,372 - INFO - [36m(worker1, rank=1, pid=6254, ip=172.31.36.213)[0m   1:  21  10
2026-03-26 03:09:37,372 - INFO - [36m(worker1, rank=1, pid=6254, ip=172.31.36.213)[0m + echo ''
2026-03-26 03:09:37,372 - INFO - [36m(worker1, rank=1, pid=6254, ip=172.31.36.213)[0m
2026-03-26 03:09:37,372 - INFO - [36m(worker1, rank=1, pid=6254, ip=172.31.36.213)[0m + echo 'GPU PCIe Bus IDs and NUMA node assignments:'
2026-03-26 03:09:37,372 - INFO - [36m(worker1, rank=1, pid=6254, ip=172.31.36.213)[0m GPU PCIe Bus IDs and NUMA node assignments:
2026-03-26 03:09:37,372 - INFO - [36m(worker1, rank=1, pid=6254, ip=172.31.36.213)[0m ++ nvidia-smi --query-gpu=count --format=csv,noheader
2026-03-26 03:09:37,372 - INFO - [36m(worker1, rank=1, pid=6254, ip=172.31.36.213)[0m ++ head -1
2026-03-26 03:09:37,372 - INFO - [36m(worker1, rank=1, pid=6254, ip=172.31.36.213)[0m ++ echo 0
2026-03-26 03:09:37,372 - INFO - [36m(worker1, rank=1, pid=6254, ip=172.31.36.213)[0m + gpu_count='8
2026-03-26 03:09:37,372 - INFO - [36m(worker1, rank=1, pid=6254, ip=172.31.36.213)[0m 0'
2026-03-26 03:09:37,372 - INFO - [36m(worker1, rank=1, pid=6254, ip=172.31.36.213)[0m + '[' '8
2026-03-26 03:09:37,372 - INFO - [36m(worker1, rank=1, pid=6254, ip=172.31.36.213)[0m 0' -gt 0 ']'
2026-03-26 03:09:37,372 - INFO - [36m(worker1, rank=1, pid=6254, ip=172.31.36.213)[0m + echo 'Could not detect GPU count'
2026-03-26 03:09:37,372 - INFO - [36m(worker1, rank=1, pid=6254, ip=172.31.36.213)[0m Could not detect GPU count
2026-03-26 03:09:37,373 - INFO - [36m(worker1, rank=1, pid=6254, ip=172.31.36.213)[0m + echo -------------------------------------------
2026-03-26 03:09:37,373 - INFO - [36m(worker1, rank=1, pid=6254, ip=172.31.36.213)[0m -------------------------------------------
2026-03-26 03:09:37,373 - INFO - [36m(worker1, rank=1, pid=6254, ip=172.31.36.213)[0m + echo 'Checking for GPU processes and errors...'
2026-03-26 03:09:37,373 - INFO - [36m(worker1, rank=1, pid=6254, ip=172.31.36.213)[0m Checking for GPU processes and errors...
2026-03-26 03:09:37,373 - INFO - [36m(worker1, rank=1, pid=6254, ip=172.31.36.213)[0m + awk 'NR<=50'
2026-03-26 03:09:37,373 - INFO - [36m(worker1, rank=1, pid=6254, ip=172.31.36.213)[0m + nvidia-smi -q -d ERRORS
2026-03-26 03:09:37,373 - INFO - [36m(head, rank=0, pid=6499)[0m ++ echo 0
2026-03-26 03:09:37,373 - INFO - [36m(head, rank=0, pid=6499)[0m + gpu_count='8
2026-03-26 03:09:37,373 - INFO - [36m(head, rank=0, pid=6499)[0m 0'
2026-03-26 03:09:37,373 - INFO - [36m(head, rank=0, pid=6499)[0m + '[' '8
2026-03-26 03:09:37,373 - INFO - [36m(head, rank=0, pid=6499)[0m 0' -gt 0 ']'
2026-03-26 03:09:37,373 - INFO - [36m(head, rank=0, pid=6499)[0m + echo 'Could not detect GPU count'
2026-03-26 03:09:37,373 - INFO - [36m(head, rank=0, pid=6499)[0m Could not detect GPU count
2026-03-26 03:09:37,373 - INFO - [36m(head, rank=0, pid=6499)[0m + echo -------------------------------------------
2026-03-26 03:09:37,373 - INFO - [36m(head, rank=0, pid=6499)[0m -------------------------------------------
2026-03-26 03:09:37,373 - INFO - [36m(head, rank=0, pid=6499)[0m + echo 'Checking for GPU processes and errors...'
2026-03-26 03:09:37,373 - INFO - [36m(head, rank=0, pid=6499)[0m Checking for GPU processes and errors...
2026-03-26 03:09:37,373 - INFO - [36m(head, rank=0, pid=6499)[0m + awk 'NR<=50'
2026-03-26 03:09:37,373 - INFO - [36m(head, rank=0, pid=6499)[0m + nvidia-smi -q -d ERRORS
2026-03-26 03:09:37,373 - INFO - [36m(head, rank=0, pid=6499)[0m Failed to parse --display/-d flags
2026-03-26 03:09:37,373 - INFO - [36m(head, rank=0, pid=6499)[0m + echo 'Error check failed'
2026-03-26 03:09:37,373 - INFO - [36m(head, rank=0, pid=6499)[0m Error check failed
2026-03-26 03:09:37,373 - INFO - [36m(head, rank=0, pid=6499)[0m + echo '--- CUDA Device Query ---'
2026-03-26 03:09:37,373 - INFO - [36m(head, rank=0, pid=6499)[0m --- CUDA Device Query ---
2026-03-26 03:09:37,373 - INFO - [36m(head, rank=0, pid=6499)[0m + python3 -c 'import ctypes; cudart = ctypes.CDLL('\''libcudart.so.12'\''); count = ctypes.c_int(); result = cudart.cudaGetDeviceCount(ctypes.byref(count)); print(f'\''cudaGetDeviceCount result: {result} (0=success), device count: {count.value}'\'')'
2026-03-26 03:09:37,373 - INFO - [36m(worker1, rank=1, pid=6254, ip=172.31.36.213)[0m Failed to parse --display/-d flags
2026-03-26 03:09:37,373 - INFO - [36m(worker1, rank=1, pid=6254, ip=172.31.36.213)[0m + echo 'Error check failed'
2026-03-26 03:09:37,373 - INFO - [36m(worker1, rank=1, pid=6254, ip=172.31.36.213)[0m Error check failed
2026-03-26 03:09:37,373 - INFO - [36m(worker1, rank=1, pid=6254, ip=172.31.36.213)[0m + echo '--- CUDA Device Query ---'
2026-03-26 03:09:37,373 - INFO - [36m(worker1, rank=1, pid=6254, ip=172.31.36.213)[0m --- CUDA Device Query ---
2026-03-26 03:09:37,373 - INFO - [36m(worker1, rank=1, pid=6254, ip=172.31.36.213)[0m + python3 -c 'import ctypes; cudart = ctypes.CDLL('\''libcudart.so.12'\''); count = ctypes.c_int(); result = cudart.cudaGetDeviceCount(ctypes.byref(count)); print(f'\''cudaGetDeviceCount result: {result} (0=success), device count: {count.value}'\'')'
2026-03-26 03:09:37,373 - INFO - [36m(head, rank=0, pid=6499)[0m cudaGetDeviceCount result: 0 (0=success), device count: 8
2026-03-26 03:09:38,979 - INFO - [36m(worker1, rank=1, pid=6254, ip=172.31.36.213)[0m cudaGetDeviceCount result: 0 (0=success), device count: 8
2026-03-26 03:09:38,979 - INFO - [36m(head, rank=0, pid=6499)[0m + echo ===========================
2026-03-26 03:09:39,787 - INFO - [36m(head, rank=0, pid=6499)[0m ===========================
2026-03-26 03:09:39,789 - INFO - [36m(head, rank=0, pid=6499)[0m + source .venv/bin/activate
2026-03-26 03:09:39,789 - INFO - [36m(head, rank=0, pid=6499)[0m ++ '[' -z '' ']'
2026-03-26 03:09:39,789 - INFO - [36m(head, rank=0, pid=6499)[0m ++ '[' -n x ']'
2026-03-26 03:09:39,789 - INFO - [36m(head, rank=0, pid=6499)[0m ++ SCRIPT_PATH=.venv/bin/activate
2026-03-26 03:09:39,789 - INFO - [36m(head, rank=0, pid=6499)[0m ++ '[' .venv/bin/activate = /tmp/sky_app_1_tzgpmw ']'
2026-03-26 03:09:39,789 - INFO - [36m(head, rank=0, pid=6499)[0m ++ deactivate nondestructive
2026-03-26 03:09:39,789 - INFO - [36m(head, rank=0, pid=6499)[0m ++ unset -f pydoc
2026-03-26 03:09:39,789 - INFO - [36m(head, rank=0, pid=6499)[0m ++ '[' -z '' ']'
2026-03-26 03:09:39,789 - INFO - [36m(head, rank=0, pid=6499)[0m ++ '[' -z '' ']'
2026-03-26 03:09:39,789 - INFO - [36m(head, rank=0, pid=6499)[0m ++ hash -r
2026-03-26 03:09:39,789 - INFO - [36m(head, rank=0, pid=6499)[0m ++ '[' -z '' ']'
2026-03-26 03:09:39,789 - INFO - [36m(head, rank=0, pid=6499)[0m ++ unset VIRTUAL_ENV
2026-03-26 03:09:39,789 - INFO - [36m(head, rank=0, pid=6499)[0m ++ unset VIRTUAL_ENV_PROMPT
2026-03-26 03:09:39,789 - INFO - [36m(head, rank=0, pid=6499)[0m ++ '[' '!' nondestructive = nondestructive ']'
2026-03-26 03:09:39,789 - INFO - [36m(head, rank=0, pid=6499)[0m ++ VIRTUAL_ENV=/home/ubuntu/sky_workdir/.venv
2026-03-26 03:09:39,789 - INFO - [36m(head, rank=0, pid=6499)[0m ++ '[' linux-gnu = cygwin ']'
2026-03-26 03:09:39,789 - INFO - [36m(head, rank=0, pid=6499)[0m ++ '[' linux-gnu = msys ']'
2026-03-26 03:09:39,789 - INFO - [36m(head, rank=0, pid=6499)[0m ++ export VIRTUAL_ENV
2026-03-26 03:09:39,789 - INFO - [36m(head, rank=0, pid=6499)[0m ++ '[' -z '' ']'
2026-03-26 03:09:39,789 - INFO - [36m(head, rank=0, pid=6499)[0m ++ unset SCRIPT_PATH
2026-03-26 03:09:39,789 - INFO - [36m(head, rank=0, pid=6499)[0m ++ _OLD_VIRTUAL_PATH=/home/ubuntu/.local/bin:/home/ubuntu/.local/bin:/home/ubuntu/miniconda3/bin:/home/ubuntu/miniconda3/condabin:/opt/amazon/openmpi/bin:/opt/amazon/efa/bin:/usr/local/cuda-12.8/bin:/usr/local/cuda-12.8/include:/usr/local/cuda-12.8/bin:/usr/local/cuda-12.8/include:/usr/local/sbin:/usr/local/bin:/usr/sbin:/usr/bin:/sbin:/bin:/usr/games:/usr/local/games:/snap/bin
2026-03-26 03:09:39,789 - INFO - [36m(head, rank=0, pid=6499)[0m ++ PATH=/home/ubuntu/sky_workdir/.venv/bin:/home/ubuntu/.local/bin:/home/ubuntu/.local/bin:/home/ubuntu/miniconda3/bin:/home/ubuntu/miniconda3/condabin:/opt/amazon/openmpi/bin:/opt/amazon/efa/bin:/usr/local/cuda-12.8/bin:/usr/local/cuda-12.8/include:/usr/local/cuda-12.8/bin:/usr/local/cuda-12.8/include:/usr/local/sbin:/usr/local/bin:/usr/sbin:/usr/bin:/sbin:/bin:/usr/games:/usr/local/games:/snap/bin
2026-03-26 03:09:39,789 - INFO - [36m(head, rank=0, pid=6499)[0m ++ export PATH
2026-03-26 03:09:39,789 - INFO - [36m(head, rank=0, pid=6499)[0m ++ '[' xsky_workdir '!=' x ']'
2026-03-26 03:09:39,789 - INFO - [36m(head, rank=0, pid=6499)[0m ++ VIRTUAL_ENV_PROMPT=sky_workdir
2026-03-26 03:09:39,789 - INFO - [36m(head, rank=0, pid=6499)[0m ++ export VIRTUAL_ENV_PROMPT
2026-03-26 03:09:39,789 - INFO - [36m(head, rank=0, pid=6499)[0m ++ '[' -z '' ']'
2026-03-26 03:09:39,789 - INFO - [36m(head, rank=0, pid=6499)[0m ++ '[' -z '' ']'
2026-03-26 03:09:39,789 - INFO - [36m(head, rank=0, pid=6499)[0m ++ _OLD_VIRTUAL_PS1='(base) ${debian_chroot:+($debian_chroot)}\u@\h:\w\$ '
2026-03-26 03:09:39,789 - INFO - [36m(head, rank=0, pid=6499)[0m ++ PS1='(sky_workdir) (base) ${debian_chroot:+($debian_chroot)}\u@\h:\w\$ '
2026-03-26 03:09:39,789 - INFO - [36m(head, rank=0, pid=6499)[0m ++ export PS1
2026-03-26 03:09:39,789 - INFO - [36m(head, rank=0, pid=6499)[0m ++ alias pydoc
2026-03-26 03:09:39,790 - INFO - [36m(head, rank=0, pid=6499)[0m ++ true
2026-03-26 03:09:39,790 - INFO - [36m(head, rank=0, pid=6499)[0m ++ hash -r
2026-03-26 03:09:39,790 - INFO - [36m(head, rank=0, pid=6499)[0m + echo '=== DETAILED PyTorch CUDA Diagnostics (in run phase) ==='
2026-03-26 03:09:39,790 - INFO - [36m(head, rank=0, pid=6499)[0m === DETAILED PyTorch CUDA Diagnostics (in run phase) ===
2026-03-26 03:09:39,790 - INFO - [36m(head, rank=0, pid=6499)[0m + echo '--- Environment ---'
2026-03-26 03:09:39,790 - INFO - [36m(head, rank=0, pid=6499)[0m --- Environment ---
2026-03-26 03:09:39,790 - INFO - [36m(head, rank=0, pid=6499)[0m + echo 'LD_LIBRARY_PATH: /usr/local/cuda/lib64:/usr/local/cuda/targets/x86_64-linux/lib:/usr/local/cuda-12.8/lib:/usr/local/cuda-12.8/lib64:/usr/local/cuda-12.8:/usr/local/cuda-12.8/targets/x86_64-linux/lib/:/usr/local/cuda-12.8/extras/CUPTI/lib64:/opt/amazon/efa/lib:/opt/amazon/openmpi/lib:/opt/amazon/ofi-nccl/lib/x86_64-linux-gnu:/usr/local/lib:/usr/lib:/usr/local/cuda-12.8/lib:/usr/local/cuda-12.8/lib64:/usr/local/cuda-12.8:/usr/local/cuda-12.8/targets/x86_64-linux/lib/:/usr/local/cuda-12.8/extras/CUPTI/lib64:/opt/amazon/efa/lib:/opt/amazon/openmpi/lib:/opt/amazon/ofi-nccl/lib/x86_64-linux-gnu:/usr/local/lib:/usr/lib'
2026-03-26 03:09:39,790 - INFO - [36m(head, rank=0, pid=6499)[0m LD_LIBRARY_PATH: /usr/local/cuda/lib64:/usr/local/cuda/targets/x86_64-linux/lib:/usr/local/cuda-12.8/lib:/usr/local/cuda-12.8/lib64:/usr/local/cuda-12.8:/usr/local/cuda-12.8/targets/x86_64-linux/lib/:/usr/local/cuda-12.8/extras/CUPTI/lib64:/opt/amazon/efa/lib:/opt/amazon/openmpi/lib:/opt/amazon/ofi-nccl/lib/x86_64-linux-gnu:/usr/local/lib:/usr/lib:/usr/local/cuda-12.8/lib:/usr/local/cuda-12.8/lib64:/usr/local/cuda-12.8:/usr/local/cuda-12.8/targets/x86_64-linux/lib/:/usr/local/cuda-12.8/extras/CUPTI/lib64:/opt/amazon/efa/lib:/opt/amazon/openmpi/lib:/opt/amazon/ofi-nccl/lib/x86_64-linux-gnu:/usr/local/lib:/usr/lib
2026-03-26 03:09:40,390 - INFO - [36m(head, rank=0, pid=6499)[0m + echo 'CUDA_HOME: /usr/local/cuda'
2026-03-26 03:09:40,390 - INFO - [36m(head, rank=0, pid=6499)[0m CUDA_HOME: /usr/local/cuda
2026-03-26 03:09:40,390 - INFO - [36m(head, rank=0, pid=6499)[0m + which python3
2026-03-26 03:09:40,390 - INFO - [36m(head, rank=0, pid=6499)[0m /home/ubuntu/sky_workdir/.venv/bin/python3
2026-03-26 03:09:40,390 - INFO - [36m(head, rank=0, pid=6499)[0m + echo '--- Torch info ---'
2026-03-26 03:09:40,390 - INFO - [36m(head, rank=0, pid=6499)[0m --- Torch info ---
2026-03-26 03:09:40,390 - INFO - [36m(head, rank=0, pid=6499)[0m + python3 -c 'import torch; print('\''torch.__version__:'\'', torch.__version__); print('\''torch.__file__:'\'', torch.__file__); print('\''torch.version.cuda:'\'', torch.version.cuda); print('\''torch.backends.cuda.is_built():'\'', torch.backends.cuda.is_built())'
2026-03-26 03:09:40,390 - INFO - [36m(worker1, rank=1, pid=6254, ip=172.31.36.213)[0m + echo ===========================
2026-03-26 03:09:40,390 - INFO - [36m(worker1, rank=1, pid=6254, ip=172.31.36.213)[0m ===========================
2026-03-26 03:09:40,390 - INFO - [36m(worker1, rank=1, pid=6254, ip=172.31.36.213)[0m + source .venv/bin/activate
2026-03-26 03:09:40,390 - INFO - [36m(worker1, rank=1, pid=6254, ip=172.31.36.213)[0m ++ '[' -z '' ']'
2026-03-26 03:09:40,390 - INFO - [36m(worker1, rank=1, pid=6254, ip=172.31.36.213)[0m ++ '[' -n x ']'
2026-03-26 03:09:40,390 - INFO - [36m(worker1, rank=1, pid=6254, ip=172.31.36.213)[0m ++ SCRIPT_PATH=.venv/bin/activate
2026-03-26 03:09:40,390 - INFO - [36m(worker1, rank=1, pid=6254, ip=172.31.36.213)[0m ++ '[' .venv/bin/activate = /tmp/sky_app_8effyvuu ']'
2026-03-26 03:09:40,390 - INFO - [36m(worker1, rank=1, pid=6254, ip=172.31.36.213)[0m ++ deactivate nondestructive
2026-03-26 03:09:40,390 - INFO - [36m(worker1, rank=1, pid=6254, ip=172.31.36.213)[0m ++ unset -f pydoc
2026-03-26 03:09:40,390 - INFO - [36m(worker1, rank=1, pid=6254, ip=172.31.36.213)[0m ++ '[' -z '' ']'
2026-03-26 03:09:40,390 - INFO - [36m(worker1, rank=1, pid=6254, ip=172.31.36.213)[0m ++ '[' -z '' ']'
2026-03-26 03:09:40,390 - INFO - [36m(worker1, rank=1, pid=6254, ip=172.31.36.213)[0m ++ hash -r
2026-03-26 03:09:40,390 - INFO - [36m(worker1, rank=1, pid=6254, ip=172.31.36.213)[0m ++ '[' -z '' ']'
2026-03-26 03:09:40,390 - INFO - [36m(worker1, rank=1, pid=6254, ip=172.31.36.213)[0m ++ unset VIRTUAL_ENV
2026-03-26 03:09:40,390 - INFO - [36m(worker1, rank=1, pid=6254, ip=172.31.36.213)[0m ++ unset VIRTUAL_ENV_PROMPT
2026-03-26 03:09:40,390 - INFO - [36m(worker1, rank=1, pid=6254, ip=172.31.36.213)[0m ++ '[' '!' nondestructive = nondestructive ']'
2026-03-26 03:09:40,390 - INFO - [36m(worker1, rank=1, pid=6254, ip=172.31.36.213)[0m ++ VIRTUAL_ENV=/home/ubuntu/sky_workdir/.venv
2026-03-26 03:09:40,390 - INFO - [36m(worker1, rank=1, pid=6254, ip=172.31.36.213)[0m ++ '[' linux-gnu = cygwin ']'
2026-03-26 03:09:40,390 - INFO - [36m(worker1, rank=1, pid=6254, ip=172.31.36.213)[0m ++ '[' linux-gnu = msys ']'
2026-03-26 03:09:40,391 - INFO - [36m(worker1, rank=1, pid=6254, ip=172.31.36.213)[0m ++ export VIRTUAL_ENV
2026-03-26 03:09:40,391 - INFO - [36m(worker1, rank=1, pid=6254, ip=172.31.36.213)[0m ++ '[' -z '' ']'
2026-03-26 03:09:40,391 - INFO - [36m(worker1, rank=1, pid=6254, ip=172.31.36.213)[0m ++ unset SCRIPT_PATH
2026-03-26 03:09:40,391 - INFO - [36m(worker1, rank=1, pid=6254, ip=172.31.36.213)[0m ++ _OLD_VIRTUAL_PATH=/home/ubuntu/.local/bin:/home/ubuntu/.local/bin:/home/ubuntu/miniconda3/bin:/home/ubuntu/miniconda3/condabin:/opt/amazon/openmpi/bin:/opt/amazon/efa/bin:/usr/local/cuda-12.8/bin:/usr/local/cuda-12.8/include:/usr/local/cuda-12.8/bin:/usr/local/cuda-12.8/include:/usr/local/sbin:/usr/local/bin:/usr/sbin:/usr/bin:/sbin:/bin:/usr/games:/usr/local/games:/snap/bin
2026-03-26 03:09:40,391 - INFO - [36m(worker1, rank=1, pid=6254, ip=172.31.36.213)[0m ++ PATH=/home/ubuntu/sky_workdir/.venv/bin:/home/ubuntu/.local/bin:/home/ubuntu/.local/bin:/home/ubuntu/miniconda3/bin:/home/ubuntu/miniconda3/condabin:/opt/amazon/openmpi/bin:/opt/amazon/efa/bin:/usr/local/cuda-12.8/bin:/usr/local/cuda-12.8/include:/usr/local/cuda-12.8/bin:/usr/local/cuda-12.8/include:/usr/local/sbin:/usr/local/bin:/usr/sbin:/usr/bin:/sbin:/bin:/usr/games:/usr/local/games:/snap/bin
2026-03-26 03:09:40,391 - INFO - [36m(worker1, rank=1, pid=6254, ip=172.31.36.213)[0m ++ export PATH
2026-03-26 03:09:40,391 - INFO - [36m(worker1, rank=1, pid=6254, ip=172.31.36.213)[0m ++ '[' xsky_workdir '!=' x ']'
2026-03-26 03:09:40,391 - INFO - [36m(worker1, rank=1, pid=6254, ip=172.31.36.213)[0m ++ VIRTUAL_ENV_PROMPT=sky_workdir
2026-03-26 03:09:40,391 - INFO - [36m(worker1, rank=1, pid=6254, ip=172.31.36.213)[0m ++ export VIRTUAL_ENV_PROMPT
2026-03-26 03:09:40,391 - INFO - [36m(worker1, rank=1, pid=6254, ip=172.31.36.213)[0m ++ '[' -z '' ']'
2026-03-26 03:09:40,391 - INFO - [36m(worker1, rank=1, pid=6254, ip=172.31.36.213)[0m ++ '[' -z '' ']'
2026-03-26 03:09:40,391 - INFO - [36m(worker1, rank=1, pid=6254, ip=172.31.36.213)[0m ++ _OLD_VIRTUAL_PS1='(base) ${debian_chroot:+($debian_chroot)}\u@\h:\w\$ '
2026-03-26 03:09:40,391 - INFO - [36m(worker1, rank=1, pid=6254, ip=172.31.36.213)[0m ++ PS1='(sky_workdir) (base) ${debian_chroot:+($debian_chroot)}\u@\h:\w\$ '
2026-03-26 03:09:40,391 - INFO - [36m(worker1, rank=1, pid=6254, ip=172.31.36.213)[0m ++ export PS1
2026-03-26 03:09:40,391 - INFO - [36m(worker1, rank=1, pid=6254, ip=172.31.36.213)[0m ++ alias pydoc
2026-03-26 03:09:40,391 - INFO - [36m(worker1, rank=1, pid=6254, ip=172.31.36.213)[0m ++ true
2026-03-26 03:09:40,391 - INFO - [36m(worker1, rank=1, pid=6254, ip=172.31.36.213)[0m ++ hash -r
2026-03-26 03:09:40,391 - INFO - [36m(worker1, rank=1, pid=6254, ip=172.31.36.213)[0m + echo '=== DETAILED PyTorch CUDA Diagnostics (in run phase) ==='
2026-03-26 03:09:40,391 - INFO - [36m(worker1, rank=1, pid=6254, ip=172.31.36.213)[0m === DETAILED PyTorch CUDA Diagnostics (in run phase) ===
2026-03-26 03:09:40,391 - INFO - [36m(worker1, rank=1, pid=6254, ip=172.31.36.213)[0m + echo '--- Environment ---'
2026-03-26 03:09:40,391 - INFO - [36m(worker1, rank=1, pid=6254, ip=172.31.36.213)[0m --- Environment ---
2026-03-26 03:09:40,391 - INFO - [36m(worker1, rank=1, pid=6254, ip=172.31.36.213)[0m + echo 'LD_LIBRARY_PATH: /usr/local/cuda/lib64:/usr/local/cuda/targets/x86_64-linux/lib:/usr/local/cuda-12.8/lib:/usr/local/cuda-12.8/lib64:/usr/local/cuda-12.8:/usr/local/cuda-12.8/targets/x86_64-linux/lib/:/usr/local/cuda-12.8/extras/CUPTI/lib64:/opt/amazon/efa/lib:/opt/amazon/openmpi/lib:/opt/amazon/ofi-nccl/lib/x86_64-linux-gnu:/usr/local/lib:/usr/lib:/usr/local/cuda-12.8/lib:/usr/local/cuda-12.8/lib64:/usr/local/cuda-12.8:/usr/local/cuda-12.8/targets/x86_64-linux/lib/:/usr/local/cuda-12.8/extras/CUPTI/lib64:/opt/amazon/efa/lib:/opt/amazon/openmpi/lib:/opt/amazon/ofi-nccl/lib/x86_64-linux-gnu:/usr/local/lib:/usr/lib'
2026-03-26 03:09:40,391 - INFO - [36m(worker1, rank=1, pid=6254, ip=172.31.36.213)[0m LD_LIBRARY_PATH: /usr/local/cuda/lib64:/usr/local/cuda/targets/x86_64-linux/lib:/usr/local/cuda-12.8/lib:/usr/local/cuda-12.8/lib64:/usr/local/cuda-12.8:/usr/local/cuda-12.8/targets/x86_64-linux/lib/:/usr/local/cuda-12.8/extras/CUPTI/lib64:/opt/amazon/efa/lib:/opt/amazon/openmpi/lib:/opt/amazon/ofi-nccl/lib/x86_64-linux-gnu:/usr/local/lib:/usr/lib:/usr/local/cuda-12.8/lib:/usr/local/cuda-12.8/lib64:/usr/local/cuda-12.8:/usr/local/cuda-12.8/targets/x86_64-linux/lib/:/usr/local/cuda-12.8/extras/CUPTI/lib64:/opt/amazon/efa/lib:/opt/amazon/openmpi/lib:/opt/amazon/ofi-nccl/lib/x86_64-linux-gnu:/usr/local/lib:/usr/lib
2026-03-26 03:09:40,391 - INFO - [36m(worker1, rank=1, pid=6254, ip=172.31.36.213)[0m + echo 'CUDA_HOME: /usr/local/cuda'
2026-03-26 03:09:40,391 - INFO - [36m(worker1, rank=1, pid=6254, ip=172.31.36.213)[0m CUDA_HOME: /usr/local/cuda
2026-03-26 03:09:40,391 - INFO - [36m(worker1, rank=1, pid=6254, ip=172.31.36.213)[0m + which python3
2026-03-26 03:09:40,391 - INFO - [36m(worker1, rank=1, pid=6254, ip=172.31.36.213)[0m /home/ubuntu/sky_workdir/.venv/bin/python3
2026-03-26 03:09:40,391 - INFO - [36m(worker1, rank=1, pid=6254, ip=172.31.36.213)[0m + echo '--- Torch info ---'
2026-03-26 03:09:40,391 - INFO - [36m(worker1, rank=1, pid=6254, ip=172.31.36.213)[0m --- Torch info ---
2026-03-26 03:09:40,391 - INFO - [36m(worker1, rank=1, pid=6254, ip=172.31.36.213)[0m + python3 -c 'import torch; print('\''torch.__version__:'\'', torch.__version__); print('\''torch.__file__:'\'', torch.__file__); print('\''torch.version.cuda:'\'', torch.version.cuda); print('\''torch.backends.cuda.is_built():'\'', torch.backends.cuda.is_built())'
2026-03-26 03:09:40,391 - INFO - [36m(head, rank=0, pid=6499)[0m torch.__version__: 2.7.1+cu126
2026-03-26 03:09:41,298 - INFO - [36m(head, rank=0, pid=6499)[0m torch.__file__: /home/ubuntu/sky_workdir/.venv/lib/python3.12/site-packages/torch/__init__.py
2026-03-26 03:09:41,299 - INFO - [36m(head, rank=0, pid=6499)[0m torch.version.cuda: 12.6
2026-03-26 03:09:41,299 - INFO - [36m(head, rank=0, pid=6499)[0m torch.backends.cuda.is_built(): True
2026-03-26 03:09:41,299 - INFO - [36m(worker1, rank=1, pid=6254, ip=172.31.36.213)[0m torch.__version__: 2.7.1+cu126
2026-03-26 03:09:41,299 - INFO - [36m(worker1, rank=1, pid=6254, ip=172.31.36.213)[0m torch.__file__: /home/ubuntu/sky_workdir/.venv/lib/python3.12/site-packages/torch/__init__.py
2026-03-26 03:09:41,299 - INFO - [36m(worker1, rank=1, pid=6254, ip=172.31.36.213)[0m torch.version.cuda: 12.6
2026-03-26 03:09:41,299 - INFO - [36m(worker1, rank=1, pid=6254, ip=172.31.36.213)[0m torch.backends.cuda.is_built(): True
2026-03-26 03:09:41,299 - INFO - [36m(head, rank=0, pid=6499)[0m + echo '--- CUDA check ---'
2026-03-26 03:09:44,222 - INFO - [36m(head, rank=0, pid=6499)[0m --- CUDA check ---
2026-03-26 03:09:44,222 - INFO - [36m(head, rank=0, pid=6499)[0m + python3 -c 'import torch; print('\''torch.cuda.is_available():'\'', torch.cuda.is_available()); print('\''torch.cuda.device_count():'\'', torch.cuda.device_count() if torch.cuda.is_available() else '\''N/A - checking why...'\'')'
2026-03-26 03:09:44,222 - INFO - [36m(worker1, rank=1, pid=6254, ip=172.31.36.213)[0m + echo '--- CUDA check ---'
2026-03-26 03:09:44,222 - INFO - [36m(worker1, rank=1, pid=6254, ip=172.31.36.213)[0m --- CUDA check ---
2026-03-26 03:09:44,222 - INFO - [36m(worker1, rank=1, pid=6254, ip=172.31.36.213)[0m + python3 -c 'import torch; print('\''torch.cuda.is_available():'\'', torch.cuda.is_available()); print('\''torch.cuda.device_count():'\'', torch.cuda.device_count() if torch.cuda.is_available() else '\''N/A - checking why...'\'')'
2026-03-26 03:09:44,222 - INFO - [36m(head, rank=0, pid=6499)[0m torch.cuda.is_available(): True
2026-03-26 03:09:44,927 - INFO - [36m(worker1, rank=1, pid=6254, ip=172.31.36.213)[0m torch.cuda.is_available(): True
2026-03-26 03:09:44,927 - INFO - [36m(head, rank=0, pid=6499)[0m torch.cuda.device_count(): 8
2026-03-26 03:09:44,927 - INFO - [36m(worker1, rank=1, pid=6254, ip=172.31.36.213)[0m torch.cuda.device_count(): 8
2026-03-26 03:09:46,439 - INFO - [36m(head, rank=0, pid=6499)[0m + echo '--- Loading CUDA libs directly ---'
2026-03-26 03:09:47,142 - INFO - [36m(head, rank=0, pid=6499)[0m --- Loading CUDA libs directly ---
2026-03-26 03:09:47,142 - INFO - [36m(head, rank=0, pid=6499)[0m + python3 -c 'import ctypes; libs=['\''libcuda.so.1'\'','\''libcudart.so.12'\'','\''libnvidia-ml.so.1'\'']; [print(l+'\'': OK'\'') if ctypes.CDLL(l) else None for l in libs]'
2026-03-26 03:09:47,143 - INFO - [36m(head, rank=0, pid=6499)[0m libcuda.so.1: OK
2026-03-26 03:09:47,143 - INFO - [36m(head, rank=0, pid=6499)[0m libcudart.so.12: OK
2026-03-26 03:09:47,143 - INFO - [36m(head, rank=0, pid=6499)[0m libnvidia-ml.so.1: OK
2026-03-26 03:09:47,143 - INFO - [36m(head, rank=0, pid=6499)[0m + echo '--- Manual CUDA init attempt ---'
2026-03-26 03:09:47,143 - INFO - [36m(head, rank=0, pid=6499)[0m --- Manual CUDA init attempt ---
2026-03-26 03:09:47,143 - INFO - [36m(head, rank=0, pid=6499)[0m + python3 -c 'import torch; torch.cuda.init(); print('\''torch.cuda.init() OK, device_count:'\'', torch.cuda.device_count())'
2026-03-26 03:09:47,143 - INFO - [36m(worker1, rank=1, pid=6254, ip=172.31.36.213)[0m + echo '--- Loading CUDA libs directly ---'
2026-03-26 03:09:50,065 - INFO - [36m(worker1, rank=1, pid=6254, ip=172.31.36.213)[0m --- Loading CUDA libs directly ---
2026-03-26 03:09:50,065 - INFO - [36m(worker1, rank=1, pid=6254, ip=172.31.36.213)[0m + python3 -c 'import ctypes; libs=['\''libcuda.so.1'\'','\''libcudart.so.12'\'','\''libnvidia-ml.so.1'\'']; [print(l+'\'': OK'\'') if ctypes.CDLL(l) else None for l in libs]'
2026-03-26 03:09:50,065 - INFO - [36m(worker1, rank=1, pid=6254, ip=172.31.36.213)[0m libcuda.so.1: OK
2026-03-26 03:09:50,065 - INFO - [36m(worker1, rank=1, pid=6254, ip=172.31.36.213)[0m libcudart.so.12: OK
2026-03-26 03:09:50,065 - INFO - [36m(worker1, rank=1, pid=6254, ip=172.31.36.213)[0m libnvidia-ml.so.1: OK
2026-03-26 03:09:50,065 - INFO - [36m(worker1, rank=1, pid=6254, ip=172.31.36.213)[0m + echo '--- Manual CUDA init attempt ---'
2026-03-26 03:09:50,065 - INFO - [36m(worker1, rank=1, pid=6254, ip=172.31.36.213)[0m --- Manual CUDA init attempt ---
2026-03-26 03:09:50,065 - INFO - [36m(worker1, rank=1, pid=6254, ip=172.31.36.213)[0m + python3 -c 'import torch; torch.cuda.init(); print('\''torch.cuda.init() OK, device_count:'\'', torch.cuda.device_count())'
2026-03-26 03:09:50,065 - INFO - [36m(head, rank=0, pid=6499)[0m torch.cuda.init() OK, device_count: 8
2026-03-26 03:09:50,771 - INFO - [36m(worker1, rank=1, pid=6254, ip=172.31.36.213)[0m torch.cuda.init() OK, device_count: 8
2026-03-26 03:09:51,679 - INFO - [36m(head, rank=0, pid=6499)[0m + echo '--- Installed torch packages ---'
2026-03-26 03:09:52,385 - INFO - [36m(head, rank=0, pid=6499)[0m --- Installed torch packages ---
2026-03-26 03:09:52,385 - INFO - [36m(head, rank=0, pid=6499)[0m + pip list
2026-03-26 03:09:52,385 - INFO - [36m(head, rank=0, pid=6499)[0m + grep --color=auto -i -E 'torch|nvidia|cuda|triton'
2026-03-26 03:09:52,385 - INFO - [36m(worker1, rank=1, pid=6254, ip=172.31.36.213)[0m + echo '--- Installed torch packages ---'
2026-03-26 03:09:52,485 - INFO - [36m(worker1, rank=1, pid=6254, ip=172.31.36.213)[0m --- Installed torch packages ---
2026-03-26 03:09:52,486 - INFO - [36m(worker1, rank=1, pid=6254, ip=172.31.36.213)[0m + pip list
2026-03-26 03:09:52,486 - INFO - [36m(worker1, rank=1, pid=6254, ip=172.31.36.213)[0m + grep --color=auto -i -E 'torch|nvidia|cuda|triton'
2026-03-26 03:09:52,486 - INFO - [36m(worker1, rank=1, pid=6254, ip=172.31.36.213)[0m cuda-pathfinder                   1.5.0
2026-03-26 03:09:53,190 - INFO - [36m(worker1, rank=1, pid=6254, ip=172.31.36.213)[0m cupy-cuda12x                      14.0.1
2026-03-26 03:09:53,190 - INFO - [36m(worker1, rank=1, pid=6254, ip=172.31.36.213)[0m nvidia-cublas-cu12                12.6.4.1
2026-03-26 03:09:53,190 - INFO - [36m(worker1, rank=1, pid=6254, ip=172.31.36.213)[0m nvidia-cuda-cupti-cu12            12.6.80
2026-03-26 03:09:53,190 - INFO - [36m(worker1, rank=1, pid=6254, ip=172.31.36.213)[0m nvidia-cuda-nvrtc-cu12            12.6.77
2026-03-26 03:09:53,190 - INFO - [36m(worker1, rank=1, pid=6254, ip=172.31.36.213)[0m nvidia-cuda-runtime-cu12          12.6.77
2026-03-26 03:09:53,190 - INFO - [36m(worker1, rank=1, pid=6254, ip=172.31.36.213)[0m nvidia-cudnn-cu12                 9.5.1.17
2026-03-26 03:09:53,190 - INFO - [36m(worker1, rank=1, pid=6254, ip=172.31.36.213)[0m nvidia-cufft-cu12                 11.3.0.4
2026-03-26 03:09:53,190 - INFO - [36m(worker1, rank=1, pid=6254, ip=172.31.36.213)[0m nvidia-cufile-cu12                1.11.1.6
2026-03-26 03:09:53,190 - INFO - [36m(worker1, rank=1, pid=6254, ip=172.31.36.213)[0m nvidia-curand-cu12                10.3.7.77
2026-03-26 03:09:53,190 - INFO - [36m(worker1, rank=1, pid=6254, ip=172.31.36.213)[0m nvidia-cusolver-cu12              11.7.1.2
2026-03-26 03:09:53,190 - INFO - [36m(worker1, rank=1, pid=6254, ip=172.31.36.213)[0m nvidia-cusparse-cu12              12.5.4.2
2026-03-26 03:09:53,190 - INFO - [36m(worker1, rank=1, pid=6254, ip=172.31.36.213)[0m nvidia-cusparselt-cu12            0.6.3
2026-03-26 03:09:53,190 - INFO - [36m(worker1, rank=1, pid=6254, ip=172.31.36.213)[0m nvidia-ml-py                      13.595.45
2026-03-26 03:09:53,190 - INFO - [36m(worker1, rank=1, pid=6254, ip=172.31.36.213)[0m nvidia-nccl-cu12                  2.26.2
2026-03-26 03:09:53,190 - INFO - [36m(worker1, rank=1, pid=6254, ip=172.31.36.213)[0m nvidia-nvjitlink-cu12             12.6.85
2026-03-26 03:09:53,190 - INFO - [36m(worker1, rank=1, pid=6254, ip=172.31.36.213)[0m nvidia-nvtx-cu12                  12.6.77
2026-03-26 03:09:53,190 - INFO - [36m(worker1, rank=1, pid=6254, ip=172.31.36.213)[0m torch                             2.7.1
2026-03-26 03:09:53,190 - INFO - [36m(worker1, rank=1, pid=6254, ip=172.31.36.213)[0m torchaudio                        2.7.1
2026-03-26 03:09:53,190 - INFO - [36m(worker1, rank=1, pid=6254, ip=172.31.36.213)[0m torchvision                       0.22.1
2026-03-26 03:09:53,190 - INFO - [36m(worker1, rank=1, pid=6254, ip=172.31.36.213)[0m triton                            3.3.1
2026-03-26 03:09:53,190 - INFO - [36m(worker1, rank=1, pid=6254, ip=172.31.36.213)[0m + echo =========================================
2026-03-26 03:09:53,190 - INFO - [36m(worker1, rank=1, pid=6254, ip=172.31.36.213)[0m =========================================
2026-03-26 03:09:53,190 - INFO - [36m(worker1, rank=1, pid=6254, ip=172.31.36.213)[0m + export LD_LIBRARY_PATH=/usr/local/cuda/lib64:/usr/local/cuda/targets/x86_64-linux/lib:/usr/local/cuda/lib64:/usr/local/cuda/targets/x86_64-linux/lib:/usr/local/cuda-12.8/lib:/usr/local/cuda-12.8/lib64:/usr/local/cuda-12.8:/usr/local/cuda-12.8/targets/x86_64-linux/lib/:/usr/local/cuda-12.8/extras/CUPTI/lib64:/opt/amazon/efa/lib:/opt/amazon/openmpi/lib:/opt/amazon/ofi-nccl/lib/x86_64-linux-gnu:/usr/local/lib:/usr/lib:/usr/local/cuda-12.8/lib:/usr/local/cuda-12.8/lib64:/usr/local/cuda-12.8:/usr/local/cuda-12.8/targets/x86_64-linux/lib/:/usr/local/cuda-12.8/extras/CUPTI/lib64:/opt/amazon/efa/lib:/opt/amazon/openmpi/lib:/opt/amazon/ofi-nccl/lib/x86_64-linux-gnu:/usr/local/lib:/usr/lib
2026-03-26 03:09:53,190 - INFO - [36m(worker1, rank=1, pid=6254, ip=172.31.36.213)[0m + LD_LIBRARY_PATH=/usr/local/cuda/lib64:/usr/local/cuda/targets/x86_64-linux/lib:/usr/local/cuda/lib64:/usr/local/cuda/targets/x86_64-linux/lib:/usr/local/cuda-12.8/lib:/usr/local/cuda-12.8/lib64:/usr/local/cuda-12.8:/usr/local/cuda-12.8/targets/x86_64-linux/lib/:/usr/local/cuda-12.8/extras/CUPTI/lib64:/opt/amazon/efa/lib:/opt/amazon/openmpi/lib:/opt/amazon/ofi-nccl/lib/x86_64-linux-gnu:/usr/local/lib:/usr/lib:/usr/local/cuda-12.8/lib:/usr/local/cuda-12.8/lib64:/usr/local/cuda-12.8:/usr/local/cuda-12.8/targets/x86_64-linux/lib/:/usr/local/cuda-12.8/extras/CUPTI/lib64:/opt/amazon/efa/lib:/opt/amazon/openmpi/lib:/opt/amazon/ofi-nccl/lib/x86_64-linux-gnu:/usr/local/lib:/usr/lib
2026-03-26 03:09:53,190 - INFO - [36m(worker1, rank=1, pid=6254, ip=172.31.36.213)[0m + export NCCL_P2P_DISABLE=0
2026-03-26 03:09:53,190 - INFO - [36m(worker1, rank=1, pid=6254, ip=172.31.36.213)[0m + NCCL_P2P_DISABLE=0
2026-03-26 03:09:53,190 - INFO - [36m(worker1, rank=1, pid=6254, ip=172.31.36.213)[0m + export NCCL_TIMEOUT=3600
2026-03-26 03:09:53,190 - INFO - [36m(worker1, rank=1, pid=6254, ip=172.31.36.213)[0m + NCCL_TIMEOUT=3600
2026-03-26 03:09:53,190 - INFO - [36m(worker1, rank=1, pid=6254, ip=172.31.36.213)[0m + export TORCH_NCCL_BLOCKING_WAIT=1
2026-03-26 03:09:53,190 - INFO - [36m(worker1, rank=1, pid=6254, ip=172.31.36.213)[0m + TORCH_NCCL_BLOCKING_WAIT=1
2026-03-26 03:09:53,190 - INFO - [36m(worker1, rank=1, pid=6254, ip=172.31.36.213)[0m + export TORCH_NCCL_ASYNC_ERROR_HANDLING=1
2026-03-26 03:09:53,190 - INFO - [36m(worker1, rank=1, pid=6254, ip=172.31.36.213)[0m + TORCH_NCCL_ASYNC_ERROR_HANDLING=1
2026-03-26 03:09:53,190 - INFO - [36m(worker1, rank=1, pid=6254, ip=172.31.36.213)[0m + export TORCH_NCCL_TRACE_BUFFER_SIZE=10000
2026-03-26 03:09:53,190 - INFO - [36m(worker1, rank=1, pid=6254, ip=172.31.36.213)[0m + TORCH_NCCL_TRACE_BUFFER_SIZE=10000
2026-03-26 03:09:53,190 - INFO - [36m(worker1, rank=1, pid=6254, ip=172.31.36.213)[0m + export TORCH_DISTRIBUTED_DEBUG=DETAIL
2026-03-26 03:09:53,190 - INFO - [36m(worker1, rank=1, pid=6254, ip=172.31.36.213)[0m + TORCH_DISTRIBUTED_DEBUG=DETAIL
2026-03-26 03:09:53,190 - INFO - [36m(worker1, rank=1, pid=6254, ip=172.31.36.213)[0m + export NCCL_DEBUG=INFO
2026-03-26 03:09:53,190 - INFO - [36m(worker1, rank=1, pid=6254, ip=172.31.36.213)[0m + NCCL_DEBUG=INFO
2026-03-26 03:09:53,190 - INFO - [36m(worker1, rank=1, pid=6254, ip=172.31.36.213)[0m + export LD_LIBRARY_PATH=/opt/amazon/ofi-nccl/lib:/opt/amazon/efa/lib:/usr/local/cuda/lib64:/usr/local/cuda/targets/x86_64-linux/lib:/usr/local/cuda/lib64:/usr/local/cuda/targets/x86_64-linux/lib:/usr/local/cuda-12.8/lib:/usr/local/cuda-12.8/lib64:/usr/local/cuda-12.8:/usr/local/cuda-12.8/targets/x86_64-linux/lib/:/usr/local/cuda-12.8/extras/CUPTI/lib64:/opt/amazon/efa/lib:/opt/amazon/openmpi/lib:/opt/amazon/ofi-nccl/lib/x86_64-linux-gnu:/usr/local/lib:/usr/lib:/usr/local/cuda-12.8/lib:/usr/local/cuda-12.8/lib64:/usr/local/cuda-12.8:/usr/local/cuda-12.8/targets/x86_64-linux/lib/:/usr/local/cuda-12.8/extras/CUPTI/lib64:/opt/amazon/efa/lib:/opt/amazon/openmpi/lib:/opt/amazon/ofi-nccl/lib/x86_64-linux-gnu:/usr/local/lib:/usr/lib
2026-03-26 03:09:53,190 - INFO - [36m(worker1, rank=1, pid=6254, ip=172.31.36.213)[0m + LD_LIBRARY_PATH=/opt/amazon/ofi-nccl/lib:/opt/amazon/efa/lib:/usr/local/cuda/lib64:/usr/local/cuda/targets/x86_64-linux/lib:/usr/local/cuda/lib64:/usr/local/cuda/targets/x86_64-linux/lib:/usr/local/cuda-12.8/lib:/usr/local/cuda-12.8/lib64:/usr/local/cuda-12.8:/usr/local/cuda-12.8/targets/x86_64-linux/lib/:/usr/local/cuda-12.8/extras/CUPTI/lib64:/opt/amazon/efa/lib:/opt/amazon/openmpi/lib:/opt/amazon/ofi-nccl/lib/x86_64-linux-gnu:/usr/local/lib:/usr/lib:/usr/local/cuda-12.8/lib:/usr/local/cuda-12.8/lib64:/usr/local/cuda-12.8:/usr/local/cuda-12.8/targets/x86_64-linux/lib/:/usr/local/cuda-12.8/extras/CUPTI/lib64:/opt/amazon/efa/lib:/opt/amazon/openmpi/lib:/opt/amazon/ofi-nccl/lib/x86_64-linux-gnu:/usr/local/lib:/usr/lib
2026-03-26 03:09:53,190 - INFO - [36m(worker1, rank=1, pid=6254, ip=172.31.36.213)[0m + export NCCL_NET_PLUGIN=ofi
2026-03-26 03:09:53,190 - INFO - [36m(worker1, rank=1, pid=6254, ip=172.31.36.213)[0m + NCCL_NET_PLUGIN=ofi
2026-03-26 03:09:53,190 - INFO - [36m(worker1, rank=1, pid=6254, ip=172.31.36.213)[0m + export FI_EFA_USE_DEVICE_RDMA=1
2026-03-26 03:09:53,190 - INFO - [36m(worker1, rank=1, pid=6254, ip=172.31.36.213)[0m + FI_EFA_USE_DEVICE_RDMA=1
2026-03-26 03:09:53,190 - INFO - [36m(worker1, rank=1, pid=6254, ip=172.31.36.213)[0m + export FI_PROVIDER=efa
2026-03-26 03:09:53,190 - INFO - [36m(worker1, rank=1, pid=6254, ip=172.31.36.213)[0m + FI_PROVIDER=efa
2026-03-26 03:09:53,190 - INFO - [36m(worker1, rank=1, pid=6254, ip=172.31.36.213)[0m + export NCCL_DEBUG_SUBSYS=NET
2026-03-26 03:09:53,190 - INFO - [36m(worker1, rank=1, pid=6254, ip=172.31.36.213)[0m + NCCL_DEBUG_SUBSYS=NET
2026-03-26 03:09:53,190 - INFO - [36m(worker1, rank=1, pid=6254, ip=172.31.36.213)[0m + export 'RAY_CMD=uv run ray'
2026-03-26 03:09:53,190 - INFO - [36m(worker1, rank=1, pid=6254, ip=172.31.36.213)[0m + RAY_CMD='uv run ray'
2026-03-26 03:09:53,190 - INFO - [36m(worker1, rank=1, pid=6254, ip=172.31.36.213)[0m + export RAY_DASHBOARD_HOST=0.0.0.0
2026-03-26 03:09:53,190 - INFO - [36m(worker1, rank=1, pid=6254, ip=172.31.36.213)[0m + RAY_DASHBOARD_HOST=0.0.0.0
2026-03-26 03:09:53,190 - INFO - [36m(worker1, rank=1, pid=6254, ip=172.31.36.213)[0m + export RAY_HEAD_PORT=6379
2026-03-26 03:09:53,190 - INFO - [36m(worker1, rank=1, pid=6254, ip=172.31.36.213)[0m + RAY_HEAD_PORT=6379
2026-03-26 03:09:53,190 - INFO - [36m(worker1, rank=1, pid=6254, ip=172.31.36.213)[0m + export RAY_DASHBOARD_PORT=8265
2026-03-26 03:09:53,190 - INFO - [36m(worker1, rank=1, pid=6254, ip=172.31.36.213)[0m + RAY_DASHBOARD_PORT=8265
2026-03-26 03:09:53,190 - INFO - [36m(worker1, rank=1, pid=6254, ip=172.31.36.213)[0m + export RAY_CGRAPH_get_timeout=1800
2026-03-26 03:09:53,190 - INFO - [36m(worker1, rank=1, pid=6254, ip=172.31.36.213)[0m + RAY_CGRAPH_get_timeout=1800
2026-03-26 03:09:53,190 - INFO - [36m(worker1, rank=1, pid=6254, ip=172.31.36.213)[0m + export RAY_CGRAPH_submit_timeout=180
2026-03-26 03:09:53,190 - INFO - [36m(worker1, rank=1, pid=6254, ip=172.31.36.213)[0m + RAY_CGRAPH_submit_timeout=180
2026-03-26 03:09:53,190 - INFO - [36m(worker1, rank=1, pid=6254, ip=172.31.36.213)[0m + /home/ubuntu/sky_templates/ray/start_cluster
2026-03-26 03:09:54,396 - INFO - [36m(worker1, rank=1, pid=6254, ip=172.31.36.213)[0m [0;32mStarting Ray cluster...[0m
2026-03-26 03:09:54,396 - INFO - [36m(head, rank=0, pid=6499)[0m cuda-pathfinder                   1.5.0
2026-03-26 03:09:54,396 - INFO - [36m(head, rank=0, pid=6499)[0m cupy-cuda12x                      14.0.1
2026-03-26 03:09:54,396 - INFO - [36m(head, rank=0, pid=6499)[0m nvidia-cublas-cu12                12.6.4.1
2026-03-26 03:09:54,396 - INFO - [36m(head, rank=0, pid=6499)[0m nvidia-cuda-cupti-cu12            12.6.80
2026-03-26 03:09:54,396 - INFO - [36m(head, rank=0, pid=6499)[0m nvidia-cuda-nvrtc-cu12            12.6.77
2026-03-26 03:09:54,396 - INFO - [36m(head, rank=0, pid=6499)[0m nvidia-cuda-runtime-cu12          12.6.77
2026-03-26 03:09:54,396 - INFO - [36m(head, rank=0, pid=6499)[0m nvidia-cudnn-cu12                 9.5.1.17
2026-03-26 03:09:54,396 - INFO - [36m(head, rank=0, pid=6499)[0m nvidia-cufft-cu12                 11.3.0.4
2026-03-26 03:09:54,396 - INFO - [36m(head, rank=0, pid=6499)[0m nvidia-cufile-cu12                1.11.1.6
2026-03-26 03:09:54,396 - INFO - [36m(head, rank=0, pid=6499)[0m nvidia-curand-cu12                10.3.7.77
2026-03-26 03:09:54,397 - INFO - [36m(head, rank=0, pid=6499)[0m nvidia-cusolver-cu12              11.7.1.2
2026-03-26 03:09:54,397 - INFO - [36m(head, rank=0, pid=6499)[0m nvidia-cusparse-cu12              12.5.4.2
2026-03-26 03:09:54,397 - INFO - [36m(head, rank=0, pid=6499)[0m nvidia-cusparselt-cu12            0.6.3
2026-03-26 03:09:54,397 - INFO - [36m(head, rank=0, pid=6499)[0m nvidia-ml-py                      13.595.45
2026-03-26 03:09:54,397 - INFO - [36m(head, rank=0, pid=6499)[0m nvidia-nccl-cu12                  2.26.2
2026-03-26 03:09:54,397 - INFO - [36m(head, rank=0, pid=6499)[0m nvidia-nvjitlink-cu12             12.6.85
2026-03-26 03:09:54,397 - INFO - [36m(head, rank=0, pid=6499)[0m nvidia-nvtx-cu12                  12.6.77
2026-03-26 03:09:54,397 - INFO - [36m(head, rank=0, pid=6499)[0m torch                             2.7.1
2026-03-26 03:09:54,397 - INFO - [36m(head, rank=0, pid=6499)[0m torchaudio                        2.7.1
2026-03-26 03:09:54,397 - INFO - [36m(head, rank=0, pid=6499)[0m torchvision                       0.22.1
2026-03-26 03:09:54,397 - INFO - [36m(head, rank=0, pid=6499)[0m triton                            3.3.1
2026-03-26 03:09:54,397 - INFO - [36m(head, rank=0, pid=6499)[0m + echo =========================================
2026-03-26 03:09:54,397 - INFO - [36m(head, rank=0, pid=6499)[0m =========================================
2026-03-26 03:09:54,397 - INFO - [36m(head, rank=0, pid=6499)[0m + export LD_LIBRARY_PATH=/usr/local/cuda/lib64:/usr/local/cuda/targets/x86_64-linux/lib:/usr/local/cuda/lib64:/usr/local/cuda/targets/x86_64-linux/lib:/usr/local/cuda-12.8/lib:/usr/local/cuda-12.8/lib64:/usr/local/cuda-12.8:/usr/local/cuda-12.8/targets/x86_64-linux/lib/:/usr/local/cuda-12.8/extras/CUPTI/lib64:/opt/amazon/efa/lib:/opt/amazon/openmpi/lib:/opt/amazon/ofi-nccl/lib/x86_64-linux-gnu:/usr/local/lib:/usr/lib:/usr/local/cuda-12.8/lib:/usr/local/cuda-12.8/lib64:/usr/local/cuda-12.8:/usr/local/cuda-12.8/targets/x86_64-linux/lib/:/usr/local/cuda-12.8/extras/CUPTI/lib64:/opt/amazon/efa/lib:/opt/amazon/openmpi/lib:/opt/amazon/ofi-nccl/lib/x86_64-linux-gnu:/usr/local/lib:/usr/lib
2026-03-26 03:09:54,397 - INFO - [36m(head, rank=0, pid=6499)[0m + LD_LIBRARY_PATH=/usr/local/cuda/lib64:/usr/local/cuda/targets/x86_64-linux/lib:/usr/local/cuda/lib64:/usr/local/cuda/targets/x86_64-linux/lib:/usr/local/cuda-12.8/lib:/usr/local/cuda-12.8/lib64:/usr/local/cuda-12.8:/usr/local/cuda-12.8/targets/x86_64-linux/lib/:/usr/local/cuda-12.8/extras/CUPTI/lib64:/opt/amazon/efa/lib:/opt/amazon/openmpi/lib:/opt/amazon/ofi-nccl/lib/x86_64-linux-gnu:/usr/local/lib:/usr/lib:/usr/local/cuda-12.8/lib:/usr/local/cuda-12.8/lib64:/usr/local/cuda-12.8:/usr/local/cuda-12.8/targets/x86_64-linux/lib/:/usr/local/cuda-12.8/extras/CUPTI/lib64:/opt/amazon/efa/lib:/opt/amazon/openmpi/lib:/opt/amazon/ofi-nccl/lib/x86_64-linux-gnu:/usr/local/lib:/usr/lib
2026-03-26 03:09:54,397 - INFO - [36m(head, rank=0, pid=6499)[0m + export NCCL_P2P_DISABLE=0
2026-03-26 03:09:54,397 - INFO - [36m(head, rank=0, pid=6499)[0m + NCCL_P2P_DISABLE=0
2026-03-26 03:09:54,397 - INFO - [36m(head, rank=0, pid=6499)[0m + export NCCL_TIMEOUT=3600
2026-03-26 03:09:54,397 - INFO - [36m(head, rank=0, pid=6499)[0m + NCCL_TIMEOUT=3600
2026-03-26 03:09:54,397 - INFO - [36m(head, rank=0, pid=6499)[0m + export TORCH_NCCL_BLOCKING_WAIT=1
2026-03-26 03:09:54,397 - INFO - [36m(head, rank=0, pid=6499)[0m + TORCH_NCCL_BLOCKING_WAIT=1
2026-03-26 03:09:54,397 - INFO - [36m(head, rank=0, pid=6499)[0m + export TORCH_NCCL_ASYNC_ERROR_HANDLING=1
2026-03-26 03:09:54,397 - INFO - [36m(head, rank=0, pid=6499)[0m + TORCH_NCCL_ASYNC_ERROR_HANDLING=1
2026-03-26 03:09:54,397 - INFO - [36m(head, rank=0, pid=6499)[0m + export TORCH_NCCL_TRACE_BUFFER_SIZE=10000
2026-03-26 03:09:54,397 - INFO - [36m(head, rank=0, pid=6499)[0m + TORCH_NCCL_TRACE_BUFFER_SIZE=10000
2026-03-26 03:09:54,397 - INFO - [36m(head, rank=0, pid=6499)[0m + export TORCH_DISTRIBUTED_DEBUG=DETAIL
2026-03-26 03:09:54,397 - INFO - [36m(head, rank=0, pid=6499)[0m + TORCH_DISTRIBUTED_DEBUG=DETAIL
2026-03-26 03:09:54,397 - INFO - [36m(head, rank=0, pid=6499)[0m + export NCCL_DEBUG=INFO
2026-03-26 03:09:54,397 - INFO - [36m(head, rank=0, pid=6499)[0m + NCCL_DEBUG=INFO
2026-03-26 03:09:54,397 - INFO - [36m(head, rank=0, pid=6499)[0m + export LD_LIBRARY_PATH=/opt/amazon/ofi-nccl/lib:/opt/amazon/efa/lib:/usr/local/cuda/lib64:/usr/local/cuda/targets/x86_64-linux/lib:/usr/local/cuda/lib64:/usr/local/cuda/targets/x86_64-linux/lib:/usr/local/cuda-12.8/lib:/usr/local/cuda-12.8/lib64:/usr/local/cuda-12.8:/usr/local/cuda-12.8/targets/x86_64-linux/lib/:/usr/local/cuda-12.8/extras/CUPTI/lib64:/opt/amazon/efa/lib:/opt/amazon/openmpi/lib:/opt/amazon/ofi-nccl/lib/x86_64-linux-gnu:/usr/local/lib:/usr/lib:/usr/local/cuda-12.8/lib:/usr/local/cuda-12.8/lib64:/usr/local/cuda-12.8:/usr/local/cuda-12.8/targets/x86_64-linux/lib/:/usr/local/cuda-12.8/extras/CUPTI/lib64:/opt/amazon/efa/lib:/opt/amazon/openmpi/lib:/opt/amazon/ofi-nccl/lib/x86_64-linux-gnu:/usr/local/lib:/usr/lib
2026-03-26 03:09:54,397 - INFO - [36m(head, rank=0, pid=6499)[0m + LD_LIBRARY_PATH=/opt/amazon/ofi-nccl/lib:/opt/amazon/efa/lib:/usr/local/cuda/lib64:/usr/local/cuda/targets/x86_64-linux/lib:/usr/local/cuda/lib64:/usr/local/cuda/targets/x86_64-linux/lib:/usr/local/cuda-12.8/lib:/usr/local/cuda-12.8/lib64:/usr/local/cuda-12.8:/usr/local/cuda-12.8/targets/x86_64-linux/lib/:/usr/local/cuda-12.8/extras/CUPTI/lib64:/opt/amazon/efa/lib:/opt/amazon/openmpi/lib:/opt/amazon/ofi-nccl/lib/x86_64-linux-gnu:/usr/local/lib:/usr/lib:/usr/local/cuda-12.8/lib:/usr/local/cuda-12.8/lib64:/usr/local/cuda-12.8:/usr/local/cuda-12.8/targets/x86_64-linux/lib/:/usr/local/cuda-12.8/extras/CUPTI/lib64:/opt/amazon/efa/lib:/opt/amazon/openmpi/lib:/opt/amazon/ofi-nccl/lib/x86_64-linux-gnu:/usr/local/lib:/usr/lib
2026-03-26 03:09:54,397 - INFO - [36m(head, rank=0, pid=6499)[0m + export NCCL_NET_PLUGIN=ofi
2026-03-26 03:09:54,397 - INFO - [36m(head, rank=0, pid=6499)[0m + NCCL_NET_PLUGIN=ofi
2026-03-26 03:09:54,397 - INFO - [36m(head, rank=0, pid=6499)[0m + export FI_EFA_USE_DEVICE_RDMA=1
2026-03-26 03:09:54,397 - INFO - [36m(head, rank=0, pid=6499)[0m + FI_EFA_USE_DEVICE_RDMA=1
2026-03-26 03:09:54,397 - INFO - [36m(head, rank=0, pid=6499)[0m + export FI_PROVIDER=efa
2026-03-26 03:09:54,397 - INFO - [36m(head, rank=0, pid=6499)[0m + FI_PROVIDER=efa
2026-03-26 03:09:54,397 - INFO - [36m(head, rank=0, pid=6499)[0m + export NCCL_DEBUG_SUBSYS=NET
2026-03-26 03:09:54,397 - INFO - [36m(head, rank=0, pid=6499)[0m + NCCL_DEBUG_SUBSYS=NET
2026-03-26 03:09:54,397 - INFO - [36m(head, rank=0, pid=6499)[0m + export 'RAY_CMD=uv run ray'
2026-03-26 03:09:54,397 - INFO - [36m(head, rank=0, pid=6499)[0m + RAY_CMD='uv run ray'
2026-03-26 03:09:54,397 - INFO - [36m(head, rank=0, pid=6499)[0m + export RAY_DASHBOARD_HOST=0.0.0.0
2026-03-26 03:09:54,397 - INFO - [36m(head, rank=0, pid=6499)[0m + RAY_DASHBOARD_HOST=0.0.0.0
2026-03-26 03:09:54,397 - INFO - [36m(head, rank=0, pid=6499)[0m + export RAY_HEAD_PORT=6379
2026-03-26 03:09:54,397 - INFO - [36m(head, rank=0, pid=6499)[0m + RAY_HEAD_PORT=6379
2026-03-26 03:09:54,397 - INFO - [36m(head, rank=0, pid=6499)[0m + export RAY_DASHBOARD_PORT=8265
2026-03-26 03:09:54,397 - INFO - [36m(head, rank=0, pid=6499)[0m + RAY_DASHBOARD_PORT=8265
2026-03-26 03:09:54,397 - INFO - [36m(head, rank=0, pid=6499)[0m + export RAY_CGRAPH_get_timeout=1800
2026-03-26 03:09:54,397 - INFO - [36m(head, rank=0, pid=6499)[0m + RAY_CGRAPH_get_timeout=1800
2026-03-26 03:09:54,397 - INFO - [36m(head, rank=0, pid=6499)[0m + export RAY_CGRAPH_submit_timeout=180
2026-03-26 03:09:54,397 - INFO - [36m(head, rank=0, pid=6499)[0m + RAY_CGRAPH_submit_timeout=180
2026-03-26 03:09:54,397 - INFO - [36m(head, rank=0, pid=6499)[0m + /home/ubuntu/sky_templates/ray/start_cluster
2026-03-26 03:09:54,397 - INFO - [36m(head, rank=0, pid=6499)[0m [0;32mStarting Ray cluster...[0m
2026-03-26 03:09:54,397 - INFO - [36m(head, rank=0, pid=6499)[0m Resolved 59 packages in 138ms
2026-03-26 03:09:55,199 - INFO - [36m(head, rank=0, pid=6499)[0m Downloading grpcio (6.4MiB)
2026-03-26 03:09:55,199 - INFO - [36m(head, rank=0, pid=6499)[0m Downloading cryptography (4.3MiB)
2026-03-26 03:09:55,199 - INFO - [36m(worker1, rank=1, pid=6254, ip=172.31.36.213)[0m Resolved 59 packages in 144ms
2026-03-26 03:09:55,199 - INFO - [36m(worker1, rank=1, pid=6254, ip=172.31.36.213)[0m Downloading cryptography (4.3MiB)
2026-03-26 03:09:55,199 - INFO - [36m(worker1, rank=1, pid=6254, ip=172.31.36.213)[0m Downloading grpcio (6.4MiB)
2026-03-26 03:09:55,199 - INFO - [36m(worker1, rank=1, pid=6254, ip=172.31.36.213)[0m  Downloaded grpcio
2026-03-26 03:09:58,622 - INFO - [36m(worker1, rank=1, pid=6254, ip=172.31.36.213)[0m  Downloaded cryptography
2026-03-26 03:09:58,622 - INFO - [36m(head, rank=0, pid=6499)[0m  Downloaded grpcio
2026-03-26 03:09:58,622 - INFO - [36m(head, rank=0, pid=6499)[0m  Downloaded cryptography
2026-03-26 03:09:58,622 - INFO - [36m(head, rank=0, pid=6499)[0m Prepared 14 packages in 229ms
2026-03-26 03:09:58,622 - INFO - [36m(head, rank=0, pid=6499)[0m Uninstalled 2 packages in 1ms
2026-03-26 03:09:58,622 - INFO - [36m(head, rank=0, pid=6499)[0m Installed 28 packages in 24ms
2026-03-26 03:09:58,622 - INFO - [36m(head, rank=0, pid=6499)[0m  + aiohttp-cors==0.8.1
2026-03-26 03:09:58,622 - INFO - [36m(head, rank=0, pid=6499)[0m  - click==8.3.1
2026-03-26 03:09:58,622 - INFO - [36m(head, rank=0, pid=6499)[0m  + click==8.2.1
2026-03-26 03:09:58,622 - INFO - [36m(head, rank=0, pid=6499)[0m  + colorful==0.5.8
2026-03-26 03:09:58,622 - INFO - [36m(head, rank=0, pid=6499)[0m  + cryptography==46.0.5
2026-03-26 03:09:58,622 - INFO - [36m(head, rank=0, pid=6499)[0m  + distlib==0.4.0
2026-03-26 03:09:58,622 - INFO - [36m(head, rank=0, pid=6499)[0m  + google-api-core==2.30.0
2026-03-26 03:09:58,622 - INFO - [36m(head, rank=0, pid=6499)[0m  + google-auth==2.49.1
2026-03-26 03:09:58,622 - INFO - [36m(head, rank=0, pid=6499)[0m  + googleapis-common-protos==1.73.0
2026-03-26 03:09:58,622 - INFO - [36m(head, rank=0, pid=6499)[0m  + grpcio==1.78.0
2026-03-26 03:09:58,622 - INFO - [36m(head, rank=0, pid=6499)[0m  + importlib-metadata==8.7.1
2026-03-26 03:09:58,622 - INFO - [36m(head, rank=0, pid=6499)[0m  + opencensus==0.11.4
2026-03-26 03:09:58,622 - INFO - [36m(head, rank=0, pid=6499)[0m  + opencensus-context==0.1.3
2026-03-26 03:09:58,622 - INFO - [36m(head, rank=0, pid=6499)[0m  + opentelemetry-api==1.40.0
2026-03-26 03:09:58,622 - INFO - [36m(head, rank=0, pid=6499)[0m  + opentelemetry-exporter-prometheus==0.61b0
2026-03-26 03:09:58,622 - INFO - [36m(head, rank=0, pid=6499)[0m  + opentelemetry-proto==1.40.0
2026-03-26 03:09:58,622 - INFO - [36m(head, rank=0, pid=6499)[0m  + opentelemetry-sdk==1.40.0
2026-03-26 03:09:58,622 - INFO - [36m(head, rank=0, pid=6499)[0m  + opentelemetry-semantic-conventions==0.61b0
2026-03-26 03:09:58,622 - INFO - [36m(head, rank=0, pid=6499)[0m  + platformdirs==4.9.4
2026-03-26 03:09:58,622 - INFO - [36m(head, rank=0, pid=6499)[0m  + proto-plus==1.27.1
2026-03-26 03:09:58,622 - INFO - [36m(head, rank=0, pid=6499)[0m  - protobuf==7.34.1
2026-03-26 03:09:58,622 - INFO - [36m(head, rank=0, pid=6499)[0m  + protobuf==6.33.6
2026-03-26 03:09:58,622 - INFO - [36m(head, rank=0, pid=6499)[0m  + py-spy==0.4.1
2026-03-26 03:09:58,622 - INFO - [36m(head, rank=0, pid=6499)[0m  + pyasn1==0.6.3
2026-03-26 03:09:58,622 - INFO - [36m(head, rank=0, pid=6499)[0m  + pyasn1-modules==0.4.2
2026-03-26 03:09:58,622 - INFO - [36m(head, rank=0, pid=6499)[0m  + python-discovery==1.2.0
2026-03-26 03:09:58,622 - INFO - [36m(head, rank=0, pid=6499)[0m  + smart-open==7.5.1
2026-03-26 03:09:58,622 - INFO - [36m(head, rank=0, pid=6499)[0m  + virtualenv==21.2.0
2026-03-26 03:09:58,622 - INFO - [36m(head, rank=0, pid=6499)[0m  + wrapt==2.1.2
2026-03-26 03:09:58,622 - INFO - [36m(head, rank=0, pid=6499)[0m  + zipp==3.23.0
2026-03-26 03:09:58,622 - INFO - [36m(worker1, rank=1, pid=6254, ip=172.31.36.213)[0m Prepared 14 packages in 171ms
2026-03-26 03:09:58,622 - INFO - [36m(worker1, rank=1, pid=6254, ip=172.31.36.213)[0m Uninstalled 2 packages in 1ms
2026-03-26 03:09:58,622 - INFO - [36m(worker1, rank=1, pid=6254, ip=172.31.36.213)[0m Installed 28 packages in 96ms
2026-03-26 03:09:58,622 - INFO - [36m(worker1, rank=1, pid=6254, ip=172.31.36.213)[0m  + aiohttp-cors==0.8.1
2026-03-26 03:09:58,622 - INFO - [36m(worker1, rank=1, pid=6254, ip=172.31.36.213)[0m  - click==8.3.1
2026-03-26 03:09:58,622 - INFO - [36m(worker1, rank=1, pid=6254, ip=172.31.36.213)[0m  + click==8.2.1
2026-03-26 03:09:58,622 - INFO - [36m(worker1, rank=1, pid=6254, ip=172.31.36.213)[0m  + colorful==0.5.8
2026-03-26 03:09:58,622 - INFO - [36m(worker1, rank=1, pid=6254, ip=172.31.36.213)[0m  + cryptography==46.0.5
2026-03-26 03:09:58,622 - INFO - [36m(worker1, rank=1, pid=6254, ip=172.31.36.213)[0m  + distlib==0.4.0
2026-03-26 03:09:58,622 - INFO - [36m(worker1, rank=1, pid=6254, ip=172.31.36.213)[0m  + google-api-core==2.30.0
2026-03-26 03:09:58,622 - INFO - [36m(worker1, rank=1, pid=6254, ip=172.31.36.213)[0m  + google-auth==2.49.1
2026-03-26 03:09:58,622 - INFO - [36m(worker1, rank=1, pid=6254, ip=172.31.36.213)[0m  + googleapis-common-protos==1.73.0
2026-03-26 03:09:58,622 - INFO - [36m(worker1, rank=1, pid=6254, ip=172.31.36.213)[0m  + grpcio==1.78.0
2026-03-26 03:09:58,623 - INFO - [36m(worker1, rank=1, pid=6254, ip=172.31.36.213)[0m  + importlib-metadata==8.7.1
2026-03-26 03:09:58,623 - INFO - [36m(worker1, rank=1, pid=6254, ip=172.31.36.213)[0m  + opencensus==0.11.4
2026-03-26 03:09:58,623 - INFO - [36m(worker1, rank=1, pid=6254, ip=172.31.36.213)[0m  + opencensus-context==0.1.3
2026-03-26 03:09:58,623 - INFO - [36m(worker1, rank=1, pid=6254, ip=172.31.36.213)[0m  + opentelemetry-api==1.40.0
2026-03-26 03:09:58,623 - INFO - [36m(worker1, rank=1, pid=6254, ip=172.31.36.213)[0m  + opentelemetry-exporter-prometheus==0.61b0
2026-03-26 03:09:58,623 - INFO - [36m(worker1, rank=1, pid=6254, ip=172.31.36.213)[0m  + opentelemetry-proto==1.40.0
2026-03-26 03:09:58,623 - INFO - [36m(worker1, rank=1, pid=6254, ip=172.31.36.213)[0m  + opentelemetry-sdk==1.40.0
2026-03-26 03:09:58,623 - INFO - [36m(worker1, rank=1, pid=6254, ip=172.31.36.213)[0m  + opentelemetry-semantic-conventions==0.61b0
2026-03-26 03:09:58,623 - INFO - [36m(worker1, rank=1, pid=6254, ip=172.31.36.213)[0m  + platformdirs==4.9.4
2026-03-26 03:09:58,623 - INFO - [36m(worker1, rank=1, pid=6254, ip=172.31.36.213)[0m  + proto-plus==1.27.1
2026-03-26 03:09:58,623 - INFO - [36m(worker1, rank=1, pid=6254, ip=172.31.36.213)[0m  - protobuf==7.34.1
2026-03-26 03:09:58,623 - INFO - [36m(worker1, rank=1, pid=6254, ip=172.31.36.213)[0m  + protobuf==6.33.6
2026-03-26 03:09:58,623 - INFO - [36m(worker1, rank=1, pid=6254, ip=172.31.36.213)[0m  + py-spy==0.4.1
2026-03-26 03:09:58,623 - INFO - [36m(worker1, rank=1, pid=6254, ip=172.31.36.213)[0m  + pyasn1==0.6.3
2026-03-26 03:09:58,623 - INFO - [36m(worker1, rank=1, pid=6254, ip=172.31.36.213)[0m  + pyasn1-modules==0.4.2
2026-03-26 03:09:58,623 - INFO - [36m(worker1, rank=1, pid=6254, ip=172.31.36.213)[0m  + python-discovery==1.2.0
2026-03-26 03:09:58,623 - INFO - [36m(worker1, rank=1, pid=6254, ip=172.31.36.213)[0m  + smart-open==7.5.1
2026-03-26 03:09:58,623 - INFO - [36m(worker1, rank=1, pid=6254, ip=172.31.36.213)[0m  + virtualenv==21.2.0
2026-03-26 03:09:58,623 - INFO - [36m(worker1, rank=1, pid=6254, ip=172.31.36.213)[0m  + wrapt==2.1.2
2026-03-26 03:09:58,623 - INFO - [36m(worker1, rank=1, pid=6254, ip=172.31.36.213)[0m  + zipp==3.23.0
2026-03-26 03:09:58,623 - INFO - [36m(worker1, rank=1, pid=6254, ip=172.31.36.213)[0m [0;32mRay 2.54.0 is installed.[0m
2026-03-26 03:09:59,328 - INFO - [36m(head, rank=0, pid=6499)[0m [0;32mRay 2.54.0 is installed.[0m
2026-03-26 03:10:35,050 - INFO - [36m(worker1, rank=1, pid=6254, ip=172.31.36.213)[0m [0;32mStarting Ray worker node...[0m
2026-03-26 03:10:36,258 - INFO - [36m(worker1, rank=1, pid=6254, ip=172.31.36.213)[0m Waiting for head node at 172.31.38.238:6379...
2026-03-26 03:10:36,258 - INFO - [36m(head, rank=0, pid=6499)[0m [0;32mStarting Ray head node...[0m
2026-03-26 03:10:36,258 - INFO - [36m(head, rank=0, pid=6499)[0m 2026-03-25 21:40:35,932	INFO usage_lib.py:447 -- Usage stats collection is disabled.
2026-03-26 03:10:37,668 - INFO - [36m(head, rank=0, pid=6499)[0m 2026-03-25 21:40:35,932	INFO scripts.py:936 -- [37mLocal node IP[39m: [1m172.31.38.238[22m
2026-03-26 03:10:37,668 - INFO - [36m(worker1, rank=1, pid=6254, ip=172.31.36.213)[0m Head node not healthy yet. Retrying in 1s...
2026-03-26 03:10:40,074 - INFO - [36m(worker1, rank=1, pid=6254, ip=172.31.36.213)[0m [0;32mHead node is healthy. Starting worker node...[0m
2026-03-26 03:10:41,280 - INFO - [36m(worker1, rank=1, pid=6254, ip=172.31.36.213)[0m 2026-03-25 21:40:40,914	INFO scripts.py:1124 -- [37mLocal node IP[39m: [1m172.31.36.213[22m
2026-03-26 03:10:47,515 - INFO - [36m(head, rank=0, pid=6499)[0m 2026-03-25 21:40:47,331	SUCC scripts.py:975 -- [32m--------------------[39m
2026-03-26 03:10:49,322 - INFO - [36m(head, rank=0, pid=6499)[0m 2026-03-25 21:40:47,331	SUCC scripts.py:976 -- [32mRay runtime started.[39m
2026-03-26 03:10:49,323 - INFO - [36m(head, rank=0, pid=6499)[0m 2026-03-25 21:40:47,331	SUCC scripts.py:977 -- [32m--------------------[39m
2026-03-26 03:10:49,323 - INFO - [36m(head, rank=0, pid=6499)[0m 2026-03-25 21:40:47,331	INFO scripts.py:979 -- [36mNext steps[39m
2026-03-26 03:10:49,323 - INFO - [36m(head, rank=0, pid=6499)[0m 2026-03-25 21:40:47,331	INFO scripts.py:982 -- To add another node to this Ray cluster, run
2026-03-26 03:10:49,323 - INFO - [36m(head, rank=0, pid=6499)[0m 2026-03-25 21:40:47,331	INFO scripts.py:985 -- [1m  ray start --address='172.31.38.238:6379'[22m
2026-03-26 03:10:49,323 - INFO - [36m(head, rank=0, pid=6499)[0m 2026-03-25 21:40:47,331	INFO scripts.py:996 -- To connect to this Ray cluster:
2026-03-26 03:10:49,323 - INFO - [36m(head, rank=0, pid=6499)[0m 2026-03-25 21:40:47,331	INFO scripts.py:998 -- [35mimport[39m[26m ray
2026-03-26 03:10:49,323 - INFO - [36m(head, rank=0, pid=6499)[0m 2026-03-25 21:40:47,331	INFO scripts.py:999 -- ray[35m.[39m[26minit()
2026-03-26 03:10:49,323 - INFO - [36m(head, rank=0, pid=6499)[0m 2026-03-25 21:40:47,331	INFO scripts.py:1013 -- To submit a Ray job using the Ray Jobs CLI:
2026-03-26 03:10:49,323 - INFO - [36m(head, rank=0, pid=6499)[0m 2026-03-25 21:40:47,331	INFO scripts.py:1014 -- [1m  RAY_API_SERVER_ADDRESS='http://172.31.38.238:8265' ray job submit --working-dir . -- python my_script.py[22m
2026-03-26 03:10:49,323 - INFO - [36m(head, rank=0, pid=6499)[0m 2026-03-25 21:40:47,332	INFO scripts.py:1023 -- See https://docs.ray.io/en/latest/cluster/running-applications/job-submission/index.html
2026-03-26 03:10:49,323 - INFO - [36m(head, rank=0, pid=6499)[0m 2026-03-25 21:40:47,332	INFO scripts.py:1027 -- for more information on submitting Ray jobs to the Ray cluster.
2026-03-26 03:10:49,323 - INFO - [36m(head, rank=0, pid=6499)[0m 2026-03-25 21:40:47,332	INFO scripts.py:1032 -- To terminate the Ray runtime, run
2026-03-26 03:10:49,323 - INFO - [36m(head, rank=0, pid=6499)[0m 2026-03-25 21:40:47,332	INFO scripts.py:1033 -- [1m  ray stop[22m
2026-03-26 03:10:49,323 - INFO - [36m(head, rank=0, pid=6499)[0m 2026-03-25 21:40:47,332	INFO scripts.py:1036 -- To view the status of the cluster, use
2026-03-26 03:10:49,323 - INFO - [36m(head, rank=0, pid=6499)[0m 2026-03-25 21:40:47,332	INFO scripts.py:1037 --   [1mray status[22m[26m
2026-03-26 03:10:49,323 - INFO - [36m(head, rank=0, pid=6499)[0m 2026-03-25 21:40:47,332	INFO scripts.py:1041 -- To monitor and debug Ray, view the dashboard at
2026-03-26 03:10:49,323 - INFO - [36m(head, rank=0, pid=6499)[0m 2026-03-25 21:40:47,332	INFO scripts.py:1042 --   [1m172.31.38.238:8265[22m[26m
2026-03-26 03:10:49,323 - INFO - [36m(head, rank=0, pid=6499)[0m 2026-03-25 21:40:47,332	INFO scripts.py:1049 -- [4mIf connection to the dashboard fails, check your firewall settings and network configuration.[24m
2026-03-26 03:10:49,323 - INFO - [36m(head, rank=0, pid=6499)[0m [0;32mHead node started successfully.[0m
2026-03-26 03:10:50,229 - INFO - [36m(head, rank=0, pid=6499)[0m Waiting for all 2 nodes to join...
2026-03-26 03:10:50,229 - INFO - [36m(worker1, rank=1, pid=6254, ip=172.31.36.213)[0m 2026-03-25 21:40:49,244	SUCC scripts.py:1140 -- [32m--------------------[39m
2026-03-26 03:10:50,730 - INFO - [36m(worker1, rank=1, pid=6254, ip=172.31.36.213)[0m 2026-03-25 21:40:49,245	SUCC scripts.py:1141 -- [32mRay runtime started.[39m
2026-03-26 03:10:50,730 - INFO - [36m(worker1, rank=1, pid=6254, ip=172.31.36.213)[0m 2026-03-25 21:40:49,245	SUCC scripts.py:1142 -- [32m--------------------[39m
2026-03-26 03:10:50,730 - INFO - [36m(worker1, rank=1, pid=6254, ip=172.31.36.213)[0m 2026-03-25 21:40:49,245	INFO scripts.py:1144 -- To terminate the Ray runtime, run
2026-03-26 03:10:50,730 - INFO - [36m(worker1, rank=1, pid=6254, ip=172.31.36.213)[0m 2026-03-25 21:40:49,245	INFO scripts.py:1145 -- [1m  ray stop[22m
2026-03-26 03:10:50,730 - INFO - [36m(worker1, rank=1, pid=6254, ip=172.31.36.213)[0m [0;32mWorker node started successfully.[0m
2026-03-26 03:10:50,730 - INFO - [36m(head, rank=0, pid=6499)[0m [0;32mAll 2 nodes have joined.[0m
2026-03-26 03:10:54,758 - INFO - [36m(worker1, rank=1, pid=6254, ip=172.31.36.213)[0m + '[' 1 = 0 ']'
2026-03-26 03:10:55,463 - INFO - [36m(worker1, rank=1, pid=6254, ip=172.31.36.213)[0m + echo 'Cluster ready for benchmarking'
2026-03-26 03:10:55,463 - INFO - [36m(worker1, rank=1, pid=6254, ip=172.31.36.213)[0m Cluster ready for benchmarking
2026-03-26 03:10:55,463 - INFO - [36m(worker1, rank=1, pid=6254, ip=172.31.36.213)[0m ++ findmnt -t fuse.rclone --noheading
2026-03-26 03:10:55,463 - INFO - [36m(worker1, rank=1, pid=6254, ip=172.31.36.213)[0m ++ wc -l
2026-03-26 03:10:55,463 - INFO - [36m(worker1, rank=1, pid=6254, ip=172.31.36.213)[0m + '[' 0 -gt 0 ']'
2026-03-26 03:10:56,269 - INFO - [36m(head, rank=0, pid=6499)[0m + '[' 0 = 0 ']'
2026-03-26 03:10:56,973 - INFO - [36m(head, rank=0, pid=6499)[0m + echo 'Ray cluster started on head node'
2026-03-26 03:10:56,974 - INFO - [36m(head, rank=0, pid=6499)[0m Ray cluster started on head node
2026-03-26 03:10:56,974 - INFO - [36m(head, rank=0, pid=6499)[0m + ray status --address=127.0.0.1:6379
2026-03-26 03:10:56,974 - INFO - [36m(head, rank=0, pid=6499)[0m ======== Autoscaler status: 2026-03-25 21:40:52.662503 ========
2026-03-26 03:10:57,676 - INFO - [36m(head, rank=0, pid=6499)[0m Node status
2026-03-26 03:10:57,676 - INFO - [36m(head, rank=0, pid=6499)[0m ---------------------------------------------------------------
2026-03-26 03:10:57,676 - INFO - [36m(head, rank=0, pid=6499)[0m Active:
2026-03-26 03:10:57,676 - INFO - [36m(head, rank=0, pid=6499)[0m  1 node_27c79370d67c37b458ccc153443586da2b28d3c93be512e1d0591462
2026-03-26 03:10:57,676 - INFO - [36m(head, rank=0, pid=6499)[0m  1 node_f7c9e1d13258efd5b276cf91e569a6c842566f3fe202bd852de6a86d
2026-03-26 03:10:57,676 - INFO - [36m(head, rank=0, pid=6499)[0m Pending:
2026-03-26 03:10:57,676 - INFO - [36m(head, rank=0, pid=6499)[0m  (no pending nodes)
2026-03-26 03:10:57,676 - INFO - [36m(head, rank=0, pid=6499)[0m Recent failures:
2026-03-26 03:10:57,676 - INFO - [36m(head, rank=0, pid=6499)[0m  (no failures)
2026-03-26 03:10:57,676 - INFO - [36m(head, rank=0, pid=6499)[0m
2026-03-26 03:10:57,677 - INFO - [36m(head, rank=0, pid=6499)[0m Resources
2026-03-26 03:10:57,677 - INFO - [36m(head, rank=0, pid=6499)[0m ---------------------------------------------------------------
2026-03-26 03:10:57,677 - INFO - [36m(head, rank=0, pid=6499)[0m Total Usage:
2026-03-26 03:10:57,677 - INFO - [36m(head, rank=0, pid=6499)[0m  0.0/192.0 CPU
2026-03-26 03:10:57,677 - INFO - [36m(head, rank=0, pid=6499)[0m  0.0/16.0 GPU
2026-03-26 03:10:57,677 - INFO - [36m(head, rank=0, pid=6499)[0m  0B/1.75TiB memory
2026-03-26 03:10:57,677 - INFO - [36m(head, rank=0, pid=6499)[0m  0B/372.53GiB object_store_memory
2026-03-26 03:10:57,677 - INFO - [36m(head, rank=0, pid=6499)[0m
2026-03-26 03:10:57,677 - INFO - [36m(head, rank=0, pid=6499)[0m From request_resources:
2026-03-26 03:10:57,677 - INFO - [36m(head, rank=0, pid=6499)[0m  (none)
2026-03-26 03:10:57,677 - INFO - [36m(head, rank=0, pid=6499)[0m Pending Demands:
2026-03-26 03:10:57,677 - INFO - [36m(head, rank=0, pid=6499)[0m  (no resource demands)
2026-03-26 03:10:57,677 - INFO - [36m(head, rank=0, pid=6499)[0m + PYTHONHASHSEED=0
2026-03-26 03:10:58,681 - INFO - [36m(head, rank=0, pid=6499)[0m + python roofline_benchmarks/benchmark_rf-qwen3-235b-a22b-tp8pp2-A100-80gb.py
2026-03-26 03:10:58,681 - INFO - [36m(head, rank=0, pid=6499)[0m 🚀 Starting vLLM server: /home/ubuntu/sky_workdir/.venv/bin/python -m vllm.entrypoints.openai.api_server --model Qwen/Qwen3-235B-A22B --tensor-parallel-size 8 --pipeline-parallel-size 2 --max-model-len 2176 --gpu-memory-utilization 0.85 --enforce-eager --no-enable-prefix-caching --disable-log-requests --port 8000 --distributed-executor-backend ray
2026-03-26 03:33:40,950 - INFO - [36m(head, rank=0, pid=6499)[0m ⏳ Waiting for server health (timeout=1800s)...
2026-03-26 03:33:40,950 - INFO - [36m(head, rank=0, pid=6499)[0m ✅ Server healthy after 1361.0s
2026-03-26 03:33:41,956 - INFO - [36m(head, rank=0, pid=6499)[0m 📊 Parsed from server log: KV cache=1722448 tokens, num_gpu_blocks=107653, block_size=16
2026-03-26 03:33:41,956 - INFO - [36m(head, rank=0, pid=6499)[0m 📊 target_concurrency = 791 (107653 blocks × 16 / 2176)
2026-03-26 03:33:41,956 - INFO - [36m(head, rank=0, pid=6499)[0m
2026-03-26 03:33:41,956 - INFO - [36m(head, rank=0, pid=6499)[0m ======================================================================
2026-03-26 03:33:41,956 - INFO - [36m(head, rank=0, pid=6499)[0m Running: TP=8, PP=2, input=128, output=2048
2026-03-26 03:33:41,956 - INFO - [36m(head, rank=0, pid=6499)[0m Target concurrency: 791
2026-03-26 03:33:41,956 - INFO - [36m(head, rank=0, pid=6499)[0m ======================================================================
2026-03-26 03:33:41,956 - INFO - [36m(head, rank=0, pid=6499)[0m 2026-03-25 22:03:41,505	INFO worker.py:1810 -- Connecting to existing Ray cluster at address: 172.31.38.238:6379...
2026-03-26 03:33:46,071 - INFO - [36m(head, rank=0, pid=6499)[0m 2026-03-25 22:03:41,593	INFO worker.py:2004 -- Connected to Ray cluster. View the dashboard at [1m[32mhttp://172.31.38.238:8265 [39m[22m
2026-03-26 03:33:46,071 - INFO - [36m(head, rank=0, pid=6499)[0m 📡 Using distributed GPU monitoring (2 nodes)
2026-03-26 03:33:46,071 - INFO - [36m(head, rank=0, pid=6499)[0m 🔥 Running warmup (5 requests)...
2026-03-26 03:33:46,071 - INFO - [36m(head, rank=0, pid=6499)[0m Loading tokenizer for Qwen/Qwen3-235B-A22B...
2026-03-26 03:33:46,978 - INFO - [36m(head, rank=0, pid=6499)[0m Loading dataset emozilla/pg19-test...
2026-03-26 03:33:48,388 - INFO - [36m(head, rank=0, pid=6499)[0m `trust_remote_code` is not supported anymore.
2026-03-26 03:33:48,388 - INFO - [36m(head, rank=0, pid=6499)[0m Please check that the Hugging Face dataset 'emozilla/pg19-test' isn't based on a loading script and remove `trust_remote_code`.
2026-03-26 03:33:48,388 - INFO - [36m(head, rank=0, pid=6499)[0m If the dataset is based on a loading script, please ask the dataset author to remove it and convert it to a standard format like Parquet.
2026-03-26 03:33:48,992 - INFO - [36m(head, rank=0, pid=6499)[0m
2026-03-26 03:33:49,798 - INFO - [36m(head, rank=0, pid=6499)[0m Generating test split:   0%|          | 0/100 [00:00<?, ? examples/s]
2026-03-26 03:33:49,798 - INFO - Generating test split: 100%|██████████| 100/100 [00:00<00:00, 405.88 examples/s]
2026-03-26 03:33:49,798 - INFO - Generating test split: 100%|██████████| 100/100 [00:00<00:00, 401.36 examples/s]
2026-03-26 03:33:49,798 - INFO - [36m(head, rank=0, pid=6499)[0m Running 5 benchmark requests (concurrency=2)...
2026-03-26 03:38:19,688 - INFO - [36m(head, rank=0, pid=6499)[0m   Progress: 1/5 (270s elapsed)
2026-03-26 03:42:32,735 - INFO - [36m(head, rank=0, pid=6499)[0m   Progress: 2/5 (270s elapsed)
2026-03-26 03:42:32,736 - INFO - [36m(head, rank=0, pid=6499)[0m   Progress: 3/5 (523s elapsed)
2026-03-26 03:42:33,440 - INFO - [36m(head, rank=0, pid=6499)[0m   Progress: 4/5 (523s elapsed)
2026-03-26 03:46:25,228 - INFO - [36m(head, rank=0, pid=6499)[0m   Progress: 5/5 (756s elapsed)
2026-03-26 03:46:26,036 - INFO - [36m(head, rank=0, pid=6499)[0m
2026-03-26 03:46:26,036 - INFO - [36m(head, rank=0, pid=6499)[0m ============================================================
2026-03-26 03:46:26,036 - INFO - [36m(head, rank=0, pid=6499)[0m Benchmark complete: 5/5 successful
2026-03-26 03:46:26,036 - INFO - [36m(head, rank=0, pid=6499)[0m Wall clock: 755.9s
2026-03-26 03:46:26,036 - INFO - [36m(head, rank=0, pid=6499)[0m Results saved to: /tmp/warmup_results.json
2026-03-26 03:46:26,036 - INFO - [36m(head, rank=0, pid=6499)[0m TTFT p50/p95/p99: 2363.5 / 5923.5 / 5933.3 ms
2026-03-26 03:46:26,036 - INFO - [36m(head, rank=0, pid=6499)[0m E2E  p50/p95/p99: 253086.3 / 270343.3 / 270352.9 ms
2026-03-26 03:46:26,036 - INFO - [36m(head, rank=0, pid=6499)[0m ✅ Warmup complete
2026-03-26 03:46:28,049 - INFO - [36m(head, rank=0, pid=6499)[0m 📡 Found 2 Ray nodes for GPU monitoring
2026-03-26 03:46:28,752 - INFO - [36m(head, rank=0, pid=6499)[0m    Created placement group with 2 bundles
2026-03-26 03:46:29,355 - INFO - [36m(head, rank=0, pid=6499)[0m   ✓ Deployed monitor on node0 (172.31.36.213) using placement group
2026-03-26 03:46:29,355 - INFO - [36m(head, rank=0, pid=6499)[0m   ✓ Deployed monitor on node1 (172.31.38.238) using placement group
2026-03-26 03:46:29,355 - INFO - [36m(head, rank=0, pid=6499)[0m    Starting monitoring on 2 nodes...
2026-03-26 03:46:29,355 - INFO - [36m(head, rank=0, pid=6499)[0m    Starting monitor on node0...
2026-03-26 03:46:29,355 - INFO - [36m(head, rank=0, pid=6499)[0m    ✓ Started monitor on node0
2026-03-26 03:46:32,674 - INFO - [36m(head, rank=0, pid=6499)[0m    Starting monitor on node1...
2026-03-26 03:46:32,675 - INFO - [36m(head, rank=0, pid=6499)[0m    ✓ Started monitor on node1
2026-03-26 03:46:32,675 - INFO - [36m(head, rank=0, pid=6499)[0m 📊 GPU monitoring started on 2/2 nodes
2026-03-26 03:46:32,675 - INFO - [36m(head, rank=0, pid=6499)[0m 📊 Running benchmark: 3164 requests, concurrency=791
2026-03-26 03:46:32,675 - INFO - [36m(head, rank=0, pid=6499)[0m Loading tokenizer for Qwen/Qwen3-235B-A22B...
2026-03-26 03:46:33,277 - INFO - [36m(head, rank=0, pid=6499)[0m Loading dataset emozilla/pg19-test...
2026-03-26 03:46:37,294 - INFO - [36m(head, rank=0, pid=6499)[0m `trust_remote_code` is not supported anymore.
2026-03-26 03:46:37,294 - INFO - [36m(head, rank=0, pid=6499)[0m Please check that the Hugging Face dataset 'emozilla/pg19-test' isn't based on a loading script and remove `trust_remote_code`.
2026-03-26 03:46:37,294 - INFO - [36m(head, rank=0, pid=6499)[0m If the dataset is based on a loading script, please ask the dataset author to remove it and convert it to a standard format like Parquet.
2026-03-26 03:46:37,294 - INFO - [36m(head, rank=0, pid=6499)[0m Token indices sequence length is longer than the specified maximum sequence length for this model (136936 > 131072). Running this sequence through the model will result in indexing errors
2026-03-26 03:47:04,131 - INFO - [36m(head, rank=0, pid=6499)[0m ⚠️  Only found 100 prompts with >= 128 tokens, recycling to reach 3164
2026-03-26 03:57:05,017 - INFO - [36m(head, rank=0, pid=6499)[0m Running 3164 benchmark requests (concurrency=791)...
2026-03-26 03:57:05,017 - INFO - [36m(head, rank=0, pid=6499)[0m   Progress: 316/3164 (601s elapsed)
2026-03-26 04:02:51,950 - INFO - [36m(head, rank=0, pid=6499)[0m   Progress: 632/3164 (601s elapsed)
2026-03-26 04:02:51,950 - INFO - [36m(head, rank=0, pid=6499)[0m   Progress: 948/3164 (948s elapsed)
2026-03-26 04:07:06,096 - INFO - [36m(head, rank=0, pid=6499)[0m   Progress: 1264/3164 (1202s elapsed)
2026-03-26 04:17:07,099 - INFO - [36m(head, rank=0, pid=6499)[0m   Progress: 1580/3164 (1202s elapsed)
2026-03-26 04:17:07,099 - INFO - [36m(head, rank=0, pid=6499)[0m   Progress: 1896/3164 (1803s elapsed)
2026-03-26 04:22:54,001 - INFO - [36m(head, rank=0, pid=6499)[0m   Progress: 2212/3164 (1803s elapsed)
2026-03-26 04:22:54,001 - INFO - [36m(head, rank=0, pid=6499)[0m   Progress: 2528/3164 (2150s elapsed)
2026-03-26 04:27:08,155 - INFO - [36m(head, rank=0, pid=6499)[0m   Progress: 2844/3164 (2404s elapsed)
2026-03-26 04:27:09,161 - INFO - [36m(head, rank=0, pid=6499)[0m   Progress: 3160/3164 (2404s elapsed)
2026-03-26 04:27:09,161 - INFO - [36m(head, rank=0, pid=6499)[0m   Progress: 3164/3164 (2404s elapsed)
2026-03-26 04:27:09,161 - INFO - [36m(head, rank=0, pid=6499)[0m
2026-03-26 04:27:09,161 - INFO - [36m(head, rank=0, pid=6499)[0m ============================================================
2026-03-26 04:27:09,161 - INFO - [36m(head, rank=0, pid=6499)[0m Benchmark complete: 256/3164 successful
2026-03-26 04:27:09,161 - INFO - [36m(head, rank=0, pid=6499)[0m Wall clock: 2403.9s
2026-03-26 04:27:09,161 - INFO - [36m(head, rank=0, pid=6499)[0m Results saved to: /tmp/client_results_tp8_pp2_in128_out2048.json
2026-03-26 04:27:09,161 - INFO - [36m(head, rank=0, pid=6499)[0m TTFT p50/p95/p99: 1871.3 / 2684.1 / 4471.2 ms
2026-03-26 04:27:09,161 - INFO - [36m(head, rank=0, pid=6499)[0m E2E  p50/p95/p99: 346783.7 / 347709.9 / 347828.1 ms
2026-03-26 04:27:09,162 - INFO - [36m(head, rank=0, pid=6499)[0m 📊 GPU monitoring: 2 nodes monitored
2026-03-26 04:27:09,765 - INFO - [36m(head, rank=0, pid=6499)[0m 📈 Time-series saved to /tmp/timeseries_tp8_pp2_in128_out2048.json
2026-03-26 04:27:10,470 - INFO - [36m(head, rank=0, pid=6499)[0m Result: success
2026-03-26 04:27:13,182 - INFO - [36m(head, rank=0, pid=6499)[0m
2026-03-26 04:27:13,182 - INFO - [36m(head, rank=0, pid=6499)[0m ✅ All done! Results in /tmp/benchmark_results.json
2026-03-26 04:27:13,182 - INFO - [36m(head, rank=0, pid=6499)[0m 🛑 Stopping vLLM server...
2026-03-26 04:27:13,182 - INFO - [36m(head, rank=0, pid=6499)[0m ✅ Server stopped
2026-03-26 04:27:15,395 - INFO - [36m(head, rank=0, pid=6499)[0m + echo 'Cluster ready for benchmarking'
2026-03-26 04:27:17,612 - INFO - [36m(head, rank=0, pid=6499)[0m Cluster ready for benchmarking
2026-03-26 04:27:17,612 - INFO - [36m(head, rank=0, pid=6499)[0m ++ findmnt -t fuse.rclone --noheading
2026-03-26 04:27:17,612 - INFO - [36m(head, rank=0, pid=6499)[0m ++ wc -l
2026-03-26 04:27:17,612 - INFO - [36m(head, rank=0, pid=6499)[0m + '[' 0 -gt 0 ']'
2026-03-26 04:27:17,612 - INFO - [0m[32m✓ Job finished (status: SUCCEEDED).[0m[0m
2026-03-26 04:27:17,612 - INFO - 
2026-03-26 04:27:18,444 - INFO - 📋 Useful Commands
2026-03-26 04:27:18,444 - INFO - Job ID: 1
2026-03-26 04:27:18,444 - INFO - ├── To cancel the job:		sky cancel rf-qwen3-235b-a22b-tp8pp2-A100-80gb 1
2026-03-26 04:27:18,444 - INFO - ├── To stream job logs:		sky logs rf-qwen3-235b-a22b-tp8pp2-A100-80gb 1
2026-03-26 04:27:18,444 - INFO - └── To view job queue:		sky queue rf-qwen3-235b-a22b-tp8pp2-A100-80gb
2026-03-26 04:27:18,444 - INFO - Cluster name: rf-qwen3-235b-a22b-tp8pp2-A100-80gb
2026-03-26 04:27:18,444 - INFO - ├── To log into the head VM:	ssh rf-qwen3-235b-a22b-tp8pp2-A100-80gb
2026-03-26 04:27:18,444 - INFO - ├── To submit a job:		sky exec rf-qwen3-235b-a22b-tp8pp2-A100-80gb yaml_file
2026-03-26 04:27:18,444 - INFO - ├── To stop the cluster:	sky stop rf-qwen3-235b-a22b-tp8pp2-A100-80gb
2026-03-26 04:27:18,444 - INFO - └── To teardown the cluster:	sky down rf-qwen3-235b-a22b-tp8pp2-A100-80gb
2026-03-26 04:27:18,444 - INFO - 📥 Fetching results...
2026-03-26 04:27:23,299 - INFO - 📈 Fetching timeseries data...
2026-03-26 04:27:32,062 - INFO - 📁 Renaming directory: tp8-pp2-2x_p4de_24xlarge-20260326_025044 -> tp8-pp2-2x_p4de_24xlarge-20260326_025044-success
2026-03-26 04:27:32,063 - INFO - 📈 Plotting timeseries for 1 successful experiment(s)...
2026-03-26 04:27:32,083 - INFO - ✅ Results saved to results/aws_p4de_A100_80gb/tp8-pp2-2x_p4de_24xlarge-20260326_025044-success/
2026-03-26 04:27:32,555 - INFO - 🗑️  Tearing down rf-qwen3-235b-a22b-tp8pp2-A100-80gb...
